muni_code;muni_name;uf_code;uf_acr;tipo_regiao;bioma;altitude;koppen;pop22;prop_esgot;prop_abast;prop_residuo
1100015;Alta Floresta D'oeste;11;RO;n„o metropolitana;amazonia;246,08;Am;21558;2,24;93,68;56,86
1100023;Ariquemes;11;RO;n„o metropolitana;amazonia;165,9;Am;100896;8,91;98,57;85,14
1100031;Cabixi;11;RO;n„o metropolitana;amazonia;224,18;Am;5107;21,01;95,49;49,77
1100049;Cacoal;11;RO;metropolitana;amazonia;229,95;Am;92202;54,03;98,16;78,94
1100056;Cerejeiras;11;RO;n„o metropolitana;amazonia;192,22;Am;15237;16,73;98,62;78,35
1100064;Colorado Do Oeste;11;RO;n„o metropolitana;amazonia;359,62;Am;15747;5,17;95,54;69,11
1100072;Corumbiara;11;RO;n„o metropolitana;amazonia;266,89;Am;7503;11,55;93,4;37,83
1100080;Costa Marques;11;RO;n„o metropolitana;amazonia;190,01;Am;12633;7,91;96,38;55,74
1100098;Espig√£o D'oeste;11;RO;n„o metropolitana;amazonia;296,94;Am;29722;13,77;94,23;66,43
1100106;Guajar√°-Mirim;11;RO;n„o metropolitana;amazonia;197,96;Am;39396;22,19;93,34;79,55
1100114;Jaru;11;RO;n„o metropolitana;amazonia;209,76;Am;52090;3,36;97,09;71,63
1100122;Ji-Paran√°;11;RO;metropolitana;amazonia;193,68;Am;136825;20,43;97,82;86,94
1100130;Machadinho D'oeste;11;RO;n„o metropolitana;amazonia;136,83;Am;30626;2,12;94,67;50,74
1100148;Nova Brasil√¢ndia D'oeste;11;RO;n„o metropolitana;amazonia;249,3;Am;17355;3,84;94,07;42,43
1100155;Ouro Preto Do Oeste;11;RO;n„o metropolitana;amazonia;220,01;Am;36753;10,17;97,8;75,12
1100189;Pimenta Bueno;11;RO;n„o metropolitana;amazonia;286,28;Am;37464;38,34;97,21;85,35
1100205;Porto Velho;11;RO;metropolitana;amazonia;120,26;Am;461748;43,41;92,92;89,54
1100254;Presidente M√©dici;11;RO;n„o metropolitana;amazonia;210,79;Am;19316;1,64;94,6;56,8
1100262;Rio Crespo;11;RO;n„o metropolitana;amazonia;153,27;Am;3476;22,57;97,99;34,3
1100288;Rolim De Moura;11;RO;n„o metropolitana;amazonia;242,23;Am;57180;14,98;97,4;82,94
1100296;Santa Luzia D'oeste;11;RO;n„o metropolitana;amazonia;341,63;Am;7394;1,97;93,08;41,8
1100304;Vilhena;11;RO;n„o metropolitana;amazonia;409,37;Am;95599;13,51;98,15;93,6
1100320;S√£o Miguel Do Guapor√©;11;RO;n„o metropolitana;amazonia;236,82;Am;21612;9,98;97,43;45,48
1100338;Nova Mamor√©;11;RO;n„o metropolitana;amazonia;205,24;Am;25452;7,88;94,91;47,01
1100346;Alvorada D'oeste;11;RO;n„o metropolitana;amazonia;248,65;Am;13092;35,84;94,67;51,11
1100379;Alto Alegre Dos Parecis;11;RO;n„o metropolitana;amazonia;255,49;Am;13023;0,54;93,58;37,36
1100403;Alto Para√≠so;11;RO;n„o metropolitana;amazonia;134,69;Am;17140;10,83;95,28;42,52
1100452;Buritis;11;RO;n„o metropolitana;amazonia;170,1;Am;28178;1,82;90,12;64,54
1100502;Novo Horizonte Do Oeste;11;RO;n„o metropolitana;amazonia;252,89;Am;7653;9,45;92,65;33,79
1100601;Cacaul√¢ndia;11;RO;n„o metropolitana;amazonia;191,55;Am;4157;21,81;93,68;35,7
1100700;Campo Novo De Rond√¥nia;11;RO;n„o metropolitana;amazonia;248,65;Am;8840;19,87;91,75;27,08
1100809;Candeias Do Jamari;11;RO;n„o metropolitana;amazonia;103,22;Am;22564;9,02;95,9;55,51
1100908;Castanheiras;11;RO;n„o metropolitana;amazonia;201,43;Am;3269;1,44;95,21;25,63
1100924;Chupinguaia;11;RO;n„o metropolitana;amazonia;329,97;Am;9351;2,69;85,16;58,97
1100940;Cujubim;11;RO;n„o metropolitana;amazonia;128,98;Am;14338;7,37;94,27;60,25
1101005;Governador Jorge Teixeira;11;RO;n„o metropolitana;amazonia;279,41;Am;8012;30,96;95,18;27,44
1101104;Itapu√£ Do Oeste;11;RO;n„o metropolitana;amazonia;115,7;Am;9465;3,2;94,44;56,18
1101203;Ministro Andreazza;11;RO;n„o metropolitana;amazonia;304,56;Am;6440;4,55;92,13;38,29
1101302;Mirante Da Serra;11;RO;n„o metropolitana;amazonia;271,69;Am;9200;1,34;96,64;48,62
1101401;Monte Negro;11;RO;n„o metropolitana;amazonia;201,29;Am;11966;1,3;98,33;46,67
1101435;Nova Uni√£o;11;RO;n„o metropolitana;amazonia;276,91;Am;6194;1,1;90,86;23,38
1101450;Parecis;11;RO;n„o metropolitana;amazonia;329,49;Am;3953;0,65;87,25;38,44
1101468;Pimenteiras Do Oeste;11;RO;n„o metropolitana;amazonia;186,31;Am;2180;18,71;97,57;50,43
1101476;Primavera De Rond√¥nia;11;RO;n„o metropolitana;amazonia;233,73;Am;3071;1,94;96,29;44,11
1101484;S√£o Felipe D'oeste;11;RO;n„o metropolitana;amazonia;251,28;Am;5259;16,02;92,1;33,15
1101492;S√£o Francisco Do Guapor√©;11;RO;n„o metropolitana;amazonia;173,21;Am;16302;3,85;96,28;47,04
1101500;Seringueiras;11;RO;n„o metropolitana;amazonia;211,42;Am;11183;19,63;97,53;39,47
1101559;Teixeir√≥polis;11;RO;n„o metropolitana;amazonia;219,42;Am;4284;2,04;95,05;34,51
1101609;Theobroma;11;RO;n„o metropolitana;amazonia;178,32;Am;9253;11,02;96,15;24,29
1101708;Urup√°;11;RO;n„o metropolitana;amazonia;223,46;Am;10828;11,53;93,24;39,05
1101757;Vale Do Anari;11;RO;n„o metropolitana;amazonia;159,34;Am;7806;0,68;94,15;33,64
1101807;Vale Do Para√≠so;11;RO;n„o metropolitana;amazonia;182,73;Am;6487;0,29;96,71;33,59
1200013;Acrel√¢ndia;12;AC;n„o metropolitana;amazonia;165,47;Am;12707;11,7;93,87;48,83
1200054;Assis Brasil;12;AC;n„o metropolitana;amazonia;305,21;Af;8157;24,82;81,68;61,4
1200104;Brasil√©ia;12;AC;n„o metropolitana;amazonia;273,61;Af;25786;29,63;91,66;67,91
1200138;Bujari;12;AC;n„o metropolitana;amazonia;189,97;Am;11962;19,35;81,89;47
1200179;Capixaba;12;AC;n„o metropolitana;amazonia;197,4;Am;9737;34;86,57;44,24
1200203;Cruzeiro Do Sul;12;AC;n„o metropolitana;amazonia;226,06;Af;94345;13,9;79,14;68,32
1200252;Epitaciol√¢ndia;12;AC;n„o metropolitana;amazonia;243,8;Am;18697;21,2;89,66;68,59
1200302;Feij√≥;12;AC;n„o metropolitana;amazonia;251,14;Af;35035;10,3;69,53;51,27
1200328;Jord√£o;12;AC;n„o metropolitana;amazonia;330,41;Af;11105;5,29;46,28;38,3
1200336;M√¢ncio Lima;12;AC;n„o metropolitana;amazonia;257,6;Af;19172;6,75;80,26;50,9
1200344;Manoel Urbano;12;AC;n„o metropolitana;amazonia;233,58;Af;12246;12,92;80,41;52,96
1200351;Marechal Thaumaturgo;12;AC;n„o metropolitana;amazonia;282,43;Af;16825;8,36;50,77;32,58
1200385;Pl√°cido De Castro;12;AC;n„o metropolitana;amazonia;179,76;Am;16313;14,63;91,46;55,38
1200393;Porto Walter;12;AC;n„o metropolitana;amazonia;244,35;Af;10706;0,71;44,36;20,57
1200401;Rio Branco;12;AC;metropolitana;amazonia;209,03;Am;364368;57,97;94,1;92,98
1200427;Rodrigues Alves;12;AC;n„o metropolitana;amazonia;250,56;Af;16072;9,23;71,48;38,52
1200435;Santa Rosa Do Purus;12;AC;n„o metropolitana;amazonia;251,66;Af;7672;4,78;66,29;47,19
1200450;Senador Guiomard;12;AC;n„o metropolitana;amazonia;177,03;Am;21658;24,13;92,4;64,22
1200500;Sena Madureira;12;AC;n„o metropolitana;amazonia;231,54;Am;39746;13,29;82,57;63,33
1200609;Tarauac√°;12;AC;n„o metropolitana;amazonia;252,67;Af;43072;10,93;60,4;49,22
1200708;Xapuri;12;AC;n„o metropolitana;amazonia;227,59;Am;18181;29,33;86,75;64,17
1200807;Porto Acre;12;AC;n„o metropolitana;amazonia;172,78;Am;16218;11,96;84,46;51,12
1300029;Alvar√£es;13;AM;n„o metropolitana;amazonia;78,54;Af;15916;31,36;48,93;49,29
1300060;Amatur√°;13;AM;n„o metropolitana;amazonia;83,74;Af;10814;7,69;66,64;42,25
1300086;Anam√£;13;AM;n„o metropolitana;amazonia;40,78;Af;9927;4,62;58,47;41,91
1300102;Anori;13;AM;n„o metropolitana;amazonia;35,18;Af;17052;2,16;66,86;51,63
1300144;Apu√≠;13;AM;n„o metropolitana;amazonia;154,7;Am;21403;9,53;86,82;53,56
1300201;Atalaia Do Norte;13;AM;n„o metropolitana;amazonia;157,3;Af;15440;0,97;36,29;26,65
1300300;Autazes;13;AM;metropolitana;amazonia;30,93;Af;41672;20,38;57,01;46,8
1300409;Barcelos;13;AM;n„o metropolitana;amazonia;91,99;Af;18399;15,48;50,28;50,22
1300508;Barreirinha;13;AM;n„o metropolitana;amazonia;35,36;Af;30990;4,15;55,14;30,08
1300607;Benjamin Constant;13;AM;n„o metropolitana;amazonia;139,73;Af;37436;14,6;53,48;53,4
1300631;Beruri;13;AM;n„o metropolitana;amazonia;47,19;Af;20807;27,69;54,61;39,61
1300680;Boa Vista Do Ramos;13;AM;n„o metropolitana;amazonia;27,15;Af;24018;31,99;58,8;46,23
1300706;Boca Do Acre;13;AM;n„o metropolitana;amazonia;170,74;Am;35964;6,33;69,39;49,61
1300805;Borba;13;AM;n„o metropolitana;amazonia;60,79;Af;33209;8,62;54,66;50,28
1300839;Caapiranga;13;AM;n„o metropolitana;amazonia;47,75;Af;13851;33,01;29,69;41,7
1300904;Canutama;13;AM;n„o metropolitana;amazonia;83,37;Am;17362;10,42;73,78;35,23
1301001;Carauari;13;AM;n„o metropolitana;amazonia;108,75;Af;29176;25,71;64,62;72,31
1301100;Careiro;13;AM;metropolitana;amazonia;34,96;Af;30819;15,04;57,11;38,9
1301159;Careiro Da V√°rzea;13;AM;metropolitana;amazonia;22,84;Af;19615;5,62;14,95;12,49
1301209;Coari;13;AM;n„o metropolitana;amazonia;67,58;Af;71130;41,08;32,3;60,33
1301308;Codaj√°s;13;AM;n„o metropolitana;amazonia;48,4;Af;24071;26,09;63,71;61,24
1301407;Eirunep√©;13;AM;n„o metropolitana;amazonia;176,14;Af;33173;13,27;52,28;33,47
1301506;Envira;13;AM;n„o metropolitana;amazonia;183,76;Af;17034;7,65;44,82;62,83
1301605;Fonte Boa;13;AM;n„o metropolitana;amazonia;60,73;Af;27692;2,25;67,65;49,85
1301654;Guajar√°;13;AM;n„o metropolitana;amazonia;211,38;Af;13809;8,22;62,11;44,79
1301704;Humait√°;13;AM;n„o metropolitana;amazonia;71,92;Am;59504;16,26;78,16;67,84
1301803;Ipixuna;13;AM;n„o metropolitana;amazonia;191,5;Af;24387;1,51;41,52;34,27
1301852;Iranduba;13;AM;metropolitana;amazonia;45,99;Af;59767;14,38;70,95;78,41
1301902;Itacoatiara;13;AM;metropolitana;amazonia;35,97;Af;103826;20,77;78,88;72,49
1301951;Itamarati;13;AM;n„o metropolitana;amazonia;138,89;Af;10783;5,8;52,1;34,65
1302009;Itapiranga;13;AM;metropolitana;amazonia;80,5;Af;10183;6,63;82,83;69,3
1302108;Japur√°;13;AM;n„o metropolitana;amazonia;107,63;Af;9281;16,6;48,07;30,43
1302207;Juru√°;13;AM;n„o metropolitana;amazonia;78,1;Af;10501;14,1;47,97;41,61
1302306;Juta√≠;13;AM;n„o metropolitana;amazonia;123,74;Af;25048;0,98;63,73;11,98
1302405;L√°brea;13;AM;n„o metropolitana;amazonia;122,89;Am;47003;19,96;48,21;53
1302504;Manacapuru;13;AM;metropolitana;amazonia;33,69;Af;102736;24,62;70,32;70,56
1302553;Manaquiri;13;AM;metropolitana;amazonia;35,23;Af;17333;7,92;41,08;30,57
1302603;Manaus;13;AM;metropolitana;amazonia;66,97;Af;2054731;63,33;89,78;98
1302702;Manicor√©;13;AM;n„o metropolitana;amazonia;71,65;Am;59225;8,34;61,75;46,26
1302801;Mara√£;13;AM;n„o metropolitana;amazonia;51,36;Af;15706;22,6;49,73;42,39
1302900;Mau√©s;13;AM;n„o metropolitana;amazonia;101,45;Af;61167;29,19;53,86;49,57
1303007;Nhamund√°;13;AM;n„o metropolitana;amazonia;104,95;Af;20249;17,6;47,52;34,25
1303106;Nova Olinda Do Norte;13;AM;n„o metropolitana;amazonia;37,73;Af;27088;15,05;55,94;49,1
1303205;Novo Air√£o;13;AM;metropolitana;amazonia;57,76;Af;15819;16,43;65,45;65,35
1303304;Novo Aripuan√£;13;AM;n„o metropolitana;amazonia;87,97;Am;24251;14,95;62,63;26,68
1303403;Parintins;13;AM;n„o metropolitana;amazonia;25,22;Af;96251;20,52;73,24;62,59
1303502;Pauini;13;AM;n„o metropolitana;amazonia;161,94;Af;20351;26,47;49,56;28,96
1303536;Presidente Figueiredo;13;AM;metropolitana;amazonia;98,07;Af;30762;37,54;83,42;66,99
1303569;Rio Preto Da Eva;13;AM;metropolitana;amazonia;92,65;Af;24807;10,01;79,17;46,47
1303601;Santa Isabel Do Rio Negro;13;AM;n„o metropolitana;amazonia;124,36;Af;14305;8,25;45,24;44,01
1303700;Santo Ant√¥nio Do I√ß√°;13;AM;n„o metropolitana;amazonia;94,86;Af;28233;3,83;50,65;38,3
1303809;S√£o Gabriel Da Cachoeira;13;AM;n„o metropolitana;amazonia;116,7;Af;51921;13,11;43,43;51,38
1303908;S√£o Paulo De Oliven√ßa;13;AM;n„o metropolitana;amazonia;126,81;Af;32727;5,05;38,51;0,15
1303957;S√£o Sebasti√£o Do Uatum√£;13;AM;n„o metropolitana;amazonia;94,09;Af;11697;1,8;68,33;57,99
1304005;Silves;13;AM;metropolitana;amazonia;60,65;Af;11572;4,95;54,15;50,23
1304062;Tabatinga;13;AM;n„o metropolitana;amazonia;97,02;Af;66837;25,75;73,55;70,74
1304104;Tapau√°;13;AM;n„o metropolitana;amazonia;85,84;Af;21914;18,74;47,22;50,33
1304203;Tef√©;13;AM;n„o metropolitana;amazonia;86,29;Af;74142;32,65;79,14;68,47
1304237;Tonantins;13;AM;n„o metropolitana;amazonia;88,05;Af;20180;9,34;32,38;29,51
1304260;Uarini;13;AM;n„o metropolitana;amazonia;70,76;Af;14597;12,96;60,95;46,03
1304302;Urucar√°;13;AM;n„o metropolitana;amazonia;131,71;Af;18582;10,59;80,65;64,11
1304401;Urucurituba;13;AM;n„o metropolitana;amazonia;13;Af;24017;22,7;64,7;52,29
1400027;Amajari;14;RR;n„o metropolitana;amazonia;396,94;Am;16994;10,72;55,89;22,96
1400050;Alto Alegre;14;RR;metropolitana;amazonia;445,62;Am;23582;18,7;65,25;36,24
1400100;Boa Vista;14;RR;metropolitana;amazonia;87,63;Am;408157;55,38;99,16;96,36
1400159;Bonfim;14;RR;metropolitana;amazonia;125,7;Am;16169;39,93;91,78;34,74
1400175;Cant√°;14;RR;metropolitana;amazonia;146,81;Am;18030;11,26;93,4;23,86
1400209;Caracara√≠;14;RR;n„o metropolitana;amazonia;107,84;Af;20780;58,03;88,53;61,18
1400233;Caroebe;14;RR;n„o metropolitana;amazonia;219,43;Af;10555;15,59;94,48;44,68
1400282;Iracema;14;RR;n„o metropolitana;amazonia;313,08;Am;11000;51,16;80,99;45,7
1400308;Mucaja√≠;14;RR;metropolitana;amazonia;217,67;Am;17058;3,95;94,38;56,09
1400407;Normandia;14;RR;n„o metropolitana;amazonia;179,46;Am;15264;16,46;65,16;22,44
1400456;Pacaraima;14;RR;n„o metropolitana;amazonia;349,74;Am;19317;25,99;79,57;54,07
1400472;Rorain√≥polis;14;RR;n„o metropolitana;amazonia;64,26;Af;29932;11,66;87,92;56,06
1400506;S√£o Jo√£o Da Baliza;14;RR;n„o metropolitana;amazonia;147,2;Af;8011;25,84;95,45;65,4
1400605;S√£o Luiz;14;RR;n„o metropolitana;amazonia;121,64;Af;6192;44,23;94,86;65,86
1400704;Uiramut√£;14;RR;n„o metropolitana;amazonia;759,87;Am;13764;5,61;47,3;11,01
1500107;Abaetetuba;15;PA;n„o metropolitana;amazonia;13,29;Af;158042;17,63;68,85;63,13
1500131;Abel Figueiredo;15;PA;n„o metropolitana;amazonia;212,29;Aw;6119;9,79;91,75;81,63
1500206;Acar√°;15;PA;n„o metropolitana;amazonia;34,87;Af;63268;6,4;64,02;25,89
1500305;Afu√°;15;PA;n„o metropolitana;amazonia;11,92;Am;38020;3,61;26,56;29,64
1500347;√Ågua Azul Do Norte;15;PA;n„o metropolitana;amazonia;313,6;Am;16672;20,37;94,37;31,57
1500404;Alenquer;15;PA;n„o metropolitana;amazonia;316,49;Am;86096;20,31;79,14;45,45
1500503;Almeirim;15;PA;n„o metropolitana;amazonia;271,02;Am;38843;34,88;78,53;64,8
1500602;Altamira;15;PA;n„o metropolitana;amazonia;266,33;Am;135067;18,75;86,98;79,6
1500701;Anaj√°s;15;PA;n„o metropolitana;amazonia;19,92;Am;34065;9,37;21,06;35,89
1500800;Ananindeua;15;PA;metropolitana;amazonia;15,77;Af;515745;55,45;92,1;97,75
1500859;Anapu;15;PA;n„o metropolitana;amazonia;144,96;Am;33566;1,75;85,26;41,42
1500909;Augusto Corr√™a;15;PA;n„o metropolitana;amazonia;26,43;Am;43691;26,8;82,76;28,12
1500958;Aurora Do Par√°;15;PA;n„o metropolitana;amazonia;47,52;Am;32772;18,41;83,67;30,18
1501006;Aveiro;15;PA;n„o metropolitana;amazonia;97,51;Af;18343;8,55;67,11;19
1501105;Bagre;15;PA;n„o metropolitana;amazonia;30,93;Af;35265;2,96;43,17;37,99
1501204;Bai√£o;15;PA;n„o metropolitana;amazonia;40,53;Am;51844;24,24;80,15;34,88
1501253;Bannach;15;PA;n„o metropolitana;amazonia;420,97;Am;3730;1,83;87,7;34,65
1501303;Barcarena;15;PA;n„o metropolitana;amazonia;13,55;Af;126733;29,4;82;82,96
1501402;Bel√©m;15;PA;metropolitana;amazonia;8,21;Am;1367336;68,41;96,09;96,72
1501451;Belterra;15;PA;n„o metropolitana;amazonia;129,83;Am;18060;21,24;68,7;39,76
1501501;Benevides;15;PA;metropolitana;amazonia;24,53;Af;56152;17,4;94,01;85,42
1501576;Bom Jesus Do Tocantins;15;PA;n„o metropolitana;amazonia;155,19;Aw;14511;13,23;88,43;54,85
1501600;Bonito;15;PA;n„o metropolitana;amazonia;53,59;Am;12892;13,94;88,71;33,57
1501709;Bragan√ßa;15;PA;n„o metropolitana;amazonia;39,13;Am;121793;14,75;73,89;61,48
1501725;Brasil Novo;15;PA;n„o metropolitana;amazonia;161,73;Am;30214;2,52;81,02;45,85
1501758;Brejo Grande Do Araguaia;15;PA;n„o metropolitana;amazonia;170,68;Aw;6791;7,63;93,52;43,75
1501782;Breu Branco;15;PA;n„o metropolitana;amazonia;80,19;Am;40157;5,48;88,19;64,26
1501808;Breves;15;PA;n„o metropolitana;amazonia;18,54;Af;114628;7,6;45,63;53,87
1501907;Bujaru;15;PA;n„o metropolitana;amazonia;30,73;Af;27049;10,62;73,37;31,05
1501956;Cachoeira Do Piri√°;15;PA;n„o metropolitana;amazonia;53,36;Am;26510;2,94;71,33;18,85
1502004;Cachoeira Do Arari;15;PA;n„o metropolitana;amazonia;5,62;Am;22950;39,01;76,66;32,6
1502103;Camet√°;15;PA;n„o metropolitana;amazonia;14,32;Af;134734;11,43;62,33;44,61
1502152;Cana√£ Dos Caraj√°s;15;PA;n„o metropolitana;amazonia;356,43;Am;75433;36,85;94,89;84,2
1502202;Capanema;15;PA;n„o metropolitana;amazonia;33,62;Am;70321;65,76;90,45;82,88
1502301;Capit√£o Po√ßo;15;PA;n„o metropolitana;amazonia;74,23;Am;56331;3,31;86,79;49,22
1502400;Castanhal;15;PA;metropolitana;amazonia;38,74;Am;200003;36,39;92,91;90,27
1502509;Chaves;15;PA;n„o metropolitana;amazonia;7,81;Am;20630;2;27,88;13,65
1502608;Colares;15;PA;n„o metropolitana;amazonia;7,28;Am;11923;2,01;88,59;32,04
1502707;Concei√ß√£o Do Araguaia;15;PA;n„o metropolitana;amazonia;200,42;Aw;44765;4,77;93,66;66,66
1502756;Conc√≥rdia Do Par√°;15;PA;n„o metropolitana;amazonia;41,38;Af;26869;6,81;82,49;56,71
1502764;Cumaru Do Norte;15;PA;n„o metropolitana;amazonia;356,77;Am;12397;1,66;80,99;26,67
1502772;Curion√≥polis;15;PA;n„o metropolitana;amazonia;254,67;Am;19929;4,51;69,93;46,46
1502806;Curralinho;15;PA;n„o metropolitana;amazonia;18,13;Af;38060;1,52;33,84;31,25
1502855;Curu√°;15;PA;n„o metropolitana;amazonia;18,58;Am;14126;1,18;78,43;18,09
1502905;Curu√ß√°;15;PA;n„o metropolitana;amazonia;20,54;Am;44493;23,11;92,5;51,89
1502939;Dom Eliseu;15;PA;n„o metropolitana;amazonia;202,8;Aw;58444;7,15;83,71;71,34
1502954;Eldorado Do Caraj√°s;15;PA;n„o metropolitana;amazonia;152,43;Am;30264;7,63;91,16;32,12
1503002;Faro;15;PA;n„o metropolitana;amazonia;130,55;Af;8728;2,11;76,32;38,01
1503044;Floresta Do Araguaia;15;PA;n„o metropolitana;amazonia;188,68;Aw;17896;1,22;68,61;27,91
1503077;Garraf√£o Do Norte;15;PA;n„o metropolitana;amazonia;81,84;Am;24716;1,12;80,5;29,82
1503093;Goian√©sia Do Par√°;15;PA;n„o metropolitana;amazonia;109,41;Am;23806;8,68;85,42;61,92
1503101;Gurup√°;15;PA;n„o metropolitana;amazonia;18,85;Am;31945;5,47;39,19;35,87
1503200;Igarap√©-A√ßu;15;PA;n„o metropolitana;amazonia;39,23;Am;35788;1,71;85,97;65,59
1503309;Igarap√©-Miri;15;PA;n„o metropolitana;amazonia;14,75;Af;66369;3,55;47,69;45,42
1503408;Inhangapi;15;PA;n„o metropolitana;amazonia;23,49;Am;10334;21,1;77,37;34,08
1503457;Ipixuna Do Par√°;15;PA;n„o metropolitana;amazonia;68,67;Am;29116;26,76;76,56;46,24
1503507;Irituia;15;PA;n„o metropolitana;amazonia;38,35;Am;30627;3,09;82,58;29,69
1503606;Itaituba;15;PA;n„o metropolitana;amazonia;202,82;Am;137170;20,9;85,42;76,45
1503705;Itupiranga;15;PA;n„o metropolitana;amazonia;158,83;Am;53873;9,05;83,72;47,21
1503754;Jacareacanga;15;PA;n„o metropolitana;amazonia;218,46;Am;24742;2,62;68,44;35,13
1503804;Jacund√°;15;PA;n„o metropolitana;amazonia;103,85;Am;36184;15,85;91,29;80,21
1503903;Juruti;15;PA;n„o metropolitana;amazonia;62,04;Am;57837;3,21;68,2;51,32
1504000;Limoeiro Do Ajuru;15;PA;n„o metropolitana;amazonia;10,74;Af;29617;6,45;24,73;25,17
1504059;M√£e Do Rio;15;PA;n„o metropolitana;amazonia;48,24;Am;34566;42,39;90,17;83,69
1504109;Magalh√£es Barata;15;PA;n„o metropolitana;amazonia;24,3;Am;8090;50,7;93,51;37,51
1504208;Marab√°;15;PA;metropolitana;amazonia;202,81;Am;271321;32,98;91,19;78,53
1504307;Maracan√£;15;PA;n„o metropolitana;amazonia;21,09;Am;25929;43,68;80,26;29,98
1504406;Marapanim;15;PA;n„o metropolitana;amazonia;22,97;Am;30867;2,6;88,6;57,38
1504422;Marituba;15;PA;metropolitana;amazonia;18,74;Af;123890;19,13;89,79;89,35
1504455;Medicil√¢ndia;15;PA;n„o metropolitana;amazonia;166,02;Am;26438;19,89;76,29;30,94
1504505;Melga√ßo;15;PA;n„o metropolitana;amazonia;24,69;Af;26770;4,05;21,93;24,06
1504604;Mocajuba;15;PA;n„o metropolitana;amazonia;22,41;Af;27265;32,04;76,1;64,16
1504703;Moju;15;PA;n„o metropolitana;amazonia;45,17;Af;81364;6,07;81,69;35,9
1504752;Moju√≠ Dos Campos;15;PA;n„o metropolitana;amazonia;125;Af;22845;0;0;0
1504802;Monte Alegre;15;PA;n„o metropolitana;amazonia;265,69;Am;59890;17,97;79,98;37,36
1504901;Muan√°;15;PA;n„o metropolitana;amazonia;10,98;Af;60117;2,65;51,5;42,72
1504950;Nova Esperan√ßa Do Piri√°;15;PA;n„o metropolitana;amazonia;97,34;Am;21132;4,47;81,75;51,58
1504976;Nova Ipixuna;15;PA;n„o metropolitana;amazonia;107,2;Aw;13318;2,56;87,59;46,86
1505007;Nova Timboteua;15;PA;n„o metropolitana;amazonia;34,55;Am;12737;11,98;90,57;63,03
1505031;Novo Progresso;15;PA;n„o metropolitana;amazonia;337,02;Am;33636;1,43;92,51;76,6
1505064;Novo Repartimento;15;PA;n„o metropolitana;amazonia;153,68;Am;60438;15,76;78,96;48,21
1505106;√ìbidos;15;PA;n„o metropolitana;amazonia;259,62;Am;58121;1,92;63,34;44,5
1505205;Oeiras Do Par√°;15;PA;n„o metropolitana;amazonia;23,84;Af;33886;4,46;67,95;40,44
1505304;Oriximin√°;15;PA;n„o metropolitana;amazonia;230,51;Af;76140;37,76;54,63;57,93
1505403;Our√©m;15;PA;n„o metropolitana;amazonia;56,98;Am;17836;12,99;87,5;61,61
1505437;Ouril√¢ndia Do Norte;15;PA;n„o metropolitana;amazonia;361,53;Am;26570;33,78;93,28;75,31
1505486;Pacaj√°;15;PA;n„o metropolitana;amazonia;115,17;Am;43527;11,53;79,89;29,49
1505494;Palestina Do Par√°;15;PA;n„o metropolitana;amazonia;160,31;Aw;6872;0,45;89,34;38,57
1505502;Paragominas;15;PA;n„o metropolitana;amazonia;115,81;Am;104883;12,96;93,23;87,66
1505536;Parauapebas;15;PA;n„o metropolitana;amazonia;341,77;Am;271577;46,63;93,58;95,6
1505551;Pau D'arco;15;PA;n„o metropolitana;amazonia;265,31;Am;6772;0,85;70,6;43,8
1505601;Peixe-Boi;15;PA;n„o metropolitana;amazonia;29,71;Am;8315;35,72;90,31;49,8
1505635;Pi√ßarra;15;PA;n„o metropolitana;amazonia;178,97;Aw;12794;3,03;85,84;38,77
1505650;Placas;15;PA;n„o metropolitana;amazonia;201,28;Af;18602;1,51;76,47;29,8
1505700;Ponta De Pedras;15;PA;n„o metropolitana;amazonia;7,28;Am;24913;21,93;67,32;41,01
1505809;Portel;15;PA;n„o metropolitana;amazonia;52,81;Af;67288;11,37;62,51;47,25
1505908;Porto De Moz;15;PA;n„o metropolitana;amazonia;55,24;Am;40709;12,99;60,63;25
1506005;Prainha;15;PA;n„o metropolitana;amazonia;102,02;Am;35655;4,99;62,85;22,23
1506104;Primavera;15;PA;n„o metropolitana;amazonia;26,58;Am;10700;40,24;92,36;52,72
1506112;Quatipuru;15;PA;n„o metropolitana;amazonia;13,1;Am;11534;41,64;78,66;60,2
1506138;Reden√ß√£o;15;PA;n„o metropolitana;amazonia;251,51;Am;91227;10,19;90,25;81,4
1506161;Rio Maria;15;PA;n„o metropolitana;amazonia;240,35;Am;17965;9,37;91,21;69,12
1506187;Rondon Do Par√°;15;PA;n„o metropolitana;amazonia;203,37;Aw;35182;3,35;84,44;72,53
1506195;Rur√≥polis;15;PA;n„o metropolitana;amazonia;190,51;Af;41975;6,12;79,87;34,9
1506203;Salin√≥polis;15;PA;n„o metropolitana;amazonia;17,49;Am;44451;48,57;91,51;79,79
1506302;Salvaterra;15;PA;n„o metropolitana;amazonia;6,57;Am;24701;5,35;96,2;37,04
1506351;Santa B√°rbara Do Par√°;15;PA;metropolitana;amazonia;23,31;Am;21089;10,23;92,87;52,55
1506401;Santa Cruz Do Arari;15;PA;n„o metropolitana;amazonia;5,3;Am;6820;12,46;84,54;64,02
1506500;Santa Izabel Do Par√°;15;PA;metropolitana;amazonia;29,02;Am;68963;11,05;91,57;74,45
1506559;Santa Luzia Do Par√°;15;PA;n„o metropolitana;amazonia;60,59;Am;20341;23,08;84,67;49,84
1506583;Santa Maria Das Barreiras;15;PA;n„o metropolitana;amazonia;234,3;Aw;17639;16,24;88,49;30,57
1506609;Santa Maria Do Par√°;15;PA;n„o metropolitana;amazonia;42,37;Am;24583;5;89,74;66,94
1506708;Santana Do Araguaia;15;PA;n„o metropolitana;amazonia;237,95;Aw;44526;16,43;89,53;55,52
1506807;Santar√©m;15;PA;metropolitana;amazonia;80,83;Am;351220;40,29;79,65;75,65
1506906;Santar√©m Novo;15;PA;n„o metropolitana;amazonia;28,97;Am;6116;43,57;85,65;55,72
1507003;Santo Ant√¥nio Do Tau√°;15;PA;n„o metropolitana;amazonia;23,63;Am;28282;10,57;93,45;60,17
1507102;S√£o Caetano De Odivelas;15;PA;n„o metropolitana;amazonia;14,93;Am;15226;6,72;90,23;47,84
1507151;S√£o Domingos Do Araguaia;15;PA;n„o metropolitana;amazonia;160,61;Aw;20970;9,93;94,05;57,9
1507201;S√£o Domingos Do Capim;15;PA;n„o metropolitana;amazonia;39,37;Am;30144;7,84;68,9;40,92
1507300;S√£o F√©lix Do Xingu;15;PA;n„o metropolitana;amazonia;287,95;Am;81161;22,18;89,01;49,26
1507409;S√£o Francisco Do Par√°;15;PA;n„o metropolitana;amazonia;41,54;Am;14912;38,5;87,26;49,33
1507458;S√£o Geraldo Do Araguaia;15;PA;n„o metropolitana;amazonia;189,49;Aw;24243;24,37;88,13;61,57
1507466;S√£o Jo√£o Da Ponta;15;PA;n„o metropolitana;amazonia;25,45;Am;4264;22,52;89,56;73,34
1507474;S√£o Jo√£o De Pirabas;15;PA;n„o metropolitana;amazonia;20,45;Am;20593;10,29;86,42;40,9
1507508;S√£o Jo√£o Do Araguaia;15;PA;n„o metropolitana;amazonia;125,93;Aw;13446;15,3;80,31;10,87
1507607;S√£o Miguel Do Guam√°;15;PA;n„o metropolitana;amazonia;30,52;Am;52810;8,65;74,15;55,13
1507706;S√£o Sebasti√£o Da Boa Vista;15;PA;n„o metropolitana;amazonia;17,55;Af;31336;3,26;36,59;41,64
1507755;Sapucaia;15;PA;n„o metropolitana;amazonia;202,2;Am;5295;2,78;91,95;74,13
1507805;Senador Jos√© Porf√≠rio;15;PA;n„o metropolitana;amazonia;169,41;Am;22651;6,53;75,41;43,49
1507904;Soure;15;PA;n„o metropolitana;amazonia;3,97;Am;24183;65,55;89,8;76,38
1507953;Tail√¢ndia;15;PA;n„o metropolitana;amazonia;59,97;Am;84206;5,66;95,47;85,61
1507961;Terra Alta;15;PA;n„o metropolitana;amazonia;36,7;Am;10404;0,73;94,06;67,17
1507979;Terra Santa;15;PA;n„o metropolitana;amazonia;44,71;Am;18804;12,5;85,35;74,23
1508001;Tom√©-A√ßu;15;PA;n„o metropolitana;amazonia;54,38;Af;76055;2,84;87,73;61,21
1508035;Tracuateua;15;PA;n„o metropolitana;amazonia;25;Am;28015;0,83;73,92;32,7
1508050;Trair√£o;15;PA;n„o metropolitana;amazonia;169,96;Af;18924;1,47;77,05;49,34
1508084;Tucum√£;15;PA;n„o metropolitana;amazonia;244,83;Am;34812;32,68;90,09;66,08
1508100;Tucuru√≠;15;PA;n„o metropolitana;amazonia;102,65;Am;90232;16,04;94,34;92,3
1508126;Ulian√≥polis;15;PA;n„o metropolitana;amazonia;154,7;Aw;56562;10,02;85,58;69,34
1508159;Uruar√°;15;PA;n„o metropolitana;amazonia;198,48;Af;48511;3,09;79,56;51,8
1508209;Vigia;15;PA;n„o metropolitana;amazonia;16,94;Am;49096;7,61;90,41;70,66
1508308;Viseu;15;PA;n„o metropolitana;amazonia;36,62;Am;58095;19,58;77,74;18,91
1508357;Vit√≥ria Do Xingu;15;PA;n„o metropolitana;amazonia;93,31;Am;15104;28,22;80,48;18,78
1508407;Xinguara;15;PA;n„o metropolitana;amazonia;226,83;Am;56127;14,77;88,12;79,26
1600055;Serra Do Navio;16;AP;n„o metropolitana;amazonia;175,51;Am;4744;50,26;94,59;87,7
1600105;Amap√°;16;AP;n„o metropolitana;amazonia;32,98;Am;7944;36,18;81,05;82,73
1600154;Pedra Branca Do Amapari;16;AP;n„o metropolitana;amazonia;197,59;Am;12365;23,21;80,68;62,8
1600204;Cal√ßoene;16;AP;n„o metropolitana;amazonia;95,17;Am;10613;12,11;87;73,42
1600212;Cutias;16;AP;n„o metropolitana;amazonia;11,38;Am;4388;0,77;73,84;65,31
1600238;Ferreira Gomes;16;AP;n„o metropolitana;amazonia;98,46;Am;6689;7,37;84,81;74,13
1600253;Itaubal;16;AP;n„o metropolitana;amazonia;11,97;Am;5477;18,04;68,46;59,71
1600279;Laranjal Do Jari;16;AP;n„o metropolitana;amazonia;262,66;Am;35038;10,48;91,8;86,35
1600303;Macap√°;16;AP;metropolitana;amazonia;16,71;Am;478448;28,16;95,07;95,88
1600402;Mazag√£o;16;AP;n„o metropolitana;amazonia;113,18;Am;22105;5,9;62,42;38,17
1600501;Oiapoque;16;AP;n„o metropolitana;amazonia;103,18;Am;27778;28;84,3;74,45
1600535;Porto Grande;16;AP;n„o metropolitana;amazonia;108,91;Am;17923;23,9;84,51;67,02
1600550;Pracu√∫ba;16;AP;n„o metropolitana;amazonia;100,62;Am;3803;2,24;95,26;69,79
1600600;Santana;16;AP;metropolitana;amazonia;24,21;Am;114995;16,26;92,9;93,27
1600709;Tartarugalzinho;16;AP;n„o metropolitana;amazonia;61,16;Am;10511;12,18;81,57;48,9
1600808;Vit√≥ria Do Jari;16;AP;n„o metropolitana;amazonia;42,23;Am;11447;13,73;67,54;88,06
1700251;Abreul√¢ndia;17;TO;n„o metropolitana;cerrado;226,69;Aw;2463;14,61;60,52;56,71
1700301;Aguiarn√≥polis;17;TO;n„o metropolitana;cerrado;218,41;Aw;4787;32,75;93,34;78,9
1700350;Alian√ßa Do Tocantins;17;TO;n„o metropolitana;cerrado;274,66;Aw;4932;21,05;98,72;79
1700400;Almas;17;TO;n„o metropolitana;cerrado;462,3;Aw;9044;30,97;93,41;58,44
1700707;Alvorada;17;TO;n„o metropolitana;cerrado;269,73;Aw;8821;6,77;97,22;90,83
1701002;Anan√°s;17;TO;n„o metropolitana;amazonia;175,77;Aw;10368;30,3;95,42;72,65
1701051;Angico;17;TO;n„o metropolitana;cerrado;296,39;Aw;3062;1,19;89,55;51,9
1701101;Aparecida Do Rio Negro;17;TO;metropolitana;cerrado;379,23;Aw;4965;2,16;92,8;73,52
1701309;Aragominas;17;TO;n„o metropolitana;amazonia;220,28;Aw;6914;13,24;79,42;41,34
1701903;Araguacema;17;TO;n„o metropolitana;cerrado;194,6;Aw;5913;21,99;93,49;45,9
1702000;Aragua√ßu;17;TO;n„o metropolitana;cerrado;268,85;Aw;8666;2,22;99,65;67,76
1702109;Aragua√≠na;17;TO;metropolitana;amazonia;239,27;Aw;186867;16,33;97,76;91,99
1702158;Araguan√£;17;TO;n„o metropolitana;amazonia;194,39;Aw;4316;39,77;97,27;78,46
1702208;Araguatins;17;TO;n„o metropolitana;cerrado;152,34;Aw;31719;1,86;88,74;61,33
1702307;Arapoema;17;TO;n„o metropolitana;amazonia;190,96;Aw;5443;11,81;97,45;75,52
1702406;Arraias;17;TO;n„o metropolitana;cerrado;484,43;Aw;10253;25,8;80,34;62,33
1702554;Augustin√≥polis;17;TO;n„o metropolitana;amazonia;157,88;Aw;17471;9,71;94,03;73,99
1702703;Aurora Do Tocantins;17;TO;n„o metropolitana;cerrado;530,04;Aw;3338;2,26;89,32;62,53
1702901;Axix√° Do Tocantins;17;TO;n„o metropolitana;cerrado;232,97;Aw;10267;28,14;97,96;67,99
1703008;Baba√ßul√¢ndia;17;TO;n„o metropolitana;cerrado;249,48;Aw;8218;21,64;81,18;46,08
1703057;Bandeirantes Do Tocantins;17;TO;n„o metropolitana;amazonia;283,55;Aw;3548;2,19;83,72;53,45
1703073;Barra Do Ouro;17;TO;n„o metropolitana;cerrado;204,13;Aw;4643;14,2;87,18;57,98
1703107;Barrol√¢ndia;17;TO;metropolitana;cerrado;363,77;Aw;4875;23,53;98,28;82,44
1703206;Bernardo Say√£o;17;TO;n„o metropolitana;amazonia;190,72;Aw;4217;14,21;96,73;61,98
1703305;Bom Jesus Do Tocantins;17;TO;n„o metropolitana;cerrado;260,91;Aw;4087;27,81;93,15;62,86
1703602;Brasil√¢ndia Do Tocantins;17;TO;n„o metropolitana;cerrado;264,51;Aw;1947;5,08;98,69;67,38
1703701;Brejinho De Nazar√©;17;TO;metropolitana;cerrado;278,92;Aw;4753;10,02;89,66;75,5
1703800;Buriti Do Tocantins;17;TO;n„o metropolitana;amazonia;131,59;Aw;10346;20,68;98,33;57,54
1703826;Cachoeirinha;17;TO;n„o metropolitana;cerrado;244,52;Aw;1964;17,5;90,53;33,75
1703842;Campos Lindos;17;TO;n„o metropolitana;cerrado;369,34;Aw;8661;9,51;89,54;51,91
1703867;Cariri Do Tocantins;17;TO;n„o metropolitana;cerrado;282,18;Aw;3555;24,67;97,67;59,03
1703883;Carmol√¢ndia;17;TO;n„o metropolitana;amazonia;240,68;Aw;2203;51,35;98,19;77,41
1703891;Carrasco Bonito;17;TO;n„o metropolitana;amazonia;128,18;Aw;3343;32,2;92,75;74,52
1703909;Caseara;17;TO;n„o metropolitana;cerrado;188,26;Aw;4764;6,41;95,45;56,45
1704105;Centen√°rio;17;TO;n„o metropolitana;cerrado;285,01;Aw;2133;26,21;98,43;56,41
1704600;Chapada De Areia;17;TO;n„o metropolitana;cerrado;252,08;Aw;1358;2,86;94,71;52,64
1705102;Chapada Da Natividade;17;TO;n„o metropolitana;cerrado;345,71;Aw;3118;44,87;95,15;46,92
1705508;Colinas Do Tocantins;17;TO;n„o metropolitana;cerrado;303,17;Aw;33967;31,32;98,51;93,52
1705557;Combinado;17;TO;n„o metropolitana;cerrado;522,43;Aw;4751;11,41;93,18;66,46
1705607;Concei√ß√£o Do Tocantins;17;TO;n„o metropolitana;cerrado;360,9;Aw;3891;7,95;91,62;61,23
1706001;Couto Magalh√£es;17;TO;n„o metropolitana;cerrado;193,45;Aw;5254;31,59;90,21;44,26
1706100;Cristal√¢ndia;17;TO;n„o metropolitana;cerrado;244,65;Aw;6331;6,53;98,76;80,88
1706258;Crix√°s Do Tocantins;17;TO;n„o metropolitana;cerrado;262,73;Aw;1411;30,61;98,98;54,7
1706506;Darcin√≥polis;17;TO;n„o metropolitana;cerrado;294;Aw;6357;45,86;85,12;62,08
1707009;Dian√≥polis;17;TO;n„o metropolitana;cerrado;531,04;Aw;17658;15,37;93,95;84,46
1707108;Divin√≥polis Do Tocantins;17;TO;n„o metropolitana;cerrado;225,65;Aw;7065;6,73;98,92;67,29
1707207;Dois Irm√£os Do Tocantins;17;TO;n„o metropolitana;cerrado;265,77;Aw;6735;16,61;83,69;39,56
1707306;Duer√©;17;TO;n„o metropolitana;cerrado;243,55;Aw;4284;14,38;98,34;61,2
1707405;Esperantina;17;TO;n„o metropolitana;amazonia;102,2;Aw;7510;19,05;94,89;40,1
1707553;F√°tima;17;TO;metropolitana;cerrado;314,61;Aw;3445;54,4;99,03;80,32
1707652;Figueir√≥polis;17;TO;n„o metropolitana;cerrado;261,12;Aw;5185;56,46;99,31;72,26
1707702;Filad√©lfia;17;TO;n„o metropolitana;cerrado;218,08;Aw;10590;8,11;86,11;53,16
1708205;Formoso Do Araguaia;17;TO;n„o metropolitana;cerrado;205,39;Aw;20471;18,16;97,77;70,23
1708254;Fortaleza Do Taboc√£o;17;TO;n„o metropolitana;cerrado;310,86;Aw;3458;2,32;93,17;87,64
1708304;Goianorte;17;TO;n„o metropolitana;cerrado;248,31;Aw;4779;9,7;93,32;52,69
1709005;Goiatins;17;TO;n„o metropolitana;cerrado;259,42;Aw;12798;8,63;82,78;37,49
1709302;Guara√≠;17;TO;n„o metropolitana;cerrado;303,46;Aw;26444;23,75;95,4;89,4
1709500;Gurupi;17;TO;n„o metropolitana;cerrado;284,27;Aw;83817;42,85;99,18;95,76
1709807;Ipueiras;17;TO;metropolitana;cerrado;289;Aw;1597;81,66;96,72;68,53
1710508;Itacaj√°;17;TO;n„o metropolitana;cerrado;267,61;Aw;6780;39,36;89,95;65,42
1710706;Itaguatins;17;TO;n„o metropolitana;cerrado;210,73;Aw;5187;26,05;88,27;49,19
1710904;Itapiratins;17;TO;n„o metropolitana;cerrado;224,13;Aw;3936;0,19;80,98;52,51
1711100;Itapor√£ Do Tocantins;17;TO;n„o metropolitana;amazonia;316,24;Aw;2407;2,55;97,05;61,93
1711506;Ja√∫ Do Tocantins;17;TO;n„o metropolitana;cerrado;383,14;Aw;3475;0,7;93,69;49,52
1711803;Juarina;17;TO;n„o metropolitana;cerrado;184,98;Aw;2240;18,88;92,77;49,12
1711902;Lagoa Da Confus√£o;17;TO;n„o metropolitana;cerrado;187,22;Aw;16117;5,9;89,44;68,52
1711951;Lagoa Do Tocantins;17;TO;n„o metropolitana;cerrado;328,52;Aw;3501;28,92;94,44;65,96
1712009;Lajeado;17;TO;metropolitana;cerrado;418,91;Aw;3652;40,08;91,88;78,9
1712157;Lavandeira;17;TO;n„o metropolitana;cerrado;559,72;Aw;1625;23,27;75,92;57,14
1712405;Lizarda;17;TO;n„o metropolitana;cerrado;365,52;Aw;2994;52,56;79,69;23,28
1712454;Luzin√≥polis;17;TO;n„o metropolitana;cerrado;245,64;Aw;2989;0,14;83,63;70,98
1712504;Marian√≥polis Do Tocantins;17;TO;n„o metropolitana;cerrado;196,82;Aw;4460;12,17;98,58;51,61
1712702;Mateiros;17;TO;n„o metropolitana;cerrado;582,57;Aw;2076;11,87;83,63;62,05
1712801;Mauril√¢ndia Do Tocantins;17;TO;n„o metropolitana;cerrado;203,83;Aw;3234;16;88,71;51,06
1713205;Miracema Do Tocantins;17;TO;metropolitana;cerrado;276,6;Aw;19561;13,9;96,1;84,61
1713304;Miranorte;17;TO;metropolitana;cerrado;335,58;Aw;13027;2,22;97,1;86,81
1713601;Monte Do Carmo;17;TO;metropolitana;cerrado;403,97;Aw;5874;19,41;88,64;42,23
1713700;Monte Santo Do Tocantins;17;TO;n„o metropolitana;cerrado;285,04;Aw;2290;14,73;90,96;51,16
1713809;Palmeiras Do Tocantins;17;TO;n„o metropolitana;cerrado;248,77;Aw;5359;1,07;84,09;48,94
1713957;Muricil√¢ndia;17;TO;n„o metropolitana;amazonia;190,7;Aw;3722;15,54;88,57;55,77
1714203;Natividade;17;TO;n„o metropolitana;cerrado;382,58;Aw;8643;34,86;88,87;72,6
1714302;Nazar√©;17;TO;n„o metropolitana;cerrado;265,28;Aw;4664;1,88;92,65;40,31
1714880;Nova Olinda;17;TO;n„o metropolitana;cerrado;268,42;Aw;10353;7,39;95,05;64,07
1715002;Nova Rosal√¢ndia;17;TO;n„o metropolitana;cerrado;312,87;Aw;3334;1,93;98,78;73,31
1715101;Novo Acordo;17;TO;n„o metropolitana;cerrado;312,26;Aw;3828;33,49;93,58;74,81
1715150;Novo Alegre;17;TO;n„o metropolitana;cerrado;584,14;Aw;1845;17,71;84,62;74,89
1715259;Novo Jardim;17;TO;n„o metropolitana;cerrado;626,48;Aw;2235;27,83;88,38;80,13
1715507;Oliveira De F√°tima;17;TO;metropolitana;cerrado;310,81;Aw;1172;8,77;98,74;73,04
1715705;Palmeirante;17;TO;n„o metropolitana;cerrado;219,72;Aw;4947;6,34;77,59;16,29
1715754;Palmeir√≥polis;17;TO;n„o metropolitana;cerrado;456,07;Aw;7262;9,95;93,53;76,42
1716109;Para√≠so Do Tocantins;17;TO;metropolitana;cerrado;333,33;Aw;51494;19,57;99,44;94,73
1716208;Paran√£;17;TO;n„o metropolitana;cerrado;404,86;Aw;10492;1,11;66,91;48,79
1716307;Pau D'arco;17;TO;n„o metropolitana;amazonia;212,13;Aw;4017;12,77;92,35;52,37
1716505;Pedro Afonso;17;TO;n„o metropolitana;cerrado;262,09;Aw;14675;52,24;96,98;85,31
1716604;Peixe;17;TO;n„o metropolitana;cerrado;271,04;Aw;9431;21,22;95,75;50,72
1716653;Pequizeiro;17;TO;n„o metropolitana;amazonia;224,26;Aw;4893;26,29;89,44;48,15
1716703;Colm√©ia;17;TO;n„o metropolitana;amazonia;330,97;Aw;8476;44,83;93,95;72,67
1717008;Pindorama Do Tocantins;17;TO;n„o metropolitana;cerrado;480,34;Aw;4128;24,02;94,69;64,06
1717206;Piraqu√™;17;TO;n„o metropolitana;amazonia;198,93;Aw;2278;0,46;88,53;35,57
1717503;Pium;17;TO;n„o metropolitana;cerrado;192,32;Aw;7132;18,76;93,04;57,52
1717800;Ponte Alta Do Bom Jesus;17;TO;n„o metropolitana;cerrado;504,72;Aw;4222;1,67;62,29;41,65
1717909;Ponte Alta Do Tocantins;17;TO;n„o metropolitana;cerrado;394,14;Aw;7284;3,01;89,5;59,41
1718006;Porto Alegre Do Tocantins;17;TO;n„o metropolitana;cerrado;451,95;Aw;2869;5,29;85,75;68,12
1718204;Porto Nacional;17;TO;metropolitana;cerrado;302,54;Aw;71101;65,04;94,22;83,92
1718303;Praia Norte;17;TO;n„o metropolitana;cerrado;154,36;Aw;8808;19,89;96,18;37,88
1718402;Presidente Kennedy;17;TO;n„o metropolitana;cerrado;283,02;Aw;2963;18,22;91,73;82,62
1718451;Pugmil;17;TO;metropolitana;cerrado;297,08;Aw;2185;1,39;98,61;82,06
1718501;Recursol√¢ndia;17;TO;n„o metropolitana;cerrado;346,23;Aw;3380;13,18;70,76;51,83
1718550;Riachinho;17;TO;n„o metropolitana;amazonia;174,21;Aw;3962;2,43;91,3;35,74
1718659;Rio Da Concei√ß√£o;17;TO;n„o metropolitana;cerrado;630,69;Aw;1747;40,84;88,08;91,39
1718709;Rio Dos Bois;17;TO;n„o metropolitana;cerrado;242,71;Aw;2737;2,93;82,34;53,75
1718758;Rio Sono;17;TO;n„o metropolitana;cerrado;289,6;Aw;5600;3,33;88,03;38,93
1718808;Sampaio;17;TO;n„o metropolitana;amazonia;122,27;Aw;4203;19,96;95,59;66,5
1718840;Sandol√¢ndia;17;TO;n„o metropolitana;cerrado;238,78;Aw;4631;4,01;75,69;60,01
1718865;Santa F√© Do Araguaia;17;TO;n„o metropolitana;amazonia;194,68;Aw;7919;27;93,85;71,84
1718881;Santa Maria Do Tocantins;17;TO;n„o metropolitana;cerrado;260,37;Aw;2557;12,87;84,31;61,76
1718899;Santa Rita Do Tocantins;17;TO;n„o metropolitana;cerrado;242,41;Aw;2177;39,34;90,24;39,49
1718907;Santa Rosa Do Tocantins;17;TO;n„o metropolitana;cerrado;287,71;Aw;4701;34,28;89,39;45,33
1719004;Santa Tereza Do Tocantins;17;TO;n„o metropolitana;cerrado;333,4;Aw;2715;1,81;93,95;64,29
1720002;Santa Terezinha Do Tocantins;17;TO;n„o metropolitana;cerrado;304,25;Aw;2560;0,44;87,26;61,93
1720101;S√£o Bento Do Tocantins;17;TO;n„o metropolitana;cerrado;210,34;Aw;5387;3,6;84,56;50,52
1720150;S√£o F√©lix Do Tocantins;17;TO;n„o metropolitana;cerrado;444,33;Aw;1780;68,41;82,31;60
1720200;S√£o Miguel Do Tocantins;17;TO;n„o metropolitana;cerrado;161,65;Aw;14103;0,26;89,63;56,63
1720259;S√£o Salvador Do Tocantins;17;TO;n„o metropolitana;cerrado;352,71;Aw;2481;16,71;92,01;66,34
1720309;S√£o Sebasti√£o Do Tocantins;17;TO;n„o metropolitana;amazonia;114,67;Aw;4100;4,17;82,67;54,13
1720499;S√£o Val√©rio;17;TO;n„o metropolitana;cerrado;320,48;Aw;4399;5,35;93,9;56,73
1720655;Silvan√≥polis;17;TO;metropolitana;cerrado;338,5;Aw;5126;0,84;96,05;70,08
1720804;S√≠tio Novo Do Tocantins;17;TO;n„o metropolitana;cerrado;207,49;Aw;10830;12,54;96,23;41,47
1720853;Sucupira;17;TO;n„o metropolitana;cerrado;274,39;Aw;1576;0,91;97,64;57,72
1720903;Taguatinga;17;TO;n„o metropolitana;cerrado;478,35;Aw;13986;12,67;80,05;62,79
1720937;Taipas Do Tocantins;17;TO;n„o metropolitana;cerrado;393,17;Aw;2023;64,46;80,9;71,65
1720978;Talism√£;17;TO;n„o metropolitana;cerrado;281,96;Aw;2661;28,5;99,5;47
1721000;Palmas;17;TO;metropolitana;cerrado;409,91;Aw;334454;68,76;99,17;96,99
1721109;Tocant√≠nia;17;TO;metropolitana;cerrado;315,55;Aw;8518;21,73;81,94;48,64
1721208;Tocantin√≥polis;17;TO;n„o metropolitana;cerrado;223,05;Aw;23847;5,31;93,82;80,61
1721257;Tupirama;17;TO;n„o metropolitana;cerrado;229,54;Aw;1803;25,31;83,89;58,79
1721307;Tupiratins;17;TO;n„o metropolitana;cerrado;222,51;Aw;1861;49,69;97,21;50,15
1722081;Wanderl√¢ndia;17;TO;n„o metropolitana;cerrado;281,35;Aw;11586;0,72;92,38;58,56
1722107;Xambio√°;17;TO;n„o metropolitana;amazonia;207,92;Aw;10519;6,62;94,85;82,74
2100055;A√ßail√¢ndia;21;MA;n„o metropolitana;amazonia;274,54;Aw;107263;13,06;89,57;84,24
2100105;Afonso Cunha;21;MA;n„o metropolitana;cerrado;104,7;Aw;6144;2,61;67,76;36,07
2100154;√Ågua Doce Do Maranh√£o;21;MA;n„o metropolitana;cerrado;40,47;As;12154;1,5;86,73;15,61
2100204;Alc√¢ntara;21;MA;metropolitana;amazonia;18,55;As;18446;6,59;73,62;22,23
2100303;Aldeias Altas;21;MA;n„o metropolitana;cerrado;104,05;Aw;22549;8,88;77,26;29,55
2100402;Altamira Do Maranh√£o;21;MA;n„o metropolitana;amazonia;64,79;Aw;6451;4,21;88,23;24,48
2100436;Alto Alegre Do Maranh√£o;21;MA;n„o metropolitana;cerrado;54,78;Aw;23270;21,37;84,36;49,03
2100477;Alto Alegre Do Pindar√©;21;MA;n„o metropolitana;amazonia;94,55;Aw;25673;9,53;92,98;32,07
2100501;Alto Parna√≠ba;21;MA;n„o metropolitana;cerrado;469,63;Aw;11076;2,46;85,59;47,53
2100550;Amap√° Do Maranh√£o;21;MA;n„o metropolitana;amazonia;44,73;Am;7162;29,47;86,03;27,87
2100600;Amarante Do Maranh√£o;21;MA;n„o metropolitana;amazonia;272,33;Aw;36266;4,12;83,12;44,44
2100709;Anajatuba;21;MA;n„o metropolitana;amazonia;8;Am;23968;11,05;77,24;20,2
2100808;Anapurus;21;MA;n„o metropolitana;cerrado;89,89;Aw;13795;4,93;93,29;19,79
2100832;Apicum-A√ßu;21;MA;n„o metropolitana;amazonia;12,26;As;17533;0,8;86,43;5,67
2100873;Araguan√£;21;MA;n„o metropolitana;amazonia;48,73;Am;11169;14,87;82,38;37,7
2100907;Araioses;21;MA;n„o metropolitana;cerrado;30,93;As;38980;15,39;62,6;24,68
2100956;Arame;21;MA;n„o metropolitana;amazonia;234,6;Aw;25646;13,44;76,33;37,83
2101004;Arari;21;MA;n„o metropolitana;amazonia;10,43;Am;29302;50,2;73,63;49,5
2101103;Axix√°;21;MA;metropolitana;amazonia;24,18;As;11797;33,52;73,08;10,88
2101202;Bacabal;21;MA;n„o metropolitana;amazonia;28,97;Aw;104352;31,12;90,82;71,18
2101251;Bacabeira;21;MA;metropolitana;amazonia;11,17;Aw;17073;31,22;69,48;51,95
2101301;Bacuri;21;MA;n„o metropolitana;amazonia;16,39;As;16206;13,51;71,09;12,88
2101350;Bacurituba;21;MA;n„o metropolitana;amazonia;2,93;As;5196;0,57;77,17;0,43
2101400;Balsas;21;MA;n„o metropolitana;cerrado;418,75;Aw;100257;18,43;93,01;82,97
2101509;Bar√£o De Graja√∫;21;MA;n„o metropolitana;cerrado;222,51;Aw;19310;5,1;81,42;47,32
2101608;Barra Do Corda;21;MA;n„o metropolitana;cerrado;212,37;Aw;84708;14,11;73,48;51,07
2101707;Barreirinhas;21;MA;n„o metropolitana;cerrado;44,67;As;69312;16,54;81,35;35,92
2101731;Bel√°gua;21;MA;n„o metropolitana;cerrado;85,49;As;8504;3,72;58,89;0,4
2101772;Bela Vista Do Maranh√£o;21;MA;n„o metropolitana;amazonia;26,25;Aw;11911;6,65;94,22;28,85
2101806;Benedito Leite;21;MA;n„o metropolitana;cerrado;275,07;Aw;5472;34,18;81,18;27,06
2101905;Bequim√£o;21;MA;n„o metropolitana;amazonia;15,32;As;19572;5,23;78,62;7,04
2101939;Bernardo Do Mearim;21;MA;n„o metropolitana;cerrado;76,76;Aw;5842;27,87;84,83;49,6
2101970;Boa Vista Do Gurupi;21;MA;n„o metropolitana;amazonia;27,09;Am;7622;4,68;93,5;59,33
2102002;Bom Jardim;21;MA;n„o metropolitana;amazonia;150,31;Aw;32894;3,94;78,49;33,28
2102036;Bom Jesus Das Selvas;21;MA;n„o metropolitana;amazonia;227,39;Aw;28589;22,66;68,73;47,71
2102077;Bom Lugar;21;MA;n„o metropolitana;amazonia;40,55;Aw;11675;1,79;90,28;15,8
2102101;Brejo;21;MA;n„o metropolitana;cerrado;83,23;Aw;34116;19,14;65,48;17,35
2102150;Brejo De Areia;21;MA;n„o metropolitana;amazonia;126,4;Aw;9224;0,31;56,36;8,55
2102200;Buriti;21;MA;n„o metropolitana;cerrado;92,62;Aw;29693;5,67;69,12;15,12
2102309;Buriti Bravo;21;MA;n„o metropolitana;cerrado;198;Aw;22427;6,53;80,14;27,89
2102325;Buriticupu;21;MA;n„o metropolitana;amazonia;239,19;Aw;52395;6,74;69,77;52,76
2102358;Buritirana;21;MA;n„o metropolitana;cerrado;260,21;Aw;12870;4,4;94,17;32,85
2102374;Cachoeira Grande;21;MA;metropolitana;cerrado;59,86;Am;10227;2,55;50;22,26
2102408;Cajapi√≥;21;MA;n„o metropolitana;amazonia;5,62;Aw;10032;31,28;67,92;5,14
2102507;Cajari;21;MA;n„o metropolitana;amazonia;10,22;Am;16296;4,29;56,61;16,25
2102556;Campestre Do Maranh√£o;21;MA;n„o metropolitana;cerrado;180,93;Aw;12185;2,04;96,93;74,48
2102606;C√¢ndido Mendes;21;MA;n„o metropolitana;amazonia;34,07;Am;19805;18,87;79,4;29,32
2102705;Cantanhede;21;MA;n„o metropolitana;cerrado;46,89;Aw;17355;34,23;74,46;34,12
2102754;Capinzal Do Norte;21;MA;n„o metropolitana;cerrado;116,48;Aw;11372;9,06;89,3;23,2
2102804;Carolina;21;MA;n„o metropolitana;cerrado;270,71;Aw;24056;30,03;82,9;64,08
2102903;Carutapera;21;MA;n„o metropolitana;amazonia;22,87;As;24263;20,34;80,06;53,71
2103000;Caxias;21;MA;n„o metropolitana;cerrado;114,73;Aw;153634;26,84;85;60,97
2103109;Cedral;21;MA;n„o metropolitana;amazonia;24,47;As;10214;1,73;91,45;20,41
2103125;Central Do Maranh√£o;21;MA;n„o metropolitana;amazonia;24,93;As;7086;7,18;78,93;14,9
2103158;Centro Do Guilherme;21;MA;n„o metropolitana;amazonia;67,26;Am;12384;6,74;77,02;32,66
2103174;Centro Novo Do Maranh√£o;21;MA;n„o metropolitana;amazonia;111,7;Am;16254;10,92;78,99;22,23
2103208;Chapadinha;21;MA;n„o metropolitana;cerrado;81,98;Aw;81339;16,57;71,34;50,8
2103257;Cidel√¢ndia;21;MA;n„o metropolitana;amazonia;256,09;Aw;12857;0,77;92,43;41,02
2103307;Cod√≥;21;MA;n„o metropolitana;cerrado;96,4;Aw;112110;24,88;87,21;62,93
2103406;Coelho Neto;21;MA;n„o metropolitana;cerrado;93,4;Aw;41353;7,12;93,95;52,58
2103505;Colinas;21;MA;n„o metropolitana;cerrado;262,91;Aw;40322;4,64;72,78;39,6
2103554;Concei√ß√£o Do Lago-A√ßu;21;MA;n„o metropolitana;amazonia;11,67;Aw;14921;2,49;57,75;30,85
2103604;Coroat√°;21;MA;n„o metropolitana;cerrado;67,18;Aw;59563;20,64;91,37;51,75
2103703;Cururupu;21;MA;n„o metropolitana;amazonia;15,47;As;31662;2,66;81,3;33,74
2103752;Davin√≥polis;21;MA;n„o metropolitana;cerrado;195,12;Aw;14467;20,95;97,77;35,8
2103802;Dom Pedro;21;MA;n„o metropolitana;cerrado;155,22;Aw;23111;17,54;94,21;63,65
2103901;Duque Bacelar;21;MA;n„o metropolitana;cerrado;77,33;Aw;10223;38,39;76,62;27,37
2104008;Esperantin√≥polis;21;MA;n„o metropolitana;cerrado;119,96;Aw;18355;13,39;85,3;52,24
2104057;Estreito;21;MA;n„o metropolitana;cerrado;259,78;Aw;33245;9,04;95,08;74,06
2104073;Feira Nova Do Maranh√£o;21;MA;n„o metropolitana;cerrado;381,02;Aw;8048;9,96;89,12;32,36
2104081;Fernando Falc√£o;21;MA;n„o metropolitana;cerrado;339,24;Aw;10875;0,05;58,69;6,22
2104099;Formosa Da Serra Negra;21;MA;n„o metropolitana;cerrado;365,33;Aw;17758;1,75;74,46;25,23
2104107;Fortaleza Dos Nogueiras;21;MA;n„o metropolitana;cerrado;448,36;Aw;12642;3,34;87,72;55,4
2104206;Fortuna;21;MA;n„o metropolitana;cerrado;182,01;Aw;17075;3,59;75,37;41,8
2104305;Godofredo Viana;21;MA;n„o metropolitana;amazonia;19,7;Am;9894;27,49;71,38;16,43
2104404;Gon√ßalves Dias;21;MA;n„o metropolitana;cerrado;144,83;Aw;17432;3,29;85,06;40,31
2104503;Governador Archer;21;MA;n„o metropolitana;cerrado;128,63;Aw;10294;8,89;89,25;57,35
2104552;Governador Edison Lob√£o;21;MA;n„o metropolitana;cerrado;192,26;Aw;18375;33,45;93,83;66,9
2104602;Governador Eug√™nio Barros;21;MA;n„o metropolitana;cerrado;150,95;Aw;13918;2,18;91,19;35,33
2104628;Governador Luiz Rocha;21;MA;n„o metropolitana;cerrado;183,63;Aw;7061;19,23;94,39;18,97
2104651;Governador Newton Bello;21;MA;n„o metropolitana;amazonia;56,19;Am;10708;2,83;82,95;28,06
2104677;Governador Nunes Freire;21;MA;n„o metropolitana;amazonia;53,28;Am;22754;39,91;90,37;54,66
2104701;Gra√ßa Aranha;21;MA;n„o metropolitana;cerrado;190,29;Aw;6012;3,48;96,06;31,27
2104800;Graja√∫;21;MA;n„o metropolitana;cerrado;241,87;Aw;73942;5,06;81,4;57,88
2104909;Guimar√£es;21;MA;n„o metropolitana;amazonia;19,9;As;10285;2,52;84,81;16,38
2105005;Humberto De Campos;21;MA;n„o metropolitana;cerrado;27,56;As;25656;9,66;75,93;18,58
2105104;Icatu;21;MA;metropolitana;amazonia;24,07;As;24719;4,83;54,36;15,36
2105153;Igarap√© Do Meio;21;MA;n„o metropolitana;amazonia;19,26;Am;13483;1,3;92,54;11,5
2105203;Igarap√© Grande;21;MA;n„o metropolitana;cerrado;59,88;Aw;10222;17,76;88,37;60,25
2105302;Imperatriz;21;MA;n„o metropolitana;cerrado;159,1;Aw;273027;49,95;96,58;91,94
2105351;Itaipava Do Graja√∫;21;MA;n„o metropolitana;cerrado;204;Aw;13847;3,05;82,81;21,13
2105401;Itapecuru Mirim;21;MA;n„o metropolitana;cerrado;40,97;Am;65721;31,87;76,9;51,06
2105427;Itinga Do Maranh√£o;21;MA;n„o metropolitana;amazonia;204,65;Aw;23904;8,38;93,96;75,38
2105450;Jatob√°;21;MA;n„o metropolitana;cerrado;267,27;Aw;8239;31,38;94,44;4,59
2105476;Jenipapo Dos Vieiras;21;MA;n„o metropolitana;cerrado;230,18;Aw;17066;2,64;75,4;13,55
2105500;Jo√£o Lisboa;21;MA;n„o metropolitana;amazonia;250,19;Aw;24609;7,2;94,3;49,82
2105609;Josel√¢ndia;21;MA;n„o metropolitana;cerrado;116,29;Aw;14942;2,86;88,04;23,1
2105658;Junco Do Maranh√£o;21;MA;n„o metropolitana;amazonia;38,53;Am;5146;51,42;94,12;30,33
2105708;Lago Da Pedra;21;MA;n„o metropolitana;cerrado;168,15;Aw;44422;18,16;80,59;65,63
2105807;Lago Do Junco;21;MA;n„o metropolitana;cerrado;68,73;Aw;9491;20,4;87,74;38,29
2105906;Lago Verde;21;MA;n„o metropolitana;amazonia;19,69;Aw;14678;12,22;75,05;17,8
2105922;Lagoa Do Mato;21;MA;n„o metropolitana;cerrado;252,99;Aw;10583;1,27;81,93;32,52
2105948;Lago Dos Rodrigues;21;MA;n„o metropolitana;cerrado;67,62;Aw;8755;0,92;94,57;67,05
2105963;Lagoa Grande Do Maranh√£o;21;MA;n„o metropolitana;cerrado;209,74;Aw;11417;3,99;76,33;45,88
2105989;Lajeado Novo;21;MA;n„o metropolitana;cerrado;234,58;Aw;7051;5,85;82,14;57,12
2106003;Lima Campos;21;MA;n„o metropolitana;cerrado;66,29;Aw;11320;9,19;88,46;55,81
2106102;Loreto;21;MA;n„o metropolitana;cerrado;309,31;Aw;11526;13,97;70,6;58,46
2106201;Lu√≠s Domingues;21;MA;n„o metropolitana;amazonia;30,98;Am;7159;35,86;80,59;0
2106300;Magalh√£es De Almeida;21;MA;n„o metropolitana;cerrado;37,67;As;13747;20,53;87,66;32,79
2106326;Maraca√ßum√©;21;MA;n„o metropolitana;amazonia;46,93;Am;21106;41,24;85,93;52,36
2106359;Maraj√° Do Sena;21;MA;n„o metropolitana;cerrado;208,82;Aw;7200;7,39;58,67;12,11
2106375;Maranh√£ozinho;21;MA;n„o metropolitana;amazonia;71,87;Am;13797;44,13;88,43;45,49
2106409;Mata Roma;21;MA;n„o metropolitana;cerrado;86,94;Aw;16919;15,53;81,51;16,91
2106508;Matinha;21;MA;n„o metropolitana;amazonia;17,83;Am;21808;10,15;80,62;28,36
2106607;Mat√µes;21;MA;n„o metropolitana;cerrado;171,84;Aw;31954;4,67;85,1;18,35
2106631;Mat√µes Do Norte;21;MA;n„o metropolitana;cerrado;40,94;Aw;17582;2,41;57,89;27,68
2106672;Milagres Do Maranh√£o;21;MA;n„o metropolitana;cerrado;82,34;As;8812;9,9;76,32;7,89
2106706;Mirador;21;MA;n„o metropolitana;cerrado;377,87;Aw;20998;2,53;56,15;26,9
2106755;Miranda Do Norte;21;MA;n„o metropolitana;cerrado;38,96;Aw;20562;6,5;81,35;66,27
2106805;Mirinzal;21;MA;n„o metropolitana;amazonia;36,38;As;13958;3,67;86,61;30,37
2106904;Mon√ß√£o;21;MA;n„o metropolitana;amazonia;19,78;Am;27620;7,61;81,12;7,62
2107001;Montes Altos;21;MA;n„o metropolitana;cerrado;242,13;Aw;10286;5,62;87,35;44,01
2107100;Morros;21;MA;metropolitana;cerrado;70,6;As;18054;3,29;56,42;30,01
2107209;Nina Rodrigues;21;MA;n„o metropolitana;cerrado;46,28;Am;12477;7,12;65,24;19,64
2107258;Nova Colinas;21;MA;n„o metropolitana;cerrado;426,33;Aw;5021;0,59;75,08;42,34
2107308;Nova Iorque;21;MA;n„o metropolitana;cerrado;216,52;Aw;4308;15,08;63,79;55,17
2107357;Nova Olinda Do Maranh√£o;21;MA;n„o metropolitana;amazonia;72,42;Am;14277;2,47;88,27;56,4
2107407;Olho D'√°gua Das Cunh√£s;21;MA;n„o metropolitana;amazonia;33,51;Aw;17937;12,99;82,66;45,59
2107456;Olinda Nova Do Maranh√£o;21;MA;n„o metropolitana;amazonia;23,92;Am;13320;7,89;85,14;24,34
2107506;Pa√ßo Do Lumiar;21;MA;metropolitana;amazonia;25,14;As;145752;55,19;73,69;61,52
2107605;Palmeir√¢ndia;21;MA;n„o metropolitana;amazonia;22,31;As;21056;3,47;86,76;6,18
2107704;Paraibano;21;MA;n„o metropolitana;cerrado;308,8;Aw;19530;5,86;73,94;67,81
2107803;Parnarama;21;MA;n„o metropolitana;cerrado;183,58;Aw;31179;1,36;85,61;26,77
2107902;Passagem Franca;21;MA;n„o metropolitana;cerrado;285,79;Aw;17244;1,75;83,54;42,64
2108009;Pastos Bons;21;MA;n„o metropolitana;cerrado;340,27;Aw;18724;4,86;89,25;49
2108058;Paulino Neves;21;MA;n„o metropolitana;cerrado;35,96;As;17054;16,81;79,02;22,97
2108108;Paulo Ramos;21;MA;n„o metropolitana;amazonia;123,07;Aw;20183;2,5;80,85;49,66
2108207;Pedreiras;21;MA;n„o metropolitana;cerrado;53,89;Aw;36980;41,33;89,48;80,45
2108256;Pedro Do Ros√°rio;21;MA;n„o metropolitana;amazonia;38,04;Am;24260;4,07;77,99;15,5
2108306;Penalva;21;MA;n„o metropolitana;amazonia;16,75;Am;32436;5,27;73,89;30,58
2108405;Peri Mirim;21;MA;n„o metropolitana;amazonia;15,24;As;11093;13,2;78,07;16,71
2108454;Peritor√≥;21;MA;n„o metropolitana;cerrado;87,61;Aw;20471;10,33;73,65;30,6
2108504;Pindar√©-Mirim;21;MA;n„o metropolitana;amazonia;22,07;Am;29440;7,38;86,35;53,75
2108603;Pinheiro;21;MA;n„o metropolitana;amazonia;26,73;Am;85054;50,72;81,11;53,54
2108702;Pio Xii;21;MA;n„o metropolitana;amazonia;22,5;Aw;21941;1,99;84,79;47,74
2108801;Pirapemas;21;MA;n„o metropolitana;cerrado;46,62;Aw;14819;13,61;75,56;33,09
2108900;Po√ß√£o De Pedras;21;MA;n„o metropolitana;cerrado;100,7;Aw;17133;23,6;80,43;41,36
2109007;Porto Franco;21;MA;n„o metropolitana;cerrado;210,79;Aw;23565;3,12;91,58;75,72
2109056;Porto Rico Do Maranh√£o;21;MA;n„o metropolitana;amazonia;17,6;As;5961;31,15;93,2;31,92
2109106;Presidente Dutra;21;MA;n„o metropolitana;cerrado;139,52;Aw;45102;23,29;87,26;62,82
2109205;Presidente Juscelino;21;MA;metropolitana;amazonia;41,11;Am;11293;19,04;44,07;17,44
2109239;Presidente M√©dici;21;MA;n„o metropolitana;amazonia;41,78;Am;4575;51,52;93,48;59,6
2109270;Presidente Sarney;21;MA;n„o metropolitana;amazonia;30,41;Am;17542;2,24;85,73;11,9
2109304;Presidente Vargas;21;MA;n„o metropolitana;cerrado;52,17;Am;9616;4,94;51,25;21,47
2109403;Primeira Cruz;21;MA;n„o metropolitana;cerrado;42,51;As;13095;7,28;71,65;12,71
2109452;Raposa;21;MA;metropolitana;amazonia;10,47;As;31667;17,46;85,28;50,64
2109502;Riach√£o;21;MA;n„o metropolitana;cerrado;342,22;Aw;22153;10,29;81,83;54,16
2109551;Ribamar Fiquene;21;MA;n„o metropolitana;cerrado;164,41;Aw;7424;20,83;89,98;46,83
2109601;Ros√°rio;21;MA;metropolitana;amazonia;24,68;Am;36688;7,51;79,81;56,84
2109700;Samba√≠ba;21;MA;n„o metropolitana;cerrado;321,53;Aw;5568;16,22;68,52;23,66
2109759;Santa Filomena Do Maranh√£o;21;MA;n„o metropolitana;cerrado;179,99;Aw;6698;10,67;95,44;25,57
2109809;Santa Helena;21;MA;n„o metropolitana;amazonia;23,64;Am;41221;4,51;71,59;49,99
2109908;Santa In√™s;21;MA;n„o metropolitana;amazonia;38,9;Aw;85261;36,06;96,74;86,55
2110005;Santa Luzia;21;MA;n„o metropolitana;amazonia;168,12;Aw;57189;9,72;78,2;32,13
2110039;Santa Luzia Do Paru√°;21;MA;n„o metropolitana;amazonia;39,8;Am;23413;14,63;94,73;54,66
2110104;Santa Quit√©ria Do Maranh√£o;21;MA;n„o metropolitana;cerrado;83,68;As;23782;3,21;74,44;27,64
2110203;Santa Rita;21;MA;metropolitana;amazonia;22,69;Am;35231;13,71;77,57;31,31
2110237;Santana Do Maranh√£o;21;MA;n„o metropolitana;cerrado;88,67;As;10325;8,15;88,71;12,12
2110278;Santo Amaro Do Maranh√£o;21;MA;n„o metropolitana;cerrado;28,44;As;13193;0,92;80,52;13,33
2110302;Santo Ant√¥nio Dos Lopes;21;MA;n„o metropolitana;cerrado;101,09;Aw;14298;5,17;80,82;39,6
2110401;S√£o Benedito Do Rio Preto;21;MA;n„o metropolitana;cerrado;71,38;Am;18306;21,64;76,86;2,53
2110500;S√£o Bento;21;MA;n„o metropolitana;amazonia;22,22;Am;46307;10,26;81,08;38,32
2110609;S√£o Bernardo;21;MA;n„o metropolitana;cerrado;71,05;As;26899;11,43;54,07;29,71
2110658;S√£o Domingos Do Azeit√£o;21;MA;n„o metropolitana;cerrado;368,95;Aw;7937;1,19;87,55;49,67
2110708;S√£o Domingos Do Maranh√£o;21;MA;n„o metropolitana;cerrado;224,74;Aw;33837;19,86;91,46;47,61
2110807;S√£o F√©lix De Balsas;21;MA;n„o metropolitana;cerrado;299,27;Aw;4402;0,99;24,58;14,61
2110856;S√£o Francisco Do Brej√£o;21;MA;n„o metropolitana;amazonia;322,88;Aw;8837;9,08;83,27;55,21
2110906;S√£o Francisco Do Maranh√£o;21;MA;n„o metropolitana;cerrado;205,34;Aw;12049;1,16;58,05;24,34
2111003;S√£o Jo√£o Batista;21;MA;n„o metropolitana;amazonia;6,35;Am;18559;23,05;65,75;11,62
2111029;S√£o Jo√£o Do Car√∫;21;MA;n„o metropolitana;amazonia;97,05;Am;12297;1,23;81,87;37,75
2111052;S√£o Jo√£o Do Para√≠so;21;MA;n„o metropolitana;cerrado;315,54;Aw;9622;2,51;81,1;39,74
2111078;S√£o Jo√£o Do Soter;21;MA;n„o metropolitana;cerrado;130,43;Aw;16083;2,7;82,77;12,3
2111102;S√£o Jo√£o Dos Patos;21;MA;n„o metropolitana;cerrado;305,2;Aw;25452;1,21;93,15;63,11
2111201;S√£o Jos√© De Ribamar;21;MA;metropolitana;amazonia;11,38;As;269657;45,72;74,61;81,05
2111250;S√£o Jos√© Dos Bas√≠lios;21;MA;n„o metropolitana;cerrado;86,61;Aw;6977;1,98;90,1;25,27
2111300;S√£o Lu√≠s;21;MA;metropolitana;amazonia;15,09;Aw;1061374;66,45;83,19;91,16
2111409;S√£o Lu√≠s Gonzaga Do Maranh√£o;21;MA;n„o metropolitana;cerrado;51,89;Aw;17870;8,99;80,72;30,51
2111508;S√£o Mateus Do Maranh√£o;21;MA;n„o metropolitana;cerrado;31,49;Aw;38902;7,49;82,21;60,39
2111532;S√£o Pedro Da √Ågua Branca;21;MA;n„o metropolitana;amazonia;137,29;Aw;14379;3,98;91,89;67,4
2111573;S√£o Pedro Dos Crentes;21;MA;n„o metropolitana;cerrado;361,78;Aw;5764;0,27;84,25;54,21
2111607;S√£o Raimundo Das Mangabeiras;21;MA;n„o metropolitana;cerrado;358,71;Aw;18593;5,54;76,97;69,29
2111631;S√£o Raimundo Do Doca Bezerra;21;MA;n„o metropolitana;cerrado;188,7;Aw;5646;13,9;77,94;56,31
2111672;S√£o Roberto;21;MA;n„o metropolitana;cerrado;157,06;Aw;4548;24,31;71,12;46,81
2111706;S√£o Vicente Ferrer;21;MA;n„o metropolitana;amazonia;22;Aw;19446;4,34;68,63;10,32
2111722;Satubinha;21;MA;n„o metropolitana;amazonia;31,49;Aw;8821;4;91,43;14,7
2111748;Senador Alexandre Costa;21;MA;n„o metropolitana;cerrado;143,24;Aw;10087;2,25;69,62;26,58
2111763;Senador La Rocque;21;MA;n„o metropolitana;amazonia;248,12;Aw;14688;18,31;94,94;49,07
2111789;Serrano Do Maranh√£o;21;MA;n„o metropolitana;amazonia;26,2;As;10194;0,66;76,9;0,55
2111805;S√≠tio Novo;21;MA;n„o metropolitana;cerrado;311,83;Aw;16626;3,56;81,75;30,16
2111904;Sucupira Do Norte;21;MA;n„o metropolitana;cerrado;319,44;Aw;10247;1,22;77,03;19,59
2111953;Sucupira Do Riach√£o;21;MA;n„o metropolitana;cerrado;312,86;Aw;4966;0,91;91,67;0,08
2112001;Tasso Fragoso;21;MA;n„o metropolitana;cerrado;417,23;Aw;8891;1,91;87,14;59,55
2112100;Timbiras;21;MA;n„o metropolitana;cerrado;86,32;Aw;26501;14,88;77,92;35,71
2112209;Timon;21;MA;metropolitana;cerrado;140,18;Aw;175044;38,25;89,98;68,39
2112233;Trizidela Do Vale;21;MA;n„o metropolitana;cerrado;56,7;Aw;22438;15,47;92,02;81,52
2112274;Tufil√¢ndia;21;MA;n„o metropolitana;amazonia;27,94;Aw;5502;5,24;95,92;15,95
2112308;Tuntum;21;MA;n„o metropolitana;cerrado;194,1;Aw;34411;12,04;87,82;42,5
2112407;Turia√ßu;21;MA;n„o metropolitana;amazonia;33,97;Am;37522;7,31;49,79;20,28
2112456;Turil√¢ndia;21;MA;n„o metropolitana;amazonia;25,61;Am;31875;6,42;82,37;37,47
2112506;Tut√≥ia;21;MA;n„o metropolitana;cerrado;45,59;As;53346;3,53;76,36;25,94
2112605;Urbano Santos;21;MA;n„o metropolitana;cerrado;83,28;Aw;32792;19,5;74,57;19,19
2112704;Vargem Grande;21;MA;n„o metropolitana;cerrado;58,13;Aw;48430;20,03;63,03;28,05
2112803;Viana;21;MA;n„o metropolitana;amazonia;15,95;Am;51449;29,77;76,31;44
2112852;Vila Nova Dos Mart√≠rios;21;MA;n„o metropolitana;amazonia;198,92;Aw;10138;0,98;88,37;67,77
2112902;Vit√≥ria Do Mearim;21;MA;n„o metropolitana;amazonia;13,17;Am;30478;19,27;86,51;54,11
2113009;Vitorino Freire;21;MA;n„o metropolitana;amazonia;52,65;Aw;30067;10,83;83,12;42,78
2114007;Z√© Doca;21;MA;n„o metropolitana;amazonia;72,66;Am;40786;9,68;89,28;58,61
2200053;Acau√£;22;PI;n„o metropolitana;caatinga;471,59;BSh;6422;1,44;25,58;20,09
2200103;Agricol√¢ndia;22;PI;n„o metropolitana;cerrado;297,59;Aw;4962;56,04;97,2;42,4
2200202;√Ågua Branca;22;PI;n„o metropolitana;cerrado;233,07;Aw;17642;2,12;92,8;87,64
2200251;Alagoinha Do Piau√≠;22;PI;n„o metropolitana;caatinga;444,92;BSh;6819;7,38;47,65;48,92
2200277;Alegrete Do Piau√≠;22;PI;n„o metropolitana;caatinga;486,82;BSh;4571;2,21;89,99;64,18
2200301;Alto Long√°;22;PI;n„o metropolitana;cerrado;163,68;Aw;13185;4,29;90,24;42,59
2200400;Altos;22;PI;metropolitana;cerrado;172,39;Aw;46826;7,41;84,33;44,71
2200459;Alvorada Do Gurgu√©ia;22;PI;n„o metropolitana;caatinga;375,75;Aw;5327;1,09;88,17;27,3
2200509;Amarante;22;PI;n„o metropolitana;cerrado;164,11;Aw;17194;9,53;73,7;41,33
2200608;Angical Do Piau√≠;22;PI;n„o metropolitana;cerrado;217,49;Aw;6827;7,9;96,01;60,64
2200707;An√≠sio De Abreu;22;PI;n„o metropolitana;caatinga;490,81;Aw;9401;18,26;57,9;38,67
2200806;Ant√¥nio Almeida;22;PI;n„o metropolitana;cerrado;339,9;Aw;3155;13,38;90,89;67,12
2200905;Aroazes;22;PI;n„o metropolitana;cerrado;246,97;Aw;5369;1,42;78,14;50,18
2200954;Aroeiras Do Itaim;22;PI;n„o metropolitana;caatinga;264,97;BSh;2709;10,47;55,76;10,76
2201002;Arraial;22;PI;n„o metropolitana;caatinga;189,93;Aw;4519;10,08;75,68;53,12
2201051;Assun√ß√£o Do Piau√≠;22;PI;n„o metropolitana;caatinga;611,51;As;7467;13,46;79,34;31,15
2201101;Avelino Lopes;22;PI;n„o metropolitana;caatinga;495,11;Aw;10806;1,32;70,09;58,05
2201150;Baixa Grande Do Ribeiro;22;PI;n„o metropolitana;cerrado;476,51;Aw;13273;2,18;89,17;58,05
2201176;Barra D'alc√¢ntara;22;PI;n„o metropolitana;cerrado;344,46;Aw;3998;0,76;95,16;53,44
2201200;Barras;22;PI;n„o metropolitana;cerrado;103,01;As;47909;24,57;80,9;40,86
2201309;Barreiras Do Piau√≠;22;PI;n„o metropolitana;cerrado;468,49;Aw;3271;0,5;90,71;30,02
2201408;Barro Duro;22;PI;n„o metropolitana;cerrado;197,54;Aw;6641;66;82,24;59,75
2201507;Batalha;22;PI;n„o metropolitana;cerrado;92,88;As;26300;25,65;84,84;34,91
2201556;Bela Vista Do Piau√≠;22;PI;n„o metropolitana;caatinga;321,97;BSh;4093;33,44;91,45;41,14
2201572;Bel√©m Do Piau√≠;22;PI;n„o metropolitana;caatinga;366,67;BSh;3425;26,91;54,34;46,41
2201606;Beneditinos;22;PI;metropolitana;cerrado;117,71;Aw;9803;38,54;86,96;55,56
2201705;Bertol√≠nia;22;PI;n„o metropolitana;cerrado;313,78;Aw;5579;1,24;85,87;22,84
2201739;Bet√¢nia Do Piau√≠;22;PI;n„o metropolitana;caatinga;476,74;BSh;6222;0,06;6,33;27,93
2201770;Boa Hora;22;PI;n„o metropolitana;cerrado;115,27;As;6989;19,94;85,59;7,17
2201804;Bocaina;22;PI;n„o metropolitana;caatinga;320,95;BSh;4078;23,14;95,81;39,05
2201903;Bom Jesus;22;PI;n„o metropolitana;cerrado;504,51;Aw;28857;9,42;92,81;70,67
2201919;Bom Princ√≠pio Do Piau√≠;22;PI;n„o metropolitana;caatinga;61,84;As;5636;20,86;83,9;33,23
2201929;Bonfim Do Piau√≠;22;PI;n„o metropolitana;caatinga;438,01;BSh;5918;4,15;17,78;26,81
2201945;Boqueir√£o Do Piau√≠;22;PI;n„o metropolitana;cerrado;123,57;As;6594;9,05;88,09;28,16
2201960;Brasileira;22;PI;n„o metropolitana;cerrado;137,56;As;8438;26,87;82,59;41,3
2201988;Brejo Do Piau√≠;22;PI;n„o metropolitana;caatinga;391,65;Aw;3899;0;59,2;37,76
2202000;Buriti Dos Lopes;22;PI;n„o metropolitana;cerrado;52,2;As;19545;32,07;78,48;39,92
2202026;Buriti Dos Montes;22;PI;n„o metropolitana;caatinga;391,76;As;7440;42,7;83,66;28,7
2202059;Cabeceiras Do Piau√≠;22;PI;n„o metropolitana;cerrado;110,73;As;10001;32,32;83,88;16,39
2202075;Cajazeiras Do Piau√≠;22;PI;n„o metropolitana;caatinga;173,63;Aw;3113;46,88;85,59;33,44
2202083;Cajueiro Da Praia;22;PI;n„o metropolitana;caatinga;12,66;As;7963;14,18;62,23;45,57
2202091;Caldeir√£o Grande Do Piau√≠;22;PI;n„o metropolitana;caatinga;652,91;BSh;5503;0,12;7;31,54
2202109;Campinas Do Piau√≠;22;PI;n„o metropolitana;caatinga;268,68;BSh;4948;1,22;51,37;34,67
2202117;Campo Alegre Do Fidalgo;22;PI;n„o metropolitana;caatinga;380,78;BSh;4605;0,16;34,66;26,23
2202133;Campo Grande Do Piau√≠;22;PI;n„o metropolitana;caatinga;388,07;BSh;6011;12,81;43,53;39,43
2202174;Campo Largo Do Piau√≠;22;PI;n„o metropolitana;cerrado;84,29;Aw;7422;0,89;73,7;15,03
2202208;Campo Maior;22;PI;n„o metropolitana;cerrado;147,29;As;45252;29,28;91,85;71,79
2202251;Canavieira;22;PI;n„o metropolitana;caatinga;260,39;Aw;3409;9,92;78,7;22,5
2202307;Canto Do Buriti;22;PI;n„o metropolitana;caatinga;453,61;Aw;19355;2,99;66,95;53,64
2202406;Capit√£o De Campos;22;PI;n„o metropolitana;cerrado;176,55;As;11108;7,74;76,15;32,2
2202455;Capit√£o Gerv√°sio Oliveira;22;PI;n„o metropolitana;caatinga;354,66;BSh;3974;4,55;47,02;30,77
2202505;Caracol;22;PI;n„o metropolitana;caatinga;602,06;Aw;10326;35,87;39,41;30,04
2202539;Cara√∫bas Do Piau√≠;22;PI;n„o metropolitana;cerrado;66,05;As;5626;28,15;66,49;24,91
2202554;Caridade Do Piau√≠;22;PI;n„o metropolitana;caatinga;401,25;BSh;5040;0,08;48,93;33,52
2202604;Castelo Do Piau√≠;22;PI;n„o metropolitana;cerrado;262,19;As;19266;17,62;83,74;60,48
2202653;Caxing√≥;22;PI;n„o metropolitana;cerrado;52,87;As;5497;28,57;55,96;22,97
2202703;Cocal;22;PI;n„o metropolitana;caatinga;183,27;As;28121;0,68;58,34;39,02
2202711;Cocal De Telha;22;PI;n„o metropolitana;cerrado;148,25;As;4927;33,96;87,65;45,93
2202729;Cocal Dos Alves;22;PI;n„o metropolitana;caatinga;230,05;As;6362;12,03;77,36;12,29
2202737;Coivaras;22;PI;metropolitana;cerrado;174,22;Aw;4110;5,23;89,55;23,25
2202752;Col√¥nia Do Gurgu√©ia;22;PI;n„o metropolitana;caatinga;306,57;Aw;6157;1,83;95,39;43,06
2202778;Col√¥nia Do Piau√≠;22;PI;n„o metropolitana;caatinga;253,09;Aw;6991;0,9;93,47;32,6
2202802;Concei√ß√£o Do Canind√©;22;PI;n„o metropolitana;caatinga;319,27;BSh;4943;51,56;63,54;51,18
2202851;Coronel Jos√© Dias;22;PI;n„o metropolitana;caatinga;411,36;BSh;4243;19,57;34,14;37,32
2202901;Corrente;22;PI;n„o metropolitana;cerrado;535,84;Aw;27419;12,89;78,25;60,57
2203008;Cristal√¢ndia Do Piau√≠;22;PI;n„o metropolitana;cerrado;554,74;Aw;7369;1,29;80,58;37,36
2203107;Cristino Castro;22;PI;n„o metropolitana;cerrado;381,01;Aw;10509;1,91;89,41;57,79
2203206;Curimat√°;22;PI;n„o metropolitana;caatinga;447,77;Aw;11044;5,01;84,27;55,65
2203230;Currais;22;PI;n„o metropolitana;cerrado;482,37;Aw;4832;0,44;78,16;17,24
2203255;Curralinhos;22;PI;metropolitana;cerrado;180,2;Aw;4396;41,92;95,83;17,33
2203271;Curral Novo Do Piau√≠;22;PI;n„o metropolitana;caatinga;510,24;BSh;5073;0,5;39,76;36,78
2203305;Demerval Lob√£o;22;PI;metropolitana;cerrado;112,56;Aw;16359;2,3;90,24;60,49
2203354;Dirceu Arcoverde;22;PI;n„o metropolitana;caatinga;443,83;BSh;7061;0,76;39,17;26,2
2203404;Dom Expedito Lopes;22;PI;n„o metropolitana;caatinga;454,57;As;6315;3,59;92,3;83,35
2203420;Domingos Mour√£o;22;PI;n„o metropolitana;caatinga;236,68;As;4071;44,33;69,09;33,73
2203453;Dom Inoc√™ncio;22;PI;n„o metropolitana;caatinga;405,14;BSh;9036;6,45;21,51;22,09
2203503;Elesb√£o Veloso;22;PI;n„o metropolitana;cerrado;232,67;Aw;13574;54,26;91,88;67
2203602;Eliseu Martins;22;PI;n„o metropolitana;caatinga;324,75;Aw;4377;37;90,96;71,67
2203701;Esperantina;22;PI;n„o metropolitana;cerrado;84,36;Aw;40968;4,07;82,34;53,7
2203750;Fartura Do Piau√≠;22;PI;n„o metropolitana;caatinga;447,66;BSh;5284;1,59;28,11;18,33
2203800;Flores Do Piau√≠;22;PI;n„o metropolitana;caatinga;326,69;Aw;4415;33,62;72,92;58,23
2203859;Floresta Do Piau√≠;22;PI;n„o metropolitana;caatinga;258,47;BSh;2334;1,48;73,86;37,47
2203909;Floriano;22;PI;n„o metropolitana;cerrado;211,47;Aw;62593;33,07;92,3;81,3
2204006;Francin√≥polis;22;PI;n„o metropolitana;cerrado;297,64;Aw;4506;0,85;90,14;67,62
2204105;Francisco Ayres;22;PI;n„o metropolitana;caatinga;181,26;Aw;4407;30,61;82,77;48,6
2204154;Francisco Macedo;22;PI;n„o metropolitana;caatinga;458,42;BSh;2921;2,29;41,86;40,84
2204204;Francisco Santos;22;PI;n„o metropolitana;caatinga;399,62;BSh;8257;8,1;63;51,91
2204303;Fronteiras;22;PI;n„o metropolitana;caatinga;517,51;BSh;10293;44,53;71,04;58,48
2204352;Geminiano;22;PI;n„o metropolitana;caatinga;306,6;BSh;5447;8,05;60,75;41,37
2204402;Gilbu√©s;22;PI;n„o metropolitana;cerrado;467,09;Aw;10926;3,37;81,54;41,95
2204501;Guadalupe;22;PI;n„o metropolitana;cerrado;200,44;Aw;10305;29,77;94,02;85,37
2204550;Guaribas;22;PI;n„o metropolitana;caatinga;560,9;Aw;4281;30,6;54,76;26,03
2204600;Hugo Napole√£o;22;PI;n„o metropolitana;cerrado;224,86;Aw;3526;44,3;82,21;73,22
2204659;Ilha Grande;22;PI;n„o metropolitana;caatinga;4,27;As;9207;5,05;86,86;61,64
2204709;Inhuma;22;PI;n„o metropolitana;caatinga;466,21;As;14803;5,2;83,49;55,31
2204808;Ipiranga Do Piau√≠;22;PI;n„o metropolitana;caatinga;444,61;As;9275;1,79;86,32;59,11
2204907;Isa√≠as Coelho;22;PI;n„o metropolitana;caatinga;296,82;Aw;7782;2,14;40,99;29,73
2205003;Itain√≥polis;22;PI;n„o metropolitana;caatinga;278,11;BSh;10614;5,9;57,98;24,3
2205102;Itaueira;22;PI;n„o metropolitana;cerrado;314,91;Aw;9939;17,39;84,93;54,91
2205151;Jacobina Do Piau√≠;22;PI;n„o metropolitana;caatinga;335,87;BSh;5630;14,61;45,58;29,84
2205201;Jaic√≥s;22;PI;n„o metropolitana;caatinga;337,3;BSh;17408;7,43;60,3;45,95
2205250;Jardim Do Mulato;22;PI;n„o metropolitana;cerrado;248,29;Aw;4178;0,4;96,6;22,04
2205276;Jatob√° Do Piau√≠;22;PI;n„o metropolitana;cerrado;177,17;As;4495;11,63;83,91;19,55
2205300;Jerumenha;22;PI;n„o metropolitana;cerrado;215,34;Aw;4435;37,79;96,51;20,84
2205359;Jo√£o Costa;22;PI;n„o metropolitana;caatinga;403,93;BSh;2971;18,53;34,6;15,1
2205409;Joaquim Pires;22;PI;n„o metropolitana;cerrado;50,73;As;13893;10,12;83,29;31,16
2205458;Joca Marques;22;PI;n„o metropolitana;cerrado;58,39;As;5390;6,63;69,67;28,83
2205508;Jos√© De Freitas;22;PI;metropolitana;cerrado;122,15;Aw;42575;39,77;81,54;26,83
2205516;Juazeiro Do Piau√≠;22;PI;n„o metropolitana;cerrado;228,57;As;5215;23,53;75,73;23,86
2205524;J√∫lio Borges;22;PI;n„o metropolitana;caatinga;545,78;Aw;5388;5,15;50,04;27,37
2205532;Jurema;22;PI;n„o metropolitana;caatinga;549,57;Aw;4426;15,4;58,97;33,33
2205540;Lagoinha Do Piau√≠;22;PI;n„o metropolitana;cerrado;255,72;Aw;2934;2,33;99,49;59,22
2205557;Lagoa Alegre;22;PI;metropolitana;cerrado;117,87;Aw;8263;41,78;77,43;16,35
2205565;Lagoa Do Barro Do Piau√≠;22;PI;n„o metropolitana;caatinga;444,65;BSh;4997;0,69;24,5;19,01
2205573;Lagoa De S√£o Francisco;22;PI;n„o metropolitana;caatinga;354,42;As;6329;3,07;42,81;19,02
2205581;Lagoa Do Piau√≠;22;PI;metropolitana;cerrado;139,54;Aw;4805;0,66;70,43;38,79
2205599;Lagoa Do S√≠tio;22;PI;n„o metropolitana;caatinga;464,65;As;4529;7,94;87,88;29,3
2205607;Landri Sales;22;PI;n„o metropolitana;cerrado;328,46;Aw;5315;2,86;93,71;55,04
2205706;Lu√≠s Correia;22;PI;n„o metropolitana;caatinga;39,76;As;30701;16,41;64,22;34,9
2205805;Luzil√¢ndia;22;PI;n„o metropolitana;cerrado;58,38;Aw;25382;15,66;69,34;46,04
2205854;Madeiro;22;PI;n„o metropolitana;cerrado;56,66;Aw;8046;32,95;78,87;24,57
2205904;Manoel Em√≠dio;22;PI;n„o metropolitana;cerrado;404,95;Aw;5212;0,57;83,44;47,95
2205953;Marcol√¢ndia;22;PI;n„o metropolitana;caatinga;658,62;BSh;8541;0,23;0,5;81,38
2206001;Marcos Parente;22;PI;n„o metropolitana;cerrado;287,65;Aw;4729;4,45;96,59;78,22
2206050;Massap√™ Do Piau√≠;22;PI;n„o metropolitana;caatinga;302,68;BSh;5233;0,12;32,14;18,63
2206100;Matias Ol√≠mpio;22;PI;n„o metropolitana;cerrado;74,1;Aw;10712;17,36;67,89;33,57
2206209;Miguel Alves;22;PI;n„o metropolitana;cerrado;81,96;Aw;32151;10,49;74,71;16,76
2206308;Miguel Le√£o;22;PI;metropolitana;cerrado;266,55;Aw;1318;0,3;83,9;39,21
2206357;Milton Brand√£o;22;PI;n„o metropolitana;caatinga;317,14;As;6543;2,22;69,92;24,01
2206407;Monsenhor Gil;22;PI;metropolitana;cerrado;195,2;Aw;10260;25,23;87,8;43,94
2206506;Monsenhor Hip√≥lito;22;PI;n„o metropolitana;caatinga;466,62;BSh;7550;24,39;61,07;47,66
2206605;Monte Alegre Do Piau√≠;22;PI;n„o metropolitana;cerrado;444,03;Aw;10683;2,23;88,93;26,39
2206654;Morro Cabe√ßa No Tempo;22;PI;n„o metropolitana;caatinga;520,85;Aw;4361;2,85;65,28;39,82
2206670;Morro Do Chap√©u Do Piau√≠;22;PI;n„o metropolitana;cerrado;79,5;Aw;6422;35,82;86,09;28,95
2206696;Murici Dos Portelas;22;PI;n„o metropolitana;cerrado;46,31;As;9841;10,15;58,32;16,3
2206704;Nazar√© Do Piau√≠;22;PI;n„o metropolitana;cerrado;212,05;Aw;6660;1,71;69,44;29,12
2206720;Naz√°ria;22;PI;metropolitana;cerrado;74;Aw;10278;25,53;81,09;38,38
2206753;Nossa Senhora De Nazar√©;22;PI;n„o metropolitana;cerrado;117,09;As;5195;23,07;83,1;18,61
2206803;Nossa Senhora Dos Rem√©dios;22;PI;n„o metropolitana;cerrado;87,41;Aw;8523;39,34;70,3;24,81
2206902;Novo Oriente Do Piau√≠;22;PI;n„o metropolitana;cerrado;324,64;Aw;6081;14,36;76,59;51,57
2206951;Novo Santo Ant√¥nio;22;PI;n„o metropolitana;cerrado;170,73;As;2820;4,49;65,39;29,24
2207009;Oeiras;22;PI;n„o metropolitana;caatinga;238,48;Aw;38192;20,93;75,83;54,4
2207108;Olho D'√°gua Do Piau√≠;22;PI;n„o metropolitana;cerrado;245,28;Aw;2646;62,83;93,65;30,29
2207207;Padre Marcos;22;PI;n„o metropolitana;caatinga;395,59;BSh;6379;19,48;58,79;43,35
2207306;Paes Landim;22;PI;n„o metropolitana;caatinga;259,37;BSh;4100;8,52;67,19;62,93
2207355;Paje√∫ Do Piau√≠;22;PI;n„o metropolitana;caatinga;328,37;Aw;3001;22,45;65,79;44,12
2207405;Palmeira Do Piau√≠;22;PI;n„o metropolitana;cerrado;470,08;Aw;4954;12,97;88,32;25,73
2207504;Palmeirais;22;PI;n„o metropolitana;cerrado;170,31;Aw;13156;13,12;83,25;35,6
2207553;Paquet√°;22;PI;n„o metropolitana;caatinga;299,15;As;3818;31,08;64,55;19,95
2207603;Parnagu√°;22;PI;n„o metropolitana;caatinga;453,41;Aw;9429;3,28;71,44;36,71
2207702;Parna√≠ba;22;PI;n„o metropolitana;caatinga;19,61;As;163087;24,27;93,81;84,54
2207751;Passagem Franca Do Piau√≠;22;PI;n„o metropolitana;cerrado;186,8;Aw;4144;9,08;76,62;46,13
2207777;Patos Do Piau√≠;22;PI;n„o metropolitana;caatinga;311,42;BSh;5425;19,49;63,64;30,17
2207793;Pau D'arco Do Piau√≠;22;PI;n„o metropolitana;cerrado;129,44;Aw;3879;6,21;77,2;0,29
2207801;Paulistana;22;PI;n„o metropolitana;caatinga;386,74;BSh;21080;1,03;61,66;51,7
2207850;Pavussu;22;PI;n„o metropolitana;caatinga;408,95;Aw;3620;13,9;65,41;47,17
2207900;Pedro Ii;22;PI;n„o metropolitana;caatinga;427,69;As;37945;9,4;74,33;58,29
2207934;Pedro Laurentino;22;PI;n„o metropolitana;caatinga;298,96;BSh;2458;2,75;88,1;36,03
2207959;Nova Santa Rita;22;PI;n„o metropolitana;caatinga;325,66;BSh;4059;46,92;52,55;19,99
2208007;Picos;22;PI;n„o metropolitana;caatinga;322,02;BSh;82028;40,52;89,39;91,51
2208106;Pimenteiras;22;PI;n„o metropolitana;caatinga;520,7;As;11172;5,21;73,84;39,82
2208205;Pio Ix;22;PI;n„o metropolitana;caatinga;578,04;BSh;17586;16,34;45,3;35,88
2208304;Piracuruca;22;PI;n„o metropolitana;cerrado;118,42;As;28906;10,04;79,11;59,11
2208403;Piripiri;22;PI;n„o metropolitana;cerrado;185,04;As;65762;19,23;84,08;67,42
2208502;Porto;22;PI;n„o metropolitana;cerrado;56,43;Aw;12122;35,05;69,69;37,63
2208551;Porto Alegre Do Piau√≠;22;PI;n„o metropolitana;cerrado;260,08;Aw;2342;0,45;91,05;64,38
2208601;Prata Do Piau√≠;22;PI;n„o metropolitana;cerrado;134,13;Aw;3042;15,11;84,22;74,63
2208650;Queimada Nova;22;PI;n„o metropolitana;caatinga;478,66;BSh;8734;1,69;15,52;16,16
2208700;Reden√ß√£o Do Gurgu√©ia;22;PI;n„o metropolitana;cerrado;440,81;Aw;8393;40,04;87,75;37,45
2208809;Regenera√ß√£o;22;PI;n„o metropolitana;cerrado;280,29;Aw;17108;15,14;61,21;59,86
2208858;Riacho Frio;22;PI;n„o metropolitana;cerrado;416,46;Aw;4112;3,48;76,53;49,95
2208874;Ribeira Do Piau√≠;22;PI;n„o metropolitana;caatinga;234,47;BSh;4043;10,13;85,67;31,96
2208908;Ribeiro Gon√ßalves;22;PI;n„o metropolitana;cerrado;389,28;Aw;6164;10,41;77,77;54,26
2209005;Rio Grande Do Piau√≠;22;PI;n„o metropolitana;caatinga;358,14;Aw;5789;66,68;66,9;61,85
2209104;Santa Cruz Do Piau√≠;22;PI;n„o metropolitana;caatinga;260,11;As;5834;26,3;91,67;64,46
2209153;Santa Cruz Dos Milagres;22;PI;n„o metropolitana;cerrado;198,86;Aw;3432;3,53;93,23;62,83
2209203;Santa Filomena;22;PI;n„o metropolitana;cerrado;435,02;Aw;6084;34,86;53,04;30,55
2209302;Santa Luz;22;PI;n„o metropolitana;cerrado;431,95;Aw;5339;0,61;73,66;39,13
2209351;Santana Do Piau√≠;22;PI;n„o metropolitana;caatinga;451,33;As;4124;4,93;95,77;42,31
2209377;Santa Rosa Do Piau√≠;22;PI;n„o metropolitana;caatinga;191,35;Aw;4645;19,89;76,22;70,41
2209401;Santo Ant√¥nio De Lisboa;22;PI;n„o metropolitana;caatinga;381,49;BSh;5842;10,19;84,35;58,61
2209450;Santo Ant√¥nio Dos Milagres;22;PI;n„o metropolitana;cerrado;236,89;Aw;2141;5,27;38,42;22,6
2209500;Santo In√°cio Do Piau√≠;22;PI;n„o metropolitana;caatinga;262,34;BSh;3645;0,09;91,47;60,65
2209559;S√£o Braz Do Piau√≠;22;PI;n„o metropolitana;caatinga;577,16;Aw;4359;2,11;6,99;21,47
2209609;S√£o F√©lix Do Piau√≠;22;PI;n„o metropolitana;cerrado;170,72;Aw;2842;0,83;92,04;73,61
2209658;S√£o Francisco De Assis Do Piau√≠;22;PI;n„o metropolitana;caatinga;383,63;BSh;5561;3,29;24,66;29,36
2209708;S√£o Francisco Do Piau√≠;22;PI;n„o metropolitana;caatinga;213,18;Aw;5386;2,6;66,32;27,01
2209757;S√£o Gon√ßalo Do Gurgu√©ia;22;PI;n„o metropolitana;cerrado;541,57;Aw;2960;1,11;78,78;42,72
2209807;S√£o Gon√ßalo Do Piau√≠;22;PI;n„o metropolitana;cerrado;239,93;Aw;4842;7,09;96,86;71,91
2209856;S√£o Jo√£o Da Canabrava;22;PI;n„o metropolitana;caatinga;471,06;As;4190;30,02;85,68;42,87
2209872;S√£o Jo√£o Da Fronteira;22;PI;n„o metropolitana;caatinga;204,12;As;5525;13,9;81,73;35,54
2209906;S√£o Jo√£o Da Serra;22;PI;n„o metropolitana;cerrado;175,54;As;6118;39,21;73,95;52,38
2209955;S√£o Jo√£o Da Varjota;22;PI;n„o metropolitana;caatinga;354,93;As;4375;21,62;43,31;27,95
2209971;S√£o Jo√£o Do Arraial;22;PI;n„o metropolitana;cerrado;100;Aw;8202;25,37;91,63;19,13
2210003;S√£o Jo√£o Do Piau√≠;22;PI;n„o metropolitana;caatinga;292,09;BSh;21506;8,42;83,51;65,89
2210052;S√£o Jos√© Do Divino;22;PI;n„o metropolitana;cerrado;56,07;As;4842;1,15;76,62;51,37
2210102;S√£o Jos√© Do Peixe;22;PI;n„o metropolitana;caatinga;236,99;Aw;3288;3,39;93,88;43,88
2210201;S√£o Jos√© Do Piau√≠;22;PI;n„o metropolitana;caatinga;523;As;6600;32,07;90,2;57,04
2210300;S√£o Juli√£o;22;PI;n„o metropolitana;caatinga;402,19;BSh;5998;2,7;71,13;67,44
2210359;S√£o Louren√ßo Do Piau√≠;22;PI;n„o metropolitana;caatinga;386,45;BSh;4411;0,31;26,29;19,66
2210375;S√£o Luis Do Piau√≠;22;PI;n„o metropolitana;caatinga;403,91;As;2279;1,75;95,29;27,59
2210383;S√£o Miguel Da Baixa Grande;22;PI;n„o metropolitana;cerrado;185,96;Aw;2269;1,12;89,06;68,65
2210391;S√£o Miguel Do Fidalgo;22;PI;n„o metropolitana;caatinga;244,34;BSh;2824;0,85;76,62;30,48
2210409;S√£o Miguel Do Tapuio;22;PI;n„o metropolitana;cerrado;370,61;As;17544;20,06;85,46;41,79
2210508;S√£o Pedro Do Piau√≠;22;PI;n„o metropolitana;cerrado;257,86;Aw;13776;10,37;78,06;37,17
2210607;S√£o Raimundo Nonato;22;PI;n„o metropolitana;caatinga;462,03;BSh;39036;4,34;67,75;61,06
2210623;Sebasti√£o Barros;22;PI;n„o metropolitana;cerrado;478,07;Aw;3187;1,35;66,26;24,18
2210631;Sebasti√£o Leal;22;PI;n„o metropolitana;cerrado;421,99;Aw;4427;6,54;86,03;26,79
2210656;Sigefredo Pacheco;22;PI;n„o metropolitana;cerrado;228,63;As;9465;27,59;89,5;40,42
2210706;Sim√µes;22;PI;n„o metropolitana;caatinga;542,85;BSh;14344;33,67;47,01;45,91
2210805;Simpl√≠cio Mendes;22;PI;n„o metropolitana;caatinga;285,66;BSh;13842;24,54;86,06;68,3
2210904;Socorro Do Piau√≠;22;PI;n„o metropolitana;caatinga;284,6;BSh;4151;2,5;66,95;32,42
2210938;Sussuapara;22;PI;n„o metropolitana;caatinga;293,27;BSh;6221;21,9;97,73;43,71
2210953;Tamboril Do Piau√≠;22;PI;n„o metropolitana;caatinga;426,1;Aw;2949;54,29;65,21;49,67
2210979;Tanque Do Piau√≠;22;PI;n„o metropolitana;cerrado;301,84;Aw;2294;80;92,5;65,88
2211001;Teresina;22;PI;metropolitana;cerrado;113,31;Aw;868523;61,8;96,37;92,9
2211100;Uni√£o;22;PI;metropolitana;cerrado;85,68;Aw;46136;26,81;83,07;33,43
2211209;Uru√ßu√≠;22;PI;n„o metropolitana;cerrado;411,67;Aw;25166;16,96;90,62;71,56
2211308;Valen√ßa Do Piau√≠;22;PI;n„o metropolitana;cerrado;314,65;Aw;22316;5,39;95,15;77,33
2211357;V√°rzea Branca;22;PI;n„o metropolitana;caatinga;469,07;BSh;5055;4,08;27,21;21,8
2211407;V√°rzea Grande;22;PI;n„o metropolitana;cerrado;342,51;Aw;4418;70,43;95,94;56,96
2211506;Vera Mendes;22;PI;n„o metropolitana;caatinga;311,49;Aw;3084;37,7;67,93;29,03
2211605;Vila Nova Do Piau√≠;22;PI;n„o metropolitana;caatinga;413,86;BSh;2764;21,28;21,39;32,09
2211704;Wall Ferraz;22;PI;n„o metropolitana;caatinga;239,7;As;4020;0,35;35,07;30,2
2300101;Abaiara;23;CE;n„o metropolitana;caatinga;475,84;As;9670;7,98;73,63;40,23
2300150;Acarape;23;CE;n„o metropolitana;caatinga;143,97;As;13553;40,82;76,96;61,95
2300200;Acara√∫;23;CE;n„o metropolitana;caatinga;30,58;As;64551;17,22;86,16;45,38
2300309;Acopiara;23;CE;n„o metropolitana;caatinga;347,06;As;44601;19,77;62,48;48,44
2300408;Aiuaba;23;CE;n„o metropolitana;caatinga;522,56;BSh;13661;10,91;55,84;51,35
2300507;Alc√¢ntaras;23;CE;n„o metropolitana;caatinga;641,36;As;11359;21,91;62,58;46,39
2300606;Altaneira;23;CE;n„o metropolitana;caatinga;569,56;As;6782;14,6;95,55;77,5
2300705;Alto Santo;23;CE;n„o metropolitana;caatinga;121,78;As;14157;12,98;67,44;41,69
2300754;Amontada;23;CE;n„o metropolitana;caatinga;41,3;As;47486;10,03;77,08;33,96
2300804;Antonina Do Norte;23;CE;n„o metropolitana;caatinga;423,03;BSh;7054;40,51;79,62;64,49
2300903;Apuiar√©s;23;CE;n„o metropolitana;caatinga;106,91;BSh;12974;2,7;83,42;50,45
2301000;Aquiraz;23;CE;metropolitana;caatinga;35,62;As;92281;36,77;77,93;75,23
2301109;Aracati;23;CE;n„o metropolitana;caatinga;34,35;As;82476;4,54;82,01;73,22
2301208;Aracoiaba;23;CE;n„o metropolitana;caatinga;116,69;As;25522;18,29;65,96;51,96
2301257;Ararend√°;23;CE;n„o metropolitana;caatinga;366,03;As;11096;15,86;82,78;45,52
2301307;Araripe;23;CE;n„o metropolitana;caatinga;756,98;BSh;19791;15,06;68,42;60,42
2301406;Aratuba;23;CE;n„o metropolitana;caatinga;570,53;As;12110;19,32;82,06;35,06
2301505;Arneiroz;23;CE;n„o metropolitana;caatinga;428,67;BSh;7304;24,85;59,74;58,6
2301604;Assar√©;23;CE;n„o metropolitana;caatinga;499,02;As;21703;21,74;79,51;54,88
2301703;Aurora;23;CE;n„o metropolitana;caatinga;332,74;As;23173;12,52;69,24;48,21
2301802;Baixio;23;CE;n„o metropolitana;caatinga;275,46;As;5697;1,76;83,46;57,48
2301851;Banabui√∫;23;CE;n„o metropolitana;caatinga;156,91;BSh;16447;18,56;66,1;48,73
2301901;Barbalha;23;CE;n„o metropolitana;caatinga;765,33;As;72700;18,41;83,92;71,02
2301950;Barreira;23;CE;n„o metropolitana;caatinga;99,6;As;22412;13,43;70,01;46,15
2302008;Barro;23;CE;n„o metropolitana;caatinga;409,05;As;19313;11,25;84,68;54,37
2302057;Barroquinha;23;CE;n„o metropolitana;caatinga;18,71;As;14563;21,4;86,26;51,36
2302107;Baturit√©;23;CE;n„o metropolitana;caatinga;231,88;As;33335;46,16;75,59;73,38
2302206;Beberibe;23;CE;n„o metropolitana;caatinga;44,12;As;52726;11,55;75,77;59,58
2302305;Bela Cruz;23;CE;n„o metropolitana;caatinga;50,2;As;30050;20,8;82,39;44,01
2302404;Boa Viagem;23;CE;n„o metropolitana;caatinga;413,8;BSh;48213;40,46;75,84;45,99
2302503;Brejo Santo;23;CE;n„o metropolitana;caatinga;475;As;51034;62,17;84,96;70,9
2302602;Camocim;23;CE;n„o metropolitana;caatinga;21,84;As;62419;31,44;93,62;72,66
2302701;Campos Sales;23;CE;n„o metropolitana;caatinga;559,07;BSh;25132;23,62;71,86;70,98
2302800;Canind√©;23;CE;n„o metropolitana;caatinga;304,7;BSh;73969;25,22;73,87;61,83
2302909;Capistrano;23;CE;n„o metropolitana;caatinga;238,66;As;16005;15,95;55,16;37,26
2303006;Caridade;23;CE;n„o metropolitana;caatinga;185,14;As;15898;10,26;81,04;56,52
2303105;Carir√©;23;CE;n„o metropolitana;caatinga;136,81;As;17633;6,47;81,42;51,69
2303204;Cariria√ßu;23;CE;n„o metropolitana;caatinga;487,15;As;26236;15,72;85,88;54,17
2303303;Cari√∫s;23;CE;n„o metropolitana;caatinga;332,75;As;16398;12,06;62,25;53,33
2303402;Carnaubal;23;CE;n„o metropolitana;caatinga;759,79;As;17211;2,67;75,16;56,44
2303501;Cascavel;23;CE;metropolitana;caatinga;48,94;As;70498;14,52;79,4;66,17
2303600;Catarina;23;CE;n„o metropolitana;caatinga;478,36;BSh;9950;18,72;58,68;52,01
2303659;Catunda;23;CE;n„o metropolitana;caatinga;390,13;BSh;10425;1,53;75,83;51,66
2303709;Caucaia;23;CE;metropolitana;caatinga;75,58;As;372413;57,15;91,68;82,48
2303808;Cedro;23;CE;n„o metropolitana;caatinga;270,1;As;22216;8,93;81,71;57,45
2303907;Chaval;23;CE;n„o metropolitana;caatinga;30,51;As;12443;7,22;73,54;63,1
2303931;Chor√≥;23;CE;n„o metropolitana;caatinga;270,99;BSh;11414;11,27;38,92;22,64
2303956;Chorozinho;23;CE;metropolitana;caatinga;71,3;As;20174;4,84;59,3;61,64
2304004;Corea√∫;23;CE;n„o metropolitana;caatinga;132,75;As;20944;17,68;71,21;44,89
2304103;Crate√∫s;23;CE;n„o metropolitana;caatinga;353,28;As;75394;49,37;77,61;62,38
2304202;Crato;23;CE;n„o metropolitana;caatinga;716,19;As;130858;44,1;90,1;84,11
2304236;Croat√°;23;CE;n„o metropolitana;caatinga;640,63;As;17492;23,9;97,31;60,77
2304251;Cruz;23;CE;n„o metropolitana;caatinga;23,87;As;29360;6,84;90,21;57,47
2304269;Deputado Irapuan Pinheiro;23;CE;n„o metropolitana;caatinga;270,04;As;8470;2,06;80,2;45,87
2304277;Erer√™;23;CE;n„o metropolitana;caatinga;232,42;As;6466;20,05;79,31;51,83
2304285;Eus√©bio;23;CE;metropolitana;caatinga;28,13;As;73667;32,35;87,34;94,05
2304301;Farias Brito;23;CE;n„o metropolitana;caatinga;412,01;As;18226;12,64;78,91;66,01
2304350;Forquilha;23;CE;n„o metropolitana;caatinga;130,33;As;22848;72,3;92,19;70,99
2304400;Fortaleza;23;CE;metropolitana;caatinga;25,34;As;2596157;74,66;98,75;98,75
2304459;Fortim;23;CE;n„o metropolitana;caatinga;27,1;As;17308;2,05;84,84;73,48
2304509;Frecheirinha;23;CE;n„o metropolitana;caatinga;159,49;As;15660;12,49;70,28;65,58
2304608;General Sampaio;23;CE;n„o metropolitana;caatinga;145,65;BSh;6734;4;75,02;74,12
2304657;Gra√ßa;23;CE;n„o metropolitana;caatinga;391,19;As;13805;6,53;65,87;42,96
2304707;Granja;23;CE;n„o metropolitana;caatinga;108,69;As;53352;12,73;70,73;35,24
2304806;Granjeiro;23;CE;n„o metropolitana;caatinga;458,2;As;4843;26,05;86,42;37,66
2304905;Groa√≠ras;23;CE;n„o metropolitana;caatinga;102,41;As;10889;29,51;86,81;68,56
2304954;Guai√∫ba;23;CE;metropolitana;caatinga;131,41;As;22283;19,21;87,12;69,44
2305001;Guaraciaba Do Norte;23;CE;n„o metropolitana;caatinga;774;As;42063;8,1;87,07;47,09
2305100;Guaramiranga;23;CE;n„o metropolitana;caatinga;799,73;As;5676;73,9;81,24;85,76
2305209;Hidrol√¢ndia;23;CE;n„o metropolitana;caatinga;229,5;As;17854;6,49;75,34;58,72
2305233;Horizonte;23;CE;metropolitana;caatinga;62,91;As;69999;13,99;93,98;91,04
2305266;Ibaretama;23;CE;n„o metropolitana;caatinga;147,67;As;11927;2,99;25,5;36,99
2305308;Ibiapina;23;CE;n„o metropolitana;caatinga;662,25;As;23966;18,6;84,38;51,26
2305332;Ibicuitinga;23;CE;n„o metropolitana;caatinga;142;As;11582;15,75;75,54;50,54
2305357;Icapu√≠;23;CE;n„o metropolitana;caatinga;49,18;As;21400;14,98;87,64;82,44
2305407;Ic√≥;23;CE;n„o metropolitana;caatinga;306,03;BSh;62125;35,81;78,49;49,2
2305506;Iguatu;23;CE;n„o metropolitana;caatinga;245,54;As;97733;27,8;88,7;76,88
2305605;Independ√™ncia;23;CE;n„o metropolitana;caatinga;383,94;BSh;24047;32,37;66,8;44,07
2305654;Ipaporanga;23;CE;n„o metropolitana;caatinga;424,64;As;11575;2,01;86,79;32,65
2305704;Ipaumirim;23;CE;n„o metropolitana;caatinga;318,57;As;12204;16,76;77,75;64,63
2305803;Ipu;23;CE;n„o metropolitana;caatinga;356,52;As;41083;7,54;82,06;60,4
2305902;Ipueiras;23;CE;n„o metropolitana;caatinga;505,79;As;36751;21,08;89,15;42,97
2306009;Iracema;23;CE;n„o metropolitana;caatinga;217,76;As;13993;22,49;83,88;72,11
2306108;Irau√ßuba;23;CE;n„o metropolitana;caatinga;234,64;BSh;23944;36,83;76,14;65,99
2306207;Itai√ßaba;23;CE;n„o metropolitana;caatinga;29,5;As;7532;3,32;88,18;72,73
2306256;Itaitinga;23;CE;metropolitana;caatinga;58,11;As;60706;5,8;96,23;94,15
2306306;Itapaj√©;23;CE;n„o metropolitana;caatinga;323,54;As;46495;26,62;79,82;75,96
2306405;Itapipoca;23;CE;n„o metropolitana;caatinga;144,69;As;132711;34,72;78,52;54,55
2306504;Itapi√∫na;23;CE;n„o metropolitana;caatinga;169,42;As;17211;15,19;61,26;47,76
2306553;Itarema;23;CE;n„o metropolitana;caatinga;31,18;As;42698;12,51;83,03;44,9
2306603;Itatira;23;CE;n„o metropolitana;caatinga;466,67;BSh;20444;5,72;53,92;41,97
2306702;Jaguaretama;23;CE;n„o metropolitana;caatinga;144,87;As;17255;5,77;62,13;48,21
2306801;Jaguaribara;23;CE;n„o metropolitana;caatinga;116,77;BSh;10344;57,15;87,98;75,16
2306900;Jaguaribe;23;CE;n„o metropolitana;caatinga;180,31;BSh;32945;54,08;83,81;66,18
2307007;Jaguaruana;23;CE;n„o metropolitana;caatinga;43,62;As;30181;13,7;84,47;74,89
2307106;Jardim;23;CE;n„o metropolitana;caatinga;743,32;As;27335;38,3;49,5;40,13
2307205;Jati;23;CE;n„o metropolitana;caatinga;501,53;BSh;7821;18,39;80,7;54,6
2307254;Jijoca De Jericoacoara;23;CE;n„o metropolitana;caatinga;21,38;As;29472;14,35;93,71;56,22
2307304;Juazeiro Do Norte;23;CE;metropolitana;caatinga;406,64;As;269435;47,7;95,36;94,22
2307403;Juc√°s;23;CE;n„o metropolitana;caatinga;328,97;As;22926;27,56;77,21;56,57
2307502;Lavras Da Mangabeira;23;CE;n„o metropolitana;caatinga;281,15;As;30693;28,43;70,74;58,56
2307601;Limoeiro Do Norte;23;CE;n„o metropolitana;caatinga;90,15;As;59515;21,78;95,81;81,84
2307635;Madalena;23;CE;n„o metropolitana;caatinga;331,55;BSh;16127;11,77;68,65;53,77
2307650;Maracana√∫;23;CE;metropolitana;caatinga;95,52;As;231121;69,48;98,39;95,95
2307700;Maranguape;23;CE;metropolitana;caatinga;198,38;As;93155;32,33;86,24;84,08
2307809;Marco;23;CE;n„o metropolitana;caatinga;70,21;As;25790;8,39;83,32;57,86
2307908;Martin√≥pole;23;CE;n„o metropolitana;caatinga;61,33;As;10846;4,14;81,16;71,8
2308005;Massap√™;23;CE;n„o metropolitana;caatinga;168,66;As;37717;38,55;77,76;71,1
2308104;Mauriti;23;CE;n„o metropolitana;caatinga;490,31;As;45365;19,33;74,53;54,14
2308203;Meruoca;23;CE;n„o metropolitana;caatinga;672,51;As;15164;8,58;77,06;53,63
2308302;Milagres;23;CE;n„o metropolitana;caatinga;390,37;As;25761;12,86;69,83;45,52
2308351;Milh√£;23;CE;n„o metropolitana;caatinga;229,44;BSh;14135;22,16;71,93;50,01
2308377;Mira√≠ma;23;CE;n„o metropolitana;caatinga;105,69;As;14260;20,48;68,86;50,94
2308401;Miss√£o Velha;23;CE;n„o metropolitana;caatinga;555,31;As;36719;10,61;85,95;46,61
2308500;Momba√ßa;23;CE;n„o metropolitana;caatinga;372,56;BSh;37707;28,83;67,55;39,78
2308609;Monsenhor Tabosa;23;CE;n„o metropolitana;caatinga;577,88;BSh;17171;6,23;75,51;59,63
2308708;Morada Nova;23;CE;n„o metropolitana;caatinga;98,4;As;60940;9,6;78,29;55,97
2308807;Mora√∫jo;23;CE;n„o metropolitana;caatinga;95,28;As;8264;7,31;67,56;53,37
2308906;Morrinhos;23;CE;n„o metropolitana;caatinga;90,75;As;22311;23,33;78,64;56,18
2309003;Mucambo;23;CE;n„o metropolitana;caatinga;194,72;As;13670;18,12;72,53;65,69
2309102;Mulungu;23;CE;n„o metropolitana;caatinga;725,1;As;9851;30,03;63,53;61,82
2309201;Nova Olinda;23;CE;n„o metropolitana;caatinga;603,88;As;15437;44,16;80,99;68,35
2309300;Nova Russas;23;CE;n„o metropolitana;caatinga;271,99;As;30518;20,92;92,46;69,64
2309409;Novo Oriente;23;CE;n„o metropolitana;caatinga;453,33;BSh;27566;26,38;78,68;44,7
2309458;Ocara;23;CE;n„o metropolitana;caatinga;92,69;As;24483;11,57;53,9;43,12
2309508;Or√≥s;23;CE;n„o metropolitana;caatinga;232,76;BSh;19675;37,65;88,29;74,1
2309607;Pacajus;23;CE;metropolitana;caatinga;72,76;As;67168;7,07;80,04;82,22
2309706;Pacatuba;23;CE;metropolitana;caatinga;124,57;As;82432;77,56;97,76;93,96
2309805;Pacoti;23;CE;n„o metropolitana;caatinga;624,32;As;10467;45,55;79,02;67,88
2309904;Pacuj√°;23;CE;n„o metropolitana;caatinga;203,23;As;6136;46,71;72,55;68,96
2310001;Palhano;23;CE;n„o metropolitana;caatinga;51,3;As;9335;16,08;72,01;54,11
2310100;Palm√°cia;23;CE;n„o metropolitana;caatinga;350,95;As;10173;14,12;60,64;53,31
2310209;Paracuru;23;CE;metropolitana;caatinga;32,64;As;40046;31,92;94,64;76,45
2310258;Paraipaba;23;CE;metropolitana;caatinga;41,42;As;32278;29,24;89,13;53,97
2310308;Parambu;23;CE;n„o metropolitana;caatinga;546,87;BSh;31066;30,65;63,79;48,2
2310407;Paramoti;23;CE;n„o metropolitana;caatinga;164,04;BSh;10369;10,46;69,21;52,19
2310506;Pedra Branca;23;CE;n„o metropolitana;caatinga;523,67;BSh;37661;36,59;73,48;59,81
2310605;Penaforte;23;CE;n„o metropolitana;caatinga;511,77;BSh;8839;57,1;79,25;71,17
2310704;Pentecoste;23;CE;n„o metropolitana;caatinga;84,51;As;37853;28,05;80,2;62,26
2310803;Pereiro;23;CE;n„o metropolitana;caatinga;520,92;As;15279;13,09;78,53;39,85
2310852;Pindoretama;23;CE;metropolitana;caatinga;34,45;As;24329;1,23;87,36;69,55
2310902;Piquet Carneiro;23;CE;n„o metropolitana;caatinga;304,15;As;16926;5,23;66,51;54,86
2310951;Pires Ferreira;23;CE;n„o metropolitana;caatinga;193,73;As;10603;5,67;72,28;34,8
2311009;Poranga;23;CE;n„o metropolitana;caatinga;452,24;As;11742;11,74;80,72;42,67
2311108;Porteiras;23;CE;n„o metropolitana;caatinga;617,24;As;17060;30,35;65,43;44,12
2311207;Potengi;23;CE;n„o metropolitana;caatinga;568,02;BSh;9637;7,99;67,4;57,28
2311231;Potiretama;23;CE;n„o metropolitana;caatinga;162,82;As;5977;0,82;52,2;55,25
2311264;Quiterian√≥polis;23;CE;n„o metropolitana;caatinga;557,7;BSh;19624;15,34;61,07;34,41
2311306;Quixad√°;23;CE;n„o metropolitana;caatinga;201,72;As;80701;54,11;73,26;69,87
2311355;Quixel√¥;23;CE;n„o metropolitana;caatinga;244,17;BSh;15896;23,43;82,61;35,83
2311405;Quixeramobim;23;CE;n„o metropolitana;caatinga;245,53;BSh;78502;43,94;78,72;56,16
2311504;Quixer√©;23;CE;n„o metropolitana;caatinga;111,35;As;20863;2,84;89,21;77,64
2311603;Reden√ß√£o;23;CE;n„o metropolitana;caatinga;285,86;As;25813;17,02;72,84;63,29
2311702;Reriutaba;23;CE;n„o metropolitana;caatinga;259,64;As;18603;5,84;77,73;52,03
2311801;Russas;23;CE;n„o metropolitana;caatinga;65,52;As;72609;28,88;88,01;72,3
2311900;Saboeiro;23;CE;n„o metropolitana;caatinga;399,2;BSh;13755;9,1;62,66;54
2311959;Salitre;23;CE;n„o metropolitana;caatinga;686,89;BSh;16635;11,73;13,54;34,17
2312007;Santana Do Acara√∫;23;CE;n„o metropolitana;caatinga;86,82;As;28436;36,22;62,21;46,98
2312106;Santana Do Cariri;23;CE;n„o metropolitana;caatinga;773,57;As;16981;21,95;61,11;54,67
2312205;Santa Quit√©ria;23;CE;n„o metropolitana;caatinga;289,59;BSh;40239;23,66;70,39;42,57
2312304;S√£o Benedito;23;CE;n„o metropolitana;caatinga;775,92;As;47657;28,1;86,71;53,32
2312403;S√£o Gon√ßalo Do Amarante;23;CE;metropolitana;caatinga;42,24;As;60126;26,06;84,32;70,89
2312502;S√£o Jo√£o Do Jaguaribe;23;CE;n„o metropolitana;caatinga;71,79;BSh;5855;24,17;96,16;43,02
2312601;S√£o Lu√≠s Do Curu;23;CE;metropolitana;caatinga;52,76;As;10856;4,05;69,29;59,84
2312700;Senador Pompeu;23;CE;n„o metropolitana;caatinga;260,86;As;24256;36,83;76,89;56,81
2312809;Senador S√°;23;CE;n„o metropolitana;caatinga;85,52;As;7262;7,84;82,46;41,06
2312908;Sobral;23;CE;n„o metropolitana;caatinga;165,53;As;219030;75,69;95;88,54
2313005;Solon√≥pole;23;CE;n„o metropolitana;caatinga;201,88;BSh;18083;12,98;75,99;53,39
2313104;Tabuleiro Do Norte;23;CE;n„o metropolitana;caatinga;101,72;BSh;30655;24,61;77,81;66,33
2313203;Tamboril;23;CE;n„o metropolitana;caatinga;390,53;BSh;24812;11,91;83,42;50,08
2313252;Tarrafas;23;CE;n„o metropolitana;caatinga;408,12;As;7530;2,41;77,41;42,88
2313302;Tau√°;23;CE;n„o metropolitana;caatinga;489,2;BSh;56086;33,5;78,52;61,97
2313351;Teju√ßuoca;23;CE;n„o metropolitana;caatinga;188,98;BSh;17149;2,73;60,04;43,3
2313401;Tiangu√°;23;CE;n„o metropolitana;caatinga;591,26;As;81656;40,36;89,94;61,58
2313500;Trairi;23;CE;metropolitana;caatinga;43,37;As;58122;6,34;75,99;38,41
2313559;Tururu;23;CE;n„o metropolitana;caatinga;95,83;As;15432;1,65;79,47;52,92
2313609;Ubajara;23;CE;n„o metropolitana;caatinga;614,67;As;32778;8,25;80,74;59,54
2313708;Umari;23;CE;n„o metropolitana;caatinga;305,01;As;6874;14,52;80,47;40,33
2313757;Umirim;23;CE;n„o metropolitana;caatinga;108,89;As;17491;7,21;79,83;57,52
2313807;Uruburetama;23;CE;n„o metropolitana;caatinga;378,36;As;20259;19,16;76,89;77,15
2313906;Uruoca;23;CE;n„o metropolitana;caatinga;90,06;As;13651;24,9;71,33;54,38
2313955;Varjota;23;CE;n„o metropolitana;caatinga;166,54;As;18105;25,26;91,82;75,64
2314003;V√°rzea Alegre;23;CE;n„o metropolitana;caatinga;368,67;As;38825;18,43;85,21;57,91
2314102;Vi√ßosa Do Cear√°;23;CE;n„o metropolitana;caatinga;460,78;As;59470;9,58;65,81;31,94
2400109;Acari;24;RN;n„o metropolitana;caatinga;338,81;BSh;10589;82,24;94,5;89,43
2400208;A√ßu;24;RN;n„o metropolitana;caatinga;86,9;BSh;56482;13,63;88,83;86,38
2400307;Afonso Bezerra;24;RN;n„o metropolitana;caatinga;76,77;BSh;10838;51,82;76,2;58,46
2400406;√Ågua Nova;24;RN;n„o metropolitana;caatinga;304,44;As;2951;7,07;86,49;65,66
2400505;Alexandria;24;RN;n„o metropolitana;caatinga;346,08;As;13211;57,25;84,87;68,74
2400604;Almino Afonso;24;RN;n„o metropolitana;caatinga;293,27;As;4689;12,61;73,19;67,83
2400703;Alto Do Rodrigues;24;RN;n„o metropolitana;caatinga;38,51;BSh;12538;8,2;85,86;95,89
2400802;Angicos;24;RN;n„o metropolitana;caatinga;123,98;BSh;11641;38,29;90,47;81,49
2400901;Ant√¥nio Martins;24;RN;n„o metropolitana;caatinga;341,03;As;6577;24,82;84,71;52,9
2401008;Apodi;24;RN;n„o metropolitana;caatinga;126,04;As;36118;10,29;71,44;62,35
2401107;Areia Branca;24;RN;n„o metropolitana;caatinga;82,73;BSh;24076;29,05;86,47;93,81
2401206;Ar√™s;24;RN;n„o metropolitana;mata atlantica;66,03;As;13268;20,16;86,96;81,79
2401305;Augusto Severo;24;RN;n„o metropolitana;caatinga;158,74;BSh;10319;17,49;55,02;52,41
2401404;Ba√≠a Formosa;24;RN;n„o metropolitana;mata atlantica;35,55;As;8825;10,36;90,93;93,41
2401453;Bara√∫na;24;RN;n„o metropolitana;caatinga;99,83;As;26949;9,68;80,07;70,68
2401503;Barcelona;24;RN;n„o metropolitana;caatinga;163,82;BSh;4003;25,33;80,12;57,52
2401602;Bento Fernandes;24;RN;n„o metropolitana;caatinga;133,51;As;4796;13,78;75,37;65,05
2401651;Bod√≥;24;RN;n„o metropolitana;caatinga;484,61;BSh;2309;40,57;76,84;58,56
2401701;Bom Jesus;24;RN;n„o metropolitana;caatinga;115,81;As;9713;10,51;87,55;76,14
2401800;Brejinho;24;RN;n„o metropolitana;caatinga;113;As;12205;31,56;87;79,13
2401859;Cai√ßara Do Norte;24;RN;n„o metropolitana;caatinga;34,48;BSh;6282;40,41;92,21;96,38
2401909;Cai√ßara Do Rio Do Vento;24;RN;n„o metropolitana;caatinga;232,15;BSh;3274;58,52;89,46;83,08
2402006;Caic√≥;24;RN;n„o metropolitana;caatinga;228,69;BSh;61160;76,84;93,35;88,4
2402105;Campo Redondo;24;RN;n„o metropolitana;caatinga;482,79;As;10217;45,58;50,77;60,78
2402204;Canguaretama;24;RN;n„o metropolitana;mata atlantica;56,44;As;29377;5,29;92,08;83,12
2402303;Cara√∫bas;24;RN;n„o metropolitana;caatinga;126,87;BSh;19766;12,79;78,78;72,47
2402402;Carna√∫ba Dos Dantas;24;RN;n„o metropolitana;caatinga;459,7;BSh;7949;16,75;79,09;91,76
2402501;Carnaubais;24;RN;n„o metropolitana;caatinga;46,37;BSh;9704;45,28;87,53;78,71
2402600;Cear√°-Mirim;24;RN;metropolitana;caatinga;45,88;As;78486;55,11;81,18;62,48
2402709;Cerro Cor√°;24;RN;n„o metropolitana;caatinga;497,27;BSh;11002;4,75;67,07;54,79
2402808;Coronel Ezequiel;24;RN;n„o metropolitana;caatinga;513;As;5092;20,22;51,3;56,65
2402907;Coronel Jo√£o Pessoa;24;RN;n„o metropolitana;caatinga;517,4;As;4237;0,32;86,01;50,66
2403004;Cruzeta;24;RN;n„o metropolitana;caatinga;277,75;BSh;8008;66,19;85,02;80,64
2403103;Currais Novos;24;RN;n„o metropolitana;caatinga;419,31;BSh;41341;83,43;89,85;90,63
2403202;Doutor Severiano;24;RN;n„o metropolitana;caatinga;509,29;As;7049;25,41;90,91;47,09
2403251;Parnamirim;24;RN;metropolitana;caatinga;41,69;As;252950;57,58;98,72;98,9
2403301;Encanto;24;RN;n„o metropolitana;caatinga;280,51;As;6017;16,07;78,59;65,83
2403400;Equador;24;RN;n„o metropolitana;caatinga;526,9;BSh;5355;50,43;78,86;78,57
2403509;Esp√≠rito Santo;24;RN;n„o metropolitana;mata atlantica;97,71;As;10622;19,89;89,32;70,54
2403608;Extremoz;24;RN;metropolitana;caatinga;27,56;As;61381;37,81;93,88;77,27
2403707;Felipe Guerra;24;RN;n„o metropolitana;caatinga;74,73;BSh;5970;4,91;77,06;61,2
2403756;Fernando Pedroza;24;RN;n„o metropolitana;caatinga;220,35;BSh;2937;7,05;79,69;81,1
2403806;Flor√¢nia;24;RN;n„o metropolitana;caatinga;346,47;BSh;10199;73,5;83,2;77,08
2403905;Francisco Dantas;24;RN;n„o metropolitana;caatinga;265,96;As;2700;1,08;80;64,43
2404002;Frutuoso Gomes;24;RN;n„o metropolitana;caatinga;287,02;As;4122;1,62;81,23;65,79
2404101;Galinhos;24;RN;n„o metropolitana;caatinga;21,23;BSh;2105;0,9;74,02;91,04
2404200;Goianinha;24;RN;n„o metropolitana;mata atlantica;66,66;As;27079;43,25;80,35;89,56
2404309;Governador Dix-Sept Rosado;24;RN;n„o metropolitana;caatinga;77,02;BSh;11926;31,58;59,72;53,21
2404408;Grossos;24;RN;n„o metropolitana;caatinga;14,91;BSh;9742;17,68;87,02;86,91
2404507;Guamar√©;24;RN;n„o metropolitana;caatinga;22,57;BSh;15312;37,31;87,74;95,16
2404606;Ielmo Marinho;24;RN;n„o metropolitana;caatinga;78,99;As;11614;18,96;51,89;40,79
2404705;Ipangua√ßu;24;RN;n„o metropolitana;caatinga;43,25;BSh;14164;18,44;74,92;70,34
2404804;Ipueira;24;RN;n„o metropolitana;caatinga;232,7;BSh;2035;1,88;94,38;91,25
2404853;Itaj√°;24;RN;n„o metropolitana;caatinga;77,22;BSh;7298;15,58;88,62;86,87
2404903;Ita√∫;24;RN;n„o metropolitana;caatinga;140,59;As;5317;3,29;89,12;84,57
2405009;Ja√ßan√£;24;RN;n„o metropolitana;caatinga;627,02;As;10247;0,73;64,86;78,39
2405108;Janda√≠ra;24;RN;n„o metropolitana;caatinga;124,59;BSh;6570;14,87;71,66;78,99
2405207;Jandu√≠s;24;RN;n„o metropolitana;caatinga;161,98;BSh;4767;41,76;77,69;79,48
2405306;Janu√°rio Cicco;24;RN;n„o metropolitana;caatinga;126,56;As;9054;12,02;76,74;44,68
2405405;Japi;24;RN;n„o metropolitana;caatinga;312,77;BSh;5123;52,98;58,06;74,11
2405504;Jardim De Angicos;24;RN;n„o metropolitana;caatinga;161,69;BSh;2436;9,04;45,06;34,93
2405603;Jardim De Piranhas;24;RN;n„o metropolitana;caatinga;141,84;BSh;13969;21,13;82,66;77,73
2405702;Jardim Do Serid√≥;24;RN;n„o metropolitana;caatinga;240,41;BSh;11623;73,74;91,01;84,82
2405801;Jo√£o C√¢mara;24;RN;n„o metropolitana;caatinga;167,84;BSh;33191;17,54;78,63;74,56
2405900;Jo√£o Dias;24;RN;n„o metropolitana;caatinga;452;As;2076;37,63;79,66;51,47
2406007;Jos√© Da Penha;24;RN;n„o metropolitana;caatinga;316,85;As;5799;21,69;93,85;62,92
2406106;Jucurutu;24;RN;n„o metropolitana;caatinga;172,83;BSh;17779;31,86;86,84;68,51
2406155;Jundi√°;24;RN;n„o metropolitana;caatinga;106,87;As;3737;6,75;71,24;71,82
2406205;Lagoa D'anta;24;RN;n„o metropolitana;caatinga;154,73;As;6680;6,65;87,41;74,27
2406304;Lagoa De Pedras;24;RN;n„o metropolitana;caatinga;101,1;As;7340;8,48;62,66;49,95
2406403;Lagoa De Velhos;24;RN;n„o metropolitana;caatinga;147,37;BSh;2569;18,69;87,5;69,48
2406502;Lagoa Nova;24;RN;n„o metropolitana;caatinga;661,49;BSh;15584;46,39;85,06;55,13
2406601;Lagoa Salgada;24;RN;n„o metropolitana;caatinga;102,58;As;8334;2,25;77,91;62,38
2406700;Lajes;24;RN;n„o metropolitana;caatinga;251,86;BSh;9866;61,07;78,74;77,72
2406809;Lajes Pintadas;24;RN;n„o metropolitana;caatinga;388,93;As;4779;34,55;68,64;67,5
2406908;Lucr√©cia;24;RN;n„o metropolitana;caatinga;262,68;As;3490;72,95;80,68;93,96
2407005;Lu√≠s Gomes;24;RN;n„o metropolitana;caatinga;487,82;As;9083;3,88;85;68,58
2407104;Maca√≠ba;24;RN;metropolitana;caatinga;78,71;As;81584;19,55;86,5;80,6
2407203;Macau;24;RN;n„o metropolitana;caatinga;27,54;BSh;27395;70,66;90,16;92,55
2407252;Major Sales;24;RN;n„o metropolitana;caatinga;312,25;As;3924;20,83;98,81;88,24
2407302;Marcelino Vieira;24;RN;n„o metropolitana;caatinga;259,95;As;7896;31,01;88,64;55,62
2407401;Martins;24;RN;n„o metropolitana;caatinga;442,54;As;8178;0,29;76,2;67,66
2407500;Maxaranguape;24;RN;metropolitana;caatinga;29,28;As;10262;5,51;96;69,82
2407609;Messias Targino;24;RN;n„o metropolitana;caatinga;179,74;As;4283;17,52;76,87;86,73
2407708;Montanhas;24;RN;n„o metropolitana;caatinga;86,05;As;11459;5,33;92,37;82,16
2407807;Monte Alegre;24;RN;metropolitana;caatinga;86,18;As;22950;23,59;92,77;67,48
2407906;Monte Das Gameleiras;24;RN;n„o metropolitana;caatinga;341,77;As;2277;25,23;74,32;71,1
2408003;Mossor√≥;24;RN;n„o metropolitana;caatinga;55,03;BSh;264181;64,9;92,76;92,91
2408102;Natal;24;RN;metropolitana;mata atlantica;40,89;As;751932;62,77;99,08;98,91
2408201;N√≠sia Floresta;24;RN;metropolitana;mata atlantica;41,37;As;30952;21,49;85,23;85,46
2408300;Nova Cruz;24;RN;n„o metropolitana;caatinga;100,14;As;34252;14,13;81,96;77,06
2408409;Olho D'√°gua Do Borges;24;RN;n„o metropolitana;caatinga;170,66;As;3896;2,41;80,53;75
2408508;Ouro Branco;24;RN;n„o metropolitana;caatinga;242,16;BSh;4912;16,85;83,3;70,91
2408607;Paran√°;24;RN;n„o metropolitana;caatinga;342,39;As;3934;1,15;88,95;57,13
2408706;Para√∫;24;RN;n„o metropolitana;caatinga;110,24;BSh;3589;18,63;85;83,28
2408805;Parazinho;24;RN;n„o metropolitana;caatinga;109,63;BSh;4796;44,85;86,5;71,36
2408904;Parelhas;24;RN;n„o metropolitana;caatinga;368,37;BSh;21464;70,95;90,72;88,67
2408953;Rio Do Fogo;24;RN;n„o metropolitana;caatinga;27,63;As;10268;0,9;95,91;82,48
2409100;Passa E Fica;24;RN;n„o metropolitana;caatinga;159,04;As;10892;59,58;87,26;83,75
2409209;Passagem;24;RN;n„o metropolitana;caatinga;78,68;As;3119;6,16;77,22;64,88
2409308;Patu;24;RN;n„o metropolitana;caatinga;236,77;As;11001;21,85;62,71;84,32
2409332;Santa Maria;24;RN;n„o metropolitana;caatinga;103,5;As;4843;0,91;72,64;71,42
2409407;Pau Dos Ferros;24;RN;n„o metropolitana;caatinga;222,32;As;30403;57,56;96,87;91,57
2409506;Pedra Grande;24;RN;n„o metropolitana;caatinga;36,97;As;3611;3,1;67;75,86
2409605;Pedra Preta;24;RN;n„o metropolitana;caatinga;203,38;BSh;2450;4,08;41,54;40,93
2409704;Pedro Avelino;24;RN;n„o metropolitana;caatinga;128,85;BSh;6241;49,43;71,22;64,14
2409803;Pedro Velho;24;RN;n„o metropolitana;caatinga;80,65;As;13860;36,4;96,69;70,97
2409902;Pend√™ncias;24;RN;n„o metropolitana;caatinga;34,37;BSh;12273;61,74;91,99;95,44
2410009;Pil√µes;24;RN;n„o metropolitana;caatinga;270,62;As;2963;21,98;88,64;83,02
2410108;Po√ßo Branco;24;RN;n„o metropolitana;caatinga;104,16;As;12389;9,46;91,48;64,37
2410207;Portalegre;24;RN;n„o metropolitana;caatinga;534,4;As;7601;1,12;62,07;53,34
2410256;Porto Do Mangue;24;RN;n„o metropolitana;caatinga;50,71;BSh;5253;0,28;58,44;77,66
2410306;Serra Caiada;24;RN;n„o metropolitana;caatinga;158,43;BSh;9964;27,51;85,23;64,08
2410405;Pureza;24;RN;n„o metropolitana;caatinga;97,06;As;9358;1,44;57,74;40,4
2410504;Rafael Fernandes;24;RN;n„o metropolitana;caatinga;236,55;As;5432;20,83;51;58,12
2410603;Rafael Godeiro;24;RN;n„o metropolitana;caatinga;204,8;As;2931;3,56;72,74;58,28
2410702;Riacho Da Cruz;24;RN;n„o metropolitana;caatinga;185,23;As;2693;59,5;87,81;87,82
2410801;Riacho De Santana;24;RN;n„o metropolitana;caatinga;354,32;As;4134;15,27;79,51;45,64
2410900;Riachuelo;24;RN;n„o metropolitana;caatinga;161,94;BSh;7389;60,89;80,72;80,06
2411007;Rodolfo Fernandes;24;RN;n„o metropolitana;caatinga;191,94;As;4234;21,69;88,43;87,95
2411056;Tibau;24;RN;n„o metropolitana;caatinga;30,26;As;5389;31,65;88,82;82,39
2411106;Ruy Barbosa;24;RN;n„o metropolitana;caatinga;240,16;BSh;3203;0,72;57,59;55,52
2411205;Santa Cruz;24;RN;n„o metropolitana;caatinga;263,9;BSh;37232;81,47;86,96;83,96
2411403;Santana Do Matos;24;RN;n„o metropolitana;caatinga;206,13;BSh;12460;58,54;65,75;52,55
2411429;Santana Do Serid√≥;24;RN;n„o metropolitana;caatinga;323,4;BSh;2696;65,56;82,57;75,66
2411502;Santo Ant√¥nio;24;RN;n„o metropolitana;caatinga;105,04;As;22150;21,08;80,55;72,47
2411601;S√£o Bento Do Norte;24;RN;n„o metropolitana;caatinga;31,73;BSh;3252;66;78,08;35,52
2411700;S√£o Bento Do Trair√≠;24;RN;n„o metropolitana;caatinga;307,03;BSh;3788;70,5;71,08;58,13
2411809;S√£o Fernando;24;RN;n„o metropolitana;caatinga;156,39;BSh;3480;37,39;82,95;70,48
2411908;S√£o Francisco Do Oeste;24;RN;n„o metropolitana;caatinga;204,57;As;4172;0,51;92,24;83,36
2412005;S√£o Gon√ßalo Do Amarante;24;RN;metropolitana;caatinga;44,63;As;115467;65,63;97;91,29
2412104;S√£o Jo√£o Do Sabugi;24;RN;n„o metropolitana;caatinga;215,31;BSh;5956;4,29;84,23;83,53
2412203;S√£o Jos√© De Mipibu;24;RN;metropolitana;caatinga;70,59;As;47279;19,28;77,09;77,8
2412302;S√£o Jos√© Do Campestre;24;RN;n„o metropolitana;caatinga;195,22;BSh;13691;43,7;84,14;83,15
2412401;S√£o Jos√© Do Serid√≥;24;RN;n„o metropolitana;caatinga;224,75;BSh;4548;66,64;92,65;84,33
2412500;S√£o Miguel;24;RN;n„o metropolitana;caatinga;588,28;As;23494;3,82;89,68;67,95
2412559;S√£o Miguel Do Gostoso;24;RN;n„o metropolitana;caatinga;50,16;As;10250;2,96;88,21;47,48
2412609;S√£o Paulo Do Potengi;24;RN;n„o metropolitana;caatinga;113,06;BSh;16586;59,66;84,56;80,51
2412708;S√£o Pedro;24;RN;n„o metropolitana;caatinga;92,62;As;5786;2,85;66,34;70,17
2412807;S√£o Rafael;24;RN;n„o metropolitana;caatinga;85,82;BSh;7707;60,83;82,94;73,74
2412906;S√£o Tom√©;24;RN;n„o metropolitana;caatinga;289,1;BSh;9720;27,34;63,39;58,08
2413003;S√£o Vicente;24;RN;n„o metropolitana;caatinga;401,13;BSh;6311;61,02;93,93;67,37
2413102;Senador El√≥i De Souza;24;RN;n„o metropolitana;caatinga;135,24;As;5964;17,87;83,74;50,58
2413201;Senador Georgino Avelino;24;RN;n„o metropolitana;mata atlantica;15,35;As;4064;1,83;92,61;90,12
2413300;Serra De S√£o Bento;24;RN;n„o metropolitana;caatinga;348,92;As;5706;11,42;61,87;62,12
2413359;Serra Do Mel;24;RN;n„o metropolitana;caatinga;177,11;BSh;13110;1,43;83,29;29,3
2413409;Serra Negra Do Norte;24;RN;n„o metropolitana;caatinga;206,7;BSh;7593;74,33;77,22;68,39
2413508;Serrinha;24;RN;n„o metropolitana;caatinga;116,61;As;6444;3,54;56,45;53,76
2413557;Serrinha Dos Pintos;24;RN;n„o metropolitana;caatinga;389,78;As;4659;0,66;93,52;58,09
2413607;Severiano Melo;24;RN;n„o metropolitana;caatinga;178,08;As;5497;9,97;69,5;58,55
2413706;S√≠tio Novo;24;RN;n„o metropolitana;caatinga;250,43;BSh;4662;13,24;72,25;60,34
2413805;Taboleiro Grande;24;RN;n„o metropolitana;caatinga;197,74;As;2333;1,16;59,57;81,59
2413904;Taipu;24;RN;n„o metropolitana;caatinga;75,16;As;11438;5,81;76,98;50,78
2414001;Tangar√°;24;RN;n„o metropolitana;caatinga;196,17;BSh;13266;77,32;88,89;78,7
2414100;Tenente Ananias;24;RN;n„o metropolitana;caatinga;357,55;As;10262;28,76;73,71;71,27
2414159;Tenente Laurentino Cruz;24;RN;n„o metropolitana;caatinga;588,28;BSh;5892;6,23;93,64;65,48
2414209;Tibau Do Sul;24;RN;n„o metropolitana;mata atlantica;35,71;As;17210;23,66;89,67;94,1
2414308;Timba√∫ba Dos Batistas;24;RN;n„o metropolitana;caatinga;186,94;BSh;2336;97,33;88,59;85,92
2414407;Touros;24;RN;n„o metropolitana;caatinga;83,09;As;33008;19,63;81,79;56,96
2414456;Triunfo Potiguar;24;RN;n„o metropolitana;caatinga;227,18;BSh;3358;1,31;80,8;68,16
2414506;Umarizal;24;RN;n„o metropolitana;caatinga;193,25;As;9972;5;90,32;79,09
2414605;Upanema;24;RN;n„o metropolitana;caatinga;93,18;BSh;13434;1,45;72,46;55,24
2414704;V√°rzea;24;RN;n„o metropolitana;caatinga;82,45;As;5232;13,51;87,84;83,31
2414753;Venha-Ver;24;RN;n„o metropolitana;caatinga;604,34;As;3013;3,76;94,85;31,36
2414803;Vera Cruz;24;RN;metropolitana;caatinga;102,44;As;10487;3,54;85,21;88,82
2414902;Vi√ßosa;24;RN;n„o metropolitana;caatinga;281,92;As;1822;73,8;91,27;96,05
2415008;Vila Flor;24;RN;n„o metropolitana;mata atlantica;37,19;As;3174;1,74;97,96;93,74
2500106;√Ågua Branca;25;PB;n„o metropolitana;caatinga;715,2;As;9308;26,5;62,95;56,39
2500205;Aguiar;25;PB;n„o metropolitana;caatinga;378,16;As;5011;20,19;61,9;50,15
2500304;Alagoa Grande;25;PB;n„o metropolitana;caatinga;189,45;As;26081;51,69;81,83;74,66
2500403;Alagoa Nova;25;PB;n„o metropolitana;caatinga;471,08;As;21009;39,59;62,44;54,31
2500502;Alagoinha;25;PB;n„o metropolitana;caatinga;157,53;As;13698;8,6;79,22;65,58
2500536;Alcantil;25;PB;n„o metropolitana;caatinga;440,04;BSh;5578;4,54;2,94;58,79
2500577;Algod√£o De Janda√≠ra;25;PB;n„o metropolitana;caatinga;493,01;BSh;2953;44,73;22,59;49,48
2500601;Alhandra;25;PB;metropolitana;mata atlantica;62,32;Am;21632;9,61;89,62;78,59
2500700;S√£o Jo√£o Do Rio Do Peixe;25;PB;n„o metropolitana;caatinga;281,41;As;17560;33,07;73,6;51,1
2500734;Amparo;25;PB;n„o metropolitana;caatinga;634,99;BSh;2166;10,38;58,64;52,83
2500775;Aparecida;25;PB;n„o metropolitana;caatinga;250,12;As;7962;4,9;81,74;51,93
2500809;Ara√ßagi;25;PB;n„o metropolitana;caatinga;90,58;As;16589;12,69;61,37;49,76
2500908;Arara;25;PB;n„o metropolitana;caatinga;466,9;As;11408;52,01;76,4;69,54
2501005;Araruna;25;PB;n„o metropolitana;caatinga;440,65;As;17203;43,85;64,38;58,22
2501104;Areia;25;PB;n„o metropolitana;caatinga;479,04;As;22634;43,1;79,97;63,45
2501153;Areia De Bara√∫nas;25;PB;n„o metropolitana;caatinga;536,1;BSh;2005;43,44;56,76;50,82
2501203;Areial;25;PB;n„o metropolitana;caatinga;693,91;As;7139;59,45;61,97;74,06
2501302;Aroeiras;25;PB;n„o metropolitana;caatinga;332,82;As;18702;24,92;40,27;47,65
2501351;Assun√ß√£o;25;PB;n„o metropolitana;caatinga;574,34;BSh;4152;48,75;0,77;81,76
2501401;Ba√≠a Da Trai√ß√£o;25;PB;n„o metropolitana;mata atlantica;43,69;Aw;9147;12,26;91,84;43,9
2501500;Bananeiras;25;PB;n„o metropolitana;caatinga;363,59;As;23107;26,9;63,27;50,37
2501534;Bara√∫na;25;PB;n„o metropolitana;caatinga;598,85;BSh;4754;41,07;0,16;76,93
2501575;Barra De Santana;25;PB;n„o metropolitana;caatinga;379,3;BSh;8062;5,17;16,77;13,22
2501609;Barra De Santa Rosa;25;PB;n„o metropolitana;caatinga;505,53;BSh;12894;54,71;57,58;62,92
2501708;Barra De S√£o Miguel;25;PB;n„o metropolitana;caatinga;486,11;BSh;5893;12,19;69,87;60,44
2501807;Bayeux;25;PB;metropolitana;mata atlantica;37,31;As;81932;46,13;98,46;95,41
2501906;Bel√©m;25;PB;n„o metropolitana;caatinga;216,79;As;16189;82,71;85,4;84
2502003;Bel√©m Do Brejo Do Cruz;25;PB;n„o metropolitana;caatinga;177,39;As;6268;56,51;74,41;72,02
2502052;Bernardino Batista;25;PB;n„o metropolitana;caatinga;532,87;As;3504;1,01;47,43;34,17
2502102;Boa Ventura;25;PB;n„o metropolitana;caatinga;338,22;As;5210;10,73;74,6;60,86
2502151;Boa Vista;25;PB;n„o metropolitana;caatinga;493,62;BSh;6356;14,62;61,5;56,3
2502201;Bom Jesus;25;PB;n„o metropolitana;caatinga;314,45;As;2286;0,86;74,82;67,52
2502300;Bom Sucesso;25;PB;n„o metropolitana;caatinga;319,37;As;4660;20,75;90,68;45,87
2502409;Bonito De Santa F√©;25;PB;n„o metropolitana;caatinga;634,17;As;9880;46,37;76,22;70,41
2502508;Boqueir√£o;25;PB;n„o metropolitana;caatinga;424,5;BSh;17599;52,44;73,46;72,84
2502607;Igaracy;25;PB;n„o metropolitana;caatinga;327,15;As;5650;33,24;77,28;68,55
2502706;Borborema;25;PB;n„o metropolitana;caatinga;386,04;As;4211;63,95;84,3;67,67
2502805;Brejo Do Cruz;25;PB;n„o metropolitana;caatinga;194,07;As;13613;66,11;75,92;74,62
2502904;Brejo Dos Santos;25;PB;n„o metropolitana;caatinga;341,54;As;5977;9,2;87,29;74,59
2503001;Caapor√£;25;PB;metropolitana;mata atlantica;42,67;Am;21290;16,04;86,11;81,17
2503100;Cabaceiras;25;PB;n„o metropolitana;caatinga;444,13;BSh;5325;28,25;74,6;45,23
2503209;Cabedelo;25;PB;metropolitana;mata atlantica;5,75;As;68744;52,1;97,91;96,79
2503308;Cachoeira Dos √çndios;25;PB;n„o metropolitana;caatinga;371,21;As;8944;25,49;74,4;42,05
2503407;Cacimba De Areia;25;PB;n„o metropolitana;caatinga;377,44;BSh;3292;41,9;58,39;48,11
2503506;Cacimba De Dentro;25;PB;n„o metropolitana;caatinga;467,32;As;15975;13,43;72,18;66,04
2503555;Cacimbas;25;PB;n„o metropolitana;caatinga;695,02;BSh;7225;32,14;55,09;36,45
2503605;Cai√ßara;25;PB;n„o metropolitana;caatinga;142,73;As;6615;52,9;72,24;73
2503704;Cajazeiras;25;PB;n„o metropolitana;caatinga;341,41;As;63118;56,44;86,37;79,07
2503753;Cajazeirinhas;25;PB;n„o metropolitana;caatinga;287,14;As;2740;30,58;53,28;33,98
2503803;Caldas Brand√£o;25;PB;n„o metropolitana;caatinga;90,86;As;5755;5,82;78,92;79,45
2503902;Camala√∫;25;PB;n„o metropolitana;caatinga;554,24;BSh;6031;18,47;57,78;50,78
2504009;Campina Grande;25;PB;n„o metropolitana;caatinga;477,74;As;418140;84,82;97,87;94,84
2504033;Capim;25;PB;n„o metropolitana;mata atlantica;80,03;As;6976;5,75;89,87;70,5
2504074;Cara√∫bas;25;PB;n„o metropolitana;caatinga;499,24;BSh;3948;38,87;65,75;53,15
2504108;Carrapateira;25;PB;n„o metropolitana;caatinga;462,62;As;2311;17,12;71,53;77,8
2504157;Casserengue;25;PB;n„o metropolitana;caatinga;451,74;As;6889;31,74;48,9;50,44
2504207;Catingueira;25;PB;n„o metropolitana;caatinga;364,51;As;4492;17,37;74,3;58,84
2504306;Catol√© Do Rocha;25;PB;n„o metropolitana;caatinga;280,17;As;30656;38,21;85,15;74,44
2504355;Caturit√©;25;PB;n„o metropolitana;caatinga;437,16;BSh;5253;20,92;44,84;58,62
2504405;Concei√ß√£o;25;PB;n„o metropolitana;caatinga;516,69;As;18239;23,9;78,06;60,46
2504504;Condado;25;PB;n„o metropolitana;caatinga;269,61;As;6449;37,81;81,54;67,84
2504603;Conde;25;PB;metropolitana;mata atlantica;48,8;Am;27344;17,21;66,66;61,27
2504702;Congo;25;PB;n„o metropolitana;caatinga;516,17;BSh;4936;46,68;69,14;63,67
2504801;Coremas;25;PB;n„o metropolitana;caatinga;265,64;As;14680;53,64;85,04;74,25
2504850;Coxixola;25;PB;n„o metropolitana;caatinga;501,18;BSh;1823;32,99;93,2;44,05
2504900;Cruz Do Esp√≠rito Santo;25;PB;metropolitana;mata atlantica;63,26;As;16828;22,3;73,18;44,77
2505006;Cubati;25;PB;n„o metropolitana;caatinga;595,09;BSh;7579;22,05;70,7;67,2
2505105;Cuit√©;25;PB;n„o metropolitana;caatinga;490,56;BSh;19718;15,56;67,24;68,82
2505204;Cuitegi;25;PB;n„o metropolitana;caatinga;150,59;As;6730;4,74;90,57;78,87
2505238;Cuit√© De Mamanguape;25;PB;n„o metropolitana;caatinga;82,57;As;6261;2,2;64,26;29,9
2505279;Curral De Cima;25;PB;n„o metropolitana;caatinga;107,62;As;5303;3,35;34,41;19,87
2505303;Curral Velho;25;PB;n„o metropolitana;caatinga;411,57;As;2198;32,72;77,32;52,47
2505352;Dami√£o;25;PB;n„o metropolitana;caatinga;485,02;BSh;4980;1,53;29,65;49,13
2505402;Desterro;25;PB;n„o metropolitana;caatinga;647,85;BSh;8067;37,93;63,11;60,34
2505501;Vista Serrana;25;PB;n„o metropolitana;caatinga;268,75;BSh;3644;37,01;56,66;49,78
2505600;Diamante;25;PB;n„o metropolitana;caatinga;421,42;As;6291;24,38;73,25;54,36
2505709;Dona In√™s;25;PB;n„o metropolitana;caatinga;319,08;As;10374;19,48;45,3;47,3
2505808;Duas Estradas;25;PB;n„o metropolitana;caatinga;122,38;As;3340;26,17;77,28;78,96
2505907;Emas;25;PB;n„o metropolitana;caatinga;293,92;As;3014;57,76;78,75;68,38
2506004;Esperan√ßa;25;PB;n„o metropolitana;caatinga;594,83;As;31241;64,78;70,98;78,36
2506103;Fagundes;25;PB;n„o metropolitana;caatinga;333,03;As;11051;11,24;56,07;49,1
2506202;Frei Martinho;25;PB;n„o metropolitana;caatinga;432,1;BSh;2846;63,23;80,93;60,94
2506251;Gado Bravo;25;PB;n„o metropolitana;caatinga;349,51;As;8179;1,84;18,85;11,26
2506301;Guarabira;25;PB;n„o metropolitana;caatinga;103,72;As;57661;69,61;96,08;93,25
2506400;Gurinh√©m;25;PB;n„o metropolitana;caatinga;130,16;As;13767;7,33;60,02;66,13
2506509;Gurj√£o;25;PB;n„o metropolitana;caatinga;500,11;BSh;3242;43,1;71,02;69,11
2506608;Ibiara;25;PB;n„o metropolitana;caatinga;419,89;As;5633;5,79;74,07;61,13
2506707;Imaculada;25;PB;n„o metropolitana;caatinga;730,81;As;9656;25,64;59,39;46,53
2506806;Ing√°;25;PB;n„o metropolitana;caatinga;228,18;As;17664;5,2;70,12;68,62
2506905;Itabaiana;25;PB;n„o metropolitana;caatinga;121,17;As;23187;35,72;76,26;78,96
2507002;Itaporanga;25;PB;n„o metropolitana;caatinga;369,62;As;23623;67,86;81,47;75,56
2507101;Itapororoca;25;PB;n„o metropolitana;caatinga;83,26;As;18461;10,81;76,24;65,31
2507200;Itatuba;25;PB;n„o metropolitana;caatinga;163,99;As;10385;19,43;57,25;55,84
2507309;Jacara√∫;25;PB;n„o metropolitana;caatinga;128,44;As;14719;8,68;83,99;58,5
2507408;Jeric√≥;25;PB;n„o metropolitana;caatinga;259,91;As;7396;42,24;82,39;61,46
2507507;Jo√£o Pessoa;25;PB;metropolitana;mata atlantica;31,38;As;889618;71,76;99,58;99,2
2507606;Juarez T√°vora;25;PB;n„o metropolitana;caatinga;176,3;As;7792;10,74;83,22;78,69
2507705;Juazeirinho;25;PB;n„o metropolitana;caatinga;574,51;BSh;17004;60,3;57,57;54,66
2507804;Junco Do Serid√≥;25;PB;n„o metropolitana;caatinga;675,25;BSh;6792;64,96;76,31;73,19
2507903;Juripiranga;25;PB;n„o metropolitana;mata atlantica;114,04;As;9741;7,23;76,41;92,01
2508000;Juru;25;PB;n„o metropolitana;caatinga;624,63;As;9237;24,79;67,92;53,19
2508109;Lagoa;25;PB;n„o metropolitana;caatinga;341,57;As;4417;17,94;66,08;48,13
2508208;Lagoa De Dentro;25;PB;n„o metropolitana;caatinga;124,05;As;7819;20,74;58,46;58,78
2508307;Lagoa Seca;25;PB;n„o metropolitana;caatinga;596,64;As;27739;52,66;53,52;64,84
2508406;Lastro;25;PB;n„o metropolitana;caatinga;332,29;As;3162;12,41;53,38;42,62
2508505;Livramento;25;PB;n„o metropolitana;caatinga;591,48;BSh;6881;36,81;44,69;55,56
2508554;Logradouro;25;PB;n„o metropolitana;caatinga;111,75;As;4807;36,78;66,57;74,46
2508604;Lucena;25;PB;metropolitana;mata atlantica;38,45;Aw;12910;29,08;88,52;84,4
2508703;M√£e D'√°gua;25;PB;n„o metropolitana;caatinga;588,61;As;3583;42,31;78,08;59,55
2508802;Malta;25;PB;n„o metropolitana;caatinga;281,7;BSh;6045;76,89;88,84;85,49
2508901;Mamanguape;25;PB;n„o metropolitana;mata atlantica;98,51;As;44599;8,59;81,02;80,21
2509008;Mana√≠ra;25;PB;n„o metropolitana;caatinga;722,4;As;10447;14,31;69,27;52,33
2509057;Marca√ß√£o;25;PB;n„o metropolitana;mata atlantica;65,54;Aw;9807;22,36;96,72;34,32
2509107;Mari;25;PB;n„o metropolitana;caatinga;120,43;As;21251;1,77;90,83;85,28
2509156;Mariz√≥polis;25;PB;n„o metropolitana;caatinga;253,28;As;6711;16,77;92,64;75,94
2509206;Massaranduba;25;PB;n„o metropolitana;caatinga;391,87;As;14145;30,86;52,65;51,22
2509305;Mataraca;25;PB;n„o metropolitana;mata atlantica;57,61;Aw;8324;3,99;95,5;86,25
2509339;Matinhas;25;PB;n„o metropolitana;caatinga;464,37;As;4567;12,41;35,04;16,38
2509370;Mato Grosso;25;PB;n„o metropolitana;caatinga;262,48;As;2538;55,49;79,42;45,07
2509396;Matur√©ia;25;PB;n„o metropolitana;caatinga;802,13;As;6431;21,69;66,01;67,68
2509404;Mogeiro;25;PB;n„o metropolitana;caatinga;154,86;As;14381;6,22;33,45;61,99
2509503;Montadas;25;PB;n„o metropolitana;caatinga;680,15;As;5818;37,71;62,15;64,5
2509602;Monte Horebe;25;PB;n„o metropolitana;caatinga;686,2;As;4338;53,26;66,18;59,53
2509701;Monteiro;25;PB;n„o metropolitana;caatinga;632,52;BSh;32266;57,71;72,45;66,78
2509800;Mulungu;25;PB;n„o metropolitana;caatinga;106,6;As;8812;6,45;68,07;57,43
2509909;Natuba;25;PB;n„o metropolitana;caatinga;394,85;As;8937;16,92;48,61;33,1
2510006;Nazarezinho;25;PB;n„o metropolitana;caatinga;327,95;As;7218;19,05;50,48;43,65
2510105;Nova Floresta;25;PB;n„o metropolitana;caatinga;620,7;As;9539;2,22;86,1;90,33
2510204;Nova Olinda;25;PB;n„o metropolitana;caatinga;366,39;As;5787;26,67;78,52;58,59
2510303;Nova Palmeira;25;PB;n„o metropolitana;caatinga;547,73;BSh;4267;62,52;59,16;60,54
2510402;Olho D'√°gua;25;PB;n„o metropolitana;caatinga;350,68;As;6061;43,22;63,19;52,42
2510501;Olivedos;25;PB;n„o metropolitana;caatinga;580,98;BSh;3579;43,06;53,54;52,97
2510600;Ouro Velho;25;PB;n„o metropolitana;caatinga;618,21;BSh;2910;2,44;73,44;67,91
2510659;Parari;25;PB;n„o metropolitana;caatinga;497,81;BSh;1720;55,97;60,7;54,48
2510709;Passagem;25;PB;n„o metropolitana;caatinga;417,32;BSh;2463;57,3;58,78;68,01
2510808;Patos;25;PB;n„o metropolitana;caatinga;268,07;BSh;103199;86,3;96,02;94,48
2510907;Paulista;25;PB;n„o metropolitana;caatinga;224,54;BSh;11829;35,94;57,2;49,87
2511004;Pedra Branca;25;PB;n„o metropolitana;caatinga;357,23;As;3739;68,55;80,24;65,62
2511103;Pedra Lavrada;25;PB;n„o metropolitana;caatinga;567,31;BSh;6859;41,18;45,91;42,74
2511202;Pedras De Fogo;25;PB;metropolitana;mata atlantica;111,37;As;29625;27,02;82,67;68,38
2511301;Pianc√≥;25;PB;n„o metropolitana;caatinga;293,15;As;16471;48,98;76,67;68,95
2511400;Picu√≠;25;PB;n„o metropolitana;caatinga;531,39;BSh;18361;62,37;70,7;73,93
2511509;Pilar;25;PB;n„o metropolitana;caatinga;77,83;As;12213;16,31;69,71;70,12
2511608;Pil√µes;25;PB;n„o metropolitana;caatinga;346,57;As;6818;11,01;69,76;50,52
2511707;Pil√µezinhos;25;PB;n„o metropolitana;caatinga;277,73;As;5320;40,14;75,36;58,53
2511806;Pirpirituba;25;PB;n„o metropolitana;caatinga;159,43;As;9229;49,8;82,42;77,07
2511905;Pitimbu;25;PB;metropolitana;mata atlantica;33,41;Am;17696;16,87;74,78;57,68
2512002;Pocinhos;25;PB;n„o metropolitana;caatinga;587,97;BSh;17428;39,62;59,59;59,88
2512036;Po√ßo Dantas;25;PB;n„o metropolitana;caatinga;580,65;As;3830;13,82;79,92;51,16
2512077;Po√ßo De Jos√© De Moura;25;PB;n„o metropolitana;caatinga;289,69;As;4006;36,31;69,08;48,44
2512101;Pombal;25;PB;n„o metropolitana;caatinga;243,88;As;32499;62;82,43;78,54
2512200;Prata;25;PB;n„o metropolitana;caatinga;610,87;BSh;3916;1,3;76,55;63,47
2512309;Princesa Isabel;25;PB;n„o metropolitana;caatinga;649,22;As;21148;58,89;77,96;73,6
2512408;Puxinan√£;25;PB;n„o metropolitana;caatinga;662,48;As;14279;76,05;61,75;66,56
2512507;Queimadas;25;PB;n„o metropolitana;caatinga;407,08;As;47665;47,74;73,22;69,17
2512606;Quixaba;25;PB;n„o metropolitana;caatinga;343,99;BSh;1745;37,67;47,67;41,63
2512705;Rem√≠gio;25;PB;n„o metropolitana;caatinga;542,1;As;17888;54,97;78,76;77,42
2512721;Pedro R√©gis;25;PB;n„o metropolitana;caatinga;119,81;As;5719;1,45;64,97;30,34
2512747;Riach√£o;25;PB;n„o metropolitana;caatinga;208,92;As;2927;26,13;70,43;58,5
2512754;Riach√£o Do Bacamarte;25;PB;n„o metropolitana;caatinga;225,7;As;4685;19,54;58,48;65,52
2512762;Riach√£o Do Po√ßo;25;PB;n„o metropolitana;caatinga;84,75;As;4706;18,8;39,74;24,35
2512788;Riacho De Santo Ant√¥nio;25;PB;n„o metropolitana;caatinga;475,44;BSh;1956;38,05;61,52;69,13
2512804;Riacho Dos Cavalos;25;PB;n„o metropolitana;caatinga;207,87;As;8498;50,7;61,03;45,12
2512903;Rio Tinto;25;PB;metropolitana;mata atlantica;62,4;As;27352;27,46;60,38;58,25
2513000;Salgadinho;25;PB;n„o metropolitana;caatinga;565,92;BSh;3358;16,51;34,59;28
2513109;Salgado De S√£o F√©lix;25;PB;n„o metropolitana;caatinga;214,47;As;12318;3,23;63,81;48,02
2513158;Santa Cec√≠lia;25;PB;n„o metropolitana;caatinga;449,16;As;7678;5,42;1,22;26,49
2513208;Santa Cruz;25;PB;n„o metropolitana;caatinga;363,51;As;5947;27,56;86,85;65,2
2513307;Santa Helena;25;PB;n„o metropolitana;caatinga;290,26;As;5869;25;76,2;60,09
2513356;Santa In√™s;25;PB;n„o metropolitana;caatinga;570,43;As;3230;4,88;62,69;39,15
2513406;Santa Luzia;25;PB;n„o metropolitana;caatinga;434,9;BSh;14954;86,13;93;90,05
2513505;Santana De Mangueira;25;PB;n„o metropolitana;caatinga;493,74;As;5010;5,32;71,34;45,46
2513604;Santana Dos Garrotes;25;PB;n„o metropolitana;caatinga;347,68;As;6577;13,63;75,24;38,94
2513653;Joca Claudino;25;PB;n„o metropolitana;caatinga;391,73;As;2543;0,67;81,2;71,86
2513703;Santa Rita;25;PB;metropolitana;mata atlantica;70,32;As;148479;21,72;88,41;90,51
2513802;Santa Teresinha;25;PB;n„o metropolitana;caatinga;336,38;As;4402;91,61;69,78;51,19
2513851;Santo Andr√©;25;PB;n„o metropolitana;caatinga;512,47;BSh;2622;9,45;2,14;33,88
2513901;S√£o Bento;25;PB;n„o metropolitana;caatinga;168,75;BSh;32252;58,62;84,7;84,64
2513927;S√£o Bentinho;25;PB;n„o metropolitana;caatinga;249,29;As;4330;38,28;76,23;67,06
2513943;S√£o Domingos Do Cariri;25;PB;n„o metropolitana;caatinga;447,45;BSh;2585;34,73;62,21;50,48
2513968;S√£o Domingos;25;PB;n„o metropolitana;caatinga;220,88;As;2595;26,55;49,57;34,42
2513984;S√£o Francisco;25;PB;n„o metropolitana;caatinga;327,12;As;3137;13,55;88,65;53,49
2514008;S√£o Jo√£o Do Cariri;25;PB;n„o metropolitana;caatinga;485,43;BSh;4221;57,75;68,7;61,63
2514107;S√£o Jo√£o Do Tigre;25;PB;n„o metropolitana;caatinga;718,88;As;4233;27,68;27,47;44,22
2514206;S√£o Jos√© Da Lagoa Tapada;25;PB;n„o metropolitana;caatinga;300,3;As;7119;19,99;65,25;39,99
2514305;S√£o Jos√© De Caiana;25;PB;n„o metropolitana;caatinga;581,67;As;5037;0,69;46,44;46,99
2514404;S√£o Jos√© De Espinharas;25;PB;n„o metropolitana;caatinga;242,03;BSh;4072;33,21;49,23;36,59
2514453;S√£o Jos√© Dos Ramos;25;PB;n„o metropolitana;caatinga;94,51;As;5880;5,17;45,1;44,7
2514503;S√£o Jos√© De Piranhas;25;PB;n„o metropolitana;caatinga;436,99;As;19116;50,49;74,09;57,66
2514552;S√£o Jos√© De Princesa;25;PB;n„o metropolitana;caatinga;763,57;As;3423;0,91;49,36;16,67
2514602;S√£o Jos√© Do Bonfim;25;PB;n„o metropolitana;caatinga;318,15;BSh;3242;74,58;62,32;48,01
2514651;S√£o Jos√© Do Brejo Do Cruz;25;PB;n„o metropolitana;caatinga;158,11;As;1699;13,51;8,29;57,11
2514701;S√£o Jos√© Do Sabugi;25;PB;n„o metropolitana;caatinga;417,41;BSh;4139;83,33;79,01;69,32
2514800;S√£o Jos√© Dos Cordeiros;25;PB;n„o metropolitana;caatinga;587,77;BSh;3411;52,34;49,41;42,32
2514909;S√£o Mamede;25;PB;n„o metropolitana;caatinga;315,65;BSh;7469;74,38;86,88;77,66
2515005;S√£o Miguel De Taipu;25;PB;n„o metropolitana;mata atlantica;62,84;As;7751;33,67;60,23;40,49
2515104;S√£o Sebasti√£o De Lagoa De Ro√ßa;25;PB;n„o metropolitana;caatinga;598,55;As;11046;31,74;54,79;30,66
2515203;S√£o Sebasti√£o Do Umbuzeiro;25;PB;n„o metropolitana;caatinga;657,09;BSh;3279;33,72;71,07;66,48
2515302;Sap√©;25;PB;n„o metropolitana;caatinga;93,05;As;51142;28,3;81,53;78,76
2515401;S√£o Vicente Do Serid√≥;25;PB;n„o metropolitana;caatinga;573,8;BSh;10298;2,59;47,1;40,58
2515500;Serra Branca;25;PB;n„o metropolitana;caatinga;540,1;BSh;13614;24,65;78,65;69,03
2515609;Serra Da Raiz;25;PB;n„o metropolitana;caatinga;216,03;As;3094;9,71;82,71;71,87
2515708;Serra Grande;25;PB;n„o metropolitana;caatinga;600,97;As;2942;34,15;64,23;56,91
2515807;Serra Redonda;25;PB;n„o metropolitana;caatinga;347,33;As;6829;31,47;55,68;58,27
2515906;Serraria;25;PB;n„o metropolitana;caatinga;417,74;As;4885;27,81;68,9;54,52
2515930;Sert√£ozinho;25;PB;n„o metropolitana;caatinga;128,75;As;5099;55,8;64,67;76,34
2515971;Sobrado;25;PB;n„o metropolitana;caatinga;76,44;As;8230;1,28;68,78;18,56
2516003;Sol√¢nea;25;PB;n„o metropolitana;caatinga;448,79;As;26777;21,05;75,88;70,73
2516102;Soledade;25;PB;n„o metropolitana;caatinga;541,05;BSh;13955;56,82;72,86;73,62
2516151;Soss√™go;25;PB;n„o metropolitana;caatinga;557,67;BSh;3337;27,64;1,2;51,47
2516201;Sousa;25;PB;n„o metropolitana;caatinga;265,07;As;67425;67,35;93,4;82,65
2516300;Sum√©;25;PB;n„o metropolitana;caatinga;567,87;BSh;16539;24,43;79,64;76,34
2516409;Tacima;25;PB;n„o metropolitana;caatinga;139,67;As;7967;12,22;64,89;67,86
2516508;Tapero√°;25;PB;n„o metropolitana;caatinga;563,03;BSh;14093;59,08;66,23;60,86
2516607;Tavares;25;PB;n„o metropolitana;caatinga;658,48;As;14141;27,03;59,06;53,82
2516706;Teixeira;25;PB;n„o metropolitana;caatinga;730,78;BSh;14630;33,3;69,57;63,1
2516755;Ten√≥rio;25;PB;n„o metropolitana;caatinga;592,35;BSh;2966;2,49;1,83;60,55
2516805;Triunfo;25;PB;n„o metropolitana;caatinga;315,98;As;9868;23,89;75,37;45,73
2516904;Uira√∫na;25;PB;n„o metropolitana;caatinga;374,03;As;14943;57,38;84,41;72,74
2517001;Umbuzeiro;25;PB;n„o metropolitana;caatinga;425,95;As;9124;31,56;23,9;48,15
2517100;V√°rzea;25;PB;n„o metropolitana;caatinga;286,51;BSh;2668;68,47;79,15;74,12
2517209;Vieir√≥polis;25;PB;n„o metropolitana;caatinga;347,93;As;4864;1,76;69,56;39,05
2517407;Zabel√™;25;PB;n„o metropolitana;caatinga;649,3;BSh;2229;53,35;80,03;74,22
2600054;Abreu E Lima;26;PE;metropolitana;mata atlantica;108,64;As;99331;44,55;96,57;94,09
2600104;Afogados Da Ingazeira;26;PE;n„o metropolitana;caatinga;587,3;BSh;40120;72,94;84,92;78,79
2600203;Afr√¢nio;26;PE;n„o metropolitana;caatinga;520,53;BSh;16486;25,54;43,04;34,61
2600302;Agrestina;26;PE;n„o metropolitana;caatinga;458,31;As;23739;68,31;82,68;83,44
2600401;√Ågua Preta;26;PE;n„o metropolitana;mata atlantica;131,84;Am;26473;43,26;77,8;57,4
2600500;√Åguas Belas;26;PE;n„o metropolitana;caatinga;432,48;As;41549;31,36;65,39;56,92
2600609;Alagoinha;26;PE;n„o metropolitana;caatinga;716,57;As;13256;49,55;38,3;66,47
2600708;Alian√ßa;26;PE;n„o metropolitana;mata atlantica;93,65;As;35245;56,05;88,99;79,93
2600807;Altinho;26;PE;n„o metropolitana;caatinga;529,89;As;20657;54,78;66,1;59,09
2600906;Amaraji;26;PE;n„o metropolitana;mata atlantica;385,81;Am;18236;51,87;86,88;69,96
2601003;Angelim;26;PE;n„o metropolitana;caatinga;655,05;As;9965;55,5;74,85;62,24
2601052;Ara√ßoiaba;26;PE;metropolitana;mata atlantica;110,24;As;19314;9,57;80,12;65,91
2601102;Araripina;26;PE;n„o metropolitana;caatinga;687,72;BSh;85135;48;57,12;61,09
2601201;Arcoverde;26;PE;n„o metropolitana;caatinga;793,97;As;77660;87,69;88,63;89,73
2601300;Barra De Guabiraba;26;PE;n„o metropolitana;mata atlantica;543,64;As;12299;74,38;95,85;90,01
2601409;Barreiros;26;PE;n„o metropolitana;mata atlantica;69,81;Am;39993;45,43;82,06;73,36
2601508;Bel√©m De Maria;26;PE;n„o metropolitana;mata atlantica;323,21;As;10339;44,07;66,87;71,16
2601607;Bel√©m Do S√£o Francisco;26;PE;n„o metropolitana;caatinga;362;BSh;18321;43,6;65,45;54,69
2601706;Belo Jardim;26;PE;n„o metropolitana;caatinga;726,61;As;79143;72,25;88,92;87,24
2601805;Bet√¢nia;26;PE;n„o metropolitana;caatinga;498,78;BSh;11320;34,5;70,46;32,96
2601904;Bezerros;26;PE;n„o metropolitana;caatinga;553,09;As;61398;74,14;83,81;84,58
2602001;Bodoc√≥;26;PE;n„o metropolitana;caatinga;627,36;As;34469;26,56;47,85;41,18
2602100;Bom Conselho;26;PE;n„o metropolitana;mata atlantica;561,29;As;43577;56,86;68,93;70,21
2602209;Bom Jardim;26;PE;n„o metropolitana;caatinga;338,26;As;37190;22,74;68,62;40,32
2602308;Bonito;26;PE;n„o metropolitana;mata atlantica;488,29;As;37953;67,91;88,36;77,72
2602407;Brej√£o;26;PE;n„o metropolitana;mata atlantica;705,35;As;9084;31,18;83,9;44,82
2602506;Brejinho;26;PE;n„o metropolitana;caatinga;789,61;BSh;7706;47,92;50,4;63,03
2602605;Brejo Da Madre De Deus;26;PE;n„o metropolitana;caatinga;555,68;BSh;48313;57,11;54,9;77,75
2602704;Buenos Aires;26;PE;n„o metropolitana;mata atlantica;165,67;As;12818;15,3;83,65;63,36
2602803;Bu√≠que;26;PE;n„o metropolitana;caatinga;615,96;As;49786;32,81;49,8;45,02
2602902;Cabo De Santo Agostinho;26;PE;metropolitana;mata atlantica;82,25;As;203084;50,88;94,59;92,29
2603009;Cabrob√≥;26;PE;n„o metropolitana;caatinga;382,04;BSh;30695;65,07;79,12;63,72
2603108;Cachoeirinha;26;PE;n„o metropolitana;caatinga;572,46;As;19789;73,58;68,18;80,6
2603207;Caet√©s;26;PE;n„o metropolitana;caatinga;813,73;As;28848;26,71;26,91;31,82
2603306;Cal√ßado;26;PE;n„o metropolitana;caatinga;683,27;As;11113;43,67;46,16;50,56
2603405;Calumbi;26;PE;n„o metropolitana;caatinga;533,32;BSh;5241;46,94;81,56;32,02
2603454;Camaragibe;26;PE;metropolitana;mata atlantica;84,32;As;146912;41,12;95,27;94,77
2603504;Camocim De S√£o F√©lix;26;PE;n„o metropolitana;mata atlantica;672,25;As;17362;76,02;88,55;89,65
2603603;Camutanga;26;PE;n„o metropolitana;mata atlantica;212,67;As;7764;28,36;89,45;72,21
2603702;Canhotinho;26;PE;n„o metropolitana;mata atlantica;571,59;As;24340;56,37;78,6;60,23
2603801;Capoeiras;26;PE;n„o metropolitana;caatinga;834,36;As;18445;34,46;38,87;37,78
2603900;Carna√≠ba;26;PE;n„o metropolitana;caatinga;610,26;BSh;18437;43,44;60,89;51,5
2603926;Carnaubeira Da Penha;26;PE;n„o metropolitana;caatinga;474,98;BSh;12226;15,91;42,11;16,91
2604007;Carpina;26;PE;n„o metropolitana;mata atlantica;134,06;As;78865;15,43;90,13;84,46
2604106;Caruaru;26;PE;metropolitana;caatinga;538,64;BSh;378180;81,97;89,21;95,53
2604155;Casinhas;26;PE;n„o metropolitana;caatinga;436,27;As;12629;12,17;23,16;20,74
2604205;Catende;26;PE;n„o metropolitana;mata atlantica;255,97;As;31975;64,27;84,24;74,77
2604304;Cedro;26;PE;n„o metropolitana;caatinga;523,16;BSh;10512;57,37;65,57;62,23
2604403;Ch√£ De Alegria;26;PE;n„o metropolitana;mata atlantica;135,7;As;12387;19,55;70,63;80,8
2604502;Ch√£ Grande;26;PE;n„o metropolitana;mata atlantica;465,56;As;20494;46,08;76,02;66,49
2604601;Condado;26;PE;n„o metropolitana;mata atlantica;79;As;24586;3,89;79,41;93,75
2604700;Correntes;26;PE;n„o metropolitana;mata atlantica;536,01;As;17153;48,46;77,69;63,78
2604809;Cort√™s;26;PE;n„o metropolitana;mata atlantica;409,02;Am;10361;55,6;82,16;76,89
2604908;Cumaru;26;PE;n„o metropolitana;caatinga;360,46;As;15824;21,39;32,13;46,68
2605004;Cupira;26;PE;n„o metropolitana;caatinga;448,79;As;23474;81,27;86,28;90,42
2605103;Cust√≥dia;26;PE;n„o metropolitana;caatinga;545,61;BSh;35915;53,31;61,54;51,99
2605152;Dormentes;26;PE;n„o metropolitana;caatinga;489,84;BSh;16159;73,02;49,97;28,04
2605202;Escada;26;PE;n„o metropolitana;mata atlantica;144,63;Am;59526;38,47;88,13;76,47
2605301;Exu;26;PE;n„o metropolitana;caatinga;695,42;As;31803;17,62;51,59;49,11
2605400;Feira Nova;26;PE;n„o metropolitana;mata atlantica;158,53;As;21362;21,8;72,18;80,56
2605459;Fernando de Noronha;26;PE;metropolitana;mata atlantica;323;As;2947;81,36;99,32;100
2605509;Ferreiros;26;PE;n„o metropolitana;mata atlantica;97,64;As;15040;50,19;84,48;82,13
2605608;Flores;26;PE;n„o metropolitana;caatinga;562,54;BSh;20213;33,48;57,55;43,54
2605707;Floresta;26;PE;n„o metropolitana;caatinga;394,89;BSh;30110;42,14;66,79;64,22
2605806;Frei Miguelinho;26;PE;n„o metropolitana;caatinga;385,45;As;13666;13,67;33,96;52,08
2605905;Gameleira;26;PE;n„o metropolitana;mata atlantica;126,76;Am;18012;54,56;70,37;65,2
2606002;Garanhuns;26;PE;n„o metropolitana;caatinga;759,67;As;142286;53,8;90,06;89,09
2606101;Gl√≥ria Do Goit√°;26;PE;n„o metropolitana;mata atlantica;186,23;As;29123;35,65;58,04;62,44
2606200;Goiana;26;PE;n„o metropolitana;mata atlantica;44,96;Am;80983;34,47;85,85;84,99
2606309;Granito;26;PE;n„o metropolitana;caatinga;474,71;BSh;6971;30,42;58,19;50,12
2606408;Gravat√°;26;PE;n„o metropolitana;caatinga;459,72;As;85983;66,15;87,35;84,82
2606507;Iati;26;PE;n„o metropolitana;caatinga;425,31;As;17118;37,76;52,34;50,52
2606606;Ibimirim;26;PE;n„o metropolitana;caatinga;498,87;BSh;27406;35,12;63,33;65,06
2606705;Ibirajuba;26;PE;n„o metropolitana;caatinga;580,36;As;7127;48,7;48,69;58,5
2606804;Igarassu;26;PE;metropolitana;mata atlantica;69,89;Am;115281;20,48;91,49;85,51
2606903;Iguaracy;26;PE;n„o metropolitana;caatinga;631,25;BSh;10950;37,48;63;51,03
2607000;Inaj√°;26;PE;n„o metropolitana;caatinga;483,93;BSh;23871;27,09;52,01;39,44
2607109;Ingazeira;26;PE;n„o metropolitana;caatinga;575,14;BSh;4750;43,65;60,39;46,12
2607208;Ipojuca;26;PE;metropolitana;mata atlantica;62,21;Am;98762;51,32;81,19;84,1
2607307;Ipubi;26;PE;n„o metropolitana;caatinga;760,42;As;28838;21,82;45,3;61,32
2607406;Itacuruba;26;PE;n„o metropolitana;caatinga;319,14;BSh;4394;82,93;85,38;85,46
2607505;Ita√≠ba;26;PE;n„o metropolitana;caatinga;448,89;As;33498;33,22;58,64;44,9
2607604;Ilha De Itamarac√°;26;PE;metropolitana;mata atlantica;20;Am;22879;20,31;86,45;69,95
2607653;Itamb√©;26;PE;n„o metropolitana;mata atlantica;100,11;As;34925;18,78;92,12;88,45
2607703;Itapetim;26;PE;n„o metropolitana;caatinga;667,15;BSh;13492;54,06;66,28;65,17
2607752;Itapissuma;26;PE;metropolitana;mata atlantica;23,04;Am;27565;25,37;89,87;93,24
2607802;Itaquitinga;26;PE;n„o metropolitana;mata atlantica;96,78;As;16562;9,63;77,26;86,78
2607901;Jaboat√£o Dos Guararapes;26;PE;metropolitana;mata atlantica;63,09;As;653793;46,75;92,41;94,03
2607950;Jaqueira;26;PE;n„o metropolitana;mata atlantica;301,56;As;10237;34,23;62,56;56,78
2608008;Jata√∫ba;26;PE;n„o metropolitana;caatinga;650,71;BSh;15419;56,47;31,09;50,6
2608057;Jatob√°;26;PE;n„o metropolitana;caatinga;311,14;BSh;14002;70,27;77,95;67,71
2608107;Jo√£o Alfredo;26;PE;n„o metropolitana;caatinga;296,59;As;27710;17,67;63,54;45,43
2608206;Joaquim Nabuco;26;PE;n„o metropolitana;mata atlantica;235,99;Am;13099;51,55;77,56;71,52
2608255;Jucati;26;PE;n„o metropolitana;caatinga;759,06;As;11536;49,35;47,07;47,23
2608305;Jupi;26;PE;n„o metropolitana;caatinga;741,07;As;15336;52,58;44,72;66,55
2608404;Jurema;26;PE;n„o metropolitana;mata atlantica;713,95;As;12713;65,21;77,25;67,02
2608453;Lagoa Do Carro;26;PE;n„o metropolitana;mata atlantica;126,89;As;17368;10,23;65,59;74,41
2608503;Lagoa De Itaenga;26;PE;n„o metropolitana;mata atlantica;139,08;As;18813;15,17;73,89;81,87
2608602;Lagoa Do Ouro;26;PE;n„o metropolitana;mata atlantica;637,87;As;11859;53,44;92,12;54,62
2608701;Lagoa Dos Gatos;26;PE;n„o metropolitana;mata atlantica;561;As;14139;47,52;63,75;58,33
2608750;Lagoa Grande;26;PE;n„o metropolitana;caatinga;429,87;BSh;23580;40,54;76,41;66,97
2608800;Lajedo;26;PE;n„o metropolitana;caatinga;644,75;As;39436;65,24;81,58;82,14
2608909;Limoeiro;26;PE;n„o metropolitana;mata atlantica;168,92;As;55917;46,19;72,74;84,14
2609006;Macaparana;26;PE;n„o metropolitana;mata atlantica;459,7;As;23187;62,08;91,93;70,02
2609105;Machados;26;PE;n„o metropolitana;mata atlantica;291,14;As;11068;23,57;79,83;58,55
2609154;Manari;26;PE;n„o metropolitana;caatinga;576,35;BSh;24255;5,71;30,95;30,23
2609204;Maraial;26;PE;n„o metropolitana;mata atlantica;305,2;As;8935;22,07;73,85;70,39
2609303;Mirandiba;26;PE;n„o metropolitana;caatinga;503,59;BSh;13359;56,08;67,01;57,67
2609402;Moreno;26;PE;metropolitana;mata atlantica;158,72;As;54637;52,66;91,34;78,41
2609501;Nazar√© Da Mata;26;PE;n„o metropolitana;mata atlantica;90,71;As;30589;78,04;86,3;85,8
2609600;Olinda;26;PE;metropolitana;mata atlantica;20,36;Am;349920;57,95;97,51;96,42
2609709;Orob√≥;26;PE;n„o metropolitana;mata atlantica;421,27;As;21173;21,9;53,87;48,64
2609808;Oroc√≥;26;PE;n„o metropolitana;caatinga;374,18;BSh;13670;38,87;84,23;49,59
2609907;Ouricuri;26;PE;n„o metropolitana;caatinga;483,96;BSh;65200;61,06;60,18;45,64
2610004;Palmares;26;PE;n„o metropolitana;mata atlantica;195,65;As;53987;57,42;88,52;80,33
2610103;Palmeirina;26;PE;n„o metropolitana;mata atlantica;590,83;As;7032;54,03;73,76;69,47
2610202;Panelas;26;PE;n„o metropolitana;caatinga;646,74;As;22412;57,83;62,99;61,65
2610301;Paranatama;26;PE;n„o metropolitana;caatinga;780,67;As;12181;4,74;42,28;34,01
2610400;Parnamirim;26;PE;n„o metropolitana;caatinga;418,58;BSh;18563;36,26;57,61;39,59
2610509;Passira;26;PE;n„o metropolitana;caatinga;207,16;As;28235;17,68;63,85;58,6
2610608;Paudalho;26;PE;n„o metropolitana;mata atlantica;116,25;As;55072;32,08;81,26;64,67
2610707;Paulista;26;PE;metropolitana;mata atlantica;38,85;Am;348253;61,51;98,07;91,04
2610806;Pedra;26;PE;n„o metropolitana;caatinga;536,62;BSh;22884;43,61;60,29;54,54
2610905;Pesqueira;26;PE;n„o metropolitana;caatinga;790,95;As;60853;63,49;71,5;72,7
2611002;Petrol√¢ndia;26;PE;n„o metropolitana;caatinga;365,83;BSh;34302;70,43;90,13;72,27
2611101;Petrolina;26;PE;n„o metropolitana;caatinga;420,6;BSh;388145;73,92;92,03;88,69
2611200;Po√ß√£o;26;PE;n„o metropolitana;caatinga;903,53;As;10499;46,77;53,8;63,81
2611309;Pombos;26;PE;n„o metropolitana;mata atlantica;340,64;As;29499;67,06;70,64;65,46
2611408;Primavera;26;PE;n„o metropolitana;mata atlantica;367,43;As;13536;45,57;68,62;67,91
2611507;Quipap√°;26;PE;n„o metropolitana;mata atlantica;555,49;As;17873;50,59;78,48;59,07
2611533;Quixaba;26;PE;n„o metropolitana;caatinga;628,46;As;6508;28,99;50,78;42,46
2611606;Recife;26;PE;metropolitana;mata atlantica;32,92;Am;1494586;70,58;97,5;97,86
2611705;Riacho Das Almas;26;PE;n„o metropolitana;caatinga;442,83;As;20307;50,67;49,95;53,16
2611804;Ribeir√£o;26;PE;n„o metropolitana;mata atlantica;151,08;Am;33484;66,81;88,59;80,08
2611903;Rio Formoso;26;PE;n„o metropolitana;mata atlantica;86,04;Am;19905;34,7;81,68;60,27
2612000;Sair√©;26;PE;n„o metropolitana;mata atlantica;628,12;As;10910;29,85;74,78;58,9
2612109;Salgadinho;26;PE;n„o metropolitana;caatinga;253,68;As;5733;13,08;44,47;33,1
2612208;Salgueiro;26;PE;n„o metropolitana;caatinga;481,48;BSh;62206;64,16;87,64;81,76
2612307;Salo√°;26;PE;n„o metropolitana;caatinga;694,29;As;13530;38,02;54,79;54,27
2612406;Sanhar√≥;26;PE;n„o metropolitana;caatinga;725,58;As;18606;52,2;81,06;71,01
2612455;Santa Cruz;26;PE;n„o metropolitana;caatinga;490,52;BSh;14178;27,64;41,67;32,3
2612471;Santa Cruz Da Baixa Verde;26;PE;n„o metropolitana;caatinga;801,21;As;11598;45,67;65,79;52,93
2612505;Santa Cruz Do Capibaribe;26;PE;n„o metropolitana;caatinga;511,22;BSh;97386;87,6;79,68;95,68
2612554;Santa Filomena;26;PE;n„o metropolitana;caatinga;573,37;BSh;11613;9,15;36,57;29,47
2612604;Santa Maria Da Boa Vista;26;PE;n„o metropolitana;caatinga;398,62;BSh;40464;41,32;76,59;36,18
2612703;Santa Maria Do Cambuc√°;26;PE;n„o metropolitana;caatinga;477,56;As;13715;24,57;33,56;42,56
2612802;Santa Terezinha;26;PE;n„o metropolitana;caatinga;728,97;BSh;10164;52,46;69,63;63,76
2612901;S√£o Benedito Do Sul;26;PE;n„o metropolitana;mata atlantica;459,54;As;15605;24,36;65,47;57,13
2613008;S√£o Bento Do Una;26;PE;n„o metropolitana;caatinga;661,99;As;48621;48,05;58,05;59,26
2613107;S√£o Caitano;26;PE;n„o metropolitana;caatinga;638,68;BSh;36982;51,33;66,51;76,4
2613206;S√£o Jo√£o;26;PE;n„o metropolitana;caatinga;736,05;As;23411;26,93;62,37;48,08
2613305;S√£o Joaquim Do Monte;26;PE;n„o metropolitana;caatinga;485,25;As;20098;67,13;81,57;75,62
2613404;S√£o Jos√© Da Coroa Grande;26;PE;n„o metropolitana;mata atlantica;47,13;Am;18802;5,19;88,52;83,88
2613503;S√£o Jos√© Do Belmonte;26;PE;n„o metropolitana;caatinga;543,26;BSh;34836;35,96;68,29;56,29
2613602;S√£o Jos√© Do Egito;26;PE;n„o metropolitana;caatinga;616,36;BSh;31154;64,55;76,41;66,9
2613701;S√£o Louren√ßo Da Mata;26;PE;metropolitana;mata atlantica;105,22;As;110765;38,89;88,47;82,51
2613800;S√£o Vicente F√©rrer;26;PE;n„o metropolitana;mata atlantica;443,87;As;16331;56,55;68,83;65,4
2613909;Serra Talhada;26;PE;n„o metropolitana;caatinga;488,96;BSh;91624;71,84;83,64;70,92
2614006;Serrita;26;PE;n„o metropolitana;caatinga;482,36;BSh;18204;35,79;47;37,91
2614105;Sert√¢nia;26;PE;n„o metropolitana;caatinga;575,29;BSh;31593;59,15;64,92;62,07
2614204;Sirinha√©m;26;PE;n„o metropolitana;mata atlantica;60,47;Am;37503;34,33;79,36;74,99
2614303;Moreil√¢ndia;26;PE;n„o metropolitana;caatinga;601,74;As;10503;12,48;65,13;57,03
2614402;Solid√£o;26;PE;n„o metropolitana;caatinga;672,89;As;5246;36,89;42,52;38,9
2614501;Surubim;26;PE;n„o metropolitana;caatinga;366,64;As;63979;58,83;82,12;76,72
2614600;Tabira;26;PE;n„o metropolitana;caatinga;613,84;BSh;27505;72,11;75,86;78,11
2614709;Tacaimb√≥;26;PE;n„o metropolitana;caatinga;620,57;As;13608;54,46;51,97;60,29
2614808;Tacaratu;26;PE;n„o metropolitana;caatinga;464,53;BSh;23166;22,15;43,09;42,5
2614857;Tamandar√©;26;PE;n„o metropolitana;mata atlantica;65,96;Am;23494;19,35;82,97;72,43
2615003;Taquaritinga Do Norte;26;PE;n„o metropolitana;caatinga;527,74;BSh;24335;44,16;44,38;81,12
2615102;Terezinha;26;PE;n„o metropolitana;mata atlantica;665,01;As;6646;57,16;54,4;44,3
2615201;Terra Nova;26;PE;n„o metropolitana;caatinga;402,13;BSh;8832;47,67;77,7;60,1
2615300;Timba√∫ba;26;PE;n„o metropolitana;mata atlantica;215,77;As;46004;67,59;83,87;88,79
2615409;Toritama;26;PE;n„o metropolitana;caatinga;383,86;BSh;40375;79,92;80,18;96,82
2615508;Tracunha√©m;26;PE;n„o metropolitana;mata atlantica;112,23;As;13874;24,07;79,13;80,23
2615607;Trindade;26;PE;n„o metropolitana;caatinga;521,52;BSh;30231;44,18;85,71;74,36
2615706;Triunfo;26;PE;n„o metropolitana;caatinga;728,57;As;14647;21,77;65,93;56,35
2615805;Tupanatinga;26;PE;n„o metropolitana;caatinga;627,69;BSh;28352;32,73;45,89;38,04
2615904;Tuparetama;26;PE;n„o metropolitana;caatinga;613,02;BSh;8018;60,65;81,29;79,28
2616001;Venturosa;26;PE;n„o metropolitana;caatinga;638,03;As;17676;56,54;60,94;66,18
2616100;Verdejante;26;PE;n„o metropolitana;caatinga;508,35;BSh;9170;41,3;75,41;38,99
2616183;Vertente Do L√©rio;26;PE;n„o metropolitana;caatinga;466,45;As;7549;15,71;2,38;41,86
2616209;Vertentes;26;PE;n„o metropolitana;caatinga;450,21;As;21393;39,81;62,58;71,95
2616308;Vic√™ncia;26;PE;n„o metropolitana;mata atlantica;176,45;As;26254;58,8;89,32;69,52
2616407;Vit√≥ria De Santo Ant√£o;26;PE;n„o metropolitana;mata atlantica;252,78;As;135182;64,43;83,69;87,57
2616506;Xex√©u;26;PE;n„o metropolitana;mata atlantica;166,71;As;11288;56,08;87,8;76,05
2700102;√Ågua Branca;27;AL;n„o metropolitana;caatinga;368,41;As;19011;29,88;61,78;36,32
2700201;Anadia;27;AL;n„o metropolitana;mata atlantica;189,35;As;13960;19,07;61,62;81,66
2700300;Arapiraca;27;AL;n„o metropolitana;caatinga;244,27;As;235085;19,21;94,67;91,27
2700409;Atalaia;27;AL;metropolitana;mata atlantica;142,86;As;37356;24,29;82,49;76,75
2700508;Barra De Santo Ant√¥nio;27;AL;metropolitana;mata atlantica;43,37;Am;16405;23,61;91,16;88,03
2700607;Barra De S√£o Miguel;27;AL;metropolitana;mata atlantica;46,87;As;7952;53,92;90,49;94,72
2700706;Batalha;27;AL;n„o metropolitana;caatinga;163,55;BSh;16016;21,48;70,94;63,6
2700805;Bel√©m;27;AL;n„o metropolitana;caatinga;317,13;As;4589;18,27;62,17;58,86
2700904;Belo Monte;27;AL;n„o metropolitana;caatinga;127,84;BSh;5935;35,71;40,14;29,74
2701001;Boca Da Mata;27;AL;n„o metropolitana;mata atlantica;142,24;As;21175;66,35;87,43;85,58
2701100;Branquinha;27;AL;n„o metropolitana;mata atlantica;230,36;As;9474;36,64;81,88;61,38
2701209;Cacimbinhas;27;AL;n„o metropolitana;caatinga;245,95;As;10387;0,27;21,47;55,78
2701308;Cajueiro;27;AL;n„o metropolitana;mata atlantica;167,7;As;16035;9,81;90,12;79,37
2701357;Campestre;27;AL;n„o metropolitana;mata atlantica;138,39;Am;6656;57,2;85,25;75,48
2701407;Campo Alegre;27;AL;n„o metropolitana;mata atlantica;146,09;As;32020;23,32;67,11;96,71
2701506;Campo Grande;27;AL;n„o metropolitana;caatinga;150,82;As;8138;7,61;84,83;51,73
2701605;Canapi;27;AL;n„o metropolitana;caatinga;356,95;As;15434;6,11;28,02;34,13
2701704;Capela;27;AL;n„o metropolitana;mata atlantica;188,28;As;15023;56,43;84,91;78,89
2701803;Carneiros;27;AL;n„o metropolitana;caatinga;332,18;As;8992;0,24;60,09;56,56
2701902;Ch√£ Preta;27;AL;n„o metropolitana;mata atlantica;449,14;As;5908;6,11;91,37;62,68
2702009;Coit√© Do N√≥ia;27;AL;n„o metropolitana;caatinga;254,33;As;10791;1,75;43,62;34,43
2702108;Col√¥nia Leopoldina;27;AL;n„o metropolitana;mata atlantica;314,7;As;15673;68,18;74,62;80,54
2702207;Coqueiro Seco;27;AL;metropolitana;mata atlantica;55,42;Am;5579;15,02;89,52;87,62
2702306;Coruripe;27;AL;n„o metropolitana;mata atlantica;62,46;As;49951;16,68;91,82;87,8
2702355;Cra√≠bas;27;AL;n„o metropolitana;caatinga;234,88;BSh;25330;7,46;63,6;49,63
2702405;Delmiro Gouveia;27;AL;n„o metropolitana;caatinga;250,26;BSh;51215;73,93;90,47;88,05
2702504;Dois Riachos;27;AL;n„o metropolitana;caatinga;264,57;As;9754;0,82;34,56;52,95
2702553;Estrela De Alagoas;27;AL;n„o metropolitana;caatinga;299,33;As;15322;6,35;33,69;24,18
2702603;Feira Grande;27;AL;n„o metropolitana;caatinga;196,03;As;22701;7,74;77,69;32,58
2702702;Feliz Deserto;27;AL;n„o metropolitana;mata atlantica;18,86;As;3947;1,5;32,7;88,93
2702801;Flexeiras;27;AL;n„o metropolitana;mata atlantica;169,97;As;9520;57,05;66,76;63,05
2702900;Girau Do Ponciano;27;AL;n„o metropolitana;caatinga;226,6;As;35899;2,43;50,24;42,74
2703007;Ibateguara;27;AL;n„o metropolitana;mata atlantica;488,28;As;13699;58,86;82,28;83,68
2703106;Igaci;27;AL;n„o metropolitana;caatinga;250,31;As;23996;6,06;48,49;42,79
2703205;Igreja Nova;27;AL;n„o metropolitana;mata atlantica;63,2;As;21227;6,95;80,07;39,41
2703304;Inhapi;27;AL;n„o metropolitana;caatinga;309,94;As;15158;13,79;42,16;46,74
2703403;Jacar√© Dos Homens;27;AL;n„o metropolitana;caatinga;154,13;BSh;5071;6,43;81,42;75,85
2703502;Jacu√≠pe;27;AL;n„o metropolitana;mata atlantica;112,11;Am;5340;26,77;68,66;63,69
2703601;Japaratinga;27;AL;n„o metropolitana;mata atlantica;37,24;Am;9307;12,04;79,03;57,81
2703700;Jaramataia;27;AL;n„o metropolitana;caatinga;176,75;BSh;4992;1,29;64,73;65,52
2703759;Jequi√° Da Praia;27;AL;n„o metropolitana;mata atlantica;65,26;As;9480;2,05;87,62;76,77
2703809;Joaquim Gomes;27;AL;n„o metropolitana;mata atlantica;211,61;As;17080;15,69;73,62;58,91
2703908;Jundi√°;27;AL;n„o metropolitana;mata atlantica;116,23;Am;4088;4,18;77,94;65,75
2704005;Junqueiro;27;AL;n„o metropolitana;mata atlantica;170,04;As;23902;1,15;91,27;59,11
2704104;Lagoa Da Canoa;27;AL;n„o metropolitana;caatinga;265,85;As;18480;5,3;75,33;62,13
2704203;Limoeiro De Anadia;27;AL;n„o metropolitana;mata atlantica;201,49;As;24698;11,6;71,72;46,08
2704302;Macei√≥;27;AL;metropolitana;mata atlantica;58,91;Am;960667;48,42;80,44;97,63
2704401;Major Isidoro;27;AL;n„o metropolitana;caatinga;203,08;As;18081;23,97;43,93;53,69
2704500;Maragogi;27;AL;n„o metropolitana;mata atlantica;63,48;Am;32540;38,24;75,43;65,4
2704609;Maravilha;27;AL;n„o metropolitana;caatinga;343,01;As;9515;13,61;46,19;52,47
2704708;Marechal Deodoro;27;AL;metropolitana;mata atlantica;48,37;Am;61177;28,39;97,24;92,39
2704807;Maribondo;27;AL;n„o metropolitana;mata atlantica;255,82;As;13677;69,28;64,59;83,05
2704906;Mar Vermelho;27;AL;n„o metropolitana;mata atlantica;435,62;As;3155;15,99;74,28;51,93
2705002;Mata Grande;27;AL;n„o metropolitana;caatinga;451,58;As;21627;21,79;43,05;32,42
2705101;Matriz De Camaragibe;27;AL;n„o metropolitana;mata atlantica;89,91;Aw;23871;9,81;84,98;87,29
2705200;Messias;27;AL;metropolitana;mata atlantica;129,35;As;15418;31,81;90,41;88,62
2705309;Minador Do Negr√£o;27;AL;n„o metropolitana;caatinga;291,95;As;4838;0,75;32,95;42,48
2705408;Monteir√≥polis;27;AL;n„o metropolitana;caatinga;228,51;BSh;7201;0,89;61,09;58,73
2705507;Murici;27;AL;n„o metropolitana;mata atlantica;186,32;As;25221;66,93;77;75
2705606;Novo Lino;27;AL;n„o metropolitana;mata atlantica;158,25;Aw;10011;35,21;73,43;43,86
2705705;Olho D'√°gua Das Flores;27;AL;n„o metropolitana;caatinga;260,07;As;20702;2,29;84,25;76,41
2705804;Olho D'√°gua Do Casado;27;AL;n„o metropolitana;caatinga;266,26;As;8345;12,86;69,65;56,79
2705903;Olho D'√°gua Grande;27;AL;n„o metropolitana;caatinga;115,58;As;4333;0,69;50,66;25,48
2706000;Oliven√ßa;27;AL;n„o metropolitana;caatinga;230,03;As;10744;0,76;45,1;43,89
2706109;Ouro Branco;27;AL;n„o metropolitana;caatinga;367,52;As;11382;3,02;37,82;60,63
2706208;Palestina;27;AL;n„o metropolitana;caatinga;154,59;BSh;4328;5,58;82,31;81,91
2706307;Palmeira Dos √çndios;27;AL;n„o metropolitana;caatinga;360,56;As;68534;13,75;80,3;69,14
2706406;P√£o De A√ß√∫car;27;AL;n„o metropolitana;caatinga;139,09;BSh;23721;19,12;76,86;66,11
2706422;Pariconha;27;AL;n„o metropolitana;caatinga;362,33;As;10573;3,96;61,52;59,13
2706448;Paripueira;27;AL;metropolitana;mata atlantica;42,98;Am;13991;12,89;92,48;82,15
2706505;Passo De Camaragibe;27;AL;n„o metropolitana;mata atlantica;33,19;Am;13870;3,09;75,59;70,89
2706604;Paulo Jacinto;27;AL;n„o metropolitana;mata atlantica;414,2;As;6570;11,27;84,47;81,01
2706703;Penedo;27;AL;n„o metropolitana;mata atlantica;52,09;As;58654;31,11;95,07;86,69
2706802;Pia√ßabu√ßu;27;AL;n„o metropolitana;mata atlantica;7,18;As;15834;42,11;84,15;92,28
2706901;Pilar;27;AL;metropolitana;mata atlantica;91,36;As;35433;26,84;90,02;95
2707008;Pindoba;27;AL;n„o metropolitana;mata atlantica;348,93;As;2734;0,27;85,15;58,09
2707107;Piranhas;27;AL;n„o metropolitana;caatinga;213,52;BSh;22589;51,79;71,92;79,2
2707206;Po√ßo Das Trincheiras;27;AL;n„o metropolitana;caatinga;385,24;As;12480;2,82;23,79;35,38
2707305;Porto Calvo;27;AL;n„o metropolitana;mata atlantica;52,5;Am;23708;16,07;86,25;80,12
2707404;Porto De Pedras;27;AL;n„o metropolitana;mata atlantica;49,93;Am;9373;4,63;72,2;45,89
2707503;Porto Real Do Col√©gio;27;AL;n„o metropolitana;caatinga;72,34;As;20048;38,65;71,37;42,83
2707602;Quebrangulo;27;AL;n„o metropolitana;mata atlantica;469,23;As;11069;12,48;76,59;64,39
2707701;Rio Largo;27;AL;metropolitana;mata atlantica;104,91;As;93729;34,33;77,66;86,88
2707800;Roteiro;27;AL;n„o metropolitana;mata atlantica;62,61;As;6482;6,9;87,83;70,94
2707909;Santa Luzia Do Norte;27;AL;metropolitana;mata atlantica;54,13;Am;6946;3,2;71,35;93,06
2708006;Santana Do Ipanema;27;AL;n„o metropolitana;caatinga;336,77;As;46258;6,3;71,05;67,32
2708105;Santana Do Munda√∫;27;AL;n„o metropolitana;mata atlantica;356,2;As;11307;7,12;78,5;50,48
2708204;S√£o Br√°s;27;AL;n„o metropolitana;caatinga;49,67;As;6463;15,14;89,74;82,01
2708303;S√£o Jos√© Da Laje;27;AL;n„o metropolitana;mata atlantica;382,58;As;20742;68,98;87,25;66,66
2708402;S√£o Jos√© Da Tapera;27;AL;n„o metropolitana;caatinga;236,34;BSh;30359;4,61;48,62;49,06
2708501;S√£o Lu√≠s Do Quitunde;27;AL;n„o metropolitana;mata atlantica;89,95;Am;30922;13,61;52,48;64,13
2708600;S√£o Miguel Dos Campos;27;AL;n„o metropolitana;mata atlantica;100,2;As;51978;63,64;96,17;96,82
2708709;S√£o Miguel Dos Milagres;27;AL;n„o metropolitana;mata atlantica;44,78;Am;8711;7,73;91,14;67,56
2708808;S√£o Sebasti√£o;27;AL;n„o metropolitana;mata atlantica;154,49;As;31788;1,95;78,04;44,79
2708907;Satuba;27;AL;metropolitana;mata atlantica;56,5;Am;24087;72,2;88,46;97,65
2708956;Senador Rui Palmeira;27;AL;n„o metropolitana;caatinga;304,76;As;12300;6,51;25,57;40,71
2709004;Tanque D'arca;27;AL;n„o metropolitana;mata atlantica;274,66;As;5746;2,79;68,02;55,63
2709103;Taquarana;27;AL;n„o metropolitana;caatinga;252,71;As;19004;9,41;74,19;44
2709152;Teot√¥nio Vilela;27;AL;n„o metropolitana;mata atlantica;124,1;As;37999;47,49;83,77;91,23
2709202;Traipu;27;AL;n„o metropolitana;caatinga;149,32;As;23486;10,29;37,18;28,55
2709301;Uni√£o Dos Palmares;27;AL;n„o metropolitana;mata atlantica;280,02;As;59093;65,3;90,59;79,58
2709400;Vi√ßosa;27;AL;n„o metropolitana;mata atlantica;341,79;As;24089;31,9;83,52;79,27
2800100;Amparo De S√£o Francisco;28;SE;n„o metropolitana;caatinga;67,37;As;2174;18,62;80,65;79,47
2800209;Aquidab√£;28;SE;n„o metropolitana;caatinga;169,5;As;20126;37,11;88,82;73,8
2800308;Aracaju;28;SE;metropolitana;mata atlantica;7,91;Am;605309;87,82;99,4;99,03
2800407;Arau√°;28;SE;n„o metropolitana;mata atlantica;97,71;As;10338;12,8;80,1;65,01
2800506;Areia Branca;28;SE;n„o metropolitana;mata atlantica;184,75;As;18101;9,01;85,15;81,53
2800605;Barra Dos Coqueiros;28;SE;metropolitana;mata atlantica;6,11;Am;41644;63,6;96,04;95,53
2800670;Boquim;28;SE;n„o metropolitana;mata atlantica;121,38;As;24669;0,94;86,91;73,85
2800704;Brejo Grande;28;SE;n„o metropolitana;mata atlantica;6,31;As;7838;1,28;74,77;62,83
2801009;Campo Do Brito;28;SE;n„o metropolitana;caatinga;165,6;As;18151;15,52;88,94;82,06
2801108;Canhoba;28;SE;n„o metropolitana;caatinga;85,51;As;3792;4,12;86,88;45,88
2801207;Canind√© De S√£o Francisco;28;SE;n„o metropolitana;caatinga;250,24;BSh;26871;45,87;79,23;79,67
2801306;Capela;28;SE;n„o metropolitana;mata atlantica;120,64;As;31674;14,21;90,38;60,58
2801405;Carira;28;SE;n„o metropolitana;caatinga;278,33;As;19935;16,57;69,26;67,58
2801504;Carm√≥polis;28;SE;n„o metropolitana;mata atlantica;27,89;As;13904;82,87;99,04;97,89
2801603;Cedro De S√£o Jo√£o;28;SE;n„o metropolitana;caatinga;46,74;As;5384;40,86;96,57;97,64
2801702;Cristin√°polis;28;SE;n„o metropolitana;mata atlantica;111,2;Am;17002;2,01;87,97;58,57
2801900;Cumbe;28;SE;n„o metropolitana;mata atlantica;195,12;As;3829;11,47;94,86;79,11
2802007;Divina Pastora;28;SE;n„o metropolitana;mata atlantica;54,39;As;4359;12,37;84,19;91,93
2802106;Est√¢ncia;28;SE;n„o metropolitana;mata atlantica;39,47;Am;64771;18,12;92,31;81,78
2802205;Feira Nova;28;SE;n„o metropolitana;caatinga;196,94;As;5978;22,99;89,31;68,14
2802304;Frei Paulo;28;SE;n„o metropolitana;caatinga;226,19;As;14561;9,16;84,73;86,48
2802403;Gararu;28;SE;n„o metropolitana;caatinga;137,92;As;11089;28,96;73,65;38,73
2802502;General Maynard;28;SE;n„o metropolitana;mata atlantica;30,61;As;3035;38,09;89,69;88,21
2802601;Gracho Cardoso;28;SE;n„o metropolitana;caatinga;214,81;As;5835;23,55;91,36;53,2
2802700;Ilha Das Flores;28;SE;n„o metropolitana;mata atlantica;6,05;As;8289;12,13;85,63;90,47
2802809;Indiaroba;28;SE;n„o metropolitana;mata atlantica;49,71;Am;16082;2,62;80,33;55,73
2802908;Itabaiana;28;SE;n„o metropolitana;caatinga;194,62;As;103620;59,48;91,31;89,81
2803005;Itabaianinha;28;SE;n„o metropolitana;caatinga;163,83;As;40313;42,76;75,94;66,52
2803104;Itabi;28;SE;n„o metropolitana;caatinga;168,76;As;4746;25,99;92,34;72,48
2803203;Itaporanga D'ajuda;28;SE;n„o metropolitana;mata atlantica;58,1;Am;34414;23,14;78,4;65,72
2803302;Japaratuba;28;SE;n„o metropolitana;mata atlantica;65,44;As;15848;8,23;81,96;80,49
2803401;Japoat√£;28;SE;n„o metropolitana;mata atlantica;112,43;As;13416;2,51;74,61;57,21
2803500;Lagarto;28;SE;n„o metropolitana;caatinga;180,94;As;101642;28,64;81,83;76,98
2803609;Laranjeiras;28;SE;n„o metropolitana;mata atlantica;41,11;As;24003;34,93;85,89;91,87
2803708;Macambira;28;SE;n„o metropolitana;caatinga;186,5;As;6839;40,04;68,65;67,67
2803807;Malhada Dos Bois;28;SE;n„o metropolitana;caatinga;109,63;As;3580;10,77;96,66;85,58
2803906;Malhador;28;SE;n„o metropolitana;mata atlantica;148,64;As;11532;4,16;88,62;81,27
2804003;Maruim;28;SE;n„o metropolitana;mata atlantica;30,48;As;15783;58,29;83,69;89,25
2804102;Moita Bonita;28;SE;n„o metropolitana;caatinga;211,89;As;11061;27,51;69,15;67,42
2804201;Monte Alegre De Sergipe;28;SE;n„o metropolitana;caatinga;241,16;As;14346;46,33;75,25;60,06
2804300;Muribeca;28;SE;n„o metropolitana;mata atlantica;124,74;As;7821;15,01;93,41;81,09
2804409;Ne√≥polis;28;SE;n„o metropolitana;mata atlantica;60,2;As;16450;22,85;75,13;74,75
2804458;Nossa Senhora Aparecida;28;SE;n„o metropolitana;caatinga;231,98;As;9243;41,43;91,2;63,2
2804508;Nossa Senhora Da Gl√≥ria;28;SE;n„o metropolitana;caatinga;240,77;As;41267;34,94;90,52;72,3
2804607;Nossa Senhora Das Dores;28;SE;n„o metropolitana;mata atlantica;169,64;As;25000;8,25;89,21;67,26
2804706;Nossa Senhora De Lourdes;28;SE;n„o metropolitana;caatinga;123,52;As;6263;14,53;91,41;82,48
2804805;Nossa Senhora Do Socorro;28;SE;metropolitana;mata atlantica;27,61;Am;192375;61,55;97,54;94,23
2804904;Pacatuba;28;SE;n„o metropolitana;mata atlantica;34,85;As;12493;8,92;63,54;23,52
2805000;Pedra Mole;28;SE;n„o metropolitana;caatinga;187,48;As;2787;48,39;85,05;63,57
2805109;Pedrinhas;28;SE;n„o metropolitana;mata atlantica;134,85;As;7393;14,83;85,21;79,45
2805208;Pinh√£o;28;SE;n„o metropolitana;caatinga;215,46;As;5674;39,34;65,4;62,83
2805307;Pirambu;28;SE;n„o metropolitana;mata atlantica;37,64;As;7908;14,97;90,35;69,84
2805406;Po√ßo Redondo;28;SE;n„o metropolitana;caatinga;234,04;BSh;33462;42,62;73,96;51,63
2805505;Po√ßo Verde;28;SE;n„o metropolitana;caatinga;295,67;As;21776;45,24;75,96;65,31
2805604;Porto Da Folha;28;SE;n„o metropolitana;caatinga;169,8;BSh;26630;37,88;79,7;68,32
2805703;Propri√°;28;SE;n„o metropolitana;mata atlantica;22,83;As;26648;74,31;93,54;95,32
2805802;Riach√£o Do Dantas;28;SE;n„o metropolitana;caatinga;256,35;As;18321;4,11;61,81;47,25
2805901;Riachuelo;28;SE;n„o metropolitana;mata atlantica;52,03;As;8744;58,6;81,97;89,04
2806008;Ribeir√≥polis;28;SE;n„o metropolitana;caatinga;235,5;As;17032;56,76;82,49;81,01
2806107;Ros√°rio Do Catete;28;SE;n„o metropolitana;mata atlantica;38,61;As;9315;40,82;83,68;95,34
2806206;Salgado;28;SE;n„o metropolitana;mata atlantica;109,67;As;20294;2,03;80,84;49,24
2806305;Santa Luzia Do Itanhy;28;SE;n„o metropolitana;mata atlantica;60,51;Am;13480;13,66;72,67;48,56
2806404;Santana Do S√£o Francisco;28;SE;n„o metropolitana;mata atlantica;61,74;As;7347;55,08;83,32;93,68
2806503;Santa Rosa De Lima;28;SE;n„o metropolitana;mata atlantica;110,68;As;3940;13,99;88,03;88,51
2806602;Santo Amaro Das Brotas;28;SE;n„o metropolitana;mata atlantica;21,02;As;11128;8,05;89,04;74,92
2806701;S√£o Crist√≥v√£o;28;SE;metropolitana;mata atlantica;43,2;Am;95700;38,63;93,22;81,1
2806800;S√£o Domingos;28;SE;n„o metropolitana;mata atlantica;178,52;As;10332;1,35;97,4;75,97
2806909;S√£o Francisco;28;SE;n„o metropolitana;mata atlantica;88,75;As;3246;6,78;88,7;94,01
2807006;S√£o Miguel Do Aleixo;28;SE;n„o metropolitana;mata atlantica;183,57;As;3433;38,95;67,23;50,48
2807105;Sim√£o Dias;28;SE;n„o metropolitana;caatinga;291,29;As;42712;49,04;58,28;67,3
2807204;Siriri;28;SE;n„o metropolitana;mata atlantica;115,24;As;7841;28,07;82,2;55,85
2807303;Telha;28;SE;n„o metropolitana;mata atlantica;40,33;As;3279;68,34;91,76;95,46
2807402;Tobias Barreto;28;SE;n„o metropolitana;caatinga;245,03;As;50583;65,28;79,29;80,23
2807501;Tomar Do Geru;28;SE;n„o metropolitana;caatinga;155,3;As;12029;4,81;71,71;51,95
2807600;Umba√∫ba;28;SE;n„o metropolitana;mata atlantica;116,33;Am;24039;1,16;90,72;81,16
2900108;Aba√≠ra;29;BA;n„o metropolitana;caatinga;960,54;Aw;7290;13,01;91,69;54,86
2900207;Abar√©;29;BA;n„o metropolitana;caatinga;367,37;BSh;18766;46,25;77,56;54,33
2900306;Acajutiba;29;BA;n„o metropolitana;mata atlantica;144,59;Am;13715;8,55;95,78;57,49
2900355;Adustina;29;BA;n„o metropolitana;caatinga;305,92;As;14166;25,01;54,14;44,98
2900405;√Ågua Fria;29;BA;n„o metropolitana;mata atlantica;318,52;As;17398;2,59;52,85;42,08
2900504;√ârico Cardoso;29;BA;n„o metropolitana;caatinga;1075,64;Cwb;10581;0,64;77,19;30,54
2900603;Aiquara;29;BA;n„o metropolitana;mata atlantica;210,19;Af;4566;62,84;75,28;70,12
2900702;Alagoinhas;29;BA;n„o metropolitana;mata atlantica;186,94;Af;157864;55,78;95,22;88,81
2900801;Alcoba√ßa;29;BA;n„o metropolitana;mata atlantica;47,46;Af;23633;31,82;81,55;56,83
2900900;Almadina;29;BA;n„o metropolitana;mata atlantica;470,57;Aw;5195;71,49;90,56;78,08
2901007;Amargosa;29;BA;n„o metropolitana;mata atlantica;456,89;Aw;36260;22,16;86,97;73,13
2901106;Am√©lia Rodrigues;29;BA;n„o metropolitana;mata atlantica;137,69;Af;23639;10,33;87,81;80,48
2901155;Am√©rica Dourada;29;BA;n„o metropolitana;caatinga;769,84;BSh;15104;2,77;84,27;71,61
2901205;Anag√©;29;BA;n„o metropolitana;caatinga;639,67;BSh;25452;20;34,19;23,69
2901304;Andara√≠;29;BA;n„o metropolitana;caatinga;602,55;Aw;13406;13,95;70;59,78
2901353;Andorinha;29;BA;n„o metropolitana;caatinga;461,71;As;15011;35,95;64,54;51,05
2901403;Angical;29;BA;n„o metropolitana;caatinga;548,63;Aw;14973;19,28;43,06;44,62
2901502;Anguera;29;BA;n„o metropolitana;mata atlantica;213,21;As;11019;26,3;61,68;52,8
2901601;Antas;29;BA;n„o metropolitana;caatinga;363,99;As;14453;52,2;85,66;71,41
2901700;Ant√¥nio Cardoso;29;BA;n„o metropolitana;mata atlantica;170,41;As;11268;12,84;61,7;30,45
2901809;Ant√¥nio Gon√ßalves;29;BA;n„o metropolitana;caatinga;672,05;As;11921;12,84;82,1;54,5
2901908;Apor√°;29;BA;n„o metropolitana;mata atlantica;192,74;As;16909;1,1;89,64;44,63
2901957;Apuarema;29;BA;n„o metropolitana;mata atlantica;353,74;Af;6900;43,55;79,67;70,73
2902005;Aracatu;29;BA;n„o metropolitana;caatinga;555,58;BSh;13819;1,26;39,73;29,21
2902054;Ara√ß√°s;29;BA;n„o metropolitana;mata atlantica;114,67;Af;12605;2,79;90,8;55,34
2902104;Araci;29;BA;n„o metropolitana;caatinga;286,97;BSh;51377;34,69;48,98;46,88
2902203;Aramari;29;BA;n„o metropolitana;mata atlantica;244,05;Am;9781;8,48;73,38;50,77
2902252;Arataca;29;BA;n„o metropolitana;mata atlantica;355,35;Af;8219;18;79,53;65,37
2902302;Aratu√≠pe;29;BA;n„o metropolitana;mata atlantica;109,86;Af;10006;21,81;79,86;60,65
2902401;Aurelino Leal;29;BA;n„o metropolitana;mata atlantica;164,33;Af;11782;50,78;82,9;74,73
2902500;Baian√≥polis;29;BA;n„o metropolitana;cerrado;773,56;Aw;13618;10,7;89,4;20,96
2902609;Baixa Grande;29;BA;n„o metropolitana;caatinga;354,53;As;17880;36,69;51,63;53,49
2902658;Banza√™;29;BA;n„o metropolitana;caatinga;333,95;As;11869;18,82;97,56;74,89
2902708;Barra;29;BA;n„o metropolitana;caatinga;479,48;Aw;50543;17,56;72,35;53,95
2902807;Barra Da Estiva;29;BA;n„o metropolitana;caatinga;726,6;BSh;26031;50,51;80,18;55,17
2902906;Barra Do Cho√ßa;29;BA;n„o metropolitana;mata atlantica;849,08;Cfa;40025;29,11;84,74;81,65
2903003;Barra Do Mendes;29;BA;n„o metropolitana;caatinga;990,73;BSh;13852;2,43;83,03;51,74
2903102;Barra Do Rocha;29;BA;n„o metropolitana;mata atlantica;233,83;Af;6682;54,68;79,98;61,17
2903201;Barreiras;29;BA;n„o metropolitana;cerrado;724,75;Aw;165413;35,15;92,31;90,77
2903235;Barro Alto;29;BA;n„o metropolitana;caatinga;784,73;BSh;13761;7,16;94,61;52,2
2903276;Barrocas;29;BA;n„o metropolitana;caatinga;357,45;As;15396;27,65;75,69;67,09
2903300;Barro Preto;29;BA;n„o metropolitana;mata atlantica;176,67;Af;5820;71,99;88,79;75,42
2903409;Belmonte;29;BA;n„o metropolitana;mata atlantica;73,67;Af;20565;57,38;88,68;80,66
2903508;Belo Campo;29;BA;n„o metropolitana;mata atlantica;704,97;Cwa;18399;2,47;64,56;56,35
2903607;Biritinga;29;BA;n„o metropolitana;caatinga;323,77;As;15151;16,79;87,91;30,58
2903706;Boa Nova;29;BA;n„o metropolitana;mata atlantica;690,44;BSh;14160;34,85;71,59;51,51
2903805;Boa Vista Do Tupim;29;BA;n„o metropolitana;caatinga;411,79;BSh;19320;5,63;60,35;59,26
2903904;Bom Jesus Da Lapa;29;BA;n„o metropolitana;caatinga;466,06;As;74040;37,52;79,72;62,27
2903953;Bom Jesus Da Serra;29;BA;n„o metropolitana;caatinga;725,18;BSh;9572;1,48;35,18;29,23
2904001;Boninal;29;BA;n„o metropolitana;caatinga;1135;Cwb;13653;16,19;86,62;38,71
2904050;Bonito;29;BA;n„o metropolitana;caatinga;961,52;As;15837;6,62;91,14;68,6
2904100;Boquira;29;BA;n„o metropolitana;caatinga;668,35;As;20588;3,36;61,36;39,94
2904209;Botupor√£;29;BA;n„o metropolitana;caatinga;745,57;As;11040;32,78;52,31;41,89
2904308;Brej√µes;29;BA;n„o metropolitana;mata atlantica;698,99;As;12914;32,03;75,54;69,88
2904407;Brejol√¢ndia;29;BA;n„o metropolitana;caatinga;558,63;Aw;9114;1,18;42,41;30,45
2904506;Brotas De Maca√∫bas;29;BA;n„o metropolitana;caatinga;959,25;As;12467;22,6;35,51;47,26
2904605;Brumado;29;BA;n„o metropolitana;caatinga;538,81;BSh;70268;63,39;78,07;74,06
2904704;Buerarema;29;BA;n„o metropolitana;mata atlantica;202,58;Af;16880;65,84;91,84;78,74
2904753;Buritirama;29;BA;n„o metropolitana;caatinga;579,69;Aw;19514;3,55;57,59;42,31
2904803;Caatiba;29;BA;n„o metropolitana;mata atlantica;503,99;Aw;6915;59,47;78,35;62,96
2904852;Cabaceiras Do Paragua√ßu;29;BA;n„o metropolitana;mata atlantica;177,86;Aw;19432;6,35;65,71;36,03
2904902;Cachoeira;29;BA;n„o metropolitana;mata atlantica;99,45;Af;31982;52,51;82,73;67,09
2905008;Cacul√©;29;BA;n„o metropolitana;caatinga;687,01;As;22412;18,62;87,93;63,9
2905107;Ca√©m;29;BA;n„o metropolitana;caatinga;460,73;Aw;10360;8,66;61,23;54,58
2905156;Caetanos;29;BA;n„o metropolitana;caatinga;482,21;BSh;13242;10,5;6,88;27,32
2905206;Caetit√©;29;BA;n„o metropolitana;cerrado;888,44;As;52099;34,76;69,55;59,95
2905305;Cafarnaum;29;BA;n„o metropolitana;caatinga;825,39;BSh;17975;4,71;80,76;63,89
2905404;Cairu;29;BA;n„o metropolitana;mata atlantica;15,3;Af;17591;45,47;94,37;95,94
2905503;Caldeir√£o Grande;29;BA;n„o metropolitana;caatinga;445,5;Aw;13063;7,6;76,85;64,62
2905602;Camacan;29;BA;n„o metropolitana;mata atlantica;284,23;Af;22460;74,57;85,28;82,7
2905701;Cama√ßari;29;BA;metropolitana;mata atlantica;33,81;Af;334195;65,33;96,46;93,75
2905800;Camamu;29;BA;n„o metropolitana;mata atlantica;127,03;Af;30480;33,42;84,08;63,58
2905909;Campo Alegre De Lourdes;29;BA;n„o metropolitana;caatinga;499,96;BSh;30659;5,84;5,9;25,26
2906006;Campo Formoso;29;BA;n„o metropolitana;caatinga;690,39;BSh;68571;13,26;67,07;55,33
2906105;Can√°polis;29;BA;n„o metropolitana;caatinga;690,36;Aw;10225;19,73;84,46;45,71
2906204;Canarana;29;BA;n„o metropolitana;caatinga;775,99;BSh;23491;1,57;79,55;61,62
2906303;Canavieiras;29;BA;n„o metropolitana;mata atlantica;52,27;Af;33080;55,3;87,8;79,15
2906402;Candeal;29;BA;n„o metropolitana;caatinga;239,87;As;7785;0,67;59,5;43,76
2906501;Candeias;29;BA;metropolitana;mata atlantica;46,05;Af;77026;74,09;96,01;87,77
2906600;Candiba;29;BA;n„o metropolitana;caatinga;660,96;As;13007;1,14;76,3;59,92
2906709;C√¢ndido Sales;29;BA;n„o metropolitana;mata atlantica;812,1;Cwa;25278;7,78;68,2;68,98
2906808;Cansan√ß√£o;29;BA;n„o metropolitana;caatinga;352,16;BSh;39475;32,48;60,6;29,85
2906824;Canudos;29;BA;n„o metropolitana;caatinga;500,03;BSh;15906;17,56;66,09;53,91
2906857;Capela Do Alto Alegre;29;BA;n„o metropolitana;caatinga;331,61;BSh;10754;32,51;72,12;73,98
2906873;Capim Grosso;29;BA;n„o metropolitana;caatinga;395,73;BSh;33344;12,16;89,28;89,12
2906899;Cara√≠bas;29;BA;n„o metropolitana;caatinga;524,25;BSh;9938;3,99;34,36;24,91
2906907;Caravelas;29;BA;n„o metropolitana;mata atlantica;86,48;Af;21612;24,72;84,4;75,54
2907004;Cardeal Da Silva;29;BA;n„o metropolitana;mata atlantica;111,04;Af;8376;16,51;77,18;69,64
2907103;Carinhanha;29;BA;n„o metropolitana;caatinga;477,31;As;28869;6,16;70,13;53,54
2907202;Casa Nova;29;BA;n„o metropolitana;caatinga;461,19;BSh;71572;38,14;61,76;55,07
2907301;Castro Alves;29;BA;n„o metropolitana;mata atlantica;230,94;As;24700;56,83;72,4;61,77
2907400;Catol√¢ndia;29;BA;n„o metropolitana;cerrado;709,02;Aw;3480;10,41;67,85;33,47
2907509;Catu;29;BA;n„o metropolitana;mata atlantica;131,07;Af;48137;71,02;93,48;82,45
2907558;Caturama;29;BA;n„o metropolitana;caatinga;644,43;As;8847;16,93;60,21;37,3
2907608;Central;29;BA;n„o metropolitana;caatinga;621,7;BSh;16223;9,95;86,02;49,09
2907707;Chorroch√≥;29;BA;n„o metropolitana;caatinga;409,18;BSh;10587;28,41;54,11;43,67
2907806;C√≠cero Dantas;29;BA;n„o metropolitana;caatinga;401,26;As;30836;44,25;81,56;60,01
2907905;Cip√≥;29;BA;n„o metropolitana;caatinga;178,37;As;17246;6,43;83,31;71,76
2908002;Coaraci;29;BA;n„o metropolitana;mata atlantica;354,3;Aw;17949;83,77;90,98;90,22
2908101;Cocos;29;BA;n„o metropolitana;cerrado;740,35;Aw;19156;3,24;61,65;48,18
2908200;Concei√ß√£o Da Feira;29;BA;n„o metropolitana;mata atlantica;183,88;Aw;22936;5,81;88,84;71,72
2908309;Concei√ß√£o Do Almeida;29;BA;n„o metropolitana;mata atlantica;192,5;Af;15401;29,35;63,54;54,37
2908408;Concei√ß√£o Do Coit√©;29;BA;n„o metropolitana;caatinga;326,08;BSh;70202;32,01;76,08;74,63
2908507;Concei√ß√£o Do Jacu√≠pe;29;BA;n„o metropolitana;mata atlantica;187,13;Af;34994;6,79;87,93;86,23
2908606;Conde;29;BA;n„o metropolitana;mata atlantica;54,06;Af;24433;13,48;75,73;58,68
2908705;Conde√∫ba;29;BA;n„o metropolitana;caatinga;786,02;As;17059;8,63;74,01;46,46
2908804;Contendas Do Sincor√°;29;BA;n„o metropolitana;caatinga;463,61;BSh;4750;11,58;67,81;50,78
2908903;Cora√ß√£o De Maria;29;BA;n„o metropolitana;mata atlantica;216,12;Aw;28340;4,03;61,19;42,51
2909000;Cordeiros;29;BA;n„o metropolitana;caatinga;842,06;As;7555;0,5;72,95;37,22
2909109;Coribe;29;BA;n„o metropolitana;cerrado;687,87;Aw;14158;2,96;83,18;50,12
2909208;Coronel Jo√£o S√°;29;BA;n„o metropolitana;caatinga;249,34;BSh;17000;30,81;54,41;49,89
2909307;Correntina;29;BA;n„o metropolitana;cerrado;773,25;Aw;32709;17,35;62,36;51,61
2909406;Cotegipe;29;BA;n„o metropolitana;cerrado;454,32;Aw;13059;5,83;64,71;44,66
2909505;Cravol√¢ndia;29;BA;n„o metropolitana;mata atlantica;649,96;Aw;4445;60,04;84,36;72,88
2909604;Cris√≥polis;29;BA;n„o metropolitana;caatinga;174,3;As;19720;6,43;80,31;44,91
2909703;Crist√≥polis;29;BA;n„o metropolitana;cerrado;769,91;Aw;14002;19,92;81,82;32,55
2909802;Cruz Das Almas;29;BA;n„o metropolitana;mata atlantica;209,54;Af;60633;17,76;95,78;83,91
2909901;Cura√ß√°;29;BA;n„o metropolitana;caatinga;437,75;BSh;33603;37,21;67,09;43,97
2910008;D√°rio Meira;29;BA;n„o metropolitana;mata atlantica;371,67;Aw;10025;48,5;82,91;57,68
2910057;Dias D'√°vila;29;BA;metropolitana;mata atlantica;49,72;Af;69211;60,07;95,11;89,47
2910107;Dom Bas√≠lio;29;BA;n„o metropolitana;caatinga;557,02;BSh;11905;0,44;61,73;22,39
2910206;Dom Macedo Costa;29;BA;n„o metropolitana;mata atlantica;155,01;Af;4418;6,78;78,54;53,01
2910305;El√≠sio Medrado;29;BA;n„o metropolitana;mata atlantica;361,7;Aw;7782;0,94;82,56;40,73
2910404;Encruzilhada;29;BA;n„o metropolitana;mata atlantica;792,19;Cwa;19111;20,39;72,08;57,51
2910503;Entre Rios;29;BA;n„o metropolitana;mata atlantica;111,58;Af;38880;11,39;84,11;77,59
2910602;Esplanada;29;BA;n„o metropolitana;mata atlantica;96,88;Af;34033;14,19;88,76;65,48
2910701;Euclides Da Cunha;29;BA;n„o metropolitana;caatinga;472,36;As;65187;12,04;84;52,83
2910727;Eun√°polis;29;BA;n„o metropolitana;mata atlantica;199,19;Aw;112477;38,7;95,91;94,7
2910750;F√°tima;29;BA;n„o metropolitana;caatinga;305,02;As;17899;45,82;74,54;56,75
2910776;Feira Da Mata;29;BA;n„o metropolitana;caatinga;574,32;Aw;5618;2,29;66,41;48,4
2910800;Feira De Santana;29;BA;metropolitana;mata atlantica;204,08;As;652592;60,58;95,87;93,06
2910859;Filad√©lfia;29;BA;n„o metropolitana;caatinga;422,33;As;17892;9,71;78,57;63,6
2910909;Firmino Alves;29;BA;n„o metropolitana;mata atlantica;369,93;Aw;5925;74,16;72,91;88,76
2911006;Floresta Azul;29;BA;n„o metropolitana;mata atlantica;284,38;Aw;11068;70,26;88,82;78,88
2911105;Formosa Do Rio Preto;29;BA;n„o metropolitana;cerrado;721,24;Aw;25185;3,32;73,62;57,34
2911204;Gandu;29;BA;n„o metropolitana;mata atlantica;275,8;Af;29776;54,8;88,01;77,65
2911253;Gavi√£o;29;BA;n„o metropolitana;caatinga;318,91;BSh;4357;14,76;72,62;59,26
2911303;Gentio Do Ouro;29;BA;n„o metropolitana;caatinga;865,66;Aw;11896;2,62;79,27;41,93
2911402;Gl√≥ria;29;BA;n„o metropolitana;caatinga;375,9;BSh;16698;19,6;61,35;27,32
2911501;Gongogi;29;BA;n„o metropolitana;mata atlantica;163,11;Af;5549;63,09;74,52;71,26
2911600;Governador Mangabeira;29;BA;n„o metropolitana;mata atlantica;196,25;Aw;20604;7,98;88,15;43,39
2911659;Guajeru;29;BA;n„o metropolitana;caatinga;665,57;BSh;8054;1,05;50,65;22,19
2911709;Guanambi;29;BA;n„o metropolitana;caatinga;597,63;As;87580;53,06;86,59;79,22
2911808;Guaratinga;29;BA;n„o metropolitana;mata atlantica;345,6;Aw;20338;42,36;83,4;60,7
2911857;Heli√≥polis;29;BA;n„o metropolitana;caatinga;277,84;As;12301;8,2;87,07;55,73
2911907;Ia√ßu;29;BA;n„o metropolitana;caatinga;376,11;BSh;25178;28,76;79,69;74,98
2912004;Ibiassuc√™;29;BA;n„o metropolitana;caatinga;658,09;As;10426;2,39;90,78;53,43
2912103;Ibicara√≠;29;BA;n„o metropolitana;mata atlantica;232;Af;21688;63,99;93,58;89,24
2912202;Ibicoara;29;BA;n„o metropolitana;caatinga;1041,5;Cfb;20874;17,66;83,08;77,17
2912301;Ibicu√≠;29;BA;n„o metropolitana;mata atlantica;315,63;Aw;13791;62,07;78,5;74,98
2912400;Ibipeba;29;BA;n„o metropolitana;caatinga;717,78;BSh;18540;6,71;86,5;51,77
2912509;Ibipitanga;29;BA;n„o metropolitana;caatinga;582,82;BSh;13905;1,96;64,48;40,37
2912608;Ibiquera;29;BA;n„o metropolitana;caatinga;563,78;BSh;3722;7,79;53,21;50,72
2912707;Ibirapitanga;29;BA;n„o metropolitana;mata atlantica;246,42;Af;27341;47,98;79,88;64,71
2912806;Ibirapu√£;29;BA;n„o metropolitana;mata atlantica;146,04;Am;8331;49,39;85,45;63,36
2912905;Ibirataia;29;BA;n„o metropolitana;mata atlantica;296,32;Af;19613;71,61;90,79;81,18
2913002;Ibitiara;29;BA;n„o metropolitana;caatinga;853,99;BSh;14622;15,81;70,09;36,56
2913101;Ibitit√°;29;BA;n„o metropolitana;caatinga;756,22;BSh;17954;1,5;93,83;64,45
2913200;Ibotirama;29;BA;n„o metropolitana;caatinga;502,54;Aw;26611;30,56;82,88;75
2913309;Ichu;29;BA;n„o metropolitana;caatinga;280,17;As;6192;1,09;69,71;63,21
2913408;Igapor√£;29;BA;n„o metropolitana;cerrado;792,71;As;17022;21,42;73,84;54,18
2913457;Igrapi√∫na;29;BA;n„o metropolitana;mata atlantica;121,14;Af;13077;25,72;66,46;50,25
2913507;Igua√≠;29;BA;n„o metropolitana;mata atlantica;528,5;Aw;25114;57,76;81,36;61,14
2913606;Ilh√©us;29;BA;n„o metropolitana;mata atlantica;110,16;Af;197163;66,5;90,92;84,18
2913705;Inhambupe;29;BA;n„o metropolitana;mata atlantica;232,97;As;33771;32,05;78,44;49,8
2913804;Ipecaet√°;29;BA;n„o metropolitana;caatinga;211,97;As;16230;4,69;61,54;20,46
2913903;Ipia√∫;29;BA;n„o metropolitana;mata atlantica;224,98;Af;43078;66,63;93,49;90,77
2914000;Ipir√°;29;BA;n„o metropolitana;caatinga;268,11;As;58094;51,24;62,02;59,78
2914109;Ipupiara;29;BA;n„o metropolitana;caatinga;917,2;As;9925;1,94;79,23;73,04
2914208;Irajuba;29;BA;n„o metropolitana;mata atlantica;656,16;As;6100;3,22;63,61;61,48
2914307;Iramaia;29;BA;n„o metropolitana;caatinga;503,18;BSh;10755;1,39;58,72;47,92
2914406;Iraquara;29;BA;n„o metropolitana;caatinga;802,2;Aw;25590;10,05;76,98;36,02
2914505;Irar√°;29;BA;n„o metropolitana;mata atlantica;260,8;Aw;27984;2,75;58,36;43,22
2914604;Irec√™;29;BA;n„o metropolitana;caatinga;757,29;BSh;76491;29,15;98,97;94,02
2914653;Itabela;29;BA;n„o metropolitana;mata atlantica;148,26;Af;27691;4,29;95,16;89,04
2914703;Itaberaba;29;BA;n„o metropolitana;caatinga;305,05;BSh;67605;69,01;86,84;78,8
2914802;Itabuna;29;BA;metropolitana;mata atlantica;128,85;Af;185500;81,7;95,36;92,77
2914901;Itacar√©;29;BA;n„o metropolitana;mata atlantica;114,28;Af;28214;39,26;79,17;58,35
2915007;Itaet√©;29;BA;n„o metropolitana;caatinga;450,22;Aw;14031;9,36;77,57;51,78
2915106;Itagi;29;BA;n„o metropolitana;mata atlantica;507,14;Aw;13925;56,84;86,32;76,53
2915205;Itagib√°;29;BA;n„o metropolitana;mata atlantica;229,23;Af;15556;64,72;86,23;71,54
2915304;Itagimirim;29;BA;n„o metropolitana;mata atlantica;253,55;Aw;7037;76,64;93,21;85,28
2915353;Itagua√ßu Da Bahia;29;BA;n„o metropolitana;caatinga;469;BSh;13116;10,77;85,1;42,76
2915403;Itaju Do Col√¥nia;29;BA;n„o metropolitana;mata atlantica;254,1;Aw;6033;67,89;77,98;76,74
2915502;Itaju√≠pe;29;BA;n„o metropolitana;mata atlantica;243,69;Af;19913;59,5;91,03;86,01
2915601;Itamaraju;29;BA;n„o metropolitana;mata atlantica;179,66;Am;60831;55,79;92,76;79,51
2915700;Itamari;29;BA;n„o metropolitana;mata atlantica;307,29;Af;7050;41,6;83,37;73,4
2915809;Itamb√©;29;BA;n„o metropolitana;mata atlantica;458,33;As;26420;83,54;85,36;83,62
2915908;Itanagra;29;BA;n„o metropolitana;mata atlantica;79,55;Af;5814;21,11;79,96;63,77
2916005;Itanh√©m;29;BA;n„o metropolitana;mata atlantica;352,83;Aw;19025;65,68;89,74;72,97
2916104;Itaparica;29;BA;metropolitana;mata atlantica;6,28;Af;19738;48;91,6;78,14
2916203;Itap√©;29;BA;n„o metropolitana;mata atlantica;163,32;Am;10327;60,17;77,37;78,27
2916302;Itapebi;29;BA;n„o metropolitana;mata atlantica;221,64;Aw;9779;5,37;88,15;76,51
2916401;Itapetinga;29;BA;n„o metropolitana;mata atlantica;280,6;Aw;68704;92,36;96,03;96,4
2916500;Itapicuru;29;BA;n„o metropolitana;caatinga;222,98;As;32793;11,85;78,72;37,57
2916609;Itapitanga;29;BA;n„o metropolitana;mata atlantica;261,51;Af;10320;77,54;84,01;79,39
2916708;Itaquara;29;BA;n„o metropolitana;mata atlantica;682,94;Aw;8175;61,92;85,21;71,53
2916807;Itarantim;29;BA;n„o metropolitana;mata atlantica;273,05;Aw;17035;75,08;88,31;80,13
2916856;Itatim;29;BA;n„o metropolitana;caatinga;308,89;BSh;15749;2,59;86,34;72,99
2916906;Itiru√ßu;29;BA;n„o metropolitana;mata atlantica;727,28;As;11016;52,27;86,44;83,73
2917003;Iti√∫ba;29;BA;n„o metropolitana;caatinga;377,34;As;33671;21,28;53,33;42,6
2917102;Itoror√≥;29;BA;n„o metropolitana;mata atlantica;336,28;Aw;17729;71,91;90,3;82,65
2917201;Itua√ßu;29;BA;n„o metropolitana;caatinga;726,51;BSh;18992;8,27;54,7;41,3
2917300;Ituber√°;29;BA;n„o metropolitana;mata atlantica;115,13;Af;21974;37,94;69,79;76,5
2917334;Iuiu;29;BA;n„o metropolitana;caatinga;530,42;As;11101;13,19;57,76;62,72
2917359;Jaborandi;29;BA;n„o metropolitana;cerrado;796,09;Aw;9269;46,05;76,8;43,53
2917409;Jacaraci;29;BA;n„o metropolitana;caatinga;817,37;As;14625;6,47;88,42;40,7
2917508;Jacobina;29;BA;n„o metropolitana;caatinga;604,63;BSh;88296;54,57;85,24;86,21
2917607;Jaguaquara;29;BA;n„o metropolitana;mata atlantica;640,24;Aw;46026;29,87;87,55;79,33
2917706;Jaguarari;29;BA;n„o metropolitana;caatinga;527,01;BSh;32495;58,72;80,59;68,5
2917805;Jaguaripe;29;BA;n„o metropolitana;mata atlantica;64,51;Af;20237;8,4;80,39;42,65
2917904;Janda√≠ra;29;BA;n„o metropolitana;mata atlantica;56,08;Am;9112;3,82;77,02;63,87
2918001;Jequi√©;29;BA;n„o metropolitana;caatinga;498,52;BSh;156408;78,1;92,69;90,83
2918100;Jeremoabo;29;BA;n„o metropolitana;caatinga;477,16;BSh;37519;33,36;65,38;52,95
2918209;Jiquiri√ß√°;29;BA;n„o metropolitana;mata atlantica;507,28;Af;13623;30,34;58,24;43,89
2918308;Jita√∫na;29;BA;n„o metropolitana;mata atlantica;368,29;Af;14614;50,75;74,03;71,58
2918357;Jo√£o Dourado;29;BA;n„o metropolitana;caatinga;782,14;BSh;26186;4,55;93,07;77,12
2918407;Juazeiro;29;BA;n„o metropolitana;caatinga;431,92;BSh;244406;65,21;91,06;83,7
2918456;Jucuru√ßu;29;BA;n„o metropolitana;mata atlantica;448,88;Am;9971;37,12;72,63;44,88
2918506;Jussara;29;BA;n„o metropolitana;caatinga;584,09;BSh;16922;2,94;92,58;58,94
2918555;Jussari;29;BA;n„o metropolitana;mata atlantica;277,26;Af;5902;66,52;88,46;79,61
2918605;Jussiape;29;BA;n„o metropolitana;caatinga;863,98;BSh;7381;21,67;86,61;38,96
2918704;Lafaiete Coutinho;29;BA;n„o metropolitana;mata atlantica;666,27;As;4044;39,58;73,46;70,47
2918753;Lagoa Real;29;BA;n„o metropolitana;caatinga;703,04;As;13990;5,62;46,3;22,53
2918803;Laje;29;BA;n„o metropolitana;mata atlantica;216,73;Af;23198;25,74;77,27;40,63
2918902;Lajed√£o;29;BA;n„o metropolitana;mata atlantica;241,99;Aw;4550;67,65;92,18;64,86
2919009;Lajedinho;29;BA;n„o metropolitana;caatinga;593,86;BSh;4102;20,56;61,22;32,68
2919058;Lajedo Do Tabocal;29;BA;n„o metropolitana;mata atlantica;759,17;As;7486;0,66;83,59;64,55
2919108;Lamar√£o;29;BA;n„o metropolitana;caatinga;267,45;As;9062;21,5;42,7;18,97
2919157;Lap√£o;29;BA;n„o metropolitana;caatinga;771,32;BSh;25713;10,67;93,12;57,58
2919207;Lauro De Freitas;29;BA;metropolitana;mata atlantica;34,14;Af;220437;80,89;98,96;98,75
2919306;Len√ß√≥is;29;BA;n„o metropolitana;caatinga;692,99;Aw;11022;56,2;82,57;74,1
2919405;Lic√≠nio De Almeida;29;BA;n„o metropolitana;caatinga;805,24;As;11848;4,6;72;54,23
2919504;Livramento De Nossa Senhora;29;BA;n„o metropolitana;caatinga;622,27;BSh;43898;32,58;72,62;49,61
2919553;Lu√≠s Eduardo Magalh√£es;29;BA;n„o metropolitana;cerrado;810,51;Aw;108271;18,16;93,82;96,5
2919603;Macajuba;29;BA;n„o metropolitana;caatinga;343,71;Aw;10463;43,86;63,93;64,29
2919702;Macarani;29;BA;n„o metropolitana;mata atlantica;401,77;As;21556;78,17;88,93;82,74
2919801;Maca√∫bas;29;BA;n„o metropolitana;caatinga;751,09;As;41631;27,01;89,63;41,86
2919900;Macurur√©;29;BA;n„o metropolitana;caatinga;437,32;BSh;7600;1;54,06;14,83
2919926;Madre De Deus;29;BA;metropolitana;mata atlantica;4,2;Af;18767;91,98;99,71;99,33
2919959;Maetinga;29;BA;n„o metropolitana;caatinga;679,51;BSh;6968;24,92;56,61;40,72
2920007;Maiquinique;29;BA;n„o metropolitana;mata atlantica;371,02;Aw;9452;75,07;83,26;75,93
2920106;Mairi;29;BA;n„o metropolitana;caatinga;431,87;As;16122;54,02;65,27;66,43
2920205;Malhada;29;BA;n„o metropolitana;caatinga;455,64;As;15426;15,29;68,93;57,9
2920304;Malhada De Pedras;29;BA;n„o metropolitana;caatinga;535,79;BSh;8673;10,02;48,1;38,93
2920403;Manoel Vitorino;29;BA;n„o metropolitana;caatinga;465,71;BSh;13327;3,17;57,3;53,73
2920452;Mansid√£o;29;BA;n„o metropolitana;cerrado;472,33;Aw;13902;3,04;56,21;35,7
2920502;Marac√°s;29;BA;n„o metropolitana;caatinga;600,03;BSh;27747;9,62;78,26;75,61
2920601;Maragogipe;29;BA;n„o metropolitana;mata atlantica;103,09;Af;38394;40,91;82,72;61,7
2920700;Mara√∫;29;BA;n„o metropolitana;mata atlantica;98,51;Af;24713;20,05;70,81;46,57
2920809;Marcion√≠lio Souza;29;BA;n„o metropolitana;caatinga;394,49;BSh;9256;13,89;70,91;61,68
2920908;Mascote;29;BA;n„o metropolitana;mata atlantica;188,66;Af;11991;44,3;83,99;75,16
2921005;Mata De S√£o Jo√£o;29;BA;metropolitana;mata atlantica;59,4;Af;48698;42,93;88,39;83,32
2921054;Matina;29;BA;n„o metropolitana;caatinga;564,49;As;10338;3,25;65,57;33,47
2921104;Medeiros Neto;29;BA;n„o metropolitana;mata atlantica;238,61;Aw;23096;35,32;89,36;77,28
2921203;Miguel Calmon;29;BA;n„o metropolitana;caatinga;657,71;BSh;27817;41,98;83,77;59,41
2921302;Milagres;29;BA;n„o metropolitana;caatinga;493,11;As;11076;5,23;85,44;77,17
2921401;Mirangaba;29;BA;n„o metropolitana;caatinga;685,5;BSh;15050;18,82;66,73;49,6
2921450;Mirante;29;BA;n„o metropolitana;caatinga;488,51;BSh;10072;21,96;25,7;22,82
2921500;Monte Santo;29;BA;n„o metropolitana;caatinga;452,01;BSh;47758;12,04;28,17;30,67
2921609;Morpar√°;29;BA;n„o metropolitana;caatinga;463,89;Aw;8303;4,56;70,04;61,26
2921708;Morro Do Chap√©u;29;BA;n„o metropolitana;caatinga;857,29;BSh;33389;9,6;74,89;59,43
2921807;Mortugaba;29;BA;n„o metropolitana;caatinga;877,45;As;11131;1,83;83,83;50,76
2921906;Mucug√™;29;BA;n„o metropolitana;caatinga;1114,74;Cfb;12988;37,57;78,5;49,8
2922003;Mucuri;29;BA;n„o metropolitana;mata atlantica;78;Af;38082;30,86;89,26;85,17
2922052;Mulungu Do Morro;29;BA;n„o metropolitana;caatinga;917,71;BSh;13166;0,51;23,44;47,65
2922102;Mundo Novo;29;BA;n„o metropolitana;caatinga;541,99;As;20564;37,79;74,3;72,9
2922201;Muniz Ferreira;29;BA;n„o metropolitana;mata atlantica;120,55;Af;7165;26,42;76,97;68,12
2922250;Muqu√©m Do S√£o Francisco;29;BA;n„o metropolitana;caatinga;517,21;Aw;11029;16,24;78,75;30,77
2922300;Muritiba;29;BA;n„o metropolitana;mata atlantica;200,68;Af;28558;14,95;91,74;68,96
2922409;Mutu√≠pe;29;BA;n„o metropolitana;mata atlantica;358,22;Af;20028;49,31;70,39;48,93
2922508;Nazar√©;29;BA;n„o metropolitana;mata atlantica;89,03;Af;28181;53,81;85,53;82,65
2922607;Nilo Pe√ßanha;29;BA;n„o metropolitana;mata atlantica;111,01;Af;12032;32,4;68,17;56,86
2922656;Nordestina;29;BA;n„o metropolitana;caatinga;301,48;BSh;18536;3,91;48,2;37,68
2922706;Nova Cana√£;29;BA;n„o metropolitana;mata atlantica;602,95;Aw;15959;46,75;65,8;50,42
2922730;Nova F√°tima;29;BA;n„o metropolitana;caatinga;288,41;BSh;7958;63,91;86,13;79,78
2922755;Nova Ibi√°;29;BA;n„o metropolitana;mata atlantica;322,56;Af;8325;35,96;76,51;41,99
2922805;Nova Itarana;29;BA;n„o metropolitana;caatinga;648,08;BSh;7820;6,53;77,05;73
2922854;Nova Reden√ß√£o;29;BA;n„o metropolitana;caatinga;417,62;Aw;7525;10,28;77,54;66,23
2922904;Nova Soure;29;BA;n„o metropolitana;caatinga;258,6;As;24206;1,32;84,57;53,89
2923001;Nova Vi√ßosa;29;BA;n„o metropolitana;mata atlantica;61,83;Af;41089;19,09;93,75;81,47
2923035;Novo Horizonte;29;BA;n„o metropolitana;caatinga;985,84;As;11163;10,55;78,82;33,92
2923050;Novo Triunfo;29;BA;n„o metropolitana;caatinga;476,95;As;10666;55,13;71,54;60,19
2923100;Olindina;29;BA;n„o metropolitana;caatinga;197,93;As;22615;51,24;86,88;58,49
2923209;Oliveira Dos Brejinhos;29;BA;n„o metropolitana;caatinga;583,63;As;22850;12,88;86,7;43,95
2923308;Ouri√ßangas;29;BA;n„o metropolitana;mata atlantica;270,67;Am;7728;15,1;92,18;40,71
2923357;Ourol√¢ndia;29;BA;n„o metropolitana;caatinga;630,92;BSh;19322;18,63;68,87;66,73
2923407;Palmas De Monte Alto;29;BA;n„o metropolitana;caatinga;496,98;As;20091;16,53;63,34;44,1
2923506;Palmeiras;29;BA;n„o metropolitana;caatinga;953,8;Aw;10383;29,66;87,79;73,33
2923605;Paramirim;29;BA;n„o metropolitana;caatinga;756,83;As;20378;38,71;81,24;54,07
2923704;Paratinga;29;BA;n„o metropolitana;caatinga;557,1;As;28947;3,16;66,04;33,68
2923803;Paripiranga;29;BA;n„o metropolitana;caatinga;327,72;As;26609;26,09;33,11;37,71
2923902;Pau Brasil;29;BA;n„o metropolitana;mata atlantica;284,57;Aw;10669;65,04;75,06;70,78
2924009;Paulo Afonso;29;BA;n„o metropolitana;caatinga;357,08;BSh;118412;83;89,1;86,57
2924058;P√© De Serra;29;BA;n„o metropolitana;caatinga;272,88;BSh;13242;3,13;58,17;58,09
2924108;Pedr√£o;29;BA;n„o metropolitana;mata atlantica;219,01;Am;6229;2,77;54,98;25,25
2924207;Pedro Alexandre;29;BA;n„o metropolitana;caatinga;321,08;BSh;14056;2,83;32,19;29,43
2924306;Piat√£;29;BA;n„o metropolitana;caatinga;1243,92;Cwb;20098;5,19;67,41;43,97
2924405;Pil√£o Arcado;29;BA;n„o metropolitana;caatinga;467,06;BSh;35326;2;44,41;33,98
2924504;Pinda√≠;29;BA;n„o metropolitana;caatinga;767,49;As;14740;3,27;59,63;28,99
2924603;Pindoba√ßu;29;BA;n„o metropolitana;caatinga;568,59;As;19133;42,25;73,64;76,81
2924652;Pintadas;29;BA;n„o metropolitana;caatinga;305;BSh;9805;54,22;61,06;67,94
2924678;Pira√≠ Do Norte;29;BA;n„o metropolitana;mata atlantica;282,3;Af;10200;26,59;75,92;46,45
2924702;Pirip√°;29;BA;n„o metropolitana;caatinga;788,17;BSh;9158;4,84;66,44;50,85
2924801;Piritiba;29;BA;n„o metropolitana;caatinga;613;As;17549;36,61;83,53;75,86
2924900;Planaltino;29;BA;n„o metropolitana;caatinga;738,39;As;8012;0,67;36,97;49,27
2925006;Planalto;29;BA;n„o metropolitana;mata atlantica;823,4;BSh;23290;2,77;73,27;64,22
2925105;Po√ß√µes;29;BA;n„o metropolitana;caatinga;816,72;BSh;48197;64,6;83,71;81,72
2925204;Pojuca;29;BA;metropolitana;mata atlantica;90,05;Af;33079;87,2;91,5;90,48
2925253;Ponto Novo;29;BA;n„o metropolitana;caatinga;394,52;As;17941;10,38;81,36;75,67
2925303;Porto Seguro;29;BA;n„o metropolitana;mata atlantica;74,28;Af;158736;69,19;87,33;90,52
2925402;Potiragu√°;29;BA;n„o metropolitana;mata atlantica;226,34;Aw;11524;75,64;89,53;89,63
2925501;Prado;29;BA;n„o metropolitana;mata atlantica;57,89;Af;31715;14,7;84,71;69,36
2925600;Presidente Dutra;29;BA;n„o metropolitana;caatinga;674,56;BSh;15133;6,93;96,11;80,72
2925709;Presidente J√¢nio Quadros;29;BA;n„o metropolitana;caatinga;691,21;BSh;12627;31,99;42,14;35,2
2925758;Presidente Tancredo Neves;29;BA;n„o metropolitana;mata atlantica;255,96;Af;27662;28,13;80,28;47,89
2925808;Queimadas;29;BA;n„o metropolitana;caatinga;334,29;BSh;26027;37,91;63,12;61,66
2925907;Quijingue;29;BA;n„o metropolitana;caatinga;323,24;BSh;27317;13,15;58,11;42,61
2925931;Quixabeira;29;BA;n„o metropolitana;caatinga;415,95;BSh;9429;4,05;74,34;75,66
2925956;Rafael Jambeiro;29;BA;n„o metropolitana;caatinga;199,41;As;20242;11,7;58,66;39,86
2926004;Remanso;29;BA;n„o metropolitana;caatinga;443,35;BSh;40531;49,99;65,62;61,25
2926103;Retirol√¢ndia;29;BA;n„o metropolitana;caatinga;322,44;BSh;13654;17,5;68,95;74,18
2926202;Riach√£o Das Neves;29;BA;n„o metropolitana;cerrado;643,07;Aw;22289;8,99;65,85;43,6
2926301;Riach√£o Do Jacu√≠pe;29;BA;n„o metropolitana;caatinga;240,1;BSh;33422;64,43;79,99;73,15
2926400;Riacho De Santana;29;BA;n„o metropolitana;caatinga;565,39;As;39127;5,94;70,53;47,59
2926509;Ribeira Do Amparo;29;BA;n„o metropolitana;caatinga;216,52;As;13831;1,12;82,33;38,85
2926608;Ribeira Do Pombal;29;BA;n„o metropolitana;caatinga;277,55;As;53997;27,65;91;70,51
2926657;Ribeir√£o Do Largo;29;BA;n„o metropolitana;mata atlantica;630,89;As;10382;30,72;72,57;54,82
2926707;Rio De Contas;29;BA;n„o metropolitana;caatinga;955,98;BSh;13634;22,87;75,52;59,2
2926806;Rio Do Ant√¥nio;29;BA;n„o metropolitana;caatinga;620,36;BSh;13098;16,02;63,56;43,4
2926905;Rio Do Pires;29;BA;n„o metropolitana;caatinga;922,32;As;9585;2,89;70,82;51,65
2927002;Rio Real;29;BA;n„o metropolitana;mata atlantica;135,23;As;35378;9,53;87,14;60,77
2927101;Rodelas;29;BA;n„o metropolitana;caatinga;451,01;BSh;10303;86,58;95,04;86,3
2927200;Ruy Barbosa;29;BA;n„o metropolitana;caatinga;519,63;As;30172;53,01;77,42;76,2
2927309;Salinas Da Margarida;29;BA;n„o metropolitana;mata atlantica;14,04;Af;14989;11,77;95,67;96,29
2927408;Salvador;29;BA;metropolitana;mata atlantica;17,68;Af;2610987;93,12;99,19;96,65
2927507;Santa B√°rbara;29;BA;n„o metropolitana;caatinga;244,92;As;22446;6,02;69,5;52,54
2927606;Santa Br√≠gida;29;BA;n„o metropolitana;caatinga;338,41;BSh;14979;35,82;53,14;50,02
2927705;Santa Cruz Cabr√°lia;29;BA;n„o metropolitana;mata atlantica;84,16;Af;30385;49,39;84,56;80,89
2927804;Santa Cruz Da Vit√≥ria;29;BA;n„o metropolitana;mata atlantica;329,46;Aw;4672;76,49;84,5;75,69
2927903;Santa In√™s;29;BA;n„o metropolitana;mata atlantica;583,79;As;10293;66,27;87,04;88,96
2928000;Santaluz;29;BA;n„o metropolitana;caatinga;339,33;BSh;37079;56,69;69,6;68,98
2928059;Santa Luzia;29;BA;n„o metropolitana;mata atlantica;126,06;Af;11776;43,82;80,18;57,29
2928109;Santa Maria Da Vit√≥ria;29;BA;n„o metropolitana;caatinga;623,78;Aw;38686;13,32;81,73;61,4
2928208;Santana;29;BA;n„o metropolitana;caatinga;541,07;Aw;24778;13,15;94,05;54,9
2928307;Santan√≥polis;29;BA;n„o metropolitana;caatinga;238,27;As;9831;1,12;54,67;36,94
2928406;Santa Rita De C√°ssia;29;BA;n„o metropolitana;cerrado;527,29;Aw;28084;14,3;74,65;60,01
2928505;Santa Terezinha;29;BA;n„o metropolitana;caatinga;298,32;As;9790;4,72;68,82;36,83
2928604;Santo Amaro;29;BA;n„o metropolitana;mata atlantica;95,85;Af;55935;59,03;85,22;81,51
2928703;Santo Ant√¥nio De Jesus;29;BA;n„o metropolitana;mata atlantica;186,52;Af;103055;67,39;91,7;84,28
2928802;Santo Est√™v√£o;29;BA;n„o metropolitana;caatinga;173;As;55696;12,74;89,24;56,08
2928901;S√£o Desid√©rio;29;BA;n„o metropolitana;cerrado;777,1;Aw;36793;8,48;64,03;48,8
2928950;S√£o Domingos;29;BA;n„o metropolitana;caatinga;288,02;BSh;8417;64,51;86,87;80,86
2929008;S√£o F√©lix;29;BA;n„o metropolitana;mata atlantica;161,07;Af;10946;62,38;83,71;68,56
2929057;S√£o F√©lix Do Coribe;29;BA;n„o metropolitana;caatinga;596,17;Aw;15704;1,62;94,97;76,41
2929107;S√£o Felipe;29;BA;n„o metropolitana;mata atlantica;175,16;Af;20286;9,8;86,54;51,04
2929206;S√£o Francisco Do Conde;29;BA;metropolitana;mata atlantica;26,1;Af;37892;66,34;93,56;92,86
2929255;S√£o Gabriel;29;BA;n„o metropolitana;caatinga;694,54;BSh;18417;8,51;84,04;76,72
2929305;S√£o Gon√ßalo Dos Campos;29;BA;n„o metropolitana;mata atlantica;199,34;As;39570;7,72;86,94;69,39
2929354;S√£o Jos√© Da Vit√≥ria;29;BA;n„o metropolitana;mata atlantica;272,23;Af;5321;78,26;91,41;83,58
2929370;S√£o Jos√© Do Jacu√≠pe;29;BA;n„o metropolitana;caatinga;365,43;As;10195;31,99;76,61;76,48
2929404;S√£o Miguel Das Matas;29;BA;n„o metropolitana;mata atlantica;272,06;Aw;10334;17,14;72,79;33,86
2929503;S√£o Sebasti√£o Do Pass√©;29;BA;metropolitana;mata atlantica;81,33;Af;40376;66,48;77,6;82,49
2929602;Sapea√ßu;29;BA;n„o metropolitana;mata atlantica;214,75;Af;17993;4,52;78,34;54,49
2929701;S√°tiro Dias;29;BA;n„o metropolitana;caatinga;289,05;As;16021;29,19;87,33;38,67
2929750;Saubara;29;BA;n„o metropolitana;mata atlantica;31,87;Af;11433;27,59;97,46;87,68
2929800;Sa√∫de;29;BA;n„o metropolitana;caatinga;544,77;Aw;10482;20,4;78,81;65,3
2929909;Seabra;29;BA;n„o metropolitana;caatinga;1033,06;BSh;49587;4,14;74,31;55,61
2930006;Sebasti√£o Laranjeiras;29;BA;n„o metropolitana;caatinga;579,48;As;9373;12,71;70,39;46,69
2930105;Senhor Do Bonfim;29;BA;n„o metropolitana;caatinga;498,12;As;77514;55,72;90,06;86,15
2930154;Serra Do Ramalho;29;BA;n„o metropolitana;caatinga;512,25;Aw;34270;2,39;84,93;19,01
2930204;Sento S√©;29;BA;n„o metropolitana;caatinga;565,53;BSh;37389;31,86;83,86;51,58
2930303;Serra Dourada;29;BA;n„o metropolitana;caatinga;523,59;Aw;16691;4,93;67,93;40,42
2930402;Serra Preta;29;BA;n„o metropolitana;mata atlantica;255,8;As;18090;11,72;59,01;49,57
2930501;Serrinha;29;BA;n„o metropolitana;caatinga;320,96;As;85696;51,85;86,89;62,28
2930600;Serrol√¢ndia;29;BA;n„o metropolitana;caatinga;437,42;BSh;13320;4,63;88,8;82,79
2930709;Sim√µes Filho;29;BA;metropolitana;mata atlantica;53,71;Af;127093;65,24;95,41;84,13
2930758;S√≠tio Do Mato;29;BA;n„o metropolitana;caatinga;442,16;As;13408;13,09;74;54,87
2930766;S√≠tio Do Quinto;29;BA;n„o metropolitana;caatinga;279,56;As;14778;17,47;72,35;67,18
2930774;Sobradinho;29;BA;n„o metropolitana;caatinga;497,94;BSh;24799;74,38;92,41;92
2930808;Souto Soares;29;BA;n„o metropolitana;caatinga;885,91;BSh;16904;4,67;87,11;35,81
2930907;Tabocas Do Brejo Velho;29;BA;n„o metropolitana;cerrado;783,1;Aw;11990;6,04;91,83;30,34
2931004;Tanha√ßu;29;BA;n„o metropolitana;caatinga;413,53;BSh;21407;12,29;53,56;47,61
2931053;Tanque Novo;29;BA;n„o metropolitana;caatinga;858,8;As;18459;1,97;66,67;45,86
2931103;Tanquinho;29;BA;n„o metropolitana;mata atlantica;234,17;As;7729;44,78;77,32;77,86
2931202;Tapero√°;29;BA;n„o metropolitana;mata atlantica;156,68;Af;18016;28,16;76,19;52,57
2931301;Tapiramut√°;29;BA;n„o metropolitana;caatinga;702,31;As;15884;2,48;89,5;77,34
2931350;Teixeira De Freitas;29;BA;n„o metropolitana;mata atlantica;134,67;Am;147454;76,08;96,94;94,62
2931400;Teodoro Sampaio;29;BA;n„o metropolitana;mata atlantica;154,26;Af;7220;23,54;83,33;75,88
2931509;Teofil√¢ndia;29;BA;n„o metropolitana;caatinga;315,65;As;21811;24,51;70,83;46,55
2931608;Teol√¢ndia;29;BA;n„o metropolitana;mata atlantica;280,81;Af;15892;36,2;56,39;38,64
2931707;Terra Nova;29;BA;n„o metropolitana;mata atlantica;110,33;Af;10802;64,45;74,79;87,14
2931806;Tremedal;29;BA;n„o metropolitana;caatinga;692,59;BSh;17497;7,89;47,34;26,15
2931905;Tucano;29;BA;n„o metropolitana;caatinga;291,66;As;48062;46,47;80,51;58,03
2932002;Uau√°;29;BA;n„o metropolitana;caatinga;483,58;BSh;24654;2,66;51,79;50,37
2932101;Uba√≠ra;29;BA;n„o metropolitana;mata atlantica;576,2;Aw;18605;37,68;69,9;53,89
2932200;Ubaitaba;29;BA;n„o metropolitana;mata atlantica;126,02;Af;17626;67,07;87,43;83,92
2932309;Ubat√£;29;BA;n„o metropolitana;mata atlantica;268,55;Af;18161;57,77;90,8;74,5
2932408;Uiba√≠;29;BA;n„o metropolitana;caatinga;748,45;BSh;14844;2,02;93,04;90,76
2932457;Umburanas;29;BA;n„o metropolitana;caatinga;790,49;BSh;13511;6,49;56,72;50,15
2932507;Una;29;BA;n„o metropolitana;mata atlantica;121,54;Af;17998;26,52;77,75;63,41
2932606;Urandi;29;BA;n„o metropolitana;caatinga;726,3;As;15365;8,18;79,92;49,69
2932705;Uru√ßuca;29;BA;n„o metropolitana;mata atlantica;154,62;Af;21365;65,94;90,07;74,64
2932804;Utinga;29;BA;n„o metropolitana;caatinga;691,07;BSh;16285;2,34;86,14;76,74
2932903;Valen√ßa;29;BA;n„o metropolitana;mata atlantica;142,85;Af;96226;61,44;85,18;73,46
2933000;Valente;29;BA;n„o metropolitana;caatinga;357,18;BSh;23683;47,06;83,26;81,44
2933059;V√°rzea Da Ro√ßa;29;BA;n„o metropolitana;caatinga;410,7;As;13043;19,18;72,34;69,92
2933109;V√°rzea Do Po√ßo;29;BA;n„o metropolitana;caatinga;463,93;As;8115;19,96;84,31;84,7
2933158;V√°rzea Nova;29;BA;n„o metropolitana;caatinga;717,07;BSh;13369;34,75;68,79;73,82
2933174;Varzedo;29;BA;n„o metropolitana;mata atlantica;259,59;Aw;9913;28,22;71,71;36,64
2933208;Vera Cruz;29;BA;metropolitana;mata atlantica;13,51;Af;40915;25,36;95,28;81,82
2933257;Vereda;29;BA;n„o metropolitana;mata atlantica;255,71;Am;7072;29,8;89,65;60,52
2933307;Vit√≥ria Da Conquista;29;BA;metropolitana;mata atlantica;812,61;Cfa;387524;59,75;91,63;89,12
2933406;Wagner;29;BA;n„o metropolitana;caatinga;559,61;Aw;8861;1,09;84,19;74,19
2933455;Wanderley;29;BA;n„o metropolitana;caatinga;494,46;Aw;13071;1,34;78,3;50,2
2933505;Wenceslau Guimar√£es;29;BA;n„o metropolitana;mata atlantica;332,04;Af;26279;28,15;66,89;47,4
2933604;Xique-Xique;29;BA;n„o metropolitana;caatinga;452,01;BSh;46328;37,84;85,08;68,82
3100104;Abadia Dos Dourados;31;MG;n„o metropolitana;cerrado;775,81;Aw;6235;61,1;88,5;64,31
3100203;Abaet√©;31;MG;n„o metropolitana;cerrado;643,71;Aw;22492;84,67;98,4;86,58
3100302;Abre Campo;31;MG;n„o metropolitana;mata atlantica;683,01;Cwa;13882;50,36;90,91;56,03
3100401;Acaiaca;31;MG;n„o metropolitana;mata atlantica;620,31;Cwa;3920;63,52;89,06;71,29
3100500;A√ßucena;31;MG;n„o metropolitana;mata atlantica;495,95;Aw;9229;44,93;78,01;26,39
3100609;√Ågua Boa;31;MG;n„o metropolitana;mata atlantica;520,71;Aw;12390;52,64;82,45;41,06
3100708;√Ågua Comprida;31;MG;n„o metropolitana;mata atlantica;562,82;Aw;2085;83,08;97,32;81,52
3100807;Aguanil;31;MG;n„o metropolitana;mata atlantica;838,6;Cwb;4362;66,37;90,32;79,3
3100906;√Åguas Formosas;31;MG;n„o metropolitana;mata atlantica;429,6;Aw;18430;72,38;90,41;76,08
3101003;√Åguas Vermelhas;31;MG;n„o metropolitana;mata atlantica;826,73;Cwa;14026;37,07;90,51;74,43
3101102;Aimor√©s;31;MG;n„o metropolitana;mata atlantica;299,53;Aw;24934;80,68;95,45;76,34
3101201;Aiuruoca;31;MG;n„o metropolitana;mata atlantica;1264,65;Cwb;6225;45,95;70,74;65,19
3101300;Alagoa;31;MG;n„o metropolitana;mata atlantica;1505,91;Cwb;2646;49,54;71,01;72,05
3101409;Albertina;31;MG;n„o metropolitana;mata atlantica;1115,97;Cwb;2941;70,72;94,43;85,3
3101508;Al√©m Para√≠ba;31;MG;n„o metropolitana;mata atlantica;346,45;Cwa;30608;80,58;97,92;94,58
3101607;Alfenas;31;MG;n„o metropolitana;mata atlantica;817,42;Cwb;79175;94,88;98,89;96,87
3101631;Alfredo Vasconcelos;31;MG;n„o metropolitana;mata atlantica;1139,14;Cwb;6938;61,82;89,1;83,04
3101706;Almenara;31;MG;n„o metropolitana;mata atlantica;488,58;As;39915;76,68;87,57;78,13
3101805;Alpercata;31;MG;n„o metropolitana;mata atlantica;223,21;Aw;6403;74,35;96,7;66,88
3101904;Alpin√≥polis;31;MG;n„o metropolitana;cerrado;890,27;Cwb;17883;81,71;93,35;88,59
3102001;Alterosa;31;MG;n„o metropolitana;mata atlantica;836,7;Cwb;13697;74,27;93,6;77,17
3102050;Alto Capara√≥;31;MG;n„o metropolitana;mata atlantica;1367,41;Cwb;5796;66,12;92,1;88,26
3102100;Alto Rio Doce;31;MG;n„o metropolitana;mata atlantica;784,39;Cwb;10894;38,57;81,48;48,72
3102209;Alvarenga;31;MG;n„o metropolitana;mata atlantica;585,48;Cwa;3858;52,21;76,53;50
3102308;Alvin√≥polis;31;MG;n„o metropolitana;mata atlantica;738;Cwa;15178;75,19;85,1;73,27
3102407;Alvorada De Minas;31;MG;n„o metropolitana;mata atlantica;729,43;Cwa;4065;35,82;68,12;39,96
3102506;Amparo Do Serra;31;MG;n„o metropolitana;mata atlantica;657,14;Cwa;4472;48,5;82,88;48,77
3102605;Andradas;31;MG;n„o metropolitana;mata atlantica;1093,43;Cwb;40522;80,03;94,2;92,71
3102704;Cachoeira De Paje√∫;31;MG;n„o metropolitana;mata atlantica;814;Cwa;9020;26,7;62,09;54,69
3102803;Andrel√¢ndia;31;MG;n„o metropolitana;mata atlantica;1081,59;Cwb;11730;79,84;92,14;81,08
3102852;Angel√¢ndia;31;MG;n„o metropolitana;mata atlantica;959,16;Cwb;7730;42,74;88,12;48,47
3102902;Ant√¥nio Carlos;31;MG;n„o metropolitana;mata atlantica;1090,19;Cwb;11095;64,87;93,19;78,59
3103009;Ant√¥nio Dias;31;MG;n„o metropolitana;mata atlantica;760,59;Cwb;9248;52,16;70,6;49,09
3103108;Ant√¥nio Prado De Minas;31;MG;n„o metropolitana;mata atlantica;402,6;Cwa;1537;80,03;86,51;71,58
3103207;Ara√ßa√≠;31;MG;n„o metropolitana;cerrado;728,18;Cwa;2174;50,49;91,66;77,33
3103306;Aracitaba;31;MG;n„o metropolitana;mata atlantica;735,19;Cwa;1804;66,43;91,85;82,86
3103405;Ara√ßua√≠;31;MG;n„o metropolitana;mata atlantica;533,54;As;34807;38,89;75,35;65,54
3103504;Araguari;31;MG;n„o metropolitana;cerrado;762,8;Aw;121424;84,53;98,89;93,49
3103603;Arantina;31;MG;n„o metropolitana;mata atlantica;1143,49;Cwb;2916;80,47;97,21;93,24
3103702;Araponga;31;MG;n„o metropolitana;mata atlantica;1075,21;Cwb;8048;31,84;71,95;48,71
3103751;Arapor√£;31;MG;n„o metropolitana;mata atlantica;520,53;Aw;8543;94,49;100;96,16
3103801;Arapu√°;31;MG;n„o metropolitana;cerrado;957,2;Cwb;2621;72,38;90,25;74,52
3103900;Ara√∫jos;31;MG;n„o metropolitana;cerrado;800,24;Cwa;9192;84,58;93,9;92,06
3104007;Arax√°;31;MG;n„o metropolitana;cerrado;1033,74;Cwb;116561;96,73;99,05;98,26
3104106;Arceburgo;31;MG;n„o metropolitana;mata atlantica;696,87;Cwa;9278;88,41;98,44;90,08
3104205;Arcos;31;MG;n„o metropolitana;cerrado;757,36;Cwa;41635;95,48;97,04;94,99
3104304;Areado;31;MG;n„o metropolitana;mata atlantica;829,62;Cwb;13752;87,82;93,31;85,78
3104403;Argirita;31;MG;n„o metropolitana;mata atlantica;485,84;Cwa;2717;68,84;94,98;79,62
3104452;Aricanduva;31;MG;n„o metropolitana;mata atlantica;870,77;Cwb;4721;42,95;75,45;33,64
3104502;Arinos;31;MG;n„o metropolitana;cerrado;631,81;Aw;18526;26,28;79,14;61,04
3104601;Astolfo Dutra;31;MG;n„o metropolitana;mata atlantica;475,32;Cwa;14239;41,54;96,21;91,53
3104700;Atal√©ia;31;MG;n„o metropolitana;mata atlantica;362,46;Aw;13744;50,61;83,47;51,69
3104809;Augusto De Lima;31;MG;n„o metropolitana;cerrado;748,79;Aw;4507;19,01;66,66;64,46
3104908;Baependi;31;MG;n„o metropolitana;mata atlantica;1210,44;Cwb;18261;80,23;86,83;77,36
3105004;Baldim;31;MG;metropolitana;cerrado;775,56;Cwa;7336;55,33;92,09;74,56
3105103;Bambu√≠;31;MG;n„o metropolitana;cerrado;739,19;Cwa;23545;87,11;96,45;86,22
3105202;Bandeira;31;MG;n„o metropolitana;mata atlantica;443,66;As;4606;49,57;79,3;52,48
3105301;Bandeira Do Sul;31;MG;n„o metropolitana;mata atlantica;1009,55;Cwb;5968;87,63;95,43;95,89
3105400;Bar√£o De Cocais;31;MG;metropolitana;mata atlantica;885,46;Cwb;30643;84,84;91,22;95,69
3105509;Bar√£o De Monte Alto;31;MG;n„o metropolitana;mata atlantica;330,11;Aw;4965;78,3;97,06;82,66
3105608;Barbacena;31;MG;n„o metropolitana;mata atlantica;1099,9;Cwb;122894;88,29;97,16;93,38
3105707;Barra Longa;31;MG;n„o metropolitana;mata atlantica;567,31;Cwa;5678;62,39;73,72;49,36
3105905;Barroso;31;MG;n„o metropolitana;mata atlantica;995,07;Cwb;19802;88,46;99,17;97,92
3106002;Bela Vista De Minas;31;MG;n„o metropolitana;mata atlantica;755,65;Cwa;9505;86,78;94,47;94,91
3106101;Belmiro Braga;31;MG;n„o metropolitana;mata atlantica;577,91;Cwa;2905;47,55;85,07;81,02
3106200;Belo Horizonte;31;MG;metropolitana;mata atlantica;909,06;Cwb;2392678;96,57;99,84;99,5
3106309;Belo Oriente;31;MG;n„o metropolitana;mata atlantica;301,11;Aw;22149;75,89;94,78;86,06
3106408;Belo Vale;31;MG;metropolitana;mata atlantica;958,87;Cwb;8632;50,26;62,57;49,25
3106507;Berilo;31;MG;n„o metropolitana;cerrado;577,47;As;9615;30,55;47,91;37,36
3106606;Bert√≥polis;31;MG;n„o metropolitana;mata atlantica;365,44;Aw;4457;36,63;77,05;60,07
3106655;Berizal;31;MG;n„o metropolitana;mata atlantica;836,43;As;4191;16,32;68,88;62,72
3106705;Betim;31;MG;metropolitana;mata atlantica;819,76;Cwb;428956;86,27;99,03;98,52
3106804;Bias Fortes;31;MG;n„o metropolitana;mata atlantica;898,83;Cwb;3357;37,44;81,6;66,78
3106903;Bicas;31;MG;n„o metropolitana;mata atlantica;617,36;Cwa;13935;93,23;99,44;95,38
3107000;Biquinhas;31;MG;n„o metropolitana;cerrado;688,94;Aw;2356;1,43;98,15;62,13
3107109;Boa Esperan√ßa;31;MG;n„o metropolitana;cerrado;845,59;Cwb;41060;89,31;97,93;89,57
3107208;Bocaina De Minas;31;MG;n„o metropolitana;mata atlantica;1347,5;Cwb;5316;44,71;72,8;76,05
3107307;Bocai√∫va;31;MG;n„o metropolitana;cerrado;826,72;Aw;50185;76,12;83,55;76,66
3107406;Bom Despacho;31;MG;n„o metropolitana;cerrado;708,22;Cwa;53750;92,15;98,64;93,47
3107505;Bom Jardim De Minas;31;MG;n„o metropolitana;mata atlantica;1173,68;Cwb;6771;83,54;94,68;86,52
3107604;Bom Jesus Da Penha;31;MG;n„o metropolitana;mata atlantica;1026,65;Cwb;4479;80,35;96,54;83,13
3107703;Bom Jesus Do Amparo;31;MG;metropolitana;cerrado;766,92;Cwa;5592;58,45;74,96;70,9
3107802;Bom Jesus Do Galho;31;MG;n„o metropolitana;mata atlantica;461,57;Cwa;14668;55,78;91,93;61,3
3107901;Bom Repouso;31;MG;n„o metropolitana;mata atlantica;1375,16;Cwb;12645;56,57;73,92;87,7
3108008;Bom Sucesso;31;MG;n„o metropolitana;mata atlantica;938,92;Cwb;18045;87,84;96,33;85,23
3108107;Bonfim;31;MG;metropolitana;mata atlantica;924,68;Cwb;7377;39,58;87,55;60,72
3108206;Bonfin√≥polis De Minas;31;MG;n„o metropolitana;cerrado;816,59;Aw;5729;67,04;81,71;72,16
3108255;Bonito De Minas;31;MG;n„o metropolitana;cerrado;717,21;Aw;9917;0,62;40,62;23,64
3108305;Borda Da Mata;31;MG;n„o metropolitana;mata atlantica;961,34;Cfb;17581;85,34;96,13;89,45
3108404;Botelhos;31;MG;n„o metropolitana;mata atlantica;970,29;Cwb;14703;80,06;94,05;90,97
3108503;Botumirim;31;MG;n„o metropolitana;cerrado;820,5;Cwa;5760;16,74;80,32;44,08
3108552;Brasil√¢ndia De Minas;31;MG;n„o metropolitana;cerrado;601,26;Aw;14696;22,06;95,15;84,34
3108602;Bras√≠lia De Minas;31;MG;n„o metropolitana;cerrado;761,18;As;31246;53,55;74,17;56,92
3108701;Br√°s Pires;31;MG;n„o metropolitana;mata atlantica;739,05;Cwa;4258;51,75;82,52;57,78
3108800;Bra√∫nas;31;MG;n„o metropolitana;mata atlantica;611,07;Cwa;4443;33,01;75,61;37
3108909;Braz√≥polis;31;MG;n„o metropolitana;mata atlantica;1062,86;Cwb;13981;65,41;83,75;87,15
3109006;Brumadinho;31;MG;metropolitana;mata atlantica;900,81;Cwb;38640;65,21;82,7;95,92
3109105;Bueno Brand√£o;31;MG;n„o metropolitana;mata atlantica;1227,71;Cwb;10761;58,57;77,65;73,85
3109204;Buen√≥polis;31;MG;n„o metropolitana;cerrado;910,53;Cwb;9058;32,14;78,9;74,78
3109253;Bugre;31;MG;n„o metropolitana;mata atlantica;334,37;Aw;4041;9,03;95,73;57,26
3109303;Buritis;31;MG;metropolitana;cerrado;812,05;Aw;25223;26,05;82,61;71,46
3109402;Buritizeiro;31;MG;n„o metropolitana;cerrado;658,11;Aw;23687;4,62;93,06;77,68
3109451;Cabeceira Grande;31;MG;n„o metropolitana;cerrado;828,56;Aw;6485;10,22;92,97;82,24
3109501;Cabo Verde;31;MG;n„o metropolitana;mata atlantica;927,21;Cwb;11276;69,49;86,18;83,8
3109600;Cachoeira Da Prata;31;MG;n„o metropolitana;cerrado;746,38;Cwa;3707;96,06;98,92;98,39
3109709;Cachoeira De Minas;31;MG;n„o metropolitana;mata atlantica;916,06;Cwb;11759;74,01;88,07;90,31
3109808;Cachoeira Dourada;31;MG;n„o metropolitana;mata atlantica;485,62;Aw;2310;88,48;97,57;90,26
3109907;Caetan√≥polis;31;MG;n„o metropolitana;cerrado;774,18;Cwa;11425;70,87;90,43;77,14
3110004;Caet√©;31;MG;metropolitana;mata atlantica;1052,38;Cwb;39578;83,06;95,44;88,22
3110103;Caiana;31;MG;n„o metropolitana;mata atlantica;811,39;Cwb;5307;57,12;87,48;62,2
3110202;Cajuri;31;MG;n„o metropolitana;mata atlantica;761,99;Cwb;4080;75,82;97,66;70,22
3110301;Caldas;31;MG;n„o metropolitana;mata atlantica;1189,12;Cwb;15082;64,63;79,75;71,86
3110400;Camacho;31;MG;n„o metropolitana;mata atlantica;1016,7;Cwb;3028;73,58;86,54;52,73
3110509;Camanducaia;31;MG;n„o metropolitana;mata atlantica;1382,46;Cwb;27942;66,14;84,63;95,33
3110608;Cambu√≠;31;MG;n„o metropolitana;mata atlantica;1042,5;Cwb;29584;85,37;94,08;97,6
3110707;Cambuquira;31;MG;n„o metropolitana;mata atlantica;945,65;Cwb;12309;79,05;94,13;86,47
3110806;Campan√°rio;31;MG;n„o metropolitana;mata atlantica;354,06;Aw;2737;65,22;94,78;73,33
3110905;Campanha;31;MG;n„o metropolitana;mata atlantica;979,05;Cwb;15856;81,23;95,9;87,93
3111002;Campestre;31;MG;n„o metropolitana;mata atlantica;1092,1;Cwb;21585;59,54;83,4;71,97
3111101;Campina Verde;31;MG;n„o metropolitana;cerrado;521,89;Aw;17817;78,12;96,65;77,35
3111150;Campo Azul;31;MG;n„o metropolitana;cerrado;623,2;As;3615;15,1;68,83;45,2
3111200;Campo Belo;31;MG;n„o metropolitana;mata atlantica;858,8;Cwb;52318;94,42;97,82;96,06
3111309;Campo Do Meio;31;MG;n„o metropolitana;cerrado;818,82;Cwa;11268;88,33;98,15;88,95
3111408;Campo Florido;31;MG;n„o metropolitana;cerrado;645,8;Aw;8181;72,16;96,22;75,07
3111507;Campos Altos;31;MG;n„o metropolitana;cerrado;1069,38;Cwb;13359;92,34;97,83;90,75
3111606;Campos Gerais;31;MG;n„o metropolitana;cerrado;844,64;Cwb;25972;74;95,86;71,74
3111705;Cana√£;31;MG;n„o metropolitana;mata atlantica;724,97;Cwa;4715;41,18;88,38;46,85
3111804;Can√°polis;31;MG;n„o metropolitana;cerrado;613,91;Aw;9844;89,42;97,53;89,85
3111903;Cana Verde;31;MG;n„o metropolitana;mata atlantica;832,16;Cwb;5272;76,32;96,31;86,92
3112000;Candeias;31;MG;n„o metropolitana;mata atlantica;933,52;Cwb;14017;73,86;92,75;72,82
3112059;Cantagalo;31;MG;n„o metropolitana;mata atlantica;703,09;Cwa;3937;50,88;90,22;51,47
3112109;Capara√≥;31;MG;n„o metropolitana;mata atlantica;1006,88;Cwb;4978;43,92;72,59;63,77
3112208;Capela Nova;31;MG;n„o metropolitana;mata atlantica;790,41;Cwb;4369;36,19;92,26;47,93
3112307;Capelinha;31;MG;n„o metropolitana;cerrado;893,22;Cwb;39472;59,81;91,34;71,88
3112406;Capetinga;31;MG;n„o metropolitana;mata atlantica;902,07;Cwa;6473;97,16;99,43;91,81
3112505;Capim Branco;31;MG;metropolitana;cerrado;871,35;Cwb;10706;24,4;98,49;93,88
3112604;Capin√≥polis;31;MG;n„o metropolitana;mata atlantica;543,89;Aw;14392;94,86;97,97;93,32
3112653;Capit√£o Andrade;31;MG;n„o metropolitana;mata atlantica;280,53;Aw;4483;73,1;97,22;73,73
3112703;Capit√£o En√©as;31;MG;n„o metropolitana;caatinga;575,03;As;14633;20,25;83,08;70,89
3112802;Capit√≥lio;31;MG;n„o metropolitana;cerrado;926,11;Cwb;9794;86,22;90,76;89,26
3112901;Caputira;31;MG;n„o metropolitana;mata atlantica;710,48;Cwa;8976;51,91;94,86;59,31
3113008;Cara√≠;31;MG;n„o metropolitana;mata atlantica;737,18;Cwa;19251;37,74;60,54;43,93
3113107;Carana√≠ba;31;MG;n„o metropolitana;mata atlantica;872,18;Cwb;2937;40,92;77,89;45,43
3113206;Caranda√≠;31;MG;n„o metropolitana;mata atlantica;1081,34;Cwb;23826;70,58;91,78;89,41
3113305;Carangola;31;MG;n„o metropolitana;mata atlantica;747,49;Cwb;30778;71,38;95,63;85,92
3113404;Caratinga;31;MG;n„o metropolitana;mata atlantica;604,13;Cwa;88311;71,82;95,98;84,25
3113503;Carbonita;31;MG;n„o metropolitana;cerrado;796,42;Cwa;8480;65,33;88,56;80,07
3113602;Carea√ßu;31;MG;n„o metropolitana;mata atlantica;886,98;Cwb;6739;75,61;93,5;87,68
3113701;Carlos Chagas;31;MG;n„o metropolitana;mata atlantica;284,03;Aw;18531;64,69;94;72,32
3113800;Carm√©sia;31;MG;n„o metropolitana;mata atlantica;758,23;Cwa;2614;66,26;84,47;64,12
3113909;Carmo Da Cachoeira;31;MG;n„o metropolitana;mata atlantica;980,75;Cwb;11537;82,6;95,96;79,22
3114006;Carmo Da Mata;31;MG;n„o metropolitana;mata atlantica;904,33;Cwb;10940;79,8;96,14;82,67
3114105;Carmo De Minas;31;MG;n„o metropolitana;mata atlantica;1021,93;Cwb;13286;76,84;91,4;85,5
3114204;Carmo Do Cajuru;31;MG;n„o metropolitana;cerrado;831,61;Cwa;23374;86,92;97,16;92,51
3114303;Carmo Do Parana√≠ba;31;MG;n„o metropolitana;cerrado;912,14;Cwa;28883;89,1;94,98;84,71
3114402;Carmo Do Rio Claro;31;MG;n„o metropolitana;mata atlantica;854,38;Cwa;20725;75,79;92,28;89,24
3114501;Carm√≥polis De Minas;31;MG;n„o metropolitana;mata atlantica;918,44;Cwb;17596;73,04;96,96;87,21
3114550;Carneirinho;31;MG;n„o metropolitana;cerrado;390,97;Aw;9401;63,2;98,03;76,94
3114600;Carrancas;31;MG;n„o metropolitana;mata atlantica;1060,16;Cwb;4049;75,04;83,72;71,24
3114709;Carvalh√≥polis;31;MG;n„o metropolitana;mata atlantica;881,45;Cwb;3333;74,19;91,61;93,46
3114808;Carvalhos;31;MG;n„o metropolitana;mata atlantica;1279,89;Cwb;4374;47,63;70,75;68,57
3114907;Casa Grande;31;MG;n„o metropolitana;mata atlantica;1013,14;Cwb;2210;64,55;82,6;64,55
3115003;Cascalho Rico;31;MG;n„o metropolitana;cerrado;756,55;Aw;2705;37,94;90,59;68,01
3115102;C√°ssia;31;MG;n„o metropolitana;cerrado;783,88;Cwa;16923;81,77;97,12;92,92
3115201;Concei√ß√£o Da Barra De Minas;31;MG;n„o metropolitana;mata atlantica;942,34;Cwb;3588;38,98;85,25;72,5
3115300;Cataguases;31;MG;n„o metropolitana;mata atlantica;298,43;Aw;68214;86,13;99,51;95,95
3115359;Catas Altas;31;MG;n„o metropolitana;mata atlantica;1010,36;Cwb;5486;88,57;92,29;88,15
3115409;Catas Altas Da Noruega;31;MG;n„o metropolitana;mata atlantica;832,81;Cwb;2918;45,21;74,14;43,89
3115458;Catuji;31;MG;n„o metropolitana;mata atlantica;652,98;Cwa;7035;41,71;59,07;34,38
3115474;Catuti;31;MG;n„o metropolitana;caatinga;503,91;As;4730;3,03;89,23;59,83
3115508;Caxambu;31;MG;n„o metropolitana;mata atlantica;963,39;Cwb;21011;98,27;98,77;98,51
3115607;Cedro Do Abaet√©;31;MG;n„o metropolitana;cerrado;801,67;Cwa;1072;27,64;95,5;81,35
3115706;Central De Minas;31;MG;n„o metropolitana;mata atlantica;388,16;Aw;6149;71,93;97,25;78,24
3115805;Centralina;31;MG;n„o metropolitana;mata atlantica;603,54;Aw;10207;39,08;98,17;90
3115904;Ch√°cara;31;MG;n„o metropolitana;mata atlantica;791,71;Cwb;3092;81,24;87,35;83,83
3116001;Chal√©;31;MG;n„o metropolitana;mata atlantica;582,86;Cwa;6079;43,4;84,26;56,83
3116100;Chapada Do Norte;31;MG;n„o metropolitana;cerrado;648,75;As;9913;21,34;51,27;37,8
3116159;Chapada Ga√∫cha;31;MG;n„o metropolitana;cerrado;692,73;Aw;12237;20,42;70,02;51,91
3116209;Chiador;31;MG;n„o metropolitana;mata atlantica;373,62;Cwa;2800;67,8;96,14;79,02
3116308;Cipot√¢nea;31;MG;n„o metropolitana;mata atlantica;753,94;Cwa;5623;42,34;74,24;51,12
3116407;Claraval;31;MG;n„o metropolitana;mata atlantica;855,15;Cwa;4658;48,29;79,9;69,64
3116506;Claro Dos Po√ß√µes;31;MG;n„o metropolitana;cerrado;748,6;Aw;7011;27,85;89,53;62,51
3116605;Cl√°udio;31;MG;n„o metropolitana;cerrado;851,91;Cwb;31388;90,3;95,48;87,63
3116704;Coimbra;31;MG;n„o metropolitana;mata atlantica;774,57;Cwb;7078;55,51;98,33;83,1
3116803;Coluna;31;MG;n„o metropolitana;mata atlantica;745,13;Cwa;8072;49,32;75,3;42,77
3116902;Comendador Gomes;31;MG;n„o metropolitana;cerrado;606,98;Aw;2708;55,99;97,2;53,49
3117009;Comercinho;31;MG;n„o metropolitana;mata atlantica;657,74;As;6681;30,76;73,99;39,49
3117108;Concei√ß√£o Da Aparecida;31;MG;n„o metropolitana;mata atlantica;961,4;Cwb;10408;65,47;87,74;71,9
3117207;Concei√ß√£o Das Pedras;31;MG;n„o metropolitana;mata atlantica;1273,61;Cwb;2752;72,63;83,28;85,38
3117306;Concei√ß√£o Das Alagoas;31;MG;n„o metropolitana;mata atlantica;548,35;Aw;26423;88,21;98,23;91,26
3117405;Concei√ß√£o De Ipanema;31;MG;n„o metropolitana;mata atlantica;472,25;Cwa;4366;46,7;83,72;41,35
3117504;Concei√ß√£o Do Mato Dentro;31;MG;n„o metropolitana;mata atlantica;886,06;Cwa;23345;46,81;81,23;59,66
3117603;Concei√ß√£o Do Par√°;31;MG;n„o metropolitana;cerrado;717;Cwa;5303;50,75;94,47;84,03
3117702;Concei√ß√£o Do Rio Verde;31;MG;n„o metropolitana;mata atlantica;933,66;Cwb;12495;89,78;95,84;90,65
3117801;Concei√ß√£o Dos Ouros;31;MG;n„o metropolitana;mata atlantica;939,86;Cwb;10774;76,42;96,58;93,25
3117836;C√¥nego Marinho;31;MG;n„o metropolitana;cerrado;742,17;Aw;7246;0,49;68,15;38,54
3117876;Confins;31;MG;metropolitana;cerrado;762,21;Cwa;7428;2,53;98,94;98,17
3117900;Congonhal;31;MG;n„o metropolitana;mata atlantica;1030,28;Cfb;10969;79,85;93,53;76,33
3118007;Congonhas;31;MG;n„o metropolitana;mata atlantica;988,68;Cwb;55562;78,57;95,98;97,56
3118106;Congonhas Do Norte;31;MG;n„o metropolitana;mata atlantica;1175,06;Cwb;4830;30,56;87,09;51,32
3118205;Conquista;31;MG;n„o metropolitana;mata atlantica;703,17;Cwa;6679;85,45;95,78;89,53
3118304;Conselheiro Lafaiete;31;MG;n„o metropolitana;mata atlantica;987,2;Cwb;134537;90,4;98,98;97,27
3118403;Conselheiro Pena;31;MG;n„o metropolitana;mata atlantica;425,36;Aw;19998;77,78;95,42;75,46
3118502;Consola√ß√£o;31;MG;n„o metropolitana;mata atlantica;1032,92;Cwb;1552;54,65;77,86;88,21
3118601;Contagem;31;MG;metropolitana;cerrado;902,83;Cwb;615621;92,59;99,76;99,43
3118700;Coqueiral;31;MG;n„o metropolitana;mata atlantica;855,84;Cwb;9002;70,74;94,87;75,48
3118809;Cora√ß√£o De Jesus;31;MG;n„o metropolitana;cerrado;776,86;As;24951;17,71;62,06;30,61
3118908;Cordisburgo;31;MG;n„o metropolitana;cerrado;713,41;Cwa;7548;31,08;90,52;63,56
3119005;Cordisl√¢ndia;31;MG;n„o metropolitana;mata atlantica;901,83;Cwb;3208;80,49;98,4;85,39
3119104;Corinto;31;MG;n„o metropolitana;cerrado;679,77;Aw;22992;84,6;91,82;83,04
3119203;Coroaci;31;MG;n„o metropolitana;mata atlantica;620,31;Cwa;10870;53,59;86,82;47,48
3119302;Coromandel;31;MG;n„o metropolitana;cerrado;881,52;Cwa;29233;75,11;89,28;76,33
3119401;Coronel Fabriciano;31;MG;n„o metropolitana;mata atlantica;656,49;Cwb;96621;88,03;98,54;98,35
3119500;Coronel Murta;31;MG;n„o metropolitana;mata atlantica;573,57;As;8128;47,47;78,87;66,16
3119609;Coronel Pacheco;31;MG;n„o metropolitana;mata atlantica;696,41;Cwa;2702;64,69;90,28;88,12
3119708;Coronel Xavier Chaves;31;MG;n„o metropolitana;mata atlantica;991,3;Cwb;3474;67,1;84,55;90,17
3119807;C√≥rrego Danta;31;MG;n„o metropolitana;cerrado;826,23;Cwa;3304;59,11;94,37;61,09
3119906;C√≥rrego Do Bom Jesus;31;MG;n„o metropolitana;mata atlantica;1200,39;Cwb;4263;45,14;71,33;91,34
3119955;C√≥rrego Fundo;31;MG;n„o metropolitana;cerrado;856,98;Cwb;6105;28,39;91,54;75,89
3120003;C√≥rrego Novo;31;MG;n„o metropolitana;mata atlantica;356,29;Aw;2876;66;91,17;66,4
3120102;Couto De Magalh√£es De Minas;31;MG;n„o metropolitana;cerrado;975,91;Cwb;4217;72,5;90,89;83,17
3120151;Cris√≥lita;31;MG;n„o metropolitana;mata atlantica;363,43;Aw;4979;48,52;83,89;54,78
3120201;Cristais;31;MG;n„o metropolitana;cerrado;813,45;Cwa;12184;79,23;96,11;80,79
3120300;Crist√°lia;31;MG;n„o metropolitana;cerrado;720,12;As;4977;42,29;84,66;44,59
3120409;Cristiano Otoni;31;MG;n„o metropolitana;mata atlantica;1046,59;Cwb;4671;69,69;93,99;87,63
3120508;Cristina;31;MG;n„o metropolitana;mata atlantica;1243,35;Cwb;10379;54,66;83,5;77,5
3120607;Crucil√¢ndia;31;MG;n„o metropolitana;mata atlantica;1000,78;Cwb;5779;59,98;88,58;64,39
3120706;Cruzeiro Da Fortaleza;31;MG;n„o metropolitana;cerrado;919,16;Cwa;3492;92,75;97,74;92,59
3120805;Cruz√≠lia;31;MG;n„o metropolitana;mata atlantica;1060,68;Cwb;15223;89,73;96,78;91,71
3120839;Cuparaque;31;MG;n„o metropolitana;mata atlantica;316,74;Aw;3963;84,54;95,27;78,21
3120870;Curral De Dentro;31;MG;n„o metropolitana;mata atlantica;890,41;Cwa;7406;40,65;95,65;73,22
3120904;Curvelo;31;MG;n„o metropolitana;cerrado;682,22;Cwa;82335;81,86;96,69;87,83
3121001;Datas;31;MG;n„o metropolitana;cerrado;1188,51;Cwb;5459;70,77;80,79;71,13
3121100;Delfim Moreira;31;MG;n„o metropolitana;mata atlantica;1489,39;Cwb;7820;55,95;67,68;77,39
3121209;Delfin√≥polis;31;MG;n„o metropolitana;cerrado;852,98;Cwa;8343;79,18;97,74;90,66
3121258;Delta;31;MG;n„o metropolitana;mata atlantica;572,09;Aw;9852;96,65;99,62;97,52
3121308;Descoberto;31;MG;n„o metropolitana;mata atlantica;513,67;Cwa;4917;84,39;96,98;87,91
3121407;Desterro De Entre Rios;31;MG;n„o metropolitana;mata atlantica;1099,05;Cwb;7633;48,93;81,84;53,43
3121506;Desterro Do Melo;31;MG;n„o metropolitana;mata atlantica;908,92;Cwb;2997;38,91;76,67;55,65
3121605;Diamantina;31;MG;n„o metropolitana;cerrado;998,45;Cwb;47798;76,69;92,83;78,61
3121704;Diogo De Vasconcelos;31;MG;n„o metropolitana;mata atlantica;689,15;Cwa;3548;40,71;88,04;33,84
3121803;Dion√≠sio;31;MG;n„o metropolitana;mata atlantica;399,79;Aw;7010;72,43;91,77;82,22
3121902;Divin√©sia;31;MG;n„o metropolitana;mata atlantica;699,02;Cwb;4190;47,84;99,04;74,98
3122009;Divino;31;MG;n„o metropolitana;mata atlantica;857,99;Cwb;20705;54,2;85,77;64,26
3122108;Divino Das Laranjeiras;31;MG;n„o metropolitana;mata atlantica;376,45;Aw;4128;73,73;93,75;73,48
3122207;Divinol√¢ndia De Minas;31;MG;n„o metropolitana;mata atlantica;833,54;Cwa;6457;59,8;95,73;69,48
3122306;Divin√≥polis;31;MG;n„o metropolitana;cerrado;783,62;Cwa;248581;90,52;99,18;98
3122355;Divisa Alegre;31;MG;n„o metropolitana;mata atlantica;858,14;Cwa;6321;2,31;96,48;94,42
3122405;Divisa Nova;31;MG;n„o metropolitana;mata atlantica;867,53;Cwb;5791;75,98;91,88;89,35
3122454;Divis√≥polis;31;MG;n„o metropolitana;mata atlantica;748,15;As;10206;9,8;84,65;76,54
3122470;Dom Bosco;31;MG;n„o metropolitana;cerrado;596,01;Aw;3698;42,29;75,32;68,97
3122504;Dom Cavati;31;MG;n„o metropolitana;mata atlantica;455,62;Aw;4904;78,13;96,29;87,42
3122603;Dom Joaquim;31;MG;n„o metropolitana;mata atlantica;682,5;Cwa;4920;58,51;87,62;64,22
3122702;Dom Silv√©rio;31;MG;n„o metropolitana;mata atlantica;665,57;Cwa;4991;46,8;89,26;82,21
3122801;Dom Vi√ßoso;31;MG;n„o metropolitana;mata atlantica;1126,27;Cwb;3095;63,03;79,82;73,84
3122900;Dona Eus√©bia;31;MG;n„o metropolitana;mata atlantica;354,15;Cwa;6122;56,75;95,64;87,67
3123007;Dores De Campos;31;MG;n„o metropolitana;mata atlantica;1004,15;Cwb;9956;82,81;94,17;92,46
3123106;Dores De Guanh√£es;31;MG;n„o metropolitana;mata atlantica;693,72;Cwa;4984;33,58;65;37,49
3123205;Dores Do Indai√°;31;MG;n„o metropolitana;cerrado;668,41;Cwa;12534;88,9;99,23;94,76
3123304;Dores Do Turvo;31;MG;n„o metropolitana;mata atlantica;789,69;Cwb;4988;35,22;89,82;52,71
3123403;Dores√≥polis;31;MG;n„o metropolitana;cerrado;708,24;Cwa;1378;87,85;95,14;78,75
3123502;Douradoquara;31;MG;n„o metropolitana;cerrado;720,23;Aw;1779;66,82;91,93;70,26
3123528;Durand√©;31;MG;n„o metropolitana;mata atlantica;687,51;Cwa;7832;38,07;84,73;52,37
3123601;El√≥i Mendes;31;MG;n„o metropolitana;mata atlantica;868,05;Cwb;26283;87,72;97,22;85,29
3123700;Engenheiro Caldas;31;MG;n„o metropolitana;mata atlantica;292,93;Aw;13629;77,15;94,67;79,67
3123809;Engenheiro Navarro;31;MG;n„o metropolitana;cerrado;685,1;Aw;6318;21,86;83,38;60,73
3123858;Entre Folhas;31;MG;n„o metropolitana;mata atlantica;551,31;Cwa;4862;56,59;95,51;73,77
3123908;Entre Rios De Minas;31;MG;n„o metropolitana;mata atlantica;972,91;Cwb;14952;66,29;93,52;77,71
3124005;Erv√°lia;31;MG;n„o metropolitana;mata atlantica;892,87;Cwb;20028;53,39;90,23;65,61
3124104;Esmeraldas;31;MG;metropolitana;cerrado;814,4;Cwa;102608;25,1;94,01;84,61
3124203;Espera Feliz;31;MG;n„o metropolitana;mata atlantica;982,38;Cwb;24081;56,71;90,44;76,38
3124302;Espinosa;31;MG;n„o metropolitana;caatinga;675,5;As;29650;2,31;80,08;51,34
3124401;Esp√≠rito Santo Do Dourado;31;MG;n„o metropolitana;mata atlantica;1172,16;Cfb;5832;51,18;79,66;66,35
3124500;Estiva;31;MG;n„o metropolitana;mata atlantica;999,57;Cwb;11520;53,89;84,65;82,93
3124609;Estrela Dalva;31;MG;n„o metropolitana;mata atlantica;258,9;Aw;2142;71,92;89,22;79,42
3124708;Estrela Do Indai√°;31;MG;n„o metropolitana;cerrado;724,92;Cwa;2764;55,84;91,02;79,35
3124807;Estrela Do Sul;31;MG;n„o metropolitana;cerrado;883,41;Cwb;6717;73,6;92,76;79,15
3124906;Eugen√≥polis;31;MG;n„o metropolitana;mata atlantica;503,7;Cwa;10805;73,81;94,47;75,32
3125002;Ewbank Da C√¢mara;31;MG;n„o metropolitana;mata atlantica;826,05;Cwb;3863;92,25;99,45;95,21
3125101;Extrema;31;MG;n„o metropolitana;mata atlantica;1069,12;Cfb;53520;76,61;89,87;97,99
3125200;Fama;31;MG;n„o metropolitana;mata atlantica;816,97;Cwb;2542;50,92;93,41;88,64
3125309;Faria Lemos;31;MG;n„o metropolitana;mata atlantica;627,14;Cwa;3209;65,8;94,65;77,95
3125408;Fel√≠cio Dos Santos;31;MG;n„o metropolitana;cerrado;965,81;Cwb;5126;0,53;88,82;42,22
3125507;S√£o Gon√ßalo Do Rio Preto;31;MG;n„o metropolitana;cerrado;995,65;Cwb;3035;5,45;73,55;61,95
3125606;Felisburgo;31;MG;n„o metropolitana;mata atlantica;692,65;Cfa;6424;66;91,88;68,19
3125705;Felixl√¢ndia;31;MG;n„o metropolitana;cerrado;651,11;Aw;14084;13,52;89,07;80,74
3125804;Fernandes Tourinho;31;MG;n„o metropolitana;mata atlantica;269,29;Aw;2653;65,95;97,34;63,6
3125903;Ferros;31;MG;n„o metropolitana;mata atlantica;700,52;Cwa;9210;25,97;64,52;31,42
3125952;Fervedouro;31;MG;n„o metropolitana;mata atlantica;938,07;Cwb;10452;41,05;81,39;50,98
3126000;Florestal;31;MG;metropolitana;cerrado;831,85;Cwa;8201;78,12;94,79;86,33
3126109;Formiga;31;MG;n„o metropolitana;cerrado;852,48;Cwb;68099;89,45;97,16;91,96
3126208;Formoso;31;MG;n„o metropolitana;cerrado;837,97;Aw;7801;11,73;84,09;58,2
3126307;Fortaleza De Minas;31;MG;n„o metropolitana;mata atlantica;979,21;Cwb;3479;74,42;89,18;96,49
3126406;Fortuna De Minas;31;MG;metropolitana;cerrado;735,86;Cwa;3102;50,13;93,17;77,2
3126505;Francisco Badar√≥;31;MG;n„o metropolitana;cerrado;471,48;As;8795;13,82;78,24;32,16
3126604;Francisco Dumont;31;MG;n„o metropolitana;cerrado;872,91;Cwb;4472;16,45;59,49;50,53
3126703;Francisco S√°;31;MG;n„o metropolitana;caatinga;715,48;As;21504;47,05;76,66;55,18
3126752;Francisc√≥polis;31;MG;n„o metropolitana;mata atlantica;458,24;Aw;5040;44,43;78,83;42,15
3126802;Frei Gaspar;31;MG;n„o metropolitana;mata atlantica;484,81;Aw;5617;51,85;89,09;40,7
3126901;Frei Inoc√™ncio;31;MG;n„o metropolitana;mata atlantica;291,64;Aw;8190;68,09;88,63;76,11
3126950;Frei Lagonegro;31;MG;n„o metropolitana;mata atlantica;748,31;Cwa;3391;19,73;78,27;19,74
3127008;Fronteira;31;MG;n„o metropolitana;cerrado;463,05;Aw;13668;95,93;97,86;96,57
3127057;Fronteira Dos Vales;31;MG;n„o metropolitana;mata atlantica;491,43;Aw;4336;45,83;81,72;54,89
3127073;Fruta De Leite;31;MG;n„o metropolitana;cerrado;770,3;As;4594;0,56;54,7;29,99
3127107;Frutal;31;MG;n„o metropolitana;cerrado;513,11;Aw;63663;87,8;96,34;89,72
3127206;Funil√¢ndia;31;MG;metropolitana;cerrado;718,99;Cwa;4699;37,95;90,52;84,69
3127305;Galil√©ia;31;MG;n„o metropolitana;mata atlantica;260,38;Aw;6168;75,08;95,75;68,04
3127339;Gameleiras;31;MG;n„o metropolitana;caatinga;578,57;As;4782;0,82;87,72;25,01
3127354;Glaucil√¢ndia;31;MG;n„o metropolitana;cerrado;731,07;As;2637;24,15;72,81;34,11
3127370;Goiabeira;31;MG;n„o metropolitana;mata atlantica;227,93;Aw;2816;67,49;96,67;74,91
3127388;Goian√°;31;MG;n„o metropolitana;mata atlantica;523,86;Cwa;4064;81,39;96,86;92,48
3127404;Gon√ßalves;31;MG;n„o metropolitana;mata atlantica;1336,36;Cwb;4649;44,59;58,85;98,1
3127503;Gonzaga;31;MG;n„o metropolitana;mata atlantica;731,7;Cwa;5189;48,68;86,15;54,92
3127602;Gouveia;31;MG;n„o metropolitana;cerrado;1060,49;Cwb;11398;73,51;91,85;78,24
3127701;Governador Valadares;31;MG;n„o metropolitana;mata atlantica;297,4;Aw;262499;93,13;99,13;94,85
3127800;Gr√£o Mogol;31;MG;n„o metropolitana;cerrado;858,01;Cwa;13094;35,15;57,38;48,35
3127909;Grupiara;31;MG;n„o metropolitana;cerrado;687,02;Aw;1392;1,58;97,62;83,17
3128006;Guanh√£es;31;MG;n„o metropolitana;mata atlantica;815,43;Cwa;31702;73,64;94,17;80,8
3128105;Guap√©;31;MG;n„o metropolitana;cerrado;875,12;Cwa;13781;70,33;90,05;70,46
3128204;Guaraciaba;31;MG;n„o metropolitana;mata atlantica;649,53;Cwa;10487;38,49;84,88;40,22
3128253;Guaraciama;31;MG;n„o metropolitana;cerrado;821,67;Cwa;5010;15,58;81,64;60,78
3128303;Guaran√©sia;31;MG;n„o metropolitana;mata atlantica;844,24;Cwb;19209;96,57;98,93;93,6
3128402;Guarani;31;MG;n„o metropolitana;mata atlantica;479,08;Cwa;7487;75,13;97,02;83,8
3128501;Guarar√°;31;MG;n„o metropolitana;mata atlantica;561,84;Cwa;3070;88,4;98,18;92,82
3128600;Guarda-Mor;31;MG;n„o metropolitana;cerrado;776,22;Aw;6539;53,99;81,22;59,84
3128709;Guaxup√©;31;MG;n„o metropolitana;mata atlantica;945,05;Cwb;51015;94,5;99,46;96,97
3128808;Guidoval;31;MG;n„o metropolitana;mata atlantica;428,15;Cwa;7163;64,63;95,37;73,67
3128907;Guimar√¢nia;31;MG;n„o metropolitana;cerrado;963,26;Cwb;8600;80,2;92,07;80,43
3129004;Guiricema;31;MG;n„o metropolitana;mata atlantica;491,19;Cwa;7708;46,68;91,63;63,86
3129103;Gurinhat√£;31;MG;n„o metropolitana;cerrado;535,6;Aw;5140;46,17;87,62;46,77
3129202;Heliodora;31;MG;n„o metropolitana;mata atlantica;946,92;Cwb;6325;75,21;88,98;97,55
3129301;Iapu;31;MG;n„o metropolitana;mata atlantica;376,23;Aw;12012;63,45;95,89;70,07
3129400;Ibertioga;31;MG;n„o metropolitana;mata atlantica;1099,41;Cwb;5204;71,3;90,95;78,31
3129509;Ibi√°;31;MG;n„o metropolitana;cerrado;997,59;Cwb;24271;84,64;96,78;85,29
3129608;Ibia√≠;31;MG;n„o metropolitana;cerrado;599,4;Aw;6314;1,84;81,32;60,62
3129657;Ibiracatu;31;MG;n„o metropolitana;caatinga;781,85;As;5409;22,02;83,59;62,25
3129707;Ibiraci;31;MG;n„o metropolitana;cerrado;975,99;Cwb;10780;83,48;97,56;91,79
3129806;Ibirit√©;31;MG;metropolitana;mata atlantica;970,16;Cwb;181943;84,13;99,29;98,11
3129905;Ibiti√∫ra De Minas;31;MG;n„o metropolitana;mata atlantica;1069,85;Cwb;3368;82,67;86,28;86,97
3130002;Ibituruna;31;MG;n„o metropolitana;mata atlantica;891,51;Cwb;2464;91,34;98,15;89,95
3130051;Icara√≠ De Minas;31;MG;n„o metropolitana;cerrado;570,48;As;10682;59,07;79,83;37,95
3130101;Igarap√©;31;MG;metropolitana;cerrado;867,07;Cwb;44920;64,71;97,1;93,23
3130200;Igaratinga;31;MG;n„o metropolitana;cerrado;784,12;Cwa;11095;75,08;93,07;88,46
3130309;Iguatama;31;MG;n„o metropolitana;cerrado;683,78;Cwa;6749;88,47;95,08;85,33
3130408;Ijaci;31;MG;n„o metropolitana;mata atlantica;891,87;Cwb;6263;81,1;97,21;91,82
3130507;Ilic√≠nea;31;MG;n„o metropolitana;cerrado;972,16;Cwb;12741;79,34;90,94;79,48
3130556;Imb√© De Minas;31;MG;n„o metropolitana;mata atlantica;682,87;Cwa;6992;34,46;89,95;49,76
3130606;Inconfidentes;31;MG;n„o metropolitana;mata atlantica;1033,39;Cwb;7274;65,21;80,01;96,36
3130655;Indaiabira;31;MG;n„o metropolitana;cerrado;846,59;As;6346;18,05;71,76;40,22
3130705;Indian√≥polis;31;MG;n„o metropolitana;cerrado;907,26;Cwb;6104;64,07;93,84;74,85
3130804;Inga√≠;31;MG;n„o metropolitana;mata atlantica;963,21;Cwb;2476;69,22;88,01;65,14
3130903;Inhapim;31;MG;n„o metropolitana;mata atlantica;523,66;Cwa;22327;48,14;85,22;52,06
3131000;Inha√∫ma;31;MG;metropolitana;cerrado;760,74;Cwa;6213;30,2;93,58;89,47
3131109;Inimutaba;31;MG;n„o metropolitana;cerrado;625,75;Aw;7434;46,89;82,88;70,32
3131158;Ipaba;31;MG;n„o metropolitana;mata atlantica;325,2;Aw;16552;75,14;95,27;93,38
3131208;Ipanema;31;MG;n„o metropolitana;mata atlantica;449,05;Aw;19209;71,52;89,49;80,64
3131307;Ipatinga;31;MG;n„o metropolitana;mata atlantica;497,19;Aw;211094;97,84;98,31;99,73
3131406;Ipia√ßu;31;MG;n„o metropolitana;mata atlantica;447,28;Aw;3715;91,98;99,57;90,78
3131505;Ipui√∫na;31;MG;n„o metropolitana;mata atlantica;1267,65;Cfb;9104;61,62;86,22;84,5
3131604;Ira√≠ De Minas;31;MG;n„o metropolitana;cerrado;900,24;Cwa;7868;86,23;89,01;83,95
3131703;Itabira;31;MG;n„o metropolitana;mata atlantica;824,16;Cwa;110335;91,57;95,94;92,96
3131802;Itabirinha;31;MG;n„o metropolitana;mata atlantica;511,26;Aw;10112;69,1;94,44;76,45
3131901;Itabirito;31;MG;metropolitana;mata atlantica;1100,21;Cwb;58544;87,31;94,42;97,18
3132008;Itacambira;31;MG;n„o metropolitana;cerrado;986,64;Cwb;3880;6,41;64,69;19,69
3132107;Itacarambi;31;MG;n„o metropolitana;caatinga;576,69;As;16355;39,36;80,97;77
3132206;Itaguara;31;MG;metropolitana;mata atlantica;923,86;Cwb;14408;79,26;94,65;82,11
3132305;Itaip√©;31;MG;n„o metropolitana;mata atlantica;776,14;Cwa;10302;36,99;82,6;44,79
3132404;Itajub√°;31;MG;n„o metropolitana;mata atlantica;1072,44;Cwb;90776;91,05;96,56;99,32
3132503;Itamarandiba;31;MG;n„o metropolitana;cerrado;912,8;Cwb;32321;56,85;84,61;61,86
3132602;Itamarati De Minas;31;MG;n„o metropolitana;mata atlantica;392,85;Cwa;3696;75,99;92,46;81,29
3132701;Itambacuri;31;MG;n„o metropolitana;mata atlantica;464,99;Aw;21080;60,15;91,65;62,19
3132800;Itamb√© Do Mato Dentro;31;MG;n„o metropolitana;cerrado;862,25;Cwa;2140;52,38;73,73;49,21
3132909;Itamogi;31;MG;n„o metropolitana;mata atlantica;989,74;Cwb;10781;75,46;96,12;82,89
3133006;Itamonte;31;MG;n„o metropolitana;mata atlantica;1592,1;Cwb;14569;74,37;74,24;94,71
3133105;Itanhandu;31;MG;n„o metropolitana;mata atlantica;1148,36;Cwb;15226;85,5;94,94;98,72
3133204;Itanhomi;31;MG;n„o metropolitana;mata atlantica;351,44;Aw;11158;62,56;92,53;71,97
3133303;Itaobim;31;MG;n„o metropolitana;mata atlantica;518,33;As;19025;23,1;85,01;77,59
3133402;Itapagipe;31;MG;n„o metropolitana;cerrado;496,7;Aw;14896;74,51;96,12;71,06
3133501;Itapecerica;31;MG;n„o metropolitana;mata atlantica;901,84;Cwb;21534;73,63;91,68;82,81
3133600;Itapeva;31;MG;n„o metropolitana;mata atlantica;1169,16;Cfb;12305;70,88;89,84;94,88
3133709;Itatiaiu√ßu;31;MG;metropolitana;mata atlantica;1002,63;Cwb;16257;73,36;84,61;83,14
3133758;Ita√∫ De Minas;31;MG;n„o metropolitana;cerrado;795,93;Cwa;14293;96,52;99,31;98,87
3133808;Ita√∫na;31;MG;metropolitana;mata atlantica;898,05;Cwb;95967;96;99,32;98,22
3133907;Itaverava;31;MG;n„o metropolitana;mata atlantica;872,82;Cwb;5650;31,64;77,27;44,43
3134004;Itinga;31;MG;n„o metropolitana;mata atlantica;566,73;As;12569;46,27;77,77;55,16
3134103;Itueta;31;MG;n„o metropolitana;mata atlantica;239,42;Aw;5804;54,9;87,45;54,09
3134202;Ituiutaba;31;MG;n„o metropolitana;cerrado;567,67;Aw;97409;93,83;98,83;95,16
3134301;Itumirim;31;MG;n„o metropolitana;mata atlantica;928,68;Cwb;6642;58,04;96,61;89,4
3134400;Iturama;31;MG;n„o metropolitana;cerrado;433,68;Aw;38172;88,99;94,2;95,74
3134509;Itutinga;31;MG;n„o metropolitana;mata atlantica;990,25;Cwb;4218;49,36;92,07;77,04
3134608;Jaboticatubas;31;MG;metropolitana;cerrado;905,96;Cwa;19697;47,2;87,74;64,19
3134707;Jacinto;31;MG;n„o metropolitana;mata atlantica;352,29;Aw;10793;45,45;89,14;64,07
3134806;Jacu√≠;31;MG;n„o metropolitana;mata atlantica;1030,47;Cwb;7515;57,38;89,33;94,44
3134905;Jacutinga;31;MG;n„o metropolitana;mata atlantica;888,07;Cwb;25538;89,73;97,91;93,1
3135001;Jaguara√ßu;31;MG;n„o metropolitana;mata atlantica;564,01;Cwa;3106;79,51;92,01;89,3
3135050;Ja√≠ba;31;MG;n„o metropolitana;caatinga;491,37;As;36945;19,79;86,27;64,52
3135076;Jampruca;31;MG;n„o metropolitana;mata atlantica;310,89;Aw;4261;45,23;92,62;47,66
3135100;Jana√∫ba;31;MG;n„o metropolitana;caatinga;563,09;As;70001;16,3;95,84;84,89
3135209;Janu√°ria;31;MG;n„o metropolitana;cerrado;642,8;Aw;65279;38,97;76;49,39
3135308;Japara√≠ba;31;MG;n„o metropolitana;cerrado;704,83;Cwa;4509;62,62;99,14;81,35
3135357;Japonvar;31;MG;n„o metropolitana;cerrado;752,06;As;7861;0,91;94,84;41,81
3135407;Jeceaba;31;MG;n„o metropolitana;mata atlantica;978,47;Cwb;6344;47,18;75,64;56,15
3135456;Jenipapo De Minas;31;MG;n„o metropolitana;mata atlantica;590,79;As;6000;31,43;63,2;42,29
3135506;Jequeri;31;MG;n„o metropolitana;mata atlantica;629,99;Cwa;12693;57,71;86,08;56,15
3135605;Jequita√≠;31;MG;n„o metropolitana;cerrado;668,69;Aw;6449;1,75;76,17;52,77
3135704;Jequitib√°;31;MG;n„o metropolitana;cerrado;700,01;Cwa;5900;24,35;84,21;37,7
3135803;Jequitinhonha;31;MG;n„o metropolitana;mata atlantica;603,55;As;22262;38,47;85,2;67,34
3135902;Jesu√¢nia;31;MG;n„o metropolitana;mata atlantica;1004,2;Cwb;5138;76,85;92,24;69,23
3136009;Joa√≠ma;31;MG;n„o metropolitana;mata atlantica;595,44;As;12732;61,33;87,12;68,54
3136108;Joan√©sia;31;MG;n„o metropolitana;mata atlantica;535,88;Aw;4333;26,58;90,07;40,93
3136207;Jo√£o Monlevade;31;MG;n„o metropolitana;mata atlantica;838,65;Cwb;75838;93,2;98,7;99,02
3136306;Jo√£o Pinheiro;31;MG;n„o metropolitana;cerrado;679,89;Aw;47702;79,48;90,71;84,13
3136405;Joaquim Fel√≠cio;31;MG;n„o metropolitana;cerrado;798,58;Aw;3778;27,43;69,82;55,17
3136504;Jord√¢nia;31;MG;n„o metropolitana;mata atlantica;335,57;Aw;8866;63,73;83,8;73,18
3136520;Jos√© Gon√ßalves De Minas;31;MG;n„o metropolitana;cerrado;731,09;As;3922;33,01;63,67;43,15
3136553;Jos√© Raydan;31;MG;n„o metropolitana;mata atlantica;508,56;Aw;4267;32,95;78,78;44,21
3136579;Josen√≥polis;31;MG;n„o metropolitana;cerrado;738,37;As;3607;51,28;67,94;48,22
3136603;Nova Uni√£o;31;MG;metropolitana;cerrado;1026,69;Cwb;5729;69,02;88,62;74,84
3136652;Juatuba;31;MG;metropolitana;cerrado;822,71;Cwa;31409;52,82;95,6;91,05
3136702;Juiz De Fora;31;MG;metropolitana;mata atlantica;761,34;Cwb;557777;94,48;98,27;99,11
3136801;Juramento;31;MG;n„o metropolitana;cerrado;871,67;As;3585;39,2;61,8;62,05
3136900;Juruaia;31;MG;n„o metropolitana;mata atlantica;932;Cwb;11000;52,68;69,25;79,75
3136959;Juven√≠lia;31;MG;n„o metropolitana;caatinga;502;As;5793;7,81;82,39;52,02
3137007;Ladainha;31;MG;n„o metropolitana;mata atlantica;690,32;Cwa;13868;20,49;81,64;27,42
3137106;Lagamar;31;MG;n„o metropolitana;cerrado;730,5;Aw;7106;72,49;86,49;72,12
3137205;Lagoa Da Prata;31;MG;n„o metropolitana;cerrado;705,62;Cwa;52051;95,98;99,44;97,33
3137304;Lagoa Dos Patos;31;MG;n„o metropolitana;cerrado;612,81;Aw;3293;1;77,98;68,15
3137403;Lagoa Dourada;31;MG;n„o metropolitana;mata atlantica;1023,55;Cwb;12611;61,88;94,19;75,69
3137502;Lagoa Formosa;31;MG;n„o metropolitana;cerrado;898,96;Cwa;19050;73,33;94,89;76,25
3137536;Lagoa Grande;31;MG;n„o metropolitana;cerrado;578,81;Aw;9096;37,36;92,44;78,23
3137601;Lagoa Santa;31;MG;metropolitana;cerrado;754,94;Cwa;70678;54,78;98,46;97,36
3137700;Lajinha;31;MG;n„o metropolitana;mata atlantica;725,17;Cwa;20667;42,68;87,25;64,86
3137809;Lambari;31;MG;n„o metropolitana;mata atlantica;1053,73;Cwb;20449;76,33;89,29;91,79
3137908;Lamim;31;MG;n„o metropolitana;mata atlantica;778,99;Cwb;3184;30,9;84,09;48,13
3138005;Laranjal;31;MG;n„o metropolitana;mata atlantica;260,59;Aw;5806;82,61;94,12;81,61
3138104;Lassance;31;MG;n„o metropolitana;cerrado;789,52;Aw;7089;3,79;83,79;69,65
3138203;Lavras;31;MG;n„o metropolitana;mata atlantica;913,31;Cwb;98602;94,86;98,01;95,47
3138302;Leandro Ferreira;31;MG;n„o metropolitana;cerrado;723,2;Cwa;3121;71,98;94,75;73,67
3138351;Leme Do Prado;31;MG;n„o metropolitana;cerrado;741,83;As;4312;60,48;81;67,35
3138401;Leopoldina;31;MG;n„o metropolitana;mata atlantica;324,17;Aw;49020;87,08;96,48;91,11
3138500;Liberdade;31;MG;n„o metropolitana;mata atlantica;1185,82;Cwb;4713;73,23;88,25;73,88
3138609;Lima Duarte;31;MG;n„o metropolitana;mata atlantica;1000,52;Cwb;17248;72,97;89,01;88,99
3138625;Limeira Do Oeste;31;MG;n„o metropolitana;cerrado;421,62;Aw;8582;63,33;90,3;70,45
3138658;Lontra;31;MG;n„o metropolitana;cerrado;779,94;As;8778;1,25;91,84;57
3138674;Luisburgo;31;MG;n„o metropolitana;mata atlantica;1075,97;Cwb;6961;28,24;76,88;40,37
3138682;Luisl√¢ndia;31;MG;n„o metropolitana;cerrado;724,98;As;6158;0,59;77,34;43,55
3138708;Lumin√°rias;31;MG;n„o metropolitana;mata atlantica;1027,29;Cwb;5586;74,76;94,34;79,63
3138807;Luz;31;MG;n„o metropolitana;cerrado;677,76;Cwa;17972;87,58;95,68;90,03
3138906;Machacalis;31;MG;n„o metropolitana;mata atlantica;321,18;Aw;6440;76,16;95,54;80,11
3139003;Machado;31;MG;n„o metropolitana;mata atlantica;917,42;Cwb;36932;82,34;96,88;91,54
3139102;Madre De Deus De Minas;31;MG;n„o metropolitana;mata atlantica;994,01;Cwb;5191;78,02;93,93;81,98
3139201;Malacacheta;31;MG;n„o metropolitana;mata atlantica;677,51;Aw;16905;64,59;89,09;56,8
3139250;Mamonas;31;MG;n„o metropolitana;caatinga;790,67;As;5993;5,05;86,86;41,13
3139300;Manga;31;MG;n„o metropolitana;caatinga;517,72;As;18882;4,48;77,39;67,09
3139409;Manhua√ßu;31;MG;n„o metropolitana;mata atlantica;883,51;Cwb;88787;74;94,2;87,13
3139508;Manhumirim;31;MG;n„o metropolitana;mata atlantica;817,56;Cwb;19812;70,27;95,16;83,54
3139607;Mantena;31;MG;n„o metropolitana;mata atlantica;387,99;Aw;26352;78,44;95,47;78,65
3139706;Maravilhas;31;MG;n„o metropolitana;mata atlantica;761,21;Cwa;7300;63,57;97,47;80,32
3139805;Mar De Espanha;31;MG;n„o metropolitana;mata atlantica;550,46;Cwa;12400;86,37;98,33;91,62
3139904;Maria Da F√©;31;MG;n„o metropolitana;mata atlantica;1273,39;Cwb;14241;66,23;79,51;82,62
3140001;Mariana;31;MG;n„o metropolitana;mata atlantica;780,37;Cwa;64890;78,09;95,48;90,14
3140100;Marilac;31;MG;n„o metropolitana;mata atlantica;288,68;Aw;4044;80,12;98,01;63,83
3140159;M√°rio Campos;31;MG;metropolitana;mata atlantica;914,65;Cwb;15969;44,11;97,15;96,59
3140209;Marip√° De Minas;31;MG;n„o metropolitana;mata atlantica;593,3;Cwa;3383;62,3;95,49;88,82
3140308;Marli√©ria;31;MG;n„o metropolitana;mata atlantica;384,32;Aw;4577;79,5;91,4;87,14
3140407;Marmel√≥polis;31;MG;n„o metropolitana;mata atlantica;1570,04;Cwb;3169;60,78;75,8;85,08
3140506;Martinho Campos;31;MG;n„o metropolitana;cerrado;669,09;Cwa;13979;41,4;96,17;83,85
3140530;Martins Soares;31;MG;n„o metropolitana;mata atlantica;797,73;Cwb;8267;51,59;82,33;64,13
3140555;Mata Verde;31;MG;n„o metropolitana;mata atlantica;615,71;As;10096;72,22;91,73;80,23
3140605;Materl√¢ndia;31;MG;n„o metropolitana;mata atlantica;791,5;Cwa;3845;38,75;90,23;40,39
3140704;Mateus Leme;31;MG;metropolitana;cerrado;893,52;Cwb;43996;61,4;94,2;88,56
3140803;Matias Barbosa;31;MG;n„o metropolitana;mata atlantica;609,73;Cwa;14019;71,91;97,05;96,03
3140852;Matias Cardoso;31;MG;n„o metropolitana;caatinga;467,67;As;8879;20,89;70,41;40,34
3140902;Matip√≥;31;MG;n„o metropolitana;mata atlantica;754,7;Cwa;18506;71,27;96,03;75,61
3141009;Mato Verde;31;MG;n„o metropolitana;caatinga;706,65;As;12045;1,53;92,05;70,55
3141108;Matozinhos;31;MG;metropolitana;cerrado;774,23;Cwa;36927;67,55;96,57;97,54
3141207;Matutina;31;MG;n„o metropolitana;cerrado;1005,77;Cwb;3807;84,35;96,12;84,49
3141306;Medeiros;31;MG;n„o metropolitana;cerrado;965,89;Cwb;3965;69,14;84,04;58,7
3141405;Medina;31;MG;n„o metropolitana;mata atlantica;684,61;As;19199;69,27;90,64;72,15
3141504;Mendes Pimentel;31;MG;n„o metropolitana;mata atlantica;398,05;Aw;5535;49,4;90,36;57,01
3141603;Merc√™s;31;MG;n„o metropolitana;mata atlantica;674,26;Cwa;9865;67,43;85,79;74,8
3141702;Mesquita;31;MG;n„o metropolitana;mata atlantica;555,86;Aw;5043;58,68;88,91;52,3
3141801;Minas Novas;31;MG;n„o metropolitana;cerrado;796,69;Cwa;24117;18,62;55,44;39,49
3141900;Minduri;31;MG;n„o metropolitana;mata atlantica;1043,06;Cwb;3690;88,47;95,57;89,45
3142007;Mirabela;31;MG;n„o metropolitana;cerrado;822,03;As;13286;7,91;89,15;59,46
3142106;Miradouro;31;MG;n„o metropolitana;mata atlantica;755,1;Cwb;8935;64,39;89,14;68,75
3142205;Mira√≠;31;MG;n„o metropolitana;mata atlantica;571,69;Cwa;13630;86,25;96,54;87,06
3142254;Mirav√¢nia;31;MG;n„o metropolitana;cerrado;699,41;As;3984;3,05;90,23;23,53
3142304;Moeda;31;MG;metropolitana;mata atlantica;996,1;Cwb;5186;34,14;60,18;79,31
3142403;Moema;31;MG;n„o metropolitana;cerrado;686,24;Cwa;8302;70,72;99,21;91,28
3142502;Monjolos;31;MG;n„o metropolitana;cerrado;890,58;Cwb;2154;2,92;77,81;49,2
3142601;Monsenhor Paulo;31;MG;n„o metropolitana;mata atlantica;916,62;Cwb;8336;80,19;93,09;77,18
3142700;Montalv√¢nia;31;MG;n„o metropolitana;cerrado;621,14;Aw;14065;7,78;79,42;57,25
3142809;Monte Alegre De Minas;31;MG;n„o metropolitana;cerrado;730,75;Aw;20004;73,64;98,4;76,61
3142908;Monte Azul;31;MG;n„o metropolitana;caatinga;679,21;As;20345;9,54;87,33;58,22
3143005;Monte Belo;31;MG;n„o metropolitana;mata atlantica;877,77;Cwb;13092;70,14;87,14;79,76
3143104;Monte Carmelo;31;MG;n„o metropolitana;cerrado;872,55;Cwa;47267;89,28;97,93;91,47
3143153;Monte Formoso;31;MG;n„o metropolitana;mata atlantica;801,08;Cwa;4381;35,08;75,55;39,17
3143203;Monte Santo De Minas;31;MG;n„o metropolitana;mata atlantica;905,48;Cwb;20881;86,52;96,75;83,19
3143302;Montes Claros;31;MG;metropolitana;cerrado;780,58;As;436970;93,04;95,05;94,16
3143401;Monte Si√£o;31;MG;n„o metropolitana;mata atlantica;875,83;Cwb;23715;86,39;94,36;90,72
3143450;Montezuma;31;MG;n„o metropolitana;cerrado;960,46;Cwb;6901;27,79;84,26;41,1
3143500;Morada Nova De Minas;31;MG;n„o metropolitana;cerrado;631,36;Aw;8988;2,51;88,85;75,16
3143609;Morro Da Gar√ßa;31;MG;n„o metropolitana;cerrado;677,27;Aw;2593;41,71;74,25;54,33
3143708;Morro Do Pilar;31;MG;n„o metropolitana;mata atlantica;828,42;Cwa;2977;48,83;90;61,74
3143807;Munhoz;31;MG;n„o metropolitana;mata atlantica;1368,81;Cfb;7618;48,87;88,69;94,71
3143906;Muria√©;31;MG;n„o metropolitana;mata atlantica;434,4;Cwa;103649;89;98,94;94,13
3144003;Mutum;31;MG;n„o metropolitana;mata atlantica;483,64;Aw;27634;47,83;86,41;49,31
3144102;Muzambinho;31;MG;n„o metropolitana;mata atlantica;1007,9;Cwb;21935;83,53;89,41;87,9
3144201;Nacip Raydan;31;MG;n„o metropolitana;mata atlantica;447,4;Aw;2513;60,95;86,91;58,97
3144300;Nanuque;31;MG;n„o metropolitana;mata atlantica;235,33;Aw;34668;79,39;98,14;88,23
3144359;Naque;31;MG;n„o metropolitana;mata atlantica;251,26;Aw;6331;79,83;99,46;86,56
3144375;Natal√¢ndia;31;MG;n„o metropolitana;cerrado;617,68;Aw;3514;55,76;81,1;74,28
3144409;Nat√©rcia;31;MG;n„o metropolitana;mata atlantica;1065,67;Cwb;4580;50,99;81,39;96,12
3144508;Nazareno;31;MG;n„o metropolitana;mata atlantica;935,12;Cwb;8192;68,13;95,71;84,55
3144607;Nepomuceno;31;MG;n„o metropolitana;mata atlantica;876,56;Cwb;24869;80,15;95,07;79,18
3144656;Ninheira;31;MG;n„o metropolitana;mata atlantica;850,02;Cwa;9331;14,38;55,34;31,8
3144672;Nova Bel√©m;31;MG;n„o metropolitana;mata atlantica;647,5;Cfa;3049;44,89;88,08;35,61
3144706;Nova Era;31;MG;n„o metropolitana;mata atlantica;715,78;Cwa;16920;84,1;88,35;96,61
3144805;Nova Lima;31;MG;metropolitana;mata atlantica;1119,45;Cwb;117819;94,17;94,79;99,5
3144904;Nova M√≥dica;31;MG;n„o metropolitana;mata atlantica;427,5;Aw;3614;53,9;94,43;63,76
3145000;Nova Ponte;31;MG;n„o metropolitana;cerrado;939,77;Cwb;15731;85,68;96,82;86,65
3145059;Nova Porteirinha;31;MG;n„o metropolitana;caatinga;550,22;As;6660;24,76;90,12;60,26
3145109;Nova Resende;31;MG;n„o metropolitana;mata atlantica;1069,93;Cwb;16545;48,38;73,63;65,33
3145208;Nova Serrana;31;MG;n„o metropolitana;cerrado;748,18;Cwa;114497;93,6;98,52;98,17
3145307;Novo Cruzeiro;31;MG;n„o metropolitana;mata atlantica;850,51;Cwa;26850;35,6;72,51;31,69
3145356;Novo Oriente De Minas;31;MG;n„o metropolitana;mata atlantica;516,98;Aw;10086;40,39;83,62;54,66
3145372;Novorizonte;31;MG;n„o metropolitana;cerrado;797,79;As;4545;4,45;56,56;61,98
3145406;Olaria;31;MG;n„o metropolitana;mata atlantica;1035,33;Cwb;1936;53,28;82,54;83,73
3145455;Olhos-D'√°gua;31;MG;n„o metropolitana;cerrado;865,84;Cwa;5340;16,97;72,21;54,37
3145505;Ol√≠mpio Noronha;31;MG;n„o metropolitana;mata atlantica;1022,95;Cwb;2555;93,86;98,49;88,97
3145604;Oliveira;31;MG;n„o metropolitana;mata atlantica;1019,53;Cwb;39256;89,96;96,61;90,93
3145703;Oliveira Fortes;31;MG;n„o metropolitana;mata atlantica;899,94;Cwb;1996;46,31;87,67;54,43
3145802;On√ßa De Pitangui;31;MG;n„o metropolitana;mata atlantica;836,34;Cwa;2908;70,12;71,2;65,05
3145851;Orat√≥rios;31;MG;n„o metropolitana;mata atlantica;566,73;Cwa;4910;71,42;95,17;70,8
3145877;Oriz√¢nia;31;MG;n„o metropolitana;mata atlantica;945,41;Cwb;8451;33,41;82,27;39,91
3145901;Ouro Branco;31;MG;n„o metropolitana;mata atlantica;1128,89;Cwb;39206;90,8;93,94;93,59
3146008;Ouro Fino;31;MG;n„o metropolitana;mata atlantica;983,68;Cwb;32131;75,2;93,58;93,03
3146107;Ouro Preto;31;MG;n„o metropolitana;mata atlantica;1131,6;Cwb;76069;75,85;92,59;93,29
3146206;Ouro Verde De Minas;31;MG;n„o metropolitana;mata atlantica;572,17;Aw;5607;66,06;92,1;57,8
3146255;Padre Carvalho;31;MG;n„o metropolitana;cerrado;800,12;As;5031;1,42;77,43;45,59
3146305;Padre Para√≠so;31;MG;n„o metropolitana;mata atlantica;823,84;Cwa;17163;64,12;75,73;61,21
3146404;Paineiras;31;MG;n„o metropolitana;cerrado;642,48;Aw;4199;0,78;94,23;72,16
3146503;Pains;31;MG;n„o metropolitana;cerrado;774,67;Cwa;7455;86,9;94,61;90,25
3146552;Pai Pedro;31;MG;n„o metropolitana;caatinga;520,37;As;5568;1,16;58,34;34,8
3146602;Paiva;31;MG;n„o metropolitana;mata atlantica;665,35;Cwa;1474;53,62;87,6;74,62
3146701;Palma;31;MG;n„o metropolitana;mata atlantica;227,18;Aw;5692;77,45;96,93;78,37
3146750;Palm√≥polis;31;MG;n„o metropolitana;mata atlantica;581,46;Aw;6307;37,91;86,02;67,6
3146909;Papagaios;31;MG;n„o metropolitana;cerrado;716,85;Cwa;13724;29,77;97,42;86,97
3147006;Paracatu;31;MG;n„o metropolitana;cerrado;699,86;Aw;94300;79,19;95,18;88,98
3147105;Par√° De Minas;31;MG;metropolitana;mata atlantica;829,76;Cwa;97507;94,35;98,09;97,74
3147204;Paragua√ßu;31;MG;n„o metropolitana;mata atlantica;845,5;Cwb;21580;82,85;95,83;84,8
3147303;Parais√≥polis;31;MG;n„o metropolitana;mata atlantica;1106,51;Cwb;20463;83,76;91,14;90,67
3147402;Paraopeba;31;MG;n„o metropolitana;cerrado;752,56;Cwa;23776;77,77;93,54;85,35
3147501;Passab√©m;31;MG;n„o metropolitana;mata atlantica;727,13;Cwa;1604;39,31;62,3;55,29
3147600;Passa Quatro;31;MG;n„o metropolitana;mata atlantica;1433,45;Cwb;15387;76,75;91,47;96,46
3147709;Passa Tempo;31;MG;n„o metropolitana;mata atlantica;1003,14;Cwb;9204;72,94;92,37;77,56
3147808;Passa Vinte;31;MG;n„o metropolitana;mata atlantica;968,89;Cwb;2232;60,35;88,51;72,84
3147907;Passos;31;MG;n„o metropolitana;cerrado;817,75;Cwa;110555;96,75;99,13;97
3147956;Patis;31;MG;n„o metropolitana;caatinga;772,55;As;5917;1,71;92,43;45,63
3148004;Patos De Minas;31;MG;n„o metropolitana;cerrado;882,9;Cwa;159434;91,09;96,85;92,3
3148103;Patroc√≠nio;31;MG;n„o metropolitana;cerrado;946,8;Cwb;91901;87,15;96,51;89,26
3148202;Patroc√≠nio Do Muria√©;31;MG;n„o metropolitana;mata atlantica;245,28;Aw;5579;79,29;97,5;84,19
3148301;Paula C√¢ndido;31;MG;n„o metropolitana;mata atlantica;762,63;Cwb;8697;56,8;92,33;66,12
3148400;Paulistas;31;MG;n„o metropolitana;mata atlantica;769,86;Cwa;4269;49,36;89,18;46,13
3148509;Pav√£o;31;MG;n„o metropolitana;mata atlantica;313,85;Aw;8044;62,15;92,77;60,66
3148608;Pe√ßanha;31;MG;n„o metropolitana;mata atlantica;728,39;Cwa;17358;35,12;88,34;45,64
3148707;Pedra Azul;31;MG;n„o metropolitana;mata atlantica;729;As;24452;72,24;91,84;83,32
3148756;Pedra Bonita;31;MG;n„o metropolitana;mata atlantica;1031,18;Cwb;7320;31,62;77,43;28,42
3148806;Pedra Do Anta;31;MG;n„o metropolitana;mata atlantica;658,76;Cwa;3511;68,76;93,35;64,7
3148905;Pedra Do Indai√°;31;MG;n„o metropolitana;mata atlantica;944,22;Cwb;3725;59,78;92,67;67,87
3149002;Pedra Dourada;31;MG;n„o metropolitana;mata atlantica;853,62;Cwb;2752;74,93;80,68;67,99
3149101;Pedralva;31;MG;n„o metropolitana;mata atlantica;1048,82;Cwb;10750;51,81;75,31;86,3
3149150;Pedras De Maria Da Cruz;31;MG;n„o metropolitana;caatinga;550,2;As;10445;5,04;75,56;52,37
3149200;Pedrin√≥polis;31;MG;n„o metropolitana;cerrado;936,44;Cwb;3359;82,47;95,5;89,51
3149309;Pedro Leopoldo;31;MG;metropolitana;cerrado;804,38;Cwa;60154;67,27;98,56;95,98
3149408;Pedro Teixeira;31;MG;n„o metropolitana;mata atlantica;794,83;Cwb;1806;33,79;92,83;69,62
3149507;Pequeri;31;MG;n„o metropolitana;mata atlantica;621,59;Cwa;3351;73,38;98,38;94,63
3149606;Pequi;31;MG;n„o metropolitana;cerrado;794,75;Cwa;4042;29,3;90,46;74
3149705;Perdig√£o;31;MG;n„o metropolitana;cerrado;787,76;Cwa;12014;90,05;95,22;86,82
3149804;Perdizes;31;MG;n„o metropolitana;cerrado;952,6;Cwb;17999;72,24;94,78;79,75
3149903;Perd√µes;31;MG;n„o metropolitana;mata atlantica;876,98;Cwb;21329;90,85;97,3;92,5
3149952;Periquito;31;MG;n„o metropolitana;mata atlantica;254,74;Aw;6566;72,31;99,1;67,03
3150000;Pescador;31;MG;n„o metropolitana;mata atlantica;388,54;Aw;3537;71,35;95,95;77,1
3150109;Piau;31;MG;n„o metropolitana;mata atlantica;576,58;Cwa;2530;57,67;88,06;81,88
3150158;Piedade De Caratinga;31;MG;n„o metropolitana;mata atlantica;893,21;Cwb;8345;85,76;98,6;82,72
3150208;Piedade De Ponte Nova;31;MG;n„o metropolitana;mata atlantica;462,67;Cwa;3941;83,39;97,74;83,3
3150307;Piedade Do Rio Grande;31;MG;n„o metropolitana;mata atlantica;1021,23;Cwb;4560;50,43;91,32;71,37
3150406;Piedade Dos Gerais;31;MG;n„o metropolitana;mata atlantica;1030,21;Cwb;5215;2,12;80,08;50,58
3150505;Pimenta;31;MG;n„o metropolitana;cerrado;887,6;Cwa;8210;88,82;96,13;87,02
3150539;Pingo D'√°gua;31;MG;n„o metropolitana;mata atlantica;319,58;Aw;4714;89,31;98,62;91,78
3150570;Pint√≥polis;31;MG;n„o metropolitana;cerrado;538,64;Aw;6922;15,87;69,16;34,55
3150604;Piracema;31;MG;n„o metropolitana;mata atlantica;938,86;Cwb;7451;47,76;92,26;66,84
3150703;Pirajuba;31;MG;n„o metropolitana;mata atlantica;516,22;Aw;5438;87,92;99,67;90,51
3150802;Piranga;31;MG;n„o metropolitana;mata atlantica;753,92;Cwa;15308;32,95;73,54;37,49
3150901;Pirangu√ßu;31;MG;n„o metropolitana;mata atlantica;1242,76;Cwb;5848;51,03;71,29;82,47
3151008;Piranguinho;31;MG;n„o metropolitana;mata atlantica;896,33;Cwb;9109;60,55;88,83;95,93
3151107;Pirapetinga;31;MG;n„o metropolitana;mata atlantica;199,25;Aw;11110;87,02;98,63;88,66
3151206;Pirapora;31;MG;n„o metropolitana;cerrado;548,11;Aw;55876;18,82;99,3;96
3151305;Pira√∫ba;31;MG;n„o metropolitana;mata atlantica;404,89;Cwa;11547;84,64;98,85;81,55
3151404;Pitangui;31;MG;n„o metropolitana;cerrado;728,42;Cwa;26568;92,16;90,35;88,29
3151503;Piumhi;31;MG;n„o metropolitana;cerrado;822,11;Cwa;34834;92,64;97,79;95,12
3151602;Planura;31;MG;n„o metropolitana;cerrado;484,41;Aw;10503;95,37;99,27;96,28
3151701;Po√ßo Fundo;31;MG;n„o metropolitana;mata atlantica;1021,46;Cfb;15831;58,73;79,73;73,11
3151800;Po√ßos De Caldas;31;MG;n„o metropolitana;mata atlantica;1234,02;Cwb;172869;98,23;99,08;99,05
3151909;Pocrane;31;MG;n„o metropolitana;mata atlantica;324,6;Aw;8715;57,99;93,66;59,51
3152006;Pomp√©u;31;MG;n„o metropolitana;cerrado;676,73;Cwa;30493;73,93;96,34;87,41
3152105;Ponte Nova;31;MG;n„o metropolitana;mata atlantica;542,88;Cwa;58779;85,9;97,02;92,1
3152131;Ponto Chique;31;MG;n„o metropolitana;cerrado;529,69;As;3775;23,66;80,14;52,67
3152170;Ponto Dos Volantes;31;MG;n„o metropolitana;mata atlantica;761,14;Cwa;10584;10,97;67,97;43,52
3152204;Porteirinha;31;MG;n„o metropolitana;caatinga;655,13;As;37321;19,37;75,87;48,74
3152303;Porto Firme;31;MG;n„o metropolitana;mata atlantica;698,6;Cwa;10571;47,31;89,14;58,69
3152402;Pot√©;31;MG;n„o metropolitana;mata atlantica;628,47;Cwa;13643;35,8;89,54;54,45
3152501;Pouso Alegre;31;MG;n„o metropolitana;mata atlantica;876,71;Cfb;162028;92,14;98,35;96,85
3152600;Pouso Alto;31;MG;n„o metropolitana;mata atlantica;1043,66;Cwb;6567;50,28;82,9;82,8
3152709;Prados;31;MG;n„o metropolitana;mata atlantica;1013,72;Cwb;8964;81,32;89,75;82,98
3152808;Prata;31;MG;n„o metropolitana;cerrado;655,75;Aw;28678;77,24;96,93;77,84
3152907;Prat√°polis;31;MG;n„o metropolitana;mata atlantica;795,03;Cwa;8416;89,12;97,4;92,9
3153004;Pratinha;31;MG;n„o metropolitana;cerrado;1096,17;Cwb;3566;61,23;90,84;61,58
3153103;Presidente Bernardes;31;MG;n„o metropolitana;mata atlantica;709,6;Cwa;4845;46,47;71,21;40,48
3153202;Presidente Juscelino;31;MG;n„o metropolitana;cerrado;646,13;Cwa;3630;39,25;64,24;42,99
3153301;Presidente Kubitschek;31;MG;n„o metropolitana;mata atlantica;1160,52;Cwb;3075;74,61;90,13;71,84
3153400;Presidente Oleg√°rio;31;MG;n„o metropolitana;cerrado;834,83;Cwa;19471;62,16;89,25;67,96
3153509;Alto Jequitib√°;31;MG;n„o metropolitana;mata atlantica;940,55;Cwb;8394;48,16;88,48;65,9
3153608;Prudente De Morais;31;MG;metropolitana;cerrado;777,68;Cwa;12224;52,05;97,08;96
3153707;Quartel Geral;31;MG;n„o metropolitana;cerrado;712,26;Cwa;3150;41,56;96,5;77,83
3153806;Queluzito;31;MG;n„o metropolitana;mata atlantica;1000,73;Cwb;1778;49,34;81,89;57,65
3153905;Raposos;31;MG;metropolitana;mata atlantica;944,65;Cwb;16266;85,04;97,62;97,99
3154002;Raul Soares;31;MG;n„o metropolitana;mata atlantica;505,34;Cwa;23387;56,77;92,38;65,11
3154101;Recreio;31;MG;n„o metropolitana;mata atlantica;240,85;Aw;11016;80,99;99,12;88,51
3154150;Reduto;31;MG;n„o metropolitana;mata atlantica;723,97;Cwa;7865;59,9;88,83;66,51
3154200;Resende Costa;31;MG;n„o metropolitana;mata atlantica;1067,33;Cwb;11004;38,31;92,88;81,76
3154309;Resplendor;31;MG;n„o metropolitana;mata atlantica;260,76;Aw;15775;72,49;94,9;76,08
3154408;Ressaquinha;31;MG;n„o metropolitana;mata atlantica;1136,13;Cwb;4548;28,25;78,03;72,59
3154457;Riachinho;31;MG;n„o metropolitana;cerrado;643,23;Aw;8197;4,66;76,17;49,55
3154507;Riacho Dos Machados;31;MG;n„o metropolitana;cerrado;825,57;As;8757;20,79;65,96;39,32
3154606;Ribeir√£o Das Neves;31;MG;metropolitana;cerrado;855,92;Cwb;327968;74,79;97,98;96,7
3154705;Ribeir√£o Vermelho;31;MG;n„o metropolitana;mata atlantica;836,39;Cwb;3953;94,56;97,61;94,23
3154804;Rio Acima;31;MG;metropolitana;mata atlantica;1029,28;Cwb;10263;83,24;96,77;96,54
3154903;Rio Casca;31;MG;n„o metropolitana;mata atlantica;390,99;Aw;12795;77,07;97,43;82,44
3155009;Rio Doce;31;MG;n„o metropolitana;mata atlantica;483,17;Cwa;2121;75,62;90,58;88,64
3155108;Rio Do Prado;31;MG;n„o metropolitana;mata atlantica;615,35;Aw;4631;55,66;82,84;67,96
3155207;Rio Espera;31;MG;n„o metropolitana;mata atlantica;774,37;Cwb;5432;31,15;79,34;46,18
3155306;Rio Manso;31;MG;metropolitana;mata atlantica;938,1;Cwb;5527;3,2;87,92;71,41
3155405;Rio Novo;31;MG;n„o metropolitana;mata atlantica;459,29;Cwa;8450;85,95;98,65;89,76
3155504;Rio Parana√≠ba;31;MG;n„o metropolitana;cerrado;1021,47;Cwb;14602;69,46;89,34;68,12
3155603;Rio Pardo De Minas;31;MG;n„o metropolitana;cerrado;899,56;Cwa;27708;9,27;78,72;41,19
3155702;Rio Piracicaba;31;MG;n„o metropolitana;mata atlantica;753,28;Cwa;14120;72,96;95,45;86,49
3155801;Rio Pomba;31;MG;n„o metropolitana;mata atlantica;519,67;Cwa;17721;82,73;97,48;85,8
3155900;Rio Preto;31;MG;n„o metropolitana;mata atlantica;815,28;Cwb;5040;73,26;90,4;89,82
3156007;Rio Vermelho;31;MG;n„o metropolitana;mata atlantica;819,38;Cwa;12457;36,58;66,71;36,23
3156106;Rit√°polis;31;MG;n„o metropolitana;mata atlantica;1007,38;Cwb;4984;32,01;82,37;67,87
3156205;Rochedo De Minas;31;MG;n„o metropolitana;mata atlantica;461,3;Cwa;2292;76,52;87,63;91,32
3156304;Rodeiro;31;MG;n„o metropolitana;mata atlantica;408,04;Cwa;8596;89,73;98,15;91,1
3156403;Romaria;31;MG;n„o metropolitana;cerrado;980,99;Cwb;3104;78,54;96,83;82,32
3156452;Ros√°rio Da Limeira;31;MG;n„o metropolitana;mata atlantica;763,93;Cwb;4736;54,09;88,45;64,02
3156502;Rubelita;31;MG;n„o metropolitana;mata atlantica;650,23;As;5695;27,07;65,68;43,31
3156601;Rubim;31;MG;n„o metropolitana;mata atlantica;465,2;Aw;10321;66,04;88,15;73,48
3156700;Sabar√°;31;MG;metropolitana;mata atlantica;897,44;Cwb;131294;88,51;97,36;94,62
3156809;Sabin√≥polis;31;MG;n„o metropolitana;mata atlantica;813,89;Cwa;13797;51,54;87,71;61,07
3156908;Sacramento;31;MG;n„o metropolitana;cerrado;992,64;Cwb;25888;85,77;95,45;83,93
3157005;Salinas;31;MG;n„o metropolitana;mata atlantica;687,03;As;39969;65,36;84,53;75,92
3157104;Salto Da Divisa;31;MG;n„o metropolitana;mata atlantica;222,29;Aw;6015;59,24;86,37;72,58
3157203;Santa B√°rbara;31;MG;metropolitana;mata atlantica;1011,95;Cwb;29491;85,34;93,93;92,31
3157252;Santa B√°rbara Do Leste;31;MG;n„o metropolitana;mata atlantica;942,06;Cwb;7990;37,31;84,78;62,31
3157278;Santa B√°rbara Do Monte Verde;31;MG;n„o metropolitana;mata atlantica;784,88;Cwb;2963;60,81;92,69;75,64
3157302;Santa B√°rbara Do Tug√∫rio;31;MG;n„o metropolitana;mata atlantica;846;Cwb;4204;47,51;76,53;53,93
3157336;Santa Cruz De Minas;31;MG;n„o metropolitana;mata atlantica;925,33;Cwb;8074;98,37;99,37;99,88
3157377;Santa Cruz De Salinas;31;MG;n„o metropolitana;mata atlantica;842,51;Cwa;3908;28,44;76,57;38,52
3157401;Santa Cruz Do Escalvado;31;MG;n„o metropolitana;mata atlantica;468,97;Cwa;4852;44,01;95,16;69,11
3157500;Santa Efig√™nia De Minas;31;MG;n„o metropolitana;mata atlantica;625,84;Cwa;4272;51,93;85,26;56,31
3157609;Santa F√© De Minas;31;MG;n„o metropolitana;cerrado;613,24;Aw;3521;1,04;71,1;25,26
3157658;Santa Helena De Minas;31;MG;n„o metropolitana;mata atlantica;460,85;Aw;5897;44,6;73,79;65,77
3157708;Santa Juliana;31;MG;n„o metropolitana;cerrado;980,99;Cwb;15786;94,19;97,76;87,69
3157807;Santa Luzia;31;MG;metropolitana;cerrado;763,51;Cwa;213709;85,06;98,73;96,76
3157906;Santa Margarida;31;MG;n„o metropolitana;mata atlantica;900,72;Cwb;16414;52,41;88,89;70,77
3158003;Santa Maria De Itabira;31;MG;n„o metropolitana;mata atlantica;775,48;Cwa;10133;57,99;76,47;67,16
3158102;Santa Maria Do Salto;31;MG;n„o metropolitana;mata atlantica;518,02;Aw;4666;60,78;87,97;71,87
3158201;Santa Maria Do Sua√ßu√≠;31;MG;n„o metropolitana;mata atlantica;492,1;Aw;12652;57,24;90,76;59,87
3158300;Santana Da Vargem;31;MG;n„o metropolitana;mata atlantica;892,47;Cwb;6561;73,83;95,73;77,42
3158409;Santana De Cataguases;31;MG;n„o metropolitana;mata atlantica;312,39;Aw;3503;84,74;94,89;80,61
3158508;Santana De Pirapama;31;MG;n„o metropolitana;cerrado;795,15;Cwa;7014;35,2;74,33;39,84
3158607;Santana Do Deserto;31;MG;n„o metropolitana;mata atlantica;489,23;Cwa;3732;66,52;97,34;91,27
3158706;Santana Do Garamb√©u;31;MG;n„o metropolitana;mata atlantica;1091,15;Cwb;2140;69,95;86,19;71,62
3158805;Santana Do Jacar√©;31;MG;n„o metropolitana;mata atlantica;885,29;Cwb;4214;92,55;99,13;96,67
3158904;Santana Do Manhua√ßu;31;MG;n„o metropolitana;mata atlantica;666,37;Cwa;9010;50,96;79,22;54,61
3158953;Santana Do Para√≠so;31;MG;n„o metropolitana;mata atlantica;394,03;Aw;37113;77,47;96,72;95,05
3159001;Santana Do Riacho;31;MG;n„o metropolitana;cerrado;1058,99;Cwb;5754;38,15;78,32;71,57
3159100;Santana Dos Montes;31;MG;n„o metropolitana;mata atlantica;834,84;Cwb;3469;48,38;81,75;56,5
3159209;Santa Rita De Caldas;31;MG;n„o metropolitana;mata atlantica;1220,5;Cwb;8400;62,13;88,05;67,08
3159308;Santa Rita De Jacutinga;31;MG;n„o metropolitana;mata atlantica;826,21;Cwb;4768;82,22;91,76;75,94
3159357;Santa Rita De Minas;31;MG;n„o metropolitana;mata atlantica;827,61;Cwb;6214;69,03;92,23;82,55
3159407;Santa Rita De Ibitipoca;31;MG;n„o metropolitana;mata atlantica;1109,6;Cwb;3303;63,08;77,85;66,27
3159506;Santa Rita Do Itueto;31;MG;n„o metropolitana;mata atlantica;439,4;Aw;5831;35,08;84,16;47,06
3159605;Santa Rita Do Sapuca√≠;31;MG;n„o metropolitana;mata atlantica;924,11;Cwb;40719;87,01;96,81;89,15
3159704;Santa Rosa Da Serra;31;MG;n„o metropolitana;cerrado;991,91;Cwb;3414;54;97,18;82,35
3159803;Santa Vit√≥ria;31;MG;n„o metropolitana;cerrado;459,42;Aw;20538;85,19;95,31;82,51
3159902;Santo Ant√¥nio Do Amparo;31;MG;n„o metropolitana;mata atlantica;968,85;Cwb;16723;85,73;91,96;91,78
3160009;Santo Ant√¥nio Do Aventureiro;31;MG;n„o metropolitana;mata atlantica;582,38;Cwa;3770;15,37;94,76;73,75
3160108;Santo Ant√¥nio Do Grama;31;MG;n„o metropolitana;mata atlantica;540,47;Cwa;4229;80,53;99,43;82,15
3160207;Santo Ant√¥nio Do Itamb√©;31;MG;n„o metropolitana;mata atlantica;852,27;Cwa;3846;37,31;75,44;32,47
3160306;Santo Ant√¥nio Do Jacinto;31;MG;n„o metropolitana;mata atlantica;634,92;Aw;10251;42,76;80,92;51,63
3160405;Santo Ant√¥nio Do Monte;31;MG;n„o metropolitana;cerrado;854,03;Cwb;28345;87,23;97,84;88,91
3160454;Santo Ant√¥nio Do Retiro;31;MG;n„o metropolitana;cerrado;972,5;Cwb;6621;28,37;62,34;31,92
3160504;Santo Ant√¥nio Do Rio Abaixo;31;MG;n„o metropolitana;mata atlantica;604,93;Cwa;1808;32,89;76,7;56,39
3160603;Santo Hip√≥lito;31;MG;n„o metropolitana;cerrado;620,59;Aw;2593;12,16;81,56;54,44
3160702;Santos Dumont;31;MG;n„o metropolitana;mata atlantica;838,6;Cwb;44140;70,18;93,04;94,36
3160801;S√£o Bento Abade;31;MG;n„o metropolitana;mata atlantica;995,24;Cwb;4710;91,02;97,72;92,77
3160900;S√£o Br√°s Do Sua√ßu√≠;31;MG;n„o metropolitana;mata atlantica;937,16;Cwb;3987;48,69;97,19;88,21
3160959;S√£o Domingos Das Dores;31;MG;n„o metropolitana;mata atlantica;765,17;Cwa;5621;65,09;86,61;93,53
3161007;S√£o Domingos Do Prata;31;MG;n„o metropolitana;mata atlantica;720,19;Cwa;17399;54,14;86,76;63,39
3161056;S√£o F√©lix De Minas;31;MG;n„o metropolitana;mata atlantica;601,66;Cwa;3204;53,08;92,98;63,15
3161106;S√£o Francisco;31;MG;n„o metropolitana;cerrado;558,79;As;51321;17,31;76,46;60,18
3161205;S√£o Francisco De Paula;31;MG;n„o metropolitana;mata atlantica;967,94;Cwb;6429;83,6;93,06;70,65
3161304;S√£o Francisco De Sales;31;MG;n„o metropolitana;cerrado;442,75;Aw;5532;72,61;94,37;77,71
3161403;S√£o Francisco Do Gl√≥ria;31;MG;n„o metropolitana;mata atlantica;730,49;Cwa;4796;64,37;88,85;69,02
3161502;S√£o Geraldo;31;MG;n„o metropolitana;mata atlantica;564,92;Cwa;10270;71,5;94,59;75,1
3161601;S√£o Geraldo Da Piedade;31;MG;n„o metropolitana;mata atlantica;408,83;Aw;3307;50,36;90,88;47,3
3161650;S√£o Geraldo Do Baixio;31;MG;n„o metropolitana;mata atlantica;387,36;Aw;3104;61,75;92,66;66,46
3161700;S√£o Gon√ßalo Do Abaet√©;31;MG;n„o metropolitana;cerrado;734,32;Cwa;7152;58;91,75;80,12
3161809;S√£o Gon√ßalo Do Par√°;31;MG;n„o metropolitana;cerrado;738,53;Cwa;11688;72,63;97,89;94,45
3161908;S√£o Gon√ßalo Do Rio Abaixo;31;MG;metropolitana;mata atlantica;764,27;Cwa;12466;66,71;91,39;90,33
3162005;S√£o Gon√ßalo Do Sapuca√≠;31;MG;n„o metropolitana;mata atlantica;941;Cwb;23792;86,46;92,61;90,7
3162104;S√£o Gotardo;31;MG;n„o metropolitana;cerrado;985,62;Cwb;41114;80,71;97,87;92,58
3162203;S√£o Jo√£o Batista Do Gl√≥ria;31;MG;n„o metropolitana;cerrado;880,4;Cwa;7455;81,79;99,26;96,8
3162252;S√£o Jo√£o Da Lagoa;31;MG;n„o metropolitana;cerrado;823,3;Cwa;4818;0,49;69,42;46,6
3162302;S√£o Jo√£o Da Mata;31;MG;n„o metropolitana;mata atlantica;1056,43;Cfb;2803;75,08;86,38;69,21
3162401;S√£o Jo√£o Da Ponte;31;MG;n„o metropolitana;caatinga;648,05;As;23840;1,77;90,42;20,85
3162450;S√£o Jo√£o Das Miss√µes;31;MG;n„o metropolitana;caatinga;667,83;As;12986;2,68;56,98;22,75
3162500;S√£o Jo√£o Del Rei;31;MG;n„o metropolitana;mata atlantica;1006,67;Cwb;93778;86,42;98,18;95,68
3162559;S√£o Jo√£o Do Manhua√ßu;31;MG;n„o metropolitana;mata atlantica;963,54;Cwb;11245;52,69;84,08;57,51
3162575;S√£o Jo√£o Do Manteninha;31;MG;n„o metropolitana;mata atlantica;383,07;Aw;5329;89,21;93,72;80,69
3162609;S√£o Jo√£o Do Oriente;31;MG;n„o metropolitana;mata atlantica;312,85;Aw;7049;76,47;98,81;82,92
3162658;S√£o Jo√£o Do Pacu√≠;31;MG;n„o metropolitana;cerrado;692,34;As;3884;2,8;77,06;33,45
3162708;S√£o Jo√£o Do Para√≠so;31;MG;n„o metropolitana;mata atlantica;885,22;Cwa;20502;19,1;82,31;54,93
3162807;S√£o Jo√£o Evangelista;31;MG;n„o metropolitana;mata atlantica;748,63;Cwa;14864;64,81;91,97;65,07
3162906;S√£o Jo√£o Nepomuceno;31;MG;n„o metropolitana;mata atlantica;500,75;Cwa;24970;89,43;95,98;95,67
3162922;S√£o Joaquim De Bicas;31;MG;metropolitana;mata atlantica;838,79;Cwa;34677;70,28;94,02;86,44
3162948;S√£o Jos√© Da Barra;31;MG;n„o metropolitana;cerrado;800,53;Cwa;7862;88,42;89,54;91,7
3162955;S√£o Jos√© Da Lapa;31;MG;metropolitana;cerrado;780,88;Cwa;27125;81,76;98,51;98,14
3163003;S√£o Jos√© Da Safira;31;MG;n„o metropolitana;mata atlantica;424,44;Aw;3769;66,55;89,68;63,63
3163102;S√£o Jos√© Da Varginha;31;MG;metropolitana;cerrado;783,89;Cwa;4392;52,56;94,33;77,4
3163201;S√£o Jos√© Do Alegre;31;MG;n„o metropolitana;mata atlantica;883,13;Cwb;4125;71,69;92,59;80,52
3163300;S√£o Jos√© Do Divino;31;MG;n„o metropolitana;mata atlantica;418,2;Aw;3437;82,03;92,01;69,01
3163409;S√£o Jos√© Do Goiabal;31;MG;n„o metropolitana;mata atlantica;349,16;Aw;5400;74,41;87,93;75,33
3163508;S√£o Jos√© Do Jacuri;31;MG;n„o metropolitana;mata atlantica;656,78;Cwa;6098;37,92;76,69;34,21
3163607;S√£o Jos√© Do Mantimento;31;MG;n„o metropolitana;mata atlantica;531,2;Cwa;2768;86,04;78,42;61,17
3163706;S√£o Louren√ßo;31;MG;n„o metropolitana;mata atlantica;945,81;Cwb;44432;96,28;99,39;99,29
3163805;S√£o Miguel Do Anta;31;MG;n„o metropolitana;mata atlantica;742,28;Cwa;6219;49,61;91,31;67,01
3163904;S√£o Pedro Da Uni√£o;31;MG;n„o metropolitana;mata atlantica;1074,28;Cwb;4869;60,47;87,64;71,74
3164001;S√£o Pedro Dos Ferros;31;MG;n„o metropolitana;mata atlantica;342,03;Aw;7122;82,62;98,62;83,01
3164100;S√£o Pedro Do Sua√ßu√≠;31;MG;n„o metropolitana;mata atlantica;591,37;Aw;5108;47,12;84,27;45,49
3164209;S√£o Rom√£o;31;MG;n„o metropolitana;cerrado;530,28;Aw;9783;18,69;76,27;57,09
3164308;S√£o Roque De Minas;31;MG;n„o metropolitana;cerrado;1048,04;Cwb;6893;64,3;85,77;70,7
3164407;S√£o Sebasti√£o Da Bela Vista;31;MG;n„o metropolitana;mata atlantica;901,9;Cwb;6390;60,37;88,47;93,33
3164431;S√£o Sebasti√£o Da Vargem Alegre;31;MG;n„o metropolitana;mata atlantica;814,37;Cwb;3113;49,04;88,95;58,8
3164472;S√£o Sebasti√£o Do Anta;31;MG;n„o metropolitana;mata atlantica;663,3;Cwa;6195;64,6;93,8;75,81
3164506;S√£o Sebasti√£o Do Maranh√£o;31;MG;n„o metropolitana;mata atlantica;618,99;Aw;9918;30,48;80,99;25,21
3164605;S√£o Sebasti√£o Do Oeste;31;MG;n„o metropolitana;cerrado;816,06;Cwa;8819;67,14;95,45;68
3164704;S√£o Sebasti√£o Do Para√≠so;31;MG;n„o metropolitana;mata atlantica;928,19;Cwb;70976;97,39;98,75;94,1
3164803;S√£o Sebasti√£o Do Rio Preto;31;MG;n„o metropolitana;mata atlantica;637,43;Cwa;1231;15,53;76,7;54,37
3164902;S√£o Sebasti√£o Do Rio Verde;31;MG;n„o metropolitana;mata atlantica;934,11;Cwb;2299;77,28;81,67;64,08
3165008;S√£o Tiago;31;MG;n„o metropolitana;mata atlantica;1007,32;Cwb;11741;71,78;94,4;83,17
3165107;S√£o Tom√°s De Aquino;31;MG;n„o metropolitana;mata atlantica;920;Cwb;6745;78,45;95,81;81,68
3165206;S√£o Thom√© Das Letras;31;MG;n„o metropolitana;mata atlantica;1027,06;Cwb;6782;79,62;84,51;73,62
3165305;S√£o Vicente De Minas;31;MG;n„o metropolitana;mata atlantica;993,19;Cwb;6669;86,99;99,32;89,24
3165404;Sapuca√≠-Mirim;31;MG;n„o metropolitana;mata atlantica;1390,98;Cwb;6288;69,3;78,59;96,38
3165503;Sardo√°;31;MG;n„o metropolitana;mata atlantica;783,36;Cwa;4774;27,7;91,62;35,68
3165537;Sarzedo;31;MG;metropolitana;mata atlantica;954,49;Cwb;36581;85,61;97,36;98,42
3165552;Setubinha;31;MG;n„o metropolitana;mata atlantica;921,55;Cwb;9797;18,2;68,39;21,14
3165560;Sem-Peixe;31;MG;n„o metropolitana;mata atlantica;492,3;Aw;2382;45,16;80,22;48,81
3165578;Senador Amaral;31;MG;n„o metropolitana;mata atlantica;1468,55;Cwb;6208;63,69;82,57;86,56
3165602;Senador Cortes;31;MG;n„o metropolitana;mata atlantica;643,06;Cwa;2237;69,89;95,72;79,24
3165701;Senador Firmino;31;MG;n„o metropolitana;mata atlantica;740,04;Cwa;7716;51,58;93,22;78,36
3165800;Senador Jos√© Bento;31;MG;n„o metropolitana;mata atlantica;965,91;Cfb;2071;37,05;78,38;73,93
3165909;Senador Modestino Gon√ßalves;31;MG;n„o metropolitana;cerrado;845,87;Cwa;3926;49,09;80,57;41,13
3166006;Senhora De Oliveira;31;MG;n„o metropolitana;mata atlantica;795,7;Cwb;5295;65,91;91,69;60,23
3166105;Senhora Do Porto;31;MG;n„o metropolitana;mata atlantica;767,96;Cwa;3032;41,72;83,84;38,24
3166204;Senhora Dos Rem√©dios;31;MG;n„o metropolitana;mata atlantica;898,48;Cwb;9925;55,32;82,29;54,15
3166303;Sericita;31;MG;n„o metropolitana;mata atlantica;985,5;Cwb;7345;46,58;86,46;54,66
3166402;Seritinga;31;MG;n„o metropolitana;mata atlantica;1092,42;Cwb;1812;80,39;91,84;83,33
3166501;Serra Azul De Minas;31;MG;n„o metropolitana;mata atlantica;873,45;Cwa;3906;41,06;65,74;34,52
3166600;Serra Da Saudade;31;MG;n„o metropolitana;cerrado;736,68;Cwa;836;53,29;94,11;81,31
3166709;Serra Dos Aimor√©s;31;MG;n„o metropolitana;mata atlantica;203,21;Aw;6847;20,48;94,51;78,05
3166808;Serra Do Salitre;31;MG;n„o metropolitana;cerrado;964,23;Cwb;13152;70,29;94,37;76,6
3166907;Serrania;31;MG;n„o metropolitana;mata atlantica;884,69;Cwb;7518;94,3;98,88;88,78
3166956;Serran√≥polis De Minas;31;MG;n„o metropolitana;caatinga;811,92;As;4398;0,39;53,73;41,68
3167004;Serranos;31;MG;n„o metropolitana;mata atlantica;1067,65;Cwb;1952;68,82;91,66;79,84
3167103;Serro;31;MG;n„o metropolitana;mata atlantica;977,57;Cwb;21813;39,73;78,11;52,95
3167202;Sete Lagoas;31;MG;metropolitana;cerrado;794,94;Cwa;233398;93,85;99;97,42
3167301;Silveir√¢nia;31;MG;n„o metropolitana;mata atlantica;670,55;Cwa;2322;67,53;92,94;66,58
3167400;Silvian√≥polis;31;MG;n„o metropolitana;mata atlantica;885,53;Cwb;6061;89,76;93,3;63,95
3167509;Sim√£o Pereira;31;MG;n„o metropolitana;mata atlantica;488,55;Cwa;2913;80,4;94,31;89,4
3167608;Simon√©sia;31;MG;n„o metropolitana;mata atlantica;854,21;Cwb;19807;38,93;81,66;48,73
3167707;Sobr√°lia;31;MG;n„o metropolitana;mata atlantica;299,8;Aw;4893;58,26;97,48;68,54
3167806;Soledade De Minas;31;MG;n„o metropolitana;mata atlantica;963,41;Cwb;5602;61,55;84,59;86,38
3167905;Tabuleiro;31;MG;n„o metropolitana;mata atlantica;558,34;Cwa;3926;77,34;92,91;78,52
3168002;Taiobeiras;31;MG;n„o metropolitana;cerrado;814,26;Cwa;33071;16,1;92,9;86,26
3168051;Taparuba;31;MG;n„o metropolitana;mata atlantica;361,28;Aw;3390;59,93;89,85;67,06
3168101;Tapira;31;MG;n„o metropolitana;cerrado;1150,67;Cwb;3975;65,14;91,69;62,89
3168200;Tapira√≠;31;MG;n„o metropolitana;cerrado;949,99;Cwb;1689;64;86,6;64,15
3168309;Taquara√ßu De Minas;31;MG;metropolitana;cerrado;864,32;Cwb;4135;42,77;75,47;56,54
3168408;Tarumirim;31;MG;n„o metropolitana;mata atlantica;410,51;Aw;11900;52;89,99;61,03
3168507;Teixeiras;31;MG;n„o metropolitana;mata atlantica;709,99;Cwa;12105;70,03;96,77;75,51
3168606;Te√≥filo Otoni;31;MG;n„o metropolitana;mata atlantica;447,81;Aw;142030;77,58;94,94;84,03
3168705;Tim√≥teo;31;MG;n„o metropolitana;mata atlantica;359,49;Aw;77856;93,56;97,61;99,06
3168804;Tiradentes;31;MG;n„o metropolitana;mata atlantica;950,88;Cwb;7508;81,63;97,66;92,75
3168903;Tiros;31;MG;n„o metropolitana;cerrado;869,05;Cwa;8152;74,48;89,63;69,5
3169000;Tocantins;31;MG;n„o metropolitana;mata atlantica;408,98;Cwa;14912;81,04;98,13;83,7
3169059;Tocos Do Moji;31;MG;n„o metropolitana;mata atlantica;1181,8;Cwb;4086;34,44;75,93;91,29
3169109;Toledo;31;MG;n„o metropolitana;mata atlantica;1194,95;Cfb;7190;45,95;81,95;93,7
3169208;Tombos;31;MG;n„o metropolitana;mata atlantica;479,65;Cwa;8621;71,14;93,47;87,77
3169307;Tr√™s Cora√ß√µes;31;MG;n„o metropolitana;mata atlantica;912,13;Cwb;75313;92,01;98,67;92,9
3169356;Tr√™s Marias;31;MG;n„o metropolitana;cerrado;735,34;Cwa;28320;84,13;97,88;92,59
3169406;Tr√™s Pontas;31;MG;n„o metropolitana;mata atlantica;894,7;Cwb;53511;87,77;98,36;88,1
3169505;Tumiritinga;31;MG;n„o metropolitana;mata atlantica;236,62;Aw;5611;34,88;94,25;69,6
3169604;Tupaciguara;31;MG;n„o metropolitana;cerrado;719,46;Aw;25500;91,27;97,71;92,44
3169703;Turmalina;31;MG;n„o metropolitana;cerrado;748,45;Cwa;19933;60,47;81,16;72,98
3169802;Turvol√¢ndia;31;MG;n„o metropolitana;mata atlantica;893,33;Cwb;4859;61,76;89,93;76,96
3169901;Ub√°;31;MG;n„o metropolitana;mata atlantica;484,12;Cwa;98705;88,01;98,84;95,8
3170008;Uba√≠;31;MG;n„o metropolitana;cerrado;595;As;11606;0,97;90,46;41,58
3170057;Ubaporanga;31;MG;n„o metropolitana;mata atlantica;718,45;Cwa;12805;52,38;83,36;58,81
3170107;Uberaba;31;MG;n„o metropolitana;cerrado;811,23;Cwa;359090;97,04;99,18;98,1
3170206;Uberl√¢ndia;31;MG;metropolitana;cerrado;810,38;Cwa;725536;98,18;99,52;98,62
3170305;Umburatiba;31;MG;n„o metropolitana;mata atlantica;308,06;Aw;2686;68,5;94,15;78,04
3170404;Una√≠;31;MG;metropolitana;cerrado;760,89;Aw;86867;78,67;92,38;81,34
3170438;Uni√£o De Minas;31;MG;n„o metropolitana;cerrado;453,87;Aw;3671;72,38;86,09;61,88
3170479;Uruana De Minas;31;MG;n„o metropolitana;cerrado;750,26;Aw;3268;9,98;76,75;68,41
3170503;Uruc√¢nia;31;MG;n„o metropolitana;mata atlantica;471,19;Cwa;10480;85,44;88,09;76,03
3170529;Urucuia;31;MG;n„o metropolitana;cerrado;578,44;Aw;17433;11,33;69,31;49,51
3170578;Vargem Alegre;31;MG;n„o metropolitana;mata atlantica;451,87;Aw;6195;73,16;92,83;79,89
3170602;Vargem Bonita;31;MG;n„o metropolitana;cerrado;953,75;Cwb;1984;81,46;90,22;75,31
3170651;Vargem Grande Do Rio Pardo;31;MG;n„o metropolitana;cerrado;954,42;Cwb;4631;1,34;61,05;50,84
3170701;Varginha;31;MG;n„o metropolitana;mata atlantica;925,68;Cwb;137078;97,76;99,4;97,63
3170750;Varj√£o De Minas;31;MG;n„o metropolitana;cerrado;843,05;Cwa;7023;75,78;92,21;87,87
3170800;V√°rzea Da Palma;31;MG;n„o metropolitana;cerrado;600,63;Aw;32885;11,8;95,03;86,79
3170909;Varzel√¢ndia;31;MG;n„o metropolitana;caatinga;652,86;As;18842;13,69;86,33;38,68
3171006;Vazante;31;MG;n„o metropolitana;cerrado;679,53;Aw;20771;83,42;94,74;87,4
3171030;Verdel√¢ndia;31;MG;n„o metropolitana;caatinga;520,06;As;7348;20,25;81,63;55,48
3171071;Veredinha;31;MG;n„o metropolitana;cerrado;778,68;Cwa;5148;58,13;76,96;66,93
3171105;Ver√≠ssimo;31;MG;n„o metropolitana;cerrado;733,69;Cwa;3289;63,49;90,1;67,75
3171154;Vermelho Novo;31;MG;n„o metropolitana;mata atlantica;686,17;Cwa;4916;35,74;87,9;45,08
3171204;Vespasiano;31;MG;metropolitana;cerrado;798,2;Cwa;137821;91,1;99,62;95,82
3171303;Vi√ßosa;31;MG;n„o metropolitana;mata atlantica;720,75;Cwa;85119;88,98;98,29;95,05
3171402;Vieiras;31;MG;n„o metropolitana;mata atlantica;635,33;Cwa;3701;52,49;79,21;69,24
3171501;Mathias Lobato;31;MG;n„o metropolitana;mata atlantica;264,82;Aw;2912;81,51;98,38;62,72
3171600;Virgem Da Lapa;31;MG;n„o metropolitana;cerrado;530,08;As;11513;42,3;68,79;51,05
3171709;Virg√≠nia;31;MG;n„o metropolitana;mata atlantica;1245,93;Cwb;8933;54,04;78,69;50,55
3171808;Virgin√≥polis;31;MG;n„o metropolitana;mata atlantica;807,39;Cwa;10336;54,02;92,4;65,86
3171907;Virgol√¢ndia;31;MG;n„o metropolitana;mata atlantica;527,16;Aw;4848;69,5;82,14;50,34
3172004;Visconde Do Rio Branco;31;MG;n„o metropolitana;mata atlantica;403,57;Cwa;38493;85,5;97,01;90,66
3172103;Volta Grande;31;MG;n„o metropolitana;mata atlantica;270,48;Cwa;4367;71,53;97,13;86
3172202;Wenceslau Braz;31;MG;n„o metropolitana;mata atlantica;1234,78;Cwb;2279;18,14;44,96;97,45
3200102;Afonso Cl√°udio;32;ES;n„o metropolitana;mata atlantica;681,82;Cfa;30603;53,92;87,73;59,39
3200136;√Åguia Branca;32;ES;n„o metropolitana;mata atlantica;290,2;Aw;9714;32,92;89,53;39,31
3200169;√Ågua Doce Do Norte;32;ES;n„o metropolitana;mata atlantica;438,55;Aw;12038;41,83;88,18;59,68
3200201;Alegre;32;ES;n„o metropolitana;mata atlantica;502,75;Cfa;26397;61,13;93,17;78,33
3200300;Alfredo Chaves;32;ES;n„o metropolitana;mata atlantica;657,45;Cfa;13303;72,73;80,21;84,37
3200359;Alto Rio Novo;32;ES;n„o metropolitana;mata atlantica;589,2;Cfa;7438;58,11;93,56;60,67
3200409;Anchieta;32;ES;n„o metropolitana;mata atlantica;70,04;Aw;29613;54,51;93,03;94,06
3200508;Apiac√°;32;ES;n„o metropolitana;mata atlantica;359,56;Cfa;7178;69,76;90,84;74,24
3200607;Aracruz;32;ES;n„o metropolitana;mata atlantica;40,56;Aw;99336;82,58;97,56;93,74
3200706;At√≠lio Vivacqua;32;ES;n„o metropolitana;mata atlantica;190,38;Aw;11218;73,6;94,18;85,69
3200805;Baixo Guandu;32;ES;n„o metropolitana;mata atlantica;340,86;Aw;30676;77,8;94,81;80,54
3200904;Barra De S√£o Francisco;32;ES;n„o metropolitana;mata atlantica;290,51;Aw;40753;57,75;96,39;70,01
3201001;Boa Esperan√ßa;32;ES;n„o metropolitana;mata atlantica;132,53;Aw;13134;50,03;98,7;72,47
3201100;Bom Jesus Do Norte;32;ES;n„o metropolitana;mata atlantica;248,17;Aw;9832;80,15;97,96;93,1
3201159;Brejetuba;32;ES;n„o metropolitana;mata atlantica;918,44;Cfb;12933;46,96;86,74;57,27
3201209;Cachoeiro De Itapemirim;32;ES;n„o metropolitana;mata atlantica;191,94;Aw;196133;89,6;98,32;96,81
3201308;Cariacica;32;ES;metropolitana;mata atlantica;194,28;Am;375500;80,36;99,47;94,06
3201407;Castelo;32;ES;n„o metropolitana;mata atlantica;575,03;Cfb;39372;67,56;93,37;78,99
3201506;Colatina;32;ES;n„o metropolitana;mata atlantica;190,25;Aw;124575;85,9;97,96;91,65
3201605;Concei√ß√£o Da Barra;32;ES;n„o metropolitana;mata atlantica;39,07;Af;27947;31,54;95,37;83,86
3201704;Concei√ß√£o Do Castelo;32;ES;n„o metropolitana;mata atlantica;801,62;Cfb;12219;49,8;88,84;71,68
3201803;Divino De S√£o Louren√ßo;32;ES;n„o metropolitana;mata atlantica;942,09;Cwb;5089;34,5;81,25;53,98
3201902;Domingos Martins;32;ES;n„o metropolitana;mata atlantica;872,84;Cfb;35937;48,86;89,74;71,6
3202009;Dores Do Rio Preto;32;ES;n„o metropolitana;mata atlantica;994,93;Cwb;6669;55,51;93,49;85,43
3202108;Ecoporanga;32;ES;n„o metropolitana;mata atlantica;291,75;Aw;21995;44,92;95,05;60,65
3202207;Fund√£o;32;ES;metropolitana;mata atlantica;123,94;Am;17884;39,45;96,59;86,14
3202256;Governador Lindenberg;32;ES;n„o metropolitana;mata atlantica;232,98;Aw;11073;41,81;95,05;52,48
3202306;Gua√ßu√≠;32;ES;n„o metropolitana;mata atlantica;726,86;Cfa;28727;73,29;93,13;83,67
3202405;Guarapari;32;ES;metropolitana;mata atlantica;188,47;Am;132915;66,09;97,29;95,12
3202454;Ibatiba;32;ES;n„o metropolitana;mata atlantica;876,94;Cwb;25296;55,71;86,74;68,28
3202504;Ibira√ßu;32;ES;n„o metropolitana;mata atlantica;272,42;Aw;12561;77,39;96,84;90,91
3202553;Ibitirama;32;ES;n„o metropolitana;mata atlantica;1144,55;Cwb;9550;39,4;81,62;58,63
3202603;Iconha;32;ES;n„o metropolitana;mata atlantica;373,5;Cfa;12055;58,63;84,29;82,72
3202652;Irupi;32;ES;n„o metropolitana;mata atlantica;863,89;Cwb;13328;34,05;79,57;51,45
3202702;Itagua√ßu;32;ES;n„o metropolitana;mata atlantica;331,17;Aw;14368;49,89;92,03;73,91
3202801;Itapemirim;32;ES;n„o metropolitana;mata atlantica;31,44;Aw;45801;22,28;95,27;90,15
3202900;Itarana;32;ES;n„o metropolitana;mata atlantica;616,67;Cfb;12452;61,48;91,28;74,35
3203007;I√∫na;32;ES;n„o metropolitana;mata atlantica;967,83;Cwb;27846;64,62;83,83;67,13
3203056;Jaguar√©;32;ES;n„o metropolitana;mata atlantica;49,88;Aw;28911;61,55;97,49;76,51
3203106;Jer√¥nimo Monteiro;32;ES;n„o metropolitana;mata atlantica;292,7;Aw;11627;76,77;95,17;79,27
3203130;Jo√£o Neiva;32;ES;n„o metropolitana;mata atlantica;242,11;Aw;15431;81,25;98,57;91,49
3203163;Laranja Da Terra;32;ES;n„o metropolitana;mata atlantica;372,77;Aw;11068;52,22;88,11;45,72
3203205;Linhares;32;ES;n„o metropolitana;mata atlantica;45,29;Aw;171265;68,29;97,96;88,76
3203304;Manten√≥polis;32;ES;n„o metropolitana;mata atlantica;619,49;Cfa;12259;61,59;95,63;64,7
3203320;Marata√≠zes;32;ES;n„o metropolitana;mata atlantica;22,34;Aw;46198;53,47;98,78;84,78
3203346;Marechal Floriano;32;ES;n„o metropolitana;mata atlantica;785,55;Cfb;19594;30,93;91,53;90,43
3203353;Maril√¢ndia;32;ES;n„o metropolitana;mata atlantica;165,15;Aw;12975;58,92;94,83;70,74
3203403;Mimoso Do Sul;32;ES;n„o metropolitana;mata atlantica;267,95;Aw;24769;50,9;91,03;67,14
3203502;Montanha;32;ES;n„o metropolitana;mata atlantica;149,47;Am;18851;75,18;96,9;79,93
3203601;Mucurici;32;ES;n„o metropolitana;mata atlantica;236,98;Aw;5467;62,76;92,11;66,1
3203700;Muniz Freire;32;ES;n„o metropolitana;mata atlantica;758,62;Cfa;18169;44,28;87,06;62,33
3203809;Muqui;32;ES;n„o metropolitana;mata atlantica;455,02;Cfa;15736;59,81;90,7;71,97
3203908;Nova Ven√©cia;32;ES;n„o metropolitana;mata atlantica;180,56;Aw;48220;65,48;97,01;70,21
3204005;Pancas;32;ES;n„o metropolitana;mata atlantica;338,84;Aw;18923;47,89;91,62;49,82
3204054;Pedro Can√°rio;32;ES;n„o metropolitana;mata atlantica;80,75;Af;21343;52,45;97,47;90,24
3204104;Pinheiros;32;ES;n„o metropolitana;mata atlantica;117,05;Am;23674;74,98;97,01;79,66
3204203;Pi√∫ma;32;ES;n„o metropolitana;mata atlantica;19,65;Aw;21124;67,38;98,99;96,82
3204252;Ponto Belo;32;ES;n„o metropolitana;mata atlantica;209,67;Aw;6486;71,27;97,37;80,2
3204302;Presidente Kennedy;32;ES;n„o metropolitana;mata atlantica;39,38;Aw;14718;38,02;92,37;71,8
3204351;Rio Bananal;32;ES;n„o metropolitana;mata atlantica;146,89;Aw;19035;34,28;95,79;56,74
3204401;Rio Novo Do Sul;32;ES;n„o metropolitana;mata atlantica;253,04;Aw;11017;47,12;88,37;89,78
3204500;Santa Leopoldina;32;ES;n„o metropolitana;mata atlantica;452,11;Cfa;15830;24,94;86,97;53,35
3204559;Santa Maria De Jetib√°;32;ES;n„o metropolitana;mata atlantica;901,36;Cfb;46523;45,92;85,81;60,23
3204609;Santa Teresa;32;ES;n„o metropolitana;mata atlantica;605,87;Cfb;25755;64,42;91,66;84,51
3204658;S√£o Domingos Do Norte;32;ES;n„o metropolitana;mata atlantica;193,69;Aw;8588;46,94;95,18;51,67
3204708;S√£o Gabriel Da Palha;32;ES;n„o metropolitana;mata atlantica;176,73;Aw;34198;70,22;97,98;78,09
3204807;S√£o Jos√© Do Cal√ßado;32;ES;n„o metropolitana;mata atlantica;500,39;Cfa;10875;67,64;96,76;83,73
3204906;S√£o Mateus;32;ES;n„o metropolitana;mata atlantica;64,56;Aw;122386;62,15;96,7;83,25
3204955;S√£o Roque Do Cana√£;32;ES;n„o metropolitana;mata atlantica;299,01;Aw;10594;41,8;95,36;70,28
3205002;Serra;32;ES;metropolitana;mata atlantica;44,52;Am;546405;85,66;99,22;98,15
3205010;Sooretama;32;ES;n„o metropolitana;mata atlantica;78,52;Aw;27255;46,53;97,08;69,45
3205036;Vargem Alta;32;ES;n„o metropolitana;mata atlantica;721,28;Cfb;22285;27,61;67,78;79,9
3205069;Venda Nova Do Imigrante;32;ES;n„o metropolitana;mata atlantica;947,28;Cfb;23964;88,16;93,33;93,03
3205101;Viana;32;ES;metropolitana;mata atlantica;160,97;Am;71443;70,45;97,18;90,45
3205150;Vila Pav√£o;32;ES;n„o metropolitana;mata atlantica;193,97;Aw;8890;30,14;92,64;45,5
3205176;Vila Val√©rio;32;ES;n„o metropolitana;mata atlantica;142,74;Aw;14764;35,16;93,81;40,35
3205200;Vila Velha;32;ES;metropolitana;mata atlantica;15,85;Am;493242;86,46;99,78;99,1
3205309;Vit√≥ria;32;ES;metropolitana;mata atlantica;22,09;Am;331785;98,26;99,92;99,78
3300100;Angra Dos Reis;33;RJ;n„o metropolitana;mata atlantica;243,68;Cfa;181228;85,44;92,53;98,91
3300159;Aperib√©;33;RJ;n„o metropolitana;mata atlantica;113,08;Aw;10893;78,59;96,85;87,75
3300209;Araruama;33;RJ;n„o metropolitana;mata atlantica;28,17;Aw;126726;64,85;96,13;93,62
3300225;Areal;33;RJ;n„o metropolitana;mata atlantica;610,22;Cfa;11765;45,8;85,66;96,03
3300233;Arma√ß√£o Dos B√∫zios;33;RJ;n„o metropolitana;mata atlantica;19,42;Aw;39033;90,06;83,53;98,46
3300258;Arraial Do Cabo;33;RJ;n„o metropolitana;mata atlantica;3,8;Aw;31030;91,56;93,92;99,45
3300308;Barra Do Pira√≠;33;RJ;n„o metropolitana;mata atlantica;506,73;Cwa;91025;78,12;95,87;97,45
3300407;Barra Mansa;33;RJ;n„o metropolitana;mata atlantica;507,96;Cwa;166654;82,21;98,35;98,86
3300456;Belford Roxo;33;RJ;metropolitana;mata atlantica;24,49;Am;446731;82,04;94,35;88,73
3300506;Bom Jardim;33;RJ;n„o metropolitana;mata atlantica;814,51;Cwb;28166;54,31;84,01;93,24
3300605;Bom Jesus Do Itabapoana;33;RJ;n„o metropolitana;mata atlantica;347,16;Aw;35797;81,41;96,35;90,62
3300704;Cabo Frio;33;RJ;n„o metropolitana;mata atlantica;11,45;Aw;214057;82,97;90,23;97,41
3300803;Cachoeiras De Macacu;33;RJ;metropolitana;mata atlantica;272,92;Aw;53887;66,28;88,76;89,53
3300902;Cambuci;33;RJ;n„o metropolitana;mata atlantica;255,36;Aw;14245;59,53;89,49;76,37
3300936;Carapebus;33;RJ;n„o metropolitana;mata atlantica;25,48;Aw;13360;78,08;95,11;87,18
3300951;Comendador Levy Gasparian;33;RJ;n„o metropolitana;mata atlantica;464,18;Cwa;8769;80,09;97,67;95,9
3301009;Campos Dos Goytacazes;33;RJ;n„o metropolitana;mata atlantica;74,69;Aw;474667;58,17;97,69;95,75
3301108;Cantagalo;33;RJ;n„o metropolitana;mata atlantica;392,26;Cwa;19443;72,48;94,49;87,78
3301157;Cardoso Moreira;33;RJ;n„o metropolitana;mata atlantica;92,36;Aw;12686;60,31;91,41;77,81
3301207;Carmo;33;RJ;n„o metropolitana;mata atlantica;393,47;Cwa;17149;72,01;96,41;94,62
3301306;Casimiro De Abreu;33;RJ;n„o metropolitana;mata atlantica;142,5;Aw;45570;75,42;98,14;98,37
3301405;Concei√ß√£o De Macabu;33;RJ;n„o metropolitana;mata atlantica;158,6;Aw;20814;64,98;95,7;93,24
3301504;Cordeiro;33;RJ;n„o metropolitana;mata atlantica;559,62;Cwa;20843;83,98;96,6;97,26
3301603;Duas Barras;33;RJ;n„o metropolitana;mata atlantica;772,51;Cwb;11102;48,83;81,1;92,26
3301702;Duque De Caxias;33;RJ;metropolitana;mata atlantica;138,89;Af;782799;86,08;94,78;95,88
3301801;Engenheiro Paulo De Frontin;33;RJ;n„o metropolitana;mata atlantica;515,62;Cfa;11822;62,36;88,92;98,59
3301850;Guapimirim;33;RJ;metropolitana;mata atlantica;148,77;Am;50409;69,44;89,71;93,22
3301876;Iguaba Grande;33;RJ;n„o metropolitana;mata atlantica;21,37;Aw;27651;87,2;85,37;98,7
3301900;Itabora√≠;33;RJ;metropolitana;mata atlantica;49,01;Aw;231004;65,88;89,43;92,91
3302007;Itagua√≠;33;RJ;metropolitana;mata atlantica;1,67;Aw;132867;78,07;95,55;97,16
3302056;Italva;33;RJ;n„o metropolitana;mata atlantica;117,75;Aw;13729;72,93;95,26;84,11
3302106;Itaocara;33;RJ;n„o metropolitana;mata atlantica;144,59;Aw;22989;72,2;96,28;81,2
3302205;Itaperuna;33;RJ;n„o metropolitana;mata atlantica;192,76;Aw;99300;88,26;96,62;93,18
3302254;Itatiaia;33;RJ;n„o metropolitana;mata atlantica;985,57;Cwa;30766;88,64;93,42;97,72
3302270;Japeri;33;RJ;metropolitana;mata atlantica;43,83;Am;96595;68,99;95,7;85,32
3302304;Laje Do Muria√©;33;RJ;n„o metropolitana;mata atlantica;328,62;Aw;6767;69,35;94,61;79,29
3302403;Maca√©;33;RJ;n„o metropolitana;mata atlantica;236,87;Aw;262692;82,8;94,18;97,99
3302452;Macuco;33;RJ;n„o metropolitana;mata atlantica;416,63;Cfa;5446;97,45;99,4;95,82
3302502;Mag√©;33;RJ;metropolitana;mata atlantica;172,69;Am;248208;63,96;85,93;95,85
3302601;Mangaratiba;33;RJ;n„o metropolitana;mata atlantica;101,13;Cfa;38953;78,3;63,92;97,76
3302700;Maric√°;33;RJ;metropolitana;mata atlantica;63,08;Aw;223938;64,26;93,08;93,17
3302809;Mendes;33;RJ;n„o metropolitana;mata atlantica;503,84;Cfa;17461;62,05;93,5;96,95
3302858;Mesquita;33;RJ;metropolitana;mata atlantica;194,7;Am;168849;93,75;96,47;98,76
3302908;Miguel Pereira;33;RJ;n„o metropolitana;mata atlantica;679,82;Cfb;26301;69,97;90,41;96,9
3303005;Miracema;33;RJ;n„o metropolitana;mata atlantica;243,87;Aw;26644;87,88;97,75;95,96
3303104;Natividade;33;RJ;n„o metropolitana;mata atlantica;295,1;Aw;14938;76,7;97,53;89,04
3303203;Nil√≥polis;33;RJ;metropolitana;mata atlantica;25,74;Aw;150281;98,71;98,6;99,65
3303302;Niter√≥i;33;RJ;metropolitana;mata atlantica;74,72;Am;523664;92,1;99,05;98,98
3303401;Nova Friburgo;33;RJ;n„o metropolitana;mata atlantica;1089,47;Cwb;204625;83,47;89,24;98,8
3303500;Nova Igua√ßu;33;RJ;metropolitana;mata atlantica;214,83;Af;819134;83,89;96,55;94,7
3303609;Paracambi;33;RJ;metropolitana;mata atlantica;160,78;Aw;41146;83,04;89,26;94,43
3303708;Para√≠ba Do Sul;33;RJ;n„o metropolitana;mata atlantica;522,27;Cwa;41786;82,54;97,22;94,25
3303807;Paraty;33;RJ;n„o metropolitana;mata atlantica;561,45;Cfb;50592;57,01;81,92;92,74
3303856;Paty Do Alferes;33;RJ;n„o metropolitana;mata atlantica;673,02;Cfa;29390;57,72;89,56;88,94
3303906;Petr√≥polis;33;RJ;n„o metropolitana;mata atlantica;1001,38;Cfb;304758;82,89;77,38;99,12
3303955;Pinheiral;33;RJ;n„o metropolitana;mata atlantica;441,39;Cwa;24553;91,85;97,47;98,03
3304003;Pira√≠;33;RJ;n„o metropolitana;mata atlantica;448,32;Cfa;27996;80,36;96,34;93,99
3304102;Porci√∫ncula;33;RJ;n„o metropolitana;mata atlantica;541,79;Cwa;16958;75,49;93,13;82,82
3304110;Porto Real;33;RJ;n„o metropolitana;mata atlantica;430,09;Cwa;20375;93,02;99,11;98,83
3304128;Quatis;33;RJ;n„o metropolitana;mata atlantica;541,1;Cwa;12646;83,15;98,01;94,31
3304144;Queimados;33;RJ;metropolitana;mata atlantica;39,33;Am;139194;84,18;97,97;94,15
3304151;Quissam√£;33;RJ;n„o metropolitana;mata atlantica;8,74;Aw;21749;85,43;95,54;94,87
3304201;Resende;33;RJ;n„o metropolitana;mata atlantica;700,7;Cwa;128460;95,03;98,3;98,72
3304300;Rio Bonito;33;RJ;metropolitana;mata atlantica;156,22;Aw;55068;76,45;92,56;92,51
3304409;Rio Claro;33;RJ;n„o metropolitana;mata atlantica;676,9;Cwa;18544;65,22;82,14;88,67
3304508;Rio Das Flores;33;RJ;n„o metropolitana;mata atlantica;538,13;Cwa;9387;69,94;91,9;91,53
3304524;Rio Das Ostras;33;RJ;n„o metropolitana;mata atlantica;36,21;Aw;149562;85,87;90,61;99,43
3304557;Rio De Janeiro;33;RJ;metropolitana;mata atlantica;13,58;Am;6625849;94,9;99,04;99,25
3304607;Santa Maria Madalena;33;RJ;n„o metropolitana;mata atlantica;384,74;Aw;9704;54,65;71,55;84,43
3304706;Santo Ant√¥nio De P√°dua;33;RJ;n„o metropolitana;mata atlantica;175,28;Aw;40870;82,2;95,03;88,59
3304755;S√£o Francisco De Itabapoana;33;RJ;n„o metropolitana;mata atlantica;24,35;Aw;44939;13,06;95,88;76,13
3304805;S√£o Fid√©lis;33;RJ;n„o metropolitana;mata atlantica;281,82;Aw;38711;75,27;92,71;81,9
3304904;S√£o Gon√ßalo;33;RJ;metropolitana;mata atlantica;57,39;Aw;929446;82,01;92,86;93,78
3305000;S√£o Jo√£o Da Barra;33;RJ;n„o metropolitana;mata atlantica;4,36;Aw;36518;36,76;98,17;93,64
3305109;S√£o Jo√£o De Meriti;33;RJ;metropolitana;mata atlantica;29,74;Am;393773;94,44;97,72;98,17
3305133;S√£o Jos√© De Ub√°;33;RJ;n„o metropolitana;mata atlantica;238,05;Aw;7070;65,6;88,01;82,72
3305158;S√£o Jos√© Do Vale Do Rio Preto;33;RJ;n„o metropolitana;mata atlantica;788,56;Cwb;22125;40,22;90,17;96,77
3305208;S√£o Pedro Da Aldeia;33;RJ;n„o metropolitana;mata atlantica;21,63;Aw;102290;81,36;89,8;96,06
3305307;S√£o Sebasti√£o Do Alto;33;RJ;n„o metropolitana;mata atlantica;250,73;Aw;7707;48,89;93,04;64,6
3305406;Sapucaia;33;RJ;n„o metropolitana;mata atlantica;588,46;Cwa;18585;68,14;92,6;83,45
3305505;Saquarema;33;RJ;n„o metropolitana;mata atlantica;56,67;Aw;88755;55,45;93,88;93,71
3305554;Serop√©dica;33;RJ;metropolitana;mata atlantica;40,04;Aw;85359;65,2;98,71;92,74
3305604;Silva Jardim;33;RJ;n„o metropolitana;mata atlantica;140,05;Aw;21509;61,15;96,23;89,42
3305703;Sumidouro;33;RJ;n„o metropolitana;mata atlantica;828,95;Cwb;18286;29,79;69,94;83,86
3305752;Tangu√°;33;RJ;metropolitana;mata atlantica;145,04;Aw;31169;59,13;93,55;93,56
3305802;Teres√≥polis;33;RJ;n„o metropolitana;mata atlantica;1055,44;Cfb;189036;69,27;83,96;96,98
3305901;Trajano De Moraes;33;RJ;n„o metropolitana;mata atlantica;767,46;Cfb;10303;32,01;65,79;69,02
3306008;Tr√™s Rios;33;RJ;n„o metropolitana;mata atlantica;424,86;Cwa;76789;82,96;98,45;97,3
3306107;Valen√ßa;33;RJ;n„o metropolitana;mata atlantica;638,59;Cwa;72264;73,4;94,92;94,68
3306156;Varre-Sai;33;RJ;n„o metropolitana;mata atlantica;680,6;Cfa;10209;65,95;91,38;75,28
3306206;Vassouras;33;RJ;n„o metropolitana;mata atlantica;517,14;Cwa;38081;74,59;94,98;95,63
3306305;Volta Redonda;33;RJ;n„o metropolitana;mata atlantica;453,85;Cwa;270543;96,35;99,64;99,75
3500105;Adamantina;35;SP;n„o metropolitana;mata atlantica;388,46;Aw;34357;95,94;99,67;95,99
3500204;Adolfo;35;SP;n„o metropolitana;mata atlantica;401,09;Aw;4339;94,42;97,75;96
3500303;Agua√≠;35;SP;n„o metropolitana;mata atlantica;651,53;Cwa;31561;90,53;98,9;91,09
3500402;√Åguas Da Prata;35;SP;n„o metropolitana;mata atlantica;1187,88;Cwb;7075;85,63;97,64;96,64
3500501;√Åguas De Lind√≥ia;35;SP;n„o metropolitana;mata atlantica;903,71;Cwb;18859;93,26;98,1;97,97
3500550;√Åguas De Santa B√°rbara;35;SP;n„o metropolitana;cerrado;634,69;Cfa;7118;75,57;91,61;87,55
3500600;√Åguas De S√£o Pedro;35;SP;n„o metropolitana;mata atlantica;494;Cfa;3097;97,98;100;99,9
3500709;Agudos;35;SP;n„o metropolitana;cerrado;602,87;Cfa;37525;95,23;98,81;97,11
3500758;Alambari;35;SP;n„o metropolitana;mata atlantica;606,72;Cfa;6086;58,49;97,9;92,33
3500808;Alfredo Marcondes;35;SP;n„o metropolitana;mata atlantica;393,38;Aw;4458;84,5;99,04;86,65
3500907;Altair;35;SP;n„o metropolitana;mata atlantica;501,13;Aw;3383;99,67;99,5;86,05
3501004;Altin√≥polis;35;SP;n„o metropolitana;cerrado;741,13;Cwa;16845;88,65;97,71;91,2
3501103;Alto Alegre;35;SP;n„o metropolitana;mata atlantica;434,27;Aw;3837;83,34;97,31;80
3501152;Alum√≠nio;35;SP;n„o metropolitana;mata atlantica;834,47;Cfb;17170;85,05;95,2;98,71
3501202;√Ålvares Florence;35;SP;n„o metropolitana;mata atlantica;474,15;Aw;3881;82,57;98,18;71,64
3501301;√Ålvares Machado;35;SP;n„o metropolitana;mata atlantica;402,3;Aw;27361;88,57;99,34;91,52
3501400;√Ålvaro De Carvalho;35;SP;n„o metropolitana;mata atlantica;527,93;Cfa;4716;93,87;99,61;91,89
3501509;Alvinl√¢ndia;35;SP;n„o metropolitana;mata atlantica;580,04;Cfa;2893;90;99,01;96,05
3501608;Americana;35;SP;n„o metropolitana;mata atlantica;573,22;Cfa;243674;98,82;99,65;99,91
3501707;Am√©rico Brasiliense;35;SP;n„o metropolitana;cerrado;636,27;Cwa;31996;99,22;99,88;99,53
3501806;Am√©rico De Campos;35;SP;n„o metropolitana;mata atlantica;480,34;Aw;5790;87,2;98,38;87,24
3501905;Amparo;35;SP;n„o metropolitana;mata atlantica;796,6;Cfb;69952;89,71;96,4;97,42
3502002;Anal√¢ndia;35;SP;n„o metropolitana;cerrado;793,5;Cwa;4577;77,51;97,74;86,39
3502101;Andradina;35;SP;n„o metropolitana;mata atlantica;363,08;Aw;59464;91,18;98,86;94,16
3502200;Angatuba;35;SP;n„o metropolitana;cerrado;648,49;Cfa;23928;84,49;95,16;90,25
3502309;Anhembi;35;SP;n„o metropolitana;cerrado;517,08;Cfa;5659;90,01;95,93;92,1
3502408;Anhumas;35;SP;n„o metropolitana;mata atlantica;424,18;Cfa;4005;87;98,18;83,54
3502507;Aparecida;35;SP;n„o metropolitana;mata atlantica;773,48;Cwa;32927;96,79;99,52;98,15
3502606;Aparecida D'oeste;35;SP;n„o metropolitana;mata atlantica;371,85;Aw;4030;82,04;99,61;85,19
3502705;Apia√≠;35;SP;n„o metropolitana;mata atlantica;867,29;Cfb;24978;55,47;90,53;88,93
3502754;Ara√ßariguama;35;SP;n„o metropolitana;mata atlantica;761,56;Cfb;22673;66,58;89,93;91,23
3502804;Ara√ßatuba;35;SP;n„o metropolitana;mata atlantica;380,05;Aw;213929;98;99,62;98,98
3502903;Ara√ßoiaba Da Serra;35;SP;n„o metropolitana;mata atlantica;618,04;Cfa;32922;53,73;96,22;97,61
3503000;Aramina;35;SP;n„o metropolitana;cerrado;571,37;Aw;5419;93,27;97,94;93,63
3503109;Arandu;35;SP;n„o metropolitana;mata atlantica;621,75;Cfa;6654;87,89;96,37;90,2
3503158;Arape√≠;35;SP;n„o metropolitana;mata atlantica;835,8;Cwa;2469;60,81;95,73;90,95
3503208;Araraquara;35;SP;n„o metropolitana;cerrado;639,62;Cwa;250304;98,62;99,49;99,3
3503307;Araras;35;SP;n„o metropolitana;mata atlantica;654,3;Cwa;131300;98,73;99,45;99,01
3503356;Arco-√çris;35;SP;n„o metropolitana;mata atlantica;416,85;Aw;2044;67,49;96,58;72,63
3503406;Arealva;35;SP;n„o metropolitana;cerrado;505,34;Cfa;8079;90,26;98,5;86,28
3503505;Areias;35;SP;n„o metropolitana;mata atlantica;1030,95;Cwa;3616;65,44;96,67;81,79
3503604;Arei√≥polis;35;SP;n„o metropolitana;mata atlantica;621,67;Cfa;9805;98,91;99,57;98,81
3503703;Ariranha;35;SP;n„o metropolitana;mata atlantica;564,49;Cwa;7595;95,66;95,76;96,85
3503802;Artur Nogueira;35;SP;n„o metropolitana;mata atlantica;614,73;Cwa;55352;90,93;96,64;98,29
3503901;Aruj√°;35;SP;metropolitana;mata atlantica;771,98;Cfb;97595;86,28;98,76;99,3
3503950;Asp√°sia;35;SP;n„o metropolitana;mata atlantica;429,19;Aw;1860;74,21;99,18;79,01
3504008;Assis;35;SP;n„o metropolitana;cerrado;534,54;Cfa;100447;97,99;99,76;98,59
3504107;Atibaia;35;SP;n„o metropolitana;mata atlantica;844,97;Cfb;171672;81,52;97,97;98,18
3504206;Auriflama;35;SP;n„o metropolitana;mata atlantica;407,51;Aw;13432;92,37;98,67;90,99
3504305;Ava√≠;35;SP;n„o metropolitana;mata atlantica;500,09;Cfa;4553;76,12;89,12;86,68
3504404;Avanhandava;35;SP;n„o metropolitana;mata atlantica;429,52;Aw;11257;94,17;99,8;95,24
3504503;Avar√©;35;SP;n„o metropolitana;cerrado;702,76;Cfa;92659;95,6;98,85;97,2
3504602;Bady Bassitt;35;SP;n„o metropolitana;mata atlantica;488,22;Aw;26991;93,55;99,07;97,24
3504701;Balbinos;35;SP;n„o metropolitana;mata atlantica;477,7;Cfa;3886;91,51;92,78;89,81
3504800;B√°lsamo;35;SP;n„o metropolitana;mata atlantica;536,28;Aw;9598;92,09;99,02;92,62
3504909;Bananal;35;SP;n„o metropolitana;mata atlantica;934,72;Cfb;9690;85,59;92,36;90,92
3505005;Bar√£o De Antonina;35;SP;n„o metropolitana;mata atlantica;538,36;Cfa;3533;56;90,25;92,39
3505104;Barbosa;35;SP;n„o metropolitana;mata atlantica;391,79;Aw;5623;89,96;98,58;90,15
3505203;Bariri;35;SP;n„o metropolitana;mata atlantica;482,65;Cwa;31584;97,91;99,61;95,75
3505302;Barra Bonita;35;SP;n„o metropolitana;mata atlantica;524,09;Cfa;34430;98,96;99,67;98,76
3505351;Barra Do Chap√©u;35;SP;n„o metropolitana;mata atlantica;816,03;Cfb;5135;25,59;80,21;77,53
3505401;Barra Do Turvo;35;SP;n„o metropolitana;mata atlantica;630;Cfb;7318;45,09;59,86;80,45
3505500;Barretos;35;SP;n„o metropolitana;cerrado;523,97;Aw;119427;96,59;99,61;96,87
3505609;Barrinha;35;SP;n„o metropolitana;mata atlantica;552,67;Cwa;32465;98,38;99,51;98,75
3505708;Barueri;35;SP;metropolitana;mata atlantica;780,34;Cfb;342613;95,58;99,57;99,93
3505807;Bastos;35;SP;n„o metropolitana;mata atlantica;426,49;Aw;21516;89,28;99,5;87,69
3505906;Batatais;35;SP;n„o metropolitana;mata atlantica;802,86;Cwa;59342;97,29;99,74;96,85
3506003;Bauru;35;SP;metropolitana;cerrado;532,11;Cfa;388686;98,42;99,61;99,4
3506102;Bebedouro;35;SP;n„o metropolitana;cerrado;575,24;Cwa;75709;96,63;99,86;96,38
3506201;Bento De Abreu;35;SP;n„o metropolitana;mata atlantica;390,81;Aw;2606;97,91;99,88;92,69
3506300;Bernardino De Campos;35;SP;n„o metropolitana;mata atlantica;608,23;Cfa;11623;93,15;99,31;93,16
3506359;Bertioga;35;SP;n„o metropolitana;mata atlantica;249,04;Af;64018;78,62;90,88;99,67
3506409;Bilac;35;SP;n„o metropolitana;mata atlantica;439,51;Aw;7310;91,34;99,71;92,02
3506508;Birigui;35;SP;n„o metropolitana;mata atlantica;408,05;Aw;118365;97,63;99,46;97,85
3506607;Biritiba Mirim;35;SP;metropolitana;mata atlantica;794,64;Cfb;30195;80,35;97,9;94,49
3506706;Boa Esperan√ßa Do Sul;35;SP;n„o metropolitana;cerrado;515,63;Cwa;12722;95,95;99,01;93,95
3506805;Bocaina;35;SP;n„o metropolitana;mata atlantica;535,72;Cwa;11265;95,35;99,31;96,01
3506904;Bofete;35;SP;n„o metropolitana;cerrado;617,26;Cfa;9943;72,09;95,51;92,13
3507001;Boituva;35;SP;n„o metropolitana;mata atlantica;572,61;Cfa;64799;89,05;98,76;98,45
3507100;Bom Jesus Dos Perd√µes;35;SP;n„o metropolitana;mata atlantica;975,96;Cfb;24365;96,4;98,23;99,37
3507159;Bom Sucesso De Itarar√©;35;SP;n„o metropolitana;mata atlantica;961,21;Cfb;3585;64,38;76,18;94,95
3507209;Bor√°;35;SP;n„o metropolitana;mata atlantica;484,52;Cfa;877;84,93;98,74;82,01
3507308;Borac√©ia;35;SP;n„o metropolitana;mata atlantica;476,6;Cwa;4720;93,47;99,6;90,29
3507407;Borborema;35;SP;n„o metropolitana;mata atlantica;443,18;Aw;13366;92,56;98,91;91,95
3507456;Borebi;35;SP;n„o metropolitana;cerrado;659,49;Cfa;2722;87,87;95,72;91,01
3507506;Botucatu;35;SP;n„o metropolitana;cerrado;692,04;Cfa;145272;96,03;98,85;97,68
3507605;Bragan√ßa Paulista;35;SP;n„o metropolitana;mata atlantica;858,46;Cfb;181556;87,83;98,52;99,34
3507704;Bra√∫na;35;SP;n„o metropolitana;mata atlantica;445,78;Aw;5358;88,92;96,92;90,24
3507753;Brejo Alegre;35;SP;n„o metropolitana;mata atlantica;386,29;Aw;2561;83,6;98,89;95,32
3507803;Brodowski;35;SP;n„o metropolitana;mata atlantica;676;Cwa;25334;98,36;99,61;97,84
3507902;Brotas;35;SP;n„o metropolitana;cerrado;707,94;Cwa;23751;92,25;99,23;96,96
3508009;Buri;35;SP;n„o metropolitana;mata atlantica;652,04;Cfa;20038;79,5;96,3;84,56
3508108;Buritama;35;SP;n„o metropolitana;mata atlantica;382,38;Aw;17203;91,04;98,53;95,47
3508207;Buritizal;35;SP;n„o metropolitana;cerrado;767,02;Cwa;4253;89,15;98,18;86,3
3508306;Cabr√°lia Paulista;35;SP;n„o metropolitana;cerrado;565,42;Cfa;4299;86,44;97,17;89,35
3508405;Cabre√∫va;35;SP;n„o metropolitana;mata atlantica;807,72;Cfb;45941;90,08;98,64;98,44
3508504;Ca√ßapava;35;SP;n„o metropolitana;mata atlantica;634,38;Cfa;96530;87,27;99,45;98,93
3508603;Cachoeira Paulista;35;SP;n„o metropolitana;mata atlantica;683,94;Cwa;32390;90,37;98,18;96,05
3508702;Caconde;35;SP;n„o metropolitana;mata atlantica;916,66;Cwb;16947;68,4;92,27;83,74
3508801;Cafel√¢ndia;35;SP;n„o metropolitana;mata atlantica;454,09;Aw;16478;89,82;95,97;90,1
3508900;Caiabu;35;SP;n„o metropolitana;mata atlantica;377,02;Aw;3712;74,83;98,78;84,1
3509007;Caieiras;35;SP;metropolitana;mata atlantica;855,95;Cfb;98600;92,33;97,67;99,76
3509106;Caiu√°;35;SP;n„o metropolitana;mata atlantica;336,43;Aw;5437;47,11;72,38;59,25
3509205;Cajamar;35;SP;metropolitana;mata atlantica;801,63;Cfb;101500;77,33;97,04;99,01
3509254;Cajati;35;SP;n„o metropolitana;mata atlantica;368,7;Cfa;28834;69,8;90,63;95,95
3509304;Cajobi;35;SP;n„o metropolitana;mata atlantica;518,34;Aw;9129;98,39;99,58;94,1
3509403;Cajuru;35;SP;n„o metropolitana;cerrado;718,05;Cwa;23845;88,83;98,17;96,18
3509452;Campina Do Monte Alegre;35;SP;n„o metropolitana;cerrado;625,59;Cfa;5992;92,37;97,57;95,85
3509502;Campinas;35;SP;metropolitana;mata atlantica;669,51;Cfa;1170247;91,85;99,44;99,55
3509601;Campo Limpo Paulista;35;SP;n„o metropolitana;mata atlantica;837,48;Cfb;81355;77,05;99,48;99,64
3509700;Campos Do Jord√£o;35;SP;n„o metropolitana;mata atlantica;1601,42;Cfb;45177;85,1;92,08;99,14
3509809;Campos Novos Paulista;35;SP;n„o metropolitana;cerrado;527,17;Cfa;4837;78,85;97,58;79,87
3509908;Canan√©ia;35;SP;n„o metropolitana;mata atlantica;104,36;Cfa;13615;77,74;90,79;90,77
3509957;Canas;35;SP;n„o metropolitana;mata atlantica;588,78;Cwa;4954;86,39;99,09;96,34
3510005;C√¢ndido Mota;35;SP;n„o metropolitana;mata atlantica;433,23;Cfa;29530;93,89;99,74;95,6
3510104;C√¢ndido Rodrigues;35;SP;n„o metropolitana;mata atlantica;553,17;Cwa;2907;86,41;99,66;90,55
3510153;Canitar;35;SP;n„o metropolitana;mata atlantica;465,06;Cfa;6369;88,34;99,1;98,28
3510203;Cap√£o Bonito;35;SP;n„o metropolitana;mata atlantica;732,42;Cfa;46215;86,35;97,03;90,64
3510302;Capela Do Alto;35;SP;n„o metropolitana;mata atlantica;586,4;Cfa;22679;63,45;98,86;97,94
3510401;Capivari;35;SP;n„o metropolitana;mata atlantica;571,35;Cfa;50954;89,56;95,89;97,99
3510500;Caraguatatuba;35;SP;n„o metropolitana;mata atlantica;351,26;Cfa;132558;88,59;97,83;99,26
3510609;Carapicu√≠ba;35;SP;metropolitana;mata atlantica;780,11;Cfb;406221;88,03;98,35;99,48
3510708;Cardoso;35;SP;n„o metropolitana;mata atlantica;425,9;Aw;11288;87,71;99,64;94,39
3510807;Casa Branca;35;SP;n„o metropolitana;mata atlantica;658,51;Cwa;28107;91,85;99,61;91,2
3510906;C√°ssia Dos Coqueiros;35;SP;n„o metropolitana;cerrado;939,94;Cwb;2777;66,91;96,77;81,6
3511003;Castilho;35;SP;n„o metropolitana;mata atlantica;316,33;Aw;19902;82,24;91,19;80,23
3511102;Catanduva;35;SP;n„o metropolitana;mata atlantica;533,41;Cwa;114953;99,06;99,84;99,31
3511201;Catigu√°;35;SP;n„o metropolitana;mata atlantica;531,73;Aw;7004;90,8;99,69;94,28
3511300;Cedral;35;SP;n„o metropolitana;mata atlantica;519,75;Aw;11922;95,41;94,68;91,71
3511409;Cerqueira C√©sar;35;SP;n„o metropolitana;cerrado;676,49;Cfa;21440;91,32;98,84;93,96
3511508;Cerquilho;35;SP;n„o metropolitana;mata atlantica;558,15;Cfa;44024;95,52;98,51;98,94
3511607;Ces√°rio Lange;35;SP;n„o metropolitana;mata atlantica;582;Cfa;18811;73,06;98,25;96,24
3511706;Charqueada;35;SP;n„o metropolitana;cerrado;559,9;Cwa;15739;87,77;99,75;97,14
3511904;Clementina;35;SP;n„o metropolitana;mata atlantica;424,94;Aw;7005;96,25;99,81;96,2
3512001;Colina;35;SP;n„o metropolitana;cerrado;564,37;Aw;18411;94,84;99,42;94,33
3512100;Col√¥mbia;35;SP;n„o metropolitana;cerrado;502,08;Aw;6642;83,07;98,95;81,42
3512209;Conchal;35;SP;n„o metropolitana;cerrado;637,99;Cwa;28184;99,09;99,74;97,28
3512308;Conchas;35;SP;n„o metropolitana;mata atlantica;511,48;Cfa;17184;79,88;94,92;95,29
3512407;Cordeir√≥polis;35;SP;n„o metropolitana;mata atlantica;675,39;Cwa;26585;92,37;97,84;98,32
3512506;Coroados;35;SP;n„o metropolitana;mata atlantica;427,89;Aw;5395;82,5;99,82;84,5
3512605;Coronel Macedo;35;SP;n„o metropolitana;mata atlantica;601,42;Cfa;4226;76,71;99,01;83,77
3512704;Corumbata√≠;35;SP;n„o metropolitana;mata atlantica;681,84;Cwa;4667;66,94;95,46;80,3
3512803;Cosm√≥polis;35;SP;n„o metropolitana;mata atlantica;576,11;Cfa;59715;94,91;99,02;99,51
3512902;Cosmorama;35;SP;n„o metropolitana;mata atlantica;484,9;Aw;9315;74,16;98,12;79,65
3513009;Cotia;35;SP;metropolitana;mata atlantica;905,91;Cfb;289622;81,94;99,03;99,29
3513108;Cravinhos;35;SP;n„o metropolitana;mata atlantica;659,25;Cwa;33252;97,79;99,71;98,18
3513207;Cristais Paulista;35;SP;n„o metropolitana;mata atlantica;879,67;Cwb;9375;77,91;97,1;85,99
3513306;Cruz√°lia;35;SP;n„o metropolitana;mata atlantica;381,7;Cfa;2086;68,04;99,35;85,5
3513405;Cruzeiro;35;SP;n„o metropolitana;mata atlantica;766,27;Cwa;75592;96,38;98,56;98,69
3513504;Cubat√£o;35;SP;n„o metropolitana;mata atlantica;112,93;Af;128645;63,42;87,97;99,05
3513603;Cunha;35;SP;n„o metropolitana;mata atlantica;1083,81;Cfb;22125;53,47;85,61;66,13
3513702;Descalvado;35;SP;n„o metropolitana;cerrado;699,93;Cwa;31916;93,37;98,14;92,56
3513801;Diadema;35;SP;metropolitana;mata atlantica;796,11;Cfb;404738;97,5;99,59;99,61
3513850;Dirce Reis;35;SP;n„o metropolitana;mata atlantica;387,11;Aw;1621;79,63;100;84,21
3513900;Divinol√¢ndia;35;SP;n„o metropolitana;mata atlantica;1193,66;Cwb;11137;69,91;94,53;77,39
3514007;Dobrada;35;SP;n„o metropolitana;mata atlantica;605,32;Cwa;8765;98,85;99,92;98,27
3514106;Dois C√≥rregos;35;SP;n„o metropolitana;mata atlantica;636,81;Cfa;24170;95,72;98,37;95,96
3514205;Dolcin√≥polis;35;SP;n„o metropolitana;mata atlantica;449,61;Aw;2511;94,11;99,72;94,65
3514304;Dourado;35;SP;n„o metropolitana;mata atlantica;566,9;Cfa;8233;97,43;99,58;97
3514403;Dracena;35;SP;n„o metropolitana;mata atlantica;351,17;Aw;45248;94,2;99,05;96,02
3514502;Duartina;35;SP;n„o metropolitana;mata atlantica;561,07;Cfa;12329;94,57;99,31;92,35
3514601;Dumont;35;SP;n„o metropolitana;mata atlantica;593,66;Cwa;9476;97,11;99,16;97,78
3514700;Echapor√£;35;SP;n„o metropolitana;cerrado;542,87;Cfa;6157;85,09;97,27;86,57
3514809;Eldorado;35;SP;n„o metropolitana;mata atlantica;303,57;Cfa;13402;63,45;84,43;78,49
3514908;Elias Fausto;35;SP;n„o metropolitana;mata atlantica;577;Cfa;17832;88,4;93,87;94,01
3514924;Elisi√°rio;35;SP;n„o metropolitana;mata atlantica;484,71;Aw;3141;100;100;97,18
3514957;Emba√∫ba;35;SP;n„o metropolitana;mata atlantica;518,38;Aw;2331;85,64;99,63;86,64
3515004;Embu Das Artes;35;SP;metropolitana;mata atlantica;819,4;Cfb;277249;79,63;99,47;99,32
3515103;Embu-Gua√ßu;35;SP;metropolitana;mata atlantica;789,01;Cfb;63129;56,98;97,2;97,88
3515129;Emilian√≥polis;35;SP;n„o metropolitana;mata atlantica;347,88;Aw;3002;83,86;96,06;88
3515152;Engenheiro Coelho;35;SP;n„o metropolitana;mata atlantica;638,3;Cwa;20119;87,07;91,86;95,38
3515186;Esp√≠rito Santo Do Pinhal;35;SP;n„o metropolitana;mata atlantica;800,28;Cwb;39700;93,48;98,93;95,24
3515194;Esp√≠rito Santo Do Turvo;35;SP;n„o metropolitana;cerrado;534,76;Cfa;4095;83,97;95,49;92,6
3515202;Estrela D'oeste;35;SP;n„o metropolitana;mata atlantica;456,51;Aw;9405;81,85;99,52;86,05
3515301;Estrela Do Norte;35;SP;n„o metropolitana;mata atlantica;368,9;Cfa;2596;85,6;98,5;77,22
3515350;Euclides Da Cunha Paulista;35;SP;n„o metropolitana;mata atlantica;328,64;Aw;7831;63,01;88,76;67,36
3515400;Fartura;35;SP;n„o metropolitana;mata atlantica;547,93;Cfa;16782;91,23;96,36;91,1
3515509;Fernand√≥polis;35;SP;n„o metropolitana;mata atlantica;464,74;Aw;71826;98,26;99,81;97,26
3515608;Fernando Prestes;35;SP;n„o metropolitana;mata atlantica;543,35;Cwa;5925;85,32;99,35;87,74
3515657;Fern√£o;35;SP;n„o metropolitana;mata atlantica;562,49;Cfa;1660;66,73;94,16;91,24
3515707;Ferraz De Vasconcelos;35;SP;metropolitana;mata atlantica;801,78;Cfb;187253;85,57;99,18;99,12
3515806;Flora Rica;35;SP;n„o metropolitana;mata atlantica;341,5;Aw;1487;99,52;96,94;84,56
3515905;Floreal;35;SP;n„o metropolitana;mata atlantica;457,95;Aw;2735;91,33;99,44;84,77
3516002;Fl√≥rida Paulista;35;SP;n„o metropolitana;mata atlantica;372,57;Aw;13009;91,07;99,14;90,63
3516101;Flor√≠nea;35;SP;n„o metropolitana;mata atlantica;370,93;Cfa;3860;91,82;96,81;92,57
3516200;Franca;35;SP;n„o metropolitana;cerrado;909,13;Cwb;370378;98,51;99,79;99,55
3516309;Francisco Morato;35;SP;metropolitana;mata atlantica;826,79;Cfb;182265;59,14;98,81;97,89
3516408;Franco Da Rocha;35;SP;metropolitana;mata atlantica;812,99;Cfb;159367;74,88;97,82;98,22
3516507;Gabriel Monteiro;35;SP;n„o metropolitana;mata atlantica;426,01;Aw;2760;85,22;96,55;88,68
3516606;G√°lia;35;SP;n„o metropolitana;mata atlantica;592,33;Cfa;6054;88,49;97,2;84,72
3516705;Gar√ßa;35;SP;n„o metropolitana;mata atlantica;601,36;Cfa;41395;95,38;99,28;93,28
3516804;Gast√£o Vidigal;35;SP;n„o metropolitana;mata atlantica;410,14;Aw;3234;94,43;99,3;90,99
3516853;Gavi√£o Peixoto;35;SP;n„o metropolitana;cerrado;546,28;Cwa;4688;87,85;99,47;93,4
3516903;General Salgado;35;SP;n„o metropolitana;mata atlantica;428,91;Aw;10301;89,6;99,67;90,69
3517000;Getulina;35;SP;n„o metropolitana;mata atlantica;446,5;Aw;10011;85,48;98,02;88,41
3517109;Glic√©rio;35;SP;n„o metropolitana;mata atlantica;400,49;Aw;4132;74,87;99,44;87,4
3517208;Guai√ßara;35;SP;n„o metropolitana;mata atlantica;431,89;Aw;11214;88,97;98,95;94,73
3517307;Guaimb√™;35;SP;n„o metropolitana;mata atlantica;476,95;Cfa;5439;96,51;98,87;90,24
3517406;Gua√≠ra;35;SP;n„o metropolitana;mata atlantica;503,94;Aw;39351;98,4;99,91;96,65
3517505;Guapia√ßu;35;SP;n„o metropolitana;mata atlantica;519,69;Aw;21664;88,99;93,5;93,11
3517604;Guapiara;35;SP;n„o metropolitana;mata atlantica;852,75;Cfb;16579;42,49;82,07;79,26
3517703;Guar√°;35;SP;n„o metropolitana;mata atlantica;645,07;Cwa;18607;96,76;98,95;97,38
3517802;Guara√ßa√≠;35;SP;n„o metropolitana;mata atlantica;371,44;Aw;7344;83,49;94,56;83,42
3517901;Guaraci;35;SP;n„o metropolitana;cerrado;486,67;Aw;10347;94;98,74;92,55
3518008;Guarani D'oeste;35;SP;n„o metropolitana;mata atlantica;469,81;Aw;1948;87,37;99,29;91,77
3518107;Guarant√£;35;SP;n„o metropolitana;mata atlantica;479,46;Cfa;6427;87,61;97,54;86,43
3518206;Guararapes;35;SP;n„o metropolitana;mata atlantica;402,89;Aw;31017;94,72;99,52;94,64
3518305;Guararema;35;SP;metropolitana;mata atlantica;691,11;Cfa;32579;71,44;98,62;97,73
3518404;Guaratinguet√°;35;SP;n„o metropolitana;mata atlantica;850,19;Cwa;116847;91,47;99,09;98,92
3518503;Guare√≠;35;SP;n„o metropolitana;mata atlantica;678,93;Cfa;15027;58,94;95,94;88,64
3518602;Guariba;35;SP;n„o metropolitana;mata atlantica;599,37;Cwa;37022;98,96;99,8;99,41
3518701;Guaruj√°;35;SP;n„o metropolitana;mata atlantica;37,79;Af;311116;83,48;93,65;99,17
3518800;Guarulhos;35;SP;metropolitana;mata atlantica;806,54;Cfb;1383272;89,38;99,15;99,64
3518859;Guatapar√°;35;SP;n„o metropolitana;mata atlantica;577,6;Cwa;7435;80,87;94,37;87,08
3518909;Guzol√¢ndia;35;SP;n„o metropolitana;mata atlantica;396,7;Aw;4238;85,34;99,68;86,06
3519006;Hercul√¢ndia;35;SP;n„o metropolitana;mata atlantica;467,01;Cfa;9109;87,73;99,46;92,17
3519055;Holambra;35;SP;n„o metropolitana;mata atlantica;602,51;Cfa;16194;75,34;97,24;96,43
3519071;Hortol√¢ndia;35;SP;n„o metropolitana;mata atlantica;612,4;Cfa;246449;52,36;99,69;99,65
3519105;Iacanga;35;SP;n„o metropolitana;mata atlantica;464,04;Cwa;10104;93,14;98,71;91,59
3519204;Iacri;35;SP;n„o metropolitana;mata atlantica;437,27;Aw;6144;82,65;98,99;81,6
3519253;Iaras;35;SP;n„o metropolitana;cerrado;638,14;Cfa;8009;58,78;75,18;65,61
3519303;Ibat√©;35;SP;n„o metropolitana;cerrado;706,25;Cwa;32068;98,74;99,74;98,59
3519402;Ibir√°;35;SP;n„o metropolitana;mata atlantica;457,04;Aw;11155;88,99;99,21;94,32
3519501;Ibirarema;35;SP;n„o metropolitana;mata atlantica;459,61;Cfa;6321;88,73;99,77;92,97
3519600;Ibitinga;35;SP;n„o metropolitana;mata atlantica;461,03;Cwa;59371;97,82;99,71;96,61
3519709;Ibi√∫na;35;SP;n„o metropolitana;mata atlantica;839,75;Cfb;84820;49,05;95,4;83,98
3519808;Ic√©m;35;SP;n„o metropolitana;cerrado;472,92;Aw;7700;99,28;99,75;96,63
3519907;Iep√™;35;SP;n„o metropolitana;mata atlantica;397,52;Cfa;7596;85,95;98,24;90,55
3520004;Igara√ßu Do Tiet√™;35;SP;n„o metropolitana;mata atlantica;519,04;Cfa;22743;99,34;99,94;99,36
3520103;Igarapava;35;SP;n„o metropolitana;mata atlantica;624,65;Aw;25926;95,52;96,54;97,02
3520202;Igarat√°;35;SP;n„o metropolitana;mata atlantica;746,36;Cfb;11703;85,05;85,26;93,06
3520301;Iguape;35;SP;n„o metropolitana;mata atlantica;60,36;Af;30054;76,77;90,59;83,27
3520400;Ilhabela;35;SP;n„o metropolitana;mata atlantica;420,9;Cfa;38239;36,34;81,91;99,27
3520426;Ilha Comprida;35;SP;n„o metropolitana;mata atlantica;8,06;Cfa;13447;94,34;98,91;97,91
3520442;Ilha Solteira;35;SP;n„o metropolitana;mata atlantica;349,82;Aw;25564;94,21;98,99;93,59
3520509;Indaiatuba;35;SP;n„o metropolitana;mata atlantica;627,51;Cfa;266593;97,4;99,33;99,33
3520608;Indiana;35;SP;n„o metropolitana;mata atlantica;426,24;Aw;5094;71,85;99,62;91,63
3520707;Indiapor√£;35;SP;n„o metropolitana;mata atlantica;428,37;Aw;4087;87,96;99,58;92,68
3520806;In√∫bia Paulista;35;SP;n„o metropolitana;mata atlantica;421,59;Aw;3611;95,41;92,52;91,93
3520905;Ipaussu;35;SP;n„o metropolitana;mata atlantica;581,69;Cfa;14464;98,1;99,39;97,88
3521002;Iper√≥;35;SP;n„o metropolitana;mata atlantica;615,23;Cfa;40132;79,3;96,55;96,57
3521101;Ipe√∫na;35;SP;n„o metropolitana;mata atlantica;620,36;Cwa;7538;84,87;99,1;92,3
3521150;Ipigu√°;35;SP;n„o metropolitana;mata atlantica;505,65;Aw;6551;77,9;90,86;88,01
3521200;Iporanga;35;SP;n„o metropolitana;mata atlantica;461,89;Cfa;4053;69,17;84,58;72,71
3521309;Ipu√£;35;SP;n„o metropolitana;mata atlantica;579,22;Aw;14463;95,87;99,17;96,48
3521408;Iracem√°polis;35;SP;n„o metropolitana;mata atlantica;598,55;Cwa;21768;97,94;99,89;99,49
3521507;Irapu√£;35;SP;n„o metropolitana;mata atlantica;442,81;Aw;6927;90,3;99,25;89,1
3521606;Irapuru;35;SP;n„o metropolitana;mata atlantica;375,76;Aw;7065;82,02;97,34;86,67
3521705;Itaber√°;35;SP;n„o metropolitana;mata atlantica;654,57;Cfa;17971;72,45;91,89;79,8
3521804;Ita√≠;35;SP;n„o metropolitana;cerrado;635,54;Cfa;24856;84,69;96,76;89,7
3521903;Itajobi;35;SP;n„o metropolitana;mata atlantica;492,65;Aw;16824;89,65;98,6;85,69
3522000;Itaju;35;SP;n„o metropolitana;mata atlantica;471,86;Cwa;3652;99,39;99,49;79,16
3522109;Itanha√©m;35;SP;n„o metropolitana;mata atlantica;201,18;Af;107927;81,7;97,7;96,76
3522158;Itaoca;35;SP;n„o metropolitana;mata atlantica;379,49;Cfa;3407;35,31;82,54;88,3
3522208;Itapecerica Da Serra;35;SP;metropolitana;mata atlantica;839,82;Cfb;172898;52,76;98,25;98,87
3522307;Itapetininga;35;SP;n„o metropolitana;mata atlantica;670,94;Cfa;166959;92,86;98,92;96,39
3522406;Itapeva;35;SP;n„o metropolitana;cerrado;733,62;Cfa;95528;85;96,77;91,15
3522505;Itapevi;35;SP;metropolitana;mata atlantica;830,08;Cfb;239084;83,48;98,66;99,22
3522604;Itapira;35;SP;n„o metropolitana;mata atlantica;717,42;Cwa;70438;97,16;98,4;98,54
3522653;Itapirapu√£ Paulista;35;SP;n„o metropolitana;mata atlantica;673,25;Cfa;4339;50,65;77,92;80,93
3522703;It√°polis;35;SP;n„o metropolitana;mata atlantica;500,88;Cwa;39533;91,98;99,57;92,03
3522802;Itaporanga;35;SP;n„o metropolitana;mata atlantica;546,43;Cfa;14058;80,62;95,68;84,24
3522901;Itapu√≠;35;SP;n„o metropolitana;mata atlantica;491,7;Cfa;13655;98,41;93,56;96,47
3523008;Itapura;35;SP;n„o metropolitana;mata atlantica;330,61;Aw;3945;33,85;94,59;84,66
3523107;Itaquaquecetuba;35;SP;metropolitana;mata atlantica;761,39;Cfb;392218;80,83;98,64;98,81
3523206;Itarar√©;35;SP;n„o metropolitana;cerrado;764,07;Cfa;44490;86,65;98,46;94,88
3523305;Itariri;35;SP;n„o metropolitana;mata atlantica;343,04;Cfa;15225;57,75;91,88;89,22
3523404;Itatiba;35;SP;n„o metropolitana;mata atlantica;806,14;Cfb;116275;94,13;97,42;99,48
3523503;Itatinga;35;SP;n„o metropolitana;cerrado;713,57;Cfa;19219;91,23;98,15;94,28
3523602;Itirapina;35;SP;n„o metropolitana;cerrado;800,89;Cwa;16157;86,11;95,71;95,27
3523701;Itirapu√£;35;SP;n„o metropolitana;mata atlantica;899,4;Cwb;5793;89,54;96,37;86,74
3523800;Itobi;35;SP;n„o metropolitana;mata atlantica;788,37;Cwa;8044;92,18;98,69;92,62
3523909;Itu;35;SP;n„o metropolitana;mata atlantica;651,49;Cfa;176548;97,22;98,29;97,51
3524006;Itupeva;35;SP;n„o metropolitana;mata atlantica;729,57;Cfa;72711;90,17;97,36;97,66
3524105;Ituverava;35;SP;n„o metropolitana;mata atlantica;635,88;Cwa;37375;97,99;99,83;97,46
3524204;Jaborandi;35;SP;n„o metropolitana;mata atlantica;519,41;Aw;6223;99,65;99,81;93,77
3524303;Jaboticabal;35;SP;n„o metropolitana;mata atlantica;589,04;Cwa;72001;98,47;99,72;98,17
3524402;Jacare√≠;35;SP;n„o metropolitana;mata atlantica;633,61;Cfa;251591;95,24;99,43;98,94
3524501;Jaci;35;SP;n„o metropolitana;mata atlantica;477,07;Aw;7618;88,21;99,49;90,49
3524600;Jacupiranga;35;SP;n„o metropolitana;mata atlantica;174,17;Cfa;16850;80,84;88,75;81,02
3524709;Jaguari√∫na;35;SP;n„o metropolitana;mata atlantica;600,19;Cfa;60816;95,2;99,57;99,27
3524808;Jales;35;SP;n„o metropolitana;mata atlantica;449,62;Aw;48766;94,2;99,78;94,75
3524907;Jambeiro;35;SP;n„o metropolitana;mata atlantica;749,87;Cfb;6421;64,62;95,69;95,15
3525003;Jandira;35;SP;metropolitana;mata atlantica;790,94;Cfb;127476;90,6;99,8;99,92
3525102;Jardin√≥polis;35;SP;n„o metropolitana;mata atlantica;574,77;Cwa;45328;98,26;98,17;96,98
3525201;Jarinu;35;SP;n„o metropolitana;mata atlantica;817,14;Cfb;40302;53,74;97,03;96,41
3525300;Ja√∫;35;SP;n„o metropolitana;mata atlantica;564,47;Cfa;132351;98,48;99,73;98,74
3525409;Jeriquara;35;SP;n„o metropolitana;cerrado;868,79;Cwa;3785;99,28;97,63;92,06
3525508;Joan√≥polis;35;SP;n„o metropolitana;mata atlantica;1091,14;Cfb;12820;81,55;96,64;99,15
3525607;Jo√£o Ramalho;35;SP;n„o metropolitana;mata atlantica;471,16;Cfa;4381;85,24;95,49;89,12
3525706;Jos√© Bonif√°cio;35;SP;n„o metropolitana;mata atlantica;427,13;Aw;36502;89,86;99,74;92,96
3525805;J√∫lio Mesquita;35;SP;n„o metropolitana;mata atlantica;503,05;Cfa;4254;92,2;99,49;94,83
3525854;Jumirim;35;SP;n„o metropolitana;mata atlantica;533,74;Cfa;3052;65,93;93,09;96,13
3525904;Jundia√≠;35;SP;n„o metropolitana;mata atlantica;824,63;Cfb;459789;96,89;99,1;99,85
3526001;Junqueir√≥polis;35;SP;n„o metropolitana;mata atlantica;351,86;Aw;20395;92,33;97,41;89,45
3526100;Juqui√°;35;SP;n„o metropolitana;mata atlantica;171,48;Cfa;19390;62,2;85,22;81,56
3526209;Juquitiba;35;SP;metropolitana;mata atlantica;739,69;Cfb;26372;46,96;96,22;86,65
3526308;Lagoinha;35;SP;n„o metropolitana;mata atlantica;903,98;Cwb;5071;67,02;90,62;87,85
3526407;Laranjal Paulista;35;SP;n„o metropolitana;mata atlantica;523,03;Cfa;28981;92,7;99,06;96,56
3526506;Lav√≠nia;35;SP;n„o metropolitana;mata atlantica;378,72;Aw;9596;86,41;99,44;86,69
3526605;Lavrinhas;35;SP;n„o metropolitana;mata atlantica;832,44;Cwa;7258;80,26;95,21;94,94
3526704;Leme;35;SP;n„o metropolitana;mata atlantica;642,63;Cwa;97516;98,42;99,64;98,59
3526803;Len√ß√≥is Paulista;35;SP;n„o metropolitana;cerrado;648,42;Cfa;65696;98,24;99,71;98,61
3526902;Limeira;35;SP;n„o metropolitana;mata atlantica;588,38;Cwa;305169;97,08;99,12;98,95
3527009;Lind√≥ia;35;SP;n„o metropolitana;mata atlantica;774,21;Cwa;6994;84,53;96,49;98,24
3527108;Lins;35;SP;n„o metropolitana;mata atlantica;447,17;Aw;74068;98,49;99,78;98,83
3527207;Lorena;35;SP;n„o metropolitana;mata atlantica;756,67;Cwa;84988;97,33;98,92;98,11
3527256;Lourdes;35;SP;n„o metropolitana;mata atlantica;398,1;Aw;1926;81,49;94,53;93,27
3527306;Louveira;35;SP;n„o metropolitana;mata atlantica;734,1;Cfa;53526;94,66;98,16;99,09
3527405;Luc√©lia;35;SP;n„o metropolitana;mata atlantica;391,64;Aw;20046;95,16;99,4;95,38
3527504;Lucian√≥polis;35;SP;n„o metropolitana;cerrado;539,23;Cfa;2361;83,81;98,59;90,42
3527603;Lu√≠s Ant√¥nio;35;SP;n„o metropolitana;cerrado;609,58;Cwa;13680;98,19;99,68;97,6
3527702;Luizi√¢nia;35;SP;n„o metropolitana;mata atlantica;402,16;Aw;4711;92,37;99,11;92,36
3527801;Lup√©rcio;35;SP;n„o metropolitana;mata atlantica;581,19;Cfa;3935;97,21;99,47;93,6
3527900;Lut√©cia;35;SP;n„o metropolitana;mata atlantica;502,12;Cfa;2555;85,54;98,59;81,41
3528007;Macatuba;35;SP;n„o metropolitana;mata atlantica;545,01;Cfa;16489;97,57;99,22;98,22
3528106;Macaubal;35;SP;n„o metropolitana;mata atlantica;448,6;Aw;7460;91,21;99,63;89,91
3528205;Maced√¥nia;35;SP;n„o metropolitana;mata atlantica;456,93;Aw;3961;75,22;99,37;80,8
3528304;Magda;35;SP;n„o metropolitana;mata atlantica;446,2;Aw;3159;85,86;99,92;88,24
3528403;Mairinque;35;SP;n„o metropolitana;mata atlantica;819,77;Cfb;48097;81,3;97,45;95,12
3528502;Mairipor√£;35;SP;metropolitana;mata atlantica;908,1;Cfb;113573;68,55;88,23;95,57
3528601;Manduri;35;SP;n„o metropolitana;mata atlantica;658,37;Cfa;9852;93,2;99,07;91,95
3528700;Marab√° Paulista;35;SP;n„o metropolitana;mata atlantica;375,42;Aw;4531;57,02;88,71;60,68
3528809;Maraca√≠;35;SP;n„o metropolitana;mata atlantica;420,52;Cfa;12700;85,86;94,89;92,97
3528858;Marapoama;35;SP;n„o metropolitana;mata atlantica;475,81;Aw;3295;85,6;99,33;88,97
3528908;Mari√°polis;35;SP;n„o metropolitana;mata atlantica;355,78;Aw;3450;79,49;96,84;86,28
3529005;Mar√≠lia;35;SP;n„o metropolitana;mata atlantica;508,45;Cfa;238605;97,04;99,37;98,35
3529104;Marin√≥polis;35;SP;n„o metropolitana;mata atlantica;373,48;Aw;1889;85,65;99,13;81,88
3529203;Martin√≥polis;35;SP;n„o metropolitana;cerrado;431,77;Cfa;24896;89,8;97,15;90,88
3529302;Mat√£o;35;SP;n„o metropolitana;mata atlantica;584,59;Cwa;77149;98,6;99,85;99,05
3529401;Mau√°;35;SP;metropolitana;mata atlantica;809,54;Cfb;383280;91,26;99,66;99,8
3529500;Mendon√ßa;35;SP;n„o metropolitana;mata atlantica;424,21;Aw;6170;83,47;99,55;92,92
3529609;Meridiano;35;SP;n„o metropolitana;mata atlantica;446,35;Aw;4545;86,61;99,84;81,77
3529658;Mes√≥polis;35;SP;n„o metropolitana;mata atlantica;391,78;Aw;1930;80,4;97,69;82,1
3529708;Miguel√≥polis;35;SP;n„o metropolitana;mata atlantica;524,71;Aw;19119;94,06;97,2;95,5
3529807;Mineiros Do Tiet√™;35;SP;n„o metropolitana;mata atlantica;600,1;Cfa;11233;95,81;99,51;96,02
3529906;Miracatu;35;SP;n„o metropolitana;mata atlantica;326,51;Cfa;20234;60,17;80,64;75,08
3530003;Mira Estrela;35;SP;n„o metropolitana;mata atlantica;412,65;Aw;3075;79,32;99,22;89,86
3530102;Mirand√≥polis;35;SP;n„o metropolitana;mata atlantica;379,83;Aw;27936;85,76;97,22;90,66
3530201;Mirante Do Paranapanema;35;SP;n„o metropolitana;mata atlantica;363,07;Aw;15482;46,21;92,11;62,09
3530300;Mirassol;35;SP;n„o metropolitana;mata atlantica;519,32;Aw;63555;97,72;98,8;98,08
3530409;Mirassol√¢ndia;35;SP;n„o metropolitana;mata atlantica;494,59;Aw;4605;99,72;98,51;90,02
3530508;Mococa;35;SP;n„o metropolitana;mata atlantica;665,16;Cwa;65469;93,35;98,29;94,76
3530607;Mogi Das Cruzes;35;SP;metropolitana;mata atlantica;784,32;Cfb;471602;86,79;97,54;98,26
3530706;Mogi Gua√ßu;35;SP;n„o metropolitana;mata atlantica;648,75;Cwa;154487;96,31;99,7;98,51
3530805;Mogi Mirim;35;SP;n„o metropolitana;mata atlantica;658,95;Cwa;90997;95,25;98,91;96,68
3530904;Mombuca;35;SP;n„o metropolitana;mata atlantica;549,77;Cfa;3724;82,15;99,26;93,41
3531001;Mon√ß√µes;35;SP;n„o metropolitana;mata atlantica;421,81;Aw;1948;84,09;95,86;87,84
3531100;Mongagu√°;35;SP;n„o metropolitana;mata atlantica;117,97;Af;61062;86,66;98,34;99,04
3531209;Monte Alegre Do Sul;35;SP;n„o metropolitana;mata atlantica;889,19;Cfb;8057;62,38;95,9;96,98
3531308;Monte Alto;35;SP;n„o metropolitana;mata atlantica;610,72;Cwa;47478;95,45;99,64;95,85
3531407;Monte Apraz√≠vel;35;SP;n„o metropolitana;mata atlantica;485,16;Aw;21470;89,28;99,82;92,31
3531506;Monte Azul Paulista;35;SP;n„o metropolitana;mata atlantica;547,57;Aw;18152;92,8;99,66;93,15
3531605;Monte Castelo;35;SP;n„o metropolitana;mata atlantica;325,43;Aw;4219;79,87;93,89;81,38
3531704;Monteiro Lobato;35;SP;n„o metropolitana;mata atlantica;894,6;Cfb;4127;49,81;87,42;96,71
3531803;Monte Mor;35;SP;n„o metropolitana;mata atlantica;584,67;Cfa;68781;68,43;99,17;97,91
3531902;Morro Agudo;35;SP;n„o metropolitana;mata atlantica;541,44;Aw;26806;95,31;99,18;95,1
3532009;Morungaba;35;SP;n„o metropolitana;mata atlantica;852,14;Cfb;14590;89,03;99,09;96,76
3532058;Motuca;35;SP;n„o metropolitana;mata atlantica;593,2;Cwa;4034;72,73;97,86;89,76
3532108;Murutinga Do Sul;35;SP;n„o metropolitana;mata atlantica;377,3;Aw;3675;74,84;95,83;69,91
3532157;Nantes;35;SP;n„o metropolitana;mata atlantica;399,45;Cfa;2627;95,26;99,64;92,9
3532207;Narandiba;35;SP;n„o metropolitana;mata atlantica;373,65;Cfa;5703;71,41;91,47;79,04
3532306;Natividade Da Serra;35;SP;n„o metropolitana;mata atlantica;839,75;Cfb;6963;68,44;76,97;75,76
3532405;Nazar√© Paulista;35;SP;n„o metropolitana;mata atlantica;908,81;Cfb;21214;62,94;80,17;84,49
3532504;Neves Paulista;35;SP;n„o metropolitana;mata atlantica;498,97;Aw;9719;90,98;99,66;94,21
3532603;Nhandeara;35;SP;n„o metropolitana;mata atlantica;459,78;Aw;9670;85,88;98,29;88,98
3532702;Nipo√£;35;SP;n„o metropolitana;mata atlantica;457,95;Aw;4756;92,58;98,35;93,37
3532801;Nova Alian√ßa;35;SP;n„o metropolitana;mata atlantica;449,28;Aw;6712;91,53;99,34;93,95
3532827;Nova Campina;35;SP;n„o metropolitana;mata atlantica;901,51;Cfb;8445;54,39;61,94;88,45
3532843;Nova Cana√£ Paulista;35;SP;n„o metropolitana;mata atlantica;381,25;Aw;2031;42,95;98,12;65,64
3532868;Nova Castilho;35;SP;n„o metropolitana;mata atlantica;404,9;Aw;1059;70;99,21;73,95
3532900;Nova Europa;35;SP;n„o metropolitana;mata atlantica;525,35;Cwa;9638;95,81;99,27;96,52
3533007;Nova Granada;35;SP;n„o metropolitana;mata atlantica;501,98;Aw;19358;92,38;99,39;95,04
3533106;Nova Guataporanga;35;SP;n„o metropolitana;mata atlantica;374,71;Aw;2151;86,32;95,13;88,42
3533205;Nova Independ√™ncia;35;SP;n„o metropolitana;mata atlantica;324,12;Aw;4619;77,45;92,38;82,46
3533254;Novais;35;SP;n„o metropolitana;mata atlantica;535,6;Aw;4410;95,63;99,55;90,59
3533304;Nova Luzit√¢nia;35;SP;n„o metropolitana;mata atlantica;389,23;Aw;2837;89,34;97,58;95,52
3533403;Nova Odessa;35;SP;n„o metropolitana;mata atlantica;591,95;Cfa;61935;96,23;99,8;99,56
3533502;Novo Horizonte;35;SP;n„o metropolitana;mata atlantica;430,24;Aw;38539;94,65;99,43;93,94
3533601;Nuporanga;35;SP;n„o metropolitana;mata atlantica;734,44;Cwa;7370;94,19;99,36;94,89
3533700;Ocau√ßu;35;SP;n„o metropolitana;cerrado;547,2;Cfa;4329;89,02;96,34;84,63
3533809;√ìleo;35;SP;n„o metropolitana;mata atlantica;638,45;Cfa;2508;64,76;98,25;86,28
3533908;Ol√≠mpia;35;SP;n„o metropolitana;mata atlantica;513,55;Aw;56037;96,82;96,94;94,99
3534005;Onda Verde;35;SP;n„o metropolitana;mata atlantica;516,12;Aw;4770;83,53;96,32;91,64
3534104;Oriente;35;SP;n„o metropolitana;mata atlantica;492,93;Cfa;6073;94,55;99,27;97,09
3534203;Orindi√∫va;35;SP;n„o metropolitana;cerrado;466,47;Aw;6022;92,1;99,95;92,43
3534302;Orl√¢ndia;35;SP;n„o metropolitana;mata atlantica;697,13;Cwa;37916;98,71;98,84;98,38
3534401;Osasco;35;SP;metropolitana;mata atlantica;765,32;Cfb;777048;90,18;99,2;99,29
3534500;Oscar Bressane;35;SP;n„o metropolitana;mata atlantica;486,47;Cfa;2475;84,29;98,17;84,86
3534609;Osvaldo Cruz;35;SP;n„o metropolitana;mata atlantica;418,83;Aw;31222;95,33;99,29;94,22
3534708;Ourinhos;35;SP;n„o metropolitana;mata atlantica;445,4;Cfa;108678;96,89;98,76;98,98
3534757;Ouroeste;35;SP;n„o metropolitana;mata atlantica;434,48;Aw;10288;88,7;99,24;92,84
3534807;Ouro Verde;35;SP;n„o metropolitana;mata atlantica;325,97;Aw;7766;65,57;98,36;92,46
3534906;Pacaembu;35;SP;n„o metropolitana;mata atlantica;368,98;Aw;12682;83,29;98,19;90,86
3535002;Palestina;35;SP;n„o metropolitana;mata atlantica;480,1;Aw;11259;73,32;99,39;86,62
3535101;Palmares Paulista;35;SP;n„o metropolitana;mata atlantica;550,03;Cwa;9475;97,7;99,52;98,55
3535200;Palmeira D'oeste;35;SP;n„o metropolitana;mata atlantica;386,18;Aw;8904;78,1;99,18;80,2
3535309;Palmital;35;SP;n„o metropolitana;mata atlantica;444,22;Cfa;19559;92,64;99,09;92,59
3535408;Panorama;35;SP;n„o metropolitana;mata atlantica;308,07;Aw;14942;92,24;98,98;96,87
3535507;Paragua√ßu Paulista;35;SP;n„o metropolitana;cerrado;475,41;Cfa;41062;93,38;99,28;94,07
3535606;Paraibuna;35;SP;n„o metropolitana;mata atlantica;815,52;Cfb;18107;64,19;85,57;89,13
3535705;Para√≠so;35;SP;n„o metropolitana;mata atlantica;536,13;Aw;6099;86,67;99,32;92,1
3535804;Paranapanema;35;SP;n„o metropolitana;cerrado;626,25;Cfa;19412;80,94;96,87;89,2
3535903;Paranapu√£;35;SP;n„o metropolitana;mata atlantica;418,31;Aw;4044;88,43;99,92;89,89
3536000;Parapu√£;35;SP;n„o metropolitana;mata atlantica;431,09;Aw;10577;94,3;99,1;86,2
3536109;Pardinho;35;SP;n„o metropolitana;mata atlantica;789,16;Cfb;7107;85,47;91,25;89,5
3536208;Pariquera-A√ßu;35;SP;n„o metropolitana;mata atlantica;52,71;Cfa;19260;74,66;96,82;80,56
3536257;Parisi;35;SP;n„o metropolitana;mata atlantica;454,8;Aw;2895;82,7;99,29;85,79
3536307;Patroc√≠nio Paulista;35;SP;n„o metropolitana;cerrado;804,35;Cwa;14527;88,16;96,93;92,17
3536406;Paulic√©ia;35;SP;n„o metropolitana;mata atlantica;293,76;Aw;7944;45,07;99,49;89,82
3536505;Paul√≠nia;35;SP;n„o metropolitana;mata atlantica;592,67;Cfa;115870;94,14;99,38;99,28
3536570;Paulist√¢nia;35;SP;n„o metropolitana;cerrado;568,2;Cfa;2098;63,26;91,04;77,77
3536604;Paulo De Faria;35;SP;n„o metropolitana;cerrado;469,08;Aw;7416;90,75;98,74;90,89
3536703;Pederneiras;35;SP;n„o metropolitana;cerrado;527,76;Cfa;43897;93,05;97,31;94,68
3536802;Pedra Bela;35;SP;n„o metropolitana;mata atlantica;1113,5;Cfb;6558;45,82;80,12;96,12
3536901;Pedran√≥polis;35;SP;n„o metropolitana;mata atlantica;452,73;Aw;2774;62,85;98,07;76,1
3537008;Pedregulho;35;SP;n„o metropolitana;cerrado;844,95;Cwa;15580;82,36;94,5;92,48
3537107;Pedreira;35;SP;n„o metropolitana;mata atlantica;725,49;Cfa;43084;97,63;99,04;99,44
3537156;Pedrinhas Paulista;35;SP;n„o metropolitana;mata atlantica;354,07;Cfa;2790;83,35;99,34;87,9
3537206;Pedro De Toledo;35;SP;n„o metropolitana;mata atlantica;364,23;Cfa;11387;81,35;88,57;83,11
3537305;Pen√°polis;35;SP;n„o metropolitana;mata atlantica;417,62;Aw;62093;96,91;99,73;96,58
3537404;Pereira Barreto;35;SP;n„o metropolitana;mata atlantica;353,56;Aw;23871;94,78;99,24;93,26
3537503;Pereiras;35;SP;n„o metropolitana;mata atlantica;555,56;Cfa;9520;76,66;99,03;94,37
3537602;Peru√≠be;35;SP;n„o metropolitana;mata atlantica;101,96;Af;69321;82,15;96,38;98,53
3537701;Piacatu;35;SP;n„o metropolitana;mata atlantica;390,46;Aw;5511;91,84;99,57;93,93
3537800;Piedade;35;SP;n„o metropolitana;mata atlantica;914,44;Cfb;51542;46,29;92,27;86,38
3537909;Pilar Do Sul;35;SP;n„o metropolitana;mata atlantica;763,37;Cfb;29785;81,79;98,46;96,73
3538006;Pindamonhangaba;35;SP;n„o metropolitana;mata atlantica;728,53;Cwa;164932;95,83;99,05;98,59
3538105;Pindorama;35;SP;n„o metropolitana;mata atlantica;547,58;Cwa;14590;94,53;99,54;95,13
3538204;Pinhalzinho;35;SP;n„o metropolitana;mata atlantica;966,88;Cfb;14971;67,17;92,58;96,22
3538303;Piquerobi;35;SP;n„o metropolitana;mata atlantica;361,98;Aw;3267;67,89;93,43;76,71
3538501;Piquete;35;SP;n„o metropolitana;mata atlantica;884,16;Cwb;12597;77,1;95,74;97,76
3538600;Piracaia;35;SP;n„o metropolitana;mata atlantica;914,36;Cfb;29876;78,26;96,09;95,51
3538709;Piracicaba;35;SP;n„o metropolitana;mata atlantica;536,53;Cfa;434432;97,95;99,63;99,44
3538808;Piraju;35;SP;n„o metropolitana;mata atlantica;618,62;Cfa;29027;90,71;98,68;94,25
3538907;Piraju√≠;35;SP;n„o metropolitana;mata atlantica;486,38;Cfa;22451;91,32;98,61;92,44
3539004;Pirangi;35;SP;n„o metropolitana;mata atlantica;552,25;Cwa;10885;97,63;99,44;90,87
3539103;Pirapora Do Bom Jesus;35;SP;metropolitana;mata atlantica;778,1;Cfb;20578;73,26;97,15;97,05
3539202;Pirapozinho;35;SP;n„o metropolitana;mata atlantica;372,3;Cfa;25376;93,63;99,77;95,63
3539301;Pirassununga;35;SP;n„o metropolitana;cerrado;639,53;Cwa;73436;95,09;99,42;95,11
3539400;Piratininga;35;SP;n„o metropolitana;mata atlantica;566,95;Cfa;15120;85,39;94,26;91,07
3539509;Pitangueiras;35;SP;n„o metropolitana;mata atlantica;547,42;Cwa;33731;97,58;99,44;97,39
3539608;Planalto;35;SP;n„o metropolitana;mata atlantica;421,93;Aw;4392;99,51;98,59;87,56
3539707;Platina;35;SP;n„o metropolitana;cerrado;519,47;Cfa;2990;79,87;93,09;88,21
3539806;Po√°;35;SP;metropolitana;mata atlantica;766,22;Cfb;109450;96,05;99,29;99,58
3539905;Poloni;35;SP;n„o metropolitana;mata atlantica;493,71;Aw;5592;89,75;99,23;90,03
3540002;Pomp√©ia;35;SP;n„o metropolitana;mata atlantica;466,32;Cfa;20171;95,16;99,62;95,05
3540101;Ponga√≠;35;SP;n„o metropolitana;mata atlantica;455,76;Aw;3395;95,13;99,67;92,73
3540200;Pontal;35;SP;n„o metropolitana;mata atlantica;522,38;Aw;37526;99,36;99,47;99,03
3540259;Pontalinda;35;SP;n„o metropolitana;mata atlantica;392,83;Aw;4129;83,64;99,09;86,22
3540309;Pontes Gestal;35;SP;n„o metropolitana;mata atlantica;452,51;Aw;2332;99,89;99,41;87,22
3540408;Populina;35;SP;n„o metropolitana;mata atlantica;410,52;Aw;4154;89,07;99,27;87,15
3540507;Porangaba;35;SP;n„o metropolitana;mata atlantica;564,64;Cfa;9634;64,37;93,06;88,94
3540606;Porto Feliz;35;SP;n„o metropolitana;mata atlantica;560,41;Cfa;59306;92,36;98,12;96,1
3540705;Porto Ferreira;35;SP;n„o metropolitana;cerrado;603,06;Cwa;52551;98,91;99,23;98,45
3540754;Potim;35;SP;n„o metropolitana;mata atlantica;545,73;Cwa;20342;97,69;99,46;98,99
3540804;Potirendaba;35;SP;n„o metropolitana;mata atlantica;453,13;Aw;20227;89,64;99,39;96,42
3540853;Pracinha;35;SP;n„o metropolitana;mata atlantica;360,81;Aw;2581;87,06;99,02;95,88
3540903;Prad√≥polis;35;SP;n„o metropolitana;mata atlantica;555,67;Cwa;17035;95,16;96,74;94,04
3541000;Praia Grande;35;SP;n„o metropolitana;mata atlantica;108,83;Af;344834;93,79;98,9;99,69
3541059;Prat√¢nia;35;SP;n„o metropolitana;cerrado;744,03;Cfa;5127;82,68;98,91;90,61
3541109;Presidente Alves;35;SP;n„o metropolitana;mata atlantica;522,98;Cfa;3819;89,61;96,59;88,12
3541208;Presidente Bernardes;35;SP;n„o metropolitana;mata atlantica;381,43;Aw;14371;75,84;97,95;81,35
3541307;Presidente Epit√°cio;35;SP;n„o metropolitana;mata atlantica;314,51;Aw;38992;84,68;94,82;93,73
3541406;Presidente Prudente;35;SP;n„o metropolitana;mata atlantica;390,65;Aw;226692;98,07;99,84;98,7
3541505;Presidente Venceslau;35;SP;n„o metropolitana;mata atlantica;354,69;Aw;35039;95,81;98,68;95,43
3541604;Promiss√£o;35;SP;n„o metropolitana;mata atlantica;426,49;Aw;35142;88,95;99,55;86,77
3541653;Quadra;35;SP;n„o metropolitana;mata atlantica;635,64;Cfa;3341;29,37;99,03;94,98
3541703;Quat√°;35;SP;n„o metropolitana;mata atlantica;476,42;Cfa;12849;94,22;99,27;94,87
3541802;Queiroz;35;SP;n„o metropolitana;mata atlantica;424,22;Aw;3274;87,6;99,89;93,63
3541901;Queluz;35;SP;n„o metropolitana;mata atlantica;829,7;Cwa;9387;73,21;84,72;90,83
3542008;Quintana;35;SP;n„o metropolitana;mata atlantica;459,33;Cfa;7043;91,84;98,97;93,99
3542107;Rafard;35;SP;n„o metropolitana;mata atlantica;554,74;Cfa;9333;92,13;98,45;98,29
3542206;Rancharia;35;SP;n„o metropolitana;mata atlantica;450,07;Cfa;28569;92,58;98,24;92,37
3542305;Reden√ß√£o Da Serra;35;SP;n„o metropolitana;mata atlantica;829,44;Cwb;3726;44,13;84,6;75,87
3542404;Regente Feij√≥;35;SP;n„o metropolitana;mata atlantica;451,02;Cfa;20151;91,77;99,73;95,03
3542503;Regin√≥polis;35;SP;n„o metropolitana;mata atlantica;457,36;Cfa;7632;81,67;98,64;86,28
3542602;Registro;35;SP;n„o metropolitana;mata atlantica;36,42;Af;63034;87,9;98,4;91,9
3542701;Restinga;35;SP;n„o metropolitana;mata atlantica;784,44;Cwa;6440;86,75;98,19;90,19
3542800;Ribeira;35;SP;n„o metropolitana;mata atlantica;499,93;Cfa;3085;34,85;62,87;86,7
3542909;Ribeir√£o Bonito;35;SP;n„o metropolitana;cerrado;622,95;Cwa;11004;91,93;99,13;94,43
3543006;Ribeir√£o Branco;35;SP;n„o metropolitana;mata atlantica;899,96;Cfb;18494;51,86;89,31;73,74
3543105;Ribeir√£o Corrente;35;SP;n„o metropolitana;cerrado;858,57;Cwa;4638;77,39;98;89,77
3543204;Ribeir√£o Do Sul;35;SP;n„o metropolitana;cerrado;517,39;Cfa;4667;68,27;89,78;86,8
3543238;Ribeir√£o Dos √çndios;35;SP;n„o metropolitana;mata atlantica;357,52;Aw;1999;84,45;96,92;86,06
3543253;Ribeir√£o Grande;35;SP;n„o metropolitana;mata atlantica;818,75;Cfb;7348;46,25;88,96;87,67
3543303;Ribeir√£o Pires;35;SP;metropolitana;mata atlantica;800,9;Cfb;116174;86,59;99;99,52
3543402;Ribeir√£o Preto;35;SP;metropolitana;mata atlantica;607,6;Cwa;702739;98,61;99,4;99,68
3543501;Riversul;35;SP;n„o metropolitana;mata atlantica;580,77;Cfa;5604;71,59;94,47;82,74
3543600;Rifaina;35;SP;n„o metropolitana;cerrado;641,17;Aw;3958;98,09;97,49;96,7
3543709;Rinc√£o;35;SP;n„o metropolitana;mata atlantica;570,92;Cwa;8731;98,75;99,68;94,89
3543808;Rin√≥polis;35;SP;n„o metropolitana;mata atlantica;409,71;Aw;9251;88,67;99,02;87,88
3543907;Rio Claro;35;SP;n„o metropolitana;mata atlantica;615,55;Cwa;206950;98,66;99,77;98,91
3544004;Rio Das Pedras;35;SP;n„o metropolitana;mata atlantica;608,54;Cfa;31503;99;99,25;98,18
3544103;Rio Grande Da Serra;35;SP;metropolitana;mata atlantica;791,82;Cfb;45183;78,09;99,58;98,69
3544202;Riol√¢ndia;35;SP;n„o metropolitana;mata atlantica;452,78;Aw;10358;90,05;98,71;90,53
3544251;Rosana;35;SP;n„o metropolitana;mata atlantica;307,11;Aw;17237;83,01;94,76;84,73
3544301;Roseira;35;SP;n„o metropolitana;mata atlantica;750,76;Cwa;10787;91,62;98,63;96,77
3544400;Rubi√°cea;35;SP;n„o metropolitana;mata atlantica;403,28;Aw;2680;77,48;99,66;94
3544509;Rubin√©ia;35;SP;n„o metropolitana;mata atlantica;348,35;Aw;3837;71,99;98,79;91,17
3544608;Sabino;35;SP;n„o metropolitana;mata atlantica;420,31;Aw;5112;87,29;98,84;90,88
3544707;Sagres;35;SP;n„o metropolitana;mata atlantica;377,75;Aw;2467;98,45;98,57;82,82
3544806;Sales;35;SP;n„o metropolitana;mata atlantica;410,39;Aw;6468;94,17;95,44;91,31
3544905;Sales Oliveira;35;SP;n„o metropolitana;mata atlantica;655,16;Cwa;11420;94;99,38;93,6
3545001;Sales√≥polis;35;SP;metropolitana;mata atlantica;918,25;Cfb;15289;82,99;94,55;96,58
3545100;Salmour√£o;35;SP;n„o metropolitana;mata atlantica;392,85;Aw;4758;88,65;99,04;91,17
3545159;Saltinho;35;SP;n„o metropolitana;mata atlantica;574,5;Cfa;8353;89,51;99,22;99,21
3545209;Salto;35;SP;n„o metropolitana;mata atlantica;559,4;Cfa;141988;98,06;99,2;99,15
3545308;Salto De Pirapora;35;SP;n„o metropolitana;mata atlantica;653,96;Cfa;44921;80,93;99,04;98,94
3545407;Salto Grande;35;SP;n„o metropolitana;mata atlantica;432,21;Cfa;9051;36,8;98,96;91,7
3545506;Sandovalina;35;SP;n„o metropolitana;mata atlantica;358,67;Aw;3657;67;87,01;70,42
3545605;Santa Ad√©lia;35;SP;n„o metropolitana;mata atlantica;521,42;Cwa;14018;94,55;99,44;95,53
3545704;Santa Albertina;35;SP;n„o metropolitana;mata atlantica;380,94;Aw;6388;84,39;98,91;89,88
3545803;Santa B√°rbara D'oeste;35;SP;n„o metropolitana;mata atlantica;584,84;Cfa;183447;98,66;99,54;99,73
3546009;Santa Branca;35;SP;n„o metropolitana;mata atlantica;766,71;Cfb;13441;76,1;96,45;97,1
3546108;Santa Clara D'oeste;35;SP;n„o metropolitana;mata atlantica;372,78;Aw;2596;75,72;98,56;81,94
3546207;Santa Cruz Da Concei√ß√£o;35;SP;n„o metropolitana;cerrado;686,79;Cwa;4179;94,85;98,77;89,78
3546256;Santa Cruz Da Esperan√ßa;35;SP;n„o metropolitana;cerrado;602,12;Cwa;2129;69,52;95,47;87,77
3546306;Santa Cruz Das Palmeiras;35;SP;n„o metropolitana;mata atlantica;652,65;Cwa;28861;98,07;99,41;97,89
3546405;Santa Cruz Do Rio Pardo;35;SP;n„o metropolitana;mata atlantica;544,41;Cfa;46105;89,61;99,36;92,67
3546504;Santa Ernestina;35;SP;n„o metropolitana;mata atlantica;607,23;Cwa;6123;93,29;99,94;96,07
3546603;Santa F√© Do Sul;35;SP;n„o metropolitana;mata atlantica;367,39;Aw;34762;96,74;99,66;97,44
3546702;Santa Gertrudes;35;SP;n„o metropolitana;mata atlantica;633,81;Cwa;23721;99,02;99,84;98,78
3546801;Santa Isabel;35;SP;metropolitana;mata atlantica;728,63;Cfb;56635;77,9;96,2;96,08
3546900;Santa L√∫cia;35;SP;n„o metropolitana;mata atlantica;622,63;Cwa;7004;95,98;100;97,55
3547007;Santa Maria Da Serra;35;SP;n„o metropolitana;cerrado;526,58;Cfa;5753;99,17;98,99;95,18
3547106;Santa Mercedes;35;SP;n„o metropolitana;mata atlantica;342,55;Aw;2952;71,26;97,76;90,28
3547205;Santana Da Ponte Pensa;35;SP;n„o metropolitana;mata atlantica;396,58;Aw;1669;73,57;99,66;75,76
3547304;Santana De Parna√≠ba;35;SP;metropolitana;mata atlantica;811,26;Cfb;163348;72,74;96,36;99,48
3547403;Santa Rita D'oeste;35;SP;n„o metropolitana;mata atlantica;394,08;Aw;2736;66,92;99,23;71,54
3547502;Santa Rita Do Passa Quatro;35;SP;n„o metropolitana;cerrado;674,28;Cwa;24858;93,86;98,99;93,94
3547601;Santa Rosa De Viterbo;35;SP;n„o metropolitana;cerrado;685,6;Cwa;23783;99,34;99,48;99,04
3547650;Santa Salete;35;SP;n„o metropolitana;mata atlantica;410,24;Aw;1644;59,21;98,82;76,44
3547700;Santo Anast√°cio;35;SP;n„o metropolitana;mata atlantica;385,02;Aw;17875;93,38;99,48;93,23
3547809;Santo Andr√©;35;SP;metropolitana;mata atlantica;774,23;Cfb;776640;96,41;98,36;99,91
3547908;Santo Ant√¥nio Da Alegria;35;SP;n„o metropolitana;cerrado;847,63;Cwa;6775;83,42;96,47;92,12
3548005;Santo Ant√¥nio De Posse;35;SP;n„o metropolitana;mata atlantica;645,54;Cfa;23102;85,22;98,16;96,87
3548054;Santo Ant√¥nio Do Aracangu√°;35;SP;n„o metropolitana;mata atlantica;368,65;Aw;8322;88,17;96,29;85,11
3548104;Santo Ant√¥nio Do Jardim;35;SP;n„o metropolitana;mata atlantica;931,31;Cwb;6114;64,45;96,64;80,35
3548203;Santo Ant√¥nio Do Pinhal;35;SP;n„o metropolitana;mata atlantica;1145,78;Cwb;7071;66,72;78,2;97,89
3548302;Santo Expedito;35;SP;n„o metropolitana;mata atlantica;350,84;Aw;3004;77,54;96,37;93,58
3548401;Sant√≥polis Do Aguape√≠;35;SP;n„o metropolitana;mata atlantica;388,39;Aw;3899;97,55;98,89;97,4
3548500;Santos;35;SP;n„o metropolitana;mata atlantica;260,66;Af;414029;95,99;99,73;99,79
3548609;S√£o Bento Do Sapuca√≠;35;SP;n„o metropolitana;mata atlantica;1268,52;Cwb;11427;65,17;82,3;92,12
3548708;S√£o Bernardo Do Campo;35;SP;metropolitana;mata atlantica;755,6;Cfb;832347;92,52;99,2;99,83
3548807;S√£o Caetano Do Sul;35;SP;metropolitana;mata atlantica;765,65;Cfb;166847;99,97;99,99;100
3548906;S√£o Carlos;35;SP;n„o metropolitana;cerrado;736,71;Cwa;256898;98,45;99,1;99,05
3549003;S√£o Francisco;35;SP;n„o metropolitana;mata atlantica;401,3;Aw;2602;90,46;99,9;82,99
3549102;S√£o Jo√£o Da Boa Vista;35;SP;n„o metropolitana;mata atlantica;802,73;Cwa;92319;96,78;99,58;96,72
3549201;S√£o Jo√£o Das Duas Pontes;35;SP;n„o metropolitana;mata atlantica;402,46;Aw;2569;84,74;99,65;87,67
3549250;S√£o Jo√£o De Iracema;35;SP;n„o metropolitana;mata atlantica;407,72;Aw;1843;80,37;99,83;96,28
3549300;S√£o Jo√£o Do Pau D'alho;35;SP;n„o metropolitana;mata atlantica;339,94;Aw;2226;82,71;93,14;84,64
3549409;S√£o Joaquim Da Barra;35;SP;n„o metropolitana;mata atlantica;650,32;Cwa;48058;98,67;99,79;98,19
3549508;S√£o Jos√© Da Bela Vista;35;SP;n„o metropolitana;mata atlantica;746,13;Cwa;7642;90,87;98,28;92,55
3549607;S√£o Jos√© Do Barreiro;35;SP;n„o metropolitana;mata atlantica;1153,66;Cfb;4313;75,39;94,34;84,79
3549706;S√£o Jos√© Do Rio Pardo;35;SP;n„o metropolitana;mata atlantica;796;Cwa;51668;91,36;98,87;93,46
3549805;S√£o Jos√© Do Rio Preto;35;SP;metropolitana;mata atlantica;528,77;Aw;475643;96,2;96,69;99,7
3549904;S√£o Jos√© Dos Campos;35;SP;metropolitana;mata atlantica;737,63;Cfa;725419;94,6;99,1;99,66
3549953;S√£o Louren√ßo Da Serra;35;SP;metropolitana;mata atlantica;802,73;Cfb;15992;75,33;93,63;94,55
3550001;S√£o Luiz Do Paraitinga;35;SP;n„o metropolitana;mata atlantica;947,12;Cfb;10181;65,77;88,81;85,31
3550100;S√£o Manuel;35;SP;n„o metropolitana;cerrado;623,76;Cfa;39467;98,01;99,79;97,31
3550209;S√£o Miguel Arcanjo;35;SP;n„o metropolitana;mata atlantica;709,94;Cfa;32062;62,95;97,46;88,09
3550308;S√£o Paulo;35;SP;metropolitana;mata atlantica;777,81;Cfb;12200180;93,54;99,46;99,79
3550407;S√£o Pedro;35;SP;n„o metropolitana;mata atlantica;590,2;Cfa;38991;86,5;98,52;97,27
3550506;S√£o Pedro Do Turvo;35;SP;n„o metropolitana;cerrado;520,87;Cfa;7155;73,06;97,6;74,64
3550605;S√£o Roque;35;SP;n„o metropolitana;mata atlantica;888,01;Cfb;85848;82,39;97,25;95,8
3550704;S√£o Sebasti√£o;35;SP;n„o metropolitana;mata atlantica;303,63;Cfa;87939;83;74,21;99,66
3550803;S√£o Sebasti√£o Da Grama;35;SP;n„o metropolitana;mata atlantica;1114,31;Cwb;10023;75,23;98,06;90,96
3550902;S√£o Sim√£o;35;SP;n„o metropolitana;cerrado;677,01;Cwa;13374;95,1;96,86;93,29
3551009;S√£o Vicente;35;SP;n„o metropolitana;mata atlantica;202,61;Af;334632;91,79;99,32;99,66
3551108;Sarapu√≠;35;SP;n„o metropolitana;mata atlantica;631,52;Cfa;10334;64,03;97,63;89,83
3551207;Sarutai√°;35;SP;n„o metropolitana;mata atlantica;777,56;Cfa;3713;93,11;96,51;95,9
3551306;Sebastian√≥polis Do Sul;35;SP;n„o metropolitana;mata atlantica;467,71;Aw;3184;90,42;96,49;85,39
3551405;Serra Azul;35;SP;n„o metropolitana;cerrado;621,81;Cwa;10429;89,59;94,87;95,92
3551504;Serrana;35;SP;n„o metropolitana;mata atlantica;607,68;Cwa;44495;98,95;99,74;99,77
3551603;Serra Negra;35;SP;n„o metropolitana;mata atlantica;914,72;Cfb;29915;74,32;96,75;96,74
3551702;Sert√£ozinho;35;SP;n„o metropolitana;mata atlantica;561;Cwa;127670;99,32;99,72;99,52
3551801;Sete Barras;35;SP;n„o metropolitana;mata atlantica;174,84;Cfa;13694;75,67;89,17;90,31
3551900;Sever√≠nia;35;SP;n„o metropolitana;mata atlantica;546,97;Aw;14020;96,52;99,81;96,56
3552007;Silveiras;35;SP;n„o metropolitana;mata atlantica;943,92;Cwb;6169;70,47;86,13;78,52
3552106;Socorro;35;SP;n„o metropolitana;mata atlantica;943,95;Cfb;40323;65,1;93,23;93,02
3552205;Sorocaba;35;SP;metropolitana;mata atlantica;624,7;Cfa;738128;98,13;99,68;99,83
3552304;Sud Mennucci;35;SP;n„o metropolitana;mata atlantica;365,71;Aw;6997;95,42;98,55;93,27
3552403;Sumar√©;35;SP;n„o metropolitana;mata atlantica;600,56;Cfa;294128;95,5;99,65;99,55
3552502;Suzano;35;SP;metropolitana;mata atlantica;791,47;Cfb;330710;90,1;98,95;98,8
3552551;Suzan√°polis;35;SP;n„o metropolitana;mata atlantica;362,31;Aw;3315;69,91;95,32;73,67
3552601;Tabapu√£;35;SP;n„o metropolitana;mata atlantica;523,44;Aw;11323;98,91;99,41;93,85
3552700;Tabatinga;35;SP;n„o metropolitana;mata atlantica;527,92;Cwa;14585;89,39;98,98;91,94
3552809;Tabo√£o Da Serra;35;SP;metropolitana;mata atlantica;779,77;Cfb;283419;93,93;99,79;99,95
3552908;Taciba;35;SP;n„o metropolitana;mata atlantica;401,67;Cfa;6243;87,16;97,67;84,73
3553005;Tagua√≠;35;SP;n„o metropolitana;mata atlantica;583,31;Cfa;12637;88,76;97,65;95,38
3553104;Taia√ßu;35;SP;n„o metropolitana;mata atlantica;574,29;Cwa;5677;91,07;99,4;91,67
3553203;Tai√∫va;35;SP;n„o metropolitana;cerrado;608,24;Cwa;6549;96,84;98,7;91,71
3553302;Tamba√∫;35;SP;n„o metropolitana;mata atlantica;694,4;Cwa;21475;93,03;97,74;91,61
3553401;Tanabi;35;SP;n„o metropolitana;mata atlantica;501,96;Aw;25370;82,81;99,13;90,47
3553500;Tapira√≠;35;SP;n„o metropolitana;mata atlantica;657,27;Cfa;7987;74,54;89,43;85
3553609;Tapiratiba;35;SP;n„o metropolitana;mata atlantica;853,09;Cwb;11730;87,73;93,81;93,26
3553658;Taquaral;35;SP;n„o metropolitana;cerrado;614,34;Cwa;2620;95,4;100;95,87
3553708;Taquaritinga;35;SP;n„o metropolitana;mata atlantica;558,56;Cwa;51833;94,65;99,7;96,02
3553807;Taquarituba;35;SP;n„o metropolitana;mata atlantica;632;Cfa;24366;89,87;98,72;91,44
3553856;Taquariva√≠;35;SP;n„o metropolitana;cerrado;677,05;Cfa;7057;61,96;97,9;87,37
3553906;Tarabai;35;SP;n„o metropolitana;mata atlantica;401,02;Cfa;6535;94,91;98,96;93,22
3553955;Tarum√£;35;SP;n„o metropolitana;mata atlantica;426,68;Cfa;14899;93,93;99,9;96,5
3554003;Tatu√≠;35;SP;n„o metropolitana;mata atlantica;599,47;Cfa;122991;94,64;98,85;98,65
3554102;Taubat√©;35;SP;n„o metropolitana;mata atlantica;709,72;Cwa;311912;96,52;99,14;99,42
3554201;Tejup√°;35;SP;n„o metropolitana;mata atlantica;666,22;Cfa;4139;63,27;90,33;69,63
3554300;Teodoro Sampaio;35;SP;n„o metropolitana;mata atlantica;359,4;Aw;22217;79,8;91,92;82,39
3554409;Terra Roxa;35;SP;n„o metropolitana;mata atlantica;536,38;Aw;7903;95,07;99,03;97,11
3554508;Tiet√™;35;SP;n„o metropolitana;mata atlantica;523,59;Cfa;38336;91,22;98,75;96,49
3554607;Timburi;35;SP;n„o metropolitana;mata atlantica;654,01;Cfa;2434;78,68;96,46;90,77
3554656;Torre De Pedra;35;SP;n„o metropolitana;cerrado;632,4;Cfa;2044;66,63;93,88;98,85
3554706;Torrinha;35;SP;n„o metropolitana;mata atlantica;759,69;Cfb;9303;91,44;99,18;92,7
3554755;Trabiju;35;SP;n„o metropolitana;cerrado;536,88;Cwa;1729;92,02;96,77;92,25
3554805;Trememb√©;35;SP;n„o metropolitana;mata atlantica;611,92;Cfa;51489;87,64;98,61;95,69
3554904;Tr√™s Fronteiras;35;SP;n„o metropolitana;mata atlantica;376,78;Aw;6802;83,88;98,56;87,2
3554953;Tuiuti;35;SP;n„o metropolitana;mata atlantica;842,66;Cfb;6831;38,96;94,66;95,98
3555000;Tup√£;35;SP;n„o metropolitana;mata atlantica;448,17;Cfa;63551;97,44;99,51;96,09
3555109;Tupi Paulista;35;SP;n„o metropolitana;mata atlantica;358,28;Aw;15839;87,14;96,67;87,36
3555208;Turi√∫ba;35;SP;n„o metropolitana;mata atlantica;416,15;Aw;1798;83,36;99,29;88,77
3555307;Turmalina;35;SP;n„o metropolitana;mata atlantica;453,67;Aw;1689;75,07;99,3;75,35
3555356;Ubarana;35;SP;n„o metropolitana;mata atlantica;406,4;Aw;5365;89,08;99,63;94,82
3555406;Ubatuba;35;SP;n„o metropolitana;mata atlantica;328,83;Cfa;97382;62,79;75,4;99,62
3555505;Ubirajara;35;SP;n„o metropolitana;cerrado;535,97;Cfa;5124;72,43;95,35;81,46
3555604;Uchoa;35;SP;n„o metropolitana;mata atlantica;519,49;Aw;10067;98,81;99,68;93,44
3555703;Uni√£o Paulista;35;SP;n„o metropolitana;mata atlantica;458,45;Aw;1535;79,97;97,05;81,54
3555802;Ur√¢nia;35;SP;n„o metropolitana;mata atlantica;431,98;Aw;8840;89,95;99,54;86,25
3555901;Uru;35;SP;n„o metropolitana;mata atlantica;455,01;Cwa;1387;91,32;98,18;93,15
3556008;Urup√™s;35;SP;n„o metropolitana;mata atlantica;459,36;Aw;13540;91,28;99,81;92,71
3556107;Valentim Gentil;35;SP;n„o metropolitana;mata atlantica;459,5;Aw;14132;92,65;99,81;93,87
3556206;Valinhos;35;SP;n„o metropolitana;mata atlantica;757,51;Cfa;132846;95,04;99,15;99,47
3556305;Valpara√≠so;35;SP;n„o metropolitana;mata atlantica;385,3;Aw;23775;93,99;99,46;95,45
3556354;Vargem;35;SP;n„o metropolitana;mata atlantica;916,94;Cfb;9948;42,54;94,7;98,77
3556404;Vargem Grande Do Sul;35;SP;n„o metropolitana;mata atlantica;775,5;Cwa;39539;95,05;99,35;96,43
3556453;Vargem Grande Paulista;35;SP;metropolitana;mata atlantica;909,02;Cfb;53777;84,38;99,54;99,47
3556503;V√°rzea Paulista;35;SP;n„o metropolitana;mata atlantica;786,76;Cfb;125054;93,14;99,53;99,91
3556602;Vera Cruz;35;SP;n„o metropolitana;mata atlantica;553,09;Cfa;10194;88,33;96,88;88,46
3556701;Vinhedo;35;SP;n„o metropolitana;mata atlantica;731,8;Cfa;82029;95,32;99,44;99,5
3556800;Viradouro;35;SP;n„o metropolitana;mata atlantica;551,08;Cwa;17413;97,94;99,87;97,58
3556909;Vista Alegre Do Alto;35;SP;n„o metropolitana;mata atlantica;570,51;Cwa;8108;93,09;99,23;94,05
3556958;Vit√≥ria Brasil;35;SP;n„o metropolitana;mata atlantica;480,3;Aw;1796;81,55;99,64;83,69
3557006;Votorantim;35;SP;n„o metropolitana;mata atlantica;774,33;Cfb;137319;96,35;99,05;99,47
3557105;Votuporanga;35;SP;n„o metropolitana;mata atlantica;464,51;Aw;96795;97,08;99,84;97,78
3557154;Zacarias;35;SP;n„o metropolitana;mata atlantica;387,75;Aw;2680;83,1;98,74;83,48
3557204;Chavantes;35;SP;n„o metropolitana;mata atlantica;488,56;Cfa;12090;92,15;99,27;97,38
3557303;Estiva Gerbi;35;SP;n„o metropolitana;mata atlantica;650,85;Cwa;11394;88,8;98,14;95,77
4100103;Abati√°;41;PR;n„o metropolitana;mata atlantica;564,89;Cfa;7321;31,2;93,73;75,43
4100202;Adrian√≥polis;41;PR;metropolitana;mata atlantica;593,09;Cfa;8556;37,64;60,74;63,68
4100301;Agudos Do Sul;41;PR;metropolitana;mata atlantica;886,33;Cfb;10092;15,12;91,16;61,31
4100400;Almirante Tamandar√©;41;PR;metropolitana;mata atlantica;1004,12;Cfb;122032;65,82;98,24;98,52
4100459;Altamira Do Paran√°;41;PR;n„o metropolitana;mata atlantica;464,72;Cfa;3435;2,1;93,62;52,32
4100509;Alt√¥nia;41;PR;n„o metropolitana;mata atlantica;285,81;Cfa;18735;18,38;89,89;77,99
4100608;Alto Paran√°;41;PR;n„o metropolitana;mata atlantica;447,18;Cfa;13897;59,91;95,87;84,77
4100707;Alto Piquiri;41;PR;n„o metropolitana;mata atlantica;367,56;Cfa;9646;29,72;97,32;86,04
4100806;Alvorada Do Sul;41;PR;n„o metropolitana;mata atlantica;391,97;Cfa;11672;5,01;90,55;80,6
4100905;Amapor√£;41;PR;n„o metropolitana;mata atlantica;343,52;Cfa;4765;20,15;85,94;83,62
4101002;Amp√©re;41;PR;n„o metropolitana;mata atlantica;499,9;Cfa;19506;58,62;95,24;82,06
4101051;Anahy;41;PR;n„o metropolitana;mata atlantica;445,26;Cfa;3107;28,46;95,41;75,9
4101101;Andir√°;41;PR;n„o metropolitana;mata atlantica;423,15;Cfa;20234;58,12;99,33;95,75
4101150;√Çngulo;41;PR;n„o metropolitana;mata atlantica;446,03;Cfa;3447;1,84;94,15;88,96
4101200;Antonina;41;PR;n„o metropolitana;mata atlantica;250,08;Cfa;17261;74,84;93,24;93,21
4101309;Ant√¥nio Olinto;41;PR;n„o metropolitana;mata atlantica;827,04;Cfb;6520;15,97;83,78;32,81
4101408;Apucarana;41;PR;n„o metropolitana;mata atlantica;682,42;Cfa;135969;42,82;98,58;96,14
4101507;Arapongas;41;PR;n„o metropolitana;mata atlantica;703,81;Cfa;118573;58,74;99,08;97,41
4101606;Arapoti;41;PR;n„o metropolitana;mata atlantica;770,74;Cfb;25541;39,2;97,8;84,98
4101655;Arapu√£;41;PR;n„o metropolitana;mata atlantica;633,43;Cfa;3537;8,65;81,84;54,59
4101705;Araruna;41;PR;n„o metropolitana;mata atlantica;547,58;Cfa;14520;18,89;98,12;80,31
4101804;Arauc√°ria;41;PR;metropolitana;mata atlantica;907,87;Cfb;166699;83,61;99,18;98,34
4101853;Ariranha Do Iva√≠;41;PR;n„o metropolitana;mata atlantica;591,49;Cfa;2340;3,61;88,41;42,59
4101903;Assa√≠;41;PR;n„o metropolitana;mata atlantica;518,23;Cfa;17628;53,02;96,62;84,53
4102000;Assis Chateaubriand;41;PR;n„o metropolitana;mata atlantica;388,31;Cfa;36400;45,96;98,75;87,08
4102109;Astorga;41;PR;n„o metropolitana;mata atlantica;551,97;Cfa;25477;61,22;97,26;92,23
4102208;Atalaia;41;PR;n„o metropolitana;mata atlantica;454,99;Cfa;3978;1,08;90,61;92,76
4102307;Balsa Nova;41;PR;metropolitana;mata atlantica;956,83;Cfb;14608;79,74;97,79;93,25
4102406;Bandeirantes;41;PR;n„o metropolitana;mata atlantica;462,06;Cfa;31309;87,22;96,07;89,78
4102505;Barbosa Ferraz;41;PR;n„o metropolitana;mata atlantica;438,93;Cfa;10766;37,32;94,62;78,24
4102604;Barrac√£o;41;PR;n„o metropolitana;mata atlantica;705,08;Cfa;9886;53,69;92,29;73,08
4102703;Barra Do Jacar√©;41;PR;n„o metropolitana;mata atlantica;463,02;Cfa;3022;24,77;79,15;73,05
4102752;Bela Vista Da Caroba;41;PR;n„o metropolitana;mata atlantica;464,27;Cfa;3416;2,17;88,84;32,04
4102802;Bela Vista Do Para√≠so;41;PR;n„o metropolitana;mata atlantica;483,33;Cfa;14789;43,26;98,74;95,37
4102901;Bituruna;41;PR;n„o metropolitana;mata atlantica;990,12;Cfb;15443;62,88;89,48;67,53
4103008;Boa Esperan√ßa;41;PR;n„o metropolitana;mata atlantica;588,17;Cfa;4552;0,66;98,49;79,53
4103024;Boa Esperan√ßa Do Igua√ßu;41;PR;n„o metropolitana;mata atlantica;449,18;Cfa;2411;1,2;80,02;67,83
4103040;Boa Ventura De S√£o Roque;41;PR;n„o metropolitana;mata atlantica;894,77;Cfb;6347;1,35;78,4;34,58
4103057;Boa Vista Da Aparecida;41;PR;n„o metropolitana;mata atlantica;401,54;Cfa;7876;13,65;94,8;67,33
4103107;Bocai√∫va Do Sul;41;PR;metropolitana;mata atlantica;875,11;Cfb;16292;60,42;83,88;77,12
4103156;Bom Jesus Do Sul;41;PR;n„o metropolitana;mata atlantica;579,33;Cfa;3942;7,05;95,72;68,51
4103206;Bom Sucesso;41;PR;n„o metropolitana;mata atlantica;483,04;Cfa;6583;22,18;94,63;90,85
4103222;Bom Sucesso Do Sul;41;PR;n„o metropolitana;mata atlantica;640,18;Cfa;3540;58,48;85,87;50,88
4103305;Borraz√≥polis;41;PR;n„o metropolitana;mata atlantica;484,18;Cfa;7706;13,11;96,44;77,65
4103354;Braganey;41;PR;n„o metropolitana;mata atlantica;558,85;Cfa;5212;4,62;93,87;72,15
4103370;Brasil√¢ndia Do Sul;41;PR;n„o metropolitana;mata atlantica;320,73;Cfa;3703;1,12;97,38;86,6
4103404;Cafeara;41;PR;n„o metropolitana;mata atlantica;428,68;Cfa;2620;2,35;98,95;87,24
4103453;Cafel√¢ndia;41;PR;n„o metropolitana;mata atlantica;577,63;Cfa;18262;64,78;97,74;87,79
4103479;Cafezal Do Sul;41;PR;n„o metropolitana;mata atlantica;331,84;Cfa;4474;1,44;95,12;79,52
4103503;Calif√≥rnia;41;PR;n„o metropolitana;mata atlantica;688,71;Cfa;9438;1,56;96,14;82,96
4103602;Cambar√°;41;PR;n„o metropolitana;mata atlantica;451,11;Cfa;23956;95,03;98,67;93,35
4103701;Camb√©;41;PR;n„o metropolitana;mata atlantica;535,5;Cfa;107220;78,38;99,27;97,23
4103800;Cambira;41;PR;n„o metropolitana;mata atlantica;650,07;Cfa;10482;12,67;95,4;81,09
4103909;Campina Da Lagoa;41;PR;n„o metropolitana;mata atlantica;484,98;Cfa;15737;3,03;96,69;67,99
4103958;Campina Do Sim√£o;41;PR;n„o metropolitana;mata atlantica;1034,33;Cfb;3937;2,15;82,86;40,96
4104006;Campina Grande Do Sul;41;PR;metropolitana;mata atlantica;855,61;Cfb;52083;86,36;89,87;95,52
4104055;Campo Bonito;41;PR;n„o metropolitana;mata atlantica;634,12;Cfa;4266;30,03;91,46;57,7
4104105;Campo Do Tenente;41;PR;metropolitana;mata atlantica;842,78;Cfb;7583;59,92;96,04;83,48
4104204;Campo Largo;41;PR;metropolitana;mata atlantica;847,91;Cfb;144165;64,85;97,44;93,51
4104253;Campo Magro;41;PR;metropolitana;mata atlantica;873,62;Cfb;31678;60,32;95,25;93,97
4104303;Campo Mour√£o;41;PR;n„o metropolitana;mata atlantica;615,81;Cfa;99170;75,94;98,42;96,74
4104402;C√¢ndido De Abreu;41;PR;n„o metropolitana;mata atlantica;678,15;Cfa;16727;20,18;89,74;36,53
4104428;Cand√≥i;41;PR;n„o metropolitana;mata atlantica;810,07;Cfb;14922;21,89;90,74;53,86
4104451;Cantagalo;41;PR;n„o metropolitana;mata atlantica;819,54;Cfb;10589;32,14;95,63;71,48
4104501;Capanema;41;PR;n„o metropolitana;mata atlantica;299,11;Cfa;19205;30,6;95,48;72,83
4104600;Capit√£o Le√¥nidas Marques;41;PR;n„o metropolitana;mata atlantica;331,31;Cfa;14644;5,34;87,74;91,4
4104659;Carambe√≠;41;PR;n„o metropolitana;mata atlantica;974,04;Cfb;23386;66,98;94,3;91,22
4104709;Carl√≥polis;41;PR;n„o metropolitana;mata atlantica;532,18;Cfa;16908;67;95,05;77,54
4104808;Cascavel;41;PR;metropolitana;mata atlantica;660,87;Cfa;350644;61,65;98,57;95,96
4104907;Castro;41;PR;n„o metropolitana;mata atlantica;950,27;Cfb;75956;64,1;89,35;78,62
4105003;Catanduvas;41;PR;n„o metropolitana;mata atlantica;631,29;Cfa;11246;6,12;85,56;62,22
4105102;Centen√°rio Do Sul;41;PR;n„o metropolitana;mata atlantica;429,79;Cfa;10836;7,2;96,04;89,29
4105201;Cerro Azul;41;PR;metropolitana;mata atlantica;655,92;Cfa;16145;50,72;73,37;46,54
4105300;C√©u Azul;41;PR;n„o metropolitana;mata atlantica;486,68;Cfa;11081;49,43;94,38;81,78
4105409;Chopinzinho;41;PR;n„o metropolitana;mata atlantica;697,03;Cfa;21646;38,78;92,55;66,72
4105508;Cianorte;41;PR;n„o metropolitana;mata atlantica;486,91;Cfa;82232;53,17;98,07;93,16
4105607;Cidade Ga√∫cha;41;PR;n„o metropolitana;mata atlantica;359,67;Cfa;11467;66,66;98,3;91,87
4105706;Clevel√¢ndia;41;PR;n„o metropolitana;mata atlantica;894,41;Cfb;17321;66,09;97,77;85,55
4105805;Colombo;41;PR;metropolitana;mata atlantica;970,05;Cfb;238780;81,75;98,97;99,4
4105904;Colorado;41;PR;n„o metropolitana;mata atlantica;388,16;Cfa;22902;63,66;99,24;93,72
4106001;Congonhinhas;41;PR;n„o metropolitana;mata atlantica;688,63;Cfa;8336;7,37;79,25;66,6
4106100;Conselheiro Mairinck;41;PR;n„o metropolitana;mata atlantica;505,8;Cfa;4354;69,52;91,46;81,24
4106209;Contenda;41;PR;metropolitana;mata atlantica;900,88;Cfb;17435;31,55;97,6;75,44
4106308;Corb√©lia;41;PR;n„o metropolitana;mata atlantica;567,46;Cfa;17466;47,51;97,84;87,42
4106407;Corn√©lio Proc√≥pio;41;PR;n„o metropolitana;mata atlantica;516,89;Cfa;44599;90,18;99,55;95,25
4106456;Coronel Domingos Soares;41;PR;n„o metropolitana;mata atlantica;1002,84;Cfb;7007;26,56;91,09;39,17
4106506;Coronel Vivida;41;PR;n„o metropolitana;mata atlantica;684,04;Cfa;26413;39,95;94,33;76,03
4106555;Corumbata√≠ Do Sul;41;PR;n„o metropolitana;mata atlantica;570,85;Cfa;3752;41,3;78,47;61,53
4106571;Cruzeiro Do Igua√ßu;41;PR;n„o metropolitana;mata atlantica;438,86;Cfa;4137;3;91,87;67,23
4106605;Cruzeiro Do Oeste;41;PR;n„o metropolitana;mata atlantica;403,04;Cfa;23852;50,24;96,73;87,08
4106704;Cruzeiro Do Sul;41;PR;n„o metropolitana;mata atlantica;424,65;Cfa;4495;1,05;93,53;77,48
4106803;Cruz Machado;41;PR;n„o metropolitana;mata atlantica;985,03;Cfb;15993;41,2;80,39;40,97
4106852;Cruzmaltina;41;PR;n„o metropolitana;mata atlantica;571,61;Cfa;3150;39,88;79,78;61,06
4106902;Curitiba;41;PR;metropolitana;mata atlantica;914,7;Cfb;1871789;96,8;99,87;99,91
4107009;Curi√∫va;41;PR;n„o metropolitana;mata atlantica;723,9;Cfa;13272;4,16;90,19;76,2
4107108;Diamante Do Norte;41;PR;n„o metropolitana;mata atlantica;327,05;Aw;5151;15,01;91,94;85,97
4107124;Diamante Do Sul;41;PR;n„o metropolitana;mata atlantica;590,7;Cfa;3173;2,9;88,5;39,06
4107157;Diamante D'oeste;41;PR;n„o metropolitana;mata atlantica;368,79;Cfa;5106;7,8;87,95;65,82
4107207;Dois Vizinhos;41;PR;n„o metropolitana;mata atlantica;533,45;Cfa;44828;46,87;93,67;84,35
4107256;Douradina;41;PR;n„o metropolitana;mata atlantica;325,89;Cfa;9168;53,1;93,51;86,81
4107306;Doutor Camargo;41;PR;n„o metropolitana;mata atlantica;344,78;Cfa;6290;56,48;96,43;89,43
4107405;En√©as Marques;41;PR;n„o metropolitana;mata atlantica;644,38;Cfa;5995;3,36;84,3;72,83
4107504;Engenheiro Beltr√£o;41;PR;n„o metropolitana;mata atlantica;390,78;Cfa;12444;20,15;91,99;90,62
4107520;Esperan√ßa Nova;41;PR;n„o metropolitana;mata atlantica;335,21;Cfa;1845;10,15;87,57;70,76
4107538;Entre Rios Do Oeste;41;PR;n„o metropolitana;mata atlantica;253,95;Cfa;4511;15,12;99,92;78,84
4107546;Espig√£o Alto Do Igua√ßu;41;PR;n„o metropolitana;mata atlantica;638,26;Cfa;5915;10,38;81,77;46,68
4107553;Farol;41;PR;n„o metropolitana;mata atlantica;576,57;Cfa;3052;1,64;88,32;72,81
4107603;Faxinal;41;PR;n„o metropolitana;mata atlantica;728,28;Cfa;16338;17,92;95,2;87,86
4107652;Fazenda Rio Grande;41;PR;metropolitana;mata atlantica;907,45;Cfb;167315;77,99;99,26;99,32
4107702;F√™nix;41;PR;n„o metropolitana;mata atlantica;368,11;Cfa;4492;5,2;98,46;86,45
4107736;Fernandes Pinheiro;41;PR;n„o metropolitana;mata atlantica;865,63;Cfb;6288;23,6;92,87;50,72
4107751;Figueira;41;PR;n„o metropolitana;mata atlantica;622,43;Cfa;8064;27,39;98,22;91,07
4107801;Flora√≠;41;PR;n„o metropolitana;mata atlantica;398,91;Cfa;6569;19,22;96,88;91,61
4107850;Flor Da Serra Do Sul;41;PR;n„o metropolitana;mata atlantica;755,79;Cfb;4230;19,26;92,84;45,61
4107900;Floresta;41;PR;n„o metropolitana;mata atlantica;351,01;Cfa;11559;19,81;97,79;94,32
4108007;Florest√≥polis;41;PR;n„o metropolitana;mata atlantica;458,14;Cfa;11475;74,69;99,62;95,94
4108106;Fl√≥rida;41;PR;n„o metropolitana;mata atlantica;432,42;Cfa;2651;2,2;93,88;93,88
4108205;Formosa Do Oeste;41;PR;n„o metropolitana;mata atlantica;353,4;Cfa;7641;5,27;91,44;69,78
4108304;Foz Do Igua√ßu;41;PR;n„o metropolitana;mata atlantica;217,85;Cfa;286323;76,29;99,18;99,13
4108320;Francisco Alves;41;PR;n„o metropolitana;mata atlantica;286,38;Cfa;8141;1,24;98,61;76,52
4108403;Francisco Beltr√£o;41;PR;n„o metropolitana;mata atlantica;662,22;Cfa;96622;66,96;97,89;93,09
4108452;Foz Do Jord√£o;41;PR;n„o metropolitana;mata atlantica;744,14;Cfb;4845;1,58;98,61;80,66
4108502;General Carneiro;41;PR;n„o metropolitana;mata atlantica;1108,28;Cfb;11053;53,95;95,06;85,72
4108551;Godoy Moreira;41;PR;n„o metropolitana;mata atlantica;421,61;Cfa;2977;4,01;88,06;51,35
4108601;Goioer√™;41;PR;n„o metropolitana;mata atlantica;439,12;Cfa;28470;43,9;99,4;92,03
4108650;Goioxim;41;PR;n„o metropolitana;mata atlantica;904,29;Cfb;6570;8,15;85,85;30,16
4108700;Grandes Rios;41;PR;n„o metropolitana;mata atlantica;542,38;Cfa;5625;29,48;91,28;67,63
4108809;Gua√≠ra;41;PR;n„o metropolitana;mata atlantica;269,05;Cfa;31971;52,47;96,72;91,2
4108908;Guaira√ß√°;41;PR;n„o metropolitana;mata atlantica;435,23;Cfa;6582;3,75;93,95;84,79
4108957;Guamiranga;41;PR;n„o metropolitana;mata atlantica;826,7;Cfb;7856;1,02;89,51;69,38
4109005;Guapirama;41;PR;n„o metropolitana;mata atlantica;478,32;Cfa;4627;15,79;96,39;84,14
4109104;Guaporema;41;PR;n„o metropolitana;mata atlantica;329,76;Cfa;2186;1,97;89,09;79,39
4109203;Guaraci;41;PR;n„o metropolitana;mata atlantica;493,94;Cfa;4751;3,8;96,67;87,03
4109302;Guarania√ßu;41;PR;n„o metropolitana;mata atlantica;635,88;Cfa;14398;33,71;93,52;55,6
4109401;Guarapuava;41;PR;n„o metropolitana;mata atlantica;1071,86;Cfb;190342;65,22;98,55;93,15
4109500;Guaraque√ßaba;41;PR;n„o metropolitana;mata atlantica;189,46;Cfa;7446;57,39;61,39;38,26
4109609;Guaratuba;41;PR;n„o metropolitana;mata atlantica;294,52;Cfa;42801;86,61;95,04;98,12
4109658;Hon√≥rio Serpa;41;PR;n„o metropolitana;mata atlantica;851,8;Cfb;5471;4,72;90,32;49,29
4109708;Ibaiti;41;PR;n„o metropolitana;mata atlantica;614,24;Cfa;30943;40,8;94,79;85,03
4109757;Ibema;41;PR;n„o metropolitana;mata atlantica;726,48;Cfa;6218;1,46;96,5;82,97
4109807;Ibipor√£;41;PR;n„o metropolitana;mata atlantica;433,78;Cfa;54917;97,34;99,48;96,13
4109906;Icara√≠ma;41;PR;n„o metropolitana;mata atlantica;317,37;Cfa;8992;2,74;87,44;75,9
4110003;Iguara√ßu;41;PR;n„o metropolitana;mata atlantica;499,42;Cfa;5478;10,56;92,93;90,71
4110052;Iguatu;41;PR;n„o metropolitana;mata atlantica;453,42;Cfa;2142;1,09;91,91;67,49
4110078;Imba√∫;41;PR;n„o metropolitana;mata atlantica;804,69;Cfb;11619;13,34;83,62;78,57
4110102;Imbituva;41;PR;n„o metropolitana;mata atlantica;857,26;Cfb;29893;60,13;96,5;75,57
4110201;In√°cio Martins;41;PR;n„o metropolitana;mata atlantica;1121,59;Cfb;10776;27,71;87,03;60,29
4110300;Inaj√°;41;PR;n„o metropolitana;mata atlantica;332,62;Cfa;2529;0,93;96,8;91,53
4110409;Indian√≥polis;41;PR;n„o metropolitana;mata atlantica;407,6;Cfa;4223;40,51;97,15;75,62
4110508;Ipiranga;41;PR;n„o metropolitana;mata atlantica;861,96;Cfb;14230;36,17;91,99;41,57
4110607;Ipor√£;41;PR;n„o metropolitana;mata atlantica;301,71;Cfa;15730;23,33;98,42;82,96
4110656;Iracema Do Oeste;41;PR;n„o metropolitana;mata atlantica;446,3;Cfa;2347;1,06;96,24;77,56
4110706;Irati;41;PR;n„o metropolitana;mata atlantica;871,87;Cfb;59253;74,29;96,26;80,56
4110805;Iretama;41;PR;n„o metropolitana;mata atlantica;538,4;Cfa;10681;20,12;89,75;69,92
4110904;Itaguaj√©;41;PR;n„o metropolitana;mata atlantica;340,8;Aw;4489;1,55;94,75;81,65
4110953;Itaipul√¢ndia;41;PR;n„o metropolitana;mata atlantica;238,61;Cfa;10909;45,92;97,01;99,51
4111001;Itambarac√°;41;PR;n„o metropolitana;mata atlantica;397,44;Cfa;5920;26,54;98,06;86,66
4111100;Itamb√©;41;PR;n„o metropolitana;mata atlantica;350,18;Cfa;6734;81,34;96,42;94,88
4111209;Itapejara D'oeste;41;PR;n„o metropolitana;mata atlantica;562,94;Cfa;13177;20,25;93,23;78,99
4111258;Itaperu√ßu;41;PR;metropolitana;mata atlantica;735,16;Cfb;31843;19,13;89,18;84,1
4111308;Ita√∫na Do Sul;41;PR;n„o metropolitana;mata atlantica;374,37;Cfa;3566;73,06;94,29;89,3
4111407;Iva√≠;41;PR;n„o metropolitana;mata atlantica;761,5;Cfb;13142;27,84;92,93;46,69
4111506;Ivaipor√£;41;PR;n„o metropolitana;mata atlantica;649,19;Cfa;32604;22,27;96,9;87,04
4111555;Ivat√©;41;PR;n„o metropolitana;mata atlantica;328,17;Cfa;6771;3,64;87,07;82,74
4111605;Ivatuba;41;PR;n„o metropolitana;mata atlantica;341,79;Cfa;2786;42,66;93,42;94,25
4111704;Jaboti;41;PR;n„o metropolitana;mata atlantica;542,58;Cfa;5425;9,03;93,91;82,24
4111803;Jacarezinho;41;PR;n„o metropolitana;mata atlantica;513;Cfa;40356;90,45;98,31;93,99
4111902;Jaguapit√£;41;PR;n„o metropolitana;mata atlantica;534,89;Cfa;15193;83,63;98,47;88,05
4112009;Jaguaria√≠va;41;PR;n„o metropolitana;cerrado;986,9;Cfb;35527;54,48;95,25;86,7
4112108;Jandaia Do Sul;41;PR;n„o metropolitana;mata atlantica;619,92;Cfa;23006;51,26;97,36;91,09
4112207;Jani√≥polis;41;PR;n„o metropolitana;mata atlantica;517,2;Cfa;5862;1,51;92,73;77,48
4112306;Japira;41;PR;n„o metropolitana;mata atlantica;608,87;Cfa;4971;22,87;86,5;84,08
4112405;Japur√°;41;PR;n„o metropolitana;mata atlantica;356,45;Cfa;9127;5,64;97,58;92,89
4112504;Jardim Alegre;41;PR;n„o metropolitana;mata atlantica;558,41;Cfa;12070;42,08;87,34;67,57
4112603;Jardim Olinda;41;PR;n„o metropolitana;mata atlantica;316,82;Aw;1280;6,8;84,81;75,51
4112702;Jataizinho;41;PR;n„o metropolitana;mata atlantica;417,29;Cfa;11857;87,9;98,89;92,06
4112751;Jesu√≠tas;41;PR;n„o metropolitana;mata atlantica;424,59;Cfa;10508;19,48;94,43;72,74
4112801;Joaquim T√°vora;41;PR;n„o metropolitana;mata atlantica;592,24;Cfa;11870;73,22;98,47;86,91
4112900;Jundia√≠ Do Sul;41;PR;n„o metropolitana;mata atlantica;537,92;Cfa;3446;0,83;94,99;68,74
4112959;Juranda;41;PR;n„o metropolitana;mata atlantica;510,44;Cfa;7773;4,77;98,65;81,67
4113007;Jussara;41;PR;n„o metropolitana;mata atlantica;391,42;Cfa;7477;64,17;99,44;94,74
4113106;Kalor√©;41;PR;n„o metropolitana;mata atlantica;425,96;Cfa;4579;5,26;96,64;83,47
4113205;Lapa;41;PR;metropolitana;mata atlantica;859,99;Cfb;45620;65,29;94,14;74,34
4113254;Laranjal;41;PR;n„o metropolitana;mata atlantica;568,78;Cfa;5628;2,22;92,94;39,23
4113304;Laranjeiras Do Sul;41;PR;n„o metropolitana;mata atlantica;804;Cfb;31953;36,38;97,5;83,71
4113403;Le√≥polis;41;PR;n„o metropolitana;mata atlantica;407,7;Cfa;3940;29,43;91,85;80,83
4113429;Lidian√≥polis;41;PR;n„o metropolitana;mata atlantica;507,04;Cfa;3936;9,31;94,34;69,32
4113452;Lindoeste;41;PR;n„o metropolitana;mata atlantica;491,61;Cfa;5147;2,75;87,58;51,38
4113502;Loanda;41;PR;n„o metropolitana;mata atlantica;395,02;Cfa;23149;48,84;98,5;92,88
4113601;Lobato;41;PR;n„o metropolitana;mata atlantica;401,57;Cfa;4600;91,98;97,52;93,98
4113700;Londrina;41;PR;metropolitana;mata atlantica;570,24;Cfa;588125;86,31;99,44;98,08
4113734;Luiziana;41;PR;n„o metropolitana;mata atlantica;687,06;Cfa;6711;3,53;97,31;74,43
4113759;Lunardelli;41;PR;n„o metropolitana;mata atlantica;480,52;Cfa;5027;2,42;90,28;73,15
4113809;Lupion√≥polis;41;PR;n„o metropolitana;mata atlantica;379,32;Cfa;4812;37,81;99,42;93,16
4113908;Mallet;41;PR;n„o metropolitana;mata atlantica;919,36;Cfb;13378;22,32;95,03;66,92
4114005;Mambor√™;41;PR;n„o metropolitana;mata atlantica;644,25;Cfa;13404;43,69;96,15;81,34
4114104;Mandagua√ßu;41;PR;n„o metropolitana;mata atlantica;488,21;Cfa;31544;69,89;96,68;93,36
4114203;Mandaguari;41;PR;n„o metropolitana;mata atlantica;582,25;Cfa;36827;50,48;99,59;94,43
4114302;Mandirituba;41;PR;metropolitana;mata atlantica;913,38;Cfb;33795;40,01;95,52;76,43
4114351;Manfrin√≥polis;41;PR;n„o metropolitana;mata atlantica;628,88;Cfa;2775;2,07;89,21;27,28
4114401;Mangueirinha;41;PR;n„o metropolitana;mata atlantica;892,07;Cfb;17287;39,25;91,68;62,54
4114500;Manoel Ribas;41;PR;n„o metropolitana;mata atlantica;731,91;Cfa;13702;8,59;88,65;63,05
4114609;Marechal C√¢ndido Rondon;41;PR;n„o metropolitana;mata atlantica;313,65;Cfa;56530;32,88;99,44;87,38
4114708;Maria Helena;41;PR;n„o metropolitana;mata atlantica;363,64;Cfa;5872;15,85;94,37;69,98
4114807;Marialva;41;PR;n„o metropolitana;mata atlantica;473,1;Cfa;47028;45,39;92,34;83,8
4114906;Maril√¢ndia Do Sul;41;PR;n„o metropolitana;mata atlantica;761,1;Cfa;9757;1,93;96,31;74,92
4115002;Marilena;41;PR;n„o metropolitana;mata atlantica;344,02;Cfa;7220;11,64;89,4;81,08
4115101;Mariluz;41;PR;n„o metropolitana;mata atlantica;375,52;Cfa;9846;48,42;97,14;82,91
4115200;Maring√°;41;PR;metropolitana;mata atlantica;483,87;Cfa;454146;84,08;99,49;99,18
4115309;Mari√≥polis;41;PR;n„o metropolitana;mata atlantica;828,13;Cfb;6356;19,16;97,23;77,16
4115358;Marip√°;41;PR;n„o metropolitana;mata atlantica;398,16;Cfa;6639;27,53;96,78;72,1
4115408;Marmeleiro;41;PR;n„o metropolitana;mata atlantica;758,17;Cfb;15873;27,7;92,57;85,74
4115457;Marquinho;41;PR;n„o metropolitana;mata atlantica;757,33;Cfa;4348;4,25;89,26;46,65
4115507;Marumbi;41;PR;n„o metropolitana;mata atlantica;534,31;Cfa;4700;0,86;90,52;90,59
4115606;Matel√¢ndia;41;PR;n„o metropolitana;mata atlantica;376,67;Cfa;18472;57,41;97,51;89,78
4115705;Matinhos;41;PR;n„o metropolitana;mata atlantica;86,18;Cfa;39212;90,47;93,73;99,27
4115739;Mato Rico;41;PR;n„o metropolitana;mata atlantica;702,39;Cfa;3279;4,11;89,21;28,17
4115754;Mau√° Da Serra;41;PR;n„o metropolitana;mata atlantica;1003,45;Cfb;8937;3,22;90,05;92,24
4115804;Medianeira;41;PR;n„o metropolitana;mata atlantica;372,9;Cfa;54390;24,8;96,19;94,65
4115853;Mercedes;41;PR;n„o metropolitana;mata atlantica;300,92;Cfa;5945;16,35;96,16;60,81
4115903;Mirador;41;PR;n„o metropolitana;mata atlantica;319,71;Cfa;2240;9,99;97,21;80,83
4116000;Miraselva;41;PR;n„o metropolitana;mata atlantica;549,56;Cfa;1965;12,62;92,03;86,05
4116059;Missal;41;PR;n„o metropolitana;mata atlantica;288,84;Cfa;12951;19,82;73,77;83,71
4116109;Moreira Sales;41;PR;n„o metropolitana;mata atlantica;436,99;Cfa;11170;3,53;96,45;84,58
4116208;Morretes;41;PR;n„o metropolitana;mata atlantica;478,11;Cfa;18396;65,77;83,93;91,7
4116307;Munhoz De Melo;41;PR;n„o metropolitana;mata atlantica;530,18;Cfa;3937;8,09;93,08;82,65
4116406;Nossa Senhora Das Gra√ßas;41;PR;n„o metropolitana;mata atlantica;439,06;Cfa;3677;4,16;97,12;89,91
4116505;Nova Alian√ßa Do Iva√≠;41;PR;n„o metropolitana;mata atlantica;360,38;Cfa;1315;2,27;98,41;81,63
4116604;Nova Am√©rica Da Colina;41;PR;n„o metropolitana;mata atlantica;549,31;Cfa;3277;25,07;97,45;81,55
4116703;Nova Aurora;41;PR;n„o metropolitana;mata atlantica;444,98;Cfa;12848;5,35;95,14;79,38
4116802;Nova Cantu;41;PR;n„o metropolitana;mata atlantica;523,31;Cfa;6781;13,69;87,63;56,25
4116901;Nova Esperan√ßa;41;PR;n„o metropolitana;mata atlantica;479,05;Cfa;26616;52,55;94,71;90,48
4116950;Nova Esperan√ßa Do Sudoeste;41;PR;n„o metropolitana;mata atlantica;620,06;Cfa;5592;4,15;81,36;59,7
4117008;Nova F√°tima;41;PR;n„o metropolitana;mata atlantica;596,7;Cfa;7225;2,15;98,46;89,68
4117057;Nova Laranjeiras;41;PR;n„o metropolitana;mata atlantica;705,99;Cfa;14132;34,65;81,26;26,04
4117107;Nova Londrina;41;PR;n„o metropolitana;mata atlantica;378,64;Cfa;12911;75,51;96,42;92,3
4117206;Nova Ol√≠mpia;41;PR;n„o metropolitana;mata atlantica;372,71;Cfa;5834;4,06;99,06;89,4
4117214;Nova Santa B√°rbara;41;PR;n„o metropolitana;mata atlantica;698,43;Cfa;4183;36,2;94,68;88,67
4117222;Nova Santa Rosa;41;PR;n„o metropolitana;mata atlantica;356,56;Cfa;8292;3,86;99,81;74,06
4117255;Nova Prata Do Igua√ßu;41;PR;n„o metropolitana;mata atlantica;390,35;Cfa;10780;31,46;95,45;62,67
4117271;Nova Tebas;41;PR;n„o metropolitana;mata atlantica;607,66;Cfa;6848;6,34;88,82;54,29
4117297;Novo Itacolomi;41;PR;n„o metropolitana;mata atlantica;509,25;Cfa;4061;2,2;78,05;55,76
4117305;Ortigueira;41;PR;n„o metropolitana;mata atlantica;722,94;Cfa;26078;33,08;86,82;53,93
4117404;Ourizona;41;PR;n„o metropolitana;mata atlantica;398,09;Cfa;3184;1,47;98,53;91,28
4117453;Ouro Verde Do Oeste;41;PR;n„o metropolitana;mata atlantica;449,78;Cfa;6808;24,9;99,16;71,26
4117503;Pai√ßandu;41;PR;n„o metropolitana;mata atlantica;421,64;Cfa;49999;64,39;99,73;97,88
4117602;Palmas;41;PR;n„o metropolitana;mata atlantica;1144,11;Cfb;43769;66,52;98,52;93,66
4117701;Palmeira;41;PR;n„o metropolitana;mata atlantica;888,43;Cfb;36384;74,08;96,45;69,19
4117800;Palmital;41;PR;n„o metropolitana;mata atlantica;697,64;Cfa;13080;14,99;93,5;57,97
4117909;Palotina;41;PR;n„o metropolitana;mata atlantica;317,19;Cfa;35063;41,69;99,53;87,6
4118006;Para√≠so Do Norte;41;PR;n„o metropolitana;mata atlantica;324,36;Cfa;13246;14,7;95,39;95,52
4118105;Paranacity;41;PR;n„o metropolitana;mata atlantica;377,06;Cfa;9561;42,05;96,52;94,19
4118204;Paranagu√°;41;PR;n„o metropolitana;mata atlantica;66,19;Cfa;157043;81,65;98,37;98,37
4118303;Paranapoema;41;PR;n„o metropolitana;mata atlantica;326,33;Aw;2406;4,65;98,67;95,13
4118402;Paranava√≠;41;PR;n„o metropolitana;mata atlantica;409,85;Cfa;90969;78,12;98,96;96,19
4118451;Pato Bragado;41;PR;n„o metropolitana;mata atlantica;242,14;Cfa;5976;5,49;99,94;80,36
4118501;Pato Branco;41;PR;n„o metropolitana;mata atlantica;717,82;Cfa;94239;91,87;98,97;94,68
4118600;Paula Freitas;41;PR;n„o metropolitana;mata atlantica;795,53;Cfb;5616;33,53;95,59;62,9
4118709;Paulo Frontin;41;PR;n„o metropolitana;mata atlantica;805,29;Cfb;6460;25,39;96,05;44,94
4118808;Peabiru;41;PR;n„o metropolitana;mata atlantica;488,72;Cfa;13345;25,53;98,34;83,47
4118857;Perobal;41;PR;n„o metropolitana;mata atlantica;376,45;Cfa;7132;8,8;89,93;74,02
4118907;P√©rola;41;PR;n„o metropolitana;mata atlantica;337,38;Cfa;11885;16,04;87,93;87,03
4119004;P√©rola D'oeste;41;PR;n„o metropolitana;mata atlantica;409,29;Cfa;6197;38,25;95,71;59,76
4119103;Pi√™n;41;PR;metropolitana;mata atlantica;873,37;Cfb;13552;62,75;98,7;80,72
4119152;Pinhais;41;PR;metropolitana;mata atlantica;893,93;Cfb;131048;94,19;99,84;99,91
4119202;Pinhal√£o;41;PR;n„o metropolitana;mata atlantica;675,26;Cfa;6564;7,36;94,51;73,42
4119251;Pinhal De S√£o Bento;41;PR;n„o metropolitana;mata atlantica;510,1;Cfa;2762;17,52;78,1;83,7
4119301;Pinh√£o;41;PR;n„o metropolitana;mata atlantica;1021,85;Cfb;29931;23,96;88,57;66,07
4119400;Pira√≠ Do Sul;41;PR;n„o metropolitana;mata atlantica;1041,73;Cfb;23514;52,52;86,29;75,59
4119509;Piraquara;41;PR;metropolitana;mata atlantica;941,38;Cfb;131101;84,65;99,17;99,34
4119608;Pitanga;41;PR;n„o metropolitana;mata atlantica;844,13;Cfb;33640;36,59;89,82;63,64
4119657;Pitangueiras;41;PR;n„o metropolitana;mata atlantica;578,78;Cfa;3016;11,25;85,81;86,28
4119707;Planaltina Do Paran√°;41;PR;n„o metropolitana;mata atlantica;350,37;Cfa;4063;8,35;83;73,57
4119806;Planalto;41;PR;n„o metropolitana;mata atlantica;384,61;Cfa;14300;27,09;96,54;57,6
4119905;Ponta Grossa;41;PR;n„o metropolitana;mata atlantica;879,47;Cfb;391654;82,19;98,84;98,18
4119954;Pontal Do Paran√°;41;PR;n„o metropolitana;mata atlantica;13,23;Cfa;32985;70,55;99,04;98,77
4120002;Porecatu;41;PR;n„o metropolitana;mata atlantica;393,68;Cfa;11596;95,27;98,9;95,56
4120101;Porto Amazonas;41;PR;n„o metropolitana;mata atlantica;867,29;Cfb;5543;79,12;98,12;96,39
4120150;Porto Barreiro;41;PR;n„o metropolitana;mata atlantica;650,73;Cfa;3111;10,05;82,09;31,63
4120200;Porto Rico;41;PR;n„o metropolitana;mata atlantica;316,84;Cfa;3194;4,77;94,49;79,57
4120309;Porto Vit√≥ria;41;PR;n„o metropolitana;mata atlantica;891,74;Cfb;3484;41,27;89,23;66,08
4120333;Prado Ferreira;41;PR;n„o metropolitana;mata atlantica;497,46;Cfa;3663;30,93;94,62;89,72
4120358;Pranchita;41;PR;n„o metropolitana;mata atlantica;507,23;Cfa;5705;83,9;90,67;81,11
4120408;Presidente Castelo Branco;41;PR;n„o metropolitana;mata atlantica;532,33;Cfa;4334;8,6;98,51;90,73
4120507;Primeiro De Maio;41;PR;n„o metropolitana;mata atlantica;389,05;Cfa;10239;14,63;92,57;92
4120606;Prudent√≥polis;41;PR;n„o metropolitana;mata atlantica;766,64;Cfb;49395;41,93;95,4;63,39
4120655;Quarto Centen√°rio;41;PR;n„o metropolitana;mata atlantica;379,7;Cfa;4213;2,64;92,78;78,43
4120705;Quatigu√°;41;PR;n„o metropolitana;mata atlantica;589,65;Cfa;8092;82,53;97,76;94,05
4120804;Quatro Barras;41;PR;metropolitana;mata atlantica;934,01;Cfb;26452;83,66;98,32;97,73
4120853;Quatro Pontes;41;PR;n„o metropolitana;mata atlantica;411,7;Cfa;4051;23,72;98,81;67,01
4120903;Quedas Do Igua√ßu;41;PR;n„o metropolitana;mata atlantica;514,92;Cfa;30785;44,33;93,89;71,31
4121000;Quer√™ncia Do Norte;41;PR;n„o metropolitana;mata atlantica;280,33;Cfa;10708;10,73;90,88;68,67
4121109;Quinta Do Sol;41;PR;n„o metropolitana;mata atlantica;380,36;Cfa;5009;2,99;96,95;79,26
4121208;Quitandinha;41;PR;metropolitana;mata atlantica;864,83;Cfb;19240;25,58;95,71;70,73
4121257;Ramil√¢ndia;41;PR;n„o metropolitana;mata atlantica;445,61;Cfa;4848;39,63;94;54,05
4121307;Rancho Alegre;41;PR;n„o metropolitana;mata atlantica;385,96;Cfa;3511;16,47;98,3;92,02
4121356;Rancho Alegre D'oeste;41;PR;n„o metropolitana;mata atlantica;464,89;Cfa;2615;8,83;96,53;83,33
4121406;Realeza;41;PR;n„o metropolitana;mata atlantica;375,61;Cfa;18928;24,19;87,36;82,33
4121505;Rebou√ßas;41;PR;n„o metropolitana;mata atlantica;828,53;Cfb;14524;55,71;97,1;68,36
4121604;Renascen√ßa;41;PR;n„o metropolitana;mata atlantica;735,63;Cfb;6839;47;91,73;63,51
4121703;Reserva;41;PR;n„o metropolitana;mata atlantica;799,03;Cfb;26786;37,32;92,96;67,29
4121752;Reserva Do Igua√ßu;41;PR;n„o metropolitana;mata atlantica;923,73;Cfb;7009;40,43;86,67;66,03
4121802;Ribeir√£o Claro;41;PR;n„o metropolitana;mata atlantica;574,21;Cfa;12357;82,55;86,26;88,08
4121901;Ribeir√£o Do Pinhal;41;PR;n„o metropolitana;mata atlantica;563,1;Cfa;13053;55,36;97,42;91,79
4122008;Rio Azul;41;PR;n„o metropolitana;mata atlantica;894,09;Cfb;14032;49,47;93,82;67,12
4122107;Rio Bom;41;PR;n„o metropolitana;mata atlantica;587,77;Cfa;3755;1,27;96,36;73,58
4122156;Rio Bonito Do Igua√ßu;41;PR;n„o metropolitana;mata atlantica;595,91;Cfa;13955;8,22;84,85;31,2
4122172;Rio Branco Do Iva√≠;41;PR;n„o metropolitana;mata atlantica;628,1;Cfa;3866;13,15;90,09;65,28
4122206;Rio Branco Do Sul;41;PR;metropolitana;mata atlantica;773,15;Cfb;32566;54,69;78,14;82,38
4122305;Rio Negro;41;PR;metropolitana;mata atlantica;843;Cfb;31406;81,88;97,14;90,64
4122404;Rol√¢ndia;41;PR;n„o metropolitana;mata atlantica;647,69;Cfa;71344;50,75;99,27;95,16
4122503;Roncador;41;PR;n„o metropolitana;mata atlantica;685,65;Cfa;11253;13,31;92,79;65,5
4122602;Rondon;41;PR;n„o metropolitana;mata atlantica;401,79;Cfa;9093;54,12;96,8;84,33
4122651;Ros√°rio Do Iva√≠;41;PR;n„o metropolitana;mata atlantica;640,19;Cfa;5697;46,31;84,41;59,39
4122701;Sab√°udia;41;PR;n„o metropolitana;mata atlantica;617,5;Cfa;8819;4,03;91,27;79,91
4122800;Salgado Filho;41;PR;n„o metropolitana;mata atlantica;583,88;Cfa;4144;1,01;92,57;73,65
4122909;Salto Do Itarar√©;41;PR;n„o metropolitana;mata atlantica;585,9;Cfa;5195;21,59;92,37;76,66
4123006;Salto Do Lontra;41;PR;n„o metropolitana;mata atlantica;504,34;Cfa;14006;34,59;94,74;66,54
4123105;Santa Am√©lia;41;PR;n„o metropolitana;mata atlantica;500,51;Cfa;3396;6,45;92,72;81,64
4123204;Santa Cec√≠lia Do Pav√£o;41;PR;n„o metropolitana;mata atlantica;633,99;Cfa;3361;3,12;97,94;85,03
4123303;Santa Cruz De Monte Castelo;41;PR;n„o metropolitana;mata atlantica;311,2;Cfa;8630;4,1;85,05;80,96
4123402;Santa F√©;41;PR;n„o metropolitana;mata atlantica;488,85;Cfa;11397;21,87;94,29;88,42
4123501;Santa Helena;41;PR;n„o metropolitana;mata atlantica;260,8;Cfa;24917;41,29;95,68;86,75
4123600;Santa In√™s;41;PR;n„o metropolitana;mata atlantica;379,74;Cfa;1744;2,9;99,66;88,23
4123709;Santa Isabel Do Iva√≠;41;PR;n„o metropolitana;mata atlantica;315,95;Cfa;8897;44,87;96,46;84,88
4123808;Santa Izabel Do Oeste;41;PR;n„o metropolitana;mata atlantica;493,83;Cfa;12444;28,44;95,39;88,32
4123824;Santa L√∫cia;41;PR;n„o metropolitana;mata atlantica;388,86;Cfa;3668;1,85;81,82;70,27
4123857;Santa Maria Do Oeste;41;PR;n„o metropolitana;mata atlantica;930,19;Cfb;9811;11,35;86,08;36,57
4123907;Santa Mariana;41;PR;n„o metropolitana;mata atlantica;432,31;Cfa;11111;44,08;99,42;91,44
4123956;Santa M√¥nica;41;PR;n„o metropolitana;mata atlantica;311,12;Cfa;3357;2,18;89,24;79,58
4124004;Santana Do Itarar√©;41;PR;n„o metropolitana;mata atlantica;567;Cfa;5514;1,84;90,71;69,12
4124020;Santa Tereza Do Oeste;41;PR;n„o metropolitana;mata atlantica;667,09;Cfa;12928;13,7;96,27;85,49
4124053;Santa Terezinha De Itaipu;41;PR;n„o metropolitana;mata atlantica;261,62;Cfa;23236;34,41;97,97;94,03
4124103;Santo Ant√¥nio Da Platina;41;PR;n„o metropolitana;mata atlantica;521,64;Cfa;45261;81,23;93,93;88,86
4124202;Santo Ant√¥nio Do Caiu√°;41;PR;n„o metropolitana;mata atlantica;343,73;Cfa;2499;20,92;91,74;86,67
4124301;Santo Ant√¥nio Do Para√≠so;41;PR;n„o metropolitana;mata atlantica;799,96;Cfa;2122;2,77;97,34;81,94
4124400;Santo Ant√¥nio Do Sudoeste;41;PR;n„o metropolitana;mata atlantica;544,94;Cfa;19677;74,69;96,18;83,14
4124509;Santo In√°cio;41;PR;n„o metropolitana;mata atlantica;372,35;Cfa;6184;36,32;93,2;88,17
4124608;S√£o Carlos Do Iva√≠;41;PR;n„o metropolitana;mata atlantica;326,46;Cfa;6588;10,56;95,99;95,63
4124707;S√£o Jer√¥nimo Da Serra;41;PR;n„o metropolitana;mata atlantica;795,2;Cfb;10742;13,61;87,29;60,51
4124806;S√£o Jo√£o;41;PR;n„o metropolitana;mata atlantica;574,01;Cfa;11683;40,07;94,07;66,64
4124905;S√£o Jo√£o Do Caiu√°;41;PR;n„o metropolitana;mata atlantica;395,51;Cfa;5585;43,6;97,41;90,67
4125001;S√£o Jo√£o Do Iva√≠;41;PR;n„o metropolitana;mata atlantica;391,67;Cfa;10665;8,55;97,28;80,68
4125100;S√£o Jo√£o Do Triunfo;41;PR;n„o metropolitana;mata atlantica;845,44;Cfb;13725;10,18;91,22;39,76
4125209;S√£o Jorge D'oeste;41;PR;n„o metropolitana;mata atlantica;490,51;Cfa;9308;38,15;94,75;70,41
4125308;S√£o Jorge Do Iva√≠;41;PR;n„o metropolitana;mata atlantica;383,1;Cfa;5159;82,96;98,39;89,66
4125357;S√£o Jorge Do Patroc√≠nio;41;PR;n„o metropolitana;mata atlantica;269,58;Cfa;6520;1,56;99,75;77,47
4125407;S√£o Jos√© Da Boa Vista;41;PR;n„o metropolitana;mata atlantica;626,28;Cfa;5968;47,11;86,54;68,99
4125456;S√£o Jos√© Das Palmeiras;41;PR;n„o metropolitana;mata atlantica;346,63;Cfa;4063;2,05;89,86;67,7
4125506;S√£o Jos√© Dos Pinhais;41;PR;metropolitana;mata atlantica;885,31;Cfb;327746;90,44;98,85;98,13
4125555;S√£o Manoel Do Paran√°;41;PR;n„o metropolitana;mata atlantica;333,95;Cfa;2132;3,4;98,67;79,91
4125605;S√£o Mateus Do Sul;41;PR;n„o metropolitana;mata atlantica;794,75;Cfb;44313;60,23;96,23;67,09
4125704;S√£o Miguel Do Igua√ßu;41;PR;n„o metropolitana;mata atlantica;265,22;Cfa;29285;37,25;93,63;82,84
4125753;S√£o Pedro Do Igua√ßu;41;PR;n„o metropolitana;mata atlantica;484,14;Cfa;6854;1,19;97,07;70,73
4125803;S√£o Pedro Do Iva√≠;41;PR;n„o metropolitana;mata atlantica;378,72;Cfa;8691;46,94;95,7;90,52
4125902;S√£o Pedro Do Paran√°;41;PR;n„o metropolitana;mata atlantica;328,13;Cfa;2654;0,6;90,73;68,71
4126009;S√£o Sebasti√£o Da Amoreira;41;PR;n„o metropolitana;mata atlantica;659,93;Cfa;8070;2,64;96,05;89,05
4126108;S√£o Tom√©;41;PR;n„o metropolitana;mata atlantica;376,43;Cfa;5385;1,89;98,47;88,47
4126207;Sapopema;41;PR;n„o metropolitana;mata atlantica;712,4;Cfa;6444;51,23;85,68;63,76
4126256;Sarandi;41;PR;n„o metropolitana;mata atlantica;516,37;Cfa;126057;8,91;96,87;99
4126272;Saudade Do Igua√ßu;41;PR;n„o metropolitana;mata atlantica;613,51;Cfa;6137;1,9;95,05;61,68
4126306;Seng√©s;41;PR;n„o metropolitana;mata atlantica;901,34;Cfb;17112;45,02;88,91;85,4
4126355;Serran√≥polis Do Igua√ßu;41;PR;n„o metropolitana;mata atlantica;278,19;Cfa;5034;9,68;93,7;93,97
4126405;Sertaneja;41;PR;n„o metropolitana;mata atlantica;369,02;Cfa;5761;18,65;99,24;92
4126504;Sertan√≥polis;41;PR;n„o metropolitana;mata atlantica;433,45;Cfa;16694;45,58;98,82;89,04
4126603;Siqueira Campos;41;PR;n„o metropolitana;mata atlantica;651,03;Cfa;24083;67,84;92,36;90,02
4126652;Sulina;41;PR;n„o metropolitana;mata atlantica;548,43;Cfa;3440;2,34;90,81;63,24
4126678;Tamarana;41;PR;n„o metropolitana;mata atlantica;805,85;Cfa;12115;35,86;75,05;58,43
4126702;Tamboara;41;PR;n„o metropolitana;mata atlantica;400,92;Cfa;4879;0,97;96,38;86,95
4126801;Tapejara;41;PR;n„o metropolitana;mata atlantica;440,2;Cfa;15659;87,65;95,7;92,56
4126900;Tapira;41;PR;n„o metropolitana;mata atlantica;318;Cfa;5743;9,13;95,49;65,87
4127007;Teixeira Soares;41;PR;n„o metropolitana;mata atlantica;847,62;Cfb;9565;21,79;93,88;69,02
4127106;Tel√™maco Borba;41;PR;n„o metropolitana;mata atlantica;797,08;Cfb;73331;74,28;99,43;99,49
4127205;Terra Boa;41;PR;n„o metropolitana;mata atlantica;442,01;Cfa;18654;31,69;99,32;92,12
4127304;Terra Rica;41;PR;n„o metropolitana;mata atlantica;360,11;Cfa;14862;32,96;90,31;87,78
4127403;Terra Roxa;41;PR;n„o metropolitana;mata atlantica;311,21;Cfa;18448;42,27;97,62;83,29
4127502;Tibagi;41;PR;n„o metropolitana;mata atlantica;882,97;Cfb;18612;51,03;92,08;80,03
4127601;Tijucas Do Sul;41;PR;metropolitana;mata atlantica;933,08;Cfb;17717;47,16;91,86;82,69
4127700;Toledo;41;PR;n„o metropolitana;mata atlantica;503,2;Cfa;156123;58,96;99,23;92,42
4127809;Tomazina;41;PR;n„o metropolitana;mata atlantica;582,93;Cfa;9659;41,98;81,14;58,85
4127858;Tr√™s Barras Do Paran√°;41;PR;n„o metropolitana;mata atlantica;441,52;Cfa;11142;18,61;91,9;58,01
4127882;Tunas Do Paran√°;41;PR;metropolitana;mata atlantica;886,2;Cfb;8617;5,18;61,88;91,86
4127908;Tuneiras Do Oeste;41;PR;n„o metropolitana;mata atlantica;466,22;Cfa;10332;6,33;94,55;77,39
4127957;Tup√£ssi;41;PR;n„o metropolitana;mata atlantica;549,13;Cfa;8088;19,3;93,75;82,71
4127965;Turvo;41;PR;n„o metropolitana;mata atlantica;993,73;Cfb;16147;16,3;78,66;53,94
4128005;Ubirat√£;41;PR;n„o metropolitana;mata atlantica;420,47;Cfa;24733;24,72;97,51;86,73
4128104;Umuarama;41;PR;n„o metropolitana;mata atlantica;380,96;Cfa;117148;79,54;98,96;94,7
4128203;Uni√£o Da Vit√≥ria;41;PR;n„o metropolitana;mata atlantica;915,26;Cfb;55238;82,61;96,49;93,88
4128302;Uniflor;41;PR;n„o metropolitana;mata atlantica;458,82;Cfa;2136;1,69;88,42;83,09
4128401;Ura√≠;41;PR;n„o metropolitana;mata atlantica;459,1;Cfa;10378;56,61;96,98;86,93
4128500;Wenceslau Braz;41;PR;n„o metropolitana;mata atlantica;690,05;Cfa;18894;23,94;92,72;83,43
4128534;Ventania;41;PR;n„o metropolitana;mata atlantica;844,93;Cfb;9682;16,68;93,27;77,14
4128559;Vera Cruz Do Oeste;41;PR;n„o metropolitana;mata atlantica;524,43;Cfa;9326;42,27;91,71;80,4
4128609;Ver√™;41;PR;n„o metropolitana;mata atlantica;553,22;Cfa;7929;27,41;92,52;57,61
4128625;Alto Para√≠so;41;PR;n„o metropolitana;mata atlantica;297,1;Cfa;3059;8,22;81,98;72,27
4128633;Doutor Ulysses;41;PR;metropolitana;mata atlantica;769,46;Cfb;6216;57,03;71,16;27,36
4128658;Virmond;41;PR;n„o metropolitana;mata atlantica;728,28;Cfa;3813;3,59;92,49;61,93
4128708;Vitorino;41;PR;n„o metropolitana;mata atlantica;789,24;Cfb;9942;49,97;91,18;75,01
4128807;Xambr√™;41;PR;n„o metropolitana;mata atlantica;361,79;Cfa;5769;13,04;79,14;73,77
4200051;Abdon Batista;42;SC;n„o metropolitana;mata atlantica;808,38;Cfb;2600;44,56;91,73;42,91
4200101;Abelardo Luz;42;SC;n„o metropolitana;mata atlantica;892,41;Cfb;17389;13,06;91,45;58,9
4200200;Agrol√¢ndia;42;SC;n„o metropolitana;mata atlantica;636,59;Cfb;11010;79,91;93,11;95,14
4200309;Agron√¥mica;42;SC;n„o metropolitana;mata atlantica;481,68;Cfa;6055;53,38;90,27;69,67
4200408;√Ågua Doce;42;SC;n„o metropolitana;mata atlantica;1180,29;Cfb;6286;71,5;88,88;72,35
4200507;√Åguas De Chapec√≥;42;SC;n„o metropolitana;mata atlantica;329,51;Cfa;5872;10,73;90,86;54,03
4200556;√Åguas Frias;42;SC;n„o metropolitana;mata atlantica;379,36;Cfa;2802;37,29;88,68;48,9
4200606;√Åguas Mornas;42;SC;metropolitana;mata atlantica;590,35;Cfb;6765;68,87;58,94;93,73
4200705;Alfredo Wagner;42;SC;metropolitana;mata atlantica;828,81;Cfb;10455;55,31;66,68;55,21
4200754;Alto Bela Vista;42;SC;n„o metropolitana;mata atlantica;453,26;Cfa;1859;40,12;89,53;58,7
4200804;Anchieta;42;SC;n„o metropolitana;mata atlantica;620,55;Cfa;5942;15,78;92,97;62,17
4200903;Angelina;42;SC;metropolitana;mata atlantica;660,52;Cfb;5497;63,4;69,37;85,49
4201000;Anita Garibaldi;42;SC;n„o metropolitana;mata atlantica;827,78;Cfb;8286;58,1;84,83;79,1
4201109;Anit√°polis;42;SC;metropolitana;mata atlantica;764,95;Cfb;3463;58,05;81,11;90,6
4201208;Ant√¥nio Carlos;42;SC;metropolitana;mata atlantica;360,19;Cfa;11295;61,54;71,49;94,37
4201257;Api√∫na;42;SC;n„o metropolitana;mata atlantica;469,42;Cfa;11926;79,26;78,4;93,16
4201273;Arabut√£;42;SC;n„o metropolitana;mata atlantica;563,7;Cfa;4378;72,66;78,79;66,84
4201307;Araquari;42;SC;n„o metropolitana;mata atlantica;15,76;Cfa;45462;64,37;97,22;96,95
4201406;Ararangu√°;42;SC;n„o metropolitana;mata atlantica;12,36;Cfa;72138;77,7;97,09;94,55
4201505;Armaz√©m;42;SC;n„o metropolitana;mata atlantica;214,06;Cfa;8825;81;82,27;81,08
4201604;Arroio Trinta;42;SC;n„o metropolitana;mata atlantica;916,04;Cfb;3556;67,25;85,2;90,02
4201653;Arvoredo;42;SC;n„o metropolitana;mata atlantica;591,11;Cfa;2539;45,47;81,24;35,61
4201703;Ascurra;42;SC;n„o metropolitana;mata atlantica;272,79;Cfa;8408;86,95;96,73;99,36
4201802;Atalanta;42;SC;n„o metropolitana;mata atlantica;598,89;Cfa;3218;81,35;92,03;78,45
4201901;Aurora;42;SC;n„o metropolitana;mata atlantica;579,75;Cfa;6810;62,38;72,25;62,15
4201950;Balne√°rio Arroio Do Silva;42;SC;n„o metropolitana;mata atlantica;7,18;Cfa;15693;97,68;99,61;99,3
4202008;Balne√°rio Cambori√∫;42;SC;n„o metropolitana;mata atlantica;53,68;Cfa;140036;98,98;99,03;99,96
4202057;Balne√°rio Barra Do Sul;42;SC;n„o metropolitana;mata atlantica;13,68;Cfa;14885;83,72;99,06;99,41
4202073;Balne√°rio Gaivota;42;SC;n„o metropolitana;mata atlantica;7,53;Cfa;15353;95,16;98,65;97,89
4202081;Bandeirante;42;SC;n„o metropolitana;mata atlantica;428,23;Cfa;3144;17,24;90,43;35,15
4202099;Barra Bonita;42;SC;n„o metropolitana;mata atlantica;440,04;Cfa;1608;12,65;93,93;37,61
4202107;Barra Velha;42;SC;n„o metropolitana;mata atlantica;33,03;Cfa;45633;88,52;98,64;96,69
4202131;Bela Vista Do Toldo;42;SC;n„o metropolitana;mata atlantica;909,04;Cfb;5863;27,83;96,55;23,42
4202156;Belmonte;42;SC;n„o metropolitana;mata atlantica;442,83;Cfa;2703;13,78;89,38;56,51
4202206;Benedito Novo;42;SC;n„o metropolitana;mata atlantica;624,9;Cfb;10484;78,29;83,3;91,21
4202305;Bigua√ßu;42;SC;metropolitana;mata atlantica;139,6;Cfa;78623;85,33;85,83;99,08
4202404;Blumenau;42;SC;metropolitana;mata atlantica;244,81;Cfa;363340;92,22;98,04;99,76
4202438;Bocaina Do Sul;42;SC;n„o metropolitana;mata atlantica;986;Cfb;3514;31,96;70,54;40,02
4202453;Bombinhas;42;SC;n„o metropolitana;mata atlantica;38,82;Cfa;24416;94,56;94,34;99,87
4202503;Bom Jardim Da Serra;42;SC;n„o metropolitana;mata atlantica;1322,33;Cfb;4362;41,16;79,2;66,97
4202537;Bom Jesus;42;SC;n„o metropolitana;mata atlantica;695,1;Cfb;2721;57,7;94,12;66,45
4202578;Bom Jesus Do Oeste;42;SC;n„o metropolitana;mata atlantica;635,64;Cfa;2182;19,68;95,68;58,87
4202602;Bom Retiro;42;SC;n„o metropolitana;mata atlantica;1004,32;Cfb;8698;78,8;90,46;85,62
4202701;Botuver√°;42;SC;n„o metropolitana;mata atlantica;435,49;Cfa;5368;42,19;84,26;92,91
4202800;Bra√ßo Do Norte;42;SC;n„o metropolitana;mata atlantica;230,27;Cfa;34113;72,25;94,72;92,07
4202859;Bra√ßo Do Trombudo;42;SC;n„o metropolitana;mata atlantica;571,02;Cfa;3954;71,31;94,91;95,18
4202875;Brun√≥polis;42;SC;n„o metropolitana;mata atlantica;875,16;Cfb;2488;40,56;80,11;55,3
4202909;Brusque;42;SC;n„o metropolitana;mata atlantica;184,29;Cfa;141676;89,32;96,32;99,38
4203006;Ca√ßador;42;SC;n„o metropolitana;mata atlantica;1065,99;Cfb;74105;72,75;95,84;93,64
4203105;Caibi;42;SC;n„o metropolitana;mata atlantica;351,7;Cfa;6199;22,37;82,92;61,55
4203154;Calmon;42;SC;n„o metropolitana;mata atlantica;1157,78;Cfb;3465;63,92;96,55;67,93
4203204;Cambori√∫;42;SC;n„o metropolitana;mata atlantica;177,06;Cfa;112167;89,73;97,16;99,68
4203253;Cap√£o Alto;42;SC;n„o metropolitana;mata atlantica;950,22;Cfb;2892;37,07;73,37;53,13
4203303;Campo Alegre;42;SC;n„o metropolitana;mata atlantica;915,21;Cfb;12318;90,09;90,44;85,67
4203402;Campo Belo Do Sul;42;SC;n„o metropolitana;mata atlantica;897,98;Cfb;7345;64,93;89,38;64,46
4203501;Campo Er√™;42;SC;n„o metropolitana;mata atlantica;798,18;Cfb;9562;24,18;94,07;71,19
4203600;Campos Novos;42;SC;n„o metropolitana;mata atlantica;852,13;Cfb;36976;71,98;96,61;85,25
4203709;Canelinha;42;SC;metropolitana;mata atlantica;161,56;Cfa;12759;48,49;89,2;96,01
4203808;Canoinhas;42;SC;n„o metropolitana;mata atlantica;831,38;Cfb;54848;62,64;97,99;86,04
4203907;Capinzal;42;SC;n„o metropolitana;mata atlantica;649,04;Cfb;23184;62,56;94,93;95,38
4203956;Capivari De Baixo;42;SC;n„o metropolitana;mata atlantica;13,56;Cfa;22873;94,35;97,86;99,7
4204004;Catanduvas;42;SC;n„o metropolitana;mata atlantica;910,34;Cfb;10565;69,24;96,75;88,8
4204103;Caxambu Do Sul;42;SC;n„o metropolitana;mata atlantica;362,01;Cfa;4614;14,96;82,22;55,54
4204152;Celso Ramos;42;SC;n„o metropolitana;mata atlantica;734,09;Cfb;2802;35,1;90,49;71,47
4204178;Cerro Negro;42;SC;n„o metropolitana;mata atlantica;867,31;Cfb;3318;26,64;82,64;26,91
4204194;Chapad√£o Do Lageado;42;SC;n„o metropolitana;mata atlantica;603,42;Cfb;2949;54,31;76,56;48,8
4204202;Chapec√≥;42;SC;metropolitana;mata atlantica;581,79;Cfa;251150;63,7;92,53;95,13
4204251;Cocal Do Sul;42;SC;n„o metropolitana;mata atlantica;101,55;Cfa;17241;70,04;98,58;98,05
4204301;Conc√≥rdia;42;SC;n„o metropolitana;mata atlantica;589,59;Cfa;81625;80,32;96,02;91,1
4204350;Cordilheira Alta;42;SC;n„o metropolitana;mata atlantica;643,6;Cfa;4735;40,16;59,21;64,87
4204400;Coronel Freitas;42;SC;n„o metropolitana;mata atlantica;462,49;Cfa;10303;56,66;92,84;62,29
4204459;Coronel Martins;42;SC;n„o metropolitana;mata atlantica;617,25;Cfa;2069;22,9;79,27;52,03
4204509;Corup√°;42;SC;n„o metropolitana;mata atlantica;576,45;Cfb;15287;75,51;91,85;94,34
4204558;Correia Pinto;42;SC;n„o metropolitana;mata atlantica;906,46;Cfb;15720;69,72;94,66;85,47
4204608;Crici√∫ma;42;SC;metropolitana;mata atlantica;50,64;Cfa;231088;91,81;98,46;99,43
4204707;Cunha Por√£;42;SC;n„o metropolitana;mata atlantica;525,87;Cfa;10904;25,79;93,82;68,87
4204756;Cunhata√≠;42;SC;n„o metropolitana;mata atlantica;462,62;Cfa;1757;25,77;93,28;47,91
4204806;Curitibanos;42;SC;n„o metropolitana;mata atlantica;914,13;Cfb;40289;67,61;90,68;92,81
4204905;Descanso;42;SC;n„o metropolitana;mata atlantica;441,97;Cfa;8559;13,89;89,13;60,15
4205001;Dion√≠sio Cerqueira;42;SC;n„o metropolitana;mata atlantica;721,99;Cfa;14989;41,36;96,32;70,5
4205100;Dona Emma;42;SC;n„o metropolitana;mata atlantica;521,83;Cfa;4006;60,02;93,91;71,82
4205159;Doutor Pedrinho;42;SC;n„o metropolitana;mata atlantica;792,95;Cfb;3670;60,87;78,44;87,65
4205175;Entre Rios;42;SC;n„o metropolitana;mata atlantica;499,14;Cfa;3322;8,42;82,92;26,96
4205191;Ermo;42;SC;n„o metropolitana;mata atlantica;22,25;Cfa;2270;92;94,46;76,93
4205209;Erval Velho;42;SC;n„o metropolitana;mata atlantica;758,13;Cfb;4824;58,88;90,71;77,12
4205308;Faxinal Dos Guedes;42;SC;n„o metropolitana;mata atlantica;843,65;Cfb;10965;70,56;88,03;93,04
4205357;Flor Do Sert√£o;42;SC;n„o metropolitana;mata atlantica;373,05;Cfa;1784;14,89;98,39;30,38
4205407;Florian√≥polis;42;SC;metropolitana;mata atlantica;45,05;Cfa;574200;88,66;96,7;99,82
4205431;Formosa Do Sul;42;SC;n„o metropolitana;mata atlantica;592,8;Cfa;2682;64,94;83,4;86,85
4205456;Forquilhinha;42;SC;n„o metropolitana;mata atlantica;19,09;Cfa;31692;80,83;99,1;94,45
4205506;Fraiburgo;42;SC;n„o metropolitana;mata atlantica;1000,09;Cfb;33662;72,07;92,61;89,22
4205555;Frei Rog√©rio;42;SC;n„o metropolitana;mata atlantica;865,89;Cfb;2411;36,11;72,34;53,41
4205605;Galv√£o;42;SC;n„o metropolitana;mata atlantica;721,49;Cfb;3219;10,55;93,2;68,52
4205704;Garopaba;42;SC;metropolitana;mata atlantica;85,36;Cfa;29801;47,07;90,53;98,86
4205803;Garuva;42;SC;n„o metropolitana;mata atlantica;360,52;Cfa;18697;58,18;85,17;97,59
4205902;Gaspar;42;SC;n„o metropolitana;mata atlantica;138,03;Cfa;73053;87,4;98,38;99,17
4206009;Governador Celso Ramos;42;SC;metropolitana;mata atlantica;85,3;Cfa;17306;74,71;94,51;99,06
4206108;Gr√£o Par√°;42;SC;n„o metropolitana;mata atlantica;430,58;Cfa;6149;68,45;82,91;67,3
4206207;Gravatal;42;SC;n„o metropolitana;mata atlantica;143,79;Cfa;14022;78,16;69,56;83,47
4206306;Guabiruba;42;SC;n„o metropolitana;mata atlantica;241,98;Cfa;24578;92,96;92,09;98,98
4206405;Guaraciaba;42;SC;n„o metropolitana;mata atlantica;553,7;Cfa;11154;46,6;88,68;68,36
4206504;Guaramirim;42;SC;n„o metropolitana;mata atlantica;59,51;Cfa;46502;78,33;96,68;98,72
4206603;Guaruj√° Do Sul;42;SC;n„o metropolitana;mata atlantica;683,34;Cfa;4819;35,92;97,3;74,46
4206652;Guatamb√∫;42;SC;n„o metropolitana;mata atlantica;504,04;Cfa;8400;14,28;87,2;44,52
4206702;Herval D'oeste;42;SC;n„o metropolitana;mata atlantica;787,44;Cfb;21339;89,76;95,87;91,3
4206751;Ibiam;42;SC;n„o metropolitana;mata atlantica;893,99;Cfb;2003;46,56;95,36;42,08
4206801;Ibicar√©;42;SC;n„o metropolitana;mata atlantica;755,38;Cfb;3267;71,05;91,55;70,14
4206900;Ibirama;42;SC;n„o metropolitana;mata atlantica;432,62;Cfa;21425;92,59;95,72;94,38
4207007;I√ßara;42;SC;n„o metropolitana;mata atlantica;22,22;Cfa;64456;74,08;97,94;93,03
4207106;Ilhota;42;SC;n„o metropolitana;mata atlantica;104,7;Cfa;20319;53,85;86,58;96,96
4207205;Imaru√≠;42;SC;n„o metropolitana;mata atlantica;169,65;Cfa;12331;70,21;71,73;55,77
4207304;Imbituba;42;SC;n„o metropolitana;mata atlantica;31,22;Cfa;54258;61,56;97,83;98,23
4207403;Imbuia;42;SC;n„o metropolitana;mata atlantica;746,93;Cfb;5988;58,39;88,92;79,03
4207502;Indaial;42;SC;n„o metropolitana;mata atlantica;388,68;Cfa;71369;88,46;98,66;98,48
4207577;Iomer√™;42;SC;n„o metropolitana;mata atlantica;861,99;Cfb;2865;41,6;97,07;97,52
4207601;Ipira;42;SC;n„o metropolitana;mata atlantica;581,55;Cfa;4580;62,62;92,28;81,97
4207650;Ipor√£ Do Oeste;42;SC;n„o metropolitana;mata atlantica;432,28;Cfa;9333;33,29;94,84;71,84
4207684;Ipua√ßu;42;SC;n„o metropolitana;mata atlantica;661,77;Cfa;7726;8,95;59,42;35,68
4207700;Ipumirim;42;SC;n„o metropolitana;mata atlantica;751,26;Cfb;7815;65;84,02;94,05
4207759;Iraceminha;42;SC;n„o metropolitana;mata atlantica;419,49;Cfa;3987;16,25;87,63;37,09
4207809;Irani;42;SC;n„o metropolitana;mata atlantica;886,77;Cfb;10014;46,66;91,69;78,09
4207858;Irati;42;SC;n„o metropolitana;mata atlantica;547,95;Cfa;2069;1,36;97,28;62,84
4207908;Irine√≥polis;42;SC;n„o metropolitana;mata atlantica;830;Cfb;10298;46,98;90,75;72,01
4208005;It√°;42;SC;n„o metropolitana;mata atlantica;428,8;Cfa;7063;66,68;88,02;84,2
4208104;Itai√≥polis;42;SC;n„o metropolitana;mata atlantica;812,19;Cfb;22065;50,38;93,5;66,89
4208203;Itaja√≠;42;SC;metropolitana;mata atlantica;67,55;Cfa;291169;89,05;97,93;99,81
4208302;Itapema;42;SC;n„o metropolitana;mata atlantica;125,12;Cfa;76247;87,79;93,66;99,81
4208401;Itapiranga;42;SC;n„o metropolitana;mata atlantica;272,97;Cfa;16503;60,81;96,36;73,61
4208450;Itapo√°;42;SC;n„o metropolitana;mata atlantica;27,51;Cfa;30731;90,29;97,35;98,19
4208500;Ituporanga;42;SC;n„o metropolitana;mata atlantica;554,88;Cfa;26694;81,6;90,97;72,28
4208609;Jabor√°;42;SC;n„o metropolitana;mata atlantica;785,38;Cfb;4314;44,62;74,31;56,32
4208708;Jacinto Machado;42;SC;n„o metropolitana;mata atlantica;228,72;Cfa;10624;83,56;83,68;71,47
4208807;Jaguaruna;42;SC;n„o metropolitana;mata atlantica;18,67;Cfa;19538;77,61;97,56;93,87
4208906;Jaragu√° Do Sul;42;SC;n„o metropolitana;mata atlantica;316,14;Cfa;193304;88,3;97,98;99,4
4208955;Jardin√≥polis;42;SC;n„o metropolitana;mata atlantica;515,64;Cfa;1785;24,44;93,84;55,97
4209003;Joa√ßaba;42;SC;n„o metropolitana;mata atlantica;761,95;Cfb;29976;85,45;97,25;94,59
4209102;Joinville;42;SC;metropolitana;mata atlantica;311,33;Cfa;617979;75,74;98,29;99,85
4209151;Jos√© Boiteux;42;SC;n„o metropolitana;mata atlantica;609,5;Cfb;5991;79,26;89,52;78,5
4209177;Jupi√°;42;SC;n„o metropolitana;mata atlantica;765,95;Cfb;2542;1,78;94,06;47,1
4209201;Lacerd√≥polis;42;SC;n„o metropolitana;mata atlantica;665,42;Cfb;2256;87,28;72,11;90,31
4209300;Lages;42;SC;n„o metropolitana;mata atlantica;986,79;Cfb;164881;85,93;98,84;98,11
4209409;Laguna;42;SC;n„o metropolitana;mata atlantica;18,99;Cfa;41269;68,24;87,42;96,53
4209458;Lajeado Grande;42;SC;n„o metropolitana;mata atlantica;593,94;Cfa;1682;22,4;76,47;53,39
4209508;Laurentino;42;SC;n„o metropolitana;mata atlantica;480,81;Cfa;7524;78,14;94,15;89,57
4209607;Lauro M√ºller;42;SC;n„o metropolitana;mata atlantica;471;Cfa;14192;73,07;92,53;92,34
4209706;Lebon R√©gis;42;SC;n„o metropolitana;mata atlantica;1104,73;Cfb;11553;48,54;94,39;68,45
4209805;Leoberto Leal;42;SC;metropolitana;mata atlantica;727,44;Cfb;3334;42,4;77,35;36,11
4209854;Lind√≥ia Do Sul;42;SC;n„o metropolitana;mata atlantica;799,58;Cfb;4549;74,67;95,61;86,33
4209904;Lontras;42;SC;n„o metropolitana;mata atlantica;531,23;Cfa;12913;75,51;94,3;94,26
4210001;Luiz Alves;42;SC;n„o metropolitana;mata atlantica;194,49;Cfa;12249;41,9;81,57;88,31
4210035;Luzerna;42;SC;n„o metropolitana;mata atlantica;763,13;Cfb;5760;82,36;93,43;90,55
4210050;Macieira;42;SC;n„o metropolitana;mata atlantica;1095,43;Cfb;1778;31,4;83,12;72,96
4210100;Mafra;42;SC;n„o metropolitana;mata atlantica;850,59;Cfb;55463;75,46;95,52;82,4
4210209;Major Gercino;42;SC;metropolitana;mata atlantica;600,54;Cfb;3887;53,16;77,37;85,06
4210308;Major Vieira;42;SC;n„o metropolitana;mata atlantica;861,38;Cfb;7359;36,81;95,85;58,39
4210407;Maracaj√°;42;SC;n„o metropolitana;mata atlantica;13,28;Cfa;7825;86,68;98,19;97,64
4210506;Maravilha;42;SC;n„o metropolitana;mata atlantica;566,84;Cfa;28045;42,16;96,6;91,2
4210555;Marema;42;SC;n„o metropolitana;mata atlantica;482,24;Cfa;2177;16,72;52,43;55,85
4210605;Massaranduba;42;SC;n„o metropolitana;mata atlantica;168,34;Cfa;18922;86,02;95,55;85,87
4210704;Matos Costa;42;SC;n„o metropolitana;mata atlantica;1099,08;Cfb;2762;29,18;90,64;64,34
4210803;Meleiro;42;SC;n„o metropolitana;mata atlantica;32,09;Cfa;6940;88,46;95,2;68,27
4210852;Mirim Doce;42;SC;n„o metropolitana;mata atlantica;707,87;Cfb;2502;79,26;79,39;54,74
4210902;Modelo;42;SC;n„o metropolitana;mata atlantica;522,33;Cfa;4085;25,37;97,8;80,28
4211009;Monda√≠;42;SC;n„o metropolitana;mata atlantica;284,18;Cfa;9961;27,16;97,03;73,33
4211058;Monte Carlo;42;SC;n„o metropolitana;mata atlantica;959,11;Cfb;9131;45,45;96,41;89,4
4211108;Monte Castelo;42;SC;n„o metropolitana;mata atlantica;922,48;Cfb;7754;42,33;95,52;78,05
4211207;Morro Da Fuma√ßa;42;SC;n„o metropolitana;mata atlantica;42,76;Cfa;18687;54,04;91,44;96,31
4211256;Morro Grande;42;SC;n„o metropolitana;mata atlantica;355,88;Cfa;2982;98,09;90,9;70,79
4211306;Navegantes;42;SC;n„o metropolitana;mata atlantica;34,74;Cfa;88655;87,57;97,44;99,6
4211405;Nova Erechim;42;SC;n„o metropolitana;mata atlantica;375,68;Cfa;5179;88,33;98,58;82,86
4211454;Nova Itaberaba;42;SC;n„o metropolitana;mata atlantica;441,68;Cfa;4432;10,28;73,94;49,34
4211504;Nova Trento;42;SC;metropolitana;mata atlantica;389,08;Cfa;13645;70,56;85,07;84,06
4211603;Nova Veneza;42;SC;n„o metropolitana;mata atlantica;170,15;Cfa;13396;72,02;96,44;91,89
4211652;Novo Horizonte;42;SC;n„o metropolitana;mata atlantica;701,47;Cfa;2652;18,75;85,66;39,22
4211702;Orleans;42;SC;n„o metropolitana;mata atlantica;413,74;Cfa;23531;73,11;90,75;79,21
4211751;Otac√≠lio Costa;42;SC;n„o metropolitana;mata atlantica;873,01;Cfb;17357;85,44;98,18;96,59
4211801;Ouro;42;SC;n„o metropolitana;mata atlantica;650,78;Cfb;7025;88,4;91,78;88,19
4211850;Ouro Verde;42;SC;n„o metropolitana;mata atlantica;822,52;Cfb;2168;18,61;90,77;60,17
4211876;Paial;42;SC;n„o metropolitana;mata atlantica;418,93;Cfa;1931;20,8;94,35;47,45
4211892;Painel;42;SC;n„o metropolitana;mata atlantica;1195,84;Cfb;2199;50,28;81,07;50,54
4211900;Palho√ßa;42;SC;metropolitana;mata atlantica;162,36;Cfa;236638;84,12;94,96;99,21
4212007;Palma Sola;42;SC;n„o metropolitana;mata atlantica;740,21;Cfb;7601;16,11;93,94;79,42
4212056;Palmeira;42;SC;n„o metropolitana;mata atlantica;874,39;Cfb;2627;48,44;82,76;58,75
4212106;Palmitos;42;SC;n„o metropolitana;mata atlantica;349,16;Cfa;15627;15,4;94,99;71,46
4212205;Papanduva;42;SC;n„o metropolitana;mata atlantica;752,14;Cfb;19132;68,11;95,61;64,58
4212239;Para√≠so;42;SC;n„o metropolitana;mata atlantica;475,5;Cfa;4437;11,88;88,44;45,92
4212254;Passo De Torres;42;SC;n„o metropolitana;mata atlantica;6,64;Cfa;12875;17,29;96,23;97,9
4212270;Passos Maia;42;SC;n„o metropolitana;mata atlantica;1028,71;Cfb;4025;49,4;87,22;49,23
4212304;Paulo Lopes;42;SC;metropolitana;mata atlantica;343,36;Cfa;9326;34,72;68,07;97,16
4212403;Pedras Grandes;42;SC;n„o metropolitana;mata atlantica;241,01;Cfa;4233;57,1;79,03;77,99
4212502;Penha;42;SC;n„o metropolitana;mata atlantica;48,91;Cfa;33400;91,16;96,62;99,37
4212601;Peritiba;42;SC;n„o metropolitana;mata atlantica;588,23;Cfa;2993;71,84;94,13;86,57
4212650;Pescaria Brava;42;SC;n„o metropolitana;mata atlantica;10;Cfa;10224;0;0;0
4212700;Petrol√¢ndia;42;SC;n„o metropolitana;mata atlantica;684,21;Cfb;6718;45,81;83,04;82,51
4212809;Balne√°rio Pi√ßarras;42;SC;n„o metropolitana;mata atlantica;28,21;Cfa;28177;91,33;99,01;98,23
4212908;Pinhalzinho;42;SC;n„o metropolitana;mata atlantica;462,36;Cfa;21495;95,2;96,12;90,48
4213005;Pinheiro Preto;42;SC;n„o metropolitana;mata atlantica;800,17;Cfb;3469;61,59;87,99;93,46
4213104;Piratuba;42;SC;n„o metropolitana;mata atlantica;538,63;Cfa;5746;50,58;85,35;73,24
4213153;Planalto Alegre;42;SC;n„o metropolitana;mata atlantica;471,96;Cfa;2946;15,92;91,42;50,24
4213203;Pomerode;42;SC;n„o metropolitana;mata atlantica;222,09;Cfa;34699;92,66;97,54;98,2
4213302;Ponte Alta;42;SC;n„o metropolitana;mata atlantica;903,84;Cfb;4437;41,29;89,32;88,07
4213351;Ponte Alta Do Norte;42;SC;n„o metropolitana;mata atlantica;1026,77;Cfb;3217;84,73;96,64;93,99
4213401;Ponte Serrada;42;SC;n„o metropolitana;mata atlantica;1020,69;Cfb;10414;42,8;86,6;89,06
4213500;Porto Belo;42;SC;n„o metropolitana;mata atlantica;79,53;Cfa;27726;77,53;87,2;98,47
4213609;Porto Uni√£o;42;SC;n„o metropolitana;mata atlantica;965,76;Cfb;32190;76,37;96,63;92,4
4213708;Pouso Redondo;42;SC;n„o metropolitana;mata atlantica;525,06;Cfa;17143;85,15;94,26;76,22
4213807;Praia Grande;42;SC;n„o metropolitana;mata atlantica;322,49;Cfa;8131;77,53;85,38;87,24
4213906;Presidente Castello Branco;42;SC;n„o metropolitana;mata atlantica;682,29;Cfb;1692;37,38;86,54;98,13
4214003;Presidente Get√∫lio;42;SC;n„o metropolitana;mata atlantica;479,2;Cfa;21231;87,47;95,56;91,42
4214102;Presidente Nereu;42;SC;n„o metropolitana;mata atlantica;567,25;Cfb;2300;59,48;85,27;87,58
4214151;Princesa;42;SC;n„o metropolitana;mata atlantica;614,73;Cfa;2964;23,35;95,45;66,47
4214201;Quilombo;42;SC;n„o metropolitana;mata atlantica;488,1;Cfa;11027;35,31;87,98;61,92
4214300;Rancho Queimado;42;SC;metropolitana;mata atlantica;883,42;Cfb;3252;53,6;74;91,94
4214409;Rio Das Antas;42;SC;n„o metropolitana;mata atlantica;939,14;Cfb;6221;43,97;91,25;77,73
4214508;Rio Do Campo;42;SC;n„o metropolitana;mata atlantica;732,41;Cfb;6447;74,69;92,07;82,27
4214607;Rio Do Oeste;42;SC;n„o metropolitana;mata atlantica;413,95;Cfa;7623;68,91;89,61;89,28
4214706;Rio Dos Cedros;42;SC;n„o metropolitana;mata atlantica;669,2;Cfb;10879;82,15;84,88;96,96
4214805;Rio Do Sul;42;SC;n„o metropolitana;mata atlantica;528,51;Cfa;70952;84,05;97,52;98,37
4214904;Rio Fortuna;42;SC;n„o metropolitana;mata atlantica;378,52;Cfa;4885;31,02;81,86;81,17
4215000;Rio Negrinho;42;SC;n„o metropolitana;mata atlantica;913,98;Cfb;38531;79,43;99,37;96,74
4215059;Rio Rufino;42;SC;n„o metropolitana;mata atlantica;1133,89;Cfb;2432;53,43;75,89;85,34
4215075;Riqueza;42;SC;n„o metropolitana;mata atlantica;339,18;Cfa;4769;25,73;93,58;58,73
4215109;Rodeio;42;SC;n„o metropolitana;mata atlantica;273,04;Cfa;12715;87,34;88,89;92,64
4215208;Romel√¢ndia;42;SC;n„o metropolitana;mata atlantica;470,03;Cfa;4826;8,07;93,7;48,4
4215307;Salete;42;SC;n„o metropolitana;mata atlantica;620,89;Cfb;7502;59,79;88,64;78,8
4215356;Saltinho;42;SC;n„o metropolitana;mata atlantica;669,89;Cfa;3626;32,79;94,65;44,35
4215406;Salto Veloso;42;SC;n„o metropolitana;mata atlantica;983,71;Cfb;4416;83,19;88,96;92,11
4215455;Sang√£o;42;SC;n„o metropolitana;mata atlantica;38,69;Cfa;12995;18,05;83,07;88,78
4215505;Santa Cec√≠lia;42;SC;n„o metropolitana;mata atlantica;1100,92;Cfb;15247;76,74;94,89;91,34
4215554;Santa Helena;42;SC;n„o metropolitana;mata atlantica;411,19;Cfa;2427;10,67;89,61;58,31
4215604;Santa Rosa De Lima;42;SC;n„o metropolitana;mata atlantica;499,01;Cfa;2002;54,74;70,55;74,71
4215653;Santa Rosa Do Sul;42;SC;n„o metropolitana;mata atlantica;32,77;Cfa;9308;81,92;92,46;92,57
4215679;Santa Terezinha;42;SC;n„o metropolitana;mata atlantica;632,84;Cfb;8061;41,02;88;45,1
4215687;Santa Terezinha Do Progresso;42;SC;n„o metropolitana;mata atlantica;546,96;Cfa;2580;20,51;92,63;23,5
4215695;Santiago Do Sul;42;SC;n„o metropolitana;mata atlantica;599,78;Cfa;1642;16,94;97,21;69,84
4215703;Santo Amaro Da Imperatriz;42;SC;metropolitana;mata atlantica;495,82;Cfa;28260;83,9;84,51;98,26
4215752;S√£o Bernardino;42;SC;n„o metropolitana;mata atlantica;690;Cfa;2651;3,43;82,61;34,27
4215802;S√£o Bento Do Sul;42;SC;n„o metropolitana;mata atlantica;781,59;Cfb;82760;94,86;99,28;98,27
4215901;S√£o Bonif√°cio;42;SC;metropolitana;mata atlantica;614,83;Cfb;2950;61,81;69,51;89,22
4216008;S√£o Carlos;42;SC;n„o metropolitana;mata atlantica;372,66;Cfa;10279;21,84;94,42;76,93
4216057;S√£o Crist√≥v√£o Do Sul;42;SC;n„o metropolitana;mata atlantica;1066,17;Cfb;6092;60,03;96,4;88,25
4216107;S√£o Domingos;42;SC;n„o metropolitana;mata atlantica;678,62;Cfa;8984;16,5;90,96;67,82
4216206;S√£o Francisco Do Sul;42;SC;n„o metropolitana;mata atlantica;38,25;Cfa;52428;76,56;96,88;99,01
4216255;S√£o Jo√£o Do Oeste;42;SC;n„o metropolitana;mata atlantica;369,61;Cfa;6287;21,56;92,41;52,57
4216305;S√£o Jo√£o Batista;42;SC;metropolitana;mata atlantica;247,95;Cfa;32360;80,92;93,06;98,5
4216354;S√£o Jo√£o Do Itaperi√∫;42;SC;n„o metropolitana;mata atlantica;51,72;Cfa;4484;56,3;96,75;95,96
4216404;S√£o Jo√£o Do Sul;42;SC;n„o metropolitana;mata atlantica;10,1;Cfa;8642;57,56;79,44;89,94
4216503;S√£o Joaquim;42;SC;n„o metropolitana;mata atlantica;1165,7;Cfb;26026;73,91;92,57;76,79
4216602;S√£o Jos√©;42;SC;metropolitana;mata atlantica;67,98;Cfa;287409;94,39;98,24;99,79
4216701;S√£o Jos√© Do Cedro;42;SC;n„o metropolitana;mata atlantica;585,36;Cfa;15100;31,52;97,81;70,76
4216800;S√£o Jos√© Do Cerrito;42;SC;n„o metropolitana;mata atlantica;888,42;Cfb;8708;35,34;68,52;28,94
4216909;S√£o Louren√ßo Do Oeste;42;SC;n„o metropolitana;mata atlantica;730,17;Cfb;24774;38,25;94,35;75,39
4217006;S√£o Ludgero;42;SC;n„o metropolitana;mata atlantica;217,17;Cfa;13431;86,16;94,05;87,8
4217105;S√£o Martinho;42;SC;n„o metropolitana;mata atlantica;277,97;Cfa;3654;68,27;80,2;85
4217154;S√£o Miguel Da Boa Vista;42;SC;n„o metropolitana;mata atlantica;492,01;Cfa;1768;7,47;97,11;32,76
4217204;S√£o Miguel Do Oeste;42;SC;n„o metropolitana;mata atlantica;541,7;Cfa;43946;71,13;91,87;93,57
4217253;S√£o Pedro De Alc√¢ntara;42;SC;metropolitana;mata atlantica;421,19;Cfa;5693;78,27;83,64;92,58
4217303;Saudades;42;SC;n„o metropolitana;mata atlantica;426,89;Cfa;10272;27,96;88,67;94,1
4217402;Schroeder;42;SC;n„o metropolitana;mata atlantica;246,73;Cfa;20213;62,4;92,45;99,21
4217501;Seara;42;SC;n„o metropolitana;mata atlantica;594,01;Cfa;18623;67,92;88,3;93,21
4217550;Serra Alta;42;SC;n„o metropolitana;mata atlantica;574,65;Cfa;3314;24,01;95,43;56,66
4217600;Sider√≥polis;42;SC;n„o metropolitana;mata atlantica;354,23;Cfa;13862;85,24;85,62;96,05
4217709;Sombrio;42;SC;n„o metropolitana;mata atlantica;28,32;Cfa;29503;79,1;96,69;96,15
4217758;Sul Brasil;42;SC;n„o metropolitana;mata atlantica;496,93;Cfa;2878;19,51;94,36;38,78
4217808;Tai√≥;42;SC;n„o metropolitana;mata atlantica;600,21;Cfa;18282;78,58;89,79;75,38
4217907;Tangar√°;42;SC;n„o metropolitana;mata atlantica;879,77;Cfb;8153;50,82;89,93;59,89
4217956;Tigrinhos;42;SC;n„o metropolitana;mata atlantica;620,38;Cfa;2325;5,83;98,29;59,52
4218004;Tijucas;42;SC;metropolitana;mata atlantica;101,53;Cfa;49474;87,49;96,82;98,87
4218103;Timb√© Do Sul;42;SC;n„o metropolitana;mata atlantica;426,71;Cfa;5377;66,94;78,7;74,68
4218202;Timb√≥;42;SC;n„o metropolitana;mata atlantica;172,13;Cfa;46144;60,26;99,02;99,55
4218251;Timb√≥ Grande;42;SC;n„o metropolitana;mata atlantica;1047,35;Cfb;7368;38,08;92,86;71,15
4218301;Tr√™s Barras;42;SC;n„o metropolitana;mata atlantica;798,87;Cfb;19782;68,42;96,04;93,11
4218350;Treviso;42;SC;n„o metropolitana;mata atlantica;378,61;Cfa;3783;95,16;95,42;99,09
4218400;Treze De Maio;42;SC;n„o metropolitana;mata atlantica;160,35;Cfa;7354;66,39;77,39;71,53
4218509;Treze T√≠lias;42;SC;n„o metropolitana;mata atlantica;901,84;Cfb;8803;93,96;90,21;89,73
4218608;Trombudo Central;42;SC;n„o metropolitana;mata atlantica;414,01;Cfa;7074;50,31;91,75;95,71
4218707;Tubar√£o;42;SC;n„o metropolitana;mata atlantica;89,5;Cfa;114389;91,59;93,39;99,05
4218756;Tun√°polis;42;SC;n„o metropolitana;mata atlantica;375,83;Cfa;5018;9,24;95,84;60,68
4218806;Turvo;42;SC;n„o metropolitana;mata atlantica;59,99;Cfa;12993;90,68;79,94;83,4
4218855;Uni√£o Do Oeste;42;SC;n„o metropolitana;mata atlantica;466,48;Cfa;2782;3,63;87,3;44,56
4218905;Urubici;42;SC;n„o metropolitana;mata atlantica;1292,06;Cfb;11156;79,9;82,84;92,03
4218954;Urupema;42;SC;n„o metropolitana;mata atlantica;1259,31;Cfb;2719;38,71;78,44;91,93
4219002;Urussanga;42;SC;n„o metropolitana;mata atlantica;238,21;Cfa;20915;84,87;92,16;94,09
4219101;Varge√£o;42;SC;n„o metropolitana;mata atlantica;903,44;Cfb;3585;50,14;77,39;76,25
4219150;Vargem;42;SC;n„o metropolitana;mata atlantica;875,25;Cfb;2621;13,12;81,13;46,1
4219176;Vargem Bonita;42;SC;n„o metropolitana;mata atlantica;1047,43;Cfb;4572;52,75;85,26;77,81
4219200;Vidal Ramos;42;SC;n„o metropolitana;mata atlantica;659,36;Cfb;6160;25,57;80,85;58,96
4219309;Videira;42;SC;n„o metropolitana;mata atlantica;875,24;Cfb;55921;86,87;98,39;94,33
4219358;Vitor Meireles;42;SC;n„o metropolitana;mata atlantica;566,67;Cfa;5362;76,36;91,04;61,55
4219408;Witmarsum;42;SC;n„o metropolitana;mata atlantica;533,38;Cfa;4314;76,04;89,08;86,04
4219507;Xanxer√™;42;SC;n„o metropolitana;mata atlantica;747,06;Cfb;50998;59,29;69,66;91,08
4219606;Xavantina;42;SC;n„o metropolitana;mata atlantica;724,42;Cfb;3654;60,65;86,94;83,63
4219705;Xaxim;42;SC;n„o metropolitana;mata atlantica;657,94;Cfa;31625;50,52;94,47;86,29
4219853;Zort√©a;42;SC;n„o metropolitana;mata atlantica;715;Cfb;3925;35,29;96,08;90,39
4220000;Balne√°rio Rinc√£o;42;SC;n„o metropolitana;mata atlantica;5;Cfa;15880;0;0;0
4300034;Acegu√°;43;RS;n„o metropolitana;pampa;150,86;Cfa;4156;81,89;63,06;42,74
4300059;√Ågua Santa;43;RS;n„o metropolitana;mata atlantica;731,53;Cfb;4345;63,26;75,8;79,92
4300109;Agudo;43;RS;n„o metropolitana;mata atlantica;222,24;Cfa;16740;69,7;88,17;68,68
4300208;Ajuricaba;43;RS;n„o metropolitana;mata atlantica;371,48;Cfa;6707;17,71;93,24;67,47
4300307;Alecrim;43;RS;n„o metropolitana;mata atlantica;208,51;Cfa;6169;13,07;94,9;95,71
4300406;Alegrete;43;RS;n„o metropolitana;pampa;113,55;Cfa;71945;78,01;96,94;89
4300455;Alegria;43;RS;n„o metropolitana;mata atlantica;333,87;Cfa;3652;11,4;92,22;51,04
4300471;Almirante Tamandar√© Do Sul;43;RS;n„o metropolitana;pampa;541,09;Cfa;1967;22,53;76,78;70,46
4300505;Alpestre;43;RS;n„o metropolitana;mata atlantica;381,92;Cfa;7065;17,71;89,76;32,75
4300554;Alto Alegre;43;RS;n„o metropolitana;mata atlantica;414,55;Cfa;1800;19,58;98,55;48,15
4300570;Alto Feliz;43;RS;n„o metropolitana;mata atlantica;406,43;Cfa;3061;74,17;93,19;92,89
4300604;Alvorada;43;RS;metropolitana;pampa;31,76;Cfa;185921;87,86;98,9;99,44
4300638;Amaral Ferrador;43;RS;n„o metropolitana;pampa;118,8;Cfa;5268;18,91;92,21;40,88
4300646;Ametista Do Sul;43;RS;n„o metropolitana;mata atlantica;369,88;Cfa;7529;28,99;88,67;59,18
4300661;Andr√© Da Rocha;43;RS;n„o metropolitana;mata atlantica;666,82;Cfb;1129;53,18;95,53;71,53
4300703;Anta Gorda;43;RS;n„o metropolitana;mata atlantica;451,76;Cfa;5962;51,01;95,54;74,34
4300802;Ant√¥nio Prado;43;RS;n„o metropolitana;mata atlantica;597,74;Cfb;14292;85,89;95,35;94,92
4300851;Arambar√©;43;RS;n„o metropolitana;pampa;11,16;Cfa;4109;68,59;99,18;91,74
4300877;Araric√°;43;RS;metropolitana;mata atlantica;50,02;Cfa;8293;75,82;91,12;99,05
4300901;Aratiba;43;RS;n„o metropolitana;mata atlantica;552,35;Cfa;6495;74,95;81,05;86,46
4301008;Arroio Do Meio;43;RS;n„o metropolitana;mata atlantica;131,92;Cfa;21961;50,27;97,98;98,55
4301057;Arroio Do Sal;43;RS;n„o metropolitana;mata atlantica;7,65;Cfa;11082;55,41;98,11;99,24
4301073;Arroio Do Padre;43;RS;n„o metropolitana;pampa;169,05;Cfa;2638;58,33;81,5;45,2
4301107;Arroio Dos Ratos;43;RS;metropolitana;pampa;137,09;Cfa;14555;68,53;98,76;95,51
4301206;Arroio Do Tigre;43;RS;n„o metropolitana;mata atlantica;334,75;Cfa;12022;49,83;91,25;54,28
4301305;Arroio Grande;43;RS;n„o metropolitana;pampa;39,99;Cfa;17440;73;98,26;87,1
4301404;Arvorezinha;43;RS;n„o metropolitana;mata atlantica;612,25;Cfb;10328;48,89;94,24;75,24
4301503;Augusto Pestana;43;RS;n„o metropolitana;pampa;334,2;Cfa;7146;29,76;97,12;61,76
4301552;√Åurea;43;RS;n„o metropolitana;mata atlantica;626,34;Cfa;3401;50,57;76,85;76,6
4301602;Bag√©;43;RS;n„o metropolitana;pampa;241,76;Cfa;113173;86,25;99,27;96,83
4301636;Balne√°rio Pinhal;43;RS;n„o metropolitana;pampa;10,71;Cfa;14769;69,55;97,64;99,66
4301651;Bar√£o;43;RS;n„o metropolitana;mata atlantica;492,46;Cfa;6476;35,53;93,67;94,53
4301701;Bar√£o De Cotegipe;43;RS;n„o metropolitana;mata atlantica;751,12;Cfb;7150;62,69;93,8;65,07
4301750;Bar√£o Do Triunfo;43;RS;n„o metropolitana;pampa;327,3;Cfa;5893;30,03;70,01;33,6
4301800;Barrac√£o;43;RS;n„o metropolitana;mata atlantica;749,09;Cfb;5115;56,94;86,77;64,12
4301859;Barra Do Guarita;43;RS;n„o metropolitana;mata atlantica;298,6;Cfa;3161;5,18;93,82;57,23
4301875;Barra Do Quara√≠;43;RS;n„o metropolitana;pampa;62,05;Cfa;4053;64,43;93,49;75,08
4301909;Barra Do Ribeiro;43;RS;n„o metropolitana;pampa;42,99;Cfa;11925;74,32;95,8;92,07
4301925;Barra Do Rio Azul;43;RS;n„o metropolitana;mata atlantica;582,76;Cfa;1695;62,58;49,35;64,19
4301958;Barra Funda;43;RS;n„o metropolitana;mata atlantica;429,78;Cfa;2497;37,89;95,96;91,51
4302006;Barros Cassal;43;RS;n„o metropolitana;mata atlantica;550,62;Cfa;9299;29,76;83,23;41,54
4302055;Benjamin Constant Do Sul;43;RS;n„o metropolitana;mata atlantica;636,75;Cfb;1981;60,7;92,43;44,44
4302105;Bento Gon√ßalves;43;RS;n„o metropolitana;mata atlantica;498,3;Cfa;129430;87,75;97,38;98,57
4302154;Boa Vista Das Miss√µes;43;RS;n„o metropolitana;pampa;545,49;Cfa;1899;10,67;99,44;61,74
4302204;Boa Vista Do Buric√°;43;RS;n„o metropolitana;mata atlantica;255,17;Cfa;7030;8,5;99,28;83,91
4302220;Boa Vista Do Cadeado;43;RS;n„o metropolitana;pampa;384,33;Cfa;2222;22,34;94,94;23,21
4302238;Boa Vista Do Incra;43;RS;n„o metropolitana;pampa;386,77;Cfa;2267;2,96;93,69;37,2
4302253;Boa Vista Do Sul;43;RS;n„o metropolitana;mata atlantica;459,28;Cfa;2746;2,52;93,44;85,57
4302303;Bom Jesus;43;RS;n„o metropolitana;mata atlantica;978,88;Cfb;10725;76,04;93,99;80,48
4302352;Bom Princ√≠pio;43;RS;n„o metropolitana;mata atlantica;106,77;Cfa;15619;64,79;99,02;98,47
4302378;Bom Progresso;43;RS;n„o metropolitana;mata atlantica;416,51;Cfa;2106;23,66;78,9;86,57
4302402;Bom Retiro Do Sul;43;RS;n„o metropolitana;mata atlantica;60,41;Cfa;12245;78,34;95,37;97,28
4302451;Boqueir√£o Do Le√£o;43;RS;n„o metropolitana;mata atlantica;549,07;Cfb;6231;23,72;92,71;46,41
4302501;Bossoroca;43;RS;n„o metropolitana;pampa;183,68;Cfa;5886;25,36;90,35;59,79
4302584;Bozano;43;RS;n„o metropolitana;mata atlantica;375,06;Cfa;2135;47,15;92,31;38,89
4302600;Braga;43;RS;n„o metropolitana;mata atlantica;421,43;Cfa;3264;7,6;88,53;64,16
4302659;Brochier;43;RS;n„o metropolitana;mata atlantica;229,39;Cfa;5895;31,32;99,1;92,75
4302709;Buti√°;43;RS;n„o metropolitana;pampa;130,44;Cfa;18711;68,38;99,05;98,03
4302808;Ca√ßapava Do Sul;43;RS;n„o metropolitana;pampa;201,2;Cfa;32447;52,33;92,09;81,31
4302907;Cacequi;43;RS;n„o metropolitana;pampa;118,38;Cfa;11166;58,27;95,79;76,99
4303004;Cachoeira Do Sul;43;RS;n„o metropolitana;pampa;90,53;Cfa;79778;37,81;96,6;91,57
4303103;Cachoeirinha;43;RS;metropolitana;pampa;29,34;Cfa;134545;95,74;99,21;99,43
4303202;Cacique Doble;43;RS;n„o metropolitana;mata atlantica;683,29;Cfb;4602;45,21;84,93;66
4303301;Caibat√©;43;RS;n„o metropolitana;pampa;221,51;Cfa;4707;22,15;99,42;66,4
4303400;Cai√ßara;43;RS;n„o metropolitana;mata atlantica;388,49;Cfa;4810;30,72;91,42;58,54
4303509;Camaqu√£;43;RS;n„o metropolitana;pampa;62,61;Cfa;61598;83,16;97,1;87,35
4303558;Camargo;43;RS;n„o metropolitana;mata atlantica;544,85;Cfa;3204;46,11;97,48;96,53
4303608;Cambar√° Do Sul;43;RS;n„o metropolitana;mata atlantica;982,68;Cfb;6263;73,4;74,08;96,02
4303673;Campestre Da Serra;43;RS;n„o metropolitana;mata atlantica;747,53;Cfb;3243;47,23;88,56;87,29
4303707;Campina Das Miss√µes;43;RS;n„o metropolitana;mata atlantica;194,26;Cfa;5882;39,42;99,61;78,31
4303806;Campinas Do Sul;43;RS;n„o metropolitana;pampa;617,1;Cfa;5266;87,93;97,66;95,69
4303905;Campo Bom;43;RS;metropolitana;mata atlantica;40,59;Cfa;65380;94,73;99,23;99,85
4304002;Campo Novo;43;RS;n„o metropolitana;mata atlantica;446,64;Cfa;4992;10,25;96,91;87,64
4304101;Campos Borges;43;RS;n„o metropolitana;mata atlantica;399,5;Cfa;3606;13,65;63,49;73,74
4304200;Candel√°ria;43;RS;n„o metropolitana;mata atlantica;153,81;Cfa;28249;67,47;89,39;83,45
4304309;C√¢ndido God√≥i;43;RS;n„o metropolitana;mata atlantica;268,87;Cfa;6291;16,63;98,33;50,86
4304358;Candiota;43;RS;n„o metropolitana;pampa;205,92;Cfa;10418;81,04;89,25;74,21
4304408;Canela;43;RS;n„o metropolitana;mata atlantica;675,28;Cfb;53348;87,75;98,1;99,18
4304507;Cangu√ßu;43;RS;n„o metropolitana;pampa;233,07;Cfa;48922;44,33;85,13;44,08
4304606;Canoas;43;RS;metropolitana;pampa;14,13;Cfa;339133;93,57;98,83;99,35
4304614;Canudos Do Vale;43;RS;n„o metropolitana;mata atlantica;351,44;Cfa;1660;35,83;94,5;78,5
4304622;Cap√£o Bonito Do Sul;43;RS;n„o metropolitana;mata atlantica;824,71;Cfb;1724;12,89;69,66;43,23
4304630;Cap√£o Da Canoa;43;RS;n„o metropolitana;mata atlantica;6,66;Cfa;62040;64,9;97,84;99,72
4304655;Cap√£o Do Cip√≥;43;RS;n„o metropolitana;pampa;317,01;Cfa;3122;36,06;93,69;27,79
4304663;Cap√£o Do Le√£o;43;RS;n„o metropolitana;pampa;34,23;Cfa;27071;74,93;96,91;96,6
4304671;Capivari Do Sul;43;RS;n„o metropolitana;pampa;8,67;Cfa;3986;77,57;98,43;97,25
4304689;Capela De Santana;43;RS;metropolitana;mata atlantica;44,72;Cfa;10970;91,47;93,86;95,47
4304697;Capit√£o;43;RS;n„o metropolitana;mata atlantica;375,3;Cfa;2888;12,4;97,54;81,76
4304705;Carazinho;43;RS;n„o metropolitana;pampa;541,16;Cfa;60983;51,39;97,69;97,43
4304713;Cara√°;43;RS;n„o metropolitana;mata atlantica;277,76;Cfa;8957;76,18;89,37;91,28
4304804;Carlos Barbosa;43;RS;n„o metropolitana;mata atlantica;522,47;Cfb;29834;76,83;96,34;96,89
4304853;Carlos Gomes;43;RS;n„o metropolitana;mata atlantica;551,43;Cfa;1355;48,19;85,34;32,13
4304903;Casca;43;RS;n„o metropolitana;mata atlantica;593,22;Cfb;9464;31,71;94,66;94,67
4304952;Caseiros;43;RS;n„o metropolitana;mata atlantica;814,92;Cfb;3000;36,76;91,71;79,72
4305009;Catu√≠pe;43;RS;n„o metropolitana;mata atlantica;348,66;Cfa;8679;19,34;98,4;67,98
4305108;Caxias Do Sul;43;RS;metropolitana;mata atlantica;710,07;Cfb;503068;92,42;98,63;98,66
4305116;Centen√°rio;43;RS;n„o metropolitana;mata atlantica;594,04;Cfa;2725;56,52;94,75;61,35
4305124;Cerrito;43;RS;n„o metropolitana;pampa;100,08;Cfa;5847;51,29;92,49;53,69
4305132;Cerro Branco;43;RS;n„o metropolitana;mata atlantica;350,77;Cfa;3803;70,64;91,9;81,71
4305157;Cerro Grande;43;RS;n„o metropolitana;mata atlantica;389,85;Cfa;2318;26,27;97,97;41,37
4305173;Cerro Grande Do Sul;43;RS;n„o metropolitana;pampa;192,42;Cfa;9054;29,19;74,92;60,51
4305207;Cerro Largo;43;RS;n„o metropolitana;mata atlantica;206,44;Cfa;13710;42,24;97,9;95,08
4305306;Chapada;43;RS;n„o metropolitana;pampa;517,14;Cfa;9475;21,63;97,96;69
4305355;Charqueadas;43;RS;metropolitana;pampa;21,19;Cfa;34954;91,98;98,9;97,98
4305371;Charrua;43;RS;n„o metropolitana;mata atlantica;601,96;Cfa;3345;55,33;61,35;53,61
4305405;Chiapetta;43;RS;n„o metropolitana;pampa;430,26;Cfa;3901;13,24;99,41;73,74
4305439;Chu√≠;43;RS;n„o metropolitana;pampa;13,33;Cfa;6438;84,25;98,72;95,45
4305447;Chuvisca;43;RS;n„o metropolitana;pampa;156,57;Cfa;4583;20,67;82,94;21,06
4305454;Cidreira;43;RS;n„o metropolitana;pampa;9,79;Cfa;16742;48,04;98,98;98,25
4305504;Cir√≠aco;43;RS;n„o metropolitana;mata atlantica;754,87;Cfb;4142;43,08;81,48;82,74
4305587;Colinas;43;RS;n„o metropolitana;mata atlantica;107,68;Cfa;2415;63,56;93,39;94,11
4305603;Colorado;43;RS;n„o metropolitana;mata atlantica;455,55;Cfa;3258;3,77;96,47;79,52
4305702;Condor;43;RS;n„o metropolitana;pampa;472,87;Cfa;6406;26,71;93,88;79,93
4305801;Constantina;43;RS;n„o metropolitana;mata atlantica;462,65;Cfa;10383;41,09;89,77;83,44
4305835;Coqueiro Baixo;43;RS;n„o metropolitana;mata atlantica;381,91;Cfa;1284;6,74;97,38;47,01
4305850;Coqueiros Do Sul;43;RS;n„o metropolitana;pampa;577,31;Cfa;2204;22,83;95,13;57,47
4305871;Coronel Barros;43;RS;n„o metropolitana;mata atlantica;287,27;Cfa;2819;67,01;97,71;50,75
4305900;Coronel Bicaco;43;RS;n„o metropolitana;pampa;498,17;Cfa;6082;3,67;81,88;70,31
4305934;Coronel Pilar;43;RS;n„o metropolitana;mata atlantica;453,41;Cfa;1592;5,37;97,89;57,58
4305959;Cotipor√£;43;RS;n„o metropolitana;mata atlantica;394,5;Cfa;3850;86,28;80,41;87,89
4305975;Coxilha;43;RS;n„o metropolitana;pampa;669,48;Cfb;3172;27,7;97,65;73,37
4306007;Crissiumal;43;RS;n„o metropolitana;mata atlantica;263,14;Cfa;12852;15,44;96,23;63,12
4306056;Cristal;43;RS;n„o metropolitana;pampa;44,75;Cfa;7352;82,6;91,22;85,12
4306072;Cristal Do Sul;43;RS;n„o metropolitana;mata atlantica;339,9;Cfa;2694;17,72;95,18;35,22
4306106;Cruz Alta;43;RS;n„o metropolitana;pampa;411,53;Cfa;59057;38,3;98,19;95,52
4306130;Cruzaltense;43;RS;n„o metropolitana;pampa;577,36;Cfa;1635;48,9;88,98;50,07
4306205;Cruzeiro Do Sul;43;RS;n„o metropolitana;mata atlantica;48,19;Cfa;11618;41,51;80,72;93,68
4306304;David Canabarro;43;RS;n„o metropolitana;mata atlantica;723,85;Cfb;4324;60,47;91,64;86,8
4306320;Derrubadas;43;RS;n„o metropolitana;mata atlantica;322,82;Cfa;2749;61,23;93,93;34,12
4306353;Dezesseis De Novembro;43;RS;n„o metropolitana;mata atlantica;190,39;Cfa;2506;17,74;99,5;70,66
4306379;Dilermando De Aguiar;43;RS;n„o metropolitana;pampa;111,06;Cfa;2806;80,2;84,23;41,25
4306403;Dois Irm√£os;43;RS;metropolitana;mata atlantica;189,64;Cfa;30551;94,97;99,27;99,89
4306429;Dois Irm√£os Das Miss√µes;43;RS;n„o metropolitana;pampa;516,61;Cfa;2063;8,82;94,82;58,26
4306452;Dois Lajeados;43;RS;n„o metropolitana;mata atlantica;440,3;Cfa;2965;67,96;79,34;84,93
4306502;Dom Feliciano;43;RS;n„o metropolitana;pampa;275,97;Cfa;13059;32,48;76,21;37,18
4306551;Dom Pedro De Alc√¢ntara;43;RS;n„o metropolitana;mata atlantica;31,89;Cfa;2499;37,71;83,61;97,9
4306601;Dom Pedrito;43;RS;n„o metropolitana;pampa;188,47;Cfa;36559;86,61;97,51;90,56
4306700;Dona Francisca;43;RS;n„o metropolitana;mata atlantica;167,55;Cfa;3079;55,97;76,86;89,06
4306734;Doutor Maur√≠cio Cardoso;43;RS;n„o metropolitana;mata atlantica;199,28;Cfa;4470;4,71;94,07;65,89
4306759;Doutor Ricardo;43;RS;n„o metropolitana;mata atlantica;386,8;Cfa;1866;30,53;95,79;59,65
4306767;Eldorado Do Sul;43;RS;metropolitana;pampa;54,29;Cfa;39330;89,86;97,62;97,08
4306809;Encantado;43;RS;n„o metropolitana;mata atlantica;228,34;Cfa;22391;87,84;96,27;96,77
4306908;Encruzilhada Do Sul;43;RS;n„o metropolitana;pampa;258,95;Cfa;22276;63,89;91,19;71,15
4306924;Engenho Velho;43;RS;n„o metropolitana;mata atlantica;532,13;Cfa;1291;24,72;98,38;63,74
4306932;Entre-Iju√≠s;43;RS;n„o metropolitana;pampa;277,07;Cfa;9157;13,85;87,56;58,35
4306957;Entre Rios Do Sul;43;RS;n„o metropolitana;pampa;573,33;Cfa;2681;75,65;93,34;85,15
4306973;Erebango;43;RS;n„o metropolitana;pampa;732,07;Cfb;3037;32,2;83,64;73,05
4307005;Erechim;43;RS;n„o metropolitana;mata atlantica;700,08;Cfb;105428;90,75;98,83;97,12
4307054;Ernestina;43;RS;n„o metropolitana;pampa;514,66;Cfa;3021;18,49;97,87;74,77
4307104;Herval;43;RS;n„o metropolitana;pampa;184,47;Cfa;6380;65,54;90,76;68,06
4307203;Erval Grande;43;RS;n„o metropolitana;mata atlantica;610,02;Cfa;4908;43,49;91,28;80,31
4307302;Erval Seco;43;RS;n„o metropolitana;mata atlantica;436,31;Cfa;6748;18,43;87,17;68,43
4307401;Esmeralda;43;RS;n„o metropolitana;mata atlantica;889,98;Cfb;3175;59,16;90,11;83,33
4307450;Esperan√ßa Do Sul;43;RS;n„o metropolitana;mata atlantica;293,08;Cfa;3225;3,08;94,71;43,05
4307500;Espumoso;43;RS;n„o metropolitana;mata atlantica;484,44;Cfa;15118;55,62;96,78;78,01
4307559;Esta√ß√£o;43;RS;n„o metropolitana;mata atlantica;710,68;Cfb;5517;64,74;91,99;86,59
4307609;Est√¢ncia Velha;43;RS;metropolitana;mata atlantica;64,13;Cfa;48682;92,49;99,17;99,53
4307708;Esteio;43;RS;metropolitana;pampa;12,13;Cfa;74653;91,43;99,51;99,6
4307807;Estrela;43;RS;n„o metropolitana;mata atlantica;55,5;Cfa;31909;83,82;98,85;98,76
4307815;Estrela Velha;43;RS;n„o metropolitana;mata atlantica;296,06;Cfa;3066;12,15;95,24;51,76
4307831;Eug√™nio De Castro;43;RS;n„o metropolitana;pampa;306,08;Cfa;2633;10,93;97,47;57,33
4307864;Fagundes Varela;43;RS;n„o metropolitana;mata atlantica;499,03;Cfa;2566;48,75;81,91;94,36
4307906;Farroupilha;43;RS;n„o metropolitana;mata atlantica;624,39;Cfb;74879;91,89;92,66;95,57
4308003;Faxinal Do Soturno;43;RS;n„o metropolitana;mata atlantica;185,23;Cfa;6686;72,03;82,16;87,36
4308052;Faxinalzinho;43;RS;n„o metropolitana;mata atlantica;608,65;Cfa;2521;57,32;82,3;75,27
4308078;Fazenda Vilanova;43;RS;n„o metropolitana;mata atlantica;92,68;Cfa;4298;36,3;98,74;94,41
4308102;Feliz;43;RS;n„o metropolitana;mata atlantica;146,04;Cfa;15174;66,71;98,44;98,44
4308201;Flores Da Cunha;43;RS;n„o metropolitana;mata atlantica;673,52;Cfb;33430;75,15;94,16;95,31
4308250;Floriano Peixoto;43;RS;n„o metropolitana;mata atlantica;592,54;Cfa;2038;22,52;96,33;25,11
4308300;Fontoura Xavier;43;RS;n„o metropolitana;mata atlantica;592,41;Cfb;9573;2,28;85,53;44,17
4308409;Formigueiro;43;RS;n„o metropolitana;pampa;63,48;Cfa;6439;16,77;90,68;80,11
4308433;Forquetinha;43;RS;n„o metropolitana;mata atlantica;201,37;Cfa;2521;39,17;96,96;64,79
4308458;Fortaleza Dos Valos;43;RS;n„o metropolitana;pampa;366,7;Cfa;4455;9,48;91,99;75,85
4308508;Frederico Westphalen;43;RS;n„o metropolitana;mata atlantica;392,1;Cfa;32284;69,31;96,13;86,18
4308607;Garibaldi;43;RS;n„o metropolitana;mata atlantica;568,73;Cfb;35219;84,68;91,62;98,47
4308656;Garruchos;43;RS;n„o metropolitana;pampa;103,49;Cfa;2615;5,42;97,8;44,31
4308706;Gaurama;43;RS;n„o metropolitana;mata atlantica;652,42;Cfb;5676;53,47;81,66;75,98
4308805;General C√¢mara;43;RS;n„o metropolitana;pampa;34,43;Cfa;7346;65,28;95,9;61,72
4308854;Gentil;43;RS;n„o metropolitana;mata atlantica;732,04;Cfb;1745;28,81;97,06;55,23
4308904;Get√∫lio Vargas;43;RS;n„o metropolitana;mata atlantica;663,68;Cfb;18111;61,06;94,85;87,8
4309001;Giru√°;43;RS;n„o metropolitana;pampa;362,05;Cfa;15971;14,15;94,15;75,06
4309050;Glorinha;43;RS;metropolitana;pampa;45,09;Cfa;7653;65,19;94,81;93,93
4309100;Gramado;43;RS;n„o metropolitana;mata atlantica;632,18;Cfb;44643;92,08;96,23;99,19
4309126;Gramado Dos Loureiros;43;RS;n„o metropolitana;mata atlantica;571,84;Cfa;2003;66,48;95,71;74,65
4309159;Gramado Xavier;43;RS;n„o metropolitana;mata atlantica;519,27;Cfa;3304;15,3;85,02;32,92
4309209;Gravata√≠;43;RS;metropolitana;pampa;68,04;Cfa;279205;83,97;98,65;99,35
4309258;Guabiju;43;RS;n„o metropolitana;mata atlantica;732,16;Cfb;1396;72,12;97,36;96,42
4309308;Gua√≠ba;43;RS;metropolitana;pampa;71,25;Cfa;91304;87,02;98,95;98,89
4309407;Guapor√©;43;RS;n„o metropolitana;mata atlantica;470,15;Cfa;24958;93,42;94,93;93,47
4309506;Guarani Das Miss√µes;43;RS;n„o metropolitana;mata atlantica;226,46;Cfa;7554;4;99,3;65,85
4309555;Harmonia;43;RS;n„o metropolitana;mata atlantica;85,64;Cfa;5660;42,5;98,59;98,31
4309571;Herveiras;43;RS;n„o metropolitana;mata atlantica;483,99;Cfa;2559;7,31;89,74;31,12
4309605;Horizontina;43;RS;n„o metropolitana;mata atlantica;255,33;Cfa;18852;48,6;96,26;87,47
4309654;Hulha Negra;43;RS;n„o metropolitana;pampa;221,83;Cfa;5851;62,93;85,15;51,5
4309704;Humait√°;43;RS;n„o metropolitana;mata atlantica;363,22;Cfa;4690;25,48;90,93;81,96
4309753;Ibarama;43;RS;n„o metropolitana;mata atlantica;336,5;Cfa;3722;21,07;96,58;71,43
4309803;Ibia√ß√°;43;RS;n„o metropolitana;mata atlantica;680,4;Cfb;4560;50,34;92,41;69,34
4309902;Ibiraiaras;43;RS;n„o metropolitana;mata atlantica;769,11;Cfb;6764;49,41;85,71;88,52
4309951;Ibirapuit√£;43;RS;n„o metropolitana;mata atlantica;614,02;Cfb;4159;11,77;97,42;64,42
4310009;Ibirub√°;43;RS;n„o metropolitana;mata atlantica;411,94;Cfa;21733;20,84;95,53;81,61
4310108;Igrejinha;43;RS;metropolitana;mata atlantica;230,05;Cfa;33173;88,33;96,76;99,45
4310207;Iju√≠;43;RS;n„o metropolitana;mata atlantica;333,87;Cfa;85135;59,66;97,57;92,27
4310306;Il√≥polis;43;RS;n„o metropolitana;mata atlantica;657,97;Cfb;4094;51,06;94,68;83,87
4310330;Imb√©;43;RS;n„o metropolitana;pampa;3,13;Cfa;27053;82,67;99,38;99,68
4310363;Imigrante;43;RS;n„o metropolitana;mata atlantica;275,32;Cfa;3082;29,7;96,43;96,24
4310405;Independ√™ncia;43;RS;n„o metropolitana;pampa;344,82;Cfa;6519;11,82;87,82;68,78
4310413;Inhacor√°;43;RS;n„o metropolitana;pampa;379,69;Cfa;2011;35,71;98,02;77,25
4310439;Ip√™;43;RS;n„o metropolitana;mata atlantica;724,52;Cfb;6554;70,56;89,8;85,28
4310462;Ipiranga Do Sul;43;RS;n„o metropolitana;pampa;656,26;Cfb;1714;70,99;73,15;42,9
4310504;Ira√≠;43;RS;n„o metropolitana;mata atlantica;318,06;Cfa;7489;23,93;83,76;64,3
4310538;Itaara;43;RS;n„o metropolitana;mata atlantica;400,41;Cfa;5747;55,59;94,95;95,79
4310553;Itacurubi;43;RS;n„o metropolitana;pampa;155,24;Cfa;2995;26,51;96,06;37,08
4310579;Itapuca;43;RS;n„o metropolitana;mata atlantica;668,09;Cfb;1937;5,73;93,16;33,52
4310603;Itaqui;43;RS;n„o metropolitana;pampa;79,86;Cfa;35408;68,14;97,02;86,17
4310652;Itati;43;RS;n„o metropolitana;mata atlantica;467,61;Cfa;2941;3,63;76,27;90,99
4310702;Itatiba Do Sul;43;RS;n„o metropolitana;mata atlantica;553;Cfa;3206;38,17;91,79;65,98
4310751;Ivor√°;43;RS;n„o metropolitana;mata atlantica;335,78;Cfa;2012;73,43;83,22;92,85
4310801;Ivoti;43;RS;metropolitana;mata atlantica;141,66;Cfa;22911;72,6;95,92;99,74
4310850;Jaboticaba;43;RS;n„o metropolitana;mata atlantica;464,9;Cfa;3754;27,33;82,12;42,74
4310876;Jacuizinho;43;RS;n„o metropolitana;mata atlantica;378,43;Cfa;2028;3,31;89,83;23,04
4310900;Jacutinga;43;RS;n„o metropolitana;pampa;649,05;Cfb;3198;69,65;79,57;78,43
4311007;Jaguar√£o;43;RS;n„o metropolitana;pampa;44,99;Cfa;26583;63,51;98,72;93,09
4311106;Jaguari;43;RS;n„o metropolitana;mata atlantica;201,99;Cfa;10527;33,87;78,5;60,35
4311122;Jaquirana;43;RS;n„o metropolitana;mata atlantica;863,17;Cfb;3692;36,95;88,85;83,09
4311130;Jari;43;RS;n„o metropolitana;pampa;346,83;Cfa;3349;10,32;90,26;24,94
4311155;J√≥ia;43;RS;n„o metropolitana;pampa;360,22;Cfa;7123;41,62;82,67;38,56
4311205;J√∫lio De Castilhos;43;RS;n„o metropolitana;pampa;406,89;Cfa;18121;48,44;95,73;86,99
4311239;Lagoa Bonita Do Sul;43;RS;n„o metropolitana;mata atlantica;477,88;Cfa;2253;28,92;83,6;35,71
4311254;Lago√£o;43;RS;n„o metropolitana;mata atlantica;498,1;Cfa;5343;10,73;80,85;27,19
4311270;Lagoa Dos Tr√™s Cantos;43;RS;n„o metropolitana;mata atlantica;439,56;Cfa;1726;20,47;98,38;97,67
4311304;Lagoa Vermelha;43;RS;n„o metropolitana;mata atlantica;757,5;Cfb;27598;81,28;95,71;92,23
4311403;Lajeado;43;RS;n„o metropolitana;mata atlantica;78,24;Cfa;97432;85;90,43;99,79
4311429;Lajeado Do Bugre;43;RS;n„o metropolitana;mata atlantica;450,39;Cfa;2569;2,99;96,51;28,93
4311502;Lavras Do Sul;43;RS;n„o metropolitana;pampa;269,61;Cfa;7458;63,7;95,67;81,76
4311601;Liberato Salzano;43;RS;n„o metropolitana;mata atlantica;402,59;Cfa;4664;6,46;91,85;37,11
4311627;Lindolfo Collor;43;RS;n„o metropolitana;mata atlantica;79,78;Cfa;6156;65,8;97,99;98,8
4311643;Linha Nova;43;RS;n„o metropolitana;mata atlantica;296,83;Cfa;1763;47,35;96,16;89,77
4311700;Machadinho;43;RS;n„o metropolitana;mata atlantica;656,04;Cfb;5729;84,74;84,32;69,95
4311718;Ma√ßambar√°;43;RS;n„o metropolitana;pampa;114,81;Cfa;4427;35,73;92,48;43,72
4311734;Mampituba;43;RS;n„o metropolitana;mata atlantica;422,13;Cfa;2954;42,84;86,28;92,5
4311759;Manoel Viana;43;RS;n„o metropolitana;pampa;117;Cfa;6732;15,85;91,22;77,21
4311775;Maquin√©;43;RS;n„o metropolitana;mata atlantica;310,81;Cfa;8222;69,77;85,79;93,07
4311791;Marat√°;43;RS;n„o metropolitana;mata atlantica;133,66;Cfa;2515;77,14;98,81;90,48
4311809;Marau;43;RS;n„o metropolitana;mata atlantica;586,14;Cfa;46643;87,67;90,73;98,12
4311908;Marcelino Ramos;43;RS;n„o metropolitana;mata atlantica;511,71;Cfa;4314;64,07;94,14;75,21
4311981;Mariana Pimentel;43;RS;n„o metropolitana;pampa;153,18;Cfa;3889;56,52;77,97;79,84
4312005;Mariano Moro;43;RS;n„o metropolitana;mata atlantica;491,17;Cfa;1856;84,7;72,82;86,94
4312054;Marques De Souza;43;RS;n„o metropolitana;mata atlantica;269,34;Cfa;3928;49,34;95,81;77,77
4312104;Mata;43;RS;n„o metropolitana;mata atlantica;186,8;Cfa;4697;46,1;81,83;57,05
4312138;Mato Castelhano;43;RS;n„o metropolitana;mata atlantica;702,06;Cfb;2552;86,31;64,18;56,1
4312153;Mato Leit√£o;43;RS;n„o metropolitana;mata atlantica;91,65;Cfa;4848;81,04;99,62;93,73
4312179;Mato Queimado;43;RS;n„o metropolitana;mata atlantica;200,3;Cfa;1793;30,97;100;44,19
4312203;Maximiliano De Almeida;43;RS;n„o metropolitana;mata atlantica;556,78;Cfa;4763;44,75;87,09;61,54
4312252;Minas Do Le√£o;43;RS;n„o metropolitana;pampa;63,36;Cfa;7470;71,82;99,55;96,19
4312302;Miragua√≠;43;RS;n„o metropolitana;mata atlantica;404,09;Cfa;4388;35,06;93,05;52,64
4312351;Montauri;43;RS;n„o metropolitana;mata atlantica;520,04;Cfa;1495;32,69;98,72;90,17
4312377;Monte Alegre Dos Campos;43;RS;n„o metropolitana;mata atlantica;806,15;Cfb;3610;22,06;75;42,51
4312385;Monte Belo Do Sul;43;RS;n„o metropolitana;mata atlantica;461,38;Cfa;2584;7,99;96;96,37
4312401;Montenegro;43;RS;metropolitana;pampa;65,06;Cfa;66878;89,28;97,23;99,22
4312427;Morma√ßo;43;RS;n„o metropolitana;mata atlantica;463,78;Cfa;2748;41,41;96,93;67,23
4312443;Morrinhos Do Sul;43;RS;n„o metropolitana;mata atlantica;242,02;Cfa;3091;15,23;88,67;95,77
4312450;Morro Redondo;43;RS;n„o metropolitana;pampa;160,57;Cfa;5568;68,55;89,27;71,55
4312476;Morro Reuter;43;RS;n„o metropolitana;mata atlantica;500,62;Cfb;6124;93,41;86,41;98,96
4312500;Mostardas;43;RS;n„o metropolitana;pampa;9,4;Cfa;13035;85,51;98,5;83,55
4312609;Mu√ßum;43;RS;n„o metropolitana;mata atlantica;234,24;Cfa;4492;55,59;99,17;95,9
4312617;Muitos Cap√µes;43;RS;n„o metropolitana;mata atlantica;802,8;Cfb;2811;25,86;93,41;63,39
4312625;Muliterno;43;RS;n„o metropolitana;mata atlantica;809,12;Cfb;1718;45,77;87,31;63,98
4312658;N√£o-Me-Toque;43;RS;n„o metropolitana;mata atlantica;466,47;Cfa;17821;46,11;98,75;95,07
4312674;Nicolau Vergueiro;43;RS;n„o metropolitana;mata atlantica;535,13;Cfa;1935;11,97;97,73;52,1
4312708;Nonoai;43;RS;n„o metropolitana;mata atlantica;533,9;Cfa;13466;25,6;96,01;77,01
4312757;Nova Alvorada;43;RS;n„o metropolitana;mata atlantica;613,16;Cfb;3169;6,12;97,45;92,77
4312807;Nova Ara√ß√°;43;RS;n„o metropolitana;mata atlantica;661,1;Cfb;4968;66,28;91,66;95,45
4312906;Nova Bassano;43;RS;n„o metropolitana;mata atlantica;578,2;Cfb;9582;59,15;97,58;73,82
4312955;Nova Boa Vista;43;RS;n„o metropolitana;mata atlantica;463,07;Cfa;2040;43,03;99,55;51,57
4313003;Nova Br√©scia;43;RS;n„o metropolitana;mata atlantica;377,09;Cfa;3037;18,76;96,19;90
4313011;Nova Candel√°ria;43;RS;n„o metropolitana;mata atlantica;240,83;Cfa;3056;81,4;99,89;69,92
4313037;Nova Esperan√ßa Do Sul;43;RS;n„o metropolitana;pampa;261,12;Cfa;4858;15,67;94,59;79,8
4313060;Nova Hartz;43;RS;metropolitana;mata atlantica;129,53;Cfa;19799;96,71;95,67;99,78
4313086;Nova P√°dua;43;RS;n„o metropolitana;mata atlantica;565,09;Cfb;2334;78,71;95,19;87,77
4313102;Nova Palma;43;RS;n„o metropolitana;mata atlantica;338,76;Cfa;5328;59,47;87,64;81,81
4313201;Nova Petr√≥polis;43;RS;n„o metropolitana;mata atlantica;474,21;Cfa;28579;86,96;95,35;97,58
4313300;Nova Prata;43;RS;n„o metropolitana;mata atlantica;661,21;Cfb;25656;79,57;89,82;97,2
4313334;Nova Ramada;43;RS;n„o metropolitana;pampa;456,72;Cfa;2157;4,36;96,71;43,35
4313359;Nova Roma Do Sul;43;RS;n„o metropolitana;mata atlantica;503,05;Cfb;3468;39,69;95,08;81,41
4313375;Nova Santa Rita;43;RS;metropolitana;pampa;16,56;Cfa;28290;65,33;96,67;97,7
4313391;Novo Cabrais;43;RS;n„o metropolitana;pampa;104,22;Cfa;3550;53,86;92,44;82,27
4313409;Novo Hamburgo;43;RS;metropolitana;mata atlantica;76,95;Cfa;241306;92,65;98,6;99,63
4313425;Novo Machado;43;RS;n„o metropolitana;mata atlantica;191,64;Cfa;3198;9,26;96,96;70,81
4313441;Novo Tiradentes;43;RS;n„o metropolitana;mata atlantica;368,5;Cfa;2115;18,03;99,59;30,37
4313466;Novo Xingu;43;RS;n„o metropolitana;mata atlantica;389,68;Cfa;1646;29,57;100;66,96
4313490;Novo Barreiro;43;RS;n„o metropolitana;mata atlantica;431,58;Cfa;4233;16,43;96,8;44,72
4313508;Os√≥rio;43;RS;n„o metropolitana;pampa;32,45;Cfa;50395;72,95;95,08;98,96
4313607;Paim Filho;43;RS;n„o metropolitana;mata atlantica;626,64;Cfb;3979;38,42;95,45;70,38
4313656;Palmares Do Sul;43;RS;n„o metropolitana;pampa;8,36;Cfa;12969;89,44;98,69;95,89
4313706;Palmeira Das Miss√µes;43;RS;n„o metropolitana;pampa;540,9;Cfa;32873;31,68;97,4;86,75
4313805;Palmitinho;43;RS;n„o metropolitana;mata atlantica;358,95;Cfa;7830;44,87;93,24;60,97
4313904;Panambi;43;RS;n„o metropolitana;mata atlantica;437,99;Cfa;43320;60,22;95,89;94,83
4313953;Pantano Grande;43;RS;n„o metropolitana;pampa;99,25;Cfa;10255;83,98;98,16;92,15
4314001;Para√≠;43;RS;n„o metropolitana;mata atlantica;648,21;Cfb;7205;54,14;95,48;96,18
4314027;Para√≠so Do Sul;43;RS;n„o metropolitana;mata atlantica;195,98;Cfa;6472;39,37;90,76;81,68
4314035;Pareci Novo;43;RS;n„o metropolitana;mata atlantica;40,94;Cfa;4072;94,39;99,49;97,88
4314050;Parob√©;43;RS;metropolitana;mata atlantica;56,85;Cfa;54095;89,43;95,64;99,02
4314068;Passa Sete;43;RS;n„o metropolitana;mata atlantica;471,15;Cfa;3943;21,29;82,48;20,36
4314076;Passo Do Sobrado;43;RS;n„o metropolitana;pampa;72,9;Cfa;6006;52,45;89,51;79,55
4314100;Passo Fundo;43;RS;metropolitana;pampa;612,25;Cfb;217240;57,24;98,97;98,9
4314134;Paulo Bento;43;RS;n„o metropolitana;mata atlantica;652,66;Cfb;2144;30,9;91,84;40,49
4314159;Paverama;43;RS;n„o metropolitana;mata atlantica;143,25;Cfa;7933;34,37;97,08;87,07
4314175;Pedras Altas;43;RS;n„o metropolitana;pampa;189,82;Cfa;2213;67,81;83,38;38
4314209;Pedro Os√≥rio;43;RS;n„o metropolitana;pampa;71,97;Cfa;7652;39,52;97,39;94,82
4314308;Peju√ßara;43;RS;n„o metropolitana;mata atlantica;434,04;Cfa;3733;7,59;91,86;79,69
4314407;Pelotas;43;RS;n„o metropolitana;pampa;73,84;Cfa;324026;84,45;98,18;97,06
4314423;Picada Caf√©;43;RS;n„o metropolitana;mata atlantica;289,46;Cfa;5732;86,7;94,59;98,73
4314456;Pinhal;43;RS;n„o metropolitana;mata atlantica;424,92;Cfa;2895;70,42;98,04;78,6
4314464;Pinhal Da Serra;43;RS;n„o metropolitana;mata atlantica;832,88;Cfb;2243;3,22;92,21;72,88
4314472;Pinhal Grande;43;RS;n„o metropolitana;pampa;364,9;Cfa;4049;65,61;94,76;47,52
4314498;Pinheirinho Do Vale;43;RS;n„o metropolitana;mata atlantica;292,19;Cfa;4539;17,32;89,31;49,31
4314506;Pinheiro Machado;43;RS;n„o metropolitana;pampa;284,54;Cfa;11380;76,68;96,38;79,23
4314548;Pinto Bandeira;43;RS;n„o metropolitana;mata atlantica;600;Cfa;2712;0;0;0
4314555;Pirap√≥;43;RS;n„o metropolitana;pampa;131,94;Cfa;2250;35,24;98,65;56,86
4314605;Piratini;43;RS;n„o metropolitana;pampa;235,76;Cfa;17434;60,97;86,03;60,82
4314704;Planalto;43;RS;n„o metropolitana;mata atlantica;478,45;Cfa;10240;32,44;93,95;66,72
4314753;Po√ßo Das Antas;43;RS;n„o metropolitana;mata atlantica;314,46;Cfa;2152;98,99;99,42;97,68
4314779;Pont√£o;43;RS;n„o metropolitana;pampa;639,79;Cfb;3278;13,27;97,1;49,14
4314787;Ponte Preta;43;RS;n„o metropolitana;mata atlantica;606,03;Cfa;1572;42,49;97,8;31,32
4314803;Port√£o;43;RS;metropolitana;mata atlantica;57,57;Cfa;36410;91,23;97,1;99,33
4314902;Porto Alegre;43;RS;metropolitana;pampa;41,34;Cfa;1404269;94,26;99,6;99,72
4315008;Porto Lucena;43;RS;n„o metropolitana;mata atlantica;160,53;Cfa;4364;12,79;98,54;61,57
4315057;Porto Mau√°;43;RS;n„o metropolitana;mata atlantica;167,32;Cfa;2143;53,9;99,04;76,83
4315073;Porto Vera Cruz;43;RS;n„o metropolitana;mata atlantica;162,08;Cfa;1560;27,38;99,41;85,07
4315107;Porto Xavier;43;RS;n„o metropolitana;mata atlantica;155,67;Cfa;9821;49,27;96,14;69,91
4315131;Pouso Novo;43;RS;n„o metropolitana;mata atlantica;378,77;Cfa;1752;21,67;92,13;53,94
4315149;Presidente Lucena;43;RS;n„o metropolitana;mata atlantica;174,32;Cfa;3077;79,89;98,1;96,97
4315156;Progresso;43;RS;n„o metropolitana;mata atlantica;466,41;Cfa;5325;25,81;92,24;48,04
4315172;Prot√°sio Alves;43;RS;n„o metropolitana;mata atlantica;598,44;Cfb;2025;67,15;85,96;88,84
4315206;Putinga;43;RS;n„o metropolitana;mata atlantica;517,5;Cfa;3710;53,09;95,11;72,52
4315305;Quara√≠;43;RS;n„o metropolitana;pampa;166,31;Cfa;23475;84,65;97,04;91,52
4315313;Quatro Irm√£os;43;RS;n„o metropolitana;pampa;676,85;Cfb;1552;70,23;83,36;52,37
4315321;Quevedos;43;RS;n„o metropolitana;pampa;355,53;Cfa;2502;11,49;89,05;35,25
4315354;Quinze De Novembro;43;RS;n„o metropolitana;mata atlantica;368,5;Cfa;3910;14,97;99,14;90,62
4315404;Redentora;43;RS;n„o metropolitana;mata atlantica;454,83;Cfa;9244;10,04;84,7;34,42
4315453;Relvado;43;RS;n„o metropolitana;mata atlantica;448,14;Cfa;1895;51,18;96,53;57,28
4315503;Restinga S√™ca;43;RS;n„o metropolitana;pampa;58,31;Cfa;15129;42,15;95,55;89,67
4315552;Rio Dos √çndios;43;RS;n„o metropolitana;mata atlantica;447,6;Cfa;3374;3,77;84,44;23,17
4315602;Rio Grande;43;RS;n„o metropolitana;pampa;6,63;Cfa;191719;88,69;98,94;98,47
4315701;Rio Pardo;43;RS;n„o metropolitana;pampa;56,95;Cfa;34447;77,45;92;88,9
4315750;Riozinho;43;RS;n„o metropolitana;mata atlantica;548,27;Cfb;4453;47,99;86,67;94,61
4315800;Roca Sales;43;RS;n„o metropolitana;mata atlantica;234,26;Cfa;10397;91,65;90,86;88,64
4315909;Rodeio Bonito;43;RS;n„o metropolitana;mata atlantica;330,88;Cfa;6644;24,96;93,63;77,02
4315958;Rolador;43;RS;n„o metropolitana;mata atlantica;216,6;Cfa;2277;59,81;97,7;28,36
4316006;Rolante;43;RS;metropolitana;mata atlantica;225,14;Cfa;21288;65,93;92,95;94,22
4316105;Ronda Alta;43;RS;n„o metropolitana;pampa;625,37;Cfa;9750;39,3;96,78;86,29
4316204;Rondinha;43;RS;n„o metropolitana;mata atlantica;519,9;Cfa;4989;37,37;98,98;69,65
4316303;Roque Gonzales;43;RS;n„o metropolitana;mata atlantica;139,16;Cfa;6579;25,85;99,5;62,57
4316402;Ros√°rio Do Sul;43;RS;n„o metropolitana;pampa;145,34;Cfa;36343;67,05;95,25;86,09
4316428;Sagrada Fam√≠lia;43;RS;n„o metropolitana;mata atlantica;391,43;Cfa;2466;22,16;97,77;41,62
4316436;Saldanha Marinho;43;RS;n„o metropolitana;mata atlantica;479,44;Cfa;2581;7,51;94,03;90,09
4316451;Salto Do Jacu√≠;43;RS;n„o metropolitana;pampa;328,73;Cfa;10200;37,14;94,34;85,65
4316477;Salvador Das Miss√µes;43;RS;n„o metropolitana;mata atlantica;198,59;Cfa;2878;44,51;99,77;82,06
4316501;Salvador Do Sul;43;RS;n„o metropolitana;mata atlantica;393,52;Cfa;7411;89,02;97,89;94,19
4316600;Sananduva;43;RS;n„o metropolitana;mata atlantica;637,46;Cfb;17130;68,93;94,7;72,72
4316709;Santa B√°rbara Do Sul;43;RS;n„o metropolitana;pampa;480,81;Cfa;8083;27,42;93,95;87,02
4316733;Santa Cec√≠lia Do Sul;43;RS;n„o metropolitana;mata atlantica;739,45;Cfb;1676;42,29;74,06;78,94
4316758;Santa Clara Do Sul;43;RS;n„o metropolitana;mata atlantica;180,68;Cfa;6845;54,74;99,37;88,48
4316808;Santa Cruz Do Sul;43;RS;n„o metropolitana;mata atlantica;195,98;Cfa;133136;90,87;97,41;98,28
4316907;Santa Maria;43;RS;n„o metropolitana;pampa;103,44;Cfa;296081;84,26;97,87;97,9
4316956;Santa Maria Do Herval;43;RS;n„o metropolitana;mata atlantica;588,25;Cfb;6541;64,24;84,95;90,65
4316972;Santa Margarida Do Sul;43;RS;n„o metropolitana;pampa;171,66;Cfa;2593;37,97;85,67;64,52
4317004;Santana Da Boa Vista;43;RS;n„o metropolitana;pampa;206,88;Cfa;7120;36,2;81,54;53,54
4317103;Sant'ana Do Livramento;43;RS;n„o metropolitana;pampa;200,83;Cfa;83764;80,32;97,76;90,57
4317202;Santa Rosa;43;RS;n„o metropolitana;mata atlantica;285,87;Cfa;77519;39,08;96,54;95,57
4317251;Santa Tereza;43;RS;n„o metropolitana;mata atlantica;319,55;Cfa;1668;92,08;91,55;95,25
4317301;Santa Vit√≥ria Do Palmar;43;RS;n„o metropolitana;pampa;7,11;Cfa;30953;80,27;98,15;91,87
4317400;Santiago;43;RS;n„o metropolitana;pampa;301,51;Cfa;48959;72,88;97,86;92,66
4317509;Santo √Çngelo;43;RS;n„o metropolitana;pampa;273,65;Cfa;76768;30,85;98,02;94,94
4317558;Santo Ant√¥nio Do Palma;43;RS;n„o metropolitana;mata atlantica;688,88;Cfb;2091;19,24;96,34;95,72
4317608;Santo Ant√¥nio Da Patrulha;43;RS;metropolitana;pampa;67,58;Cfa;42904;70,89;89,1;89,97
4317707;Santo Ant√¥nio Das Miss√µes;43;RS;n„o metropolitana;pampa;118,28;Cfa;10292;11,32;97,65;58,55
4317756;Santo Ant√¥nio Do Planalto;43;RS;n„o metropolitana;pampa;522,53;Cfa;2097;13,98;98,41;83,28
4317806;Santo Augusto;43;RS;n„o metropolitana;pampa;487,94;Cfa;13641;8,6;96,66;89,23
4317905;Santo Cristo;43;RS;n„o metropolitana;mata atlantica;253;Cfa;15325;36,52;96,49;76,17
4317954;Santo Expedito Do Sul;43;RS;n„o metropolitana;mata atlantica;671,61;Cfb;2348;66,5;94,03;64,8
4318002;S√£o Borja;43;RS;n„o metropolitana;pampa;93,53;Cfa;58757;62,63;95,93;89,42
4318051;S√£o Domingos Do Sul;43;RS;n„o metropolitana;mata atlantica;621,4;Cfb;2755;57,44;97,36;94,83
4318101;S√£o Francisco De Assis;43;RS;n„o metropolitana;pampa;189,34;Cfa;17634;25,08;89,57;71,25
4318200;S√£o Francisco De Paula;43;RS;n„o metropolitana;mata atlantica;853,79;Cfb;23682;59,13;91,46;88,3
4318309;S√£o Gabriel;43;RS;n„o metropolitana;pampa;142,26;Cfa;58263;63,97;96,98;89,07
4318408;S√£o Jer√¥nimo;43;RS;metropolitana;pampa;237,42;Cfa;20909;70,63;93,59;79,67
4318424;S√£o Jo√£o Da Urtiga;43;RS;n„o metropolitana;mata atlantica;631,25;Cfb;4433;43,5;90,01;64,57
4318432;S√£o Jo√£o Do Pol√™sine;43;RS;n„o metropolitana;mata atlantica;147,26;Cfa;2549;6,55;68,65;95,09
4318440;S√£o Jorge;43;RS;n„o metropolitana;mata atlantica;713,5;Cfb;2912;55,35;95,48;96,69
4318457;S√£o Jos√© Das Miss√µes;43;RS;n„o metropolitana;mata atlantica;425,24;Cfa;2345;15,06;95,79;37,87
4318465;S√£o Jos√© Do Herval;43;RS;n„o metropolitana;mata atlantica;526,63;Cfa;1883;4,8;83,92;77,44
4318481;S√£o Jos√© Do Hort√™ncio;43;RS;n„o metropolitana;mata atlantica;85,64;Cfa;4667;93,86;99,18;97,78
4318499;S√£o Jos√© Do Inhacor√°;43;RS;n„o metropolitana;mata atlantica;251,08;Cfa;2596;70,4;99,73;95,87
4318507;S√£o Jos√© Do Norte;43;RS;n„o metropolitana;pampa;7,24;Cfa;25491;73,29;94,84;78,11
4318606;S√£o Jos√© Do Ouro;43;RS;n„o metropolitana;mata atlantica;772,66;Cfb;6847;76,55;80,61;85,04
4318614;S√£o Jos√© Do Sul;43;RS;n„o metropolitana;mata atlantica;117,12;Cfa;2676;80,11;96,86;93,56
4318622;S√£o Jos√© Dos Ausentes;43;RS;n„o metropolitana;mata atlantica;1161,75;Cfb;3128;51,33;74,79;71,42
4318705;S√£o Leopoldo;43;RS;metropolitana;mata atlantica;38,63;Cfa;216964;93,59;99,21;99,48
4318804;S√£o Louren√ßo Do Sul;43;RS;n„o metropolitana;pampa;88,94;Cfa;41756;60,42;91,32;65,74
4318903;S√£o Luiz Gonzaga;43;RS;n„o metropolitana;pampa;198,68;Cfa;34690;58,65;98,11;90,74
4319000;S√£o Marcos;43;RS;n„o metropolitana;mata atlantica;705,93;Cfb;21027;92;90,19;94,42
4319109;S√£o Martinho;43;RS;n„o metropolitana;mata atlantica;383,16;Cfa;5479;18,07;96,06;67,99
4319125;S√£o Martinho Da Serra;43;RS;n„o metropolitana;pampa;384,2;Cfa;2919;3,47;73,73;45,24
4319158;S√£o Miguel Das Miss√µes;43;RS;n„o metropolitana;pampa;258,95;Cfa;6986;27,78;79,53;56,94
4319208;S√£o Nicolau;43;RS;n„o metropolitana;pampa;128,85;Cfa;5114;23,73;97,81;67,45
4319307;S√£o Paulo Das Miss√µes;43;RS;n„o metropolitana;mata atlantica;191,69;Cfa;5837;14,69;98,98;52,71
4319356;S√£o Pedro Da Serra;43;RS;n„o metropolitana;mata atlantica;435,02;Cfa;3818;52,46;95,25;95,35
4319364;S√£o Pedro Das Miss√µes;43;RS;n„o metropolitana;mata atlantica;505,78;Cfa;1753;11,94;92,48;50,57
4319372;S√£o Pedro Do Buti√°;43;RS;n„o metropolitana;mata atlantica;188,04;Cfa;3069;31,29;99,36;88,69
4319406;S√£o Pedro Do Sul;43;RS;n„o metropolitana;pampa;165,77;Cfa;15535;47,32;91,43;77,99
4319505;S√£o Sebasti√£o Do Ca√≠;43;RS;metropolitana;mata atlantica;57,76;Cfa;26300;91,54;98,62;96,71
4319604;S√£o Sep√©;43;RS;n„o metropolitana;pampa;122,86;Cfa;21189;77,35;93,33;83,55
4319703;S√£o Valentim;43;RS;n„o metropolitana;mata atlantica;689,58;Cfb;3262;31,16;86,67;73,25
4319711;S√£o Valentim Do Sul;43;RS;n„o metropolitana;mata atlantica;427,75;Cfa;2029;19,59;93,65;79,19
4319737;S√£o Val√©rio Do Sul;43;RS;n„o metropolitana;mata atlantica;407,48;Cfa;2547;13,74;98,64;44,22
4319752;S√£o Vendelino;43;RS;n„o metropolitana;mata atlantica;252,29;Cfa;2259;95,91;98,59;96,39
4319802;S√£o Vicente Do Sul;43;RS;n„o metropolitana;pampa;107,57;Cfa;8154;65,4;89,37;77,01
4319901;Sapiranga;43;RS;metropolitana;mata atlantica;183,72;Cfa;75613;91,7;99,03;99,41
4320008;Sapucaia Do Sul;43;RS;metropolitana;mata atlantica;54,09;Cfa;130554;90,73;98,82;99,57
4320107;Sarandi;43;RS;n„o metropolitana;mata atlantica;540,57;Cfa;22693;75,4;95,47;90,58
4320206;Seberi;43;RS;n„o metropolitana;mata atlantica;455,95;Cfa;11932;15,87;92,1;79,25
4320230;Sede Nova;43;RS;n„o metropolitana;mata atlantica;399,2;Cfa;2712;13,01;95,01;63,6
4320263;Segredo;43;RS;n„o metropolitana;mata atlantica;438,41;Cfa;6046;8,23;88,21;32,52
4320305;Selbach;43;RS;n„o metropolitana;mata atlantica;383,71;Cfa;5108;31,36;91,86;87,39
4320321;Senador Salgado Filho;43;RS;n„o metropolitana;pampa;319,71;Cfa;2671;43,02;98,94;32,24
4320354;Sentinela Do Sul;43;RS;n„o metropolitana;pampa;89,69;Cfa;5221;26,34;88,66;61,7
4320404;Serafina Corr√™a;43;RS;n„o metropolitana;mata atlantica;558,03;Cfa;16839;60,74;93,48;95,66
4320453;S√©rio;43;RS;n„o metropolitana;mata atlantica;443,35;Cfa;1941;10,86;91,63;71,86
4320503;Sert√£o;43;RS;n„o metropolitana;pampa;652,66;Cfb;6512;24,95;88,38;59,68
4320552;Sert√£o Santana;43;RS;n„o metropolitana;pampa;151,93;Cfa;6062;30,42;80,42;88,07
4320578;Sete De Setembro;43;RS;n„o metropolitana;mata atlantica;284,25;Cfa;1824;21,79;97,72;59,83
4320602;Severiano De Almeida;43;RS;n„o metropolitana;mata atlantica;591,08;Cfa;3827;60,65;73,71;74,11
4320651;Silveira Martins;43;RS;n„o metropolitana;mata atlantica;375,68;Cfa;2070;43,17;86,35;91,14
4320677;Sinimbu;43;RS;n„o metropolitana;mata atlantica;385,51;Cfa;8578;28,2;83,6;65,53
4320701;Sobradinho;43;RS;n„o metropolitana;mata atlantica;450,7;Cfa;14209;74,17;96,94;86,74
4320800;Soledade;43;RS;n„o metropolitana;mata atlantica;626,64;Cfb;30060;71,9;95,13;83,4
4320859;Taba√≠;43;RS;n„o metropolitana;mata atlantica;85,72;Cfa;4552;46,12;88,93;87,63
4320909;Tapejara;43;RS;n„o metropolitana;mata atlantica;637,25;Cfb;24539;68,74;95,81;96,97
4321006;Tapera;43;RS;n„o metropolitana;mata atlantica;398,64;Cfa;10570;48,12;97,2;91,95
4321105;Tapes;43;RS;n„o metropolitana;pampa;24,06;Cfa;14547;83,22;98,48;93,31
4321204;Taquara;43;RS;metropolitana;mata atlantica;142,27;Cfa;53164;83,82;96,65;97,22
4321303;Taquari;43;RS;n„o metropolitana;pampa;44,22;Cfa;25004;73,81;96,57;97,61
4321329;Taquaru√ßu Do Sul;43;RS;n„o metropolitana;mata atlantica;424,24;Cfa;3087;30,31;94,75;86,22
4321352;Tavares;43;RS;n„o metropolitana;pampa;7,84;Cfa;5554;59,1;98,47;74,28
4321402;Tenente Portela;43;RS;n„o metropolitana;mata atlantica;389,57;Cfa;14494;19,29;96,21;69,75
4321436;Terra De Areia;43;RS;n„o metropolitana;mata atlantica;87,7;Cfa;11122;21,39;95,35;97,52
4321451;Teut√¥nia;43;RS;n„o metropolitana;mata atlantica;133;Cfa;32776;82,22;99,08;99,16
4321469;Tio Hugo;43;RS;n„o metropolitana;mata atlantica;477,15;Cfa;3422;13,06;93,53;71,84
4321477;Tiradentes Do Sul;43;RS;n„o metropolitana;mata atlantica;253,17;Cfa;5132;10,78;86,95;49,89
4321493;Toropi;43;RS;n„o metropolitana;mata atlantica;225,03;Cfa;2546;0,37;92,75;77,97
4321501;Torres;43;RS;n„o metropolitana;mata atlantica;14,33;Cfa;41709;64,13;98,68;99,57
4321600;Tramanda√≠;43;RS;n„o metropolitana;pampa;10,38;Cfa;51872;60,44;99,13;99,18
4321626;Travesseiro;43;RS;n„o metropolitana;mata atlantica;184,9;Cfa;2123;7,76;98,19;92,24
4321634;Tr√™s Arroios;43;RS;n„o metropolitana;mata atlantica;648,27;Cfb;2589;71,49;89,75;84,8
4321667;Tr√™s Cachoeiras;43;RS;n„o metropolitana;mata atlantica;134,36;Cfa;11551;50,67;87,36;96,46
4321709;Tr√™s Coroas;43;RS;n„o metropolitana;mata atlantica;346,09;Cfa;25344;88,9;89,5;98,26
4321808;Tr√™s De Maio;43;RS;n„o metropolitana;mata atlantica;274,68;Cfa;25006;17,57;93,59;87,05
4321832;Tr√™s Forquilhas;43;RS;n„o metropolitana;mata atlantica;450,07;Cfa;3139;13,06;80,81;95,45
4321857;Tr√™s Palmeiras;43;RS;n„o metropolitana;pampa;595,03;Cfa;4707;28,49;97,82;53,75
4321907;Tr√™s Passos;43;RS;n„o metropolitana;mata atlantica;362,53;Cfa;25467;43,3;93,27;94,83
4321956;Trindade Do Sul;43;RS;n„o metropolitana;mata atlantica;564,42;Cfa;7065;26,4;96,63;73,44
4322004;Triunfo;43;RS;metropolitana;pampa;37,61;Cfa;32859;57,62;89,41;97,02
4322103;Tucunduva;43;RS;n„o metropolitana;mata atlantica;222,19;Cfa;5512;7,14;96,6;93,48
4322152;Tunas;43;RS;n„o metropolitana;mata atlantica;449,47;Cfa;3685;9,56;90,87;30
4322186;Tupanci Do Sul;43;RS;n„o metropolitana;mata atlantica;819,19;Cfb;1371;55,33;85,05;71,4
4322202;Tupanciret√£;43;RS;n„o metropolitana;pampa;411,35;Cfa;19997;44,18;94,74;80,35
4322251;Tupandi;43;RS;n„o metropolitana;mata atlantica;184,58;Cfa;4981;92,03;98,51;98,29
4322301;Tuparendi;43;RS;n„o metropolitana;mata atlantica;224,76;Cfa;8342;14,41;96,12;73,01
4322327;Turu√ßu;43;RS;n„o metropolitana;pampa;34,13;Cfa;3410;49,26;85,38;68,35
4322343;Ubiretama;43;RS;n„o metropolitana;mata atlantica;242,26;Cfa;1994;13,22;98,9;22,32
4322350;Uni√£o Da Serra;43;RS;n„o metropolitana;mata atlantica;485,44;Cfa;1171;76,42;87,11;35,59
4322376;Unistalda;43;RS;n„o metropolitana;pampa;249,12;Cfa;2180;1,8;73,92;43,15
4322400;Uruguaiana;43;RS;n„o metropolitana;pampa;94,95;Cfa;115100;82,08;98,25;95,15
4322509;Vacaria;43;RS;n„o metropolitana;mata atlantica;887,98;Cfb;64033;88,28;98,6;96,78
4322525;Vale Verde;43;RS;n„o metropolitana;pampa;56,21;Cfa;3137;50,35;69,42;68,38
4322533;Vale Do Sol;43;RS;n„o metropolitana;mata atlantica;247,63;Cfa;9907;47,61;87,12;78,94
4322541;Vale Real;43;RS;n„o metropolitana;mata atlantica;250;Cfa;6152;25,87;95,49;97,89
4322558;Vanini;43;RS;n„o metropolitana;mata atlantica;695,58;Cfb;2004;74,8;99,69;75,12
4322608;Ven√¢ncio Aires;43;RS;n„o metropolitana;mata atlantica;148,03;Cfa;68420;85,79;94,05;87,75
4322707;Vera Cruz;43;RS;n„o metropolitana;mata atlantica;79,21;Cfa;26702;74,19;97,9;92,51
4322806;Veran√≥polis;43;RS;n„o metropolitana;mata atlantica;496,6;Cfb;23878;93,14;95,37;96,27
4322855;Vespasiano Corr√™a;43;RS;n„o metropolitana;mata atlantica;421,09;Cfa;1821;33,92;97,43;91,48
4322905;Viadutos;43;RS;n„o metropolitana;mata atlantica;559,89;Cfa;4767;48,8;91,76;81,68
4323002;Viam√£o;43;RS;metropolitana;pampa;36,37;Cfa;223679;76,19;98,12;98,33
4323101;Vicente Dutra;43;RS;n„o metropolitana;mata atlantica;292,17;Cfa;4660;46,56;94,52;47,44
4323200;Victor Graeff;43;RS;n„o metropolitana;mata atlantica;445,04;Cfa;2685;25,07;99,33;73,58
4323309;Vila Flores;43;RS;n„o metropolitana;mata atlantica;642,38;Cfb;3608;62,49;91,91;71,29
4323358;Vila L√¢ngaro;43;RS;n„o metropolitana;mata atlantica;646,38;Cfb;2118;49,04;94,7;84,24
4323408;Vila Maria;43;RS;n„o metropolitana;mata atlantica;504,98;Cfa;4425;57,78;98,66;98,89
4323457;Vila Nova Do Sul;43;RS;n„o metropolitana;pampa;236,3;Cfa;3629;47,04;84,3;63,54
4323507;Vista Alegre;43;RS;n„o metropolitana;mata atlantica;423,8;Cfa;2655;20,04;82,56;54,13
4323606;Vista Alegre Do Prata;43;RS;n„o metropolitana;mata atlantica;477,17;Cfa;1608;35,81;96,82;41,53
4323705;Vista Ga√∫cha;43;RS;n„o metropolitana;mata atlantica;346,39;Cfa;2785;26,93;92,61;42,76
4323754;Vit√≥ria Das Miss√µes;43;RS;n„o metropolitana;mata atlantica;240,5;Cfa;3266;25,56;99,25;22,37
4323770;Westf√°lia;43;RS;n„o metropolitana;mata atlantica;307,58;Cfa;3096;97;94,24;96,78
4323804;Xangri-L√°;43;RS;n„o metropolitana;mata atlantica;4,72;Cfa;16178;14,27;98,14;99,35
5000203;√Ågua Clara;50;MS;n„o metropolitana;cerrado;473,6;Am;17072;3,46;90,59;74,12
5000252;Alcin√≥polis;50;MS;n„o metropolitana;cerrado;413,27;Am;4670;0,38;94,9;67,55
5000609;Amambai;50;MS;n„o metropolitana;cerrado;396,45;Cfa;38251;25,42;90,79;71,62
5000708;Anast√°cio;50;MS;n„o metropolitana;cerrado;244,5;Aw;23338;45,17;96,03;78,05
5000807;Anauril√¢ndia;50;MS;n„o metropolitana;cerrado;330,62;Aw;7805;1,67;84,7;62,16
5000856;Ang√©lica;50;MS;n„o metropolitana;mata atlantica;328,2;Aw;10663;2,48;93,09;76,75
5000906;Ant√¥nio Jo√£o;50;MS;n„o metropolitana;cerrado;499,81;Cfa;8796;2,43;89,52;76,38
5001003;Aparecida Do Taboado;50;MS;n„o metropolitana;cerrado;385,58;Aw;27862;15,99;99,23;90,66
5001102;Aquidauana;50;MS;n„o metropolitana;pantanal;153,57;Am;44437;29,64;93,84;79,08
5001243;Aral Moreira;50;MS;n„o metropolitana;cerrado;489,29;Cfa;10670;3,03;94,35;65,25
5001508;Bandeirantes;50;MS;n„o metropolitana;cerrado;560,31;Am;7925;4,44;99,1;64,03
5001904;Bataguassu;50;MS;n„o metropolitana;cerrado;328,76;Aw;23837;49,52;93,99;85,29
5002001;Bataypor√£;50;MS;n„o metropolitana;mata atlantica;288,48;Aw;11231;1,41;96,57;75,24
5002100;Bela Vista;50;MS;n„o metropolitana;cerrado;278,3;Af;23594;24,03;94,47;76,2
5002159;Bodoquena;50;MS;n„o metropolitana;cerrado;316,87;Am;8944;66,37;90,53;72,98
5002209;Bonito;50;MS;n„o metropolitana;cerrado;348,77;Am;25185;81,62;95,54;82,25
5002308;Brasil√¢ndia;50;MS;n„o metropolitana;cerrado;357,54;Aw;11634;53,97;95,85;73,58
5002407;Caarap√≥;50;MS;n„o metropolitana;mata atlantica;410,17;Cfa;33471;22,35;94,55;74,6
5002605;Camapu√£;50;MS;n„o metropolitana;cerrado;507,93;Am;12428;48,79;97,49;78,27
5002704;Campo Grande;50;MS;metropolitana;cerrado;467,67;Am;942140;60,26;99,38;98,81
5002803;Caracol;50;MS;n„o metropolitana;cerrado;251,99;Af;5281;2,1;88,98;64,88
5002902;Cassil√¢ndia;50;MS;n„o metropolitana;cerrado;562,39;Am;20951;25,65;98,03;91,38
5002951;Chapad√£o Do Sul;50;MS;n„o metropolitana;cerrado;663,43;Am;30497;46,87;96,47;87,03
5003108;Corguinho;50;MS;n„o metropolitana;cerrado;368,92;Am;6025;63,16;91,43;57,19
5003157;Coronel Sapucaia;50;MS;n„o metropolitana;cerrado;435,08;Cfa;13228;35,02;93,96;74,85
5003207;Corumb√°;50;MS;n„o metropolitana;pantanal;116;Aw;94874;19,84;93,36;87,44
5003256;Costa Rica;50;MS;n„o metropolitana;cerrado;673,23;Am;26187;45,74;95,52;89,51
5003306;Coxim;50;MS;n„o metropolitana;cerrado;277,29;Aw;32302;13,25;96,1;88,5
5003454;Deod√°polis;50;MS;n„o metropolitana;mata atlantica;345,11;Aw;13454;0,87;98,12;78,14
5003488;Dois Irm√£os Do Buriti;50;MS;n„o metropolitana;cerrado;279,58;Aw;11134;1,66;98;55,03
5003504;Douradina;50;MS;n„o metropolitana;mata atlantica;312,85;Am;5800;1,77;95,13;67,07
5003702;Dourados;50;MS;n„o metropolitana;cerrado;378,16;Am;261019;51,96;98,56;92,57
5003751;Eldorado;50;MS;n„o metropolitana;mata atlantica;304,63;Cfa;12107;10,26;89,06;82,17
5003801;F√°tima Do Sul;50;MS;n„o metropolitana;mata atlantica;328,35;Am;20381;12,02;99,33;88,97
5003900;Figueir√£o;50;MS;n„o metropolitana;cerrado;446,45;Am;3520;4,43;95,85;59,69
5004007;Gl√≥ria De Dourados;50;MS;n„o metropolitana;mata atlantica;384,95;Cfa;9998;1,6;95,24;77,61
5004106;Guia Lopes Da Laguna;50;MS;n„o metropolitana;cerrado;306,86;Af;9912;7,97;98,82;80,28
5004304;Iguatemi;50;MS;n„o metropolitana;mata atlantica;350,88;Cfa;13808;13,7;94,13;74,55
5004403;Inoc√™ncia;50;MS;n„o metropolitana;cerrado;468,2;Am;8424;10,51;90,85;63,51
5004502;Itapor√£;50;MS;n„o metropolitana;mata atlantica;366,48;Am;23818;22,78;97,73;69,79
5004601;Itaquira√≠;50;MS;n„o metropolitana;mata atlantica;312,04;Cfa;19453;1,88;80,71;50,78
5004700;Ivinhema;50;MS;n„o metropolitana;mata atlantica;343,83;Aw;29890;9,36;91,02;76,44
5004809;Japor√£;50;MS;n„o metropolitana;mata atlantica;326,04;Cfa;7966;3,79;80,54;24,35
5004908;Jaraguari;50;MS;n„o metropolitana;cerrado;537,32;Am;8819;2,81;89,12;34,76
5005004;Jardim;50;MS;n„o metropolitana;cerrado;336,21;Af;26214;32,62;96,71;91,85
5005103;Jate√≠;50;MS;n„o metropolitana;mata atlantica;327,48;Cfa;3315;25,38;82,77;57,31
5005152;Juti;50;MS;n„o metropolitana;mata atlantica;373,75;Cfa;6988;11,73;91,89;64,52
5005202;Lad√°rio;50;MS;n„o metropolitana;pantanal;198,04;Aw;20995;11,85;94,79;87,84
5005251;Laguna Carap√£;50;MS;n„o metropolitana;cerrado;439,18;Cfa;7090;8,49;96,64;46,46
5005400;Maracaju;50;MS;n„o metropolitana;cerrado;469,42;Am;43247;35,91;97,93;87,82
5005608;Miranda;50;MS;n„o metropolitana;cerrado;163,23;Am;24553;36,69;84,87;69,37
5005681;Mundo Novo;50;MS;n„o metropolitana;mata atlantica;268,17;Cfa;18738;1,23;92,5;89,69
5005707;Navira√≠;50;MS;n„o metropolitana;mata atlantica;308,19;Cfa;50868;25,84;98,83;93,84
5005806;Nioaque;50;MS;n„o metropolitana;cerrado;259,57;Am;15255;26,35;93,3;48,21
5006002;Nova Alvorada Do Sul;50;MS;n„o metropolitana;cerrado;382,41;Am;21476;4,64;96,48;73,91
5006200;Nova Andradina;50;MS;n„o metropolitana;cerrado;348,79;Aw;52221;12,73;93,89;85,28
5006259;Novo Horizonte Do Sul;50;MS;n„o metropolitana;mata atlantica;312,88;Aw;5278;5,64;67,61;54,88
5006275;Para√≠so Das √Åguas;50;MS;n„o metropolitana;cerrado;452;Aw;5360;0;0;0
5006309;Parana√≠ba;50;MS;n„o metropolitana;cerrado;463,6;Aw;40713;42,31;99,02;86,56
5006358;Paranhos;50;MS;n„o metropolitana;cerrado;382,51;Cfa;12926;1,66;70,18;57,41
5006408;Pedro Gomes;50;MS;n„o metropolitana;cerrado;334,59;Aw;6842;6,77;93,53;74,76
5006606;Ponta Por√£;50;MS;n„o metropolitana;cerrado;541,39;Cfa;90756;23,72;95,37;78,08
5006903;Porto Murtinho;50;MS;n„o metropolitana;pantanal;185,51;Af;12625;84,74;88,12;66,31
5007109;Ribas Do Rio Pardo;50;MS;n„o metropolitana;cerrado;439,63;Am;23085;28,43;89,07;69,05
5007208;Rio Brilhante;50;MS;n„o metropolitana;cerrado;337,72;Am;38362;22,08;96,95;82,06
5007307;Rio Negro;50;MS;n„o metropolitana;cerrado;366,34;Am;4691;4,12;94,84;70,13
5007406;Rio Verde De Mato Grosso;50;MS;n„o metropolitana;pantanal;275,95;Aw;19810;4,3;95,23;84,18
5007505;Rochedo;50;MS;n„o metropolitana;cerrado;339,64;Am;5340;22,53;95,55;54,3
5007554;Santa Rita Do Pardo;50;MS;n„o metropolitana;cerrado;366,02;Aw;7293;7,76;92,25;48,59
5007695;S√£o Gabriel Do Oeste;50;MS;n„o metropolitana;cerrado;503,87;Am;31846;46,74;98,96;86,77
5007703;Sete Quedas;50;MS;n„o metropolitana;mata atlantica;349,06;Cfa;10994;1,73;96,44;75,32
5007802;Selv√≠ria;50;MS;n„o metropolitana;cerrado;374,64;Aw;8000;8,59;90,55;75,26
5007901;Sidrol√¢ndia;50;MS;n„o metropolitana;cerrado;438,79;Am;51075;18,81;89,84;63,97
5007935;Sonora;50;MS;n„o metropolitana;cerrado;478,66;Aw;14345;3,51;94,9;90,94
5007950;Tacuru;50;MS;n„o metropolitana;mata atlantica;352,3;Cfa;10749;8,02;81,99;42,47
5007976;Taquarussu;50;MS;n„o metropolitana;mata atlantica;251,05;Aw;3634;1,2;95,83;72,91
5008008;Terenos;50;MS;n„o metropolitana;cerrado;306,68;Aw;17342;10,55;95,38;45,8
5008305;Tr√™s Lagoas;50;MS;n„o metropolitana;cerrado;377,09;Aw;132651;52,74;99,16;95
5008404;Vicentina;50;MS;n„o metropolitana;mata atlantica;401,06;Cfa;6264;1,84;97,82;72,47
5100102;Acorizal;51;MT;metropolitana;cerrado;259,29;Aw;5509;8,27;81,91;54,34
5100201;√Ågua Boa;51;MT;n„o metropolitana;cerrado;372,12;Aw;30795;14,11;96,82;81,5
5100250;Alta Floresta;51;MT;n„o metropolitana;amazonia;294,85;Am;56461;18,05;98,64;84,3
5100300;Alto Araguaia;51;MT;n„o metropolitana;cerrado;625,81;Aw;15358;7,62;97,55;86,05
5100359;Alto Boa Vista;51;MT;n„o metropolitana;amazonia;324,53;Aw;6551;25,97;72,6;64,34
5100409;Alto Gar√ßas;51;MT;n„o metropolitana;cerrado;686,76;Aw;11786;3,62;94,04;89,18
5100508;Alto Paraguai;51;MT;n„o metropolitana;cerrado;295,81;Aw;11178;22,63;87,83;55,73
5100607;Alto Taquari;51;MT;n„o metropolitana;cerrado;813,96;Aw;10729;1,84;99;91,02
5100805;Apiac√°s;51;MT;n„o metropolitana;amazonia;220,66;Am;9367;5,44;91,6;69,6
5101001;Araguaiana;51;MT;n„o metropolitana;cerrado;284,15;Aw;3689;3,03;94,3;66,61
5101209;Araguainha;51;MT;n„o metropolitana;cerrado;592,5;Aw;998;9,56;96,12;82,69
5101258;Araputanga;51;MT;n„o metropolitana;amazonia;368,55;Aw;13538;11,09;93,6;82,78
5101308;Aren√°polis;51;MT;n„o metropolitana;amazonia;279,7;Aw;10484;17,72;95,27;85,67
5101407;Aripuan√£;51;MT;n„o metropolitana;amazonia;226,63;Am;24499;3,91;90,95;62,75
5101605;Bar√£o De Melga√ßo;51;MT;metropolitana;pantanal;133,6;Aw;7247;22,86;71,55;35,47
5101704;Barra Do Bugres;51;MT;n„o metropolitana;amazonia;265,24;Aw;27586;27,36;94,44;81,69
5101803;Barra Do Gar√ßas;51;MT;n„o metropolitana;cerrado;456,78;Aw;68975;55,38;97,46;91,08
5101852;Bom Jesus Do Araguaia;51;MT;n„o metropolitana;amazonia;328,77;Aw;7671;2,21;87,11;61,72
5101902;Brasnorte;51;MT;n„o metropolitana;amazonia;338,27;Am;18407;8,43;88,98;68,45
5102504;C√°ceres;51;MT;n„o metropolitana;pantanal;147,38;Aw;92639;60,59;95,56;80,12
5102603;Campin√°polis;51;MT;n„o metropolitana;cerrado;426,62;Aw;15203;12,48;82,92;52,17
5102637;Campo Novo Do Parecis;51;MT;n„o metropolitana;cerrado;529,39;Aw;43785;22,57;98,94;93,39
5102678;Campo Verde;51;MT;n„o metropolitana;cerrado;696,98;Aw;46741;10,59;92,63;82,8
5102686;Campos De J√∫lio;51;MT;n„o metropolitana;cerrado;539,39;Am;9039;3,59;96,68;84,71
5102694;Canabrava Do Norte;51;MT;n„o metropolitana;amazonia;244,82;Aw;4463;0,92;92,25;60,13
5102702;Canarana;51;MT;n„o metropolitana;cerrado;353,73;Aw;25907;4,58;95;80,87
5102793;Carlinda;51;MT;n„o metropolitana;amazonia;278,83;Am;10138;4,92;97,64;46,16
5102850;Castanheira;51;MT;n„o metropolitana;amazonia;297,05;Am;8863;7,64;96,7;47,59
5103007;Chapada Dos Guimar√£es;51;MT;metropolitana;cerrado;462,11;Aw;19728;33,52;83,89;61,9
5103056;Cl√°udia;51;MT;n„o metropolitana;amazonia;343,14;Am;12118;18,22;96,7;77,83
5103106;Cocalinho;51;MT;n„o metropolitana;cerrado;236,86;Aw;6331;1,88;94,54;63,04
5103205;Col√≠der;51;MT;n„o metropolitana;amazonia;306,55;Am;30768;18,02;98,43;79,11
5103254;Colniza;51;MT;n„o metropolitana;amazonia;152,71;Am;28840;3,1;92,95;49,46
5103304;Comodoro;51;MT;n„o metropolitana;cerrado;425,59;Am;20283;19,96;91,33;69,27
5103353;Confresa;51;MT;n„o metropolitana;amazonia;281,75;Aw;35514;23,03;96,2;64,03
5103361;Conquista D'oeste;51;MT;n„o metropolitana;amazonia;498,48;Am;3687;6,79;93,5;64,73
5103379;Cotrigua√ßu;51;MT;n„o metropolitana;amazonia;235,25;Am;10735;4,65;72,14;37,45
5103403;Cuiab√°;51;MT;metropolitana;cerrado;280,32;Aw;694244;80,87;97,24;96,74
5103437;Curvel√¢ndia;51;MT;n„o metropolitana;amazonia;172,65;Aw;4880;1,05;98,34;63,12
5103452;Denise;51;MT;n„o metropolitana;amazonia;215,77;Aw;7003;6,27;99,04;86,61
5103502;Diamantino;51;MT;n„o metropolitana;cerrado;475,88;Aw;22284;23,08;95,4;80,16
5103601;Dom Aquino;51;MT;n„o metropolitana;cerrado;507,68;Aw;8515;6,07;92,73;78,06
5103700;Feliz Natal;51;MT;n„o metropolitana;amazonia;337,95;Am;10551;6,15;96,19;76,63
5103809;Figueir√≥polis D'oeste;51;MT;n„o metropolitana;amazonia;243,59;Aw;3159;1,75;95,27;56,55
5103858;Ga√∫cha Do Norte;51;MT;n„o metropolitana;amazonia;358,96;Am;7886;10,81;93,94;53,99
5103908;General Carneiro;51;MT;n„o metropolitana;cerrado;518,83;Aw;5200;18,28;88,04;58,3
5103957;Gl√≥ria D'oeste;51;MT;n„o metropolitana;amazonia;186,76;Aw;3247;6,3;95,74;65,57
5104104;Guarant√£ Do Norte;51;MT;n„o metropolitana;amazonia;382,93;Am;36190;2,52;96,5;75,8
5104203;Guiratinga;51;MT;n„o metropolitana;cerrado;539,34;Aw;12122;64,7;88,37;82,81
5104500;Indiava√≠;51;MT;n„o metropolitana;amazonia;304,02;Aw;1918;4,12;99,07;79,65
5104526;Ipiranga Do Norte;51;MT;n„o metropolitana;amazonia;368,95;Am;7772;2,12;97,82;72,29
5104542;Itanhang√°;51;MT;n„o metropolitana;amazonia;319,2;Am;6723;2,23;95,61;74,78
5104559;Ita√∫ba;51;MT;n„o metropolitana;amazonia;344,96;Am;5273;9,21;97,05;81,35
5104609;Itiquira;51;MT;n„o metropolitana;cerrado;449,85;Aw;11856;3,15;92,79;74,18
5104807;Jaciara;51;MT;n„o metropolitana;cerrado;563,34;Aw;26713;35,3;96,81;91,35
5104906;Jangada;51;MT;metropolitana;cerrado;259,05;Aw;7237;7,89;59,35;42,36
5105002;Jauru;51;MT;n„o metropolitana;amazonia;405,79;Aw;8323;11,42;91,59;64,95
5105101;Juara;51;MT;n„o metropolitana;amazonia;314,93;Am;37369;16;96,68;79,17
5105150;Ju√≠na;51;MT;n„o metropolitana;amazonia;352,33;Am;49530;7,88;97,09;80,51
5105176;Juruena;51;MT;n„o metropolitana;amazonia;256,59;Am;9635;30,59;94,6;58,67
5105200;Juscimeira;51;MT;n„o metropolitana;cerrado;400,81;Aw;10526;7,38;91,36;74,11
5105234;Lambari D'oeste;51;MT;n„o metropolitana;amazonia;179,8;Aw;5860;6,27;94,9;62,82
5105259;Lucas Do Rio Verde;51;MT;n„o metropolitana;cerrado;391,28;Aw;83770;47,38;99,61;93,78
5105309;Luciara;51;MT;n„o metropolitana;cerrado;187,09;Aw;2163;0,76;98,32;85,82
5105507;Vila Bela Da Sant√≠ssima Trindade;51;MT;n„o metropolitana;amazonia;264,89;Am;17435;13,09;84,07;38,11
5105580;Marcel√¢ndia;51;MT;n„o metropolitana;amazonia;343,76;Am;13412;2,17;98,32;76,57
5105606;Matup√°;51;MT;n„o metropolitana;amazonia;345,07;Am;21238;9,23;97,3;69,94
5105622;Mirassol D'oeste;51;MT;n„o metropolitana;amazonia;226,3;Aw;28023;30,9;97,11;83,07
5105903;Nobres;51;MT;metropolitana;cerrado;403,48;Aw;17118;20,1;88,21;79,66
5106000;Nortel√¢ndia;51;MT;n„o metropolitana;amazonia;369,17;Aw;5817;14,32;94,07;80,49
5106109;Nossa Senhora Do Livramento;51;MT;metropolitana;cerrado;255,56;Aw;12455;29,32;69,51;36,04
5106158;Nova Bandeirantes;51;MT;n„o metropolitana;amazonia;256,56;Am;12365;24,06;97,13;50,51
5106174;Nova Nazar√©;51;MT;n„o metropolitana;cerrado;268,44;Aw;4188;8,55;95,65;48,95
5106182;Nova Lacerda;51;MT;n„o metropolitana;amazonia;348,85;Am;6432;41,1;89,02;55,52
5106190;Nova Santa Helena;51;MT;n„o metropolitana;amazonia;365,96;Am;4281;10,7;96,76;63,12
5106208;Nova Brasil√¢ndia;51;MT;metropolitana;cerrado;473,54;Aw;3691;20,83;83,04;69,45
5106216;Nova Cana√£ Do Norte;51;MT;n„o metropolitana;amazonia;308,28;Am;13791;15,32;96,07;57,28
5106224;Nova Mutum;51;MT;n„o metropolitana;cerrado;410,15;Aw;58832;31,71;98,64;84,98
5106232;Nova Ol√≠mpia;51;MT;n„o metropolitana;amazonia;242,2;Aw;16147;6,35;95,57;90,01
5106240;Nova Ubirat√£;51;MT;n„o metropolitana;amazonia;399,15;Aw;12936;5,13;94,87;50,15
5106257;Nova Xavantina;51;MT;n„o metropolitana;cerrado;353,05;Aw;26467;24,1;94,6;77,99
5106265;Novo Mundo;51;MT;n„o metropolitana;amazonia;313,86;Am;7383;0,84;95,58;42,6
5106273;Novo Horizonte Do Norte;51;MT;n„o metropolitana;amazonia;291,5;Am;4391;7,46;91,95;52,05
5106281;Novo S√£o Joaquim;51;MT;n„o metropolitana;cerrado;467,2;Aw;7155;25,4;90,84;66,89
5106299;Parana√≠ta;51;MT;n„o metropolitana;amazonia;263,21;Am;13211;0,77;96,89;55,22
5106307;Paranatinga;51;MT;n„o metropolitana;cerrado;442,69;Aw;26908;18,34;94,69;76,83
5106315;Novo Santo Ant√¥nio;51;MT;n„o metropolitana;cerrado;208,95;Aw;2106;12,21;85,12;61,54
5106372;Pedra Preta;51;MT;n„o metropolitana;cerrado;455,86;Aw;19559;11,91;93,87;75,52
5106422;Peixoto De Azevedo;51;MT;n„o metropolitana;amazonia;337,64;Am;34493;6,79;93,73;65,64
5106455;Planalto Da Serra;51;MT;metropolitana;cerrado;496,6;Aw;3164;6,37;94,09;72,77
5106505;Pocon√©;51;MT;metropolitana;pantanal;123,92;Aw;30278;3,91;91,99;68,89
5106653;Pontal Do Araguaia;51;MT;n„o metropolitana;cerrado;408,58;Aw;7554;16,97;96,16;81,09
5106703;Ponte Branca;51;MT;n„o metropolitana;cerrado;575,09;Aw;1887;1,08;95,22;85,83
5106752;Pontes E Lacerda;51;MT;n„o metropolitana;amazonia;351,9;Aw;55050;35,68;97,5;83,19
5106778;Porto Alegre Do Norte;51;MT;n„o metropolitana;amazonia;218,93;Aw;10752;4,92;93,12;69,68
5106802;Porto Dos Ga√∫chos;51;MT;n„o metropolitana;amazonia;338,14;Am;6325;7,05;96,99;75,55
5106828;Porto Esperidi√£o;51;MT;n„o metropolitana;amazonia;274,3;Aw;10781;4,61;90,35;52,11
5106851;Porto Estrela;51;MT;n„o metropolitana;cerrado;284,91;Aw;3208;34,22;90,35;51,48
5107008;Poxor√©u;51;MT;n„o metropolitana;cerrado;485,6;Aw;20970;40,35;93,67;69,46
5107040;Primavera Do Leste;51;MT;n„o metropolitana;cerrado;647,44;Aw;93263;47,57;98,72;95,24
5107065;Quer√™ncia;51;MT;n„o metropolitana;amazonia;323,95;Am;29280;6,13;94,12;68,39
5107107;S√£o Jos√© Dos Quatro Marcos;51;MT;n„o metropolitana;amazonia;213,95;Aw;16979;19,67;98,09;76,13
5107156;Reserva Do Caba√ßal;51;MT;n„o metropolitana;cerrado;538,36;Aw;2046;14,75;88,75;68,2
5107180;Ribeir√£o Cascalheira;51;MT;n„o metropolitana;cerrado;287,98;Aw;9959;36,46;89,56;68,46
5107198;Ribeir√£ozinho;51;MT;n„o metropolitana;cerrado;508,3;Aw;2484;32,3;94,21;83,31
5107206;Rio Branco;51;MT;n„o metropolitana;amazonia;314,62;Aw;4721;1,37;94,55;84,53
5107248;Santa Carmem;51;MT;n„o metropolitana;amazonia;353,73;Am;5427;9,9;95,73;80,46
5107263;Santo Afonso;51;MT;n„o metropolitana;amazonia;335,72;Aw;2731;10,69;82,48;56,73
5107297;S√£o Jos√© Do Povo;51;MT;n„o metropolitana;cerrado;292,66;Aw;2781;6,84;88,9;43,67
5107305;S√£o Jos√© Do Rio Claro;51;MT;n„o metropolitana;amazonia;387,83;Aw;14950;3,53;92,69;79,9
5107354;S√£o Jos√© Do Xingu;51;MT;n„o metropolitana;amazonia;310,45;Am;7039;4,16;97,16;69,57
5107404;S√£o Pedro Da Cipa;51;MT;n„o metropolitana;cerrado;383,72;Aw;4122;4,09;97,07;87,01
5107578;Rondol√¢ndia;51;MT;n„o metropolitana;amazonia;200,94;Am;3423;3,4;68,97;28,15
5107602;Rondon√≥polis;51;MT;n„o metropolitana;cerrado;354,59;Aw;253388;48,42;97,75;96,23
5107701;Ros√°rio Oeste;51;MT;metropolitana;cerrado;347,1;Aw;16127;15,72;79,03;53,75
5107743;Santa Cruz Do Xingu;51;MT;n„o metropolitana;amazonia;299,87;Am;2340;30,74;96,53;61,66
5107750;Salto Do C√©u;51;MT;n„o metropolitana;amazonia;386,98;Aw;4401;4,76;82,68;55,62
5107768;Santa Rita Do Trivelato;51;MT;n„o metropolitana;cerrado;462,69;Aw;3371;2,93;94,84;67,23
5107776;Santa Terezinha;51;MT;n„o metropolitana;amazonia;222,87;Aw;7591;45,16;92,59;48,8
5107792;Santo Ant√¥nio Do Leste;51;MT;n„o metropolitana;cerrado;574,24;Aw;4340;3,14;92,47;68,89
5107800;Santo Ant√¥nio Do Leverger;51;MT;metropolitana;pantanal;248,29;Aw;13739;10,23;81,77;35,87
5107859;S√£o F√©lix Do Araguaia;51;MT;n„o metropolitana;amazonia;276,07;Aw;11384;17,62;92,2;51,16
5107875;Sapezal;51;MT;n„o metropolitana;cerrado;456,78;Am;29240;40,96;98,92;86,01
5107883;Serra Nova Dourada;51;MT;n„o metropolitana;cerrado;280,96;Aw;1792;8,66;94,3;53,53
5107909;Sinop;51;MT;n„o metropolitana;amazonia;357,45;Am;199698;11,14;98,09;94,66
5107925;Sorriso;51;MT;n„o metropolitana;cerrado;387,27;Aw;117605;12,35;99,23;92,37
5107941;Tabapor√£;51;MT;n„o metropolitana;amazonia;358,2;Am;11280;9,43;95,46;66,98
5107958;Tangar√° Da Serra;51;MT;n„o metropolitana;cerrado;560,8;Aw;100784;39,8;97,54;91,9
5108006;Tapurah;51;MT;n„o metropolitana;amazonia;340,49;Aw;15030;20,1;98,66;79,59
5108055;Terra Nova Do Norte;51;MT;n„o metropolitana;amazonia;323,39;Am;10760;12,32;96,67;49,33
5108105;Tesouro;51;MT;n„o metropolitana;cerrado;502,17;Aw;3119;8,91;91,1;62,24
5108204;Torixor√©u;51;MT;n„o metropolitana;cerrado;523,11;Aw;3926;22,06;96,41;75,17
5108303;Uni√£o Do Sul;51;MT;n„o metropolitana;amazonia;342,35;Am;3947;1,14;95,18;77,04
5108352;Vale De S√£o Domingos;51;MT;n„o metropolitana;cerrado;550,59;Aw;2754;0,31;95,21;42,14
5108402;V√°rzea Grande;51;MT;metropolitana;cerrado;200,51;Aw;315711;48,34;97,66;93,49
5108501;Vera;51;MT;n„o metropolitana;amazonia;382,4;Aw;13876;2,83;97,06;70,9
5108600;Vila Rica;51;MT;n„o metropolitana;amazonia;290,38;Aw;20077;39,03;96,54;70,25
5108808;Nova Guarita;51;MT;n„o metropolitana;amazonia;276,55;Am;5027;1;99,07;49,37
5108857;Nova Maril√¢ndia;51;MT;n„o metropolitana;amazonia;412,34;Aw;3624;0,76;92,41;60,09
5108907;Nova Maring√°;51;MT;n„o metropolitana;amazonia;347,3;Aw;5810;20,46;89,1;77,51
5108956;Nova Monte Verde;51;MT;n„o metropolitana;amazonia;278,73;Am;8931;4,21;93,27;61,33
5200050;Abadia De Goi√°s;52;GO;metropolitana;cerrado;821,56;Aw;19141;35,41;93,06;89,36
5200100;Abadi√¢nia;52;GO;metropolitana;cerrado;980,69;Aw;15498;78,95;94,5;75,27
5200134;Acre√∫na;52;GO;n„o metropolitana;cerrado;530,51;Aw;20506;17,58;97,34;91,04
5200159;Adel√¢ndia;52;GO;n„o metropolitana;cerrado;693,63;Aw;2393;22,99;99,41;88,15
5200175;√Ågua Fria De Goi√°s;52;GO;metropolitana;cerrado;993,24;Aw;5546;1,19;79,92;52,19
5200209;√Ågua Limpa;52;GO;n„o metropolitana;mata atlantica;625,31;Aw;1853;6,95;97,54;72,62
5200258;√Åguas Lindas De Goi√°s;52;GO;metropolitana;cerrado;1081,34;Aw;208892;18,86;96,79;93,78
5200308;Alex√¢nia;52;GO;metropolitana;cerrado;972,24;Aw;28690;18,15;97,64;84,86
5200506;Alo√¢ndia;52;GO;n„o metropolitana;cerrado;589,22;Aw;1891;22,38;97,88;86,5
5200555;Alto Horizonte;52;GO;n„o metropolitana;cerrado;353,28;Aw;6061;2;99,31;85,41
5200605;Alto Para√≠so De Goi√°s;52;GO;n„o metropolitana;cerrado;1030,23;Aw;10414;46,97;87,97;81,04
5200803;Alvorada Do Norte;52;GO;n„o metropolitana;cerrado;600,42;Aw;8412;22,83;89,91;82,4
5200829;Amaralina;52;GO;n„o metropolitana;cerrado;345,17;Aw;3796;34,28;82,13;38,59
5200852;Americano Do Brasil;52;GO;n„o metropolitana;cerrado;842,24;Aw;4937;1,56;92,04;87,25
5200902;Amorin√≥polis;52;GO;n„o metropolitana;cerrado;633,59;Aw;2982;9,57;95,88;67,96
5201108;An√°polis;52;GO;n„o metropolitana;cerrado;1015,1;Aw;393417;59,44;99;98,21
5201207;Anhanguera;52;GO;n„o metropolitana;cerrado;599,43;Aw;927;10,57;99,43;91,43
5201306;Anicuns;52;GO;n„o metropolitana;cerrado;750,04;Aw;19762;59,18;97,47;84,33
5201405;Aparecida De Goi√¢nia;52;GO;metropolitana;cerrado;796,47;Aw;500760;36,7;98,43;99,44
5201454;Aparecida Do Rio Doce;52;GO;n„o metropolitana;cerrado;618,44;Aw;2918;67,48;95,48;88,14
5201504;Apor√©;52;GO;n„o metropolitana;cerrado;643,62;Am;4067;27,74;94,06;66,09
5201603;Ara√ßu;52;GO;n„o metropolitana;cerrado;708,21;Aw;3859;6,77;99,92;90,37
5201702;Aragar√ßas;52;GO;n„o metropolitana;cerrado;346,61;Aw;18096;3,98;99,12;95,55
5201801;Aragoi√¢nia;52;GO;metropolitana;cerrado;818,96;Aw;11614;2,12;98,32;87,82
5202155;Araguapaz;52;GO;n„o metropolitana;cerrado;357,12;Aw;6986;52,46;94,78;71,18
5202353;Aren√≥polis;52;GO;n„o metropolitana;cerrado;485,72;Aw;2964;30;90,83;71,5
5202502;Aruan√£;52;GO;n„o metropolitana;cerrado;263,91;Aw;8139;29,99;98,79;81,08
5202601;Auril√¢ndia;52;GO;n„o metropolitana;cerrado;632,46;Aw;3390;2,43;99,05;81,64
5202809;Avelin√≥polis;52;GO;n„o metropolitana;cerrado;702,14;Aw;2470;30,36;98,13;80,07
5203104;Baliza;52;GO;n„o metropolitana;cerrado;570,35;Aw;3342;17,57;58,24;29,32
5203203;Barro Alto;52;GO;n„o metropolitana;cerrado;674,22;Aw;11252;6,84;92,05;82,62
5203302;Bela Vista De Goi√°s;52;GO;metropolitana;cerrado;815,95;Aw;33912;38,57;94,83;86,48
5203401;Bom Jardim De Goi√°s;52;GO;n„o metropolitana;cerrado;452,22;Aw;7676;1,7;90,31;74,89
5203500;Bom Jesus De Goi√°s;52;GO;n„o metropolitana;cerrado;547,45;Aw;22320;32,51;96,59;93,11
5203559;Bonfin√≥polis;52;GO;metropolitana;cerrado;896,88;Aw;10300;7,62;98,52;92,76
5203575;Bon√≥polis;52;GO;n„o metropolitana;cerrado;276,75;Aw;3171;40,12;96,77;63,41
5203609;Brazabrantes;52;GO;metropolitana;cerrado;797,58;Aw;3981;3,88;99,63;84,2
5203807;Brit√¢nia;52;GO;n„o metropolitana;cerrado;271,74;Aw;6008;27,28;95,51;84,36
5203906;Buriti Alegre;52;GO;n„o metropolitana;mata atlantica;680,57;Aw;10892;29,21;98,57;95,02
5203939;Buriti De Goi√°s;52;GO;n„o metropolitana;cerrado;541,42;Aw;2720;2,03;95,63;82,64
5203962;Buritin√≥polis;52;GO;n„o metropolitana;cerrado;683,92;Aw;3110;13,83;71,94;59,46
5204003;Cabeceiras;52;GO;metropolitana;cerrado;862,97;Aw;7342;21,49;93,63;78,25
5204102;Cachoeira Alta;52;GO;n„o metropolitana;cerrado;567,58;Aw;12488;74,62;95,74;77,27
5204201;Cachoeira De Goi√°s;52;GO;n„o metropolitana;cerrado;685,37;Aw;1384;15,18;95,14;83,19
5204250;Cachoeira Dourada;52;GO;n„o metropolitana;cerrado;479,31;Aw;7566;43,53;95,58;88,26
5204300;Ca√ßu;52;GO;n„o metropolitana;cerrado;503,09;Aw;15049;60,33;97,4;80,23
5204409;Caiap√¥nia;52;GO;n„o metropolitana;cerrado;713,16;Aw;17108;50,68;92,35;76,46
5204508;Caldas Novas;52;GO;n„o metropolitana;cerrado;706,76;Aw;93483;63,34;97,15;95,86
5204557;Caldazinha;52;GO;metropolitana;cerrado;795,78;Aw;4450;46,14;91,19;72,48
5204607;Campestre De Goi√°s;52;GO;n„o metropolitana;cerrado;646,82;Aw;3735;1,78;99,16;70,22
5204656;Campina√ßu;52;GO;n„o metropolitana;cerrado;605,56;Aw;3707;7,7;79,8;59,19
5204706;Campinorte;52;GO;n„o metropolitana;cerrado;595,68;Aw;13016;31,53;98,66;84,57
5204805;Campo Alegre De Goi√°s;52;GO;n„o metropolitana;cerrado;868,11;Aw;7424;23,88;93,35;76,12
5204854;Campo Limpo De Goi√°s;52;GO;n„o metropolitana;cerrado;914,26;Aw;8081;19,53;97,75;84,5
5204904;Campos Belos;52;GO;n„o metropolitana;cerrado;679,62;Aw;18357;52,27;88,31;90,85
5204953;Campos Verdes;52;GO;n„o metropolitana;cerrado;340,6;Aw;4446;8,47;95,68;77,18
5205000;Carmo Do Rio Verde;52;GO;n„o metropolitana;cerrado;625,73;Aw;9484;25,14;94,24;81,15
5205059;Castel√¢ndia;52;GO;n„o metropolitana;cerrado;555,17;Aw;2978;31,92;99,66;91,6
5205109;Catal√£o;52;GO;n„o metropolitana;cerrado;825,2;Aw;110612;54,33;99,07;94,66
5205208;Catura√≠;52;GO;metropolitana;cerrado;717,68;Aw;5259;37,41;97,62;80,44
5205307;Cavalcante;52;GO;n„o metropolitana;cerrado;728,29;Aw;10991;15,48;63,91;50,96
5205406;Ceres;52;GO;n„o metropolitana;cerrado;666,13;Aw;21633;37,94;98,6;93,4
5205455;Cezarina;52;GO;n„o metropolitana;cerrado;612,33;Aw;7722;5,24;99,33;79,37
5205471;Chapad√£o Do C√©u;52;GO;n„o metropolitana;cerrado;803,51;Am;13250;70,8;98,9;87,17
5205497;Cidade Ocidental;52;GO;metropolitana;cerrado;928,45;Aw;84581;55,76;97,84;93,42
5205513;Cocalzinho De Goi√°s;52;GO;metropolitana;cerrado;901,49;Aw;24018;18,87;94,39;75,87
5205521;Colinas Do Sul;52;GO;n„o metropolitana;cerrado;566,23;Aw;3967;6,26;80,76;68,97
5205703;C√≥rrego Do Ouro;52;GO;n„o metropolitana;cerrado;591,35;Aw;2424;15,55;86,24;62,29
5205802;Corumb√° De Goi√°s;52;GO;metropolitana;cerrado;1039,13;Aw;9801;26,19;89,81;60,16
5205901;Corumba√≠ba;52;GO;n„o metropolitana;cerrado;632,35;Aw;8739;34,66;96,53;84,2
5206206;Cristalina;52;GO;metropolitana;cerrado;921,53;Aw;58940;41,78;96,2;82,63
5206305;Cristian√≥polis;52;GO;n„o metropolitana;cerrado;819,3;Aw;3682;3,84;96,45;87,04
5206404;Crix√°s;52;GO;n„o metropolitana;cerrado;397,37;Aw;20227;13,71;90,11;74,18
5206503;Crom√≠nia;52;GO;n„o metropolitana;cerrado;712;Aw;3926;50,04;96,82;78,28
5206602;Cumari;52;GO;n„o metropolitana;cerrado;648,34;Aw;2915;52,94;96,81;83,38
5206701;Damian√≥polis;52;GO;n„o metropolitana;cerrado;757,23;Aw;3790;11,3;79,89;64,75
5206800;Damol√¢ndia;52;GO;n„o metropolitana;cerrado;864,81;Aw;2724;22,04;99,38;86,83
5206909;Davin√≥polis;52;GO;n„o metropolitana;cerrado;778,87;Aw;1798;2,36;92,29;66,8
5207105;Diorama;52;GO;n„o metropolitana;cerrado;477,18;Aw;2071;30,37;92,87;66,35
5207253;Doverl√¢ndia;52;GO;n„o metropolitana;cerrado;564,52;Aw;6853;5,25;91,06;64,45
5207352;Edealina;52;GO;n„o metropolitana;cerrado;563,24;Aw;3900;6,38;98,09;68,58
5207402;Ed√©ia;52;GO;n„o metropolitana;cerrado;537,29;Aw;12666;18,23;99,21;88,2
5207501;Estrela Do Norte;52;GO;n„o metropolitana;cerrado;405,71;Aw;3186;25,75;99,72;89,72
5207535;Faina;52;GO;n„o metropolitana;cerrado;458,88;Aw;7054;9,95;82,06;53,32
5207600;Fazenda Nova;52;GO;n„o metropolitana;cerrado;446,12;Aw;5871;34,73;97,1;63,34
5207808;Firmin√≥polis;52;GO;n„o metropolitana;cerrado;616,89;Aw;9904;19,65;98,62;78,41
5207907;Flores De Goi√°s;52;GO;n„o metropolitana;cerrado;543,82;Aw;11627;20,78;56,79;32,58
5208004;Formosa;52;GO;metropolitana;cerrado;752,69;Aw;112542;43,68;95,15;90,25
5208103;Formoso;52;GO;n„o metropolitana;cerrado;486,27;Aw;4658;25,6;96,28;73,02
5208152;Gameleira De Goi√°s;52;GO;n„o metropolitana;cerrado;972,18;Aw;3450;1,88;94,71;46,65
5208301;Divin√≥polis De Goi√°s;52;GO;n„o metropolitana;cerrado;605,41;Aw;4441;4,17;72,91;80,89
5208400;Goian√°polis;52;GO;metropolitana;cerrado;916,81;Aw;14036;14,55;95,7;95,17
5208509;Goiandira;52;GO;n„o metropolitana;cerrado;716,15;Aw;5023;18,92;94,34;88,1
5208608;Goian√©sia;52;GO;n„o metropolitana;cerrado;702,59;Aw;73201;55,62;98,28;94,14
5208707;Goi√¢nia;52;GO;metropolitana;cerrado;791,76;Aw;1414483;77,77;99,52;99,81
5208806;Goianira;52;GO;metropolitana;cerrado;769,8;Aw;69511;39,24;99,33;96,97
5208905;Goi√°s;52;GO;n„o metropolitana;cerrado;534,82;Aw;23485;49,2;89,76;76,05
5209101;Goiatuba;52;GO;n„o metropolitana;cerrado;619,79;Aw;36936;28,97;97,63;92,01
5209150;Gouvel√¢ndia;52;GO;n„o metropolitana;cerrado;443,52;Aw;5127;0,94;96,78;79,02
5209200;Guap√≥;52;GO;metropolitana;cerrado;689,68;Aw;17463;72,83;93,87;84,21
5209291;Guara√≠ta;52;GO;n„o metropolitana;cerrado;721,21;Aw;2169;2,23;88,03;59,97
5209408;Guarani De Goi√°s;52;GO;n„o metropolitana;cerrado;666,11;Aw;4024;0,96;66,8;42,68
5209457;Guarinos;52;GO;n„o metropolitana;cerrado;490,71;Aw;2167;0,86;93,21;57,11
5209606;Heitora√≠;52;GO;n„o metropolitana;cerrado;696,55;Aw;3146;40,18;97,17;75,29
5209705;Hidrol√¢ndia;52;GO;metropolitana;cerrado;784,34;Aw;27530;14,5;97,81;75,35
5209804;Hidrolina;52;GO;n„o metropolitana;cerrado;618,63;Aw;4848;2,03;87,26;75,18
5209903;Iaciara;52;GO;n„o metropolitana;cerrado;502,78;Aw;11462;11,76;84,27;73,52
5209937;Inaciol√¢ndia;52;GO;n„o metropolitana;cerrado;455,21;Aw;5958;3,72;98,55;83,84
5209952;Indiara;52;GO;n„o metropolitana;cerrado;583,19;Aw;16829;7,91;99,35;88,88
5210000;Inhumas;52;GO;metropolitana;cerrado;840,87;Aw;53315;35,45;99,3;94,41
5210109;Ipameri;52;GO;n„o metropolitana;cerrado;805,13;Aw;24617;61,55;94,97;87,05
5210158;Ipiranga De Goi√°s;52;GO;n„o metropolitana;cerrado;671,46;Aw;2907;0,4;91,24;62,5
5210208;Ipor√°;52;GO;n„o metropolitana;cerrado;561,55;Aw;35284;24,72;97,38;88,85
5210307;Israel√¢ndia;52;GO;n„o metropolitana;cerrado;498,67;Aw;2543;5,12;93,69;71,79
5210406;Itabera√≠;52;GO;n„o metropolitana;cerrado;774,11;Aw;47016;26,97;94,02;86,07
5210562;Itaguari;52;GO;n„o metropolitana;cerrado;709,35;Aw;4939;34,13;98,35;86
5210604;Itaguaru;52;GO;n„o metropolitana;cerrado;710,87;Aw;4906;17,44;97,54;83,1
5210802;Itaj√°;52;GO;n„o metropolitana;cerrado;458,58;Aw;4468;85,56;95,23;78,25
5210901;Itapaci;52;GO;n„o metropolitana;cerrado;654,61;Aw;21547;14,96;93,38;88,16
5211008;Itapirapu√£;52;GO;n„o metropolitana;cerrado;345,59;Aw;7987;22,51;98,16;70,42
5211206;Itapuranga;52;GO;n„o metropolitana;cerrado;687,34;Aw;28522;72,52;92,09;79,91
5211305;Itarum√£;52;GO;n„o metropolitana;cerrado;494,27;Aw;7029;65,73;92,03;73,26
5211404;Itau√ßu;52;GO;n„o metropolitana;cerrado;883,83;Aw;8693;65,41;97,99;83,56
5211503;Itumbiara;52;GO;n„o metropolitana;cerrado;552,69;Aw;113838;78,42;97,88;95,94
5211602;Ivol√¢ndia;52;GO;n„o metropolitana;cerrado;602,86;Aw;2664;4,97;89,44;52,08
5211701;Jandaia;52;GO;n„o metropolitana;cerrado;591,46;Aw;6273;16,51;87,7;80,18
5211800;Jaragu√°;52;GO;n„o metropolitana;cerrado;684,51;Aw;43928;15,98;96,03;83,4
5211909;Jata√≠;52;GO;n„o metropolitana;cerrado;758,92;Aw;104656;70,84;98,93;92,83
5212006;Jaupaci;52;GO;n„o metropolitana;cerrado;434,76;Aw;2934;21,43;97,72;73,91
5212055;Jes√∫polis;52;GO;n„o metropolitana;cerrado;739,78;Aw;2113;4,72;99,05;79,65
5212105;Jovi√¢nia;52;GO;n„o metropolitana;cerrado;693,54;Aw;7164;65,78;98,05;89,58
5212204;Jussara;52;GO;n„o metropolitana;cerrado;322,38;Aw;19582;63,75;95,76;82,29
5212253;Lagoa Santa;52;GO;n„o metropolitana;cerrado;425,89;Aw;1568;25,69;97,23;66,43
5212303;Leopoldo De Bulh√µes;52;GO;n„o metropolitana;cerrado;973,94;Aw;8777;24,77;94,61;74,61
5212501;Luzi√¢nia;52;GO;metropolitana;cerrado;889,79;Aw;196416;27,4;96,77;91,07
5212600;Mairipotaba;52;GO;n„o metropolitana;cerrado;657,74;Aw;2476;3,42;89,51;75
5212709;Mamba√≠;52;GO;n„o metropolitana;cerrado;795,05;Aw;8144;15,61;79,01;70,41
5212808;Mara Rosa;52;GO;n„o metropolitana;cerrado;394,58;Aw;10705;43,29;98,19;75,99
5212907;Marzag√£o;52;GO;n„o metropolitana;cerrado;660,72;Aw;2764;1,69;99,72;88,43
5212956;Matrinch√£;52;GO;n„o metropolitana;cerrado;328,28;Aw;4042;13,35;94,37;73,29
5213004;Mauril√¢ndia;52;GO;n„o metropolitana;cerrado;511,82;Aw;9684;8,98;98,59;92,99
5213053;Mimoso De Goi√°s;52;GO;metropolitana;cerrado;765,34;Aw;2572;18,46;69,32;45,79
5213087;Mina√ßu;52;GO;n„o metropolitana;cerrado;541,96;Aw;26994;55,44;95,88;84,94
5213103;Mineiros;52;GO;n„o metropolitana;cerrado;747,07;Aw;71108;86,62;98,38;91,48
5213400;Moipor√°;52;GO;n„o metropolitana;cerrado;579,29;Aw;1701;9,28;93,39;66,51
5213509;Monte Alegre De Goi√°s;52;GO;n„o metropolitana;cerrado;566,75;Aw;6643;8,5;78,04;52,21
5213707;Montes Claros De Goi√°s;52;GO;n„o metropolitana;cerrado;359,36;Aw;9530;9,96;90,11;62,97
5213756;Montividiu;52;GO;n„o metropolitana;cerrado;835,13;Aw;12716;9,64;96,59;83,54
5213772;Montividiu Do Norte;52;GO;n„o metropolitana;cerrado;389,09;Aw;3647;44,75;91,68;43,7
5213806;Morrinhos;52;GO;n„o metropolitana;cerrado;715,69;Aw;49965;63,18;98,52;92,73
5213855;Morro Agudo De Goi√°s;52;GO;n„o metropolitana;cerrado;720,95;Aw;2440;0,97;94,07;70,62
5213905;Moss√¢medes;52;GO;n„o metropolitana;cerrado;715,15;Aw;4791;9,85;97,21;69,3
5214002;Mozarl√¢ndia;52;GO;n„o metropolitana;cerrado;307,13;Aw;15284;6,19;98,63;89,74
5214051;Mundo Novo;52;GO;n„o metropolitana;cerrado;267,21;Aw;6273;39,48;95,76;53,28
5214101;Mutun√≥polis;52;GO;n„o metropolitana;cerrado;375,11;Aw;3574;18,16;91,08;61,86
5214408;Naz√°rio;52;GO;n„o metropolitana;cerrado;677,26;Aw;9247;5,19;99,15;92,64
5214507;Ner√≥polis;52;GO;metropolitana;cerrado;857,58;Aw;33898;70,51;98,9;96,76
5214606;Niquel√¢ndia;52;GO;n„o metropolitana;cerrado;664,58;Aw;35609;22,74;90,16;78,62
5214705;Nova Am√©rica;52;GO;n„o metropolitana;cerrado;702,78;Aw;2331;1,16;92,9;77,42
5214804;Nova Aurora;52;GO;n„o metropolitana;cerrado;701,91;Aw;2103;2,18;99,18;94,13
5214838;Nova Crix√°s;52;GO;n„o metropolitana;cerrado;270,09;Aw;13325;10,45;97,86;65,76
5214861;Nova Gl√≥ria;52;GO;n„o metropolitana;cerrado;571,25;Aw;8307;12,37;96,63;76,07
5214879;Nova Igua√ßu De Goi√°s;52;GO;n„o metropolitana;cerrado;468,01;Aw;3010;61,87;91,62;71,86
5214903;Nova Roma;52;GO;n„o metropolitana;cerrado;687,27;Aw;3076;10,48;88,9;41,65
5215009;Nova Veneza;52;GO;metropolitana;cerrado;840,87;Aw;9152;6,87;98,83;91,03
5215207;Novo Brasil;52;GO;n„o metropolitana;cerrado;440,36;Aw;3605;5,41;97,07;71,84
5215231;Novo Gama;52;GO;metropolitana;cerrado;938,22;Aw;97976;39,05;95,67;95,23
5215256;Novo Planalto;52;GO;n„o metropolitana;cerrado;282,41;Aw;3698;11,35;89,71;62,54
5215306;Orizona;52;GO;n„o metropolitana;cerrado;831,7;Aw;16127;9,45;89,09;76,49
5215405;Ouro Verde De Goi√°s;52;GO;n„o metropolitana;cerrado;948,15;Aw;4060;1,42;95,57;67,99
5215504;Ouvidor;52;GO;n„o metropolitana;cerrado;773,94;Aw;7192;5,27;97,97;90,16
5215603;Padre Bernardo;52;GO;metropolitana;cerrado;769,84;Aw;34314;23,74;78,37;68,56
5215652;Palestina De Goi√°s;52;GO;n„o metropolitana;cerrado;640,51;Aw;3505;5,39;92,9;64,9
5215702;Palmeiras De Goi√°s;52;GO;n„o metropolitana;cerrado;629,18;Aw;32004;63,08;96,69;82,51
5215801;Palmelo;52;GO;n„o metropolitana;cerrado;780,89;Aw;2293;58,93;99,75;95,28
5215900;Palmin√≥polis;52;GO;n„o metropolitana;cerrado;617,86;Aw;3848;29,1;98,98;76,71
5216007;Panam√°;52;GO;n„o metropolitana;cerrado;625,94;Aw;2968;0,72;97,24;75,1
5216304;Paranaiguara;52;GO;n„o metropolitana;mata atlantica;500,91;Aw;9497;90,32;98,56;91,81
5216403;Para√∫na;52;GO;n„o metropolitana;cerrado;669,61;Aw;10383;63,58;97,47;75,3
5216452;Perol√¢ndia;52;GO;n„o metropolitana;cerrado;875,4;Aw;3175;20,88;94,08;63,73
5216809;Petrolina De Goi√°s;52;GO;n„o metropolitana;cerrado;817,79;Aw;8854;7,44;96,59;69,25
5216908;Pilar De Goi√°s;52;GO;n„o metropolitana;cerrado;537,9;Aw;2332;1,77;88,57;42,62
5217104;Piracanjuba;52;GO;n„o metropolitana;cerrado;733,25;Aw;23771;31,61;93,58;82,91
5217203;Piranhas;52;GO;n„o metropolitana;cerrado;486,39;Aw;11532;1,59;96,66;81,22
5217302;Piren√≥polis;52;GO;metropolitana;cerrado;857,18;Aw;26598;33,22;91,12;83,55
5217401;Pires Do Rio;52;GO;n„o metropolitana;cerrado;783,38;Aw;33193;42,54;99,51;94,12
5217609;Planaltina;52;GO;metropolitana;cerrado;945,51;Aw;108846;24,98;94,78;88,52
5217708;Pontalina;52;GO;n„o metropolitana;cerrado;630,03;Aw;18843;41,76;97,14;83,09
5218003;Porangatu;52;GO;n„o metropolitana;cerrado;349,46;Aw;44061;9,9;97,83;85,09
5218052;Porteir√£o;52;GO;n„o metropolitana;cerrado;487,19;Aw;4085;4,96;97,19;87,64
5218102;Portel√¢ndia;52;GO;n„o metropolitana;cerrado;803,67;Aw;3322;1,95;96,6;81,63
5218300;Posse;52;GO;n„o metropolitana;cerrado;688,04;Aw;34450;49,03;82,39;72,97
5218391;Professor Jamil;52;GO;n„o metropolitana;cerrado;674,97;Aw;3325;7,22;97,17;72,76
5218508;Quirin√≥polis;52;GO;n„o metropolitana;cerrado;555,62;Aw;50540;81,11;96,69;89,07
5218607;Rialma;52;GO;n„o metropolitana;cerrado;614,22;Aw;12054;51;97,73;91,96
5218706;Rian√°polis;52;GO;n„o metropolitana;cerrado;623,75;Aw;3972;15,59;98,82;87,79
5218789;Rio Quente;52;GO;n„o metropolitana;cerrado;646,26;Aw;3967;86,23;99,27;89,37
5218805;Rio Verde;52;GO;n„o metropolitana;cerrado;765,42;Aw;214607;61,26;99,3;92,93
5218904;Rubiataba;52;GO;n„o metropolitana;cerrado;697,11;Aw;19803;4,97;96,52;84,97
5219001;Sanclerl√¢ndia;52;GO;n„o metropolitana;cerrado;574;Aw;8300;8,31;96,86;85,02
5219100;Santa B√°rbara De Goi√°s;52;GO;n„o metropolitana;cerrado;651,44;Aw;6182;91,98;98,01;93,6
5219209;Santa Cruz De Goi√°s;52;GO;n„o metropolitana;cerrado;768,61;Aw;3107;2,98;95,94;44,95
5219258;Santa F√© De Goi√°s;52;GO;n„o metropolitana;cerrado;345,55;Aw;4985;4,55;98,98;78,89
5219308;Santa Helena De Goi√°s;52;GO;n„o metropolitana;cerrado;583,86;Aw;37193;67,01;98,8;95,35
5219357;Santa Isabel;52;GO;n„o metropolitana;cerrado;616,6;Aw;3510;2,18;98,28;69,78
5219407;Santa Rita Do Araguaia;52;GO;n„o metropolitana;cerrado;685,64;Aw;7239;1,9;95,71;88,31
5219456;Santa Rita Do Novo Destino;52;GO;n„o metropolitana;cerrado;589,04;Aw;2948;54,87;94,72;53,1
5219506;Santa Rosa De Goi√°s;52;GO;n„o metropolitana;cerrado;809,72;Aw;2810;1,3;90,86;79,21
5219605;Santa Tereza De Goi√°s;52;GO;n„o metropolitana;cerrado;363,36;Aw;3322;51,63;95,15;83,61
5219704;Santa Terezinha De Goi√°s;52;GO;n„o metropolitana;cerrado;354,94;Aw;10370;14,78;89,31;75,1
5219712;Santo Ant√¥nio Da Barra;52;GO;n„o metropolitana;cerrado;594,91;Aw;4287;12,48;98,81;83,76
5219738;Santo Ant√¥nio De Goi√°s;52;GO;metropolitana;cerrado;799,04;Aw;7448;9,88;98,72;92,89
5219753;Santo Ant√¥nio Do Descoberto;52;GO;metropolitana;cerrado;950,56;Aw;68654;44,49;86,49;82,43
5219803;S√£o Domingos;52;GO;n„o metropolitana;cerrado;600,34;Aw;9710;6,2;68,95;56,08
5219902;S√£o Francisco De Goi√°s;52;GO;n„o metropolitana;cerrado;724,07;Aw;6379;1,68;98,67;72,93
5220009;S√£o Jo√£o D'alian√ßa;52;GO;n„o metropolitana;cerrado;823,6;Aw;11275;6;86,23;63,21
5220058;S√£o Jo√£o Da Para√∫na;52;GO;n„o metropolitana;cerrado;625,57;Aw;1898;84,59;95,41;77,38
5220108;S√£o Lu√≠s De Montes Belos;52;GO;n„o metropolitana;cerrado;568,78;Aw;33279;56,4;95,42;89,48
5220157;S√£o Luiz Do Norte;52;GO;n„o metropolitana;cerrado;556,2;Aw;4947;14,93;97,67;81,88
5220207;S√£o Miguel Do Araguaia;52;GO;n„o metropolitana;cerrado;258,15;Aw;22738;43,84;98,1;82,87
5220264;S√£o Miguel Do Passa Quatro;52;GO;n„o metropolitana;cerrado;900,56;Aw;4234;38,93;91,28;66,56
5220280;S√£o Patr√≠cio;52;GO;n„o metropolitana;cerrado;635,34;Aw;2138;20,12;91,44;63,06
5220405;S√£o Sim√£o;52;GO;n„o metropolitana;mata atlantica;432,57;Aw;17619;86,5;98,99;96,91
5220454;Senador Canedo;52;GO;metropolitana;cerrado;777,04;Aw;153522;25,25;99,11;98,55
5220504;Serran√≥polis;52;GO;n„o metropolitana;cerrado;673,43;Am;8295;2,84;98,02;77,02
5220603;Silv√¢nia;52;GO;n„o metropolitana;cerrado;929,29;Aw;22230;39,03;89,81;66,65
5220686;Simol√¢ndia;52;GO;n„o metropolitana;cerrado;532,21;Aw;5715;1,43;86,68;81,03
5220702;S√≠tio D'abadia;52;GO;n„o metropolitana;cerrado;814,37;Aw;2939;0,72;78,72;37,74
5221007;Taquaral De Goi√°s;52;GO;n„o metropolitana;cerrado;815,2;Aw;4038;5,55;98,2;81,25
5221080;Teresina De Goi√°s;52;GO;n„o metropolitana;cerrado;707,63;Aw;2695;3,32;80,42;71,8
5221197;Terez√≥polis De Goi√°s;52;GO;metropolitana;cerrado;855,5;Aw;7842;7,35;96,4;94,42
5221304;Tr√™s Ranchos;52;GO;n„o metropolitana;cerrado;684,47;Aw;2906;39,83;96,61;91
5221403;Trindade;52;GO;metropolitana;cerrado;721;Aw;149167;49,23;99,17;96,45
5221452;Trombas;52;GO;n„o metropolitana;cerrado;413,5;Aw;3123;1,04;88,53;61,73
5221502;Turv√¢nia;52;GO;n„o metropolitana;cerrado;646,15;Aw;4462;20,14;99,02;82,36
5221551;Turvel√¢ndia;52;GO;n„o metropolitana;cerrado;503,45;Aw;4847;14,86;97,39;73,75
5221577;Uirapuru;52;GO;n„o metropolitana;cerrado;326,57;Aw;3874;22,63;97,58;65,09
5221601;Urua√ßu;52;GO;n„o metropolitana;cerrado;551,39;Aw;43728;43,44;97,09;89,52
5221700;Uruana;52;GO;n„o metropolitana;cerrado;627,66;Aw;13681;11,82;95,87;80,63
5221809;Uruta√≠;52;GO;n„o metropolitana;cerrado;770,7;Aw;3119;2,81;91,86;73,52
5221858;Valpara√≠so De Goi√°s;52;GO;metropolitana;cerrado;1013,54;Aw;196967;68,94;98,17;97,82
5221908;Varj√£o;52;GO;n„o metropolitana;cerrado;675,38;Aw;3720;1,66;91,15;79,05
5222005;Vian√≥polis;52;GO;n„o metropolitana;cerrado;910,37;Aw;14046;17,67;86,9;80,3
5222054;Vicentin√≥polis;52;GO;n„o metropolitana;cerrado;566,74;Aw;8776;3,07;98,6;87,11
5222203;Vila Boa;52;GO;metropolitana;cerrado;569,38;Aw;3686;25,66;85,25;77,83
5222302;Vila Prop√≠cio;52;GO;n„o metropolitana;cerrado;674,25;Aw;5646;6,95;77,93;51,68
5300108;Bras√≠lia;53;DF;metropolitana;cerrado;1034,79;Aw;2923369;88,92;98,15;97,84
