muni_code_6;munname;prop_esgot;prop_abast;prop_residuo
110001;ALTA FLORESTA D'OESTE;2,24;93,68;56,86
110002;ARIQUEMES;8,91;98,57;85,14
110003;CABIXI;21,01;95,49;49,77
110004;CACOAL;54,03;98,16;78,94
110005;CEREJEIRAS;16,73;98,62;78,35
110006;COLORADO DO OESTE;5,17;95,54;69,11
110007;CORUMBIARA;11,55;93,4;37,83
110008;COSTA MARQUES;7,91;96,38;55,74
110009;ESPIGAO D'OESTE;13,77;94,23;66,43
110010;GUAJARA-MIRIM;22,19;93,34;79,55
110011;JARU;3,36;97,09;71,63
110012;JI-PARANA;20,43;97,82;86,94
110013;MACHADINHO D'OESTE;2,12;94,67;50,74
110014;NOVA BRASILANDIA D'OESTE;3,84;94,07;42,43
110015;OURO PRETO DO OESTE;10,17;97,8;75,12
110018;PIMENTA BUENO;38,34;97,21;85,35
110020;PORTO VELHO;43,41;92,92;89,54
110025;PRESIDENTE MEDICI;1,64;94,6;56,8
110026;RIO CRESPO;22,57;97,99;34,3
110028;ROLIM DE MOURA;14,98;97,4;82,94
110029;SANTA LUZIA D'OESTE;1,97;93,08;41,8
110030;VILHENA;13,51;98,15;93,6
110032;SAO MIGUEL DO GUAPORE;9,98;97,43;45,48
110033;NOVA MAMORE;7,88;94,91;47,01
110034;ALVORADA D'OESTE;35,84;94,67;51,11
110037;ALTO ALEGRE DOS PARECIS;0,54;93,58;37,36
110040;ALTO PARAISO;10,83;95,28;42,52
110045;BURITIS;1,82;90,12;64,54
110050;NOVO HORIZONTE DO OESTE;9,45;92,65;33,79
110060;CACAULANDIA;21,81;93,68;35,7
110070;CAMPO NOVO DE RONDONIA;19,87;91,75;27,08
110080;CANDEIAS DO JAMARI;9,02;95,9;55,51
110090;CASTANHEIRAS;1,44;95,21;25,63
110092;CHUPINGUAIA;2,69;85,16;58,97
110094;CUJUBIM;7,37;94,27;60,25
110100;GOVERNADOR JORGE TEIXEIRA;30,96;95,18;27,44
110110;ITAPUA DO OESTE;3,2;94,44;56,18
110120;MINISTRO ANDREAZZA;4,55;92,13;38,29
110130;MIRANTE DA SERRA;1,34;96,64;48,62
110140;MONTE NEGRO;1,3;98,33;46,67
110143;NOVA UNIAO;1,1;90,86;23,38
110145;PARECIS;0,65;87,25;38,44
110146;PIMENTEIRAS DO OESTE;18,71;97,57;50,43
110147;PRIMAVERA DE RONDONIA;1,94;96,29;44,11
110148;SAO FELIPE D'OESTE;16,02;92,1;33,15
110149;SAO FRANCISCO DO GUAPORE;3,85;96,28;47,04
110150;SERINGUEIRAS;19,63;97,53;39,47
110155;TEIXEIROPOLIS;2,04;95,05;34,51
110160;THEOBROMA;11,02;96,15;24,29
110170;URUPA;11,53;93,24;39,05
110175;VALE DO ANARI;0,68;94,15;33,64
110180;VALE DO PARAISO;0,29;96,71;33,59
120001;ACRELANDIA;11,7;93,87;48,83
120005;ASSIS BRASIL;24,82;81,68;61,4
120010;BRASILEIA;29,63;91,66;67,91
120013;BUJARI;19,35;81,89;47
120017;CAPIXABA;34;86,57;44,24
120020;CRUZEIRO DO SUL;13,9;79,14;68,32
120025;EPITACIOLANDIA;21,2;89,66;68,59
120030;FEIJO;10,3;69,53;51,27
120032;JORDAO;5,29;46,28;38,3
120033;MANCIO LIMA;6,75;80,26;50,9
120034;MANOEL URBANO;12,92;80,41;52,96
120035;MARECHAL THAUMATURGO;8,36;50,77;32,58
120038;PLACIDO DE CASTRO;14,63;91,46;55,38
120039;PORTO WALTER;0,71;44,36;20,57
120040;RIO BRANCO;57,97;94,1;92,98
120042;RODRIGUES ALVES;9,23;71,48;38,52
120043;SANTA ROSA DO PURUS;4,78;66,29;47,19
120045;SENADOR GUIOMARD;24,13;92,4;64,22
120050;SENA MADUREIRA;13,29;82,57;63,33
120060;TARAUACA;10,93;60,4;49,22
120070;XAPURI;29,33;86,75;64,17
120080;PORTO ACRE;11,96;84,46;51,12
130002;ALVARAES;31,36;48,93;49,29
130006;AMATURA;7,69;66,64;42,25
130008;ANAMA;4,62;58,47;41,91
130010;ANORI;2,16;66,86;51,63
130014;APUI;9,53;86,82;53,56
130020;ATALAIA DO NORTE;0,97;36,29;26,65
130030;AUTAZES;20,38;57,01;46,8
130040;BARCELOS;15,48;50,28;50,22
130050;BARREIRINHA;4,15;55,14;30,08
130060;BENJAMIN CONSTANT;14,6;53,48;53,4
130063;BERURI;27,69;54,61;39,61
130068;BOA VISTA DO RAMOS;31,99;58,8;46,23
130070;BOCA DO ACRE;6,33;69,39;49,61
130080;BORBA;8,62;54,66;50,28
130083;CAAPIRANGA;33,01;29,69;41,7
130090;CANUTAMA;10,42;73,78;35,23
130100;CARAUARI;25,71;64,62;72,31
130110;CAREIRO;15,04;57,11;38,9
130115;CAREIRO DA VARZEA;5,62;14,95;12,49
130120;COARI;41,08;32,3;60,33
130130;CODAJAS;26,09;63,71;61,24
130140;EIRUNEPE;13,27;52,28;33,47
130150;ENVIRA;7,65;44,82;62,83
130160;FONTE BOA;2,25;67,65;49,85
130165;GUAJARA;8,22;62,11;44,79
130170;HUMAITA;16,26;78,16;67,84
130180;IPIXUNA;1,51;41,52;34,27
130185;IRANDUBA;14,38;70,95;78,41
130190;ITACOATIARA;20,77;78,88;72,49
130195;ITAMARATI;5,8;52,1;34,65
130200;ITAPIRANGA;6,63;82,83;69,3
130210;JAPURA;16,6;48,07;30,43
130220;JURUA;14,1;47,97;41,61
130230;JUTAI;0,98;63,73;11,98
130240;LABREA;19,96;48,21;53
130250;MANACAPURU;24,62;70,32;70,56
130255;MANAQUIRI;7,92;41,08;30,57
130260;MANAUS;63,33;89,78;98
130270;MANICORE;8,34;61,75;46,26
130280;MARAA;22,6;49,73;42,39
130290;MAUES;29,19;53,86;49,57
130300;NHAMUNDA;17,6;47,52;34,25
130310;NOVA OLINDA DO NORTE;15,05;55,94;49,1
130320;NOVO AIRAO;16,43;65,45;65,35
130330;NOVO ARIPUANA;14,95;62,63;26,68
130340;PARINTINS;20,52;73,24;62,59
130350;PAUINI;26,47;49,56;28,96
130353;PRESIDENTE FIGUEIREDO;37,54;83,42;66,99
130356;RIO PRETO DA EVA;10,01;79,17;46,47
130360;SANTA ISABEL DO RIO NEGRO;8,25;45,24;44,01
130370;SANTO ANTONIO DO ICA;3,83;50,65;38,3
130380;SAO GABRIEL DA CACHOEIRA;13,11;43,43;51,38
130390;SAO PAULO DE OLIVENCA;5,05;38,51;0,15
130395;SAO SEBASTIAO DO UATUMA;1,8;68,33;57,99
130400;SILVES;4,95;54,15;50,23
130406;TABATINGA;25,75;73,55;70,74
130410;TAPAUA;18,74;47,22;50,33
130420;TEFE;32,65;79,14;68,47
130423;TONANTINS;9,34;32,38;29,51
130426;UARINI;12,96;60,95;46,03
130430;URUCARA;10,59;80,65;64,11
130440;URUCURITUBA;22,7;64,7;52,29
140002;AMAJARI;10,72;55,89;22,96
140005;ALTO ALEGRE;18,7;65,25;36,24
140010;BOA VISTA;55,38;99,16;96,36
140015;BONFIM;39,93;91,78;34,74
140017;CANTA;11,26;93,4;23,86
140020;CARACARAI;58,03;88,53;61,18
140023;CAROEBE;15,59;94,48;44,68
140028;IRACEMA;51,16;80,99;45,7
140030;MUCAJAI;3,95;94,38;56,09
140040;NORMANDIA;16,46;65,16;22,44
140045;PACARAIMA;25,99;79,57;54,07
140047;RORAINOPOLIS;11,66;87,92;56,06
140050;SAO JOAO DA BALIZA;25,84;95,45;65,4
140060;SAO LUIZ;44,23;94,86;65,86
140070;UIRAMUTA;5,61;47,3;11,01
150010;ABAETETUBA;17,63;68,85;63,13
150013;ABEL FIGUEIREDO;9,79;91,75;81,63
150020;ACARA;6,4;64,02;25,89
150030;AFUA;3,61;26,56;29,64
150034;AGUA AZUL DO NORTE;20,37;94,37;31,57
150040;ALENQUER;20,31;79,14;45,45
150050;ALMEIRIM;34,88;78,53;64,8
150060;ALTAMIRA;18,75;86,98;79,6
150070;ANAJAS;9,37;21,06;35,89
150080;ANANINDEUA;55,45;92,1;97,75
150085;ANAPU;1,75;85,26;41,42
150090;AUGUSTO CORREA;26,8;82,76;28,12
150095;AURORA DO PARA;18,41;83,67;30,18
150100;AVEIRO;8,55;67,11;19
150110;BAGRE;2,96;43,17;37,99
150120;BAIAO;24,24;80,15;34,88
150125;BANNACH;1,83;87,7;34,65
150130;BARCARENA;29,4;82;82,96
150140;BELEM;68,41;96,09;96,72
150145;BELTERRA;21,24;68,7;39,76
150150;BENEVIDES;17,4;94,01;85,42
150157;BOM JESUS DO TOCANTINS;13,23;88,43;54,85
150160;BONITO;13,94;88,71;33,57
150170;BRAGANCA;14,75;73,89;61,48
150172;BRASIL NOVO;2,52;81,02;45,85
150175;BREJO GRANDE DO ARAGUAIA;7,63;93,52;43,75
150178;BREU BRANCO;5,48;88,19;64,26
150180;BREVES;7,6;45,63;53,87
150190;BUJARU;10,62;73,37;31,05
150195;CACHOEIRA DO PIRIA;2,94;71,33;18,85
150200;CACHOEIRA DO ARARI;39,01;76,66;32,6
150210;CAMETA;11,43;62,33;44,61
150215;CANAA DOS CARAJAS;36,85;94,89;84,2
150220;CAPANEMA;65,76;90,45;82,88
150230;CAPITAO POCO;3,31;86,79;49,22
150240;CASTANHAL;36,39;92,91;90,27
150250;CHAVES;2;27,88;13,65
150260;COLARES;2,01;88,59;32,04
150270;CONCEICAO DO ARAGUAIA;4,77;93,66;66,66
150275;CONCORDIA DO PARA;6,81;82,49;56,71
150276;CUMARU DO NORTE;1,66;80,99;26,67
150277;CURIONOPOLIS;4,51;69,93;46,46
150280;CURRALINHO;1,52;33,84;31,25
150285;CURUA;1,18;78,43;18,09
150290;CURUCA;23,11;92,5;51,89
150293;DOM ELISEU;7,15;83,71;71,34
150295;ELDORADO DOS CARAJAS;7,63;91,16;32,12
150300;FARO;2,11;76,32;38,01
150304;FLORESTA DO ARAGUAIA;1,22;68,61;27,91
150307;GARRAFAO DO NORTE;1,12;80,5;29,82
150309;GOIANESIA DO PARA;8,68;85,42;61,92
150310;GURUPA;5,47;39,19;35,87
150320;IGARAPE-ACU;1,71;85,97;65,59
150330;IGARAPE-MIRI;3,55;47,69;45,42
150340;INHANGAPI;21,1;77,37;34,08
150345;IPIXUNA DO PARA;26,76;76,56;46,24
150350;IRITUIA;3,09;82,58;29,69
150360;ITAITUBA;20,9;85,42;76,45
150370;ITUPIRANGA;9,05;83,72;47,21
150375;JACAREACANGA;2,62;68,44;35,13
150380;JACUNDA;15,85;91,29;80,21
150390;JURUTI;3,21;68,2;51,32
150400;LIMOEIRO DO AJURU;6,45;24,73;25,17
150405;MAE DO RIO;42,39;90,17;83,69
150410;MAGALHAES BARATA;50,7;93,51;37,51
150420;MARABA;32,98;91,19;78,53
150430;MARACANA;43,68;80,26;29,98
150440;MARAPANIM;2,6;88,6;57,38
150442;MARITUBA;19,13;89,79;89,35
150445;MEDICILANDIA;19,89;76,29;30,94
150450;MELGACO;4,05;21,93;24,06
150460;MOCAJUBA;32,04;76,1;64,16
150470;MOJU;6,07;81,69;35,9
150480;MONTE ALEGRE;17,97;79,98;37,36
150490;MUANA;2,65;51,5;42,72
150495;NOVA ESPERANCA DO PIRIA;4,47;81,75;51,58
150497;NOVA IPIXUNA;2,56;87,59;46,86
150500;NOVA TIMBOTEUA;11,98;90,57;63,03
150503;NOVO PROGRESSO;1,43;92,51;76,6
150506;NOVO REPARTIMENTO;15,76;78,96;48,21
150510;OBIDOS;1,92;63,34;44,5
150520;OEIRAS DO PARA;4,46;67,95;40,44
150530;ORIXIMINA;37,76;54,63;57,93
150540;OUREM;12,99;87,5;61,61
150543;OURILANDIA DO NORTE;33,78;93,28;75,31
150548;PACAJA;11,53;79,89;29,49
150549;PALESTINA DO PARA;0,45;89,34;38,57
150550;PARAGOMINAS;12,96;93,23;87,66
150553;PARAUAPEBAS;46,63;93,58;95,6
150555;PAU D'ARCO;0,85;70,6;43,8
150560;PEIXE-BOI;35,72;90,31;49,8
150563;PICARRA;3,03;85,84;38,77
150565;PLACAS;1,51;76,47;29,8
150570;PONTA DE PEDRAS;21,93;67,32;41,01
150580;PORTEL;11,37;62,51;47,25
150590;PORTO DE MOZ;12,99;60,63;25
150600;PRAINHA;4,99;62,85;22,23
150610;PRIMAVERA;40,24;92,36;52,72
150611;QUATIPURU;41,64;78,66;60,2
150613;REDENCAO;10,19;90,25;81,4
150616;RIO MARIA;9,37;91,21;69,12
150618;RONDON DO PARA;3,35;84,44;72,53
150619;RUROPOLIS;6,12;79,87;34,9
150620;SALINOPOLIS;48,57;91,51;79,79
150630;SALVATERRA;5,35;96,2;37,04
150635;SANTA BARBARA DO PARA;10,23;92,87;52,55
150640;SANTA CRUZ DO ARARI;12,46;84,54;64,02
150650;SANTA IZABEL DO PARA;11,05;91,57;74,45
150655;SANTA LUZIA DO PARA;23,08;84,67;49,84
150658;SANTA MARIA DAS BARREIRAS;16,24;88,49;30,57
150660;SANTA MARIA DO PARA;5;89,74;66,94
150670;SANTANA DO ARAGUAIA;16,43;89,53;55,52
150680;SANTAREM;40,29;79,65;75,65
150690;SANTAREM NOVO;43,57;85,65;55,72
150700;SANTO ANTONIO DO TAUA;10,57;93,45;60,17
150710;SAO CAETANO DE ODIVELAS;6,72;90,23;47,84
150715;SAO DOMINGOS DO ARAGUAIA;9,93;94,05;57,9
150720;SAO DOMINGOS DO CAPIM;7,84;68,9;40,92
150730;SAO FELIX DO XINGU;22,18;89,01;49,26
150740;SAO FRANCISCO DO PARA;38,5;87,26;49,33
150745;SAO GERALDO DO ARAGUAIA;24,37;88,13;61,57
150746;SAO JOAO DA PONTA;22,52;89,56;73,34
150747;SAO JOAO DE PIRABAS;10,29;86,42;40,9
150750;SAO JOAO DO ARAGUAIA;15,3;80,31;10,87
150760;SAO MIGUEL DO GUAMA;8,65;74,15;55,13
150770;SAO SEBASTIAO DA BOA VISTA;3,26;36,59;41,64
150775;SAPUCAIA;2,78;91,95;74,13
150780;SENADOR JOSE PORFIRIO;6,53;75,41;43,49
150790;SOURE;65,55;89,8;76,38
150795;TAILANDIA;5,66;95,47;85,61
150796;TERRA ALTA;0,73;94,06;67,17
150797;TERRA SANTA;12,5;85,35;74,23
150800;TOME-ACU;2,84;87,73;61,21
150803;TRACUATEUA;0,83;73,92;32,7
150805;TRAIRAO;1,47;77,05;49,34
150808;TUCUMA;32,68;90,09;66,08
150810;TUCURUI;16,04;94,34;92,3
150812;ULIANOPOLIS;10,02;85,58;69,34
150815;URUARA;3,09;79,56;51,8
150820;VIGIA;7,61;90,41;70,66
150830;VISEU;19,58;77,74;18,91
150835;VITORIA DO XINGU;28,22;80,48;18,78
150840;XINGUARA;14,77;88,12;79,26
160005;SERRA DO NAVIO;50,26;94,59;87,7
160010;AMAPA;36,18;81,05;82,73
160015;PEDRA BRANCA DO AMAPARI;23,21;80,68;62,8
160020;CALCOENE;12,11;87;73,42
160021;CUTIAS;0,77;73,84;65,31
160023;FERREIRA GOMES;7,37;84,81;74,13
160025;ITAUBAL;18,04;68,46;59,71
160027;LARANJAL DO JARI;10,48;91,8;86,35
160030;MACAPA;28,16;95,07;95,88
160040;MAZAGAO;5,9;62,42;38,17
160050;OIAPOQUE;28;84,3;74,45
160053;PORTO GRANDE;23,9;84,51;67,02
160055;PRACUUBA;2,24;95,26;69,79
160060;SANTANA;16,26;92,9;93,27
160070;TARTARUGALZINHO;12,18;81,57;48,9
160080;VITORIA DO JARI;13,73;67,54;88,06
170025;ABREULANDIA;14,61;60,52;56,71
170030;AGUIARNOPOLIS;32,75;93,34;78,9
170035;ALIANCA DO TOCANTINS;21,05;98,72;79
170040;ALMAS;30,97;93,41;58,44
170070;ALVORADA;6,77;97,22;90,83
170100;ANANAS;30,3;95,42;72,65
170105;ANGICO;1,19;89,55;51,9
170110;APARECIDA DO RIO NEGRO;2,16;92,8;73,52
170130;ARAGOMINAS;13,24;79,42;41,34
170190;ARAGUACEMA;21,99;93,49;45,9
170200;ARAGUACU;2,22;99,65;67,76
170210;ARAGUAINA;16,33;97,76;91,99
170215;ARAGUANA;39,77;97,27;78,46
170220;ARAGUATINS;1,86;88,74;61,33
170230;ARAPOEMA;11,81;97,45;75,52
170240;ARRAIAS;25,8;80,34;62,33
170255;AUGUSTINOPOLIS;9,71;94,03;73,99
170270;AURORA DO TOCANTINS;2,26;89,32;62,53
170290;AXIXA DO TOCANTINS;28,14;97,96;67,99
170300;BABACULANDIA;21,64;81,18;46,08
170305;BANDEIRANTES DO TOCANTINS;2,19;83,72;53,45
170307;BARRA DO OURO;14,2;87,18;57,98
170310;BARROLANDIA;23,53;98,28;82,44
170320;BERNARDO SAYAO;14,21;96,73;61,98
170330;BOM JESUS DO TOCANTINS;27,81;93,15;62,86
170360;BRASILANDIA DO TOCANTINS;5,08;98,69;67,38
170370;BREJINHO DE NAZARE;10,02;89,66;75,5
170380;BURITI DO TOCANTINS;20,68;98,33;57,54
170382;CACHOEIRINHA;17,5;90,53;33,75
170384;CAMPOS LINDOS;9,51;89,54;51,91
170386;CARIRI DO TOCANTINS;24,67;97,67;59,03
170388;CARMOLANDIA;51,35;98,19;77,41
170389;CARRASCO BONITO;32,2;92,75;74,52
170390;CASEARA;6,41;95,45;56,45
170410;CENTENARIO;26,21;98,43;56,41
170460;CHAPADA DE AREIA;2,86;94,71;52,64
170510;CHAPADA DA NATIVIDADE;44,87;95,15;46,92
170550;COLINAS DO TOCANTINS;31,32;98,51;93,52
170555;COMBINADO;11,41;93,18;66,46
170560;CONCEICAO DO TOCANTINS;7,95;91,62;61,23
170600;COUTO MAGALHAES;31,59;90,21;44,26
170610;CRISTALANDIA;6,53;98,76;80,88
170625;CRIXAS DO TOCANTINS;30,61;98,98;54,7
170650;DARCINOPOLIS;45,86;85,12;62,08
170700;DIANOPOLIS;15,37;93,95;84,46
170710;DIVINOPOLIS DO TOCANTINS;6,73;98,92;67,29
170720;DOIS IRMAOS DO TOCANTINS;16,61;83,69;39,56
170730;DUERE;14,38;98,34;61,2
170740;ESPERANTINA;19,05;94,89;40,1
170755;FATIMA;54,4;99,03;80,32
170765;FIGUEIROPOLIS;56,46;99,31;72,26
170770;FILADELFIA;8,11;86,11;53,16
170820;FORMOSO DO ARAGUAIA;18,16;97,77;70,23
170825;FORTALEZA DO TABOCAO;2,32;93,17;87,64
170830;GOIANORTE;9,7;93,32;52,69
170900;GOIATINS;8,63;82,78;37,49
170930;GUARAI;23,75;95,4;89,4
170950;GURUPI;42,85;99,18;95,76
170980;IPUEIRAS;81,66;96,72;68,53
171050;ITACAJA;39,36;89,95;65,42
171070;ITAGUATINS;26,05;88,27;49,19
171090;ITAPIRATINS;0,19;80,98;52,51
171110;ITAPORA DO TOCANTINS;2,55;97,05;61,93
171150;JAU DO TOCANTINS;0,7;93,69;49,52
171180;JUARINA;18,88;92,77;49,12
171190;LAGOA DA CONFUSAO;5,9;89,44;68,52
171195;LAGOA DO TOCANTINS;28,92;94,44;65,96
171200;LAJEADO;40,08;91,88;78,9
171215;LAVANDEIRA;23,27;75,92;57,14
171240;LIZARDA;52,56;79,69;23,28
171245;LUZINOPOLIS;0,14;83,63;70,98
171250;MARIANOPOLIS DO TOCANTINS;12,17;98,58;51,61
171270;MATEIROS;11,87;83,63;62,05
171280;MAURILANDIA DO TOCANTINS;16;88,71;51,06
171320;MIRACEMA DO TOCANTINS;13,9;96,1;84,61
171330;MIRANORTE;2,22;97,1;86,81
171360;MONTE DO CARMO;19,41;88,64;42,23
171370;MONTE SANTO DO TOCANTINS;14,73;90,96;51,16
171380;PALMEIRAS DO TOCANTINS;1,07;84,09;48,94
171395;MURICILANDIA;15,54;88,57;55,77
171420;NATIVIDADE;34,86;88,87;72,6
171430;NAZARE;1,88;92,65;40,31
171488;NOVA OLINDA;7,39;95,05;64,07
171500;NOVA ROSALANDIA;1,93;98,78;73,31
171510;NOVO ACORDO;33,49;93,58;74,81
171515;NOVO ALEGRE;17,71;84,62;74,89
171525;NOVO JARDIM;27,83;88,38;80,13
171550;OLIVEIRA DE FATIMA;8,77;98,74;73,04
171570;PALMEIRANTE;6,34;77,59;16,29
171575;PALMEIROPOLIS;9,95;93,53;76,42
171610;PARAISO DO TOCANTINS;19,57;99,44;94,73
171620;PARANA;1,11;66,91;48,79
171630;PAU D'ARCO;12,77;92,35;52,37
171650;PEDRO AFONSO;52,24;96,98;85,31
171660;PEIXE;21,22;95,75;50,72
171665;PEQUIZEIRO;26,29;89,44;48,15
171670;COLMEIA;44,83;93,95;72,67
171700;PINDORAMA DO TOCANTINS;24,02;94,69;64,06
171720;PIRAQUE;0,46;88,53;35,57
171750;PIUM;18,76;93,04;57,52
171780;PONTE ALTA DO BOM JESUS;1,67;62,29;41,65
171790;PONTE ALTA DO TOCANTINS;3,01;89,5;59,41
171800;PORTO ALEGRE DO TOCANTINS;5,29;85,75;68,12
171820;PORTO NACIONAL;65,04;94,22;83,92
171830;PRAIA NORTE;19,89;96,18;37,88
171840;PRESIDENTE KENNEDY;18,22;91,73;82,62
171845;PUGMIL;1,39;98,61;82,06
171850;RECURSOLANDIA;13,18;70,76;51,83
171855;RIACHINHO;2,43;91,3;35,74
171865;RIO DA CONCEICAO;40,84;88,08;91,39
171870;RIO DOS BOIS;2,93;82,34;53,75
171875;RIO SONO;3,33;88,03;38,93
171880;SAMPAIO;19,96;95,59;66,5
171884;SANDOLANDIA;4,01;75,69;60,01
171886;SANTA FE DO ARAGUAIA;27;93,85;71,84
171888;SANTA MARIA DO TOCANTINS;12,87;84,31;61,76
171889;SANTA RITA DO TOCANTINS;39,34;90,24;39,49
171890;SANTA ROSA DO TOCANTINS;34,28;89,39;45,33
171900;SANTA TEREZA DO TOCANTINS;1,81;93,95;64,29
172000;SANTA TEREZINHA DO TOCANTINS;0,44;87,26;61,93
172010;SAO BENTO DO TOCANTINS;3,6;84,56;50,52
172015;SAO FELIX DO TOCANTINS;68,41;82,31;60
172020;SAO MIGUEL DO TOCANTINS;0,26;89,63;56,63
172025;SAO SALVADOR DO TOCANTINS;16,71;92,01;66,34
172030;SAO SEBASTIAO DO TOCANTINS;4,17;82,67;54,13
172049;SAO VALERIO;5,35;93,9;56,73
172065;SILVANOPOLIS;0,84;96,05;70,08
172080;SITIO NOVO DO TOCANTINS;12,54;96,23;41,47
172085;SUCUPIRA;0,91;97,64;57,72
172090;TAGUATINGA;12,67;80,05;62,79
172093;TAIPAS DO TOCANTINS;64,46;80,9;71,65
172097;TALISMA;28,5;99,5;47
172100;PALMAS;68,76;99,17;96,99
172110;TOCANTINIA;21,73;81,94;48,64
172120;TOCANTINOPOLIS;5,31;93,82;80,61
172125;TUPIRAMA;25,31;83,89;58,79
172130;TUPIRATINS;49,69;97,21;50,15
172208;WANDERLANDIA;0,72;92,38;58,56
172210;XAMBIOA;6,62;94,85;82,74
210005;ACAILANDIA;13,06;89,57;84,24
210010;AFONSO CUNHA;2,61;67,76;36,07
210015;AGUA DOCE DO MARANHAO;1,5;86,73;15,61
210020;ALCANTARA;6,59;73,62;22,23
210030;ALDEIAS ALTAS;8,88;77,26;29,55
210040;ALTAMIRA DO MARANHAO;4,21;88,23;24,48
210043;ALTO ALEGRE DO MARANHAO;21,37;84,36;49,03
210047;ALTO ALEGRE DO PINDARE;9,53;92,98;32,07
210050;ALTO PARNAIBA;2,46;85,59;47,53
210055;AMAPA DO MARANHAO;29,47;86,03;27,87
210060;AMARANTE DO MARANHAO;4,12;83,12;44,44
210070;ANAJATUBA;11,05;77,24;20,2
210080;ANAPURUS;4,93;93,29;19,79
210083;APICUM-ACU;0,8;86,43;5,67
210087;ARAGUANA;14,87;82,38;37,7
210090;ARAIOSES;15,39;62,6;24,68
210095;ARAME;13,44;76,33;37,83
210100;ARARI;50,2;73,63;49,5
210110;AXIXA;33,52;73,08;10,88
210120;BACABAL;31,12;90,82;71,18
210125;BACABEIRA;31,22;69,48;51,95
210130;BACURI;13,51;71,09;12,88
210135;BACURITUBA;0,57;77,17;0,43
210140;BALSAS;18,43;93,01;82,97
210150;BARAO DE GRAJAU;5,1;81,42;47,32
210160;BARRA DO CORDA;14,11;73,48;51,07
210170;BARREIRINHAS;16,54;81,35;35,92
210173;BELAGUA;3,72;58,89;0,4
210177;BELA VISTA DO MARANHAO;6,65;94,22;28,85
210180;BENEDITO LEITE;34,18;81,18;27,06
210190;BEQUIMAO;5,23;78,62;7,04
210193;BERNARDO DO MEARIM;27,87;84,83;49,6
210197;BOA VISTA DO GURUPI;4,68;93,5;59,33
210200;BOM JARDIM;3,94;78,49;33,28
210203;BOM JESUS DAS SELVAS;22,66;68,73;47,71
210207;BOM LUGAR;1,79;90,28;15,8
210210;BREJO;19,14;65,48;17,35
210215;BREJO DE AREIA;0,31;56,36;8,55
210220;BURITI;5,67;69,12;15,12
210230;BURITI BRAVO;6,53;80,14;27,89
210232;BURITICUPU;6,74;69,77;52,76
210235;BURITIRANA;4,4;94,17;32,85
210237;CACHOEIRA GRANDE;2,55;50;22,26
210240;CAJAPIO;31,28;67,92;5,14
210250;CAJARI;4,29;56,61;16,25
210255;CAMPESTRE DO MARANHAO;2,04;96,93;74,48
210260;CANDIDO MENDES;18,87;79,4;29,32
210270;CANTANHEDE;34,23;74,46;34,12
210275;CAPINZAL DO NORTE;9,06;89,3;23,2
210280;CAROLINA;30,03;82,9;64,08
210290;CARUTAPERA;20,34;80,06;53,71
210300;CAXIAS;26,84;85;60,97
210310;CEDRAL;1,73;91,45;20,41
210312;CENTRAL DO MARANHAO;7,18;78,93;14,9
210315;CENTRO DO GUILHERME;6,74;77,02;32,66
210317;CENTRO NOVO DO MARANHAO;10,92;78,99;22,23
210320;CHAPADINHA;16,57;71,34;50,8
210325;CIDELANDIA;0,77;92,43;41,02
210330;CODO;24,88;87,21;62,93
210340;COELHO NETO;7,12;93,95;52,58
210350;COLINAS;4,64;72,78;39,6
210355;CONCEICAO DO LAGO-ACU;2,49;57,75;30,85
210360;COROATA;20,64;91,37;51,75
210370;CURURUPU;2,66;81,3;33,74
210375;DAVINOPOLIS;20,95;97,77;35,8
210380;DOM PEDRO;17,54;94,21;63,65
210390;DUQUE BACELAR;38,39;76,62;27,37
210400;ESPERANTINOPOLIS;13,39;85,3;52,24
210405;ESTREITO;9,04;95,08;74,06
210407;FEIRA NOVA DO MARANHAO;9,96;89,12;32,36
210408;FERNANDO FALCAO;0,05;58,69;6,22
210409;FORMOSA DA SERRA NEGRA;1,75;74,46;25,23
210410;FORTALEZA DOS NOGUEIRAS;3,34;87,72;55,4
210420;FORTUNA;3,59;75,37;41,8
210430;GODOFREDO VIANA;27,49;71,38;16,43
210440;GONCALVES DIAS;3,29;85,06;40,31
210450;GOVERNADOR ARCHER;8,89;89,25;57,35
210455;GOVERNADOR EDISON LOBAO;33,45;93,83;66,9
210460;GOVERNADOR EUGENIO BARROS;2,18;91,19;35,33
210462;GOVERNADOR LUIZ ROCHA;19,23;94,39;18,97
210465;GOVERNADOR NEWTON BELLO;2,83;82,95;28,06
210467;GOVERNADOR NUNES FREIRE;39,91;90,37;54,66
210470;GRACA ARANHA;3,48;96,06;31,27
210480;GRAJAU;5,06;81,4;57,88
210490;GUIMARAES;2,52;84,81;16,38
210500;HUMBERTO DE CAMPOS;9,66;75,93;18,58
210510;ICATU;4,83;54,36;15,36
210515;IGARAPE DO MEIO;1,3;92,54;11,5
210520;IGARAPE GRANDE;17,76;88,37;60,25
210530;IMPERATRIZ;49,95;96,58;91,94
210535;ITAIPAVA DO GRAJAU;3,05;82,81;21,13
210540;ITAPECURU MIRIM;31,87;76,9;51,06
210542;ITINGA DO MARANHAO;8,38;93,96;75,38
210545;JATOBA;31,38;94,44;4,59
210547;JENIPAPO DOS VIEIRAS;2,64;75,4;13,55
210550;JOAO LISBOA;7,2;94,3;49,82
210560;JOSELANDIA;2,86;88,04;23,1
210565;JUNCO DO MARANHAO;51,42;94,12;30,33
210570;LAGO DA PEDRA;18,16;80,59;65,63
210580;LAGO DO JUNCO;20,4;87,74;38,29
210590;LAGO VERDE;12,22;75,05;17,8
210592;LAGOA DO MATO;1,27;81,93;32,52
210594;LAGO DOS RODRIGUES;0,92;94,57;67,05
210596;LAGOA GRANDE DO MARANHAO;3,99;76,33;45,88
210598;LAJEADO NOVO;5,85;82,14;57,12
210600;LIMA CAMPOS;9,19;88,46;55,81
210610;LORETO;13,97;70,6;58,46
210620;LUIS DOMINGUES;35,86;80,59;0
210630;MAGALHAES DE ALMEIDA;20,53;87,66;32,79
210632;MARACACUME;41,24;85,93;52,36
210635;MARAJA DO SENA;7,39;58,67;12,11
210637;MARANHAOZINHO;44,13;88,43;45,49
210640;MATA ROMA;15,53;81,51;16,91
210650;MATINHA;10,15;80,62;28,36
210660;MATOES;4,67;85,1;18,35
210663;MATOES DO NORTE;2,41;57,89;27,68
210667;MILAGRES DO MARANHAO;9,9;76,32;7,89
210670;MIRADOR;2,53;56,15;26,9
210675;MIRANDA DO NORTE;6,5;81,35;66,27
210680;MIRINZAL;3,67;86,61;30,37
210690;MONCAO;7,61;81,12;7,62
210700;MONTES ALTOS;5,62;87,35;44,01
210710;MORROS;3,29;56,42;30,01
210720;NINA RODRIGUES;7,12;65,24;19,64
210725;NOVA COLINAS;0,59;75,08;42,34
210730;NOVA IORQUE;15,08;63,79;55,17
210735;NOVA OLINDA DO MARANHAO;2,47;88,27;56,4
210740;OLHO D'AGUA DAS CUNHAS;12,99;82,66;45,59
210745;OLINDA NOVA DO MARANHAO;7,89;85,14;24,34
210750;PACO DO LUMIAR;55,19;73,69;61,52
210760;PALMEIRANDIA;3,47;86,76;6,18
210770;PARAIBANO;5,86;73,94;67,81
210780;PARNARAMA;1,36;85,61;26,77
210790;PASSAGEM FRANCA;1,75;83,54;42,64
210800;PASTOS BONS;4,86;89,25;49
210805;PAULINO NEVES;16,81;79,02;22,97
210810;PAULO RAMOS;2,5;80,85;49,66
210820;PEDREIRAS;41,33;89,48;80,45
210825;PEDRO DO ROSARIO;4,07;77,99;15,5
210830;PENALVA;5,27;73,89;30,58
210840;PERI MIRIM;13,2;78,07;16,71
210845;PERITORO;10,33;73,65;30,6
210850;PINDARE-MIRIM;7,38;86,35;53,75
210860;PINHEIRO;50,72;81,11;53,54
210870;PIO XII;1,99;84,79;47,74
210880;PIRAPEMAS;13,61;75,56;33,09
210890;POCAO DE PEDRAS;23,6;80,43;41,36
210900;PORTO FRANCO;3,12;91,58;75,72
210905;PORTO RICO DO MARANHAO;31,15;93,2;31,92
210910;PRESIDENTE DUTRA;23,29;87,26;62,82
210920;PRESIDENTE JUSCELINO;19,04;44,07;17,44
210923;PRESIDENTE MEDICI;51,52;93,48;59,6
210927;PRESIDENTE SARNEY;2,24;85,73;11,9
210930;PRESIDENTE VARGAS;4,94;51,25;21,47
210940;PRIMEIRA CRUZ;7,28;71,65;12,71
210945;RAPOSA;17,46;85,28;50,64
210950;RIACHAO;10,29;81,83;54,16
210955;RIBAMAR FIQUENE;20,83;89,98;46,83
210960;ROSARIO;7,51;79,81;56,84
210970;SAMBAIBA;16,22;68,52;23,66
210975;SANTA FILOMENA DO MARANHAO;10,67;95,44;25,57
210980;SANTA HELENA;4,51;71,59;49,99
210990;SANTA INES;36,06;96,74;86,55
211000;SANTA LUZIA;9,72;78,2;32,13
211003;SANTA LUZIA DO PARUA;14,63;94,73;54,66
211010;SANTA QUITERIA DO MARANHAO;3,21;74,44;27,64
211020;SANTA RITA;13,71;77,57;31,31
211023;SANTANA DO MARANHAO;8,15;88,71;12,12
211027;SANTO AMARO DO MARANHAO;0,92;80,52;13,33
211030;SANTO ANTONIO DOS LOPES;5,17;80,82;39,6
211040;SAO BENEDITO DO RIO PRETO;21,64;76,86;2,53
211050;SAO BENTO;10,26;81,08;38,32
211060;SAO BERNARDO;11,43;54,07;29,71
211065;SAO DOMINGOS DO AZEITAO;1,19;87,55;49,67
211070;SAO DOMINGOS DO MARANHAO;19,86;91,46;47,61
211080;SAO FELIX DE BALSAS;0,99;24,58;14,61
211085;SAO FRANCISCO DO BREJAO;9,08;83,27;55,21
211090;SAO FRANCISCO DO MARANHAO;1,16;58,05;24,34
211100;SAO JOAO BATISTA;23,05;65,75;11,62
211102;SAO JOAO DO CARU;1,23;81,87;37,75
211105;SAO JOAO DO PARAISO;2,51;81,1;39,74
211107;SAO JOAO DO SOTER;2,7;82,77;12,3
211110;SAO JOAO DOS PATOS;1,21;93,15;63,11
211120;SAO JOSE DE RIBAMAR;45,72;74,61;81,05
211125;SAO JOSE DOS BASILIOS;1,98;90,1;25,27
211130;SAO LUIS;66,45;83,19;91,16
211140;SAO LUIS GONZAGA DO MARANHAO;8,99;80,72;30,51
211150;SAO MATEUS DO MARANHAO;7,49;82,21;60,39
211153;SAO PEDRO DA AGUA BRANCA;3,98;91,89;67,4
211157;SAO PEDRO DOS CRENTES;0,27;84,25;54,21
211160;SAO RAIMUNDO DAS MANGABEIRAS;5,54;76,97;69,29
211163;SAO RAIMUNDO DO DOCA BEZERRA;13,9;77,94;56,31
211167;SAO ROBERTO;24,31;71,12;46,81
211170;SAO VICENTE FERRER;4,34;68,63;10,32
211172;SATUBINHA;4;91,43;14,7
211174;SENADOR ALEXANDRE COSTA;2,25;69,62;26,58
211176;SENADOR LA ROCQUE;18,31;94,94;49,07
211178;SERRANO DO MARANHAO;0,66;76,9;0,55
211180;SITIO NOVO;3,56;81,75;30,16
211190;SUCUPIRA DO NORTE;1,22;77,03;19,59
211195;SUCUPIRA DO RIACHAO;0,91;91,67;0,08
211200;TASSO FRAGOSO;1,91;87,14;59,55
211210;TIMBIRAS;14,88;77,92;35,71
211220;TIMON;38,25;89,98;68,39
211223;TRIZIDELA DO VALE;15,47;92,02;81,52
211227;TUFILANDIA;5,24;95,92;15,95
211230;TUNTUM;12,04;87,82;42,5
211240;TURIACU;7,31;49,79;20,28
211245;TURILANDIA;6,42;82,37;37,47
211250;TUTOIA;3,53;76,36;25,94
211260;URBANO SANTOS;19,5;74,57;19,19
211270;VARGEM GRANDE;20,03;63,03;28,05
211280;VIANA;29,77;76,31;44
211285;VILA NOVA DOS MARTIRIOS;0,98;88,37;67,77
211290;VITORIA DO MEARIM;19,27;86,51;54,11
211300;VITORINO FREIRE;10,83;83,12;42,78
211400;ZE DOCA;9,68;89,28;58,61
220005;ACAUA;1,44;25,58;20,09
220010;AGRICOLANDIA;56,04;97,2;42,4
220020;AGUA BRANCA;2,12;92,8;87,64
220025;ALAGOINHA DO PIAUI;7,38;47,65;48,92
220027;ALEGRETE DO PIAUI;2,21;89,99;64,18
220030;ALTO LONGA;4,29;90,24;42,59
220040;ALTOS;7,41;84,33;44,71
220045;ALVORADA DO GURGUEIA;1,09;88,17;27,3
220050;AMARANTE;9,53;73,7;41,33
220060;ANGICAL DO PIAUI;7,9;96,01;60,64
220070;ANISIO DE ABREU;18,26;57,9;38,67
220080;ANTONIO ALMEIDA;13,38;90,89;67,12
220090;AROAZES;1,42;78,14;50,18
220095;AROEIRAS DO ITAIM;10,47;55,76;10,76
220100;ARRAIAL;10,08;75,68;53,12
220105;ASSUNCAO DO PIAUI;13,46;79,34;31,15
220110;AVELINO LOPES;1,32;70,09;58,05
220115;BAIXA GRANDE DO RIBEIRO;2,18;89,17;58,05
220117;BARRA D'ALCANTARA;0,76;95,16;53,44
220120;BARRAS;24,57;80,9;40,86
220130;BARREIRAS DO PIAUI;0,5;90,71;30,02
220140;BARRO DURO;66;82,24;59,75
220150;BATALHA;25,65;84,84;34,91
220155;BELA VISTA DO PIAUI;33,44;91,45;41,14
220157;BELEM DO PIAUI;26,91;54,34;46,41
220160;BENEDITINOS;38,54;86,96;55,56
220170;BERTOLINIA;1,24;85,87;22,84
220173;BETANIA DO PIAUI;0,06;6,33;27,93
220177;BOA HORA;19,94;85,59;7,17
220180;BOCAINA;23,14;95,81;39,05
220190;BOM JESUS;9,42;92,81;70,67
220191;BOM PRINCIPIO DO PIAUI;20,86;83,9;33,23
220192;BONFIM DO PIAUI;4,15;17,78;26,81
220194;BOQUEIRAO DO PIAUI;9,05;88,09;28,16
220196;BRASILEIRA;26,87;82,59;41,3
220198;BREJO DO PIAUI;0;59,2;37,76
220200;BURITI DOS LOPES;32,07;78,48;39,92
220202;BURITI DOS MONTES;42,7;83,66;28,7
220205;CABECEIRAS DO PIAUI;32,32;83,88;16,39
220207;CAJAZEIRAS DO PIAUI;46,88;85,59;33,44
220208;CAJUEIRO DA PRAIA;14,18;62,23;45,57
220209;CALDEIRAO GRANDE DO PIAUI;0,12;7;31,54
220210;CAMPINAS DO PIAUI;1,22;51,37;34,67
220211;CAMPO ALEGRE DO FIDALGO;0,16;34,66;26,23
220213;CAMPO GRANDE DO PIAUI;12,81;43,53;39,43
220217;CAMPO LARGO DO PIAUI;0,89;73,7;15,03
220220;CAMPO MAIOR;29,28;91,85;71,79
220225;CANAVIEIRA;9,92;78,7;22,5
220230;CANTO DO BURITI;2,99;66,95;53,64
220240;CAPITAO DE CAMPOS;7,74;76,15;32,2
220245;CAPITAO GERVASIO OLIVEIRA;4,55;47,02;30,77
220250;CARACOL;35,87;39,41;30,04
220253;CARAUBAS DO PIAUI;28,15;66,49;24,91
220255;CARIDADE DO PIAUI;0,08;48,93;33,52
220260;CASTELO DO PIAUI;17,62;83,74;60,48
220265;CAXINGO;28,57;55,96;22,97
220270;COCAL;0,68;58,34;39,02
220271;COCAL DE TELHA;33,96;87,65;45,93
220272;COCAL DOS ALVES;12,03;77,36;12,29
220273;COIVARAS;5,23;89,55;23,25
220275;COLONIA DO GURGUEIA;1,83;95,39;43,06
220277;COLONIA DO PIAUI;0,9;93,47;32,6
220280;CONCEICAO DO CANINDE;51,56;63,54;51,18
220285;CORONEL JOSE DIAS;19,57;34,14;37,32
220290;CORRENTE;12,89;78,25;60,57
220300;CRISTALANDIA DO PIAUI;1,29;80,58;37,36
220310;CRISTINO CASTRO;1,91;89,41;57,79
220320;CURIMATA;5,01;84,27;55,65
220323;CURRAIS;0,44;78,16;17,24
220325;CURRALINHOS;41,92;95,83;17,33
220327;CURRAL NOVO DO PIAUI;0,5;39,76;36,78
220330;DEMERVAL LOBAO;2,3;90,24;60,49
220335;DIRCEU ARCOVERDE;0,76;39,17;26,2
220340;DOM EXPEDITO LOPES;3,59;92,3;83,35
220342;DOMINGOS MOURAO;44,33;69,09;33,73
220345;DOM INOCENCIO;6,45;21,51;22,09
220350;ELESBAO VELOSO;54,26;91,88;67
220360;ELISEU MARTINS;37;90,96;71,67
220370;ESPERANTINA;4,07;82,34;53,7
220375;FARTURA DO PIAUI;1,59;28,11;18,33
220380;FLORES DO PIAUI;33,62;72,92;58,23
220385;FLORESTA DO PIAUI;1,48;73,86;37,47
220390;FLORIANO;33,07;92,3;81,3
220400;FRANCINOPOLIS;0,85;90,14;67,62
220410;FRANCISCO AYRES;30,61;82,77;48,6
220415;FRANCISCO MACEDO;2,29;41,86;40,84
220420;FRANCISCO SANTOS;8,1;63;51,91
220430;FRONTEIRAS;44,53;71,04;58,48
220435;GEMINIANO;8,05;60,75;41,37
220440;GILBUES;3,37;81,54;41,95
220450;GUADALUPE;29,77;94,02;85,37
220455;GUARIBAS;30,6;54,76;26,03
220460;HUGO NAPOLEAO;44,3;82,21;73,22
220465;ILHA GRANDE;5,05;86,86;61,64
220470;INHUMA;5,2;83,49;55,31
220480;IPIRANGA DO PIAUI;1,79;86,32;59,11
220490;ISAIAS COELHO;2,14;40,99;29,73
220500;ITAINOPOLIS;5,9;57,98;24,3
220510;ITAUEIRA;17,39;84,93;54,91
220515;JACOBINA DO PIAUI;14,61;45,58;29,84
220520;JAICOS;7,43;60,3;45,95
220525;JARDIM DO MULATO;0,4;96,6;22,04
220527;JATOBA DO PIAUI;11,63;83,91;19,55
220530;JERUMENHA;37,79;96,51;20,84
220535;JOAO COSTA;18,53;34,6;15,1
220540;JOAQUIM PIRES;10,12;83,29;31,16
220545;JOCA MARQUES;6,63;69,67;28,83
220550;JOSE DE FREITAS;39,77;81,54;26,83
220551;JUAZEIRO DO PIAUI;23,53;75,73;23,86
220552;JULIO BORGES;5,15;50,04;27,37
220553;JUREMA;15,4;58,97;33,33
220554;LAGOINHA DO PIAUI;2,33;99,49;59,22
220555;LAGOA ALEGRE;41,78;77,43;16,35
220556;LAGOA DO BARRO DO PIAUI;0,69;24,5;19,01
220557;LAGOA DE SAO FRANCISCO;3,07;42,81;19,02
220558;LAGOA DO PIAUI;0,66;70,43;38,79
220559;LAGOA DO SITIO;7,94;87,88;29,3
220560;LANDRI SALES;2,86;93,71;55,04
220570;LUIS CORREIA;16,41;64,22;34,9
220580;LUZILANDIA;15,66;69,34;46,04
220585;MADEIRO;32,95;78,87;24,57
220590;MANOEL EMIDIO;0,57;83,44;47,95
220595;MARCOLANDIA;0,23;0,5;81,38
220600;MARCOS PARENTE;4,45;96,59;78,22
220605;MASSAPE DO PIAUI;0,12;32,14;18,63
220610;MATIAS OLIMPIO;17,36;67,89;33,57
220620;MIGUEL ALVES;10,49;74,71;16,76
220630;MIGUEL LEAO;0,3;83,9;39,21
220635;MILTON BRANDAO;2,22;69,92;24,01
220640;MONSENHOR GIL;25,23;87,8;43,94
220650;MONSENHOR HIPOLITO;24,39;61,07;47,66
220660;MONTE ALEGRE DO PIAUI;2,23;88,93;26,39
220665;MORRO CABECA NO TEMPO;2,85;65,28;39,82
220667;MORRO DO CHAPEU DO PIAUI;35,82;86,09;28,95
220669;MURICI DOS PORTELAS;10,15;58,32;16,3
220670;NAZARE DO PIAUI;1,71;69,44;29,12
220672;NAZARIA;25,53;81,09;38,38
220675;NOSSA SENHORA DE NAZARE;23,07;83,1;18,61
220680;NOSSA SENHORA DOS REMEDIOS;39,34;70,3;24,81
220690;NOVO ORIENTE DO PIAUI;14,36;76,59;51,57
220695;NOVO SANTO ANTONIO;4,49;65,39;29,24
220700;OEIRAS;20,93;75,83;54,4
220710;OLHO D'AGUA DO PIAUI;62,83;93,65;30,29
220720;PADRE MARCOS;19,48;58,79;43,35
220730;PAES LANDIM;8,52;67,19;62,93
220735;PAJEU DO PIAUI;22,45;65,79;44,12
220740;PALMEIRA DO PIAUI;12,97;88,32;25,73
220750;PALMEIRAIS;13,12;83,25;35,6
220755;PAQUETA;31,08;64,55;19,95
220760;PARNAGUA;3,28;71,44;36,71
220770;PARNAIBA;24,27;93,81;84,54
220775;PASSAGEM FRANCA DO PIAUI;9,08;76,62;46,13
220777;PATOS DO PIAUI;19,49;63,64;30,17
220779;PAU D'ARCO DO PIAUI;6,21;77,2;0,29
220780;PAULISTANA;1,03;61,66;51,7
220785;PAVUSSU;13,9;65,41;47,17
220790;PEDRO II;9,4;74,33;58,29
220793;PEDRO LAURENTINO;2,75;88,1;36,03
220795;NOVA SANTA RITA;46,92;52,55;19,99
220800;PICOS;40,52;89,39;91,51
220810;PIMENTEIRAS;5,21;73,84;39,82
220820;PIO IX;16,34;45,3;35,88
220830;PIRACURUCA;10,04;79,11;59,11
220840;PIRIPIRI;19,23;84,08;67,42
220850;PORTO;35,05;69,69;37,63
220855;PORTO ALEGRE DO PIAUI;0,45;91,05;64,38
220860;PRATA DO PIAUI;15,11;84,22;74,63
220865;QUEIMADA NOVA;1,69;15,52;16,16
220870;REDENCAO DO GURGUEIA;40,04;87,75;37,45
220880;REGENERACAO;15,14;61,21;59,86
220885;RIACHO FRIO;3,48;76,53;49,95
220887;RIBEIRA DO PIAUI;10,13;85,67;31,96
220890;RIBEIRO GONCALVES;10,41;77,77;54,26
220900;RIO GRANDE DO PIAUI;66,68;66,9;61,85
220910;SANTA CRUZ DO PIAUI;26,3;91,67;64,46
220915;SANTA CRUZ DOS MILAGRES;3,53;93,23;62,83
220920;SANTA FILOMENA;34,86;53,04;30,55
220930;SANTA LUZ;0,61;73,66;39,13
220935;SANTANA DO PIAUI;4,93;95,77;42,31
220937;SANTA ROSA DO PIAUI;19,89;76,22;70,41
220940;SANTO ANTONIO DE LISBOA;10,19;84,35;58,61
220945;SANTO ANTONIO DOS MILAGRES;5,27;38,42;22,6
220950;SANTO INACIO DO PIAUI;0,09;91,47;60,65
220955;SAO BRAZ DO PIAUI;2,11;6,99;21,47
220960;SAO FELIX DO PIAUI;0,83;92,04;73,61
220965;SAO FRANCISCO DE ASSIS DO PIAUI;3,29;24,66;29,36
220970;SAO FRANCISCO DO PIAUI;2,6;66,32;27,01
220975;SAO GONCALO DO GURGUEIA;1,11;78,78;42,72
220980;SAO GONCALO DO PIAUI;7,09;96,86;71,91
220985;SAO JOAO DA CANABRAVA;30,02;85,68;42,87
220987;SAO JOAO DA FRONTEIRA;13,9;81,73;35,54
220990;SAO JOAO DA SERRA;39,21;73,95;52,38
220995;SAO JOAO DA VARJOTA;21,62;43,31;27,95
220997;SAO JOAO DO ARRAIAL;25,37;91,63;19,13
221000;SAO JOAO DO PIAUI;8,42;83,51;65,89
221005;SAO JOSE DO DIVINO;1,15;76,62;51,37
221010;SAO JOSE DO PEIXE;3,39;93,88;43,88
221020;SAO JOSE DO PIAUI;32,07;90,2;57,04
221030;SAO JULIAO;2,7;71,13;67,44
221035;SAO LOURENCO DO PIAUI;0,31;26,29;19,66
221037;SAO LUIS DO PIAUI;1,75;95,29;27,59
221038;SAO MIGUEL DA BAIXA GRANDE;1,12;89,06;68,65
221039;SAO MIGUEL DO FIDALGO;0,85;76,62;30,48
221040;SAO MIGUEL DO TAPUIO;20,06;85,46;41,79
221050;SAO PEDRO DO PIAUI;10,37;78,06;37,17
221060;SAO RAIMUNDO NONATO;4,34;67,75;61,06
221062;SEBASTIAO BARROS;1,35;66,26;24,18
221063;SEBASTIAO LEAL;6,54;86,03;26,79
221065;SIGEFREDO PACHECO;27,59;89,5;40,42
221070;SIMOES;33,67;47,01;45,91
221080;SIMPLICIO MENDES;24,54;86,06;68,3
221090;SOCORRO DO PIAUI;2,5;66,95;32,42
221093;SUSSUAPARA;21,9;97,73;43,71
221095;TAMBORIL DO PIAUI;54,29;65,21;49,67
221097;TANQUE DO PIAUI;80;92,5;65,88
221100;TERESINA;61,8;96,37;92,9
221110;UNIAO;26,81;83,07;33,43
221120;URUCUI;16,96;90,62;71,56
221130;VALENCA DO PIAUI;5,39;95,15;77,33
221135;VARZEA BRANCA;4,08;27,21;21,8
221140;VARZEA GRANDE;70,43;95,94;56,96
221150;VERA MENDES;37,7;67,93;29,03
221160;VILA NOVA DO PIAUI;21,28;21,39;32,09
221170;WALL FERRAZ;0,35;35,07;30,2
230010;ABAIARA;7,98;73,63;40,23
230015;ACARAPE;40,82;76,96;61,95
230020;ACARAU;17,22;86,16;45,38
230030;ACOPIARA;19,77;62,48;48,44
230040;AIUABA;10,91;55,84;51,35
230050;ALCANTARAS;21,91;62,58;46,39
230060;ALTANEIRA;14,6;95,55;77,5
230070;ALTO SANTO;12,98;67,44;41,69
230075;AMONTADA;10,03;77,08;33,96
230080;ANTONINA DO NORTE;40,51;79,62;64,49
230090;APUIARES;2,7;83,42;50,45
230100;AQUIRAZ;36,77;77,93;75,23
230110;ARACATI;4,54;82,01;73,22
230120;ARACOIABA;18,29;65,96;51,96
230125;ARARENDA;15,86;82,78;45,52
230130;ARARIPE;15,06;68,42;60,42
230140;ARATUBA;19,32;82,06;35,06
230150;ARNEIROZ;24,85;59,74;58,6
230160;ASSARE;21,74;79,51;54,88
230170;AURORA;12,52;69,24;48,21
230180;BAIXIO;1,76;83,46;57,48
230185;BANABUIU;18,56;66,1;48,73
230190;BARBALHA;18,41;83,92;71,02
230195;BARREIRA;13,43;70,01;46,15
230200;BARRO;11,25;84,68;54,37
230205;BARROQUINHA;21,4;86,26;51,36
230210;BATURITE;46,16;75,59;73,38
230220;BEBERIBE;11,55;75,77;59,58
230230;BELA CRUZ;20,8;82,39;44,01
230240;BOA VIAGEM;40,46;75,84;45,99
230250;BREJO SANTO;62,17;84,96;70,9
230260;CAMOCIM;31,44;93,62;72,66
230270;CAMPOS SALES;23,62;71,86;70,98
230280;CANINDE;25,22;73,87;61,83
230290;CAPISTRANO;15,95;55,16;37,26
230300;CARIDADE;10,26;81,04;56,52
230310;CARIRE;6,47;81,42;51,69
230320;CARIRIACU;15,72;85,88;54,17
230330;CARIUS;12,06;62,25;53,33
230340;CARNAUBAL;2,67;75,16;56,44
230350;CASCAVEL;14,52;79,4;66,17
230360;CATARINA;18,72;58,68;52,01
230365;CATUNDA;1,53;75,83;51,66
230370;CAUCAIA;57,15;91,68;82,48
230380;CEDRO;8,93;81,71;57,45
230390;CHAVAL;7,22;73,54;63,1
230393;CHORO;11,27;38,92;22,64
230395;CHOROZINHO;4,84;59,3;61,64
230400;COREAU;17,68;71,21;44,89
230410;CRATEUS;49,37;77,61;62,38
230420;CRATO;44,1;90,1;84,11
230423;CROATA;23,9;97,31;60,77
230425;CRUZ;6,84;90,21;57,47
230426;DEPUTADO IRAPUAN PINHEIRO;2,06;80,2;45,87
230427;ERERE;20,05;79,31;51,83
230428;EUSEBIO;32,35;87,34;94,05
230430;FARIAS BRITO;12,64;78,91;66,01
230435;FORQUILHA;72,3;92,19;70,99
230440;FORTALEZA;74,66;98,75;98,75
230445;FORTIM;2,05;84,84;73,48
230450;FRECHEIRINHA;12,49;70,28;65,58
230460;GENERAL SAMPAIO;4;75,02;74,12
230465;GRACA;6,53;65,87;42,96
230470;GRANJA;12,73;70,73;35,24
230480;GRANJEIRO;26,05;86,42;37,66
230490;GROAIRAS;29,51;86,81;68,56
230495;GUAIUBA;19,21;87,12;69,44
230500;GUARACIABA DO NORTE;8,1;87,07;47,09
230510;GUARAMIRANGA;73,9;81,24;85,76
230520;HIDROLANDIA;6,49;75,34;58,72
230523;HORIZONTE;13,99;93,98;91,04
230526;IBARETAMA;2,99;25,5;36,99
230530;IBIAPINA;18,6;84,38;51,26
230533;IBICUITINGA;15,75;75,54;50,54
230535;ICAPUI;14,98;87,64;82,44
230540;ICO;35,81;78,49;49,2
230550;IGUATU;27,8;88,7;76,88
230560;INDEPENDENCIA;32,37;66,8;44,07
230565;IPAPORANGA;2,01;86,79;32,65
230570;IPAUMIRIM;16,76;77,75;64,63
230580;IPU;7,54;82,06;60,4
230590;IPUEIRAS;21,08;89,15;42,97
230600;IRACEMA;22,49;83,88;72,11
230610;IRAUCUBA;36,83;76,14;65,99
230620;ITAICABA;3,32;88,18;72,73
230625;ITAITINGA;5,8;96,23;94,15
230630;ITAPAGE;26,62;79,82;75,96
230640;ITAPIPOCA;34,72;78,52;54,55
230650;ITAPIUNA;15,19;61,26;47,76
230655;ITAREMA;12,51;83,03;44,9
230660;ITATIRA;5,72;53,92;41,97
230670;JAGUARETAMA;5,77;62,13;48,21
230680;JAGUARIBARA;57,15;87,98;75,16
230690;JAGUARIBE;54,08;83,81;66,18
230700;JAGUARUANA;13,7;84,47;74,89
230710;JARDIM;38,3;49,5;40,13
230720;JATI;18,39;80,7;54,6
230725;JIJOCA DE JERICOACOARA;14,35;93,71;56,22
230730;JUAZEIRO DO NORTE;47,7;95,36;94,22
230740;JUCAS;27,56;77,21;56,57
230750;LAVRAS DA MANGABEIRA;28,43;70,74;58,56
230760;LIMOEIRO DO NORTE;21,78;95,81;81,84
230763;MADALENA;11,77;68,65;53,77
230765;MARACANAU;69,48;98,39;95,95
230770;MARANGUAPE;32,33;86,24;84,08
230780;MARCO;8,39;83,32;57,86
230790;MARTINOPOLE;4,14;81,16;71,8
230800;MASSAPE;38,55;77,76;71,1
230810;MAURITI;19,33;74,53;54,14
230820;MERUOCA;8,58;77,06;53,63
230830;MILAGRES;12,86;69,83;45,52
230835;MILHA;22,16;71,93;50,01
230837;MIRAIMA;20,48;68,86;50,94
230840;MISSAO VELHA;10,61;85,95;46,61
230850;MOMBACA;28,83;67,55;39,78
230860;MONSENHOR TABOSA;6,23;75,51;59,63
230870;MORADA NOVA;9,6;78,29;55,97
230880;MORAUJO;7,31;67,56;53,37
230890;MORRINHOS;23,33;78,64;56,18
230900;MUCAMBO;18,12;72,53;65,69
230910;MULUNGU;30,03;63,53;61,82
230920;NOVA OLINDA;44,16;80,99;68,35
230930;NOVA RUSSAS;20,92;92,46;69,64
230940;NOVO ORIENTE;26,38;78,68;44,7
230945;OCARA;11,57;53,9;43,12
230950;OROS;37,65;88,29;74,1
230960;PACAJUS;7,07;80,04;82,22
230970;PACATUBA;77,56;97,76;93,96
230980;PACOTI;45,55;79,02;67,88
230990;PACUJA;46,71;72,55;68,96
231000;PALHANO;16,08;72,01;54,11
231010;PALMACIA;14,12;60,64;53,31
231020;PARACURU;31,92;94,64;76,45
231025;PARAIPABA;29,24;89,13;53,97
231030;PARAMBU;30,65;63,79;48,2
231040;PARAMOTI;10,46;69,21;52,19
231050;PEDRA BRANCA;36,59;73,48;59,81
231060;PENAFORTE;57,1;79,25;71,17
231070;PENTECOSTE;28,05;80,2;62,26
231080;PEREIRO;13,09;78,53;39,85
231085;PINDORETAMA;1,23;87,36;69,55
231090;PIQUET CARNEIRO;5,23;66,51;54,86
231095;PIRES FERREIRA;5,67;72,28;34,8
231100;PORANGA;11,74;80,72;42,67
231110;PORTEIRAS;30,35;65,43;44,12
231120;POTENGI;7,99;67,4;57,28
231123;POTIRETAMA;0,82;52,2;55,25
231126;QUITERIANOPOLIS;15,34;61,07;34,41
231130;QUIXADA;54,11;73,26;69,87
231135;QUIXELO;23,43;82,61;35,83
231140;QUIXERAMOBIM;43,94;78,72;56,16
231150;QUIXERE;2,84;89,21;77,64
231160;REDENCAO;17,02;72,84;63,29
231170;RERIUTABA;5,84;77,73;52,03
231180;RUSSAS;28,88;88,01;72,3
231190;SABOEIRO;9,1;62,66;54
231195;SALITRE;11,73;13,54;34,17
231200;SANTANA DO ACARAU;36,22;62,21;46,98
231210;SANTANA DO CARIRI;21,95;61,11;54,67
231220;SANTA QUITERIA;23,66;70,39;42,57
231230;SAO BENEDITO;28,1;86,71;53,32
231240;SAO GONCALO DO AMARANTE;26,06;84,32;70,89
231250;SAO JOAO DO JAGUARIBE;24,17;96,16;43,02
231260;SAO LUIS DO CURU;4,05;69,29;59,84
231270;SENADOR POMPEU;36,83;76,89;56,81
231280;SENADOR SA;7,84;82,46;41,06
231290;SOBRAL;75,69;95;88,54
231300;SOLONOPOLE;12,98;75,99;53,39
231310;TABULEIRO DO NORTE;24,61;77,81;66,33
231320;TAMBORIL;11,91;83,42;50,08
231325;TARRAFAS;2,41;77,41;42,88
231330;TAUA;33,5;78,52;61,97
231335;TEJUCUOCA;2,73;60,04;43,3
231340;TIANGUA;40,36;89,94;61,58
231350;TRAIRI;6,34;75,99;38,41
231355;TURURU;1,65;79,47;52,92
231360;UBAJARA;8,25;80,74;59,54
231370;UMARI;14,52;80,47;40,33
231375;UMIRIM;7,21;79,83;57,52
231380;URUBURETAMA;19,16;76,89;77,15
231390;URUOCA;24,9;71,33;54,38
231395;VARJOTA;25,26;91,82;75,64
231400;VARZEA ALEGRE;18,43;85,21;57,91
231410;VICOSA DO CEARA;9,58;65,81;31,94
240010;ACARI;82,24;94,5;89,43
240020;ACU;13,63;88,83;86,38
240030;AFONSO BEZERRA;51,82;76,2;58,46
240040;AGUA NOVA;7,07;86,49;65,66
240050;ALEXANDRIA;57,25;84,87;68,74
240060;ALMINO AFONSO;12,61;73,19;67,83
240070;ALTO DO RODRIGUES;8,2;85,86;95,89
240080;ANGICOS;38,29;90,47;81,49
240090;ANTONIO MARTINS;24,82;84,71;52,9
240100;APODI;10,29;71,44;62,35
240110;AREIA BRANCA;29,05;86,47;93,81
240120;ARES;20,16;86,96;81,79
240130;AUGUSTO SEVERO;17,49;55,02;52,41
240140;BAIA FORMOSA;10,36;90,93;93,41
240145;BARAUNA;9,68;80,07;70,68
240150;BARCELONA;25,33;80,12;57,52
240160;BENTO FERNANDES;13,78;75,37;65,05
240165;BODO;40,57;76,84;58,56
240170;BOM JESUS;10,51;87,55;76,14
240180;BREJINHO;31,56;87;79,13
240185;CAICARA DO NORTE;40,41;92,21;96,38
240190;CAICARA DO RIO DO VENTO;58,52;89,46;83,08
240200;CAICO;76,84;93,35;88,4
240210;CAMPO REDONDO;45,58;50,77;60,78
240220;CANGUARETAMA;5,29;92,08;83,12
240230;CARAUBAS;12,79;78,78;72,47
240240;CARNAUBA DOS DANTAS;16,75;79,09;91,76
240250;CARNAUBAIS;45,28;87,53;78,71
240260;CEARA-MIRIM;55,11;81,18;62,48
240270;CERRO CORA;4,75;67,07;54,79
240280;CORONEL EZEQUIEL;20,22;51,3;56,65
240290;CORONEL JOAO PESSOA;0,32;86,01;50,66
240300;CRUZETA;66,19;85,02;80,64
240310;CURRAIS NOVOS;83,43;89,85;90,63
240320;DOUTOR SEVERIANO;25,41;90,91;47,09
240325;PARNAMIRIM;57,58;98,72;98,9
240330;ENCANTO;16,07;78,59;65,83
240340;EQUADOR;50,43;78,86;78,57
240350;ESPIRITO SANTO;19,89;89,32;70,54
240360;EXTREMOZ;37,81;93,88;77,27
240370;FELIPE GUERRA;4,91;77,06;61,2
240375;FERNANDO PEDROZA;7,05;79,69;81,1
240380;FLORANIA;73,5;83,2;77,08
240390;FRANCISCO DANTAS;1,08;80;64,43
240400;FRUTUOSO GOMES;1,62;81,23;65,79
240410;GALINHOS;0,9;74,02;91,04
240420;GOIANINHA;43,25;80,35;89,56
240430;GOVERNADOR DIX-SEPT ROSADO;31,58;59,72;53,21
240440;GROSSOS;17,68;87,02;86,91
240450;GUAMARE;37,31;87,74;95,16
240460;IELMO MARINHO;18,96;51,89;40,79
240470;IPANGUACU;18,44;74,92;70,34
240480;IPUEIRA;1,88;94,38;91,25
240485;ITAJA;15,58;88,62;86,87
240490;ITAU;3,29;89,12;84,57
240500;JACANA;0,73;64,86;78,39
240510;JANDAIRA;14,87;71,66;78,99
240520;JANDUIS;41,76;77,69;79,48
240530;JANUARIO CICCO;12,02;76,74;44,68
240540;JAPI;52,98;58,06;74,11
240550;JARDIM DE ANGICOS;9,04;45,06;34,93
240560;JARDIM DE PIRANHAS;21,13;82,66;77,73
240570;JARDIM DO SERIDO;73,74;91,01;84,82
240580;JOAO CAMARA;17,54;78,63;74,56
240590;JOAO DIAS;37,63;79,66;51,47
240600;JOSE DA PENHA;21,69;93,85;62,92
240610;JUCURUTU;31,86;86,84;68,51
240615;JUNDIA;6,75;71,24;71,82
240620;LAGOA D'ANTA;6,65;87,41;74,27
240630;LAGOA DE PEDRAS;8,48;62,66;49,95
240640;LAGOA DE VELHOS;18,69;87,5;69,48
240650;LAGOA NOVA;46,39;85,06;55,13
240660;LAGOA SALGADA;2,25;77,91;62,38
240670;LAJES;61,07;78,74;77,72
240680;LAJES PINTADAS;34,55;68,64;67,5
240690;LUCRECIA;72,95;80,68;93,96
240700;LUIS GOMES;3,88;85;68,58
240710;MACAIBA;19,55;86,5;80,6
240720;MACAU;70,66;90,16;92,55
240725;MAJOR SALES;20,83;98,81;88,24
240730;MARCELINO VIEIRA;31,01;88,64;55,62
240740;MARTINS;0,29;76,2;67,66
240750;MAXARANGUAPE;5,51;96;69,82
240760;MESSIAS TARGINO;17,52;76,87;86,73
240770;MONTANHAS;5,33;92,37;82,16
240780;MONTE ALEGRE;23,59;92,77;67,48
240790;MONTE DAS GAMELEIRAS;25,23;74,32;71,1
240800;MOSSORO;64,9;92,76;92,91
240810;NATAL;62,77;99,08;98,91
240820;NISIA FLORESTA;21,49;85,23;85,46
240830;NOVA CRUZ;14,13;81,96;77,06
240840;OLHO-D'AGUA DO BORGES;2,41;80,53;75
240850;OURO BRANCO;16,85;83,3;70,91
240860;PARANA;1,15;88,95;57,13
240870;PARAU;18,63;85;83,28
240880;PARAZINHO;44,85;86,5;71,36
240890;PARELHAS;70,95;90,72;88,67
240895;RIO DO FOGO;0,9;95,91;82,48
240910;PASSA E FICA;59,58;87,26;83,75
240920;PASSAGEM;6,16;77,22;64,88
240930;PATU;21,85;62,71;84,32
240933;SANTA MARIA;0,91;72,64;71,42
240940;PAU DOS FERROS;57,56;96,87;91,57
240950;PEDRA GRANDE;3,1;67;75,86
240960;PEDRA PRETA;4,08;41,54;40,93
240970;PEDRO AVELINO;49,43;71,22;64,14
240980;PEDRO VELHO;36,4;96,69;70,97
240990;PENDENCIAS;61,74;91,99;95,44
241000;PILOES;21,98;88,64;83,02
241010;POCO BRANCO;9,46;91,48;64,37
241020;PORTALEGRE;1,12;62,07;53,34
241025;PORTO DO MANGUE;0,28;58,44;77,66
241030;SERRA CAIADA;27,51;85,23;64,08
241040;PUREZA;1,44;57,74;40,4
241050;RAFAEL FERNANDES;20,83;51;58,12
241060;RAFAEL GODEIRO;3,56;72,74;58,28
241070;RIACHO DA CRUZ;59,5;87,81;87,82
241080;RIACHO DE SANTANA;15,27;79,51;45,64
241090;RIACHUELO;60,89;80,72;80,06
241100;RODOLFO FERNANDES;21,69;88,43;87,95
241105;TIBAU;31,65;88,82;82,39
241110;RUY BARBOSA;0,72;57,59;55,52
241120;SANTA CRUZ;81,47;86,96;83,96
241140;SANTANA DO MATOS;58,54;65,75;52,55
241142;SANTANA DO SERIDO;65,56;82,57;75,66
241150;SANTO ANTONIO;21,08;80,55;72,47
241160;SAO BENTO DO NORTE;66;78,08;35,52
241170;SAO BENTO DO TRAIRI;70,5;71,08;58,13
241180;SAO FERNANDO;37,39;82,95;70,48
241190;SAO FRANCISCO DO OESTE;0,51;92,24;83,36
241200;SAO GONCALO DO AMARANTE;65,63;97;91,29
241210;SAO JOAO DO SABUGI;4,29;84,23;83,53
241220;SAO JOSE DE MIPIBU;19,28;77,09;77,8
241230;SAO JOSE DO CAMPESTRE;43,7;84,14;83,15
241240;SAO JOSE DO SERIDO;66,64;92,65;84,33
241250;SAO MIGUEL;3,82;89,68;67,95
241255;SAO MIGUEL DO GOSTOSO;2,96;88,21;47,48
241260;SAO PAULO DO POTENGI;59,66;84,56;80,51
241270;SAO PEDRO;2,85;66,34;70,17
241280;SAO RAFAEL;60,83;82,94;73,74
241290;SAO TOME;27,34;63,39;58,08
241300;SAO VICENTE;61,02;93,93;67,37
241310;SENADOR ELOI DE SOUZA;17,87;83,74;50,58
241320;SENADOR GEORGINO AVELINO;1,83;92,61;90,12
241330;SERRA DE SAO BENTO;11,42;61,87;62,12
241335;SERRA DO MEL;1,43;83,29;29,3
241340;SERRA NEGRA DO NORTE;74,33;77,22;68,39
241350;SERRINHA;3,54;56,45;53,76
241355;SERRINHA DOS PINTOS;0,66;93,52;58,09
241360;SEVERIANO MELO;9,97;69,5;58,55
241370;SITIO NOVO;13,24;72,25;60,34
241380;TABOLEIRO GRANDE;1,16;59,57;81,59
241390;TAIPU;5,81;76,98;50,78
241400;TANGARA;77,32;88,89;78,7
241410;TENENTE ANANIAS;28,76;73,71;71,27
241415;TENENTE LAURENTINO CRUZ;6,23;93,64;65,48
241420;TIBAU DO SUL;23,66;89,67;94,1
241430;TIMBAUBA DOS BATISTAS;97,33;88,59;85,92
241440;TOUROS;19,63;81,79;56,96
241445;TRIUNFO POTIGUAR;1,31;80,8;68,16
241450;UMARIZAL;5;90,32;79,09
241460;UPANEMA;1,45;72,46;55,24
241470;VARZEA;13,51;87,84;83,31
241475;VENHA-VER;3,76;94,85;31,36
241480;VERA CRUZ;3,54;85,21;88,82
241490;VICOSA;73,8;91,27;96,05
241500;VILA FLOR;1,74;97,96;93,74
250010;AGUA BRANCA;26,5;62,95;56,39
250020;AGUIAR;20,19;61,9;50,15
250030;ALAGOA GRANDE;51,69;81,83;74,66
250040;ALAGOA NOVA;39,59;62,44;54,31
250050;ALAGOINHA;8,6;79,22;65,58
250053;ALCANTIL;4,54;2,94;58,79
250057;ALGODAO DE JANDAIRA;44,73;22,59;49,48
250060;ALHANDRA;9,61;89,62;78,59
250070;SAO JOAO DO RIO DO PEIXE;33,07;73,6;51,1
250073;AMPARO;10,38;58,64;52,83
250077;APARECIDA;4,9;81,74;51,93
250080;ARACAGI;12,69;61,37;49,76
250090;ARARA;52,01;76,4;69,54
250100;ARARUNA;43,85;64,38;58,22
250110;AREIA;43,1;79,97;63,45
250115;AREIA DE BARAUNAS;43,44;56,76;50,82
250120;AREIAL;59,45;61,97;74,06
250130;AROEIRAS;24,92;40,27;47,65
250135;ASSUNCAO;48,75;0,77;81,76
250140;BAIA DA TRAICAO;12,26;91,84;43,9
250150;BANANEIRAS;26,9;63,27;50,37
250153;BARAUNA;41,07;0,16;76,93
250157;BARRA DE SANTANA;5,17;16,77;13,22
250160;BARRA DE SANTA ROSA;54,71;57,58;62,92
250170;BARRA DE SAO MIGUEL;12,19;69,87;60,44
250180;BAYEUX;46,13;98,46;95,41
250190;BELEM;82,71;85,4;84
250200;BELEM DO BREJO DO CRUZ;56,51;74,41;72,02
250205;BERNARDINO BATISTA;1,01;47,43;34,17
250210;BOA VENTURA;10,73;74,6;60,86
250215;BOA VISTA;14,62;61,5;56,3
250220;BOM JESUS;0,86;74,82;67,52
250230;BOM SUCESSO;20,75;90,68;45,87
250240;BONITO DE SANTA FE;46,37;76,22;70,41
250250;BOQUEIRAO;52,44;73,46;72,84
250260;IGARACY;33,24;77,28;68,55
250270;BORBOREMA;63,95;84,3;67,67
250280;BREJO DO CRUZ;66,11;75,92;74,62
250290;BREJO DOS SANTOS;9,2;87,29;74,59
250300;CAAPORA;16,04;86,11;81,17
250310;CABACEIRAS;28,25;74,6;45,23
250320;CABEDELO;52,1;97,91;96,79
250330;CACHOEIRA DOS INDIOS;25,49;74,4;42,05
250340;CACIMBA DE AREIA;41,9;58,39;48,11
250350;CACIMBA DE DENTRO;13,43;72,18;66,04
250355;CACIMBAS;32,14;55,09;36,45
250360;CAICARA;52,9;72,24;73
250370;CAJAZEIRAS;56,44;86,37;79,07
250375;CAJAZEIRINHAS;30,58;53,28;33,98
250380;CALDAS BRANDAO;5,82;78,92;79,45
250390;CAMALAU;18,47;57,78;50,78
250400;CAMPINA GRANDE;84,82;97,87;94,84
250403;CAPIM;5,75;89,87;70,5
250407;CARAUBAS;38,87;65,75;53,15
250410;CARRAPATEIRA;17,12;71,53;77,8
250415;CASSERENGUE;31,74;48,9;50,44
250420;CATINGUEIRA;17,37;74,3;58,84
250430;CATOLE DO ROCHA;38,21;85,15;74,44
250435;CATURITE;20,92;44,84;58,62
250440;CONCEICAO;23,9;78,06;60,46
250450;CONDADO;37,81;81,54;67,84
250460;CONDE;17,21;66,66;61,27
250470;CONGO;46,68;69,14;63,67
250480;COREMAS;53,64;85,04;74,25
250485;COXIXOLA;32,99;93,2;44,05
250490;CRUZ DO ESPIRITO SANTO;22,3;73,18;44,77
250500;CUBATI;22,05;70,7;67,2
250510;CUITE;15,56;67,24;68,82
250520;CUITEGI;4,74;90,57;78,87
250523;CUITE DE MAMANGUAPE;2,2;64,26;29,9
250527;CURRAL DE CIMA;3,35;34,41;19,87
250530;CURRAL VELHO;32,72;77,32;52,47
250535;DAMIAO;1,53;29,65;49,13
250540;DESTERRO;37,93;63,11;60,34
250550;VISTA SERRANA;37,01;56,66;49,78
250560;DIAMANTE;24,38;73,25;54,36
250570;DONA INES;19,48;45,3;47,3
250580;DUAS ESTRADAS;26,17;77,28;78,96
250590;EMAS;57,76;78,75;68,38
250600;ESPERANCA;64,78;70,98;78,36
250610;FAGUNDES;11,24;56,07;49,1
250620;FREI MARTINHO;63,23;80,93;60,94
250625;GADO BRAVO;1,84;18,85;11,26
250630;GUARABIRA;69,61;96,08;93,25
250640;GURINHEM;7,33;60,02;66,13
250650;GURJAO;43,1;71,02;69,11
250660;IBIARA;5,79;74,07;61,13
250670;IMACULADA;25,64;59,39;46,53
250680;INGA;5,2;70,12;68,62
250690;ITABAIANA;35,72;76,26;78,96
250700;ITAPORANGA;67,86;81,47;75,56
250710;ITAPOROROCA;10,81;76,24;65,31
250720;ITATUBA;19,43;57,25;55,84
250730;JACARAU;8,68;83,99;58,5
250740;JERICO;42,24;82,39;61,46
250750;JOAO PESSOA;71,76;99,58;99,2
250760;JUAREZ TAVORA;10,74;83,22;78,69
250770;JUAZEIRINHO;60,3;57,57;54,66
250780;JUNCO DO SERIDO;64,96;76,31;73,19
250790;JURIPIRANGA;7,23;76,41;92,01
250800;JURU;24,79;67,92;53,19
250810;LAGOA;17,94;66,08;48,13
250820;LAGOA DE DENTRO;20,74;58,46;58,78
250830;LAGOA SECA;52,66;53,52;64,84
250840;LASTRO;12,41;53,38;42,62
250850;LIVRAMENTO;36,81;44,69;55,56
250855;LOGRADOURO;36,78;66,57;74,46
250860;LUCENA;29,08;88,52;84,4
250870;MAE D'AGUA;42,31;78,08;59,55
250880;MALTA;76,89;88,84;85,49
250890;MAMANGUAPE;8,59;81,02;80,21
250900;MANAIRA;14,31;69,27;52,33
250905;MARCACAO;22,36;96,72;34,32
250910;MARI;1,77;90,83;85,28
250915;MARIZOPOLIS;16,77;92,64;75,94
250920;MASSARANDUBA;30,86;52,65;51,22
250930;MATARACA;3,99;95,5;86,25
250933;MATINHAS;12,41;35,04;16,38
250937;MATO GROSSO;55,49;79,42;45,07
250939;MATUREIA;21,69;66,01;67,68
250940;MOGEIRO;6,22;33,45;61,99
250950;MONTADAS;37,71;62,15;64,5
250960;MONTE HOREBE;53,26;66,18;59,53
250970;MONTEIRO;57,71;72,45;66,78
250980;MULUNGU;6,45;68,07;57,43
250990;NATUBA;16,92;48,61;33,1
251000;NAZAREZINHO;19,05;50,48;43,65
251010;NOVA FLORESTA;2,22;86,1;90,33
251020;NOVA OLINDA;26,67;78,52;58,59
251030;NOVA PALMEIRA;62,52;59,16;60,54
251040;OLHO D'AGUA;43,22;63,19;52,42
251050;OLIVEDOS;43,06;53,54;52,97
251060;OURO VELHO;2,44;73,44;67,91
251065;PARARI;55,97;60,7;54,48
251070;PASSAGEM;57,3;58,78;68,01
251080;PATOS;86,3;96,02;94,48
251090;PAULISTA;35,94;57,2;49,87
251100;PEDRA BRANCA;68,55;80,24;65,62
251110;PEDRA LAVRADA;41,18;45,91;42,74
251120;PEDRAS DE FOGO;27,02;82,67;68,38
251130;PIANCO;48,98;76,67;68,95
251140;PICUI;62,37;70,7;73,93
251150;PILAR;16,31;69,71;70,12
251160;PILOES;11,01;69,76;50,52
251170;PILOEZINHOS;40,14;75,36;58,53
251180;PIRPIRITUBA;49,8;82,42;77,07
251190;PITIMBU;16,87;74,78;57,68
251200;POCINHOS;39,62;59,59;59,88
251203;POCO DANTAS;13,82;79,92;51,16
251207;POCO DE JOSE DE MOURA;36,31;69,08;48,44
251210;POMBAL;62;82,43;78,54
251220;PRATA;1,3;76,55;63,47
251230;PRINCESA ISABEL;58,89;77,96;73,6
251240;PUXINANA;76,05;61,75;66,56
251250;QUEIMADAS;47,74;73,22;69,17
251260;QUIXABA;37,67;47,67;41,63
251270;REMIGIO;54,97;78,76;77,42
251272;PEDRO REGIS;1,45;64,97;30,34
251274;RIACHAO;26,13;70,43;58,5
251275;RIACHAO DO BACAMARTE;19,54;58,48;65,52
251276;RIACHAO DO POCO;18,8;39,74;24,35
251278;RIACHO DE SANTO ANTONIO;38,05;61,52;69,13
251280;RIACHO DOS CAVALOS;50,7;61,03;45,12
251290;RIO TINTO;27,46;60,38;58,25
251300;SALGADINHO;16,51;34,59;28
251310;SALGADO DE SAO FELIX;3,23;63,81;48,02
251315;SANTA CECILIA;5,42;1,22;26,49
251320;SANTA CRUZ;27,56;86,85;65,2
251330;SANTA HELENA;25;76,2;60,09
251335;SANTA INES;4,88;62,69;39,15
251340;SANTA LUZIA;86,13;93;90,05
251350;SANTANA DE MANGUEIRA;5,32;71,34;45,46
251360;SANTANA DOS GARROTES;13,63;75,24;38,94
251365;JOCA CLAUDINO;0,67;81,2;71,86
251370;SANTA RITA;21,72;88,41;90,51
251380;SANTA TERESINHA;91,61;69,78;51,19
251385;SANTO ANDRE;9,45;2,14;33,88
251390;SAO BENTO;58,62;84,7;84,64
251392;SAO BENTINHO;38,28;76,23;67,06
251394;SAO DOMINGOS DO CARIRI;34,73;62,21;50,48
251396;SAO DOMINGOS;26,55;49,57;34,42
251398;SAO FRANCISCO;13,55;88,65;53,49
251400;SAO JOAO DO CARIRI;57,75;68,7;61,63
251410;SAO JOAO DO TIGRE;27,68;27,47;44,22
251420;SAO JOSE DA LAGOA TAPADA;19,99;65,25;39,99
251430;SAO JOSE DE CAIANA;0,69;46,44;46,99
251440;SAO JOSE DE ESPINHARAS;33,21;49,23;36,59
251445;SAO JOSE DOS RAMOS;5,17;45,1;44,7
251450;SAO JOSE DE PIRANHAS;50,49;74,09;57,66
251455;SAO JOSE DE PRINCESA;0,91;49,36;16,67
251460;SAO JOSE DO BONFIM;74,58;62,32;48,01
251465;SAO JOSE DO BREJO DO CRUZ;13,51;8,29;57,11
251470;SAO JOSE DO SABUGI;83,33;79,01;69,32
251480;SAO JOSE DOS CORDEIROS;52,34;49,41;42,32
251490;SAO MAMEDE;74,38;86,88;77,66
251500;SAO MIGUEL DE TAIPU;33,67;60,23;40,49
251510;SAO SEBASTIAO DE LAGOA DE ROCA;31,74;54,79;30,66
251520;SAO SEBASTIAO DO UMBUZEIRO;33,72;71,07;66,48
251530;SAPE;28,3;81,53;78,76
251540;SAO VICENTE DO SERIDO;2,59;47,1;40,58
251550;SERRA BRANCA;24,65;78,65;69,03
251560;SERRA DA RAIZ;9,71;82,71;71,87
251570;SERRA GRANDE;34,15;64,23;56,91
251580;SERRA REDONDA;31,47;55,68;58,27
251590;SERRARIA;27,81;68,9;54,52
251593;SERTAOZINHO;55,8;64,67;76,34
251597;SOBRADO;1,28;68,78;18,56
251600;SOLANEA;21,05;75,88;70,73
251610;SOLEDADE;56,82;72,86;73,62
251615;SOSSEGO;27,64;1,2;51,47
251620;SOUSA;67,35;93,4;82,65
251630;SUME;24,43;79,64;76,34
251640;TACIMA;12,22;64,89;67,86
251650;TAPEROA;59,08;66,23;60,86
251660;TAVARES;27,03;59,06;53,82
251670;TEIXEIRA;33,3;69,57;63,1
251675;TENORIO;2,49;1,83;60,55
251680;TRIUNFO;23,89;75,37;45,73
251690;UIRAUNA;57,38;84,41;72,74
251700;UMBUZEIRO;31,56;23,9;48,15
251710;VARZEA;68,47;79,15;74,12
251720;VIEIROPOLIS;1,76;69,56;39,05
251740;ZABELE;53,35;80,03;74,22
260005;ABREU E LIMA;44,55;96,57;94,09
260010;AFOGADOS DA INGAZEIRA;72,94;84,92;78,79
260020;AFRANIO;25,54;43,04;34,61
260030;AGRESTINA;68,31;82,68;83,44
260040;AGUA PRETA;43,26;77,8;57,4
260050;AGUAS BELAS;31,36;65,39;56,92
260060;ALAGOINHA;49,55;38,3;66,47
260070;ALIANCA;56,05;88,99;79,93
260080;ALTINHO;54,78;66,1;59,09
260090;AMARAJI;51,87;86,88;69,96
260100;ANGELIM;55,5;74,85;62,24
260105;ARACOIABA;9,57;80,12;65,91
260110;ARARIPINA;48;57,12;61,09
260120;ARCOVERDE;87,69;88,63;89,73
260130;BARRA DE GUABIRABA;74,38;95,85;90,01
260140;BARREIROS;45,43;82,06;73,36
260150;BELEM DE MARIA;44,07;66,87;71,16
260160;BELEM DE SAO FRANCISCO;43,6;65,45;54,69
260170;BELO JARDIM;72,25;88,92;87,24
260180;BETANIA;34,5;70,46;32,96
260190;BEZERROS;74,14;83,81;84,58
260200;BODOCO;26,56;47,85;41,18
260210;BOM CONSELHO;56,86;68,93;70,21
260220;BOM JARDIM;22,74;68,62;40,32
260230;BONITO;67,91;88,36;77,72
260240;BREJAO;31,18;83,9;44,82
260250;BREJINHO;47,92;50,4;63,03
260260;BREJO DA MADRE DE DEUS;57,11;54,9;77,75
260270;BUENOS AIRES;15,3;83,65;63,36
260280;BUIQUE;32,81;49,8;45,02
260290;CABO DE SANTO AGOSTINHO;50,88;94,59;92,29
260300;CABROBO;65,07;79,12;63,72
260310;CACHOEIRINHA;73,58;68,18;80,6
260320;CAETES;26,71;26,91;31,82
260330;CALCADO;43,67;46,16;50,56
260340;CALUMBI;46,94;81,56;32,02
260345;CAMARAGIBE;41,12;95,27;94,77
260350;CAMOCIM DE SAO FELIX;76,02;88,55;89,65
260360;CAMUTANGA;28,36;89,45;72,21
260370;CANHOTINHO;56,37;78,6;60,23
260380;CAPOEIRAS;34,46;38,87;37,78
260390;CARNAIBA;43,44;60,89;51,5
260392;CARNAUBEIRA DA PENHA;15,91;42,11;16,91
260400;CARPINA;15,43;90,13;84,46
260410;CARUARU;81,97;89,21;95,53
260415;CASINHAS;12,17;23,16;20,74
260420;CATENDE;64,27;84,24;74,77
260430;CEDRO;57,37;65,57;62,23
260440;CHA DE ALEGRIA;19,55;70,63;80,8
260450;CHA GRANDE;46,08;76,02;66,49
260460;CONDADO;3,89;79,41;93,75
260470;CORRENTES;48,46;77,69;63,78
260480;CORTES;55,6;82,16;76,89
260490;CUMARU;21,39;32,13;46,68
260500;CUPIRA;81,27;86,28;90,42
260510;CUSTODIA;53,31;61,54;51,99
260515;DORMENTES;73,02;49,97;28,04
260520;ESCADA;38,47;88,13;76,47
260530;EXU;17,62;51,59;49,11
260540;FEIRA NOVA;21,8;72,18;80,56
260545;FERNANDO DE NORONHA;81,36;99,32;100
260550;FERREIROS;50,19;84,48;82,13
260560;FLORES;33,48;57,55;43,54
260570;FLORESTA;42,14;66,79;64,22
260580;FREI MIGUELINHO;13,67;33,96;52,08
260590;GAMELEIRA;54,56;70,37;65,2
260600;GARANHUNS;53,8;90,06;89,09
260610;GLORIA DO GOITA;35,65;58,04;62,44
260620;GOIANA;34,47;85,85;84,99
260630;GRANITO;30,42;58,19;50,12
260640;GRAVATA;66,15;87,35;84,82
260650;IATI;37,76;52,34;50,52
260660;IBIMIRIM;35,12;63,33;65,06
260670;IBIRAJUBA;48,7;48,69;58,5
260680;IGARASSU;20,48;91,49;85,51
260690;IGUARACY;37,48;63;51,03
260700;INAJA;27,09;52,01;39,44
260710;INGAZEIRA;43,65;60,39;46,12
260720;IPOJUCA;51,32;81,19;84,1
260730;IPUBI;21,82;45,3;61,32
260740;ITACURUBA;82,93;85,38;85,46
260750;ITAIBA;33,22;58,64;44,9
260760;ILHA DE ITAMARACA;20,31;86,45;69,95
260765;ITAMBE;18,78;92,12;88,45
260770;ITAPETIM;54,06;66,28;65,17
260775;ITAPISSUMA;25,37;89,87;93,24
260780;ITAQUITINGA;9,63;77,26;86,78
260790;JABOATAO DOS GUARARAPES;46,75;92,41;94,03
260795;JAQUEIRA;34,23;62,56;56,78
260800;JATAUBA;56,47;31,09;50,6
260805;JATOBA;70,27;77,95;67,71
260810;JOAO ALFREDO;17,67;63,54;45,43
260820;JOAQUIM NABUCO;51,55;77,56;71,52
260825;JUCATI;49,35;47,07;47,23
260830;JUPI;52,58;44,72;66,55
260840;JUREMA;65,21;77,25;67,02
260845;LAGOA DO CARRO;10,23;65,59;74,41
260850;LAGOA DE ITAENGA;15,17;73,89;81,87
260860;LAGOA DO OURO;53,44;92,12;54,62
260870;LAGOA DOS GATOS;47,52;63,75;58,33
260875;LAGOA GRANDE;40,54;76,41;66,97
260880;LAJEDO;65,24;81,58;82,14
260890;LIMOEIRO;46,19;72,74;84,14
260900;MACAPARANA;62,08;91,93;70,02
260910;MACHADOS;23,57;79,83;58,55
260915;MANARI;5,71;30,95;30,23
260920;MARAIAL;22,07;73,85;70,39
260930;MIRANDIBA;56,08;67,01;57,67
260940;MORENO;52,66;91,34;78,41
260950;NAZARE DA MATA;78,04;86,3;85,8
260960;OLINDA;57,95;97,51;96,42
260970;OROBO;21,9;53,87;48,64
260980;OROCO;38,87;84,23;49,59
260990;OURICURI;61,06;60,18;45,64
261000;PALMARES;57,42;88,52;80,33
261010;PALMEIRINA;54,03;73,76;69,47
261020;PANELAS;57,83;62,99;61,65
261030;PARANATAMA;4,74;42,28;34,01
261040;PARNAMIRIM;36,26;57,61;39,59
261050;PASSIRA;17,68;63,85;58,6
261060;PAUDALHO;32,08;81,26;64,67
261070;PAULISTA;61,51;98,07;91,04
261080;PEDRA;43,61;60,29;54,54
261090;PESQUEIRA;63,49;71,5;72,7
261100;PETROLANDIA;70,43;90,13;72,27
261110;PETROLINA;73,92;92,03;88,69
261120;POCAO;46,77;53,8;63,81
261130;POMBOS;67,06;70,64;65,46
261140;PRIMAVERA;45,57;68,62;67,91
261150;QUIPAPA;50,59;78,48;59,07
261153;QUIXABA;28,99;50,78;42,46
261160;RECIFE;70,58;97,5;97,86
261170;RIACHO DAS ALMAS;50,67;49,95;53,16
261180;RIBEIRAO;66,81;88,59;80,08
261190;RIO FORMOSO;34,7;81,68;60,27
261200;SAIRE;29,85;74,78;58,9
261210;SALGADINHO;13,08;44,47;33,1
261220;SALGUEIRO;64,16;87,64;81,76
261230;SALOA;38,02;54,79;54,27
261240;SANHARO;52,2;81,06;71,01
261245;SANTA CRUZ;27,64;41,67;32,3
261247;SANTA CRUZ DA BAIXA VERDE;45,67;65,79;52,93
261250;SANTA CRUZ DO CAPIBARIBE;87,6;79,68;95,68
261255;SANTA FILOMENA;9,15;36,57;29,47
261260;SANTA MARIA DA BOA VISTA;41,32;76,59;36,18
261270;SANTA MARIA DO CAMBUCA;24,57;33,56;42,56
261280;SANTA TEREZINHA;52,46;69,63;63,76
261290;SAO BENEDITO DO SUL;24,36;65,47;57,13
261300;SAO BENTO DO UNA;48,05;58,05;59,26
261310;SAO CAITANO;51,33;66,51;76,4
261320;SAO JOAO;26,93;62,37;48,08
261330;SAO JOAQUIM DO MONTE;67,13;81,57;75,62
261340;SAO JOSE DA COROA GRANDE;5,19;88,52;83,88
261350;SAO JOSE DO BELMONTE;35,96;68,29;56,29
261360;SAO JOSE DO EGITO;64,55;76,41;66,9
261370;SAO LOURENCO DA MATA;38,89;88,47;82,51
261380;SAO VICENTE FERRER;56,55;68,83;65,4
261390;SERRA TALHADA;71,84;83,64;70,92
261400;SERRITA;35,79;47;37,91
261410;SERTANIA;59,15;64,92;62,07
261420;SIRINHAEM;34,33;79,36;74,99
261430;MOREILANDIA;12,48;65,13;57,03
261440;SOLIDAO;36,89;42,52;38,9
261450;SURUBIM;58,83;82,12;76,72
261460;TABIRA;72,11;75,86;78,11
261470;TACAIMBO;54,46;51,97;60,29
261480;TACARATU;22,15;43,09;42,5
261485;TAMANDARE;19,35;82,97;72,43
261500;TAQUARITINGA DO NORTE;44,16;44,38;81,12
261510;TEREZINHA;57,16;54,4;44,3
261520;TERRA NOVA;47,67;77,7;60,1
261530;TIMBAUBA;67,59;83,87;88,79
261540;TORITAMA;79,92;80,18;96,82
261550;TRACUNHAEM;24,07;79,13;80,23
261560;TRINDADE;44,18;85,71;74,36
261570;TRIUNFO;21,77;65,93;56,35
261580;TUPANATINGA;32,73;45,89;38,04
261590;TUPARETAMA;60,65;81,29;79,28
261600;VENTUROSA;56,54;60,94;66,18
261610;VERDEJANTE;41,3;75,41;38,99
261618;VERTENTE DO LERIO;15,71;2,38;41,86
261620;VERTENTES;39,81;62,58;71,95
261630;VICENCIA;58,8;89,32;69,52
261640;VITORIA DE SANTO ANTAO;64,43;83,69;87,57
261650;XEXEU;56,08;87,8;76,05
270010;AGUA BRANCA;29,88;61,78;36,32
270020;ANADIA;19,07;61,62;81,66
270030;ARAPIRACA;19,21;94,67;91,27
270040;ATALAIA;24,29;82,49;76,75
270050;BARRA DE SANTO ANTONIO;23,61;91,16;88,03
270060;BARRA DE SAO MIGUEL;53,92;90,49;94,72
270070;BATALHA;21,48;70,94;63,6
270080;BELEM;18,27;62,17;58,86
270090;BELO MONTE;35,71;40,14;29,74
270100;BOCA DA MATA;66,35;87,43;85,58
270110;BRANQUINHA;36,64;81,88;61,38
270120;CACIMBINHAS;0,27;21,47;55,78
270130;CAJUEIRO;9,81;90,12;79,37
270135;CAMPESTRE;57,2;85,25;75,48
270140;CAMPO ALEGRE;23,32;67,11;96,71
270150;CAMPO GRANDE;7,61;84,83;51,73
270160;CANAPI;6,11;28,02;34,13
270170;CAPELA;56,43;84,91;78,89
270180;CARNEIROS;0,24;60,09;56,56
270190;CHA PRETA;6,11;91,37;62,68
270200;COITE DO NOIA;1,75;43,62;34,43
270210;COLONIA LEOPOLDINA;68,18;74,62;80,54
270220;COQUEIRO SECO;15,02;89,52;87,62
270230;CORURIPE;16,68;91,82;87,8
270235;CRAIBAS;7,46;63,6;49,63
270240;DELMIRO GOUVEIA;73,93;90,47;88,05
270250;DOIS RIACHOS;0,82;34,56;52,95
270255;ESTRELA DE ALAGOAS;6,35;33,69;24,18
270260;FEIRA GRANDE;7,74;77,69;32,58
270270;FELIZ DESERTO;1,5;32,7;88,93
270280;FLEXEIRAS;57,05;66,76;63,05
270290;GIRAU DO PONCIANO;2,43;50,24;42,74
270300;IBATEGUARA;58,86;82,28;83,68
270310;IGACI;6,06;48,49;42,79
270320;IGREJA NOVA;6,95;80,07;39,41
270330;INHAPI;13,79;42,16;46,74
270340;JACARE DOS HOMENS;6,43;81,42;75,85
270350;JACUIPE;26,77;68,66;63,69
270360;JAPARATINGA;12,04;79,03;57,81
270370;JARAMATAIA;1,29;64,73;65,52
270375;JEQUIA DA PRAIA;2,05;87,62;76,77
270380;JOAQUIM GOMES;15,69;73,62;58,91
270390;JUNDIA;4,18;77,94;65,75
270400;JUNQUEIRO;1,15;91,27;59,11
270410;LAGOA DA CANOA;5,3;75,33;62,13
270420;LIMOEIRO DE ANADIA;11,6;71,72;46,08
270430;MACEIO;48,42;80,44;97,63
270440;MAJOR ISIDORO;23,97;43,93;53,69
270450;MARAGOGI;38,24;75,43;65,4
270460;MARAVILHA;13,61;46,19;52,47
270470;MARECHAL DEODORO;28,39;97,24;92,39
270480;MARIBONDO;69,28;64,59;83,05
270490;MAR VERMELHO;15,99;74,28;51,93
270500;MATA GRANDE;21,79;43,05;32,42
270510;MATRIZ DE CAMARAGIBE;9,81;84,98;87,29
270520;MESSIAS;31,81;90,41;88,62
270530;MINADOR DO NEGRAO;0,75;32,95;42,48
270540;MONTEIROPOLIS;0,89;61,09;58,73
270550;MURICI;66,93;77;75
270560;NOVO LINO;35,21;73,43;43,86
270570;OLHO D'AGUA DAS FLORES;2,29;84,25;76,41
270580;OLHO D'AGUA DO CASADO;12,86;69,65;56,79
270590;OLHO D'AGUA GRANDE;0,69;50,66;25,48
270600;OLIVENCA;0,76;45,1;43,89
270610;OURO BRANCO;3,02;37,82;60,63
270620;PALESTINA;5,58;82,31;81,91
270630;PALMEIRA DOS INDIOS;13,75;80,3;69,14
270640;PAO DE ACUCAR;19,12;76,86;66,11
270642;PARICONHA;3,96;61,52;59,13
270644;PARIPUEIRA;12,89;92,48;82,15
270650;PASSO DE CAMARAGIBE;3,09;75,59;70,89
270660;PAULO JACINTO;11,27;84,47;81,01
270670;PENEDO;31,11;95,07;86,69
270680;PIACABUCU;42,11;84,15;92,28
270690;PILAR;26,84;90,02;95
270700;PINDOBA;0,27;85,15;58,09
270710;PIRANHAS;51,79;71,92;79,2
270720;POCO DAS TRINCHEIRAS;2,82;23,79;35,38
270730;PORTO CALVO;16,07;86,25;80,12
270740;PORTO DE PEDRAS;4,63;72,2;45,89
270750;PORTO REAL DO COLEGIO;38,65;71,37;42,83
270760;QUEBRANGULO;12,48;76,59;64,39
270770;RIO LARGO;34,33;77,66;86,88
270780;ROTEIRO;6,9;87,83;70,94
270790;SANTA LUZIA DO NORTE;3,2;71,35;93,06
270800;SANTANA DO IPANEMA;6,3;71,05;67,32
270810;SANTANA DO MUNDAU;7,12;78,5;50,48
270820;SAO BRAS;15,14;89,74;82,01
270830;SAO JOSE DA LAJE;68,98;87,25;66,66
270840;SAO JOSE DA TAPERA;4,61;48,62;49,06
270850;SAO LUIS DO QUITUNDE;13,61;52,48;64,13
270860;SAO MIGUEL DOS CAMPOS;63,64;96,17;96,82
270870;SAO MIGUEL DOS MILAGRES;7,73;91,14;67,56
270880;SAO SEBASTIAO;1,95;78,04;44,79
270890;SATUBA;72,2;88,46;97,65
270895;SENADOR RUI PALMEIRA;6,51;25,57;40,71
270900;TANQUE D'ARCA;2,79;68,02;55,63
270910;TAQUARANA;9,41;74,19;44
270915;TEOTONIO VILELA;47,49;83,77;91,23
270920;TRAIPU;10,29;37,18;28,55
270930;UNIAO DOS PALMARES;65,3;90,59;79,58
270940;VICOSA;31,9;83,52;79,27
280010;AMPARO DE SAO FRANCISCO;18,62;80,65;79,47
280020;AQUIDABA;37,11;88,82;73,8
280030;ARACAJU;87,82;99,4;99,03
280040;ARAUA;12,8;80,1;65,01
280050;AREIA BRANCA;9,01;85,15;81,53
280060;BARRA DOS COQUEIROS;63,6;96,04;95,53
280067;BOQUIM;0,94;86,91;73,85
280070;BREJO GRANDE;1,28;74,77;62,83
280100;CAMPO DO BRITO;15,52;88,94;82,06
280110;CANHOBA;4,12;86,88;45,88
280120;CANINDE DE SAO FRANCISCO;45,87;79,23;79,67
280130;CAPELA;14,21;90,38;60,58
280140;CARIRA;16,57;69,26;67,58
280150;CARMOPOLIS;82,87;99,04;97,89
280160;CEDRO DE SAO JOAO;40,86;96,57;97,64
280170;CRISTINAPOLIS;2,01;87,97;58,57
280190;CUMBE;11,47;94,86;79,11
280200;DIVINA PASTORA;12,37;84,19;91,93
280210;ESTANCIA;18,12;92,31;81,78
280220;FEIRA NOVA;22,99;89,31;68,14
280230;FREI PAULO;9,16;84,73;86,48
280240;GARARU;28,96;73,65;38,73
280250;GENERAL MAYNARD;38,09;89,69;88,21
280260;GRACHO CARDOSO;23,55;91,36;53,2
280270;ILHA DAS FLORES;12,13;85,63;90,47
280280;INDIAROBA;2,62;80,33;55,73
280290;ITABAIANA;59,48;91,31;89,81
280300;ITABAIANINHA;42,76;75,94;66,52
280310;ITABI;25,99;92,34;72,48
280320;ITAPORANGA D'AJUDA;23,14;78,4;65,72
280330;JAPARATUBA;8,23;81,96;80,49
280340;JAPOATA;2,51;74,61;57,21
280350;LAGARTO;28,64;81,83;76,98
280360;LARANJEIRAS;34,93;85,89;91,87
280370;MACAMBIRA;40,04;68,65;67,67
280380;MALHADA DOS BOIS;10,77;96,66;85,58
280390;MALHADOR;4,16;88,62;81,27
280400;MARUIM;58,29;83,69;89,25
280410;MOITA BONITA;27,51;69,15;67,42
280420;MONTE ALEGRE DE SERGIPE;46,33;75,25;60,06
280430;MURIBECA;15,01;93,41;81,09
280440;NEOPOLIS;22,85;75,13;74,75
280445;NOSSA SENHORA APARECIDA;41,43;91,2;63,2
280450;NOSSA SENHORA DA GLORIA;34,94;90,52;72,3
280460;NOSSA SENHORA DAS DORES;8,25;89,21;67,26
280470;NOSSA SENHORA DE LOURDES;14,53;91,41;82,48
280480;NOSSA SENHORA DO SOCORRO;61,55;97,54;94,23
280490;PACATUBA;8,92;63,54;23,52
280500;PEDRA MOLE;48,39;85,05;63,57
280510;PEDRINHAS;14,83;85,21;79,45
280520;PINHAO;39,34;65,4;62,83
280530;PIRAMBU;14,97;90,35;69,84
280540;POCO REDONDO;42,62;73,96;51,63
280550;POCO VERDE;45,24;75,96;65,31
280560;PORTO DA FOLHA;37,88;79,7;68,32
280570;PROPRIA;74,31;93,54;95,32
280580;RIACHAO DO DANTAS;4,11;61,81;47,25
280590;RIACHUELO;58,6;81,97;89,04
280600;RIBEIROPOLIS;56,76;82,49;81,01
280610;ROSARIO DO CATETE;40,82;83,68;95,34
280620;SALGADO;2,03;80,84;49,24
280630;SANTA LUZIA DO ITANHY;13,66;72,67;48,56
280640;SANTANA DO SAO FRANCISCO;55,08;83,32;93,68
280650;SANTA ROSA DE LIMA;13,99;88,03;88,51
280660;SANTO AMARO DAS BROTAS;8,05;89,04;74,92
280670;SAO CRISTOVAO;38,63;93,22;81,1
280680;SAO DOMINGOS;1,35;97,4;75,97
280690;SAO FRANCISCO;6,78;88,7;94,01
280700;SAO MIGUEL DO ALEIXO;38,95;67,23;50,48
280710;SIMAO DIAS;49,04;58,28;67,3
280720;SIRIRI;28,07;82,2;55,85
280730;TELHA;68,34;91,76;95,46
280740;TOBIAS BARRETO;65,28;79,29;80,23
280750;TOMAR DO GERU;4,81;71,71;51,95
280760;UMBAUBA;1,16;90,72;81,16
290010;ABAIRA;13,01;91,69;54,86
290020;ABARE;46,25;77,56;54,33
290030;ACAJUTIBA;8,55;95,78;57,49
290035;ADUSTINA;25,01;54,14;44,98
290040;AGUA FRIA;2,59;52,85;42,08
290050;ERICO CARDOSO;0,64;77,19;30,54
290060;AIQUARA;62,84;75,28;70,12
290070;ALAGOINHAS;55,78;95,22;88,81
290080;ALCOBACA;31,82;81,55;56,83
290090;ALMADINA;71,49;90,56;78,08
290100;AMARGOSA;22,16;86,97;73,13
290110;AMELIA RODRIGUES;10,33;87,81;80,48
290115;AMERICA DOURADA;2,77;84,27;71,61
290120;ANAGE;20;34,19;23,69
290130;ANDARAI;13,95;70;59,78
290135;ANDORINHA;35,95;64,54;51,05
290140;ANGICAL;19,28;43,06;44,62
290150;ANGUERA;26,3;61,68;52,8
290160;ANTAS;52,2;85,66;71,41
290170;ANTONIO CARDOSO;12,84;61,7;30,45
290180;ANTONIO GONCALVES;12,84;82,1;54,5
290190;APORA;1,1;89,64;44,63
290195;APUAREMA;43,55;79,67;70,73
290200;ARACATU;1,26;39,73;29,21
290205;ARACAS;2,79;90,8;55,34
290210;ARACI;34,69;48,98;46,88
290220;ARAMARI;8,48;73,38;50,77
290225;ARATACA;18;79,53;65,37
290230;ARATUIPE;21,81;79,86;60,65
290240;AURELINO LEAL;50,78;82,9;74,73
290250;BAIANOPOLIS;10,7;89,4;20,96
290260;BAIXA GRANDE;36,69;51,63;53,49
290265;BANZAE;18,82;97,56;74,89
290270;BARRA;17,56;72,35;53,95
290280;BARRA DA ESTIVA;50,51;80,18;55,17
290290;BARRA DO CHOCA;29,11;84,74;81,65
290300;BARRA DO MENDES;2,43;83,03;51,74
290310;BARRA DO ROCHA;54,68;79,98;61,17
290320;BARREIRAS;35,15;92,31;90,77
290323;BARRO ALTO;7,16;94,61;52,2
290327;BARROCAS;27,65;75,69;67,09
290330;BARRO PRETO;71,99;88,79;75,42
290340;BELMONTE;57,38;88,68;80,66
290350;BELO CAMPO;2,47;64,56;56,35
290360;BIRITINGA;16,79;87,91;30,58
290370;BOA NOVA;34,85;71,59;51,51
290380;BOA VISTA DO TUPIM;5,63;60,35;59,26
290390;BOM JESUS DA LAPA;37,52;79,72;62,27
290395;BOM JESUS DA SERRA;1,48;35,18;29,23
290400;BONINAL;16,19;86,62;38,71
290405;BONITO;6,62;91,14;68,6
290410;BOQUIRA;3,36;61,36;39,94
290420;BOTUPORA;32,78;52,31;41,89
290430;BREJOES;32,03;75,54;69,88
290440;BREJOLANDIA;1,18;42,41;30,45
290450;BROTAS DE MACAUBAS;22,6;35,51;47,26
290460;BRUMADO;63,39;78,07;74,06
290470;BUERAREMA;65,84;91,84;78,74
290475;BURITIRAMA;3,55;57,59;42,31
290480;CAATIBA;59,47;78,35;62,96
290485;CABACEIRAS DO PARAGUACU;6,35;65,71;36,03
290490;CACHOEIRA;52,51;82,73;67,09
290500;CACULE;18,62;87,93;63,9
290510;CAEM;8,66;61,23;54,58
290515;CAETANOS;10,5;6,88;27,32
290520;CAETITE;34,76;69,55;59,95
290530;CAFARNAUM;4,71;80,76;63,89
290540;CAIRU;45,47;94,37;95,94
290550;CALDEIRAO GRANDE;7,6;76,85;64,62
290560;CAMACAN;74,57;85,28;82,7
290570;CAMACARI;65,33;96,46;93,75
290580;CAMAMU;33,42;84,08;63,58
290590;CAMPO ALEGRE DE LOURDES;5,84;5,9;25,26
290600;CAMPO FORMOSO;13,26;67,07;55,33
290610;CANAPOLIS;19,73;84,46;45,71
290620;CANARANA;1,57;79,55;61,62
290630;CANAVIEIRAS;55,3;87,8;79,15
290640;CANDEAL;0,67;59,5;43,76
290650;CANDEIAS;74,09;96,01;87,77
290660;CANDIBA;1,14;76,3;59,92
290670;CANDIDO SALES;7,78;68,2;68,98
290680;CANSANCAO;32,48;60,6;29,85
290682;CANUDOS;17,56;66,09;53,91
290685;CAPELA DO ALTO ALEGRE;32,51;72,12;73,98
290687;CAPIM GROSSO;12,16;89,28;89,12
290689;CARAIBAS;3,99;34,36;24,91
290690;CARAVELAS;24,72;84,4;75,54
290700;CARDEAL DA SILVA;16,51;77,18;69,64
290710;CARINHANHA;6,16;70,13;53,54
290720;CASA NOVA;38,14;61,76;55,07
290730;CASTRO ALVES;56,83;72,4;61,77
290740;CATOLANDIA;10,41;67,85;33,47
290750;CATU;71,02;93,48;82,45
290755;CATURAMA;16,93;60,21;37,3
290760;CENTRAL;9,95;86,02;49,09
290770;CHORROCHO;28,41;54,11;43,67
290780;CICERO DANTAS;44,25;81,56;60,01
290790;CIPO;6,43;83,31;71,76
290800;COARACI;83,77;90,98;90,22
290810;COCOS;3,24;61,65;48,18
290820;CONCEICAO DA FEIRA;5,81;88,84;71,72
290830;CONCEICAO DO ALMEIDA;29,35;63,54;54,37
290840;CONCEICAO DO COITE;32,01;76,08;74,63
290850;CONCEICAO DO JACUIPE;6,79;87,93;86,23
290860;CONDE;13,48;75,73;58,68
290870;CONDEUBA;8,63;74,01;46,46
290880;CONTENDAS DO SINCORA;11,58;67,81;50,78
290890;CORACAO DE MARIA;4,03;61,19;42,51
290900;CORDEIROS;0,5;72,95;37,22
290910;CORIBE;2,96;83,18;50,12
290920;CORONEL JOAO SA;30,81;54,41;49,89
290930;CORRENTINA;17,35;62,36;51,61
290940;COTEGIPE;5,83;64,71;44,66
290950;CRAVOLANDIA;60,04;84,36;72,88
290960;CRISOPOLIS;6,43;80,31;44,91
290970;CRISTOPOLIS;19,92;81,82;32,55
290980;CRUZ DAS ALMAS;17,76;95,78;83,91
290990;CURACA;37,21;67,09;43,97
291000;DARIO MEIRA;48,5;82,91;57,68
291005;DIAS D'AVILA;60,07;95,11;89,47
291010;DOM BASILIO;0,44;61,73;22,39
291020;DOM MACEDO COSTA;6,78;78,54;53,01
291030;ELISIO MEDRADO;0,94;82,56;40,73
291040;ENCRUZILHADA;20,39;72,08;57,51
291050;ENTRE RIOS;11,39;84,11;77,59
291060;ESPLANADA;14,19;88,76;65,48
291070;EUCLIDES DA CUNHA;12,04;84;52,83
291072;EUNAPOLIS;38,7;95,91;94,7
291075;FATIMA;45,82;74,54;56,75
291077;FEIRA DA MATA;2,29;66,41;48,4
291080;FEIRA DE SANTANA;60,58;95,87;93,06
291085;FILADELFIA;9,71;78,57;63,6
291090;FIRMINO ALVES;74,16;72,91;88,76
291100;FLORESTA AZUL;70,26;88,82;78,88
291110;FORMOSA DO RIO PRETO;3,32;73,62;57,34
291120;GANDU;54,8;88,01;77,65
291125;GAVIAO;14,76;72,62;59,26
291130;GENTIO DO OURO;2,62;79,27;41,93
291140;GLORIA;19,6;61,35;27,32
291150;GONGOGI;63,09;74,52;71,26
291160;GOVERNADOR MANGABEIRA;7,98;88,15;43,39
291165;GUAJERU;1,05;50,65;22,19
291170;GUANAMBI;53,06;86,59;79,22
291180;GUARATINGA;42,36;83,4;60,7
291185;HELIOPOLIS;8,2;87,07;55,73
291190;IACU;28,76;79,69;74,98
291200;IBIASSUCE;2,39;90,78;53,43
291210;IBICARAI;63,99;93,58;89,24
291220;IBICOARA;17,66;83,08;77,17
291230;IBICUI;62,07;78,5;74,98
291240;IBIPEBA;6,71;86,5;51,77
291250;IBIPITANGA;1,96;64,48;40,37
291260;IBIQUERA;7,79;53,21;50,72
291270;IBIRAPITANGA;47,98;79,88;64,71
291280;IBIRAPUA;49,39;85,45;63,36
291290;IBIRATAIA;71,61;90,79;81,18
291300;IBITIARA;15,81;70,09;36,56
291310;IBITITA;1,5;93,83;64,45
291320;IBOTIRAMA;30,56;82,88;75
291330;ICHU;1,09;69,71;63,21
291340;IGAPORA;21,42;73,84;54,18
291345;IGRAPIUNA;25,72;66,46;50,25
291350;IGUAI;57,76;81,36;61,14
291360;ILHEUS;66,5;90,92;84,18
291370;INHAMBUPE;32,05;78,44;49,8
291380;IPECAETA;4,69;61,54;20,46
291390;IPIAU;66,63;93,49;90,77
291400;IPIRA;51,24;62,02;59,78
291410;IPUPIARA;1,94;79,23;73,04
291420;IRAJUBA;3,22;63,61;61,48
291430;IRAMAIA;1,39;58,72;47,92
291440;IRAQUARA;10,05;76,98;36,02
291450;IRARA;2,75;58,36;43,22
291460;IRECE;29,15;98,97;94,02
291465;ITABELA;4,29;95,16;89,04
291470;ITABERABA;69,01;86,84;78,8
291480;ITABUNA;81,7;95,36;92,77
291490;ITACARE;39,26;79,17;58,35
291500;ITAETE;9,36;77,57;51,78
291510;ITAGI;56,84;86,32;76,53
291520;ITAGIBA;64,72;86,23;71,54
291530;ITAGIMIRIM;76,64;93,21;85,28
291535;ITAGUACU DA BAHIA;10,77;85,1;42,76
291540;ITAJU DO COLONIA;67,89;77,98;76,74
291550;ITAJUIPE;59,5;91,03;86,01
291560;ITAMARAJU;55,79;92,76;79,51
291570;ITAMARI;41,6;83,37;73,4
291580;ITAMBE;83,54;85,36;83,62
291590;ITANAGRA;21,11;79,96;63,77
291600;ITANHEM;65,68;89,74;72,97
291610;ITAPARICA;48;91,6;78,14
291620;ITAPE;60,17;77,37;78,27
291630;ITAPEBI;5,37;88,15;76,51
291640;ITAPETINGA;92,36;96,03;96,4
291650;ITAPICURU;11,85;78,72;37,57
291660;ITAPITANGA;77,54;84,01;79,39
291670;ITAQUARA;61,92;85,21;71,53
291680;ITARANTIM;75,08;88,31;80,13
291685;ITATIM;2,59;86,34;72,99
291690;ITIRUCU;52,27;86,44;83,73
291700;ITIUBA;21,28;53,33;42,6
291710;ITORORO;71,91;90,3;82,65
291720;ITUACU;8,27;54,7;41,3
291730;ITUBERA;37,94;69,79;76,5
291733;IUIU;13,19;57,76;62,72
291735;JABORANDI;46,05;76,8;43,53
291740;JACARACI;6,47;88,42;40,7
291750;JACOBINA;54,57;85,24;86,21
291760;JAGUAQUARA;29,87;87,55;79,33
291770;JAGUARARI;58,72;80,59;68,5
291780;JAGUARIPE;8,4;80,39;42,65
291790;JANDAIRA;3,82;77,02;63,87
291800;JEQUIE;78,1;92,69;90,83
291810;JEREMOABO;33,36;65,38;52,95
291820;JIQUIRICA;30,34;58,24;43,89
291830;JITAUNA;50,75;74,03;71,58
291835;JOAO DOURADO;4,55;93,07;77,12
291840;JUAZEIRO;65,21;91,06;83,7
291845;JUCURUCU;37,12;72,63;44,88
291850;JUSSARA;2,94;92,58;58,94
291855;JUSSARI;66,52;88,46;79,61
291860;JUSSIAPE;21,67;86,61;38,96
291870;LAFAIETE COUTINHO;39,58;73,46;70,47
291875;LAGOA REAL;5,62;46,3;22,53
291880;LAJE;25,74;77,27;40,63
291890;LAJEDAO;67,65;92,18;64,86
291900;LAJEDINHO;20,56;61,22;32,68
291905;LAJEDO DO TABOCAL;0,66;83,59;64,55
291910;LAMARAO;21,5;42,7;18,97
291915;LAPAO;10,67;93,12;57,58
291920;LAURO DE FREITAS;80,89;98,96;98,75
291930;LENCOIS;56,2;82,57;74,1
291940;LICINIO DE ALMEIDA;4,6;72;54,23
291950;LIVRAMENTO DE NOSSA SENHORA;32,58;72,62;49,61
291955;LUIS EDUARDO MAGALHAES;18,16;93,82;96,5
291960;MACAJUBA;43,86;63,93;64,29
291970;MACARANI;78,17;88,93;82,74
291980;MACAUBAS;27,01;89,63;41,86
291990;MACURURE;1;54,06;14,83
291992;MADRE DE DEUS;91,98;99,71;99,33
291995;MAETINGA;24,92;56,61;40,72
292000;MAIQUINIQUE;75,07;83,26;75,93
292010;MAIRI;54,02;65,27;66,43
292020;MALHADA;15,29;68,93;57,9
292030;MALHADA DE PEDRAS;10,02;48,1;38,93
292040;MANOEL VITORINO;3,17;57,3;53,73
292045;MANSIDAO;3,04;56,21;35,7
292050;MARACAS;9,62;78,26;75,61
292060;MARAGOGIPE;40,91;82,72;61,7
292070;MARAU;20,05;70,81;46,57
292080;MARCIONILIO SOUZA;13,89;70,91;61,68
292090;MASCOTE;44,3;83,99;75,16
292100;MATA DE SAO JOAO;42,93;88,39;83,32
292105;MATINA;3,25;65,57;33,47
292110;MEDEIROS NETO;35,32;89,36;77,28
292120;MIGUEL CALMON;41,98;83,77;59,41
292130;MILAGRES;5,23;85,44;77,17
292140;MIRANGABA;18,82;66,73;49,6
292145;MIRANTE;21,96;25,7;22,82
292150;MONTE SANTO;12,04;28,17;30,67
292160;MORPARA;4,56;70,04;61,26
292170;MORRO DO CHAPEU;9,6;74,89;59,43
292180;MORTUGABA;1,83;83,83;50,76
292190;MUCUGE;37,57;78,5;49,8
292200;MUCURI;30,86;89,26;85,17
292205;MULUNGU DO MORRO;0,51;23,44;47,65
292210;MUNDO NOVO;37,79;74,3;72,9
292220;MUNIZ FERREIRA;26,42;76,97;68,12
292225;MUQUEM DE SAO FRANCISCO;16,24;78,75;30,77
292230;MURITIBA;14,95;91,74;68,96
292240;MUTUIPE;49,31;70,39;48,93
292250;NAZARE;53,81;85,53;82,65
292260;NILO PECANHA;32,4;68,17;56,86
292265;NORDESTINA;3,91;48,2;37,68
292270;NOVA CANAA;46,75;65,8;50,42
292273;NOVA FATIMA;63,91;86,13;79,78
292275;NOVA IBIA;35,96;76,51;41,99
292280;NOVA ITARANA;6,53;77,05;73
292285;NOVA REDENCAO;10,28;77,54;66,23
292290;NOVA SOURE;1,32;84,57;53,89
292300;NOVA VICOSA;19,09;93,75;81,47
292303;NOVO HORIZONTE;10,55;78,82;33,92
292305;NOVO TRIUNFO;55,13;71,54;60,19
292310;OLINDINA;51,24;86,88;58,49
292320;OLIVEIRA DOS BREJINHOS;12,88;86,7;43,95
292330;OURICANGAS;15,1;92,18;40,71
292335;OUROLANDIA;18,63;68,87;66,73
292340;PALMAS DE MONTE ALTO;16,53;63,34;44,1
292350;PALMEIRAS;29,66;87,79;73,33
292360;PARAMIRIM;38,71;81,24;54,07
292370;PARATINGA;3,16;66,04;33,68
292380;PARIPIRANGA;26,09;33,11;37,71
292390;PAU BRASIL;65,04;75,06;70,78
292400;PAULO AFONSO;83;89,1;86,57
292405;PE DE SERRA;3,13;58,17;58,09
292410;PEDRAO;2,77;54,98;25,25
292420;PEDRO ALEXANDRE;2,83;32,19;29,43
292430;PIATA;5,19;67,41;43,97
292440;PILAO ARCADO;2;44,41;33,98
292450;PINDAI;3,27;59,63;28,99
292460;PINDOBACU;42,25;73,64;76,81
292465;PINTADAS;54,22;61,06;67,94
292467;PIRAI DO NORTE;26,59;75,92;46,45
292470;PIRIPA;4,84;66,44;50,85
292480;PIRITIBA;36,61;83,53;75,86
292490;PLANALTINO;0,67;36,97;49,27
292500;PLANALTO;2,77;73,27;64,22
292510;POCOES;64,6;83,71;81,72
292520;POJUCA;87,2;91,5;90,48
292525;PONTO NOVO;10,38;81,36;75,67
292530;PORTO SEGURO;69,19;87,33;90,52
292540;POTIRAGUA;75,64;89,53;89,63
292550;PRADO;14,7;84,71;69,36
292560;PRESIDENTE DUTRA;6,93;96,11;80,72
292570;PRESIDENTE JANIO QUADROS;31,99;42,14;35,2
292575;PRESIDENTE TANCREDO NEVES;28,13;80,28;47,89
292580;QUEIMADAS;37,91;63,12;61,66
292590;QUIJINGUE;13,15;58,11;42,61
292593;QUIXABEIRA;4,05;74,34;75,66
292595;RAFAEL JAMBEIRO;11,7;58,66;39,86
292600;REMANSO;49,99;65,62;61,25
292610;RETIROLANDIA;17,5;68,95;74,18
292620;RIACHAO DAS NEVES;8,99;65,85;43,6
292630;RIACHAO DO JACUIPE;64,43;79,99;73,15
292640;RIACHO DE SANTANA;5,94;70,53;47,59
292650;RIBEIRA DO AMPARO;1,12;82,33;38,85
292660;RIBEIRA DO POMBAL;27,65;91;70,51
292665;RIBEIRAO DO LARGO;30,72;72,57;54,82
292670;RIO DE CONTAS;22,87;75,52;59,2
292680;RIO DO ANTONIO;16,02;63,56;43,4
292690;RIO DO PIRES;2,89;70,82;51,65
292700;RIO REAL;9,53;87,14;60,77
292710;RODELAS;86,58;95,04;86,3
292720;RUY BARBOSA;53,01;77,42;76,2
292730;SALINAS DA MARGARIDA;11,77;95,67;96,29
292740;SALVADOR;93,12;99,19;96,65
292750;SANTA BARBARA;6,02;69,5;52,54
292760;SANTA BRIGIDA;35,82;53,14;50,02
292770;SANTA CRUZ CABRALIA;49,39;84,56;80,89
292780;SANTA CRUZ DA VITORIA;76,49;84,5;75,69
292790;SANTA INES;66,27;87,04;88,96
292800;SANTALUZ;56,69;69,6;68,98
292805;SANTA LUZIA;43,82;80,18;57,29
292810;SANTA MARIA DA VITORIA;13,32;81,73;61,4
292820;SANTANA;13,15;94,05;54,9
292830;SANTANOPOLIS;1,12;54,67;36,94
292840;SANTA RITA DE CASSIA;14,3;74,65;60,01
292850;SANTA TERESINHA;4,72;68,82;36,83
292860;SANTO AMARO;59,03;85,22;81,51
292870;SANTO ANTONIO DE JESUS;67,39;91,7;84,28
292880;SANTO ESTEVAO;12,74;89,24;56,08
292890;SAO DESIDERIO;8,48;64,03;48,8
292895;SAO DOMINGOS;64,51;86,87;80,86
292900;SAO FELIX;62,38;83,71;68,56
292905;SAO FELIX DO CORIBE;1,62;94,97;76,41
292910;SAO FELIPE;9,8;86,54;51,04
292920;SAO FRANCISCO DO CONDE;66,34;93,56;92,86
292925;SAO GABRIEL;8,51;84,04;76,72
292930;SAO GONCALO DOS CAMPOS;7,72;86,94;69,39
292935;SAO JOSE DA VITORIA;78,26;91,41;83,58
292937;SAO JOSE DO JACUIPE;31,99;76,61;76,48
292940;SAO MIGUEL DAS MATAS;17,14;72,79;33,86
292950;SAO SEBASTIAO DO PASSE;66,48;77,6;82,49
292960;SAPEACU;4,52;78,34;54,49
292970;SATIRO DIAS;29,19;87,33;38,67
292975;SAUBARA;27,59;97,46;87,68
292980;SAUDE;20,4;78,81;65,3
292990;SEABRA;4,14;74,31;55,61
293000;SEBASTIAO LARANJEIRAS;12,71;70,39;46,69
293010;SENHOR DO BONFIM;55,72;90,06;86,15
293015;SERRA DO RAMALHO;2,39;84,93;19,01
293020;SENTO SE;31,86;83,86;51,58
293030;SERRA DOURADA;4,93;67,93;40,42
293040;SERRA PRETA;11,72;59,01;49,57
293050;SERRINHA;51,85;86,89;62,28
293060;SERROLANDIA;4,63;88,8;82,79
293070;SIMOES FILHO;65,24;95,41;84,13
293075;SITIO DO MATO;13,09;74;54,87
293076;SITIO DO QUINTO;17,47;72,35;67,18
293077;SOBRADINHO;74,38;92,41;92
293080;SOUTO SOARES;4,67;87,11;35,81
293090;TABOCAS DO BREJO VELHO;6,04;91,83;30,34
293100;TANHACU;12,29;53,56;47,61
293105;TANQUE NOVO;1,97;66,67;45,86
293110;TANQUINHO;44,78;77,32;77,86
293120;TAPEROA;28,16;76,19;52,57
293130;TAPIRAMUTA;2,48;89,5;77,34
293135;TEIXEIRA DE FREITAS;76,08;96,94;94,62
293140;TEODORO SAMPAIO;23,54;83,33;75,88
293150;TEOFILANDIA;24,51;70,83;46,55
293160;TEOLANDIA;36,2;56,39;38,64
293170;TERRA NOVA;64,45;74,79;87,14
293180;TREMEDAL;7,89;47,34;26,15
293190;TUCANO;46,47;80,51;58,03
293200;UAUA;2,66;51,79;50,37
293210;UBAIRA;37,68;69,9;53,89
293220;UBAITABA;67,07;87,43;83,92
293230;UBATA;57,77;90,8;74,5
293240;UIBAI;2,02;93,04;90,76
293245;UMBURANAS;6,49;56,72;50,15
293250;UNA;26,52;77,75;63,41
293260;URANDI;8,18;79,92;49,69
293270;URUCUCA;65,94;90,07;74,64
293280;UTINGA;2,34;86,14;76,74
293290;VALENCA;61,44;85,18;73,46
293300;VALENTE;47,06;83,26;81,44
293305;VARZEA DA ROCA;19,18;72,34;69,92
293310;VARZEA DO POCO;19,96;84,31;84,7
293315;VARZEA NOVA;34,75;68,79;73,82
293317;VARZEDO;28,22;71,71;36,64
293320;VERA CRUZ;25,36;95,28;81,82
293325;VEREDA;29,8;89,65;60,52
293330;VITORIA DA CONQUISTA;59,75;91,63;89,12
293340;WAGNER;1,09;84,19;74,19
293345;WANDERLEY;1,34;78,3;50,2
293350;WENCESLAU GUIMARAES;28,15;66,89;47,4
293360;XIQUE-XIQUE;37,84;85,08;68,82
310010;ABADIA DOS DOURADOS;61,1;88,5;64,31
310020;ABAETE;84,67;98,4;86,58
310030;ABRE CAMPO;50,36;90,91;56,03
310040;ACAIACA;63,52;89,06;71,29
310050;ACUCENA;44,93;78,01;26,39
310060;AGUA BOA;52,64;82,45;41,06
310070;AGUA COMPRIDA;83,08;97,32;81,52
310080;AGUANIL;66,37;90,32;79,3
310090;AGUAS FORMOSAS;72,38;90,41;76,08
310100;AGUAS VERMELHAS;37,07;90,51;74,43
310110;AIMORES;80,68;95,45;76,34
310120;AIURUOCA;45,95;70,74;65,19
310130;ALAGOA;49,54;71,01;72,05
310140;ALBERTINA;70,72;94,43;85,3
310150;ALEM PARAIBA;80,58;97,92;94,58
310160;ALFENAS;94,88;98,89;96,87
310163;ALFREDO VASCONCELOS;61,82;89,1;83,04
310170;ALMENARA;76,68;87,57;78,13
310180;ALPERCATA;74,35;96,7;66,88
310190;ALPINOPOLIS;81,71;93,35;88,59
310200;ALTEROSA;74,27;93,6;77,17
310205;ALTO CAPARAO;66,12;92,1;88,26
310210;ALTO RIO DOCE;38,57;81,48;48,72
310220;ALVARENGA;52,21;76,53;50
310230;ALVINOPOLIS;75,19;85,1;73,27
310240;ALVORADA DE MINAS;35,82;68,12;39,96
310250;AMPARO DO SERRA;48,5;82,88;48,77
310260;ANDRADAS;80,03;94,2;92,71
310270;CACHOEIRA DE PAJEU;26,7;62,09;54,69
310280;ANDRELANDIA;79,84;92,14;81,08
310285;ANGELANDIA;42,74;88,12;48,47
310290;ANTONIO CARLOS;64,87;93,19;78,59
310300;ANTONIO DIAS;52,16;70,6;49,09
310310;ANTONIO PRADO DE MINAS;80,03;86,51;71,58
310320;ARACAI;50,49;91,66;77,33
310330;ARACITABA;66,43;91,85;82,86
310340;ARACUAI;38,89;75,35;65,54
310350;ARAGUARI;84,53;98,89;93,49
310360;ARANTINA;80,47;97,21;93,24
310370;ARAPONGA;31,84;71,95;48,71
310375;ARAPORA;94,49;100;96,16
310380;ARAPUA;72,38;90,25;74,52
310390;ARAUJOS;84,58;93,9;92,06
310400;ARAXA;96,73;99,05;98,26
310410;ARCEBURGO;88,41;98,44;90,08
310420;ARCOS;95,48;97,04;94,99
310430;AREADO;87,82;93,31;85,78
310440;ARGIRITA;68,84;94,98;79,62
310445;ARICANDUVA;42,95;75,45;33,64
310450;ARINOS;26,28;79,14;61,04
310460;ASTOLFO DUTRA;41,54;96,21;91,53
310470;ATALEIA;50,61;83,47;51,69
310480;AUGUSTO DE LIMA;19,01;66,66;64,46
310490;BAEPENDI;80,23;86,83;77,36
310500;BALDIM;55,33;92,09;74,56
310510;BAMBUI;87,11;96,45;86,22
310520;BANDEIRA;49,57;79,3;52,48
310530;BANDEIRA DO SUL;87,63;95,43;95,89
310540;BARAO DE COCAIS;84,84;91,22;95,69
310550;BARAO DE MONTE ALTO;78,3;97,06;82,66
310560;BARBACENA;88,29;97,16;93,38
310570;BARRA LONGA;62,39;73,72;49,36
310590;BARROSO;88,46;99,17;97,92
310600;BELA VISTA DE MINAS;86,78;94,47;94,91
310610;BELMIRO BRAGA;47,55;85,07;81,02
310620;BELO HORIZONTE;96,57;99,84;99,5
310630;BELO ORIENTE;75,89;94,78;86,06
310640;BELO VALE;50,26;62,57;49,25
310650;BERILO;30,55;47,91;37,36
310660;BERTOPOLIS;36,63;77,05;60,07
310665;BERIZAL;16,32;68,88;62,72
310670;BETIM;86,27;99,03;98,52
310680;BIAS FORTES;37,44;81,6;66,78
310690;BICAS;93,23;99,44;95,38
310700;BIQUINHAS;1,43;98,15;62,13
310710;BOA ESPERANCA;89,31;97,93;89,57
310720;BOCAINA DE MINAS;44,71;72,8;76,05
310730;BOCAIUVA;76,12;83,55;76,66
310740;BOM DESPACHO;92,15;98,64;93,47
310750;BOM JARDIM DE MINAS;83,54;94,68;86,52
310760;BOM JESUS DA PENHA;80,35;96,54;83,13
310770;BOM JESUS DO AMPARO;58,45;74,96;70,9
310780;BOM JESUS DO GALHO;55,78;91,93;61,3
310790;BOM REPOUSO;56,57;73,92;87,7
310800;BOM SUCESSO;87,84;96,33;85,23
310810;BONFIM;39,58;87,55;60,72
310820;BONFINOPOLIS DE MINAS;67,04;81,71;72,16
310825;BONITO DE MINAS;0,62;40,62;23,64
310830;BORDA DA MATA;85,34;96,13;89,45
310840;BOTELHOS;80,06;94,05;90,97
310850;BOTUMIRIM;16,74;80,32;44,08
310855;BRASILANDIA DE MINAS;22,06;95,15;84,34
310860;BRASILIA DE MINAS;53,55;74,17;56,92
310870;BRAS PIRES;51,75;82,52;57,78
310880;BRAUNAS;33,01;75,61;37
310890;BRAZOPOLIS;65,41;83,75;87,15
310900;BRUMADINHO;65,21;82,7;95,92
310910;BUENO BRANDAO;58,57;77,65;73,85
310920;BUENOPOLIS;32,14;78,9;74,78
310925;BUGRE;9,03;95,73;57,26
310930;BURITIS;26,05;82,61;71,46
310940;BURITIZEIRO;4,62;93,06;77,68
310945;CABECEIRA GRANDE;10,22;92,97;82,24
310950;CABO VERDE;69,49;86,18;83,8
310960;CACHOEIRA DA PRATA;96,06;98,92;98,39
310970;CACHOEIRA DE MINAS;74,01;88,07;90,31
310980;CACHOEIRA DOURADA;88,48;97,57;90,26
310990;CAETANOPOLIS;70,87;90,43;77,14
311000;CAETE;83,06;95,44;88,22
311010;CAIANA;57,12;87,48;62,2
311020;CAJURI;75,82;97,66;70,22
311030;CALDAS;64,63;79,75;71,86
311040;CAMACHO;73,58;86,54;52,73
311050;CAMANDUCAIA;66,14;84,63;95,33
311060;CAMBUI;85,37;94,08;97,6
311070;CAMBUQUIRA;79,05;94,13;86,47
311080;CAMPANARIO;65,22;94,78;73,33
311090;CAMPANHA;81,23;95,9;87,93
311100;CAMPESTRE;59,54;83,4;71,97
311110;CAMPINA VERDE;78,12;96,65;77,35
311115;CAMPO AZUL;15,1;68,83;45,2
311120;CAMPO BELO;94,42;97,82;96,06
311130;CAMPO DO MEIO;88,33;98,15;88,95
311140;CAMPO FLORIDO;72,16;96,22;75,07
311150;CAMPOS ALTOS;92,34;97,83;90,75
311160;CAMPOS GERAIS;74;95,86;71,74
311170;CANAA;41,18;88,38;46,85
311180;CANAPOLIS;89,42;97,53;89,85
311190;CANA VERDE;76,32;96,31;86,92
311200;CANDEIAS;73,86;92,75;72,82
311205;CANTAGALO;50,88;90,22;51,47
311210;CAPARAO;43,92;72,59;63,77
311220;CAPELA NOVA;36,19;92,26;47,93
311230;CAPELINHA;59,81;91,34;71,88
311240;CAPETINGA;97,16;99,43;91,81
311250;CAPIM BRANCO;24,4;98,49;93,88
311260;CAPINOPOLIS;94,86;97,97;93,32
311265;CAPITAO ANDRADE;73,1;97,22;73,73
311270;CAPITAO ENEAS;20,25;83,08;70,89
311280;CAPITOLIO;86,22;90,76;89,26
311290;CAPUTIRA;51,91;94,86;59,31
311300;CARAI;37,74;60,54;43,93
311310;CARANAIBA;40,92;77,89;45,43
311320;CARANDAI;70,58;91,78;89,41
311330;CARANGOLA;71,38;95,63;85,92
311340;CARATINGA;71,82;95,98;84,25
311350;CARBONITA;65,33;88,56;80,07
311360;CAREACU;75,61;93,5;87,68
311370;CARLOS CHAGAS;64,69;94;72,32
311380;CARMESIA;66,26;84,47;64,12
311390;CARMO DA CACHOEIRA;82,6;95,96;79,22
311400;CARMO DA MATA;79,8;96,14;82,67
311410;CARMO DE MINAS;76,84;91,4;85,5
311420;CARMO DO CAJURU;86,92;97,16;92,51
311430;CARMO DO PARANAIBA;89,1;94,98;84,71
311440;CARMO DO RIO CLARO;75,79;92,28;89,24
311450;CARMOPOLIS DE MINAS;73,04;96,96;87,21
311455;CARNEIRINHO;63,2;98,03;76,94
311460;CARRANCAS;75,04;83,72;71,24
311470;CARVALHOPOLIS;74,19;91,61;93,46
311480;CARVALHOS;47,63;70,75;68,57
311490;CASA GRANDE;64,55;82,6;64,55
311500;CASCALHO RICO;37,94;90,59;68,01
311510;CASSIA;81,77;97,12;92,92
311520;CONCEICAO DA BARRA DE MINAS;38,98;85,25;72,5
311530;CATAGUASES;86,13;99,51;95,95
311535;CATAS ALTAS;88,57;92,29;88,15
311540;CATAS ALTAS DA NORUEGA;45,21;74,14;43,89
311545;CATUJI;41,71;59,07;34,38
311547;CATUTI;3,03;89,23;59,83
311550;CAXAMBU;98,27;98,77;98,51
311560;CEDRO DO ABAETE;27,64;95,5;81,35
311570;CENTRAL DE MINAS;71,93;97,25;78,24
311580;CENTRALINA;39,08;98,17;90
311590;CHACARA;81,24;87,35;83,83
311600;CHALE;43,4;84,26;56,83
311610;CHAPADA DO NORTE;21,34;51,27;37,8
311615;CHAPADA GAUCHA;20,42;70,02;51,91
311620;CHIADOR;67,8;96,14;79,02
311630;CIPOTANEA;42,34;74,24;51,12
311640;CLARAVAL;48,29;79,9;69,64
311650;CLARO DOS POCOES;27,85;89,53;62,51
311660;CLAUDIO;90,3;95,48;87,63
311670;COIMBRA;55,51;98,33;83,1
311680;COLUNA;49,32;75,3;42,77
311690;COMENDADOR GOMES;55,99;97,2;53,49
311700;COMERCINHO;30,76;73,99;39,49
311710;CONCEICAO DA APARECIDA;65,47;87,74;71,9
311720;CONCEICAO DAS PEDRAS;72,63;83,28;85,38
311730;CONCEICAO DAS ALAGOAS;88,21;98,23;91,26
311740;CONCEICAO DE IPANEMA;46,7;83,72;41,35
311750;CONCEICAO DO MATO DENTRO;46,81;81,23;59,66
311760;CONCEICAO DO PARA;50,75;94,47;84,03
311770;CONCEICAO DO RIO VERDE;89,78;95,84;90,65
311780;CONCEICAO DOS OUROS;76,42;96,58;93,25
311783;CONEGO MARINHO;0,49;68,15;38,54
311787;CONFINS;2,53;98,94;98,17
311790;CONGONHAL;79,85;93,53;76,33
311800;CONGONHAS;78,57;95,98;97,56
311810;CONGONHAS DO NORTE;30,56;87,09;51,32
311820;CONQUISTA;85,45;95,78;89,53
311830;CONSELHEIRO LAFAIETE;90,4;98,98;97,27
311840;CONSELHEIRO PENA;77,78;95,42;75,46
311850;CONSOLACAO;54,65;77,86;88,21
311860;CONTAGEM;92,59;99,76;99,43
311870;COQUEIRAL;70,74;94,87;75,48
311880;CORACAO DE JESUS;17,71;62,06;30,61
311890;CORDISBURGO;31,08;90,52;63,56
311900;CORDISLANDIA;80,49;98,4;85,39
311910;CORINTO;84,6;91,82;83,04
311920;COROACI;53,59;86,82;47,48
311930;COROMANDEL;75,11;89,28;76,33
311940;CORONEL FABRICIANO;88,03;98,54;98,35
311950;CORONEL MURTA;47,47;78,87;66,16
311960;CORONEL PACHECO;64,69;90,28;88,12
311970;CORONEL XAVIER CHAVES;67,1;84,55;90,17
311980;CORREGO DANTA;59,11;94,37;61,09
311990;CORREGO DO BOM JESUS;45,14;71,33;91,34
311995;CORREGO FUNDO;28,39;91,54;75,89
312000;CORREGO NOVO;66;91,17;66,4
312010;COUTO DE MAGALHAES DE MINAS;72,5;90,89;83,17
312015;CRISOLITA;48,52;83,89;54,78
312020;CRISTAIS;79,23;96,11;80,79
312030;CRISTALIA;42,29;84,66;44,59
312040;CRISTIANO OTONI;69,69;93,99;87,63
312050;CRISTINA;54,66;83,5;77,5
312060;CRUCILANDIA;59,98;88,58;64,39
312070;CRUZEIRO DA FORTALEZA;92,75;97,74;92,59
312080;CRUZILIA;89,73;96,78;91,71
312083;CUPARAQUE;84,54;95,27;78,21
312087;CURRAL DE DENTRO;40,65;95,65;73,22
312090;CURVELO;81,86;96,69;87,83
312100;DATAS;70,77;80,79;71,13
312110;DELFIM MOREIRA;55,95;67,68;77,39
312120;DELFINOPOLIS;79,18;97,74;90,66
312125;DELTA;96,65;99,62;97,52
312130;DESCOBERTO;84,39;96,98;87,91
312140;DESTERRO DE ENTRE RIOS;48,93;81,84;53,43
312150;DESTERRO DO MELO;38,91;76,67;55,65
312160;DIAMANTINA;76,69;92,83;78,61
312170;DIOGO DE VASCONCELOS;40,71;88,04;33,84
312180;DIONISIO;72,43;91,77;82,22
312190;DIVINESIA;47,84;99,04;74,98
312200;DIVINO;54,2;85,77;64,26
312210;DIVINO DAS LARANJEIRAS;73,73;93,75;73,48
312220;DIVINOLANDIA DE MINAS;59,8;95,73;69,48
312230;DIVINOPOLIS;90,52;99,18;98
312235;DIVISA ALEGRE;2,31;96,48;94,42
312240;DIVISA NOVA;75,98;91,88;89,35
312245;DIVISOPOLIS;9,8;84,65;76,54
312247;DOM BOSCO;42,29;75,32;68,97
312250;DOM CAVATI;78,13;96,29;87,42
312260;DOM JOAQUIM;58,51;87,62;64,22
312270;DOM SILVERIO;46,8;89,26;82,21
312280;DOM VICOSO;63,03;79,82;73,84
312290;DONA EUSEBIA;56,75;95,64;87,67
312300;DORES DE CAMPOS;82,81;94,17;92,46
312310;DORES DE GUANHAES;33,58;65;37,49
312320;DORES DO INDAIA;88,9;99,23;94,76
312330;DORES DO TURVO;35,22;89,82;52,71
312340;DORESOPOLIS;87,85;95,14;78,75
312350;DOURADOQUARA;66,82;91,93;70,26
312352;DURANDE;38,07;84,73;52,37
312360;ELOI MENDES;87,72;97,22;85,29
312370;ENGENHEIRO CALDAS;77,15;94,67;79,67
312380;ENGENHEIRO NAVARRO;21,86;83,38;60,73
312385;ENTRE FOLHAS;56,59;95,51;73,77
312390;ENTRE RIOS DE MINAS;66,29;93,52;77,71
312400;ERVALIA;53,39;90,23;65,61
312410;ESMERALDAS;25,1;94,01;84,61
312420;ESPERA FELIZ;56,71;90,44;76,38
312430;ESPINOSA;2,31;80,08;51,34
312440;ESPIRITO SANTO DO DOURADO;51,18;79,66;66,35
312450;ESTIVA;53,89;84,65;82,93
312460;ESTRELA DALVA;71,92;89,22;79,42
312470;ESTRELA DO INDAIA;55,84;91,02;79,35
312480;ESTRELA DO SUL;73,6;92,76;79,15
312490;EUGENOPOLIS;73,81;94,47;75,32
312500;EWBANK DA CAMARA;92,25;99,45;95,21
312510;EXTREMA;76,61;89,87;97,99
312520;FAMA;50,92;93,41;88,64
312530;FARIA LEMOS;65,8;94,65;77,95
312540;FELICIO DOS SANTOS;0,53;88,82;42,22
312550;SAO GONCALO DO RIO PRETO;5,45;73,55;61,95
312560;FELISBURGO;66;91,88;68,19
312570;FELIXLANDIA;13,52;89,07;80,74
312580;FERNANDES TOURINHO;65,95;97,34;63,6
312590;FERROS;25,97;64,52;31,42
312595;FERVEDOURO;41,05;81,39;50,98
312600;FLORESTAL;78,12;94,79;86,33
312610;FORMIGA;89,45;97,16;91,96
312620;FORMOSO;11,73;84,09;58,2
312630;FORTALEZA DE MINAS;74,42;89,18;96,49
312640;FORTUNA DE MINAS;50,13;93,17;77,2
312650;FRANCISCO BADARO;13,82;78,24;32,16
312660;FRANCISCO DUMONT;16,45;59,49;50,53
312670;FRANCISCO SA;47,05;76,66;55,18
312675;FRANCISCOPOLIS;44,43;78,83;42,15
312680;FREI GASPAR;51,85;89,09;40,7
312690;FREI INOCENCIO;68,09;88,63;76,11
312695;FREI LAGONEGRO;19,73;78,27;19,74
312700;FRONTEIRA;95,93;97,86;96,57
312705;FRONTEIRA DOS VALES;45,83;81,72;54,89
312707;FRUTA DE LEITE;0,56;54,7;29,99
312710;FRUTAL;87,8;96,34;89,72
312720;FUNILANDIA;37,95;90,52;84,69
312730;GALILEIA;75,08;95,75;68,04
312733;GAMELEIRAS;0,82;87,72;25,01
312735;GLAUCILANDIA;24,15;72,81;34,11
312737;GOIABEIRA;67,49;96,67;74,91
312738;GOIANA;81,39;96,86;92,48
312740;GONCALVES;44,59;58,85;98,1
312750;GONZAGA;48,68;86,15;54,92
312760;GOUVEIA;73,51;91,85;78,24
312770;GOVERNADOR VALADARES;93,13;99,13;94,85
312780;GRAO MOGOL;35,15;57,38;48,35
312790;GRUPIARA;1,58;97,62;83,17
312800;GUANHAES;73,64;94,17;80,8
312810;GUAPE;70,33;90,05;70,46
312820;GUARACIABA;38,49;84,88;40,22
312825;GUARACIAMA;15,58;81,64;60,78
312830;GUARANESIA;96,57;98,93;93,6
312840;GUARANI;75,13;97,02;83,8
312850;GUARARA;88,4;98,18;92,82
312860;GUARDA-MOR;53,99;81,22;59,84
312870;GUAXUPE;94,5;99,46;96,97
312880;GUIDOVAL;64,63;95,37;73,67
312890;GUIMARANIA;80,2;92,07;80,43
312900;GUIRICEMA;46,68;91,63;63,86
312910;GURINHATA;46,17;87,62;46,77
312920;HELIODORA;75,21;88,98;97,55
312930;IAPU;63,45;95,89;70,07
312940;IBERTIOGA;71,3;90,95;78,31
312950;IBIA;84,64;96,78;85,29
312960;IBIAI;1,84;81,32;60,62
312965;IBIRACATU;22,02;83,59;62,25
312970;IBIRACI;83,48;97,56;91,79
312980;IBIRITE;84,13;99,29;98,11
312990;IBITIURA DE MINAS;82,67;86,28;86,97
313000;IBITURUNA;91,34;98,15;89,95
313005;ICARAI DE MINAS;59,07;79,83;37,95
313010;IGARAPE;64,71;97,1;93,23
313020;IGARATINGA;75,08;93,07;88,46
313030;IGUATAMA;88,47;95,08;85,33
313040;IJACI;81,1;97,21;91,82
313050;ILICINEA;79,34;90,94;79,48
313055;IMBE DE MINAS;34,46;89,95;49,76
313060;INCONFIDENTES;65,21;80,01;96,36
313065;INDAIABIRA;18,05;71,76;40,22
313070;INDIANOPOLIS;64,07;93,84;74,85
313080;INGAI;69,22;88,01;65,14
313090;INHAPIM;48,14;85,22;52,06
313100;INHAUMA;30,2;93,58;89,47
313110;INIMUTABA;46,89;82,88;70,32
313115;IPABA;75,14;95,27;93,38
313120;IPANEMA;71,52;89,49;80,64
313130;IPATINGA;97,84;98,31;99,73
313140;IPIACU;91,98;99,57;90,78
313150;IPUIUNA;61,62;86,22;84,5
313160;IRAI DE MINAS;86,23;89,01;83,95
313170;ITABIRA;91,57;95,94;92,96
313180;ITABIRINHA;69,1;94,44;76,45
313190;ITABIRITO;87,31;94,42;97,18
313200;ITACAMBIRA;6,41;64,69;19,69
313210;ITACARAMBI;39,36;80,97;77
313220;ITAGUARA;79,26;94,65;82,11
313230;ITAIPE;36,99;82,6;44,79
313240;ITAJUBA;91,05;96,56;99,32
313250;ITAMARANDIBA;56,85;84,61;61,86
313260;ITAMARATI DE MINAS;75,99;92,46;81,29
313270;ITAMBACURI;60,15;91,65;62,19
313280;ITAMBE DO MATO DENTRO;52,38;73,73;49,21
313290;ITAMOGI;75,46;96,12;82,89
313300;ITAMONTE;74,37;74,24;94,71
313310;ITANHANDU;85,5;94,94;98,72
313320;ITANHOMI;62,56;92,53;71,97
313330;ITAOBIM;23,1;85,01;77,59
313340;ITAPAGIPE;74,51;96,12;71,06
313350;ITAPECERICA;73,63;91,68;82,81
313360;ITAPEVA;70,88;89,84;94,88
313370;ITATIAIUCU;73,36;84,61;83,14
313375;ITAU DE MINAS;96,52;99,31;98,87
313380;ITAUNA;96;99,32;98,22
313390;ITAVERAVA;31,64;77,27;44,43
313400;ITINGA;46,27;77,77;55,16
313410;ITUETA;54,9;87,45;54,09
313420;ITUIUTABA;93,83;98,83;95,16
313430;ITUMIRIM;58,04;96,61;89,4
313440;ITURAMA;88,99;94,2;95,74
313450;ITUTINGA;49,36;92,07;77,04
313460;JABOTICATUBAS;47,2;87,74;64,19
313470;JACINTO;45,45;89,14;64,07
313480;JACUI;57,38;89,33;94,44
313490;JACUTINGA;89,73;97,91;93,1
313500;JAGUARACU;79,51;92,01;89,3
313505;JAIBA;19,79;86,27;64,52
313507;JAMPRUCA;45,23;92,62;47,66
313510;JANAUBA;16,3;95,84;84,89
313520;JANUARIA;38,97;76;49,39
313530;JAPARAIBA;62,62;99,14;81,35
313535;JAPONVAR;0,91;94,84;41,81
313540;JECEABA;47,18;75,64;56,15
313545;JENIPAPO DE MINAS;31,43;63,2;42,29
313550;JEQUERI;57,71;86,08;56,15
313560;JEQUITAI;1,75;76,17;52,77
313570;JEQUITIBA;24,35;84,21;37,7
313580;JEQUITINHONHA;38,47;85,2;67,34
313590;JESUANIA;76,85;92,24;69,23
313600;JOAIMA;61,33;87,12;68,54
313610;JOANESIA;26,58;90,07;40,93
313620;JOAO MONLEVADE;93,2;98,7;99,02
313630;JOAO PINHEIRO;79,48;90,71;84,13
313640;JOAQUIM FELICIO;27,43;69,82;55,17
313650;JORDANIA;63,73;83,8;73,18
313652;JOSE GONCALVES DE MINAS;33,01;63,67;43,15
313655;JOSE RAYDAN;32,95;78,78;44,21
313657;JOSENOPOLIS;51,28;67,94;48,22
313660;NOVA UNIAO;69,02;88,62;74,84
313665;JUATUBA;52,82;95,6;91,05
313670;JUIZ DE FORA;94,48;98,27;99,11
313680;JURAMENTO;39,2;61,8;62,05
313690;JURUAIA;52,68;69,25;79,75
313695;JUVENILIA;7,81;82,39;52,02
313700;LADAINHA;20,49;81,64;27,42
313710;LAGAMAR;72,49;86,49;72,12
313720;LAGOA DA PRATA;95,98;99,44;97,33
313730;LAGOA DOS PATOS;1;77,98;68,15
313740;LAGOA DOURADA;61,88;94,19;75,69
313750;LAGOA FORMOSA;73,33;94,89;76,25
313753;LAGOA GRANDE;37,36;92,44;78,23
313760;LAGOA SANTA;54,78;98,46;97,36
313770;LAJINHA;42,68;87,25;64,86
313780;LAMBARI;76,33;89,29;91,79
313790;LAMIM;30,9;84,09;48,13
313800;LARANJAL;82,61;94,12;81,61
313810;LASSANCE;3,79;83,79;69,65
313820;LAVRAS;94,86;98,01;95,47
313830;LEANDRO FERREIRA;71,98;94,75;73,67
313835;LEME DO PRADO;60,48;81;67,35
313840;LEOPOLDINA;87,08;96,48;91,11
313850;LIBERDADE;73,23;88,25;73,88
313860;LIMA DUARTE;72,97;89,01;88,99
313862;LIMEIRA DO OESTE;63,33;90,3;70,45
313865;LONTRA;1,25;91,84;57
313867;LUISBURGO;28,24;76,88;40,37
313868;LUISLANDIA;0,59;77,34;43,55
313870;LUMINARIAS;74,76;94,34;79,63
313880;LUZ;87,58;95,68;90,03
313890;MACHACALIS;76,16;95,54;80,11
313900;MACHADO;82,34;96,88;91,54
313910;MADRE DE DEUS DE MINAS;78,02;93,93;81,98
313920;MALACACHETA;64,59;89,09;56,8
313925;MAMONAS;5,05;86,86;41,13
313930;MANGA;4,48;77,39;67,09
313940;MANHUACU;74;94,2;87,13
313950;MANHUMIRIM;70,27;95,16;83,54
313960;MANTENA;78,44;95,47;78,65
313970;MARAVILHAS;63,57;97,47;80,32
313980;MAR DE ESPANHA;86,37;98,33;91,62
313990;MARIA DA FE;66,23;79,51;82,62
314000;MARIANA;78,09;95,48;90,14
314010;MARILAC;80,12;98,01;63,83
314015;MARIO CAMPOS;44,11;97,15;96,59
314020;MARIPA DE MINAS;62,3;95,49;88,82
314030;MARLIERIA;79,5;91,4;87,14
314040;MARMELOPOLIS;60,78;75,8;85,08
314050;MARTINHO CAMPOS;41,4;96,17;83,85
314053;MARTINS SOARES;51,59;82,33;64,13
314055;MATA VERDE;72,22;91,73;80,23
314060;MATERLANDIA;38,75;90,23;40,39
314070;MATEUS LEME;61,4;94,2;88,56
314080;MATIAS BARBOSA;71,91;97,05;96,03
314085;MATIAS CARDOSO;20,89;70,41;40,34
314090;MATIPO;71,27;96,03;75,61
314100;MATO VERDE;1,53;92,05;70,55
314110;MATOZINHOS;67,55;96,57;97,54
314120;MATUTINA;84,35;96,12;84,49
314130;MEDEIROS;69,14;84,04;58,7
314140;MEDINA;69,27;90,64;72,15
314150;MENDES PIMENTEL;49,4;90,36;57,01
314160;MERCES;67,43;85,79;74,8
314170;MESQUITA;58,68;88,91;52,3
314180;MINAS NOVAS;18,62;55,44;39,49
314190;MINDURI;88,47;95,57;89,45
314200;MIRABELA;7,91;89,15;59,46
314210;MIRADOURO;64,39;89,14;68,75
314220;MIRAI;86,25;96,54;87,06
314225;MIRAVANIA;3,05;90,23;23,53
314230;MOEDA;34,14;60,18;79,31
314240;MOEMA;70,72;99,21;91,28
314250;MONJOLOS;2,92;77,81;49,2
314260;MONSENHOR PAULO;80,19;93,09;77,18
314270;MONTALVANIA;7,78;79,42;57,25
314280;MONTE ALEGRE DE MINAS;73,64;98,4;76,61
314290;MONTE AZUL;9,54;87,33;58,22
314300;MONTE BELO;70,14;87,14;79,76
314310;MONTE CARMELO;89,28;97,93;91,47
314315;MONTE FORMOSO;35,08;75,55;39,17
314320;MONTE SANTO DE MINAS;86,52;96,75;83,19
314330;MONTES CLAROS;93,04;95,05;94,16
314340;MONTE SIAO;86,39;94,36;90,72
314345;MONTEZUMA;27,79;84,26;41,1
314350;MORADA NOVA DE MINAS;2,51;88,85;75,16
314360;MORRO DA GARCA;41,71;74,25;54,33
314370;MORRO DO PILAR;48,83;90;61,74
314380;MUNHOZ;48,87;88,69;94,71
314390;MURIAE;89;98,94;94,13
314400;MUTUM;47,83;86,41;49,31
314410;MUZAMBINHO;83,53;89,41;87,9
314420;NACIP RAYDAN;60,95;86,91;58,97
314430;NANUQUE;79,39;98,14;88,23
314435;NAQUE;79,83;99,46;86,56
314437;NATALANDIA;55,76;81,1;74,28
314440;NATERCIA;50,99;81,39;96,12
314450;NAZARENO;68,13;95,71;84,55
314460;NEPOMUCENO;80,15;95,07;79,18
314465;NINHEIRA;14,38;55,34;31,8
314467;NOVA BELEM;44,89;88,08;35,61
314470;NOVA ERA;84,1;88,35;96,61
314480;NOVA LIMA;94,17;94,79;99,5
314490;NOVA MODICA;53,9;94,43;63,76
314500;NOVA PONTE;85,68;96,82;86,65
314505;NOVA PORTEIRINHA;24,76;90,12;60,26
314510;NOVA RESENDE;48,38;73,63;65,33
314520;NOVA SERRANA;93,6;98,52;98,17
314530;NOVO CRUZEIRO;35,6;72,51;31,69
314535;NOVO ORIENTE DE MINAS;40,39;83,62;54,66
314537;NOVORIZONTE;4,45;56,56;61,98
314540;OLARIA;53,28;82,54;83,73
314545;OLHOS-D'AGUA;16,97;72,21;54,37
314550;OLIMPIO NORONHA;93,86;98,49;88,97
314560;OLIVEIRA;89,96;96,61;90,93
314570;OLIVEIRA FORTES;46,31;87,67;54,43
314580;ONCA DE PITANGUI;70,12;71,2;65,05
314585;ORATORIOS;71,42;95,17;70,8
314587;ORIZANIA;33,41;82,27;39,91
314590;OURO BRANCO;90,8;93,94;93,59
314600;OURO FINO;75,2;93,58;93,03
314610;OURO PRETO;75,85;92,59;93,29
314620;OURO VERDE DE MINAS;66,06;92,1;57,8
314625;PADRE CARVALHO;1,42;77,43;45,59
314630;PADRE PARAISO;64,12;75,73;61,21
314640;PAINEIRAS;0,78;94,23;72,16
314650;PAINS;86,9;94,61;90,25
314655;PAI PEDRO;1,16;58,34;34,8
314660;PAIVA;53,62;87,6;74,62
314670;PALMA;77,45;96,93;78,37
314675;PALMOPOLIS;37,91;86,02;67,6
314690;PAPAGAIOS;29,77;97,42;86,97
314700;PARACATU;79,19;95,18;88,98
314710;PARA DE MINAS;94,35;98,09;97,74
314720;PARAGUACU;82,85;95,83;84,8
314730;PARAISOPOLIS;83,76;91,14;90,67
314740;PARAOPEBA;77,77;93,54;85,35
314750;PASSABEM;39,31;62,3;55,29
314760;PASSA QUATRO;76,75;91,47;96,46
314770;PASSA TEMPO;72,94;92,37;77,56
314780;PASSA-VINTE;60,35;88,51;72,84
314790;PASSOS;96,75;99,13;97
314795;PATIS;1,71;92,43;45,63
314800;PATOS DE MINAS;91,09;96,85;92,3
314810;PATROCINIO;87,15;96,51;89,26
314820;PATROCINIO DO MURIAE;79,29;97,5;84,19
314830;PAULA CANDIDO;56,8;92,33;66,12
314840;PAULISTAS;49,36;89,18;46,13
314850;PAVAO;62,15;92,77;60,66
314860;PECANHA;35,12;88,34;45,64
314870;PEDRA AZUL;72,24;91,84;83,32
314875;PEDRA BONITA;31,62;77,43;28,42
314880;PEDRA DO ANTA;68,76;93,35;64,7
314890;PEDRA DO INDAIA;59,78;92,67;67,87
314900;PEDRA DOURADA;74,93;80,68;67,99
314910;PEDRALVA;51,81;75,31;86,3
314915;PEDRAS DE MARIA DA CRUZ;5,04;75,56;52,37
314920;PEDRINOPOLIS;82,47;95,5;89,51
314930;PEDRO LEOPOLDO;67,27;98,56;95,98
314940;PEDRO TEIXEIRA;33,79;92,83;69,62
314950;PEQUERI;73,38;98,38;94,63
314960;PEQUI;29,3;90,46;74
314970;PERDIGAO;90,05;95,22;86,82
314980;PERDIZES;72,24;94,78;79,75
314990;PERDOES;90,85;97,3;92,5
314995;PERIQUITO;72,31;99,1;67,03
315000;PESCADOR;71,35;95,95;77,1
315010;PIAU;57,67;88,06;81,88
315015;PIEDADE DE CARATINGA;85,76;98,6;82,72
315020;PIEDADE DE PONTE NOVA;83,39;97,74;83,3
315030;PIEDADE DO RIO GRANDE;50,43;91,32;71,37
315040;PIEDADE DOS GERAIS;2,12;80,08;50,58
315050;PIMENTA;88,82;96,13;87,02
315053;PINGO-D'AGUA;89,31;98,62;91,78
315057;PINTOPOLIS;15,87;69,16;34,55
315060;PIRACEMA;47,76;92,26;66,84
315070;PIRAJUBA;87,92;99,67;90,51
315080;PIRANGA;32,95;73,54;37,49
315090;PIRANGUCU;51,03;71,29;82,47
315100;PIRANGUINHO;60,55;88,83;95,93
315110;PIRAPETINGA;87,02;98,63;88,66
315120;PIRAPORA;18,82;99,3;96
315130;PIRAUBA;84,64;98,85;81,55
315140;PITANGUI;92,16;90,35;88,29
315150;PIUMHI;92,64;97,79;95,12
315160;PLANURA;95,37;99,27;96,28
315170;POCO FUNDO;58,73;79,73;73,11
315180;POCOS DE CALDAS;98,23;99,08;99,05
315190;POCRANE;57,99;93,66;59,51
315200;POMPEU;73,93;96,34;87,41
315210;PONTE NOVA;85,9;97,02;92,1
315213;PONTO CHIQUE;23,66;80,14;52,67
315217;PONTO DOS VOLANTES;10,97;67,97;43,52
315220;PORTEIRINHA;19,37;75,87;48,74
315230;PORTO FIRME;47,31;89,14;58,69
315240;POTE;35,8;89,54;54,45
315250;POUSO ALEGRE;92,14;98,35;96,85
315260;POUSO ALTO;50,28;82,9;82,8
315270;PRADOS;81,32;89,75;82,98
315280;PRATA;77,24;96,93;77,84
315290;PRATAPOLIS;89,12;97,4;92,9
315300;PRATINHA;61,23;90,84;61,58
315310;PRESIDENTE BERNARDES;46,47;71,21;40,48
315320;PRESIDENTE JUSCELINO;39,25;64,24;42,99
315330;PRESIDENTE KUBITSCHEK;74,61;90,13;71,84
315340;PRESIDENTE OLEGARIO;62,16;89,25;67,96
315350;ALTO JEQUITIBA;48,16;88,48;65,9
315360;PRUDENTE DE MORAIS;52,05;97,08;96
315370;QUARTEL GERAL;41,56;96,5;77,83
315380;QUELUZITO;49,34;81,89;57,65
315390;RAPOSOS;85,04;97,62;97,99
315400;RAUL SOARES;56,77;92,38;65,11
315410;RECREIO;80,99;99,12;88,51
315415;REDUTO;59,9;88,83;66,51
315420;RESENDE COSTA;38,31;92,88;81,76
315430;RESPLENDOR;72,49;94,9;76,08
315440;RESSAQUINHA;28,25;78,03;72,59
315445;RIACHINHO;4,66;76,17;49,55
315450;RIACHO DOS MACHADOS;20,79;65,96;39,32
315460;RIBEIRAO DAS NEVES;74,79;97,98;96,7
315470;RIBEIRAO VERMELHO;94,56;97,61;94,23
315480;RIO ACIMA;83,24;96,77;96,54
315490;RIO CASCA;77,07;97,43;82,44
315500;RIO DOCE;75,62;90,58;88,64
315510;RIO DO PRADO;55,66;82,84;67,96
315520;RIO ESPERA;31,15;79,34;46,18
315530;RIO MANSO;3,2;87,92;71,41
315540;RIO NOVO;85,95;98,65;89,76
315550;RIO PARANAIBA;69,46;89,34;68,12
315560;RIO PARDO DE MINAS;9,27;78,72;41,19
315570;RIO PIRACICABA;72,96;95,45;86,49
315580;RIO POMBA;82,73;97,48;85,8
315590;RIO PRETO;73,26;90,4;89,82
315600;RIO VERMELHO;36,58;66,71;36,23
315610;RITAPOLIS;32,01;82,37;67,87
315620;ROCHEDO DE MINAS;76,52;87,63;91,32
315630;RODEIRO;89,73;98,15;91,1
315640;ROMARIA;78,54;96,83;82,32
315645;ROSARIO DA LIMEIRA;54,09;88,45;64,02
315650;RUBELITA;27,07;65,68;43,31
315660;RUBIM;66,04;88,15;73,48
315670;SABARA;88,51;97,36;94,62
315680;SABINOPOLIS;51,54;87,71;61,07
315690;SACRAMENTO;85,77;95,45;83,93
315700;SALINAS;65,36;84,53;75,92
315710;SALTO DA DIVISA;59,24;86,37;72,58
315720;SANTA BARBARA;85,34;93,93;92,31
315725;SANTA BARBARA DO LESTE;37,31;84,78;62,31
315727;SANTA BARBARA DO MONTE VERDE;60,81;92,69;75,64
315730;SANTA BARBARA DO TUGURIO;47,51;76,53;53,93
315733;SANTA CRUZ DE MINAS;98,37;99,37;99,88
315737;SANTA CRUZ DE SALINAS;28,44;76,57;38,52
315740;SANTA CRUZ DO ESCALVADO;44,01;95,16;69,11
315750;SANTA EFIGENIA DE MINAS;51,93;85,26;56,31
315760;SANTA FE DE MINAS;1,04;71,1;25,26
315765;SANTA HELENA DE MINAS;44,6;73,79;65,77
315770;SANTA JULIANA;94,19;97,76;87,69
315780;SANTA LUZIA;85,06;98,73;96,76
315790;SANTA MARGARIDA;52,41;88,89;70,77
315800;SANTA MARIA DE ITABIRA;57,99;76,47;67,16
315810;SANTA MARIA DO SALTO;60,78;87,97;71,87
315820;SANTA MARIA DO SUACUI;57,24;90,76;59,87
315830;SANTANA DA VARGEM;73,83;95,73;77,42
315840;SANTANA DE CATAGUASES;84,74;94,89;80,61
315850;SANTANA DE PIRAPAMA;35,2;74,33;39,84
315860;SANTANA DO DESERTO;66,52;97,34;91,27
315870;SANTANA DO GARAMBEU;69,95;86,19;71,62
315880;SANTANA DO JACARE;92,55;99,13;96,67
315890;SANTANA DO MANHUACU;50,96;79,22;54,61
315895;SANTANA DO PARAISO;77,47;96,72;95,05
315900;SANTANA DO RIACHO;38,15;78,32;71,57
315910;SANTANA DOS MONTES;48,38;81,75;56,5
315920;SANTA RITA DE CALDAS;62,13;88,05;67,08
315930;SANTA RITA DE JACUTINGA;82,22;91,76;75,94
315935;SANTA RITA DE MINAS;69,03;92,23;82,55
315940;SANTA RITA DE IBITIPOCA;63,08;77,85;66,27
315950;SANTA RITA DO ITUETO;35,08;84,16;47,06
315960;SANTA RITA DO SAPUCAI;87,01;96,81;89,15
315970;SANTA ROSA DA SERRA;54;97,18;82,35
315980;SANTA VITORIA;85,19;95,31;82,51
315990;SANTO ANTONIO DO AMPARO;85,73;91,96;91,78
316000;SANTO ANTONIO DO AVENTUREIRO;15,37;94,76;73,75
316010;SANTO ANTONIO DO GRAMA;80,53;99,43;82,15
316020;SANTO ANTONIO DO ITAMBE;37,31;75,44;32,47
316030;SANTO ANTONIO DO JACINTO;42,76;80,92;51,63
316040;SANTO ANTONIO DO MONTE;87,23;97,84;88,91
316045;SANTO ANTONIO DO RETIRO;28,37;62,34;31,92
316050;SANTO ANTONIO DO RIO ABAIXO;32,89;76,7;56,39
316060;SANTO HIPOLITO;12,16;81,56;54,44
316070;SANTOS DUMONT;70,18;93,04;94,36
316080;SAO BENTO ABADE;91,02;97,72;92,77
316090;SAO BRAS DO SUACUI;48,69;97,19;88,21
316095;SAO DOMINGOS DAS DORES;65,09;86,61;93,53
316100;SAO DOMINGOS DO PRATA;54,14;86,76;63,39
316105;SAO FELIX DE MINAS;53,08;92,98;63,15
316110;SAO FRANCISCO;17,31;76,46;60,18
316120;SAO FRANCISCO DE PAULA;83,6;93,06;70,65
316130;SAO FRANCISCO DE SALES;72,61;94,37;77,71
316140;SAO FRANCISCO DO GLORIA;64,37;88,85;69,02
316150;SAO GERALDO;71,5;94,59;75,1
316160;SAO GERALDO DA PIEDADE;50,36;90,88;47,3
316165;SAO GERALDO DO BAIXIO;61,75;92,66;66,46
316170;SAO GONCALO DO ABAETE;58;91,75;80,12
316180;SAO GONCALO DO PARA;72,63;97,89;94,45
316190;SAO GONCALO DO RIO ABAIXO;66,71;91,39;90,33
316200;SAO GONCALO DO SAPUCAI;86,46;92,61;90,7
316210;SAO GOTARDO;80,71;97,87;92,58
316220;SAO JOAO BATISTA DO GLORIA;81,79;99,26;96,8
316225;SAO JOAO DA LAGOA;0,49;69,42;46,6
316230;SAO JOAO DA MATA;75,08;86,38;69,21
316240;SAO JOAO DA PONTE;1,77;90,42;20,85
316245;SAO JOAO DAS MISSOES;2,68;56,98;22,75
316250;SAO JOAO DEL REI;86,42;98,18;95,68
316255;SAO JOAO DO MANHUACU;52,69;84,08;57,51
316257;SAO JOAO DO MANTENINHA;89,21;93,72;80,69
316260;SAO JOAO DO ORIENTE;76,47;98,81;82,92
316265;SAO JOAO DO PACUI;2,8;77,06;33,45
316270;SAO JOAO DO PARAISO;19,1;82,31;54,93
316280;SAO JOAO EVANGELISTA;64,81;91,97;65,07
316290;SAO JOAO NEPOMUCENO;89,43;95,98;95,67
316292;SAO JOAQUIM DE BICAS;70,28;94,02;86,44
316294;SAO JOSE DA BARRA;88,42;89,54;91,7
316295;SAO JOSE DA LAPA;81,76;98,51;98,14
316300;SAO JOSE DA SAFIRA;66,55;89,68;63,63
316310;SAO JOSE DA VARGINHA;52,56;94,33;77,4
316320;SAO JOSE DO ALEGRE;71,69;92,59;80,52
316330;SAO JOSE DO DIVINO;82,03;92,01;69,01
316340;SAO JOSE DO GOIABAL;74,41;87,93;75,33
316350;SAO JOSE DO JACURI;37,92;76,69;34,21
316360;SAO JOSE DO MANTIMENTO;86,04;78,42;61,17
316370;SAO LOURENCO;96,28;99,39;99,29
316380;SAO MIGUEL DO ANTA;49,61;91,31;67,01
316390;SAO PEDRO DA UNIAO;60,47;87,64;71,74
316400;SAO PEDRO DOS FERROS;82,62;98,62;83,01
316410;SAO PEDRO DO SUACUI;47,12;84,27;45,49
316420;SAO ROMAO;18,69;76,27;57,09
316430;SAO ROQUE DE MINAS;64,3;85,77;70,7
316440;SAO SEBASTIAO DA BELA VISTA;60,37;88,47;93,33
316443;SAO SEBASTIAO DA VARGEM ALEGRE;49,04;88,95;58,8
316447;SAO SEBASTIAO DO ANTA;64,6;93,8;75,81
316450;SAO SEBASTIAO DO MARANHAO;30,48;80,99;25,21
316460;SAO SEBASTIAO DO OESTE;67,14;95,45;68
316470;SAO SEBASTIAO DO PARAISO;97,39;98,75;94,1
316480;SAO SEBASTIAO DO RIO PRETO;15,53;76,7;54,37
316490;SAO SEBASTIAO DO RIO VERDE;77,28;81,67;64,08
316500;SAO TIAGO;71,78;94,4;83,17
316510;SAO TOMAS DE AQUINO;78,45;95,81;81,68
316520;SAO THOME DAS LETRAS;79,62;84,51;73,62
316530;SAO VICENTE DE MINAS;86,99;99,32;89,24
316540;SAPUCAI-MIRIM;69,3;78,59;96,38
316550;SARDOA;27,7;91,62;35,68
316553;SARZEDO;85,61;97,36;98,42
316555;SETUBINHA;18,2;68,39;21,14
316556;SEM-PEIXE;45,16;80,22;48,81
316557;SENADOR AMARAL;63,69;82,57;86,56
316560;SENADOR CORTES;69,89;95,72;79,24
316570;SENADOR FIRMINO;51,58;93,22;78,36
316580;SENADOR JOSE BENTO;37,05;78,38;73,93
316590;SENADOR MODESTINO GONCALVES;49,09;80,57;41,13
316600;SENHORA DE OLIVEIRA;65,91;91,69;60,23
316610;SENHORA DO PORTO;41,72;83,84;38,24
316620;SENHORA DOS REMEDIOS;55,32;82,29;54,15
316630;SERICITA;46,58;86,46;54,66
316640;SERITINGA;80,39;91,84;83,33
316650;SERRA AZUL DE MINAS;41,06;65,74;34,52
316660;SERRA DA SAUDADE;53,29;94,11;81,31
316670;SERRA DOS AIMORES;20,48;94,51;78,05
316680;SERRA DO SALITRE;70,29;94,37;76,6
316690;SERRANIA;94,3;98,88;88,78
316695;SERRANOPOLIS DE MINAS;0,39;53,73;41,68
316700;SERRANOS;68,82;91,66;79,84
316710;SERRO;39,73;78,11;52,95
316720;SETE LAGOAS;93,85;99;97,42
316730;SILVEIRANIA;67,53;92,94;66,58
316740;SILVIANOPOLIS;89,76;93,3;63,95
316750;SIMAO PEREIRA;80,4;94,31;89,4
316760;SIMONESIA;38,93;81,66;48,73
316770;SOBRALIA;58,26;97,48;68,54
316780;SOLEDADE DE MINAS;61,55;84,59;86,38
316790;TABULEIRO;77,34;92,91;78,52
316800;TAIOBEIRAS;16,1;92,9;86,26
316805;TAPARUBA;59,93;89,85;67,06
316810;TAPIRA;65,14;91,69;62,89
316820;TAPIRAI;64;86,6;64,15
316830;TAQUARACU DE MINAS;42,77;75,47;56,54
316840;TARUMIRIM;52;89,99;61,03
316850;TEIXEIRAS;70,03;96,77;75,51
316860;TEOFILO OTONI;77,58;94,94;84,03
316870;TIMOTEO;93,56;97,61;99,06
316880;TIRADENTES;81,63;97,66;92,75
316890;TIROS;74,48;89,63;69,5
316900;TOCANTINS;81,04;98,13;83,7
316905;TOCOS DO MOJI;34,44;75,93;91,29
316910;TOLEDO;45,95;81,95;93,7
316920;TOMBOS;71,14;93,47;87,77
316930;TRES CORACOES;92,01;98,67;92,9
316935;TRES MARIAS;84,13;97,88;92,59
316940;TRES PONTAS;87,77;98,36;88,1
316950;TUMIRITINGA;34,88;94,25;69,6
316960;TUPACIGUARA;91,27;97,71;92,44
316970;TURMALINA;60,47;81,16;72,98
316980;TURVOLANDIA;61,76;89,93;76,96
316990;UBA;88,01;98,84;95,8
317000;UBAI;0,97;90,46;41,58
317005;UBAPORANGA;52,38;83,36;58,81
317010;UBERABA;97,04;99,18;98,1
317020;UBERLANDIA;98,18;99,52;98,62
317030;UMBURATIBA;68,5;94,15;78,04
317040;UNAI;78,67;92,38;81,34
317043;UNIAO DE MINAS;72,38;86,09;61,88
317047;URUANA DE MINAS;9,98;76,75;68,41
317050;URUCANIA;85,44;88,09;76,03
317052;URUCUIA;11,33;69,31;49,51
317057;VARGEM ALEGRE;73,16;92,83;79,89
317060;VARGEM BONITA;81,46;90,22;75,31
317065;VARGEM GRANDE DO RIO PARDO;1,34;61,05;50,84
317070;VARGINHA;97,76;99,4;97,63
317075;VARJAO DE MINAS;75,78;92,21;87,87
317080;VARZEA DA PALMA;11,8;95,03;86,79
317090;VARZELANDIA;13,69;86,33;38,68
317100;VAZANTE;83,42;94,74;87,4
317103;VERDELANDIA;20,25;81,63;55,48
317107;VEREDINHA;58,13;76,96;66,93
317110;VERISSIMO;63,49;90,1;67,75
317115;VERMELHO NOVO;35,74;87,9;45,08
317120;VESPASIANO;91,1;99,62;95,82
317130;VICOSA;88,98;98,29;95,05
317140;VIEIRAS;52,49;79,21;69,24
317150;MATHIAS LOBATO;81,51;98,38;62,72
317160;VIRGEM DA LAPA;42,3;68,79;51,05
317170;VIRGINIA;54,04;78,69;50,55
317180;VIRGINOPOLIS;54,02;92,4;65,86
317190;VIRGOLANDIA;69,5;82,14;50,34
317200;VISCONDE DO RIO BRANCO;85,5;97,01;90,66
317210;VOLTA GRANDE;71,53;97,13;86
317220;WENCESLAU BRAZ;18,14;44,96;97,45
320010;AFONSO CLAUDIO;53,92;87,73;59,39
320013;AGUIA BRANCA;32,92;89,53;39,31
320016;AGUA DOCE DO NORTE;41,83;88,18;59,68
320020;ALEGRE;61,13;93,17;78,33
320030;ALFREDO CHAVES;72,73;80,21;84,37
320035;ALTO RIO NOVO;58,11;93,56;60,67
320040;ANCHIETA;54,51;93,03;94,06
320050;APIACA;69,76;90,84;74,24
320060;ARACRUZ;82,58;97,56;93,74
320070;ATILIO VIVACQUA;73,6;94,18;85,69
320080;BAIXO GUANDU;77,8;94,81;80,54
320090;BARRA DE SAO FRANCISCO;57,75;96,39;70,01
320100;BOA ESPERANCA;50,03;98,7;72,47
320110;BOM JESUS DO NORTE;80,15;97,96;93,1
320115;BREJETUBA;46,96;86,74;57,27
320120;CACHOEIRO DE ITAPEMIRIM;89,6;98,32;96,81
320130;CARIACICA;80,36;99,47;94,06
320140;CASTELO;67,56;93,37;78,99
320150;COLATINA;85,9;97,96;91,65
320160;CONCEICAO DA BARRA;31,54;95,37;83,86
320170;CONCEICAO DO CASTELO;49,8;88,84;71,68
320180;DIVINO DE SAO LOURENCO;34,5;81,25;53,98
320190;DOMINGOS MARTINS;48,86;89,74;71,6
320200;DORES DO RIO PRETO;55,51;93,49;85,43
320210;ECOPORANGA;44,92;95,05;60,65
320220;FUNDAO;39,45;96,59;86,14
320225;GOVERNADOR LINDENBERG;41,81;95,05;52,48
320230;GUACUI;73,29;93,13;83,67
320240;GUARAPARI;66,09;97,29;95,12
320245;IBATIBA;55,71;86,74;68,28
320250;IBIRACU;77,39;96,84;90,91
320255;IBITIRAMA;39,4;81,62;58,63
320260;ICONHA;58,63;84,29;82,72
320265;IRUPI;34,05;79,57;51,45
320270;ITAGUACU;49,89;92,03;73,91
320280;ITAPEMIRIM;22,28;95,27;90,15
320290;ITARANA;61,48;91,28;74,35
320300;IUNA;64,62;83,83;67,13
320305;JAGUARE;61,55;97,49;76,51
320310;JERONIMO MONTEIRO;76,77;95,17;79,27
320313;JOAO NEIVA;81,25;98,57;91,49
320316;LARANJA DA TERRA;52,22;88,11;45,72
320320;LINHARES;68,29;97,96;88,76
320330;MANTENOPOLIS;61,59;95,63;64,7
320332;MARATAIZES;53,47;98,78;84,78
320334;MARECHAL FLORIANO;30,93;91,53;90,43
320335;MARILANDIA;58,92;94,83;70,74
320340;MIMOSO DO SUL;50,9;91,03;67,14
320350;MONTANHA;75,18;96,9;79,93
320360;MUCURICI;62,76;92,11;66,1
320370;MUNIZ FREIRE;44,28;87,06;62,33
320380;MUQUI;59,81;90,7;71,97
320390;NOVA VENECIA;65,48;97,01;70,21
320400;PANCAS;47,89;91,62;49,82
320405;PEDRO CANARIO;52,45;97,47;90,24
320410;PINHEIROS;74,98;97,01;79,66
320420;PIUMA;67,38;98,99;96,82
320425;PONTO BELO;71,27;97,37;80,2
320430;PRESIDENTE KENNEDY;38,02;92,37;71,8
320435;RIO BANANAL;34,28;95,79;56,74
320440;RIO NOVO DO SUL;47,12;88,37;89,78
320450;SANTA LEOPOLDINA;24,94;86,97;53,35
320455;SANTA MARIA DE JETIBA;45,92;85,81;60,23
320460;SANTA TERESA;64,42;91,66;84,51
320465;SAO DOMINGOS DO NORTE;46,94;95,18;51,67
320470;SAO GABRIEL DA PALHA;70,22;97,98;78,09
320480;SAO JOSE DO CALCADO;67,64;96,76;83,73
320490;SAO MATEUS;62,15;96,7;83,25
320495;SAO ROQUE DO CANAA;41,8;95,36;70,28
320500;SERRA;85,66;99,22;98,15
320501;SOORETAMA;46,53;97,08;69,45
320503;VARGEM ALTA;27,61;67,78;79,9
320506;VENDA NOVA DO IMIGRANTE;88,16;93,33;93,03
320510;VIANA;70,45;97,18;90,45
320515;VILA PAVAO;30,14;92,64;45,5
320517;VILA VALERIO;35,16;93,81;40,35
320520;VILA VELHA;86,46;99,78;99,1
320530;VITORIA;98,26;99,92;99,78
330010;ANGRA DOS REIS;85,44;92,53;98,91
330015;APERIBE;78,59;96,85;87,75
330020;ARARUAMA;64,85;96,13;93,62
330022;AREAL;45,8;85,66;96,03
330023;ARMACAO DOS BUZIOS;90,06;83,53;98,46
330025;ARRAIAL DO CABO;91,56;93,92;99,45
330030;BARRA DO PIRAI;78,12;95,87;97,45
330040;BARRA MANSA;82,21;98,35;98,86
330045;BELFORD ROXO;82,04;94,35;88,73
330050;BOM JARDIM;54,31;84,01;93,24
330060;BOM JESUS DO ITABAPOANA;81,41;96,35;90,62
330070;CABO FRIO;82,97;90,23;97,41
330080;CACHOEIRAS DE MACACU;66,28;88,76;89,53
330090;CAMBUCI;59,53;89,49;76,37
330093;CARAPEBUS;78,08;95,11;87,18
330095;COMENDADOR LEVY GASPARIAN;80,09;97,67;95,9
330100;CAMPOS DOS GOYTACAZES;58,17;97,69;95,75
330110;CANTAGALO;72,48;94,49;87,78
330115;CARDOSO MOREIRA;60,31;91,41;77,81
330120;CARMO;72,01;96,41;94,62
330130;CASIMIRO DE ABREU;75,42;98,14;98,37
330140;CONCEICAO DE MACABU;64,98;95,7;93,24
330150;CORDEIRO;83,98;96,6;97,26
330160;DUAS BARRAS;48,83;81,1;92,26
330170;DUQUE DE CAXIAS;86,08;94,78;95,88
330180;ENGENHEIRO PAULO DE FRONTIN;62,36;88,92;98,59
330185;GUAPIMIRIM;69,44;89,71;93,22
330187;IGUABA GRANDE;87,2;85,37;98,7
330190;ITABORAI;65,88;89,43;92,91
330200;ITAGUAI;78,07;95,55;97,16
330205;ITALVA;72,93;95,26;84,11
330210;ITAOCARA;72,2;96,28;81,2
330220;ITAPERUNA;88,26;96,62;93,18
330225;ITATIAIA;88,64;93,42;97,72
330227;JAPERI;68,99;95,7;85,32
330230;LAJE DO MURIAE;69,35;94,61;79,29
330240;MACAE;82,8;94,18;97,99
330245;MACUCO;97,45;99,4;95,82
330250;MAGE;63,96;85,93;95,85
330260;MANGARATIBA;78,3;63,92;97,76
330270;MARICA;64,26;93,08;93,17
330280;MENDES;62,05;93,5;96,95
330285;MESQUITA;93,75;96,47;98,76
330290;MIGUEL PEREIRA;69,97;90,41;96,9
330300;MIRACEMA;87,88;97,75;95,96
330310;NATIVIDADE;76,7;97,53;89,04
330320;NILOPOLIS;98,71;98,6;99,65
330330;NITEROI;92,1;99,05;98,98
330340;NOVA FRIBURGO;83,47;89,24;98,8
330350;NOVA IGUACU;83,89;96,55;94,7
330360;PARACAMBI;83,04;89,26;94,43
330370;PARAIBA DO SUL;82,54;97,22;94,25
330380;PARATY;57,01;81,92;92,74
330385;PATY DO ALFERES;57,72;89,56;88,94
330390;PETROPOLIS;82,89;77,38;99,12
330395;PINHEIRAL;91,85;97,47;98,03
330400;PIRAI;80,36;96,34;93,99
330410;PORCIUNCULA;75,49;93,13;82,82
330411;PORTO REAL;93,02;99,11;98,83
330412;QUATIS;83,15;98,01;94,31
330414;QUEIMADOS;84,18;97,97;94,15
330415;QUISSAMA;85,43;95,54;94,87
330420;RESENDE;95,03;98,3;98,72
330430;RIO BONITO;76,45;92,56;92,51
330440;RIO CLARO;65,22;82,14;88,67
330450;RIO DAS FLORES;69,94;91,9;91,53
330452;RIO DAS OSTRAS;85,87;90,61;99,43
330455;RIO DE JANEIRO;94,9;99,04;99,25
330460;SANTA MARIA MADALENA;54,65;71,55;84,43
330470;SANTO ANTONIO DE PADUA;82,2;95,03;88,59
330475;SAO FRANCISCO DE ITABAPOANA;13,06;95,88;76,13
330480;SAO FIDELIS;75,27;92,71;81,9
330490;SAO GONCALO;82,01;92,86;93,78
330500;SAO JOAO DA BARRA;36,76;98,17;93,64
330510;SAO JOAO DE MERITI;94,44;97,72;98,17
330513;SAO JOSE DE UBA;65,6;88,01;82,72
330515;SAO JOSE DO VALE DO RIO PRETO;40,22;90,17;96,77
330520;SAO PEDRO DA ALDEIA;81,36;89,8;96,06
330530;SAO SEBASTIAO DO ALTO;48,89;93,04;64,6
330540;SAPUCAIA;68,14;92,6;83,45
330550;SAQUAREMA;55,45;93,88;93,71
330555;SEROPEDICA;65,2;98,71;92,74
330560;SILVA JARDIM;61,15;96,23;89,42
330570;SUMIDOURO;29,79;69,94;83,86
330575;TANGUA;59,13;93,55;93,56
330580;TERESOPOLIS;69,27;83,96;96,98
330590;TRAJANO DE MORAES;32,01;65,79;69,02
330600;TRES RIOS;82,96;98,45;97,3
330610;VALENCA;73,4;94,92;94,68
330615;VARRE-SAI;65,95;91,38;75,28
330620;VASSOURAS;74,59;94,98;95,63
330630;VOLTA REDONDA;96,35;99,64;99,75
350010;ADAMANTINA;95,94;99,67;95,99
350020;ADOLFO;94,42;97,75;96
350030;AGUAI;90,53;98,9;91,09
350040;AGUAS DA PRATA;85,63;97,64;96,64
350050;AGUAS DE LINDOIA;93,26;98,1;97,97
350055;AGUAS DE SANTA BARBARA;75,57;91,61;87,55
350060;AGUAS DE SAO PEDRO;97,98;100;99,9
350070;AGUDOS;95,23;98,81;97,11
350075;ALAMBARI;58,49;97,9;92,33
350080;ALFREDO MARCONDES;84,5;99,04;86,65
350090;ALTAIR;99,67;99,5;86,05
350100;ALTINOPOLIS;88,65;97,71;91,2
350110;ALTO ALEGRE;83,34;97,31;80
350115;ALUMINIO;85,05;95,2;98,71
350120;ALVARES FLORENCE;82,57;98,18;71,64
350130;ALVARES MACHADO;88,57;99,34;91,52
350140;ALVARO DE CARVALHO;93,87;99,61;91,89
350150;ALVINLANDIA;90;99,01;96,05
350160;AMERICANA;98,82;99,65;99,91
350170;AMERICO BRASILIENSE;99,22;99,88;99,53
350180;AMERICO DE CAMPOS;87,2;98,38;87,24
350190;AMPARO;89,71;96,4;97,42
350200;ANALANDIA;77,51;97,74;86,39
350210;ANDRADINA;91,18;98,86;94,16
350220;ANGATUBA;84,49;95,16;90,25
350230;ANHEMBI;90,01;95,93;92,1
350240;ANHUMAS;87;98,18;83,54
350250;APARECIDA;96,79;99,52;98,15
350260;APARECIDA D'OESTE;82,04;99,61;85,19
350270;APIAI;55,47;90,53;88,93
350275;ARACARIGUAMA;66,58;89,93;91,23
350280;ARACATUBA;98;99,62;98,98
350290;ARACOIABA DA SERRA;53,73;96,22;97,61
350300;ARAMINA;93,27;97,94;93,63
350310;ARANDU;87,89;96,37;90,2
350315;ARAPEI;60,81;95,73;90,95
350320;ARARAQUARA;98,62;99,49;99,3
350330;ARARAS;98,73;99,45;99,01
350335;ARCO-IRIS;67,49;96,58;72,63
350340;AREALVA;90,26;98,5;86,28
350350;AREIAS;65,44;96,67;81,79
350360;AREIOPOLIS;98,91;99,57;98,81
350370;ARIRANHA;95,66;95,76;96,85
350380;ARTUR NOGUEIRA;90,93;96,64;98,29
350390;ARUJA;86,28;98,76;99,3
350395;ASPASIA;74,21;99,18;79,01
350400;ASSIS;97,99;99,76;98,59
350410;ATIBAIA;81,52;97,97;98,18
350420;AURIFLAMA;92,37;98,67;90,99
350430;AVAI;76,12;89,12;86,68
350440;AVANHANDAVA;94,17;99,8;95,24
350450;AVARE;95,6;98,85;97,2
350460;BADY BASSITT;93,55;99,07;97,24
350470;BALBINOS;91,51;92,78;89,81
350480;BALSAMO;92,09;99,02;92,62
350490;BANANAL;85,59;92,36;90,92
350500;BARAO DE ANTONINA;56;90,25;92,39
350510;BARBOSA;89,96;98,58;90,15
350520;BARIRI;97,91;99,61;95,75
350530;BARRA BONITA;98,96;99,67;98,76
350535;BARRA DO CHAPEU;25,59;80,21;77,53
350540;BARRA DO TURVO;45,09;59,86;80,45
350550;BARRETOS;96,59;99,61;96,87
350560;BARRINHA;98,38;99,51;98,75
350570;BARUERI;95,58;99,57;99,93
350580;BASTOS;89,28;99,5;87,69
350590;BATATAIS;97,29;99,74;96,85
350600;BAURU;98,42;99,61;99,4
350610;BEBEDOURO;96,63;99,86;96,38
350620;BENTO DE ABREU;97,91;99,88;92,69
350630;BERNARDINO DE CAMPOS;93,15;99,31;93,16
350635;BERTIOGA;78,62;90,88;99,67
350640;BILAC;91,34;99,71;92,02
350650;BIRIGUI;97,63;99,46;97,85
350660;BIRITIBA-MIRIM;80,35;97,9;94,49
350670;BOA ESPERANCA DO SUL;95,95;99,01;93,95
350680;BOCAINA;95,35;99,31;96,01
350690;BOFETE;72,09;95,51;92,13
350700;BOITUVA;89,05;98,76;98,45
350710;BOM JESUS DOS PERDOES;96,4;98,23;99,37
350715;BOM SUCESSO DE ITARARE;64,38;76,18;94,95
350720;BORA;84,93;98,74;82,01
350730;BORACEIA;93,47;99,6;90,29
350740;BORBOREMA;92,56;98,91;91,95
350745;BOREBI;87,87;95,72;91,01
350750;BOTUCATU;96,03;98,85;97,68
350760;BRAGANCA PAULISTA;87,83;98,52;99,34
350770;BRAUNA;88,92;96,92;90,24
350775;BREJO ALEGRE;83,6;98,89;95,32
350780;BRODOWSKI;98,36;99,61;97,84
350790;BROTAS;92,25;99,23;96,96
350800;BURI;79,5;96,3;84,56
350810;BURITAMA;91,04;98,53;95,47
350820;BURITIZAL;89,15;98,18;86,3
350830;CABRALIA PAULISTA;86,44;97,17;89,35
350840;CABREUVA;90,08;98,64;98,44
350850;CACAPAVA;87,27;99,45;98,93
350860;CACHOEIRA PAULISTA;90,37;98,18;96,05
350870;CACONDE;68,4;92,27;83,74
350880;CAFELANDIA;89,82;95,97;90,1
350890;CAIABU;74,83;98,78;84,1
350900;CAIEIRAS;92,33;97,67;99,76
350910;CAIUA;47,11;72,38;59,25
350920;CAJAMAR;77,33;97,04;99,01
350925;CAJATI;69,8;90,63;95,95
350930;CAJOBI;98,39;99,58;94,1
350940;CAJURU;88,83;98,17;96,18
350945;CAMPINA DO MONTE ALEGRE;92,37;97,57;95,85
350950;CAMPINAS;91,85;99,44;99,55
350960;CAMPO LIMPO PAULISTA;77,05;99,48;99,64
350970;CAMPOS DO JORDAO;85,1;92,08;99,14
350980;CAMPOS NOVOS PAULISTA;78,85;97,58;79,87
350990;CANANEIA;77,74;90,79;90,77
350995;CANAS;86,39;99,09;96,34
351000;CANDIDO MOTA;93,89;99,74;95,6
351010;CANDIDO RODRIGUES;86,41;99,66;90,55
351015;CANITAR;88,34;99,1;98,28
351020;CAPAO BONITO;86,35;97,03;90,64
351030;CAPELA DO ALTO;63,45;98,86;97,94
351040;CAPIVARI;89,56;95,89;97,99
351050;CARAGUATATUBA;88,59;97,83;99,26
351060;CARAPICUIBA;88,03;98,35;99,48
351070;CARDOSO;87,71;99,64;94,39
351080;CASA BRANCA;91,85;99,61;91,2
351090;CASSIA DOS COQUEIROS;66,91;96,77;81,6
351100;CASTILHO;82,24;91,19;80,23
351110;CATANDUVA;99,06;99,84;99,31
351120;CATIGUA;90,8;99,69;94,28
351130;CEDRAL;95,41;94,68;91,71
351140;CERQUEIRA CESAR;91,32;98,84;93,96
351150;CERQUILHO;95,52;98,51;98,94
351160;CESARIO LANGE;73,06;98,25;96,24
351170;CHARQUEADA;87,77;99,75;97,14
351190;CLEMENTINA;96,25;99,81;96,2
351200;COLINA;94,84;99,42;94,33
351210;COLOMBIA;83,07;98,95;81,42
351220;CONCHAL;99,09;99,74;97,28
351230;CONCHAS;79,88;94,92;95,29
351240;CORDEIROPOLIS;92,37;97,84;98,32
351250;COROADOS;82,5;99,82;84,5
351260;CORONEL MACEDO;76,71;99,01;83,77
351270;CORUMBATAI;66,94;95,46;80,3
351280;COSMOPOLIS;94,91;99,02;99,51
351290;COSMORAMA;74,16;98,12;79,65
351300;COTIA;81,94;99,03;99,29
351310;CRAVINHOS;97,79;99,71;98,18
351320;CRISTAIS PAULISTA;77,91;97,1;85,99
351330;CRUZALIA;68,04;99,35;85,5
351340;CRUZEIRO;96,38;98,56;98,69
351350;CUBATAO;63,42;87,97;99,05
351360;CUNHA;53,47;85,61;66,13
351370;DESCALVADO;93,37;98,14;92,56
351380;DIADEMA;97,5;99,59;99,61
351385;DIRCE REIS;79,63;100;84,21
351390;DIVINOLANDIA;69,91;94,53;77,39
351400;DOBRADA;98,85;99,92;98,27
351410;DOIS CORREGOS;95,72;98,37;95,96
351420;DOLCINOPOLIS;94,11;99,72;94,65
351430;DOURADO;97,43;99,58;97
351440;DRACENA;94,2;99,05;96,02
351450;DUARTINA;94,57;99,31;92,35
351460;DUMONT;97,11;99,16;97,78
351470;ECHAPORA;85,09;97,27;86,57
351480;ELDORADO;63,45;84,43;78,49
351490;ELIAS FAUSTO;88,4;93,87;94,01
351492;ELISIARIO;100;100;97,18
351495;EMBAUBA;85,64;99,63;86,64
351500;EMBU DAS ARTES;79,63;99,47;99,32
351510;EMBU-GUACU;56,98;97,2;97,88
351512;EMILIANOPOLIS;83,86;96,06;88
351515;ENGENHEIRO COELHO;87,07;91,86;95,38
351518;ESPIRITO SANTO DO PINHAL;93,48;98,93;95,24
351519;ESPIRITO SANTO DO TURVO;83,97;95,49;92,6
351520;ESTRELA D'OESTE;81,85;99,52;86,05
351530;ESTRELA DO NORTE;85,6;98,5;77,22
351535;EUCLIDES DA CUNHA PAULISTA;63,01;88,76;67,36
351540;FARTURA;91,23;96,36;91,1
351550;FERNANDOPOLIS;98,26;99,81;97,26
351560;FERNANDO PRESTES;85,32;99,35;87,74
351565;FERNAO;66,73;94,16;91,24
351570;FERRAZ DE VASCONCELOS;85,57;99,18;99,12
351580;FLORA RICA;99,52;96,94;84,56
351590;FLOREAL;91,33;99,44;84,77
351600;FLORIDA PAULISTA;91,07;99,14;90,63
351610;FLORINIA;91,82;96,81;92,57
351620;FRANCA;98,51;99,79;99,55
351630;FRANCISCO MORATO;59,14;98,81;97,89
351640;FRANCO DA ROCHA;74,88;97,82;98,22
351650;GABRIEL MONTEIRO;85,22;96,55;88,68
351660;GALIA;88,49;97,2;84,72
351670;GARCA;95,38;99,28;93,28
351680;GASTAO VIDIGAL;94,43;99,3;90,99
351685;GAVIAO PEIXOTO;87,85;99,47;93,4
351690;GENERAL SALGADO;89,6;99,67;90,69
351700;GETULINA;85,48;98,02;88,41
351710;GLICERIO;74,87;99,44;87,4
351720;GUAICARA;88,97;98,95;94,73
351730;GUAIMBE;96,51;98,87;90,24
351740;GUAIRA;98,4;99,91;96,65
351750;GUAPIACU;88,99;93,5;93,11
351760;GUAPIARA;42,49;82,07;79,26
351770;GUARA;96,76;98,95;97,38
351780;GUARACAI;83,49;94,56;83,42
351790;GUARACI;94;98,74;92,55
351800;GUARANI D'OESTE;87,37;99,29;91,77
351810;GUARANTA;87,61;97,54;86,43
351820;GUARARAPES;94,72;99,52;94,64
351830;GUARAREMA;71,44;98,62;97,73
351840;GUARATINGUETA;91,47;99,09;98,92
351850;GUAREI;58,94;95,94;88,64
351860;GUARIBA;98,96;99,8;99,41
351870;GUARUJA;83,48;93,65;99,17
351880;GUARULHOS;89,38;99,15;99,64
351885;GUATAPARA;80,87;94,37;87,08
351890;GUZOLANDIA;85,34;99,68;86,06
351900;HERCULANDIA;87,73;99,46;92,17
351905;HOLAMBRA;75,34;97,24;96,43
351907;HORTOLANDIA;52,36;99,69;99,65
351910;IACANGA;93,14;98,71;91,59
351920;IACRI;82,65;98,99;81,6
351925;IARAS;58,78;75,18;65,61
351930;IBATE;98,74;99,74;98,59
351940;IBIRA;88,99;99,21;94,32
351950;IBIRAREMA;88,73;99,77;92,97
351960;IBITINGA;97,82;99,71;96,61
351970;IBIUNA;49,05;95,4;83,98
351980;ICEM;99,28;99,75;96,63
351990;IEPE;85,95;98,24;90,55
352000;IGARACU DO TIETE;99,34;99,94;99,36
352010;IGARAPAVA;95,52;96,54;97,02
352020;IGARATA;85,05;85,26;93,06
352030;IGUAPE;76,77;90,59;83,27
352040;ILHABELA;36,34;81,91;99,27
352042;ILHA COMPRIDA;94,34;98,91;97,91
352044;ILHA SOLTEIRA;94,21;98,99;93,59
352050;INDAIATUBA;97,4;99,33;99,33
352060;INDIANA;71,85;99,62;91,63
352070;INDIAPORA;87,96;99,58;92,68
352080;INUBIA PAULISTA;95,41;92,52;91,93
352090;IPAUSSU;98,1;99,39;97,88
352100;IPERO;79,3;96,55;96,57
352110;IPEUNA;84,87;99,1;92,3
352115;IPIGUA;77,9;90,86;88,01
352120;IPORANGA;69,17;84,58;72,71
352130;IPUA;95,87;99,17;96,48
352140;IRACEMAPOLIS;97,94;99,89;99,49
352150;IRAPUA;90,3;99,25;89,1
352160;IRAPURU;82,02;97,34;86,67
352170;ITABERA;72,45;91,89;79,8
352180;ITAI;84,69;96,76;89,7
352190;ITAJOBI;89,65;98,6;85,69
352200;ITAJU;99,39;99,49;79,16
352210;ITANHAEM;81,7;97,7;96,76
352215;ITAOCA;35,31;82,54;88,3
352220;ITAPECERICA DA SERRA;52,76;98,25;98,87
352230;ITAPETININGA;92,86;98,92;96,39
352240;ITAPEVA;85;96,77;91,15
352250;ITAPEVI;83,48;98,66;99,22
352260;ITAPIRA;97,16;98,4;98,54
352265;ITAPIRAPUA PAULISTA;50,65;77,92;80,93
352270;ITAPOLIS;91,98;99,57;92,03
352280;ITAPORANGA;80,62;95,68;84,24
352290;ITAPUI;98,41;93,56;96,47
352300;ITAPURA;33,85;94,59;84,66
352310;ITAQUAQUECETUBA;80,83;98,64;98,81
352320;ITARARE;86,65;98,46;94,88
352330;ITARIRI;57,75;91,88;89,22
352340;ITATIBA;94,13;97,42;99,48
352350;ITATINGA;91,23;98,15;94,28
352360;ITIRAPINA;86,11;95,71;95,27
352370;ITIRAPUA;89,54;96,37;86,74
352380;ITOBI;92,18;98,69;92,62
352390;ITU;97,22;98,29;97,51
352400;ITUPEVA;90,17;97,36;97,66
352410;ITUVERAVA;97,99;99,83;97,46
352420;JABORANDI;99,65;99,81;93,77
352430;JABOTICABAL;98,47;99,72;98,17
352440;JACAREI;95,24;99,43;98,94
352450;JACI;88,21;99,49;90,49
352460;JACUPIRANGA;80,84;88,75;81,02
352470;JAGUARIUNA;95,2;99,57;99,27
352480;JALES;94,2;99,78;94,75
352490;JAMBEIRO;64,62;95,69;95,15
352500;JANDIRA;90,6;99,8;99,92
352510;JARDINOPOLIS;98,26;98,17;96,98
352520;JARINU;53,74;97,03;96,41
352530;JAU;98,48;99,73;98,74
352540;JERIQUARA;99,28;97,63;92,06
352550;JOANOPOLIS;81,55;96,64;99,15
352560;JOAO RAMALHO;85,24;95,49;89,12
352570;JOSE BONIFACIO;89,86;99,74;92,96
352580;JULIO MESQUITA;92,2;99,49;94,83
352585;JUMIRIM;65,93;93,09;96,13
352590;JUNDIAI;96,89;99,1;99,85
352600;JUNQUEIROPOLIS;92,33;97,41;89,45
352610;JUQUIA;62,2;85,22;81,56
352620;JUQUITIBA;46,96;96,22;86,65
352630;LAGOINHA;67,02;90,62;87,85
352640;LARANJAL PAULISTA;92,7;99,06;96,56
352650;LAVINIA;86,41;99,44;86,69
352660;LAVRINHAS;80,26;95,21;94,94
352670;LEME;98,42;99,64;98,59
352680;LENCOIS PAULISTA;98,24;99,71;98,61
352690;LIMEIRA;97,08;99,12;98,95
352700;LINDOIA;84,53;96,49;98,24
352710;LINS;98,49;99,78;98,83
352720;LORENA;97,33;98,92;98,11
352725;LOURDES;81,49;94,53;93,27
352730;LOUVEIRA;94,66;98,16;99,09
352740;LUCELIA;95,16;99,4;95,38
352750;LUCIANOPOLIS;83,81;98,59;90,42
352760;LUIS ANTONIO;98,19;99,68;97,6
352770;LUIZIANIA;92,37;99,11;92,36
352780;LUPERCIO;97,21;99,47;93,6
352790;LUTECIA;85,54;98,59;81,41
352800;MACATUBA;97,57;99,22;98,22
352810;MACAUBAL;91,21;99,63;89,91
352820;MACEDONIA;75,22;99,37;80,8
352830;MAGDA;85,86;99,92;88,24
352840;MAIRINQUE;81,3;97,45;95,12
352850;MAIRIPORA;68,55;88,23;95,57
352860;MANDURI;93,2;99,07;91,95
352870;MARABA PAULISTA;57,02;88,71;60,68
352880;MARACAI;85,86;94,89;92,97
352885;MARAPOAMA;85,6;99,33;88,97
352890;MARIAPOLIS;79,49;96,84;86,28
352900;MARILIA;97,04;99,37;98,35
352910;MARINOPOLIS;85,65;99,13;81,88
352920;MARTINOPOLIS;89,8;97,15;90,88
352930;MATAO;98,6;99,85;99,05
352940;MAUA;91,26;99,66;99,8
352950;MENDONCA;83,47;99,55;92,92
352960;MERIDIANO;86,61;99,84;81,77
352965;MESOPOLIS;80,4;97,69;82,1
352970;MIGUELOPOLIS;94,06;97,2;95,5
352980;MINEIROS DO TIETE;95,81;99,51;96,02
352990;MIRACATU;60,17;80,64;75,08
353000;MIRA ESTRELA;79,32;99,22;89,86
353010;MIRANDOPOLIS;85,76;97,22;90,66
353020;MIRANTE DO PARANAPANEMA;46,21;92,11;62,09
353030;MIRASSOL;97,72;98,8;98,08
353040;MIRASSOLANDIA;99,72;98,51;90,02
353050;MOCOCA;93,35;98,29;94,76
353060;MOGI DAS CRUZES;86,79;97,54;98,26
353070;MOGI GUACU;96,31;99,7;98,51
353080;MOGI MIRIM;95,25;98,91;96,68
353090;MOMBUCA;82,15;99,26;93,41
353100;MONCOES;84,09;95,86;87,84
353110;MONGAGUA;86,66;98,34;99,04
353120;MONTE ALEGRE DO SUL;62,38;95,9;96,98
353130;MONTE ALTO;95,45;99,64;95,85
353140;MONTE APRAZIVEL;89,28;99,82;92,31
353150;MONTE AZUL PAULISTA;92,8;99,66;93,15
353160;MONTE CASTELO;79,87;93,89;81,38
353170;MONTEIRO LOBATO;49,81;87,42;96,71
353180;MONTE MOR;68,43;99,17;97,91
353190;MORRO AGUDO;95,31;99,18;95,1
353200;MORUNGABA;89,03;99,09;96,76
353205;MOTUCA;72,73;97,86;89,76
353210;MURUTINGA DO SUL;74,84;95,83;69,91
353215;NANTES;95,26;99,64;92,9
353220;NARANDIBA;71,41;91,47;79,04
353230;NATIVIDADE DA SERRA;68,44;76,97;75,76
353240;NAZARE PAULISTA;62,94;80,17;84,49
353250;NEVES PAULISTA;90,98;99,66;94,21
353260;NHANDEARA;85,88;98,29;88,98
353270;NIPOA;92,58;98,35;93,37
353280;NOVA ALIANCA;91,53;99,34;93,95
353282;NOVA CAMPINA;54,39;61,94;88,45
353284;NOVA CANAA PAULISTA;42,95;98,12;65,64
353286;NOVA CASTILHO;70;99,21;73,95
353290;NOVA EUROPA;95,81;99,27;96,52
353300;NOVA GRANADA;92,38;99,39;95,04
353310;NOVA GUATAPORANGA;86,32;95,13;88,42
353320;NOVA INDEPENDENCIA;77,45;92,38;82,46
353325;NOVAIS;95,63;99,55;90,59
353330;NOVA LUZITANIA;89,34;97,58;95,52
353340;NOVA ODESSA;96,23;99,8;99,56
353350;NOVO HORIZONTE;94,65;99,43;93,94
353360;NUPORANGA;94,19;99,36;94,89
353370;OCAUCU;89,02;96,34;84,63
353380;OLEO;64,76;98,25;86,28
353390;OLIMPIA;96,82;96,94;94,99
353400;ONDA VERDE;83,53;96,32;91,64
353410;ORIENTE;94,55;99,27;97,09
353420;ORINDIUVA;92,1;99,95;92,43
353430;ORLANDIA;98,71;98,84;98,38
353440;OSASCO;90,18;99,2;99,29
353450;OSCAR BRESSANE;84,29;98,17;84,86
353460;OSVALDO CRUZ;95,33;99,29;94,22
353470;OURINHOS;96,89;98,76;98,98
353475;OUROESTE;88,7;99,24;92,84
353480;OURO VERDE;65,57;98,36;92,46
353490;PACAEMBU;83,29;98,19;90,86
353500;PALESTINA;73,32;99,39;86,62
353510;PALMARES PAULISTA;97,7;99,52;98,55
353520;PALMEIRA D'OESTE;78,1;99,18;80,2
353530;PALMITAL;92,64;99,09;92,59
353540;PANORAMA;92,24;98,98;96,87
353550;PARAGUACU PAULISTA;93,38;99,28;94,07
353560;PARAIBUNA;64,19;85,57;89,13
353570;PARAISO;86,67;99,32;92,1
353580;PARANAPANEMA;80,94;96,87;89,2
353590;PARANAPUA;88,43;99,92;89,89
353600;PARAPUA;94,3;99,1;86,2
353610;PARDINHO;85,47;91,25;89,5
353620;PARIQUERA-ACU;74,66;96,82;80,56
353625;PARISI;82,7;99,29;85,79
353630;PATROCINIO PAULISTA;88,16;96,93;92,17
353640;PAULICEIA;45,07;99,49;89,82
353650;PAULINIA;94,14;99,38;99,28
353657;PAULISTANIA;63,26;91,04;77,77
353660;PAULO DE FARIA;90,75;98,74;90,89
353670;PEDERNEIRAS;93,05;97,31;94,68
353680;PEDRA BELA;45,82;80,12;96,12
353690;PEDRANOPOLIS;62,85;98,07;76,1
353700;PEDREGULHO;82,36;94,5;92,48
353710;PEDREIRA;97,63;99,04;99,44
353715;PEDRINHAS PAULISTA;83,35;99,34;87,9
353720;PEDRO DE TOLEDO;81,35;88,57;83,11
353730;PENAPOLIS;96,91;99,73;96,58
353740;PEREIRA BARRETO;94,78;99,24;93,26
353750;PEREIRAS;76,66;99,03;94,37
353760;PERUIBE;82,15;96,38;98,53
353770;PIACATU;91,84;99,57;93,93
353780;PIEDADE;46,29;92,27;86,38
353790;PILAR DO SUL;81,79;98,46;96,73
353800;PINDAMONHANGABA;95,83;99,05;98,59
353810;PINDORAMA;94,53;99,54;95,13
353820;PINHALZINHO;67,17;92,58;96,22
353830;PIQUEROBI;67,89;93,43;76,71
353850;PIQUETE;77,1;95,74;97,76
353860;PIRACAIA;78,26;96,09;95,51
353870;PIRACICABA;97,95;99,63;99,44
353880;PIRAJU;90,71;98,68;94,25
353890;PIRAJUI;91,32;98,61;92,44
353900;PIRANGI;97,63;99,44;90,87
353910;PIRAPORA DO BOM JESUS;73,26;97,15;97,05
353920;PIRAPOZINHO;93,63;99,77;95,63
353930;PIRASSUNUNGA;95,09;99,42;95,11
353940;PIRATININGA;85,39;94,26;91,07
353950;PITANGUEIRAS;97,58;99,44;97,39
353960;PLANALTO;99,51;98,59;87,56
353970;PLATINA;79,87;93,09;88,21
353980;POA;96,05;99,29;99,58
353990;POLONI;89,75;99,23;90,03
354000;POMPEIA;95,16;99,62;95,05
354010;PONGAI;95,13;99,67;92,73
354020;PONTAL;99,36;99,47;99,03
354025;PONTALINDA;83,64;99,09;86,22
354030;PONTES GESTAL;99,89;99,41;87,22
354040;POPULINA;89,07;99,27;87,15
354050;PORANGABA;64,37;93,06;88,94
354060;PORTO FELIZ;92,36;98,12;96,1
354070;PORTO FERREIRA;98,91;99,23;98,45
354075;POTIM;97,69;99,46;98,99
354080;POTIRENDABA;89,64;99,39;96,42
354085;PRACINHA;87,06;99,02;95,88
354090;PRADOPOLIS;95,16;96,74;94,04
354100;PRAIA GRANDE;93,79;98,9;99,69
354105;PRATANIA;82,68;98,91;90,61
354110;PRESIDENTE ALVES;89,61;96,59;88,12
354120;PRESIDENTE BERNARDES;75,84;97,95;81,35
354130;PRESIDENTE EPITACIO;84,68;94,82;93,73
354140;PRESIDENTE PRUDENTE;98,07;99,84;98,7
354150;PRESIDENTE VENCESLAU;95,81;98,68;95,43
354160;PROMISSAO;88,95;99,55;86,77
354165;QUADRA;29,37;99,03;94,98
354170;QUATA;94,22;99,27;94,87
354180;QUEIROZ;87,6;99,89;93,63
354190;QUELUZ;73,21;84,72;90,83
354200;QUINTANA;91,84;98,97;93,99
354210;RAFARD;92,13;98,45;98,29
354220;RANCHARIA;92,58;98,24;92,37
354230;REDENCAO DA SERRA;44,13;84,6;75,87
354240;REGENTE FEIJO;91,77;99,73;95,03
354250;REGINOPOLIS;81,67;98,64;86,28
354260;REGISTRO;87,9;98,4;91,9
354270;RESTINGA;86,75;98,19;90,19
354280;RIBEIRA;34,85;62,87;86,7
354290;RIBEIRAO BONITO;91,93;99,13;94,43
354300;RIBEIRAO BRANCO;51,86;89,31;73,74
354310;RIBEIRAO CORRENTE;77,39;98;89,77
354320;RIBEIRAO DO SUL;68,27;89,78;86,8
354323;RIBEIRAO DOS INDIOS;84,45;96,92;86,06
354325;RIBEIRAO GRANDE;46,25;88,96;87,67
354330;RIBEIRAO PIRES;86,59;99;99,52
354340;RIBEIRAO PRETO;98,61;99,4;99,68
354350;RIVERSUL;71,59;94,47;82,74
354360;RIFAINA;98,09;97,49;96,7
354370;RINCAO;98,75;99,68;94,89
354380;RINOPOLIS;88,67;99,02;87,88
354390;RIO CLARO;98,66;99,77;98,91
354400;RIO DAS PEDRAS;99;99,25;98,18
354410;RIO GRANDE DA SERRA;78,09;99,58;98,69
354420;RIOLANDIA;90,05;98,71;90,53
354425;ROSANA;83,01;94,76;84,73
354430;ROSEIRA;91,62;98,63;96,77
354440;RUBIACEA;77,48;99,66;94
354450;RUBINEIA;71,99;98,79;91,17
354460;SABINO;87,29;98,84;90,88
354470;SAGRES;98,45;98,57;82,82
354480;SALES;94,17;95,44;91,31
354490;SALES OLIVEIRA;94;99,38;93,6
354500;SALESOPOLIS;82,99;94,55;96,58
354510;SALMOURAO;88,65;99,04;91,17
354515;SALTINHO;89,51;99,22;99,21
354520;SALTO;98,06;99,2;99,15
354530;SALTO DE PIRAPORA;80,93;99,04;98,94
354540;SALTO GRANDE;36,8;98,96;91,7
354550;SANDOVALINA;67;87,01;70,42
354560;SANTA ADELIA;94,55;99,44;95,53
354570;SANTA ALBERTINA;84,39;98,91;89,88
354580;SANTA BARBARA D'OESTE;98,66;99,54;99,73
354600;SANTA BRANCA;76,1;96,45;97,1
354610;SANTA CLARA D'OESTE;75,72;98,56;81,94
354620;SANTA CRUZ DA CONCEICAO;94,85;98,77;89,78
354625;SANTA CRUZ DA ESPERANCA;69,52;95,47;87,77
354630;SANTA CRUZ DAS PALMEIRAS;98,07;99,41;97,89
354640;SANTA CRUZ DO RIO PARDO;89,61;99,36;92,67
354650;SANTA ERNESTINA;93,29;99,94;96,07
354660;SANTA FE DO SUL;96,74;99,66;97,44
354670;SANTA GERTRUDES;99,02;99,84;98,78
354680;SANTA ISABEL;77,9;96,2;96,08
354690;SANTA LUCIA;95,98;100;97,55
354700;SANTA MARIA DA SERRA;99,17;98,99;95,18
354710;SANTA MERCEDES;71,26;97,76;90,28
354720;SANTANA DA PONTE PENSA;73,57;99,66;75,76
354730;SANTANA DE PARNAIBA;72,74;96,36;99,48
354740;SANTA RITA D'OESTE;66,92;99,23;71,54
354750;SANTA RITA DO PASSA QUATRO;93,86;98,99;93,94
354760;SANTA ROSA DE VITERBO;99,34;99,48;99,04
354765;SANTA SALETE;59,21;98,82;76,44
354770;SANTO ANASTACIO;93,38;99,48;93,23
354780;SANTO ANDRE;96,41;98,36;99,91
354790;SANTO ANTONIO DA ALEGRIA;83,42;96,47;92,12
354800;SANTO ANTONIO DE POSSE;85,22;98,16;96,87
354805;SANTO ANTONIO DO ARACANGUA;88,17;96,29;85,11
354810;SANTO ANTONIO DO JARDIM;64,45;96,64;80,35
354820;SANTO ANTONIO DO PINHAL;66,72;78,2;97,89
354830;SANTO EXPEDITO;77,54;96,37;93,58
354840;SANTOPOLIS DO AGUAPEI;97,55;98,89;97,4
354850;SANTOS;95,99;99,73;99,79
354860;SAO BENTO DO SAPUCAI;65,17;82,3;92,12
354870;SAO BERNARDO DO CAMPO;92,52;99,2;99,83
354880;SAO CAETANO DO SUL;99,97;99,99;100
354890;SAO CARLOS;98,45;99,1;99,05
354900;SAO FRANCISCO;90,46;99,9;82,99
354910;SAO JOAO DA BOA VISTA;96,78;99,58;96,72
354920;SAO JOAO DAS DUAS PONTES;84,74;99,65;87,67
354925;SAO JOAO DE IRACEMA;80,37;99,83;96,28
354930;SAO JOAO DO PAU D'ALHO;82,71;93,14;84,64
354940;SAO JOAQUIM DA BARRA;98,67;99,79;98,19
354950;SAO JOSE DA BELA VISTA;90,87;98,28;92,55
354960;SAO JOSE DO BARREIRO;75,39;94,34;84,79
354970;SAO JOSE DO RIO PARDO;91,36;98,87;93,46
354980;SAO JOSE DO RIO PRETO;96,2;96,69;99,7
354990;SAO JOSE DOS CAMPOS;94,6;99,1;99,66
354995;SAO LOURENCO DA SERRA;75,33;93,63;94,55
355000;SAO LUIS DO PARAITINGA;65,77;88,81;85,31
355010;SAO MANUEL;98,01;99,79;97,31
355020;SAO MIGUEL ARCANJO;62,95;97,46;88,09
355030;SAO PAULO;93,54;99,46;99,79
355040;SAO PEDRO;86,5;98,52;97,27
355050;SAO PEDRO DO TURVO;73,06;97,6;74,64
355060;SAO ROQUE;82,39;97,25;95,8
355070;SAO SEBASTIAO;83;74,21;99,66
355080;SAO SEBASTIAO DA GRAMA;75,23;98,06;90,96
355090;SAO SIMAO;95,1;96,86;93,29
355100;SAO VICENTE;91,79;99,32;99,66
355110;SARAPUI;64,03;97,63;89,83
355120;SARUTAIA;93,11;96,51;95,9
355130;SEBASTIANOPOLIS DO SUL;90,42;96,49;85,39
355140;SERRA AZUL;89,59;94,87;95,92
355150;SERRANA;98,95;99,74;99,77
355160;SERRA NEGRA;74,32;96,75;96,74
355170;SERTAOZINHO;99,32;99,72;99,52
355180;SETE BARRAS;75,67;89,17;90,31
355190;SEVERINIA;96,52;99,81;96,56
355200;SILVEIRAS;70,47;86,13;78,52
355210;SOCORRO;65,1;93,23;93,02
355220;SOROCABA;98,13;99,68;99,83
355230;SUD MENNUCCI;95,42;98,55;93,27
355240;SUMARE;95,5;99,65;99,55
355250;SUZANO;90,1;98,95;98,8
355255;SUZANAPOLIS;69,91;95,32;73,67
355260;TABAPUA;98,91;99,41;93,85
355270;TABATINGA;89,39;98,98;91,94
355280;TABOAO DA SERRA;93,93;99,79;99,95
355290;TACIBA;87,16;97,67;84,73
355300;TAGUAI;88,76;97,65;95,38
355310;TAIACU;91,07;99,4;91,67
355320;TAIUVA;96,84;98,7;91,71
355330;TAMBAU;93,03;97,74;91,61
355340;TANABI;82,81;99,13;90,47
355350;TAPIRAI;74,54;89,43;85
355360;TAPIRATIBA;87,73;93,81;93,26
355365;TAQUARAL;95,4;100;95,87
355370;TAQUARITINGA;94,65;99,7;96,02
355380;TAQUARITUBA;89,87;98,72;91,44
355385;TAQUARIVAI;61,96;97,9;87,37
355390;TARABAI;94,91;98,96;93,22
355395;TARUMA;93,93;99,9;96,5
355400;TATUI;94,64;98,85;98,65
355410;TAUBATE;96,52;99,14;99,42
355420;TEJUPA;63,27;90,33;69,63
355430;TEODORO SAMPAIO;79,8;91,92;82,39
355440;TERRA ROXA;95,07;99,03;97,11
355450;TIETE;91,22;98,75;96,49
355460;TIMBURI;78,68;96,46;90,77
355465;TORRE DE PEDRA;66,63;93,88;98,85
355470;TORRINHA;91,44;99,18;92,7
355475;TRABIJU;92,02;96,77;92,25
355480;TREMEMBE;87,64;98,61;95,69
355490;TRES FRONTEIRAS;83,88;98,56;87,2
355495;TUIUTI;38,96;94,66;95,98
355500;TUPA;97,44;99,51;96,09
355510;TUPI PAULISTA;87,14;96,67;87,36
355520;TURIUBA;83,36;99,29;88,77
355530;TURMALINA;75,07;99,3;75,35
355535;UBARANA;89,08;99,63;94,82
355540;UBATUBA;62,79;75,4;99,62
355550;UBIRAJARA;72,43;95,35;81,46
355560;UCHOA;98,81;99,68;93,44
355570;UNIAO PAULISTA;79,97;97,05;81,54
355580;URANIA;89,95;99,54;86,25
355590;URU;91,32;98,18;93,15
355600;URUPES;91,28;99,81;92,71
355610;VALENTIM GENTIL;92,65;99,81;93,87
355620;VALINHOS;95,04;99,15;99,47
355630;VALPARAISO;93,99;99,46;95,45
355635;VARGEM;42,54;94,7;98,77
355640;VARGEM GRANDE DO SUL;95,05;99,35;96,43
355645;VARGEM GRANDE PAULISTA;84,38;99,54;99,47
355650;VARZEA PAULISTA;93,14;99,53;99,91
355660;VERA CRUZ;88,33;96,88;88,46
355670;VINHEDO;95,32;99,44;99,5
355680;VIRADOURO;97,94;99,87;97,58
355690;VISTA ALEGRE DO ALTO;93,09;99,23;94,05
355695;VITORIA BRASIL;81,55;99,64;83,69
355700;VOTORANTIM;96,35;99,05;99,47
355710;VOTUPORANGA;97,08;99,84;97,78
355715;ZACARIAS;83,1;98,74;83,48
355720;CHAVANTES;92,15;99,27;97,38
355730;ESTIVA GERBI;88,8;98,14;95,77
410010;ABATIA;31,2;93,73;75,43
410020;ADRIANOPOLIS;37,64;60,74;63,68
410030;AGUDOS DO SUL;15,12;91,16;61,31
410040;ALMIRANTE TAMANDARE;65,82;98,24;98,52
410045;ALTAMIRA DO PARANA;2,1;93,62;52,32
410050;ALTONIA;18,38;89,89;77,99
410060;ALTO PARANA;59,91;95,87;84,77
410070;ALTO PIQUIRI;29,72;97,32;86,04
410080;ALVORADA DO SUL;5,01;90,55;80,6
410090;AMAPORA;20,15;85,94;83,62
410100;AMPERE;58,62;95,24;82,06
410105;ANAHY;28,46;95,41;75,9
410110;ANDIRA;58,12;99,33;95,75
410115;ANGULO;1,84;94,15;88,96
410120;ANTONINA;74,84;93,24;93,21
410130;ANTONIO OLINTO;15,97;83,78;32,81
410140;APUCARANA;42,82;98,58;96,14
410150;ARAPONGAS;58,74;99,08;97,41
410160;ARAPOTI;39,2;97,8;84,98
410165;ARAPUA;8,65;81,84;54,59
410170;ARARUNA;18,89;98,12;80,31
410180;ARAUCARIA;83,61;99,18;98,34
410185;ARIRANHA DO IVAI;3,61;88,41;42,59
410190;ASSAI;53,02;96,62;84,53
410200;ASSIS CHATEAUBRIAND;45,96;98,75;87,08
410210;ASTORGA;61,22;97,26;92,23
410220;ATALAIA;1,08;90,61;92,76
410230;BALSA NOVA;79,74;97,79;93,25
410240;BANDEIRANTES;87,22;96,07;89,78
410250;BARBOSA FERRAZ;37,32;94,62;78,24
410260;BARRACAO;53,69;92,29;73,08
410270;BARRA DO JACARE;24,77;79,15;73,05
410275;BELA VISTA DA CAROBA;2,17;88,84;32,04
410280;BELA VISTA DO PARAISO;43,26;98,74;95,37
410290;BITURUNA;62,88;89,48;67,53
410300;BOA ESPERANCA;0,66;98,49;79,53
410302;BOA ESPERANCA DO IGUACU;1,2;80,02;67,83
410304;BOA VENTURA DE SAO ROQUE;1,35;78,4;34,58
410305;BOA VISTA DA APARECIDA;13,65;94,8;67,33
410310;BOCAIUVA DO SUL;60,42;83,88;77,12
410315;BOM JESUS DO SUL;7,05;95,72;68,51
410320;BOM SUCESSO;22,18;94,63;90,85
410322;BOM SUCESSO DO SUL;58,48;85,87;50,88
410330;BORRAZOPOLIS;13,11;96,44;77,65
410335;BRAGANEY;4,62;93,87;72,15
410337;BRASILANDIA DO SUL;1,12;97,38;86,6
410340;CAFEARA;2,35;98,95;87,24
410345;CAFELANDIA;64,78;97,74;87,79
410347;CAFEZAL DO SUL;1,44;95,12;79,52
410350;CALIFORNIA;1,56;96,14;82,96
410360;CAMBARA;95,03;98,67;93,35
410370;CAMBE;78,38;99,27;97,23
410380;CAMBIRA;12,67;95,4;81,09
410390;CAMPINA DA LAGOA;3,03;96,69;67,99
410395;CAMPINA DO SIMAO;2,15;82,86;40,96
410400;CAMPINA GRANDE DO SUL;86,36;89,87;95,52
410405;CAMPO BONITO;30,03;91,46;57,7
410410;CAMPO DO TENENTE;59,92;96,04;83,48
410420;CAMPO LARGO;64,85;97,44;93,51
410425;CAMPO MAGRO;60,32;95,25;93,97
410430;CAMPO MOURAO;75,94;98,42;96,74
410440;CANDIDO DE ABREU;20,18;89,74;36,53
410442;CANDOI;21,89;90,74;53,86
410445;CANTAGALO;32,14;95,63;71,48
410450;CAPANEMA;30,6;95,48;72,83
410460;CAPITAO LEONIDAS MARQUES;5,34;87,74;91,4
410465;CARAMBEI;66,98;94,3;91,22
410470;CARLOPOLIS;67;95,05;77,54
410480;CASCAVEL;61,65;98,57;95,96
410490;CASTRO;64,1;89,35;78,62
410500;CATANDUVAS;6,12;85,56;62,22
410510;CENTENARIO DO SUL;7,2;96,04;89,29
410520;CERRO AZUL;50,72;73,37;46,54
410530;CEU AZUL;49,43;94,38;81,78
410540;CHOPINZINHO;38,78;92,55;66,72
410550;CIANORTE;53,17;98,07;93,16
410560;CIDADE GAUCHA;66,66;98,3;91,87
410570;CLEVELANDIA;66,09;97,77;85,55
410580;COLOMBO;81,75;98,97;99,4
410590;COLORADO;63,66;99,24;93,72
410600;CONGONHINHAS;7,37;79,25;66,6
410610;CONSELHEIRO MAIRINCK;69,52;91,46;81,24
410620;CONTENDA;31,55;97,6;75,44
410630;CORBELIA;47,51;97,84;87,42
410640;CORNELIO PROCOPIO;90,18;99,55;95,25
410645;CORONEL DOMINGOS SOARES;26,56;91,09;39,17
410650;CORONEL VIVIDA;39,95;94,33;76,03
410655;CORUMBATAI DO SUL;41,3;78,47;61,53
410657;CRUZEIRO DO IGUACU;3;91,87;67,23
410660;CRUZEIRO DO OESTE;50,24;96,73;87,08
410670;CRUZEIRO DO SUL;1,05;93,53;77,48
410680;CRUZ MACHADO;41,2;80,39;40,97
410685;CRUZMALTINA;39,88;79,78;61,06
410690;CURITIBA;96,8;99,87;99,91
410700;CURIUVA;4,16;90,19;76,2
410710;DIAMANTE DO NORTE;15,01;91,94;85,97
410712;DIAMANTE DO SUL;2,9;88,5;39,06
410715;DIAMANTE D'OESTE;7,8;87,95;65,82
410720;DOIS VIZINHOS;46,87;93,67;84,35
410725;DOURADINA;53,1;93,51;86,81
410730;DOUTOR CAMARGO;56,48;96,43;89,43
410740;ENEAS MARQUES;3,36;84,3;72,83
410750;ENGENHEIRO BELTRAO;20,15;91,99;90,62
410752;ESPERANCA NOVA;10,15;87,57;70,76
410753;ENTRE RIOS DO OESTE;15,12;99,92;78,84
410754;ESPIGAO ALTO DO IGUACU;10,38;81,77;46,68
410755;FAROL;1,64;88,32;72,81
410760;FAXINAL;17,92;95,2;87,86
410765;FAZENDA RIO GRANDE;77,99;99,26;99,32
410770;FENIX;5,2;98,46;86,45
410773;FERNANDES PINHEIRO;23,6;92,87;50,72
410775;FIGUEIRA;27,39;98,22;91,07
410780;FLORAI;19,22;96,88;91,61
410785;FLOR DA SERRA DO SUL;19,26;92,84;45,61
410790;FLORESTA;19,81;97,79;94,32
410800;FLORESTOPOLIS;74,69;99,62;95,94
410810;FLORIDA;2,2;93,88;93,88
410820;FORMOSA DO OESTE;5,27;91,44;69,78
410830;FOZ DO IGUACU;76,29;99,18;99,13
410832;FRANCISCO ALVES;1,24;98,61;76,52
410840;FRANCISCO BELTRAO;66,96;97,89;93,09
410845;FOZ DO JORDAO;1,58;98,61;80,66
410850;GENERAL CARNEIRO;53,95;95,06;85,72
410855;GODOY MOREIRA;4,01;88,06;51,35
410860;GOIOERE;43,9;99,4;92,03
410865;GOIOXIM;8,15;85,85;30,16
410870;GRANDES RIOS;29,48;91,28;67,63
410880;GUAIRA;52,47;96,72;91,2
410890;GUAIRACA;3,75;93,95;84,79
410895;GUAMIRANGA;1,02;89,51;69,38
410900;GUAPIRAMA;15,79;96,39;84,14
410910;GUAPOREMA;1,97;89,09;79,39
410920;GUARACI;3,8;96,67;87,03
410930;GUARANIACU;33,71;93,52;55,6
410940;GUARAPUAVA;65,22;98,55;93,15
410950;GUARAQUECABA;57,39;61,39;38,26
410960;GUARATUBA;86,61;95,04;98,12
410965;HONORIO SERPA;4,72;90,32;49,29
410970;IBAITI;40,8;94,79;85,03
410975;IBEMA;1,46;96,5;82,97
410980;IBIPORA;97,34;99,48;96,13
410990;ICARAIMA;2,74;87,44;75,9
411000;IGUARACU;10,56;92,93;90,71
411005;IGUATU;1,09;91,91;67,49
411007;IMBAU;13,34;83,62;78,57
411010;IMBITUVA;60,13;96,5;75,57
411020;INACIO MARTINS;27,71;87,03;60,29
411030;INAJA;0,93;96,8;91,53
411040;INDIANOPOLIS;40,51;97,15;75,62
411050;IPIRANGA;36,17;91,99;41,57
411060;IPORA;23,33;98,42;82,96
411065;IRACEMA DO OESTE;1,06;96,24;77,56
411070;IRATI;74,29;96,26;80,56
411080;IRETAMA;20,12;89,75;69,92
411090;ITAGUAJE;1,55;94,75;81,65
411095;ITAIPULANDIA;45,92;97,01;99,51
411100;ITAMBARACA;26,54;98,06;86,66
411110;ITAMBE;81,34;96,42;94,88
411120;ITAPEJARA D'OESTE;20,25;93,23;78,99
411125;ITAPERUCU;19,13;89,18;84,1
411130;ITAUNA DO SUL;73,06;94,29;89,3
411140;IVAI;27,84;92,93;46,69
411150;IVAIPORA;22,27;96,9;87,04
411155;IVATE;3,64;87,07;82,74
411160;IVATUBA;42,66;93,42;94,25
411170;JABOTI;9,03;93,91;82,24
411180;JACAREZINHO;90,45;98,31;93,99
411190;JAGUAPITA;83,63;98,47;88,05
411200;JAGUARIAIVA;54,48;95,25;86,7
411210;JANDAIA DO SUL;51,26;97,36;91,09
411220;JANIOPOLIS;1,51;92,73;77,48
411230;JAPIRA;22,87;86,5;84,08
411240;JAPURA;5,64;97,58;92,89
411250;JARDIM ALEGRE;42,08;87,34;67,57
411260;JARDIM OLINDA;6,8;84,81;75,51
411270;JATAIZINHO;87,9;98,89;92,06
411275;JESUITAS;19,48;94,43;72,74
411280;JOAQUIM TAVORA;73,22;98,47;86,91
411290;JUNDIAI DO SUL;0,83;94,99;68,74
411295;JURANDA;4,77;98,65;81,67
411300;JUSSARA;64,17;99,44;94,74
411310;KALORE;5,26;96,64;83,47
411320;LAPA;65,29;94,14;74,34
411325;LARANJAL;2,22;92,94;39,23
411330;LARANJEIRAS DO SUL;36,38;97,5;83,71
411340;LEOPOLIS;29,43;91,85;80,83
411342;LIDIANOPOLIS;9,31;94,34;69,32
411345;LINDOESTE;2,75;87,58;51,38
411350;LOANDA;48,84;98,5;92,88
411360;LOBATO;91,98;97,52;93,98
411370;LONDRINA;86,31;99,44;98,08
411373;LUIZIANA;3,53;97,31;74,43
411375;LUNARDELLI;2,42;90,28;73,15
411380;LUPIONOPOLIS;37,81;99,42;93,16
411390;MALLET;22,32;95,03;66,92
411400;MAMBORE;43,69;96,15;81,34
411410;MANDAGUACU;69,89;96,68;93,36
411420;MANDAGUARI;50,48;99,59;94,43
411430;MANDIRITUBA;40,01;95,52;76,43
411435;MANFRINOPOLIS;2,07;89,21;27,28
411440;MANGUEIRINHA;39,25;91,68;62,54
411450;MANOEL RIBAS;8,59;88,65;63,05
411460;MARECHAL CANDIDO RONDON;32,88;99,44;87,38
411470;MARIA HELENA;15,85;94,37;69,98
411480;MARIALVA;45,39;92,34;83,8
411490;MARILANDIA DO SUL;1,93;96,31;74,92
411500;MARILENA;11,64;89,4;81,08
411510;MARILUZ;48,42;97,14;82,91
411520;MARINGA;84,08;99,49;99,18
411530;MARIOPOLIS;19,16;97,23;77,16
411535;MARIPA;27,53;96,78;72,1
411540;MARMELEIRO;27,7;92,57;85,74
411545;MARQUINHO;4,25;89,26;46,65
411550;MARUMBI;0,86;90,52;90,59
411560;MATELANDIA;57,41;97,51;89,78
411570;MATINHOS;90,47;93,73;99,27
411573;MATO RICO;4,11;89,21;28,17
411575;MAUA DA SERRA;3,22;90,05;92,24
411580;MEDIANEIRA;24,8;96,19;94,65
411585;MERCEDES;16,35;96,16;60,81
411590;MIRADOR;9,99;97,21;80,83
411600;MIRASELVA;12,62;92,03;86,05
411605;MISSAL;19,82;73,77;83,71
411610;MOREIRA SALES;3,53;96,45;84,58
411620;MORRETES;65,77;83,93;91,7
411630;MUNHOZ DE MELO;8,09;93,08;82,65
411640;NOSSA SENHORA DAS GRACAS;4,16;97,12;89,91
411650;NOVA ALIANCA DO IVAI;2,27;98,41;81,63
411660;NOVA AMERICA DA COLINA;25,07;97,45;81,55
411670;NOVA AURORA;5,35;95,14;79,38
411680;NOVA CANTU;13,69;87,63;56,25
411690;NOVA ESPERANCA;52,55;94,71;90,48
411695;NOVA ESPERANCA DO SUDOESTE;4,15;81,36;59,7
411700;NOVA FATIMA;2,15;98,46;89,68
411705;NOVA LARANJEIRAS;34,65;81,26;26,04
411710;NOVA LONDRINA;75,51;96,42;92,3
411720;NOVA OLIMPIA;4,06;99,06;89,4
411721;NOVA SANTA BARBARA;36,2;94,68;88,67
411722;NOVA SANTA ROSA;3,86;99,81;74,06
411725;NOVA PRATA DO IGUACU;31,46;95,45;62,67
411727;NOVA TEBAS;6,34;88,82;54,29
411729;NOVO ITACOLOMI;2,2;78,05;55,76
411730;ORTIGUEIRA;33,08;86,82;53,93
411740;OURIZONA;1,47;98,53;91,28
411745;OURO VERDE DO OESTE;24,9;99,16;71,26
411750;PAICANDU;64,39;99,73;97,88
411760;PALMAS;66,52;98,52;93,66
411770;PALMEIRA;74,08;96,45;69,19
411780;PALMITAL;14,99;93,5;57,97
411790;PALOTINA;41,69;99,53;87,6
411800;PARAISO DO NORTE;14,7;95,39;95,52
411810;PARANACITY;42,05;96,52;94,19
411820;PARANAGUA;81,65;98,37;98,37
411830;PARANAPOEMA;4,65;98,67;95,13
411840;PARANAVAI;78,12;98,96;96,19
411845;PATO BRAGADO;5,49;99,94;80,36
411850;PATO BRANCO;91,87;98,97;94,68
411860;PAULA FREITAS;33,53;95,59;62,9
411870;PAULO FRONTIN;25,39;96,05;44,94
411880;PEABIRU;25,53;98,34;83,47
411885;PEROBAL;8,8;89,93;74,02
411890;PEROLA;16,04;87,93;87,03
411900;PEROLA D'OESTE;38,25;95,71;59,76
411910;PIEN;62,75;98,7;80,72
411915;PINHAIS;94,19;99,84;99,91
411920;PINHALAO;7,36;94,51;73,42
411925;PINHAL DE SAO BENTO;17,52;78,1;83,7
411930;PINHAO;23,96;88,57;66,07
411940;PIRAI DO SUL;52,52;86,29;75,59
411950;PIRAQUARA;84,65;99,17;99,34
411960;PITANGA;36,59;89,82;63,64
411965;PITANGUEIRAS;11,25;85,81;86,28
411970;PLANALTINA DO PARANA;8,35;83;73,57
411980;PLANALTO;27,09;96,54;57,6
411990;PONTA GROSSA;82,19;98,84;98,18
411995;PONTAL DO PARANA;70,55;99,04;98,77
412000;PORECATU;95,27;98,9;95,56
412010;PORTO AMAZONAS;79,12;98,12;96,39
412015;PORTO BARREIRO;10,05;82,09;31,63
412020;PORTO RICO;4,77;94,49;79,57
412030;PORTO VITORIA;41,27;89,23;66,08
412033;PRADO FERREIRA;30,93;94,62;89,72
412035;PRANCHITA;83,9;90,67;81,11
412040;PRESIDENTE CASTELO BRANCO;8,6;98,51;90,73
412050;PRIMEIRO DE MAIO;14,63;92,57;92
412060;PRUDENTOPOLIS;41,93;95,4;63,39
412065;QUARTO CENTENARIO;2,64;92,78;78,43
412070;QUATIGUA;82,53;97,76;94,05
412080;QUATRO BARRAS;83,66;98,32;97,73
412085;QUATRO PONTES;23,72;98,81;67,01
412090;QUEDAS DO IGUACU;44,33;93,89;71,31
412100;QUERENCIA DO NORTE;10,73;90,88;68,67
412110;QUINTA DO SOL;2,99;96,95;79,26
412120;QUITANDINHA;25,58;95,71;70,73
412125;RAMILANDIA;39,63;94;54,05
412130;RANCHO ALEGRE;16,47;98,3;92,02
412135;RANCHO ALEGRE D'OESTE;8,83;96,53;83,33
412140;REALEZA;24,19;87,36;82,33
412150;REBOUCAS;55,71;97,1;68,36
412160;RENASCENCA;47;91,73;63,51
412170;RESERVA;37,32;92,96;67,29
412175;RESERVA DO IGUACU;40,43;86,67;66,03
412180;RIBEIRAO CLARO;82,55;86,26;88,08
412190;RIBEIRAO DO PINHAL;55,36;97,42;91,79
412200;RIO AZUL;49,47;93,82;67,12
412210;RIO BOM;1,27;96,36;73,58
412215;RIO BONITO DO IGUACU;8,22;84,85;31,2
412217;RIO BRANCO DO IVAI;13,15;90,09;65,28
412220;RIO BRANCO DO SUL;54,69;78,14;82,38
412230;RIO NEGRO;81,88;97,14;90,64
412240;ROLANDIA;50,75;99,27;95,16
412250;RONCADOR;13,31;92,79;65,5
412260;RONDON;54,12;96,8;84,33
412265;ROSARIO DO IVAI;46,31;84,41;59,39
412270;SABAUDIA;4,03;91,27;79,91
412280;SALGADO FILHO;1,01;92,57;73,65
412290;SALTO DO ITARARE;21,59;92,37;76,66
412300;SALTO DO LONTRA;34,59;94,74;66,54
412310;SANTA AMELIA;6,45;92,72;81,64
412320;SANTA CECILIA DO PAVAO;3,12;97,94;85,03
412330;SANTA CRUZ DE MONTE CASTELO;4,1;85,05;80,96
412340;SANTA FE;21,87;94,29;88,42
412350;SANTA HELENA;41,29;95,68;86,75
412360;SANTA INES;2,9;99,66;88,23
412370;SANTA ISABEL DO IVAI;44,87;96,46;84,88
412380;SANTA IZABEL DO OESTE;28,44;95,39;88,32
412382;SANTA LUCIA;1,85;81,82;70,27
412385;SANTA MARIA DO OESTE;11,35;86,08;36,57
412390;SANTA MARIANA;44,08;99,42;91,44
412395;SANTA MONICA;2,18;89,24;79,58
412400;SANTANA DO ITARARE;1,84;90,71;69,12
412402;SANTA TEREZA DO OESTE;13,7;96,27;85,49
412405;SANTA TEREZINHA DE ITAIPU;34,41;97,97;94,03
412410;SANTO ANTONIO DA PLATINA;81,23;93,93;88,86
412420;SANTO ANTONIO DO CAIUA;20,92;91,74;86,67
412430;SANTO ANTONIO DO PARAISO;2,77;97,34;81,94
412440;SANTO ANTONIO DO SUDOESTE;74,69;96,18;83,14
412450;SANTO INACIO;36,32;93,2;88,17
412460;SAO CARLOS DO IVAI;10,56;95,99;95,63
412470;SAO JERONIMO DA SERRA;13,61;87,29;60,51
412480;SAO JOAO;40,07;94,07;66,64
412490;SAO JOAO DO CAIUA;43,6;97,41;90,67
412500;SAO JOAO DO IVAI;8,55;97,28;80,68
412510;SAO JOAO DO TRIUNFO;10,18;91,22;39,76
412520;SAO JORGE D'OESTE;38,15;94,75;70,41
412530;SAO JORGE DO IVAI;82,96;98,39;89,66
412535;SAO JORGE DO PATROCINIO;1,56;99,75;77,47
412540;SAO JOSE DA BOA VISTA;47,11;86,54;68,99
412545;SAO JOSE DAS PALMEIRAS;2,05;89,86;67,7
412550;SAO JOSE DOS PINHAIS;90,44;98,85;98,13
412555;SAO MANOEL DO PARANA;3,4;98,67;79,91
412560;SAO MATEUS DO SUL;60,23;96,23;67,09
412570;SAO MIGUEL DO IGUACU;37,25;93,63;82,84
412575;SAO PEDRO DO IGUACU;1,19;97,07;70,73
412580;SAO PEDRO DO IVAI;46,94;95,7;90,52
412590;SAO PEDRO DO PARANA;0,6;90,73;68,71
412600;SAO SEBASTIAO DA AMOREIRA;2,64;96,05;89,05
412610;SAO TOME;1,89;98,47;88,47
412620;SAPOPEMA;51,23;85,68;63,76
412625;SARANDI;8,91;96,87;99
412627;SAUDADE DO IGUACU;1,9;95,05;61,68
412630;SENGES;45,02;88,91;85,4
412635;SERRANOPOLIS DO IGUACU;9,68;93,7;93,97
412640;SERTANEJA;18,65;99,24;92
412650;SERTANOPOLIS;45,58;98,82;89,04
412660;SIQUEIRA CAMPOS;67,84;92,36;90,02
412665;SULINA;2,34;90,81;63,24
412667;TAMARANA;35,86;75,05;58,43
412670;TAMBOARA;0,97;96,38;86,95
412680;TAPEJARA;87,65;95,7;92,56
412690;TAPIRA;9,13;95,49;65,87
412700;TEIXEIRA SOARES;21,79;93,88;69,02
412710;TELEMACO BORBA;74,28;99,43;99,49
412720;TERRA BOA;31,69;99,32;92,12
412730;TERRA RICA;32,96;90,31;87,78
412740;TERRA ROXA;42,27;97,62;83,29
412750;TIBAGI;51,03;92,08;80,03
412760;TIJUCAS DO SUL;47,16;91,86;82,69
412770;TOLEDO;58,96;99,23;92,42
412780;TOMAZINA;41,98;81,14;58,85
412785;TRES BARRAS DO PARANA;18,61;91,9;58,01
412788;TUNAS DO PARANA;5,18;61,88;91,86
412790;TUNEIRAS DO OESTE;6,33;94,55;77,39
412795;TUPASSI;19,3;93,75;82,71
412796;TURVO;16,3;78,66;53,94
412800;UBIRATA;24,72;97,51;86,73
412810;UMUARAMA;79,54;98,96;94,7
412820;UNIAO DA VITORIA;82,61;96,49;93,88
412830;UNIFLOR;1,69;88,42;83,09
412840;URAI;56,61;96,98;86,93
412850;WENCESLAU BRAZ;23,94;92,72;83,43
412853;VENTANIA;16,68;93,27;77,14
412855;VERA CRUZ DO OESTE;42,27;91,71;80,4
412860;VERE;27,41;92,52;57,61
412862;ALTO PARAISO;8,22;81,98;72,27
412863;DOUTOR ULYSSES;57,03;71,16;27,36
412865;VIRMOND;3,59;92,49;61,93
412870;VITORINO;49,97;91,18;75,01
412880;XAMBRE;13,04;79,14;73,77
420005;ABDON BATISTA;44,56;91,73;42,91
420010;ABELARDO LUZ;13,06;91,45;58,9
420020;AGROLANDIA;79,91;93,11;95,14
420030;AGRONOMICA;53,38;90,27;69,67
420040;AGUA DOCE;71,5;88,88;72,35
420050;AGUAS DE CHAPECO;10,73;90,86;54,03
420055;AGUAS FRIAS;37,29;88,68;48,9
420060;AGUAS MORNAS;68,87;58,94;93,73
420070;ALFREDO WAGNER;55,31;66,68;55,21
420075;ALTO BELA VISTA;40,12;89,53;58,7
420080;ANCHIETA;15,78;92,97;62,17
420090;ANGELINA;63,4;69,37;85,49
420100;ANITA GARIBALDI;58,1;84,83;79,1
420110;ANITAPOLIS;58,05;81,11;90,6
420120;ANTONIO CARLOS;61,54;71,49;94,37
420125;APIUNA;79,26;78,4;93,16
420127;ARABUTA;72,66;78,79;66,84
420130;ARAQUARI;64,37;97,22;96,95
420140;ARARANGUA;77,7;97,09;94,55
420150;ARMAZEM;81;82,27;81,08
420160;ARROIO TRINTA;67,25;85,2;90,02
420165;ARVOREDO;45,47;81,24;35,61
420170;ASCURRA;86,95;96,73;99,36
420180;ATALANTA;81,35;92,03;78,45
420190;AURORA;62,38;72,25;62,15
420195;BALNEARIO ARROIO DO SILVA;97,68;99,61;99,3
420200;BALNEARIO CAMBORIU;98,98;99,03;99,96
420205;BALNEARIO BARRA DO SUL;83,72;99,06;99,41
420207;BALNEARIO GAIVOTA;95,16;98,65;97,89
420208;BANDEIRANTE;17,24;90,43;35,15
420209;BARRA BONITA;12,65;93,93;37,61
420210;BARRA VELHA;88,52;98,64;96,69
420213;BELA VISTA DO TOLDO;27,83;96,55;23,42
420215;BELMONTE;13,78;89,38;56,51
420220;BENEDITO NOVO;78,29;83,3;91,21
420230;BIGUACU;85,33;85,83;99,08
420240;BLUMENAU;92,22;98,04;99,76
420243;BOCAINA DO SUL;31,96;70,54;40,02
420245;BOMBINHAS;94,56;94,34;99,87
420250;BOM JARDIM DA SERRA;41,16;79,2;66,97
420253;BOM JESUS;57,7;94,12;66,45
420257;BOM JESUS DO OESTE;19,68;95,68;58,87
420260;BOM RETIRO;78,8;90,46;85,62
420270;BOTUVERA;42,19;84,26;92,91
420280;BRACO DO NORTE;72,25;94,72;92,07
420285;BRACO DO TROMBUDO;71,31;94,91;95,18
420287;BRUNOPOLIS;40,56;80,11;55,3
420290;BRUSQUE;89,32;96,32;99,38
420300;CACADOR;72,75;95,84;93,64
420310;CAIBI;22,37;82,92;61,55
420315;CALMON;63,92;96,55;67,93
420320;CAMBORIU;89,73;97,16;99,68
420325;CAPAO ALTO;37,07;73,37;53,13
420330;CAMPO ALEGRE;90,09;90,44;85,67
420340;CAMPO BELO DO SUL;64,93;89,38;64,46
420350;CAMPO ERE;24,18;94,07;71,19
420360;CAMPOS NOVOS;71,98;96,61;85,25
420370;CANELINHA;48,49;89,2;96,01
420380;CANOINHAS;62,64;97,99;86,04
420390;CAPINZAL;62,56;94,93;95,38
420395;CAPIVARI DE BAIXO;94,35;97,86;99,7
420400;CATANDUVAS;69,24;96,75;88,8
420410;CAXAMBU DO SUL;14,96;82,22;55,54
420415;CELSO RAMOS;35,1;90,49;71,47
420417;CERRO NEGRO;26,64;82,64;26,91
420419;CHAPADAO DO LAGEADO;54,31;76,56;48,8
420420;CHAPECO;63,7;92,53;95,13
420425;COCAL DO SUL;70,04;98,58;98,05
420430;CONCORDIA;80,32;96,02;91,1
420435;CORDILHEIRA ALTA;40,16;59,21;64,87
420440;CORONEL FREITAS;56,66;92,84;62,29
420445;CORONEL MARTINS;22,9;79,27;52,03
420450;CORUPA;75,51;91,85;94,34
420455;CORREIA PINTO;69,72;94,66;85,47
420460;CRICIUMA;91,81;98,46;99,43
420470;CUNHA PORA;25,79;93,82;68,87
420475;CUNHATAI;25,77;93,28;47,91
420480;CURITIBANOS;67,61;90,68;92,81
420490;DESCANSO;13,89;89,13;60,15
420500;DIONISIO CERQUEIRA;41,36;96,32;70,5
420510;DONA EMMA;60,02;93,91;71,82
420515;DOUTOR PEDRINHO;60,87;78,44;87,65
420517;ENTRE RIOS;8,42;82,92;26,96
420519;ERMO;92;94,46;76,93
420520;ERVAL VELHO;58,88;90,71;77,12
420530;FAXINAL DOS GUEDES;70,56;88,03;93,04
420535;FLOR DO SERTAO;14,89;98,39;30,38
420540;FLORIANOPOLIS;88,66;96,7;99,82
420543;FORMOSA DO SUL;64,94;83,4;86,85
420545;FORQUILHINHA;80,83;99,1;94,45
420550;FRAIBURGO;72,07;92,61;89,22
420555;FREI ROGERIO;36,11;72,34;53,41
420560;GALVAO;10,55;93,2;68,52
420570;GAROPABA;47,07;90,53;98,86
420580;GARUVA;58,18;85,17;97,59
420590;GASPAR;87,4;98,38;99,17
420600;GOVERNADOR CELSO RAMOS;74,71;94,51;99,06
420610;GRAO PARA;68,45;82,91;67,3
420620;GRAVATAL;78,16;69,56;83,47
420630;GUABIRUBA;92,96;92,09;98,98
420640;GUARACIABA;46,6;88,68;68,36
420650;GUARAMIRIM;78,33;96,68;98,72
420660;GUARUJA DO SUL;35,92;97,3;74,46
420665;GUATAMBU;14,28;87,2;44,52
420670;HERVAL D'OESTE;89,76;95,87;91,3
420675;IBIAM;46,56;95,36;42,08
420680;IBICARE;71,05;91,55;70,14
420690;IBIRAMA;92,59;95,72;94,38
420700;ICARA;74,08;97,94;93,03
420710;ILHOTA;53,85;86,58;96,96
420720;IMARUI;70,21;71,73;55,77
420730;IMBITUBA;61,56;97,83;98,23
420740;IMBUIA;58,39;88,92;79,03
420750;INDAIAL;88,46;98,66;98,48
420757;IOMERE;41,6;97,07;97,52
420760;IPIRA;62,62;92,28;81,97
420765;IPORA DO OESTE;33,29;94,84;71,84
420768;IPUACU;8,95;59,42;35,68
420770;IPUMIRIM;65;84,02;94,05
420775;IRACEMINHA;16,25;87,63;37,09
420780;IRANI;46,66;91,69;78,09
420785;IRATI;1,36;97,28;62,84
420790;IRINEOPOLIS;46,98;90,75;72,01
420800;ITA;66,68;88,02;84,2
420810;ITAIOPOLIS;50,38;93,5;66,89
420820;ITAJAI;89,05;97,93;99,81
420830;ITAPEMA;87,79;93,66;99,81
420840;ITAPIRANGA;60,81;96,36;73,61
420845;ITAPOA;90,29;97,35;98,19
420850;ITUPORANGA;81,6;90,97;72,28
420860;JABORA;44,62;74,31;56,32
420870;JACINTO MACHADO;83,56;83,68;71,47
420880;JAGUARUNA;77,61;97,56;93,87
420890;JARAGUA DO SUL;88,3;97,98;99,4
420895;JARDINOPOLIS;24,44;93,84;55,97
420900;JOACABA;85,45;97,25;94,59
420910;JOINVILLE;75,74;98,29;99,85
420915;JOSE BOITEUX;79,26;89,52;78,5
420917;JUPIA;1,78;94,06;47,1
420920;LACERDOPOLIS;87,28;72,11;90,31
420930;LAGES;85,93;98,84;98,11
420940;LAGUNA;68,24;87,42;96,53
420945;LAJEADO GRANDE;22,4;76,47;53,39
420950;LAURENTINO;78,14;94,15;89,57
420960;LAURO MULLER;73,07;92,53;92,34
420970;LEBON REGIS;48,54;94,39;68,45
420980;LEOBERTO LEAL;42,4;77,35;36,11
420985;LINDOIA DO SUL;74,67;95,61;86,33
420990;LONTRAS;75,51;94,3;94,26
421000;LUIZ ALVES;41,9;81,57;88,31
421003;LUZERNA;82,36;93,43;90,55
421005;MACIEIRA;31,4;83,12;72,96
421010;MAFRA;75,46;95,52;82,4
421020;MAJOR GERCINO;53,16;77,37;85,06
421030;MAJOR VIEIRA;36,81;95,85;58,39
421040;MARACAJA;86,68;98,19;97,64
421050;MARAVILHA;42,16;96,6;91,2
421055;MAREMA;16,72;52,43;55,85
421060;MASSARANDUBA;86,02;95,55;85,87
421070;MATOS COSTA;29,18;90,64;64,34
421080;MELEIRO;88,46;95,2;68,27
421085;MIRIM DOCE;79,26;79,39;54,74
421090;MODELO;25,37;97,8;80,28
421100;MONDAI;27,16;97,03;73,33
421105;MONTE CARLO;45,45;96,41;89,4
421110;MONTE CASTELO;42,33;95,52;78,05
421120;MORRO DA FUMACA;54,04;91,44;96,31
421125;MORRO GRANDE;98,09;90,9;70,79
421130;NAVEGANTES;87,57;97,44;99,6
421140;NOVA ERECHIM;88,33;98,58;82,86
421145;NOVA ITABERABA;10,28;73,94;49,34
421150;NOVA TRENTO;70,56;85,07;84,06
421160;NOVA VENEZA;72,02;96,44;91,89
421165;NOVO HORIZONTE;18,75;85,66;39,22
421170;ORLEANS;73,11;90,75;79,21
421175;OTACILIO COSTA;85,44;98,18;96,59
421180;OURO;88,4;91,78;88,19
421185;OURO VERDE;18,61;90,77;60,17
421187;PAIAL;20,8;94,35;47,45
421189;PAINEL;50,28;81,07;50,54
421190;PALHOCA;84,12;94,96;99,21
421200;PALMA SOLA;16,11;93,94;79,42
421205;PALMEIRA;48,44;82,76;58,75
421210;PALMITOS;15,4;94,99;71,46
421220;PAPANDUVA;68,11;95,61;64,58
421223;PARAISO;11,88;88,44;45,92
421225;PASSO DE TORRES;17,29;96,23;97,9
421227;PASSOS MAIA;49,4;87,22;49,23
421230;PAULO LOPES;34,72;68,07;97,16
421240;PEDRAS GRANDES;57,1;79,03;77,99
421250;PENHA;91,16;96,62;99,37
421260;PERITIBA;71,84;94,13;86,57
421270;PETROLANDIA;45,81;83,04;82,51
421280;BALNEARIO PICARRAS;91,33;99,01;98,23
421290;PINHALZINHO;95,2;96,12;90,48
421300;PINHEIRO PRETO;61,59;87,99;93,46
421310;PIRATUBA;50,58;85,35;73,24
421315;PLANALTO ALEGRE;15,92;91,42;50,24
421320;POMERODE;92,66;97,54;98,2
421330;PONTE ALTA;41,29;89,32;88,07
421335;PONTE ALTA DO NORTE;84,73;96,64;93,99
421340;PONTE SERRADA;42,8;86,6;89,06
421350;PORTO BELO;77,53;87,2;98,47
421360;PORTO UNIAO;76,37;96,63;92,4
421370;POUSO REDONDO;85,15;94,26;76,22
421380;PRAIA GRANDE;77,53;85,38;87,24
421390;PRESIDENTE CASTELLO BRANCO;37,38;86,54;98,13
421400;PRESIDENTE GETULIO;87,47;95,56;91,42
421410;PRESIDENTE NEREU;59,48;85,27;87,58
421415;PRINCESA;23,35;95,45;66,47
421420;QUILOMBO;35,31;87,98;61,92
421430;RANCHO QUEIMADO;53,6;74;91,94
421440;RIO DAS ANTAS;43,97;91,25;77,73
421450;RIO DO CAMPO;74,69;92,07;82,27
421460;RIO DO OESTE;68,91;89,61;89,28
421470;RIO DOS CEDROS;82,15;84,88;96,96
421480;RIO DO SUL;84,05;97,52;98,37
421490;RIO FORTUNA;31,02;81,86;81,17
421500;RIO NEGRINHO;79,43;99,37;96,74
421505;RIO RUFINO;53,43;75,89;85,34
421507;RIQUEZA;25,73;93,58;58,73
421510;RODEIO;87,34;88,89;92,64
421520;ROMELANDIA;8,07;93,7;48,4
421530;SALETE;59,79;88,64;78,8
421535;SALTINHO;32,79;94,65;44,35
421540;SALTO VELOSO;83,19;88,96;92,11
421545;SANGAO;18,05;83,07;88,78
421550;SANTA CECILIA;76,74;94,89;91,34
421555;SANTA HELENA;10,67;89,61;58,31
421560;SANTA ROSA DE LIMA;54,74;70,55;74,71
421565;SANTA ROSA DO SUL;81,92;92,46;92,57
421567;SANTA TEREZINHA;41,02;88;45,1
421568;SANTA TEREZINHA DO PROGRESSO;20,51;92,63;23,5
421569;SANTIAGO DO SUL;16,94;97,21;69,84
421570;SANTO AMARO DA IMPERATRIZ;83,9;84,51;98,26
421575;SAO BERNARDINO;3,43;82,61;34,27
421580;SAO BENTO DO SUL;94,86;99,28;98,27
421590;SAO BONIFACIO;61,81;69,51;89,22
421600;SAO CARLOS;21,84;94,42;76,93
421605;SAO CRISTOVAO DO SUL;60,03;96,4;88,25
421610;SAO DOMINGOS;16,5;90,96;67,82
421620;SAO FRANCISCO DO SUL;76,56;96,88;99,01
421625;SAO JOAO DO OESTE;21,56;92,41;52,57
421630;SAO JOAO BATISTA;80,92;93,06;98,5
421635;SAO JOAO DO ITAPERIU;56,3;96,75;95,96
421640;SAO JOAO DO SUL;57,56;79,44;89,94
421650;SAO JOAQUIM;73,91;92,57;76,79
421660;SAO JOSE;94,39;98,24;99,79
421670;SAO JOSE DO CEDRO;31,52;97,81;70,76
421680;SAO JOSE DO CERRITO;35,34;68,52;28,94
421690;SAO LOURENCO DO OESTE;38,25;94,35;75,39
421700;SAO LUDGERO;86,16;94,05;87,8
421710;SAO MARTINHO;68,27;80,2;85
421715;SAO MIGUEL DA BOA VISTA;7,47;97,11;32,76
421720;SAO MIGUEL DO OESTE;71,13;91,87;93,57
421725;SAO PEDRO DE ALCANTARA;78,27;83,64;92,58
421730;SAUDADES;27,96;88,67;94,1
421740;SCHROEDER;62,4;92,45;99,21
421750;SEARA;67,92;88,3;93,21
421755;SERRA ALTA;24,01;95,43;56,66
421760;SIDEROPOLIS;85,24;85,62;96,05
421770;SOMBRIO;79,1;96,69;96,15
421775;SUL BRASIL;19,51;94,36;38,78
421780;TAIO;78,58;89,79;75,38
421790;TANGARA;50,82;89,93;59,89
421795;TIGRINHOS;5,83;98,29;59,52
421800;TIJUCAS;87,49;96,82;98,87
421810;TIMBE DO SUL;66,94;78,7;74,68
421820;TIMBO;60,26;99,02;99,55
421825;TIMBO GRANDE;38,08;92,86;71,15
421830;TRES BARRAS;68,42;96,04;93,11
421835;TREVISO;95,16;95,42;99,09
421840;TREZE DE MAIO;66,39;77,39;71,53
421850;TREZE TILIAS;93,96;90,21;89,73
421860;TROMBUDO CENTRAL;50,31;91,75;95,71
421870;TUBARAO;91,59;93,39;99,05
421875;TUNAPOLIS;9,24;95,84;60,68
421880;TURVO;90,68;79,94;83,4
421885;UNIAO DO OESTE;3,63;87,3;44,56
421890;URUBICI;79,9;82,84;92,03
421895;URUPEMA;38,71;78,44;91,93
421900;URUSSANGA;84,87;92,16;94,09
421910;VARGEAO;50,14;77,39;76,25
421915;VARGEM;13,12;81,13;46,1
421917;VARGEM BONITA;52,75;85,26;77,81
421920;VIDAL RAMOS;25,57;80,85;58,96
421930;VIDEIRA;86,87;98,39;94,33
421935;VITOR MEIRELES;76,36;91,04;61,55
421940;WITMARSUM;76,04;89,08;86,04
421950;XANXERE;59,29;69,66;91,08
421960;XAVANTINA;60,65;86,94;83,63
421970;XAXIM;50,52;94,47;86,29
421985;ZORTEA;35,29;96,08;90,39
430003;ACEGUA;81,89;63,06;42,74
430005;AGUA SANTA;63,26;75,8;79,92
430010;AGUDO;69,7;88,17;68,68
430020;AJURICABA;17,71;93,24;67,47
430030;ALECRIM;13,07;94,9;95,71
430040;ALEGRETE;78,01;96,94;89
430045;ALEGRIA;11,4;92,22;51,04
430047;ALMIRANTE TAMANDARE DO SUL;22,53;76,78;70,46
430050;ALPESTRE;17,71;89,76;32,75
430055;ALTO ALEGRE;19,58;98,55;48,15
430057;ALTO FELIZ;74,17;93,19;92,89
430060;ALVORADA;87,86;98,9;99,44
430063;AMARAL FERRADOR;18,91;92,21;40,88
430064;AMETISTA DO SUL;28,99;88,67;59,18
430066;ANDRE DA ROCHA;53,18;95,53;71,53
430070;ANTA GORDA;51,01;95,54;74,34
430080;ANTONIO PRADO;85,89;95,35;94,92
430085;ARAMBARE;68,59;99,18;91,74
430087;ARARICA;75,82;91,12;99,05
430090;ARATIBA;74,95;81,05;86,46
430100;ARROIO DO MEIO;50,27;97,98;98,55
430105;ARROIO DO SAL;55,41;98,11;99,24
430107;ARROIO DO PADRE;58,33;81,5;45,2
430110;ARROIO DOS RATOS;68,53;98,76;95,51
430120;ARROIO DO TIGRE;49,83;91,25;54,28
430130;ARROIO GRANDE;73;98,26;87,1
430140;ARVOREZINHA;48,89;94,24;75,24
430150;AUGUSTO PESTANA;29,76;97,12;61,76
430155;AUREA;50,57;76,85;76,6
430160;BAGE;86,25;99,27;96,83
430163;BALNEARIO PINHAL;69,55;97,64;99,66
430165;BARAO;35,53;93,67;94,53
430170;BARAO DE COTEGIPE;62,69;93,8;65,07
430175;BARAO DO TRIUNFO;30,03;70,01;33,6
430180;BARRACAO;56,94;86,77;64,12
430185;BARRA DO GUARITA;5,18;93,82;57,23
430187;BARRA DO QUARAI;64,43;93,49;75,08
430190;BARRA DO RIBEIRO;74,32;95,8;92,07
430192;BARRA DO RIO AZUL;62,58;49,35;64,19
430195;BARRA FUNDA;37,89;95,96;91,51
430200;BARROS CASSAL;29,76;83,23;41,54
430205;BENJAMIN CONSTANT DO SUL;60,7;92,43;44,44
430210;BENTO GONCALVES;87,75;97,38;98,57
430215;BOA VISTA DAS MISSOES;10,67;99,44;61,74
430220;BOA VISTA DO BURICA;8,5;99,28;83,91
430222;BOA VISTA DO CADEADO;22,34;94,94;23,21
430223;BOA VISTA DO INCRA;2,96;93,69;37,2
430225;BOA VISTA DO SUL;2,52;93,44;85,57
430230;BOM JESUS;76,04;93,99;80,48
430235;BOM PRINCIPIO;64,79;99,02;98,47
430237;BOM PROGRESSO;23,66;78,9;86,57
430240;BOM RETIRO DO SUL;78,34;95,37;97,28
430245;BOQUEIRAO DO LEAO;23,72;92,71;46,41
430250;BOSSOROCA;25,36;90,35;59,79
430258;BOZANO;47,15;92,31;38,89
430260;BRAGA;7,6;88,53;64,16
430265;BROCHIER;31,32;99,1;92,75
430270;BUTIA;68,38;99,05;98,03
430280;CACAPAVA DO SUL;52,33;92,09;81,31
430290;CACEQUI;58,27;95,79;76,99
430300;CACHOEIRA DO SUL;37,81;96,6;91,57
430310;CACHOEIRINHA;95,74;99,21;99,43
430320;CACIQUE DOBLE;45,21;84,93;66
430330;CAIBATE;22,15;99,42;66,4
430340;CAICARA;30,72;91,42;58,54
430350;CAMAQUA;83,16;97,1;87,35
430355;CAMARGO;46,11;97,48;96,53
430360;CAMBARA DO SUL;73,4;74,08;96,02
430367;CAMPESTRE DA SERRA;47,23;88,56;87,29
430370;CAMPINA DAS MISSOES;39,42;99,61;78,31
430380;CAMPINAS DO SUL;87,93;97,66;95,69
430390;CAMPO BOM;94,73;99,23;99,85
430400;CAMPO NOVO;10,25;96,91;87,64
430410;CAMPOS BORGES;13,65;63,49;73,74
430420;CANDELARIA;67,47;89,39;83,45
430430;CANDIDO GODOI;16,63;98,33;50,86
430435;CANDIOTA;81,04;89,25;74,21
430440;CANELA;87,75;98,1;99,18
430450;CANGUCU;44,33;85,13;44,08
430460;CANOAS;93,57;98,83;99,35
430461;CANUDOS DO VALE;35,83;94,5;78,5
430462;CAPAO BONITO DO SUL;12,89;69,66;43,23
430463;CAPAO DA CANOA;64,9;97,84;99,72
430465;CAPAO DO CIPO;36,06;93,69;27,79
430466;CAPAO DO LEAO;74,93;96,91;96,6
430467;CAPIVARI DO SUL;77,57;98,43;97,25
430468;CAPELA DE SANTANA;91,47;93,86;95,47
430469;CAPITAO;12,4;97,54;81,76
430470;CARAZINHO;51,39;97,69;97,43
430471;CARAA;76,18;89,37;91,28
430480;CARLOS BARBOSA;76,83;96,34;96,89
430485;CARLOS GOMES;48,19;85,34;32,13
430490;CASCA;31,71;94,66;94,67
430495;CASEIROS;36,76;91,71;79,72
430500;CATUIPE;19,34;98,4;67,98
430510;CAXIAS DO SUL;92,42;98,63;98,66
430511;CENTENARIO;56,52;94,75;61,35
430512;CERRITO;51,29;92,49;53,69
430513;CERRO BRANCO;70,64;91,9;81,71
430515;CERRO GRANDE;26,27;97,97;41,37
430517;CERRO GRANDE DO SUL;29,19;74,92;60,51
430520;CERRO LARGO;42,24;97,9;95,08
430530;CHAPADA;21,63;97,96;69
430535;CHARQUEADAS;91,98;98,9;97,98
430537;CHARRUA;55,33;61,35;53,61
430540;CHIAPETTA;13,24;99,41;73,74
430543;CHUI;84,25;98,72;95,45
430544;CHUVISCA;20,67;82,94;21,06
430545;CIDREIRA;48,04;98,98;98,25
430550;CIRIACO;43,08;81,48;82,74
430558;COLINAS;63,56;93,39;94,11
430560;COLORADO;3,77;96,47;79,52
430570;CONDOR;26,71;93,88;79,93
430580;CONSTANTINA;41,09;89,77;83,44
430583;COQUEIRO BAIXO;6,74;97,38;47,01
430585;COQUEIROS DO SUL;22,83;95,13;57,47
430587;CORONEL BARROS;67,01;97,71;50,75
430590;CORONEL BICACO;3,67;81,88;70,31
430593;CORONEL PILAR;5,37;97,89;57,58
430595;COTIPORA;86,28;80,41;87,89
430597;COXILHA;27,7;97,65;73,37
430600;CRISSIUMAL;15,44;96,23;63,12
430605;CRISTAL;82,6;91,22;85,12
430607;CRISTAL DO SUL;17,72;95,18;35,22
430610;CRUZ ALTA;38,3;98,19;95,52
430613;CRUZALTENSE;48,9;88,98;50,07
430620;CRUZEIRO DO SUL;41,51;80,72;93,68
430630;DAVID CANABARRO;60,47;91,64;86,8
430632;DERRUBADAS;61,23;93,93;34,12
430635;DEZESSEIS DE NOVEMBRO;17,74;99,5;70,66
430637;DILERMANDO DE AGUIAR;80,2;84,23;41,25
430640;DOIS IRMAOS;94,97;99,27;99,89
430642;DOIS IRMAOS DAS MISSOES;8,82;94,82;58,26
430645;DOIS LAJEADOS;67,96;79,34;84,93
430650;DOM FELICIANO;32,48;76,21;37,18
430655;DOM PEDRO DE ALCANTARA;37,71;83,61;97,9
430660;DOM PEDRITO;86,61;97,51;90,56
430670;DONA FRANCISCA;55,97;76,86;89,06
430673;DOUTOR MAURICIO CARDOSO;4,71;94,07;65,89
430675;DOUTOR RICARDO;30,53;95,79;59,65
430676;ELDORADO DO SUL;89,86;97,62;97,08
430680;ENCANTADO;87,84;96,27;96,77
430690;ENCRUZILHADA DO SUL;63,89;91,19;71,15
430692;ENGENHO VELHO;24,72;98,38;63,74
430693;ENTRE-IJUIS;13,85;87,56;58,35
430695;ENTRE RIOS DO SUL;75,65;93,34;85,15
430697;EREBANGO;32,2;83,64;73,05
430700;ERECHIM;90,75;98,83;97,12
430705;ERNESTINA;18,49;97,87;74,77
430710;HERVAL;65,54;90,76;68,06
430720;ERVAL GRANDE;43,49;91,28;80,31
430730;ERVAL SECO;18,43;87,17;68,43
430740;ESMERALDA;59,16;90,11;83,33
430745;ESPERANCA DO SUL;3,08;94,71;43,05
430750;ESPUMOSO;55,62;96,78;78,01
430755;ESTACAO;64,74;91,99;86,59
430760;ESTANCIA VELHA;92,49;99,17;99,53
430770;ESTEIO;91,43;99,51;99,6
430780;ESTRELA;83,82;98,85;98,76
430781;ESTRELA VELHA;12,15;95,24;51,76
430783;EUGENIO DE CASTRO;10,93;97,47;57,33
430786;FAGUNDES VARELA;48,75;81,91;94,36
430790;FARROUPILHA;91,89;92,66;95,57
430800;FAXINAL DO SOTURNO;72,03;82,16;87,36
430805;FAXINALZINHO;57,32;82,3;75,27
430807;FAZENDA VILANOVA;36,3;98,74;94,41
430810;FELIZ;66,71;98,44;98,44
430820;FLORES DA CUNHA;75,15;94,16;95,31
430825;FLORIANO PEIXOTO;22,52;96,33;25,11
430830;FONTOURA XAVIER;2,28;85,53;44,17
430840;FORMIGUEIRO;16,77;90,68;80,11
430843;FORQUETINHA;39,17;96,96;64,79
430845;FORTALEZA DOS VALOS;9,48;91,99;75,85
430850;FREDERICO WESTPHALEN;69,31;96,13;86,18
430860;GARIBALDI;84,68;91,62;98,47
430865;GARRUCHOS;5,42;97,8;44,31
430870;GAURAMA;53,47;81,66;75,98
430880;GENERAL CAMARA;65,28;95,9;61,72
430885;GENTIL;28,81;97,06;55,23
430890;GETULIO VARGAS;61,06;94,85;87,8
430900;GIRUA;14,15;94,15;75,06
430905;GLORINHA;65,19;94,81;93,93
430910;GRAMADO;92,08;96,23;99,19
430912;GRAMADO DOS LOUREIROS;66,48;95,71;74,65
430915;GRAMADO XAVIER;15,3;85,02;32,92
430920;GRAVATAI;83,97;98,65;99,35
430925;GUABIJU;72,12;97,36;96,42
430930;GUAIBA;87,02;98,95;98,89
430940;GUAPORE;93,42;94,93;93,47
430950;GUARANI DAS MISSOES;4;99,3;65,85
430955;HARMONIA;42,5;98,59;98,31
430957;HERVEIRAS;7,31;89,74;31,12
430960;HORIZONTINA;48,6;96,26;87,47
430965;HULHA NEGRA;62,93;85,15;51,5
430970;HUMAITA;25,48;90,93;81,96
430975;IBARAMA;21,07;96,58;71,43
430980;IBIACA;50,34;92,41;69,34
430990;IBIRAIARAS;49,41;85,71;88,52
430995;IBIRAPUITA;11,77;97,42;64,42
431000;IBIRUBA;20,84;95,53;81,61
431010;IGREJINHA;88,33;96,76;99,45
431020;IJUI;59,66;97,57;92,27
431030;ILOPOLIS;51,06;94,68;83,87
431033;IMBE;82,67;99,38;99,68
431036;IMIGRANTE;29,7;96,43;96,24
431040;INDEPENDENCIA;11,82;87,82;68,78
431041;INHACORA;35,71;98,02;77,25
431043;IPE;70,56;89,8;85,28
431046;IPIRANGA DO SUL;70,99;73,15;42,9
431050;IRAI;23,93;83,76;64,3
431053;ITAARA;55,59;94,95;95,79
431055;ITACURUBI;26,51;96,06;37,08
431057;ITAPUCA;5,73;93,16;33,52
431060;ITAQUI;68,14;97,02;86,17
431065;ITATI;3,63;76,27;90,99
431070;ITATIBA DO SUL;38,17;91,79;65,98
431075;IVORA;73,43;83,22;92,85
431080;IVOTI;72,6;95,92;99,74
431085;JABOTICABA;27,33;82,12;42,74
431087;JACUIZINHO;3,31;89,83;23,04
431090;JACUTINGA;69,65;79,57;78,43
431100;JAGUARAO;63,51;98,72;93,09
431110;JAGUARI;33,87;78,5;60,35
431112;JAQUIRANA;36,95;88,85;83,09
431113;JARI;10,32;90,26;24,94
431115;JOIA;41,62;82,67;38,56
431120;JULIO DE CASTILHOS;48,44;95,73;86,99
431123;LAGOA BONITA DO SUL;28,92;83,6;35,71
431125;LAGOAO;10,73;80,85;27,19
431127;LAGOA DOS TRES CANTOS;20,47;98,38;97,67
431130;LAGOA VERMELHA;81,28;95,71;92,23
431140;LAJEADO;85;90,43;99,79
431142;LAJEADO DO BUGRE;2,99;96,51;28,93
431150;LAVRAS DO SUL;63,7;95,67;81,76
431160;LIBERATO SALZANO;6,46;91,85;37,11
431162;LINDOLFO COLLOR;65,8;97,99;98,8
431164;LINHA NOVA;47,35;96,16;89,77
431170;MACHADINHO;84,74;84,32;69,95
431171;MACAMBARA;35,73;92,48;43,72
431173;MAMPITUBA;42,84;86,28;92,5
431175;MANOEL VIANA;15,85;91,22;77,21
431177;MAQUINE;69,77;85,79;93,07
431179;MARATA;77,14;98,81;90,48
431180;MARAU;87,67;90,73;98,12
431190;MARCELINO RAMOS;64,07;94,14;75,21
431198;MARIANA PIMENTEL;56,52;77,97;79,84
431200;MARIANO MORO;84,7;72,82;86,94
431205;MARQUES DE SOUZA;49,34;95,81;77,77
431210;MATA;46,1;81,83;57,05
431213;MATO CASTELHANO;86,31;64,18;56,1
431215;MATO LEITAO;81,04;99,62;93,73
431217;MATO QUEIMADO;30,97;100;44,19
431220;MAXIMILIANO DE ALMEIDA;44,75;87,09;61,54
431225;MINAS DO LEAO;71,82;99,55;96,19
431230;MIRAGUAI;35,06;93,05;52,64
431235;MONTAURI;32,69;98,72;90,17
431237;MONTE ALEGRE DOS CAMPOS;22,06;75;42,51
431238;MONTE BELO DO SUL;7,99;96;96,37
431240;MONTENEGRO;89,28;97,23;99,22
431242;MORMACO;41,41;96,93;67,23
431244;MORRINHOS DO SUL;15,23;88,67;95,77
431245;MORRO REDONDO;68,55;89,27;71,55
431247;MORRO REUTER;93,41;86,41;98,96
431250;MOSTARDAS;85,51;98,5;83,55
431260;MUCUM;55,59;99,17;95,9
431261;MUITOS CAPOES;25,86;93,41;63,39
431262;MULITERNO;45,77;87,31;63,98
431265;NAO-ME-TOQUE;46,11;98,75;95,07
431267;NICOLAU VERGUEIRO;11,97;97,73;52,1
431270;NONOAI;25,6;96,01;77,01
431275;NOVA ALVORADA;6,12;97,45;92,77
431280;NOVA ARACA;66,28;91,66;95,45
431290;NOVA BASSANO;59,15;97,58;73,82
431295;NOVA BOA VISTA;43,03;99,55;51,57
431300;NOVA BRESCIA;18,76;96,19;90
431301;NOVA CANDELARIA;81,4;99,89;69,92
431303;NOVA ESPERANCA DO SUL;15,67;94,59;79,8
431306;NOVA HARTZ;96,71;95,67;99,78
431308;NOVA PADUA;78,71;95,19;87,77
431310;NOVA PALMA;59,47;87,64;81,81
431320;NOVA PETROPOLIS;86,96;95,35;97,58
431330;NOVA PRATA;79,57;89,82;97,2
431333;NOVA RAMADA;4,36;96,71;43,35
431335;NOVA ROMA DO SUL;39,69;95,08;81,41
431337;NOVA SANTA RITA;65,33;96,67;97,7
431339;NOVO CABRAIS;53,86;92,44;82,27
431340;NOVO HAMBURGO;92,65;98,6;99,63
431342;NOVO MACHADO;9,26;96,96;70,81
431344;NOVO TIRADENTES;18,03;99,59;30,37
431346;NOVO XINGU;29,57;100;66,96
431349;NOVO BARREIRO;16,43;96,8;44,72
431350;OSORIO;72,95;95,08;98,96
431360;PAIM FILHO;38,42;95,45;70,38
431365;PALMARES DO SUL;89,44;98,69;95,89
431370;PALMEIRA DAS MISSOES;31,68;97,4;86,75
431380;PALMITINHO;44,87;93,24;60,97
431390;PANAMBI;60,22;95,89;94,83
431395;PANTANO GRANDE;83,98;98,16;92,15
431400;PARAI;54,14;95,48;96,18
431402;PARAISO DO SUL;39,37;90,76;81,68
431403;PARECI NOVO;94,39;99,49;97,88
431405;PAROBE;89,43;95,64;99,02
431406;PASSA SETE;21,29;82,48;20,36
431407;PASSO DO SOBRADO;52,45;89,51;79,55
431410;PASSO FUNDO;57,24;98,97;98,9
431413;PAULO BENTO;30,9;91,84;40,49
431415;PAVERAMA;34,37;97,08;87,07
431417;PEDRAS ALTAS;67,81;83,38;38
431420;PEDRO OSORIO;39,52;97,39;94,82
431430;PEJUCARA;7,59;91,86;79,69
431440;PELOTAS;84,45;98,18;97,06
431442;PICADA CAFE;86,7;94,59;98,73
431445;PINHAL;70,42;98,04;78,6
431446;PINHAL DA SERRA;3,22;92,21;72,88
431447;PINHAL GRANDE;65,61;94,76;47,52
431449;PINHEIRINHO DO VALE;17,32;89,31;49,31
431450;PINHEIRO MACHADO;76,68;96,38;79,23
431455;PIRAPO;35,24;98,65;56,86
431460;PIRATINI;60,97;86,03;60,82
431470;PLANALTO;32,44;93,95;66,72
431475;POCO DAS ANTAS;98,99;99,42;97,68
431477;PONTAO;13,27;97,1;49,14
431478;PONTE PRETA;42,49;97,8;31,32
431480;PORTAO;91,23;97,1;99,33
431490;PORTO ALEGRE;94,26;99,6;99,72
431500;PORTO LUCENA;12,79;98,54;61,57
431505;PORTO MAUA;53,9;99,04;76,83
431507;PORTO VERA CRUZ;27,38;99,41;85,07
431510;PORTO XAVIER;49,27;96,14;69,91
431513;POUSO NOVO;21,67;92,13;53,94
431514;PRESIDENTE LUCENA;79,89;98,1;96,97
431515;PROGRESSO;25,81;92,24;48,04
431517;PROTASIO ALVES;67,15;85,96;88,84
431520;PUTINGA;53,09;95,11;72,52
431530;QUARAI;84,65;97,04;91,52
431531;QUATRO IRMAOS;70,23;83,36;52,37
431532;QUEVEDOS;11,49;89,05;35,25
431535;QUINZE DE NOVEMBRO;14,97;99,14;90,62
431540;REDENTORA;10,04;84,7;34,42
431545;RELVADO;51,18;96,53;57,28
431550;RESTINGA SECA;42,15;95,55;89,67
431555;RIO DOS INDIOS;3,77;84,44;23,17
431560;RIO GRANDE;88,69;98,94;98,47
431570;RIO PARDO;77,45;92;88,9
431575;RIOZINHO;47,99;86,67;94,61
431580;ROCA SALES;91,65;90,86;88,64
431590;RODEIO BONITO;24,96;93,63;77,02
431595;ROLADOR;59,81;97,7;28,36
431600;ROLANTE;65,93;92,95;94,22
431610;RONDA ALTA;39,3;96,78;86,29
431620;RONDINHA;37,37;98,98;69,65
431630;ROQUE GONZALES;25,85;99,5;62,57
431640;ROSARIO DO SUL;67,05;95,25;86,09
431642;SAGRADA FAMILIA;22,16;97,77;41,62
431643;SALDANHA MARINHO;7,51;94,03;90,09
431645;SALTO DO JACUI;37,14;94,34;85,65
431647;SALVADOR DAS MISSOES;44,51;99,77;82,06
431650;SALVADOR DO SUL;89,02;97,89;94,19
431660;SANANDUVA;68,93;94,7;72,72
431670;SANTA BARBARA DO SUL;27,42;93,95;87,02
431673;SANTA CECILIA DO SUL;42,29;74,06;78,94
431675;SANTA CLARA DO SUL;54,74;99,37;88,48
431680;SANTA CRUZ DO SUL;90,87;97,41;98,28
431690;SANTA MARIA;84,26;97,87;97,9
431695;SANTA MARIA DO HERVAL;64,24;84,95;90,65
431697;SANTA MARGARIDA DO SUL;37,97;85,67;64,52
431700;SANTANA DA BOA VISTA;36,2;81,54;53,54
431710;SANT'ANA DO LIVRAMENTO;80,32;97,76;90,57
431720;SANTA ROSA;39,08;96,54;95,57
431725;SANTA TEREZA;92,08;91,55;95,25
431730;SANTA VITORIA DO PALMAR;80,27;98,15;91,87
431740;SANTIAGO;72,88;97,86;92,66
431750;SANTO ANGELO;30,85;98,02;94,94
431755;SANTO ANTONIO DO PALMA;19,24;96,34;95,72
431760;SANTO ANTONIO DA PATRULHA;70,89;89,1;89,97
431770;SANTO ANTONIO DAS MISSOES;11,32;97,65;58,55
431775;SANTO ANTONIO DO PLANALTO;13,98;98,41;83,28
431780;SANTO AUGUSTO;8,6;96,66;89,23
431790;SANTO CRISTO;36,52;96,49;76,17
431795;SANTO EXPEDITO DO SUL;66,5;94,03;64,8
431800;SAO BORJA;62,63;95,93;89,42
431805;SAO DOMINGOS DO SUL;57,44;97,36;94,83
431810;SAO FRANCISCO DE ASSIS;25,08;89,57;71,25
431820;SAO FRANCISCO DE PAULA;59,13;91,46;88,3
431830;SAO GABRIEL;63,97;96,98;89,07
431840;SAO JERONIMO;70,63;93,59;79,67
431842;SAO JOAO DA URTIGA;43,5;90,01;64,57
431843;SAO JOAO DO POLESINE;6,55;68,65;95,09
431844;SAO JORGE;55,35;95,48;96,69
431845;SAO JOSE DAS MISSOES;15,06;95,79;37,87
431846;SAO JOSE DO HERVAL;4,8;83,92;77,44
431848;SAO JOSE DO HORTENCIO;93,86;99,18;97,78
431849;SAO JOSE DO INHACORA;70,4;99,73;95,87
431850;SAO JOSE DO NORTE;73,29;94,84;78,11
431860;SAO JOSE DO OURO;76,55;80,61;85,04
431861;SAO JOSE DO SUL;80,11;96,86;93,56
431862;SAO JOSE DOS AUSENTES;51,33;74,79;71,42
431870;SAO LEOPOLDO;93,59;99,21;99,48
431880;SAO LOURENCO DO SUL;60,42;91,32;65,74
431890;SAO LUIZ GONZAGA;58,65;98,11;90,74
431900;SAO MARCOS;92;90,19;94,42
431910;SAO MARTINHO;18,07;96,06;67,99
431912;SAO MARTINHO DA SERRA;3,47;73,73;45,24
431915;SAO MIGUEL DAS MISSOES;27,78;79,53;56,94
431920;SAO NICOLAU;23,73;97,81;67,45
431930;SAO PAULO DAS MISSOES;14,69;98,98;52,71
431935;SAO PEDRO DA SERRA;52,46;95,25;95,35
431936;SAO PEDRO DAS MISSOES;11,94;92,48;50,57
431937;SAO PEDRO DO BUTIA;31,29;99,36;88,69
431940;SAO PEDRO DO SUL;47,32;91,43;77,99
431950;SAO SEBASTIAO DO CAI;91,54;98,62;96,71
431960;SAO SEPE;77,35;93,33;83,55
431970;SAO VALENTIM;31,16;86,67;73,25
431971;SAO VALENTIM DO SUL;19,59;93,65;79,19
431973;SAO VALERIO DO SUL;13,74;98,64;44,22
431975;SAO VENDELINO;95,91;98,59;96,39
431980;SAO VICENTE DO SUL;65,4;89,37;77,01
431990;SAPIRANGA;91,7;99,03;99,41
432000;SAPUCAIA DO SUL;90,73;98,82;99,57
432010;SARANDI;75,4;95,47;90,58
432020;SEBERI;15,87;92,1;79,25
432023;SEDE NOVA;13,01;95,01;63,6
432026;SEGREDO;8,23;88,21;32,52
432030;SELBACH;31,36;91,86;87,39
432032;SENADOR SALGADO FILHO;43,02;98,94;32,24
432035;SENTINELA DO SUL;26,34;88,66;61,7
432040;SERAFINA CORREA;60,74;93,48;95,66
432045;SERIO;10,86;91,63;71,86
432050;SERTAO;24,95;88,38;59,68
432055;SERTAO SANTANA;30,42;80,42;88,07
432057;SETE DE SETEMBRO;21,79;97,72;59,83
432060;SEVERIANO DE ALMEIDA;60,65;73,71;74,11
432065;SILVEIRA MARTINS;43,17;86,35;91,14
432067;SINIMBU;28,2;83,6;65,53
432070;SOBRADINHO;74,17;96,94;86,74
432080;SOLEDADE;71,9;95,13;83,4
432085;TABAI;46,12;88,93;87,63
432090;TAPEJARA;68,74;95,81;96,97
432100;TAPERA;48,12;97,2;91,95
432110;TAPES;83,22;98,48;93,31
432120;TAQUARA;83,82;96,65;97,22
432130;TAQUARI;73,81;96,57;97,61
432132;TAQUARUCU DO SUL;30,31;94,75;86,22
432135;TAVARES;59,1;98,47;74,28
432140;TENENTE PORTELA;19,29;96,21;69,75
432143;TERRA DE AREIA;21,39;95,35;97,52
432145;TEUTONIA;82,22;99,08;99,16
432146;TIO HUGO;13,06;93,53;71,84
432147;TIRADENTES DO SUL;10,78;86,95;49,89
432149;TOROPI;0,37;92,75;77,97
432150;TORRES;64,13;98,68;99,57
432160;TRAMANDAI;60,44;99,13;99,18
432162;TRAVESSEIRO;7,76;98,19;92,24
432163;TRES ARROIOS;71,49;89,75;84,8
432166;TRES CACHOEIRAS;50,67;87,36;96,46
432170;TRES COROAS;88,9;89,5;98,26
432180;TRES DE MAIO;17,57;93,59;87,05
432183;TRES FORQUILHAS;13,06;80,81;95,45
432185;TRES PALMEIRAS;28,49;97,82;53,75
432190;TRES PASSOS;43,3;93,27;94,83
432195;TRINDADE DO SUL;26,4;96,63;73,44
432200;TRIUNFO;57,62;89,41;97,02
432210;TUCUNDUVA;7,14;96,6;93,48
432215;TUNAS;9,56;90,87;30
432218;TUPANCI DO SUL;55,33;85,05;71,4
432220;TUPANCIRETA;44,18;94,74;80,35
432225;TUPANDI;92,03;98,51;98,29
432230;TUPARENDI;14,41;96,12;73,01
432232;TURUCU;49,26;85,38;68,35
432234;UBIRETAMA;13,22;98,9;22,32
432235;UNIAO DA SERRA;76,42;87,11;35,59
432237;UNISTALDA;1,8;73,92;43,15
432240;URUGUAIANA;82,08;98,25;95,15
432250;VACARIA;88,28;98,6;96,78
432252;VALE VERDE;50,35;69,42;68,38
432253;VALE DO SOL;47,61;87,12;78,94
432254;VALE REAL;25,87;95,49;97,89
432255;VANINI;74,8;99,69;75,12
432260;VENANCIO AIRES;85,79;94,05;87,75
432270;VERA CRUZ;74,19;97,9;92,51
432280;VERANOPOLIS;93,14;95,37;96,27
432285;VESPASIANO CORREA;33,92;97,43;91,48
432290;VIADUTOS;48,8;91,76;81,68
432300;VIAMAO;76,19;98,12;98,33
432310;VICENTE DUTRA;46,56;94,52;47,44
432320;VICTOR GRAEFF;25,07;99,33;73,58
432330;VILA FLORES;62,49;91,91;71,29
432335;VILA LANGARO;49,04;94,7;84,24
432340;VILA MARIA;57,78;98,66;98,89
432345;VILA NOVA DO SUL;47,04;84,3;63,54
432350;VISTA ALEGRE;20,04;82,56;54,13
432360;VISTA ALEGRE DO PRATA;35,81;96,82;41,53
432370;VISTA GAUCHA;26,93;92,61;42,76
432375;VITORIA DAS MISSOES;25,56;99,25;22,37
432377;WESTFALIA;97;94,24;96,78
432380;XANGRI-LA;14,27;98,14;99,35
500020;AGUA CLARA;3,46;90,59;74,12
500025;ALCINOPOLIS;0,38;94,9;67,55
500060;AMAMBAI;25,42;90,79;71,62
500070;ANASTACIO;45,17;96,03;78,05
500080;ANAURILANDIA;1,67;84,7;62,16
500085;ANGELICA;2,48;93,09;76,75
500090;ANTONIO JOAO;2,43;89,52;76,38
500100;APARECIDA DO TABOADO;15,99;99,23;90,66
500110;AQUIDAUANA;29,64;93,84;79,08
500124;ARAL MOREIRA;3,03;94,35;65,25
500150;BANDEIRANTES;4,44;99,1;64,03
500190;BATAGUASSU;49,52;93,99;85,29
500200;BATAYPORA;1,41;96,57;75,24
500210;BELA VISTA;24,03;94,47;76,2
500215;BODOQUENA;66,37;90,53;72,98
500220;BONITO;81,62;95,54;82,25
500230;BRASILANDIA;53,97;95,85;73,58
500240;CAARAPO;22,35;94,55;74,6
500260;CAMAPUA;48,79;97,49;78,27
500270;CAMPO GRANDE;60,26;99,38;98,81
500280;CARACOL;2,1;88,98;64,88
500290;CASSILANDIA;25,65;98,03;91,38
500295;CHAPADAO DO SUL;46,87;96,47;87,03
500310;CORGUINHO;63,16;91,43;57,19
500315;CORONEL SAPUCAIA;35,02;93,96;74,85
500320;CORUMBA;19,84;93,36;87,44
500325;COSTA RICA;45,74;95,52;89,51
500330;COXIM;13,25;96,1;88,5
500345;DEODAPOLIS;0,87;98,12;78,14
500348;DOIS IRMAOS DO BURITI;1,66;98;55,03
500350;DOURADINA;1,77;95,13;67,07
500370;DOURADOS;51,96;98,56;92,57
500375;ELDORADO;10,26;89,06;82,17
500380;FATIMA DO SUL;12,02;99,33;88,97
500390;FIGUEIRAO;4,43;95,85;59,69
500400;GLORIA DE DOURADOS;1,6;95,24;77,61
500410;GUIA LOPES DA LAGUNA;7,97;98,82;80,28
500430;IGUATEMI;13,7;94,13;74,55
500440;INOCENCIA;10,51;90,85;63,51
500450;ITAPORA;22,78;97,73;69,79
500460;ITAQUIRAI;1,88;80,71;50,78
500470;IVINHEMA;9,36;91,02;76,44
500480;JAPORA;3,79;80,54;24,35
500490;JARAGUARI;2,81;89,12;34,76
500500;JARDIM;32,62;96,71;91,85
500510;JATEI;25,38;82,77;57,31
500515;JUTI;11,73;91,89;64,52
500520;LADARIO;11,85;94,79;87,84
500525;LAGUNA CARAPA;8,49;96,64;46,46
500540;MARACAJU;35,91;97,93;87,82
500560;MIRANDA;36,69;84,87;69,37
500568;MUNDO NOVO;1,23;92,5;89,69
500570;NAVIRAI;25,84;98,83;93,84
500580;NIOAQUE;26,35;93,3;48,21
500600;NOVA ALVORADA DO SUL;4,64;96,48;73,91
500620;NOVA ANDRADINA;12,73;93,89;85,28
500625;NOVO HORIZONTE DO SUL;5,64;67,61;54,88
500630;PARANAIBA;42,31;99,02;86,56
500635;PARANHOS;1,66;70,18;57,41
500640;PEDRO GOMES;6,77;93,53;74,76
500660;PONTA PORA;23,72;95,37;78,08
500690;PORTO MURTINHO;84,74;88,12;66,31
500710;RIBAS DO RIO PARDO;28,43;89,07;69,05
500720;RIO BRILHANTE;22,08;96,95;82,06
500730;RIO NEGRO;4,12;94,84;70,13
500740;RIO VERDE DE MATO GROSSO;4,3;95,23;84,18
500750;ROCHEDO;22,53;95,55;54,3
500755;SANTA RITA DO PARDO;7,76;92,25;48,59
500769;SAO GABRIEL DO OESTE;46,74;98,96;86,77
500770;SETE QUEDAS;1,73;96,44;75,32
500780;SELVIRIA;8,59;90,55;75,26
500790;SIDROLANDIA;18,81;89,84;63,97
500793;SONORA;3,51;94,9;90,94
500795;TACURU;8,02;81,99;42,47
500797;TAQUARUSSU;1,2;95,83;72,91
500800;TERENOS;10,55;95,38;45,8
500830;TRES LAGOAS;52,74;99,16;95
500840;VICENTINA;1,84;97,82;72,47
510010;ACORIZAL;8,27;81,91;54,34
510020;AGUA BOA;14,11;96,82;81,5
510025;ALTA FLORESTA;18,05;98,64;84,3
510030;ALTO ARAGUAIA;7,62;97,55;86,05
510035;ALTO BOA VISTA;25,97;72,6;64,34
510040;ALTO GARCAS;3,62;94,04;89,18
510050;ALTO PARAGUAI;22,63;87,83;55,73
510060;ALTO TAQUARI;1,84;99;91,02
510080;APIACAS;5,44;91,6;69,6
510100;ARAGUAIANA;3,03;94,3;66,61
510120;ARAGUAINHA;9,56;96,12;82,69
510125;ARAPUTANGA;11,09;93,6;82,78
510130;ARENAPOLIS;17,72;95,27;85,67
510140;ARIPUANA;3,91;90,95;62,75
510160;BARAO DE MELGACO;22,86;71,55;35,47
510170;BARRA DO BUGRES;27,36;94,44;81,69
510180;BARRA DO GARCAS;55,38;97,46;91,08
510185;BOM JESUS DO ARAGUAIA;2,21;87,11;61,72
510190;BRASNORTE;8,43;88,98;68,45
510250;CACERES;60,59;95,56;80,12
510260;CAMPINAPOLIS;12,48;82,92;52,17
510263;CAMPO NOVO DO PARECIS;22,57;98,94;93,39
510267;CAMPO VERDE;10,59;92,63;82,8
510268;CAMPOS DE JULIO;3,59;96,68;84,71
510269;CANABRAVA DO NORTE;0,92;92,25;60,13
510270;CANARANA;4,58;95;80,87
510279;CARLINDA;4,92;97,64;46,16
510285;CASTANHEIRA;7,64;96,7;47,59
510300;CHAPADA DOS GUIMARAES;33,52;83,89;61,9
510305;CLAUDIA;18,22;96,7;77,83
510310;COCALINHO;1,88;94,54;63,04
510320;COLIDER;18,02;98,43;79,11
510325;COLNIZA;3,1;92,95;49,46
510330;COMODORO;19,96;91,33;69,27
510335;CONFRESA;23,03;96,2;64,03
510336;CONQUISTA D'OESTE;6,79;93,5;64,73
510337;COTRIGUACU;4,65;72,14;37,45
510340;CUIABA;80,87;97,24;96,74
510343;CURVELANDIA;1,05;98,34;63,12
510345;DENISE;6,27;99,04;86,61
510350;DIAMANTINO;23,08;95,4;80,16
510360;DOM AQUINO;6,07;92,73;78,06
510370;FELIZ NATAL;6,15;96,19;76,63
510380;FIGUEIROPOLIS D'OESTE;1,75;95,27;56,55
510385;GAUCHA DO NORTE;10,81;93,94;53,99
510390;GENERAL CARNEIRO;18,28;88,04;58,3
510395;GLORIA D'OESTE;6,3;95,74;65,57
510410;GUARANTA DO NORTE;2,52;96,5;75,8
510420;GUIRATINGA;64,7;88,37;82,81
510450;INDIAVAI;4,12;99,07;79,65
510452;IPIRANGA DO NORTE;2,12;97,82;72,29
510454;ITANHANGA;2,23;95,61;74,78
510455;ITAUBA;9,21;97,05;81,35
510460;ITIQUIRA;3,15;92,79;74,18
510480;JACIARA;35,3;96,81;91,35
510490;JANGADA;7,89;59,35;42,36
510500;JAURU;11,42;91,59;64,95
510510;JUARA;16;96,68;79,17
510515;JUINA;7,88;97,09;80,51
510517;JURUENA;30,59;94,6;58,67
510520;JUSCIMEIRA;7,38;91,36;74,11
510523;LAMBARI D'OESTE;6,27;94,9;62,82
510525;LUCAS DO RIO VERDE;47,38;99,61;93,78
510530;LUCIARA;0,76;98,32;85,82
510550;VILA BELA DA SANTISSIMA TRINDADE;13,09;84,07;38,11
510558;MARCELANDIA;2,17;98,32;76,57
510560;MATUPA;9,23;97,3;69,94
510562;MIRASSOL D'OESTE;30,9;97,11;83,07
510590;NOBRES;20,1;88,21;79,66
510600;NORTELANDIA;14,32;94,07;80,49
510610;NOSSA SENHORA DO LIVRAMENTO;29,32;69,51;36,04
510615;NOVA BANDEIRANTES;24,06;97,13;50,51
510617;NOVA NAZARE;8,55;95,65;48,95
510618;NOVA LACERDA;41,1;89,02;55,52
510619;NOVA SANTA HELENA;10,7;96,76;63,12
510620;NOVA BRASILANDIA;20,83;83,04;69,45
510621;NOVA CANAA DO NORTE;15,32;96,07;57,28
510622;NOVA MUTUM;31,71;98,64;84,98
510623;NOVA OLIMPIA;6,35;95,57;90,01
510624;NOVA UBIRATA;5,13;94,87;50,15
510625;NOVA XAVANTINA;24,1;94,6;77,99
510626;NOVO MUNDO;0,84;95,58;42,6
510627;NOVO HORIZONTE DO NORTE;7,46;91,95;52,05
510628;NOVO SAO JOAQUIM;25,4;90,84;66,89
510629;PARANAITA;0,77;96,89;55,22
510630;PARANATINGA;18,34;94,69;76,83
510631;NOVO SANTO ANTONIO;12,21;85,12;61,54
510637;PEDRA PRETA;11,91;93,87;75,52
510642;PEIXOTO DE AZEVEDO;6,79;93,73;65,64
510645;PLANALTO DA SERRA;6,37;94,09;72,77
510650;POCONE;3,91;91,99;68,89
510665;PONTAL DO ARAGUAIA;16,97;96,16;81,09
510670;PONTE BRANCA;1,08;95,22;85,83
510675;PONTES E LACERDA;35,68;97,5;83,19
510677;PORTO ALEGRE DO NORTE;4,92;93,12;69,68
510680;PORTO DOS GAUCHOS;7,05;96,99;75,55
510682;PORTO ESPERIDIAO;4,61;90,35;52,11
510685;PORTO ESTRELA;34,22;90,35;51,48
510700;POXOREO;40,35;93,67;69,46
510704;PRIMAVERA DO LESTE;47,57;98,72;95,24
510706;QUERENCIA;6,13;94,12;68,39
510710;SAO JOSE DOS QUATRO MARCOS;19,67;98,09;76,13
510715;RESERVA DO CABACAL;14,75;88,75;68,2
510718;RIBEIRAO CASCALHEIRA;36,46;89,56;68,46
510719;RIBEIRAOZINHO;32,3;94,21;83,31
510720;RIO BRANCO;1,37;94,55;84,53
510724;SANTA CARMEM;9,9;95,73;80,46
510726;SANTO AFONSO;10,69;82,48;56,73
510729;SAO JOSE DO POVO;6,84;88,9;43,67
510730;SAO JOSE DO RIO CLARO;3,53;92,69;79,9
510735;SAO JOSE DO XINGU;4,16;97,16;69,57
510740;SAO PEDRO DA CIPA;4,09;97,07;87,01
510757;RONDOLANDIA;3,4;68,97;28,15
510760;RONDONOPOLIS;48,42;97,75;96,23
510770;ROSARIO OESTE;15,72;79,03;53,75
510774;SANTA CRUZ DO XINGU;30,74;96,53;61,66
510775;SALTO DO CEU;4,76;82,68;55,62
510776;SANTA RITA DO TRIVELATO;2,93;94,84;67,23
510777;SANTA TEREZINHA;45,16;92,59;48,8
510779;SANTO ANTONIO DO LESTE;3,14;92,47;68,89
510780;SANTO ANTONIO DO LEVERGER;10,23;81,77;35,87
510785;SAO FELIX DO ARAGUAIA;17,62;92,2;51,16
510787;SAPEZAL;40,96;98,92;86,01
510788;SERRA NOVA DOURADA;8,66;94,3;53,53
510790;SINOP;11,14;98,09;94,66
510792;SORRISO;12,35;99,23;92,37
510794;TABAPORA;9,43;95,46;66,98
510795;TANGARA DA SERRA;39,8;97,54;91,9
510800;TAPURAH;20,1;98,66;79,59
510805;TERRA NOVA DO NORTE;12,32;96,67;49,33
510810;TESOURO;8,91;91,1;62,24
510820;TORIXOREU;22,06;96,41;75,17
510830;UNIAO DO SUL;1,14;95,18;77,04
510835;VALE DE SAO DOMINGOS;0,31;95,21;42,14
510840;VARZEA GRANDE;48,34;97,66;93,49
510850;VERA;2,83;97,06;70,9
510860;VILA RICA;39,03;96,54;70,25
510880;NOVA GUARITA;1;99,07;49,37
510885;NOVA MARILANDIA;0,76;92,41;60,09
510890;NOVA MARINGA;20,46;89,1;77,51
510895;NOVA MONTE VERDE;4,21;93,27;61,33
520005;ABADIA DE GOIAS;35,41;93,06;89,36
520010;ABADIANIA;78,95;94,5;75,27
520013;ACREUNA;17,58;97,34;91,04
520015;ADELANDIA;22,99;99,41;88,15
520017;AGUA FRIA DE GOIAS;1,19;79,92;52,19
520020;AGUA LIMPA;6,95;97,54;72,62
520025;AGUAS LINDAS DE GOIAS;18,86;96,79;93,78
520030;ALEXANIA;18,15;97,64;84,86
520050;ALOANDIA;22,38;97,88;86,5
520055;ALTO HORIZONTE;2;99,31;85,41
520060;ALTO PARAISO DE GOIAS;46,97;87,97;81,04
520080;ALVORADA DO NORTE;22,83;89,91;82,4
520082;AMARALINA;34,28;82,13;38,59
520085;AMERICANO DO BRASIL;1,56;92,04;87,25
520090;AMORINOPOLIS;9,57;95,88;67,96
520110;ANAPOLIS;59,44;99;98,21
520120;ANHANGUERA;10,57;99,43;91,43
520130;ANICUNS;59,18;97,47;84,33
520140;APARECIDA DE GOIANIA;36,7;98,43;99,44
520145;APARECIDA DO RIO DOCE;67,48;95,48;88,14
520150;APORE;27,74;94,06;66,09
520160;ARACU;6,77;99,92;90,37
520170;ARAGARCAS;3,98;99,12;95,55
520180;ARAGOIANIA;2,12;98,32;87,82
520215;ARAGUAPAZ;52,46;94,78;71,18
520235;ARENOPOLIS;30;90,83;71,5
520250;ARUANA;29,99;98,79;81,08
520260;AURILANDIA;2,43;99,05;81,64
520280;AVELINOPOLIS;30,36;98,13;80,07
520310;BALIZA;17,57;58,24;29,32
520320;BARRO ALTO;6,84;92,05;82,62
520330;BELA VISTA DE GOIAS;38,57;94,83;86,48
520340;BOM JARDIM DE GOIAS;1,7;90,31;74,89
520350;BOM JESUS DE GOIAS;32,51;96,59;93,11
520355;BONFINOPOLIS;7,62;98,52;92,76
520357;BONOPOLIS;40,12;96,77;63,41
520360;BRAZABRANTES;3,88;99,63;84,2
520380;BRITANIA;27,28;95,51;84,36
520390;BURITI ALEGRE;29,21;98,57;95,02
520393;BURITI DE GOIAS;2,03;95,63;82,64
520396;BURITINOPOLIS;13,83;71,94;59,46
520400;CABECEIRAS;21,49;93,63;78,25
520410;CACHOEIRA ALTA;74,62;95,74;77,27
520420;CACHOEIRA DE GOIAS;15,18;95,14;83,19
520425;CACHOEIRA DOURADA;43,53;95,58;88,26
520430;CACU;60,33;97,4;80,23
520440;CAIAPONIA;50,68;92,35;76,46
520450;CALDAS NOVAS;63,34;97,15;95,86
520455;CALDAZINHA;46,14;91,19;72,48
520460;CAMPESTRE DE GOIAS;1,78;99,16;70,22
520465;CAMPINACU;7,7;79,8;59,19
520470;CAMPINORTE;31,53;98,66;84,57
520480;CAMPO ALEGRE DE GOIAS;23,88;93,35;76,12
520485;CAMPO LIMPO DE GOIAS;19,53;97,75;84,5
520490;CAMPOS BELOS;52,27;88,31;90,85
520495;CAMPOS VERDES;8,47;95,68;77,18
520500;CARMO DO RIO VERDE;25,14;94,24;81,15
520505;CASTELANDIA;31,92;99,66;91,6
520510;CATALAO;54,33;99,07;94,66
520520;CATURAI;37,41;97,62;80,44
520530;CAVALCANTE;15,48;63,91;50,96
520540;CERES;37,94;98,6;93,4
520545;CEZARINA;5,24;99,33;79,37
520547;CHAPADAO DO CEU;70,8;98,9;87,17
520549;CIDADE OCIDENTAL;55,76;97,84;93,42
520551;COCALZINHO DE GOIAS;18,87;94,39;75,87
520552;COLINAS DO SUL;6,26;80,76;68,97
520570;CORREGO DO OURO;15,55;86,24;62,29
520580;CORUMBA DE GOIAS;26,19;89,81;60,16
520590;CORUMBAIBA;34,66;96,53;84,2
520620;CRISTALINA;41,78;96,2;82,63
520630;CRISTIANOPOLIS;3,84;96,45;87,04
520640;CRIXAS;13,71;90,11;74,18
520650;CROMINIA;50,04;96,82;78,28
520660;CUMARI;52,94;96,81;83,38
520670;DAMIANOPOLIS;11,3;79,89;64,75
520680;DAMOLANDIA;22,04;99,38;86,83
520690;DAVINOPOLIS;2,36;92,29;66,8
520710;DIORAMA;30,37;92,87;66,35
520725;DOVERLANDIA;5,25;91,06;64,45
520735;EDEALINA;6,38;98,09;68,58
520740;EDEIA;18,23;99,21;88,2
520750;ESTRELA DO NORTE;25,75;99,72;89,72
520753;FAINA;9,95;82,06;53,32
520760;FAZENDA NOVA;34,73;97,1;63,34
520780;FIRMINOPOLIS;19,65;98,62;78,41
520790;FLORES DE GOIAS;20,78;56,79;32,58
520800;FORMOSA;43,68;95,15;90,25
520810;FORMOSO;25,6;96,28;73,02
520815;GAMELEIRA DE GOIAS;1,88;94,71;46,65
520830;DIVINOPOLIS DE GOIAS;4,17;72,91;80,89
520840;GOIANAPOLIS;14,55;95,7;95,17
520850;GOIANDIRA;18,92;94,34;88,1
520860;GOIANESIA;55,62;98,28;94,14
520870;GOIANIA;77,77;99,52;99,81
520880;GOIANIRA;39,24;99,33;96,97
520890;GOIAS;49,2;89,76;76,05
520910;GOIATUBA;28,97;97,63;92,01
520915;GOUVELANDIA;0,94;96,78;79,02
520920;GUAPO;72,83;93,87;84,21
520929;GUARAITA;2,23;88,03;59,97
520940;GUARANI DE GOIAS;0,96;66,8;42,68
520945;GUARINOS;0,86;93,21;57,11
520960;HEITORAI;40,18;97,17;75,29
520970;HIDROLANDIA;14,5;97,81;75,35
520980;HIDROLINA;2,03;87,26;75,18
520990;IACIARA;11,76;84,27;73,52
520993;INACIOLANDIA;3,72;98,55;83,84
520995;INDIARA;7,91;99,35;88,88
521000;INHUMAS;35,45;99,3;94,41
521010;IPAMERI;61,55;94,97;87,05
521015;IPIRANGA DE GOIAS;0,4;91,24;62,5
521020;IPORA;24,72;97,38;88,85
521030;ISRAELANDIA;5,12;93,69;71,79
521040;ITABERAI;26,97;94,02;86,07
521056;ITAGUARI;34,13;98,35;86
521060;ITAGUARU;17,44;97,54;83,1
521080;ITAJA;85,56;95,23;78,25
521090;ITAPACI;14,96;93,38;88,16
521100;ITAPIRAPUA;22,51;98,16;70,42
521120;ITAPURANGA;72,52;92,09;79,91
521130;ITARUMA;65,73;92,03;73,26
521140;ITAUCU;65,41;97,99;83,56
521150;ITUMBIARA;78,42;97,88;95,94
521160;IVOLANDIA;4,97;89,44;52,08
521170;JANDAIA;16,51;87,7;80,18
521180;JARAGUA;15,98;96,03;83,4
521190;JATAI;70,84;98,93;92,83
521200;JAUPACI;21,43;97,72;73,91
521205;JESUPOLIS;4,72;99,05;79,65
521210;JOVIANIA;65,78;98,05;89,58
521220;JUSSARA;63,75;95,76;82,29
521225;LAGOA SANTA;25,69;97,23;66,43
521230;LEOPOLDO DE BULHOES;24,77;94,61;74,61
521250;LUZIANIA;27,4;96,77;91,07
521260;MAIRIPOTABA;3,42;89,51;75
521270;MAMBAI;15,61;79,01;70,41
521280;MARA ROSA;43,29;98,19;75,99
521290;MARZAGAO;1,69;99,72;88,43
521295;MATRINCHA;13,35;94,37;73,29
521300;MAURILANDIA;8,98;98,59;92,99
521305;MIMOSO DE GOIAS;18,46;69,32;45,79
521308;MINACU;55,44;95,88;84,94
521310;MINEIROS;86,62;98,38;91,48
521340;MOIPORA;9,28;93,39;66,51
521350;MONTE ALEGRE DE GOIAS;8,5;78,04;52,21
521370;MONTES CLAROS DE GOIAS;9,96;90,11;62,97
521375;MONTIVIDIU;9,64;96,59;83,54
521377;MONTIVIDIU DO NORTE;44,75;91,68;43,7
521380;MORRINHOS;63,18;98,52;92,73
521385;MORRO AGUDO DE GOIAS;0,97;94,07;70,62
521390;MOSSAMEDES;9,85;97,21;69,3
521400;MOZARLANDIA;6,19;98,63;89,74
521405;MUNDO NOVO;39,48;95,76;53,28
521410;MUTUNOPOLIS;18,16;91,08;61,86
521440;NAZARIO;5,19;99,15;92,64
521450;NEROPOLIS;70,51;98,9;96,76
521460;NIQUELANDIA;22,74;90,16;78,62
521470;NOVA AMERICA;1,16;92,9;77,42
521480;NOVA AURORA;2,18;99,18;94,13
521483;NOVA CRIXAS;10,45;97,86;65,76
521486;NOVA GLORIA;12,37;96,63;76,07
521487;NOVA IGUACU DE GOIAS;61,87;91,62;71,86
521490;NOVA ROMA;10,48;88,9;41,65
521500;NOVA VENEZA;6,87;98,83;91,03
521520;NOVO BRASIL;5,41;97,07;71,84
521523;NOVO GAMA;39,05;95,67;95,23
521525;NOVO PLANALTO;11,35;89,71;62,54
521530;ORIZONA;9,45;89,09;76,49
521540;OURO VERDE DE GOIAS;1,42;95,57;67,99
521550;OUVIDOR;5,27;97,97;90,16
521560;PADRE BERNARDO;23,74;78,37;68,56
521565;PALESTINA DE GOIAS;5,39;92,9;64,9
521570;PALMEIRAS DE GOIAS;63,08;96,69;82,51
521580;PALMELO;58,93;99,75;95,28
521590;PALMINOPOLIS;29,1;98,98;76,71
521600;PANAMA;0,72;97,24;75,1
521630;PARANAIGUARA;90,32;98,56;91,81
521640;PARAUNA;63,58;97,47;75,3
521645;PEROLANDIA;20,88;94,08;63,73
521680;PETROLINA DE GOIAS;7,44;96,59;69,25
521690;PILAR DE GOIAS;1,77;88,57;42,62
521710;PIRACANJUBA;31,61;93,58;82,91
521720;PIRANHAS;1,59;96,66;81,22
521730;PIRENOPOLIS;33,22;91,12;83,55
521740;PIRES DO RIO;42,54;99,51;94,12
521760;PLANALTINA;24,98;94,78;88,52
521770;PONTALINA;41,76;97,14;83,09
521800;PORANGATU;9,9;97,83;85,09
521805;PORTEIRAO;4,96;97,19;87,64
521810;PORTELANDIA;1,95;96,6;81,63
521830;POSSE;49,03;82,39;72,97
521839;PROFESSOR JAMIL;7,22;97,17;72,76
521850;QUIRINOPOLIS;81,11;96,69;89,07
521860;RIALMA;51;97,73;91,96
521870;RIANAPOLIS;15,59;98,82;87,79
521878;RIO QUENTE;86,23;99,27;89,37
521880;RIO VERDE;61,26;99,3;92,93
521890;RUBIATABA;4,97;96,52;84,97
521900;SANCLERLANDIA;8,31;96,86;85,02
521910;SANTA BARBARA DE GOIAS;91,98;98,01;93,6
521920;SANTA CRUZ DE GOIAS;2,98;95,94;44,95
521925;SANTA FE DE GOIAS;4,55;98,98;78,89
521930;SANTA HELENA DE GOIAS;67,01;98,8;95,35
521935;SANTA ISABEL;2,18;98,28;69,78
521940;SANTA RITA DO ARAGUAIA;1,9;95,71;88,31
521945;SANTA RITA DO NOVO DESTINO;54,87;94,72;53,1
521950;SANTA ROSA DE GOIAS;1,3;90,86;79,21
521960;SANTA TEREZA DE GOIAS;51,63;95,15;83,61
521970;SANTA TEREZINHA DE GOIAS;14,78;89,31;75,1
521971;SANTO ANTONIO DA BARRA;12,48;98,81;83,76
521973;SANTO ANTONIO DE GOIAS;9,88;98,72;92,89
521975;SANTO ANTONIO DO DESCOBERTO;44,49;86,49;82,43
521980;SAO DOMINGOS;6,2;68,95;56,08
521990;SAO FRANCISCO DE GOIAS;1,68;98,67;72,93
522000;SAO JOAO D'ALIANCA;6;86,23;63,21
522005;SAO JOAO DA PARAUNA;84,59;95,41;77,38
522010;SAO LUIS DE MONTES BELOS;56,4;95,42;89,48
522015;SAO LUIZ DO NORTE;14,93;97,67;81,88
522020;SAO MIGUEL DO ARAGUAIA;43,84;98,1;82,87
522026;SAO MIGUEL DO PASSA QUATRO;38,93;91,28;66,56
522028;SAO PATRICIO;20,12;91,44;63,06
522040;SAO SIMAO;86,5;98,99;96,91
522045;SENADOR CANEDO;25,25;99,11;98,55
522050;SERRANOPOLIS;2,84;98,02;77,02
522060;SILVANIA;39,03;89,81;66,65
522068;SIMOLANDIA;1,43;86,68;81,03
522070;SITIO D'ABADIA;0,72;78,72;37,74
522100;TAQUARAL DE GOIAS;5,55;98,2;81,25
522108;TERESINA DE GOIAS;3,32;80,42;71,8
522119;TEREZOPOLIS DE GOIAS;7,35;96,4;94,42
522130;TRES RANCHOS;39,83;96,61;91
522140;TRINDADE;49,23;99,17;96,45
522145;TROMBAS;1,04;88,53;61,73
522150;TURVANIA;20,14;99,02;82,36
522155;TURVELANDIA;14,86;97,39;73,75
522157;UIRAPURU;22,63;97,58;65,09
522160;URUACU;43,44;97,09;89,52
522170;URUANA;11,82;95,87;80,63
522180;URUTAI;2,81;91,86;73,52
522185;VALPARAISO DE GOIAS;68,94;98,17;97,82
522190;VARJAO;1,66;91,15;79,05
522200;VIANOPOLIS;17,67;86,9;80,3
522205;VICENTINOPOLIS;3,07;98,6;87,11
522220;VILA BOA;25,66;85,25;77,83
522230;VILA PROPICIO;6,95;77,93;51,68
530010;BRASILIA;88,92;98,15;97,84
