COD. UF;UF;CODMUN7;NOME DO MUNICÍPIO;POP10
11;RO;1100015;Alta Floresta D'Oeste;24392
11;RO;1100023;Ariquemes;90353
11;RO;1100031;Cabixi;6313
11;RO;1100049;Cacoal;78574
11;RO;1100056;Cerejeiras;17029
11;RO;1100064;Colorado do Oeste;18591
11;RO;1100072;Corumbiara;8783
11;RO;1100080;Costa Marques;13678
11;RO;1100098;Espigão D'Oeste;28729
11;RO;1100106;Guajará-Mirim;41656
11;RO;1100114;Jaru;52005
11;RO;1100122;Ji-Paraná;116610
11;RO;1100130;Machadinho D'Oeste;31135
11;RO;1100148;Nova Brasilândia D'Oeste;19874
11;RO;1100155;Ouro Preto do Oeste;37928
11;RO;1100189;Pimenta Bueno;33822
11;RO;1100205;Porto Velho;428527
11;RO;1100254;Presidente Médici;22319
11;RO;1100262;Rio Crespo;3316
11;RO;1100288;Rolim de Moura;50648
11;RO;1100296;Santa Luzia D'Oeste;8886
11;RO;1100304;Vilhena;76202
11;RO;1100320;São Miguel do Guaporé;21828
11;RO;1100338;Nova Mamoré;22546
11;RO;1100346;Alvorada D'Oeste;16853
11;RO;1100379;Alto Alegre dos Parecis;12816
11;RO;1100403;Alto Paraíso;17135
11;RO;1100452;Buritis;32383
11;RO;1100502;Novo Horizonte do Oeste;10240
11;RO;1100601;Cacaulândia;5736
11;RO;1100700;Campo Novo de Rondônia;12665
11;RO;1100809;Candeias do Jamari;19779
11;RO;1100908;Castanheiras;3575
11;RO;1100924;Chupinguaia;8301
11;RO;1100940;Cujubim;15854
11;RO;1101005;Governador Jorge Teixeira;10512
11;RO;1101104;Itapuã do Oeste;8566
11;RO;1101203;Ministro Andreazza;10352
11;RO;1101302;Mirante da Serra;11878
11;RO;1101401;Monte Negro;14091
11;RO;1101435;Nova União;7493
11;RO;1101450;Parecis;4810
11;RO;1101468;Pimenteiras do Oeste;2315
11;RO;1101476;Primavera de Rondônia;3524
11;RO;1101484;São Felipe D'Oeste;6018
11;RO;1101492;São Francisco do Guaporé;16035
11;RO;1101500;Seringueiras;11629
11;RO;1101559;Teixeirópolis;4888
11;RO;1101609;Theobroma;10649
11;RO;1101708;Urupá;12974
11;RO;1101757;Vale do Anari;9384
11;RO;1101807;Vale do Paraíso;8210
12;AC;1200013;Acrelândia;12538
12;AC;1200054;Assis Brasil;6072
12;AC;1200104;Brasiléia;21398
12;AC;1200138;Bujari;8471
12;AC;1200179;Capixaba;8798
12;AC;1200203;Cruzeiro do Sul;78507
12;AC;1200252;Epitaciolândia;15100
12;AC;1200302;Feijó;32412
12;AC;1200328;Jordão;6577
12;AC;1200336;Mâncio Lima;15206
12;AC;1200344;Manoel Urbano;7981
12;AC;1200351;Marechal Thaumaturgo;14227
12;AC;1200385;Plácido de Castro;17209
12;AC;1200393;Porto Walter;9176
12;AC;1200401;Rio Branco;336038
12;AC;1200427;Rodrigues Alves;14389
12;AC;1200435;Santa Rosa do Purus;4691
12;AC;1200450;Senador Guiomard;20179
12;AC;1200500;Sena Madureira;38029
12;AC;1200609;Tarauacá;35590
12;AC;1200708;Xapuri;16091
12;AC;1200807;Porto Acre;14880
13;AM;1300029;Alvarães;14088
13;AM;1300060;Amaturá;9467
13;AM;1300086;Anamã;10214
13;AM;1300102;Anori;16317
13;AM;1300144;Apuí;18007
13;AM;1300201;Atalaia do Norte;15153
13;AM;1300300;Autazes;32135
13;AM;1300409;Barcelos;25718
13;AM;1300508;Barreirinha;27355
13;AM;1300607;Benjamin Constant;33411
13;AM;1300631;Beruri;15486
13;AM;1300680;Boa Vista do Ramos;14979
13;AM;1300706;Boca do Acre;30632
13;AM;1300805;Borba;34961
13;AM;1300839;Caapiranga;10975
13;AM;1300904;Canutama;12738
13;AM;1301001;Carauari;25774
13;AM;1301100;Careiro;32734
13;AM;1301159;Careiro da Várzea;23930
13;AM;1301209;Coari;75965
13;AM;1301308;Codajás;23206
13;AM;1301407;Eirunepé;30665
13;AM;1301506;Envira;16338
13;AM;1301605;Fonte Boa;22817
13;AM;1301654;Guajará;13974
13;AM;1301704;Humaitá;44227
13;AM;1301803;Ipixuna;22254
13;AM;1301852;Iranduba;40781
13;AM;1301902;Itacoatiara;86839
13;AM;1301951;Itamarati;8038
13;AM;1302009;Itapiranga;8211
13;AM;1302108;Japurá;7326
13;AM;1302207;Juruá;10802
13;AM;1302306;Jutaí;17992
13;AM;1302405;Lábrea;37701
13;AM;1302504;Manacapuru;85141
13;AM;1302553;Manaquiri;22801
13;AM;1302603;Manaus;1802014
13;AM;1302702;Manicoré;47017
13;AM;1302801;Maraã;17528
13;AM;1302900;Maués;52236
13;AM;1303007;Nhamundá;18278
13;AM;1303106;Nova Olinda do Norte;30696
13;AM;1303205;Novo Airão;14723
13;AM;1303304;Novo Aripuanã;21451
13;AM;1303403;Parintins;102033
13;AM;1303502;Pauini;18166
13;AM;1303536;Presidente Figueiredo;27175
13;AM;1303569;Rio Preto da Eva;25719
13;AM;1303601;Santa Isabel do Rio Negro;18146
13;AM;1303700;Santo Antônio do Içá;24481
13;AM;1303809;São Gabriel da Cachoeira;37896
13;AM;1303908;São Paulo de Olivença;31422
13;AM;1303957;São Sebastião do Uatumã;10705
13;AM;1304005;Silves;8444
13;AM;1304062;Tabatinga;52272
13;AM;1304104;Tapauá;19077
13;AM;1304203;Tefé;61453
13;AM;1304237;Tonantins;17079
13;AM;1304260;Uarini;11891
13;AM;1304302;Urucará;17094
13;AM;1304401;Urucurituba;17837
14;RR;1400027;Amajari;9327
14;RR;1400050;Alto Alegre;16448
14;RR;1400100;Boa Vista;284313
14;RR;1400159;Bonfim;10943
14;RR;1400175;Cantá;13902
14;RR;1400209;Caracaraí;18398
14;RR;1400233;Caroebe;8114
14;RR;1400282;Iracema;8696
14;RR;1400308;Mucajaí;14792
14;RR;1400407;Normandia;8940
14;RR;1400456;Pacaraima;10433
14;RR;1400472;Rorainópolis;24279
14;RR;1400506;São João da Baliza;6769
14;RR;1400605;São Luiz;6750
14;RR;1400704;Uiramutã;8375
15;PA;1500107;Abaetetuba;141100
15;PA;1500131;Abel Figueiredo;6780
15;PA;1500206;Acará;53569
15;PA;1500305;Afuá;35042
15;PA;1500347;Água Azul do Norte;25057
15;PA;1500404;Alenquer;52626
15;PA;1500503;Almeirim;33614
15;PA;1500602;Altamira;99075
15;PA;1500701;Anajás;24759
15;PA;1500800;Ananindeua;471980
15;PA;1500859;Anapu;20543
15;PA;1500909;Augusto Corrêa;40497
15;PA;1500958;Aurora do Pará;26546
15;PA;1501006;Aveiro;15849
15;PA;1501105;Bagre;23864
15;PA;1501204;Baião;36882
15;PA;1501253;Bannach;3431
15;PA;1501303;Barcarena;99859
15;PA;1501402;Belém;1393399
15;PA;1501451;Belterra;16318
15;PA;1501501;Benevides;51651
15;PA;1501576;Bom Jesus do Tocantins;15298
15;PA;1501600;Bonito;13630
15;PA;1501709;Bragança;113227
15;PA;1501725;Brasil Novo;15690
15;PA;1501758;Brejo Grande do Araguaia;7317
15;PA;1501782;Breu Branco;52493
15;PA;1501808;Breves;92860
15;PA;1501907;Bujaru;25695
15;PA;1501956;Cachoeira do Piriá;26484
15;PA;1502004;Cachoeira do Arari;20443
15;PA;1502103;Cametá;120896
15;PA;1502152;Canaã dos Carajás;26716
15;PA;1502202;Capanema;63639
15;PA;1502301;Capitão Poço;51893
15;PA;1502400;Castanhal;173149
15;PA;1502509;Chaves;21005
15;PA;1502608;Colares;11381
15;PA;1502707;Conceição do Araguaia;45557
15;PA;1502756;Concórdia do Pará;28216
15;PA;1502764;Cumaru do Norte;10466
15;PA;1502772;Curionópolis;18288
15;PA;1502806;Curralinho;28549
15;PA;1502855;Curuá;12254
15;PA;1502905;Curuçá;34294
15;PA;1502939;Dom Eliseu;51319
15;PA;1502954;Eldorado do Carajás;31786
15;PA;1503002;Faro;8177
15;PA;1503044;Floresta do Araguaia;17768
15;PA;1503077;Garrafão do Norte;25034
15;PA;1503093;Goianésia do Pará;30436
15;PA;1503101;Gurupá;29062
15;PA;1503200;Igarapé-Açu;35887
15;PA;1503309;Igarapé-Miri;58077
15;PA;1503408;Inhangapi;10037
15;PA;1503457;Ipixuna do Pará;51309
15;PA;1503507;Irituia;31364
15;PA;1503606;Itaituba;97493
15;PA;1503705;Itupiranga;51220
15;PA;1503754;Jacareacanga;14103
15;PA;1503804;Jacundá;51360
15;PA;1503903;Juruti;47086
15;PA;1504000;Limoeiro do Ajuru;25021
15;PA;1504059;Mãe do Rio;27904
15;PA;1504109;Magalhães Barata;8115
15;PA;1504208;Marabá;233669
15;PA;1504307;Maracanã;28376
15;PA;1504406;Marapanim;26605
15;PA;1504422;Marituba;108246
15;PA;1504455;Medicilândia;27328
15;PA;1504505;Melgaço;24808
15;PA;1504604;Mocajuba;26731
15;PA;1504703;Moju;70018
15;PA;1504752;Mojuí dos Campos;NA
15;PA;1504802;Monte Alegre;55462
15;PA;1504901;Muaná;34204
15;PA;1504950;Nova Esperança do Piriá;20158
15;PA;1504976;Nova Ipixuna;14645
15;PA;1505007;Nova Timboteua;13670
15;PA;1505031;Novo Progresso;25124
15;PA;1505064;Novo Repartimento;62050
15;PA;1505106;Óbidos;49333
15;PA;1505205;Oeiras do Pará;28595
15;PA;1505304;Oriximiná;62794
15;PA;1505403;Ourém;16311
15;PA;1505437;Ourilândia do Norte;27359
15;PA;1505486;Pacajá;39979
15;PA;1505494;Palestina do Pará;7475
15;PA;1505502;Paragominas;97819
15;PA;1505536;Parauapebas;153908
15;PA;1505551;Pau D'Arco;6033
15;PA;1505601;Peixe-Boi;7854
15;PA;1505635;Piçarra;12697
15;PA;1505650;Placas;23934
15;PA;1505700;Ponta de Pedras;25999
15;PA;1505809;Portel;52172
15;PA;1505908;Porto de Moz;33956
15;PA;1506005;Prainha;29349
15;PA;1506104;Primavera;10268
15;PA;1506112;Quatipuru;12411
15;PA;1506138;Redenção;75556
15;PA;1506161;Rio Maria;17697
15;PA;1506187;Rondon do Pará;46964
15;PA;1506195;Rurópolis;40087
15;PA;1506203;Salinópolis;37421
15;PA;1506302;Salvaterra;20183
15;PA;1506351;Santa Bárbara do Pará;17141
15;PA;1506401;Santa Cruz do Arari;8155
15;PA;1506500;Santa Izabel do Pará;59466
15;PA;1506559;Santa Luzia do Pará;19424
15;PA;1506583;Santa Maria das Barreiras;17206
15;PA;1506609;Santa Maria do Pará;23026
15;PA;1506708;Santana do Araguaia;56153
15;PA;1506807;Santarém;294580
15;PA;1506906;Santarém Novo;6141
15;PA;1507003;Santo Antônio do Tauá;26674
15;PA;1507102;São Caetano de Odivelas;16891
15;PA;1507151;São Domingos do Araguaia;23130
15;PA;1507201;São Domingos do Capim;29846
15;PA;1507300;São Félix do Xingu;91340
15;PA;1507409;São Francisco do Pará;15060
15;PA;1507458;São Geraldo do Araguaia;25587
15;PA;1507466;São João da Ponta;5265
15;PA;1507474;São João de Pirabas;20647
15;PA;1507508;São João do Araguaia;13155
15;PA;1507607;São Miguel do Guamá;51567
15;PA;1507706;São Sebastião da Boa Vista;22904
15;PA;1507755;Sapucaia;5047
15;PA;1507805;Senador José Porfírio;13045
15;PA;1507904;Soure;23001
15;PA;1507953;Tailândia;79297
15;PA;1507961;Terra Alta;10262
15;PA;1507979;Terra Santa;16949
15;PA;1508001;Tomé-Açu;56518
15;PA;1508035;Tracuateua;27455
15;PA;1508050;Trairão;16875
15;PA;1508084;Tucumã;33690
15;PA;1508100;Tucuruí;97128
15;PA;1508126;Ulianópolis;43341
15;PA;1508159;Uruará;44789
15;PA;1508209;Vigia;47889
15;PA;1508308;Viseu;56716
15;PA;1508357;Vitória do Xingu;13431
15;PA;1508407;Xinguara;40573
16;AP;1600055;Serra do Navio;4380
16;AP;1600105;Amapá;8069
16;AP;1600154;Pedra Branca do Amapari;10772
16;AP;1600204;Calçoene;9000
16;AP;1600212;Cutias;4696
16;AP;1600238;Ferreira Gomes;5802
16;AP;1600253;Itaubal;4265
16;AP;1600279;Laranjal do Jari;39942
16;AP;1600303;Macapá;398204
16;AP;1600402;Mazagão;17032
16;AP;1600501;Oiapoque;20509
16;AP;1600535;Porto Grande;16809
16;AP;1600550;Pracuúba;3793
16;AP;1600600;Santana;101262
16;AP;1600709;Tartarugalzinho;12563
16;AP;1600808;Vitória do Jari;12428
17;TO;1700251;Abreulândia;2391
17;TO;1700301;Aguiarnópolis;5162
17;TO;1700350;Aliança do Tocantins;5671
17;TO;1700400;Almas;7586
17;TO;1700707;Alvorada;8374
17;TO;1701002;Ananás;9865
17;TO;1701051;Angico;3175
17;TO;1701101;Aparecida do Rio Negro;4213
17;TO;1701309;Aragominas;5882
17;TO;1701903;Araguacema;6317
17;TO;1702000;Araguaçu;8786
17;TO;1702109;Araguaína;150484
17;TO;1702158;Araguanã;5030
17;TO;1702208;Araguatins;31329
17;TO;1702307;Arapoema;6742
17;TO;1702406;Arraias;10645
17;TO;1702554;Augustinópolis;15950
17;TO;1702703;Aurora do Tocantins;3446
17;TO;1702901;Axixá do Tocantins;9275
17;TO;1703008;Babaçulândia;10424
17;TO;1703057;Bandeirantes do Tocantins;3122
17;TO;1703073;Barra do Ouro;4123
17;TO;1703107;Barrolândia;5349
17;TO;1703206;Bernardo Sayão;4456
17;TO;1703305;Bom Jesus do Tocantins;3768
17;TO;1703602;Brasilândia do Tocantins;2064
17;TO;1703701;Brejinho de Nazaré;5185
17;TO;1703800;Buriti do Tocantins;9768
17;TO;1703826;Cachoeirinha;2148
17;TO;1703842;Campos Lindos;8139
17;TO;1703867;Cariri do Tocantins;3756
17;TO;1703883;Carmolândia;2316
17;TO;1703891;Carrasco Bonito;3688
17;TO;1703909;Caseara;4601
17;TO;1704105;Centenário;2566
17;TO;1704600;Chapada de Areia;1335
17;TO;1705102;Chapada da Natividade;3277
17;TO;1705508;Colinas do Tocantins;30838
17;TO;1705557;Combinado;4669
17;TO;1705607;Conceição do Tocantins;4182
17;TO;1706001;Couto Magalhães;5009
17;TO;1706100;Cristalândia;7234
17;TO;1706258;Crixás do Tocantins;1564
17;TO;1706506;Darcinópolis;5273
17;TO;1707009;Dianópolis;19112
17;TO;1707108;Divinópolis do Tocantins;6363
17;TO;1707207;Dois Irmãos do Tocantins;7161
17;TO;1707306;Dueré;4592
17;TO;1707405;Esperantina;9476
17;TO;1707553;Fátima;3805
17;TO;1707652;Figueirópolis;5340
17;TO;1707702;Filadélfia;8505
17;TO;1708205;Formoso do Araguaia;18427
17;TO;1708254;Tabocão;2419
17;TO;1708304;Goianorte;4956
17;TO;1709005;Goiatins;12064
17;TO;1709302;Guaraí;23200
17;TO;1709500;Gurupi;76755
17;TO;1709807;Ipueiras;1639
17;TO;1710508;Itacajá;7104
17;TO;1710706;Itaguatins;6029
17;TO;1710904;Itapiratins;3532
17;TO;1711100;Itaporã do Tocantins;2445
17;TO;1711506;Jaú do Tocantins;3507
17;TO;1711803;Juarina;2231
17;TO;1711902;Lagoa da Confusão;10210
17;TO;1711951;Lagoa do Tocantins;3525
17;TO;1712009;Lajeado;2773
17;TO;1712157;Lavandeira;1605
17;TO;1712405;Lizarda;3725
17;TO;1712454;Luzinópolis;2622
17;TO;1712504;Marianópolis do Tocantins;4352
17;TO;1712702;Mateiros;2223
17;TO;1712801;Maurilândia do Tocantins;3154
17;TO;1713205;Miracema do Tocantins;20684
17;TO;1713304;Miranorte;12623
17;TO;1713601;Monte do Carmo;6716
17;TO;1713700;Monte Santo do Tocantins;2085
17;TO;1713809;Palmeiras do Tocantins;5740
17;TO;1713957;Muricilândia;3152
17;TO;1714203;Natividade;9000
17;TO;1714302;Nazaré;4386
17;TO;1714880;Nova Olinda;10686
17;TO;1715002;Nova Rosalândia;3770
17;TO;1715101;Novo Acordo;3762
17;TO;1715150;Novo Alegre;2286
17;TO;1715259;Novo Jardim;2457
17;TO;1715507;Oliveira de Fátima;1037
17;TO;1715705;Palmeirante;4954
17;TO;1715754;Palmeirópolis;7339
17;TO;1716109;Paraíso do Tocantins;44417
17;TO;1716208;Paranã;10338
17;TO;1716307;Pau D'Arco;4588
17;TO;1716505;Pedro Afonso;11539
17;TO;1716604;Peixe;10384
17;TO;1716653;Pequizeiro;5054
17;TO;1716703;Colméia;8611
17;TO;1717008;Pindorama do Tocantins;4506
17;TO;1717206;Piraquê;2920
17;TO;1717503;Pium;6694
17;TO;1717800;Ponte Alta do Bom Jesus;4544
17;TO;1717909;Ponte Alta do Tocantins;7180
17;TO;1718006;Porto Alegre do Tocantins;2796
17;TO;1718204;Porto Nacional;49146
17;TO;1718303;Praia Norte;7659
17;TO;1718402;Presidente Kennedy;3681
17;TO;1718451;Pugmil;2369
17;TO;1718501;Recursolândia;3768
17;TO;1718550;Riachinho;4191
17;TO;1718659;Rio da Conceição;1714
17;TO;1718709;Rio dos Bois;2570
17;TO;1718758;Rio Sono;6254
17;TO;1718808;Sampaio;3864
17;TO;1718840;Sandolândia;3326
17;TO;1718865;Santa Fé do Araguaia;6599
17;TO;1718881;Santa Maria do Tocantins;2894
17;TO;1718899;Santa Rita do Tocantins;2128
17;TO;1718907;Santa Rosa do Tocantins;4568
17;TO;1719004;Santa Tereza do Tocantins;2523
17;TO;1720002;Santa Terezinha do Tocantins;2474
17;TO;1720101;São Bento do Tocantins;4608
17;TO;1720150;São Félix do Tocantins;1437
17;TO;1720200;São Miguel do Tocantins;10481
17;TO;1720259;São Salvador do Tocantins;2910
17;TO;1720309;São Sebastião do Tocantins;4283
17;TO;1720499;São Valério;4383
17;TO;1720655;Silvanópolis;5068
17;TO;1720804;Sítio Novo do Tocantins;9148
17;TO;1720853;Sucupira;1742
17;TO;1720903;Taguatinga;15051
17;TO;1720937;Taipas do Tocantins;1945
17;TO;1720978;Talismã;2562
17;TO;1721000;Palmas;228332
17;TO;1721109;Tocantínia;6736
17;TO;1721208;Tocantinópolis;22619
17;TO;1721257;Tupirama;1574
17;TO;1721307;Tupiratins;2097
17;TO;1722081;Wanderlândia;10981
17;TO;1722107;Xambioá;11484
21;MA;2100055;Açailândia;104047
21;MA;2100105;Afonso Cunha;5905
21;MA;2100154;Água Doce do Maranhão;11581
21;MA;2100204;Alcântara;21851
21;MA;2100303;Aldeias Altas;23952
21;MA;2100402;Altamira do Maranhão;11063
21;MA;2100436;Alto Alegre do Maranhão;24599
21;MA;2100477;Alto Alegre do Pindaré;31057
21;MA;2100501;Alto Parnaíba;10766
21;MA;2100550;Amapá do Maranhão;6431
21;MA;2100600;Amarante do Maranhão;37932
21;MA;2100709;Anajatuba;25291
21;MA;2100808;Anapurus;13939
21;MA;2100832;Apicum-Açu;14959
21;MA;2100873;Araguanã;13973
21;MA;2100907;Araioses;42505
21;MA;2100956;Arame;31702
21;MA;2101004;Arari;28488
21;MA;2101103;Axixá;11407
21;MA;2101202;Bacabal;100014
21;MA;2101251;Bacabeira;14925
21;MA;2101301;Bacuri;16604
21;MA;2101350;Bacurituba;5293
21;MA;2101400;Balsas;83528
21;MA;2101509;Barão de Grajaú;17841
21;MA;2101608;Barra do Corda;82830
21;MA;2101707;Barreirinhas;54930
21;MA;2101731;Belágua;6524
21;MA;2101772;Bela Vista do Maranhão;12049
21;MA;2101806;Benedito Leite;5469
21;MA;2101905;Bequimão;20344
21;MA;2101939;Bernardo do Mearim;5996
21;MA;2101970;Boa Vista do Gurupi;7949
21;MA;2102002;Bom Jardim;39049
21;MA;2102036;Bom Jesus das Selvas;28459
21;MA;2102077;Bom Lugar;14818
21;MA;2102101;Brejo;33359
21;MA;2102150;Brejo de Areia;5577
21;MA;2102200;Buriti;27013
21;MA;2102309;Buriti Bravo;22899
21;MA;2102325;Buriticupu;65237
21;MA;2102358;Buritirana;14784
21;MA;2102374;Cachoeira Grande;8446
21;MA;2102408;Cajapió;10593
21;MA;2102507;Cajari;18338
21;MA;2102556;Campestre do Maranhão;13369
21;MA;2102606;Cândido Mendes;18505
21;MA;2102705;Cantanhede;20448
21;MA;2102754;Capinzal do Norte;10698
21;MA;2102804;Carolina;23959
21;MA;2102903;Carutapera;22006
21;MA;2103000;Caxias;155129
21;MA;2103109;Cedral;10297
21;MA;2103125;Central do Maranhão;7887
21;MA;2103158;Centro do Guilherme;12565
21;MA;2103174;Centro Novo do Maranhão;17622
21;MA;2103208;Chapadinha;73350
21;MA;2103257;Cidelândia;13681
21;MA;2103307;Codó;118038
21;MA;2103406;Coelho Neto;46750
21;MA;2103505;Colinas;39132
21;MA;2103554;Conceição do Lago-Açu;14436
21;MA;2103604;Coroatá;61725
21;MA;2103703;Cururupu;32652
21;MA;2103752;Davinópolis;12579
21;MA;2103802;Dom Pedro;22681
21;MA;2103901;Duque Bacelar;10649
21;MA;2104008;Esperantinópolis;18452
21;MA;2104057;Estreito;35835
21;MA;2104073;Feira Nova do Maranhão;8126
21;MA;2104081;Fernando Falcão;9241
21;MA;2104099;Formosa da Serra Negra;17757
21;MA;2104107;Fortaleza dos Nogueiras;11646
21;MA;2104206;Fortuna;15098
21;MA;2104305;Godofredo Viana;10635
21;MA;2104404;Gonçalves Dias;17482
21;MA;2104503;Governador Archer;10205
21;MA;2104552;Governador Edison Lobão;15895
21;MA;2104602;Governador Eugênio Barros;15991
21;MA;2104628;Governador Luiz Rocha;7337
21;MA;2104651;Governador Newton Bello;11921
21;MA;2104677;Governador Nunes Freire;25401
21;MA;2104701;Graça Aranha;6140
21;MA;2104800;Grajaú;62093
21;MA;2104909;Guimarães;12081
21;MA;2105005;Humberto de Campos;26189
21;MA;2105104;Icatu;25145
21;MA;2105153;Igarapé do Meio;12550
21;MA;2105203;Igarapé Grande;11041
21;MA;2105302;Imperatriz;247505
21;MA;2105351;Itaipava do Grajaú;14297
21;MA;2105401;Itapecuru Mirim;62110
21;MA;2105427;Itinga do Maranhão;24863
21;MA;2105450;Jatobá;8526
21;MA;2105476;Jenipapo dos Vieiras;15440
21;MA;2105500;João Lisboa;20381
21;MA;2105609;Joselândia;15433
21;MA;2105658;Junco do Maranhão;4020
21;MA;2105708;Lago da Pedra;46083
21;MA;2105807;Lago do Junco;10729
21;MA;2105906;Lago Verde;15412
21;MA;2105922;Lagoa do Mato;10934
21;MA;2105948;Lago dos Rodrigues;7794
21;MA;2105963;Lagoa Grande do Maranhão;10517
21;MA;2105989;Lajeado Novo;6923
21;MA;2106003;Lima Campos;11423
21;MA;2106102;Loreto;11390
21;MA;2106201;Luís Domingues;6510
21;MA;2106300;Magalhães de Almeida;17587
21;MA;2106326;Maracaçumé;19155
21;MA;2106359;Marajá do Sena;8051
21;MA;2106375;Maranhãozinho;14065
21;MA;2106409;Mata Roma;15150
21;MA;2106508;Matinha;21885
21;MA;2106607;Matões;31015
21;MA;2106631;Matões do Norte;13794
21;MA;2106672;Milagres do Maranhão;8118
21;MA;2106706;Mirador;20452
21;MA;2106755;Miranda do Norte;24427
21;MA;2106805;Mirinzal;14218
21;MA;2106904;Monção;31738
21;MA;2107001;Montes Altos;9413
21;MA;2107100;Morros;17783
21;MA;2107209;Nina Rodrigues;12464
21;MA;2107258;Nova Colinas;4885
21;MA;2107308;Nova Iorque;4590
21;MA;2107357;Nova Olinda do Maranhão;19134
21;MA;2107407;Olho d'Água das Cunhãs;18601
21;MA;2107456;Olinda Nova do Maranhão;13181
21;MA;2107506;Paço do Lumiar;105121
21;MA;2107605;Palmeirândia;18764
21;MA;2107704;Paraibano;20103
21;MA;2107803;Parnarama;34586
21;MA;2107902;Passagem Franca;17562
21;MA;2108009;Pastos Bons;18067
21;MA;2108058;Paulino Neves;14519
21;MA;2108108;Paulo Ramos;20079
21;MA;2108207;Pedreiras;39448
21;MA;2108256;Pedro do Rosário;22732
21;MA;2108306;Penalva;34267
21;MA;2108405;Peri Mirim;13803
21;MA;2108454;Peritoró;21201
21;MA;2108504;Pindaré-Mirim;31152
21;MA;2108603;Pinheiro;78162
21;MA;2108702;Pio XII;22016
21;MA;2108801;Pirapemas;17381
21;MA;2108900;Poção de Pedras;19708
21;MA;2109007;Porto Franco;21530
21;MA;2109056;Porto Rico do Maranhão;6030
21;MA;2109106;Presidente Dutra;44731
21;MA;2109205;Presidente Juscelino;11541
21;MA;2109239;Presidente Médici;6374
21;MA;2109270;Presidente Sarney;17165
21;MA;2109304;Presidente Vargas;10717
21;MA;2109403;Primeira Cruz;13954
21;MA;2109452;Raposa;26327
21;MA;2109502;Riachão;20209
21;MA;2109551;Ribamar Fiquene;7318
21;MA;2109601;Rosário;39576
21;MA;2109700;Sambaíba;5487
21;MA;2109759;Santa Filomena do Maranhão;7061
21;MA;2109809;Santa Helena;39110
21;MA;2109908;Santa Inês;77282
21;MA;2110005;Santa Luzia;74043
21;MA;2110039;Santa Luzia do Paruá;22644
21;MA;2110104;Santa Quitéria do Maranhão;29191
21;MA;2110203;Santa Rita;32366
21;MA;2110237;Santana do Maranhão;11661
21;MA;2110278;Santo Amaro do Maranhão;13820
21;MA;2110302;Santo Antônio dos Lopes;14288
21;MA;2110401;São Benedito do Rio Preto;17799
21;MA;2110500;São Bento;40736
21;MA;2110609;São Bernardo;26476
21;MA;2110658;São Domingos do Azeitão;6983
21;MA;2110708;São Domingos do Maranhão;33607
21;MA;2110807;São Félix de Balsas;4702
21;MA;2110856;São Francisco do Brejão;10261
21;MA;2110906;São Francisco do Maranhão;12146
21;MA;2111003;São João Batista;19920
21;MA;2111029;São João do Carú;12309
21;MA;2111052;São João do Paraíso;10814
21;MA;2111078;São João do Soter;17238
21;MA;2111102;São João dos Patos;24928
21;MA;2111201;São José de Ribamar;163045
21;MA;2111250;São José dos Basílios;7496
21;MA;2111300;São Luís;1014837
21;MA;2111409;São Luís Gonzaga do Maranhão;20153
21;MA;2111508;São Mateus do Maranhão;39093
21;MA;2111532;São Pedro da Água Branca;12028
21;MA;2111573;São Pedro dos Crentes;4425
21;MA;2111607;São Raimundo das Mangabeiras;17474
21;MA;2111631;São Raimundo do Doca Bezerra;6090
21;MA;2111672;São Roberto;5957
21;MA;2111706;São Vicente Ferrer;20863
21;MA;2111722;Satubinha;11990
21;MA;2111748;Senador Alexandre Costa;10256
21;MA;2111763;Senador La Rocque;17998
21;MA;2111789;Serrano do Maranhão;10940
21;MA;2111805;Sítio Novo;17002
21;MA;2111904;Sucupira do Norte;10444
21;MA;2111953;Sucupira do Riachão;4613
21;MA;2112001;Tasso Fragoso;7796
21;MA;2112100;Timbiras;27997
21;MA;2112209;Timon;155460
21;MA;2112233;Trizidela do Vale;18953
21;MA;2112274;Tufilândia;5596
21;MA;2112308;Tuntum;39183
21;MA;2112407;Turiaçu;33933
21;MA;2112456;Turilândia;22846
21;MA;2112506;Tutóia;52788
21;MA;2112605;Urbano Santos;24573
21;MA;2112704;Vargem Grande;49412
21;MA;2112803;Viana;49496
21;MA;2112852;Vila Nova dos Martírios;11258
21;MA;2112902;Vitória do Mearim;31217
21;MA;2113009;Vitorino Freire;31658
21;MA;2114007;Zé Doca;50173
22;PI;2200053;Acauã;6749
22;PI;2200103;Agricolândia;5098
22;PI;2200202;Água Branca;16451
22;PI;2200251;Alagoinha do Piauí;7341
22;PI;2200277;Alegrete do Piauí;5153
22;PI;2200301;Alto Longá;13646
22;PI;2200400;Altos;38822
22;PI;2200459;Alvorada do Gurguéia;5050
22;PI;2200509;Amarante;17135
22;PI;2200608;Angical do Piauí;6672
22;PI;2200707;Anísio de Abreu;9098
22;PI;2200806;Antônio Almeida;3039
22;PI;2200905;Aroazes;5779
22;PI;2200954;Aroeiras do Itaim;2440
22;PI;2201002;Arraial;4688
22;PI;2201051;Assunção do Piauí;7503
22;PI;2201101;Avelino Lopes;11067
22;PI;2201150;Baixa Grande do Ribeiro;10516
22;PI;2201176;Barra D'Alcântara;3852
22;PI;2201200;Barras;44850
22;PI;2201309;Barreiras do Piauí;3234
22;PI;2201408;Barro Duro;6607
22;PI;2201507;Batalha;25774
22;PI;2201556;Bela Vista do Piauí;3778
22;PI;2201572;Belém do Piauí;3284
22;PI;2201606;Beneditinos;9911
22;PI;2201705;Bertolínia;5319
22;PI;2201739;Betânia do Piauí;6015
22;PI;2201770;Boa Hora;6296
22;PI;2201804;Bocaina;4369
22;PI;2201903;Bom Jesus;22629
22;PI;2201919;Bom Princípio do Piauí;5304
22;PI;2201929;Bonfim do Piauí;5393
22;PI;2201945;Boqueirão do Piauí;6193
22;PI;2201960;Brasileira;7966
22;PI;2201988;Brejo do Piauí;3850
22;PI;2202000;Buriti dos Lopes;19074
22;PI;2202026;Buriti dos Montes;7974
22;PI;2202059;Cabeceiras do Piauí;9928
22;PI;2202075;Cajazeiras do Piauí;3343
22;PI;2202083;Cajueiro da Praia;7163
22;PI;2202091;Caldeirão Grande do Piauí;5671
22;PI;2202109;Campinas do Piauí;5408
22;PI;2202117;Campo Alegre do Fidalgo;4693
22;PI;2202133;Campo Grande do Piauí;5592
22;PI;2202174;Campo Largo do Piauí;6803
22;PI;2202208;Campo Maior;45177
22;PI;2202251;Canavieira;3921
22;PI;2202307;Canto do Buriti;20020
22;PI;2202406;Capitão de Campos;10953
22;PI;2202455;Capitão Gervásio Oliveira;3878
22;PI;2202505;Caracol;10212
22;PI;2202539;Caraúbas do Piauí;5525
22;PI;2202554;Caridade do Piauí;4826
22;PI;2202604;Castelo do Piauí;18336
22;PI;2202653;Caxingó;5039
22;PI;2202703;Cocal;26036
22;PI;2202711;Cocal de Telha;4525
22;PI;2202729;Cocal dos Alves;5572
22;PI;2202737;Coivaras;3811
22;PI;2202752;Colônia do Gurguéia;6036
22;PI;2202778;Colônia do Piauí;7433
22;PI;2202802;Conceição do Canindé;4475
22;PI;2202851;Coronel José Dias;4541
22;PI;2202901;Corrente;25407
22;PI;2203008;Cristalândia do Piauí;7831
22;PI;2203107;Cristino Castro;9981
22;PI;2203206;Curimatá;10761
22;PI;2203230;Currais;4704
22;PI;2203255;Curralinhos;4183
22;PI;2203271;Curral Novo do Piauí;4869
22;PI;2203305;Demerval Lobão;13278
22;PI;2203354;Dirceu Arcoverde;6675
22;PI;2203404;Dom Expedito Lopes;6569
22;PI;2203420;Domingos Mourão;4264
22;PI;2203453;Dom Inocêncio;9245
22;PI;2203503;Elesbão Veloso;14512
22;PI;2203602;Eliseu Martins;4665
22;PI;2203701;Esperantina;37767
22;PI;2203750;Fartura do Piauí;5074
22;PI;2203800;Flores do Piauí;4366
22;PI;2203859;Floresta do Piauí;2482
22;PI;2203909;Floriano;57690
22;PI;2204006;Francinópolis;5235
22;PI;2204105;Francisco Ayres;4477
22;PI;2204154;Francisco Macedo;2879
22;PI;2204204;Francisco Santos;8592
22;PI;2204303;Fronteiras;11117
22;PI;2204352;Geminiano;5475
22;PI;2204402;Gilbués;10402
22;PI;2204501;Guadalupe;10268
22;PI;2204550;Guaribas;4401
22;PI;2204600;Hugo Napoleão;3771
22;PI;2204659;Ilha Grande;8914
22;PI;2204709;Inhuma;14845
22;PI;2204808;Ipiranga do Piauí;9327
22;PI;2204907;Isaías Coelho;8221
22;PI;2205003;Itainópolis;11109
22;PI;2205102;Itaueira;10678
22;PI;2205151;Jacobina do Piauí;5722
22;PI;2205201;Jaicós;18035
22;PI;2205250;Jardim do Mulato;4309
22;PI;2205276;Jatobá do Piauí;4656
22;PI;2205300;Jerumenha;4390
22;PI;2205359;João Costa;2960
22;PI;2205409;Joaquim Pires;13817
22;PI;2205458;Joca Marques;5100
22;PI;2205508;José de Freitas;37085
22;PI;2205516;Juazeiro do Piauí;4757
22;PI;2205524;Júlio Borges;5373
22;PI;2205532;Jurema;4517
22;PI;2205540;Lagoinha do Piauí;2656
22;PI;2205557;Lagoa Alegre;8008
22;PI;2205565;Lagoa do Barro do Piauí;4523
22;PI;2205573;Lagoa de São Francisco;6422
22;PI;2205581;Lagoa do Piauí;3863
22;PI;2205599;Lagoa do Sítio;4850
22;PI;2205607;Landri Sales;5281
22;PI;2205706;Luís Correia;28406
22;PI;2205805;Luzilândia;24721
22;PI;2205854;Madeiro;7816
22;PI;2205904;Manoel Emídio;5213
22;PI;2205953;Marcolândia;7812
22;PI;2206001;Marcos Parente;4456
22;PI;2206050;Massapê do Piauí;6220
22;PI;2206100;Matias Olímpio;10473
22;PI;2206209;Miguel Alves;32289
22;PI;2206308;Miguel Leão;1253
22;PI;2206357;Milton Brandão;6769
22;PI;2206407;Monsenhor Gil;10333
22;PI;2206506;Monsenhor Hipólito;7391
22;PI;2206605;Monte Alegre do Piauí;10345
22;PI;2206654;Morro Cabeça no Tempo;4068
22;PI;2206670;Morro do Chapéu do Piauí;6499
22;PI;2206696;Murici dos Portelas;8464
22;PI;2206704;Nazaré do Piauí;7321
22;PI;2206720;Nazária;8068
22;PI;2206753;Nossa Senhora de Nazaré;4556
22;PI;2206803;Nossa Senhora dos Remédios;8206
22;PI;2206902;Novo Oriente do Piauí;6498
22;PI;2206951;Novo Santo Antônio;3260
22;PI;2207009;Oeiras;35640
22;PI;2207108;Olho D'Água do Piauí;2626
22;PI;2207207;Padre Marcos;6657
22;PI;2207306;Paes Landim;4059
22;PI;2207355;Pajeú do Piauí;3363
22;PI;2207405;Palmeira do Piauí;4993
22;PI;2207504;Palmeirais;13745
22;PI;2207553;Paquetá;4147
22;PI;2207603;Parnaguá;10276
22;PI;2207702;Parnaíba;145705
22;PI;2207751;Passagem Franca do Piauí;4546
22;PI;2207777;Patos do Piauí;6105
22;PI;2207793;Pau D'Arco do Piauí;3757
22;PI;2207801;Paulistana;19785
22;PI;2207850;Pavussu;3663
22;PI;2207900;Pedro II;37496
22;PI;2207934;Pedro Laurentino;2407
22;PI;2207959;Nova Santa Rita;4187
22;PI;2208007;Picos;73414
22;PI;2208106;Pimenteiras;11733
22;PI;2208205;Pio IX;17671
22;PI;2208304;Piracuruca;27553
22;PI;2208403;Piripiri;61834
22;PI;2208502;Porto;11897
22;PI;2208551;Porto Alegre do Piauí;2559
22;PI;2208601;Prata do Piauí;3085
22;PI;2208650;Queimada Nova;8553
22;PI;2208700;Redenção do Gurguéia;8400
22;PI;2208809;Regeneração;17556
22;PI;2208858;Riacho Frio;4241
22;PI;2208874;Ribeira do Piauí;4263
22;PI;2208908;Ribeiro Gonçalves;6845
22;PI;2209005;Rio Grande do Piauí;6273
22;PI;2209104;Santa Cruz do Piauí;6027
22;PI;2209153;Santa Cruz dos Milagres;3794
22;PI;2209203;Santa Filomena;6096
22;PI;2209302;Santa Luz;5513
22;PI;2209351;Santana do Piauí;4917
22;PI;2209377;Santa Rosa do Piauí;5149
22;PI;2209401;Santo Antônio de Lisboa;6007
22;PI;2209450;Santo Antônio dos Milagres;2059
22;PI;2209500;Santo Inácio do Piauí;3648
22;PI;2209559;São Braz do Piauí;4313
22;PI;2209609;São Félix do Piauí;3069
22;PI;2209658;São Francisco de Assis do Piauí;5567
22;PI;2209708;São Francisco do Piauí;6298
22;PI;2209757;São Gonçalo do Gurguéia;2825
22;PI;2209807;São Gonçalo do Piauí;4754
22;PI;2209856;São João da Canabrava;4445
22;PI;2209872;São João da Fronteira;5608
22;PI;2209906;São João da Serra;6157
22;PI;2209955;São João da Varjota;4651
22;PI;2209971;São João do Arraial;7336
22;PI;2210003;São João do Piauí;19548
22;PI;2210052;São José do Divino;5148
22;PI;2210102;São José do Peixe;3700
22;PI;2210201;São José do Piauí;6591
22;PI;2210300;São Julião;5675
22;PI;2210359;São Lourenço do Piauí;4427
22;PI;2210375;São Luis do Piauí;2561
22;PI;2210383;São Miguel da Baixa Grande;2110
22;PI;2210391;São Miguel do Fidalgo;2976
22;PI;2210409;São Miguel do Tapuio;18134
22;PI;2210508;São Pedro do Piauí;13639
22;PI;2210607;São Raimundo Nonato;32327
22;PI;2210623;Sebastião Barros;3560
22;PI;2210631;Sebastião Leal;4116
22;PI;2210656;Sigefredo Pacheco;9619
22;PI;2210706;Simões;14180
22;PI;2210805;Simplício Mendes;12077
22;PI;2210904;Socorro do Piauí;4522
22;PI;2210938;Sussuapara;6229
22;PI;2210953;Tamboril do Piauí;2753
22;PI;2210979;Tanque do Piauí;2620
22;PI;2211001;Teresina;814230
22;PI;2211100;União;42654
22;PI;2211209;Uruçuí;20149
22;PI;2211308;Valença do Piauí;20326
22;PI;2211357;Várzea Branca;4913
22;PI;2211407;Várzea Grande;4336
22;PI;2211506;Vera Mendes;2986
22;PI;2211605;Vila Nova do Piauí;3076
22;PI;2211704;Wall Ferraz;4280
23;CE;2300101;Abaiara;10496
23;CE;2300150;Acarape;15338
23;CE;2300200;Acaraú;57551
23;CE;2300309;Acopiara;51160
23;CE;2300408;Aiuaba;16203
23;CE;2300507;Alcântaras;10771
23;CE;2300606;Altaneira;6856
23;CE;2300705;Alto Santo;16359
23;CE;2300754;Amontada;39232
23;CE;2300804;Antonina do Norte;6984
23;CE;2300903;Apuiarés;13925
23;CE;2301000;Aquiraz;72628
23;CE;2301109;Aracati;69159
23;CE;2301208;Aracoiaba;25391
23;CE;2301257;Ararendá;10491
23;CE;2301307;Araripe;20685
23;CE;2301406;Aratuba;11529
23;CE;2301505;Arneiroz;7650
23;CE;2301604;Assaré;22445
23;CE;2301703;Aurora;24566
23;CE;2301802;Baixio;6026
23;CE;2301851;Banabuiú;17315
23;CE;2301901;Barbalha;55323
23;CE;2301950;Barreira;19573
23;CE;2302008;Barro;21514
23;CE;2302057;Barroquinha;14476
23;CE;2302107;Baturité;33321
23;CE;2302206;Beberibe;49311
23;CE;2302305;Bela Cruz;30878
23;CE;2302404;Boa Viagem;52498
23;CE;2302503;Brejo Santo;45193
23;CE;2302602;Camocim;60158
23;CE;2302701;Campos Sales;26506
23;CE;2302800;Canindé;74473
23;CE;2302909;Capistrano;17062
23;CE;2303006;Caridade;20020
23;CE;2303105;Cariré;18347
23;CE;2303204;Caririaçu;26393
23;CE;2303303;Cariús;18567
23;CE;2303402;Carnaubal;16746
23;CE;2303501;Cascavel;66142
23;CE;2303600;Catarina;18745
23;CE;2303659;Catunda;9952
23;CE;2303709;Caucaia;325441
23;CE;2303808;Cedro;24527
23;CE;2303907;Chaval;12615
23;CE;2303931;Choró;12853
23;CE;2303956;Chorozinho;18915
23;CE;2304004;Coreaú;21954
23;CE;2304103;Crateús;72812
23;CE;2304202;Crato;121428
23;CE;2304236;Croatá;17069
23;CE;2304251;Cruz;22479
23;CE;2304269;Deputado Irapuan Pinheiro;9095
23;CE;2304277;Ereré;6840
23;CE;2304285;Eusébio;46033
23;CE;2304301;Farias Brito;19007
23;CE;2304350;Forquilha;21786
23;CE;2304400;Fortaleza;2452185
23;CE;2304459;Fortim;14817
23;CE;2304509;Frecheirinha;12991
23;CE;2304608;General Sampaio;6218
23;CE;2304657;Graça;15049
23;CE;2304707;Granja;52645
23;CE;2304806;Granjeiro;4629
23;CE;2304905;Groaíras;10228
23;CE;2304954;Guaiúba;24091
23;CE;2305001;Guaraciaba do Norte;37775
23;CE;2305100;Guaramiranga;4164
23;CE;2305209;Hidrolândia;19325
23;CE;2305233;Horizonte;55187
23;CE;2305266;Ibaretama;12922
23;CE;2305308;Ibiapina;23808
23;CE;2305332;Ibicuitinga;11335
23;CE;2305357;Icapuí;18392
23;CE;2305407;Icó;65456
23;CE;2305506;Iguatu;96495
23;CE;2305605;Independência;25573
23;CE;2305654;Ipaporanga;11343
23;CE;2305704;Ipaumirim;12009
23;CE;2305803;Ipu;40296
23;CE;2305902;Ipueiras;37862
23;CE;2306009;Iracema;13722
23;CE;2306108;Irauçuba;22324
23;CE;2306207;Itaiçaba;7316
23;CE;2306256;Itaitinga;35817
23;CE;2306306;Itapajé;48350
23;CE;2306405;Itapipoca;116065
23;CE;2306504;Itapiúna;18626
23;CE;2306553;Itarema;37471
23;CE;2306603;Itatira;18894
23;CE;2306702;Jaguaretama;17863
23;CE;2306801;Jaguaribara;10399
23;CE;2306900;Jaguaribe;34409
23;CE;2307007;Jaguaruana;32236
23;CE;2307106;Jardim;26688
23;CE;2307205;Jati;7660
23;CE;2307254;Jijoca de Jericoacoara;17002
23;CE;2307304;Juazeiro do Norte;249939
23;CE;2307403;Jucás;23807
23;CE;2307502;Lavras da Mangabeira;31090
23;CE;2307601;Limoeiro do Norte;56264
23;CE;2307635;Madalena;18088
23;CE;2307650;Maracanaú;209057
23;CE;2307700;Maranguape;113561
23;CE;2307809;Marco;24703
23;CE;2307908;Martinópole;10214
23;CE;2308005;Massapê;35191
23;CE;2308104;Mauriti;44240
23;CE;2308203;Meruoca;13693
23;CE;2308302;Milagres;28316
23;CE;2308351;Milhã;13086
23;CE;2308377;Miraíma;12800
23;CE;2308401;Missão Velha;34274
23;CE;2308500;Mombaça;42690
23;CE;2308609;Monsenhor Tabosa;16705
23;CE;2308708;Morada Nova;62065
23;CE;2308807;Moraújo;8070
23;CE;2308906;Morrinhos;20700
23;CE;2309003;Mucambo;14102
23;CE;2309102;Mulungu;11485
23;CE;2309201;Nova Olinda;14256
23;CE;2309300;Nova Russas;30965
23;CE;2309409;Novo Oriente;27453
23;CE;2309458;Ocara;24007
23;CE;2309508;Orós;21389
23;CE;2309607;Pacajus;61838
23;CE;2309706;Pacatuba;72299
23;CE;2309805;Pacoti;11607
23;CE;2309904;Pacujá;5986
23;CE;2310001;Palhano;8866
23;CE;2310100;Palmácia;12005
23;CE;2310209;Paracuru;31636
23;CE;2310258;Paraipaba;30041
23;CE;2310308;Parambu;31309
23;CE;2310407;Paramoti;11308
23;CE;2310506;Pedra Branca;41890
23;CE;2310605;Penaforte;8226
23;CE;2310704;Pentecoste;35400
23;CE;2310803;Pereiro;15757
23;CE;2310852;Pindoretama;18683
23;CE;2310902;Piquet Carneiro;15467
23;CE;2310951;Pires Ferreira;10216
23;CE;2311009;Poranga;12001
23;CE;2311108;Porteiras;15061
23;CE;2311207;Potengi;10276
23;CE;2311231;Potiretama;6126
23;CE;2311264;Quiterianópolis;19921
23;CE;2311306;Quixadá;80604
23;CE;2311355;Quixelô;15000
23;CE;2311405;Quixeramobim;71887
23;CE;2311504;Quixeré;19412
23;CE;2311603;Redenção;26415
23;CE;2311702;Reriutaba;19455
23;CE;2311801;Russas;69833
23;CE;2311900;Saboeiro;15752
23;CE;2311959;Salitre;15453
23;CE;2312007;Santana do Acaraú;29946
23;CE;2312106;Santana do Cariri;17170
23;CE;2312205;Santa Quitéria;42763
23;CE;2312304;São Benedito;44178
23;CE;2312403;São Gonçalo do Amarante;43890
23;CE;2312502;São João do Jaguaribe;7900
23;CE;2312601;São Luís do Curu;12332
23;CE;2312700;Senador Pompeu;26469
23;CE;2312809;Senador Sá;6852
23;CE;2312908;Sobral;188233
23;CE;2313005;Solonópole;17665
23;CE;2313104;Tabuleiro do Norte;29204
23;CE;2313203;Tamboril;25451
23;CE;2313252;Tarrafas;8910
23;CE;2313302;Tauá;55716
23;CE;2313351;Tejuçuoca;16827
23;CE;2313401;Tianguá;68892
23;CE;2313500;Trairi;51422
23;CE;2313559;Tururu;14408
23;CE;2313609;Ubajara;31787
23;CE;2313708;Umari;7545
23;CE;2313757;Umirim;18802
23;CE;2313807;Uruburetama;19765
23;CE;2313906;Uruoca;12883
23;CE;2313955;Varjota;17593
23;CE;2314003;Várzea Alegre;38434
23;CE;2314102;Viçosa do Ceará;54955
24;RN;2400109;Acari;11035
24;RN;2400208;Açu;53227
24;RN;2400307;Afonso Bezerra;10844
24;RN;2400406;Água Nova;2980
24;RN;2400505;Alexandria;13507
24;RN;2400604;Almino Afonso;4871
24;RN;2400703;Alto do Rodrigues;12305
24;RN;2400802;Angicos;11549
24;RN;2400901;Antônio Martins;6907
24;RN;2401008;Apodi;34763
24;RN;2401107;Areia Branca;25315
24;RN;2401206;Arês;12924
24;RN;2401305;Campo Grande;9289
24;RN;2401404;Baía Formosa;8573
24;RN;2401453;Baraúna;24182
24;RN;2401503;Barcelona;3950
24;RN;2401602;Bento Fernandes;5113
24;RN;2401651;Bodó;2425
24;RN;2401701;Bom Jesus;9440
24;RN;2401800;Brejinho;11577
24;RN;2401859;Caiçara do Norte;6016
24;RN;2401909;Caiçara do Rio do Vento;3308
24;RN;2402006;Caicó;62709
24;RN;2402105;Campo Redondo;10266
24;RN;2402204;Canguaretama;30916
24;RN;2402303;Caraúbas;19576
24;RN;2402402;Carnaúba dos Dantas;7429
24;RN;2402501;Carnaubais;9762
24;RN;2402600;Ceará-Mirim;68141
24;RN;2402709;Cerro Corá;10916
24;RN;2402808;Coronel Ezequiel;5405
24;RN;2402907;Coronel João Pessoa;4772
24;RN;2403004;Cruzeta;7967
24;RN;2403103;Currais Novos;42652
24;RN;2403202;Doutor Severiano;6492
24;RN;2403251;Parnamirim;202456
24;RN;2403301;Encanto;5231
24;RN;2403400;Equador;5822
24;RN;2403509;Espírito Santo;10475
24;RN;2403608;Extremoz;24569
24;RN;2403707;Felipe Guerra;5734
24;RN;2403756;Fernando Pedroza;2854
24;RN;2403806;Florânia;8959
24;RN;2403905;Francisco Dantas;2874
24;RN;2404002;Frutuoso Gomes;4233
24;RN;2404101;Galinhos;2159
24;RN;2404200;Goianinha;22481
24;RN;2404309;Governador Dix-Sept Rosado;12374
24;RN;2404408;Grossos;9393
24;RN;2404507;Guamaré;12404
24;RN;2404606;Ielmo Marinho;12171
24;RN;2404705;Ipanguaçu;13856
24;RN;2404804;Ipueira;2077
24;RN;2404853;Itajá;6932
24;RN;2404903;Itaú;5564
24;RN;2405009;Jaçanã;7925
24;RN;2405108;Jandaíra;6801
24;RN;2405207;Janduís;5345
24;RN;2405306;Januário Cicco;9011
24;RN;2405405;Japi;5522
24;RN;2405504;Jardim de Angicos;2607
24;RN;2405603;Jardim de Piranhas;13506
24;RN;2405702;Jardim do Seridó;12113
24;RN;2405801;João Câmara;32227
24;RN;2405900;João Dias;2601
24;RN;2406007;José da Penha;5868
24;RN;2406106;Jucurutu;17692
24;RN;2406155;Jundiá;3582
24;RN;2406205;Lagoa d'Anta;6227
24;RN;2406304;Lagoa de Pedras;6989
24;RN;2406403;Lagoa de Velhos;2668
24;RN;2406502;Lagoa Nova;13983
24;RN;2406601;Lagoa Salgada;7564
24;RN;2406700;Lajes;10381
24;RN;2406809;Lajes Pintadas;4612
24;RN;2406908;Lucrécia;3633
24;RN;2407005;Luís Gomes;9610
24;RN;2407104;Macaíba;69467
24;RN;2407203;Macau;28954
24;RN;2407252;Major Sales;3536
24;RN;2407302;Marcelino Vieira;8265
24;RN;2407401;Martins;8218
24;RN;2407500;Maxaranguape;10441
24;RN;2407609;Messias Targino;4188
24;RN;2407708;Montanhas;11413
24;RN;2407807;Monte Alegre;20685
24;RN;2407906;Monte das Gameleiras;2261
24;RN;2408003;Mossoró;259815
24;RN;2408102;Natal;803739
24;RN;2408201;Nísia Floresta;23784
24;RN;2408300;Nova Cruz;35490
24;RN;2408409;Olho d'Água do Borges;4295
24;RN;2408508;Ouro Branco;4699
24;RN;2408607;Paraná;3952
24;RN;2408706;Paraú;3859
24;RN;2408805;Parazinho;4845
24;RN;2408904;Parelhas;20354
24;RN;2408953;Rio do Fogo;10059
24;RN;2409100;Passa e Fica;11100
24;RN;2409209;Passagem;2895
24;RN;2409308;Patu;11964
24;RN;2409332;Santa Maria;4762
24;RN;2409407;Pau dos Ferros;27745
24;RN;2409506;Pedra Grande;3521
24;RN;2409605;Pedra Preta;2590
24;RN;2409704;Pedro Avelino;7171
24;RN;2409803;Pedro Velho;14114
24;RN;2409902;Pendências;13432
24;RN;2410009;Pilões;3453
24;RN;2410108;Poço Branco;13949
24;RN;2410207;Portalegre;7320
24;RN;2410256;Porto do Mangue;5217
24;RN;2410306;Serra Caiada;8768
24;RN;2410405;Pureza;8424
24;RN;2410504;Rafael Fernandes;4692
24;RN;2410603;Rafael Godeiro;3063
24;RN;2410702;Riacho da Cruz;3165
24;RN;2410801;Riacho de Santana;4156
24;RN;2410900;Riachuelo;7067
24;RN;2411007;Rodolfo Fernandes;4418
24;RN;2411056;Tibau;3687
24;RN;2411106;Ruy Barbosa;3595
24;RN;2411205;Santa Cruz;35797
24;RN;2411403;Santana do Matos;13809
24;RN;2411429;Santana do Seridó;2526
24;RN;2411502;Santo Antônio;22216
24;RN;2411601;São Bento do Norte;2975
24;RN;2411700;São Bento do Trairí;3905
24;RN;2411809;São Fernando;3401
24;RN;2411908;São Francisco do Oeste;3874
24;RN;2412005;São Gonçalo do Amarante;87668
24;RN;2412104;São João do Sabugi;5922
24;RN;2412203;São José de Mipibu;39776
24;RN;2412302;São José do Campestre;12356
24;RN;2412401;São José do Seridó;4231
24;RN;2412500;São Miguel;22157
24;RN;2412559;São Miguel do Gostoso;8670
24;RN;2412609;São Paulo do Potengi;15843
24;RN;2412708;São Pedro;6235
24;RN;2412807;São Rafael;8111
24;RN;2412906;São Tomé;10827
24;RN;2413003;São Vicente;6028
24;RN;2413102;Senador Elói de Souza;5637
24;RN;2413201;Senador Georgino Avelino;3924
24;RN;2413300;Serra de São Bento;5743
24;RN;2413359;Serra do Mel;10287
24;RN;2413409;Serra Negra do Norte;7770
24;RN;2413508;Serrinha;6581
24;RN;2413557;Serrinha dos Pintos;4540
24;RN;2413607;Severiano Melo;5752
24;RN;2413706;Sítio Novo;5020
24;RN;2413805;Taboleiro Grande;2317
24;RN;2413904;Taipu;11836
24;RN;2414001;Tangará;14175
24;RN;2414100;Tenente Ananias;9883
24;RN;2414159;Tenente Laurentino Cruz;5406
24;RN;2414209;Tibau do Sul;11385
24;RN;2414308;Timbaúba dos Batistas;2295
24;RN;2414407;Touros;31089
24;RN;2414456;Triunfo Potiguar;3368
24;RN;2414506;Umarizal;10659
24;RN;2414605;Upanema;12992
24;RN;2414704;Várzea;5236
24;RN;2414753;Venha-Ver;3821
24;RN;2414803;Vera Cruz;10719
24;RN;2414902;Viçosa;1618
24;RN;2415008;Vila Flor;2872
25;PB;2500106;Água Branca;9449
25;PB;2500205;Aguiar;5530
25;PB;2500304;Alagoa Grande;28479
25;PB;2500403;Alagoa Nova;19681
25;PB;2500502;Alagoinha;13576
25;PB;2500536;Alcantil;5239
25;PB;2500577;Algodão de Jandaíra;2366
25;PB;2500601;Alhandra;18007
25;PB;2500700;São João do Rio do Peixe;18201
25;PB;2500734;Amparo;2088
25;PB;2500775;Aparecida;7676
25;PB;2500809;Araçagi;17224
25;PB;2500908;Arara;12653
25;PB;2501005;Araruna;18879
25;PB;2501104;Areia;23829
25;PB;2501153;Areia de Baraúnas;1927
25;PB;2501203;Areial;6470
25;PB;2501302;Aroeiras;19082
25;PB;2501351;Assunção;3522
25;PB;2501401;Baía da Traição;8012
25;PB;2501500;Bananeiras;21851
25;PB;2501534;Baraúna;4220
25;PB;2501575;Barra de Santana;8206
25;PB;2501609;Barra de Santa Rosa;14157
25;PB;2501708;Barra de São Miguel;5611
25;PB;2501807;Bayeux;99716
25;PB;2501906;Belém;17093
25;PB;2502003;Belém do Brejo do Cruz;7143
25;PB;2502052;Bernardino Batista;3075
25;PB;2502102;Boa Ventura;5751
25;PB;2502151;Boa Vista;6227
25;PB;2502201;Bom Jesus;2400
25;PB;2502300;Bom Sucesso;5035
25;PB;2502409;Bonito de Santa Fé;10804
25;PB;2502508;Boqueirão;16888
25;PB;2502607;Igaracy;6156
25;PB;2502706;Borborema;5111
25;PB;2502805;Brejo do Cruz;13123
25;PB;2502904;Brejo dos Santos;6198
25;PB;2503001;Caaporã;20362
25;PB;2503100;Cabaceiras;5035
25;PB;2503209;Cabedelo;57944
25;PB;2503308;Cachoeira dos Índios;9546
25;PB;2503407;Cacimba de Areia;3557
25;PB;2503506;Cacimba de Dentro;16748
25;PB;2503555;Cacimbas;6814
25;PB;2503605;Caiçara;7220
25;PB;2503704;Cajazeiras;58446
25;PB;2503753;Cajazeirinhas;3033
25;PB;2503803;Caldas Brandão;5637
25;PB;2503902;Camalaú;5749
25;PB;2504009;Campina Grande;385213
25;PB;2504033;Capim;5601
25;PB;2504074;Caraúbas;3899
25;PB;2504108;Carrapateira;2378
25;PB;2504157;Casserengue;7058
25;PB;2504207;Catingueira;4812
25;PB;2504306;Catolé do Rocha;28759
25;PB;2504355;Caturité;4543
25;PB;2504405;Conceição;18363
25;PB;2504504;Condado;6584
25;PB;2504603;Conde;21400
25;PB;2504702;Congo;4687
25;PB;2504801;Coremas;15149
25;PB;2504850;Coxixola;1771
25;PB;2504900;Cruz do Espírito Santo;16257
25;PB;2505006;Cubati;6866
25;PB;2505105;Cuité;19978
25;PB;2505204;Cuitegi;6889
25;PB;2505238;Cuité de Mamanguape;6202
25;PB;2505279;Curral de Cima;5209
25;PB;2505303;Curral Velho;2505
25;PB;2505352;Damião;4900
25;PB;2505402;Desterro;7991
25;PB;2505501;Vista Serrana;3512
25;PB;2505600;Diamante;6616
25;PB;2505709;Dona Inês;10517
25;PB;2505808;Duas Estradas;3638
25;PB;2505907;Emas;3317
25;PB;2506004;Esperança;31095
25;PB;2506103;Fagundes;11405
25;PB;2506202;Frei Martinho;2933
25;PB;2506251;Gado Bravo;8376
25;PB;2506301;Guarabira;55326
25;PB;2506400;Gurinhém;13872
25;PB;2506509;Gurjão;3159
25;PB;2506608;Ibiara;6031
25;PB;2506707;Imaculada;11352
25;PB;2506806;Ingá;18180
25;PB;2506905;Itabaiana;24481
25;PB;2507002;Itaporanga;23192
25;PB;2507101;Itapororoca;16997
25;PB;2507200;Itatuba;10201
25;PB;2507309;Jacaraú;13942
25;PB;2507408;Jericó;7538
25;PB;2507507;João Pessoa;723515
25;PB;2507606;Juarez Távora;7459
25;PB;2507705;Juazeirinho;16776
25;PB;2507804;Junco do Seridó;6643
25;PB;2507903;Juripiranga;10237
25;PB;2508000;Juru;9826
25;PB;2508109;Lagoa;4681
25;PB;2508208;Lagoa de Dentro;7370
25;PB;2508307;Lagoa Seca;25900
25;PB;2508406;Lastro;2841
25;PB;2508505;Livramento;7164
25;PB;2508554;Logradouro;3942
25;PB;2508604;Lucena;11730
25;PB;2508703;Mãe d'Água;4019
25;PB;2508802;Malta;5613
25;PB;2508901;Mamanguape;42303
25;PB;2509008;Manaíra;10759
25;PB;2509057;Marcação;7609
25;PB;2509107;Mari;21176
25;PB;2509156;Marizópolis;6173
25;PB;2509206;Massaranduba;12902
25;PB;2509305;Mataraca;7407
25;PB;2509339;Matinhas;4321
25;PB;2509370;Mato Grosso;2702
25;PB;2509396;Maturéia;5939
25;PB;2509404;Mogeiro;12491
25;PB;2509503;Montadas;4990
25;PB;2509602;Monte Horebe;4508
25;PB;2509701;Monteiro;30852
25;PB;2509800;Mulungu;9469
25;PB;2509909;Natuba;10566
25;PB;2510006;Nazarezinho;7280
25;PB;2510105;Nova Floresta;10533
25;PB;2510204;Nova Olinda;6070
25;PB;2510303;Nova Palmeira;4361
25;PB;2510402;Olho d'Água;6931
25;PB;2510501;Olivedos;3627
25;PB;2510600;Ouro Velho;2928
25;PB;2510659;Parari;1256
25;PB;2510709;Passagem;2233
25;PB;2510808;Patos;100674
25;PB;2510907;Paulista;11788
25;PB;2511004;Pedra Branca;3721
25;PB;2511103;Pedra Lavrada;7475
25;PB;2511202;Pedras de Fogo;27032
25;PB;2511301;Piancó;15465
25;PB;2511400;Picuí;18222
25;PB;2511509;Pilar;11191
25;PB;2511608;Pilões;6978
25;PB;2511707;Pilõezinhos;5155
25;PB;2511806;Pirpirituba;10326
25;PB;2511905;Pitimbu;17024
25;PB;2512002;Pocinhos;17032
25;PB;2512036;Poço Dantas;3751
25;PB;2512077;Poço de José de Moura;3978
25;PB;2512101;Pombal;32110
25;PB;2512200;Prata;3854
25;PB;2512309;Princesa Isabel;21283
25;PB;2512408;Puxinanã;12923
25;PB;2512507;Queimadas;41049
25;PB;2512606;Quixaba;1699
25;PB;2512705;Remígio;17581
25;PB;2512721;Pedro Régis;5765
25;PB;2512747;Riachão;3266
25;PB;2512754;Riachão do Bacamarte;4264
25;PB;2512762;Riachão do Poço;4164
25;PB;2512788;Riacho de Santo Antônio;1722
25;PB;2512804;Riacho dos Cavalos;8314
25;PB;2512903;Rio Tinto;22976
25;PB;2513000;Salgadinho;3508
25;PB;2513109;Salgado de São Félix;11976
25;PB;2513158;Santa Cecília;6658
25;PB;2513208;Santa Cruz;6471
25;PB;2513307;Santa Helena;5369
25;PB;2513356;Santa Inês;3539
25;PB;2513406;Santa Luzia;14719
25;PB;2513505;Santana de Mangueira;5331
25;PB;2513604;Santana dos Garrotes;7266
25;PB;2513653;Joca Claudino;2615
25;PB;2513703;Santa Rita;120310
25;PB;2513802;Santa Teresinha;4581
25;PB;2513851;Santo André;2638
25;PB;2513901;São Bento;30879
25;PB;2513927;São Bentinho;4138
25;PB;2513943;São Domingos do Cariri;2420
25;PB;2513968;São Domingos;2855
25;PB;2513984;São Francisco;3364
25;PB;2514008;São João do Cariri;4344
25;PB;2514107;São João do Tigre;4396
25;PB;2514206;São José da Lagoa Tapada;7564
25;PB;2514305;São José de Caiana;6010
25;PB;2514404;São José de Espinharas;4760
25;PB;2514453;São José dos Ramos;5508
25;PB;2514503;São José de Piranhas;19096
25;PB;2514552;São José de Princesa;4219
25;PB;2514602;São José do Bonfim;3233
25;PB;2514651;São José do Brejo do Cruz;1684
25;PB;2514701;São José do Sabugi;4010
25;PB;2514800;São José dos Cordeiros;3985
25;PB;2514909;São Mamede;7748
25;PB;2515005;São Miguel de Taipu;6696
25;PB;2515104;São Sebastião de Lagoa de Roça;11041
25;PB;2515203;São Sebastião do Umbuzeiro;3235
25;PB;2515302;Sapé;50143
25;PB;2515401;São Vicente do Seridó;10230
25;PB;2515500;Serra Branca;12973
25;PB;2515609;Serra da Raiz;3204
25;PB;2515708;Serra Grande;2975
25;PB;2515807;Serra Redonda;7050
25;PB;2515906;Serraria;6238
25;PB;2515930;Sertãozinho;4395
25;PB;2515971;Sobrado;7373
25;PB;2516003;Solânea;26693
25;PB;2516102;Soledade;13739
25;PB;2516151;Sossêgo;3169
25;PB;2516201;Sousa;65803
25;PB;2516300;Sumé;16060
25;PB;2516409;Tacima;10262
25;PB;2516508;Taperoá;14936
25;PB;2516607;Tavares;14103
25;PB;2516706;Teixeira;14153
25;PB;2516755;Tenório;2813
25;PB;2516805;Triunfo;9220
25;PB;2516904;Uiraúna;14584
25;PB;2517001;Umbuzeiro;9298
25;PB;2517100;Várzea;2504
25;PB;2517209;Vieirópolis;5045
25;PB;2517407;Zabelê;2075
26;PE;2600054;Abreu e Lima;94429
26;PE;2600104;Afogados da Ingazeira;35088
26;PE;2600203;Afrânio;17586
26;PE;2600302;Agrestina;22679
26;PE;2600401;Água Preta;33095
26;PE;2600500;Águas Belas;40235
26;PE;2600609;Alagoinha;13759
26;PE;2600708;Aliança;37415
26;PE;2600807;Altinho;22353
26;PE;2600906;Amaraji;21939
26;PE;2601003;Angelim;10202
26;PE;2601052;Araçoiaba;18156
26;PE;2601102;Araripina;77302
26;PE;2601201;Arcoverde;68793
26;PE;2601300;Barra de Guabiraba;12776
26;PE;2601409;Barreiros;40732
26;PE;2601508;Belém de Maria;11353
26;PE;2601607;Belém do São Francisco;20253
26;PE;2601706;Belo Jardim;72432
26;PE;2601805;Betânia;12003
26;PE;2601904;Bezerros;58668
26;PE;2602001;Bodocó;35158
26;PE;2602100;Bom Conselho;45503
26;PE;2602209;Bom Jardim;37826
26;PE;2602308;Bonito;37566
26;PE;2602407;Brejão;8844
26;PE;2602506;Brejinho;7307
26;PE;2602605;Brejo da Madre de Deus;45180
26;PE;2602704;Buenos Aires;12537
26;PE;2602803;Buíque;52105
26;PE;2602902;Cabo de Santo Agostinho;185025
26;PE;2603009;Cabrobó;30873
26;PE;2603108;Cachoeirinha;18819
26;PE;2603207;Caetés;26577
26;PE;2603306;Calçado;11125
26;PE;2603405;Calumbi;5648
26;PE;2603454;Camaragibe;144466
26;PE;2603504;Camocim de São Félix;17104
26;PE;2603603;Camutanga;8156
26;PE;2603702;Canhotinho;24521
26;PE;2603801;Capoeiras;19593
26;PE;2603900;Carnaíba;18574
26;PE;2603926;Carnaubeira da Penha;11782
26;PE;2604007;Carpina;74858
26;PE;2604106;Caruaru;314912
26;PE;2604155;Casinhas;13766
26;PE;2604205;Catende;37820
26;PE;2604304;Cedro;10778
26;PE;2604403;Chã de Alegria;12404
26;PE;2604502;Chã Grande;20137
26;PE;2604601;Condado;24282
26;PE;2604700;Correntes;17419
26;PE;2604809;Cortês;12452
26;PE;2604908;Cumaru;17183
26;PE;2605004;Cupira;23390
26;PE;2605103;Custódia;33855
26;PE;2605152;Dormentes;16917
26;PE;2605202;Escada;63517
26;PE;2605301;Exu;31636
26;PE;2605400;Feira Nova;20571
26;PE;2605459;Fernando de Noronha;2630
26;PE;2605509;Ferreiros;11430
26;PE;2605608;Flores;22169
26;PE;2605707;Floresta;29285
26;PE;2605806;Frei Miguelinho;14293
26;PE;2605905;Gameleira;27912
26;PE;2606002;Garanhuns;129408
26;PE;2606101;Glória do Goitá;29019
26;PE;2606200;Goiana;75644
26;PE;2606309;Granito;6855
26;PE;2606408;Gravatá;76458
26;PE;2606507;Iati;18360
26;PE;2606606;Ibimirim;26954
26;PE;2606705;Ibirajuba;7534
26;PE;2606804;Igarassu;102021
26;PE;2606903;Iguaracy;11779
26;PE;2607000;Inajá;19081
26;PE;2607109;Ingazeira;4496
26;PE;2607208;Ipojuca;80637
26;PE;2607307;Ipubi;28120
26;PE;2607406;Itacuruba;4369
26;PE;2607505;Itaíba;26256
26;PE;2607604;Ilha de Itamaracá;21884
26;PE;2607653;Itambé;35398
26;PE;2607703;Itapetim;13881
26;PE;2607752;Itapissuma;23769
26;PE;2607802;Itaquitinga;15692
26;PE;2607901;Jaboatão dos Guararapes;644620
26;PE;2607950;Jaqueira;11501
26;PE;2608008;Jataúba;15819
26;PE;2608057;Jatobá;13963
26;PE;2608107;João Alfredo;30743
26;PE;2608206;Joaquim Nabuco;15773
26;PE;2608255;Jucati;10604
26;PE;2608305;Jupi;13705
26;PE;2608404;Jurema;14541
26;PE;2608453;Lagoa do Carro;16007
26;PE;2608503;Lagoa de Itaenga;20659
26;PE;2608602;Lagoa do Ouro;12132
26;PE;2608701;Lagoa dos Gatos;15615
26;PE;2608750;Lagoa Grande;22760
26;PE;2608800;Lajedo;36628
26;PE;2608909;Limoeiro;55439
26;PE;2609006;Macaparana;23925
26;PE;2609105;Machados;13596
26;PE;2609154;Manari;18083
26;PE;2609204;Maraial;12230
26;PE;2609303;Mirandiba;14308
26;PE;2609402;Moreno;56696
26;PE;2609501;Nazaré da Mata;30796
26;PE;2609600;Olinda;377779
26;PE;2609709;Orobó;22878
26;PE;2609808;Orocó;13180
26;PE;2609907;Ouricuri;64358
26;PE;2610004;Palmares;59526
26;PE;2610103;Palmeirina;8189
26;PE;2610202;Panelas;25645
26;PE;2610301;Paranatama;11001
26;PE;2610400;Parnamirim;20224
26;PE;2610509;Passira;28628
26;PE;2610608;Paudalho;51357
26;PE;2610707;Paulista;300466
26;PE;2610806;Pedra;20944
26;PE;2610905;Pesqueira;62931
26;PE;2611002;Petrolândia;32492
26;PE;2611101;Petrolina;293962
26;PE;2611200;Poção;11242
26;PE;2611309;Pombos;24046
26;PE;2611408;Primavera;13439
26;PE;2611507;Quipapá;24186
26;PE;2611533;Quixaba;6739
26;PE;2611606;Recife;1537704
26;PE;2611705;Riacho das Almas;19162
26;PE;2611804;Ribeirão;44439
26;PE;2611903;Rio Formoso;22151
26;PE;2612000;Sairé;11240
26;PE;2612109;Salgadinho;9312
26;PE;2612208;Salgueiro;56629
26;PE;2612307;Saloá;15309
26;PE;2612406;Sanharó;21955
26;PE;2612455;Santa Cruz;13594
26;PE;2612471;Santa Cruz da Baixa Verde;11768
26;PE;2612505;Santa Cruz do Capibaribe;87582
26;PE;2612554;Santa Filomena;13371
26;PE;2612604;Santa Maria da Boa Vista;39435
26;PE;2612703;Santa Maria do Cambucá;13021
26;PE;2612802;Santa Terezinha;10991
26;PE;2612901;São Benedito do Sul;13941
26;PE;2613008;São Bento do Una;53242
26;PE;2613107;São Caitano;35274
26;PE;2613206;São João;21312
26;PE;2613305;São Joaquim do Monte;20488
26;PE;2613404;São José da Coroa Grande;18180
26;PE;2613503;São José do Belmonte;32617
26;PE;2613602;São José do Egito;31829
26;PE;2613701;São Lourenço da Mata;102895
26;PE;2613800;São Vicente Férrer;17000
26;PE;2613909;Serra Talhada;79232
26;PE;2614006;Serrita;18331
26;PE;2614105;Sertânia;33787
26;PE;2614204;Sirinhaém;40296
26;PE;2614303;Moreilândia;11132
26;PE;2614402;Solidão;5744
26;PE;2614501;Surubim;58515
26;PE;2614600;Tabira;26427
26;PE;2614709;Tacaimbó;12725
26;PE;2614808;Tacaratu;22068
26;PE;2614857;Tamandaré;20715
26;PE;2615003;Taquaritinga do Norte;24903
26;PE;2615102;Terezinha;6737
26;PE;2615201;Terra Nova;9278
26;PE;2615300;Timbaúba;53825
26;PE;2615409;Toritama;35554
26;PE;2615508;Tracunhaém;13055
26;PE;2615607;Trindade;26116
26;PE;2615706;Triunfo;15006
26;PE;2615805;Tupanatinga;24425
26;PE;2615904;Tuparetama;7925
26;PE;2616001;Venturosa;16052
26;PE;2616100;Verdejante;9142
26;PE;2616183;Vertente do Lério;7873
26;PE;2616209;Vertentes;18222
26;PE;2616308;Vicência;30732
26;PE;2616407;Vitória de Santo Antão;129974
26;PE;2616506;Xexéu;14093
27;AL;2700102;Água Branca;19377
27;AL;2700201;Anadia;17424
27;AL;2700300;Arapiraca;214006
27;AL;2700409;Atalaia;44322
27;AL;2700508;Barra de Santo Antônio;14230
27;AL;2700607;Barra de São Miguel;7574
27;AL;2700706;Batalha;17076
27;AL;2700805;Belém;4551
27;AL;2700904;Belo Monte;7030
27;AL;2701001;Boca da Mata;25776
27;AL;2701100;Branquinha;10583
27;AL;2701209;Cacimbinhas;10195
27;AL;2701308;Cajueiro;20409
27;AL;2701357;Campestre;6598
27;AL;2701407;Campo Alegre;50816
27;AL;2701506;Campo Grande;9032
27;AL;2701605;Canapi;17250
27;AL;2701704;Capela;17077
27;AL;2701803;Carneiros;8290
27;AL;2701902;Chã Preta;7146
27;AL;2702009;Coité do Nóia;10926
27;AL;2702108;Colônia Leopoldina;20019
27;AL;2702207;Coqueiro Seco;5526
27;AL;2702306;Coruripe;52130
27;AL;2702355;Craíbas;22641
27;AL;2702405;Delmiro Gouveia;48096
27;AL;2702504;Dois Riachos;10880
27;AL;2702553;Estrela de Alagoas;17251
27;AL;2702603;Feira Grande;21321
27;AL;2702702;Feliz Deserto;4345
27;AL;2702801;Flexeiras;12325
27;AL;2702900;Girau do Ponciano;36600
27;AL;2703007;Ibateguara;15149
27;AL;2703106;Igaci;25188
27;AL;2703205;Igreja Nova;23292
27;AL;2703304;Inhapi;17898
27;AL;2703403;Jacaré dos Homens;5413
27;AL;2703502;Jacuípe;6997
27;AL;2703601;Japaratinga;7754
27;AL;2703700;Jaramataia;5558
27;AL;2703759;Jequiá da Praia;12029
27;AL;2703809;Joaquim Gomes;22575
27;AL;2703908;Jundiá;4202
27;AL;2704005;Junqueiro;23836
27;AL;2704104;Lagoa da Canoa;18250
27;AL;2704203;Limoeiro de Anadia;26992
27;AL;2704302;Maceió;932748
27;AL;2704401;Major Isidoro;18897
27;AL;2704500;Maragogi;28749
27;AL;2704609;Maravilha;10284
27;AL;2704708;Marechal Deodoro;45977
27;AL;2704807;Maribondo;13619
27;AL;2704906;Mar Vermelho;3652
27;AL;2705002;Mata Grande;24698
27;AL;2705101;Matriz de Camaragibe;23785
27;AL;2705200;Messias;15682
27;AL;2705309;Minador do Negrão;5275
27;AL;2705408;Monteirópolis;6935
27;AL;2705507;Murici;26710
27;AL;2705606;Novo Lino;12060
27;AL;2705705;Olho d'Água das Flores;20364
27;AL;2705804;Olho d'Água do Casado;8491
27;AL;2705903;Olho d'Água Grande;4957
27;AL;2706000;Olivença;11047
27;AL;2706109;Ouro Branco;10912
27;AL;2706208;Palestina;5112
27;AL;2706307;Palmeira dos Índios;70368
27;AL;2706406;Pão de Açúcar;23811
27;AL;2706422;Pariconha;10264
27;AL;2706448;Paripueira;11347
27;AL;2706505;Passo de Camaragibe;14763
27;AL;2706604;Paulo Jacinto;7426
27;AL;2706703;Penedo;60378
27;AL;2706802;Piaçabuçu;17203
27;AL;2706901;Pilar;33305
27;AL;2707008;Pindoba;2866
27;AL;2707107;Piranhas;23045
27;AL;2707206;Poço das Trincheiras;13872
27;AL;2707305;Porto Calvo;25708
27;AL;2707404;Porto de Pedras;8429
27;AL;2707503;Porto Real do Colégio;19334
27;AL;2707602;Quebrangulo;11480
27;AL;2707701;Rio Largo;68481
27;AL;2707800;Roteiro;6656
27;AL;2707909;Santa Luzia do Norte;6891
27;AL;2708006;Santana do Ipanema;44932
27;AL;2708105;Santana do Mundaú;10961
27;AL;2708204;São Brás;6718
27;AL;2708303;São José da Laje;22686
27;AL;2708402;São José da Tapera;30088
27;AL;2708501;São Luís do Quitunde;32412
27;AL;2708600;São Miguel dos Campos;54577
27;AL;2708709;São Miguel dos Milagres;7163
27;AL;2708808;São Sebastião;32010
27;AL;2708907;Satuba;14603
27;AL;2708956;Senador Rui Palmeira;13047
27;AL;2709004;Tanque d'Arca;6122
27;AL;2709103;Taquarana;19020
27;AL;2709152;Teotônio Vilela;41152
27;AL;2709202;Traipu;25702
27;AL;2709301;União dos Palmares;62358
27;AL;2709400;Viçosa;25407
28;SE;2800100;Amparo do São Francisco;2275
28;SE;2800209;Aquidabã;20056
28;SE;2800308;Aracaju;571149
28;SE;2800407;Arauá;10878
28;SE;2800506;Areia Branca;16857
28;SE;2800605;Barra dos Coqueiros;24976
28;SE;2800670;Boquim;25533
28;SE;2800704;Brejo Grande;7742
28;SE;2801009;Campo do Brito;16749
28;SE;2801108;Canhoba;3956
28;SE;2801207;Canindé de São Francisco;24686
28;SE;2801306;Capela;30761
28;SE;2801405;Carira;20007
28;SE;2801504;Carmópolis;13503
28;SE;2801603;Cedro de São João;5633
28;SE;2801702;Cristinápolis;16519
28;SE;2801900;Cumbe;3813
28;SE;2802007;Divina Pastora;4326
28;SE;2802106;Estância;64409
28;SE;2802205;Feira Nova;5324
28;SE;2802304;Frei Paulo;13874
28;SE;2802403;Gararu;11405
28;SE;2802502;General Maynard;2929
28;SE;2802601;Gracho Cardoso;5645
28;SE;2802700;Ilha das Flores;8348
28;SE;2802809;Indiaroba;15831
28;SE;2802908;Itabaiana;86967
28;SE;2803005;Itabaianinha;38910
28;SE;2803104;Itabi;4972
28;SE;2803203;Itaporanga d'Ajuda;30419
28;SE;2803302;Japaratuba;16864
28;SE;2803401;Japoatã;12938
28;SE;2803500;Lagarto;94861
28;SE;2803609;Laranjeiras;26902
28;SE;2803708;Macambira;6401
28;SE;2803807;Malhada dos Bois;3456
28;SE;2803906;Malhador;12042
28;SE;2804003;Maruim;16343
28;SE;2804102;Moita Bonita;11001
28;SE;2804201;Monte Alegre de Sergipe;13627
28;SE;2804300;Muribeca;7344
28;SE;2804409;Neópolis;18506
28;SE;2804458;Nossa Senhora Aparecida;8508
28;SE;2804508;Nossa Senhora da Glória;32497
28;SE;2804607;Nossa Senhora das Dores;24580
28;SE;2804706;Nossa Senhora de Lourdes;6238
28;SE;2804805;Nossa Senhora do Socorro;160827
28;SE;2804904;Pacatuba;13137
28;SE;2805000;Pedra Mole;2974
28;SE;2805109;Pedrinhas;8833
28;SE;2805208;Pinhão;5973
28;SE;2805307;Pirambu;8369
28;SE;2805406;Poço Redondo;30880
28;SE;2805505;Poço Verde;21983
28;SE;2805604;Porto da Folha;27146
28;SE;2805703;Propriá;28451
28;SE;2805802;Riachão do Dantas;19386
28;SE;2805901;Riachuelo;9355
28;SE;2806008;Ribeirópolis;17173
28;SE;2806107;Rosário do Catete;9221
28;SE;2806206;Salgado;19365
28;SE;2806305;Santa Luzia do Itanhy;12969
28;SE;2806404;Santana do São Francisco;7038
28;SE;2806503;Santa Rosa de Lima;3749
28;SE;2806602;Santo Amaro das Brotas;11410
28;SE;2806701;São Cristóvão;78864
28;SE;2806800;São Domingos;10271
28;SE;2806909;São Francisco;3393
28;SE;2807006;São Miguel do Aleixo;3698
28;SE;2807105;Simão Dias;38702
28;SE;2807204;Siriri;8004
28;SE;2807303;Telha;2957
28;SE;2807402;Tobias Barreto;48040
28;SE;2807501;Tomar do Geru;12855
28;SE;2807600;Umbaúba;22434
29;BA;2900108;Abaíra;8316
29;BA;2900207;Abaré;17064
29;BA;2900306;Acajutiba;14653
29;BA;2900355;Adustina;15702
29;BA;2900405;Água Fria;15731
29;BA;2900504;Érico Cardoso;10859
29;BA;2900603;Aiquara;4602
29;BA;2900702;Alagoinhas;141949
29;BA;2900801;Alcobaça;21271
29;BA;2900900;Almadina;6357
29;BA;2901007;Amargosa;34351
29;BA;2901106;Amélia Rodrigues;25190
29;BA;2901155;América Dourada;15961
29;BA;2901205;Anagé;25516
29;BA;2901304;Andaraí;13960
29;BA;2901353;Andorinha;14414
29;BA;2901403;Angical;14073
29;BA;2901502;Anguera;10242
29;BA;2901601;Antas;17072
29;BA;2901700;Antônio Cardoso;11554
29;BA;2901809;Antônio Gonçalves;11015
29;BA;2901908;Aporá;17731
29;BA;2901957;Apuarema;7459
29;BA;2902005;Aracatu;13743
29;BA;2902054;Araçás;11561
29;BA;2902104;Araci;51651
29;BA;2902203;Aramari;10036
29;BA;2902252;Arataca;10392
29;BA;2902302;Aratuípe;8599
29;BA;2902401;Aurelino Leal;13595
29;BA;2902500;Baianópolis;13850
29;BA;2902609;Baixa Grande;20060
29;BA;2902658;Banzaê;11814
29;BA;2902708;Barra;49325
29;BA;2902807;Barra da Estiva;21187
29;BA;2902906;Barra do Choça;34788
29;BA;2903003;Barra do Mendes;13987
29;BA;2903102;Barra do Rocha;6313
29;BA;2903201;Barreiras;137427
29;BA;2903235;Barro Alto;13612
29;BA;2903276;Barrocas;14191
29;BA;2903300;Barro Preto;6453
29;BA;2903409;Belmonte;21798
29;BA;2903508;Belo Campo;16021
29;BA;2903607;Biritinga;14836
29;BA;2903706;Boa Nova;15411
29;BA;2903805;Boa Vista do Tupim;17991
29;BA;2903904;Bom Jesus da Lapa;63480
29;BA;2903953;Bom Jesus da Serra;10113
29;BA;2904001;Boninal;13695
29;BA;2904050;Bonito;14834
29;BA;2904100;Boquira;22037
29;BA;2904209;Botuporã;11154
29;BA;2904308;Brejões;14282
29;BA;2904407;Brejolândia;11077
29;BA;2904506;Brotas de Macaúbas;10717
29;BA;2904605;Brumado;64602
29;BA;2904704;Buerarema;18605
29;BA;2904753;Buritirama;19600
29;BA;2904803;Caatiba;11420
29;BA;2904852;Cabaceiras do Paraguaçu;17327
29;BA;2904902;Cachoeira;32026
29;BA;2905008;Caculé;22236
29;BA;2905107;Caém;10368
29;BA;2905156;Caetanos;13639
29;BA;2905206;Caetité;47515
29;BA;2905305;Cafarnaum;17209
29;BA;2905404;Cairu;15374
29;BA;2905503;Caldeirão Grande;12491
29;BA;2905602;Camacan;31472
29;BA;2905701;Camaçari;242970
29;BA;2905800;Camamu;35180
29;BA;2905909;Campo Alegre de Lourdes;28090
29;BA;2906006;Campo Formoso;66616
29;BA;2906105;Canápolis;9410
29;BA;2906204;Canarana;24067
29;BA;2906303;Canavieiras;32336
29;BA;2906402;Candeal;8895
29;BA;2906501;Candeias;83158
29;BA;2906600;Candiba;13210
29;BA;2906709;Cândido Sales;27918
29;BA;2906808;Cansanção;32908
29;BA;2906824;Canudos;15732
29;BA;2906857;Capela do Alto Alegre;11527
29;BA;2906873;Capim Grosso;26577
29;BA;2906899;Caraíbas;10222
29;BA;2906907;Caravelas;21414
29;BA;2907004;Cardeal da Silva;8899
29;BA;2907103;Carinhanha;28380
29;BA;2907202;Casa Nova;64940
29;BA;2907301;Castro Alves;25408
29;BA;2907400;Catolândia;2612
29;BA;2907509;Catu;51077
29;BA;2907558;Caturama;8843
29;BA;2907608;Central;17013
29;BA;2907707;Chorrochó;10734
29;BA;2907806;Cícero Dantas;32300
29;BA;2907905;Cipó;15755
29;BA;2908002;Coaraci;20964
29;BA;2908101;Cocos;18153
29;BA;2908200;Conceição da Feira;20391
29;BA;2908309;Conceição do Almeida;17889
29;BA;2908408;Conceição do Coité;62040
29;BA;2908507;Conceição do Jacuípe;30123
29;BA;2908606;Conde;23620
29;BA;2908705;Condeúba;16898
29;BA;2908804;Contendas do Sincorá;4663
29;BA;2908903;Coração de Maria;22401
29;BA;2909000;Cordeiros;8168
29;BA;2909109;Coribe;14307
29;BA;2909208;Coronel João Sá;17066
29;BA;2909307;Correntina;31249
29;BA;2909406;Cotegipe;13636
29;BA;2909505;Cravolândia;5041
29;BA;2909604;Crisópolis;20046
29;BA;2909703;Cristópolis;13280
29;BA;2909802;Cruz das Almas;58606
29;BA;2909901;Curaçá;32168
29;BA;2910008;Dário Meira;12836
29;BA;2910057;Dias d'Ávila;66440
29;BA;2910107;Dom Basílio;11355
29;BA;2910206;Dom Macedo Costa;3874
29;BA;2910305;Elísio Medrado;7947
29;BA;2910404;Encruzilhada;23766
29;BA;2910503;Entre Rios;39872
29;BA;2910602;Esplanada;32802
29;BA;2910701;Euclides da Cunha;56289
29;BA;2910727;Eunápolis;100196
29;BA;2910750;Fátima;17652
29;BA;2910776;Feira da Mata;6184
29;BA;2910800;Feira de Santana;556642
29;BA;2910859;Filadélfia;16740
29;BA;2910909;Firmino Alves;5384
29;BA;2911006;Floresta Azul;10660
29;BA;2911105;Formosa do Rio Preto;22528
29;BA;2911204;Gandu;30336
29;BA;2911253;Gavião;4561
29;BA;2911303;Gentio do Ouro;10622
29;BA;2911402;Glória;15076
29;BA;2911501;Gongogi;8357
29;BA;2911600;Governador Mangabeira;19818
29;BA;2911659;Guajeru;10412
29;BA;2911709;Guanambi;78833
29;BA;2911808;Guaratinga;22165
29;BA;2911857;Heliópolis;13192
29;BA;2911907;Iaçu;25736
29;BA;2912004;Ibiassucê;10062
29;BA;2912103;Ibicaraí;24272
29;BA;2912202;Ibicoara;17282
29;BA;2912301;Ibicuí;15785
29;BA;2912400;Ibipeba;17008
29;BA;2912509;Ibipitanga;14171
29;BA;2912608;Ibiquera;4866
29;BA;2912707;Ibirapitanga;22598
29;BA;2912806;Ibirapuã;7956
29;BA;2912905;Ibirataia;18943
29;BA;2913002;Ibitiara;15508
29;BA;2913101;Ibititá;17840
29;BA;2913200;Ibotirama;25424
29;BA;2913309;Ichu;5255
29;BA;2913408;Igaporã;15205
29;BA;2913457;Igrapiúna;13343
29;BA;2913507;Iguaí;25705
29;BA;2913606;Ilhéus;184236
29;BA;2913705;Inhambupe;36306
29;BA;2913804;Ipecaetá;15331
29;BA;2913903;Ipiaú;44390
29;BA;2914000;Ipirá;59343
29;BA;2914109;Ipupiara;9285
29;BA;2914208;Irajuba;7002
29;BA;2914307;Iramaia;11990
29;BA;2914406;Iraquara;22601
29;BA;2914505;Irará;27466
29;BA;2914604;Irecê;66181
29;BA;2914653;Itabela;28390
29;BA;2914703;Itaberaba;61631
29;BA;2914802;Itabuna;204667
29;BA;2914901;Itacaré;24318
29;BA;2915007;Itaeté;14924
29;BA;2915106;Itagi;13051
29;BA;2915205;Itagibá;15193
29;BA;2915304;Itagimirim;7110
29;BA;2915353;Itaguaçu da Bahia;13209
29;BA;2915403;Itaju do Colônia;7309
29;BA;2915502;Itajuípe;21081
29;BA;2915601;Itamaraju;63069
29;BA;2915700;Itamari;7903
29;BA;2915809;Itambé;23089
29;BA;2915908;Itanagra;7598
29;BA;2916005;Itanhém;20216
29;BA;2916104;Itaparica;20725
29;BA;2916203;Itapé;10995
29;BA;2916302;Itapebi;10495
29;BA;2916401;Itapetinga;68273
29;BA;2916500;Itapicuru;32261
29;BA;2916609;Itapitanga;10207
29;BA;2916708;Itaquara;7678
29;BA;2916807;Itarantim;18539
29;BA;2916856;Itatim;14522
29;BA;2916906;Itiruçu;12693
29;BA;2917003;Itiúba;36113
29;BA;2917102;Itororó;19914
29;BA;2917201;Ituaçu;18127
29;BA;2917300;Ituberá;26591
29;BA;2917334;Iuiu;10900
29;BA;2917359;Jaborandi;8973
29;BA;2917409;Jacaraci;13651
29;BA;2917508;Jacobina;79247
29;BA;2917607;Jaguaquara;51011
29;BA;2917706;Jaguarari;30343
29;BA;2917805;Jaguaripe;16467
29;BA;2917904;Jandaíra;10331
29;BA;2918001;Jequié;151895
29;BA;2918100;Jeremoabo;37680
29;BA;2918209;Jiquiriçá;14118
29;BA;2918308;Jitaúna;14115
29;BA;2918357;João Dourado;22549
29;BA;2918407;Juazeiro;197965
29;BA;2918456;Jucuruçu;10290
29;BA;2918506;Jussara;15052
29;BA;2918555;Jussari;6474
29;BA;2918605;Jussiape;8031
29;BA;2918704;Lafaiete Coutinho;3901
29;BA;2918753;Lagoa Real;13934
29;BA;2918803;Laje;22201
29;BA;2918902;Lajedão;3733
29;BA;2919009;Lajedinho;3936
29;BA;2919058;Lajedo do Tabocal;8305
29;BA;2919108;Lamarão;9560
29;BA;2919157;Lapão;25646
29;BA;2919207;Lauro de Freitas;163449
29;BA;2919306;Lençóis;10368
29;BA;2919405;Licínio de Almeida;12311
29;BA;2919504;Livramento de Nossa Senhora;42693
29;BA;2919553;Luís Eduardo Magalhães;60105
29;BA;2919603;Macajuba;11229
29;BA;2919702;Macarani;17093
29;BA;2919801;Macaúbas;47051
29;BA;2919900;Macururé;8073
29;BA;2919926;Madre de Deus;17376
29;BA;2919959;Maetinga;7038
29;BA;2920007;Maiquinique;8782
29;BA;2920106;Mairi;19326
29;BA;2920205;Malhada;16014
29;BA;2920304;Malhada de Pedras;8468
29;BA;2920403;Manoel Vitorino;14387
29;BA;2920452;Mansidão;12592
29;BA;2920502;Maracás;24613
29;BA;2920601;Maragogipe;42815
29;BA;2920700;Maraú;19101
29;BA;2920809;Marcionílio Souza;10500
29;BA;2920908;Mascote;14640
29;BA;2921005;Mata de São João;40183
29;BA;2921054;Matina;11145
29;BA;2921104;Medeiros Neto;21560
29;BA;2921203;Miguel Calmon;26475
29;BA;2921302;Milagres;10306
29;BA;2921401;Mirangaba;16279
29;BA;2921450;Mirante;10507
29;BA;2921500;Monte Santo;52338
29;BA;2921609;Morpará;8280
29;BA;2921708;Morro do Chapéu;35164
29;BA;2921807;Mortugaba;12477
29;BA;2921906;Mucugê;10545
29;BA;2922003;Mucuri;36026
29;BA;2922052;Mulungu do Morro;12249
29;BA;2922102;Mundo Novo;24395
29;BA;2922201;Muniz Ferreira;7317
29;BA;2922250;Muquém do São Francisco;10272
29;BA;2922300;Muritiba;28899
29;BA;2922409;Mutuípe;21449
29;BA;2922508;Nazaré;27274
29;BA;2922607;Nilo Peçanha;12530
29;BA;2922656;Nordestina;12371
29;BA;2922706;Nova Canaã;16713
29;BA;2922730;Nova Fátima;7602
29;BA;2922755;Nova Ibiá;6648
29;BA;2922805;Nova Itarana;7435
29;BA;2922854;Nova Redenção;8034
29;BA;2922904;Nova Soure;24136
29;BA;2923001;Nova Viçosa;38556
29;BA;2923035;Novo Horizonte;10673
29;BA;2923050;Novo Triunfo;15051
29;BA;2923100;Olindina;24943
29;BA;2923209;Oliveira dos Brejinhos;21831
29;BA;2923308;Ouriçangas;8298
29;BA;2923357;Ourolândia;16425
29;BA;2923407;Palmas de Monte Alto;20775
29;BA;2923506;Palmeiras;8410
29;BA;2923605;Paramirim;21001
29;BA;2923704;Paratinga;29504
29;BA;2923803;Paripiranga;27778
29;BA;2923902;Pau Brasil;10852
29;BA;2924009;Paulo Afonso;108396
29;BA;2924058;Pé de Serra;13752
29;BA;2924108;Pedrão;6876
29;BA;2924207;Pedro Alexandre;16995
29;BA;2924306;Piatã;17982
29;BA;2924405;Pilão Arcado;32860
29;BA;2924504;Pindaí;15628
29;BA;2924603;Pindobaçu;20121
29;BA;2924652;Pintadas;10342
29;BA;2924678;Piraí do Norte;9799
29;BA;2924702;Piripá;12783
29;BA;2924801;Piritiba;22399
29;BA;2924900;Planaltino;8822
29;BA;2925006;Planalto;24481
29;BA;2925105;Poções;44701
29;BA;2925204;Pojuca;33066
29;BA;2925253;Ponto Novo;15742
29;BA;2925303;Porto Seguro;126929
29;BA;2925402;Potiraguá;9810
29;BA;2925501;Prado;27627
29;BA;2925600;Presidente Dutra;13750
29;BA;2925709;Presidente Jânio Quadros;13652
29;BA;2925758;Presidente Tancredo Neves;23846
29;BA;2925808;Queimadas;24602
29;BA;2925907;Quijingue;27228
29;BA;2925931;Quixabeira;9554
29;BA;2925956;Rafael Jambeiro;22874
29;BA;2926004;Remanso;38957
29;BA;2926103;Retirolândia;12055
29;BA;2926202;Riachão das Neves;21937
29;BA;2926301;Riachão do Jacuípe;33172
29;BA;2926400;Riacho de Santana;30646
29;BA;2926509;Ribeira do Amparo;14276
29;BA;2926608;Ribeira do Pombal;47518
29;BA;2926657;Ribeirão do Largo;8602
29;BA;2926707;Rio de Contas;13007
29;BA;2926806;Rio do Antônio;14815
29;BA;2926905;Rio do Pires;11918
29;BA;2927002;Rio Real;37164
29;BA;2927101;Rodelas;7775
29;BA;2927200;Ruy Barbosa;29887
29;BA;2927309;Salinas da Margarida;13456
29;BA;2927408;Salvador;2675656
29;BA;2927507;Santa Bárbara;19064
29;BA;2927606;Santa Brígida;15060
29;BA;2927705;Santa Cruz Cabrália;26264
29;BA;2927804;Santa Cruz da Vitória;6673
29;BA;2927903;Santa Inês;10363
29;BA;2928000;Santaluz;33838
29;BA;2928059;Santa Luzia;13344
29;BA;2928109;Santa Maria da Vitória;40309
29;BA;2928208;Santana;24750
29;BA;2928307;Santanópolis;8776
29;BA;2928406;Santa Rita de Cássia;26250
29;BA;2928505;Santa Terezinha;9648
29;BA;2928604;Santo Amaro;57800
29;BA;2928703;Santo Antônio de Jesus;90985
29;BA;2928802;Santo Estêvão;47880
29;BA;2928901;São Desidério;27659
29;BA;2928950;São Domingos;9226
29;BA;2929008;São Félix;14098
29;BA;2929057;São Félix do Coribe;13048
29;BA;2929107;São Felipe;20305
29;BA;2929206;São Francisco do Conde;33183
29;BA;2929255;São Gabriel;18427
29;BA;2929305;São Gonçalo dos Campos;33283
29;BA;2929354;São José da Vitória;5715
29;BA;2929370;São José do Jacuípe;10180
29;BA;2929404;São Miguel das Matas;10414
29;BA;2929503;São Sebastião do Passé;42153
29;BA;2929602;Sapeaçu;16585
29;BA;2929701;Sátiro Dias;18964
29;BA;2929750;Saubara;11201
29;BA;2929800;Saúde;11845
29;BA;2929909;Seabra;41798
29;BA;2930006;Sebastião Laranjeiras;10371
29;BA;2930105;Senhor do Bonfim;74419
29;BA;2930154;Serra do Ramalho;31638
29;BA;2930204;Sento Sé;37425
29;BA;2930303;Serra Dourada;18112
29;BA;2930402;Serra Preta;15401
29;BA;2930501;Serrinha;76762
29;BA;2930600;Serrolândia;12344
29;BA;2930709;Simões Filho;118047
29;BA;2930758;Sítio do Mato;12050
29;BA;2930766;Sítio do Quinto;12592
29;BA;2930774;Sobradinho;22000
29;BA;2930808;Souto Soares;15899
29;BA;2930907;Tabocas do Brejo Velho;11431
29;BA;2931004;Tanhaçu;20013
29;BA;2931053;Tanque Novo;16128
29;BA;2931103;Tanquinho;8008
29;BA;2931202;Taperoá;18748
29;BA;2931301;Tapiramutá;16516
29;BA;2931350;Teixeira de Freitas;138341
29;BA;2931400;Teodoro Sampaio;7895
29;BA;2931509;Teofilândia;21482
29;BA;2931608;Teolândia;14836
29;BA;2931707;Terra Nova;12803
29;BA;2931806;Tremedal;17029
29;BA;2931905;Tucano;52418
29;BA;2932002;Uauá;24294
29;BA;2932101;Ubaíra;19750
29;BA;2932200;Ubaitaba;20691
29;BA;2932309;Ubatã;25004
29;BA;2932408;Uibaí;13625
29;BA;2932457;Umburanas;17000
29;BA;2932507;Una;24110
29;BA;2932606;Urandi;16466
29;BA;2932705;Uruçuca;19837
29;BA;2932804;Utinga;18173
29;BA;2932903;Valença;88673
29;BA;2933000;Valente;24560
29;BA;2933059;Várzea da Roça;13786
29;BA;2933109;Várzea do Poço;8661
29;BA;2933158;Várzea Nova;13073
29;BA;2933174;Varzedo;9109
29;BA;2933208;Vera Cruz;37567
29;BA;2933257;Vereda;6800
29;BA;2933307;Vitória da Conquista;306866
29;BA;2933406;Wagner;8983
29;BA;2933455;Wanderley;12485
29;BA;2933505;Wenceslau Guimarães;22189
29;BA;2933604;Xique-Xique;45536
31;MG;3100104;Abadia dos Dourados;6704
31;MG;3100203;Abaeté;22690
31;MG;3100302;Abre Campo;13311
31;MG;3100401;Acaiaca;3920
31;MG;3100500;Açucena;10276
31;MG;3100609;Água Boa;15195
31;MG;3100708;Água Comprida;2025
31;MG;3100807;Aguanil;4054
31;MG;3100906;Águas Formosas;18479
31;MG;3101003;Águas Vermelhas;12722
31;MG;3101102;Aimorés;24959
31;MG;3101201;Aiuruoca;6162
31;MG;3101300;Alagoa;2709
31;MG;3101409;Albertina;2913
31;MG;3101508;Além Paraíba;34349
31;MG;3101607;Alfenas;73774
31;MG;3101631;Alfredo Vasconcelos;6075
31;MG;3101706;Almenara;38775
31;MG;3101805;Alpercata;7172
31;MG;3101904;Alpinópolis;18488
31;MG;3102001;Alterosa;13717
31;MG;3102050;Alto Caparaó;5297
31;MG;3102100;Alto Rio Doce;12159
31;MG;3102209;Alvarenga;4444
31;MG;3102308;Alvinópolis;15261
31;MG;3102407;Alvorada de Minas;3546
31;MG;3102506;Amparo do Serra;5053
31;MG;3102605;Andradas;37270
31;MG;3102704;Cachoeira de Pajeú;8959
31;MG;3102803;Andrelândia;12173
31;MG;3102852;Angelândia;8003
31;MG;3102902;Antônio Carlos;11114
31;MG;3103009;Antônio Dias;9565
31;MG;3103108;Antônio Prado de Minas;1671
31;MG;3103207;Araçaí;2243
31;MG;3103306;Aracitaba;2058
31;MG;3103405;Araçuaí;36013
31;MG;3103504;Araguari;109801
31;MG;3103603;Arantina;2823
31;MG;3103702;Araponga;8152
31;MG;3103751;Araporã;6144
31;MG;3103801;Arapuá;2775
31;MG;3103900;Araújos;7883
31;MG;3104007;Araxá;93672
31;MG;3104106;Arceburgo;9509
31;MG;3104205;Arcos;36597
31;MG;3104304;Areado;13731
31;MG;3104403;Argirita;2901
31;MG;3104452;Aricanduva;4770
31;MG;3104502;Arinos;17674
31;MG;3104601;Astolfo Dutra;13049
31;MG;3104700;Ataléia;14455
31;MG;3104809;Augusto de Lima;4960
31;MG;3104908;Baependi;18307
31;MG;3105004;Baldim;7913
31;MG;3105103;Bambuí;22734
31;MG;3105202;Bandeira;4987
31;MG;3105301;Bandeira do Sul;5338
31;MG;3105400;Barão de Cocais;28442
31;MG;3105509;Barão de Monte Alto;5720
31;MG;3105608;Barbacena;126284
31;MG;3105707;Barra Longa;6143
31;MG;3105905;Barroso;19599
31;MG;3106002;Bela Vista de Minas;10004
31;MG;3106101;Belmiro Braga;3403
31;MG;3106200;Belo Horizonte;2375151
31;MG;3106309;Belo Oriente;23397
31;MG;3106408;Belo Vale;7536
31;MG;3106507;Berilo;12300
31;MG;3106606;Bertópolis;4498
31;MG;3106655;Berizal;4370
31;MG;3106705;Betim;378089
31;MG;3106804;Bias Fortes;3793
31;MG;3106903;Bicas;13653
31;MG;3107000;Biquinhas;2630
31;MG;3107109;Boa Esperança;38516
31;MG;3107208;Bocaina de Minas;5007
31;MG;3107307;Bocaiúva;46654
31;MG;3107406;Bom Despacho;45624
31;MG;3107505;Bom Jardim de Minas;6501
31;MG;3107604;Bom Jesus da Penha;3887
31;MG;3107703;Bom Jesus do Amparo;5491
31;MG;3107802;Bom Jesus do Galho;15364
31;MG;3107901;Bom Repouso;10457
31;MG;3108008;Bom Sucesso;17243
31;MG;3108107;Bonfim;6818
31;MG;3108206;Bonfinópolis de Minas;5865
31;MG;3108255;Bonito de Minas;9673
31;MG;3108305;Borda da Mata;17118
31;MG;3108404;Botelhos;14920
31;MG;3108503;Botumirim;6497
31;MG;3108552;Brasilândia de Minas;14226
31;MG;3108602;Brasília de Minas;31213
31;MG;3108701;Brás Pires;4637
31;MG;3108800;Braúnas;5030
31;MG;3108909;Brazópolis;14661
31;MG;3109006;Brumadinho;33973
31;MG;3109105;Bueno Brandão;10892
31;MG;3109204;Buenópolis;10292
31;MG;3109253;Bugre;3992
31;MG;3109303;Buritis;22737
31;MG;3109402;Buritizeiro;26922
31;MG;3109451;Cabeceira Grande;6453
31;MG;3109501;Cabo Verde;13823
31;MG;3109600;Cachoeira da Prata;3654
31;MG;3109709;Cachoeira de Minas;11034
31;MG;3109808;Cachoeira Dourada;2505
31;MG;3109907;Caetanópolis;10218
31;MG;3110004;Caeté;40750
31;MG;3110103;Caiana;4968
31;MG;3110202;Cajuri;4047
31;MG;3110301;Caldas;13633
31;MG;3110400;Camacho;3154
31;MG;3110509;Camanducaia;21080
31;MG;3110608;Cambuí;26488
31;MG;3110707;Cambuquira;12602
31;MG;3110806;Campanário;3564
31;MG;3110905;Campanha;15433
31;MG;3111002;Campestre;20686
31;MG;3111101;Campina Verde;19324
31;MG;3111150;Campo Azul;3684
31;MG;3111200;Campo Belo;51544
31;MG;3111309;Campo do Meio;11476
31;MG;3111408;Campo Florido;6870
31;MG;3111507;Campos Altos;14206
31;MG;3111606;Campos Gerais;27600
31;MG;3111705;Canaã;4628
31;MG;3111804;Canápolis;11365
31;MG;3111903;Cana Verde;5589
31;MG;3112000;Candeias;14595
31;MG;3112059;Cantagalo;4195
31;MG;3112109;Caparaó;5209
31;MG;3112208;Capela Nova;4755
31;MG;3112307;Capelinha;34803
31;MG;3112406;Capetinga;7089
31;MG;3112505;Capim Branco;8881
31;MG;3112604;Capinópolis;15290
31;MG;3112653;Capitão Andrade;4925
31;MG;3112703;Capitão Enéas;14206
31;MG;3112802;Capitólio;8183
31;MG;3112901;Caputira;9030
31;MG;3113008;Caraí;22343
31;MG;3113107;Caranaíba;3288
31;MG;3113206;Carandaí;23346
31;MG;3113305;Carangola;32296
31;MG;3113404;Caratinga;85239
31;MG;3113503;Carbonita;9148
31;MG;3113602;Careaçu;6298
31;MG;3113701;Carlos Chagas;20069
31;MG;3113800;Carmésia;2446
31;MG;3113909;Carmo da Cachoeira;11836
31;MG;3114006;Carmo da Mata;10927
31;MG;3114105;Carmo de Minas;13750
31;MG;3114204;Carmo do Cajuru;20012
31;MG;3114303;Carmo do Paranaíba;29735
31;MG;3114402;Carmo do Rio Claro;20426
31;MG;3114501;Carmópolis de Minas;17048
31;MG;3114550;Carneirinho;9471
31;MG;3114600;Carrancas;3948
31;MG;3114709;Carvalhópolis;3341
31;MG;3114808;Carvalhos;4556
31;MG;3114907;Casa Grande;2244
31;MG;3115003;Cascalho Rico;2857
31;MG;3115102;Cássia;17412
31;MG;3115201;Conceição da Barra de Minas;3954
31;MG;3115300;Cataguases;69757
31;MG;3115359;Catas Altas;4846
31;MG;3115409;Catas Altas da Noruega;3462
31;MG;3115458;Catuji;6708
31;MG;3115474;Catuti;5102
31;MG;3115508;Caxambu;21705
31;MG;3115607;Cedro do Abaeté;1210
31;MG;3115706;Central de Minas;6772
31;MG;3115805;Centralina;10266
31;MG;3115904;Chácara;2792
31;MG;3116001;Chalé;5645
31;MG;3116100;Chapada do Norte;15189
31;MG;3116159;Chapada Gaúcha;10805
31;MG;3116209;Chiador;2785
31;MG;3116308;Cipotânea;6547
31;MG;3116407;Claraval;4542
31;MG;3116506;Claro dos Poções;7775
31;MG;3116605;Cláudio;25771
31;MG;3116704;Coimbra;7054
31;MG;3116803;Coluna;9024
31;MG;3116902;Comendador Gomes;2972
31;MG;3117009;Comercinho;8298
31;MG;3117108;Conceição da Aparecida;9820
31;MG;3117207;Conceição das Pedras;2749
31;MG;3117306;Conceição das Alagoas;23043
31;MG;3117405;Conceição de Ipanema;4456
31;MG;3117504;Conceição do Mato Dentro;17908
31;MG;3117603;Conceição do Pará;5158
31;MG;3117702;Conceição do Rio Verde;12949
31;MG;3117801;Conceição dos Ouros;10388
31;MG;3117836;Cônego Marinho;7101
31;MG;3117876;Confins;5936
31;MG;3117900;Congonhal;10468
31;MG;3118007;Congonhas;48519
31;MG;3118106;Congonhas do Norte;4943
31;MG;3118205;Conquista;6526
31;MG;3118304;Conselheiro Lafaiete;116512
31;MG;3118403;Conselheiro Pena;22242
31;MG;3118502;Consolação;1727
31;MG;3118601;Contagem;603442
31;MG;3118700;Coqueiral;9289
31;MG;3118809;Coração de Jesus;26033
31;MG;3118908;Cordisburgo;8667
31;MG;3119005;Cordislândia;3435
31;MG;3119104;Corinto;23914
31;MG;3119203;Coroaci;10270
31;MG;3119302;Coromandel;27547
31;MG;3119401;Coronel Fabriciano;103694
31;MG;3119500;Coronel Murta;9117
31;MG;3119609;Coronel Pacheco;2983
31;MG;3119708;Coronel Xavier Chaves;3301
31;MG;3119807;Córrego Danta;3391
31;MG;3119906;Córrego do Bom Jesus;3730
31;MG;3119955;Córrego Fundo;5790
31;MG;3120003;Córrego Novo;3127
31;MG;3120102;Couto de Magalhães de Minas;4204
31;MG;3120151;Crisólita;6047
31;MG;3120201;Cristais;11286
31;MG;3120300;Cristália;5760
31;MG;3120409;Cristiano Otoni;5007
31;MG;3120508;Cristina;10210
31;MG;3120607;Crucilândia;4757
31;MG;3120706;Cruzeiro da Fortaleza;3934
31;MG;3120805;Cruzília;14591
31;MG;3120839;Cuparaque;4680
31;MG;3120870;Curral de Dentro;6913
31;MG;3120904;Curvelo;74219
31;MG;3121001;Datas;5211
31;MG;3121100;Delfim Moreira;7971
31;MG;3121209;Delfinópolis;6830
31;MG;3121258;Delta;8089
31;MG;3121308;Descoberto;4768
31;MG;3121407;Desterro de Entre Rios;7002
31;MG;3121506;Desterro do Melo;3015
31;MG;3121605;Diamantina;45880
31;MG;3121704;Diogo de Vasconcelos;3848
31;MG;3121803;Dionísio;8739
31;MG;3121902;Divinésia;3293
31;MG;3122009;Divino;19133
31;MG;3122108;Divino das Laranjeiras;4937
31;MG;3122207;Divinolândia de Minas;7024
31;MG;3122306;Divinópolis;213016
31;MG;3122355;Divisa Alegre;5884
31;MG;3122405;Divisa Nova;5763
31;MG;3122454;Divisópolis;8974
31;MG;3122470;Dom Bosco;3814
31;MG;3122504;Dom Cavati;5209
31;MG;3122603;Dom Joaquim;4535
31;MG;3122702;Dom Silvério;5196
31;MG;3122801;Dom Viçoso;2994
31;MG;3122900;Dona Euzébia;6001
31;MG;3123007;Dores de Campos;9299
31;MG;3123106;Dores de Guanhães;5223
31;MG;3123205;Dores do Indaiá;13778
31;MG;3123304;Dores do Turvo;4462
31;MG;3123403;Doresópolis;1440
31;MG;3123502;Douradoquara;1841
31;MG;3123528;Durandé;7423
31;MG;3123601;Elói Mendes;25220
31;MG;3123700;Engenheiro Caldas;10280
31;MG;3123809;Engenheiro Navarro;7122
31;MG;3123858;Entre Folhas;5175
31;MG;3123908;Entre Rios de Minas;14242
31;MG;3124005;Ervália;17946
31;MG;3124104;Esmeraldas;60271
31;MG;3124203;Espera Feliz;22856
31;MG;3124302;Espinosa;31113
31;MG;3124401;Espírito Santo do Dourado;4429
31;MG;3124500;Estiva;10845
31;MG;3124609;Estrela Dalva;2470
31;MG;3124708;Estrela do Indaiá;3516
31;MG;3124807;Estrela do Sul;7446
31;MG;3124906;Eugenópolis;10540
31;MG;3125002;Ewbank da Câmara;3753
31;MG;3125101;Extrema;28599
31;MG;3125200;Fama;2350
31;MG;3125309;Faria Lemos;3376
31;MG;3125408;Felício dos Santos;5142
31;MG;3125507;São Gonçalo do Rio Preto;3056
31;MG;3125606;Felisburgo;6877
31;MG;3125705;Felixlândia;14121
31;MG;3125804;Fernandes Tourinho;3030
31;MG;3125903;Ferros;10837
31;MG;3125952;Fervedouro;10349
31;MG;3126000;Florestal;6600
31;MG;3126109;Formiga;65128
31;MG;3126208;Formoso;8177
31;MG;3126307;Fortaleza de Minas;4098
31;MG;3126406;Fortuna de Minas;2705
31;MG;3126505;Francisco Badaró;10248
31;MG;3126604;Francisco Dumont;4863
31;MG;3126703;Francisco Sá;24912
31;MG;3126752;Franciscópolis;5800
31;MG;3126802;Frei Gaspar;5879
31;MG;3126901;Frei Inocêncio;8920
31;MG;3126950;Frei Lagonegro;3329
31;MG;3127008;Fronteira;14041
31;MG;3127057;Fronteira dos Vales;4687
31;MG;3127073;Fruta de Leite;5940
31;MG;3127107;Frutal;53468
31;MG;3127206;Funilândia;3855
31;MG;3127305;Galiléia;6951
31;MG;3127339;Gameleiras;5139
31;MG;3127354;Glaucilândia;2962
31;MG;3127370;Goiabeira;3053
31;MG;3127388;Goianá;3659
31;MG;3127404;Gonçalves;4220
31;MG;3127503;Gonzaga;5921
31;MG;3127602;Gouveia;11681
31;MG;3127701;Governador Valadares;263689
31;MG;3127800;Grão Mogol;15024
31;MG;3127909;Grupiara;1373
31;MG;3128006;Guanhães;31262
31;MG;3128105;Guapé;13872
31;MG;3128204;Guaraciaba;10223
31;MG;3128253;Guaraciama;4718
31;MG;3128303;Guaranésia;18714
31;MG;3128402;Guarani;8678
31;MG;3128501;Guarará;3929
31;MG;3128600;Guarda-Mor;6565
31;MG;3128709;Guaxupé;49430
31;MG;3128808;Guidoval;7206
31;MG;3128907;Guimarânia;7265
31;MG;3129004;Guiricema;8707
31;MG;3129103;Gurinhatã;6137
31;MG;3129202;Heliodora;6121
31;MG;3129301;Iapu;10315
31;MG;3129400;Ibertioga;5036
31;MG;3129509;Ibiá;23218
31;MG;3129608;Ibiaí;7839
31;MG;3129657;Ibiracatu;6155
31;MG;3129707;Ibiraci;12176
31;MG;3129806;Ibirité;158954
31;MG;3129905;Ibitiúra de Minas;3382
31;MG;3130002;Ibituruna;2866
31;MG;3130051;Icaraí de Minas;10746
31;MG;3130101;Igarapé;34851
31;MG;3130200;Igaratinga;9264
31;MG;3130309;Iguatama;8029
31;MG;3130408;Ijaci;5859
31;MG;3130507;Ilicínea;11488
31;MG;3130556;Imbé de Minas;6424
31;MG;3130606;Inconfidentes;6908
31;MG;3130655;Indaiabira;7330
31;MG;3130705;Indianópolis;6190
31;MG;3130804;Ingaí;2629
31;MG;3130903;Inhapim;24294
31;MG;3131000;Inhaúma;5760
31;MG;3131109;Inimutaba;6724
31;MG;3131158;Ipaba;16708
31;MG;3131208;Ipanema;18170
31;MG;3131307;Ipatinga;239468
31;MG;3131406;Ipiaçu;4107
31;MG;3131505;Ipuiúna;9521
31;MG;3131604;Iraí de Minas;6467
31;MG;3131703;Itabira;109783
31;MG;3131802;Itabirinha;10692
31;MG;3131901;Itabirito;45449
31;MG;3132008;Itacambira;4988
31;MG;3132107;Itacarambi;17720
31;MG;3132206;Itaguara;12372
31;MG;3132305;Itaipé;11798
31;MG;3132404;Itajubá;90658
31;MG;3132503;Itamarandiba;32175
31;MG;3132602;Itamarati de Minas;4079
31;MG;3132701;Itambacuri;22809
31;MG;3132800;Itambé do Mato Dentro;2283
31;MG;3132909;Itamogi;10349
31;MG;3133006;Itamonte;14003
31;MG;3133105;Itanhandu;14175
31;MG;3133204;Itanhomi;11856
31;MG;3133303;Itaobim;21001
31;MG;3133402;Itapagipe;13656
31;MG;3133501;Itapecerica;21377
31;MG;3133600;Itapeva;8664
31;MG;3133709;Itatiaiuçu;9928
31;MG;3133758;Itaú de Minas;14945
31;MG;3133808;Itaúna;85463
31;MG;3133907;Itaverava;5799
31;MG;3134004;Itinga;14407
31;MG;3134103;Itueta;5830
31;MG;3134202;Ituiutaba;97171
31;MG;3134301;Itumirim;6139
31;MG;3134400;Iturama;34456
31;MG;3134509;Itutinga;3913
31;MG;3134608;Jaboticatubas;17134
31;MG;3134707;Jacinto;12134
31;MG;3134806;Jacuí;7502
31;MG;3134905;Jacutinga;22772
31;MG;3135001;Jaguaraçu;2990
31;MG;3135050;Jaíba;33587
31;MG;3135076;Jampruca;5067
31;MG;3135100;Janaúba;66803
31;MG;3135209;Januária;65463
31;MG;3135308;Japaraíba;3939
31;MG;3135357;Japonvar;8298
31;MG;3135407;Jeceaba;5395
31;MG;3135456;Jenipapo de Minas;7116
31;MG;3135506;Jequeri;12848
31;MG;3135605;Jequitaí;8005
31;MG;3135704;Jequitibá;5156
31;MG;3135803;Jequitinhonha;24131
31;MG;3135902;Jesuânia;4768
31;MG;3136009;Joaíma;14941
31;MG;3136108;Joanésia;5425
31;MG;3136207;João Monlevade;73610
31;MG;3136306;João Pinheiro;45260
31;MG;3136405;Joaquim Felício;4305
31;MG;3136504;Jordânia;10324
31;MG;3136520;José Gonçalves de Minas;4553
31;MG;3136553;José Raydan;4376
31;MG;3136579;Josenópolis;4566
31;MG;3136603;Nova União;5555
31;MG;3136652;Juatuba;22202
31;MG;3136702;Juiz de Fora;516247
31;MG;3136801;Juramento;4113
31;MG;3136900;Juruaia;9238
31;MG;3136959;Juvenília;5708
31;MG;3137007;Ladainha;16994
31;MG;3137106;Lagamar;7600
31;MG;3137205;Lagoa da Prata;45984
31;MG;3137304;Lagoa dos Patos;4225
31;MG;3137403;Lagoa Dourada;12256
31;MG;3137502;Lagoa Formosa;17161
31;MG;3137536;Lagoa Grande;8631
31;MG;3137601;Lagoa Santa;52520
31;MG;3137700;Lajinha;19609
31;MG;3137809;Lambari;19554
31;MG;3137908;Lamim;3452
31;MG;3138005;Laranjal;6465
31;MG;3138104;Lassance;6484
31;MG;3138203;Lavras;92200
31;MG;3138302;Leandro Ferreira;3205
31;MG;3138351;Leme do Prado;4804
31;MG;3138401;Leopoldina;51130
31;MG;3138500;Liberdade;5346
31;MG;3138609;Lima Duarte;16149
31;MG;3138625;Limeira do Oeste;6890
31;MG;3138658;Lontra;8397
31;MG;3138674;Luisburgo;6234
31;MG;3138682;Luislândia;6400
31;MG;3138708;Luminárias;5422
31;MG;3138807;Luz;17486
31;MG;3138906;Machacalis;6976
31;MG;3139003;Machado;38688
31;MG;3139102;Madre de Deus de Minas;4904
31;MG;3139201;Malacacheta;18776
31;MG;3139250;Mamonas;6321
31;MG;3139300;Manga;19813
31;MG;3139409;Manhuaçu;79574
31;MG;3139508;Manhumirim;21382
31;MG;3139607;Mantena;27111
31;MG;3139706;Maravilhas;7163
31;MG;3139805;Mar de Espanha;11749
31;MG;3139904;Maria da Fé;14216
31;MG;3140001;Mariana;54219
31;MG;3140100;Marilac;4219
31;MG;3140159;Mário Campos;13192
31;MG;3140209;Maripá de Minas;2788
31;MG;3140308;Marliéria;4012
31;MG;3140407;Marmelópolis;2968
31;MG;3140506;Martinho Campos;12611
31;MG;3140530;Martins Soares;7173
31;MG;3140555;Mata Verde;7874
31;MG;3140605;Materlândia;4595
31;MG;3140704;Mateus Leme;27856
31;MG;3140803;Matias Barbosa;13435
31;MG;3140852;Matias Cardoso;9979
31;MG;3140902;Matipó;17639
31;MG;3141009;Mato Verde;12684
31;MG;3141108;Matozinhos;33955
31;MG;3141207;Matutina;3761
31;MG;3141306;Medeiros;3444
31;MG;3141405;Medina;21026
31;MG;3141504;Mendes Pimentel;6331
31;MG;3141603;Mercês;10368
31;MG;3141702;Mesquita;6069
31;MG;3141801;Minas Novas;30794
31;MG;3141900;Minduri;3840
31;MG;3142007;Mirabela;13042
31;MG;3142106;Miradouro;10251
31;MG;3142205;Miraí;13808
31;MG;3142254;Miravânia;4549
31;MG;3142304;Moeda;4689
31;MG;3142403;Moema;7028
31;MG;3142502;Monjolos;2360
31;MG;3142601;Monsenhor Paulo;8161
31;MG;3142700;Montalvânia;15862
31;MG;3142809;Monte Alegre de Minas;19619
31;MG;3142908;Monte Azul;21994
31;MG;3143005;Monte Belo;13061
31;MG;3143104;Monte Carmelo;45772
31;MG;3143153;Monte Formoso;4656
31;MG;3143203;Monte Santo de Minas;21234
31;MG;3143302;Montes Claros;361915
31;MG;3143401;Monte Sião;21203
31;MG;3143450;Montezuma;7464
31;MG;3143500;Morada Nova de Minas;8255
31;MG;3143609;Morro da Garça;2660
31;MG;3143708;Morro do Pilar;3399
31;MG;3143807;Munhoz;6257
31;MG;3143906;Muriaé;100765
31;MG;3144003;Mutum;26661
31;MG;3144102;Muzambinho;20430
31;MG;3144201;Nacip Raydan;3154
31;MG;3144300;Nanuque;40834
31;MG;3144359;Naque;6341
31;MG;3144375;Natalândia;3280
31;MG;3144409;Natércia;4658
31;MG;3144508;Nazareno;7954
31;MG;3144607;Nepomuceno;25733
31;MG;3144656;Ninheira;9815
31;MG;3144672;Nova Belém;3732
31;MG;3144706;Nova Era;17528
31;MG;3144805;Nova Lima;80998
31;MG;3144904;Nova Módica;3790
31;MG;3145000;Nova Ponte;12812
31;MG;3145059;Nova Porteirinha;7398
31;MG;3145109;Nova Resende;15374
31;MG;3145208;Nova Serrana;73699
31;MG;3145307;Novo Cruzeiro;30725
31;MG;3145356;Novo Oriente de Minas;10339
31;MG;3145372;Novorizonte;4963
31;MG;3145406;Olaria;1976
31;MG;3145455;Olhos-d'Água;5267
31;MG;3145505;Olímpio Noronha;2533
31;MG;3145604;Oliveira;39466
31;MG;3145703;Oliveira Fortes;2123
31;MG;3145802;Onça de Pitangui;3055
31;MG;3145851;Oratórios;4493
31;MG;3145877;Orizânia;7284
31;MG;3145901;Ouro Branco;35268
31;MG;3146008;Ouro Fino;31568
31;MG;3146107;Ouro Preto;70281
31;MG;3146206;Ouro Verde de Minas;6016
31;MG;3146255;Padre Carvalho;5834
31;MG;3146305;Padre Paraíso;18849
31;MG;3146404;Paineiras;4631
31;MG;3146503;Pains;8014
31;MG;3146552;Pai Pedro;5934
31;MG;3146602;Paiva;1558
31;MG;3146701;Palma;6545
31;MG;3146750;Palmópolis;6931
31;MG;3146909;Papagaios;14175
31;MG;3147006;Paracatu;84718
31;MG;3147105;Pará de Minas;84215
31;MG;3147204;Paraguaçu;20245
31;MG;3147303;Paraisópolis;19379
31;MG;3147402;Paraopeba;22563
31;MG;3147501;Passabém;1766
31;MG;3147600;Passa Quatro;15582
31;MG;3147709;Passa Tempo;8197
31;MG;3147808;Passa Vinte;2079
31;MG;3147907;Passos;106290
31;MG;3147956;Patis;5579
31;MG;3148004;Patos de Minas;138710
31;MG;3148103;Patrocínio;82471
31;MG;3148202;Patrocínio do Muriaé;5287
31;MG;3148301;Paula Cândido;9271
31;MG;3148400;Paulistas;4918
31;MG;3148509;Pavão;8589
31;MG;3148608;Peçanha;17260
31;MG;3148707;Pedra Azul;23839
31;MG;3148756;Pedra Bonita;6673
31;MG;3148806;Pedra do Anta;3365
31;MG;3148905;Pedra do Indaiá;3875
31;MG;3149002;Pedra Dourada;2191
31;MG;3149101;Pedralva;11467
31;MG;3149150;Pedras de Maria da Cruz;10315
31;MG;3149200;Pedrinópolis;3490
31;MG;3149309;Pedro Leopoldo;58740
31;MG;3149408;Pedro Teixeira;1785
31;MG;3149507;Pequeri;3165
31;MG;3149606;Pequi;4076
31;MG;3149705;Perdigão;8912
31;MG;3149804;Perdizes;14404
31;MG;3149903;Perdões;20087
31;MG;3149952;Periquito;7036
31;MG;3150000;Pescador;4128
31;MG;3150109;Piau;2841
31;MG;3150158;Piedade de Caratinga;7110
31;MG;3150208;Piedade de Ponte Nova;4062
31;MG;3150307;Piedade do Rio Grande;4709
31;MG;3150406;Piedade dos Gerais;4640
31;MG;3150505;Pimenta;8236
31;MG;3150539;Pingo-d'Água;4420
31;MG;3150570;Pintópolis;7211
31;MG;3150604;Piracema;6406
31;MG;3150703;Pirajuba;4656
31;MG;3150802;Piranga;17232
31;MG;3150901;Piranguçu;5217
31;MG;3151008;Piranguinho;8016
31;MG;3151107;Pirapetinga;10364
31;MG;3151206;Pirapora;53368
31;MG;3151305;Piraúba;10862
31;MG;3151404;Pitangui;25311
31;MG;3151503;Piumhi;31883
31;MG;3151602;Planura;10384
31;MG;3151701;Poço Fundo;15959
31;MG;3151800;Poços de Caldas;152435
31;MG;3151909;Pocrane;8986
31;MG;3152006;Pompéu;29105
31;MG;3152105;Ponte Nova;57390
31;MG;3152131;Ponto Chique;3966
31;MG;3152170;Ponto dos Volantes;11345
31;MG;3152204;Porteirinha;37627
31;MG;3152303;Porto Firme;10417
31;MG;3152402;Poté;15667
31;MG;3152501;Pouso Alegre;130615
31;MG;3152600;Pouso Alto;6213
31;MG;3152709;Prados;8391
31;MG;3152808;Prata;25802
31;MG;3152907;Pratápolis;8807
31;MG;3153004;Pratinha;3265
31;MG;3153103;Presidente Bernardes;5537
31;MG;3153202;Presidente Juscelino;3908
31;MG;3153301;Presidente Kubitschek;2959
31;MG;3153400;Presidente Olegário;18577
31;MG;3153509;Alto Jequitibá;8318
31;MG;3153608;Prudente de Morais;9573
31;MG;3153707;Quartel Geral;3303
31;MG;3153806;Queluzito;1861
31;MG;3153905;Raposos;15342
31;MG;3154002;Raul Soares;23818
31;MG;3154101;Recreio;10299
31;MG;3154150;Reduto;6569
31;MG;3154200;Resende Costa;10913
31;MG;3154309;Resplendor;17089
31;MG;3154408;Ressaquinha;4711
31;MG;3154457;Riachinho;8007
31;MG;3154507;Riacho dos Machados;9360
31;MG;3154606;Ribeirão das Neves;296317
31;MG;3154705;Ribeirão Vermelho;3826
31;MG;3154804;Rio Acima;9090
31;MG;3154903;Rio Casca;14201
31;MG;3155009;Rio Doce;2465
31;MG;3155108;Rio do Prado;5217
31;MG;3155207;Rio Espera;6070
31;MG;3155306;Rio Manso;5276
31;MG;3155405;Rio Novo;8712
31;MG;3155504;Rio Paranaíba;11885
31;MG;3155603;Rio Pardo de Minas;29099
31;MG;3155702;Rio Piracicaba;14149
31;MG;3155801;Rio Pomba;17110
31;MG;3155900;Rio Preto;5292
31;MG;3156007;Rio Vermelho;13645
31;MG;3156106;Ritápolis;4925
31;MG;3156205;Rochedo de Minas;2116
31;MG;3156304;Rodeiro;6867
31;MG;3156403;Romaria;3596
31;MG;3156452;Rosário da Limeira;4247
31;MG;3156502;Rubelita;7772
31;MG;3156601;Rubim;9919
31;MG;3156700;Sabará;126269
31;MG;3156809;Sabinópolis;15704
31;MG;3156908;Sacramento;23896
31;MG;3157005;Salinas;39178
31;MG;3157104;Salto da Divisa;6859
31;MG;3157203;Santa Bárbara;27876
31;MG;3157252;Santa Bárbara do Leste;7682
31;MG;3157278;Santa Bárbara do Monte Verde;2788
31;MG;3157302;Santa Bárbara do Tugúrio;4570
31;MG;3157336;Santa Cruz de Minas;7865
31;MG;3157377;Santa Cruz de Salinas;4397
31;MG;3157401;Santa Cruz do Escalvado;4992
31;MG;3157500;Santa Efigênia de Minas;4600
31;MG;3157609;Santa Fé de Minas;3968
31;MG;3157658;Santa Helena de Minas;6055
31;MG;3157708;Santa Juliana;11337
31;MG;3157807;Santa Luzia;202942
31;MG;3157906;Santa Margarida;15011
31;MG;3158003;Santa Maria de Itabira;10552
31;MG;3158102;Santa Maria do Salto;5284
31;MG;3158201;Santa Maria do Suaçuí;14395
31;MG;3158300;Santana da Vargem;7231
31;MG;3158409;Santana de Cataguases;3622
31;MG;3158508;Santana de Pirapama;8009
31;MG;3158607;Santana do Deserto;3860
31;MG;3158706;Santana do Garambéu;2234
31;MG;3158805;Santana do Jacaré;4607
31;MG;3158904;Santana do Manhuaçu;8582
31;MG;3158953;Santana do Paraíso;27265
31;MG;3159001;Santana do Riacho;4023
31;MG;3159100;Santana dos Montes;3822
31;MG;3159209;Santa Rita de Caldas;9027
31;MG;3159308;Santa Rita de Jacutinga;4993
31;MG;3159357;Santa Rita de Minas;6547
31;MG;3159407;Santa Rita de Ibitipoca;3583
31;MG;3159506;Santa Rita do Itueto;5697
31;MG;3159605;Santa Rita do Sapucaí;37754
31;MG;3159704;Santa Rosa da Serra;3224
31;MG;3159803;Santa Vitória;18138
31;MG;3159902;Santo Antônio do Amparo;17345
31;MG;3160009;Santo Antônio do Aventureiro;3538
31;MG;3160108;Santo Antônio do Grama;4085
31;MG;3160207;Santo Antônio do Itambé;4135
31;MG;3160306;Santo Antônio do Jacinto;11775
31;MG;3160405;Santo Antônio do Monte;25975
31;MG;3160454;Santo Antônio do Retiro;6955
31;MG;3160504;Santo Antônio do Rio Abaixo;1777
31;MG;3160603;Santo Hipólito;3238
31;MG;3160702;Santos Dumont;46284
31;MG;3160801;São Bento Abade;4577
31;MG;3160900;São Brás do Suaçuí;3513
31;MG;3160959;São Domingos das Dores;5408
31;MG;3161007;São Domingos do Prata;17357
31;MG;3161056;São Félix de Minas;3382
31;MG;3161106;São Francisco;53828
31;MG;3161205;São Francisco de Paula;6483
31;MG;3161304;São Francisco de Sales;5776
31;MG;3161403;São Francisco do Glória;5178
31;MG;3161502;São Geraldo;10263
31;MG;3161601;São Geraldo da Piedade;4389
31;MG;3161650;São Geraldo do Baixio;3486
31;MG;3161700;São Gonçalo do Abaeté;6264
31;MG;3161809;São Gonçalo do Pará;10398
31;MG;3161908;São Gonçalo do Rio Abaixo;9777
31;MG;3162005;São Gonçalo do Sapucaí;23906
31;MG;3162104;São Gotardo;31819
31;MG;3162203;São João Batista do Glória;6887
31;MG;3162252;São João da Lagoa;4656
31;MG;3162302;São João da Mata;2731
31;MG;3162401;São João da Ponte;25358
31;MG;3162450;São João das Missões;11715
31;MG;3162500;São João del Rei;84469
31;MG;3162559;São João do Manhuaçu;10245
31;MG;3162575;São João do Manteninha;5188
31;MG;3162609;São João do Oriente;7874
31;MG;3162658;São João do Pacuí;4060
31;MG;3162708;São João do Paraíso;22319
31;MG;3162807;São João Evangelista;15553
31;MG;3162906;São João Nepomuceno;25057
31;MG;3162922;São Joaquim de Bicas;25537
31;MG;3162948;São José da Barra;6778
31;MG;3162955;São José da Lapa;19799
31;MG;3163003;São José da Safira;4075
31;MG;3163102;São José da Varginha;4198
31;MG;3163201;São José do Alegre;3996
31;MG;3163300;São José do Divino;3834
31;MG;3163409;São José do Goiabal;5636
31;MG;3163508;São José do Jacuri;6553
31;MG;3163607;São José do Mantimento;2592
31;MG;3163706;São Lourenço;41657
31;MG;3163805;São Miguel do Anta;6760
31;MG;3163904;São Pedro da União;5040
31;MG;3164001;São Pedro dos Ferros;8356
31;MG;3164100;São Pedro do Suaçuí;5570
31;MG;3164209;São Romão;10276
31;MG;3164308;São Roque de Minas;6686
31;MG;3164407;São Sebastião da Bela Vista;4948
31;MG;3164431;São Sebastião da Vargem Alegre;2798
31;MG;3164472;São Sebastião do Anta;5739
31;MG;3164506;São Sebastião do Maranhão;10647
31;MG;3164605;São Sebastião do Oeste;5805
31;MG;3164704;São Sebastião do Paraíso;64980
31;MG;3164803;São Sebastião do Rio Preto;1613
31;MG;3164902;São Sebastião do Rio Verde;2110
31;MG;3165008;São Tiago;10561
31;MG;3165107;São Tomás de Aquino;7093
31;MG;3165206;São Tomé das Letras;6655
31;MG;3165305;São Vicente de Minas;7008
31;MG;3165404;Sapucaí-Mirim;6241
31;MG;3165503;Sardoá;5594
31;MG;3165537;Sarzedo;25814
31;MG;3165552;Setubinha;10885
31;MG;3165560;Sem-Peixe;2847
31;MG;3165578;Senador Amaral;5219
31;MG;3165602;Senador Cortes;1988
31;MG;3165701;Senador Firmino;7230
31;MG;3165800;Senador José Bento;1868
31;MG;3165909;Senador Modestino Gonçalves;4574
31;MG;3166006;Senhora de Oliveira;5683
31;MG;3166105;Senhora do Porto;3497
31;MG;3166204;Senhora dos Remédios;10196
31;MG;3166303;Sericita;7128
31;MG;3166402;Seritinga;1789
31;MG;3166501;Serra Azul de Minas;4220
31;MG;3166600;Serra da Saudade;815
31;MG;3166709;Serra dos Aimorés;8412
31;MG;3166808;Serra do Salitre;10549
31;MG;3166907;Serrania;7542
31;MG;3166956;Serranópolis de Minas;4425
31;MG;3167004;Serranos;1995
31;MG;3167103;Serro;20835
31;MG;3167202;Sete Lagoas;214152
31;MG;3167301;Silveirânia;2192
31;MG;3167400;Silvianópolis;6027
31;MG;3167509;Simão Pereira;2537
31;MG;3167608;Simonésia;18298
31;MG;3167707;Sobrália;5830
31;MG;3167806;Soledade de Minas;5676
31;MG;3167905;Tabuleiro;4079
31;MG;3168002;Taiobeiras;30917
31;MG;3168051;Taparuba;3137
31;MG;3168101;Tapira;4112
31;MG;3168200;Tapiraí;1873
31;MG;3168309;Taquaraçu de Minas;3794
31;MG;3168408;Tarumirim;14293
31;MG;3168507;Teixeiras;11355
31;MG;3168606;Teófilo Otoni;134745
31;MG;3168705;Timóteo;81243
31;MG;3168804;Tiradentes;6961
31;MG;3168903;Tiros;6906
31;MG;3169000;Tocantins;15823
31;MG;3169059;Tocos do Moji;3950
31;MG;3169109;Toledo;5764
31;MG;3169208;Tombos;9537
31;MG;3169307;Três Corações;72765
31;MG;3169356;Três Marias;28318
31;MG;3169406;Três Pontas;53860
31;MG;3169505;Tumiritinga;6293
31;MG;3169604;Tupaciguara;24188
31;MG;3169703;Turmalina;18055
31;MG;3169802;Turvolândia;4658
31;MG;3169901;Ubá;101519
31;MG;3170008;Ubaí;11681
31;MG;3170057;Ubaporanga;12040
31;MG;3170107;Uberaba;295988
31;MG;3170206;Uberlândia;604013
31;MG;3170305;Umburatiba;2705
31;MG;3170404;Unaí;77565
31;MG;3170438;União de Minas;4418
31;MG;3170479;Uruana de Minas;3235
31;MG;3170503;Urucânia;10291
31;MG;3170529;Urucuia;13604
31;MG;3170578;Vargem Alegre;6461
31;MG;3170602;Vargem Bonita;2163
31;MG;3170651;Vargem Grande do Rio Pardo;4733
31;MG;3170701;Varginha;123081
31;MG;3170750;Varjão de Minas;6054
31;MG;3170800;Várzea da Palma;35809
31;MG;3170909;Varzelândia;19116
31;MG;3171006;Vazante;19723
31;MG;3171030;Verdelândia;8346
31;MG;3171071;Veredinha;5549
31;MG;3171105;Veríssimo;3483
31;MG;3171154;Vermelho Novo;4689
31;MG;3171204;Vespasiano;104527
31;MG;3171303;Viçosa;72220
31;MG;3171402;Vieiras;3731
31;MG;3171501;Mathias Lobato;3370
31;MG;3171600;Virgem da Lapa;13619
31;MG;3171709;Virgínia;8623
31;MG;3171808;Virginópolis;10572
31;MG;3171907;Virgolândia;5658
31;MG;3172004;Visconde do Rio Branco;37942
31;MG;3172103;Volta Grande;5070
31;MG;3172202;Wenceslau Braz;2553
32;ES;3200102;Afonso Cláudio;31091
32;ES;3200136;Águia Branca;9519
32;ES;3200169;Água Doce do Norte;11771
32;ES;3200201;Alegre;30768
32;ES;3200300;Alfredo Chaves;13955
32;ES;3200359;Alto Rio Novo;7317
32;ES;3200409;Anchieta;23902
32;ES;3200508;Apiacá;7512
32;ES;3200607;Aracruz;81832
32;ES;3200706;Atílio Vivácqua;9850
32;ES;3200805;Baixo Guandu;29081
32;ES;3200904;Barra de São Francisco;40649
32;ES;3201001;Boa Esperança;14199
32;ES;3201100;Bom Jesus do Norte;9476
32;ES;3201159;Brejetuba;11915
32;ES;3201209;Cachoeiro de Itapemirim;189889
32;ES;3201308;Cariacica;348738
32;ES;3201407;Castelo;34747
32;ES;3201506;Colatina;111788
32;ES;3201605;Conceição da Barra;28449
32;ES;3201704;Conceição do Castelo;11681
32;ES;3201803;Divino de São Lourenço;4516
32;ES;3201902;Domingos Martins;31847
32;ES;3202009;Dores do Rio Preto;6397
32;ES;3202108;Ecoporanga;23212
32;ES;3202207;Fundão;17025
32;ES;3202256;Governador Lindenberg;10869
32;ES;3202306;Guaçuí;27851
32;ES;3202405;Guarapari;105286
32;ES;3202454;Ibatiba;22366
32;ES;3202504;Ibiraçu;11178
32;ES;3202553;Ibitirama;8957
32;ES;3202603;Iconha;12523
32;ES;3202652;Irupi;11723
32;ES;3202702;Itaguaçu;14134
32;ES;3202801;Itapemirim;30988
32;ES;3202900;Itarana;10881
32;ES;3203007;Iúna;27328
32;ES;3203056;Jaguaré;24678
32;ES;3203106;Jerônimo Monteiro;10879
32;ES;3203130;João Neiva;15809
32;ES;3203163;Laranja da Terra;10826
32;ES;3203205;Linhares;141306
32;ES;3203304;Mantenópolis;13612
32;ES;3203320;Marataízes;34140
32;ES;3203346;Marechal Floriano;14262
32;ES;3203353;Marilândia;11107
32;ES;3203403;Mimoso do Sul;25902
32;ES;3203502;Montanha;17849
32;ES;3203601;Mucurici;5655
32;ES;3203700;Muniz Freire;18397
32;ES;3203809;Muqui;14396
32;ES;3203908;Nova Venécia;46031
32;ES;3204005;Pancas;21548
32;ES;3204054;Pedro Canário;23794
32;ES;3204104;Pinheiros;23895
32;ES;3204203;Piúma;18123
32;ES;3204252;Ponto Belo;6979
32;ES;3204302;Presidente Kennedy;10314
32;ES;3204351;Rio Bananal;17530
32;ES;3204401;Rio Novo do Sul;11325
32;ES;3204500;Santa Leopoldina;12240
32;ES;3204559;Santa Maria de Jetibá;34176
32;ES;3204609;Santa Teresa;21823
32;ES;3204658;São Domingos do Norte;8001
32;ES;3204708;São Gabriel da Palha;31859
32;ES;3204807;São José do Calçado;10408
32;ES;3204906;São Mateus;109028
32;ES;3204955;São Roque do Canaã;11273
32;ES;3205002;Serra;409267
32;ES;3205010;Sooretama;23843
32;ES;3205036;Vargem Alta;19130
32;ES;3205069;Venda Nova do Imigrante;20447
32;ES;3205101;Viana;65001
32;ES;3205150;Vila Pavão;8672
32;ES;3205176;Vila Valério;13830
32;ES;3205200;Vila Velha;414586
32;ES;3205309;Vitória;327801
33;RJ;3300100;Angra dos Reis;169511
33;RJ;3300159;Aperibé;10213
33;RJ;3300209;Araruama;112008
33;RJ;3300225;Areal;11423
33;RJ;3300233;Armação dos Búzios;27560
33;RJ;3300258;Arraial do Cabo;27715
33;RJ;3300308;Barra do Piraí;94778
33;RJ;3300407;Barra Mansa;177813
33;RJ;3300456;Belford Roxo;469332
33;RJ;3300506;Bom Jardim;25333
33;RJ;3300605;Bom Jesus do Itabapoana;35411
33;RJ;3300704;Cabo Frio;186227
33;RJ;3300803;Cachoeiras de Macacu;54273
33;RJ;3300902;Cambuci;14827
33;RJ;3300936;Carapebus;13359
33;RJ;3300951;Comendador Levy Gasparian;8180
33;RJ;3301009;Campos dos Goytacazes;463731
33;RJ;3301108;Cantagalo;19830
33;RJ;3301157;Cardoso Moreira;12600
33;RJ;3301207;Carmo;17434
33;RJ;3301306;Casimiro de Abreu;35347
33;RJ;3301405;Conceição de Macabu;21211
33;RJ;3301504;Cordeiro;20430
33;RJ;3301603;Duas Barras;10930
33;RJ;3301702;Duque de Caxias;855048
33;RJ;3301801;Engenheiro Paulo de Frontin;13237
33;RJ;3301850;Guapimirim;51483
33;RJ;3301876;Iguaba Grande;22851
33;RJ;3301900;Itaboraí;218008
33;RJ;3302007;Itaguaí;109091
33;RJ;3302056;Italva;14063
33;RJ;3302106;Itaocara;22899
33;RJ;3302205;Itaperuna;95841
33;RJ;3302254;Itatiaia;28783
33;RJ;3302270;Japeri;95492
33;RJ;3302304;Laje do Muriaé;7487
33;RJ;3302403;Macaé;206728
33;RJ;3302452;Macuco;5269
33;RJ;3302502;Magé;227322
33;RJ;3302601;Mangaratiba;36456
33;RJ;3302700;Maricá;127461
33;RJ;3302809;Mendes;17935
33;RJ;3302858;Mesquita;168376
33;RJ;3302908;Miguel Pereira;24642
33;RJ;3303005;Miracema;26843
33;RJ;3303104;Natividade;15082
33;RJ;3303203;Nilópolis;157425
33;RJ;3303302;Niterói;487562
33;RJ;3303401;Nova Friburgo;182082
33;RJ;3303500;Nova Iguaçu;796257
33;RJ;3303609;Paracambi;47124
33;RJ;3303708;Paraíba do Sul;41084
33;RJ;3303807;Paraty;37533
33;RJ;3303856;Paty do Alferes;26359
33;RJ;3303906;Petrópolis;295917
33;RJ;3303955;Pinheiral;22719
33;RJ;3304003;Piraí;26314
33;RJ;3304102;Porciúncula;17760
33;RJ;3304110;Porto Real;16592
33;RJ;3304128;Quatis;12793
33;RJ;3304144;Queimados;137962
33;RJ;3304151;Quissamã;20242
33;RJ;3304201;Resende;119769
33;RJ;3304300;Rio Bonito;55551
33;RJ;3304409;Rio Claro;17425
33;RJ;3304508;Rio das Flores;8561
33;RJ;3304524;Rio das Ostras;105676
33;RJ;3304557;Rio de Janeiro;6320446
33;RJ;3304607;Santa Maria Madalena;10321
33;RJ;3304706;Santo Antônio de Pádua;40589
33;RJ;3304755;São Francisco de Itabapoana;41354
33;RJ;3304805;São Fidélis;37543
33;RJ;3304904;São Gonçalo;999728
33;RJ;3305000;São João da Barra;32747
33;RJ;3305109;São João de Meriti;458673
33;RJ;3305133;São José de Ubá;7003
33;RJ;3305158;São José do Vale do Rio Preto;20251
33;RJ;3305208;São Pedro da Aldeia;87875
33;RJ;3305307;São Sebastião do Alto;8895
33;RJ;3305406;Sapucaia;17525
33;RJ;3305505;Saquarema;74234
33;RJ;3305554;Seropédica;78186
33;RJ;3305604;Silva Jardim;21349
33;RJ;3305703;Sumidouro;14900
33;RJ;3305752;Tanguá;30732
33;RJ;3305802;Teresópolis;163746
33;RJ;3305901;Trajano de Moraes;10289
33;RJ;3306008;Três Rios;77432
33;RJ;3306107;Valença;71843
33;RJ;3306156;Varre-Sai;9475
33;RJ;3306206;Vassouras;34410
33;RJ;3306305;Volta Redonda;257803
35;SP;3500105;Adamantina;33797
35;SP;3500204;Adolfo;3557
35;SP;3500303;Aguaí;32148
35;SP;3500402;Águas da Prata;7584
35;SP;3500501;Águas de Lindóia;17266
35;SP;3500550;Águas de Santa Bárbara;5601
35;SP;3500600;Águas de São Pedro;2707
35;SP;3500709;Agudos;34524
35;SP;3500758;Alambari;4884
35;SP;3500808;Alfredo Marcondes;3891
35;SP;3500907;Altair;3815
35;SP;3501004;Altinópolis;15607
35;SP;3501103;Alto Alegre;4102
35;SP;3501152;Alumínio;16839
35;SP;3501202;Álvares Florence;3897
35;SP;3501301;Álvares Machado;23513
35;SP;3501400;Álvaro de Carvalho;4650
35;SP;3501509;Alvinlândia;3000
35;SP;3501608;Americana;210638
35;SP;3501707;Américo Brasiliense;34478
35;SP;3501806;Américo de Campos;5706
35;SP;3501905;Amparo;65829
35;SP;3502002;Analândia;4293
35;SP;3502101;Andradina;55334
35;SP;3502200;Angatuba;22210
35;SP;3502309;Anhembi;5653
35;SP;3502408;Anhumas;3738
35;SP;3502507;Aparecida;35007
35;SP;3502606;Aparecida d'Oeste;4450
35;SP;3502705;Apiaí;25191
35;SP;3502754;Araçariguama;17080
35;SP;3502804;Araçatuba;181579
35;SP;3502903;Araçoiaba da Serra;27299
35;SP;3503000;Aramina;5152
35;SP;3503109;Arandu;6123
35;SP;3503158;Arapeí;2493
35;SP;3503208;Araraquara;208662
35;SP;3503307;Araras;118843
35;SP;3503356;Arco-Íris;1925
35;SP;3503406;Arealva;7841
35;SP;3503505;Areias;3696
35;SP;3503604;Areiópolis;10579
35;SP;3503703;Ariranha;8547
35;SP;3503802;Artur Nogueira;44177
35;SP;3503901;Arujá;74905
35;SP;3503950;Aspásia;1809
35;SP;3504008;Assis;95144
35;SP;3504107;Atibaia;126603
35;SP;3504206;Auriflama;14202
35;SP;3504305;Avaí;4959
35;SP;3504404;Avanhandava;11310
35;SP;3504503;Avaré;82934
35;SP;3504602;Bady Bassitt;14603
35;SP;3504701;Balbinos;3702
35;SP;3504800;Bálsamo;8160
35;SP;3504909;Bananal;10223
35;SP;3505005;Barão de Antonina;3116
35;SP;3505104;Barbosa;6593
35;SP;3505203;Bariri;31593
35;SP;3505302;Barra Bonita;35246
35;SP;3505351;Barra do Chapéu;5244
35;SP;3505401;Barra do Turvo;7729
35;SP;3505500;Barretos;112101
35;SP;3505609;Barrinha;28496
35;SP;3505708;Barueri;240749
35;SP;3505807;Bastos;20445
35;SP;3505906;Batatais;56476
35;SP;3506003;Bauru;343937
35;SP;3506102;Bebedouro;75035
35;SP;3506201;Bento de Abreu;2674
35;SP;3506300;Bernardino de Campos;10775
35;SP;3506359;Bertioga;47645
35;SP;3506409;Bilac;7048
35;SP;3506508;Birigui;108728
35;SP;3506607;Biritiba Mirim;28575
35;SP;3506706;Boa Esperança do Sul;13645
35;SP;3506805;Bocaina;10859
35;SP;3506904;Bofete;9618
35;SP;3507001;Boituva;48314
35;SP;3507100;Bom Jesus dos Perdões;19708
35;SP;3507159;Bom Sucesso de Itararé;3571
35;SP;3507209;Borá;805
35;SP;3507308;Boracéia;4268
35;SP;3507407;Borborema;14529
35;SP;3507456;Borebi;2293
35;SP;3507506;Botucatu;127328
35;SP;3507605;Bragança Paulista;146744
35;SP;3507704;Braúna;5021
35;SP;3507753;Brejo Alegre;2573
35;SP;3507803;Brodowski;21107
35;SP;3507902;Brotas;21580
35;SP;3508009;Buri;18563
35;SP;3508108;Buritama;15418
35;SP;3508207;Buritizal;4053
35;SP;3508306;Cabrália Paulista;4365
35;SP;3508405;Cabreúva;41604
35;SP;3508504;Caçapava;84752
35;SP;3508603;Cachoeira Paulista;30091
35;SP;3508702;Caconde;18538
35;SP;3508801;Cafelândia;16607
35;SP;3508900;Caiabu;4072
35;SP;3509007;Caieiras;86529
35;SP;3509106;Caiuá;5039
35;SP;3509205;Cajamar;64114
35;SP;3509254;Cajati;28372
35;SP;3509304;Cajobi;9768
35;SP;3509403;Cajuru;23371
35;SP;3509452;Campina do Monte Alegre;5567
35;SP;3509502;Campinas;1080113
35;SP;3509601;Campo Limpo Paulista;74074
35;SP;3509700;Campos do Jordão;47789
35;SP;3509809;Campos Novos Paulista;4539
35;SP;3509908;Cananéia;12226
35;SP;3509957;Canas;4385
35;SP;3510005;Cândido Mota;29884
35;SP;3510104;Cândido Rodrigues;2668
35;SP;3510153;Canitar;4369
35;SP;3510203;Capão Bonito;46178
35;SP;3510302;Capela do Alto;17532
35;SP;3510401;Capivari;48576
35;SP;3510500;Caraguatatuba;100840
35;SP;3510609;Carapicuíba;369584
35;SP;3510708;Cardoso;11805
35;SP;3510807;Casa Branca;28307
35;SP;3510906;Cássia dos Coqueiros;2634
35;SP;3511003;Castilho;18003
35;SP;3511102;Catanduva;112820
35;SP;3511201;Catiguá;7127
35;SP;3511300;Cedral;7972
35;SP;3511409;Cerqueira César;17532
35;SP;3511508;Cerquilho;39617
35;SP;3511607;Cesário Lange;15540
35;SP;3511706;Charqueada;15085
35;SP;3511904;Clementina;7065
35;SP;3512001;Colina;17371
35;SP;3512100;Colômbia;5994
35;SP;3512209;Conchal;25229
35;SP;3512308;Conchas;16288
35;SP;3512407;Cordeirópolis;21080
35;SP;3512506;Coroados;5238
35;SP;3512605;Coronel Macedo;5001
35;SP;3512704;Corumbataí;3874
35;SP;3512803;Cosmópolis;58827
35;SP;3512902;Cosmorama;7214
35;SP;3513009;Cotia;201150
35;SP;3513108;Cravinhos;31691
35;SP;3513207;Cristais Paulista;7588
35;SP;3513306;Cruzália;2274
35;SP;3513405;Cruzeiro;77039
35;SP;3513504;Cubatão;118720
35;SP;3513603;Cunha;21866
35;SP;3513702;Descalvado;31056
35;SP;3513801;Diadema;386089
35;SP;3513850;Dirce Reis;1689
35;SP;3513900;Divinolândia;11208
35;SP;3514007;Dobrada;7939
35;SP;3514106;Dois Córregos;24761
35;SP;3514205;Dolcinópolis;2096
35;SP;3514304;Dourado;8609
35;SP;3514403;Dracena;43258
35;SP;3514502;Duartina;12251
35;SP;3514601;Dumont;8143
35;SP;3514700;Echaporã;6318
35;SP;3514809;Eldorado;14641
35;SP;3514908;Elias Fausto;15775
35;SP;3514924;Elisiário;3120
35;SP;3514957;Embaúba;2423
35;SP;3515004;Embu das Artes;240230
35;SP;3515103;Embu-Guaçu;62769
35;SP;3515129;Emilianópolis;3020
35;SP;3515152;Engenheiro Coelho;15721
35;SP;3515186;Espírito Santo do Pinhal;41907
35;SP;3515194;Espírito Santo do Turvo;4244
35;SP;3515202;Estrela d'Oeste;8208
35;SP;3515301;Estrela do Norte;2658
35;SP;3515350;Euclides da Cunha Paulista;9585
35;SP;3515400;Fartura;15320
35;SP;3515509;Fernandópolis;64696
35;SP;3515608;Fernando Prestes;5534
35;SP;3515657;Fernão;1563
35;SP;3515707;Ferraz de Vasconcelos;168306
35;SP;3515806;Flora Rica;1752
35;SP;3515905;Floreal;3003
35;SP;3516002;Flórida Paulista;12848
35;SP;3516101;Florínea;2829
35;SP;3516200;Franca;318640
35;SP;3516309;Francisco Morato;154472
35;SP;3516408;Franco da Rocha;131604
35;SP;3516507;Gabriel Monteiro;2708
35;SP;3516606;Gália;7011
35;SP;3516705;Garça;43115
35;SP;3516804;Gastão Vidigal;4193
35;SP;3516853;Gavião Peixoto;4419
35;SP;3516903;General Salgado;10669
35;SP;3517000;Getulina;10765
35;SP;3517109;Glicério;4565
35;SP;3517208;Guaiçara;10670
35;SP;3517307;Guaimbê;5425
35;SP;3517406;Guaíra;37404
35;SP;3517505;Guapiaçu;17869
35;SP;3517604;Guapiara;17998
35;SP;3517703;Guará;19858
35;SP;3517802;Guaraçaí;8435
35;SP;3517901;Guaraci;9976
35;SP;3518008;Guarani d'Oeste;1970
35;SP;3518107;Guarantã;6404
35;SP;3518206;Guararapes;30597
35;SP;3518305;Guararema;25844
35;SP;3518404;Guaratinguetá;112072
35;SP;3518503;Guareí;14565
35;SP;3518602;Guariba;35486
35;SP;3518701;Guarujá;290752
35;SP;3518800;Guarulhos;1221979
35;SP;3518859;Guatapará;6966
35;SP;3518909;Guzolândia;4754
35;SP;3519006;Herculândia;8696
35;SP;3519055;Holambra;11299
35;SP;3519071;Hortolândia;192692
35;SP;3519105;Iacanga;10013
35;SP;3519204;Iacri;6419
35;SP;3519253;Iaras;6376
35;SP;3519303;Ibaté;30734
35;SP;3519402;Ibirá;10896
35;SP;3519501;Ibirarema;6725
35;SP;3519600;Ibitinga;53158
35;SP;3519709;Ibiúna;71217
35;SP;3519808;Icém;7462
35;SP;3519907;Iepê;7628
35;SP;3520004;Igaraçu do Tietê;23362
35;SP;3520103;Igarapava;27952
35;SP;3520202;Igaratá;8831
35;SP;3520301;Iguape;28841
35;SP;3520400;Ilhabela;28196
35;SP;3520426;Ilha Comprida;9025
35;SP;3520442;Ilha Solteira;25064
35;SP;3520509;Indaiatuba;201619
35;SP;3520608;Indiana;4825
35;SP;3520707;Indiaporã;3903
35;SP;3520806;Inúbia Paulista;3630
35;SP;3520905;Ipaussu;13663
35;SP;3521002;Iperó;28300
35;SP;3521101;Ipeúna;6016
35;SP;3521150;Ipiguá;4463
35;SP;3521200;Iporanga;4299
35;SP;3521309;Ipuã;14148
35;SP;3521408;Iracemápolis;20029
35;SP;3521507;Irapuã;7275
35;SP;3521606;Irapuru;7789
35;SP;3521705;Itaberá;17858
35;SP;3521804;Itaí;24008
35;SP;3521903;Itajobi;14556
35;SP;3522000;Itaju;3246
35;SP;3522109;Itanhaém;87057
35;SP;3522158;Itaoca;3228
35;SP;3522208;Itapecerica da Serra;152614
35;SP;3522307;Itapetininga;144377
35;SP;3522406;Itapeva;87753
35;SP;3522505;Itapevi;200769
35;SP;3522604;Itapira;68537
35;SP;3522653;Itapirapuã Paulista;3880
35;SP;3522703;Itápolis;40051
35;SP;3522802;Itaporanga;14549
35;SP;3522901;Itapuí;12173
35;SP;3523008;Itapura;4357
35;SP;3523107;Itaquaquecetuba;321770
35;SP;3523206;Itararé;47934
35;SP;3523305;Itariri;15471
35;SP;3523404;Itatiba;101471
35;SP;3523503;Itatinga;18052
35;SP;3523602;Itirapina;15524
35;SP;3523701;Itirapuã;5914
35;SP;3523800;Itobi;7546
35;SP;3523909;Itu;154147
35;SP;3524006;Itupeva;44859
35;SP;3524105;Ituverava;38695
35;SP;3524204;Jaborandi;6592
35;SP;3524303;Jaboticabal;71662
35;SP;3524402;Jacareí;211214
35;SP;3524501;Jaci;5657
35;SP;3524600;Jacupiranga;17208
35;SP;3524709;Jaguariúna;44311
35;SP;3524808;Jales;47012
35;SP;3524907;Jambeiro;5349
35;SP;3525003;Jandira;108344
35;SP;3525102;Jardinópolis;37661
35;SP;3525201;Jarinu;23847
35;SP;3525300;Jaú;131040
35;SP;3525409;Jeriquara;3160
35;SP;3525508;Joanópolis;11768
35;SP;3525607;João Ramalho;4150
35;SP;3525706;José Bonifácio;32763
35;SP;3525805;Júlio Mesquita;4430
35;SP;3525854;Jumirim;2798
35;SP;3525904;Jundiaí;370126
35;SP;3526001;Junqueirópolis;18726
35;SP;3526100;Juquiá;19246
35;SP;3526209;Juquitiba;28737
35;SP;3526308;Lagoinha;4841
35;SP;3526407;Laranjal Paulista;25251
35;SP;3526506;Lavínia;8779
35;SP;3526605;Lavrinhas;6590
35;SP;3526704;Leme;91756
35;SP;3526803;Lençóis Paulista;61428
35;SP;3526902;Limeira;276022
35;SP;3527009;Lindóia;6712
35;SP;3527108;Lins;71432
35;SP;3527207;Lorena;82537
35;SP;3527256;Lourdes;2128
35;SP;3527306;Louveira;37125
35;SP;3527405;Lucélia;19882
35;SP;3527504;Lucianópolis;2249
35;SP;3527603;Luís Antônio;11286
35;SP;3527702;Luiziânia;5030
35;SP;3527801;Lupércio;4353
35;SP;3527900;Lutécia;2714
35;SP;3528007;Macatuba;16259
35;SP;3528106;Macaubal;7663
35;SP;3528205;Macedônia;3664
35;SP;3528304;Magda;3200
35;SP;3528403;Mairinque;43223
35;SP;3528502;Mairiporã;80956
35;SP;3528601;Manduri;8992
35;SP;3528700;Marabá Paulista;4812
35;SP;3528809;Maracaí;13332
35;SP;3528858;Marapoama;2633
35;SP;3528908;Mariápolis;3916
35;SP;3529005;Marília;216745
35;SP;3529104;Marinópolis;2113
35;SP;3529203;Martinópolis;24219
35;SP;3529302;Matão;76786
35;SP;3529401;Mauá;417064
35;SP;3529500;Mendonça;4640
35;SP;3529609;Meridiano;3855
35;SP;3529658;Mesópolis;1886
35;SP;3529708;Miguelópolis;20451
35;SP;3529807;Mineiros do Tietê;12038
35;SP;3529906;Miracatu;20592
35;SP;3530003;Mira Estrela;2820
35;SP;3530102;Mirandópolis;27483
35;SP;3530201;Mirante do Paranapanema;17059
35;SP;3530300;Mirassol;53792
35;SP;3530409;Mirassolândia;4295
35;SP;3530508;Mococa;66290
35;SP;3530607;Mogi das Cruzes;387779
35;SP;3530706;Mogi Guaçu;137245
35;SP;3530805;Mogi Mirim;86505
35;SP;3530904;Mombuca;3266
35;SP;3531001;Monções;2132
35;SP;3531100;Mongaguá;46293
35;SP;3531209;Monte Alegre do Sul;7152
35;SP;3531308;Monte Alto;46642
35;SP;3531407;Monte Aprazível;21746
35;SP;3531506;Monte Azul Paulista;18931
35;SP;3531605;Monte Castelo;4063
35;SP;3531704;Monteiro Lobato;4120
35;SP;3531803;Monte Mor;48949
35;SP;3531902;Morro Agudo;29116
35;SP;3532009;Morungaba;11769
35;SP;3532058;Motuca;4290
35;SP;3532108;Murutinga do Sul;4186
35;SP;3532157;Nantes;2707
35;SP;3532207;Narandiba;4288
35;SP;3532306;Natividade da Serra;6678
35;SP;3532405;Nazaré Paulista;16414
35;SP;3532504;Neves Paulista;8772
35;SP;3532603;Nhandeara;10725
35;SP;3532702;Nipoã;4274
35;SP;3532801;Nova Aliança;5891
35;SP;3532827;Nova Campina;8515
35;SP;3532843;Nova Canaã Paulista;2114
35;SP;3532868;Nova Castilho;1125
35;SP;3532900;Nova Europa;9300
35;SP;3533007;Nova Granada;19180
35;SP;3533106;Nova Guataporanga;2177
35;SP;3533205;Nova Independência;3068
35;SP;3533254;Novais;4592
35;SP;3533304;Nova Luzitânia;3441
35;SP;3533403;Nova Odessa;51242
35;SP;3533502;Novo Horizonte;36593
35;SP;3533601;Nuporanga;6817
35;SP;3533700;Ocauçu;4163
35;SP;3533809;Óleo;2673
35;SP;3533908;Olímpia;50024
35;SP;3534005;Onda Verde;3884
35;SP;3534104;Oriente;6097
35;SP;3534203;Orindiúva;5675
35;SP;3534302;Orlândia;39781
35;SP;3534401;Osasco;666740
35;SP;3534500;Oscar Bressane;2537
35;SP;3534609;Osvaldo Cruz;30917
35;SP;3534708;Ourinhos;103035
35;SP;3534757;Ouroeste;8405
35;SP;3534807;Ouro Verde;7800
35;SP;3534906;Pacaembu;13226
35;SP;3535002;Palestina;11051
35;SP;3535101;Palmares Paulista;10934
35;SP;3535200;Palmeira d'Oeste;9584
35;SP;3535309;Palmital;21186
35;SP;3535408;Panorama;14583
35;SP;3535507;Paraguaçu Paulista;42278
35;SP;3535606;Paraibuna;17388
35;SP;3535705;Paraíso;5898
35;SP;3535804;Paranapanema;17808
35;SP;3535903;Paranapuã;3815
35;SP;3536000;Parapuã;10844
35;SP;3536109;Pardinho;5582
35;SP;3536208;Pariquera-Açu;18446
35;SP;3536257;Parisi;2032
35;SP;3536307;Patrocínio Paulista;13000
35;SP;3536406;Paulicéia;6339
35;SP;3536505;Paulínia;82146
35;SP;3536570;Paulistânia;1779
35;SP;3536604;Paulo de Faria;8589
35;SP;3536703;Pederneiras;41497
35;SP;3536802;Pedra Bela;5780
35;SP;3536901;Pedranópolis;2558
35;SP;3537008;Pedregulho;15700
35;SP;3537107;Pedreira;41558
35;SP;3537156;Pedrinhas Paulista;2940
35;SP;3537206;Pedro de Toledo;10204
35;SP;3537305;Penápolis;58510
35;SP;3537404;Pereira Barreto;24962
35;SP;3537503;Pereiras;7454
35;SP;3537602;Peruíbe;59773
35;SP;3537701;Piacatu;5287
35;SP;3537800;Piedade;52143
35;SP;3537909;Pilar do Sul;26406
35;SP;3538006;Pindamonhangaba;146995
35;SP;3538105;Pindorama;15039
35;SP;3538204;Pinhalzinho;13105
35;SP;3538303;Piquerobi;3537
35;SP;3538501;Piquete;14107
35;SP;3538600;Piracaia;25116
35;SP;3538709;Piracicaba;364571
35;SP;3538808;Piraju;28475
35;SP;3538907;Pirajuí;22704
35;SP;3539004;Pirangi;10623
35;SP;3539103;Pirapora do Bom Jesus;15733
35;SP;3539202;Pirapozinho;24694
35;SP;3539301;Pirassununga;70081
35;SP;3539400;Piratininga;12072
35;SP;3539509;Pitangueiras;35307
35;SP;3539608;Planalto;4463
35;SP;3539707;Platina;3192
35;SP;3539806;Poá;106013
35;SP;3539905;Poloni;5395
35;SP;3540002;Pompéia;19964
35;SP;3540101;Pongaí;3481
35;SP;3540200;Pontal;40244
35;SP;3540259;Pontalinda;4074
35;SP;3540309;Pontes Gestal;2518
35;SP;3540408;Populina;4223
35;SP;3540507;Porangaba;8326
35;SP;3540606;Porto Feliz;48893
35;SP;3540705;Porto Ferreira;51400
35;SP;3540754;Potim;19397
35;SP;3540804;Potirendaba;15449
35;SP;3540853;Pracinha;2858
35;SP;3540903;Pradópolis;17377
35;SP;3541000;Praia Grande;262051
35;SP;3541059;Pratânia;4599
35;SP;3541109;Presidente Alves;4123
35;SP;3541208;Presidente Bernardes;13570
35;SP;3541307;Presidente Epitácio;41318
35;SP;3541406;Presidente Prudente;207610
35;SP;3541505;Presidente Venceslau;37910
35;SP;3541604;Promissão;35674
35;SP;3541653;Quadra;3236
35;SP;3541703;Quatá;12799
35;SP;3541802;Queiroz;2808
35;SP;3541901;Queluz;11309
35;SP;3542008;Quintana;6004
35;SP;3542107;Rafard;8612
35;SP;3542206;Rancharia;28804
35;SP;3542305;Redenção da Serra;3873
35;SP;3542404;Regente Feijó;18494
35;SP;3542503;Reginópolis;7323
35;SP;3542602;Registro;54261
35;SP;3542701;Restinga;6587
35;SP;3542800;Ribeira;3358
35;SP;3542909;Ribeirão Bonito;12135
35;SP;3543006;Ribeirão Branco;18269
35;SP;3543105;Ribeirão Corrente;4273
35;SP;3543204;Ribeirão do Sul;4446
35;SP;3543238;Ribeirão dos Índios;2187
35;SP;3543253;Ribeirão Grande;7422
35;SP;3543303;Ribeirão Pires;113068
35;SP;3543402;Ribeirão Preto;604682
35;SP;3543501;Riversul;6163
35;SP;3543600;Rifaina;3436
35;SP;3543709;Rincão;10414
35;SP;3543808;Rinópolis;9935
35;SP;3543907;Rio Claro;186253
35;SP;3544004;Rio das Pedras;29501
35;SP;3544103;Rio Grande da Serra;43974
35;SP;3544202;Riolândia;10575
35;SP;3544251;Rosana;19691
35;SP;3544301;Roseira;9599
35;SP;3544400;Rubiácea;2729
35;SP;3544509;Rubinéia;2862
35;SP;3544608;Sabino;5217
35;SP;3544707;Sagres;2395
35;SP;3544806;Sales;5451
35;SP;3544905;Sales Oliveira;10568
35;SP;3545001;Salesópolis;15635
35;SP;3545100;Salmourão;4818
35;SP;3545159;Saltinho;7059
35;SP;3545209;Salto;105516
35;SP;3545308;Salto de Pirapora;40132
35;SP;3545407;Salto Grande;8787
35;SP;3545506;Sandovalina;3699
35;SP;3545605;Santa Adélia;14333
35;SP;3545704;Santa Albertina;5723
35;SP;3545803;Santa Bárbara d'Oeste;180009
35;SP;3546009;Santa Branca;13763
35;SP;3546108;Santa Clara d'Oeste;2084
35;SP;3546207;Santa Cruz da Conceição;4002
35;SP;3546256;Santa Cruz da Esperança;1953
35;SP;3546306;Santa Cruz das Palmeiras;29932
35;SP;3546405;Santa Cruz do Rio Pardo;43921
35;SP;3546504;Santa Ernestina;5568
35;SP;3546603;Santa Fé do Sul;29239
35;SP;3546702;Santa Gertrudes;21634
35;SP;3546801;Santa Isabel;50453
35;SP;3546900;Santa Lúcia;8248
35;SP;3547007;Santa Maria da Serra;5413
35;SP;3547106;Santa Mercedes;2831
35;SP;3547205;Santana da Ponte Pensa;1641
35;SP;3547304;Santana de Parnaíba;108813
35;SP;3547403;Santa Rita d'Oeste;2543
35;SP;3547502;Santa Rita do Passa Quatro;26478
35;SP;3547601;Santa Rosa de Viterbo;23862
35;SP;3547650;Santa Salete;1447
35;SP;3547700;Santo Anastácio;20475
35;SP;3547809;Santo André;676407
35;SP;3547908;Santo Antônio da Alegria;6304
35;SP;3548005;Santo Antônio de Posse;20650
35;SP;3548054;Santo Antônio do Aracanguá;7626
35;SP;3548104;Santo Antônio do Jardim;5943
35;SP;3548203;Santo Antônio do Pinhal;6486
35;SP;3548302;Santo Expedito;2803
35;SP;3548401;Santópolis do Aguapeí;4277
35;SP;3548500;Santos;419400
35;SP;3548609;São Bento do Sapucaí;10468
35;SP;3548708;São Bernardo do Campo;765463
35;SP;3548807;São Caetano do Sul;149263
35;SP;3548906;São Carlos;221950
35;SP;3549003;São Francisco;2793
35;SP;3549102;São João da Boa Vista;83639
35;SP;3549201;São João das Duas Pontes;2566
35;SP;3549250;São João de Iracema;1780
35;SP;3549300;São João do Pau d'Alho;2103
35;SP;3549409;São Joaquim da Barra;46512
35;SP;3549508;São José da Bela Vista;8406
35;SP;3549607;São José do Barreiro;4077
35;SP;3549706;São José do Rio Pardo;51900
35;SP;3549805;São José do Rio Preto;408258
35;SP;3549904;São José dos Campos;629921
35;SP;3549953;São Lourenço da Serra;13973
35;SP;3550001;São Luiz do Paraitinga;10397
35;SP;3550100;São Manuel;38342
35;SP;3550209;São Miguel Arcanjo;31450
35;SP;3550308;São Paulo;11253503
35;SP;3550407;São Pedro;31662
35;SP;3550506;São Pedro do Turvo;7198
35;SP;3550605;São Roque;78821
35;SP;3550704;São Sebastião;73942
35;SP;3550803;São Sebastião da Grama;12099
35;SP;3550902;São Simão;14346
35;SP;3551009;São Vicente;332445
35;SP;3551108;Sarapuí;9027
35;SP;3551207;Sarutaiá;3622
35;SP;3551306;Sebastianópolis do Sul;3031
35;SP;3551405;Serra Azul;11256
35;SP;3551504;Serrana;38878
35;SP;3551603;Serra Negra;26387
35;SP;3551702;Sertãozinho;110074
35;SP;3551801;Sete Barras;13005
35;SP;3551900;Severínia;15501
35;SP;3552007;Silveiras;5792
35;SP;3552106;Socorro;36686
35;SP;3552205;Sorocaba;586625
35;SP;3552304;Sud Mennucci;7435
35;SP;3552403;Sumaré;241311
35;SP;3552502;Suzano;262480
35;SP;3552551;Suzanápolis;3383
35;SP;3552601;Tabapuã;11363
35;SP;3552700;Tabatinga;14686
35;SP;3552809;Taboão da Serra;244528
35;SP;3552908;Taciba;5714
35;SP;3553005;Taguaí;10828
35;SP;3553104;Taiaçu;5894
35;SP;3553203;Taiúva;5447
35;SP;3553302;Tambaú;22406
35;SP;3553401;Tanabi;24055
35;SP;3553500;Tapiraí;8012
35;SP;3553609;Tapiratiba;12737
35;SP;3553658;Taquaral;2726
35;SP;3553708;Taquaritinga;53988
35;SP;3553807;Taquarituba;22291
35;SP;3553856;Taquarivaí;5151
35;SP;3553906;Tarabai;6607
35;SP;3553955;Tarumã;12885
35;SP;3554003;Tatuí;107326
35;SP;3554102;Taubaté;278686
35;SP;3554201;Tejupá;4809
35;SP;3554300;Teodoro Sampaio;21386
35;SP;3554409;Terra Roxa;8505
35;SP;3554508;Tietê;36835
35;SP;3554607;Timburi;2646
35;SP;3554656;Torre de Pedra;2254
35;SP;3554706;Torrinha;9330
35;SP;3554755;Trabiju;1544
35;SP;3554805;Tremembé;40984
35;SP;3554904;Três Fronteiras;5427
35;SP;3554953;Tuiuti;5930
35;SP;3555000;Tupã;63476
35;SP;3555109;Tupi Paulista;14269
35;SP;3555208;Turiúba;1930
35;SP;3555307;Turmalina;1978
35;SP;3555356;Ubarana;5289
35;SP;3555406;Ubatuba;78801
35;SP;3555505;Ubirajara;4427
35;SP;3555604;Uchoa;9471
35;SP;3555703;União Paulista;1599
35;SP;3555802;Urânia;8836
35;SP;3555901;Uru;1251
35;SP;3556008;Urupês;12714
35;SP;3556107;Valentim Gentil;11036
35;SP;3556206;Valinhos;106793
35;SP;3556305;Valparaíso;22576
35;SP;3556354;Vargem;8801
35;SP;3556404;Vargem Grande do Sul;39266
35;SP;3556453;Vargem Grande Paulista;42997
35;SP;3556503;Várzea Paulista;107089
35;SP;3556602;Vera Cruz;10769
35;SP;3556701;Vinhedo;63611
35;SP;3556800;Viradouro;17297
35;SP;3556909;Vista Alegre do Alto;6886
35;SP;3556958;Vitória Brasil;1737
35;SP;3557006;Votorantim;108809
35;SP;3557105;Votuporanga;84692
35;SP;3557154;Zacarias;2335
35;SP;3557204;Chavantes;12114
35;SP;3557303;Estiva Gerbi;10044
41;PR;4100103;Abatiá;7764
41;PR;4100202;Adrianópolis;6376
41;PR;4100301;Agudos do Sul;8270
41;PR;4100400;Almirante Tamandaré;103204
41;PR;4100459;Altamira do Paraná;4306
41;PR;4100509;Altônia;20516
41;PR;4100608;Alto Paraná;13663
41;PR;4100707;Alto Piquiri;10179
41;PR;4100806;Alvorada do Sul;10283
41;PR;4100905;Amaporã;5443
41;PR;4101002;Ampére;17308
41;PR;4101051;Anahy;2874
41;PR;4101101;Andirá;20610
41;PR;4101150;Ângulo;2859
41;PR;4101200;Antonina;18891
41;PR;4101309;Antônio Olinto;7351
41;PR;4101408;Apucarana;120919
41;PR;4101507;Arapongas;104150
41;PR;4101606;Arapoti;25855
41;PR;4101655;Arapuã;3561
41;PR;4101705;Araruna;13419
41;PR;4101804;Araucária;119123
41;PR;4101853;Ariranha do Ivaí;2453
41;PR;4101903;Assaí;16354
41;PR;4102000;Assis Chateaubriand;33025
41;PR;4102109;Astorga;24698
41;PR;4102208;Atalaia;3913
41;PR;4102307;Balsa Nova;11300
41;PR;4102406;Bandeirantes;32184
41;PR;4102505;Barbosa Ferraz;12656
41;PR;4102604;Barracão;9735
41;PR;4102703;Barra do Jacaré;2727
41;PR;4102752;Bela Vista da Caroba;3945
41;PR;4102802;Bela Vista do Paraíso;15079
41;PR;4102901;Bituruna;15880
41;PR;4103008;Boa Esperança;4568
41;PR;4103024;Boa Esperança do Iguaçu;2764
41;PR;4103040;Boa Ventura de São Roque;6554
41;PR;4103057;Boa Vista da Aparecida;7911
41;PR;4103107;Bocaiúva do Sul;10987
41;PR;4103156;Bom Jesus do Sul;3796
41;PR;4103206;Bom Sucesso;6561
41;PR;4103222;Bom Sucesso do Sul;3293
41;PR;4103305;Borrazópolis;7878
41;PR;4103354;Braganey;5735
41;PR;4103370;Brasilândia do Sul;3209
41;PR;4103404;Cafeara;2695
41;PR;4103453;Cafelândia;14662
41;PR;4103479;Cafezal do Sul;4290
41;PR;4103503;Califórnia;8069
41;PR;4103602;Cambará;23886
41;PR;4103701;Cambé;96733
41;PR;4103800;Cambira;7236
41;PR;4103909;Campina da Lagoa;15394
41;PR;4103958;Campina do Simão;4076
41;PR;4104006;Campina Grande do Sul;38769
41;PR;4104055;Campo Bonito;4407
41;PR;4104105;Campo do Tenente;7125
41;PR;4104204;Campo Largo;112377
41;PR;4104253;Campo Magro;24843
41;PR;4104303;Campo Mourão;87194
41;PR;4104402;Cândido de Abreu;16655
41;PR;4104428;Candói;14983
41;PR;4104451;Cantagalo;12952
41;PR;4104501;Capanema;18526
41;PR;4104600;Capitão Leônidas Marques;14970
41;PR;4104659;Carambeí;19163
41;PR;4104709;Carlópolis;13706
41;PR;4104808;Cascavel;286205
41;PR;4104907;Castro;67084
41;PR;4105003;Catanduvas;10202
41;PR;4105102;Centenário do Sul;11190
41;PR;4105201;Cerro Azul;16938
41;PR;4105300;Céu Azul;11032
41;PR;4105409;Chopinzinho;19679
41;PR;4105508;Cianorte;69958
41;PR;4105607;Cidade Gaúcha;11062
41;PR;4105706;Clevelândia;17240
41;PR;4105805;Colombo;212967
41;PR;4105904;Colorado;22345
41;PR;4106001;Congonhinhas;8279
41;PR;4106100;Conselheiro Mairinck;3636
41;PR;4106209;Contenda;15891
41;PR;4106308;Corbélia;16312
41;PR;4106407;Cornélio Procópio;46928
41;PR;4106456;Coronel Domingos Soares;7238
41;PR;4106506;Coronel Vivida;21749
41;PR;4106555;Corumbataí do Sul;4002
41;PR;4106571;Cruzeiro do Iguaçu;4278
41;PR;4106605;Cruzeiro do Oeste;20416
41;PR;4106704;Cruzeiro do Sul;4563
41;PR;4106803;Cruz Machado;18040
41;PR;4106852;Cruzmaltina;3162
41;PR;4106902;Curitiba;1751907
41;PR;4107009;Curiúva;13923
41;PR;4107108;Diamante do Norte;5516
41;PR;4107124;Diamante do Sul;3510
41;PR;4107157;Diamante D'Oeste;5027
41;PR;4107207;Dois Vizinhos;36179
41;PR;4107256;Douradina;7445
41;PR;4107306;Doutor Camargo;5828
41;PR;4107405;Enéas Marques;6103
41;PR;4107504;Engenheiro Beltrão;13906
41;PR;4107520;Esperança Nova;1970
41;PR;4107538;Entre Rios do Oeste;3926
41;PR;4107546;Espigão Alto do Iguaçu;4677
41;PR;4107553;Farol;3472
41;PR;4107603;Faxinal;16314
41;PR;4107652;Fazenda Rio Grande;81675
41;PR;4107702;Fênix;4802
41;PR;4107736;Fernandes Pinheiro;5932
41;PR;4107751;Figueira;8293
41;PR;4107801;Floraí;5050
41;PR;4107850;Flor da Serra do Sul;4726
41;PR;4107900;Floresta;5931
41;PR;4108007;Florestópolis;11222
41;PR;4108106;Flórida;2543
41;PR;4108205;Formosa do Oeste;7541
41;PR;4108304;Foz do Iguaçu;256088
41;PR;4108320;Francisco Alves;6418
41;PR;4108403;Francisco Beltrão;78943
41;PR;4108452;Foz do Jordão;5420
41;PR;4108502;General Carneiro;13669
41;PR;4108551;Godoy Moreira;3337
41;PR;4108601;Goioerê;29018
41;PR;4108650;Goioxim;7503
41;PR;4108700;Grandes Rios;6625
41;PR;4108809;Guaíra;30704
41;PR;4108908;Guairaçá;6197
41;PR;4108957;Guamiranga;7900
41;PR;4109005;Guapirama;3891
41;PR;4109104;Guaporema;2219
41;PR;4109203;Guaraci;5227
41;PR;4109302;Guaraniaçu;14582
41;PR;4109401;Guarapuava;167328
41;PR;4109500;Guaraqueçaba;7871
41;PR;4109609;Guaratuba;32095
41;PR;4109658;Honório Serpa;5955
41;PR;4109708;Ibaiti;28751
41;PR;4109757;Ibema;6066
41;PR;4109807;Ibiporã;48198
41;PR;4109906;Icaraíma;8839
41;PR;4110003;Iguaraçu;3982
41;PR;4110052;Iguatu;2234
41;PR;4110078;Imbaú;11274
41;PR;4110102;Imbituva;28455
41;PR;4110201;Inácio Martins;10943
41;PR;4110300;Inajá;2988
41;PR;4110409;Indianópolis;4299
41;PR;4110508;Ipiranga;14150
41;PR;4110607;Iporã;14981
41;PR;4110656;Iracema do Oeste;2578
41;PR;4110706;Irati;56207
41;PR;4110805;Iretama;10622
41;PR;4110904;Itaguajé;4568
41;PR;4110953;Itaipulândia;9026
41;PR;4111001;Itambaracá;6759
41;PR;4111100;Itambé;5979
41;PR;4111209;Itapejara d'Oeste;10531
41;PR;4111258;Itaperuçu;23887
41;PR;4111308;Itaúna do Sul;3583
41;PR;4111407;Ivaí;12815
41;PR;4111506;Ivaiporã;31816
41;PR;4111555;Ivaté;7514
41;PR;4111605;Ivatuba;3010
41;PR;4111704;Jaboti;4902
41;PR;4111803;Jacarezinho;39121
41;PR;4111902;Jaguapitã;12225
41;PR;4112009;Jaguariaíva;32606
41;PR;4112108;Jandaia do Sul;20269
41;PR;4112207;Janiópolis;6532
41;PR;4112306;Japira;4903
41;PR;4112405;Japurá;8549
41;PR;4112504;Jardim Alegre;12324
41;PR;4112603;Jardim Olinda;1409
41;PR;4112702;Jataizinho;11875
41;PR;4112751;Jesuítas;9001
41;PR;4112801;Joaquim Távora;10736
41;PR;4112900;Jundiaí do Sul;3433
41;PR;4112959;Juranda;7641
41;PR;4113007;Jussara;6610
41;PR;4113106;Kaloré;4506
41;PR;4113205;Lapa;44932
41;PR;4113254;Laranjal;6360
41;PR;4113304;Laranjeiras do Sul;30777
41;PR;4113403;Leópolis;4145
41;PR;4113429;Lidianópolis;3973
41;PR;4113452;Lindoeste;5361
41;PR;4113502;Loanda;21201
41;PR;4113601;Lobato;4401
41;PR;4113700;Londrina;506701
41;PR;4113734;Luiziana;7315
41;PR;4113759;Lunardelli;5160
41;PR;4113809;Lupionópolis;4592
41;PR;4113908;Mallet;12973
41;PR;4114005;Mamborê;13961
41;PR;4114104;Mandaguaçu;19781
41;PR;4114203;Mandaguari;32658
41;PR;4114302;Mandirituba;22220
41;PR;4114351;Manfrinópolis;3127
41;PR;4114401;Mangueirinha;17048
41;PR;4114500;Manoel Ribas;13169
41;PR;4114609;Marechal Cândido Rondon;46819
41;PR;4114708;Maria Helena;5956
41;PR;4114807;Marialva;31959
41;PR;4114906;Marilândia do Sul;8863
41;PR;4115002;Marilena;6858
41;PR;4115101;Mariluz;10224
41;PR;4115200;Maringá;357077
41;PR;4115309;Mariópolis;6268
41;PR;4115358;Maripá;5684
41;PR;4115408;Marmeleiro;13900
41;PR;4115457;Marquinho;4981
41;PR;4115507;Marumbi;4603
41;PR;4115606;Matelândia;16078
41;PR;4115705;Matinhos;29428
41;PR;4115739;Mato Rico;3818
41;PR;4115754;Mauá da Serra;8555
41;PR;4115804;Medianeira;41817
41;PR;4115853;Mercedes;5046
41;PR;4115903;Mirador;2327
41;PR;4116000;Miraselva;1862
41;PR;4116059;Missal;10474
41;PR;4116109;Moreira Sales;12606
41;PR;4116208;Morretes;15718
41;PR;4116307;Munhoz de Melo;3672
41;PR;4116406;Nossa Senhora das Graças;3836
41;PR;4116505;Nova Aliança do Ivaí;1431
41;PR;4116604;Nova América da Colina;3478
41;PR;4116703;Nova Aurora;11866
41;PR;4116802;Nova Cantu;7425
41;PR;4116901;Nova Esperança;26615
41;PR;4116950;Nova Esperança do Sudoeste;5098
41;PR;4117008;Nova Fátima;8147
41;PR;4117057;Nova Laranjeiras;11241
41;PR;4117107;Nova Londrina;13067
41;PR;4117206;Nova Olímpia;5503
41;PR;4117214;Nova Santa Bárbara;3908
41;PR;4117222;Nova Santa Rosa;7626
41;PR;4117255;Nova Prata do Iguaçu;10377
41;PR;4117271;Nova Tebas;7398
41;PR;4117297;Novo Itacolomi;2827
41;PR;4117305;Ortigueira;23380
41;PR;4117404;Ourizona;3380
41;PR;4117453;Ouro Verde do Oeste;5692
41;PR;4117503;Paiçandu;35936
41;PR;4117602;Palmas;42888
41;PR;4117701;Palmeira;32123
41;PR;4117800;Palmital;14865
41;PR;4117909;Palotina;28683
41;PR;4118006;Paraíso do Norte;11772
41;PR;4118105;Paranacity;10250
41;PR;4118204;Paranaguá;140469
41;PR;4118303;Paranapoema;2791
41;PR;4118402;Paranavaí;81590
41;PR;4118451;Pato Bragado;4822
41;PR;4118501;Pato Branco;72370
41;PR;4118600;Paula Freitas;5434
41;PR;4118709;Paulo Frontin;6913
41;PR;4118808;Peabiru;13624
41;PR;4118857;Perobal;5653
41;PR;4118907;Pérola;10208
41;PR;4119004;Pérola d'Oeste;6761
41;PR;4119103;Piên;11236
41;PR;4119152;Pinhais;117008
41;PR;4119202;Pinhalão;6215
41;PR;4119251;Pinhal de São Bento;2625
41;PR;4119301;Pinhão;30208
41;PR;4119400;Piraí do Sul;23424
41;PR;4119509;Piraquara;93207
41;PR;4119608;Pitanga;32638
41;PR;4119657;Pitangueiras;2814
41;PR;4119707;Planaltina do Paraná;4095
41;PR;4119806;Planalto;13654
41;PR;4119905;Ponta Grossa;311611
41;PR;4119954;Pontal do Paraná;20920
41;PR;4120002;Porecatu;14189
41;PR;4120101;Porto Amazonas;4514
41;PR;4120150;Porto Barreiro;3663
41;PR;4120200;Porto Rico;2530
41;PR;4120309;Porto Vitória;4020
41;PR;4120333;Prado Ferreira;3434
41;PR;4120358;Pranchita;5628
41;PR;4120408;Presidente Castelo Branco;4784
41;PR;4120507;Primeiro de Maio;10832
41;PR;4120606;Prudentópolis;48792
41;PR;4120655;Quarto Centenário;4856
41;PR;4120705;Quatiguá;7045
41;PR;4120804;Quatro Barras;19851
41;PR;4120853;Quatro Pontes;3803
41;PR;4120903;Quedas do Iguaçu;30605
41;PR;4121000;Querência do Norte;11729
41;PR;4121109;Quinta do Sol;5088
41;PR;4121208;Quitandinha;17089
41;PR;4121257;Ramilândia;4134
41;PR;4121307;Rancho Alegre;3955
41;PR;4121356;Rancho Alegre D'Oeste;2847
41;PR;4121406;Realeza;16338
41;PR;4121505;Rebouças;14176
41;PR;4121604;Renascença;6812
41;PR;4121703;Reserva;25172
41;PR;4121752;Reserva do Iguaçu;7307
41;PR;4121802;Ribeirão Claro;10678
41;PR;4121901;Ribeirão do Pinhal;13524
41;PR;4122008;Rio Azul;14093
41;PR;4122107;Rio Bom;3334
41;PR;4122156;Rio Bonito do Iguaçu;13661
41;PR;4122172;Rio Branco do Ivaí;3898
41;PR;4122206;Rio Branco do Sul;30650
41;PR;4122305;Rio Negro;31274
41;PR;4122404;Rolândia;57862
41;PR;4122503;Roncador;11537
41;PR;4122602;Rondon;8996
41;PR;4122651;Rosário do Ivaí;5588
41;PR;4122701;Sabáudia;6096
41;PR;4122800;Salgado Filho;4403
41;PR;4122909;Salto do Itararé;5178
41;PR;4123006;Salto do Lontra;13689
41;PR;4123105;Santa Amélia;3803
41;PR;4123204;Santa Cecília do Pavão;3646
41;PR;4123303;Santa Cruz de Monte Castelo;8092
41;PR;4123402;Santa Fé;10432
41;PR;4123501;Santa Helena;23413
41;PR;4123600;Santa Inês;1818
41;PR;4123709;Santa Isabel do Ivaí;8760
41;PR;4123808;Santa Izabel do Oeste;13132
41;PR;4123824;Santa Lúcia;3925
41;PR;4123857;Santa Maria do Oeste;11500
41;PR;4123907;Santa Mariana;12435
41;PR;4123956;Santa Mônica;3571
41;PR;4124004;Santana do Itararé;5249
41;PR;4124020;Santa Tereza do Oeste;10332
41;PR;4124053;Santa Terezinha de Itaipu;20841
41;PR;4124103;Santo Antônio da Platina;42707
41;PR;4124202;Santo Antônio do Caiuá;2727
41;PR;4124301;Santo Antônio do Paraíso;2408
41;PR;4124400;Santo Antônio do Sudoeste;18893
41;PR;4124509;Santo Inácio;5269
41;PR;4124608;São Carlos do Ivaí;6354
41;PR;4124707;São Jerônimo da Serra;11337
41;PR;4124806;São João;10599
41;PR;4124905;São João do Caiuá;5911
41;PR;4125001;São João do Ivaí;11525
41;PR;4125100;São João do Triunfo;13704
41;PR;4125209;São Jorge d'Oeste;9085
41;PR;4125308;São Jorge do Ivaí;5517
41;PR;4125357;São Jorge do Patrocínio;6041
41;PR;4125407;São José da Boa Vista;6511
41;PR;4125456;São José das Palmeiras;3830
41;PR;4125506;São José dos Pinhais;264210
41;PR;4125555;São Manoel do Paraná;2098
41;PR;4125605;São Mateus do Sul;41257
41;PR;4125704;São Miguel do Iguaçu;25769
41;PR;4125753;São Pedro do Iguaçu;6491
41;PR;4125803;São Pedro do Ivaí;10167
41;PR;4125902;São Pedro do Paraná;2491
41;PR;4126009;São Sebastião da Amoreira;8626
41;PR;4126108;São Tomé;5349
41;PR;4126207;Sapopema;6736
41;PR;4126256;Sarandi;82847
41;PR;4126272;Saudade do Iguaçu;5028
41;PR;4126306;Sengés;18414
41;PR;4126355;Serranópolis do Iguaçu;4568
41;PR;4126405;Sertaneja;5817
41;PR;4126504;Sertanópolis;15638
41;PR;4126603;Siqueira Campos;18454
41;PR;4126652;Sulina;3394
41;PR;4126678;Tamarana;12262
41;PR;4126702;Tamboara;4664
41;PR;4126801;Tapejara;14598
41;PR;4126900;Tapira;5836
41;PR;4127007;Teixeira Soares;10283
41;PR;4127106;Telêmaco Borba;69872
41;PR;4127205;Terra Boa;15776
41;PR;4127304;Terra Rica;15221
41;PR;4127403;Terra Roxa;16759
41;PR;4127502;Tibagi;19344
41;PR;4127601;Tijucas do Sul;14537
41;PR;4127700;Toledo;119313
41;PR;4127809;Tomazina;8791
41;PR;4127858;Três Barras do Paraná;11824
41;PR;4127882;Tunas do Paraná;6256
41;PR;4127908;Tuneiras do Oeste;8695
41;PR;4127957;Tupãssi;7997
41;PR;4127965;Turvo;13811
41;PR;4128005;Ubiratã;21558
41;PR;4128104;Umuarama;100676
41;PR;4128203;União da Vitória;52735
41;PR;4128302;Uniflor;2466
41;PR;4128401;Uraí;11472
41;PR;4128500;Wenceslau Braz;19298
41;PR;4128534;Ventania;9957
41;PR;4128559;Vera Cruz do Oeste;8973
41;PR;4128609;Verê;7878
41;PR;4128625;Alto Paraíso;3206
41;PR;4128633;Doutor Ulysses;5727
41;PR;4128658;Virmond;3950
41;PR;4128708;Vitorino;6513
41;PR;4128807;Xambrê;6012
42;SC;4200051;Abdon Batista;2653
42;SC;4200101;Abelardo Luz;17100
42;SC;4200200;Agrolândia;9323
42;SC;4200309;Agronômica;4904
42;SC;4200408;Água Doce;6961
42;SC;4200507;Águas de Chapecó;6110
42;SC;4200556;Águas Frias;2424
42;SC;4200606;Águas Mornas;5548
42;SC;4200705;Alfredo Wagner;9410
42;SC;4200754;Alto Bela Vista;2005
42;SC;4200804;Anchieta;6380
42;SC;4200903;Angelina;5250
42;SC;4201000;Anita Garibaldi;8623
42;SC;4201109;Anitápolis;3214
42;SC;4201208;Antônio Carlos;7458
42;SC;4201257;Apiúna;9600
42;SC;4201273;Arabutã;4193
42;SC;4201307;Araquari;24810
42;SC;4201406;Araranguá;61310
42;SC;4201505;Armazém;7753
42;SC;4201604;Arroio Trinta;3502
42;SC;4201653;Arvoredo;2260
42;SC;4201703;Ascurra;7412
42;SC;4201802;Atalanta;3300
42;SC;4201901;Aurora;5549
42;SC;4201950;Balneário Arroio do Silva;9586
42;SC;4202008;Balneário Camboriú;108089
42;SC;4202057;Balneário Barra do Sul;8430
42;SC;4202073;Balneário Gaivota;8234
42;SC;4202081;Bandeirante;2906
42;SC;4202099;Barra Bonita;1878
42;SC;4202107;Barra Velha;22386
42;SC;4202131;Bela Vista do Toldo;6004
42;SC;4202156;Belmonte;2635
42;SC;4202206;Benedito Novo;10336
42;SC;4202305;Biguaçu;58206
42;SC;4202404;Blumenau;309011
42;SC;4202438;Bocaina do Sul;3290
42;SC;4202453;Bombinhas;14293
42;SC;4202503;Bom Jardim da Serra;4395
42;SC;4202537;Bom Jesus;2526
42;SC;4202578;Bom Jesus do Oeste;2132
42;SC;4202602;Bom Retiro;8942
42;SC;4202701;Botuverá;4468
42;SC;4202800;Braço do Norte;29018
42;SC;4202859;Braço do Trombudo;3457
42;SC;4202875;Brunópolis;2850
42;SC;4202909;Brusque;105503
42;SC;4203006;Caçador;70762
42;SC;4203105;Caibi;6219
42;SC;4203154;Calmon;3387
42;SC;4203204;Camboriú;62361
42;SC;4203253;Capão Alto;2753
42;SC;4203303;Campo Alegre;11748
42;SC;4203402;Campo Belo do Sul;7483
42;SC;4203501;Campo Erê;9370
42;SC;4203600;Campos Novos;32824
42;SC;4203709;Canelinha;10603
42;SC;4203808;Canoinhas;52765
42;SC;4203907;Capinzal;20769
42;SC;4203956;Capivari de Baixo;21674
42;SC;4204004;Catanduvas;9555
42;SC;4204103;Caxambu do Sul;4411
42;SC;4204152;Celso Ramos;2771
42;SC;4204178;Cerro Negro;3581
42;SC;4204194;Chapadão do Lageado;2762
42;SC;4204202;Chapecó;183530
42;SC;4204251;Cocal do Sul;15159
42;SC;4204301;Concórdia;68621
42;SC;4204350;Cordilheira Alta;3767
42;SC;4204400;Coronel Freitas;10213
42;SC;4204459;Coronel Martins;2458
42;SC;4204509;Corupá;13852
42;SC;4204558;Correia Pinto;14785
42;SC;4204608;Criciúma;192308
42;SC;4204707;Cunha Porã;10613
42;SC;4204756;Cunhataí;1882
42;SC;4204806;Curitibanos;37748
42;SC;4204905;Descanso;8634
42;SC;4205001;Dionísio Cerqueira;14811
42;SC;4205100;Dona Emma;3721
42;SC;4205159;Doutor Pedrinho;3604
42;SC;4205175;Entre Rios;3018
42;SC;4205191;Ermo;2050
42;SC;4205209;Erval Velho;4352
42;SC;4205308;Faxinal dos Guedes;10661
42;SC;4205357;Flor do Sertão;1588
42;SC;4205407;Florianópolis;421240
42;SC;4205431;Formosa do Sul;2601
42;SC;4205456;Forquilhinha;22548
42;SC;4205506;Fraiburgo;34553
42;SC;4205555;Frei Rogério;2474
42;SC;4205605;Galvão;3472
42;SC;4205704;Garopaba;18138
42;SC;4205803;Garuva;14761
42;SC;4205902;Gaspar;57981
42;SC;4206009;Governador Celso Ramos;12999
42;SC;4206108;Grão-Pará;6223
42;SC;4206207;Gravatal;10635
42;SC;4206306;Guabiruba;18430
42;SC;4206405;Guaraciaba;10498
42;SC;4206504;Guaramirim;35172
42;SC;4206603;Guarujá do Sul;4908
42;SC;4206652;Guatambú;4679
42;SC;4206702;Herval d'Oeste;21239
42;SC;4206751;Ibiam;1945
42;SC;4206801;Ibicaré;3373
42;SC;4206900;Ibirama;17330
42;SC;4207007;Içara;58833
42;SC;4207106;Ilhota;12355
42;SC;4207205;Imaruí;11672
42;SC;4207304;Imbituba;40170
42;SC;4207403;Imbuia;5707
42;SC;4207502;Indaial;54854
42;SC;4207577;Iomerê;2739
42;SC;4207601;Ipira;4752
42;SC;4207650;Iporã do Oeste;8409
42;SC;4207684;Ipuaçu;6798
42;SC;4207700;Ipumirim;7220
42;SC;4207759;Iraceminha;4253
42;SC;4207809;Irani;9531
42;SC;4207858;Irati;2096
42;SC;4207908;Irineópolis;10448
42;SC;4208005;Itá;6426
42;SC;4208104;Itaiópolis;20301
42;SC;4208203;Itajaí;183373
42;SC;4208302;Itapema;45797
42;SC;4208401;Itapiranga;15409
42;SC;4208450;Itapoá;14763
42;SC;4208500;Ituporanga;22250
42;SC;4208609;Jaborá;4041
42;SC;4208708;Jacinto Machado;10609
42;SC;4208807;Jaguaruna;17290
42;SC;4208906;Jaraguá do Sul;143123
42;SC;4208955;Jardinópolis;1766
42;SC;4209003;Joaçaba;27020
42;SC;4209102;Joinville;515288
42;SC;4209151;José Boiteux;4721
42;SC;4209177;Jupiá;2148
42;SC;4209201;Lacerdópolis;2199
42;SC;4209300;Lages;156727
42;SC;4209409;Laguna;51562
42;SC;4209458;Lajeado Grande;1490
42;SC;4209508;Laurentino;6004
42;SC;4209607;Lauro Müller;14367
42;SC;4209706;Lebon Régis;11838
42;SC;4209805;Leoberto Leal;3365
42;SC;4209854;Lindóia do Sul;4642
42;SC;4209904;Lontras;10244
42;SC;4210001;Luiz Alves;10438
42;SC;4210035;Luzerna;5600
42;SC;4210050;Macieira;1826
42;SC;4210100;Mafra;52912
42;SC;4210209;Major Gercino;3279
42;SC;4210308;Major Vieira;7479
42;SC;4210407;Maracajá;6404
42;SC;4210506;Maravilha;22101
42;SC;4210555;Marema;2203
42;SC;4210605;Massaranduba;14674
42;SC;4210704;Matos Costa;2839
42;SC;4210803;Meleiro;7000
42;SC;4210852;Mirim Doce;2513
42;SC;4210902;Modelo;4045
42;SC;4211009;Mondaí;10231
42;SC;4211058;Monte Carlo;9312
42;SC;4211108;Monte Castelo;8346
42;SC;4211207;Morro da Fumaça;16126
42;SC;4211256;Morro Grande;2890
42;SC;4211306;Navegantes;60556
42;SC;4211405;Nova Erechim;4275
42;SC;4211454;Nova Itaberaba;4267
42;SC;4211504;Nova Trento;12190
42;SC;4211603;Nova Veneza;13309
42;SC;4211652;Novo Horizonte;2750
42;SC;4211702;Orleans;21393
42;SC;4211751;Otacílio Costa;16337
42;SC;4211801;Ouro;7372
42;SC;4211850;Ouro Verde;2271
42;SC;4211876;Paial;1763
42;SC;4211892;Painel;2353
42;SC;4211900;Palhoça;137334
42;SC;4212007;Palma Sola;7765
42;SC;4212056;Palmeira;2373
42;SC;4212106;Palmitos;16020
42;SC;4212205;Papanduva;17928
42;SC;4212239;Paraíso;4080
42;SC;4212254;Passo de Torres;6627
42;SC;4212270;Passos Maia;4425
42;SC;4212304;Paulo Lopes;6692
42;SC;4212403;Pedras Grandes;4107
42;SC;4212502;Penha;25141
42;SC;4212601;Peritiba;2988
42;SC;4212650;Pescaria Brava;NA
42;SC;4212700;Petrolândia;6131
42;SC;4212809;Balneário Piçarras;17078
42;SC;4212908;Pinhalzinho;16332
42;SC;4213005;Pinheiro Preto;3147
42;SC;4213104;Piratuba;4786
42;SC;4213153;Planalto Alegre;2654
42;SC;4213203;Pomerode;27759
42;SC;4213302;Ponte Alta;4894
42;SC;4213351;Ponte Alta do Norte;3303
42;SC;4213401;Ponte Serrada;11031
42;SC;4213500;Porto Belo;16083
42;SC;4213609;Porto União;33493
42;SC;4213708;Pouso Redondo;14810
42;SC;4213807;Praia Grande;7267
42;SC;4213906;Presidente Castello Branco;1725
42;SC;4214003;Presidente Getúlio;14887
42;SC;4214102;Presidente Nereu;2284
42;SC;4214151;Princesa;2758
42;SC;4214201;Quilombo;10248
42;SC;4214300;Rancho Queimado;2748
42;SC;4214409;Rio das Antas;6143
42;SC;4214508;Rio do Campo;6192
42;SC;4214607;Rio do Oeste;7090
42;SC;4214706;Rio dos Cedros;10284
42;SC;4214805;Rio do Sul;61198
42;SC;4214904;Rio Fortuna;4446
42;SC;4215000;Rio Negrinho;39846
42;SC;4215059;Rio Rufino;2436
42;SC;4215075;Riqueza;4838
42;SC;4215109;Rodeio;10922
42;SC;4215208;Romelândia;5551
42;SC;4215307;Salete;7370
42;SC;4215356;Saltinho;3961
42;SC;4215406;Salto Veloso;4301
42;SC;4215455;Sangão;10400
42;SC;4215505;Santa Cecília;15757
42;SC;4215554;Santa Helena;2382
42;SC;4215604;Santa Rosa de Lima;2065
42;SC;4215653;Santa Rosa do Sul;8054
42;SC;4215679;Santa Terezinha;8767
42;SC;4215687;Santa Terezinha do Progresso;2896
42;SC;4215695;Santiago do Sul;1465
42;SC;4215703;Santo Amaro da Imperatriz;19823
42;SC;4215752;São Bernardino;2677
42;SC;4215802;São Bento do Sul;74801
42;SC;4215901;São Bonifácio;3008
42;SC;4216008;São Carlos;10291
42;SC;4216057;São Cristóvão do Sul;5012
42;SC;4216107;São Domingos;9491
42;SC;4216206;São Francisco do Sul;42520
42;SC;4216255;São João do Oeste;6036
42;SC;4216305;São João Batista;26260
42;SC;4216354;São João do Itaperiú;3435
42;SC;4216404;São João do Sul;7002
42;SC;4216503;São Joaquim;24812
42;SC;4216602;São José;209804
42;SC;4216701;São José do Cedro;13684
42;SC;4216800;São José do Cerrito;9273
42;SC;4216909;São Lourenço do Oeste;21792
42;SC;4217006;São Ludgero;10993
42;SC;4217105;São Martinho;3209
42;SC;4217154;São Miguel da Boa Vista;1904
42;SC;4217204;São Miguel do Oeste;36306
42;SC;4217253;São Pedro de Alcântara;4704
42;SC;4217303;Saudades;9016
42;SC;4217402;Schroeder;15316
42;SC;4217501;Seara;16936
42;SC;4217550;Serra Alta;3285
42;SC;4217600;Siderópolis;12998
42;SC;4217709;Sombrio;26613
42;SC;4217758;Sul Brasil;2766
42;SC;4217808;Taió;17260
42;SC;4217907;Tangará;8674
42;SC;4217956;Tigrinhos;1757
42;SC;4218004;Tijucas;30960
42;SC;4218103;Timbé do Sul;5308
42;SC;4218202;Timbó;36774
42;SC;4218251;Timbó Grande;7167
42;SC;4218301;Três Barras;18129
42;SC;4218350;Treviso;3527
42;SC;4218400;Treze de Maio;6876
42;SC;4218509;Treze Tílias;6341
42;SC;4218608;Trombudo Central;6553
42;SC;4218707;Tubarão;97235
42;SC;4218756;Tunápolis;4633
42;SC;4218806;Turvo;11854
42;SC;4218855;União do Oeste;2910
42;SC;4218905;Urubici;10699
42;SC;4218954;Urupema;2482
42;SC;4219002;Urussanga;20223
42;SC;4219101;Vargeão;3532
42;SC;4219150;Vargem;2808
42;SC;4219176;Vargem Bonita;4793
42;SC;4219200;Vidal Ramos;6290
42;SC;4219309;Videira;47188
42;SC;4219358;Vitor Meireles;5207
42;SC;4219408;Witmarsum;3600
42;SC;4219507;Xanxerê;44128
42;SC;4219606;Xavantina;4142
42;SC;4219705;Xaxim;25713
42;SC;4219853;Zortéa;2991
42;SC;4220000;Balneário Rincão;NA
43;RS;4300034;Aceguá;4394
43;RS;4300059;Água Santa;3722
43;RS;4300109;Agudo;16722
43;RS;4300208;Ajuricaba;7255
43;RS;4300307;Alecrim;7045
43;RS;4300406;Alegrete;77653
43;RS;4300455;Alegria;4301
43;RS;4300471;Almirante Tamandaré do Sul;2067
43;RS;4300505;Alpestre;8027
43;RS;4300554;Alto Alegre;1848
43;RS;4300570;Alto Feliz;2917
43;RS;4300604;Alvorada;195673
43;RS;4300638;Amaral Ferrador;6353
43;RS;4300646;Ametista do Sul;7323
43;RS;4300661;André da Rocha;1216
43;RS;4300703;Anta Gorda;6073
43;RS;4300802;Antônio Prado;12833
43;RS;4300851;Arambaré;3693
43;RS;4300877;Araricá;4864
43;RS;4300901;Aratiba;6565
43;RS;4301008;Arroio do Meio;18783
43;RS;4301057;Arroio do Sal;7740
43;RS;4301073;Arroio do Padre;2730
43;RS;4301107;Arroio dos Ratos;13606
43;RS;4301206;Arroio do Tigre;12648
43;RS;4301305;Arroio Grande;18470
43;RS;4301404;Arvorezinha;10225
43;RS;4301503;Augusto Pestana;7096
43;RS;4301552;Áurea;3665
43;RS;4301602;Bagé;116794
43;RS;4301636;Balneário Pinhal;10856
43;RS;4301651;Barão;5741
43;RS;4301701;Barão de Cotegipe;6529
43;RS;4301750;Barão do Triunfo;7018
43;RS;4301800;Barracão;5357
43;RS;4301859;Barra do Guarita;3089
43;RS;4301875;Barra do Quaraí;4012
43;RS;4301909;Barra do Ribeiro;12572
43;RS;4301925;Barra do Rio Azul;2003
43;RS;4301958;Barra Funda;2367
43;RS;4302006;Barros Cassal;11133
43;RS;4302055;Benjamin Constant do Sul;2307
43;RS;4302105;Bento Gonçalves;107278
43;RS;4302154;Boa Vista das Missões;2114
43;RS;4302204;Boa Vista do Buricá;6574
43;RS;4302220;Boa Vista do Cadeado;2441
43;RS;4302238;Boa Vista do Incra;2425
43;RS;4302253;Boa Vista do Sul;2776
43;RS;4302303;Bom Jesus;11519
43;RS;4302352;Bom Princípio;11789
43;RS;4302378;Bom Progresso;2328
43;RS;4302402;Bom Retiro do Sul;11472
43;RS;4302451;Boqueirão do Leão;7673
43;RS;4302501;Bossoroca;6884
43;RS;4302584;Bozano;2200
43;RS;4302600;Braga;3702
43;RS;4302659;Brochier;4675
43;RS;4302709;Butiá;20406
43;RS;4302808;Caçapava do Sul;33690
43;RS;4302907;Cacequi;13676
43;RS;4303004;Cachoeira do Sul;83827
43;RS;4303103;Cachoeirinha;118278
43;RS;4303202;Cacique Doble;4868
43;RS;4303301;Caibaté;4954
43;RS;4303400;Caiçara;5071
43;RS;4303509;Camaquã;62764
43;RS;4303558;Camargo;2592
43;RS;4303608;Cambará do Sul;6542
43;RS;4303673;Campestre da Serra;3247
43;RS;4303707;Campina das Missões;6117
43;RS;4303806;Campinas do Sul;5506
43;RS;4303905;Campo Bom;60074
43;RS;4304002;Campo Novo;5459
43;RS;4304101;Campos Borges;3494
43;RS;4304200;Candelária;30171
43;RS;4304309;Cândido Godói;6535
43;RS;4304358;Candiota;8771
43;RS;4304408;Canela;39229
43;RS;4304507;Canguçu;53259
43;RS;4304606;Canoas;323827
43;RS;4304614;Canudos do Vale;1807
43;RS;4304622;Capão Bonito do Sul;1754
43;RS;4304630;Capão da Canoa;42040
43;RS;4304655;Capão do Cipó;3104
43;RS;4304663;Capão do Leão;24298
43;RS;4304671;Capivari do Sul;3890
43;RS;4304689;Capela de Santana;11612
43;RS;4304697;Capitão;2636
43;RS;4304705;Carazinho;59317
43;RS;4304713;Caraá;7312
43;RS;4304804;Carlos Barbosa;25192
43;RS;4304853;Carlos Gomes;1607
43;RS;4304903;Casca;8651
43;RS;4304952;Caseiros;3007
43;RS;4305009;Catuípe;9323
43;RS;4305108;Caxias do Sul;435564
43;RS;4305116;Centenário;2965
43;RS;4305124;Cerrito;6402
43;RS;4305132;Cerro Branco;4454
43;RS;4305157;Cerro Grande;2417
43;RS;4305173;Cerro Grande do Sul;10268
43;RS;4305207;Cerro Largo;13289
43;RS;4305306;Chapada;9377
43;RS;4305355;Charqueadas;35320
43;RS;4305371;Charrua;3471
43;RS;4305405;Chiapetta;4044
43;RS;4305439;Chuí;5917
43;RS;4305447;Chuvisca;4944
43;RS;4305454;Cidreira;12668
43;RS;4305504;Ciríaco;4922
43;RS;4305587;Colinas;2420
43;RS;4305603;Colorado;3550
43;RS;4305702;Condor;6552
43;RS;4305801;Constantina;9752
43;RS;4305835;Coqueiro Baixo;1528
43;RS;4305850;Coqueiros do Sul;2457
43;RS;4305871;Coronel Barros;2459
43;RS;4305900;Coronel Bicaco;7748
43;RS;4305934;Coronel Pilar;1725
43;RS;4305959;Cotiporã;3917
43;RS;4305975;Coxilha;2826
43;RS;4306007;Crissiumal;14084
43;RS;4306056;Cristal;7280
43;RS;4306072;Cristal do Sul;2826
43;RS;4306106;Cruz Alta;62821
43;RS;4306130;Cruzaltense;2141
43;RS;4306205;Cruzeiro do Sul;12320
43;RS;4306304;David Canabarro;4683
43;RS;4306320;Derrubadas;3190
43;RS;4306353;Dezesseis de Novembro;2866
43;RS;4306379;Dilermando de Aguiar;3064
43;RS;4306403;Dois Irmãos;27572
43;RS;4306429;Dois Irmãos das Missões;2157
43;RS;4306452;Dois Lajeados;3278
43;RS;4306502;Dom Feliciano;14380
43;RS;4306551;Dom Pedro de Alcântara;2550
43;RS;4306601;Dom Pedrito;38898
43;RS;4306700;Dona Francisca;3401
43;RS;4306734;Doutor Maurício Cardoso;5313
43;RS;4306759;Doutor Ricardo;2030
43;RS;4306767;Eldorado do Sul;34343
43;RS;4306809;Encantado;20510
43;RS;4306908;Encruzilhada do Sul;24534
43;RS;4306924;Engenho Velho;1527
43;RS;4306932;Entre-Ijuís;8938
43;RS;4306957;Entre Rios do Sul;3080
43;RS;4306973;Erebango;2970
43;RS;4307005;Erechim;96087
43;RS;4307054;Ernestina;3088
43;RS;4307104;Herval;6753
43;RS;4307203;Erval Grande;5163
43;RS;4307302;Erval Seco;7878
43;RS;4307401;Esmeralda;3168
43;RS;4307450;Esperança do Sul;3272
43;RS;4307500;Espumoso;15240
43;RS;4307559;Estação;6011
43;RS;4307609;Estância Velha;42574
43;RS;4307708;Esteio;80755
43;RS;4307807;Estrela;30619
43;RS;4307815;Estrela Velha;3628
43;RS;4307831;Eugênio de Castro;2798
43;RS;4307864;Fagundes Varela;2579
43;RS;4307906;Farroupilha;63635
43;RS;4308003;Faxinal do Soturno;6672
43;RS;4308052;Faxinalzinho;2567
43;RS;4308078;Fazenda Vilanova;3697
43;RS;4308102;Feliz;12359
43;RS;4308201;Flores da Cunha;27126
43;RS;4308250;Floriano Peixoto;2018
43;RS;4308300;Fontoura Xavier;10719
43;RS;4308409;Formigueiro;7014
43;RS;4308433;Forquetinha;2479
43;RS;4308458;Fortaleza dos Valos;4575
43;RS;4308508;Frederico Westphalen;28843
43;RS;4308607;Garibaldi;30689
43;RS;4308656;Garruchos;3234
43;RS;4308706;Gaurama;5862
43;RS;4308805;General Câmara;8447
43;RS;4308854;Gentil;1677
43;RS;4308904;Getúlio Vargas;16154
43;RS;4309001;Giruá;17075
43;RS;4309050;Glorinha;6891
43;RS;4309100;Gramado;32273
43;RS;4309126;Gramado dos Loureiros;2269
43;RS;4309159;Gramado Xavier;3970
43;RS;4309209;Gravataí;255660
43;RS;4309258;Guabiju;1598
43;RS;4309308;Guaíba;95204
43;RS;4309407;Guaporé;22814
43;RS;4309506;Guarani das Missões;8115
43;RS;4309555;Harmonia;4254
43;RS;4309571;Herveiras;2954
43;RS;4309605;Horizontina;18348
43;RS;4309654;Hulha Negra;6043
43;RS;4309704;Humaitá;4919
43;RS;4309753;Ibarama;4371
43;RS;4309803;Ibiaçá;4710
43;RS;4309902;Ibiraiaras;7171
43;RS;4309951;Ibirapuitã;4061
43;RS;4310009;Ibirubá;19310
43;RS;4310108;Igrejinha;31660
43;RS;4310207;Ijuí;78915
43;RS;4310306;Ilópolis;4102
43;RS;4310330;Imbé;17670
43;RS;4310363;Imigrante;3023
43;RS;4310405;Independência;6618
43;RS;4310413;Inhacorá;2267
43;RS;4310439;Ipê;6016
43;RS;4310462;Ipiranga do Sul;1944
43;RS;4310504;Iraí;8078
43;RS;4310538;Itaara;5010
43;RS;4310553;Itacurubi;3441
43;RS;4310579;Itapuca;2344
43;RS;4310603;Itaqui;38159
43;RS;4310652;Itati;2584
43;RS;4310702;Itatiba do Sul;4171
43;RS;4310751;Ivorá;2156
43;RS;4310801;Ivoti;19874
43;RS;4310850;Jaboticaba;4098
43;RS;4310876;Jacuizinho;2507
43;RS;4310900;Jacutinga;3633
43;RS;4311007;Jaguarão;27931
43;RS;4311106;Jaguari;11473
43;RS;4311122;Jaquirana;4177
43;RS;4311130;Jari;3575
43;RS;4311155;Jóia;8331
43;RS;4311205;Júlio de Castilhos;19579
43;RS;4311239;Lagoa Bonita do Sul;2662
43;RS;4311254;Lagoão;6185
43;RS;4311270;Lagoa dos Três Cantos;1598
43;RS;4311304;Lagoa Vermelha;27525
43;RS;4311403;Lajeado;71445
43;RS;4311429;Lajeado do Bugre;2487
43;RS;4311502;Lavras do Sul;7679
43;RS;4311601;Liberato Salzano;5780
43;RS;4311627;Lindolfo Collor;5227
43;RS;4311643;Linha Nova;1624
43;RS;4311700;Machadinho;5510
43;RS;4311718;Maçambará;4738
43;RS;4311734;Mampituba;3003
43;RS;4311759;Manoel Viana;7072
43;RS;4311775;Maquiné;6905
43;RS;4311791;Maratá;2527
43;RS;4311809;Marau;36364
43;RS;4311908;Marcelino Ramos;5134
43;RS;4311981;Mariana Pimentel;3768
43;RS;4312005;Mariano Moro;2210
43;RS;4312054;Marques de Souza;4068
43;RS;4312104;Mata;5111
43;RS;4312138;Mato Castelhano;2470
43;RS;4312153;Mato Leitão;3865
43;RS;4312179;Mato Queimado;1799
43;RS;4312203;Maximiliano de Almeida;4911
43;RS;4312252;Minas do Leão;7631
43;RS;4312302;Miraguaí;4855
43;RS;4312351;Montauri;1542
43;RS;4312377;Monte Alegre dos Campos;3102
43;RS;4312385;Monte Belo do Sul;2670
43;RS;4312401;Montenegro;59415
43;RS;4312427;Mormaço;2749
43;RS;4312443;Morrinhos do Sul;3182
43;RS;4312450;Morro Redondo;6227
43;RS;4312476;Morro Reuter;5676
43;RS;4312500;Mostardas;12124
43;RS;4312609;Muçum;4791
43;RS;4312617;Muitos Capões;2988
43;RS;4312625;Muliterno;1813
43;RS;4312658;Não-Me-Toque;15936
43;RS;4312674;Nicolau Vergueiro;1721
43;RS;4312708;Nonoai;12074
43;RS;4312757;Nova Alvorada;3182
43;RS;4312807;Nova Araçá;4001
43;RS;4312906;Nova Bassano;8840
43;RS;4312955;Nova Boa Vista;1960
43;RS;4313003;Nova Bréscia;3184
43;RS;4313011;Nova Candelária;2751
43;RS;4313037;Nova Esperança do Sul;4671
43;RS;4313060;Nova Hartz;18346
43;RS;4313086;Nova Pádua;2450
43;RS;4313102;Nova Palma;6342
43;RS;4313201;Nova Petrópolis;19045
43;RS;4313300;Nova Prata;22830
43;RS;4313334;Nova Ramada;2437
43;RS;4313359;Nova Roma do Sul;3343
43;RS;4313375;Nova Santa Rita;22716
43;RS;4313391;Novo Cabrais;3855
43;RS;4313409;Novo Hamburgo;238940
43;RS;4313425;Novo Machado;3925
43;RS;4313441;Novo Tiradentes;2277
43;RS;4313466;Novo Xingu;1757
43;RS;4313490;Novo Barreiro;3978
43;RS;4313508;Osório;40906
43;RS;4313607;Paim Filho;4243
43;RS;4313656;Palmares do Sul;10969
43;RS;4313706;Palmeira das Missões;34328
43;RS;4313805;Palmitinho;6920
43;RS;4313904;Panambi;38058
43;RS;4313953;Pantano Grande;9895
43;RS;4314001;Paraí;6812
43;RS;4314027;Paraíso do Sul;7336
43;RS;4314035;Pareci Novo;3511
43;RS;4314050;Parobé;51502
43;RS;4314068;Passa Sete;5154
43;RS;4314076;Passo do Sobrado;6011
43;RS;4314100;Passo Fundo;184826
43;RS;4314134;Paulo Bento;2196
43;RS;4314159;Paverama;8044
43;RS;4314175;Pedras Altas;2212
43;RS;4314209;Pedro Osório;7811
43;RS;4314308;Pejuçara;3973
43;RS;4314407;Pelotas;328275
43;RS;4314423;Picada Café;5182
43;RS;4314456;Pinhal;2513
43;RS;4314464;Pinhal da Serra;2130
43;RS;4314472;Pinhal Grande;4471
43;RS;4314498;Pinheirinho do Vale;4497
43;RS;4314506;Pinheiro Machado;12780
43;RS;4314548;Pinto Bandeira;NA
43;RS;4314555;Pirapó;2757
43;RS;4314605;Piratini;19841
43;RS;4314704;Planalto;10524
43;RS;4314753;Poço das Antas;2017
43;RS;4314779;Pontão;3857
43;RS;4314787;Ponte Preta;1750
43;RS;4314803;Portão;30920
43;RS;4314902;Porto Alegre;1409351
43;RS;4315008;Porto Lucena;5413
43;RS;4315057;Porto Mauá;2542
43;RS;4315073;Porto Vera Cruz;1852
43;RS;4315107;Porto Xavier;10558
43;RS;4315131;Pouso Novo;1875
43;RS;4315149;Presidente Lucena;2484
43;RS;4315156;Progresso;6163
43;RS;4315172;Protásio Alves;2000
43;RS;4315206;Putinga;4141
43;RS;4315305;Quaraí;23021
43;RS;4315313;Quatro Irmãos;1775
43;RS;4315321;Quevedos;2710
43;RS;4315354;Quinze de Novembro;3653
43;RS;4315404;Redentora;10222
43;RS;4315453;Relvado;2155
43;RS;4315503;Restinga Sêca;15849
43;RS;4315552;Rio dos Índios;3616
43;RS;4315602;Rio Grande;197228
43;RS;4315701;Rio Pardo;37591
43;RS;4315750;Riozinho;4330
43;RS;4315800;Roca Sales;10284
43;RS;4315909;Rodeio Bonito;5743
43;RS;4315958;Rolador;2546
43;RS;4316006;Rolante;19485
43;RS;4316105;Ronda Alta;10221
43;RS;4316204;Rondinha;5518
43;RS;4316303;Roque Gonzales;7203
43;RS;4316402;Rosário do Sul;39707
43;RS;4316428;Sagrada Família;2595
43;RS;4316436;Saldanha Marinho;2869
43;RS;4316451;Salto do Jacuí;11880
43;RS;4316477;Salvador das Missões;2669
43;RS;4316501;Salvador do Sul;6747
43;RS;4316600;Sananduva;15373
43;RS;4316709;Santa Bárbara do Sul;8829
43;RS;4316733;Santa Cecília do Sul;1655
43;RS;4316758;Santa Clara do Sul;5697
43;RS;4316808;Santa Cruz do Sul;118374
43;RS;4316907;Santa Maria;261031
43;RS;4316956;Santa Maria do Herval;6053
43;RS;4316972;Santa Margarida do Sul;2352
43;RS;4317004;Santana da Boa Vista;8242
43;RS;4317103;Sant'Ana do Livramento;82464
43;RS;4317202;Santa Rosa;68587
43;RS;4317251;Santa Tereza;1720
43;RS;4317301;Santa Vitória do Palmar;30990
43;RS;4317400;Santiago;49071
43;RS;4317509;Santo Ângelo;76275
43;RS;4317558;Santo Antônio do Palma;2139
43;RS;4317608;Santo Antônio da Patrulha;39685
43;RS;4317707;Santo Antônio das Missões;11210
43;RS;4317756;Santo Antônio do Planalto;1987
43;RS;4317806;Santo Augusto;13968
43;RS;4317905;Santo Cristo;14378
43;RS;4317954;Santo Expedito do Sul;2461
43;RS;4318002;São Borja;61671
43;RS;4318051;São Domingos do Sul;2926
43;RS;4318101;São Francisco de Assis;19254
43;RS;4318200;São Francisco de Paula;20537
43;RS;4318309;São Gabriel;60425
43;RS;4318408;São Jerônimo;22134
43;RS;4318424;São João da Urtiga;4726
43;RS;4318432;São João do Polêsine;2635
43;RS;4318440;São Jorge;2774
43;RS;4318457;São José das Missões;2720
43;RS;4318465;São José do Herval;2204
43;RS;4318481;São José do Hortêncio;4094
43;RS;4318499;São José do Inhacorá;2200
43;RS;4318507;São José do Norte;25503
43;RS;4318606;São José do Ouro;6904
43;RS;4318614;São José do Sul;2082
43;RS;4318622;São José dos Ausentes;3290
43;RS;4318705;São Leopoldo;214087
43;RS;4318804;São Lourenço do Sul;43111
43;RS;4318903;São Luiz Gonzaga;34556
43;RS;4319000;São Marcos;20103
43;RS;4319109;São Martinho;5773
43;RS;4319125;São Martinho da Serra;3201
43;RS;4319158;São Miguel das Missões;7421
43;RS;4319208;São Nicolau;5727
43;RS;4319307;São Paulo das Missões;6364
43;RS;4319356;São Pedro da Serra;3315
43;RS;4319364;São Pedro das Missões;1886
43;RS;4319372;São Pedro do Butiá;2873
43;RS;4319406;São Pedro do Sul;16368
43;RS;4319505;São Sebastião do Caí;21932
43;RS;4319604;São Sepé;23798
43;RS;4319703;São Valentim;3632
43;RS;4319711;São Valentim do Sul;2168
43;RS;4319737;São Valério do Sul;2647
43;RS;4319752;São Vendelino;1944
43;RS;4319802;São Vicente do Sul;8440
43;RS;4319901;Sapiranga;74985
43;RS;4320008;Sapucaia do Sul;130957
43;RS;4320107;Sarandi;21285
43;RS;4320206;Seberi;10897
43;RS;4320230;Sede Nova;3011
43;RS;4320263;Segredo;7158
43;RS;4320305;Selbach;4929
43;RS;4320321;Senador Salgado Filho;2814
43;RS;4320354;Sentinela do Sul;5198
43;RS;4320404;Serafina Corrêa;14253
43;RS;4320453;Sério;2281
43;RS;4320503;Sertão;6294
43;RS;4320552;Sertão Santana;5850
43;RS;4320578;Sete de Setembro;2124
43;RS;4320602;Severiano de Almeida;3842
43;RS;4320651;Silveira Martins;2449
43;RS;4320677;Sinimbu;10068
43;RS;4320701;Sobradinho;14283
43;RS;4320800;Soledade;30044
43;RS;4320859;Tabaí;4131
43;RS;4320909;Tapejara;19250
43;RS;4321006;Tapera;10448
43;RS;4321105;Tapes;16629
43;RS;4321204;Taquara;54643
43;RS;4321303;Taquari;26092
43;RS;4321329;Taquaruçu do Sul;2966
43;RS;4321352;Tavares;5351
43;RS;4321402;Tenente Portela;13719
43;RS;4321436;Terra de Areia;9878
43;RS;4321451;Teutônia;27272
43;RS;4321469;Tio Hugo;2724
43;RS;4321477;Tiradentes do Sul;6461
43;RS;4321493;Toropi;2952
43;RS;4321501;Torres;34656
43;RS;4321600;Tramandaí;41585
43;RS;4321626;Travesseiro;2314
43;RS;4321634;Três Arroios;2855
43;RS;4321667;Três Cachoeiras;10217
43;RS;4321709;Três Coroas;23848
43;RS;4321808;Três de Maio;23726
43;RS;4321832;Três Forquilhas;2914
43;RS;4321857;Três Palmeiras;4381
43;RS;4321907;Três Passos;23965
43;RS;4321956;Trindade do Sul;5787
43;RS;4322004;Triunfo;25793
43;RS;4322103;Tucunduva;5898
43;RS;4322152;Tunas;4395
43;RS;4322186;Tupanci do Sul;1573
43;RS;4322202;Tupanciretã;22281
43;RS;4322251;Tupandi;3924
43;RS;4322301;Tuparendi;8557
43;RS;4322327;Turuçu;3522
43;RS;4322343;Ubiretama;2296
43;RS;4322350;União da Serra;1487
43;RS;4322376;Unistalda;2450
43;RS;4322400;Uruguaiana;125435
43;RS;4322509;Vacaria;61342
43;RS;4322525;Vale Verde;3253
43;RS;4322533;Vale do Sol;11077
43;RS;4322541;Vale Real;5118
43;RS;4322558;Vanini;1984
43;RS;4322608;Venâncio Aires;65946
43;RS;4322707;Vera Cruz;23983
43;RS;4322806;Veranópolis;22810
43;RS;4322855;Vespasiano Corrêa;1974
43;RS;4322905;Viadutos;5311
43;RS;4323002;Viamão;239384
43;RS;4323101;Vicente Dutra;5285
43;RS;4323200;Victor Graeff;3036
43;RS;4323309;Vila Flores;3207
43;RS;4323358;Vila Lângaro;2152
43;RS;4323408;Vila Maria;4221
43;RS;4323457;Vila Nova do Sul;4221
43;RS;4323507;Vista Alegre;2832
43;RS;4323606;Vista Alegre do Prata;1569
43;RS;4323705;Vista Gaúcha;2759
43;RS;4323754;Vitória das Missões;3485
43;RS;4323770;Westfália;2793
43;RS;4323804;Xangri-lá;12434
50;MS;5000203;Água Clara;14424
50;MS;5000252;Alcinópolis;4569
50;MS;5000609;Amambai;34730
50;MS;5000708;Anastácio;23835
50;MS;5000807;Anaurilândia;8493
50;MS;5000856;Angélica;9185
50;MS;5000906;Antônio João;8208
50;MS;5001003;Aparecida do Taboado;22320
50;MS;5001102;Aquidauana;45614
50;MS;5001243;Aral Moreira;10251
50;MS;5001508;Bandeirantes;6609
50;MS;5001904;Bataguassu;19839
50;MS;5002001;Batayporã;10936
50;MS;5002100;Bela Vista;23181
50;MS;5002159;Bodoquena;7985
50;MS;5002209;Bonito;19587
50;MS;5002308;Brasilândia;11826
50;MS;5002407;Caarapó;25767
50;MS;5002605;Camapuã;13625
50;MS;5002704;Campo Grande;786797
50;MS;5002803;Caracol;5398
50;MS;5002902;Cassilândia;20966
50;MS;5002951;Chapadão do Sul;19648
50;MS;5003108;Corguinho;4862
50;MS;5003157;Coronel Sapucaia;14064
50;MS;5003207;Corumbá;103703
50;MS;5003256;Costa Rica;19695
50;MS;5003306;Coxim;32159
50;MS;5003454;Deodápolis;12139
50;MS;5003488;Dois Irmãos do Buriti;10363
50;MS;5003504;Douradina;5364
50;MS;5003702;Dourados;196035
50;MS;5003751;Eldorado;11694
50;MS;5003801;Fátima do Sul;19035
50;MS;5003900;Figueirão;2928
50;MS;5004007;Glória de Dourados;9927
50;MS;5004106;Guia Lopes da Laguna;10366
50;MS;5004304;Iguatemi;14875
50;MS;5004403;Inocência;7669
50;MS;5004502;Itaporã;20865
50;MS;5004601;Itaquiraí;18614
50;MS;5004700;Ivinhema;22341
50;MS;5004809;Japorã;7731
50;MS;5004908;Jaraguari;6341
50;MS;5005004;Jardim;24346
50;MS;5005103;Jateí;4011
50;MS;5005152;Juti;5900
50;MS;5005202;Ladário;19617
50;MS;5005251;Laguna Carapã;6491
50;MS;5005400;Maracaju;37405
50;MS;5005608;Miranda;25595
50;MS;5005681;Mundo Novo;17043
50;MS;5005707;Naviraí;46424
50;MS;5005806;Nioaque;14391
50;MS;5006002;Nova Alvorada do Sul;16432
50;MS;5006200;Nova Andradina;45585
50;MS;5006259;Novo Horizonte do Sul;4940
50;MS;5006275;Paraíso das Águas;NA
50;MS;5006309;Paranaíba;40192
50;MS;5006358;Paranhos;12350
50;MS;5006408;Pedro Gomes;7967
50;MS;5006606;Ponta Porã;77872
50;MS;5006903;Porto Murtinho;15372
50;MS;5007109;Ribas do Rio Pardo;20946
50;MS;5007208;Rio Brilhante;30663
50;MS;5007307;Rio Negro;5036
50;MS;5007406;Rio Verde de Mato Grosso;18890
50;MS;5007505;Rochedo;4928
50;MS;5007554;Santa Rita do Pardo;7259
50;MS;5007695;São Gabriel do Oeste;22203
50;MS;5007703;Sete Quedas;10780
50;MS;5007802;Selvíria;6287
50;MS;5007901;Sidrolândia;42132
50;MS;5007935;Sonora;14833
50;MS;5007950;Tacuru;10215
50;MS;5007976;Taquarussu;3518
50;MS;5008008;Terenos;17146
50;MS;5008305;Três Lagoas;101791
50;MS;5008404;Vicentina;5901
51;MT;5100102;Acorizal;5516
51;MT;5100201;Água Boa;20856
51;MT;5100250;Alta Floresta;49164
51;MT;5100300;Alto Araguaia;15644
51;MT;5100359;Alto Boa Vista;5247
51;MT;5100409;Alto Garças;10350
51;MT;5100508;Alto Paraguai;10066
51;MT;5100607;Alto Taquari;8072
51;MT;5100805;Apiacás;8567
51;MT;5101001;Araguaiana;3197
51;MT;5101209;Araguainha;1096
51;MT;5101258;Araputanga;15342
51;MT;5101308;Arenápolis;10316
51;MT;5101407;Aripuanã;18656
51;MT;5101605;Barão de Melgaço;7591
51;MT;5101704;Barra do Bugres;31793
51;MT;5101803;Barra do Garças;56560
51;MT;5101852;Bom Jesus do Araguaia;5314
51;MT;5101902;Brasnorte;15357
51;MT;5102504;Cáceres;87942
51;MT;5102603;Campinápolis;14305
51;MT;5102637;Campo Novo do Parecis;27577
51;MT;5102678;Campo Verde;31589
51;MT;5102686;Campos de Júlio;5154
51;MT;5102694;Canabrava do Norte;4786
51;MT;5102702;Canarana;18754
51;MT;5102793;Carlinda;10990
51;MT;5102850;Castanheira;8231
51;MT;5103007;Chapada dos Guimarães;17821
51;MT;5103056;Cláudia;11028
51;MT;5103106;Cocalinho;5490
51;MT;5103205;Colíder;30766
51;MT;5103254;Colniza;26381
51;MT;5103304;Comodoro;18178
51;MT;5103353;Confresa;25124
51;MT;5103361;Conquista D'Oeste;3385
51;MT;5103379;Cotriguaçu;14983
51;MT;5103403;Cuiabá;551098
51;MT;5103437;Curvelândia;4866
51;MT;5103452;Denise;8523
51;MT;5103502;Diamantino;20341
51;MT;5103601;Dom Aquino;8171
51;MT;5103700;Feliz Natal;10933
51;MT;5103809;Figueirópolis D'Oeste;3796
51;MT;5103858;Gaúcha do Norte;6293
51;MT;5103908;General Carneiro;5027
51;MT;5103957;Glória D'Oeste;3135
51;MT;5104104;Guarantã do Norte;32216
51;MT;5104203;Guiratinga;13934
51;MT;5104500;Indiavaí;2397
51;MT;5104526;Ipiranga do Norte;5123
51;MT;5104542;Itanhangá;5276
51;MT;5104559;Itaúba;4575
51;MT;5104609;Itiquira;11478
51;MT;5104807;Jaciara;25647
51;MT;5104906;Jangada;7696
51;MT;5105002;Jauru;10455
51;MT;5105101;Juara;32791
51;MT;5105150;Juína;39255
51;MT;5105176;Juruena;11201
51;MT;5105200;Juscimeira;11430
51;MT;5105234;Lambari D'Oeste;5431
51;MT;5105259;Lucas do Rio Verde;45556
51;MT;5105309;Luciara;2224
51;MT;5105507;Vila Bela da Santíssima Trindade;14493
51;MT;5105580;Marcelândia;12006
51;MT;5105606;Matupá;14174
51;MT;5105622;Mirassol d'Oeste;25299
51;MT;5105903;Nobres;15002
51;MT;5106000;Nortelândia;6436
51;MT;5106109;Nossa Senhora do Livramento;11609
51;MT;5106158;Nova Bandeirantes;11643
51;MT;5106174;Nova Nazaré;3029
51;MT;5106182;Nova Lacerda;5436
51;MT;5106190;Nova Santa Helena;3468
51;MT;5106208;Nova Brasilândia;4587
51;MT;5106216;Nova Canaã do Norte;12127
51;MT;5106224;Nova Mutum;31649
51;MT;5106232;Nova Olímpia;17515
51;MT;5106240;Nova Ubiratã;9218
51;MT;5106257;Nova Xavantina;19643
51;MT;5106265;Novo Mundo;7332
51;MT;5106273;Novo Horizonte do Norte;3749
51;MT;5106281;Novo São Joaquim;6042
51;MT;5106299;Paranaíta;10684
51;MT;5106307;Paranatinga;19290
51;MT;5106315;Novo Santo Antônio;2005
51;MT;5106372;Pedra Preta;15755
51;MT;5106422;Peixoto de Azevedo;30812
51;MT;5106455;Planalto da Serra;2726
51;MT;5106505;Poconé;31779
51;MT;5106653;Pontal do Araguaia;5395
51;MT;5106703;Ponte Branca;1768
51;MT;5106752;Pontes e Lacerda;41408
51;MT;5106778;Porto Alegre do Norte;10748
51;MT;5106802;Porto dos Gaúchos;5449
51;MT;5106828;Porto Esperidião;11031
51;MT;5106851;Porto Estrela;3649
51;MT;5107008;Poxoréu;17599
51;MT;5107040;Primavera do Leste;52066
51;MT;5107065;Querência;13033
51;MT;5107107;São José dos Quatro Marcos;18998
51;MT;5107156;Reserva do Cabaçal;2572
51;MT;5107180;Ribeirão Cascalheira;8881
51;MT;5107198;Ribeirãozinho;2199
51;MT;5107206;Rio Branco;5070
51;MT;5107248;Santa Carmem;4085
51;MT;5107263;Santo Afonso;2991
51;MT;5107297;São José do Povo;3592
51;MT;5107305;São José do Rio Claro;17124
51;MT;5107354;São José do Xingu;5240
51;MT;5107404;São Pedro da Cipa;4158
51;MT;5107578;Rondolândia;3604
51;MT;5107602;Rondonópolis;195476
51;MT;5107701;Rosário Oeste;17679
51;MT;5107743;Santa Cruz do Xingu;1900
51;MT;5107750;Salto do Céu;3908
51;MT;5107768;Santa Rita do Trivelato;2491
51;MT;5107776;Santa Terezinha;7397
51;MT;5107792;Santo Antônio do Leste;3754
51;MT;5107800;Santo Antônio do Leverger;18463
51;MT;5107859;São Félix do Araguaia;10625
51;MT;5107875;Sapezal;18094
51;MT;5107883;Serra Nova Dourada;1365
51;MT;5107909;Sinop;113099
51;MT;5107925;Sorriso;66521
51;MT;5107941;Tabaporã;9932
51;MT;5107958;Tangará da Serra;83431
51;MT;5108006;Tapurah;10392
51;MT;5108055;Terra Nova do Norte;11291
51;MT;5108105;Tesouro;3418
51;MT;5108204;Torixoréu;4071
51;MT;5108303;União do Sul;3760
51;MT;5108352;Vale de São Domingos;3052
51;MT;5108402;Várzea Grande;252596
51;MT;5108501;Vera;10235
51;MT;5108600;Vila Rica;21382
51;MT;5108808;Nova Guarita;4932
51;MT;5108857;Nova Marilândia;2951
51;MT;5108907;Nova Maringá;6590
51;MT;5108956;Nova Monte Verde;8093
52;GO;5200050;Abadia de Goiás;6876
52;GO;5200100;Abadiânia;15757
52;GO;5200134;Acreúna;20279
52;GO;5200159;Adelândia;2477
52;GO;5200175;Água Fria de Goiás;5090
52;GO;5200209;Água Limpa;2013
52;GO;5200258;Águas Lindas de Goiás;159378
52;GO;5200308;Alexânia;23814
52;GO;5200506;Aloândia;2051
52;GO;5200555;Alto Horizonte;4505
52;GO;5200605;Alto Paraíso de Goiás;6885
52;GO;5200803;Alvorada do Norte;8084
52;GO;5200829;Amaralina;3434
52;GO;5200852;Americano do Brasil;5508
52;GO;5200902;Amorinópolis;3609
52;GO;5201108;Anápolis;334613
52;GO;5201207;Anhanguera;1020
52;GO;5201306;Anicuns;20239
52;GO;5201405;Aparecida de Goiânia;455657
52;GO;5201454;Aparecida do Rio Doce;2427
52;GO;5201504;Aporé;3803
52;GO;5201603;Araçu;3802
52;GO;5201702;Aragarças;18305
52;GO;5201801;Aragoiânia;8365
52;GO;5202155;Araguapaz;7510
52;GO;5202353;Arenópolis;3277
52;GO;5202502;Aruanã;7496
52;GO;5202601;Aurilândia;3650
52;GO;5202809;Avelinópolis;2450
52;GO;5203104;Baliza;3714
52;GO;5203203;Barro Alto;8716
52;GO;5203302;Bela Vista de Goiás;24554
52;GO;5203401;Bom Jardim de Goiás;8423
52;GO;5203500;Bom Jesus de Goiás;20727
52;GO;5203559;Bonfinópolis;7536
52;GO;5203575;Bonópolis;3503
52;GO;5203609;Brazabrantes;3232
52;GO;5203807;Britânia;5509
52;GO;5203906;Buriti Alegre;9054
52;GO;5203939;Buriti de Goiás;2560
52;GO;5203962;Buritinópolis;3321
52;GO;5204003;Cabeceiras;7354
52;GO;5204102;Cachoeira Alta;10553
52;GO;5204201;Cachoeira de Goiás;1417
52;GO;5204250;Cachoeira Dourada;8254
52;GO;5204300;Caçu;13283
52;GO;5204409;Caiapônia;16757
52;GO;5204508;Caldas Novas;70473
52;GO;5204557;Caldazinha;3325
52;GO;5204607;Campestre de Goiás;3387
52;GO;5204656;Campinaçu;3656
52;GO;5204706;Campinorte;11111
52;GO;5204805;Campo Alegre de Goiás;6060
52;GO;5204854;Campo Limpo de Goiás;6241
52;GO;5204904;Campos Belos;18410
52;GO;5204953;Campos Verdes;5020
52;GO;5205000;Carmo do Rio Verde;8928
52;GO;5205059;Castelândia;3638
52;GO;5205109;Catalão;86647
52;GO;5205208;Caturaí;4686
52;GO;5205307;Cavalcante;9392
52;GO;5205406;Ceres;20722
52;GO;5205455;Cezarina;7545
52;GO;5205471;Chapadão do Céu;7001
52;GO;5205497;Cidade Ocidental;55915
52;GO;5205513;Cocalzinho de Goiás;17407
52;GO;5205521;Colinas do Sul;3523
52;GO;5205703;Córrego do Ouro;2632
52;GO;5205802;Corumbá de Goiás;10361
52;GO;5205901;Corumbaíba;8181
52;GO;5206206;Cristalina;46580
52;GO;5206305;Cristianópolis;2932
52;GO;5206404;Crixás;15760
52;GO;5206503;Cromínia;3555
52;GO;5206602;Cumari;2964
52;GO;5206701;Damianópolis;3292
52;GO;5206800;Damolândia;2747
52;GO;5206909;Davinópolis;2056
52;GO;5207105;Diorama;2479
52;GO;5207253;Doverlândia;7892
52;GO;5207352;Edealina;3733
52;GO;5207402;Edéia;11266
52;GO;5207501;Estrela do Norte;3320
52;GO;5207535;Faina;6983
52;GO;5207600;Fazenda Nova;6322
52;GO;5207808;Firminópolis;11580
52;GO;5207907;Flores de Goiás;12066
52;GO;5208004;Formosa;100085
52;GO;5208103;Formoso;4883
52;GO;5208152;Gameleira de Goiás;3275
52;GO;5208301;Divinópolis de Goiás;4962
52;GO;5208400;Goianápolis;10695
52;GO;5208509;Goiandira;5265
52;GO;5208608;Goianésia;59549
52;GO;5208707;Goiânia;1302001
52;GO;5208806;Goianira;34060
52;GO;5208905;Goiás;24727
52;GO;5209101;Goiatuba;32492
52;GO;5209150;Gouvelândia;4949
52;GO;5209200;Guapó;13976
52;GO;5209291;Guaraíta;2376
52;GO;5209408;Guarani de Goiás;4258
52;GO;5209457;Guarinos;2299
52;GO;5209606;Heitoraí;3571
52;GO;5209705;Hidrolândia;17398
52;GO;5209804;Hidrolina;4029
52;GO;5209903;Iaciara;12427
52;GO;5209937;Inaciolândia;5699
52;GO;5209952;Indiara;13687
52;GO;5210000;Inhumas;48246
52;GO;5210109;Ipameri;24735
52;GO;5210158;Ipiranga de Goiás;2844
52;GO;5210208;Iporá;31274
52;GO;5210307;Israelândia;2887
52;GO;5210406;Itaberaí;35371
52;GO;5210562;Itaguari;4513
52;GO;5210604;Itaguaru;5437
52;GO;5210802;Itajá;5062
52;GO;5210901;Itapaci;18458
52;GO;5211008;Itapirapuã;7835
52;GO;5211206;Itapuranga;26125
52;GO;5211305;Itarumã;6300
52;GO;5211404;Itauçu;8575
52;GO;5211503;Itumbiara;92883
52;GO;5211602;Ivolândia;2663
52;GO;5211701;Jandaia;6164
52;GO;5211800;Jaraguá;41870
52;GO;5211909;Jataí;88006
52;GO;5212006;Jaupaci;3000
52;GO;5212055;Jesúpolis;2300
52;GO;5212105;Joviânia;7118
52;GO;5212204;Jussara;19153
52;GO;5212253;Lagoa Santa;1254
52;GO;5212303;Leopoldo de Bulhões;7882
52;GO;5212501;Luziânia;174531
52;GO;5212600;Mairipotaba;2374
52;GO;5212709;Mambaí;6871
52;GO;5212808;Mara Rosa;10649
52;GO;5212907;Marzagão;2072
52;GO;5212956;Matrinchã;4414
52;GO;5213004;Maurilândia;11521
52;GO;5213053;Mimoso de Goiás;2685
52;GO;5213087;Minaçu;31154
52;GO;5213103;Mineiros;52935
52;GO;5213400;Moiporá;1763
52;GO;5213509;Monte Alegre de Goiás;7730
52;GO;5213707;Montes Claros de Goiás;7987
52;GO;5213756;Montividiu;10572
52;GO;5213772;Montividiu do Norte;4122
52;GO;5213806;Morrinhos;41460
52;GO;5213855;Morro Agudo de Goiás;2356
52;GO;5213905;Mossâmedes;5007
52;GO;5214002;Mozarlândia;13404
52;GO;5214051;Mundo Novo;6438
52;GO;5214101;Mutunópolis;3849
52;GO;5214408;Nazário;7874
52;GO;5214507;Nerópolis;24210
52;GO;5214606;Niquelândia;42361
52;GO;5214705;Nova América;2259
52;GO;5214804;Nova Aurora;2062
52;GO;5214838;Nova Crixás;11927
52;GO;5214861;Nova Glória;8508
52;GO;5214879;Nova Iguaçu de Goiás;2826
52;GO;5214903;Nova Roma;3471
52;GO;5215009;Nova Veneza;8129
52;GO;5215207;Novo Brasil;3519
52;GO;5215231;Novo Gama;95018
52;GO;5215256;Novo Planalto;3956
52;GO;5215306;Orizona;14300
52;GO;5215405;Ouro Verde de Goiás;4034
52;GO;5215504;Ouvidor;5467
52;GO;5215603;Padre Bernardo;27671
52;GO;5215652;Palestina de Goiás;3371
52;GO;5215702;Palmeiras de Goiás;23338
52;GO;5215801;Palmelo;2335
52;GO;5215900;Palminópolis;3557
52;GO;5216007;Panamá;2682
52;GO;5216304;Paranaiguara;9100
52;GO;5216403;Paraúna;10863
52;GO;5216452;Perolândia;2950
52;GO;5216809;Petrolina de Goiás;10283
52;GO;5216908;Pilar de Goiás;2773
52;GO;5217104;Piracanjuba;24026
52;GO;5217203;Piranhas;11266
52;GO;5217302;Pirenópolis;23006
52;GO;5217401;Pires do Rio;28762
52;GO;5217609;Planaltina;81649
52;GO;5217708;Pontalina;17121
52;GO;5218003;Porangatu;42355
52;GO;5218052;Porteirão;3347
52;GO;5218102;Portelândia;3839
52;GO;5218300;Posse;31419
52;GO;5218391;Professor Jamil;3239
52;GO;5218508;Quirinópolis;43220
52;GO;5218607;Rialma;10523
52;GO;5218706;Rianápolis;4566
52;GO;5218789;Rio Quente;3312
52;GO;5218805;Rio Verde;176424
52;GO;5218904;Rubiataba;18915
52;GO;5219001;Sanclerlândia;7550
52;GO;5219100;Santa Bárbara de Goiás;5751
52;GO;5219209;Santa Cruz de Goiás;3142
52;GO;5219258;Santa Fé de Goiás;4762
52;GO;5219308;Santa Helena de Goiás;36469
52;GO;5219357;Santa Isabel;3686
52;GO;5219407;Santa Rita do Araguaia;6924
52;GO;5219456;Santa Rita do Novo Destino;3173
52;GO;5219506;Santa Rosa de Goiás;2909
52;GO;5219605;Santa Tereza de Goiás;3995
52;GO;5219704;Santa Terezinha de Goiás;10302
52;GO;5219712;Santo Antônio da Barra;4423
52;GO;5219738;Santo Antônio de Goiás;4703
52;GO;5219753;Santo Antônio do Descoberto;63248
52;GO;5219803;São Domingos;11272
52;GO;5219902;São Francisco de Goiás;6120
52;GO;5220009;São João d'Aliança;10257
52;GO;5220058;São João da Paraúna;1689
52;GO;5220108;São Luís de Montes Belos;30034
52;GO;5220157;São Luiz do Norte;4617
52;GO;5220207;São Miguel do Araguaia;22283
52;GO;5220264;São Miguel do Passa Quatro;3757
52;GO;5220280;São Patrício;1991
52;GO;5220405;São Simão;17088
52;GO;5220454;Senador Canedo;84443
52;GO;5220504;Serranópolis;7481
52;GO;5220603;Silvânia;19089
52;GO;5220686;Simolândia;6514
52;GO;5220702;Sítio d'Abadia;2825
52;GO;5221007;Taquaral de Goiás;3541
52;GO;5221080;Teresina de Goiás;3016
52;GO;5221197;Terezópolis de Goiás;6561
52;GO;5221304;Três Ranchos;2819
52;GO;5221403;Trindade;104488
52;GO;5221452;Trombas;3452
52;GO;5221502;Turvânia;4839
52;GO;5221551;Turvelândia;4399
52;GO;5221577;Uirapuru;2933
52;GO;5221601;Uruaçu;36929
52;GO;5221700;Uruana;13826
52;GO;5221809;Urutaí;3074
52;GO;5221858;Valparaíso de Goiás;132982
52;GO;5221908;Varjão;3659
52;GO;5222005;Vianópolis;12548
52;GO;5222054;Vicentinópolis;7371
52;GO;5222203;Vila Boa;4735
52;GO;5222302;Vila Propício;5145
53;DF;5300108;Brasília;2570160
