COD. UF;UF;CODMUN7;NOME DO MUNICÍPIO;POP22
11;RO;1100015;Alta Floresta D'Oeste;21495
11;RO;1100023;Ariquemes;96833
11;RO;1100031;Cabixi;5363
11;RO;1100049;Cacoal;86895
11;RO;1100056;Cerejeiras;15890
11;RO;1100064;Colorado do Oeste;15663
11;RO;1100072;Corumbiara;7519
11;RO;1100080;Costa Marques;12627
11;RO;1100098;Espigão D'Oeste;29397
11;RO;1100106;Guajará-Mirim;39386
11;RO;1100114;Jaru;50591
11;RO;1100122;Ji-Paraná;124333
11;RO;1100130;Machadinho D'Oeste;30707
11;RO;1100148;Nova Brasilândia D'Oeste;15679
11;RO;1100155;Ouro Preto do Oeste;35044
11;RO;1100189;Pimenta Bueno;34998
11;RO;1100205;Porto Velho;460413
11;RO;1100254;Presidente Médici;19327
11;RO;1100262;Rio Crespo;3471
11;RO;1100288;Rolim de Moura;56406
11;RO;1100296;Santa Luzia D'Oeste;7419
11;RO;1100304;Vilhena;95832
11;RO;1100320;São Miguel do Guaporé;21635
11;RO;1100338;Nova Mamoré;25444
11;RO;1100346;Alvorada D'Oeste;13117
11;RO;1100379;Alto Alegre dos Parecis;11479
11;RO;1100403;Alto Paraíso;16320
11;RO;1100452;Buritis;27992
11;RO;1100502;Novo Horizonte do Oeste;7667
11;RO;1100601;Cacaulândia;4150
11;RO;1100700;Campo Novo de Rondônia;8844
11;RO;1100809;Candeias do Jamari;22238
11;RO;1100908;Castanheiras;3233
11;RO;1100924;Chupinguaia;9324
11;RO;1100940;Cujubim;14863
11;RO;1101005;Governador Jorge Teixeira;8001
11;RO;1101104;Itapuã do Oeste;8541
11;RO;1101203;Ministro Andreazza;6466
11;RO;1101302;Mirante da Serra;9235
11;RO;1101401;Monte Negro;11548
11;RO;1101435;Nova União;6200
11;RO;1101450;Parecis;4125
11;RO;1101468;Pimenteiras do Oeste;2156
11;RO;1101476;Primavera de Rondônia;3074
11;RO;1101484;São Felipe D'Oeste;5258
11;RO;1101492;São Francisco do Guaporé;16286
11;RO;1101500;Seringueiras;11171
11;RO;1101559;Teixeirópolis;4256
11;RO;1101609;Theobroma;8113
11;RO;1101708;Urupá;10725
11;RO;1101757;Vale do Anari;7788
11;RO;1101807;Vale do Paraíso;6479
12;AC;1200013;Acrelândia;14021
12;AC;1200054;Assis Brasil;8100
12;AC;1200104;Brasiléia;26000
12;AC;1200138;Bujari;12917
12;AC;1200179;Capixaba;10392
12;AC;1200203;Cruzeiro do Sul;91888
12;AC;1200252;Epitaciolândia;18757
12;AC;1200302;Feijó;35426
12;AC;1200328;Jordão;9222
12;AC;1200336;Mâncio Lima;19300
12;AC;1200344;Manoel Urbano;11996
12;AC;1200351;Marechal Thaumaturgo;17093
12;AC;1200385;Plácido de Castro;16560
12;AC;1200393;Porto Walter;10735
12;AC;1200401;Rio Branco;364756
12;AC;1200427;Rodrigues Alves;14938
12;AC;1200435;Santa Rosa do Purus;6723
12;AC;1200450;Senador Guiomard;21453
12;AC;1200500;Sena Madureira;41349
12;AC;1200609;Tarauacá;43464
12;AC;1200708;Xapuri;18243
12;AC;1200807;Porto Acre;16693
13;AM;1300029;Alvarães;15866
13;AM;1300060;Amaturá;10819
13;AM;1300086;Anamã;9962
13;AM;1300102;Anori;17194
13;AM;1300144;Apuí;20647
13;AM;1300201;Atalaia do Norte;15314
13;AM;1300300;Autazes;41582
13;AM;1300409;Barcelos;18831
13;AM;1300508;Barreirinha;31065
13;AM;1300607;Benjamin Constant;37648
13;AM;1300631;Beruri;20718
13;AM;1300680;Boa Vista do Ramos;23785
13;AM;1300706;Boca do Acre;35447
13;AM;1300805;Borba;33056
13;AM;1300839;Caapiranga;13473
13;AM;1300904;Canutama;16869
13;AM;1301001;Carauari;28742
13;AM;1301100;Careiro;30792
13;AM;1301159;Careiro da Várzea;19638
13;AM;1301209;Coari;70496
13;AM;1301308;Codajás;23549
13;AM;1301407;Eirunepé;33170
13;AM;1301506;Envira;17186
13;AM;1301605;Fonte Boa;25871
13;AM;1301654;Guajará;13815
13;AM;1301704;Humaitá;57473
13;AM;1301803;Ipixuna;24311
13;AM;1301852;Iranduba;60993
13;AM;1301902;Itacoatiara;103598
13;AM;1301951;Itamarati;10937
13;AM;1302009;Itapiranga;10162
13;AM;1302108;Japurá;8858
13;AM;1302207;Juruá;10742
13;AM;1302306;Jutaí;25172
13;AM;1302405;Lábrea;45448
13;AM;1302504;Manacapuru;101883
13;AM;1302553;Manaquiri;17107
13;AM;1302603;Manaus;2063547
13;AM;1302702;Manicoré;53914
13;AM;1302801;Maraã;15520
13;AM;1302900;Maués;61204
13;AM;1303007;Nhamundá;20135
13;AM;1303106;Nova Olinda do Norte;27062
13;AM;1303205;Novo Airão;15761
13;AM;1303304;Novo Aripuanã;23817
13;AM;1303403;Parintins;96372
13;AM;1303502;Pauini;19373
13;AM;1303536;Presidente Figueiredo;30668
13;AM;1303569;Rio Preto da Eva;24936
13;AM;1303601;Santa Isabel do Rio Negro;14164
13;AM;1303700;Santo Antônio do Içá;28211
13;AM;1303809;São Gabriel da Cachoeira;51795
13;AM;1303908;São Paulo de Olivença;32967
13;AM;1303957;São Sebastião do Uatumã;11670
13;AM;1304005;Silves;11559
13;AM;1304062;Tabatinga;66764
13;AM;1304104;Tapauá;19599
13;AM;1304203;Tefé;73669
13;AM;1304237;Tonantins;19247
13;AM;1304260;Uarini;14431
13;AM;1304302;Urucará;18626
13;AM;1304401;Urucurituba;23945
14;RR;1400027;Amajari;13927
14;RR;1400050;Alto Alegre;21066
14;RR;1400100;Boa Vista;413486
14;RR;1400159;Bonfim;13897
14;RR;1400175;Cantá;18682
14;RR;1400209;Caracaraí;20957
14;RR;1400233;Caroebe;10656
14;RR;1400282;Iracema;10023
14;RR;1400308;Mucajaí;18064
14;RR;1400407;Normandia;13669
14;RR;1400456;Pacaraima;19305
14;RR;1400472;Rorainópolis;32647
14;RR;1400506;São João da Baliza;8858
14;RR;1400605;São Luiz;7315
14;RR;1400704;Uiramutã;13751
15;PA;1500107;Abaetetuba;158188
15;PA;1500131;Abel Figueiredo;7030
15;PA;1500206;Acará;57385
15;PA;1500305;Afuá;37765
15;PA;1500347;Água Azul do Norte;18080
15;PA;1500404;Alenquer;69377
15;PA;1500503;Almeirim;34280
15;PA;1500602;Altamira;126279
15;PA;1500701;Anajás;28011
15;PA;1500800;Ananindeua;478778
15;PA;1500859;Anapu;31850
15;PA;1500909;Augusto Corrêa;44573
15;PA;1500958;Aurora do Pará;23632
15;PA;1501006;Aveiro;18290
15;PA;1501105;Bagre;34711
15;PA;1501204;Baião;51641
15;PA;1501253;Bannach;4031
15;PA;1501303;Barcarena;126650
15;PA;1501402;Belém;1303389
15;PA;1501451;Belterra;18099
15;PA;1501501;Benevides;63567
15;PA;1501576;Bom Jesus do Tocantins;18005
15;PA;1501600;Bonito;12622
15;PA;1501709;Bragança;123082
15;PA;1501725;Brasil Novo;24718
15;PA;1501758;Brejo Grande do Araguaia;6783
15;PA;1501782;Breu Branco;45712
15;PA;1501808;Breves;106968
15;PA;1501907;Bujaru;24383
15;PA;1501956;Cachoeira do Piriá;19630
15;PA;1502004;Cachoeira do Arari;23981
15;PA;1502103;Cametá;134184
15;PA;1502152;Canaã dos Carajás;77079
15;PA;1502202;Capanema;70394
15;PA;1502301;Capitão Poço;56332
15;PA;1502400;Castanhal;192262
15;PA;1502509;Chaves;20757
15;PA;1502608;Colares;12868
15;PA;1502707;Conceição do Araguaia;44617
15;PA;1502756;Concórdia do Pará;26881
15;PA;1502764;Cumaru do Norte;14036
15;PA;1502772;Curionópolis;19950
15;PA;1502806;Curralinho;33903
15;PA;1502855;Curuá;14117
15;PA;1502905;Curuçá;40342
15;PA;1502939;Dom Eliseu;58484
15;PA;1502954;Eldorado do Carajás;28192
15;PA;1503002;Faro;8728
15;PA;1503044;Floresta do Araguaia;17898
15;PA;1503077;Garrafão do Norte;24703
15;PA;1503093;Goianésia do Pará;26280
15;PA;1503101;Gurupá;31788
15;PA;1503200;Igarapé-Açu;35797
15;PA;1503309;Igarapé-Miri;64831
15;PA;1503408;Inhangapi;10325
15;PA;1503457;Ipixuna do Pará;30329
15;PA;1503507;Irituia;30955
15;PA;1503606;Itaituba;123312
15;PA;1503705;Itupiranga;49752
15;PA;1503754;Jacareacanga;24042
15;PA;1503804;Jacundá;37707
15;PA;1503903;Juruti;50881
15;PA;1504000;Limoeiro do Ajuru;29569
15;PA;1504059;Mãe do Rio;34353
15;PA;1504109;Magalhães Barata;8115
15;PA;1504208;Marabá;266536
15;PA;1504307;Maracanã;25812
15;PA;1504406;Marapanim;26471
15;PA;1504422;Marituba;110515
15;PA;1504455;Medicilândia;27077
15;PA;1504505;Melgaço;27876
15;PA;1504604;Mocajuba;27198
15;PA;1504703;Moju;83039
15;PA;1504752;Mojuí dos Campos;23501
15;PA;1504802;Monte Alegre;60016
15;PA;1504901;Muaná;45368
15;PA;1504950;Nova Esperança do Piriá;20478
15;PA;1504976;Nova Ipixuna;13955
15;PA;1505007;Nova Timboteua;12806
15;PA;1505031;Novo Progresso;33638
15;PA;1505064;Novo Repartimento;60732
15;PA;1505106;Óbidos;52229
15;PA;1505205;Oeiras do Pará;33844
15;PA;1505304;Oriximiná;68294
15;PA;1505403;Ourém;17855
15;PA;1505437;Ourilândia do Norte;32467
15;PA;1505486;Pacajá;41097
15;PA;1505494;Palestina do Pará;6885
15;PA;1505502;Paragominas;105538
15;PA;1505536;Parauapebas;266424
15;PA;1505551;Pau D'Arco;6931
15;PA;1505601;Peixe-Boi;8285
15;PA;1505635;Piçarra;12832
15;PA;1505650;Placas;18668
15;PA;1505700;Ponta de Pedras;24984
15;PA;1505809;Portel;62445
15;PA;1505908;Porto de Moz;40597
15;PA;1506005;Prainha;35577
15;PA;1506104;Primavera;10677
15;PA;1506112;Quatipuru;11524
15;PA;1506138;Redenção;85597
15;PA;1506161;Rio Maria;18384
15;PA;1506187;Rondon do Pará;53143
15;PA;1506195;Rurópolis;35769
15;PA;1506203;Salinópolis;44772
15;PA;1506302;Salvaterra;24129
15;PA;1506351;Santa Bárbara do Pará;21089
15;PA;1506401;Santa Cruz do Arari;7445
15;PA;1506500;Santa Izabel do Pará;73019
15;PA;1506559;Santa Luzia do Pará;20370
15;PA;1506583;Santa Maria das Barreiras;16548
15;PA;1506609;Santa Maria do Pará;24624
15;PA;1506708;Santana do Araguaia;32413
15;PA;1506807;Santarém;331937
15;PA;1506906;Santarém Novo;6116
15;PA;1507003;Santo Antônio do Tauá;27461
15;PA;1507102;São Caetano de Odivelas;16666
15;PA;1507151;São Domingos do Araguaia;21092
15;PA;1507201;São Domingos do Capim;30599
15;PA;1507300;São Félix do Xingu;65418
15;PA;1507409;São Francisco do Pará;14894
15;PA;1507458;São Geraldo do Araguaia;24255
15;PA;1507466;São João da Ponta;4430
15;PA;1507474;São João de Pirabas;20689
15;PA;1507508;São João do Araguaia;13465
15;PA;1507607;São Miguel do Guamá;52895
15;PA;1507706;São Sebastião da Boa Vista;25643
15;PA;1507755;Sapucaia;5847
15;PA;1507805;Senador José Porfírio;22576
15;PA;1507904;Soure;24204
15;PA;1507953;Tailândia;72493
15;PA;1507961;Terra Alta;10400
15;PA;1507979;Terra Santa;18782
15;PA;1508001;Tomé-Açu;67305
15;PA;1508035;Tracuateua;28595
15;PA;1508050;Trairão;15242
15;PA;1508084;Tucumã;39550
15;PA;1508100;Tucuruí;91306
15;PA;1508126;Ulianópolis;37972
15;PA;1508159;Uruará;43558
15;PA;1508209;Vigia;50832
15;PA;1508308;Viseu;58692
15;PA;1508357;Vitória do Xingu;15599
15;PA;1508407;Xinguara;52893
16;AP;1600055;Serra do Navio;4673
16;AP;1600105;Amapá;7943
16;AP;1600154;Pedra Branca do Amapari;12847
16;AP;1600204;Calçoene;10612
16;AP;1600212;Cutias;4461
16;AP;1600238;Ferreira Gomes;6666
16;AP;1600253;Itaubal;5599
16;AP;1600279;Laranjal do Jari;35114
16;AP;1600303;Macapá;442933
16;AP;1600402;Mazagão;21918
16;AP;1600501;Oiapoque;27482
16;AP;1600535;Porto Grande;17848
16;AP;1600550;Pracuúba;3803
16;AP;1600600;Santana;107373
16;AP;1600709;Tartarugalzinho;12945
16;AP;1600808;Vitória do Jari;11291
17;TO;1700251;Abreulândia;2576
17;TO;1700301;Aguiarnópolis;4497
17;TO;1700350;Aliança do Tocantins;5147
17;TO;1700400;Almas;6499
17;TO;1700707;Alvorada;8802
17;TO;1701002;Ananás;10325
17;TO;1701051;Angico;2876
17;TO;1701101;Aparecida do Rio Negro;4856
17;TO;1701309;Aragominas;5290
17;TO;1701903;Araguacema;5927
17;TO;1702000;Araguaçu;8133
17;TO;1702109;Araguaína;171301
17;TO;1702158;Araguanã;4310
17;TO;1702208;Araguatins;31918
17;TO;1702307;Arapoema;5550
17;TO;1702406;Arraias;10287
17;TO;1702554;Augustinópolis;17484
17;TO;1702703;Aurora do Tocantins;3342
17;TO;1702901;Axixá do Tocantins;10262
17;TO;1703008;Babaçulândia;7880
17;TO;1703057;Bandeirantes do Tocantins;3407
17;TO;1703073;Barra do Ouro;4476
17;TO;1703107;Barrolândia;4846
17;TO;1703206;Bernardo Sayão;4229
17;TO;1703305;Bom Jesus do Tocantins;4033
17;TO;1703602;Brasilândia do Tocantins;1974
17;TO;1703701;Brejinho de Nazaré;4725
17;TO;1703800;Buriti do Tocantins;10307
17;TO;1703826;Cachoeirinha;1961
17;TO;1703842;Campos Lindos;8653
17;TO;1703867;Cariri do Tocantins;4007
17;TO;1703883;Carmolândia;2201
17;TO;1703891;Carrasco Bonito;3318
17;TO;1703909;Caseara;4847
17;TO;1704105;Centenário;2131
17;TO;1704600;Chapada de Areia;1501
17;TO;1705102;Chapada da Natividade;3117
17;TO;1705508;Colinas do Tocantins;34233
17;TO;1705557;Combinado;4756
17;TO;1705607;Conceição do Tocantins;3887
17;TO;1706001;Couto Magalhães;5331
17;TO;1706100;Cristalândia;6371
17;TO;1706258;Crixás do Tocantins;1470
17;TO;1706506;Darcinópolis;5827
17;TO;1707009;Dianópolis;17739
17;TO;1707108;Divinópolis do Tocantins;7024
17;TO;1707207;Dois Irmãos do Tocantins;6327
17;TO;1707306;Dueré;4248
17;TO;1707405;Esperantina;7530
17;TO;1707553;Fátima;3467
17;TO;1707652;Figueirópolis;5211
17;TO;1707702;Filadélfia;7712
17;TO;1708205;Formoso do Araguaia;18881
17;TO;1708254;Tabocão;3455
17;TO;1708304;Goianorte;4738
17;TO;1709005;Goiatins;12433
17;TO;1709302;Guaraí;24775
17;TO;1709500;Gurupi;85126
17;TO;1709807;Ipueiras;1590
17;TO;1710508;Itacajá;6819
17;TO;1710706;Itaguatins;5172
17;TO;1710904;Itapiratins;3577
17;TO;1711100;Itaporã do Tocantins;2404
17;TO;1711506;Jaú do Tocantins;3334
17;TO;1711803;Juarina;2243
17;TO;1711902;Lagoa da Confusão;15288
17;TO;1711951;Lagoa do Tocantins;3516
17;TO;1712009;Lajeado;3357
17;TO;1712157;Lavandeira;1626
17;TO;1712405;Lizarda;2999
17;TO;1712454;Luzinópolis;2717
17;TO;1712504;Marianópolis do Tocantins;4615
17;TO;1712702;Mateiros;2748
17;TO;1712801;Maurilândia do Tocantins;3095
17;TO;1713205;Miracema do Tocantins;18566
17;TO;1713304;Miranorte;12701
17;TO;1713601;Monte do Carmo;5694
17;TO;1713700;Monte Santo do Tocantins;2396
17;TO;1713809;Palmeiras do Tocantins;4872
17;TO;1713957;Muricilândia;3367
17;TO;1714203;Natividade;8754
17;TO;1714302;Nazaré;4521
17;TO;1714880;Nova Olinda;10367
17;TO;1715002;Nova Rosalândia;3362
17;TO;1715101;Novo Acordo;3969
17;TO;1715150;Novo Alegre;1846
17;TO;1715259;Novo Jardim;2230
17;TO;1715507;Oliveira de Fátima;1164
17;TO;1715705;Palmeirante;4798
17;TO;1715754;Palmeirópolis;6975
17;TO;1716109;Paraíso do Tocantins;52360
17;TO;1716208;Paranã;10542
17;TO;1716307;Pau D'Arco;4043
17;TO;1716505;Pedro Afonso;14055
17;TO;1716604;Peixe;9317
17;TO;1716653;Pequizeiro;4921
17;TO;1716703;Colméia;8941
17;TO;1717008;Pindorama do Tocantins;4478
17;TO;1717206;Piraquê;2282
17;TO;1717503;Pium;7128
17;TO;1717800;Ponte Alta do Bom Jesus;4220
17;TO;1717909;Ponte Alta do Tocantins;7586
17;TO;1718006;Porto Alegre do Tocantins;2866
17;TO;1718204;Porto Nacional;64418
17;TO;1718303;Praia Norte;9044
17;TO;1718402;Presidente Kennedy;3047
17;TO;1718451;Pugmil;2193
17;TO;1718501;Recursolândia;3421
17;TO;1718550;Riachinho;3960
17;TO;1718659;Rio da Conceição;1768
17;TO;1718709;Rio dos Bois;2738
17;TO;1718758;Rio Sono;4841
17;TO;1718808;Sampaio;4215
17;TO;1718840;Sandolândia;3723
17;TO;1718865;Santa Fé do Araguaia;7216
17;TO;1718881;Santa Maria do Tocantins;2680
17;TO;1718899;Santa Rita do Tocantins;2219
17;TO;1718907;Santa Rosa do Tocantins;4656
17;TO;1719004;Santa Tereza do Tocantins;2781
17;TO;1720002;Santa Terezinha do Tocantins;2406
17;TO;1720101;São Bento do Tocantins;5654
17;TO;1720150;São Félix do Tocantins;1783
17;TO;1720200;São Miguel do Tocantins;13241
17;TO;1720259;São Salvador do Tocantins;2385
17;TO;1720309;São Sebastião do Tocantins;4100
17;TO;1720499;São Valério;4422
17;TO;1720655;Silvanópolis;5108
17;TO;1720804;Sítio Novo do Tocantins;10830
17;TO;1720853;Sucupira;1577
17;TO;1720903;Taguatinga;14011
17;TO;1720937;Taipas do Tocantins;2021
17;TO;1720978;Talismã;2456
17;TO;1721000;Palmas;302692
17;TO;1721109;Tocantínia;7459
17;TO;1721208;Tocantinópolis;22615
17;TO;1721257;Tupirama;1909
17;TO;1721307;Tupiratins;1874
17;TO;1722081;Wanderlândia;10522
17;TO;1722107;Xambioá;10517
21;MA;2100055;Açailândia;106550
21;MA;2100105;Afonso Cunha;6144
21;MA;2100154;Água Doce do Maranhão;12142
21;MA;2100204;Alcântara;18466
21;MA;2100303;Aldeias Altas;23286
21;MA;2100402;Altamira do Maranhão;6447
21;MA;2100436;Alto Alegre do Maranhão;24048
21;MA;2100477;Alto Alegre do Pindaré;25710
21;MA;2100501;Alto Parnaíba;11109
21;MA;2100550;Amapá do Maranhão;7170
21;MA;2100600;Amarante do Maranhão;37091
21;MA;2100709;Anajatuba;25322
21;MA;2100808;Anapurus;13793
21;MA;2100832;Apicum-Açu;17519
21;MA;2100873;Araguanã;11182
21;MA;2100907;Araioses;39052
21;MA;2100956;Arame;25520
21;MA;2101004;Arari;29472
21;MA;2101103;Axixá;11790
21;MA;2101202;Bacabal;103711
21;MA;2101251;Bacabeira;16966
21;MA;2101301;Bacuri;16290
21;MA;2101350;Bacurituba;5255
21;MA;2101400;Balsas;101616
21;MA;2101509;Barão de Grajaú;18984
21;MA;2101608;Barra do Corda;84532
21;MA;2101707;Barreirinhas;65583
21;MA;2101731;Belágua;8460
21;MA;2101772;Bela Vista do Maranhão;11750
21;MA;2101806;Benedito Leite;5469
21;MA;2101905;Bequimão;19580
21;MA;2101939;Bernardo do Mearim;5840
21;MA;2101970;Boa Vista do Gurupi;7574
21;MA;2102002;Bom Jardim;33145
21;MA;2102036;Bom Jesus das Selvas;28599
21;MA;2102077;Bom Lugar;12212
21;MA;2102101;Brejo;34120
21;MA;2102150;Brejo de Areia;9218
21;MA;2102200;Buriti;29685
21;MA;2102309;Buriti Bravo;22455
21;MA;2102325;Buriticupu;55507
21;MA;2102358;Buritirana;12918
21;MA;2102374;Cachoeira Grande;9732
21;MA;2102408;Cajapió;10121
21;MA;2102507;Cajari;16412
21;MA;2102556;Campestre do Maranhão;12301
21;MA;2102606;Cândido Mendes;19932
21;MA;2102705;Cantanhede;24303
21;MA;2102754;Capinzal do Norte;11374
21;MA;2102804;Carolina;24062
21;MA;2102903;Carutapera;24238
21;MA;2103000;Caxias;156970
21;MA;2103109;Cedral;10208
21;MA;2103125;Central do Maranhão;7094
21;MA;2103158;Centro do Guilherme;12342
21;MA;2103174;Centro Novo do Maranhão;16267
21;MA;2103208;Chapadinha;81386
21;MA;2103257;Cidelândia;12878
21;MA;2103307;Codó;114269
21;MA;2103406;Coelho Neto;41658
21;MA;2103505;Colinas;40306
21;MA;2103554;Conceição do Lago-Açu;14915
21;MA;2103604;Coroatá;59566
21;MA;2103703;Cururupu;31558
21;MA;2103752;Davinópolis;14404
21;MA;2103802;Dom Pedro;23053
21;MA;2103901;Duque Bacelar;10223
21;MA;2104008;Esperantinópolis;18311
21;MA;2104057;Estreito;33294
21;MA;2104073;Feira Nova do Maranhão;8048
21;MA;2104081;Fernando Falcão;10873
21;MA;2104099;Formosa da Serra Negra;17719
21;MA;2104107;Fortaleza dos Nogueiras;12640
21;MA;2104206;Fortuna;16976
21;MA;2104305;Godofredo Viana;10186
21;MA;2104404;Gonçalves Dias;17206
21;MA;2104503;Governador Archer;10228
21;MA;2104552;Governador Edison Lobão;18411
21;MA;2104602;Governador Eugênio Barros;13930
21;MA;2104628;Governador Luiz Rocha;7063
21;MA;2104651;Governador Newton Bello;10713
21;MA;2104677;Governador Nunes Freire;23128
21;MA;2104701;Graça Aranha;6023
21;MA;2104800;Grajaú;73872
21;MA;2104909;Guimarães;10290
21;MA;2105005;Humberto de Campos;25669
21;MA;2105104;Icatu;24794
21;MA;2105153;Igarapé do Meio;13974
21;MA;2105203;Igarapé Grande;10231
21;MA;2105302;Imperatriz;273110
21;MA;2105351;Itaipava do Grajaú;13828
21;MA;2105401;Itapecuru Mirim;60419
21;MA;2105427;Itinga do Maranhão;22513
21;MA;2105450;Jatobá;7471
21;MA;2105476;Jenipapo dos Vieiras;17076
21;MA;2105500;João Lisboa;24709
21;MA;2105609;Joselândia;14924
21;MA;2105658;Junco do Maranhão;5146
21;MA;2105708;Lago da Pedra;44403
21;MA;2105807;Lago do Junco;9506
21;MA;2105906;Lago Verde;14769
21;MA;2105922;Lagoa do Mato;10572
21;MA;2105948;Lago dos Rodrigues;8758
21;MA;2105963;Lagoa Grande do Maranhão;11411
21;MA;2105989;Lajeado Novo;7060
21;MA;2106003;Lima Campos;11297
21;MA;2106102;Loreto;11591
21;MA;2106201;Luís Domingues;7161
21;MA;2106300;Magalhães de Almeida;13807
21;MA;2106326;Maracaçumé;21149
21;MA;2106359;Marajá do Sena;7034
21;MA;2106375;Maranhãozinho;13761
21;MA;2106409;Mata Roma;17090
21;MA;2106508;Matinha;22034
21;MA;2106607;Matões;32174
21;MA;2106631;Matões do Norte;17432
21;MA;2106672;Milagres do Maranhão;8818
21;MA;2106706;Mirador;21030
21;MA;2106755;Miranda do Norte;23864
21;MA;2106805;Mirinzal;13978
21;MA;2106904;Monção;27751
21;MA;2107001;Montes Altos;9107
21;MA;2107100;Morros;18554
21;MA;2107209;Nina Rodrigues;14060
21;MA;2107258;Nova Colinas;5021
21;MA;2107308;Nova Iorque;4320
21;MA;2107357;Nova Olinda do Maranhão;14314
21;MA;2107407;Olho d'Água das Cunhãs;17919
21;MA;2107456;Olinda Nova do Maranhão;13577
21;MA;2107506;Paço do Lumiar;145643
21;MA;2107605;Palmeirândia;21059
21;MA;2107704;Paraibano;18274
21;MA;2107803;Parnarama;31250
21;MA;2107902;Passagem Franca;17220
21;MA;2108009;Pastos Bons;18802
21;MA;2108058;Paulino Neves;17056
21;MA;2108108;Paulo Ramos;20341
21;MA;2108207;Pedreiras;37050
21;MA;2108256;Pedro do Rosário;24320
21;MA;2108306;Penalva;32511
21;MA;2108405;Peri Mirim;11106
21;MA;2108454;Peritoró;20479
21;MA;2108504;Pindaré-Mirim;31414
21;MA;2108603;Pinheiro;84614
21;MA;2108702;Pio XII;21886
21;MA;2108801;Pirapemas;17714
21;MA;2108900;Poção de Pedras;17161
21;MA;2109007;Porto Franco;23903
21;MA;2109056;Porto Rico do Maranhão;5954
21;MA;2109106;Presidente Dutra;45155
21;MA;2109205;Presidente Juscelino;11356
21;MA;2109239;Presidente Médici;4696
21;MA;2109270;Presidente Sarney;17470
21;MA;2109304;Presidente Vargas;10498
21;MA;2109403;Primeira Cruz;13614
21;MA;2109452;Raposa;30839
21;MA;2109502;Riachão;22145
21;MA;2109551;Ribamar Fiquene;7420
21;MA;2109601;Rosário;38475
21;MA;2109700;Sambaíba;5568
21;MA;2109759;Santa Filomena do Maranhão;6697
21;MA;2109809;Santa Helena;41561
21;MA;2109908;Santa Inês;85014
21;MA;2110005;Santa Luzia;57635
21;MA;2110039;Santa Luzia do Paruá;24307
21;MA;2110104;Santa Quitéria do Maranhão;23957
21;MA;2110203;Santa Rita;37035
21;MA;2110237;Santana do Maranhão;10567
21;MA;2110278;Santo Amaro do Maranhão;13671
21;MA;2110302;Santo Antônio dos Lopes;14304
21;MA;2110401;São Benedito do Rio Preto;18364
21;MA;2110500;São Bento;46397
21;MA;2110609;São Bernardo;26943
21;MA;2110658;São Domingos do Azeitão;7992
21;MA;2110708;São Domingos do Maranhão;34034
21;MA;2110807;São Félix de Balsas;4402
21;MA;2110856;São Francisco do Brejão;9051
21;MA;2110906;São Francisco do Maranhão;12064
21;MA;2111003;São João Batista;18544
21;MA;2111029;São João do Carú;12251
21;MA;2111052;São João do Paraíso;9904
21;MA;2111078;São João do Soter;16889
21;MA;2111102;São João dos Patos;25020
21;MA;2111201;São José de Ribamar;244579
21;MA;2111250;São José dos Basílios;6957
21;MA;2111300;São Luís;1037775
21;MA;2111409;São Luís Gonzaga do Maranhão;17818
21;MA;2111508;São Mateus do Maranhão;38829
21;MA;2111532;São Pedro da Água Branca;13444
21;MA;2111573;São Pedro dos Crentes;5783
21;MA;2111607;São Raimundo das Mangabeiras;18672
21;MA;2111631;São Raimundo do Doca Bezerra;5650
21;MA;2111672;São Roberto;4544
21;MA;2111706;São Vicente Ferrer;19498
21;MA;2111722;Satubinha;8784
21;MA;2111748;Senador Alexandre Costa;10207
21;MA;2111763;Senador La Rocque;14700
21;MA;2111789;Serrano do Maranhão;10202
21;MA;2111805;Sítio Novo;17074
21;MA;2111904;Sucupira do Norte;10238
21;MA;2111953;Sucupira do Riachão;4985
21;MA;2112001;Tasso Fragoso;8862
21;MA;2112100;Timbiras;26484
21;MA;2112209;Timon;174465
21;MA;2112233;Trizidela do Vale;22484
21;MA;2112274;Tufilândia;5507
21;MA;2112308;Tuntum;36251
21;MA;2112407;Turiaçu;37491
21;MA;2112456;Turilândia;31638
21;MA;2112506;Tutóia;53356
21;MA;2112605;Urbano Santos;32812
21;MA;2112704;Vargem Grande;43261
21;MA;2112803;Viana;51442
21;MA;2112852;Vila Nova dos Martírios;10362
21;MA;2112902;Vitória do Mearim;30805
21;MA;2113009;Vitorino Freire;30845
21;MA;2114007;Zé Doca;40801
22;PI;2200053;Acauã;6420
22;PI;2200103;Agricolândia;4940
22;PI;2200202;Água Branca;17573
22;PI;2200251;Alagoinha do Piauí;6819
22;PI;2200277;Alegrete do Piauí;4634
22;PI;2200301;Alto Longá;13479
22;PI;2200400;Altos;47416
22;PI;2200459;Alvorada do Gurguéia;5322
22;PI;2200509;Amarante;17235
22;PI;2200608;Angical do Piauí;6827
22;PI;2200707;Anísio de Abreu;9407
22;PI;2200806;Antônio Almeida;3152
22;PI;2200905;Aroazes;5369
22;PI;2200954;Aroeiras do Itaim;2690
22;PI;2201002;Arraial;4520
22;PI;2201051;Assunção do Piauí;7452
22;PI;2201101;Avelino Lopes;10866
22;PI;2201150;Baixa Grande do Ribeiro;13272
22;PI;2201176;Barra D'Alcântara;3995
22;PI;2201200;Barras;47938
22;PI;2201309;Barreiras do Piauí;3264
22;PI;2201408;Barro Duro;6640
22;PI;2201507;Batalha;26300
22;PI;2201556;Bela Vista do Piauí;4091
22;PI;2201572;Belém do Piauí;3423
22;PI;2201606;Beneditinos;9873
22;PI;2201705;Bertolínia;5562
22;PI;2201739;Betânia do Piauí;6220
22;PI;2201770;Boa Hora;6902
22;PI;2201804;Bocaina;4078
22;PI;2201903;Bom Jesus;28799
22;PI;2201919;Bom Princípio do Piauí;5636
22;PI;2201929;Bonfim do Piauí;5913
22;PI;2201945;Boqueirão do Piauí;6545
22;PI;2201960;Brasileira;8436
22;PI;2201988;Brejo do Piauí;3904
22;PI;2202000;Buriti dos Lopes;19654
22;PI;2202026;Buriti dos Montes;7434
22;PI;2202059;Cabeceiras do Piauí;10212
22;PI;2202075;Cajazeiras do Piauí;3108
22;PI;2202083;Cajueiro da Praia;7957
22;PI;2202091;Caldeirão Grande do Piauí;5503
22;PI;2202109;Campinas do Piauí;4937
22;PI;2202117;Campo Alegre do Fidalgo;4616
22;PI;2202133;Campo Grande do Piauí;6020
22;PI;2202174;Campo Largo do Piauí;7419
22;PI;2202208;Campo Maior;45793
22;PI;2202251;Canavieira;3414
22;PI;2202307;Canto do Buriti;19365
22;PI;2202406;Capitão de Campos;11100
22;PI;2202455;Capitão Gervásio Oliveira;3974
22;PI;2202505;Caracol;10318
22;PI;2202539;Caraúbas do Piauí;5630
22;PI;2202554;Caridade do Piauí;5033
22;PI;2202604;Castelo do Piauí;19288
22;PI;2202653;Caxingó;5496
22;PI;2202703;Cocal;28212
22;PI;2202711;Cocal de Telha;4911
22;PI;2202729;Cocal dos Alves;6386
22;PI;2202737;Coivaras;4043
22;PI;2202752;Colônia do Gurguéia;6150
22;PI;2202778;Colônia do Piauí;6991
22;PI;2202802;Conceição do Canindé;4932
22;PI;2202851;Coronel José Dias;4250
22;PI;2202901;Corrente;27285
22;PI;2203008;Cristalândia do Piauí;7283
22;PI;2203107;Cristino Castro;10503
22;PI;2203206;Curimatá;11270
22;PI;2203230;Currais;4844
22;PI;2203255;Curralinhos;4413
22;PI;2203271;Curral Novo do Piauí;5073
22;PI;2203305;Demerval Lobão;15853
22;PI;2203354;Dirceu Arcoverde;7054
22;PI;2203404;Dom Expedito Lopes;6320
22;PI;2203420;Domingos Mourão;4075
22;PI;2203453;Dom Inocêncio;9159
22;PI;2203503;Elesbão Veloso;13607
22;PI;2203602;Eliseu Martins;4377
22;PI;2203701;Esperantina;40970
22;PI;2203750;Fartura do Piauí;5284
22;PI;2203800;Flores do Piauí;4414
22;PI;2203859;Floresta do Piauí;2333
22;PI;2203909;Floriano;62036
22;PI;2204006;Francinópolis;4505
22;PI;2204105;Francisco Ayres;4412
22;PI;2204154;Francisco Macedo;2929
22;PI;2204204;Francisco Santos;8237
22;PI;2204303;Fronteiras;10259
22;PI;2204352;Geminiano;5445
22;PI;2204402;Gilbués;10892
22;PI;2204501;Guadalupe;10270
22;PI;2204550;Guaribas;4276
22;PI;2204600;Hugo Napoleão;3518
22;PI;2204659;Ilha Grande;9274
22;PI;2204709;Inhuma;14958
22;PI;2204808;Ipiranga do Piauí;9420
22;PI;2204907;Isaías Coelho;7774
22;PI;2205003;Itainópolis;10790
22;PI;2205102;Itaueira;10323
22;PI;2205151;Jacobina do Piauí;5613
22;PI;2205201;Jaicós;17527
22;PI;2205250;Jardim do Mulato;4180
22;PI;2205276;Jatobá do Piauí;4494
22;PI;2205300;Jerumenha;4497
22;PI;2205359;João Costa;2970
22;PI;2205409;Joaquim Pires;13886
22;PI;2205458;Joca Marques;5394
22;PI;2205508;José de Freitas;42559
22;PI;2205516;Juazeiro do Piauí;5214
22;PI;2205524;Júlio Borges;5388
22;PI;2205532;Jurema;4425
22;PI;2205540;Lagoinha do Piauí;2939
22;PI;2205557;Lagoa Alegre;8256
22;PI;2205565;Lagoa do Barro do Piauí;4995
22;PI;2205573;Lagoa de São Francisco;6331
22;PI;2205581;Lagoa do Piauí;4810
22;PI;2205599;Lagoa do Sítio;4520
22;PI;2205607;Landri Sales;5213
22;PI;2205706;Luís Correia;30641
22;PI;2205805;Luzilândia;25375
22;PI;2205854;Madeiro;8032
22;PI;2205904;Manoel Emídio;5209
22;PI;2205953;Marcolândia;8533
22;PI;2206001;Marcos Parente;4724
22;PI;2206050;Massapê do Piauí;5218
22;PI;2206100;Matias Olímpio;10641
22;PI;2206209;Miguel Alves;32150
22;PI;2206308;Miguel Leão;1318
22;PI;2206357;Milton Brandão;6542
22;PI;2206407;Monsenhor Gil;10255
22;PI;2206506;Monsenhor Hipólito;7577
22;PI;2206605;Monte Alegre do Piauí;10660
22;PI;2206654;Morro Cabeça no Tempo;4377
22;PI;2206670;Morro do Chapéu do Piauí;6425
22;PI;2206696;Murici dos Portelas;9004
22;PI;2206704;Nazaré do Piauí;6665
22;PI;2206720;Nazária;10262
22;PI;2206753;Nossa Senhora de Nazaré;5228
22;PI;2206803;Nossa Senhora dos Remédios;8525
22;PI;2206902;Novo Oriente do Piauí;6097
22;PI;2206951;Novo Santo Antônio;2827
22;PI;2207009;Oeiras;38161
22;PI;2207108;Olho D'Água do Piauí;2637
22;PI;2207207;Padre Marcos;6382
22;PI;2207306;Paes Landim;4088
22;PI;2207355;Pajeú do Piauí;3000
22;PI;2207405;Palmeira do Piauí;4952
22;PI;2207504;Palmeirais;13263
22;PI;2207553;Paquetá;3813
22;PI;2207603;Parnaguá;10103
22;PI;2207702;Parnaíba;162159
22;PI;2207751;Passagem Franca do Piauí;4135
22;PI;2207777;Patos do Piauí;5425
22;PI;2207793;Pau D'Arco do Piauí;3880
22;PI;2207801;Paulistana;21055
22;PI;2207850;Pavussu;3628
22;PI;2207900;Pedro II;37894
22;PI;2207934;Pedro Laurentino;2458
22;PI;2207959;Nova Santa Rita;4076
22;PI;2208007;Picos;83090
22;PI;2208106;Pimenteiras;11341
22;PI;2208205;Pio IX;17613
22;PI;2208304;Piracuruca;28453
22;PI;2208403;Piripiri;65450
22;PI;2208502;Porto;12052
22;PI;2208551;Porto Alegre do Piauí;2364
22;PI;2208601;Prata do Piauí;3042
22;PI;2208650;Queimada Nova;8738
22;PI;2208700;Redenção do Gurguéia;8394
22;PI;2208809;Regeneração;17133
22;PI;2208858;Riacho Frio;4165
22;PI;2208874;Ribeira do Piauí;4055
22;PI;2208908;Ribeiro Gonçalves;6164
22;PI;2209005;Rio Grande do Piauí;5801
22;PI;2209104;Santa Cruz do Piauí;5831
22;PI;2209153;Santa Cruz dos Milagres;3435
22;PI;2209203;Santa Filomena;6087
22;PI;2209302;Santa Luz;5336
22;PI;2209351;Santana do Piauí;4125
22;PI;2209377;Santa Rosa do Piauí;4650
22;PI;2209401;Santo Antônio de Lisboa;5839
22;PI;2209450;Santo Antônio dos Milagres;2138
22;PI;2209500;Santo Inácio do Piauí;3646
22;PI;2209559;São Braz do Piauí;4358
22;PI;2209609;São Félix do Piauí;2842
22;PI;2209658;São Francisco de Assis do Piauí;5577
22;PI;2209708;São Francisco do Piauí;5392
22;PI;2209757;São Gonçalo do Gurguéia;2947
22;PI;2209807;São Gonçalo do Piauí;4837
22;PI;2209856;São João da Canabrava;4242
22;PI;2209872;São João da Fronteira;5522
22;PI;2209906;São João da Serra;6114
22;PI;2209955;São João da Varjota;4383
22;PI;2209971;São João do Arraial;8186
22;PI;2210003;São João do Piauí;21421
22;PI;2210052;São José do Divino;4841
22;PI;2210102;São José do Peixe;3297
22;PI;2210201;São José do Piauí;6597
22;PI;2210300;São Julião;6025
22;PI;2210359;São Lourenço do Piauí;4410
22;PI;2210375;São Luis do Piauí;2309
22;PI;2210383;São Miguel da Baixa Grande;2269
22;PI;2210391;São Miguel do Fidalgo;2829
22;PI;2210409;São Miguel do Tapuio;17554
22;PI;2210508;São Pedro do Piauí;13755
22;PI;2210607;São Raimundo Nonato;38934
22;PI;2210623;Sebastião Barros;3202
22;PI;2210631;Sebastião Leal;4446
22;PI;2210656;Sigefredo Pacheco;9460
22;PI;2210706;Simões;14350
22;PI;2210805;Simplício Mendes;13881
22;PI;2210904;Socorro do Piauí;4141
22;PI;2210938;Sussuapara;6220
22;PI;2210953;Tamboril do Piauí;2949
22;PI;2210979;Tanque do Piauí;2316
22;PI;2211001;Teresina;866300
22;PI;2211100;União;46119
22;PI;2211209;Uruçuí;25203
22;PI;2211308;Valença do Piauí;22281
22;PI;2211357;Várzea Branca;5055
22;PI;2211407;Várzea Grande;4417
22;PI;2211506;Vera Mendes;3185
22;PI;2211605;Vila Nova do Piauí;2935
22;PI;2211704;Wall Ferraz;4059
23;CE;2300101;Abaiara;10038
23;CE;2300150;Acarape;14027
23;CE;2300200;Acaraú;64806
23;CE;2300309;Acopiara;44962
23;CE;2300408;Aiuaba;14076
23;CE;2300507;Alcântaras;11369
23;CE;2300606;Altaneira;6782
23;CE;2300705;Alto Santo;14155
23;CE;2300754;Amontada;42156
23;CE;2300804;Antonina do Norte;7245
23;CE;2300903;Apuiarés;12893
23;CE;2301000;Aquiraz;80243
23;CE;2301109;Aracati;75112
23;CE;2301208;Aracoiaba;25553
23;CE;2301257;Ararendá;11096
23;CE;2301307;Araripe;19783
23;CE;2301406;Aratuba;11224
23;CE;2301505;Arneiroz;7429
23;CE;2301604;Assaré;21697
23;CE;2301703;Aurora;23714
23;CE;2301802;Baixio;5704
23;CE;2301851;Banabuiú;17195
23;CE;2301901;Barbalha;75033
23;CE;2301950;Barreira;22391
23;CE;2302008;Barro;19381
23;CE;2302057;Barroquinha;14567
23;CE;2302107;Baturité;35218
23;CE;2302206;Beberibe;53114
23;CE;2302305;Bela Cruz;32775
23;CE;2302404;Boa Viagem;50411
23;CE;2302503;Brejo Santo;51090
23;CE;2302602;Camocim;62326
23;CE;2302701;Campos Sales;25135
23;CE;2302800;Canindé;74174
23;CE;2302909;Capistrano;17254
23;CE;2303006;Caridade;16377
23;CE;2303105;Cariré;17632
23;CE;2303204;Caririaçu;26320
23;CE;2303303;Cariús;17015
23;CE;2303402;Carnaubal;17210
23;CE;2303501;Cascavel;72626
23;CE;2303600;Catarina;10243
23;CE;2303659;Catunda;10444
23;CE;2303709;Caucaia;355679
23;CE;2303808;Cedro;22344
23;CE;2303907;Chaval;12462
23;CE;2303931;Choró;12113
23;CE;2303956;Chorozinho;20163
23;CE;2304004;Coreaú;20952
23;CE;2304103;Crateús;76390
23;CE;2304202;Crato;131050
23;CE;2304236;Croatá;17481
23;CE;2304251;Cruz;29628
23;CE;2304269;Deputado Irapuan Pinheiro;8932
23;CE;2304277;Ereré;6474
23;CE;2304285;Eusébio;74170
23;CE;2304301;Farias Brito;18217
23;CE;2304350;Forquilha;24173
23;CE;2304400;Fortaleza;2428678
23;CE;2304459;Fortim;17294
23;CE;2304509;Frecheirinha;15615
23;CE;2304608;General Sampaio;6734
23;CE;2304657;Graça;13801
23;CE;2304707;Granja;53344
23;CE;2304806;Granjeiro;4841
23;CE;2304905;Groaíras;10910
23;CE;2304954;Guaiúba;24217
23;CE;2305001;Guaraciaba do Norte;42053
23;CE;2305100;Guaramiranga;5654
23;CE;2305209;Hidrolândia;17855
23;CE;2305233;Horizonte;74754
23;CE;2305266;Ibaretama;11956
23;CE;2305308;Ibiapina;23965
23;CE;2305332;Ibicuitinga;11611
23;CE;2305357;Icapuí;21433
23;CE;2305407;Icó;62622
23;CE;2305506;Iguatu;98064
23;CE;2305605;Independência;24024
23;CE;2305654;Ipaporanga;11575
23;CE;2305704;Ipaumirim;12083
23;CE;2305803;Ipu;41081
23;CE;2305902;Ipueiras;36798
23;CE;2306009;Iracema;14001
23;CE;2306108;Irauçuba;23915
23;CE;2306207;Itaiçaba;7536
23;CE;2306256;Itaitinga;64648
23;CE;2306306;Itapajé;46426
23;CE;2306405;Itapipoca;131123
23;CE;2306504;Itapiúna;17841
23;CE;2306553;Itarema;42726
23;CE;2306603;Itatira;20424
23;CE;2306702;Jaguaretama;17232
23;CE;2306801;Jaguaribara;10356
23;CE;2306900;Jaguaribe;33726
23;CE;2307007;Jaguaruana;31701
23;CE;2307106;Jardim;27411
23;CE;2307205;Jati;7861
23;CE;2307254;Jijoca de Jericoacoara;25555
23;CE;2307304;Juazeiro do Norte;286120
23;CE;2307403;Jucás;23922
23;CE;2307502;Lavras da Mangabeira;30802
23;CE;2307601;Limoeiro do Norte;59560
23;CE;2307635;Madalena;16896
23;CE;2307650;Maracanaú;234392
23;CE;2307700;Maranguape;105093
23;CE;2307809;Marco;25799
23;CE;2307908;Martinópole;10846
23;CE;2308005;Massapê;37697
23;CE;2308104;Mauriti;45561
23;CE;2308203;Meruoca;15162
23;CE;2308302;Milagres;25900
23;CE;2308351;Milhã;13999
23;CE;2308377;Miraíma;14196
23;CE;2308401;Missão Velha;36822
23;CE;2308500;Mombaça;37735
23;CE;2308609;Monsenhor Tabosa;17149
23;CE;2308708;Morada Nova;61221
23;CE;2308807;Moraújo;8256
23;CE;2308906;Morrinhos;22753
23;CE;2309003;Mucambo;13666
23;CE;2309102;Mulungu;10569
23;CE;2309201;Nova Olinda;15399
23;CE;2309300;Nova Russas;30699
23;CE;2309409;Novo Oriente;27545
23;CE;2309458;Ocara;24493
23;CE;2309508;Orós;19675
23;CE;2309607;Pacajus;70534
23;CE;2309706;Pacatuba;81238
23;CE;2309805;Pacoti;11186
23;CE;2309904;Pacujá;6175
23;CE;2310001;Palhano;9346
23;CE;2310100;Palmácia;10242
23;CE;2310209;Paracuru;38691
23;CE;2310258;Paraipaba;32216
23;CE;2310308;Parambu;31445
23;CE;2310407;Paramoti;10384
23;CE;2310506;Pedra Branca;40187
23;CE;2310605;Penaforte;8972
23;CE;2310704;Pentecoste;37813
23;CE;2310803;Pereiro;15274
23;CE;2310852;Pindoretama;23345
23;CE;2310902;Piquet Carneiro;16616
23;CE;2310951;Pires Ferreira;10606
23;CE;2311009;Poranga;12065
23;CE;2311108;Porteiras;17050
23;CE;2311207;Potengi;8833
23;CE;2311231;Potiretama;5974
23;CE;2311264;Quiterianópolis;20213
23;CE;2311306;Quixadá;84165
23;CE;2311355;Quixelô;15910
23;CE;2311405;Quixeramobim;82122
23;CE;2311504;Quixeré;20874
23;CE;2311603;Redenção;27214
23;CE;2311702;Reriutaba;18606
23;CE;2311801;Russas;72928
23;CE;2311900;Saboeiro;13854
23;CE;2311959;Salitre;16633
23;CE;2312007;Santana do Acaraú;30628
23;CE;2312106;Santana do Cariri;16954
23;CE;2312205;Santa Quitéria;40183
23;CE;2312304;São Benedito;47640
23;CE;2312403;São Gonçalo do Amarante;54021
23;CE;2312502;São João do Jaguaribe;5855
23;CE;2312601;São Luís do Curu;10822
23;CE;2312700;Senador Pompeu;24266
23;CE;2312809;Senador Sá;7262
23;CE;2312908;Sobral;203023
23;CE;2313005;Solonópole;18179
23;CE;2313104;Tabuleiro do Norte;30652
23;CE;2313203;Tamboril;24815
23;CE;2313252;Tarrafas;7529
23;CE;2313302;Tauá;61223
23;CE;2313351;Tejuçuoca;17154
23;CE;2313401;Tianguá;81506
23;CE;2313500;Trairi;58415
23;CE;2313559;Tururu;15412
23;CE;2313609;Ubajara;32767
23;CE;2313708;Umari;6871
23;CE;2313757;Umirim;17470
23;CE;2313807;Uruburetama;20189
23;CE;2313906;Uruoca;13746
23;CE;2313955;Varjota;18105
23;CE;2314003;Várzea Alegre;38984
23;CE;2314102;Viçosa do Ceará;59712
24;RN;2400109;Acari;10597
24;RN;2400208;Açu;56502
24;RN;2400307;Afonso Bezerra;10839
24;RN;2400406;Água Nova;2946
24;RN;2400505;Alexandria;13640
24;RN;2400604;Almino Afonso;4687
24;RN;2400703;Alto do Rodrigues;12484
24;RN;2400802;Angicos;11632
24;RN;2400901;Antônio Martins;6577
24;RN;2401008;Apodi;36094
24;RN;2401107;Areia Branca;24093
24;RN;2401206;Arês;13251
24;RN;2401305;Campo Grande;9743
24;RN;2401404;Baía Formosa;8824
24;RN;2401453;Baraúna;26894
24;RN;2401503;Barcelona;3986
24;RN;2401602;Bento Fernandes;4807
24;RN;2401651;Bodó;2306
24;RN;2401701;Bom Jesus;9952
24;RN;2401800;Brejinho;12202
24;RN;2401859;Caiçara do Norte;6293
24;RN;2401909;Caiçara do Rio do Vento;3268
24;RN;2402006;Caicó;61146
24;RN;2402105;Campo Redondo;10215
24;RN;2402204;Canguaretama;29668
24;RN;2402303;Caraúbas;19577
24;RN;2402402;Carnaúba dos Dantas;7990
24;RN;2402501;Carnaubais;9714
24;RN;2402600;Ceará-Mirim;79115
24;RN;2402709;Cerro Corá;11000
24;RN;2402808;Coronel Ezequiel;5117
24;RN;2402907;Coronel João Pessoa;4237
24;RN;2403004;Cruzeta;8005
24;RN;2403103;Currais Novos;41318
24;RN;2403202;Doutor Severiano;7044
24;RN;2403251;Parnamirim;252716
24;RN;2403301;Encanto;6016
24;RN;2403400;Equador;5360
24;RN;2403509;Espírito Santo;10611
24;RN;2403608;Extremoz;61571
24;RN;2403707;Felipe Guerra;5940
24;RN;2403756;Fernando Pedroza;2938
24;RN;2403806;Florânia;10196
24;RN;2403905;Francisco Dantas;2700
24;RN;2404002;Frutuoso Gomes;4122
24;RN;2404101;Galinhos;2104
24;RN;2404200;Goianinha;26741
24;RN;2404309;Governador Dix-Sept Rosado;11938
24;RN;2404408;Grossos;9924
24;RN;2404507;Guamaré;15295
24;RN;2404606;Ielmo Marinho;11615
24;RN;2404705;Ipanguaçu;14131
24;RN;2404804;Ipueira;2035
24;RN;2404853;Itajá;7292
24;RN;2404903;Itaú;5320
24;RN;2405009;Jaçanã;7834
24;RN;2405108;Jandaíra;6562
24;RN;2405207;Janduís;4746
24;RN;2405306;Januário Cicco;9051
24;RN;2405405;Japi;5117
24;RN;2405504;Jardim de Angicos;2437
24;RN;2405603;Jardim de Piranhas;13977
24;RN;2405702;Jardim do Seridó;11655
24;RN;2405801;João Câmara;33290
24;RN;2405900;João Dias;2076
24;RN;2406007;José da Penha;5803
24;RN;2406106;Jucurutu;17793
24;RN;2406155;Jundiá;3747
24;RN;2406205;Lagoa d'Anta;6654
24;RN;2406304;Lagoa de Pedras;7338
24;RN;2406403;Lagoa de Velhos;2567
24;RN;2406502;Lagoa Nova;15573
24;RN;2406601;Lagoa Salgada;8319
24;RN;2406700;Lajes;9866
24;RN;2406809;Lajes Pintadas;4787
24;RN;2406908;Lucrécia;3490
24;RN;2407005;Luís Gomes;9070
24;RN;2407104;Macaíba;82212
24;RN;2407203;Macau;27369
24;RN;2407252;Major Sales;3924
24;RN;2407302;Marcelino Vieira;7896
24;RN;2407401;Martins;8179
24;RN;2407500;Maxaranguape;10255
24;RN;2407609;Messias Targino;4274
24;RN;2407708;Montanhas;11444
24;RN;2407807;Monte Alegre;23031
24;RN;2407906;Monte das Gameleiras;2276
24;RN;2408003;Mossoró;264577
24;RN;2408102;Natal;751300
24;RN;2408201;Nísia Floresta;31942
24;RN;2408300;Nova Cruz;34269
24;RN;2408409;Olho d'Água do Borges;3907
24;RN;2408508;Ouro Branco;4913
24;RN;2408607;Paraná;3934
24;RN;2408706;Paraú;3587
24;RN;2408805;Parazinho;4801
24;RN;2408904;Parelhas;21499
24;RN;2408953;Rio do Fogo;10351
24;RN;2409100;Passa e Fica;10896
24;RN;2409209;Passagem;3115
24;RN;2409308;Patu;11009
24;RN;2409332;Santa Maria;4847
24;RN;2409407;Pau dos Ferros;30479
24;RN;2409506;Pedra Grande;3618
24;RN;2409605;Pedra Preta;2441
24;RN;2409704;Pedro Avelino;6242
24;RN;2409803;Pedro Velho;13824
24;RN;2409902;Pendências;12278
24;RN;2410009;Pilões;2965
24;RN;2410108;Poço Branco;12390
24;RN;2410207;Portalegre;7601
24;RN;2410256;Porto do Mangue;5228
24;RN;2410306;Serra Caiada;10125
24;RN;2410405;Pureza;9362
24;RN;2410504;Rafael Fernandes;5432
24;RN;2410603;Rafael Godeiro;2934
24;RN;2410702;Riacho da Cruz;2701
24;RN;2410801;Riacho de Santana;4127
24;RN;2410900;Riachuelo;7389
24;RN;2411007;Rodolfo Fernandes;4242
24;RN;2411056;Tibau;5382
24;RN;2411106;Ruy Barbosa;3206
24;RN;2411205;Santa Cruz;37313
24;RN;2411403;Santana do Matos;12456
24;RN;2411429;Santana do Seridó;2696
24;RN;2411502;Santo Antônio;22177
24;RN;2411601;São Bento do Norte;3304
24;RN;2411700;São Bento do Trairí;3792
24;RN;2411809;São Fernando;3492
24;RN;2411908;São Francisco do Oeste;4161
24;RN;2412005;São Gonçalo do Amarante;115838
24;RN;2412104;São João do Sabugi;5956
24;RN;2412203;São José de Mipibu;47286
24;RN;2412302;São José do Campestre;11121
24;RN;2412401;São José do Seridó;4558
24;RN;2412500;São Miguel;23537
24;RN;2412559;São Miguel do Gostoso;10221
24;RN;2412609;São Paulo do Potengi;16786
24;RN;2412708;São Pedro;5776
24;RN;2412807;São Rafael;7711
24;RN;2412906;São Tomé;9972
24;RN;2413003;São Vicente;6310
24;RN;2413102;Senador Elói de Souza;5965
24;RN;2413201;Senador Georgino Avelino;4065
24;RN;2413300;Serra de São Bento;5703
24;RN;2413359;Serra do Mel;13091
24;RN;2413409;Serra Negra do Norte;7597
24;RN;2413508;Serrinha;6436
24;RN;2413557;Serrinha dos Pintos;4659
24;RN;2413607;Severiano Melo;5487
24;RN;2413706;Sítio Novo;4654
24;RN;2413805;Taboleiro Grande;2338
24;RN;2413904;Taipu;11422
24;RN;2414001;Tangará;13281
24;RN;2414100;Tenente Ananias;10262
24;RN;2414159;Tenente Laurentino Cruz;5891
24;RN;2414209;Tibau do Sul;16929
24;RN;2414308;Timbaúba dos Batistas;2348
24;RN;2414407;Touros;33035
24;RN;2414456;Triunfo Potiguar;3358
24;RN;2414506;Umarizal;10078
24;RN;2414605;Upanema;13572
24;RN;2414704;Várzea;5233
24;RN;2414753;Venha-Ver;3014
24;RN;2414803;Vera Cruz;10676
24;RN;2414902;Viçosa;1822
24;RN;2415008;Vila Flor;3174
25;PB;2500106;Água Branca;9335
25;PB;2500205;Aguiar;5003
25;PB;2500304;Alagoa Grande;26062
25;PB;2500403;Alagoa Nova;21013
25;PB;2500502;Alagoinha;13725
25;PB;2500536;Alcantil;5578
25;PB;2500577;Algodão de Jandaíra;2953
25;PB;2500601;Alhandra;21713
25;PB;2500700;São João do Rio do Peixe;17964
25;PB;2500734;Amparo;2234
25;PB;2500775;Aparecida;7960
25;PB;2500809;Araçagi;16646
25;PB;2500908;Arara;12212
25;PB;2501005;Araruna;17189
25;PB;2501104;Areia;22633
25;PB;2501153;Areia de Baraúnas;2005
25;PB;2501203;Areial;7128
25;PB;2501302;Aroeiras;18705
25;PB;2501351;Assunção;4152
25;PB;2501401;Baía da Traição;9224
25;PB;2501500;Bananeiras;23134
25;PB;2501534;Baraúna;4762
25;PB;2501575;Barra de Santana;8059
25;PB;2501609;Barra de Santa Rosa;12904
25;PB;2501708;Barra de São Miguel;5906
25;PB;2501807;Bayeux;82742
25;PB;2501906;Belém;16401
25;PB;2502003;Belém do Brejo do Cruz;6268
25;PB;2502052;Bernardino Batista;3504
25;PB;2502102;Boa Ventura;5207
25;PB;2502151;Boa Vista;6377
25;PB;2502201;Bom Jesus;2286
25;PB;2502300;Bom Sucesso;4661
25;PB;2502409;Bonito de Santa Fé;10252
25;PB;2502508;Boqueirão;17598
25;PB;2502607;Igaracy;5648
25;PB;2502706;Borborema;4214
25;PB;2502805;Brejo do Cruz;13613
25;PB;2502904;Brejo dos Santos;5742
25;PB;2503001;Caaporã;21193
25;PB;2503100;Cabaceiras;5335
25;PB;2503209;Cabedelo;66519
25;PB;2503308;Cachoeira dos Índios;9151
25;PB;2503407;Cacimba de Areia;3291
25;PB;2503506;Cacimba de Dentro;16064
25;PB;2503555;Cacimbas;7223
25;PB;2503605;Caiçara;6602
25;PB;2503704;Cajazeiras;63239
25;PB;2503753;Cajazeirinhas;2740
25;PB;2503803;Caldas Brandão;5753
25;PB;2503902;Camalaú;6085
25;PB;2504009;Campina Grande;419379
25;PB;2504033;Capim;6970
25;PB;2504074;Caraúbas;3944
25;PB;2504108;Carrapateira;2312
25;PB;2504157;Casserengue;6889
25;PB;2504207;Catingueira;4491
25;PB;2504306;Catolé do Rocha;30661
25;PB;2504355;Caturité;5254
25;PB;2504405;Conceição;18260
25;PB;2504504;Condado;6451
25;PB;2504603;Conde;27605
25;PB;2504702;Congo;4933
25;PB;2504801;Coremas;14683
25;PB;2504850;Coxixola;1824
25;PB;2504900;Cruz do Espírito Santo;17095
25;PB;2505006;Cubati;7580
25;PB;2505105;Cuité;19719
25;PB;2505204;Cuitegi;6730
25;PB;2505238;Cuité de Mamanguape;6251
25;PB;2505279;Curral de Cima;5254
25;PB;2505303;Curral Velho;2292
25;PB;2505352;Damião;4982
25;PB;2505402;Desterro;8067
25;PB;2505501;Vista Serrana;3641
25;PB;2505600;Diamante;6299
25;PB;2505709;Dona Inês;10380
25;PB;2505808;Duas Estradas;3327
25;PB;2505907;Emas;3011
25;PB;2506004;Esperança;31231
25;PB;2506103;Fagundes;11049
25;PB;2506202;Frei Martinho;2846
25;PB;2506251;Gado Bravo;8179
25;PB;2506301;Guarabira;57484
25;PB;2506400;Gurinhém;13766
25;PB;2506509;Gurjão;3242
25;PB;2506608;Ibiara;5631
25;PB;2506707;Imaculada;10392
25;PB;2506806;Ingá;17692
25;PB;2506905;Itabaiana;23182
25;PB;2507002;Itaporanga;23940
25;PB;2507101;Itapororoca;18382
25;PB;2507200;Itatuba;10499
25;PB;2507309;Jacaraú;14302
25;PB;2507408;Jericó;7516
25;PB;2507507;João Pessoa;833932
25;PB;2507606;Juarez Távora;7796
25;PB;2507705;Juazeirinho;17007
25;PB;2507804;Junco do Seridó;6793
25;PB;2507903;Juripiranga;10012
25;PB;2508000;Juru;9234
25;PB;2508109;Lagoa;4415
25;PB;2508208;Lagoa de Dentro;7819
25;PB;2508307;Lagoa Seca;27730
25;PB;2508406;Lastro;3162
25;PB;2508505;Livramento;6877
25;PB;2508554;Logradouro;4797
25;PB;2508604;Lucena;12560
25;PB;2508703;Mãe d'Água;3583
25;PB;2508802;Malta;6046
25;PB;2508901;Mamanguape;44599
25;PB;2509008;Manaíra;10434
25;PB;2509057;Marcação;8999
25;PB;2509107;Mari;21512
25;PB;2509156;Marizópolis;6705
25;PB;2509206;Massaranduba;14139
25;PB;2509305;Mataraca;8244
25;PB;2509339;Matinhas;4571
25;PB;2509370;Mato Grosso;2543
25;PB;2509396;Maturéia;6433
25;PB;2509404;Mogeiro;13899
25;PB;2509503;Montadas;5812
25;PB;2509602;Monte Horebe;4338
25;PB;2509701;Monteiro;32277
25;PB;2509800;Mulungu;8791
25;PB;2509909;Natuba;8945
25;PB;2510006;Nazarezinho;7203
25;PB;2510105;Nova Floresta;9724
25;PB;2510204;Nova Olinda;5787
25;PB;2510303;Nova Palmeira;4259
25;PB;2510402;Olho d'Água;6060
25;PB;2510501;Olivedos;3580
25;PB;2510600;Ouro Velho;2918
25;PB;2510659;Parari;1720
25;PB;2510709;Passagem;2463
25;PB;2510808;Patos;103165
25;PB;2510907;Paulista;11834
25;PB;2511004;Pedra Branca;3739
25;PB;2511103;Pedra Lavrada;6859
25;PB;2511202;Pedras de Fogo;29662
25;PB;2511301;Piancó;16441
25;PB;2511400;Picuí;18333
25;PB;2511509;Pilar;12311
25;PB;2511608;Pilões;6815
25;PB;2511707;Pilõezinhos;5329
25;PB;2511806;Pirpirituba;9340
25;PB;2511905;Pitimbu;16751
25;PB;2512002;Pocinhos;17469
25;PB;2512036;Poço Dantas;3830
25;PB;2512077;Poço de José de Moura;4006
25;PB;2512101;Pombal;32473
25;PB;2512200;Prata;3915
25;PB;2512309;Princesa Isabel;21114
25;PB;2512408;Puxinanã;14277
25;PB;2512507;Queimadas;47658
25;PB;2512606;Quixaba;1743
25;PB;2512705;Remígio;17885
25;PB;2512721;Pedro Régis;5766
25;PB;2512747;Riachão;2927
25;PB;2512754;Riachão do Bacamarte;4690
25;PB;2512762;Riachão do Poço;4738
25;PB;2512788;Riacho de Santo Antônio;1955
25;PB;2512804;Riacho dos Cavalos;8493
25;PB;2512903;Rio Tinto;24581
25;PB;2513000;Salgadinho;3355
25;PB;2513109;Salgado de São Félix;11505
25;PB;2513158;Santa Cecília;7670
25;PB;2513208;Santa Cruz;5947
25;PB;2513307;Santa Helena;5865
25;PB;2513356;Santa Inês;3227
25;PB;2513406;Santa Luzia;14959
25;PB;2513505;Santana de Mangueira;5010
25;PB;2513604;Santana dos Garrotes;6569
25;PB;2513653;Joca Claudino;2539
25;PB;2513703;Santa Rita;149910
25;PB;2513802;Santa Teresinha;4402
25;PB;2513851;Santo André;2622
25;PB;2513901;São Bento;32235
25;PB;2513927;São Bentinho;4327
25;PB;2513943;São Domingos do Cariri;2585
25;PB;2513968;São Domingos;2595
25;PB;2513984;São Francisco;3137
25;PB;2514008;São João do Cariri;4226
25;PB;2514107;São João do Tigre;4263
25;PB;2514206;São José da Lagoa Tapada;7126
25;PB;2514305;São José de Caiana;5034
25;PB;2514404;São José de Espinharas;4083
25;PB;2514453;São José dos Ramos;5891
25;PB;2514503;São José de Piranhas;19067
25;PB;2514552;São José de Princesa;3416
25;PB;2514602;São José do Bonfim;3242
25;PB;2514651;São José do Brejo do Cruz;1699
25;PB;2514701;São José do Sabugi;4138
25;PB;2514800;São José dos Cordeiros;3411
25;PB;2514909;São Mamede;7470
25;PB;2515005;São Miguel de Taipu;7066
25;PB;2515104;São Sebastião de Lagoa de Roça;11040
25;PB;2515203;São Sebastião do Umbuzeiro;3279
25;PB;2515302;Sapé;51306
25;PB;2515401;São Vicente do Seridó;10291
25;PB;2515500;Serra Branca;13614
25;PB;2515609;Serra da Raiz;3094
25;PB;2515708;Serra Grande;2942
25;PB;2515807;Serra Redonda;6828
25;PB;2515906;Serraria;4885
25;PB;2515930;Sertãozinho;5054
25;PB;2515971;Sobrado;8236
25;PB;2516003;Solânea;26774
25;PB;2516102;Soledade;13968
25;PB;2516151;Sossêgo;3345
25;PB;2516201;Sousa;67259
25;PB;2516300;Sumé;17166
25;PB;2516409;Tacima;8010
25;PB;2516508;Taperoá;14068
25;PB;2516607;Tavares;14101
25;PB;2516706;Teixeira;14631
25;PB;2516755;Tenório;2966
25;PB;2516805;Triunfo;9892
25;PB;2516904;Uiraúna;14930
25;PB;2517001;Umbuzeiro;9124
25;PB;2517100;Várzea;2668
25;PB;2517209;Vieirópolis;4864
25;PB;2517407;Zabelê;2228
26;PE;2600054;Abreu e Lima;98462
26;PE;2600104;Afogados da Ingazeira;40241
26;PE;2600203;Afrânio;18674
26;PE;2600302;Agrestina;23779
26;PE;2600401;Água Preta;26461
26;PE;2600500;Águas Belas;41548
26;PE;2600609;Alagoinha;13542
26;PE;2600708;Aliança;35741
26;PE;2600807;Altinho;20674
26;PE;2600906;Amaraji;18205
26;PE;2601003;Angelim;10241
26;PE;2601052;Araçoiaba;19243
26;PE;2601102;Araripina;85088
26;PE;2601201;Arcoverde;77586
26;PE;2601300;Barra de Guabiraba;12263
26;PE;2601409;Barreiros;40121
26;PE;2601508;Belém de Maria;10378
26;PE;2601607;Belém do São Francisco;18301
26;PE;2601706;Belo Jardim;79507
26;PE;2601805;Betânia;11232
26;PE;2601904;Bezerros;61686
26;PE;2602001;Bodocó;34478
26;PE;2602100;Bom Conselho;44260
26;PE;2602209;Bom Jardim;37629
26;PE;2602308;Bonito;37476
26;PE;2602407;Brejão;9079
26;PE;2602506;Brejinho;7720
26;PE;2602605;Brejo da Madre de Deus;48650
26;PE;2602704;Buenos Aires;12808
26;PE;2602803;Buíque;52097
26;PE;2602902;Cabo de Santo Agostinho;203216
26;PE;2603009;Cabrobó;30294
26;PE;2603108;Cachoeirinha;19899
26;PE;2603207;Caetés;28827
26;PE;2603306;Calçado;11093
26;PE;2603405;Calumbi;5228
26;PE;2603454;Camaragibe;147771
26;PE;2603504;Camocim de São Félix;17419
26;PE;2603603;Camutanga;7750
26;PE;2603702;Canhotinho;24329
26;PE;2603801;Capoeiras;18341
26;PE;2603900;Carnaíba;18644
26;PE;2603926;Carnaubeira da Penha;12239
26;PE;2604007;Carpina;79293
26;PE;2604106;Caruaru;378052
26;PE;2604155;Casinhas;12967
26;PE;2604205;Catende;32156
26;PE;2604304;Cedro;10518
26;PE;2604403;Chã de Alegria;12980
26;PE;2604502;Chã Grande;20546
26;PE;2604601;Condado;24587
26;PE;2604700;Correntes;17131
26;PE;2604809;Cortês;10198
26;PE;2604908;Cumaru;15920
26;PE;2605004;Cupira;23518
26;PE;2605103;Custódia;37699
26;PE;2605152;Dormentes;17188
26;PE;2605202;Escada;59836
26;PE;2605301;Exu;31843
26;PE;2605400;Feira Nova;21427
26;PE;2605459;Fernando de Noronha;3167
26;PE;2605509;Ferreiros;15026
26;PE;2605608;Flores;20347
26;PE;2605707;Floresta;30144
26;PE;2605806;Frei Miguelinho;13636
26;PE;2605905;Gameleira;18214
26;PE;2606002;Garanhuns;142506
26;PE;2606101;Glória do Goitá;29347
26;PE;2606200;Goiana;81042
26;PE;2606309;Granito;6967
26;PE;2606408;Gravatá;86516
26;PE;2606507;Iati;17165
26;PE;2606606;Ibimirim;26595
26;PE;2606705;Ibirajuba;7140
26;PE;2606804;Igarassu;115196
26;PE;2606903;Iguaracy;11082
26;PE;2607000;Inajá;25599
26;PE;2607109;Ingazeira;4768
26;PE;2607208;Ipojuca;98932
26;PE;2607307;Ipubi;29009
26;PE;2607406;Itacuruba;4284
26;PE;2607505;Itaíba;32650
26;PE;2607604;Ilha de Itamaracá;24540
26;PE;2607653;Itambé;34935
26;PE;2607703;Itapetim;13788
26;PE;2607752;Itapissuma;27749
26;PE;2607802;Itaquitinga;16554
26;PE;2607901;Jaboatão dos Guararapes;643759
26;PE;2607950;Jaqueira;10247
26;PE;2608008;Jataúba;15843
26;PE;2608057;Jatobá;14020
26;PE;2608107;João Alfredo;27725
26;PE;2608206;Joaquim Nabuco;13269
26;PE;2608255;Jucati;11517
26;PE;2608305;Jupi;15329
26;PE;2608404;Jurema;13648
26;PE;2608453;Lagoa do Carro;17981
26;PE;2608503;Lagoa de Itaenga;19003
26;PE;2608602;Lagoa do Ouro;11933
26;PE;2608701;Lagoa dos Gatos;14073
26;PE;2608750;Lagoa Grande;24088
26;PE;2608800;Lajedo;39582
26;PE;2608909;Limoeiro;56510
26;PE;2609006;Macaparana;23879
26;PE;2609105;Machados;11333
26;PE;2609154;Manari;23763
26;PE;2609204;Maraial;9359
26;PE;2609303;Mirandiba;14166
26;PE;2609402;Moreno;55268
26;PE;2609501;Nazaré da Mata;30648
26;PE;2609600;Olinda;349976
26;PE;2609709;Orobó;21808
26;PE;2609808;Orocó;13613
26;PE;2609907;Ouricuri;65245
26;PE;2610004;Palmares;54584
26;PE;2610103;Palmeirina;7031
26;PE;2610202;Panelas;22991
26;PE;2610301;Paranatama;12199
26;PE;2610400;Parnamirim;18612
26;PE;2610509;Passira;28340
26;PE;2610608;Paudalho;56659
26;PE;2610707;Paulista;342167
26;PE;2610806;Pedra;22795
26;PE;2610905;Pesqueira;62722
26;PE;2611002;Petrolândia;34161
26;PE;2611101;Petrolina;386786
26;PE;2611200;Poção;10500
26;PE;2611309;Pombos;27552
26;PE;2611408;Primavera;13838
26;PE;2611507;Quipapá;17929
26;PE;2611533;Quixaba;6554
26;PE;2611606;Recife;1488920
26;PE;2611705;Riacho das Almas;20635
26;PE;2611804;Ribeirão;33507
26;PE;2611903;Rio Formoso;20009
26;PE;2612000;Sairé;10887
26;PE;2612109;Salgadinho;5727
26;PE;2612208;Salgueiro;62372
26;PE;2612307;Saloá;13836
26;PE;2612406;Sanharó;18624
26;PE;2612455;Santa Cruz;13841
26;PE;2612471;Santa Cruz da Baixa Verde;11567
26;PE;2612505;Santa Cruz do Capibaribe;98254
26;PE;2612554;Santa Filomena;12106
26;PE;2612604;Santa Maria da Boa Vista;40578
26;PE;2612703;Santa Maria do Cambucá;14013
26;PE;2612802;Santa Terezinha;10244
26;PE;2612901;São Benedito do Sul;13113
26;PE;2613008;São Bento do Una;49448
26;PE;2613107;São Caitano;37126
26;PE;2613206;São João;23835
26;PE;2613305;São Joaquim do Monte;20037
26;PE;2613404;São José da Coroa Grande;18825
26;PE;2613503;São José do Belmonte;34843
26;PE;2613602;São José do Egito;31004
26;PE;2613701;São Lourenço da Mata;111243
26;PE;2613800;São Vicente Férrer;16677
26;PE;2613909;Serra Talhada;92228
26;PE;2614006;Serrita;18207
26;PE;2614105;Sertânia;32811
26;PE;2614204;Sirinhaém;37596
26;PE;2614303;Moreilândia;10540
26;PE;2614402;Solidão;5210
26;PE;2614501;Surubim;64120
26;PE;2614600;Tabira;27681
26;PE;2614709;Tacaimbó;13738
26;PE;2614808;Tacaratu;23902
26;PE;2614857;Tamandaré;23561
26;PE;2615003;Taquaritinga do Norte;24736
26;PE;2615102;Terezinha;6513
26;PE;2615201;Terra Nova;8920
26;PE;2615300;Timbaúba;46147
26;PE;2615409;Toritama;41137
26;PE;2615508;Tracunhaém;13867
26;PE;2615607;Trindade;30321
26;PE;2615706;Triunfo;14705
26;PE;2615805;Tupanatinga;26940
26;PE;2615904;Tuparetama;8005
26;PE;2616001;Venturosa;17251
26;PE;2616100;Verdejante;9169
26;PE;2616183;Vertente do Lério;7558
26;PE;2616209;Vertentes;21959
26;PE;2616308;Vicência;26359
26;PE;2616407;Vitória de Santo Antão;134110
26;PE;2616506;Xexéu;11611
27;AL;2700102;Água Branca;19008
27;AL;2700201;Anadia;13811
27;AL;2700300;Arapiraca;234696
27;AL;2700409;Atalaia;37512
27;AL;2700508;Barra de Santo Antônio;16365
27;AL;2700607;Barra de São Miguel;7944
27;AL;2700706;Batalha;16448
27;AL;2700805;Belém;4722
27;AL;2700904;Belo Monte;5936
27;AL;2701001;Boca da Mata;21187
27;AL;2701100;Branquinha;9603
27;AL;2701209;Cacimbinhas;10476
27;AL;2701308;Cajueiro;16024
27;AL;2701357;Campestre;6665
27;AL;2701407;Campo Alegre;32106
27;AL;2701506;Campo Grande;8142
27;AL;2701605;Canapi;15559
27;AL;2701704;Capela;15032
27;AL;2701803;Carneiros;8999
27;AL;2701902;Chã Preta;5910
27;AL;2702009;Coité do Nóia;10810
27;AL;2702108;Colônia Leopoldina;15816
27;AL;2702207;Coqueiro Seco;5581
27;AL;2702306;Coruripe;50414
27;AL;2702355;Craíbas;25397
27;AL;2702405;Delmiro Gouveia;51319
27;AL;2702504;Dois Riachos;9805
27;AL;2702553;Estrela de Alagoas;15429
27;AL;2702603;Feira Grande;22712
27;AL;2702702;Feliz Deserto;3963
27;AL;2702801;Flexeiras;9618
27;AL;2702900;Girau do Ponciano;36102
27;AL;2703007;Ibateguara;13731
27;AL;2703106;Igaci;23995
27;AL;2703205;Igreja Nova;21372
27;AL;2703304;Inhapi;15167
27;AL;2703403;Jacaré dos Homens;5083
27;AL;2703502;Jacuípe;5352
27;AL;2703601;Japaratinga;9219
27;AL;2703700;Jaramataia;4985
27;AL;2703759;Jequiá da Praia;9470
27;AL;2703809;Joaquim Gomes;17152
27;AL;2703908;Jundiá;4093
27;AL;2704005;Junqueiro;23907
27;AL;2704104;Lagoa da Canoa;18457
27;AL;2704203;Limoeiro de Anadia;24740
27;AL;2704302;Maceió;957916
27;AL;2704401;Major Isidoro;17700
27;AL;2704500;Maragogi;32174
27;AL;2704609;Maravilha;9534
27;AL;2704708;Marechal Deodoro;60370
27;AL;2704807;Maribondo;13679
27;AL;2704906;Mar Vermelho;3155
27;AL;2705002;Mata Grande;21844
27;AL;2705101;Matriz de Camaragibe;23857
27;AL;2705200;Messias;15405
27;AL;2705309;Minador do Negrão;4845
27;AL;2705408;Monteirópolis;7184
27;AL;2705507;Murici;25187
27;AL;2705606;Novo Lino;10024
27;AL;2705705;Olho d'Água das Flores;20695
27;AL;2705804;Olho d'Água do Casado;8349
27;AL;2705903;Olho d'Água Grande;4330
27;AL;2706000;Olivença;10812
27;AL;2706109;Ouro Branco;11446
27;AL;2706208;Palestina;4325
27;AL;2706307;Palmeira dos Índios;71574
27;AL;2706406;Pão de Açúcar;23823
27;AL;2706422;Pariconha;10573
27;AL;2706448;Paripueira;13835
27;AL;2706505;Passo de Camaragibe;13804
27;AL;2706604;Paulo Jacinto;6576
27;AL;2706703;Penedo;58647
27;AL;2706802;Piaçabuçu;15897
27;AL;2706901;Pilar;35370
27;AL;2707008;Pindoba;2731
27;AL;2707107;Piranhas;22609
27;AL;2707206;Poço das Trincheiras;12518
27;AL;2707305;Porto Calvo;24071
27;AL;2707404;Porto de Pedras;9295
27;AL;2707503;Porto Real do Colégio;20079
27;AL;2707602;Quebrangulo;11080
27;AL;2707701;Rio Largo;93927
27;AL;2707800;Roteiro;6474
27;AL;2707909;Santa Luzia do Norte;6919
27;AL;2708006;Santana do Ipanema;46220
27;AL;2708105;Santana do Mundaú;11323
27;AL;2708204;São Brás;6555
27;AL;2708303;São José da Laje;20813
27;AL;2708402;São José da Tapera;30604
27;AL;2708501;São Luís do Quitunde;30873
27;AL;2708600;São Miguel dos Campos;51990
27;AL;2708709;São Miguel dos Milagres;8482
27;AL;2708808;São Sebastião;31786
27;AL;2708907;Satuba;24278
27;AL;2708956;Senador Rui Palmeira;12302
27;AL;2709004;Tanque d'Arca;5796
27;AL;2709103;Taquarana;19032
27;AL;2709152;Teotônio Vilela;38053
27;AL;2709202;Traipu;23565
27;AL;2709301;União dos Palmares;59280
27;AL;2709400;Viçosa;24092
28;SE;2800100;Amparo do São Francisco;2170
28;SE;2800209;Aquidabã;20131
28;SE;2800308;Aracaju;602757
28;SE;2800407;Arauá;10318
28;SE;2800506;Areia Branca;18081
28;SE;2800605;Barra dos Coqueiros;41511
28;SE;2800670;Boquim;24638
28;SE;2800704;Brejo Grande;7841
28;SE;2801009;Campo do Brito;18149
28;SE;2801108;Canhoba;3791
28;SE;2801207;Canindé de São Francisco;26834
28;SE;2801306;Capela;31645
28;SE;2801405;Carira;19939
28;SE;2801504;Carmópolis;13853
28;SE;2801603;Cedro de São João;5391
28;SE;2801702;Cristinápolis;17100
28;SE;2801900;Cumbe;3824
28;SE;2802007;Divina Pastora;4340
28;SE;2802106;Estância;65078
28;SE;2802205;Feira Nova;5975
28;SE;2802304;Frei Paulo;14530
28;SE;2802403;Gararu;11096
28;SE;2802502;General Maynard;3037
28;SE;2802601;Gracho Cardoso;5834
28;SE;2802700;Ilha das Flores;8321
28;SE;2802809;Indiaroba;16549
28;SE;2802908;Itabaiana;103439
28;SE;2803005;Itabaianinha;40678
28;SE;2803104;Itabi;4745
28;SE;2803203;Itaporanga d'Ajuda;34411
28;SE;2803302;Japaratuba;16209
28;SE;2803401;Japoatã;13407
28;SE;2803500;Lagarto;101579
28;SE;2803609;Laranjeiras;23975
28;SE;2803708;Macambira;6838
28;SE;2803807;Malhada dos Bois;3579
28;SE;2803906;Malhador;11533
28;SE;2804003;Maruim;15719
28;SE;2804102;Moita Bonita;11050
28;SE;2804201;Monte Alegre de Sergipe;14336
28;SE;2804300;Muribeca;7822
28;SE;2804409;Neópolis;16426
28;SE;2804458;Nossa Senhora Aparecida;9232
28;SE;2804508;Nossa Senhora da Glória;41202
28;SE;2804607;Nossa Senhora das Dores;24996
28;SE;2804706;Nossa Senhora de Lourdes;6268
28;SE;2804805;Nossa Senhora do Socorro;192330
28;SE;2804904;Pacatuba;12502
28;SE;2805000;Pedra Mole;2778
28;SE;2805109;Pedrinhas;7396
28;SE;2805208;Pinhão;5677
28;SE;2805307;Pirambu;7913
28;SE;2805406;Poço Redondo;33439
28;SE;2805505;Poço Verde;21794
28;SE;2805604;Porto da Folha;26576
28;SE;2805703;Propriá;26618
28;SE;2805802;Riachão do Dantas;18313
28;SE;2805901;Riachuelo;8311
28;SE;2806008;Ribeirópolis;17033
28;SE;2806107;Rosário do Catete;9295
28;SE;2806206;Salgado;20279
28;SE;2806305;Santa Luzia do Itanhy;13616
28;SE;2806404;Santana do São Francisco;7346
28;SE;2806503;Santa Rosa de Lima;3937
28;SE;2806602;Santo Amaro das Brotas;11092
28;SE;2806701;São Cristóvão;95612
28;SE;2806800;São Domingos;10327
28;SE;2806909;São Francisco;3243
28;SE;2807006;São Miguel do Aleixo;3434
28;SE;2807105;Simão Dias;42578
28;SE;2807204;Siriri;7834
28;SE;2807303;Telha;3274
28;SE;2807402;Tobias Barreto;50905
28;SE;2807501;Tomar do Geru;12012
28;SE;2807600;Umbaúba;23917
29;BA;2900108;Abaíra;7301
29;BA;2900207;Abaré;17639
29;BA;2900306;Acajutiba;13795
29;BA;2900355;Adustina;14200
29;BA;2900405;Água Fria;14497
29;BA;2900504;Érico Cardoso;10604
29;BA;2900603;Aiquara;4446
29;BA;2900702;Alagoinhas;151065
29;BA;2900801;Alcobaça;24530
29;BA;2900900;Almadina;5218
29;BA;2901007;Amargosa;36522
29;BA;2901106;Amélia Rodrigues;24138
29;BA;2901155;América Dourada;15137
29;BA;2901205;Anagé;25438
29;BA;2901304;Andaraí;13080
29;BA;2901353;Andorinha;15012
29;BA;2901403;Angical;13732
29;BA;2901502;Anguera;11031
29;BA;2901601;Antas;14206
29;BA;2901700;Antônio Cardoso;11146
29;BA;2901809;Antônio Gonçalves;10862
29;BA;2901908;Aporá;15930
29;BA;2901957;Apuarema;6913
29;BA;2902005;Aracatu;13936
29;BA;2902054;Araçás;11557
29;BA;2902104;Araci;48035
29;BA;2902203;Aramari;9833
29;BA;2902252;Arataca;10191
29;BA;2902302;Aratuípe;8677
29;BA;2902401;Aurelino Leal;11179
29;BA;2902500;Baianópolis;13614
29;BA;2902609;Baixa Grande;18220
29;BA;2902658;Banzaê;11958
29;BA;2902708;Barra;51092
29;BA;2902807;Barra da Estiva;26026
29;BA;2902906;Barra do Choça;36539
29;BA;2903003;Barra do Mendes;13836
29;BA;2903102;Barra do Rocha;5774
29;BA;2903201;Barreiras;159743
29;BA;2903235;Barro Alto;13453
29;BA;2903276;Barrocas;15203
29;BA;2903300;Barro Preto;5583
29;BA;2903409;Belmonte;20121
29;BA;2903508;Belo Campo;18412
29;BA;2903607;Biritinga;15146
29;BA;2903706;Boa Nova;13690
29;BA;2903805;Boa Vista do Tupim;16873
29;BA;2903904;Bom Jesus da Lapa;65550
29;BA;2903953;Bom Jesus da Serra;9730
29;BA;2904001;Boninal;13622
29;BA;2904050;Bonito;15844
29;BA;2904100;Boquira;19322
29;BA;2904209;Botuporã;11024
29;BA;2904308;Brejões;12943
29;BA;2904407;Brejolândia;9108
29;BA;2904506;Brotas de Macaúbas;11765
29;BA;2904605;Brumado;70512
29;BA;2904704;Buerarema;14804
29;BA;2904753;Buritirama;19589
29;BA;2904803;Caatiba;6205
29;BA;2904852;Cabaceiras do Paraguaçu;16559
29;BA;2904902;Cachoeira;29251
29;BA;2905008;Caculé;22462
29;BA;2905107;Caém;10384
29;BA;2905156;Caetanos;11266
29;BA;2905206;Caetité;52012
29;BA;2905305;Cafarnaum;17466
29;BA;2905404;Cairu;17761
29;BA;2905503;Caldeirão Grande;13080
29;BA;2905602;Camacan;22578
29;BA;2905701;Camaçari;299579
29;BA;2905800;Camamu;30425
29;BA;2905909;Campo Alegre de Lourdes;30671
29;BA;2906006;Campo Formoso;71377
29;BA;2906105;Canápolis;10225
29;BA;2906204;Canarana;24206
29;BA;2906303;Canavieiras;32683
29;BA;2906402;Candeal;7772
29;BA;2906501;Candeias;72382
29;BA;2906600;Candiba;13016
29;BA;2906709;Cândido Sales;25247
29;BA;2906808;Cansanção;37439
29;BA;2906824;Canudos;16105
29;BA;2906857;Capela do Alto Alegre;10744
29;BA;2906873;Capim Grosso;33235
29;BA;2906899;Caraíbas;9940
29;BA;2906907;Caravelas;20586
29;BA;2907004;Cardeal da Silva;8299
29;BA;2907103;Carinhanha;28869
29;BA;2907202;Casa Nova;72085
29;BA;2907301;Castro Alves;24712
29;BA;2907400;Catolândia;3434
29;BA;2907509;Catu;48195
29;BA;2907558;Caturama;8841
29;BA;2907608;Central;16348
29;BA;2907707;Chorrochó;10579
29;BA;2907806;Cícero Dantas;30906
29;BA;2907905;Cipó;17230
29;BA;2908002;Coaraci;17351
29;BA;2908101;Cocos;19151
29;BA;2908200;Conceição da Feira;20800
29;BA;2908309;Conceição do Almeida;15794
29;BA;2908408;Conceição do Coité;67825
29;BA;2908507;Conceição do Jacuípe;35308
29;BA;2908606;Conde;23651
29;BA;2908705;Condeúba;17053
29;BA;2908804;Contendas do Sincorá;4333
29;BA;2908903;Coração de Maria;26692
29;BA;2909000;Cordeiros;7546
29;BA;2909109;Coribe;13990
29;BA;2909208;Coronel João Sá;17056
29;BA;2909307;Correntina;32459
29;BA;2909406;Cotegipe;13063
29;BA;2909505;Cravolândia;4415
29;BA;2909604;Crisópolis;19729
29;BA;2909703;Cristópolis;13993
29;BA;2909802;Cruz das Almas;60346
29;BA;2909901;Curaçá;34180
29;BA;2910008;Dário Meira;10817
29;BA;2910057;Dias d'Ávila;71485
29;BA;2910107;Dom Basílio;11884
29;BA;2910206;Dom Macedo Costa;4407
29;BA;2910305;Elísio Medrado;7809
29;BA;2910404;Encruzilhada;19107
29;BA;2910503;Entre Rios;38098
29;BA;2910602;Esplanada;32556
29;BA;2910701;Euclides da Cunha;61456
29;BA;2910727;Eunápolis;113709
29;BA;2910750;Fátima;17896
29;BA;2910776;Feira da Mata;5631
29;BA;2910800;Feira de Santana;616279
29;BA;2910859;Filadélfia;17897
29;BA;2910909;Firmino Alves;4873
29;BA;2911006;Floresta Azul;11055
29;BA;2911105;Formosa do Rio Preto;25899
29;BA;2911204;Gandu;32178
29;BA;2911253;Gavião;4360
29;BA;2911303;Gentio do Ouro;10884
29;BA;2911402;Glória;15524
29;BA;2911501;Gongogi;5549
29;BA;2911600;Governador Mangabeira;20605
29;BA;2911659;Guajeru;8050
29;BA;2911709;Guanambi;87817
29;BA;2911808;Guaratinga;19049
29;BA;2911857;Heliópolis;12309
29;BA;2911907;Iaçu;24607
29;BA;2912004;Ibiassucê;10429
29;BA;2912103;Ibicaraí;21665
29;BA;2912202;Ibicoara;20785
29;BA;2912301;Ibicuí;13934
29;BA;2912400;Ibipeba;16603
29;BA;2912509;Ibipitanga;13863
29;BA;2912608;Ibiquera;3725
29;BA;2912707;Ibirapitanga;25341
29;BA;2912806;Ibirapuã;8896
29;BA;2912905;Ibirataia;18792
29;BA;2913002;Ibitiara;14634
29;BA;2913101;Ibititá;16969
29;BA;2913200;Ibotirama;26309
29;BA;2913309;Ichu;6190
29;BA;2913408;Igaporã;15527
29;BA;2913457;Igrapiúna;13151
29;BA;2913507;Iguaí;21358
29;BA;2913606;Ilhéus;178703
29;BA;2913705;Inhambupe;33790
29;BA;2913804;Ipecaetá;13709
29;BA;2913903;Ipiaú;40706
29;BA;2914000;Ipirá;56873
29;BA;2914109;Ipupiara;9935
29;BA;2914208;Irajuba;6101
29;BA;2914307;Iramaia;10752
29;BA;2914406;Iraquara;23879
29;BA;2914505;Irará;28043
29;BA;2914604;Irecê;74507
29;BA;2914653;Itabela;28165
29;BA;2914703;Itaberaba;65073
29;BA;2914802;Itabuna;186708
29;BA;2914901;Itacaré;27725
29;BA;2915007;Itaeté;13472
29;BA;2915106;Itagi;13803
29;BA;2915205;Itagibá;15310
29;BA;2915304;Itagimirim;6347
29;BA;2915353;Itaguaçu da Bahia;12311
29;BA;2915403;Itaju do Colônia;6037
29;BA;2915502;Itajuípe;18781
29;BA;2915601;Itamaraju;59603
29;BA;2915700;Itamari;7051
29;BA;2915809;Itambé;24394
29;BA;2915908;Itanagra;5914
29;BA;2916005;Itanhém;17813
29;BA;2916104;Itaparica;19789
29;BA;2916203;Itapé;10341
29;BA;2916302;Itapebi;9174
29;BA;2916401;Itapetinga;65897
29;BA;2916500;Itapicuru;31679
29;BA;2916609;Itapitanga;10279
29;BA;2916708;Itaquara;8153
29;BA;2916807;Itarantim;17052
29;BA;2916856;Itatim;15737
29;BA;2916906;Itiruçu;10999
29;BA;2917003;Itiúba;33872
29;BA;2917102;Itororó;16617
29;BA;2917201;Ituaçu;17914
29;BA;2917300;Ituberá;21913
29;BA;2917334;Iuiu;11118
29;BA;2917359;Jaborandi;9272
29;BA;2917409;Jacaraci;14436
29;BA;2917508;Jacobina;82590
29;BA;2917607;Jaguaquara;45964
29;BA;2917706;Jaguarari;32703
29;BA;2917805;Jaguaripe;17659
29;BA;2917904;Jandaíra;9285
29;BA;2918001;Jequié;158812
29;BA;2918100;Jeremoabo;37626
29;BA;2918209;Jiquiriçá;13629
29;BA;2918308;Jitaúna;14355
29;BA;2918357;João Dourado;24854
29;BA;2918407;Juazeiro;235816
29;BA;2918456;Jucuruçu;9655
29;BA;2918506;Jussara;16354
29;BA;2918555;Jussari;5888
29;BA;2918605;Jussiape;7379
29;BA;2918704;Lafaiete Coutinho;4075
29;BA;2918753;Lagoa Real;14105
29;BA;2918803;Laje;21052
29;BA;2918902;Lajedão;3845
29;BA;2919009;Lajedinho;3527
29;BA;2919058;Lajedo do Tabocal;7494
29;BA;2919108;Lamarão;8746
29;BA;2919157;Lapão;25739
29;BA;2919207;Lauro de Freitas;203334
29;BA;2919306;Lençóis;10774
29;BA;2919405;Licínio de Almeida;11834
29;BA;2919504;Livramento de Nossa Senhora;43911
29;BA;2919553;Luís Eduardo Magalhães;107909
29;BA;2919603;Macajuba;10460
29;BA;2919702;Macarani;21599
29;BA;2919801;Macaúbas;41859
29;BA;2919900;Macururé;7256
29;BA;2919926;Madre de Deus;18504
29;BA;2919959;Maetinga;6973
29;BA;2920007;Maiquinique;8731
29;BA;2920106;Mairi;17674
29;BA;2920205;Malhada;15398
29;BA;2920304;Malhada de Pedras;8670
29;BA;2920403;Manoel Vitorino;13860
29;BA;2920452;Mansidão;13919
29;BA;2920502;Maracás;27620
29;BA;2920601;Maragogipe;35859
29;BA;2920700;Maraú;24580
29;BA;2920809;Marcionílio Souza;9267
29;BA;2920908;Mascote;13544
29;BA;2921005;Mata de São João;42566
29;BA;2921054;Matina;10330
29;BA;2921104;Medeiros Neto;22194
29;BA;2921203;Miguel Calmon;24661
29;BA;2921302;Milagres;11071
29;BA;2921401;Mirangaba;15734
29;BA;2921450;Mirante;10187
29;BA;2921500;Monte Santo;47780
29;BA;2921609;Morpará;7982
29;BA;2921708;Morro do Chapéu;33594
29;BA;2921807;Mortugaba;11143
29;BA;2921906;Mucugê;12137
29;BA;2922003;Mucuri;37975
29;BA;2922052;Mulungu do Morro;13152
29;BA;2922102;Mundo Novo;17299
29;BA;2922201;Muniz Ferreira;7202
29;BA;2922250;Muquém do São Francisco;10443
29;BA;2922300;Muritiba;28707
29;BA;2922409;Mutuípe;20037
29;BA;2922508;Nazaré;27049
29;BA;2922607;Nilo Peçanha;12052
29;BA;2922656;Nordestina;18402
29;BA;2922706;Nova Canaã;13715
29;BA;2922730;Nova Fátima;7967
29;BA;2922755;Nova Ibiá;6501
29;BA;2922805;Nova Itarana;7780
29;BA;2922854;Nova Redenção;7538
29;BA;2922904;Nova Soure;24236
29;BA;2923001;Nova Viçosa;39509
29;BA;2923035;Novo Horizonte;11162
29;BA;2923050;Novo Triunfo;10660
29;BA;2923100;Olindina;22633
29;BA;2923209;Oliveira dos Brejinhos;20715
29;BA;2923308;Ouriçangas;7716
29;BA;2923357;Ourolândia;19243
29;BA;2923407;Palmas de Monte Alto;20078
29;BA;2923506;Palmeiras;10339
29;BA;2923605;Paramirim;20347
29;BA;2923704;Paratinga;29252
29;BA;2923803;Paripiranga;26604
29;BA;2923902;Pau Brasil;9370
29;BA;2924009;Paulo Afonso;112870
29;BA;2924058;Pé de Serra;13243
29;BA;2924108;Pedrão;6235
29;BA;2924207;Pedro Alexandre;13954
29;BA;2924306;Piatã;20086
29;BA;2924405;Pilão Arcado;35357
29;BA;2924504;Pindaí;14731
29;BA;2924603;Pindobaçu;19083
29;BA;2924652;Pintadas;10325
29;BA;2924678;Piraí do Norte;10974
29;BA;2924702;Piripá;9152
29;BA;2924801;Piritiba;17566
29;BA;2924900;Planaltino;8022
29;BA;2925006;Planalto;23135
29;BA;2925105;Poções;48293
29;BA;2925204;Pojuca;32129
29;BA;2925253;Ponto Novo;17938
29;BA;2925303;Porto Seguro;167955
29;BA;2925402;Potiraguá;10274
29;BA;2925501;Prado;35003
29;BA;2925600;Presidente Dutra;15130
29;BA;2925709;Presidente Jânio Quadros;12621
29;BA;2925758;Presidente Tancredo Neves;27726
29;BA;2925808;Queimadas;25978
29;BA;2925907;Quijingue;25272
29;BA;2925931;Quixabeira;9461
29;BA;2925956;Rafael Jambeiro;19662
29;BA;2926004;Remanso;40586
29;BA;2926103;Retirolândia;13651
29;BA;2926202;Riachão das Neves;21642
29;BA;2926301;Riachão do Jacuípe;33386
29;BA;2926400;Riacho de Santana;30711
29;BA;2926509;Ribeira do Amparo;13841
29;BA;2926608;Ribeira do Pombal;54010
29;BA;2926657;Ribeirão do Largo;9740
29;BA;2926707;Rio de Contas;13184
29;BA;2926806;Rio do Antônio;13146
29;BA;2926905;Rio do Pires;10497
29;BA;2927002;Rio Real;35362
29;BA;2927101;Rodelas;10308
29;BA;2927200;Ruy Barbosa;28282
29;BA;2927309;Salinas da Margarida;14987
29;BA;2927408;Salvador;2418005
29;BA;2927507;Santa Bárbara;20952
29;BA;2927606;Santa Brígida;14965
29;BA;2927705;Santa Cruz Cabrália;29185
29;BA;2927804;Santa Cruz da Vitória;4681
29;BA;2927903;Santa Inês;10300
29;BA;2928000;Santaluz;37834
29;BA;2928059;Santa Luzia;13769
29;BA;2928109;Santa Maria da Vitória;38604
29;BA;2928208;Santana;24755
29;BA;2928307;Santanópolis;8716
29;BA;2928406;Santa Rita de Cássia;27390
29;BA;2928505;Santa Terezinha;10441
29;BA;2928604;Santo Amaro;56012
29;BA;2928703;Santo Antônio de Jesus;103055
29;BA;2928802;Santo Estêvão;52274
29;BA;2928901;São Desidério;32828
29;BA;2928950;São Domingos;8426
29;BA;2929008;São Félix;11026
29;BA;2929057;São Félix do Coribe;15194
29;BA;2929107;São Felipe;20283
29;BA;2929206;São Francisco do Conde;37732
29;BA;2929255;São Gabriel;18600
29;BA;2929305;São Gonçalo dos Campos;39513
29;BA;2929354;São José da Vitória;5315
29;BA;2929370;São José do Jacuípe;10187
29;BA;2929404;São Miguel das Matas;10334
29;BA;2929503;São Sebastião do Passé;40958
29;BA;2929602;Sapeaçu;17963
29;BA;2929701;Sátiro Dias;16008
29;BA;2929750;Saubara;11438
29;BA;2929800;Saúde;10478
29;BA;2929909;Seabra;46160
29;BA;2930006;Sebastião Laranjeiras;9360
29;BA;2930105;Senhor do Bonfim;74490
29;BA;2930154;Serra do Ramalho;34222
29;BA;2930204;Sento Sé;38158
29;BA;2930303;Serra Dourada;17066
29;BA;2930402;Serra Preta;17996
29;BA;2930501;Serrinha;80435
29;BA;2930600;Serrolândia;13335
29;BA;2930709;Simões Filho;114441
29;BA;2930758;Sítio do Mato;13408
29;BA;2930766;Sítio do Quinto;14773
29;BA;2930774;Sobradinho;25475
29;BA;2930808;Souto Soares;17058
29;BA;2930907;Tabocas do Brejo Velho;11979
29;BA;2931004;Tanhaçu;21006
29;BA;2931053;Tanque Novo;17158
29;BA;2931103;Tanquinho;7717
29;BA;2931202;Taperoá;18044
29;BA;2931301;Tapiramutá;15818
29;BA;2931350;Teixeira de Freitas;145223
29;BA;2931400;Teodoro Sampaio;7110
29;BA;2931509;Teofilândia;21176
29;BA;2931608;Teolândia;15332
29;BA;2931707;Terra Nova;10798
29;BA;2931806;Tremedal;16296
29;BA;2931905;Tucano;48738
29;BA;2932002;Uauá;24665
29;BA;2932101;Ubaíra;18626
29;BA;2932200;Ubaitaba;17610
29;BA;2932309;Ubatã;16111
29;BA;2932408;Uibaí;13432
29;BA;2932457;Umburanas;13642
29;BA;2932507;Una;18131
29;BA;2932606;Urandi;15355
29;BA;2932705;Uruçuca;21420
29;BA;2932804;Utinga;16277
29;BA;2932903;Valença;85655
29;BA;2933000;Valente;24362
29;BA;2933059;Várzea da Roça;13797
29;BA;2933109;Várzea do Poço;8101
29;BA;2933158;Várzea Nova;13377
29;BA;2933174;Varzedo;9913
29;BA;2933208;Vera Cruz;42577
29;BA;2933257;Vereda;6003
29;BA;2933307;Vitória da Conquista;370868
29;BA;2933406;Wagner;9503
29;BA;2933455;Wanderley;12968
29;BA;2933505;Wenceslau Guimarães;24474
29;BA;2933604;Xique-Xique;44757
31;MG;3100104;Abadia dos Dourados;6272
31;MG;3100203;Abaeté;22675
31;MG;3100302;Abre Campo;13927
31;MG;3100401;Acaiaca;3909
31;MG;3100500;Açucena;8943
31;MG;3100609;Água Boa;12589
31;MG;3100708;Água Comprida;2108
31;MG;3100807;Aguanil;4357
31;MG;3100906;Águas Formosas;18450
31;MG;3101003;Águas Vermelhas;14037
31;MG;3101102;Aimorés;25269
31;MG;3101201;Aiuruoca;6233
31;MG;3101300;Alagoa;2749
31;MG;3101409;Albertina;2945
31;MG;3101508;Além Paraíba;30717
31;MG;3101607;Alfenas;78970
31;MG;3101631;Alfredo Vasconcelos;6931
31;MG;3101706;Almenara;40364
31;MG;3101805;Alpercata;6903
31;MG;3101904;Alpinópolis;18300
31;MG;3102001;Alterosa;13915
31;MG;3102050;Alto Caparaó;5795
31;MG;3102100;Alto Rio Doce;10891
31;MG;3102209;Alvarenga;3973
31;MG;3102308;Alvinópolis;15059
31;MG;3102407;Alvorada de Minas;4159
31;MG;3102506;Amparo do Serra;4541
31;MG;3102605;Andradas;40548
31;MG;3102704;Cachoeira de Pajeú;9110
31;MG;3102803;Andrelândia;11927
31;MG;3102852;Angelândia;7718
31;MG;3102902;Antônio Carlos;11095
31;MG;3103009;Antônio Dias;9219
31;MG;3103108;Antônio Prado de Minas;1538
31;MG;3103207;Araçaí;2181
31;MG;3103306;Aracitaba;2049
31;MG;3103405;Araçuaí;34297
31;MG;3103504;Araguari;117808
31;MG;3103603;Arantina;2915
31;MG;3103702;Araponga;8048
31;MG;3103751;Araporã;8479
31;MG;3103801;Arapuá;2631
31;MG;3103900;Araújos;9199
31;MG;3104007;Araxá;111691
31;MG;3104106;Arceburgo;9177
31;MG;3104205;Arcos;41417
31;MG;3104304;Areado;13881
31;MG;3104403;Argirita;2688
31;MG;3104452;Aricanduva;4719
31;MG;3104502;Arinos;17272
31;MG;3104601;Astolfo Dutra;14138
31;MG;3104700;Ataléia;13736
31;MG;3104809;Augusto de Lima;4538
31;MG;3104908;Baependi;18366
31;MG;3105004;Baldim;7492
31;MG;3105103;Bambuí;23546
31;MG;3105202;Bandeira;4741
31;MG;3105301;Bandeira do Sul;5943
31;MG;3105400;Barão de Cocais;30778
31;MG;3105509;Barão de Monte Alto;4964
31;MG;3105608;Barbacena;125317
31;MG;3105707;Barra Longa;5666
31;MG;3105905;Barroso;20080
31;MG;3106002;Bela Vista de Minas;10167
31;MG;3106101;Belmiro Braga;3244
31;MG;3106200;Belo Horizonte;2315560
31;MG;3106309;Belo Oriente;23928
31;MG;3106408;Belo Vale;8627
31;MG;3106507;Berilo;9826
31;MG;3106606;Bertópolis;4451
31;MG;3106655;Berizal;4201
31;MG;3106705;Betim;411859
31;MG;3106804;Bias Fortes;3361
31;MG;3106903;Bicas;13978
31;MG;3107000;Biquinhas;2383
31;MG;3107109;Boa Esperança;39848
31;MG;3107208;Bocaina de Minas;5348
31;MG;3107307;Bocaiúva;48032
31;MG;3107406;Bom Despacho;51737
31;MG;3107505;Bom Jardim de Minas;6783
31;MG;3107604;Bom Jesus da Penha;4474
31;MG;3107703;Bom Jesus do Amparo;5631
31;MG;3107802;Bom Jesus do Galho;14537
31;MG;3107901;Bom Repouso;12649
31;MG;3108008;Bom Sucesso;17151
31;MG;3108107;Bonfim;7434
31;MG;3108206;Bonfinópolis de Minas;5528
31;MG;3108255;Bonito de Minas;10204
31;MG;3108305;Borda da Mata;17404
31;MG;3108404;Botelhos;14828
31;MG;3108503;Botumirim;5790
31;MG;3108552;Brasilândia de Minas;15020
31;MG;3108602;Brasília de Minas;32025
31;MG;3108701;Brás Pires;4260
31;MG;3108800;Braúnas;4441
31;MG;3108909;Brazópolis;14246
31;MG;3109006;Brumadinho;38915
31;MG;3109105;Bueno Brandão;10911
31;MG;3109204;Buenópolis;9150
31;MG;3109253;Bugre;4041
31;MG;3109303;Buritis;24034
31;MG;3109402;Buritizeiro;23910
31;MG;3109451;Cabeceira Grande;6627
31;MG;3109501;Cabo Verde;11410
31;MG;3109600;Cachoeira da Prata;3693
31;MG;3109709;Cachoeira de Minas;11884
31;MG;3109808;Cachoeira Dourada;2315
31;MG;3109907;Caetanópolis;11435
31;MG;3110004;Caeté;38776
31;MG;3110103;Caiana;5304
31;MG;3110202;Cajuri;4088
31;MG;3110301;Caldas;14217
31;MG;3110400;Camacho;2838
31;MG;3110509;Camanducaia;26097
31;MG;3110608;Cambuí;29536
31;MG;3110707;Cambuquira;12313
31;MG;3110806;Campanário;2923
31;MG;3110905;Campanha;15935
31;MG;3111002;Campestre;20696
31;MG;3111101;Campina Verde;18011
31;MG;3111150;Campo Azul;3714
31;MG;3111200;Campo Belo;52277
31;MG;3111309;Campo do Meio;11377
31;MG;3111408;Campo Florido;8466
31;MG;3111507;Campos Altos;12979
31;MG;3111606;Campos Gerais;26105
31;MG;3111705;Canaã;4715
31;MG;3111804;Canápolis;10608
31;MG;3111903;Cana Verde;5272
31;MG;3112000;Candeias;14001
31;MG;3112059;Cantagalo;3974
31;MG;3112109;Caparaó;5048
31;MG;3112208;Capela Nova;4362
31;MG;3112307;Capelinha;39624
31;MG;3112406;Capetinga;6562
31;MG;3112505;Capim Branco;10663
31;MG;3112604;Capinópolis;14655
31;MG;3112653;Capitão Andrade;4585
31;MG;3112703;Capitão Enéas;14108
31;MG;3112802;Capitólio;10380
31;MG;3112901;Caputira;8936
31;MG;3113008;Caraí;19548
31;MG;3113107;Caranaíba;2933
31;MG;3113206;Carandaí;23812
31;MG;3113305;Carangola;31240
31;MG;3113404;Caratinga;87360
31;MG;3113503;Carbonita;8512
31;MG;3113602;Careaçu;6816
31;MG;3113701;Carlos Chagas;18615
31;MG;3113800;Carmésia;2605
31;MG;3113909;Carmo da Cachoeira;11547
31;MG;3114006;Carmo da Mata;11019
31;MG;3114105;Carmo de Minas;13797
31;MG;3114204;Carmo do Cajuru;23479
31;MG;3114303;Carmo do Paranaíba;29011
31;MG;3114402;Carmo do Rio Claro;20954
31;MG;3114501;Carmópolis de Minas;17878
31;MG;3114550;Carneirinho;9422
31;MG;3114600;Carrancas;4049
31;MG;3114709;Carvalhópolis;3341
31;MG;3114808;Carvalhos;4422
31;MG;3114907;Casa Grande;2214
31;MG;3115003;Cascalho Rico;2712
31;MG;3115102;Cássia;17155
31;MG;3115201;Conceição da Barra de Minas;3560
31;MG;3115300;Cataguases;66261
31;MG;3115359;Catas Altas;5473
31;MG;3115409;Catas Altas da Noruega;3110
31;MG;3115458;Catuji;7030
31;MG;3115474;Catuti;4739
31;MG;3115508;Caxambu;21056
31;MG;3115607;Cedro do Abaeté;1081
31;MG;3115706;Central de Minas;6171
31;MG;3115805;Centralina;10207
31;MG;3115904;Chácara;3075
31;MG;3116001;Chalé;6075
31;MG;3116100;Chapada do Norte;10337
31;MG;3116159;Chapada Gaúcha;12355
31;MG;3116209;Chiador;2800
31;MG;3116308;Cipotânea;5581
31;MG;3116407;Claraval;4658
31;MG;3116506;Claro dos Poções;7166
31;MG;3116605;Cláudio;30159
31;MG;3116704;Coimbra;7117
31;MG;3116803;Coluna;8163
31;MG;3116902;Comendador Gomes;2773
31;MG;3117009;Comercinho;6660
31;MG;3117108;Conceição da Aparecida;10371
31;MG;3117207;Conceição das Pedras;2772
31;MG;3117306;Conceição das Alagoas;28381
31;MG;3117405;Conceição de Ipanema;4409
31;MG;3117504;Conceição do Mato Dentro;23162
31;MG;3117603;Conceição do Pará;5415
31;MG;3117702;Conceição do Rio Verde;12541
31;MG;3117801;Conceição dos Ouros;10880
31;MG;3117836;Cônego Marinho;7237
31;MG;3117876;Confins;7350
31;MG;3117900;Congonhal;11083
31;MG;3118007;Congonhas;52890
31;MG;3118106;Congonhas do Norte;4831
31;MG;3118205;Conquista;6694
31;MG;3118304;Conselheiro Lafaiete;131621
31;MG;3118403;Conselheiro Pena;20824
31;MG;3118502;Consolação;1563
31;MG;3118601;Contagem;621865
31;MG;3118700;Coqueiral;9023
31;MG;3118809;Coração de Jesus;25377
31;MG;3118908;Cordisburgo;7547
31;MG;3119005;Cordislândia;3200
31;MG;3119104;Corinto;23532
31;MG;3119203;Coroaci;10884
31;MG;3119302;Coromandel;28894
31;MG;3119401;Coronel Fabriciano;104736
31;MG;3119500;Coronel Murta;8200
31;MG;3119609;Coronel Pacheco;2762
31;MG;3119708;Coronel Xavier Chaves;3486
31;MG;3119807;Córrego Danta;2960
31;MG;3119906;Córrego do Bom Jesus;4272
31;MG;3119955;Córrego Fundo;6133
31;MG;3120003;Córrego Novo;2875
31;MG;3120102;Couto de Magalhães de Minas;4245
31;MG;3120151;Crisólita;5265
31;MG;3120201;Cristais;12197
31;MG;3120300;Cristália;5121
31;MG;3120409;Cristiano Otoni;4667
31;MG;3120508;Cristina;10374
31;MG;3120607;Crucilândia;5434
31;MG;3120706;Cruzeiro da Fortaleza;3521
31;MG;3120805;Cruzília;15362
31;MG;3120839;Cuparaque;3983
31;MG;3120870;Curral de Dentro;7406
31;MG;3120904;Curvelo;80352
31;MG;3121001;Datas;5465
31;MG;3121100;Delfim Moreira;7952
31;MG;3121209;Delfinópolis;8397
31;MG;3121258;Delta;10494
31;MG;3121308;Descoberto;4928
31;MG;3121407;Desterro de Entre Rios;7653
31;MG;3121506;Desterro do Melo;2994
31;MG;3121605;Diamantina;47702
31;MG;3121704;Diogo de Vasconcelos;3549
31;MG;3121803;Dionísio;6847
31;MG;3121902;Divinésia;4226
31;MG;3122009;Divino;20706
31;MG;3122108;Divino das Laranjeiras;4178
31;MG;3122207;Divinolândia de Minas;6516
31;MG;3122306;Divinópolis;231091
31;MG;3122355;Divisa Alegre;6321
31;MG;3122405;Divisa Nova;5851
31;MG;3122454;Divisópolis;10213
31;MG;3122470;Dom Bosco;3697
31;MG;3122504;Dom Cavati;4904
31;MG;3122603;Dom Joaquim;4899
31;MG;3122702;Dom Silvério;5228
31;MG;3122801;Dom Viçoso;3095
31;MG;3122900;Dona Euzébia;6093
31;MG;3123007;Dores de Campos;10007
31;MG;3123106;Dores de Guanhães;5029
31;MG;3123205;Dores do Indaiá;12630
31;MG;3123304;Dores do Turvo;4987
31;MG;3123403;Doresópolis;1461
31;MG;3123502;Douradoquara;1829
31;MG;3123528;Durandé;7817
31;MG;3123601;Elói Mendes;26336
31;MG;3123700;Engenheiro Caldas;13622
31;MG;3123809;Engenheiro Navarro;6354
31;MG;3123858;Entre Folhas;5179
31;MG;3123908;Entre Rios de Minas;14746
31;MG;3124005;Ervália;20255
31;MG;3124104;Esmeraldas;85594
31;MG;3124203;Espera Feliz;24102
31;MG;3124302;Espinosa;30443
31;MG;3124401;Espírito Santo do Dourado;6611
31;MG;3124500;Estiva;11502
31;MG;3124609;Estrela Dalva;2186
31;MG;3124708;Estrela do Indaiá;2772
31;MG;3124807;Estrela do Sul;6840
31;MG;3124906;Eugenópolis;10801
31;MG;3125002;Ewbank da Câmara;3875
31;MG;3125101;Extrema;53482
31;MG;3125200;Fama;2578
31;MG;3125309;Faria Lemos;3188
31;MG;3125408;Felício dos Santos;5133
31;MG;3125507;São Gonçalo do Rio Preto;3032
31;MG;3125606;Felisburgo;6489
31;MG;3125705;Felixlândia;13978
31;MG;3125804;Fernandes Tourinho;2789
31;MG;3125903;Ferros;9590
31;MG;3125952;Fervedouro;10445
31;MG;3126000;Florestal;8045
31;MG;3126109;Formiga;68248
31;MG;3126208;Formoso;7949
31;MG;3126307;Fortaleza de Minas;3477
31;MG;3126406;Fortuna de Minas;3093
31;MG;3126505;Francisco Badaró;7366
31;MG;3126604;Francisco Dumont;4503
31;MG;3126703;Francisco Sá;23476
31;MG;3126752;Franciscópolis;5034
31;MG;3126802;Frei Gaspar;5640
31;MG;3126901;Frei Inocêncio;8226
31;MG;3126950;Frei Lagonegro;3391
31;MG;3127008;Fronteira;14533
31;MG;3127057;Fronteira dos Vales;4345
31;MG;3127073;Fruta de Leite;4647
31;MG;3127107;Frutal;58588
31;MG;3127206;Funilândia;4686
31;MG;3127305;Galiléia;6222
31;MG;3127339;Gameleiras;4793
31;MG;3127354;Glaucilândia;2928
31;MG;3127370;Goiabeira;2830
31;MG;3127388;Goianá;4053
31;MG;3127404;Gonçalves;4736
31;MG;3127503;Gonzaga;5230
31;MG;3127602;Gouveia;11331
31;MG;3127701;Governador Valadares;257172
31;MG;3127800;Grão Mogol;13901
31;MG;3127909;Grupiara;1392
31;MG;3128006;Guanhães;32244
31;MG;3128105;Guapé;13772
31;MG;3128204;Guaraciaba;9753
31;MG;3128253;Guaraciama;5051
31;MG;3128303;Guaranésia;19150
31;MG;3128402;Guarani;7714
31;MG;3128501;Guarará;3149
31;MG;3128600;Guarda-Mor;6539
31;MG;3128709;Guaxupé;50911
31;MG;3128808;Guidoval;7131
31;MG;3128907;Guimarânia;8478
31;MG;3129004;Guiricema;7778
31;MG;3129103;Gurinhatã;5192
31;MG;3129202;Heliodora;6134
31;MG;3129301;Iapu;12030
31;MG;3129400;Ibertioga;5198
31;MG;3129509;Ibiá;22229
31;MG;3129608;Ibiaí;6286
31;MG;3129657;Ibiracatu;5081
31;MG;3129707;Ibiraci;10948
31;MG;3129806;Ibirité;170387
31;MG;3129905;Ibitiúra de Minas;3365
31;MG;3130002;Ibituruna;2698
31;MG;3130051;Icaraí de Minas;10677
31;MG;3130101;Igarapé;45847
31;MG;3130200;Igaratinga;10830
31;MG;3130309;Iguatama;6826
31;MG;3130408;Ijaci;7003
31;MG;3130507;Ilicínea;12741
31;MG;3130556;Imbé de Minas;6986
31;MG;3130606;Inconfidentes;7301
31;MG;3130655;Indaiabira;6346
31;MG;3130705;Indianópolis;6171
31;MG;3130804;Ingaí;2580
31;MG;3130903;Inhapim;22692
31;MG;3131000;Inhaúma;6239
31;MG;3131109;Inimutaba;7371
31;MG;3131158;Ipaba;17136
31;MG;3131208;Ipanema;19522
31;MG;3131307;Ipatinga;227731
31;MG;3131406;Ipiaçu;3775
31;MG;3131505;Ipuiúna;9135
31;MG;3131604;Iraí de Minas;7180
31;MG;3131703;Itabira;113343
31;MG;3131802;Itabirinha;10362
31;MG;3131901;Itabirito;53282
31;MG;3132008;Itacambira;4252
31;MG;3132107;Itacarambi;17208
31;MG;3132206;Itaguara;13846
31;MG;3132305;Itaipé;10463
31;MG;3132404;Itajubá;93073
31;MG;3132503;Itamarandiba;32948
31;MG;3132602;Itamarati de Minas;3690
31;MG;3132701;Itambacuri;21042
31;MG;3132800;Itambé do Mato Dentro;2142
31;MG;3132909;Itamogi;10770
31;MG;3133006;Itamonte;14786
31;MG;3133105;Itanhandu;15236
31;MG;3133204;Itanhomi;11128
31;MG;3133303;Itaobim;19151
31;MG;3133402;Itapagipe;13690
31;MG;3133501;Itapecerica;20984
31;MG;3133600;Itapeva;12692
31;MG;3133709;Itatiaiuçu;12966
31;MG;3133758;Itaú de Minas;14406
31;MG;3133808;Itaúna;97669
31;MG;3133907;Itaverava;5642
31;MG;3134004;Itinga;13745
31;MG;3134103;Itueta;6052
31;MG;3134202;Ituiutaba;102217
31;MG;3134301;Itumirim;6635
31;MG;3134400;Iturama;38295
31;MG;3134509;Itutinga;4217
31;MG;3134608;Jaboticatubas;20406
31;MG;3134707;Jacinto;11042
31;MG;3134806;Jacuí;7495
31;MG;3134905;Jacutinga;25525
31;MG;3135001;Jaguaraçu;3092
31;MG;3135050;Jaíba;37660
31;MG;3135076;Jampruca;4296
31;MG;3135100;Janaúba;70699
31;MG;3135209;Januária;65130
31;MG;3135308;Japaraíba;4508
31;MG;3135357;Japonvar;8127
31;MG;3135407;Jeceaba;6197
31;MG;3135456;Jenipapo de Minas;6100
31;MG;3135506;Jequeri;12419
31;MG;3135605;Jequitaí;6484
31;MG;3135704;Jequitibá;5883
31;MG;3135803;Jequitinhonha;24002
31;MG;3135902;Jesuânia;5138
31;MG;3136009;Joaíma;13888
31;MG;3136108;Joanésia;4329
31;MG;3136207;João Monlevade;80187
31;MG;3136306;João Pinheiro;46801
31;MG;3136405;Joaquim Felício;3854
31;MG;3136504;Jordânia;10304
31;MG;3136520;José Gonçalves de Minas;3969
31;MG;3136553;José Raydan;4268
31;MG;3136579;Josenópolis;3630
31;MG;3136603;Nova União;5909
31;MG;3136652;Juatuba;30716
31;MG;3136702;Juiz de Fora;540756
31;MG;3136801;Juramento;3768
31;MG;3136900;Juruaia;11084
31;MG;3136959;Juvenília;5789
31;MG;3137007;Ladainha;14375
31;MG;3137106;Lagamar;6631
31;MG;3137205;Lagoa da Prata;51412
31;MG;3137304;Lagoa dos Patos;3313
31;MG;3137403;Lagoa Dourada;12769
31;MG;3137502;Lagoa Formosa;18904
31;MG;3137536;Lagoa Grande;8969
31;MG;3137601;Lagoa Santa;75145
31;MG;3137700;Lajinha;20835
31;MG;3137809;Lambari;20414
31;MG;3137908;Lamim;3184
31;MG;3138005;Laranjal;5963
31;MG;3138104;Lassance;7124
31;MG;3138203;Lavras;104761
31;MG;3138302;Leandro Ferreira;3199
31;MG;3138351;Leme do Prado;4341
31;MG;3138401;Leopoldina;51145
31;MG;3138500;Liberdade;4737
31;MG;3138609;Lima Duarte;17221
31;MG;3138625;Limeira do Oeste;8687
31;MG;3138658;Lontra;8790
31;MG;3138674;Luisburgo;6956
31;MG;3138682;Luislândia;6210
31;MG;3138708;Luminárias;5586
31;MG;3138807;Luz;17875
31;MG;3138906;Machacalis;6487
31;MG;3139003;Machado;37684
31;MG;3139102;Madre de Deus de Minas;5191
31;MG;3139201;Malacacheta;17516
31;MG;3139250;Mamonas;5997
31;MG;3139300;Manga;18886
31;MG;3139409;Manhuaçu;91886
31;MG;3139508;Manhumirim;20610
31;MG;3139607;Mantena;26535
31;MG;3139706;Maravilhas;7333
31;MG;3139805;Mar de Espanha;12721
31;MG;3139904;Maria da Fé;14247
31;MG;3140001;Mariana;61387
31;MG;3140100;Marilac;4224
31;MG;3140159;Mário Campos;15861
31;MG;3140209;Maripá de Minas;3387
31;MG;3140308;Marliéria;4592
31;MG;3140407;Marmelópolis;3200
31;MG;3140506;Martinho Campos;14003
31;MG;3140530;Martins Soares;8396
31;MG;3140555;Mata Verde;9113
31;MG;3140605;Materlândia;3963
31;MG;3140704;Mateus Leme;37841
31;MG;3140803;Matias Barbosa;14121
31;MG;3140852;Matias Cardoso;8895
31;MG;3140902;Matipó;18552
31;MG;3141009;Mato Verde;12038
31;MG;3141108;Matozinhos;37618
31;MG;3141207;Matutina;3814
31;MG;3141306;Medeiros;3900
31;MG;3141405;Medina;20156
31;MG;3141504;Mendes Pimentel;5606
31;MG;3141603;Mercês;10373
31;MG;3141702;Mesquita;5040
31;MG;3141801;Minas Novas;24405
31;MG;3141900;Minduri;3741
31;MG;3142007;Mirabela;13651
31;MG;3142106;Miradouro;8968
31;MG;3142205;Miraí;13633
31;MG;3142254;Miravânia;3985
31;MG;3142304;Moeda;5125
31;MG;3142403;Moema;7548
31;MG;3142502;Monjolos;2169
31;MG;3142601;Monsenhor Paulo;8340
31;MG;3142700;Montalvânia;14060
31;MG;3142809;Monte Alegre de Minas;20170
31;MG;3142908;Monte Azul;20328
31;MG;3143005;Monte Belo;13046
31;MG;3143104;Monte Carmelo;47689
31;MG;3143153;Monte Formoso;4381
31;MG;3143203;Monte Santo de Minas;20890
31;MG;3143302;Montes Claros;414240
31;MG;3143401;Monte Sião;24089
31;MG;3143450;Montezuma;6888
31;MG;3143500;Morada Nova de Minas;9066
31;MG;3143609;Morro da Garça;2411
31;MG;3143708;Morro do Pilar;3133
31;MG;3143807;Munhoz;7451
31;MG;3143906;Muriaé;104108
31;MG;3144003;Mutum;27635
31;MG;3144102;Muzambinho;21891
31;MG;3144201;Nacip Raydan;2459
31;MG;3144300;Nanuque;35038
31;MG;3144359;Naque;6303
31;MG;3144375;Natalândia;3520
31;MG;3144409;Natércia;4691
31;MG;3144508;Nazareno;8179
31;MG;3144607;Nepomuceno;25018
31;MG;3144656;Ninheira;10588
31;MG;3144672;Nova Belém;3151
31;MG;3144706;Nova Era;17438
31;MG;3144805;Nova Lima;111697
31;MG;3144904;Nova Módica;3663
31;MG;3145000;Nova Ponte;14598
31;MG;3145059;Nova Porteirinha;6706
31;MG;3145109;Nova Resende;16387
31;MG;3145208;Nova Serrana;105552
31;MG;3145307;Novo Cruzeiro;26975
31;MG;3145356;Novo Oriente de Minas;10275
31;MG;3145372;Novorizonte;4571
31;MG;3145406;Olaria;1945
31;MG;3145455;Olhos-d'Água;5385
31;MG;3145505;Olímpio Noronha;2555
31;MG;3145604;Oliveira;39262
31;MG;3145703;Oliveira Fortes;2027
31;MG;3145802;Onça de Pitangui;2969
31;MG;3145851;Oratórios;4917
31;MG;3145877;Orizânia;8437
31;MG;3145901;Ouro Branco;38724
31;MG;3146008;Ouro Fino;32094
31;MG;3146107;Ouro Preto;74824
31;MG;3146206;Ouro Verde de Minas;5757
31;MG;3146255;Padre Carvalho;5058
31;MG;3146305;Padre Paraíso;17334
31;MG;3146404;Paineiras;4224
31;MG;3146503;Pains;8142
31;MG;3146552;Pai Pedro;5551
31;MG;3146602;Paiva;1474
31;MG;3146701;Palma;5707
31;MG;3146750;Palmópolis;6301
31;MG;3146909;Papagaios;13920
31;MG;3147006;Paracatu;94017
31;MG;3147105;Pará de Minas;97139
31;MG;3147204;Paraguaçu;21723
31;MG;3147303;Paraisópolis;20445
31;MG;3147402;Paraopeba;24107
31;MG;3147501;Passabém;1600
31;MG;3147600;Passa Quatro;15515
31;MG;3147709;Passa Tempo;8473
31;MG;3147808;Passa Vinte;2233
31;MG;3147907;Passos;111939
31;MG;3147956;Patis;4837
31;MG;3148004;Patos de Minas;159235
31;MG;3148103;Patrocínio;89826
31;MG;3148202;Patrocínio do Muriaé;5576
31;MG;3148301;Paula Cândido;8659
31;MG;3148400;Paulistas;4389
31;MG;3148509;Pavão;8047
31;MG;3148608;Peçanha;17446
31;MG;3148707;Pedra Azul;24410
31;MG;3148756;Pedra Bonita;7320
31;MG;3148806;Pedra do Anta;3311
31;MG;3148905;Pedra do Indaiá;4112
31;MG;3149002;Pedra Dourada;2757
31;MG;3149101;Pedralva;10760
31;MG;3149150;Pedras de Maria da Cruz;10452
31;MG;3149200;Pedrinópolis;3344
31;MG;3149309;Pedro Leopoldo;62580
31;MG;3149408;Pedro Teixeira;1810
31;MG;3149507;Pequeri;3351
31;MG;3149606;Pequi;4155
31;MG;3149705;Perdigão;12268
31;MG;3149804;Perdizes;17151
31;MG;3149903;Perdões;21384
31;MG;3149952;Periquito;6553
31;MG;3150000;Pescador;3570
31;MG;3150109;Piau;2796
31;MG;3150158;Piedade de Caratinga;8529
31;MG;3150208;Piedade de Ponte Nova;3976
31;MG;3150307;Piedade do Rio Grande;4604
31;MG;3150406;Piedade dos Gerais;5019
31;MG;3150505;Pimenta;8563
31;MG;3150539;Pingo-d'Água;4706
31;MG;3150570;Pintópolis;7084
31;MG;3150604;Piracema;6700
31;MG;3150703;Pirajuba;5537
31;MG;3150802;Piranga;17018
31;MG;3150901;Piranguçu;6041
31;MG;3151008;Piranguinho;9120
31;MG;3151107;Pirapetinga;11077
31;MG;3151206;Pirapora;55606
31;MG;3151305;Piraúba;11610
31;MG;3151404;Pitangui;26685
31;MG;3151503;Piumhi;36062
31;MG;3151602;Planura;11145
31;MG;3151701;Poço Fundo;16388
31;MG;3151800;Poços de Caldas;163742
31;MG;3151909;Pocrane;8350
31;MG;3152006;Pompéu;31047
31;MG;3152105;Ponte Nova;57776
31;MG;3152131;Ponto Chique;3747
31;MG;3152170;Ponto dos Volantes;10883
31;MG;3152204;Porteirinha;37438
31;MG;3152303;Porto Firme;10569
31;MG;3152402;Poté;13666
31;MG;3152501;Pouso Alegre;152212
31;MG;3152600;Pouso Alto;6566
31;MG;3152709;Prados;9048
31;MG;3152808;Prata;28342
31;MG;3152907;Pratápolis;8406
31;MG;3153004;Pratinha;3559
31;MG;3153103;Presidente Bernardes;4850
31;MG;3153202;Presidente Juscelino;3465
31;MG;3153301;Presidente Kubitschek;3071
31;MG;3153400;Presidente Olegário;18765
31;MG;3153509;Alto Jequitibá;8397
31;MG;3153608;Prudente de Morais;11466
31;MG;3153707;Quartel Geral;3179
31;MG;3153806;Queluzito;1770
31;MG;3153905;Raposos;16279
31;MG;3154002;Raul Soares;23423
31;MG;3154101;Recreio;11007
31;MG;3154150;Reduto;7848
31;MG;3154200;Resende Costa;11230
31;MG;3154309;Resplendor;17226
31;MG;3154408;Ressaquinha;4548
31;MG;3154457;Riachinho;6863
31;MG;3154507;Riacho dos Machados;8756
31;MG;3154606;Ribeirão das Neves;329794
31;MG;3154705;Ribeirão Vermelho;4080
31;MG;3154804;Rio Acima;10261
31;MG;3154903;Rio Casca;12789
31;MG;3155009;Rio Doce;2484
31;MG;3155108;Rio do Prado;4639
31;MG;3155207;Rio Espera;5429
31;MG;3155306;Rio Manso;5568
31;MG;3155405;Rio Novo;8518
31;MG;3155504;Rio Paranaíba;14532
31;MG;3155603;Rio Pardo de Minas;28271
31;MG;3155702;Rio Piracicaba;14631
31;MG;3155801;Rio Pomba;17443
31;MG;3155900;Rio Preto;5141
31;MG;3156007;Rio Vermelho;12638
31;MG;3156106;Ritápolis;4994
31;MG;3156205;Rochedo de Minas;2291
31;MG;3156304;Rodeiro;8664
31;MG;3156403;Romaria;3386
31;MG;3156452;Rosário da Limeira;4734
31;MG;3156502;Rubelita;5679
31;MG;3156601;Rubim;10298
31;MG;3156700;Sabará;129372
31;MG;3156809;Sabinópolis;14240
31;MG;3156908;Sacramento;26670
31;MG;3157005;Salinas;40178
31;MG;3157104;Salto da Divisa;6110
31;MG;3157203;Santa Bárbara;30466
31;MG;3157252;Santa Bárbara do Leste;8458
31;MG;3157278;Santa Bárbara do Monte Verde;3095
31;MG;3157302;Santa Bárbara do Tugúrio;4208
31;MG;3157336;Santa Cruz de Minas;8109
31;MG;3157377;Santa Cruz de Salinas;3910
31;MG;3157401;Santa Cruz do Escalvado;4673
31;MG;3157500;Santa Efigênia de Minas;4039
31;MG;3157609;Santa Fé de Minas;3522
31;MG;3157658;Santa Helena de Minas;5938
31;MG;3157708;Santa Juliana;15734
31;MG;3157807;Santa Luzia;218805
31;MG;3157906;Santa Margarida;16395
31;MG;3158003;Santa Maria de Itabira;10491
31;MG;3158102;Santa Maria do Salto;4755
31;MG;3158201;Santa Maria do Suaçuí;12788
31;MG;3158300;Santana da Vargem;6639
31;MG;3158409;Santana de Cataguases;3489
31;MG;3158508;Santana de Pirapama;7030
31;MG;3158607;Santana do Deserto;3747
31;MG;3158706;Santana do Garambéu;2137
31;MG;3158805;Santana do Jacaré;4214
31;MG;3158904;Santana do Manhuaçu;8987
31;MG;3158953;Santana do Paraíso;44800
31;MG;3159001;Santana do Riacho;5313
31;MG;3159100;Santana dos Montes;3469
31;MG;3159209;Santa Rita de Caldas;8460
31;MG;3159308;Santa Rita de Jacutinga;4755
31;MG;3159357;Santa Rita de Minas;6773
31;MG;3159407;Santa Rita de Ibitipoca;3301
31;MG;3159506;Santa Rita do Itueto;5826
31;MG;3159605;Santa Rita do Sapucaí;40635
31;MG;3159704;Santa Rosa da Serra;3382
31;MG;3159803;Santa Vitória;20973
31;MG;3159902;Santo Antônio do Amparo;17285
31;MG;3160009;Santo Antônio do Aventureiro;3769
31;MG;3160108;Santo Antônio do Grama;4229
31;MG;3160207;Santo Antônio do Itambé;3915
31;MG;3160306;Santo Antônio do Jacinto;10327
31;MG;3160405;Santo Antônio do Monte;27295
31;MG;3160454;Santo Antônio do Retiro;6629
31;MG;3160504;Santo Antônio do Rio Abaixo;1808
31;MG;3160603;Santo Hipólito;2717
31;MG;3160702;Santos Dumont;42406
31;MG;3160801;São Bento Abade;4713
31;MG;3160900;São Brás do Suaçuí;3989
31;MG;3160959;São Domingos das Dores;5626
31;MG;3161007;São Domingos do Prata;17392
31;MG;3161056;São Félix de Minas;3200
31;MG;3161106;São Francisco;52762
31;MG;3161205;São Francisco de Paula;6187
31;MG;3161304;São Francisco de Sales;5732
31;MG;3161403;São Francisco do Glória;4800
31;MG;3161502;São Geraldo;10282
31;MG;3161601;São Geraldo da Piedade;3305
31;MG;3161650;São Geraldo do Baixio;3143
31;MG;3161700;São Gonçalo do Abaeté;7375
31;MG;3161809;São Gonçalo do Pará;11770
31;MG;3161908;São Gonçalo do Rio Abaixo;11850
31;MG;3162005;São Gonçalo do Sapucaí;23959
31;MG;3162104;São Gotardo;40910
31;MG;3162203;São João Batista do Glória;7652
31;MG;3162252;São João da Lagoa;4822
31;MG;3162302;São João da Mata;2914
31;MG;3162401;São João da Ponte;23930
31;MG;3162450;São João das Missões;13024
31;MG;3162500;São João del Rei;90225
31;MG;3162559;São João do Manhuaçu;11246
31;MG;3162575;São João do Manteninha;5331
31;MG;3162609;São João do Oriente;7070
31;MG;3162658;São João do Pacuí;3971
31;MG;3162708;São João do Paraíso;23910
31;MG;3162807;São João Evangelista;15315
31;MG;3162906;São João Nepomuceno;25565
31;MG;3162922;São Joaquim de Bicas;34348
31;MG;3162948;São José da Barra;7793
31;MG;3162955;São José da Lapa;26015
31;MG;3163003;São José da Safira;3806
31;MG;3163102;São José da Varginha;4536
31;MG;3163201;São José do Alegre;4133
31;MG;3163300;São José do Divino;3464
31;MG;3163409;São José do Goiabal;5396
31;MG;3163508;São José do Jacuri;6197
31;MG;3163607;São José do Mantimento;2753
31;MG;3163706;São Lourenço;44798
31;MG;3163805;São Miguel do Anta;6334
31;MG;3163904;São Pedro da União;4885
31;MG;3164001;São Pedro dos Ferros;7166
31;MG;3164100;São Pedro do Suaçuí;5103
31;MG;3164209;São Romão;10315
31;MG;3164308;São Roque de Minas;7129
31;MG;3164407;São Sebastião da Bela Vista;6387
31;MG;3164431;São Sebastião da Vargem Alegre;3113
31;MG;3164472;São Sebastião do Anta;6194
31;MG;3164506;São Sebastião do Maranhão;10079
31;MG;3164605;São Sebastião do Oeste;8815
31;MG;3164704;São Sebastião do Paraíso;71796
31;MG;3164803;São Sebastião do Rio Preto;1259
31;MG;3164902;São Sebastião do Rio Verde;2300
31;MG;3165008;São Tiago;11192
31;MG;3165107;São Tomás de Aquino;6740
31;MG;3165206;São Tomé das Letras;6904
31;MG;3165305;São Vicente de Minas;6804
31;MG;3165404;Sapucaí-Mirim;6311
31;MG;3165503;Sardoá;5104
31;MG;3165537;Sarzedo;36844
31;MG;3165552;Setubinha;9917
31;MG;3165560;Sem-Peixe;2433
31;MG;3165578;Senador Amaral;6206
31;MG;3165602;Senador Cortes;2240
31;MG;3165701;Senador Firmino;7716
31;MG;3165800;Senador José Bento;2068
31;MG;3165909;Senador Modestino Gonçalves;4008
31;MG;3166006;Senhora de Oliveira;5483
31;MG;3166105;Senhora do Porto;3067
31;MG;3166204;Senhora dos Remédios;10384
31;MG;3166303;Sericita;7345
31;MG;3166402;Seritinga;1819
31;MG;3166501;Serra Azul de Minas;3792
31;MG;3166600;Serra da Saudade;833
31;MG;3166709;Serra dos Aimorés;6944
31;MG;3166808;Serra do Salitre;11801
31;MG;3166907;Serrania;7621
31;MG;3166956;Serranópolis de Minas;4399
31;MG;3167004;Serranos;1990
31;MG;3167103;Serro;21952
31;MG;3167202;Sete Lagoas;227360
31;MG;3167301;Silveirânia;2323
31;MG;3167400;Silvianópolis;6179
31;MG;3167509;Simão Pereira;2947
31;MG;3167608;Simonésia;19750
31;MG;3167707;Sobrália;5137
31;MG;3167806;Soledade de Minas;5613
31;MG;3167905;Tabuleiro;4014
31;MG;3168002;Taiobeiras;33050
31;MG;3168051;Taparuba;3387
31;MG;3168101;Tapira;4118
31;MG;3168200;Tapiraí;1690
31;MG;3168309;Taquaraçu de Minas;4224
31;MG;3168408;Tarumirim;14709
31;MG;3168507;Teixeiras;12255
31;MG;3168606;Teófilo Otoni;137418
31;MG;3168705;Timóteo;81579
31;MG;3168804;Tiradentes;7744
31;MG;3168903;Tiros;7883
31;MG;3169000;Tocantins;16185
31;MG;3169059;Tocos do Moji;3826
31;MG;3169109;Toledo;7214
31;MG;3169208;Tombos;8609
31;MG;3169307;Três Corações;75485
31;MG;3169356;Três Marias;28895
31;MG;3169406;Três Pontas;55259
31;MG;3169505;Tumiritinga;5886
31;MG;3169604;Tupaciguara;25470
31;MG;3169703;Turmalina;20000
31;MG;3169802;Turvolândia;4935
31;MG;3169901;Ubá;103365
31;MG;3170008;Ubaí;11708
31;MG;3170057;Ubaporanga;13017
31;MG;3170107;Uberaba;337846
31;MG;3170206;Uberlândia;713232
31;MG;3170305;Umburatiba;2684
31;MG;3170404;Unaí;86619
31;MG;3170438;União de Minas;3828
31;MG;3170479;Uruana de Minas;3282
31;MG;3170503;Urucânia;10600
31;MG;3170529;Urucuia;17479
31;MG;3170578;Vargem Alegre;5780
31;MG;3170602;Vargem Bonita;2158
31;MG;3170651;Vargem Grande do Rio Pardo;4633
31;MG;3170701;Varginha;136467
31;MG;3170750;Varjão de Minas;6969
31;MG;3170800;Várzea da Palma;33744
31;MG;3170909;Varzelândia;18840
31;MG;3171006;Vazante;19975
31;MG;3171030;Verdelândia;7672
31;MG;3171071;Veredinha;5181
31;MG;3171105;Veríssimo;3411
31;MG;3171154;Vermelho Novo;4899
31;MG;3171204;Vespasiano;129246
31;MG;3171303;Viçosa;76430
31;MG;3171402;Vieiras;3700
31;MG;3171501;Mathias Lobato;3038
31;MG;3171600;Virgem da Lapa;11804
31;MG;3171709;Virgínia;8908
31;MG;3171808;Virginópolis;10314
31;MG;3171907;Virgolândia;4552
31;MG;3172004;Visconde do Rio Branco;39160
31;MG;3172103;Volta Grande;4443
31;MG;3172202;Wenceslau Braz;2356
32;ES;3200102;Afonso Cláudio;30684
32;ES;3200136;Águia Branca;9711
32;ES;3200169;Água Doce do Norte;12042
32;ES;3200201;Alegre;29177
32;ES;3200300;Alfredo Chaves;13836
32;ES;3200359;Alto Rio Novo;7434
32;ES;3200409;Anchieta;29984
32;ES;3200508;Apiacá;7223
32;ES;3200607;Aracruz;94765
32;ES;3200706;Atílio Vivácqua;10540
32;ES;3200805;Baixo Guandu;30674
32;ES;3200904;Barra de São Francisco;42498
32;ES;3201001;Boa Esperança;13608
32;ES;3201100;Bom Jesus do Norte;10254
32;ES;3201159;Brejetuba;12985
32;ES;3201209;Cachoeiro de Itapemirim;185784
32;ES;3201308;Cariacica;353510
32;ES;3201407;Castelo;36930
32;ES;3201506;Colatina;119992
32;ES;3201605;Conceição da Barra;27458
32;ES;3201704;Conceição do Castelo;11937
32;ES;3201803;Divino de São Lourenço;5083
32;ES;3201902;Domingos Martins;35416
32;ES;3202009;Dores do Rio Preto;6596
32;ES;3202108;Ecoporanga;21992
32;ES;3202207;Fundão;18014
32;ES;3202256;Governador Lindenberg;11009
32;ES;3202306;Guaçuí;29358
32;ES;3202405;Guarapari;124656
32;ES;3202454;Ibatiba;25380
32;ES;3202504;Ibiraçu;11713
32;ES;3202553;Ibitirama;9520
32;ES;3202603;Iconha;12326
32;ES;3202652;Irupi;13710
32;ES;3202702;Itaguaçu;13589
32;ES;3202801;Itapemirim;39832
32;ES;3202900;Itarana;10597
32;ES;3203007;Iúna;28590
32;ES;3203056;Jaguaré;28931
32;ES;3203106;Jerônimo Monteiro;11575
32;ES;3203130;João Neiva;14079
32;ES;3203163;Laranja da Terra;11094
32;ES;3203205;Linhares;166786
32;ES;3203304;Mantenópolis;12770
32;ES;3203320;Marataízes;41929
32;ES;3203346;Marechal Floriano;17641
32;ES;3203353;Marilândia;12202
32;ES;3203403;Mimoso do Sul;24475
32;ES;3203502;Montanha;18900
32;ES;3203601;Mucurici;5466
32;ES;3203700;Muniz Freire;18153
32;ES;3203809;Muqui;13745
32;ES;3203908;Nova Venécia;49065
32;ES;3204005;Pancas;18893
32;ES;3204054;Pedro Canário;21522
32;ES;3204104;Pinheiros;23915
32;ES;3204203;Piúma;22300
32;ES;3204252;Ponto Belo;6497
32;ES;3204302;Presidente Kennedy;13696
32;ES;3204351;Rio Bananal;19273
32;ES;3204401;Rio Novo do Sul;11069
32;ES;3204500;Santa Leopoldina;13106
32;ES;3204559;Santa Maria de Jetibá;41636
32;ES;3204609;Santa Teresa;22808
32;ES;3204658;São Domingos do Norte;8589
32;ES;3204708;São Gabriel da Palha;32252
32;ES;3204807;São José do Calçado;10878
32;ES;3204906;São Mateus;123750
32;ES;3204955;São Roque do Canaã;10886
32;ES;3205002;Serra;520649
32;ES;3205010;Sooretama;26502
32;ES;3205036;Vargem Alta;19563
32;ES;3205069;Venda Nova do Imigrante;23831
32;ES;3205101;Viana;73423
32;ES;3205150;Vila Pavão;8911
32;ES;3205176;Vila Valério;13728
32;ES;3205200;Vila Velha;467722
32;ES;3205309;Vitória;322869
33;RJ;3300100;Angra dos Reis;167418
33;RJ;3300159;Aperibé;11034
33;RJ;3300209;Araruama;129669
33;RJ;3300225;Areal;11828
33;RJ;3300233;Armação dos Búzios;40006
33;RJ;3300258;Arraial do Cabo;30986
33;RJ;3300308;Barra do Piraí;92883
33;RJ;3300407;Barra Mansa;169899
33;RJ;3300456;Belford Roxo;483087
33;RJ;3300506;Bom Jardim;28102
33;RJ;3300605;Bom Jesus do Itabapoana;35173
33;RJ;3300704;Cabo Frio;221987
33;RJ;3300803;Cachoeiras de Macacu;56943
33;RJ;3300902;Cambuci;14616
33;RJ;3300936;Carapebus;13847
33;RJ;3300951;Comendador Levy Gasparian;8741
33;RJ;3301009;Campos dos Goytacazes;483551
33;RJ;3301108;Cantagalo;19390
33;RJ;3301157;Cardoso Moreira;12958
33;RJ;3301207;Carmo;17198
33;RJ;3301306;Casimiro de Abreu;46110
33;RJ;3301405;Conceição de Macabu;21104
33;RJ;3301504;Cordeiro;20783
33;RJ;3301603;Duas Barras;10980
33;RJ;3301702;Duque de Caxias;808152
33;RJ;3301801;Engenheiro Paulo de Frontin;12242
33;RJ;3301850;Guapimirim;51696
33;RJ;3301876;Iguaba Grande;27920
33;RJ;3301900;Itaboraí;224267
33;RJ;3302007;Itaguaí;116841
33;RJ;3302056;Italva;14073
33;RJ;3302106;Itaocara;22919
33;RJ;3302205;Itaperuna;101041
33;RJ;3302254;Itatiaia;30908
33;RJ;3302270;Japeri;96289
33;RJ;3302304;Laje do Muriaé;7336
33;RJ;3302403;Macaé;246391
33;RJ;3302452;Macuco;5415
33;RJ;3302502;Magé;228127
33;RJ;3302601;Mangaratiba;41220
33;RJ;3302700;Maricá;197300
33;RJ;3302809;Mendes;17502
33;RJ;3302858;Mesquita;167128
33;RJ;3302908;Miguel Pereira;26578
33;RJ;3303005;Miracema;26881
33;RJ;3303104;Natividade;15074
33;RJ;3303203;Nilópolis;146774
33;RJ;3303302;Niterói;481758
33;RJ;3303401;Nova Friburgo;189937
33;RJ;3303500;Nova Iguaçu;785882
33;RJ;3303609;Paracambi;41375
33;RJ;3303708;Paraíba do Sul;42063
33;RJ;3303807;Paraty;44872
33;RJ;3303856;Paty do Alferes;29619
33;RJ;3303906;Petrópolis;278881
33;RJ;3303955;Pinheiral;24298
33;RJ;3304003;Piraí;27474
33;RJ;3304102;Porciúncula;17288
33;RJ;3304110;Porto Real;20373
33;RJ;3304128;Quatis;13682
33;RJ;3304144;Queimados;140523
33;RJ;3304151;Quissamã;22393
33;RJ;3304201;Resende;129612
33;RJ;3304300;Rio Bonito;56276
33;RJ;3304409;Rio Claro;17401
33;RJ;3304508;Rio das Flores;8954
33;RJ;3304524;Rio das Ostras;156491
33;RJ;3304557;Rio de Janeiro;6211423
33;RJ;3304607;Santa Maria Madalena;10232
33;RJ;3304706;Santo Antônio de Pádua;41325
33;RJ;3304755;São Francisco de Itabapoana;45059
33;RJ;3304805;São Fidélis;38939
33;RJ;3304904;São Gonçalo;896744
33;RJ;3305000;São João da Barra;36573
33;RJ;3305109;São João de Meriti;440962
33;RJ;3305133;São José de Ubá;7070
33;RJ;3305158;São José do Vale do Rio Preto;22080
33;RJ;3305208;São Pedro da Aldeia;104029
33;RJ;3305307;São Sebastião do Alto;7750
33;RJ;3305406;Sapucaia;17729
33;RJ;3305505;Saquarema;89559
33;RJ;3305554;Seropédica;80596
33;RJ;3305604;Silva Jardim;21352
33;RJ;3305703;Sumidouro;15206
33;RJ;3305752;Tanguá;31086
33;RJ;3305802;Teresópolis;165123
33;RJ;3305901;Trajano de Moraes;10302
33;RJ;3306008;Três Rios;78346
33;RJ;3306107;Valença;67753
33;RJ;3306156;Varre-Sai;10207
33;RJ;3306206;Vassouras;33976
33;RJ;3306305;Volta Redonda;261584
35;SP;3500105;Adamantina;34687
35;SP;3500204;Adolfo;4351
35;SP;3500303;Aguaí;32072
35;SP;3500402;Águas da Prata;7369
35;SP;3500501;Águas de Lindóia;17829
35;SP;3500550;Águas de Santa Bárbara;7177
35;SP;3500600;Águas de São Pedro;2780
35;SP;3500709;Agudos;37680
35;SP;3500758;Alambari;6141
35;SP;3500808;Alfredo Marcondes;4445
35;SP;3500907;Altair;3451
35;SP;3501004;Altinópolis;16818
35;SP;3501103;Alto Alegre;3841
35;SP;3501152;Alumínio;17301
35;SP;3501202;Álvares Florence;3915
35;SP;3501301;Álvares Machado;27245
35;SP;3501400;Álvaro de Carvalho;4808
35;SP;3501509;Alvinlândia;2885
35;SP;3501608;Americana;237247
35;SP;3501707;Américo Brasiliense;33019
35;SP;3501806;Américo de Campos;5870
35;SP;3501905;Amparo;68008
35;SP;3502002;Analândia;4589
35;SP;3502101;Andradina;59783
35;SP;3502200;Angatuba;24022
35;SP;3502309;Anhembi;5674
35;SP;3502408;Anhumas;4023
35;SP;3502507;Aparecida;32569
35;SP;3502606;Aparecida d'Oeste;4086
35;SP;3502705;Apiaí;24585
35;SP;3502754;Araçariguama;21522
35;SP;3502804;Araçatuba;200124
35;SP;3502903;Araçoiaba da Serra;32443
35;SP;3503000;Aramina;5420
35;SP;3503109;Arandu;6885
35;SP;3503158;Arapeí;2330
35;SP;3503208;Araraquara;242228
35;SP;3503307;Araras;130866
35;SP;3503356;Arco-Íris;2044
35;SP;3503406;Arealva;8130
35;SP;3503505;Areias;3577
35;SP;3503604;Areiópolis;10130
35;SP;3503703;Ariranha;7602
35;SP;3503802;Artur Nogueira;51456
35;SP;3503901;Arujá;86678
35;SP;3503950;Aspásia;1842
35;SP;3504008;Assis;101409
35;SP;3504107;Atibaia;158640
35;SP;3504206;Auriflama;13692
35;SP;3504305;Avaí;4483
35;SP;3504404;Avanhandava;11263
35;SP;3504503;Avaré;92805
35;SP;3504602;Bady Bassitt;27260
35;SP;3504701;Balbinos;3887
35;SP;3504800;Bálsamo;9596
35;SP;3504909;Bananal;9969
35;SP;3505005;Barão de Antonina;3531
35;SP;3505104;Barbosa;5640
35;SP;3505203;Bariri;31595
35;SP;3505302;Barra Bonita;34346
35;SP;3505351;Barra do Chapéu;5162
35;SP;3505401;Barra do Turvo;6875
35;SP;3505500;Barretos;122485
35;SP;3505609;Barrinha;32092
35;SP;3505708;Barueri;316473
35;SP;3505807;Bastos;21503
35;SP;3505906;Batatais;58402
35;SP;3506003;Bauru;379146
35;SP;3506102;Bebedouro;76373
35;SP;3506201;Bento de Abreu;2606
35;SP;3506300;Bernardino de Campos;11607
35;SP;3506359;Bertioga;64188
35;SP;3506409;Bilac;7319
35;SP;3506508;Birigui;118979
35;SP;3506607;Biritiba Mirim;29676
35;SP;3506706;Boa Esperança do Sul;12978
35;SP;3506805;Bocaina;11259
35;SP;3506904;Bofete;10460
35;SP;3507001;Boituva;61081
35;SP;3507100;Bom Jesus dos Perdões;21942
35;SP;3507159;Bom Sucesso de Itararé;3555
35;SP;3507209;Borá;907
35;SP;3507308;Boracéia;4715
35;SP;3507407;Borborema;14226
35;SP;3507456;Borebi;2713
35;SP;3507506;Botucatu;145155
35;SP;3507605;Bragança Paulista;176811
35;SP;3507704;Braúna;5356
35;SP;3507753;Brejo Alegre;2565
35;SP;3507803;Brodowski;25201
35;SP;3507902;Brotas;23898
35;SP;3508009;Buri;20250
35;SP;3508108;Buritama;17210
35;SP;3508207;Buritizal;4356
35;SP;3508306;Cabrália Paulista;4299
35;SP;3508405;Cabreúva;47011
35;SP;3508504;Caçapava;96202
35;SP;3508603;Cachoeira Paulista;31564
35;SP;3508702;Caconde;17101
35;SP;3508801;Cafelândia;16654
35;SP;3508900;Caiabu;3712
35;SP;3509007;Caieiras;95030
35;SP;3509106;Caiuá;5466
35;SP;3509205;Cajamar;92689
35;SP;3509254;Cajati;28515
35;SP;3509304;Cajobi;9133
35;SP;3509403;Cajuru;23830
35;SP;3509452;Campina do Monte Alegre;5954
35;SP;3509502;Campinas;1138309
35;SP;3509601;Campo Limpo Paulista;77632
35;SP;3509700;Campos do Jordão;46974
35;SP;3509809;Campos Novos Paulista;4888
35;SP;3509908;Cananéia;12289
35;SP;3509957;Canas;4931
35;SP;3510005;Cândido Mota;29449
35;SP;3510104;Cândido Rodrigues;2889
35;SP;3510153;Canitar;6283
35;SP;3510203;Capão Bonito;46337
35;SP;3510302;Capela do Alto;22866
35;SP;3510401;Capivari;50068
35;SP;3510500;Caraguatatuba;134875
35;SP;3510609;Carapicuíba;387121
35;SP;3510708;Cardoso;11345
35;SP;3510807;Casa Branca;28083
35;SP;3510906;Cássia dos Coqueiros;2799
35;SP;3511003;Castilho;19977
35;SP;3511102;Catanduva;115785
35;SP;3511201;Catiguá;7003
35;SP;3511300;Cedral;12618
35;SP;3511409;Cerqueira César;21469
35;SP;3511508;Cerquilho;44695
35;SP;3511607;Cesário Lange;19048
35;SP;3511706;Charqueada;15535
35;SP;3511904;Clementina;6982
35;SP;3512001;Colina;18487
35;SP;3512100;Colômbia;6629
35;SP;3512209;Conchal;28105
35;SP;3512308;Conchas;15232
35;SP;3512407;Cordeirópolis;24514
35;SP;3512506;Coroados;5400
35;SP;3512605;Coronel Macedo;4280
35;SP;3512704;Corumbataí;4195
35;SP;3512803;Cosmópolis;59773
35;SP;3512902;Cosmorama;8719
35;SP;3513009;Cotia;273640
35;SP;3513108;Cravinhos;33281
35;SP;3513207;Cristais Paulista;9272
35;SP;3513306;Cruzália;2108
35;SP;3513405;Cruzeiro;74961
35;SP;3513504;Cubatão;112471
35;SP;3513603;Cunha;22110
35;SP;3513702;Descalvado;31756
35;SP;3513801;Diadema;393237
35;SP;3513850;Dirce Reis;1620
35;SP;3513900;Divinolândia;11158
35;SP;3514007;Dobrada;8759
35;SP;3514106;Dois Córregos;24510
35;SP;3514205;Dolcinópolis;2207
35;SP;3514304;Dourado;8096
35;SP;3514403;Dracena;45474
35;SP;3514502;Duartina;12328
35;SP;3514601;Dumont;9471
35;SP;3514700;Echaporã;6205
35;SP;3514809;Eldorado;13069
35;SP;3514908;Elias Fausto;17699
35;SP;3514924;Elisiário;3138
35;SP;3514957;Embaúba;2323
35;SP;3515004;Embu das Artes;250720
35;SP;3515103;Embu-Guaçu;66970
35;SP;3515129;Emilianópolis;3014
35;SP;3515152;Engenheiro Coelho;19566
35;SP;3515186;Espírito Santo do Pinhal;39816
35;SP;3515194;Espírito Santo do Turvo;4157
35;SP;3515202;Estrela d'Oeste;9417
35;SP;3515301;Estrela do Norte;2703
35;SP;3515350;Euclides da Cunha Paulista;7924
35;SP;3515400;Fartura;16641
35;SP;3515509;Fernandópolis;71186
35;SP;3515608;Fernando Prestes;5942
35;SP;3515657;Fernão;1656
35;SP;3515707;Ferraz de Vasconcelos;179205
35;SP;3515806;Flora Rica;1487
35;SP;3515905;Floreal;2733
35;SP;3516002;Flórida Paulista;12958
35;SP;3516101;Florínea;3851
35;SP;3516200;Franca;352537
35;SP;3516309;Francisco Morato;165139
35;SP;3516408;Franco da Rocha;144849
35;SP;3516507;Gabriel Monteiro;2763
35;SP;3516606;Gália;6380
35;SP;3516705;Garça;42110
35;SP;3516804;Gastão Vidigal;3252
35;SP;3516853;Gavião Peixoto;4702
35;SP;3516903;General Salgado;10312
35;SP;3517000;Getulina;10232
35;SP;3517109;Glicério;4138
35;SP;3517208;Guaiçara;11239
35;SP;3517307;Guaimbê;5512
35;SP;3517406;Guaíra;39273
35;SP;3517505;Guapiaçu;21711
35;SP;3517604;Guapiara;17071
35;SP;3517703;Guará;18606
35;SP;3517802;Guaraçaí;7441
35;SP;3517901;Guaraci;10350
35;SP;3518008;Guarani d'Oeste;1968
35;SP;3518107;Guarantã;6427
35;SP;3518206;Guararapes;31036
35;SP;3518305;Guararema;31236
35;SP;3518404;Guaratinguetá;118044
35;SP;3518503;Guareí;15013
35;SP;3518602;Guariba;37498
35;SP;3518701;Guarujá;287634
35;SP;3518800;Guarulhos;1291784
35;SP;3518859;Guatapará;7320
35;SP;3518909;Guzolândia;4246
35;SP;3519006;Herculândia;9125
35;SP;3519055;Holambra;15119
35;SP;3519071;Hortolândia;236641
35;SP;3519105;Iacanga;10437
35;SP;3519204;Iacri;6131
35;SP;3519253;Iaras;8010
35;SP;3519303;Ibaté;32178
35;SP;3519402;Ibirá;11690
35;SP;3519501;Ibirarema;6385
35;SP;3519600;Ibitinga;60037
35;SP;3519709;Ibiúna;74957
35;SP;3519808;Icém;7819
35;SP;3519907;Iepê;7619
35;SP;3520004;Igaraçu do Tietê;23106
35;SP;3520103;Igarapava;26212
35;SP;3520202;Igaratá;10605
35;SP;3520301;Iguape;29115
35;SP;3520400;Ilhabela;34934
35;SP;3520426;Ilha Comprida;13419
35;SP;3520442;Ilha Solteira;25549
35;SP;3520509;Indaiatuba;255739
35;SP;3520608;Indiana;5090
35;SP;3520707;Indiaporã;4035
35;SP;3520806;Inúbia Paulista;3615
35;SP;3520905;Ipaussu;13712
35;SP;3521002;Iperó;36459
35;SP;3521101;Ipeúna;6831
35;SP;3521150;Ipiguá;6761
35;SP;3521200;Iporanga;4046
35;SP;3521309;Ipuã;14454
35;SP;3521408;Iracemápolis;21967
35;SP;3521507;Irapuã;6867
35;SP;3521606;Irapuru;5938
35;SP;3521705;Itaberá;17983
35;SP;3521804;Itaí;25180
35;SP;3521903;Itajobi;16989
35;SP;3522000;Itaju;3618
35;SP;3522109;Itanhaém;112476
35;SP;3522158;Itaoca;3421
35;SP;3522208;Itapecerica da Serra;158522
35;SP;3522307;Itapetininga;157790
35;SP;3522406;Itapeva;89728
35;SP;3522505;Itapevi;232513
35;SP;3522604;Itapira;72022
35;SP;3522653;Itapirapuã Paulista;4306
35;SP;3522703;Itápolis;39493
35;SP;3522802;Itaporanga;14085
35;SP;3522901;Itapuí;13659
35;SP;3523008;Itapura;3979
35;SP;3523107;Itaquaquecetuba;369275
35;SP;3523206;Itararé;44438
35;SP;3523305;Itariri;15528
35;SP;3523404;Itatiba;122424
35;SP;3523503;Itatinga;19070
35;SP;3523602;Itirapina;16148
35;SP;3523701;Itirapuã;5779
35;SP;3523800;Itobi;8046
35;SP;3523909;Itu;168240
35;SP;3524006;Itupeva;70616
35;SP;3524105;Ituverava;37571
35;SP;3524204;Jaborandi;6221
35;SP;3524303;Jaboticabal;71821
35;SP;3524402;Jacareí;240275
35;SP;3524501;Jaci;7613
35;SP;3524600;Jacupiranga;16116
35;SP;3524709;Jaguariúna;59347
35;SP;3524808;Jales;48776
35;SP;3524907;Jambeiro;6397
35;SP;3525003;Jandira;118045
35;SP;3525102;Jardinópolis;45282
35;SP;3525201;Jarinu;37535
35;SP;3525300;Jaú;133497
35;SP;3525409;Jeriquara;3863
35;SP;3525508;Joanópolis;12815
35;SP;3525607;João Ramalho;4371
35;SP;3525706;José Bonifácio;36633
35;SP;3525805;Júlio Mesquita;4254
35;SP;3525854;Jumirim;3059
35;SP;3525904;Jundiaí;443116
35;SP;3526001;Junqueirópolis;20448
35;SP;3526100;Juquiá;17154
35;SP;3526209;Juquitiba;27404
35;SP;3526308;Lagoinha;5083
35;SP;3526407;Laranjal Paulista;26261
35;SP;3526506;Lavínia;9689
35;SP;3526605;Lavrinhas;7171
35;SP;3526704;Leme;98145
35;SP;3526803;Lençóis Paulista;66505
35;SP;3526902;Limeira;291869
35;SP;3527009;Lindóia;7010
35;SP;3527108;Lins;74779
35;SP;3527207;Lorena;84855
35;SP;3527256;Lourdes;1950
35;SP;3527306;Louveira;51833
35;SP;3527405;Lucélia;20061
35;SP;3527504;Lucianópolis;2372
35;SP;3527603;Luís Antônio;12265
35;SP;3527702;Luiziânia;4701
35;SP;3527801;Lupércio;3981
35;SP;3527900;Lutécia;2666
35;SP;3528007;Macatuba;16829
35;SP;3528106;Macaubal;7481
35;SP;3528205;Macedônia;3963
35;SP;3528304;Magda;3165
35;SP;3528403;Mairinque;49972
35;SP;3528502;Mairiporã;93617
35;SP;3528601;Manduri;9871
35;SP;3528700;Marabá Paulista;4573
35;SP;3528809;Maracaí;12673
35;SP;3528858;Marapoama;3292
35;SP;3528908;Mariápolis;3513
35;SP;3529005;Marília;237629
35;SP;3529104;Marinópolis;1860
35;SP;3529203;Martinópolis;24881
35;SP;3529302;Matão;79033
35;SP;3529401;Mauá;418261
35;SP;3529500;Mendonça;6159
35;SP;3529609;Meridiano;4572
35;SP;3529658;Mesópolis;1952
35;SP;3529708;Miguelópolis;19441
35;SP;3529807;Mineiros do Tietê;11230
35;SP;3529906;Miracatu;18553
35;SP;3530003;Mira Estrela;3126
35;SP;3530102;Mirandópolis;27983
35;SP;3530201;Mirante do Paranapanema;15917
35;SP;3530300;Mirassol;63337
35;SP;3530409;Mirassolândia;4669
35;SP;3530508;Mococa;67681
35;SP;3530607;Mogi das Cruzes;449955
35;SP;3530706;Mogi Guaçu;153661
35;SP;3530805;Mogi Mirim;92559
35;SP;3530904;Mombuca;3722
35;SP;3531001;Monções;1937
35;SP;3531100;Mongaguá;61951
35;SP;3531209;Monte Alegre do Sul;8627
35;SP;3531308;Monte Alto;47574
35;SP;3531407;Monte Aprazível;22280
35;SP;3531506;Monte Azul Paulista;18151
35;SP;3531605;Monte Castelo;4222
35;SP;3531704;Monteiro Lobato;4138
35;SP;3531803;Monte Mor;64662
35;SP;3531902;Morro Agudo;27933
35;SP;3532009;Morungaba;13788
35;SP;3532058;Motuca;4034
35;SP;3532108;Murutinga do Sul;3737
35;SP;3532157;Nantes;2660
35;SP;3532207;Narandiba;5713
35;SP;3532306;Natividade da Serra;6999
35;SP;3532405;Nazaré Paulista;18217
35;SP;3532504;Neves Paulista;9690
35;SP;3532603;Nhandeara;9852
35;SP;3532702;Nipoã;4750
35;SP;3532801;Nova Aliança;6693
35;SP;3532827;Nova Campina;8497
35;SP;3532843;Nova Canaã Paulista;2032
35;SP;3532868;Nova Castilho;1062
35;SP;3532900;Nova Europa;9311
35;SP;3533007;Nova Granada;19419
35;SP;3533106;Nova Guataporanga;2156
35;SP;3533205;Nova Independência;4609
35;SP;3533254;Novais;4412
35;SP;3533304;Nova Luzitânia;2837
35;SP;3533403;Nova Odessa;62019
35;SP;3533502;Novo Horizonte;38324
35;SP;3533601;Nuporanga;7391
35;SP;3533700;Ocauçu;4331
35;SP;3533809;Óleo;2509
35;SP;3533908;Olímpia;55075
35;SP;3534005;Onda Verde;4771
35;SP;3534104;Oriente;6085
35;SP;3534203;Orindiúva;6024
35;SP;3534302;Orlândia;38319
35;SP;3534401;Osasco;743432
35;SP;3534500;Oscar Bressane;2470
35;SP;3534609;Osvaldo Cruz;31272
35;SP;3534708;Ourinhos;103970
35;SP;3534757;Ouroeste;10294
35;SP;3534807;Ouro Verde;7779
35;SP;3534906;Pacaembu;14877
35;SP;3535002;Palestina;11476
35;SP;3535101;Palmares Paulista;9650
35;SP;3535200;Palmeira d'Oeste;8903
35;SP;3535309;Palmital;19594
35;SP;3535408;Panorama;14964
35;SP;3535507;Paraguaçu Paulista;40989
35;SP;3535606;Paraibuna;17667
35;SP;3535705;Paraíso;6099
35;SP;3535804;Paranapanema;19395
35;SP;3535903;Paranapuã;4031
35;SP;3536000;Parapuã;10580
35;SP;3536109;Pardinho;7153
35;SP;3536208;Pariquera-Açu;19233
35;SP;3536257;Parisi;2892
35;SP;3536307;Patrocínio Paulista;14488
35;SP;3536406;Paulicéia;7955
35;SP;3536505;Paulínia;110537
35;SP;3536570;Paulistânia;2090
35;SP;3536604;Paulo de Faria;7400
35;SP;3536703;Pederneiras;44827
35;SP;3536802;Pedra Bela;6557
35;SP;3536901;Pedranópolis;2787
35;SP;3537008;Pedregulho;15525
35;SP;3537107;Pedreira;43112
35;SP;3537156;Pedrinhas Paulista;2804
35;SP;3537206;Pedro de Toledo;11281
35;SP;3537305;Penápolis;61679
35;SP;3537404;Pereira Barreto;24095
35;SP;3537503;Pereiras;8659
35;SP;3537602;Peruíbe;68344
35;SP;3537701;Piacatu;5519
35;SP;3537800;Piedade;52970
35;SP;3537909;Pilar do Sul;27611
35;SP;3538006;Pindamonhangaba;165428
35;SP;3538105;Pindorama;14542
35;SP;3538204;Pinhalzinho;15219
35;SP;3538303;Piquerobi;3264
35;SP;3538501;Piquete;12490
35;SP;3538600;Piracaia;26029
35;SP;3538709;Piracicaba;423323
35;SP;3538808;Piraju;29436
35;SP;3538907;Pirajuí;22431
35;SP;3539004;Pirangi;10885
35;SP;3539103;Pirapora do Bom Jesus;18370
35;SP;3539202;Pirapozinho;25348
35;SP;3539301;Pirassununga;73545
35;SP;3539400;Piratininga;15107
35;SP;3539509;Pitangueiras;33674
35;SP;3539608;Planalto;4389
35;SP;3539707;Platina;3030
35;SP;3539806;Poá;103765
35;SP;3539905;Poloni;5592
35;SP;3540002;Pompéia;20196
35;SP;3540101;Pongaí;3395
35;SP;3540200;Pontal;37607
35;SP;3540259;Pontalinda;4127
35;SP;3540309;Pontes Gestal;2387
35;SP;3540408;Populina;4127
35;SP;3540507;Porangaba;10451
35;SP;3540606;Porto Feliz;56497
35;SP;3540705;Porto Ferreira;52649
35;SP;3540754;Potim;20392
35;SP;3540804;Potirendaba;18496
35;SP;3540853;Pracinha;2578
35;SP;3540903;Pradópolis;17078
35;SP;3541000;Praia Grande;349935
35;SP;3541059;Pratânia;5126
35;SP;3541109;Presidente Alves;3804
35;SP;3541208;Presidente Bernardes;14490
35;SP;3541307;Presidente Epitácio;39505
35;SP;3541406;Presidente Prudente;225668
35;SP;3541505;Presidente Venceslau;35201
35;SP;3541604;Promissão;35131
35;SP;3541653;Quadra;3405
35;SP;3541703;Quatá;13163
35;SP;3541802;Queiroz;3265
35;SP;3541901;Queluz;9159
35;SP;3542008;Quintana;7038
35;SP;3542107;Rafard;8965
35;SP;3542206;Rancharia;28588
35;SP;3542305;Redenção da Serra;4494
35;SP;3542404;Regente Feijó;20145
35;SP;3542503;Reginópolis;7662
35;SP;3542602;Registro;59946
35;SP;3542701;Restinga;6404
35;SP;3542800;Ribeira;3132
35;SP;3542909;Ribeirão Bonito;10989
35;SP;3543006;Ribeirão Branco;18627
35;SP;3543105;Ribeirão Corrente;4608
35;SP;3543204;Ribeirão do Sul;4677
35;SP;3543238;Ribeirão dos Índios;2025
35;SP;3543253;Ribeirão Grande;7450
35;SP;3543303;Ribeirão Pires;115559
35;SP;3543402;Ribeirão Preto;698259
35;SP;3543501;Riversul;5599
35;SP;3543600;Rifaina;4049
35;SP;3543709;Rincão;9098
35;SP;3543808;Rinópolis;9259
35;SP;3543907;Rio Claro;201418
35;SP;3544004;Rio das Pedras;31328
35;SP;3544103;Rio Grande da Serra;44170
35;SP;3544202;Riolândia;10309
35;SP;3544251;Rosana;17440
35;SP;3544301;Roseira;10832
35;SP;3544400;Rubiácea;2700
35;SP;3544509;Rubinéia;3833
35;SP;3544608;Sabino;5112
35;SP;3544707;Sagres;2474
35;SP;3544806;Sales;6437
35;SP;3544905;Sales Oliveira;11411
35;SP;3545001;Salesópolis;15202
35;SP;3545100;Salmourão;4808
35;SP;3545159;Saltinho;8161
35;SP;3545209;Salto;134319
35;SP;3545308;Salto de Pirapora;43748
35;SP;3545407;Salto Grande;9050
35;SP;3545506;Sandovalina;3645
35;SP;3545605;Santa Adélia;14018
35;SP;3545704;Santa Albertina;6393
35;SP;3545803;Santa Bárbara d'Oeste;183347
35;SP;3546009;Santa Branca;13975
35;SP;3546108;Santa Clara d'Oeste;2598
35;SP;3546207;Santa Cruz da Conceição;4277
35;SP;3546256;Santa Cruz da Esperança;2116
35;SP;3546306;Santa Cruz das Palmeiras;28864
35;SP;3546405;Santa Cruz do Rio Pardo;46442
35;SP;3546504;Santa Ernestina;6118
35;SP;3546603;Santa Fé do Sul;34794
35;SP;3546702;Santa Gertrudes;23611
35;SP;3546801;Santa Isabel;53174
35;SP;3546900;Santa Lúcia;7149
35;SP;3547007;Santa Maria da Serra;5243
35;SP;3547106;Santa Mercedes;2956
35;SP;3547205;Santana da Ponte Pensa;1670
35;SP;3547304;Santana de Parnaíba;154105
35;SP;3547403;Santa Rita d'Oeste;2733
35;SP;3547502;Santa Rita do Passa Quatro;24833
35;SP;3547601;Santa Rosa de Viterbo;23411
35;SP;3547650;Santa Salete;1645
35;SP;3547700;Santo Anastácio;17963
35;SP;3547809;Santo André;748919
35;SP;3547908;Santo Antônio da Alegria;6775
35;SP;3548005;Santo Antônio de Posse;23244
35;SP;3548054;Santo Antônio do Aracanguá;8379
35;SP;3548104;Santo Antônio do Jardim;6126
35;SP;3548203;Santo Antônio do Pinhal;7133
35;SP;3548302;Santo Expedito;3000
35;SP;3548401;Santópolis do Aguapeí;3899
35;SP;3548500;Santos;418608
35;SP;3548609;São Bento do Sapucaí;11684
35;SP;3548708;São Bernardo do Campo;810729
35;SP;3548807;São Caetano do Sul;165655
35;SP;3548906;São Carlos;254822
35;SP;3549003;São Francisco;2602
35;SP;3549102;São João da Boa Vista;92535
35;SP;3549201;São João das Duas Pontes;2580
35;SP;3549250;São João de Iracema;1846
35;SP;3549300;São João do Pau d'Alho;2242
35;SP;3549409;São Joaquim da Barra;48558
35;SP;3549508;São José da Bela Vista;7626
35;SP;3549607;São José do Barreiro;3853
35;SP;3549706;São José do Rio Pardo;52204
35;SP;3549805;São José do Rio Preto;480439
35;SP;3549904;São José dos Campos;697428
35;SP;3549953;São Lourenço da Serra;15984
35;SP;3550001;São Luiz do Paraitinga;10337
35;SP;3550100;São Manuel;37289
35;SP;3550209;São Miguel Arcanjo;32039
35;SP;3550308;São Paulo;11451245
35;SP;3550407;São Pedro;38256
35;SP;3550506;São Pedro do Turvo;7214
35;SP;3550605;São Roque;79484
35;SP;3550704;São Sebastião;81540
35;SP;3550803;São Sebastião da Grama;10441
35;SP;3550902;São Simão;13442
35;SP;3551009;São Vicente;329844
35;SP;3551108;Sarapuí;10369
35;SP;3551207;Sarutaiá;3704
35;SP;3551306;Sebastianópolis do Sul;3130
35;SP;3551405;Serra Azul;12746
35;SP;3551504;Serrana;43909
35;SP;3551603;Serra Negra;29894
35;SP;3551702;Sertãozinho;126887
35;SP;3551801;Sete Barras;12730
35;SP;3551900;Severínia;14576
35;SP;3552007;Silveiras;6186
35;SP;3552106;Socorro;40122
35;SP;3552205;Sorocaba;723574
35;SP;3552304;Sud Mennucci;7355
35;SP;3552403;Sumaré;279546
35;SP;3552502;Suzano;307364
35;SP;3552551;Suzanápolis;3365
35;SP;3552601;Tabapuã;11323
35;SP;3552700;Tabatinga;14769
35;SP;3552809;Taboão da Serra;273542
35;SP;3552908;Taciba;6260
35;SP;3553005;Taguaí;12669
35;SP;3553104;Taiaçu;5677
35;SP;3553203;Taiúva;6548
35;SP;3553302;Tambaú;21435
35;SP;3553401;Tanabi;25265
35;SP;3553500;Tapiraí;7996
35;SP;3553609;Tapiratiba;11816
35;SP;3553658;Taquaral;2619
35;SP;3553708;Taquaritinga;52260
35;SP;3553807;Taquarituba;24350
35;SP;3553856;Taquarivaí;6876
35;SP;3553906;Tarabai;6536
35;SP;3553955;Tarumã;14882
35;SP;3554003;Tatuí;123942
35;SP;3554102;Taubaté;310739
35;SP;3554201;Tejupá;4127
35;SP;3554300;Teodoro Sampaio;22173
35;SP;3554409;Terra Roxa;7904
35;SP;3554508;Tietê;37663
35;SP;3554607;Timburi;2464
35;SP;3554656;Torre de Pedra;2046
35;SP;3554706;Torrinha;9335
35;SP;3554755;Trabiju;1682
35;SP;3554805;Tremembé;51173
35;SP;3554904;Três Fronteiras;6804
35;SP;3554953;Tuiuti;6778
35;SP;3555000;Tupã;63928
35;SP;3555109;Tupi Paulista;15854
35;SP;3555208;Turiúba;1818
35;SP;3555307;Turmalina;1669
35;SP;3555356;Ubarana;5365
35;SP;3555406;Ubatuba;92980
35;SP;3555505;Ubirajara;5132
35;SP;3555604;Uchoa;10394
35;SP;3555703;União Paulista;1603
35;SP;3555802;Urânia;8833
35;SP;3555901;Uru;1387
35;SP;3556008;Urupês;13744
35;SP;3556107;Valentim Gentil;14098
35;SP;3556206;Valinhos;126325
35;SP;3556305;Valparaíso;24241
35;SP;3556354;Vargem;10512
35;SP;3556404;Vargem Grande do Sul;40133
35;SP;3556453;Vargem Grande Paulista;50333
35;SP;3556503;Várzea Paulista;115771
35;SP;3556602;Vera Cruz;10176
35;SP;3556701;Vinhedo;76663
35;SP;3556800;Viradouro;17414
35;SP;3556909;Vista Alegre do Alto;8109
35;SP;3556958;Vitória Brasil;1794
35;SP;3557006;Votorantim;127923
35;SP;3557105;Votuporanga;96634
35;SP;3557154;Zacarias;2692
35;SP;3557204;Chavantes;12211
35;SP;3557303;Estiva Gerbi;11295
41;PR;4100103;Abatiá;7241
41;PR;4100202;Adrianópolis;6256
41;PR;4100301;Agudos do Sul;10233
41;PR;4100400;Almirante Tamandaré;119825
41;PR;4100459;Altamira do Paraná;3590
41;PR;4100509;Altônia;18738
41;PR;4100608;Alto Paraná;13909
41;PR;4100707;Alto Piquiri;9727
41;PR;4100806;Alvorada do Sul;10326
41;PR;4100905;Amaporã;4762
41;PR;4101002;Ampére;19620
41;PR;4101051;Anahy;2918
41;PR;4101101;Andirá;19878
41;PR;4101150;Ângulo;3235
41;PR;4101200;Antonina;18091
41;PR;4101309;Antônio Olinto;7018
41;PR;4101408;Apucarana;130134
41;PR;4101507;Arapongas;119138
41;PR;4101606;Arapoti;25777
41;PR;4101655;Arapuã;3527
41;PR;4101705;Araruna;14485
41;PR;4101804;Araucária;151666
41;PR;4101853;Ariranha do Ivaí;2329
41;PR;4101903;Assaí;13797
41;PR;4102000;Assis Chateaubriand;36808
41;PR;4102109;Astorga;25475
41;PR;4102208;Atalaia;3980
41;PR;4102307;Balsa Nova;13395
41;PR;4102406;Bandeirantes;31273
41;PR;4102505;Barbosa Ferraz;10795
41;PR;4102604;Barracão;9759
41;PR;4102703;Barra do Jacaré;2814
41;PR;4102752;Bela Vista da Caroba;4031
41;PR;4102802;Bela Vista do Paraíso;14833
41;PR;4102901;Bituruna;15533
41;PR;4103008;Boa Esperança;4558
41;PR;4103024;Boa Esperança do Iguaçu;2455
41;PR;4103040;Boa Ventura de São Roque;6378
41;PR;4103057;Boa Vista da Aparecida;7924
41;PR;4103107;Bocaiúva do Sul;13281
41;PR;4103156;Bom Jesus do Sul;3980
41;PR;4103206;Bom Sucesso;6581
41;PR;4103222;Bom Sucesso do Sul;3202
41;PR;4103305;Borrazópolis;7735
41;PR;4103354;Braganey;4854
41;PR;4103370;Brasilândia do Sul;3708
41;PR;4103404;Cafeara;2627
41;PR;4103453;Cafelândia;18997
41;PR;4103479;Cafezal do Sul;4473
41;PR;4103503;Califórnia;8710
41;PR;4103602;Cambará;23210
41;PR;4103701;Cambé;107208
41;PR;4103800;Cambira;9460
41;PR;4103909;Campina da Lagoa;15723
41;PR;4103958;Campina do Simão;3936
41;PR;4104006;Campina Grande do Sul;47799
41;PR;4104055;Campo Bonito;4027
41;PR;4104105;Campo do Tenente;7508
41;PR;4104204;Campo Largo;136327
41;PR;4104253;Campo Magro;29879
41;PR;4104303;Campo Mourão;99432
41;PR;4104402;Cândido de Abreu;15244
41;PR;4104428;Candói;14973
41;PR;4104451;Cantagalo;10933
41;PR;4104501;Capanema;20481
41;PR;4104600;Capitão Leônidas Marques;14648
41;PR;4104659;Carambeí;23283
41;PR;4104709;Carlópolis;16905
41;PR;4104808;Cascavel;348051
41;PR;4104907;Castro;73044
41;PR;4105003;Catanduvas;10446
41;PR;4105102;Centenário do Sul;10832
41;PR;4105201;Cerro Azul;16134
41;PR;4105300;Céu Azul;11087
41;PR;4105409;Chopinzinho;21079
41;PR;4105508;Cianorte;79527
41;PR;4105607;Cidade Gaúcha;11467
41;PR;4105706;Clevelândia;15070
41;PR;4105805;Colombo;232056
41;PR;4105904;Colorado;22896
41;PR;4106001;Congonhinhas;8320
41;PR;4106100;Conselheiro Mairinck;3461
41;PR;4106209;Contenda;19128
41;PR;4106308;Corbélia;17470
41;PR;4106407;Cornélio Procópio;45206
41;PR;4106456;Coronel Domingos Soares;5649
41;PR;4106506;Coronel Vivida;23331
41;PR;4106555;Corumbataí do Sul;3760
41;PR;4106571;Cruzeiro do Iguaçu;4133
41;PR;4106605;Cruzeiro do Oeste;23831
41;PR;4106704;Cruzeiro do Sul;4494
41;PR;4106803;Cruz Machado;15978
41;PR;4106852;Cruzmaltina;2882
41;PR;4106902;Curitiba;1773733
41;PR;4107009;Curiúva;13647
41;PR;4107108;Diamante do Norte;5142
41;PR;4107124;Diamante do Sul;3171
41;PR;4107157;Diamante D'Oeste;4557
41;PR;4107207;Dois Vizinhos;44869
41;PR;4107256;Douradina;9161
41;PR;4107306;Doutor Camargo;6327
41;PR;4107405;Enéas Marques;5999
41;PR;4107504;Engenheiro Beltrão;12454
41;PR;4107520;Esperança Nova;1849
41;PR;4107538;Entre Rios do Oeste;4575
41;PR;4107546;Espigão Alto do Iguaçu;4797
41;PR;4107553;Farol;3039
41;PR;4107603;Faxinal;16389
41;PR;4107652;Fazenda Rio Grande;148873
41;PR;4107702;Fênix;4492
41;PR;4107736;Fernandes Pinheiro;6255
41;PR;4107751;Figueira;8062
41;PR;4107801;Floraí;4792
41;PR;4107850;Flor da Serra do Sul;4364
41;PR;4107900;Floresta;10458
41;PR;4108007;Florestópolis;11446
41;PR;4108106;Flórida;2652
41;PR;4108205;Formosa do Oeste;7635
41;PR;4108304;Foz do Iguaçu;285415
41;PR;4108320;Francisco Alves;8116
41;PR;4108403;Francisco Beltrão;96666
41;PR;4108452;Foz do Jordão;4926
41;PR;4108502;General Carneiro;11062
41;PR;4108551;Godoy Moreira;2977
41;PR;4108601;Goioerê;28437
41;PR;4108650;Goioxim;6566
41;PR;4108700;Grandes Rios;5641
41;PR;4108809;Guaíra;32097
41;PR;4108908;Guairaçá;6544
41;PR;4108957;Guamiranga;7856
41;PR;4109005;Guapirama;4626
41;PR;4109104;Guaporema;2191
41;PR;4109203;Guaraci;4748
41;PR;4109302;Guaraniaçu;13735
41;PR;4109401;Guarapuava;182093
41;PR;4109500;Guaraqueçaba;7430
41;PR;4109609;Guaratuba;42062
41;PR;4109658;Honório Serpa;4941
41;PR;4109708;Ibaiti;28830
41;PR;4109757;Ibema;6218
41;PR;4109807;Ibiporã;51603
41;PR;4109906;Icaraíma;8991
41;PR;4110003;Iguaraçu;5338
41;PR;4110052;Iguatu;2144
41;PR;4110078;Imbaú;14249
41;PR;4110102;Imbituva;29924
41;PR;4110201;Inácio Martins;9670
41;PR;4110300;Inajá;2536
41;PR;4110409;Indianópolis;4448
41;PR;4110508;Ipiranga;14142
41;PR;4110607;Iporã;15746
41;PR;4110656;Iracema do Oeste;2343
41;PR;4110706;Irati;59250
41;PR;4110805;Iretama;10684
41;PR;4110904;Itaguajé;4481
41;PR;4110953;Itaipulândia;11485
41;PR;4111001;Itambaracá;5908
41;PR;4111100;Itambé;6111
41;PR;4111209;Itapejara d'Oeste;12344
41;PR;4111258;Itaperuçu;31217
41;PR;4111308;Itaúna do Sul;3572
41;PR;4111407;Ivaí;13229
41;PR;4111506;Ivaiporã;32720
41;PR;4111555;Ivaté;6831
41;PR;4111605;Ivatuba;2708
41;PR;4111704;Jaboti;5427
41;PR;4111803;Jacarezinho;40375
41;PR;4111902;Jaguapitã;15122
41;PR;4112009;Jaguariaíva;35141
41;PR;4112108;Jandaia do Sul;21408
41;PR;4112207;Janiópolis;5870
41;PR;4112306;Japira;4972
41;PR;4112405;Japurá;9144
41;PR;4112504;Jardim Alegre;12004
41;PR;4112603;Jardim Olinda;1343
41;PR;4112702;Jataizinho;11813
41;PR;4112751;Jesuítas;10506
41;PR;4112801;Joaquim Távora;11945
41;PR;4112900;Jundiaí do Sul;3333
41;PR;4112959;Juranda;7771
41;PR;4113007;Jussara;6690
41;PR;4113106;Kaloré;4582
41;PR;4113205;Lapa;45003
41;PR;4113254;Laranjal;5600
41;PR;4113304;Laranjeiras do Sul;32227
41;PR;4113403;Leópolis;3752
41;PR;4113429;Lidianópolis;3938
41;PR;4113452;Lindoeste;5175
41;PR;4113502;Loanda;23225
41;PR;4113601;Lobato;4601
41;PR;4113700;Londrina;555937
41;PR;4113734;Luiziana;6690
41;PR;4113759;Lunardelli;4872
41;PR;4113809;Lupionópolis;4813
41;PR;4113908;Mallet;13428
41;PR;4114005;Mamborê;13452
41;PR;4114104;Mandaguaçu;31457
41;PR;4114203;Mandaguari;36716
41;PR;4114302;Mandirituba;27434
41;PR;4114351;Manfrinópolis;2770
41;PR;4114401;Mangueirinha;16603
41;PR;4114500;Manoel Ribas;14240
41;PR;4114609;Marechal Cândido Rondon;55836
41;PR;4114708;Maria Helena;5865
41;PR;4114807;Marialva;41851
41;PR;4114906;Marilândia do Sul;8677
41;PR;4115002;Marilena;7253
41;PR;4115101;Mariluz;9847
41;PR;4115200;Maringá;409657
41;PR;4115309;Mariópolis;6371
41;PR;4115358;Maripá;6555
41;PR;4115408;Marmeleiro;15901
41;PR;4115457;Marquinho;4504
41;PR;4115507;Marumbi;4699
41;PR;4115606;Matelândia;18450
41;PR;4115705;Matinhos;39259
41;PR;4115739;Mato Rico;3267
41;PR;4115754;Mauá da Serra;9383
41;PR;4115804;Medianeira;54369
41;PR;4115853;Mercedes;5931
41;PR;4115903;Mirador;2238
41;PR;4116000;Miraselva;1966
41;PR;4116059;Missal;11064
41;PR;4116109;Moreira Sales;11175
41;PR;4116208;Morretes;18309
41;PR;4116307;Munhoz de Melo;3951
41;PR;4116406;Nossa Senhora das Graças;3669
41;PR;4116505;Nova Aliança do Ivaí;1323
41;PR;4116604;Nova América da Colina;3280
41;PR;4116703;Nova Aurora;13765
41;PR;4116802;Nova Cantu;6790
41;PR;4116901;Nova Esperança;26585
41;PR;4116950;Nova Esperança do Sudoeste;5597
41;PR;4117008;Nova Fátima;7225
41;PR;4117057;Nova Laranjeiras;12074
41;PR;4117107;Nova Londrina;12923
41;PR;4117206;Nova Olímpia;5833
41;PR;4117214;Nova Santa Bárbara;4184
41;PR;4117222;Nova Santa Rosa;8322
41;PR;4117255;Nova Prata do Iguaçu;12699
41;PR;4117271;Nova Tebas;6848
41;PR;4117297;Novo Itacolomi;3125
41;PR;4117305;Ortigueira;24192
41;PR;4117404;Ourizona;3187
41;PR;4117453;Ouro Verde do Oeste;6785
41;PR;4117503;Paiçandu;45962
41;PR;4117602;Palmas;48247
41;PR;4117701;Palmeira;33855
41;PR;4117800;Palmital;13033
41;PR;4117909;Palotina;35011
41;PR;4118006;Paraíso do Norte;13245
41;PR;4118105;Paranacity;9557
41;PR;4118204;Paranaguá;145829
41;PR;4118303;Paranapoema;2398
41;PR;4118402;Paranavaí;91950
41;PR;4118451;Pato Bragado;5733
41;PR;4118501;Pato Branco;91836
41;PR;4118600;Paula Freitas;5666
41;PR;4118709;Paulo Frontin;6343
41;PR;4118808;Peabiru;13346
41;PR;4118857;Perobal;7189
41;PR;4118907;Pérola;11878
41;PR;4119004;Pérola d'Oeste;6221
41;PR;4119103;Piên;13655
41;PR;4119152;Pinhais;127019
41;PR;4119202;Pinhalão;6566
41;PR;4119251;Pinhal de São Bento;2761
41;PR;4119301;Pinhão;29886
41;PR;4119400;Piraí do Sul;23649
41;PR;4119509;Piraquara;118730
41;PR;4119608;Pitanga;33567
41;PR;4119657;Pitangueiras;3046
41;PR;4119707;Planaltina do Paraná;4070
41;PR;4119806;Planalto;14374
41;PR;4119905;Ponta Grossa;358367
41;PR;4119954;Pontal do Paraná;30425
41;PR;4120002;Porecatu;11624
41;PR;4120101;Porto Amazonas;4098
41;PR;4120150;Porto Barreiro;3110
41;PR;4120200;Porto Rico;3182
41;PR;4120309;Porto Vitória;3562
41;PR;4120333;Prado Ferreira;3709
41;PR;4120358;Pranchita;5737
41;PR;4120408;Presidente Castelo Branco;4336
41;PR;4120507;Primeiro de Maio;10082
41;PR;4120606;Prudentópolis;49393
41;PR;4120655;Quarto Centenário;4201
41;PR;4120705;Quatiguá;8099
41;PR;4120804;Quatro Barras;24191
41;PR;4120853;Quatro Pontes;4480
41;PR;4120903;Quedas do Iguaçu;30738
41;PR;4121000;Querência do Norte;10685
41;PR;4121109;Quinta do Sol;5001
41;PR;4121208;Quitandinha;18398
41;PR;4121257;Ramilândia;4221
41;PR;4121307;Rancho Alegre;3512
41;PR;4121356;Rancho Alegre D'Oeste;2618
41;PR;4121406;Realeza;19247
41;PR;4121505;Rebouças;14514
41;PR;4121604;Renascença;6841
41;PR;4121703;Reserva;24573
41;PR;4121752;Reserva do Iguaçu;6553
41;PR;4121802;Ribeirão Claro;12364
41;PR;4121901;Ribeirão do Pinhal;13060
41;PR;4122008;Rio Azul;14025
41;PR;4122107;Rio Bom;3197
41;PR;4122156;Rio Bonito do Iguaçu;13929
41;PR;4122172;Rio Branco do Ivaí;3808
41;PR;4122206;Rio Branco do Sul;37558
41;PR;4122305;Rio Negro;31324
41;PR;4122404;Rolândia;71670
41;PR;4122503;Roncador;11251
41;PR;4122602;Rondon;9097
41;PR;4122651;Rosário do Ivaí;5435
41;PR;4122701;Sabáudia;8822
41;PR;4122800;Salgado Filho;4075
41;PR;4122909;Salto do Itararé;5192
41;PR;4123006;Salto do Lontra;15223
41;PR;4123105;Santa Amélia;3394
41;PR;4123204;Santa Cecília do Pavão;3365
41;PR;4123303;Santa Cruz de Monte Castelo;8613
41;PR;4123402;Santa Fé;11378
41;PR;4123501;Santa Helena;25492
41;PR;4123600;Santa Inês;1748
41;PR;4123709;Santa Isabel do Ivaí;8912
41;PR;4123808;Santa Izabel do Oeste;14070
41;PR;4123824;Santa Lúcia;3644
41;PR;4123857;Santa Maria do Oeste;9934
41;PR;4123907;Santa Mariana;11066
41;PR;4123956;Santa Mônica;3356
41;PR;4124004;Santana do Itararé;5514
41;PR;4124020;Santa Tereza do Oeste;13174
41;PR;4124053;Santa Terezinha de Itaipu;24262
41;PR;4124103;Santo Antônio da Platina;44369
41;PR;4124202;Santo Antônio do Caiuá;2493
41;PR;4124301;Santo Antônio do Paraíso;2125
41;PR;4124400;Santo Antônio do Sudoeste;23673
41;PR;4124509;Santo Inácio;6181
41;PR;4124608;São Carlos do Ivaí;6587
41;PR;4124707;São Jerônimo da Serra;10830
41;PR;4124806;São João;11886
41;PR;4124905;São João do Caiuá;5586
41;PR;4125001;São João do Ivaí;10667
41;PR;4125100;São João do Triunfo;13726
41;PR;4125209;São Jorge d'Oeste;9378
41;PR;4125308;São Jorge do Ivaí;5168
41;PR;4125357;São Jorge do Patrocínio;6504
41;PR;4125407;São José da Boa Vista;6040
41;PR;4125456;São José das Palmeiras;3870
41;PR;4125506;São José dos Pinhais;329222
41;PR;4125555;São Manoel do Paraná;2138
41;PR;4125605;São Mateus do Sul;42358
41;PR;4125704;São Miguel do Iguaçu;29122
41;PR;4125753;São Pedro do Iguaçu;5784
41;PR;4125803;São Pedro do Ivaí;8690
41;PR;4125902;São Pedro do Paraná;2661
41;PR;4126009;São Sebastião da Amoreira;8063
41;PR;4126108;São Tomé;5232
41;PR;4126207;Sapopema;6695
41;PR;4126256;Sarandi;118455
41;PR;4126272;Saudade do Iguaçu;6108
41;PR;4126306;Sengés;17270
41;PR;4126355;Serranópolis do Iguaçu;5007
41;PR;4126405;Sertaneja;5616
41;PR;4126504;Sertanópolis;15930
41;PR;4126603;Siqueira Campos;22811
41;PR;4126652;Sulina;3440
41;PR;4126678;Tamarana;10707
41;PR;4126702;Tamboara;4880
41;PR;4126801;Tapejara;15869
41;PR;4126900;Tapira;5745
41;PR;4127007;Teixeira Soares;9547
41;PR;4127106;Telêmaco Borba;75042
41;PR;4127205;Terra Boa;17568
41;PR;4127304;Terra Rica;14842
41;PR;4127403;Terra Roxa;18119
41;PR;4127502;Tibagi;19961
41;PR;4127601;Tijucas do Sul;17606
41;PR;4127700;Toledo;150470
41;PR;4127809;Tomazina;8426
41;PR;4127858;Três Barras do Paraná;11135
41;PR;4127882;Tunas do Paraná;6219
41;PR;4127908;Tuneiras do Oeste;8067
41;PR;4127957;Tupãssi;8077
41;PR;4127965;Turvo;14231
41;PR;4128005;Ubiratã;24749
41;PR;4128104;Umuarama;117095
41;PR;4128203;União da Vitória;55033
41;PR;4128302;Uniflor;2136
41;PR;4128401;Uraí;10406
41;PR;4128500;Wenceslau Braz;19188
41;PR;4128534;Ventania;9681
41;PR;4128559;Vera Cruz do Oeste;8215
41;PR;4128609;Verê;7932
41;PR;4128625;Alto Paraíso;3055
41;PR;4128633;Doutor Ulysses;5697
41;PR;4128658;Virmond;3811
41;PR;4128708;Vitorino;9706
41;PR;4128807;Xambrê;5798
42;SC;4200051;Abdon Batista;2598
42;SC;4200101;Abelardo Luz;17392
42;SC;4200200;Agrolândia;10990
42;SC;4200309;Agronômica;6055
42;SC;4200408;Água Doce;6508
42;SC;4200507;Águas de Chapecó;6036
42;SC;4200556;Águas Frias;2839
42;SC;4200606;Águas Mornas;6743
42;SC;4200705;Alfredo Wagner;10481
42;SC;4200754;Alto Bela Vista;1856
42;SC;4200804;Anchieta;5943
42;SC;4200903;Angelina;5358
42;SC;4201000;Anita Garibaldi;8285
42;SC;4201109;Anitápolis;3593
42;SC;4201208;Antônio Carlos;11224
42;SC;4201257;Apiúna;9811
42;SC;4201273;Arabutã;4378
42;SC;4201307;Araquari;45180
42;SC;4201406;Araranguá;71922
42;SC;4201505;Armazém;8834
42;SC;4201604;Arroio Trinta;3556
42;SC;4201653;Arvoredo;2510
42;SC;4201703;Ascurra;8319
42;SC;4201802;Atalanta;3227
42;SC;4201901;Aurora;6780
42;SC;4201950;Balneário Arroio do Silva;15820
42;SC;4202008;Balneário Camboriú;139155
42;SC;4202057;Balneário Barra do Sul;14912
42;SC;4202073;Balneário Gaivota;15669
42;SC;4202081;Bandeirante;3144
42;SC;4202099;Barra Bonita;1668
42;SC;4202107;Barra Velha;45371
42;SC;4202131;Bela Vista do Toldo;5872
42;SC;4202156;Belmonte;2658
42;SC;4202206;Benedito Novo;10520
42;SC;4202305;Biguaçu;76773
42;SC;4202404;Blumenau;361261
42;SC;4202438;Bocaina do Sul;3515
42;SC;4202453;Bombinhas;25058
42;SC;4202503;Bom Jardim da Serra;4026
42;SC;4202537;Bom Jesus;2777
42;SC;4202578;Bom Jesus do Oeste;2187
42;SC;4202602;Bom Retiro;8418
42;SC;4202701;Botuverá;5363
42;SC;4202800;Braço do Norte;33773
42;SC;4202859;Braço do Trombudo;4026
42;SC;4202875;Brunópolis;2489
42;SC;4202909;Brusque;141385
42;SC;4203006;Caçador;73720
42;SC;4203105;Caibi;6304
42;SC;4203154;Calmon;3443
42;SC;4203204;Camboriú;103074
42;SC;4203253;Capão Alto;2625
42;SC;4203303;Campo Alegre;12501
42;SC;4203402;Campo Belo do Sul;7257
42;SC;4203501;Campo Erê;9623
42;SC;4203600;Campos Novos;36932
42;SC;4203709;Canelinha;12821
42;SC;4203808;Canoinhas;55016
42;SC;4203907;Capinzal;23314
42;SC;4203956;Capivari de Baixo;23975
42;SC;4204004;Catanduvas;10566
42;SC;4204103;Caxambu do Sul;4614
42;SC;4204152;Celso Ramos;2805
42;SC;4204178;Cerro Negro;3317
42;SC;4204194;Chapadão do Lageado;2950
42;SC;4204202;Chapecó;254781
42;SC;4204251;Cocal do Sul;17240
42;SC;4204301;Concórdia;81646
42;SC;4204350;Cordilheira Alta;4781
42;SC;4204400;Coronel Freitas;10388
42;SC;4204459;Coronel Martins;2065
42;SC;4204509;Corupá;15034
42;SC;4204558;Correia Pinto;15727
42;SC;4204608;Criciúma;214493
42;SC;4204707;Cunha Porã;10953
42;SC;4204756;Cunhataí;1968
42;SC;4204806;Curitibanos;40045
42;SC;4204905;Descanso;8530
42;SC;4205001;Dionísio Cerqueira;15008
42;SC;4205100;Dona Emma;4221
42;SC;4205159;Doutor Pedrinho;3637
42;SC;4205175;Entre Rios;3402
42;SC;4205191;Ermo;2269
42;SC;4205209;Erval Velho;4885
42;SC;4205308;Faxinal dos Guedes;11192
42;SC;4205357;Flor do Sertão;1783
42;SC;4205407;Florianópolis;537213
42;SC;4205431;Formosa do Sul;2682
42;SC;4205456;Forquilhinha;31431
42;SC;4205506;Fraiburgo;33481
42;SC;4205555;Frei Rogério;2411
42;SC;4205605;Galvão;3219
42;SC;4205704;Garopaba;29959
42;SC;4205803;Garuva;18556
42;SC;4205902;Gaspar;72570
42;SC;4206009;Governador Celso Ramos;16915
42;SC;4206108;Grão-Pará;6277
42;SC;4206207;Gravatal;12435
42;SC;4206306;Guabiruba;24543
42;SC;4206405;Guaraciaba;10796
42;SC;4206504;Guaramirim;46711
42;SC;4206603;Guarujá do Sul;4829
42;SC;4206652;Guatambú;8425
42;SC;4206702;Herval d'Oeste;21724
42;SC;4206751;Ibiam;2008
42;SC;4206801;Ibicaré;3269
42;SC;4206900;Ibirama;19862
42;SC;4207007;Içara;59035
42;SC;4207106;Ilhota;17046
42;SC;4207205;Imaruí;11881
42;SC;4207304;Imbituba;52581
42;SC;4207403;Imbuia;5982
42;SC;4207502;Indaial;71549
42;SC;4207577;Iomerê;2877
42;SC;4207601;Ipira;4578
42;SC;4207650;Iporã do Oeste;9333
42;SC;4207684;Ipuaçu;7501
42;SC;4207700;Ipumirim;7816
42;SC;4207759;Iraceminha;3986
42;SC;4207809;Irani;10195
42;SC;4207858;Irati;2069
42;SC;4207908;Irineópolis;10285
42;SC;4208005;Itá;7067
42;SC;4208104;Itaiópolis;22051
42;SC;4208203;Itajaí;264054
42;SC;4208302;Itapema;75940
42;SC;4208401;Itapiranga;16638
42;SC;4208450;Itapoá;30750
42;SC;4208500;Ituporanga;26525
42;SC;4208609;Jaborá;4310
42;SC;4208708;Jacinto Machado;10624
42;SC;4208807;Jaguaruna;20375
42;SC;4208906;Jaraguá do Sul;182660
42;SC;4208955;Jardinópolis;1776
42;SC;4209003;Joaçaba;30146
42;SC;4209102;Joinville;616323
42;SC;4209151;José Boiteux;5985
42;SC;4209177;Jupiá;2546
42;SC;4209201;Lacerdópolis;2248
42;SC;4209300;Lages;164981
42;SC;4209409;Laguna;42785
42;SC;4209458;Lajeado Grande;1702
42;SC;4209508;Laurentino;7932
42;SC;4209607;Lauro Müller;14381
42;SC;4209706;Lebon Régis;11472
42;SC;4209805;Leoberto Leal;3330
42;SC;4209854;Lindóia do Sul;4549
42;SC;4209904;Lontras;12873
42;SC;4210001;Luiz Alves;11684
42;SC;4210035;Luzerna;5794
42;SC;4210050;Macieira;1778
42;SC;4210100;Mafra;55286
42;SC;4210209;Major Gercino;3214
42;SC;4210308;Major Vieira;7425
42;SC;4210407;Maracajá;7815
42;SC;4210506;Maravilha;28251
42;SC;4210555;Marema;2184
42;SC;4210605;Massaranduba;17162
42;SC;4210704;Matos Costa;2761
42;SC;4210803;Meleiro;7006
42;SC;4210852;Mirim Doce;2498
42;SC;4210902;Modelo;4080
42;SC;4211009;Mondaí;10066
42;SC;4211058;Monte Carlo;9117
42;SC;4211108;Monte Castelo;7736
42;SC;4211207;Morro da Fumaça;18537
42;SC;4211256;Morro Grande;3010
42;SC;4211306;Navegantes;86401
42;SC;4211405;Nova Erechim;5155
42;SC;4211454;Nova Itaberaba;4536
42;SC;4211504;Nova Trento;13727
42;SC;4211603;Nova Veneza;13664
42;SC;4211652;Novo Horizonte;2650
42;SC;4211702;Orleans;23661
42;SC;4211751;Otacílio Costa;17312
42;SC;4211801;Ouro;7032
42;SC;4211850;Ouro Verde;2181
42;SC;4211876;Paial;1927
42;SC;4211892;Painel;2215
42;SC;4211900;Palhoça;222598
42;SC;4212007;Palma Sola;7605
42;SC;4212056;Palmeira;2561
42;SC;4212106;Palmitos;15626
42;SC;4212205;Papanduva;19150
42;SC;4212239;Paraíso;4267
42;SC;4212254;Passo de Torres;12897
42;SC;4212270;Passos Maia;4034
42;SC;4212304;Paulo Lopes;9066
42;SC;4212403;Pedras Grandes;4245
42;SC;4212502;Penha;33663
42;SC;4212601;Peritiba;2992
42;SC;4212650;Pescaria Brava;10190
42;SC;4212700;Petrolândia;6716
42;SC;4212809;Balneário Piçarras;27127
42;SC;4212908;Pinhalzinho;21972
42;SC;4213005;Pinheiro Preto;3473
42;SC;4213104;Piratuba;5769
42;SC;4213153;Planalto Alegre;2946
42;SC;4213203;Pomerode;34263
42;SC;4213302;Ponte Alta;4437
42;SC;4213351;Ponte Alta do Norte;3210
42;SC;4213401;Ponte Serrada;10649
42;SC;4213500;Porto Belo;27688
42;SC;4213609;Porto União;32970
42;SC;4213708;Pouso Redondo;17125
42;SC;4213807;Praia Grande;8270
42;SC;4213906;Presidente Castello Branco;1689
42;SC;4214003;Presidente Getúlio;20010
42;SC;4214102;Presidente Nereu;2301
42;SC;4214151;Princesa;2964
42;SC;4214201;Quilombo;10937
42;SC;4214300;Rancho Queimado;3279
42;SC;4214409;Rio das Antas;6253
42;SC;4214508;Rio do Campo;6452
42;SC;4214607;Rio do Oeste;7747
42;SC;4214706;Rio dos Cedros;10865
42;SC;4214805;Rio do Sul;72587
42;SC;4214904;Rio Fortuna;4847
42;SC;4215000;Rio Negrinho;39258
42;SC;4215059;Rio Rufino;2397
42;SC;4215075;Riqueza;4768
42;SC;4215109;Rodeio;12757
42;SC;4215208;Romelândia;4823
42;SC;4215307;Salete;7489
42;SC;4215356;Saltinho;3632
42;SC;4215406;Salto Veloso;4390
42;SC;4215455;Sangão;12882
42;SC;4215505;Santa Cecília;15546
42;SC;4215554;Santa Helena;2425
42;SC;4215604;Santa Rosa de Lima;2088
42;SC;4215653;Santa Rosa do Sul;9792
42;SC;4215679;Santa Terezinha;8066
42;SC;4215687;Santa Terezinha do Progresso;2576
42;SC;4215695;Santiago do Sul;1651
42;SC;4215703;Santo Amaro da Imperatriz;27272
42;SC;4215752;São Bernardino;2684
42;SC;4215802;São Bento do Sul;83275
42;SC;4215901;São Bonifácio;2946
42;SC;4216008;São Carlos;10282
42;SC;4216057;São Cristóvão do Sul;6084
42;SC;4216107;São Domingos;9226
42;SC;4216206;São Francisco do Sul;52674
42;SC;4216255;São João do Oeste;6295
42;SC;4216305;São João Batista;32687
42;SC;4216354;São João do Itaperiú;4463
42;SC;4216404;São João do Sul;8668
42;SC;4216503;São Joaquim;25939
42;SC;4216602;São José;270295
42;SC;4216701;São José do Cedro;14167
42;SC;4216800;São José do Cerrito;8708
42;SC;4216909;São Lourenço do Oeste;24785
42;SC;4217006;São Ludgero;13509
42;SC;4217105;São Martinho;3405
42;SC;4217154;São Miguel da Boa Vista;1781
42;SC;4217204;São Miguel do Oeste;44330
42;SC;4217253;São Pedro de Alcântara;5776
42;SC;4217303;Saudades;10265
42;SC;4217402;Schroeder;20061
42;SC;4217501;Seara;18620
42;SC;4217550;Serra Alta;3303
42;SC;4217600;Siderópolis;13714
42;SC;4217709;Sombrio;29991
42;SC;4217758;Sul Brasil;2832
42;SC;4217808;Taió;18318
42;SC;4217907;Tangará;8143
42;SC;4217956;Tigrinhos;2329
42;SC;4218004;Tijucas;51592
42;SC;4218103;Timbé do Sul;5386
42;SC;4218202;Timbó;46099
42;SC;4218251;Timbó Grande;7342
42;SC;4218301;Três Barras;19746
42;SC;4218350;Treviso;3689
42;SC;4218400;Treze de Maio;7362
42;SC;4218509;Treze Tílias;8787
42;SC;4218608;Trombudo Central;7274
42;SC;4218707;Tubarão;110088
42;SC;4218756;Tunápolis;4916
42;SC;4218806;Turvo;13043
42;SC;4218855;União do Oeste;2774
42;SC;4218905;Urubici;10834
42;SC;4218954;Urupema;2656
42;SC;4219002;Urussanga;20919
42;SC;4219101;Vargeão;3634
42;SC;4219150;Vargem;2627
42;SC;4219176;Vargem Bonita;4576
42;SC;4219200;Vidal Ramos;6189
42;SC;4219309;Videira;55466
42;SC;4219358;Vitor Meireles;5370
42;SC;4219408;Witmarsum;4255
42;SC;4219507;Xanxerê;51607
42;SC;4219606;Xavantina;3653
42;SC;4219705;Xaxim;31918
42;SC;4219853;Zortéa;3930
42;SC;4220000;Balneário Rincão;15981
43;RS;4300034;Aceguá;4170
43;RS;4300059;Água Santa;3912
43;RS;4300109;Agudo;16039
43;RS;4300208;Ajuricaba;6720
43;RS;4300307;Alecrim;6123
43;RS;4300406;Alegrete;72409
43;RS;4300455;Alegria;3651
43;RS;4300471;Almirante Tamandaré do Sul;1969
43;RS;4300505;Alpestre;7117
43;RS;4300554;Alto Alegre;1800
43;RS;4300570;Alto Feliz;3072
43;RS;4300604;Alvorada;187315
43;RS;4300638;Amaral Ferrador;5310
43;RS;4300646;Ametista do Sul;7650
43;RS;4300661;André da Rocha;1135
43;RS;4300703;Anta Gorda;5957
43;RS;4300802;Antônio Prado;12980
43;RS;4300851;Arambaré;4112
43;RS;4300877;Araricá;8525
43;RS;4300901;Aratiba;6483
43;RS;4301008;Arroio do Meio;21963
43;RS;4301057;Arroio do Sal;11057
43;RS;4301073;Arroio do Padre;2599
43;RS;4301107;Arroio dos Ratos;14601
43;RS;4301206;Arroio do Tigre;12058
43;RS;4301305;Arroio Grande;17558
43;RS;4301404;Arvorezinha;10322
43;RS;4301503;Augusto Pestana;7149
43;RS;4301552;Áurea;3396
43;RS;4301602;Bagé;117938
43;RS;4301636;Balneário Pinhal;14955
43;RS;4301651;Barão;6461
43;RS;4301701;Barão de Cotegipe;7144
43;RS;4301750;Barão do Triunfo;5889
43;RS;4301800;Barracão;4831
43;RS;4301859;Barra do Guarita;3161
43;RS;4301875;Barra do Quaraí;4241
43;RS;4301909;Barra do Ribeiro;12225
43;RS;4301925;Barra do Rio Azul;1696
43;RS;4301958;Barra Funda;2498
43;RS;4302006;Barros Cassal;9296
43;RS;4302055;Benjamin Constant do Sul;2082
43;RS;4302105;Bento Gonçalves;123151
43;RS;4302154;Boa Vista das Missões;1933
43;RS;4302204;Boa Vista do Buricá;6966
43;RS;4302220;Boa Vista do Cadeado;2229
43;RS;4302238;Boa Vista do Incra;2271
43;RS;4302253;Boa Vista do Sul;2779
43;RS;4302303;Bom Jesus;11202
43;RS;4302352;Bom Princípio;13132
43;RS;4302378;Bom Progresso;2096
43;RS;4302402;Bom Retiro do Sul;12294
43;RS;4302451;Boqueirão do Leão;6247
43;RS;4302501;Bossoroca;5890
43;RS;4302584;Bozano;2151
43;RS;4302600;Braga;3268
43;RS;4302659;Brochier;4966
43;RS;4302709;Butiá;19084
43;RS;4302808;Caçapava do Sul;32515
43;RS;4302907;Cacequi;11157
43;RS;4303004;Cachoeira do Sul;80070
43;RS;4303103;Cachoeirinha;136258
43;RS;4303202;Cacique Doble;4603
43;RS;4303301;Caibaté;4704
43;RS;4303400;Caiçara;4836
43;RS;4303509;Camaquã;62200
43;RS;4303558;Camargo;2981
43;RS;4303608;Cambará do Sul;6361
43;RS;4303673;Campestre da Serra;3242
43;RS;4303707;Campina das Missões;5882
43;RS;4303806;Campinas do Sul;5284
43;RS;4303905;Campo Bom;62886
43;RS;4304002;Campo Novo;4975
43;RS;4304101;Campos Borges;3613
43;RS;4304200;Candelária;28906
43;RS;4304309;Cândido Godói;6294
43;RS;4304358;Candiota;10710
43;RS;4304408;Canela;48946
43;RS;4304507;Canguçu;49680
43;RS;4304606;Canoas;347657
43;RS;4304614;Canudos do Vale;1656
43;RS;4304622;Capão Bonito do Sul;1733
43;RS;4304630;Capão da Canoa;63594
43;RS;4304655;Capão do Cipó;3119
43;RS;4304663;Capão do Leão;26487
43;RS;4304671;Capivari do Sul;3991
43;RS;4304689;Capela de Santana;11159
43;RS;4304697;Capitão;2917
43;RS;4304705;Carazinho;61804
43;RS;4304713;Caraá;7360
43;RS;4304804;Carlos Barbosa;30418
43;RS;4304853;Carlos Gomes;1368
43;RS;4304903;Casca;9465
43;RS;4304952;Caseiros;3000
43;RS;4305009;Catuípe;8674
43;RS;4305108;Caxias do Sul;463338
43;RS;4305116;Centenário;2721
43;RS;4305124;Cerrito;5808
43;RS;4305132;Cerro Branco;3802
43;RS;4305157;Cerro Grande;2379
43;RS;4305173;Cerro Grande do Sul;9178
43;RS;4305207;Cerro Largo;13705
43;RS;4305306;Chapada;9540
43;RS;4305355;Charqueadas;35012
43;RS;4305371;Charrua;2768
43;RS;4305405;Chiapetta;3913
43;RS;4305439;Chuí;6262
43;RS;4305447;Chuvisca;4597
43;RS;4305454;Cidreira;17071
43;RS;4305504;Ciríaco;4146
43;RS;4305587;Colinas;2423
43;RS;4305603;Colorado;3258
43;RS;4305702;Condor;6406
43;RS;4305801;Constantina;10385
43;RS;4305835;Coqueiro Baixo;1290
43;RS;4305850;Coqueiros do Sul;2211
43;RS;4305871;Coronel Barros;2822
43;RS;4305900;Coronel Bicaco;6144
43;RS;4305934;Coronel Pilar;1607
43;RS;4305959;Cotiporã;3846
43;RS;4305975;Coxilha;2667
43;RS;4306007;Crissiumal;12886
43;RS;4306056;Cristal;7299
43;RS;4306072;Cristal do Sul;2692
43;RS;4306106;Cruz Alta;58913
43;RS;4306130;Cruzaltense;1635
43;RS;4306205;Cruzeiro do Sul;11600
43;RS;4306304;David Canabarro;4321
43;RS;4306320;Derrubadas;2751
43;RS;4306353;Dezesseis de Novembro;2507
43;RS;4306379;Dilermando de Aguiar;2806
43;RS;4306403;Dois Irmãos;30709
43;RS;4306429;Dois Irmãos das Missões;2090
43;RS;4306452;Dois Lajeados;3097
43;RS;4306502;Dom Feliciano;13051
43;RS;4306551;Dom Pedro de Alcântara;2562
43;RS;4306601;Dom Pedrito;36981
43;RS;4306700;Dona Francisca;3079
43;RS;4306734;Doutor Maurício Cardoso;4470
43;RS;4306759;Doutor Ricardo;1888
43;RS;4306767;Eldorado do Sul;39559
43;RS;4306809;Encantado;22962
43;RS;4306908;Encruzilhada do Sul;23819
43;RS;4306924;Engenho Velho;1296
43;RS;4306932;Entre-Ijuís;9158
43;RS;4306957;Entre Rios do Sul;2685
43;RS;4306973;Erebango;3054
43;RS;4307005;Erechim;105705
43;RS;4307054;Ernestina;3034
43;RS;4307104;Herval;6191
43;RS;4307203;Erval Grande;4930
43;RS;4307302;Erval Seco;6787
43;RS;4307401;Esmeralda;3195
43;RS;4307450;Esperança do Sul;3226
43;RS;4307500;Espumoso;15173
43;RS;4307559;Estação;5582
43;RS;4307609;Estância Velha;47912
43;RS;4307708;Esteio;76137
43;RS;4307807;Estrela;32183
43;RS;4307815;Estrela Velha;3070
43;RS;4307831;Eugênio de Castro;2633
43;RS;4307864;Fagundes Varela;2566
43;RS;4307906;Farroupilha;69885
43;RS;4308003;Faxinal do Soturno;6702
43;RS;4308052;Faxinalzinho;2520
43;RS;4308078;Fazenda Vilanova;4291
43;RS;4308102;Feliz;13764
43;RS;4308201;Flores da Cunha;30892
43;RS;4308250;Floriano Peixoto;1668
43;RS;4308300;Fontoura Xavier;9550
43;RS;4308409;Formigueiro;6413
43;RS;4308433;Forquetinha;2393
43;RS;4308458;Fortaleza dos Valos;4477
43;RS;4308508;Frederico Westphalen;32627
43;RS;4308607;Garibaldi;34335
43;RS;4308656;Garruchos;2688
43;RS;4308706;Gaurama;5665
43;RS;4308805;General Câmara;7612
43;RS;4308854;Gentil;1742
43;RS;4308904;Getúlio Vargas;16602
43;RS;4309001;Giruá;16013
43;RS;4309050;Glorinha;7658
43;RS;4309100;Gramado;40134
43;RS;4309126;Gramado dos Loureiros;2014
43;RS;4309159;Gramado Xavier;3304
43;RS;4309209;Gravataí;265070
43;RS;4309258;Guabiju;1417
43;RS;4309308;Guaíba;92924
43;RS;4309407;Guaporé;25268
43;RS;4309506;Guarani das Missões;7415
43;RS;4309555;Harmonia;5378
43;RS;4309571;Herveiras;2526
43;RS;4309605;Horizontina;18851
43;RS;4309654;Hulha Negra;5976
43;RS;4309704;Humaitá;4681
43;RS;4309753;Ibarama;3732
43;RS;4309803;Ibiaçá;4527
43;RS;4309902;Ibiraiaras;6776
43;RS;4309951;Ibirapuitã;3723
43;RS;4310009;Ibirubá;21583
43;RS;4310108;Igrejinha;32808
43;RS;4310207;Ijuí;84726
43;RS;4310306;Ilópolis;4157
43;RS;4310330;Imbé;26824
43;RS;4310363;Imigrante;3080
43;RS;4310405;Independência;6427
43;RS;4310413;Inhacorá;2014
43;RS;4310439;Ipê;5325
43;RS;4310462;Ipiranga do Sul;1720
43;RS;4310504;Iraí;7482
43;RS;4310538;Itaara;5572
43;RS;4310553;Itacurubi;2995
43;RS;4310579;Itapuca;1937
43;RS;4310603;Itaqui;35768
43;RS;4310652;Itati;2638
43;RS;4310702;Itatiba do Sul;3208
43;RS;4310751;Ivorá;1929
43;RS;4310801;Ivoti;22983
43;RS;4310850;Jaboticaba;3779
43;RS;4310876;Jacuizinho;2040
43;RS;4310900;Jacutinga;3338
43;RS;4311007;Jaguarão;26603
43;RS;4311106;Jaguari;10579
43;RS;4311122;Jaquirana;3690
43;RS;4311130;Jari;3349
43;RS;4311155;Jóia;7184
43;RS;4311205;Júlio de Castilhos;18226
43;RS;4311239;Lagoa Bonita do Sul;2251
43;RS;4311254;Lagoão;5341
43;RS;4311270;Lagoa dos Três Cantos;1738
43;RS;4311304;Lagoa Vermelha;27659
43;RS;4311403;Lajeado;93646
43;RS;4311429;Lajeado do Bugre;2601
43;RS;4311502;Lavras do Sul;7157
43;RS;4311601;Liberato Salzano;4781
43;RS;4311627;Lindolfo Collor;6244
43;RS;4311643;Linha Nova;1683
43;RS;4311700;Machadinho;5735
43;RS;4311718;Maçambará;4425
43;RS;4311734;Mampituba;3131
43;RS;4311759;Manoel Viana;6801
43;RS;4311775;Maquiné;7418
43;RS;4311791;Maratá;2470
43;RS;4311809;Marau;45126
43;RS;4311908;Marcelino Ramos;4320
43;RS;4311981;Mariana Pimentel;3916
43;RS;4312005;Mariano Moro;1858
43;RS;4312054;Marques de Souza;3969
43;RS;4312104;Mata;4698
43;RS;4312138;Mato Castelhano;2553
43;RS;4312153;Mato Leitão;4859
43;RS;4312179;Mato Queimado;1795
43;RS;4312203;Maximiliano de Almeida;4191
43;RS;4312252;Minas do Leão;7505
43;RS;4312302;Miraguaí;4427
43;RS;4312351;Montauri;1499
43;RS;4312377;Monte Alegre dos Campos;3180
43;RS;4312385;Monte Belo do Sul;2557
43;RS;4312401;Montenegro;63624
43;RS;4312427;Mormaço;2756
43;RS;4312443;Morrinhos do Sul;3071
43;RS;4312450;Morro Redondo;6046
43;RS;4312476;Morro Reuter;6029
43;RS;4312500;Mostardas;12090
43;RS;4312609;Muçum;4601
43;RS;4312617;Muitos Capões;2879
43;RS;4312625;Muliterno;1721
43;RS;4312658;Não-Me-Toque;17898
43;RS;4312674;Nicolau Vergueiro;1932
43;RS;4312708;Nonoai;13719
43;RS;4312757;Nova Alvorada;3163
43;RS;4312807;Nova Araçá;4954
43;RS;4312906;Nova Bassano;9649
43;RS;4312955;Nova Boa Vista;2042
43;RS;4313003;Nova Bréscia;3044
43;RS;4313011;Nova Candelária;3061
43;RS;4313037;Nova Esperança do Sul;4865
43;RS;4313060;Nova Hartz;20088
43;RS;4313086;Nova Pádua;2343
43;RS;4313102;Nova Palma;5586
43;RS;4313201;Nova Petrópolis;23177
43;RS;4313300;Nova Prata;25692
43;RS;4313334;Nova Ramada;2163
43;RS;4313359;Nova Roma do Sul;3466
43;RS;4313375;Nova Santa Rita;29024
43;RS;4313391;Novo Cabrais;3568
43;RS;4313409;Novo Hamburgo;227732
43;RS;4313425;Novo Machado;3198
43;RS;4313441;Novo Tiradentes;2146
43;RS;4313466;Novo Xingu;1646
43;RS;4313490;Novo Barreiro;4272
43;RS;4313508;Osório;47400
43;RS;4313607;Paim Filho;3629
43;RS;4313656;Palmares do Sul;12844
43;RS;4313706;Palmeira das Missões;33216
43;RS;4313805;Palmitinho;7839
43;RS;4313904;Panambi;43515
43;RS;4313953;Pantano Grande;10212
43;RS;4314001;Paraí;7194
43;RS;4314027;Paraíso do Sul;6519
43;RS;4314035;Pareci Novo;4319
43;RS;4314050;Parobé;52058
43;RS;4314068;Passa Sete;3982
43;RS;4314076;Passo do Sobrado;6025
43;RS;4314100;Passo Fundo;206224
43;RS;4314134;Paulo Bento;2144
43;RS;4314159;Paverama;7978
43;RS;4314175;Pedras Altas;2061
43;RS;4314209;Pedro Osório;7484
43;RS;4314308;Pejuçara;3745
43;RS;4314407;Pelotas;325689
43;RS;4314423;Picada Café;5351
43;RS;4314456;Pinhal;2959
43;RS;4314464;Pinhal da Serra;2248
43;RS;4314472;Pinhal Grande;3805
43;RS;4314498;Pinheirinho do Vale;4540
43;RS;4314506;Pinheiro Machado;11214
43;RS;4314548;Pinto Bandeira;2723
43;RS;4314555;Pirapó;2260
43;RS;4314605;Piratini;17502
43;RS;4314704;Planalto;10406
43;RS;4314753;Poço das Antas;2171
43;RS;4314779;Pontão;3296
43;RS;4314787;Ponte Preta;1575
43;RS;4314803;Portão;34072
43;RS;4314902;Porto Alegre;1332570
43;RS;4315008;Porto Lucena;4360
43;RS;4315057;Porto Mauá;2142
43;RS;4315073;Porto Vera Cruz;1560
43;RS;4315107;Porto Xavier;9938
43;RS;4315131;Pouso Novo;1739
43;RS;4315149;Presidente Lucena;3077
43;RS;4315156;Progresso;5340
43;RS;4315172;Protásio Alves;2025
43;RS;4315206;Putinga;3747
43;RS;4315305;Quaraí;23500
43;RS;4315313;Quatro Irmãos;1552
43;RS;4315321;Quevedos;2507
43;RS;4315354;Quinze de Novembro;3910
43;RS;4315404;Redentora;9738
43;RS;4315453;Relvado;1796
43;RS;4315503;Restinga Sêca;14939
43;RS;4315552;Rio dos Índios;2835
43;RS;4315602;Rio Grande;191900
43;RS;4315701;Rio Pardo;34654
43;RS;4315750;Riozinho;4473
43;RS;4315800;Roca Sales;10418
43;RS;4315909;Rodeio Bonito;6654
43;RS;4315958;Rolador;2291
43;RS;4316006;Rolante;21253
43;RS;4316105;Ronda Alta;9777
43;RS;4316204;Rondinha;4991
43;RS;4316303;Roque Gonzales;6576
43;RS;4316402;Rosário do Sul;36630
43;RS;4316428;Sagrada Família;2480
43;RS;4316436;Saldanha Marinho;2575
43;RS;4316451;Salto do Jacuí;10203
43;RS;4316477;Salvador das Missões;2877
43;RS;4316501;Salvador do Sul;6879
43;RS;4316600;Sananduva;16399
43;RS;4316709;Santa Bárbara do Sul;8122
43;RS;4316733;Santa Cecília do Sul;1674
43;RS;4316758;Santa Clara do Sul;6887
43;RS;4316808;Santa Cruz do Sul;133230
43;RS;4316907;Santa Maria;271633
43;RS;4316956;Santa Maria do Herval;6340
43;RS;4316972;Santa Margarida do Sul;2596
43;RS;4317004;Santana da Boa Vista;7024
43;RS;4317103;Sant'Ana do Livramento;84421
43;RS;4317202;Santa Rosa;76963
43;RS;4317251;Santa Tereza;1505
43;RS;4317301;Santa Vitória do Palmar;30983
43;RS;4317400;Santiago;48938
43;RS;4317509;Santo Ângelo;76917
43;RS;4317558;Santo Antônio do Palma;2091
43;RS;4317608;Santo Antônio da Patrulha;42942
43;RS;4317707;Santo Antônio das Missões;10300
43;RS;4317756;Santo Antônio do Planalto;2089
43;RS;4317806;Santo Augusto;13902
43;RS;4317905;Santo Cristo;15320
43;RS;4317954;Santo Expedito do Sul;2349
43;RS;4318002;São Borja;59676
43;RS;4318051;São Domingos do Sul;2754
43;RS;4318101;São Francisco de Assis;17618
43;RS;4318200;São Francisco de Paula;21893
43;RS;4318309;São Gabriel;58487
43;RS;4318408;São Jerônimo;21028
43;RS;4318424;São João da Urtiga;4461
43;RS;4318432;São João do Polêsine;2649
43;RS;4318440;São Jorge;2912
43;RS;4318457;São José das Missões;2362
43;RS;4318465;São José do Herval;1902
43;RS;4318481;São José do Hortêncio;4447
43;RS;4318499;São José do Inhacorá;2406
43;RS;4318507;São José do Norte;25443
43;RS;4318606;São José do Ouro;6834
43;RS;4318614;São José do Sul;2285
43;RS;4318622;São José dos Ausentes;4172
43;RS;4318705;São Leopoldo;217410
43;RS;4318804;São Lourenço do Sul;41989
43;RS;4318903;São Luiz Gonzaga;34752
43;RS;4319000;São Marcos;21084
43;RS;4319109;São Martinho;5481
43;RS;4319125;São Martinho da Serra;2822
43;RS;4319158;São Miguel das Missões;7056
43;RS;4319208;São Nicolau;5118
43;RS;4319307;São Paulo das Missões;5846
43;RS;4319356;São Pedro da Serra;3548
43;RS;4319364;São Pedro das Missões;1757
43;RS;4319372;São Pedro do Butiá;3070
43;RS;4319406;São Pedro do Sul;15577
43;RS;4319505;São Sebastião do Caí;24428
43;RS;4319604;São Sepé;21219
43;RS;4319703;São Valentim;3264
43;RS;4319711;São Valentim do Sul;2207
43;RS;4319737;São Valério do Sul;2543
43;RS;4319752;São Vendelino;2251
43;RS;4319802;São Vicente do Sul;8097
43;RS;4319901;Sapiranga;75648
43;RS;4320008;Sapucaia do Sul;132107
43;RS;4320107;Sarandi;22851
43;RS;4320206;Seberi;11950
43;RS;4320230;Sede Nova;2704
43;RS;4320263;Segredo;6009
43;RS;4320305;Selbach;5107
43;RS;4320321;Senador Salgado Filho;2673
43;RS;4320354;Sentinela do Sul;5306
43;RS;4320404;Serafina Corrêa;16961
43;RS;4320453;Sério;1941
43;RS;4320503;Sertão;5541
43;RS;4320552;Sertão Santana;5863
43;RS;4320578;Sete de Setembro;1830
43;RS;4320602;Severiano de Almeida;3406
43;RS;4320651;Silveira Martins;2149
43;RS;4320677;Sinimbu;8578
43;RS;4320701;Sobradinho;14226
43;RS;4320800;Soledade;29991
43;RS;4320859;Tabaí;4461
43;RS;4320909;Tapejara;24557
43;RS;4321006;Tapera;10592
43;RS;4321105;Tapes;14659
43;RS;4321204;Taquara;53242
43;RS;4321303;Taquari;25198
43;RS;4321329;Taquaruçu do Sul;3119
43;RS;4321352;Tavares;5212
43;RS;4321402;Tenente Portela;14497
43;RS;4321436;Terra de Areia;10286
43;RS;4321451;Teutônia;32797
43;RS;4321469;Tio Hugo;3267
43;RS;4321477;Tiradentes do Sul;5129
43;RS;4321493;Toropi;2554
43;RS;4321501;Torres;41751
43;RS;4321600;Tramandaí;54387
43;RS;4321626;Travesseiro;2152
43;RS;4321634;Três Arroios;2591
43;RS;4321667;Três Cachoeiras;10962
43;RS;4321709;Três Coroas;24425
43;RS;4321808;Três de Maio;24916
43;RS;4321832;Três Forquilhas;2760
43;RS;4321857;Três Palmeiras;4716
43;RS;4321907;Três Passos;25436
43;RS;4321956;Trindade do Sul;7556
43;RS;4322004;Triunfo;27498
43;RS;4322103;Tucunduva;5542
43;RS;4322152;Tunas;3681
43;RS;4322186;Tupanci do Sul;1374
43;RS;4322202;Tupanciretã;20005
43;RS;4322251;Tupandi;5029
43;RS;4322301;Tuparendi;8363
43;RS;4322327;Turuçu;3419
43;RS;4322343;Ubiretama;1994
43;RS;4322350;União da Serra;1170
43;RS;4322376;Unistalda;1995
43;RS;4322400;Uruguaiana;117210
43;RS;4322509;Vacaria;64187
43;RS;4322525;Vale Verde;3150
43;RS;4322533;Vale do Sol;9617
43;RS;4322541;Vale Real;6058
43;RS;4322558;Vanini;2004
43;RS;4322608;Venâncio Aires;68653
43;RS;4322707;Vera Cruz;26710
43;RS;4322806;Veranópolis;24021
43;RS;4322855;Vespasiano Corrêa;1818
43;RS;4322905;Viadutos;4769
43;RS;4323002;Viamão;224116
43;RS;4323101;Vicente Dutra;4665
43;RS;4323200;Victor Graeff;2780
43;RS;4323309;Vila Flores;3646
43;RS;4323358;Vila Lângaro;2079
43;RS;4323408;Vila Maria;4413
43;RS;4323457;Vila Nova do Sul;3863
43;RS;4323507;Vista Alegre;2660
43;RS;4323606;Vista Alegre do Prata;1590
43;RS;4323705;Vista Gaúcha;2783
43;RS;4323754;Vitória das Missões;3260
43;RS;4323770;Westfália;3098
43;RS;4323804;Xangri-lá;16463
50;MS;5000203;Água Clara;16741
50;MS;5000252;Alcinópolis;4537
50;MS;5000609;Amambai;39325
50;MS;5000708;Anastácio;24107
50;MS;5000807;Anaurilândia;7653
50;MS;5000856;Angélica;10729
50;MS;5000906;Antônio João;9303
50;MS;5001003;Aparecida do Taboado;27674
50;MS;5001102;Aquidauana;46803
50;MS;5001243;Aral Moreira;10748
50;MS;5001508;Bandeirantes;7940
50;MS;5001904;Bataguassu;23031
50;MS;5002001;Batayporã;10712
50;MS;5002100;Bela Vista;21613
50;MS;5002159;Bodoquena;8567
50;MS;5002209;Bonito;23659
50;MS;5002308;Brasilândia;11579
50;MS;5002407;Caarapó;30612
50;MS;5002605;Camapuã;13583
50;MS;5002704;Campo Grande;897938
50;MS;5002803;Caracol;5036
50;MS;5002902;Cassilândia;20988
50;MS;5002951;Chapadão do Sul;30993
50;MS;5003108;Corguinho;4783
50;MS;5003157;Coronel Sapucaia;14161
50;MS;5003207;Corumbá;96268
50;MS;5003256;Costa Rica;26037
50;MS;5003306;Coxim;32151
50;MS;5003454;Deodápolis;13663
50;MS;5003488;Dois Irmãos do Buriti;11100
50;MS;5003504;Douradina;5578
50;MS;5003702;Dourados;243368
50;MS;5003751;Eldorado;11386
50;MS;5003801;Fátima do Sul;20609
50;MS;5003900;Figueirão;3539
50;MS;5004007;Glória de Dourados;10444
50;MS;5004106;Guia Lopes da Laguna;9939
50;MS;5004304;Iguatemi;13796
50;MS;5004403;Inocência;8404
50;MS;5004502;Itaporã;24137
50;MS;5004601;Itaquiraí;19433
50;MS;5004700;Ivinhema;27821
50;MS;5004809;Japorã;8148
50;MS;5004908;Jaraguari;7139
50;MS;5005004;Jardim;23981
50;MS;5005103;Jateí;3586
50;MS;5005152;Juti;6729
50;MS;5005202;Ladário;21522
50;MS;5005251;Laguna Carapã;6799
50;MS;5005400;Maracaju;45047
50;MS;5005608;Miranda;25536
50;MS;5005681;Mundo Novo;19193
50;MS;5005707;Naviraí;50457
50;MS;5005806;Nioaque;13220
50;MS;5006002;Nova Alvorada do Sul;21822
50;MS;5006200;Nova Andradina;48563
50;MS;5006259;Novo Horizonte do Sul;4721
50;MS;5006275;Paraíso das Águas;5510
50;MS;5006309;Paranaíba;40957
50;MS;5006358;Paranhos;12921
50;MS;5006408;Pedro Gomes;6941
50;MS;5006606;Ponta Porã;92017
50;MS;5006903;Porto Murtinho;12859
50;MS;5007109;Ribas do Rio Pardo;23150
50;MS;5007208;Rio Brilhante;37601
50;MS;5007307;Rio Negro;4841
50;MS;5007406;Rio Verde de Mato Grosso;19818
50;MS;5007505;Rochedo;5199
50;MS;5007554;Santa Rita do Pardo;7027
50;MS;5007695;São Gabriel do Oeste;29579
50;MS;5007703;Sete Quedas;10994
50;MS;5007802;Selvíria;8142
50;MS;5007901;Sidrolândia;47118
50;MS;5007935;Sonora;14516
50;MS;5007950;Tacuru;10808
50;MS;5007976;Taquarussu;3625
50;MS;5008008;Terenos;17638
50;MS;5008305;Três Lagoas;132152
50;MS;5008404;Vicentina;6336
51;MT;5100102;Acorizal;5014
51;MT;5100201;Água Boa;29219
51;MT;5100250;Alta Floresta;58613
51;MT;5100300;Alto Araguaia;17193
51;MT;5100359;Alto Boa Vista;5639
51;MT;5100409;Alto Garças;13052
51;MT;5100508;Alto Paraguai;8009
51;MT;5100607;Alto Taquari;10904
51;MT;5100805;Apiacás;8590
51;MT;5101001;Araguaiana;3795
51;MT;5101209;Araguainha;1010
51;MT;5101258;Araputanga;14786
51;MT;5101308;Arenápolis;10576
51;MT;5101407;Aripuanã;24626
51;MT;5101605;Barão de Melgaço;7253
51;MT;5101704;Barra do Bugres;29403
51;MT;5101803;Barra do Garças;69210
51;MT;5101852;Bom Jesus do Araguaia;7280
51;MT;5101902;Brasnorte;17004
51;MT;5102504;Cáceres;89478
51;MT;5102603;Campinápolis;15347
51;MT;5102637;Campo Novo do Parecis;45899
51;MT;5102678;Campo Verde;44585
51;MT;5102686;Campos de Júlio;8822
51;MT;5102694;Canabrava do Norte;4485
51;MT;5102702;Canarana;25843
51;MT;5102793;Carlinda;10332
51;MT;5102850;Castanheira;7506
51;MT;5103007;Chapada dos Guimarães;18990
51;MT;5103056;Cláudia;9593
51;MT;5103106;Cocalinho;6220
51;MT;5103205;Colíder;31370
51;MT;5103254;Colniza;25756
51;MT;5103304;Comodoro;18238
51;MT;5103353;Confresa;35075
51;MT;5103361;Conquista D'Oeste;3760
51;MT;5103379;Cotriguaçu;11011
51;MT;5103403;Cuiabá;650912
51;MT;5103437;Curvelândia;4903
51;MT;5103452;Denise;7014
51;MT;5103502;Diamantino;21941
51;MT;5103601;Dom Aquino;7872
51;MT;5103700;Feliz Natal;10521
51;MT;5103809;Figueirópolis D'Oeste;3187
51;MT;5103858;Gaúcha do Norte;8646
51;MT;5103908;General Carneiro;6037
51;MT;5103957;Glória D'Oeste;2905
51;MT;5104104;Guarantã do Norte;31024
51;MT;5104203;Guiratinga;10963
51;MT;5104500;Indiavaí;2213
51;MT;5104526;Ipiranga do Norte;7815
51;MT;5104542;Itanhangá;7539
51;MT;5104559;Itaúba;5020
51;MT;5104609;Itiquira;12236
51;MT;5104807;Jaciara;28569
51;MT;5104906;Jangada;7426
51;MT;5105002;Jauru;8367
51;MT;5105101;Juara;34906
51;MT;5105150;Juína;45869
51;MT;5105176;Juruena;10213
51;MT;5105200;Juscimeira;11480
51;MT;5105234;Lambari D'Oeste;4790
51;MT;5105259;Lucas do Rio Verde;83798
51;MT;5105309;Luciara;2509
51;MT;5105507;Vila Bela da Santíssima Trindade;16774
51;MT;5105580;Marcelândia;11397
51;MT;5105606;Matupá;20091
51;MT;5105622;Mirassol d'Oeste;26785
51;MT;5105903;Nobres;15492
51;MT;5106000;Nortelândia;5956
51;MT;5106109;Nossa Senhora do Livramento;12940
51;MT;5106158;Nova Bandeirantes;13635
51;MT;5106174;Nova Nazaré;4200
51;MT;5106182;Nova Lacerda;6670
51;MT;5106190;Nova Santa Helena;4239
51;MT;5106208;Nova Brasilândia;3932
51;MT;5106216;Nova Canaã do Norte;11707
51;MT;5106224;Nova Mutum;55648
51;MT;5106232;Nova Olímpia;16352
51;MT;5106240;Nova Ubiratã;11498
51;MT;5106257;Nova Xavantina;24345
51;MT;5106265;Novo Mundo;6520
51;MT;5106273;Novo Horizonte do Norte;3349
51;MT;5106281;Novo São Joaquim;6919
51;MT;5106299;Paranaíta;11671
51;MT;5106307;Paranatinga;26423
51;MT;5106315;Novo Santo Antônio;2015
51;MT;5106372;Pedra Preta;18066
51;MT;5106422;Peixoto de Azevedo;32714
51;MT;5106455;Planalto da Serra;3166
51;MT;5106505;Poconé;31217
51;MT;5106653;Pontal do Araguaia;6932
51;MT;5106703;Ponte Branca;2008
51;MT;5106752;Pontes e Lacerda;52018
51;MT;5106778;Porto Alegre do Norte;13865
51;MT;5106802;Porto dos Gaúchos;5593
51;MT;5106828;Porto Esperidião;10204
51;MT;5106851;Porto Estrela;3224
51;MT;5107008;Poxoréu;23283
51;MT;5107040;Primavera do Leste;85146
51;MT;5107065;Querência;26769
51;MT;5107107;São José dos Quatro Marcos;17849
51;MT;5107156;Reserva do Cabaçal;2122
51;MT;5107180;Ribeirão Cascalheira;9896
51;MT;5107198;Ribeirãozinho;2593
51;MT;5107206;Rio Branco;4535
51;MT;5107248;Santa Carmem;5374
51;MT;5107263;Santo Afonso;2519
51;MT;5107297;São José do Povo;2875
51;MT;5107305;São José do Rio Claro;14901
51;MT;5107354;São José do Xingu;5965
51;MT;5107404;São Pedro da Cipa;4191
51;MT;5107578;Rondolândia;3505
51;MT;5107602;Rondonópolis;244897
51;MT;5107701;Rosário Oeste;15453
51;MT;5107743;Santa Cruz do Xingu;2661
51;MT;5107750;Salto do Céu;3679
51;MT;5107768;Santa Rita do Trivelato;3276
51;MT;5107776;Santa Terezinha;7596
51;MT;5107792;Santo Antônio do Leste;4099
51;MT;5107800;Santo Antônio do Leverger;15246
51;MT;5107859;São Félix do Araguaia;13612
51;MT;5107875;Sapezal;28944
51;MT;5107883;Serra Nova Dourada;1800
51;MT;5107909;Sinop;196067
51;MT;5107925;Sorriso;110635
51;MT;5107941;Tabaporã;9812
51;MT;5107958;Tangará da Serra;106434
51;MT;5108006;Tapurah;14370
51;MT;5108055;Terra Nova do Norte;10616
51;MT;5108105;Tesouro;3025
51;MT;5108204;Torixoréu;4164
51;MT;5108303;União do Sul;3838
51;MT;5108352;Vale de São Domingos;2904
51;MT;5108402;Várzea Grande;299472
51;MT;5108501;Vera;12800
51;MT;5108600;Vila Rica;19888
51;MT;5108808;Nova Guarita;4588
51;MT;5108857;Nova Marilândia;3529
51;MT;5108907;Nova Maringá;5846
51;MT;5108956;Nova Monte Verde;8313
52;GO;5200050;Abadia de Goiás;19128
52;GO;5200100;Abadiânia;17228
52;GO;5200134;Acreúna;21568
52;GO;5200159;Adelândia;2297
52;GO;5200175;Água Fria de Goiás;4954
52;GO;5200209;Água Limpa;1851
52;GO;5200258;Águas Lindas de Goiás;225671
52;GO;5200308;Alexânia;27008
52;GO;5200506;Aloândia;1973
52;GO;5200555;Alto Horizonte;6072
52;GO;5200605;Alto Paraíso de Goiás;10298
52;GO;5200803;Alvorada do Norte;8446
52;GO;5200829;Amaralina;3268
52;GO;5200852;Americano do Brasil;5259
52;GO;5200902;Amorinópolis;3007
52;GO;5201108;Anápolis;398817
52;GO;5201207;Anhanguera;924
52;GO;5201306;Anicuns;18503
52;GO;5201405;Aparecida de Goiânia;527550
52;GO;5201454;Aparecida do Rio Doce;2907
52;GO;5201504;Aporé;4325
52;GO;5201603;Araçu;3799
52;GO;5201702;Aragarças;18390
52;GO;5201801;Aragoiânia;11890
52;GO;5202155;Araguapaz;7153
52;GO;5202353;Arenópolis;2946
52;GO;5202502;Aruanã;8300
52;GO;5202601;Aurilândia;3284
52;GO;5202809;Avelinópolis;2868
52;GO;5203104;Baliza;3351
52;GO;5203203;Barro Alto;10371
52;GO;5203302;Bela Vista de Goiás;34445
52;GO;5203401;Bom Jardim de Goiás;7826
52;GO;5203500;Bom Jesus de Goiás;23958
52;GO;5203559;Bonfinópolis;10296
52;GO;5203575;Bonópolis;3299
52;GO;5203609;Brazabrantes;3992
52;GO;5203807;Britânia;5695
52;GO;5203906;Buriti Alegre;10495
52;GO;5203939;Buriti de Goiás;2732
52;GO;5203962;Buritinópolis;3145
52;GO;5204003;Cabeceiras;7560
52;GO;5204102;Cachoeira Alta;11513
52;GO;5204201;Cachoeira de Goiás;1405
52;GO;5204250;Cachoeira Dourada;7782
52;GO;5204300;Caçu;13774
52;GO;5204409;Caiapônia;16507
52;GO;5204508;Caldas Novas;98622
52;GO;5204557;Caldazinha;4507
52;GO;5204607;Campestre de Goiás;3755
52;GO;5204656;Campinaçu;3708
52;GO;5204706;Campinorte;12510
52;GO;5204805;Campo Alegre de Goiás;7422
52;GO;5204854;Campo Limpo de Goiás;8081
52;GO;5204904;Campos Belos;18108
52;GO;5204953;Campos Verdes;4005
52;GO;5205000;Carmo do Rio Verde;9710
52;GO;5205059;Castelândia;2985
52;GO;5205109;Catalão;114427
52;GO;5205208;Caturaí;5184
52;GO;5205307;Cavalcante;9589
52;GO;5205406;Ceres;22046
52;GO;5205455;Cezarina;8090
52;GO;5205471;Chapadão do Céu;12870
52;GO;5205497;Cidade Ocidental;91767
52;GO;5205513;Cocalzinho de Goiás;25016
52;GO;5205521;Colinas do Sul;4030
52;GO;5205703;Córrego do Ouro;2454
52;GO;5205802;Corumbá de Goiás;10562
52;GO;5205901;Corumbaíba;9164
52;GO;5206206;Cristalina;62249
52;GO;5206305;Cristianópolis;3504
52;GO;5206404;Crixás;17065
52;GO;5206503;Cromínia;3883
52;GO;5206602;Cumari;2927
52;GO;5206701;Damianópolis;3770
52;GO;5206800;Damolândia;2724
52;GO;5206909;Davinópolis;1902
52;GO;5207105;Diorama;2062
52;GO;5207253;Doverlândia;6956
52;GO;5207352;Edealina;4001
52;GO;5207402;Edéia;11747
52;GO;5207501;Estrela do Norte;3205
52;GO;5207535;Faina;7070
52;GO;5207600;Fazenda Nova;5877
52;GO;5207808;Firminópolis;10419
52;GO;5207907;Flores de Goiás;13744
52;GO;5208004;Formosa;115669
52;GO;5208103;Formoso;4660
52;GO;5208152;Gameleira de Goiás;3456
52;GO;5208301;Divinópolis de Goiás;4457
52;GO;5208400;Goianápolis;13967
52;GO;5208509;Goiandira;4968
52;GO;5208608;Goianésia;73708
52;GO;5208707;Goiânia;1437237
52;GO;5208806;Goianira;71916
52;GO;5208905;Goiás;24071
52;GO;5209101;Goiatuba;35649
52;GO;5209150;Gouvelândia;4390
52;GO;5209200;Guapó;19545
52;GO;5209291;Guaraíta;2188
52;GO;5209408;Guarani de Goiás;4085
52;GO;5209457;Guarinos;2161
52;GO;5209606;Heitoraí;3354
52;GO;5209705;Hidrolândia;27741
52;GO;5209804;Hidrolina;3545
52;GO;5209903;Iaciara;10584
52;GO;5209937;Inaciolândia;5954
52;GO;5209952;Indiara;17061
52;GO;5210000;Inhumas;52204
52;GO;5210109;Ipameri;25548
52;GO;5210158;Ipiranga de Goiás;2919
52;GO;5210208;Iporá;35684
52;GO;5210307;Israelândia;2560
52;GO;5210406;Itaberaí;44734
52;GO;5210562;Itaguari;4963
52;GO;5210604;Itaguaru;4904
52;GO;5210802;Itajá;4380
52;GO;5210901;Itapaci;21087
52;GO;5211008;Itapirapuã;8002
52;GO;5211206;Itapuranga;26113
52;GO;5211305;Itarumã;6101
52;GO;5211404;Itauçu;7736
52;GO;5211503;Itumbiara;107970
52;GO;5211602;Ivolândia;2693
52;GO;5211701;Jandaia;6272
52;GO;5211800;Jaraguá;45223
52;GO;5211909;Jataí;105729
52;GO;5212006;Jaupaci;2924
52;GO;5212055;Jesúpolis;2123
52;GO;5212105;Joviânia;7159
52;GO;5212204;Jussara;19625
52;GO;5212253;Lagoa Santa;1390
52;GO;5212303;Leopoldo de Bulhões;8745
52;GO;5212501;Luziânia;208725
52;GO;5212600;Mairipotaba;2561
52;GO;5212709;Mambaí;8124
52;GO;5212808;Mara Rosa;10700
52;GO;5212907;Marzagão;2758
52;GO;5212956;Matrinchã;4042
52;GO;5213004;Maurilândia;10304
52;GO;5213053;Mimoso de Goiás;2614
52;GO;5213087;Minaçu;27075
52;GO;5213103;Mineiros;70073
52;GO;5213400;Moiporá;1685
52;GO;5213509;Monte Alegre de Goiás;6692
52;GO;5213707;Montes Claros de Goiás;8756
52;GO;5213756;Montividiu;12521
52;GO;5213772;Montividiu do Norte;3779
52;GO;5213806;Morrinhos;51351
52;GO;5213855;Morro Agudo de Goiás;2456
52;GO;5213905;Mossâmedes;4654
52;GO;5214002;Mozarlândia;14750
52;GO;5214051;Mundo Novo;6189
52;GO;5214101;Mutunópolis;3564
52;GO;5214408;Nazário;8189
52;GO;5214507;Nerópolis;31932
52;GO;5214606;Niquelândia;34964
52;GO;5214705;Nova América;2337
52;GO;5214804;Nova Aurora;2101
52;GO;5214838;Nova Crixás;12815
52;GO;5214861;Nova Glória;8310
52;GO;5214879;Nova Iguaçu de Goiás;3010
52;GO;5214903;Nova Roma;3076
52;GO;5215009;Nova Veneza;9481
52;GO;5215207;Novo Brasil;3527
52;GO;5215231;Novo Gama;103804
52;GO;5215256;Novo Planalto;3716
52;GO;5215306;Orizona;16399
52;GO;5215405;Ouro Verde de Goiás;4057
52;GO;5215504;Ouvidor;7200
52;GO;5215603;Padre Bernardo;34967
52;GO;5215652;Palestina de Goiás;3132
52;GO;5215702;Palmeiras de Goiás;31858
52;GO;5215801;Palmelo;2259
52;GO;5215900;Palminópolis;3851
52;GO;5216007;Panamá;2455
52;GO;5216304;Paranaiguara;7607
52;GO;5216403;Paraúna;10659
52;GO;5216452;Perolândia;2964
52;GO;5216809;Petrolina de Goiás;9573
52;GO;5216908;Pilar de Goiás;2328
52;GO;5217104;Piracanjuba;24883
52;GO;5217203;Piranhas;11712
52;GO;5217302;Pirenópolis;26690
52;GO;5217401;Pires do Rio;32373
52;GO;5217609;Planaltina;105031
52;GO;5217708;Pontalina;18309
52;GO;5218003;Porangatu;44317
52;GO;5218052;Porteirão;4070
52;GO;5218102;Portelândia;3280
52;GO;5218300;Posse;34914
52;GO;5218391;Professor Jamil;3649
52;GO;5218508;Quirinópolis;48447
52;GO;5218607;Rialma;12165
52;GO;5218706;Rianápolis;3980
52;GO;5218789;Rio Quente;3864
52;GO;5218805;Rio Verde;225696
52;GO;5218904;Rubiataba;19788
52;GO;5219001;Sanclerlândia;7918
52;GO;5219100;Santa Bárbara de Goiás;6149
52;GO;5219209;Santa Cruz de Goiás;3002
52;GO;5219258;Santa Fé de Goiás;4951
52;GO;5219308;Santa Helena de Goiás;38492
52;GO;5219357;Santa Isabel;3538
52;GO;5219407;Santa Rita do Araguaia;5927
52;GO;5219456;Santa Rita do Novo Destino;2689
52;GO;5219506;Santa Rosa de Goiás;2820
52;GO;5219605;Santa Tereza de Goiás;3293
52;GO;5219704;Santa Terezinha de Goiás;10645
52;GO;5219712;Santo Antônio da Barra;4267
52;GO;5219738;Santo Antônio de Goiás;7386
52;GO;5219753;Santo Antônio do Descoberto;72134
52;GO;5219803;São Domingos;9711
52;GO;5219902;São Francisco de Goiás;6378
52;GO;5220009;São João d'Aliança;13984
52;GO;5220058;São João da Paraúna;1774
52;GO;5220108;São Luís de Montes Belos;33852
52;GO;5220157;São Luiz do Norte;4837
52;GO;5220207;São Miguel do Araguaia;21900
52;GO;5220264;São Miguel do Passa Quatro;4464
52;GO;5220280;São Patrício;2143
52;GO;5220405;São Simão;17020
52;GO;5220454;Senador Canedo;155635
52;GO;5220504;Serranópolis;8027
52;GO;5220603;Silvânia;22245
52;GO;5220686;Simolândia;5742
52;GO;5220702;Sítio d'Abadia;2927
52;GO;5221007;Taquaral de Goiás;4026
52;GO;5221080;Teresina de Goiás;2701
52;GO;5221197;Terezópolis de Goiás;7944
52;GO;5221304;Três Ranchos;2921
52;GO;5221403;Trindade;142431
52;GO;5221452;Trombas;3120
52;GO;5221502;Turvânia;4480
52;GO;5221551;Turvelândia;4985
52;GO;5221577;Uirapuru;2798
52;GO;5221601;Uruaçu;42546
52;GO;5221700;Uruana;13729
52;GO;5221809;Urutaí;3553
52;GO;5221858;Valparaíso de Goiás;198861
52;GO;5221908;Varjão;3716
52;GO;5222005;Vianópolis;14956
52;GO;5222054;Vicentinópolis;8768
52;GO;5222203;Vila Boa;4215
52;GO;5222302;Vila Propício;5815
53;DF;5300108;Brasília;2817068
