code_muni;Rede geral - sem informação de canalização;Poço ou nascente - sem informação de canalização
110001 ALTA FLORESTA D'OESTE;24,4;69,28
110002 ARIQUEMES;35,25;63,32
110003 CABIXI;24;71,49
110004 CACOAL;76,1;22,06
110005 CEREJEIRAS;33,96;64,66
110006 COLORADO DO OESTE;60,7;34,84
110007 CORUMBIARA;12,99;80,41
110008 COSTA MARQUES;16,48;79,9
110009 ESPIGAO D'OESTE;27,47;66,76
110010 GUAJARA-MIRIM;44,74;48,6
110011 JARU;24,58;72,51
110012 JI-PARANA;46,4;51,42
110013 MACHADINHO D'OESTE;31,63;63,04
110014 NOVA BRASILANDIA D'OESTE;28,3;65,77
110015 OURO PRETO DO OESTE;46,41;51,39
110018 PIMENTA BUENO;70,53;26,68
110020 PORTO VELHO;37,61;55,31
110025 PRESIDENTE MEDICI;34,41;60,19
110026 RIO CRESPO;8,12;89,87
110028 ROLIM DE MOURA;49,79;47,61
110029 SANTA LUZIA D'OESTE;19,05;74,03
110030 VILHENA;94,44;3,71
110032 SAO MIGUEL DO GUAPORE;7,35;90,08
110033 NOVA MAMORE;6,66;88,25
110034 ALVORADA D'OESTE;44,06;50,61
110037 ALTO ALEGRE DOS PARECIS;6,95;86,63
110040 ALTO PARAISO;6,05;89,23
110045 BURITIS;0,34;89,78
110050 NOVO HORIZONTE DO OESTE;13,64;79,01
110060 CACAULANDIA;9,46;84,22
110070 CAMPO NOVO DE RONDONIA;21,97;69,78
110080 CANDEIAS DO JAMARI;55,13;40,77
110090 CASTANHEIRAS;25,63;69,58
110092 CHUPINGUAIA;62,6;22,56
110094 CUJUBIM;10,43;83,84
110100 GOVERNADOR JORGE TEIXEIRA;0,5;94,68
110110 ITAPUA DO OESTE;29,77;64,67
110120 MINISTRO ANDREAZZA;18,87;73,26
110130 MIRANTE DA SERRA;14,51;82,13
110140 MONTE NEGRO;28,5;69,83
110143 NOVA UNIAO;9,29;81,57
110145 PARECIS;26,85;60,4
110146 PIMENTEIRAS DO OESTE;46,86;50,71
110147 PRIMAVERA DE RONDONIA;50,97;45,32
110148 SAO FELIPE D'OESTE;21,44;70,66
110149 SAO FRANCISCO DO GUAPORE;0,02;96,26
110150 SERINGUEIRAS;9,53;88
110155 TEIXEIROPOLIS;9,83;85,22
110160 THEOBROMA;10,3;85,85
110170 URUPA;15,59;77,65
110175 VALE DO ANARI;14,29;79,86
110180 VALE DO PARAISO;5,14;91,57
120001 ACRELANDIA;29;64,87
120005 ASSIS BRASIL;49,71;31,97
120010 BRASILEIA;55,77;35,89
120013 BUJARI;40,13;41,76
120017 CAPIXABA;39,06;47,51
120020 CRUZEIRO DO SUL;51,36;27,78
120025 EPITACIOLANDIA;60,42;29,24
120030 FEIJO;13,5;56,03
120032 JORDAO;36,07;10,21
120033 MANCIO LIMA;53,96;26,3
120034 MANOEL URBANO;58,07;22,34
120035 MARECHAL THAUMATURGO;23,93;26,84
120038 PLACIDO DE CASTRO;34,5;56,96
120039 PORTO WALTER;38,48;5,88
120040 RIO BRANCO;52,98;41,12
120042 RODRIGUES ALVES;43,15;28,33
120043 SANTA ROSA DO PURUS;47,79;18,5
120045 SENADOR GUIOMARD;34,02;58,38
120050 SENA MADUREIRA;38,62;43,95
120060 TARAUACA;42,21;18,19
120070 XAPURI;51,43;35,32
120080 PORTO ACRE;24,48;59,98
130002 ALVARAES;47,72;1,21
130006 AMATURA;66,22;0,42
130008 ANAMA;52,95;5,52
130010 ANORI;65;1,86
130014 APUI;12,29;74,53
130020 ATALAIA DO NORTE;35,91;0,38
130030 AUTAZES;20,27;36,74
130040 BARCELOS;49,45;0,83
130050 BARREIRINHA;54,23;0,91
130060 BENJAMIN CONSTANT;52,1;1,38
130063 BERURI;52,91;1,7
130068 BOA VISTA DO RAMOS;56,17;2,63
130070 BOCA DO ACRE;55,64;13,75
130080 BORBA;51,2;3,46
130083 CAAPIRANGA;19,61;10,08
130090 CANUTAMA;47,38;26,4
130100 CARAUARI;63,61;1,01
130110 CAREIRO;36,42;20,69
130115 CAREIRO DA VARZEA;11,25;3,7
130120 COARI;26,76;5,54
130130 CODAJAS;59,47;4,24
130140 EIRUNEPE;44,8;7,48
130150 ENVIRA;23,85;20,97
130160 FONTE BOA;67,21;0,44
130165 GUAJARA;33,88;28,23
130170 HUMAITA;71,03;7,13
130180 IPIXUNA;39,18;2,34
130185 IRANDUBA;61,75;9,2
130190 ITACOATIARA;73,35;5,53
130195 ITAMARATI;36,56;15,54
130200 ITAPIRANGA;76,54;6,29
130210 JAPURA;47,04;1,03
130220 JURUA;45,62;2,35
130230 JUTAI;62,91;0,82
130240 LABREA;23,99;24,22
130250 MANACAPURU;55,57;14,75
130255 MANAQUIRI;35,15;5,93
130260 MANAUS;75,49;14,29
130270 MANICORE;35,6;26,15
130280 MARAA;48,8;0,93
130290 MAUES;51,96;1,9
130300 NHAMUNDA;45,75;1,77
130310 NOVA OLINDA DO NORTE;46,5;9,44
130320 NOVO AIRAO;54,54;10,91
130330 NOVO ARIPUANA;24,79;37,84
130340 PARINTINS;72,14;1,1
130350 PAUINI;44,18;5,38
130353 PRESIDENTE FIGUEIREDO;57,89;25,53
130356 RIO PRETO DA EVA;46,7;32,47
130360 SANTA ISABEL DO RIO NEGRO;44,24;1
130370 SANTO ANTONIO DO ICA;44,09;6,56
130380 SAO GABRIEL DA CACHOEIRA;31,19;12,24
130390 SAO PAULO DE OLIVENCA;37,52;0,99
130395 SAO SEBASTIAO DO UATUMA;67,2;1,13
130400 SILVES;48,85;5,3
130406 TABATINGA;40,78;32,77
130410 TAPAUA;45,22;2
130420 TEFE;74,27;4,87
130423 TONANTINS;13,02;19,36
130426 UARINI;60,08;0,87
130430 URUCARA;77,57;3,08
130440 URUCURITUBA;63,49;1,21
140002 AMAJARI;36,72;19,17
140005 ALTO ALEGRE;45,11;20,14
140010 BOA VISTA;96,03;3,13
140015 BONFIM;49,58;42,2
140017 CANTA;47,11;46,29
140020 CARACARAI;65,87;22,66
140023 CAROEBE;52,58;41,9
140028 IRACEMA;55,5;25,49
140030 MUCAJAI;66,9;27,48
140040 NORMANDIA;46,12;19,04
140045 PACARAIMA;75,22;4,35
140047 RORAINOPOLIS;34,29;53,63
140050 SAO JOAO DA BALIZA;67,13;28,32
140060 SAO LUIZ;67,76;27,1
140070 UIRAMUTA;43,98;3,32
150010 ABAETETUBA;26,66;42,19
150013 ABEL FIGUEIREDO;81,1;10,65
150020 ACARA;31,63;32,39
150030 AFUA;25,97;0,59
150034 AGUA AZUL DO NORTE;14,81;79,56
150040 ALENQUER;32,67;46,47
150050 ALMEIRIM;69,91;8,62
150060 ALTAMIRA;18,93;68,05
150070 ANAJAS;7,52;13,54
150080 ANANINDEUA;36,2;55,9
150085 ANAPU;7,37;77,89
150090 AUGUSTO CORREA;45,83;36,93
150095 AURORA DO PARA;56,7;26,97
150100 AVEIRO;29,51;37,6
150110 BAGRE;39,75;3,42
150120 BAIAO;62,94;17,21
150125 BANNACH;33,94;53,76
150130 BARCARENA;32,76;49,24
150140 BELEM;75,49;20,6
150145 BELTERRA;54,93;13,77
150150 BENEVIDES;69,64;24,37
150157 BOM JESUS DO TOCANTINS;48,57;39,86
150160 BONITO;64,03;24,68
150170 BRAGANCA;37,54;36,35
150172 BRASIL NOVO;51,42;29,6
150175 BREJO GRANDE DO ARAGUAIA;67,64;25,88
150178 BREU BRANCO;24,26;63,93
150180 BREVES;35,24;10,39
150190 BUJARU;39,57;33,8
150195 CACHOEIRA DO PIRIA;20,13;51,2
150200 CACHOEIRA DO ARARI;29,93;46,73
150210 CAMETA;50,14;12,19
150215 CANAA DOS CARAJAS;30,8;64,09
150220 CAPANEMA;23,14;67,31
150230 CAPITAO POCO;60,35;26,44
150240 CASTANHAL;45,17;47,74
150250 CHAVES;14,83;13,05
150260 COLARES;77,54;11,05
150270 CONCEICAO DO ARAGUAIA;42,56;51,1
150275 CONCORDIA DO PARA;13,37;69,12
150276 CUMARU DO NORTE;32,69;48,3
150277 CURIONOPOLIS;37,09;32,84
150280 CURRALINHO;21,66;12,18
150285 CURUA;70,88;7,55
150290 CURUCA;86,68;5,82
150293 DOM ELISEU;77,43;6,28
150295 ELDORADO DOS CARAJAS;24,47;66,69
150300 FARO;74,62;1,7
150304 FLORESTA DO ARAGUAIA;1,74;66,87
150307 GARRAFAO DO NORTE;25,84;54,66
150309 GOIANESIA DO PARA;9,04;76,38
150310 GURUPA;34,74;4,45
150320 IGARAPE-ACU;72,32;13,65
150330 IGARAPE-MIRI;16,04;31,65
150340 INHANGAPI;45,53;31,84
150345 IPIXUNA DO PARA;55,4;21,16
150350 IRITUIA;59,42;23,16
150360 ITAITUBA;13,32;72,1
150370 ITUPIRANGA;4,44;79,28
150375 JACAREACANGA;41,12;27,32
150380 JACUNDA;26,02;65,27
150390 JURUTI;56,65;11,55
150400 LIMOEIRO DO AJURU;23,32;1,41
150405 MAE DO RIO;20,01;70,16
150410 MAGALHAES BARATA;89,73;3,78
150420 MARABA;38,71;52,48
150430 MARACANA;63,58;16,68
150440 MARAPANIM;67,44;21,16
150442 MARITUBA;38,76;51,03
150445 MEDICILANDIA;25,19;51,1
150450 MELGACO;11,09;10,84
150460 MOCAJUBA;56,35;19,75
150470 MOJU;33,54;48,15
150480 MONTE ALEGRE;46,38;33,6
150490 MUANA;44,14;7,36
150495 NOVA ESPERANCA DO PIRIA;4,69;77,06
150497 NOVA IPIXUNA;4,5;83,09
150500 NOVA TIMBOTEUA;71,51;19,06
150503 NOVO PROGRESSO;33,42;59,09
150506 NOVO REPARTIMENTO;8,3;70,66
150510 OBIDOS;57,08;6,26
150520 OEIRAS DO PARA;44,45;23,5
150530 ORIXIMINA;50,64;3,99
150540 OUREM;41,95;45,55
150543 OURILANDIA DO NORTE;73,4;19,88
150548 PACAJA;2,32;77,57
150549 PALESTINA DO PARA;72,45;16,89
150550 PARAGOMINAS;54,7;38,53
150553 PARAUAPEBAS;73,08;20,5
150555 PAU D'ARCO;24,73;45,87
150560 PEIXE-BOI;60,39;29,92
150563 PICARRA;6,47;79,37
150565 PLACAS;6,11;70,36
150570 PONTA DE PEDRAS;50,33;16,99
150580 PORTEL;21,36;41,15
150590 PORTO DE MOZ;50,23;10,4
150600 PRAINHA;47,53;15,32
150610 PRIMAVERA;69,21;23,15
150611 QUATIPURU;32,77;45,89
150613 REDENCAO;22,73;67,52
150616 RIO MARIA;21,18;70,03
150618 RONDON DO PARA;76,23;8,21
150619 RUROPOLIS;30,15;49,72
150620 SALINOPOLIS;64,93;26,58
150630 SALVATERRA;79,47;16,73
150635 SANTA BARBARA DO PARA;67,89;24,98
150640 SANTA CRUZ DO ARARI;81,88;2,66
150650 SANTA IZABEL DO PARA;65,18;26,39
150655 SANTA LUZIA DO PARA;13,52;71,15
150658 SANTA MARIA DAS BARREIRAS;19,98;68,51
150660 SANTA MARIA DO PARA;76,16;13,58
150670 SANTANA DO ARAGUAIA;5,73;83,8
150680 SANTAREM;59,07;20,58
150690 SANTAREM NOVO;72,72;12,93
150700 SANTO ANTONIO DO TAUA;78,44;15,01
150710 SAO CAETANO DE ODIVELAS;70,82;19,41
150715 SAO DOMINGOS DO ARAGUAIA;65,2;28,85
150720 SAO DOMINGOS DO CAPIM;46,13;22,77
150730 SAO FELIX DO XINGU;6,32;82,69
150740 SAO FRANCISCO DO PARA;61,14;26,12
150745 SAO GERALDO DO ARAGUAIA;49,33;38,8
150746 SAO JOAO DA PONTA;79,41;10,15
150747 SAO JOAO DE PIRABAS;61,71;24,71
150750 SAO JOAO DO ARAGUAIA;36,79;43,52
150760 SAO MIGUEL DO GUAMA;35,66;38,49
150770 SAO SEBASTIAO DA BOA VISTA;28,77;7,82
150775 SAPUCAIA;74,7;17,25
150780 SENADOR JOSE PORFIRIO;47,73;27,68
150790 SOURE;75,82;13,98
150795 TAILANDIA;29,53;65,94
150796 TERRA ALTA;79,92;14,14
150797 TERRA SANTA;78,66;6,69
150800 TOME-ACU;60,87;26,86
150803 TRACUATEUA;25,96;47,96
150805 TRAIRAO;1,24;75,81
150808 TUCUMA;41,93;48,16
150810 TUCURUI;82,64;11,7
150812 ULIANOPOLIS;39,77;45,81
150815 URUARA;0,85;78,71
150820 VIGIA;43,28;47,13
150830 VISEU;34,76;42,98
150835 VITORIA DO XINGU;20,67;59,81
150840 XINGUARA;14,31;73,81
160005 SERRA DO NAVIO;67,71;26,88
160010 AMAPA;12,23;68,82
160015 PEDRA BRANCA DO AMAPARI;29,85;50,83
160020 CALCOENE;38,6;48,4
160021 CUTIAS;71,22;2,62
160023 FERREIRA GOMES;68,57;16,24
160025 ITAUBAL;58,23;10,23
160027 LARANJAL DO JARI;88,25;3,55
160030 MACAPA;54,17;40,9
160040 MAZAGAO;23,17;39,25
160050 OIAPOQUE;15,16;69,14
160053 PORTO GRANDE;19,19;65,32
160055 PRACUUBA;26,47;68,79
160060 SANTANA;68,92;23,98
160070 TARTARUGALZINHO;31,21;50,36
160080 VITORIA DO JARI;65,36;2,18
170025 ABREULANDIA;56,97;3,55
170030 AGUIARNOPOLIS;86,61;6,73
170035 ALIANCA DO TOCANTINS;60,44;38,28
170040 ALMAS;71,14;22,27
170070 ALVORADA;75,95;21,27
170100 ANANAS;84,36;11,06
170105 ANGICO;75,65;13,9
170110 APARECIDA DO RIO NEGRO;75,92;16,88
170130 ARAGOMINAS;46,19;33,23
170190 ARAGUACEMA;60,89;32,6
170200 ARAGUACU;59,49;40,16
170210 ARAGUAINA;93,13;4,63
170215 ARAGUANA;75,66;21,61
170220 ARAGUATINS;72,62;16,12
170230 ARAPOEMA;78,95;18,5
170240 ARRAIAS;67,46;12,88
170255 AUGUSTINOPOLIS;85,93;8,1
170270 AURORA DO TOCANTINS;72,58;16,74
170290 AXIXA DO TOCANTINS;91,23;6,73
170300 BABACULANDIA;50,12;31,06
170305 BANDEIRANTES DO TOCANTINS;65,25;18,47
170307 BARRA DO OURO;65,19;21,99
170310 BARROLANDIA;82,76;15,52
170320 BERNARDO SAYAO;64,14;32,59
170330 BOM JESUS DO TOCANTINS;66,86;26,29
170360 BRASILANDIA DO TOCANTINS;85,25;13,44
170370 BREJINHO DE NAZARE;62,06;27,6
170380 BURITI DO TOCANTINS;93,25;5,08
170382 CACHOEIRINHA;86,96;3,57
170384 CAMPOS LINDOS;61,11;28,43
170386 CARIRI DO TOCANTINS;56,89;40,78
170388 CARMOLANDIA;50,3;47,89
170389 CARRASCO BONITO;86,46;6,29
170390 CASEARA;52,5;42,95
170410 CENTENARIO;58,97;39,46
170460 CHAPADA DE AREIA;53,08;41,63
170510 CHAPADA DA NATIVIDADE;45,85;49,3
170550 COLINAS DO TOCANTINS;92,6;5,91
170555 COMBINADO;91,44;1,74
170560 CONCEICAO DO TOCANTINS;67,7;23,92
170600 COUTO MAGALHAES;49,75;40,46
170610 CRISTALANDIA;78,72;20,04
170625 CRIXAS DO TOCANTINS;49,18;49,8
170650 DARCINOPOLIS;70,24;14,88
170700 DIANOPOLIS;86,34;7,61
170710 DIVINOPOLIS DO TOCANTINS;66,31;32,61
170720 DOIS IRMAOS DO TOCANTINS;40,04;43,65
170730 DUERE;60,58;37,76
170740 ESPERANTINA;73,8;21,09
170755 FATIMA;69,86;29,17
170765 FIGUEIROPOLIS;59,23;40,08
170770 FILADELFIA;62,27;23,84
170820 FORMOSO DO ARAGUAIA;57,71;40,06
170825 FORTALEZA DO TABOCAO;82,41;10,76
170830 GOIANORTE;38,86;54,46
170900 GOIATINS;63,08;19,7
170930 GUARAI;88,33;7,07
170950 GURUPI;84,47;14,71
170980 IPUEIRAS;69,69;27,03
171050 ITACAJA;73,09;16,86
171070 ITAGUATINS;70,62;17,65
171090 ITAPIRATINS;35,95;45,03
171110 ITAPORA DO TOCANTINS;58,98;38,07
171150 JAU DO TOCANTINS;51,27;42,42
171180 JUARINA;46,31;46,46
171190 LAGOA DA CONFUSAO;49,3;40,14
171195 LAGOA DO TOCANTINS;73,53;20,91
171200 LAJEADO;68,16;23,72
171215 LAVANDEIRA;60,61;15,31
171240 LIZARDA;59,57;20,12
171245 LUZINOPOLIS;78,54;5,09
171250 MARIANOPOLIS DO TOCANTINS;63,18;35,4
171270 MATEIROS;64,39;19,24
171280 MAURILANDIA DO TOCANTINS;62,71;26
171320 MIRACEMA DO TOCANTINS;84,8;11,3
171330 MIRANORTE;85,91;11,19
171360 MONTE DO CARMO;43,02;45,62
171370 MONTE SANTO DO TOCANTINS;47,96;43
171380 PALMEIRAS DO TOCANTINS;57,06;27,03
171395 MURICILANDIA;57,6;30,97
171420 NATIVIDADE;76,7;12,17
171430 NAZARE;89,62;3,03
171488 NOVA OLINDA;69,55;25,5
171500 NOVA ROSALANDIA;60,76;38,02
171510 NOVO ACORDO;80;13,58
171515 NOVO ALEGRE;79,54;5,08
171525 NOVO JARDIM;81,04;7,34
171550 OLIVEIRA DE FATIMA;69,59;29,15
171570 PALMEIRANTE;37,32;40,27
171575 PALMEIROPOLIS;76,21;17,32
171610 PARAISO DO TOCANTINS;86,87;12,57
171620 PARANA;47,22;19,69
171630 PAU D'ARCO;61,62;30,73
171650 PEDRO AFONSO;88,91;8,07
171660 PEIXE;59,14;36,61
171665 PEQUIZEIRO;47,89;41,55
171670 COLMEIA;67,3;26,65
171700 PINDORAMA DO TOCANTINS;66,01;28,68
171720 PIRAQUE;34,18;54,35
171750 PIUM;56,16;36,88
171780 PONTE ALTA DO BOM JESUS;53,87;8,42
171790 PONTE ALTA DO TOCANTINS;62,72;26,78
171800 PORTO ALEGRE DO TOCANTINS;69,47;16,28
171820 PORTO NACIONAL;82,46;11,76
171830 PRAIA NORTE;89,59;6,59
171840 PRESIDENTE KENNEDY;73,51;18,22
171845 PUGMIL;70,93;27,68
171850 RECURSOLANDIA;54,37;16,39
171855 RIACHINHO;63,04;28,26
171865 RIO DA CONCEICAO;83,66;4,42
171870 RIO DOS BOIS;57,69;24,65
171875 RIO SONO;51,07;36,96
171880 SAMPAIO;91,78;3,81
171884 SANDOLANDIA;35,89;39,8
171886 SANTA FE DO ARAGUAIA;73,82;20,03
171888 SANTA MARIA DO TOCANTINS;57,84;26,47
171889 SANTA RITA DO TOCANTINS;34,68;55,56
171890 SANTA ROSA DO TOCANTINS;36,22;53,17
171900 SANTA TEREZA DO TOCANTINS;70,95;23
172000 SANTA TEREZINHA DO TOCANTINS;81,26;6
172010 SAO BENTO DO TOCANTINS;63,89;20,67
172015 SAO FELIX DO TOCANTINS;72,17;10,14
172020 SAO MIGUEL DO TOCANTINS;62,72;26,91
172025 SAO SALVADOR DO TOCANTINS;67,8;24,21
172030 SAO SEBASTIAO DO TOCANTINS;78,22;4,45
172049 SAO VALERIO;57,32;36,58
172065 SILVANOPOLIS;56,98;39,07
172080 SITIO NOVO DO TOCANTINS;76,61;19,62
172085 SUCUPIRA;44,83;52,81
172090 TAGUATINGA;73,55;6,5
172093 TAIPAS DO TOCANTINS;75,8;5,1
172097 TALISMA;53,75;45,75
172100 PALMAS;95,52;3,65
172110 TOCANTINIA;57,74;24,2
172120 TOCANTINOPOLIS;91;2,82
172125 TUPIRAMA;57,11;26,78
172130 TUPIRATINS;50;47,21
172208 WANDERLANDIA;71,58;20,8
172210 XAMBIOA;75,64;19,21
210005 ACAILANDIA;84,4;5,17
210010 AFONSO CUNHA;50,42;17,34
210015 AGUA DOCE DO MARANHAO;72,51;14,22
210020 ALCANTARA;57,54;16,08
210030 ALDEIAS ALTAS;37,68;39,58
210040 ALTAMIRA DO MARANHAO;68,5;19,73
210043 ALTO ALEGRE DO MARANHAO;74,94;9,42
210047 ALTO ALEGRE DO PINDARE;82,08;10,9
210050 ALTO PARNAIBA;64,61;20,98
210055 AMAPA DO MARANHAO;50,57;35,46
210060 AMARANTE DO MARANHAO;62,83;20,29
210070 ANAJATUBA;60,88;16,36
210080 ANAPURUS;73,72;19,57
210083 APICUM-ACU;73,3;13,13
210087 ARAGUANA;39,53;42,85
210090 ARAIOSES;34,41;28,19
210095 ARAME;54,26;22,07
210100 ARARI;65,17;8,46
210110 AXIXA;64,79;8,29
210120 BACABAL;85,61;5,21
210125 BACABEIRA;66,83;2,65
210130 BACURI;61,66;9,43
210135 BACURITUBA;55,62;21,55
210140 BALSAS;69,16;23,85
210150 BARAO DE GRAJAU;76,41;5,01
210160 BARRA DO CORDA;69,26;4,22
210170 BARREIRINHAS;33,74;47,61
210173 BELAGUA;39,76;19,13
210177 BELA VISTA DO MARANHAO;87,64;6,58
210180 BENEDITO LEITE;73,78;7,4
210190 BEQUIMAO;30,21;48,41
210193 BERNARDO DO MEARIM;55,35;29,48
210197 BOA VISTA DO GURUPI;33,13;60,37
210200 BOM JARDIM;65,51;12,98
210203 BOM JESUS DAS SELVAS;57,3;11,43
210207 BOM LUGAR;49,83;40,45
210210 BREJO;43,62;21,86
210215 BREJO DE AREIA;31,63;24,73
210220 BURITI;30,02;39,1
210230 BURITI BRAVO;67,91;12,23
210232 BURITICUPU;61,8;7,97
210235 BURITIRANA;80,58;13,59
210237 CACHOEIRA GRANDE;14,63;35,37
210240 CAJAPIO;48,07;19,85
210250 CAJARI;21,56;35,05
210255 CAMPESTRE DO MARANHAO;91,47;5,46
210260 CANDIDO MENDES;39,39;40,01
210270 CANTANHEDE;57,1;17,36
210275 CAPINZAL DO NORTE;75,31;13,99
210280 CAROLINA;70,82;12,08
210290 CARUTAPERA;42,25;37,81
210300 CAXIAS;75,2;9,8
210310 CEDRAL;89,18;2,27
210312 CENTRAL DO MARANHAO;63,16;15,77
210315 CENTRO DO GUILHERME;47,4;29,62
210317 CENTRO NOVO DO MARANHAO;23,64;55,35
210320 CHAPADINHA;43,9;27,44
210325 CIDELANDIA;78,66;13,77
210330 CODO;77,6;9,61
210340 COELHO NETO;82,17;11,78
210350 COLINAS;59,03;13,75
210355 CONCEICAO DO LAGO-ACU;49,78;7,97
210360 COROATA;80,11;11,26
210370 CURURUPU;62,85;18,45
210375 DAVINOPOLIS;85,47;12,3
210380 DOM PEDRO;87,7;6,51
210390 DUQUE BACELAR;48,87;27,75
210400 ESPERANTINOPOLIS;75,17;10,13
210405 ESTREITO;83,1;11,98
210407 FEIRA NOVA DO MARANHAO;39,2;49,92
210408 FERNANDO FALCAO;43,01;15,68
210409 FORMOSA DA SERRA NEGRA;40,08;34,38
210410 FORTALEZA DOS NOGUEIRAS;53,61;34,11
210420 FORTUNA;70,91;4,46
210430 GODOFREDO VIANA;53,9;17,48
210440 GONCALVES DIAS;78,96;6,1
210450 GOVERNADOR ARCHER;84,4;4,85
210455 GOVERNADOR EDISON LOBAO;77,08;16,75
210460 GOVERNADOR EUGENIO BARROS;87,94;3,25
210462 GOVERNADOR LUIZ ROCHA;92,28;2,11
210465 GOVERNADOR NEWTON BELLO;53,9;29,05
210467 GOVERNADOR NUNES FREIRE;47,81;42,56
210470 GRACA ARANHA;91,17;4,89
210480 GRAJAU;72,07;9,33
210490 GUIMARAES;78,41;6,4
210500 HUMBERTO DE CAMPOS;40,99;34,94
210510 ICATU;41,38;12,98
210515 IGARAPE DO MEIO;87,9;4,64
210520 IGARAPE GRANDE;59,54;28,83
210530 IMPERATRIZ;90,68;5,9
210535 ITAIPAVA DO GRAJAU;76,68;6,13
210540 ITAPECURU MIRIM;60,95;15,95
210542 ITINGA DO MARANHAO;84,37;9,59
210545 JATOBA;92,66;1,78
210547 JENIPAPO DOS VIEIRAS;67,04;8,36
210550 JOAO LISBOA;84,84;9,46
210560 JOSELANDIA;85,31;2,73
210565 JUNCO DO MARANHAO;67,14;26,98
210570 LAGO DA PEDRA;20,14;60,45
210580 LAGO DO JUNCO;46,55;41,19
210590 LAGO VERDE;51,76;23,29
210592 LAGOA DO MATO;74,96;6,97
210594 LAGO DOS RODRIGUES;65,31;29,26
210596 LAGOA GRANDE DO MARANHAO;61,02;15,31
210598 LAJEADO NOVO;63,13;19,01
210600 LIMA CAMPOS;77,01;11,45
210610 LORETO;58,61;11,99
210620 LUIS DOMINGUES;56,14;24,45
210630 MAGALHAES DE ALMEIDA;80,86;6,8
210632 MARACACUME;31,61;54,32
210635 MARAJA DO SENA;10,01;48,66
210637 MARANHAOZINHO;50,79;37,64
210640 MATA ROMA;66,55;14,96
210650 MATINHA;40,57;40,05
210660 MATOES;64,54;20,56
210663 MATOES DO NORTE;38,75;19,14
210667 MILAGRES DO MARANHAO;38,63;37,69
210670 MIRADOR;43,37;12,78
210675 MIRANDA DO NORTE;74,9;6,45
210680 MIRINZAL;60,21;26,4
210690 MONCAO;67,22;13,9
210700 MONTES ALTOS;60,26;27,09
210710 MORROS;33,75;22,67
210720 NINA RODRIGUES;50,08;15,16
210725 NOVA COLINAS;53,28;21,8
210730 NOVA IORQUE;56,17;7,62
210735 NOVA OLINDA DO MARANHAO;36,09;52,18
210740 OLHO D'AGUA DAS CUNHAS;43,39;39,27
210745 OLINDA NOVA DO MARANHAO;52,68;32,46
210750 PACO DO LUMIAR;64,34;9,35
210760 PALMEIRANDIA;63,01;23,75
210770 PARAIBANO;68,15;5,79
210780 PARNARAMA;67,84;17,77
210790 PASSAGEM FRANCA;80,74;2,8
210800 PASTOS BONS;79,8;9,45
210805 PAULINO NEVES;15,62;63,4
210810 PAULO RAMOS;28,87;51,98
210820 PEDREIRAS;82,05;7,43
210825 PEDRO DO ROSARIO;8,96;69,03
210830 PENALVA;45,96;27,93
210840 PERI MIRIM;33,35;44,72
210845 PERITORO;48,72;24,93
210850 PINDARE-MIRIM;83,84;2,51
210860 PINHEIRO;39,95;41,16
210870 PIO XII;75,24;9,55
210880 PIRAPEMAS;54,67;20,89
210890 POCAO DE PEDRAS;45,58;34,85
210900 PORTO FRANCO;80,53;11,05
210905 PORTO RICO DO MARANHAO;91,15;2,05
210910 PRESIDENTE DUTRA;82,68;4,58
210920 PRESIDENTE JUSCELINO;30,53;13,54
210923 PRESIDENTE MEDICI;76,71;16,77
210927 PRESIDENTE SARNEY;26,79;58,94
210930 PRESIDENTE VARGAS;31,34;19,91
210940 PRIMEIRA CRUZ;16,57;55,08
210945 RAPOSA;78,5;6,78
210950 RIACHAO;58,14;23,69
210955 RIBAMAR FIQUENE;55,96;34,02
210960 ROSARIO;60,51;19,3
210970 SAMBAIBA;40,18;28,34
210975 SANTA FILOMENA DO MARANHAO;88,93;6,51
210980 SANTA HELENA;9,56;62,03
210990 SANTA INES;94,74;2
211000 SANTA LUZIA;65,74;12,46
211003 SANTA LUZIA DO PARUA;64,39;30,34
211010 SANTA QUITERIA DO MARANHAO;48,02;26,42
211020 SANTA RITA;60,89;16,68
211023 SANTANA DO MARANHAO;83,69;5,02
211027 SANTO AMARO DO MARANHAO;6,43;74,09
211030 SANTO ANTONIO DOS LOPES;65,01;15,81
211040 SAO BENEDITO DO RIO PRETO;39,58;37,28
211050 SAO BENTO;56,6;24,48
211060 SAO BERNARDO;46,56;7,51
211065 SAO DOMINGOS DO AZEITAO;55,75;31,8
211070 SAO DOMINGOS DO MARANHAO;86,95;4,51
211080 SAO FELIX DE BALSAS;7,34;17,24
211085 SAO FRANCISCO DO BREJAO;64,59;18,68
211090 SAO FRANCISCO DO MARANHAO;37,88;20,17
211100 SAO JOAO BATISTA;39,3;26,45
211102 SAO JOAO DO CARU;55,19;26,68
211105 SAO JOAO DO PARAISO;61,48;19,62
211107 SAO JOAO DO SOTER;72,18;10,59
211110 SAO JOAO DOS PATOS;90,65;2,5
211120 SAO JOSE DE RIBAMAR;65,1;9,51
211125 SAO JOSE DOS BASILIOS;88,87;1,23
211130 SAO LUIS;76,36;6,83
211140 SAO LUIS GONZAGA DO MARANHAO;59,22;21,5
211150 SAO MATEUS DO MARANHAO;49,06;33,15
211153 SAO PEDRO DA AGUA BRANCA;81,27;10,62
211157 SAO PEDRO DOS CRENTES;59,82;24,43
211160 SAO RAIMUNDO DAS MANGABEIRAS;69,92;7,05
211163 SAO RAIMUNDO DO DOCA BEZERRA;64,04;13,9
211167 SAO ROBERTO;61,55;9,57
211170 SAO VICENTE FERRER;23,95;44,68
211172 SATUBINHA;77,53;13,9
211174 SENADOR ALEXANDRE COSTA;48,04;21,58
211176 SENADOR LA ROCQUE;86,43;8,51
211178 SERRANO DO MARANHAO;58,52;18,38
211180 SITIO NOVO;48,69;33,06
211190 SUCUPIRA DO NORTE;67,81;9,22
211195 SUCUPIRA DO RIACHAO;84,74;6,93
211200 TASSO FRAGOSO;70,82;16,32
211210 TIMBIRAS;50,83;27,09
211220 TIMON;86,79;3,19
211223 TRIZIDELA DO VALE;82,63;9,39
211227 TUFILANDIA;92,13;3,79
211230 TUNTUM;82,33;5,49
211240 TURIACU;20,03;29,76
211245 TURILANDIA;28,9;53,47
211250 TUTOIA;36,33;40,03
211260 URBANO SANTOS;45,56;29,01
211270 VARGEM GRANDE;41,32;21,71
211280 VIANA;36,25;40,06
211285 VILA NOVA DOS MARTIRIOS;65,2;23,17
211290 VITORIA DO MEARIM;81,32;5,19
211300 VITORINO FREIRE;44,62;38,5
211400 ZE DOCA;54,96;34,32
220005 ACAUA;15,88;9,7
220010 AGRICOLANDIA;94;3,2
220020 AGUA BRANCA;86,77;6,03
220025 ALAGOINHA DO PIAUI;45,23;2,42
220027 ALEGRETE DO PIAUI;89,45;0,54
220030 ALTO LONGA;61,25;28,99
220040 ALTOS;62,32;22,01
220045 ALVORADA DO GURGUEIA;78,5;9,67
220050 AMARANTE;69,94;3,76
220060 ANGICAL DO PIAUI;94,32;1,69
220070 ANISIO DE ABREU;57,51;0,39
220080 ANTONIO ALMEIDA;71,74;19,15
220090 AROAZES;58,76;19,38
220095 AROEIRAS DO ITAIM;49,78;5,98
220100 ARRAIAL;52,16;23,52
220105 ASSUNCAO DO PIAUI;74,84;4,5
220110 AVELINO LOPES;60,15;9,94
220115 BAIXA GRANDE DO RIBEIRO;71,27;17,9
220117 BARRA D'ALCANTARA;92,61;2,55
220120 BARRAS;52,99;27,91
220130 BARREIRAS DO PIAUI;81,16;9,55
220140 BARRO DURO;80,39;1,85
220150 BATALHA;70,83;14,01
220155 BELA VISTA DO PIAUI;90,49;0,96
220157 BELEM DO PIAUI;50,27;4,07
220160 BENEDITINOS;61,63;25,33
220170 BERTOLINIA;72,36;13,51
220173 BETANIA DO PIAUI;0;6,33
220177 BOA HORA;54,34;31,25
220180 BOCAINA;93,64;2,17
220190 BOM JESUS;87,68;5,13
220191 BOM PRINCIPIO DO PIAUI;64,9;19
220192 BONFIM DO PIAUI;17,06;0,72
220194 BOQUEIRAO DO PIAUI;77,98;10,11
220196 BRASILEIRA;68,99;13,6
220198 BREJO DO PIAUI;42,71;16,49
220200 BURITI DOS LOPES;66,86;11,62
220202 BURITI DOS MONTES;70,28;13,38
220205 CABECEIRAS DO PIAUI;45,99;37,89
220207 CAJAZEIRAS DO PIAUI;70,43;15,16
220208 CAJUEIRO DA PRAIA;12,64;49,59
220209 CALDEIRAO GRANDE DO PIAUI;3,5;3,5
220210 CAMPINAS DO PIAUI;45,22;6,15
220211 CAMPO ALEGRE DO FIDALGO;26,87;7,79
220213 CAMPO GRANDE DO PIAUI;38,18;5,35
220217 CAMPO LARGO DO PIAUI;53,27;20,43
220220 CAMPO MAIOR;79,87;11,98
220225 CANAVIEIRA;65,75;12,95
220230 CANTO DO BURITI;55,87;11,08
220240 CAPITAO DE CAMPOS;61,52;14,63
220245 CAPITAO GERVASIO OLIVEIRA;34;13,02
220250 CARACOL;37,14;2,27
220253 CARAUBAS DO PIAUI;43,98;22,51
220255 CARIDADE DO PIAUI;47,61;1,32
220260 CASTELO DO PIAUI;65,52;18,22
220265 CAXINGO;38,2;17,76
220270 COCAL;31,87;26,47
220271 COCAL DE TELHA;73,34;14,31
220272 COCAL DOS ALVES;40,45;36,91
220273 COIVARAS;49,75;39,8
220275 COLONIA DO GURGUEIA;93,5;1,89
220277 COLONIA DO PIAUI;86,59;6,88
220280 CONCEICAO DO CANINDE;54,07;9,47
220285 CORONEL JOSE DIAS;32,93;1,21
220290 CORRENTE;62,79;15,46
220300 CRISTALANDIA DO PIAUI;43,17;37,41
220310 CRISTINO CASTRO;81,87;7,54
220320 CURIMATA;68,97;15,3
220323 CURRAIS;60,65;17,51
220325 CURRALINHOS;82,85;12,98
220327 CURRAL NOVO DO PIAUI;37,55;2,21
220330 DEMERVAL LOBAO;79,85;10,39
220335 DIRCEU ARCOVERDE;33,76;5,41
220340 DOM EXPEDITO LOPES;88,61;3,69
220342 DOMINGOS MOURAO;51,41;17,68
220345 DOM INOCENCIO;12,48;9,03
220350 ELESBAO VELOSO;75,44;16,44
220360 ELISEU MARTINS;84,55;6,41
220370 ESPERANTINA;68,47;13,87
220375 FARTURA DO PIAUI;26,67;1,44
220380 FLORES DO PIAUI;69,92;3
220385 FLORESTA DO PIAUI;66,58;7,28
220390 FLORIANO;85,33;6,97
220400 FRANCINOPOLIS;86,29;3,85
220410 FRANCISCO AYRES;77,63;5,14
220415 FRANCISCO MACEDO;39,44;2,42
220420 FRANCISCO SANTOS;50,02;12,98
220430 FRONTEIRAS;64,92;6,12
220435 GEMINIANO;53,01;7,74
220440 GILBUES;39,28;42,26
220450 GUADALUPE;89,46;4,56
220455 GUARIBAS;54,57;0,19
220460 HUGO NAPOLEAO;80,82;1,39
220465 ILHA GRANDE;83,41;3,45
220470 INHUMA;78,35;5,14
220480 IPIRANGA DO PIAUI;82,96;3,36
220490 ISAIAS COELHO;33,2;7,79
220500 ITAINOPOLIS;51,67;6,31
220510 ITAUEIRA;58,91;26,02
220515 JACOBINA DO PIAUI;37,24;8,34
220520 JAICOS;54,31;5,99
220525 JARDIM DO MULATO;85,98;10,62
220527 JATOBA DO PIAUI;50,73;33,18
220530 JERUMENHA;76,48;20,03
220535 JOAO COSTA;24,66;9,94
220540 JOAQUIM PIRES;67,82;15,47
220545 JOCA MARQUES;52,53;17,14
220550 JOSE DE FREITAS;58,63;22,91
220551 JUAZEIRO DO PIAUI;65,47;10,26
220552 JULIO BORGES;37,09;12,95
220553 JUREMA;55,4;3,57
220554 LAGOINHA DO PIAUI;97,55;1,94
220555 LAGOA ALEGRE;38,87;38,56
220556 LAGOA DO BARRO DO PIAUI;23,47;1,03
220557 LAGOA DE SAO FRANCISCO;40,16;2,65
220558 LAGOA DO PIAUI;46,23;24,2
220559 LAGOA DO SITIO;77,82;10,06
220560 LANDRI SALES;85,08;8,63
220570 LUIS CORREIA;38,64;25,58
220580 LUZILANDIA;63,59;5,75
220585 MADEIRO;71,92;6,95
220590 MANOEL EMIDIO;76,67;6,77
220595 MARCOLANDIA;0,18;0,32
220600 MARCOS PARENTE;88,16;8,43
220605 MASSAPE DO PIAUI;4,28;27,86
220610 MATIAS OLIMPIO;61,38;6,51
220620 MIGUEL ALVES;36,62;38,09
220630 MIGUEL LEAO;68,09;15,81
220635 MILTON BRANDAO;56,13;13,79
220640 MONSENHOR GIL;80,48;7,32
220650 MONSENHOR HIPOLITO;58,5;2,57
220660 MONTE ALEGRE DO PIAUI;65,83;23,1
220665 MORRO CABECA NO TEMPO;45,52;19,76
220667 MORRO DO CHAPEU DO PIAUI;69,73;16,36
220669 MURICI DOS PORTELAS;36,17;22,15
220670 NAZARE DO PIAUI;55;14,44
220672 NAZARIA;56,93;24,16
220675 NOSSA SENHORA DE NAZARE;42,97;40,13
220680 NOSSA SENHORA DOS REMEDIOS;48,5;21,8
220690 NOVO ORIENTE DO PIAUI;71,42;5,17
220695 NOVO SANTO ANTONIO;49,29;16,1
220700 OEIRAS;66,92;8,91
220710 OLHO D'AGUA DO PIAUI;88,23;5,42
220720 PADRE MARCOS;54,16;4,63
220730 PAES LANDIM;56,81;10,38
220735 PAJEU DO PIAUI;57,24;8,55
220740 PALMEIRA DO PIAUI;63,05;25,27
220750 PALMEIRAIS;72,92;10,33
220755 PAQUETA;61,13;3,42
220760 PARNAGUA;38,86;32,58
220770 PARNAIBA;89,19;4,62
220775 PASSAGEM FRANCA DO PIAUI;50,72;25,9
220777 PATOS DO PIAUI;59,31;4,33
220779 PAU D'ARCO DO PIAUI;23,47;53,73
220780 PAULISTANA;56,92;4,74
220785 PAVUSSU;51,04;14,37
220790 PEDRO II;66,93;7,4
220793 PEDRO LAURENTINO;84,89;3,21
220795 NOVA SANTA RITA;43,57;8,98
220800 PICOS;86,51;2,88
220810 PIMENTEIRAS;61,65;12,19
220820 PIO IX;34,92;10,38
220830 PIRACURUCA;68,56;10,55
220840 PIRIPIRI;77,98;6,1
220850 PORTO;60,96;8,73
220855 PORTO ALEGRE DO PIAUI;77,79;13,26
220860 PRATA DO PIAUI;76,55;7,67
220865 QUEIMADA NOVA;4,84;10,68
220870 REDENCAO DO GURGUEIA;80,91;6,84
220880 REGENERACAO;57,91;3,3
220885 RIACHO FRIO;52,27;24,26
220887 RIBEIRA DO PIAUI;72,57;13,1
220890 RIBEIRO GONCALVES;65,04;12,73
220900 RIO GRANDE DO PIAUI;63,3;3,6
220910 SANTA CRUZ DO PIAUI;71,67;20
220915 SANTA CRUZ DOS MILAGRES;68,06;25,17
220920 SANTA FILOMENA;41,14;11,9
220930 SANTA LUZ;64,77;8,89
220935 SANTANA DO PIAUI;95,49;0,28
220937 SANTA ROSA DO PIAUI;72,93;3,29
220940 SANTO ANTONIO DE LISBOA;82,6;1,75
220945 SANTO ANTONIO DOS MILAGRES;36,35;2,07
220950 SANTO INACIO DO PIAUI;86,59;4,88
220955 SAO BRAZ DO PIAUI;6,18;0,81
220960 SAO FELIX DO PIAUI;69,84;22,2
220965 SAO FRANCISCO DE ASSIS DO PIAUI;22,25;2,41
220970 SAO FRANCISCO DO PIAUI;52,24;14,08
220975 SAO GONCALO DO GURGUEIA;58,81;19,97
220980 SAO GONCALO DO PIAUI;94,47;2,39
220985 SAO JOAO DA CANABRAVA;84,3;1,38
220987 SAO JOAO DA FRONTEIRA;58,77;22,96
220990 SAO JOAO DA SERRA;55,29;18,66
220995 SAO JOAO DA VARJOTA;36,1;7,21
220997 SAO JOAO DO ARRAIAL;87,11;4,52
221000 SAO JOAO DO PIAUI;77,84;5,67
221005 SAO JOSE DO DIVINO;72,22;4,4
221010 SAO JOSE DO PEIXE;75,05;18,83
221020 SAO JOSE DO PIAUI;88,13;2,07
221030 SAO JULIAO;68,65;2,48
221035 SAO LOURENCO DO PIAUI;25,75;0,54
221037 SAO LUIS DO PIAUI;95,29;0
221038 SAO MIGUEL DA BAIXA GRANDE;69,77;19,29
221039 SAO MIGUEL DO FIDALGO;64,87;11,75
221040 SAO MIGUEL DO TAPUIO;65,98;19,48
221050 SAO PEDRO DO PIAUI;67,76;10,3
221060 SAO RAIMUNDO NONATO;66,46;1,29
221062 SEBASTIAO BARROS;33,75;32,51
221063 SEBASTIAO LEAL;66,76;19,27
221065 SIGEFREDO PACHECO;61,69;27,81
221070 SIMOES;45,48;1,53
221080 SIMPLICIO MENDES;73,64;12,42
221090 SOCORRO DO PIAUI;58,59;8,36
221093 SUSSUAPARA;95,47;2,26
221095 TAMBORIL DO PIAUI;53,75;11,46
221097 TANQUE DO PIAUI;91;1,5
221100 TERESINA;93,36;3,01
221110 UNIAO;52,74;30,33
221120 URUCUI;78,45;12,17
221130 VALENCA DO PIAUI;89,28;5,87
221135 VARZEA BRANCA;25,8;1,41
221140 VARZEA GRANDE;85,36;10,58
221150 VERA MENDES;66,2;1,73
221160 VILA NOVA DO PIAUI;11,34;10,05
221170 WALL FERRAZ;31,33;3,74
230010 ABAIARA;60,45;13,18
230015 ACARAPE;76,48;0,48
230020 ACARAU;62,83;23,33
230030 ACOPIARA;56,93;5,55
230040 AIUABA;53;2,84
230050 ALCANTARAS;40,81;21,77
230060 ALTANEIRA;90,86;4,69
230070 ALTO SANTO;64,37;3,07
230075 AMONTADA;38,16;38,92
230080 ANTONINA DO NORTE;78,07;1,55
230090 APUIARES;81;2,42
230100 AQUIRAZ;19,69;58,24
230110 ARACATI;72,52;9,49
230120 ARACOIABA;62,09;3,87
230125 ARARENDA;78,09;4,69
230130 ARARIPE;63,86;4,56
230140 ARATUBA;67,32;14,74
230150 ARNEIROZ;56,69;3,05
230160 ASSARE;61,99;17,52
230170 AURORA;46,36;22,88
230180 BAIXIO;66;17,46
230185 BANABUIU;65,55;0,55
230190 BARBALHA;78,61;5,31
230195 BARREIRA;65,17;4,84
230200 BARRO;67,05;17,63
230205 BARROQUINHA;66,68;19,58
230210 BATURITE;70,3;5,29
230220 BEBERIBE;17,75;58,02
230230 BELA CRUZ;38,49;43,9
230240 BOA VIAGEM;73,94;1,9
230250 BREJO SANTO;77,1;7,86
230260 CAMOCIM;79,1;14,52
230270 CAMPOS SALES;68,63;3,23
230280 CANINDE;69,74;4,13
230290 CAPISTRANO;51,91;3,25
230300 CARIDADE;77,22;3,82
230310 CARIRE;73,19;8,23
230320 CARIRIACU;68,06;17,82
230330 CARIUS;45,77;16,48
230340 CARNAUBAL;72,18;2,98
230350 CASCAVEL;45,44;33,96
230360 CATARINA;57,13;1,55
230365 CATUNDA;59,81;16,02
230370 CAUCAIA;81,64;10,04
230380 CEDRO;69,58;12,13
230390 CHAVAL;67,45;6,09
230393 CHORO;31,56;7,36
230395 CHOROZINHO;51,55;7,75
230400 COREAU;66,54;4,67
230410 CRATEUS;72,09;5,52
230420 CRATO;85,18;4,92
230423 CROATA;94,6;2,71
230425 CRUZ;60,92;29,29
230426 DEPUTADO IRAPUAN PINHEIRO;76,18;4,02
230427 ERERE;68,59;10,72
230428 EUSEBIO;58,08;29,26
230430 FARIAS BRITO;62,71;16,2
230435 FORQUILHA;91,07;1,12
230440 FORTALEZA;93,31;5,44
230445 FORTIM;62,67;22,17
230450 FRECHEIRINHA;63,91;6,37
230460 GENERAL SAMPAIO;74,31;0,71
230465 GRACA;54,54;11,33
230470 GRANJA;53,79;16,94
230480 GRANJEIRO;69;17,42
230490 GROAIRAS;85,31;1,5
230495 GUAIUBA;84,46;2,66
230500 GUARACIABA DO NORTE;70,57;16,5
230510 GUARAMIRANGA;47,69;33,55
230520 HIDROLANDIA;66,55;8,79
230523 HORIZONTE;65,25;28,73
230526 IBARETAMA;17,31;8,19
230530 IBIAPINA;63,59;20,79
230533 IBICUITINGA;75,07;0,47
230535 ICAPUI;82,09;5,55
230540 ICO;73,54;4,95
230550 IGUATU;85,47;3,23
230560 INDEPENDENCIA;53,29;13,51
230565 IPAPORANGA;79,97;6,82
230570 IPAUMIRIM;66,86;10,89
230580 IPU;73,05;9,01
230590 IPUEIRAS;83,28;5,87
230600 IRACEMA;82,1;1,78
230610 IRAUCUBA;71,08;5,06
230620 ITAICABA;61,62;26,56
230625 ITAITINGA;90,91;5,32
230630 ITAPAGE;70,4;9,42
230640 ITAPIPOCA;59,03;19,49
230650 ITAPIUNA;56,66;4,6
230655 ITAREMA;39,39;43,64
230660 ITATIRA;50,37;3,55
230670 JAGUARETAMA;61,7;0,43
230680 JAGUARIBARA;87,38;0,6
230690 JAGUARIBE;81,65;2,16
230700 JAGUARUANA;74,01;10,46
230710 JARDIM;43,7;5,8
230720 JATI;70,06;10,64
230725 JIJOCA DE JERICOACOARA;61,52;32,19
230730 JUAZEIRO DO NORTE;92,59;2,77
230740 JUCAS;72,74;4,47
230750 LAVRAS DA MANGABEIRA;60,23;10,51
230760 LIMOEIRO DO NORTE;86,98;8,83
230763 MADALENA;66,25;2,4
230765 MARACANAU;96,97;1,42
230770 MARANGUAPE;82,9;3,34
230780 MARCO;78,8;4,52
230790 MARTINOPOLE;79,05;2,11
230800 MASSAPE;74,54;3,22
230810 MAURITI;67,23;7,3
230820 MERUOCA;44,11;32,95
230830 MILAGRES;59,12;10,71
230835 MILHA;67,19;4,74
230837 MIRAIMA;59,84;9,02
230840 MISSAO VELHA;71,75;14,2
230850 MOMBACA;58,37;9,18
230860 MONSENHOR TABOSA;67,95;7,56
230870 MORADA NOVA;76,2;2,09
230880 MORAUJO;62,99;4,57
230890 MORRINHOS;75;3,64
230900 MUCAMBO;67,7;4,83
230910 MULUNGU;36,58;26,95
230920 NOVA OLINDA;71,67;9,32
230930 NOVA RUSSAS;85,43;7,03
230940 NOVO ORIENTE;71,97;6,71
230945 OCARA;51,63;2,27
230950 OROS;88,03;0,26
230960 PACAJUS;59,17;20,87
230970 PACATUBA;95,58;2,18
230980 PACOTI;60,22;18,8
230990 PACUJA;71,01;1,54
231000 PALHANO;71,93;0,08
231010 PALMACIA;48,18;12,46
231020 PARACURU;41,81;52,83
231025 PARAIPABA;54,53;34,6
231030 PARAMBU;58,83;4,96
231040 PARAMOTI;63,99;5,22
231050 PEDRA BRANCA;70,97;2,51
231060 PENAFORTE;74,49;4,76
231070 PENTECOSTE;77,68;2,52
231080 PEREIRO;69,5;9,03
231085 PINDORETAMA;37,24;50,12
231090 PIQUET CARNEIRO;64,03;2,48
231095 PIRES FERREIRA;57,86;14,42
231100 PORANGA;74,1;6,62
231110 PORTEIRAS;55,18;10,25
231120 POTENGI;64,18;3,22
231123 POTIRETAMA;44,34;7,86
231126 QUITERIANOPOLIS;49,34;11,73
231130 QUIXADA;71,05;2,21
231135 QUIXELO;77,82;4,79
231140 QUIXERAMOBIM;76,65;2,07
231150 QUIXERE;78,9;10,31
231160 REDENCAO;66,87;5,97
231170 RERIUTABA;63,59;14,14
231180 RUSSAS;73,88;14,13
231190 SABOEIRO;59,84;2,82
231195 SALITRE;7,18;6,36
231200 SANTANA DO ACARAU;57,92;4,29
231210 SANTANA DO CARIRI;53,64;7,47
231220 SANTA QUITERIA;59,55;10,84
231230 SAO BENEDITO;68,7;18,01
231240 SAO GONCALO DO AMARANTE;50,25;34,07
231250 SAO JOAO DO JAGUARIBE;95,69;0,47
231260 SAO LUIS DO CURU;68,98;0,31
231270 SENADOR POMPEU;71,51;5,38
231280 SENADOR SA;78,13;4,33
231290 SOBRAL;94,16;0,84
231300 SOLONOPOLE;75,23;0,76
231310 TABULEIRO DO NORTE;71,99;5,82
231320 TAMBORIL;61,31;22,11
231325 TARRAFAS;40,11;37,3
231330 TAUA;73,81;4,71
231335 TEJUCUOCA;57,03;3,01
231340 TIANGUA;82,08;7,86
231350 TRAIRI;20,45;55,54
231355 TURURU;77,51;1,96
231360 UBAJARA;66,92;13,82
231370 UMARI;63,53;16,94
231375 UMIRIM;76,81;3,02
231380 URUBURETAMA;71,7;5,19
231390 URUOCA;64,28;7,05
231395 VARJOTA;83,7;8,12
231400 VARZEA ALEGRE;74,7;10,51
231410 VICOSA DO CEARA;44,7;21,11
240010 ACARI;88,73;5,77
240020 ACU;86,12;2,71
240030 AFONSO BEZERRA;68,2;8
240040 AGUA NOVA;85,73;0,76
240050 ALEXANDRIA;77,81;7,06
240060 ALMINO AFONSO;66,57;6,62
240070 ALTO DO RODRIGUES;85,75;0,11
240080 ANGICOS;89,79;0,68
240090 ANTONIO MARTINS;77,43;7,28
240100 APODI;62,12;9,32
240110 AREIA BRANCA;84,73;1,74
240120 ARES;84,75;2,21
240130 AUGUSTO SEVERO;54,41;0,61
240140 BAIA FORMOSA;90,79;0,14
240145 BARAUNA;69,67;10,4
240150 BARCELONA;79,24;0,88
240160 BENTO FERNANDES;73,75;1,62
240165 BODO;76,55;0,29
240170 BOM JESUS;87,51;0,04
240180 BREJINHO;77,98;9,02
240185 CAICARA DO NORTE;82,19;10,02
240190 CAICARA DO RIO DO VENTO;89,46;0
240200 CAICO;92,32;1,03
240210 CAMPO REDONDO;48,75;2,02
240220 CANGUARETAMA;88,63;3,45
240230 CARAUBAS;76,22;2,56
240240 CARNAUBA DOS DANTAS;76,02;3,07
240250 CARNAUBAIS;86,01;1,52
240260 CEARA-MIRIM;75,77;5,41
240270 CERRO CORA;65,89;1,18
240280 CORONEL EZEQUIEL;49,01;2,29
240290 CORONEL JOAO PESSOA;82,4;3,61
240300 CRUZETA;80,32;4,7
240310 CURRAIS NOVOS;87,76;2,09
240320 DOUTOR SEVERIANO;88,76;2,15
240325 PARNAMIRIM;96,71;2,01
240330 ENCANTO;72,99;5,6
240340 EQUADOR;74,29;4,57
240350 ESPIRITO SANTO;76,68;12,64
240360 EXTREMOZ;77,54;16,34
240370 FELIPE GUERRA;74,31;2,75
240375 FERNANDO PEDROZA;79,46;0,23
240380 FLORANIA;81,16;2,04
240390 FRANCISCO DANTAS;74,01;5,99
240400 FRUTUOSO GOMES;80,15;1,08
240410 GALINHOS;16,13;57,89
240420 GOIANINHA;78,15;2,2
240430 GOVERNADOR DIX-SEPT ROSADO;51,56;8,16
240440 GROSSOS;83,96;3,06
240450 GUAMARE;86,36;1,38
240460 IELMO MARINHO;41,92;9,97
240470 IPANGUACU;71,82;3,1
240480 IPUEIRA;91,72;2,66
240485 ITAJA;88,14;0,48
240490 ITAU;89;0,12
240500 JACANA;30,79;34,07
240510 JANDAIRA;69,88;1,78
240520 JANDUIS;75,5;2,19
240530 JANUARIO CICCO;74,91;1,83
240540 JAPI;57,68;0,38
240550 JARDIM DE ANGICOS;44,79;0,27
240560 JARDIM DE PIRANHAS;82,06;0,6
240570 JARDIM DO SERIDO;87,85;3,16
240580 JOAO CAMARA;77,79;0,84
240590 JOAO DIAS;70,48;9,18
240600 JOSE DA PENHA;91,64;2,21
240610 JUCURUTU;85,23;1,61
240615 JUNDIA;63,41;7,83
240620 LAGOA D'ANTA;87,11;0,3
240630 LAGOA DE PEDRAS;61,54;1,12
240640 LAGOA DE VELHOS;87,37;0,13
240650 LAGOA NOVA;82,02;3,04
240660 LAGOA SALGADA;75,56;2,35
240670 LAJES;78,09;0,65
240680 LAJES PINTADAS;65,75;2,89
240690 LUCRECIA;79,64;1,04
240700 LUIS GOMES;83,27;1,73
240710 MACAIBA;79,55;6,95
240720 MACAU;87,7;2,46
240725 MAJOR SALES;97,91;0,9
240730 MARCELINO VIEIRA;86,38;2,26
240740 MARTINS;72,95;3,25
240750 MAXARANGUAPE;91,45;4,55
240760 MESSIAS TARGINO;72,87;4
240770 MONTANHAS;91,5;0,87
240780 MONTE ALEGRE;84,38;8,39
240790 MONTE DAS GAMELEIRAS;70,8;3,52
240800 MOSSORO;91,95;0,81
240810 NATAL;98,34;0,74
240820 NISIA FLORESTA;63;22,23
240830 NOVA CRUZ;81,82;0,14
240840 OLHO-D'AGUA DO BORGES;70,72;9,81
240850 OURO BRANCO;80,85;2,45
240860 PARANA;87,7;1,25
240870 PARAU;83,73;1,27
240880 PARAZINHO;84,61;1,89
240890 PARELHAS;86,2;4,52
240895 RIO DO FOGO;92,91;3
240910 PASSA E FICA;87,26;0
240920 PASSAGEM;64,65;12,57
240930 PATU;59,61;3,1
240933 SANTA MARIA;72,56;0,08
240940 PAU DOS FERROS;95,34;1,53
240950 PEDRA GRANDE;47,62;19,38
240960 PEDRA PRETA;41,54;0
240970 PEDRO AVELINO;67,55;3,67
240980 PEDRO VELHO;91,4;5,29
240990 PENDENCIAS;89,55;2,44
241000 PILOES;85,1;3,54
241010 POCO BRANCO;90,68;0,8
241020 PORTALEGRE;58,78;3,29
241025 PORTO DO MANGUE;51,08;7,36
241030 SERRA CAIADA;84,97;0,26
241040 PUREZA;53,88;3,86
241050 RAFAEL FERNANDES;47,96;3,04
241060 RAFAEL GODEIRO;67,71;5,03
241070 RIACHO DA CRUZ;84,96;2,85
241080 RIACHO DE SANTANA;67,92;11,59
241090 RIACHUELO;79,96;0,76
241100 RODOLFO FERNANDES;88,11;0,32
241105 TIBAU;72,3;16,52
241110 RUY BARBOSA;57,28;0,31
241120 SANTA CRUZ;84,62;2,34
241140 SANTANA DO MATOS;60,24;5,51
241142 SANTANA DO SERIDO;69,02;13,55
241150 SANTO ANTONIO;80,33;0,22
241160 SAO BENTO DO NORTE;66,62;11,46
241170 SAO BENTO DO TRAIRI;57,74;13,34
241180 SAO FERNANDO;82,25;0,7
241190 SAO FRANCISCO DO OESTE;84,05;8,19
241200 SAO GONCALO DO AMARANTE;91,97;5,03
241210 SAO JOAO DO SABUGI;81,89;2,34
241220 SAO JOSE DE MIPIBU;64,78;12,31
241230 SAO JOSE DO CAMPESTRE;83,71;0,43
241240 SAO JOSE DO SERIDO;80,05;12,6
241250 SAO MIGUEL;88,31;1,37
241255 SAO MIGUEL DO GOSTOSO;82,34;5,87
241260 SAO PAULO DO POTENGI;83,85;0,71
241270 SAO PEDRO;65,76;0,58
241280 SAO RAFAEL;82,57;0,37
241290 SAO TOME;61,15;2,24
241300 SAO VICENTE;91,39;2,54
241310 SENADOR ELOI DE SOUZA;83,29;0,45
241320 SENADOR GEORGINO AVELINO;91,55;1,06
241330 SERRA DE SAO BENTO;61,49;0,38
241335 SERRA DO MEL;83,22;0,07
241340 SERRA NEGRA DO NORTE;67,09;10,13
241350 SERRINHA;55,05;1,4
241355 SERRINHA DOS PINTOS;90,09;3,43
241360 SEVERIANO MELO;69,04;0,46
241370 SITIO NOVO;69,87;2,38
241380 TABOLEIRO GRANDE;56,38;3,19
241390 TAIPU;67,03;9,95
241400 TANGARA;88,79;0,1
241410 TENENTE ANANIAS;71,76;1,95
241415 TENENTE LAURENTINO CRUZ;91,04;2,6
241420 TIBAU DO SUL;87,99;1,68
241430 TIMBAUBA DOS BATISTAS;86,52;2,07
241440 TOUROS;79,72;2,07
241445 TRIUNFO POTIGUAR;75,46;5,34
241450 UMARIZAL;83,79;6,53
241460 UPANEMA;68,06;4,4
241470 VARZEA;87,26;0,58
241475 VENHA-VER;93,56;1,29
241480 VERA CRUZ;75,84;9,37
241490 VICOSA;90,23;1,04
241500 VILA FLOR;96,07;1,89
250010 AGUA BRANCA;56,74;6,21
250020 AGUIAR;52,98;8,92
250030 ALAGOA GRANDE;77,61;4,22
250040 ALAGOA NOVA;45,71;16,73
250050 ALAGOINHA;77,46;1,76
250053 ALCANTIL;0,45;2,49
250057 ALGODAO DE JANDAIRA;22,44;0,15
250060 ALHANDRA;83,38;6,24
250070 SAO JOAO DO RIO DO PEIXE;51,41;22,19
250073 AMPARO;53,14;5,5
250077 APARECIDA;58,68;23,06
250080 ARACAGI;47,64;13,73
250090 ARARA;71,34;5,06
250100 ARARUNA;59,29;5,09
250110 AREIA;62,68;17,29
250115 AREIA DE BARAUNAS;50,2;6,56
250120 AREIAL;59,71;2,26
250130 AROEIRAS;36,78;3,49
250135 ASSUNCAO;0,1;0,67
250140 BAIA DA TRAICAO;91,79;0,05
250150 BANANEIRAS;47,03;16,24
250153 BARAUNA;0,08;0,08
250157 BARRA DE SANTANA;11,48;5,29
250160 BARRA DE SANTA ROSA;56,05;1,53
250170 BARRA DE SAO MIGUEL;64,42;5,45
250180 BAYEUX;95,25;3,21
250190 BELEM;84,08;1,32
250200 BELEM DO BREJO DO CRUZ;71,31;3,1
250205 BERNARDINO BATISTA;44,68;2,75
250210 BOA VENTURA;63,47;11,13
250215 BOA VISTA;60,81;0,69
250220 BOM JESUS;67,67;7,15
250230 BOM SUCESSO;68,08;22,6
250240 BONITO DE SANTA FE;74,72;1,5
250250 BOQUEIRAO;73,07;0,39
250260 IGARACY;69,36;7,92
250270 BORBOREMA;72,4;11,9
250280 BREJO DO CRUZ;72,94;2,98
250290 BREJO DOS SANTOS;80,94;6,35
250300 CAAPORA;83,24;2,87
250310 CABACEIRAS;71,15;3,45
250320 CABEDELO;97,31;0,6
250330 CACHOEIRA DOS INDIOS;58,03;16,37
250340 CACIMBA DE AREIA;46,94;11,45
250350 CACIMBA DE DENTRO;70,03;2,15
250355 CACIMBAS;48,56;6,53
250360 CAICARA;72,1;0,14
250370 CAJAZEIRAS;81,12;5,25
250375 CAJAZEIRINHAS;38,35;14,93
250380 CALDAS BRANDAO;78,27;0,65
250390 CAMALAU;52,23;5,55
250400 CAMPINA GRANDE;97,76;0,11
250403 CAPIM;63,66;26,21
250407 CARAUBAS;60,54;5,21
250410 CARRAPATEIRA;71,02;0,51
250415 CASSERENGUE;48,54;0,36
250420 CATINGUEIRA;65,88;8,42
250430 CATOLE DO ROCHA;76,46;8,69
250435 CATURITE;44,09;0,75
250440 CONCEICAO;64,01;14,05
250450 CONDADO;74,35;7,19
250460 CONDE;54,64;12,02
250470 CONGO;66,1;3,04
250480 COREMAS;84,14;0,9
250485 COXIXOLA;90,82;2,38
250490 CRUZ DO ESPIRITO SANTO;60,94;12,24
250500 CUBATI;69,71;0,99
250510 CUITE;65,91;1,33
250520 CUITEGI;88,25;2,32
250523 CUITE DE MAMANGUAPE;46,39;17,87
250527 CURRAL DE CIMA;25,6;8,81
250530 CURRAL VELHO;66,05;11,27
250535 DAMIAO;29,65;0
250540 DESTERRO;62,76;0,35
250550 VISTA SERRANA;48,8;7,86
250560 DIAMANTE;67,18;6,07
250570 DONA INES;43,17;2,13
250580 DUAS ESTRADAS;77,09;0,19
250590 EMAS;68,86;9,89
250600 ESPERANCA;70,24;0,74
250610 FAGUNDES;46,34;9,73
250620 FREI MARTINHO;77,6;3,33
250625 GADO BRAVO;15,75;3,1
250630 GUARABIRA;95,46;0,62
250640 GURINHEM;58,42;1,6
250650 GURJAO;69,32;1,7
250660 IBIARA;68,96;5,11
250670 IMACULADA;50,58;8,81
250680 INGA;67,63;2,49
250690 ITABAIANA;70,07;6,19
250700 ITAPORANGA;75,97;5,5
250710 ITAPOROROCA;66,83;9,41
250720 ITATUBA;55,87;1,38
250730 JACARAU;77,63;6,36
250740 JERICO;78,97;3,42
250750 JOAO PESSOA;96,39;3,19
250760 JUAREZ TAVORA;82,17;1,05
250770 JUAZEIRINHO;55,32;2,25
250780 JUNCO DO SERIDO;73,25;3,06
250790 JURIPIRANGA;72,97;3,44
250800 JURU;62,84;5,08
250810 LAGOA;52,7;13,38
250820 LAGOA DE DENTRO;55,51;2,95
250830 LAGOA SECA;45,47;8,05
250840 LASTRO;45,38;8
250850 LIVRAMENTO;42,63;2,06
250855 LOGRADOURO;66,21;0,36
250860 LUCENA;77,08;11,44
250870 MAE D'AGUA;62,02;16,06
250880 MALTA;85,24;3,6
250890 MAMANGUAPE;66,32;14,7
250900 MANAIRA;58,07;11,2
250905 MARCACAO;95,98;0,74
250910 MARI;67,61;23,22
250915 MARIZOPOLIS;90,19;2,45
250920 MASSARANDUBA;50,66;1,99
250930 MATARACA;92,38;3,12
250933 MATINHAS;16,29;18,75
250937 MATO GROSSO;68,29;11,13
250939 MATUREIA;60,39;5,62
250940 MOGEIRO;27,84;5,61
250950 MONTADAS;62,01;0,14
250960 MONTE HOREBE;60,06;6,12
250970 MONTEIRO;64,35;8,1
250980 MULUNGU;64,68;3,39
250990 NATUBA;35,94;12,67
251000 NAZAREZINHO;44,6;5,88
251010 NOVA FLORESTA;63,95;22,15
251020 NOVA OLINDA;68,91;9,61
251030 NOVA PALMEIRA;56,95;2,21
251040 OLHO D'AGUA;59,26;3,93
251050 OLIVEDOS;53,16;0,38
251060 OURO VELHO;63,66;9,78
251065 PARARI;56,72;3,98
251070 PASSAGEM;56,85;1,93
251080 PATOS;94,95;1,07
251090 PAULISTA;49;8,2
251100 PEDRA BRANCA;75,2;5,04
251110 PEDRA LAVRADA;43,99;1,92
251120 PEDRAS DE FOGO;48,89;33,78
251130 PIANCO;72,92;3,75
251140 PICUI;68,95;1,75
251150 PILAR;65,9;3,81
251160 PILOES;43,36;26,4
251170 PILOEZINHOS;57,82;17,54
251180 PIRPIRITUBA;78,1;4,32
251190 PITIMBU;63,55;11,23
251200 POCINHOS;58,73;0,86
251203 POCO DANTAS;63,17;16,75
251207 POCO DE JOSE DE MOURA;47,43;21,65
251210 POMBAL;79,35;3,08
251220 PRATA;64,52;12,03
251230 PRINCESA ISABEL;74,04;3,92
251240 PUXINANA;59,76;1,99
251250 QUEIMADAS;72,75;0,47
251260 QUIXABA;41,86;5,81
251270 REMIGIO;76,88;1,88
251272 PEDRO REGIS;59,69;5,28
251274 RIACHAO;69,03;1,4
251275 RIACHAO DO BACAMARTE;46,13;12,35
251276 RIACHAO DO POCO;28,03;11,71
251278 RIACHO DE SANTO ANTONIO;60,89;0,63
251280 RIACHO DOS CAVALOS;49,93;11,1
251290 RIO TINTO;49,66;10,72
251300 SALGADINHO;28,11;6,48
251310 SALGADO DE SAO FELIX;50,42;13,39
251315 SANTA CECILIA;0;1,22
251320 SANTA CRUZ;73,39;13,46
251330 SANTA HELENA;58,35;17,85
251335 SANTA INES;42,19;20,5
251340 SANTA LUZIA;89,23;3,77
251350 SANTANA DE MANGUEIRA;46,38;24,96
251360 SANTANA DOS GARROTES;58,96;16,28
251365 JOCA CLAUDINO;78,53;2,67
251370 SANTA RITA;82,11;6,3
251380 SANTA TERESINHA;50,87;18,91
251385 SANTO ANDRE;0;2,14
251390 SAO BENTO;84,14;0,56
251392 SAO BENTINHO;67,22;9,01
251394 SAO DOMINGOS DO CARIRI;55,93;6,28
251396 SAO DOMINGOS;36,24;13,33
251398 SAO FRANCISCO;77,49;11,16
251400 SAO JOAO DO CARIRI;61,25;7,45
251410 SAO JOAO DO TIGRE;13,08;14,39
251420 SAO JOSE DA LAGOA TAPADA;55,25;10
251430 SAO JOSE DE CAIANA;45,82;0,62
251440 SAO JOSE DE ESPINHARAS;37,06;12,17
251445 SAO JOSE DOS RAMOS;32,88;12,22
251450 SAO JOSE DE PIRANHAS;62,21;11,88
251455 SAO JOSE DE PRINCESA;16,03;33,33
251460 SAO JOSE DO BONFIM;47,79;14,53
251465 SAO JOSE DO BREJO DO CRUZ;0;8,29
251470 SAO JOSE DO SABUGI;66,58;12,43
251480 SAO JOSE DOS CORDEIROS;43,52;5,89
251490 SAO MAMEDE;77,37;9,51
251500 SAO MIGUEL DE TAIPU;49,29;10,94
251510 SAO SEBASTIAO DE LAGOA DE ROCA;43,65;11,14
251520 SAO SEBASTIAO DO UMBUZEIRO;66,76;4,31
251530 SAPE;64,66;16,87
251540 SAO VICENTE DO SERIDO;45,04;2,06
251550 SERRA BRANCA;72,06;6,59
251560 SERRA DA RAIZ;77,46;5,25
251570 SERRA GRANDE;60,86;3,37
251580 SERRA REDONDA;53,63;2,05
251590 SERRARIA;56,75;12,15
251593 SERTAOZINHO;63,74;0,93
251597 SOBRADO;32;36,78
251600 SOLANEA;72,97;2,91
251610 SOLEDADE;71,39;1,47
251615 SOSSEGO;0;1,2
251620 SOUSA;89,13;4,27
251630 SUME;74,3;5,34
251640 TACIMA;64,23;0,66
251650 TAPEROA;62,23;4
251660 TAVARES;53,5;5,56
251670 TEIXEIRA;65,95;3,62
251675 TENORIO;0,13;1,7
251680 TRIUNFO;60,18;15,19
251690 UIRAUNA;78,01;6,4
251700 UMBUZEIRO;19,3;4,6
251710 VARZEA;73,87;5,28
251720 VIEIROPOLIS;64,83;4,73
251740 ZABELE;75,26;4,77
260005 ABREU E LIMA;91,48;5,09
260010 AFOGADOS DA INGAZEIRA;81,25;3,67
260020 AFRANIO;41,69;1,35
260030 AGRESTINA;81,3;1,38
260040 AGUA PRETA;59,25;18,55
260050 AGUAS BELAS;62,92;2,47
260060 ALAGOINHA;37,42;0,88
260070 ALIANCA;82,46;6,53
260080 ALTINHO;61,56;4,54
260090 AMARAJI;71,04;15,84
260100 ANGELIM;65,31;9,54
260105 ARACOIABA;57,64;22,48
260110 ARARIPINA;55,53;1,59
260120 ARCOVERDE;87,61;1,02
260130 BARRA DE GUABIRABA;86,31;9,54
260140 BARREIROS;70,91;11,15
260150 BELEM DE MARIA;52,83;14,04
260160 BELEM DE SAO FRANCISCO;65,11;0,34
260170 BELO JARDIM;88,22;0,7
260180 BETANIA;58,31;12,15
260190 BEZERROS;81,79;2,02
260200 BODOCO;43,61;4,24
260210 BOM CONSELHO;63,21;5,72
260220 BOM JARDIM;59,13;9,49
260230 BONITO;75,07;13,29
260240 BREJAO;53,99;29,91
260250 BREJINHO;48,62;1,78
260260 BREJO DA MADRE DE DEUS;53,59;1,31
260270 BUENOS AIRES;75,27;8,38
260280 BUIQUE;37,91;11,89
260290 CABO DE SANTO AGOSTINHO;86,45;8,14
260300 CABROBO;79,01;0,11
260310 CACHOEIRINHA;67,16;1,02
260320 CAETES;23,65;3,26
260330 CALCADO;41,9;4,26
260340 CALUMBI;75,68;5,88
260345 CAMARAGIBE;81,77;13,5
260350 CAMOCIM DE SAO FELIX;84,09;4,46
260360 CAMUTANGA;87,06;2,39
260370 CANHOTINHO;56,78;21,82
260380 CAPOEIRAS;32,71;6,16
260390 CARNAIBA;47,25;13,64
260392 CARNAUBEIRA DA PENHA;18,74;23,37
260400 CARPINA;82,09;8,04
260410 CARUARU;88,8;0,41
260415 CASINHAS;20,74;2,42
260420 CATENDE;78,6;5,64
260430 CEDRO;62,12;3,45
260440 CHA DE ALEGRIA;66,33;4,3
260450 CHA GRANDE;55,78;20,24
260460 CONDADO;45,78;33,63
260470 CORRENTES;61,29;16,4
260480 CORTES;73,5;8,66
260490 CUMARU;31,38;0,75
260500 CUPIRA;84,89;1,39
260510 CUSTODIA;52,22;9,32
260515 DORMENTES;48,19;1,78
260520 ESCADA;81,35;6,78
260530 EXU;39,21;12,38
260540 FEIRA NOVA;65,07;7,11
260545 FERNANDO DE NORONHA;96,24;3,08
260550 FERREIROS;82,03;2,45
260560 FLORES;44,49;13,06
260570 FLORESTA;65,35;1,44
260580 FREI MIGUELINHO;32,91;1,05
260590 GAMELEIRA;58,16;12,21
260600 GARANHUNS;83,37;6,69
260610 GLORIA DO GOITA;50,09;7,95
260620 GOIANA;66,61;19,24
260630 GRANITO;55,95;2,24
260640 GRAVATA;84,47;2,88
260650 IATI;50,54;1,8
260660 IBIMIRIM;59,95;3,38
260670 IBIRAJUBA;48,04;0,65
260680 IGARASSU;80,56;10,93
260690 IGUARACY;53,44;9,56
260700 INAJA;43,55;8,46
260710 INGAZEIRA;52,02;8,37
260720 IPOJUCA;61,16;20,03
260730 IPUBI;43,65;1,65
260740 ITACURUBA;84,68;0,7
260750 ITAIBA;52,41;6,23
260760 ILHA DE ITAMARACA;75,62;10,83
260765 ITAMBE;83,34;8,78
260770 ITAPETIM;59,53;6,75
260775 ITAPISSUMA;87,69;2,18
260780 ITAQUITINGA;75,71;1,55
260790 JABOATAO DOS GUARARAPES;78,6;13,81
260795 JAQUEIRA;53,37;9,19
260800 JATAUBA;25,55;5,54
260805 JATOBA;77,79;0,16
260810 JOAO ALFREDO;57,94;5,6
260820 JOAQUIM NABUCO;63,78;13,78
260825 JUCATI;36,33;10,74
260830 JUPI;23,43;21,29
260840 JUREMA;67,09;10,16
260845 LAGOA DO CARRO;52,7;12,89
260850 LAGOA DE ITAENGA;69,66;4,23
260860 LAGOA DO OURO;88,09;4,03
260870 LAGOA DOS GATOS;53,55;10,2
260875 LAGOA GRANDE;76,01;0,4
260880 LAJEDO;77,93;3,65
260890 LIMOEIRO;68,64;4,1
260900 MACAPARANA;83,81;8,12
260910 MACHADOS;67,77;12,06
260915 MANARI;28,13;2,82
260920 MARAIAL;58,56;15,29
260930 MIRANDIBA;62,88;4,13
260940 MORENO;82,6;8,74
260950 NAZARE DA MATA;81,91;4,39
260960 OLINDA;93,21;4,3
260970 OROBO;45,57;8,3
260980 OROCO;83,73;0,5
260990 OURICURI;58,27;1,91
261000 PALMARES;81,51;7,01
261010 PALMEIRINA;57,38;16,38
261020 PANELAS;53,32;9,67
261030 PARANATAMA;33,11;9,17
261040 PARNAMIRIM;55,8;1,81
261050 PASSIRA;58,71;5,14
261060 PAUDALHO;66,38;14,88
261070 PAULISTA;90,24;7,83
261080 PEDRA;56,49;3,8
261090 PESQUEIRA;69,46;2,04
261100 PETROLANDIA;89,79;0,34
261110 PETROLINA;91,96;0,07
261120 POCAO;41,06;12,74
261130 POMBOS;63,5;7,14
261140 PRIMAVERA;55,99;12,63
261150 QUIPAPA;61,53;16,95
261153 QUIXABA;43,46;7,32
261160 RECIFE;86,74;10,76
261170 RIACHO DAS ALMAS;49,23;0,72
261180 RIBEIRAO;75,3;13,29
261190 RIO FORMOSO;60,96;20,72
261200 SAIRE;60,02;14,76
261210 SALGADINHO;42,63;1,84
261220 SALGUEIRO;87,08;0,56
261230 SALOA;40,77;14,02
261240 SANHARO;80,01;1,05
261245 SANTA CRUZ;40,12;1,55
261247 SANTA CRUZ DA BAIXA VERDE;49,48;16,31
261250 SANTA CRUZ DO CAPIBARIBE;79,17;0,51
261255 SANTA FILOMENA;34,77;1,8
261260 SANTA MARIA DA BOA VISTA;75,84;0,75
261270 SANTA MARIA DO CAMBUCA;31,95;1,61
261280 SANTA TEREZINHA;67,74;1,89
261290 SAO BENEDITO DO SUL;54,33;11,14
261300 SAO BENTO DO UNA;56,88;1,17
261310 SAO CAITANO;65,75;0,76
261320 SAO JOAO;54,24;8,13
261330 SAO JOAQUIM DO MONTE;73,94;7,63
261340 SAO JOSE DA COROA GRANDE;70,42;18,1
261350 SAO JOSE DO BELMONTE;59,15;9,14
261360 SAO JOSE DO EGITO;69,51;6,9
261370 SAO LOURENCO DA MATA;75,41;13,06
261380 SAO VICENTE FERRER;58,08;10,75
261390 SERRA TALHADA;77,93;5,71
261400 SERRITA;43,33;3,67
261410 SERTANIA;58,16;6,76
261420 SIRINHAEM;59,51;19,85
261430 MOREILANDIA;62,34;2,79
261440 SOLIDAO;34,69;7,83
261450 SURUBIM;81,63;0,49
261460 TABIRA;73,6;2,26
261470 TACAIMBO;50,61;1,36
261480 TACARATU;39,28;3,81
261485 TAMANDARE;60,38;22,59
261500 TAQUARITINGA DO NORTE;39,4;4,98
261510 TEREZINHA;41,97;12,43
261520 TERRA NOVA;77,49;0,21
261530 TIMBAUBA;80,72;3,15
261540 TORITAMA;78,49;1,69
261550 TRACUNHAEM;75,16;3,97
261560 TRINDADE;85,58;0,13
261570 TRIUNFO;46,99;18,94
261580 TUPANATINGA;43,39;2,5
261590 TUPARETAMA;78,31;2,98
261600 VENTUROSA;59,26;1,68
261610 VERDEJANTE;71,27;4,14
261618 VERTENTE DO LERIO;2,08;0,3
261620 VERTENTES;60,59;1,99
261630 VICENCIA;78,79;10,53
261640 VITORIA DE SANTO ANTAO;79,2;4,49
261650 XEXEU;81,34;6,46
270010 AGUA BRANCA;59,77;2,01
270020 ANADIA;50,56;11,06
270030 ARAPIRACA;81,07;13,6
270040 ATALAIA;71,85;10,64
270050 BARRA DE SANTO ANTONIO;90,27;0,89
270060 BARRA DE SAO MIGUEL;87,42;3,07
270070 BATALHA;70,66;0,28
270080 BELEM;22,72;39,45
270090 BELO MONTE;40,08;0,06
270100 BOCA DA MATA;72,5;14,93
270110 BRANQUINHA;56,5;25,38
270120 CACIMBINHAS;19,66;1,81
270130 CAJUEIRO;85,21;4,91
270135 CAMPESTRE;61,63;23,62
270140 CAMPO ALEGRE;60,89;6,22
270150 CAMPO GRANDE;84,49;0,34
270160 CANAPI;26,45;1,57
270170 CAPELA;58,77;26,14
270180 CARNEIROS;59,75;0,34
270190 CHA PRETA;60,54;30,83
270200 COITE DO NOIA;30,98;12,64
270210 COLONIA LEOPOLDINA;61,96;12,66
270220 COQUEIRO SECO;85,7;3,82
270230 CORURIPE;86,7;5,12
270235 CRAIBAS;63,12;0,48
270240 DELMIRO GOUVEIA;90,4;0,07
270250 DOIS RIACHOS;34,15;0,41
270255 ESTRELA DE ALAGOAS;33,07;0,62
270260 FEIRA GRANDE;34,3;43,39
270270 FELIZ DESERTO;32,53;0,17
270280 FLEXEIRAS;57,08;9,68
270290 GIRAU DO PONCIANO;42,03;8,21
270300 IBATEGUARA;75,21;7,07
270310 IGACI;47,55;0,94
270320 IGREJA NOVA;71,62;8,45
270330 INHAPI;39,96;2,2
270340 JACARE DOS HOMENS;80,91;0,51
270350 JACUIPE;48,4;20,26
270360 JAPARATINGA;42,35;36,68
270370 JARAMATAIA;64,73;0
270375 JEQUIA DA PRAIA;71,4;16,22
270380 JOAQUIM GOMES;55,92;17,7
270390 JUNDIA;41,73;36,21
270400 JUNQUEIRO;59,31;31,96
270410 LAGOA DA CANOA;61,57;13,76
270420 LIMOEIRO DE ANADIA;27,73;43,99
270430 MACEIO;74,28;6,16
270440 MAJOR ISIDORO;43,83;0,1
270450 MARAGOGI;55,56;19,87
270460 MARAVILHA;46,08;0,11
270470 MARECHAL DEODORO;93,52;3,72
270480 MARIBONDO;56,71;7,88
270490 MAR VERMELHO;44,32;29,96
270500 MATA GRANDE;36,88;6,17
270510 MATRIZ DE CAMARAGIBE;53,47;31,51
270520 MESSIAS;85,17;5,24
270530 MINADOR DO NEGRAO;31,59;1,36
270540 MONTEIROPOLIS;60,97;0,12
270550 MURICI;67,4;9,6
270560 NOVO LINO;40,05;33,38
270570 OLHO D'AGUA DAS FLORES;84,12;0,13
270580 OLHO D'AGUA DO CASADO;69,13;0,52
270590 OLHO D'AGUA GRANDE;47,81;2,85
270600 OLIVENCA;44,51;0,59
270610 OURO BRANCO;37,65;0,17
270620 PALESTINA;82;0,31
270630 PALMEIRA DOS INDIOS;74,88;5,42
270640 PAO DE ACUCAR;76,73;0,13
270642 PARICONHA;61,25;0,27
270644 PARIPUEIRA;85,09;7,39
270650 PASSO DE CAMARAGIBE;41,2;34,39
270660 PAULO JACINTO;77,04;7,43
270670 PENEDO;93,25;1,82
270680 PIACABUCU;82,47;1,68
270690 PILAR;85,89;4,13
270700 PINDOBA;43,9;41,25
270710 PIRANHAS;71,76;0,16
270720 POCO DAS TRINCHEIRAS;22,98;0,81
270730 PORTO CALVO;68,17;18,08
270740 PORTO DE PEDRAS;41,22;30,98
270750 PORTO REAL DO COLEGIO;64,38;6,99
270760 QUEBRANGULO;61,84;14,75
270770 RIO LARGO;73,89;3,77
270780 ROTEIRO;84,38;3,45
270790 SANTA LUZIA DO NORTE;67,88;3,47
270800 SANTANA DO IPANEMA;70,63;0,42
270810 SANTANA DO MUNDAU;45,43;33,07
270820 SAO BRAS;89,63;0,11
270830 SAO JOSE DA LAJE;69,42;17,83
270840 SAO JOSE DA TAPERA;47,64;0,98
270850 SAO LUIS DO QUITUNDE;36,96;15,52
270860 SAO MIGUEL DOS CAMPOS;94,05;2,12
270870 SAO MIGUEL DOS MILAGRES;89,76;1,38
270880 SAO SEBASTIAO;18,08;59,96
270890 SATUBA;70,36;18,1
270895 SENADOR RUI PALMEIRA;25,14;0,43
270900 TANQUE D'ARCA;34,55;33,47
270910 TAQUARANA;31,92;42,27
270915 TEOTONIO VILELA;74,54;9,23
270920 TRAIPU;33,66;3,52
270930 UNIAO DOS PALMARES;82,55;8,04
270940 VICOSA;74,59;8,93
280010 AMPARO DE SAO FRANCISCO;80,21;0,44
280020 AQUIDABA;81,43;7,39
280030 ARACAJU;97,91;1,49
280040 ARAUA;65,38;14,72
280050 AREIA BRANCA;70,38;14,77
280060 BARRA DOS COQUEIROS;87,58;8,46
280067 BOQUIM;58,23;28,68
280070 BREJO GRANDE;68,85;5,92
280100 CAMPO DO BRITO;80,24;8,7
280110 CANHOBA;86,78;0,1
280120 CANINDE DE SAO FRANCISCO;78,83;0,4
280130 CAPELA;84,4;5,98
280140 CARIRA;68,65;0,61
280150 CARMOPOLIS;98,69;0,35
280160 CEDRO DE SAO JOAO;96,39;0,18
280170 CRISTINAPOLIS;61,81;26,16
280190 CUMBE;91,52;3,34
280200 DIVINA PASTORA;81,58;2,61
280210 ESTANCIA;83,08;9,23
280220 FEIRA NOVA;88,64;0,67
280230 FREI PAULO;84,38;0,35
280240 GARARU;72,5;1,15
280250 GENERAL MAYNARD;84,13;5,56
280260 GRACHO CARDOSO;91,12;0,24
280270 ILHA DAS FLORES;85,04;0,59
280280 INDIAROBA;56,74;23,59
280290 ITABAIANA;85,86;5,45
280300 ITABAIANINHA;58,15;17,79
280310 ITABI;92,08;0,26
280320 ITAPORANGA D'AJUDA;64,18;14,22
280330 JAPARATUBA;78,63;3,33
280340 JAPOATA;67,68;6,93
280350 LAGARTO;73,49;8,34
280360 LARANJEIRAS;83,91;1,98
280370 MACAMBIRA;66,03;2,62
280380 MALHADA DOS BOIS;95,37;1,29
280390 MALHADOR;82,04;6,58
280400 MARUIM;81,55;2,14
280410 MOITA BONITA;55,7;13,45
280420 MONTE ALEGRE DE SERGIPE;75,06;0,19
280430 MURIBECA;90,86;2,55
280440 NEOPOLIS;74,19;0,94
280445 NOSSA SENHORA APARECIDA;89,7;1,5
280450 NOSSA SENHORA DA GLORIA;89,84;0,68
280460 NOSSA SENHORA DAS DORES;77,74;11,47
280470 NOSSA SENHORA DE LOURDES;90,96;0,45
280480 NOSSA SENHORA DO SOCORRO;96,81;0,73
280490 PACATUBA;44,38;19,16
280500 PEDRA MOLE;82,64;2,41
280510 PEDRINHAS;30,91;54,3
280520 PINHAO;65,34;0,06
280530 PIRAMBU;85,03;5,32
280540 POCO REDONDO;73,84;0,12
280550 POCO VERDE;75,05;0,91
280560 PORTO DA FOLHA;79,25;0,45
280570 PROPRIA;93,4;0,14
280580 RIACHAO DO DANTAS;49,33;12,48
280590 RIACHUELO;81,31;0,66
280600 RIBEIROPOLIS;80,25;2,24
280610 ROSARIO DO CATETE;78,21;5,47
280620 SALGADO;56,32;24,52
280630 SANTA LUZIA DO ITANHY;49,89;22,78
280640 SANTANA DO SAO FRANCISCO;82,83;0,49
280650 SANTA ROSA DE LIMA;86,49;1,54
280660 SANTO AMARO DAS BROTAS;69,74;19,3
280670 SAO CRISTOVAO;87,71;5,51
280680 SAO DOMINGOS;96,82;0,58
280690 SAO FRANCISCO;87,62;1,08
280700 SAO MIGUEL DO ALEIXO;63,71;3,52
280710 SIMAO DIAS;57,26;1,02
280720 SIRIRI;75,04;7,16
280730 TELHA;91,52;0,24
280740 TOBIAS BARRETO;78,08;1,21
280750 TOMAR DO GERU;45,99;25,72
280760 UMBAUBA;32,06;58,66
290010 ABAIRA;91,57;0,12
290020 ABARE;77,42;0,14
290030 ACAJUTIBA;76,65;19,13
290035 ADUSTINA;52,79;1,35
290040 AGUA FRIA;51,91;0,94
290050 ERICO CARDOSO;76,32;0,87
290060 AIQUARA;58,43;16,85
290070 ALAGOINHAS;93,49;1,73
290080 ALCOBACA;58,65;22,9
290090 ALMADINA;80,67;9,89
290100 AMARGOSA;82,44;4,53
290110 AMELIA RODRIGUES;77,21;10,6
290115 AMERICA DOURADA;80,18;4,09
290120 ANAGE;26,21;7,98
290130 ANDARAI;66,13;3,87
290135 ANDORINHA;53,11;11,43
290140 ANGICAL;37,71;5,35
290150 ANGUERA;61,32;0,36
290160 ANTAS;84,69;0,97
290170 ANTONIO CARDOSO;60,21;1,49
290180 ANTONIO GONCALVES;81,78;0,32
290190 APORA;81,44;8,2
290195 APUAREMA;62,22;17,45
290200 ARACATU;30,11;9,62
290205 ARACAS;71,93;18,87
290210 ARACI;47,66;1,32
290220 ARAMARI;67,74;5,64
290225 ARATACA;63,82;15,71
290230 ARATUIPE;60,7;19,16
290240 AURELINO LEAL;77,93;4,97
290250 BAIANOPOLIS;86,21;3,19
290260 BAIXA GRANDE;50,07;1,56
290265 BANZAE;97,56;0
290270 BARRA;65,19;7,16
290280 BARRA DA ESTIVA;77,51;2,67
290290 BARRA DO CHOCA;75,65;9,09
290300 BARRA DO MENDES;81,89;1,14
290310 BARRA DO ROCHA;58,79;21,19
290320 BARREIRAS;90,48;1,83
290323 BARRO ALTO;93,86;0,75
290327 BARROCAS;74,97;0,72
290330 BARRO PRETO;75,27;13,52
290340 BELMONTE;77,66;11,02
290350 BELO CAMPO;9,04;55,52
290360 BIRITINGA;87,04;0,87
290370 BOA NOVA;62,35;9,24
290380 BOA VISTA DO TUPIM;59,36;0,99
290390 BOM JESUS DA LAPA;78,22;1,5
290395 BOM JESUS DA SERRA;33,73;1,45
290400 BONINAL;85,94;0,68
290405 BONITO;86,69;4,45
290410 BOQUIRA;58,84;2,52
290420 BOTUPORA;50,71;1,6
290430 BREJOES;72,58;2,96
290440 BREJOLANDIA;34,92;7,49
290450 BROTAS DE MACAUBAS;29,01;6,5
290460 BRUMADO;75,11;2,96
290470 BUERAREMA;78,67;13,17
290475 BURITIRAMA;45,95;11,64
290480 CAATIBA;63,2;15,15
290485 CABACEIRAS DO PARAGUACU;36,72;28,99
290490 CACHOEIRA;74,01;8,72
290500 CACULE;86,48;1,45
290510 CAEM;59,71;1,52
290515 CAETANOS;5,39;1,49
290520 CAETITE;61,75;7,8
290530 CAFARNAUM;79,47;1,29
290540 CAIRU;90,22;4,15
290550 CALDEIRAO GRANDE;72,88;3,97
290560 CAMACAN;77,91;7,37
290570 CAMACARI;93,38;3,08
290580 CAMAMU;64,37;19,71
290590 CAMPO ALEGRE DE LOURDES;1,2;4,7
290600 CAMPO FORMOSO;64,98;2,09
290610 CANAPOLIS;82,97;1,49
290620 CANARANA;78,23;1,32
290630 CANAVIEIRAS;76,86;10,94
290640 CANDEAL;47,28;12,22
290650 CANDEIAS;93,63;2,38
290660 CANDIBA;70,45;5,85
290670 CANDIDO SALES;59,71;8,49
290680 CANSANCAO;59,81;0,79
290682 CANUDOS;64,81;1,28
290685 CAPELA DO ALTO ALEGRE;71,08;1,04
290687 CAPIM GROSSO;89,17;0,11
290689 CARAIBAS;32,85;1,51
290690 CARAVELAS;71,09;13,31
290700 CARDEAL DA SILVA;66,91;10,27
290710 CARINHANHA;61,12;9,01
290720 CASA NOVA;59,41;2,35
290730 CASTRO ALVES;66,09;6,31
290740 CATOLANDIA;64,03;3,82
290750 CATU;90,47;3,01
290755 CATURAMA;59,38;0,83
290760 CENTRAL;85,7;0,32
290770 CHORROCHO;51,66;2,45
290780 CICERO DANTAS;80,8;0,76
290790 CIPO;79,46;3,85
290800 COARACI;86,21;4,77
290810 COCOS;59,22;2,43
290820 CONCEICAO DA FEIRA;81,77;7,07
290830 CONCEICAO DO ALMEIDA;48,2;15,34
290840 CONCEICAO DO COITE;75,65;0,43
290850 CONCEICAO DO JACUIPE;53,67;34,26
290860 CONDE;68,1;7,63
290870 CONDEUBA;62,53;11,48
290880 CONTENDAS DO SINCORA;63,55;4,26
290890 CORACAO DE MARIA;40,93;20,26
290900 CORDEIROS;70,51;2,44
290910 CORIBE;79,87;3,31
290920 CORONEL JOAO SA;52,07;2,34
290930 CORRENTINA;59,23;3,13
290940 COTEGIPE;60,01;4,7
290950 CRAVOLANDIA;74,39;9,97
290960 CRISOPOLIS;74,39;5,92
290970 CRISTOPOLIS;76,99;4,83
290980 CRUZ DAS ALMAS;81,51;14,27
290990 CURACA;64,51;2,58
291000 DARIO MEIRA;62,56;20,35
291005 DIAS D'AVILA;91,74;3,37
291010 DOM BASILIO;59,1;2,63
291020 DOM MACEDO COSTA;48,77;29,77
291030 ELISIO MEDRADO;79,75;2,81
291040 ENCRUZILHADA;59,25;12,83
291050 ENTRE RIOS;73,91;10,2
291060 ESPLANADA;80,98;7,78
291070 EUCLIDES DA CUNHA;83,65;0,35
291072 EUNAPOLIS;84,35;11,56
291075 FATIMA;73,63;0,91
291077 FEIRA DA MATA;58,09;8,32
291080 FEIRA DE SANTANA;84,62;11,25
291085 FILADELFIA;78,05;0,52
291090 FIRMINO ALVES;68,23;4,68
291100 FLORESTA AZUL;82,48;6,34
291110 FORMOSA DO RIO PRETO;61,21;12,41
291120 GANDU;70,33;17,68
291125 GAVIAO;64,72;7,9
291130 GENTIO DO OURO;76,92;2,35
291140 GLORIA;59,11;2,24
291150 GONGOGI;70,59;3,93
291160 GOVERNADOR MANGABEIRA;51;37,15
291165 GUAJERU;47,88;2,77
291170 GUANAMBI;83,75;2,84
291180 GUARATINGA;59,82;23,58
291185 HELIOPOLIS;84,98;2,09
291190 IACU;79,1;0,59
291200 IBIASSUCE;88,1;2,68
291210 IBICARAI;92,14;1,44
291220 IBICOARA;73,48;9,6
291230 IBICUI;68,37;10,13
291240 IBIPEBA;85,71;0,79
291250 IBIPITANGA;52,97;11,51
291260 IBIQUERA;51,57;1,64
291270 IBIRAPITANGA;60,14;19,74
291280 IBIRAPUA;67,32;18,13
291290 IBIRATAIA;79,84;10,95
291300 IBITIARA;66,29;3,8
291310 IBITITA;92,49;1,34
291320 IBOTIRAMA;80,96;1,92
291330 ICHU;68,68;1,03
291340 IGAPORA;66,5;7,34
291345 IGRAPIUNA;36,02;30,44
291350 IGUAI;66,83;14,53
291360 ILHEUS;80,23;10,69
291370 INHAMBUPE;76,45;1,99
291380 IPECAETA;54,35;7,19
291390 IPIAU;89,46;4,03
291400 IPIRA;59,81;2,21
291410 IPUPIARA;78,57;0,66
291420 IRAJUBA;58,92;4,69
291430 IRAMAIA;56,62;2,1
291440 IRAQUARA;76,41;0,57
291450 IRARA;48,8;9,56
291460 IRECE;98,11;0,86
291465 ITABELA;81,94;13,22
291470 ITABERABA;86,34;0,5
291480 ITABUNA;94,33;1,03
291490 ITACARE;53,94;25,23
291500 ITAETE;77,25;0,32
291510 ITAGI;74,72;11,6
291520 ITAGIBA;72,43;13,8
291530 ITAGIMIRIM;82,55;10,66
291535 ITAGUACU DA BAHIA;80,45;4,65
291540 ITAJU DO COLONIA;76;1,98
291550 ITAJUIPE;82,08;8,95
291560 ITAMARAJU;83,34;9,42
291570 ITAMARI;73,23;10,14
291580 ITAMBE;81,7;3,66
291590 ITANAGRA;66,23;13,73
291600 ITANHEM;73,18;16,56
291610 ITAPARICA;88,3;3,3
291620 ITAPE;75,66;1,71
291630 ITAPEBI;80,11;8,04
291640 ITAPETINGA;95,7;0,33
291650 ITAPICURU;72,08;6,64
291660 ITAPITANGA;80,16;3,85
291670 ITAQUARA;71,63;13,58
291680 ITARANTIM;84,71;3,6
291685 ITATIM;85,43;0,91
291690 ITIRUCU;79,25;7,19
291700 ITIUBA;48,9;4,43
291710 ITORORO;87,69;2,61
291720 ITUACU;49,71;4,99
291730 ITUBERA;61,33;8,46
291733 IUIU;47,72;10,04
291735 JABORANDI;70,11;6,69
291740 JACARACI;84,54;3,88
291750 JACOBINA;84,56;0,68
291760 JAGUAQUARA;77,75;9,8
291770 JAGUARARI;80,43;0,16
291780 JAGUARIPE;46,36;34,03
291790 JANDAIRA;66,99;10,03
291800 JEQUIE;90,57;2,12
291810 JEREMOABO;64,26;1,12
291820 JIQUIRICA;42,33;15,91
291830 JITAUNA;61,03;13
291835 JOAO DOURADO;88,83;4,24
291840 JUAZEIRO;90,8;0,26
291845 JUCURUCU;43,04;29,59
291850 JUSSARA;90,67;1,91
291855 JUSSARI;85,16;3,3
291860 JUSSIAPE;85,98;0,63
291870 LAFAIETE COUTINHO;70,72;2,74
291875 LAGOA REAL;34,25;12,05
291880 LAJE;50,54;26,73
291890 LAJEDAO;70,04;22,14
291900 LAJEDINHO;54,85;6,37
291905 LAJEDO DO TABOCAL;74,93;8,66
291910 LAMARAO;38,34;4,36
291915 LAPAO;90,66;2,46
291920 LAURO DE FREITAS;96,96;2
291930 LENCOIS;79,7;2,87
291940 LICINIO DE ALMEIDA;63,62;8,38
291950 LIVRAMENTO DE NOSSA SENHORA;64,13;8,49
291955 LUIS EDUARDO MAGALHAES;89,86;3,96
291960 MACAJUBA;63,51;0,42
291970 MACARANI;84,03;4,9
291980 MACAUBAS;88,61;1,02
291990 MACURURE;52,96;1,1
291992 MADRE DE DEUS;99,69;0,02
291995 MAETINGA;53,68;2,93
292000 MAIQUINIQUE;75,63;7,63
292010 MAIRI;64,93;0,34
292020 MALHADA;65,43;3,5
292030 MALHADA DE PEDRAS;45,31;2,79
292040 MANOEL VITORINO;54,82;2,48
292045 MANSIDAO;54,51;1,7
292050 MARACAS;60,59;17,67
292060 MARAGOGIPE;60,01;22,71
292070 MARAU;26,91;43,9
292080 MARCIONILIO SOUZA;69,12;1,79
292090 MASCOTE;80,28;3,71
292100 MATA DE SAO JOAO;79,54;8,85
292105 MATINA;60,64;4,93
292110 MEDEIROS NETO;80,02;9,34
292120 MIGUEL CALMON;82,94;0,83
292130 MILAGRES;85,12;0,32
292140 MIRANGABA;63,85;2,88
292145 MIRANTE;24,69;1,01
292150 MONTE SANTO;25,55;2,62
292160 MORPARA;66,53;3,51
292170 MORRO DO CHAPEU;70,98;3,91
292180 MORTUGABA;64,1;19,73
292190 MUCUGE;76,44;2,06
292200 MUCURI;48,92;40,34
292205 MULUNGU DO MORRO;22,71;0,73
292210 MUNDO NOVO;70,48;3,82
292220 MUNIZ FERREIRA;47,18;29,79
292225 MUQUEM DE SAO FRANCISCO;68,35;10,4
292230 MURITIBA;72,34;19,4
292240 MUTUIPE;50,96;19,43
292250 NAZARE;78,09;7,44
292260 NILO PECANHA;48,37;19,8
292265 NORDESTINA;46,78;1,42
292270 NOVA CANAA;52,38;13,42
292273 NOVA FATIMA;81,77;4,36
292275 NOVA IBIA;40,6;35,91
292280 NOVA ITARANA;76,53;0,52
292285 NOVA REDENCAO;76,6;0,94
292290 NOVA SOURE;77,95;6,62
292300 NOVA VICOSA;61,94;31,81
292303 NOVO HORIZONTE;76,43;2,39
292305 NOVO TRIUNFO;71,21;0,33
292310 OLINDINA;82,38;4,5
292320 OLIVEIRA DOS BREJINHOS;84,12;2,58
292330 OURICANGAS;91,85;0,33
292335 OUROLANDIA;65,72;3,15
292340 PALMAS DE MONTE ALTO;55,16;8,18
292350 PALMEIRAS;85,25;2,54
292360 PARAMIRIM;80,32;0,92
292370 PARATINGA;63,63;2,41
292380 PARIPIRANGA;32,34;0,77
292390 PAU BRASIL;70,21;4,85
292400 PAULO AFONSO;88,61;0,49
292405 PE DE SERRA;56,39;1,78
292410 PEDRAO;36,07;18,91
292420 PEDRO ALEXANDRE;26,06;6,13
292430 PIATA;65,5;1,91
292440 PILAO ARCADO;38,05;6,36
292450 PINDAI;52,26;7,37
292460 PINDOBACU;72,45;1,19
292465 PINTADAS;59,35;1,71
292467 PIRAI DO NORTE;41,32;34,6
292470 PIRIPA;63,33;3,11
292480 PIRITIBA;83,14;0,39
292490 PLANALTINO;34,99;1,98
292500 PLANALTO;62,2;11,07
292510 POCOES;82,32;1,39
292520 POJUCA;87,04;4,46
292525 PONTO NOVO;80,69;0,67
292530 PORTO SEGURO;66,67;20,66
292540 POTIRAGUA;88,32;1,21
292550 PRADO;63,69;21,02
292560 PRESIDENTE DUTRA;95,64;0,47
292570 PRESIDENTE JANIO QUADROS;38,03;4,11
292575 PRESIDENTE TANCREDO NEVES;51,44;28,84
292580 QUEIMADAS;61,54;1,58
292590 QUIJINGUE;57,52;0,59
292593 QUIXABEIRA;73,62;0,72
292595 RAFAEL JAMBEIRO;52,51;6,15
292600 REMANSO;65,11;0,51
292610 RETIROLANDIA;68,76;0,19
292620 RIACHAO DAS NEVES;59,52;6,33
292630 RIACHAO DO JACUIPE;77,95;2,04
292640 RIACHO DE SANTANA;67,2;3,33
292650 RIBEIRA DO AMPARO;73,35;8,98
292660 RIBEIRA DO POMBAL;88,04;2,96
292665 RIBEIRAO DO LARGO;57,83;14,74
292670 RIO DE CONTAS;73,72;1,8
292680 RIO DO ANTONIO;61,17;2,39
292690 RIO DO PIRES;70,3;0,52
292700 RIO REAL;66,52;20,62
292710 RODELAS;94,75;0,29
292720 RUY BARBOSA;74,78;2,64
292730 SALINAS DA MARGARIDA;94,26;1,41
292740 SALVADOR;98,89;0,3
292750 SANTA BARBARA;65,66;3,84
292760 SANTA BRIGIDA;51,53;1,61
292770 SANTA CRUZ CABRALIA;72,51;12,05
292780 SANTA CRUZ DA VITORIA;81,15;3,35
292790 SANTA INES;86,36;0,68
292800 SANTALUZ;67,8;1,8
292805 SANTA LUZIA;61,19;18,99
292810 SANTA MARIA DA VITORIA;80,36;1,37
292820 SANTANA;92,6;1,45
292830 SANTANOPOLIS;50,44;4,23
292840 SANTA RITA DE CASSIA;65,09;9,56
292850 SANTA TERESINHA;67,33;1,49
292860 SANTO AMARO;79,27;5,95
292870 SANTO ANTONIO DE JESUS;84,13;7,57
292880 SANTO ESTEVAO;75,02;14,22
292890 SAO DESIDERIO;55,54;8,49
292895 SAO DOMINGOS;84,64;2,23
292900 SAO FELIX;67,04;16,67
292905 SAO FELIX DO CORIBE;93,02;1,95
292910 SAO FELIPE;47,98;38,56
292920 SAO FRANCISCO DO CONDE;92,46;1,1
292925 SAO GABRIEL;82,17;1,87
292930 SAO GONCALO DOS CAMPOS;71,38;15,56
292935 SAO JOSE DA VITORIA;85,86;5,55
292937 SAO JOSE DO JACUIPE;74,67;1,94
292940 SAO MIGUEL DAS MATAS;44,8;27,99
292950 SAO SEBASTIAO DO PASSE;71,9;5,7
292960 SAPEACU;53;25,34
292970 SATIRO DIAS;86,11;1,22
292975 SAUBARA;95,03;2,43
292980 SAUDE;78,27;0,54
292990 SEABRA;72,14;2,17
293000 SEBASTIAO LARANJEIRAS;64,76;5,63
293010 SENHOR DO BONFIM;89,78;0,28
293015 SERRA DO RAMALHO;82,46;2,47
293020 SENTO SE;82,9;0,96
293030 SERRA DOURADA;62,38;5,55
293040 SERRA PRETA;53,12;5,89
293050 SERRINHA;85,97;0,92
293060 SERROLANDIA;88,03;0,77
293070 SIMOES FILHO;92,59;2,82
293075 SITIO DO MATO;68,15;5,85
293076 SITIO DO QUINTO;72,14;0,21
293077 SOBRADINHO;92,07;0,34
293080 SOUTO SOARES;86,61;0,5
293090 TABOCAS DO BREJO VELHO;86,99;4,84
293100 TANHACU;49,69;3,87
293105 TANQUE NOVO;64,7;1,97
293110 TANQUINHO;75,56;1,76
293120 TAPEROA;61,74;14,45
293130 TAPIRAMUTA;87,57;1,93
293135 TEIXEIRA DE FREITAS;79,38;17,56
293140 TEODORO SAMPAIO;77,24;6,09
293150 TEOFILANDIA;70,25;0,58
293160 TEOLANDIA;36,23;20,16
293170 TERRA NOVA;71,99;2,8
293180 TREMEDAL;34,57;12,77
293190 TUCANO;76,94;3,57
293200 UAUA;51,04;0,75
293210 UBAIRA;55,1;14,8
293220 UBAITABA;79,93;7,5
293230 UBATA;69,07;21,73
293240 UIBAI;92,21;0,83
293245 UMBURANAS;55,71;1,01
293250 UNA;55,51;22,24
293260 URANDI;78,96;0,96
293270 URUCUCA;75,17;14,9
293280 UTINGA;85,79;0,35
293290 VALENCA;74,85;10,33
293300 VALENTE;82,12;1,14
293305 VARZEA DA ROCA;70,99;1,35
293310 VARZEA DO POCO;83,42;0,89
293315 VARZEA NOVA;65,35;3,44
293317 VARZEDO;62,14;9,57
293320 VERA CRUZ;92,43;2,85
293325 VEREDA;68,38;21,27
293330 VITORIA DA CONQUISTA;87,31;4,32
293340 WAGNER;83,91;0,28
293345 WANDERLEY;66,52;11,78
293350 WENCESLAU GUIMARAES;44,1;22,79
293360 XIQUE-XIQUE;83,38;1,7
310010 ABADIA DOS DOURADOS;64,65;23,85
310020 ABAETE;85,9;12,5
310030 ABRE CAMPO;57,86;33,05
310040 ACAIACA;70,9;18,16
310050 ACUCENA;45,98;32,03
310060 AGUA BOA;47;35,45
310070 AGUA COMPRIDA;73,06;24,26
310080 AGUANIL;72,73;17,59
310090 AGUAS FORMOSAS;77,96;12,45
310100 AGUAS VERMELHAS;86,94;3,57
310110 AIMORES;80,12;15,33
310120 AIURUOCA;50,02;20,72
310130 ALAGOA;61,89;9,12
310140 ALBERTINA;68,37;26,06
310150 ALEM PARAIBA;93,36;4,56
310160 ALFENAS;94,02;4,87
310163 ALFREDO VASCONCELOS;66,25;22,85
310170 ALMENARA;78,94;8,63
310180 ALPERCATA;74,89;21,81
310190 ALPINOPOLIS;80,93;12,42
310200 ALTEROSA;73,35;20,25
310205 ALTO CAPARAO;77,34;14,76
310210 ALTO RIO DOCE;53,28;28,2
310220 ALVARENGA;49,07;27,46
310230 ALVINOPOLIS;71,39;13,71
310240 ALVORADA DE MINAS;43,48;24,64
310250 AMPARO DO SERRA;54,84;28,04
310260 ANDRADAS;76,02;18,18
310270 CACHOEIRA DE PAJEU;37,32;24,77
310280 ANDRELANDIA;80,32;11,82
310285 ANGELANDIA;54,9;33,22
310290 ANTONIO CARLOS;74,14;19,05
310300 ANTONIO DIAS;44,85;25,75
310310 ANTONIO PRADO DE MINAS;62,05;24,46
310320 ARACAI;77,61;14,05
310330 ARACITABA;82,71;9,14
310340 ARACUAI;72,01;3,34
310350 ARAGUARI;92,22;6,67
310360 ARANTINA;92,38;4,83
310370 ARAPONGA;39,69;32,26
310375 ARAPORA;95,26;4,74
310380 ARAPUA;74,21;16,04
310390 ARAUJOS;87,03;6,87
310400 ARAXA;96,69;2,36
310410 ARCEBURGO;86,43;12,01
310420 ARCOS;91,76;5,28
310430 AREADO;82,91;10,4
310440 ARGIRITA;79,51;15,47
310445 ARICANDUVA;38,11;37,34
310450 ARINOS;62,88;16,26
310460 ASTOLFO DUTRA;88,81;7,4
310470 ATALEIA;58,6;24,87
310480 AUGUSTO DE LIMA;57,56;9,1
310490 BAEPENDI;74,61;12,22
310500 BALDIM;78,42;13,67
310510 BAMBUI;85,8;10,65
310520 BANDEIRA;57,88;21,42
310530 BANDEIRA DO SUL;88,45;6,98
310540 BARAO DE COCAIS;87,62;3,6
310550 BARAO DE MONTE ALTO;79,49;17,57
310560 BARBACENA;88,3;8,86
310570 BARRA LONGA;49,97;23,75
310590 BARROSO;96,75;2,42
310600 BELA VISTA DE MINAS;88,79;5,68
310610 BELMIRO BRAGA;54,19;30,88
310620 BELO HORIZONTE;99,71;0,13
310630 BELO ORIENTE;77,65;17,13
310640 BELO VALE;44,64;17,93
310650 BERILO;44,24;3,67
310660 BERTOPOLIS;64,47;12,58
310665 BERIZAL;57,04;11,84
310670 BETIM;97,91;1,12
310680 BIAS FORTES;59,15;22,45
310690 BICAS;92,89;6,55
310700 BIQUINHAS;67,14;31,01
310710 BOA ESPERANCA;84,79;13,14
310720 BOCAINA DE MINAS;49,86;22,94
310730 BOCAIUVA;80,57;2,98
310740 BOM DESPACHO;92,71;5,93
310750 BOM JARDIM DE MINAS;85,84;8,84
310760 BOM JESUS DA PENHA;74,02;22,52
310770 BOM JESUS DO AMPARO;58,7;16,26
310780 BOM JESUS DO GALHO;61,22;30,71
310790 BOM REPOUSO;57;16,92
310800 BOM SUCESSO;87,36;8,97
310810 BONFIM;57,64;29,91
310820 BONFINOPOLIS DE MINAS;71,84;9,87
310825 BONITO DE MINAS;33,38;7,24
310830 BORDA DA MATA;80,1;16,03
310840 BOTELHOS;76,76;17,29
310850 BOTUMIRIM;55,06;25,26
310855 BRASILANDIA DE MINAS;83,6;11,55
310860 BRASILIA DE MINAS;71,65;2,52
310870 BRAS PIRES;57,78;24,74
310880 BRAUNAS;35,18;40,43
310890 BRAZOPOLIS;66,45;17,3
310900 BRUMADINHO;76,36;6,34
310910 BUENO BRANDAO;53,54;24,11
310920 BUENOPOLIS;75,26;3,64
310925 BUGRE;51,21;44,52
310930 BURITIS;70,51;12,1
310940 BURITIZEIRO;86,61;6,45
310945 CABECEIRA GRANDE;80,6;12,37
310950 CABO VERDE;59,53;26,65
310960 CACHOEIRA DA PRATA;97,76;1,16
310970 CACHOEIRA DE MINAS;65,79;22,28
310980 CACHOEIRA DOURADA;88,35;9,22
310990 CAETANOPOLIS;81,56;8,87
311000 CAETE;89,01;6,43
311010 CAIANA;65,12;22,36
311020 CAJURI;57,46;40,2
311030 CALDAS;55,36;24,39
311040 CAMACHO;58,2;28,34
311050 CAMANDUCAIA;71,05;13,58
311060 CAMBUI;83,76;10,32
311070 CAMBUQUIRA;83,82;10,31
311080 CAMPANARIO;76,23;18,55
311090 CAMPANHA;79,81;16,09
311100 CAMPESTRE;57,63;25,77
311110 CAMPINA VERDE;74,51;22,14
311115 CAMPO AZUL;64,61;4,22
311120 CAMPO BELO;93,86;3,96
311130 CAMPO DO MEIO;88,56;9,59
311140 CAMPO FLORIDO;72,3;23,92
311150 CAMPOS ALTOS;89,29;8,54
311160 CAMPOS GERAIS;69,4;26,46
311170 CANAA;40,21;48,17
311180 CANAPOLIS;87,74;9,79
311190 CANA VERDE;90,49;5,82
311200 CANDEIAS;72,61;20,14
311205 CANTAGALO;40,94;49,28
311210 CAPARAO;38,06;34,53
311220 CAPELA NOVA;55,59;36,67
311230 CAPELINHA;75,76;15,58
311240 CAPETINGA;85,54;13,89
311250 CAPIM BRANCO;92,14;6,35
311260 CAPINOPOLIS;91,31;6,66
311265 CAPITAO ANDRADE;71,14;26,08
311270 CAPITAO ENEAS;77,86;5,22
311280 CAPITOLIO;77,97;12,79
311290 CAPUTIRA;52,55;42,31
311300 CARAI;34,47;26,07
311310 CARANAIBA;55,67;22,22
311320 CARANDAI;81,58;10,2
311330 CARANGOLA;83,87;11,76
311340 CARATINGA;77,9;18,08
311350 CARBONITA;83,12;5,44
311360 CAREACU;73,36;20,14
311370 CARLOS CHAGAS;72,19;21,81
311380 CARMESIA;57,56;26,91
311390 CARMO DA CACHOEIRA;77,07;18,89
311400 CARMO DA MATA;86,69;9,45
311410 CARMO DE MINAS;77,56;13,84
311420 CARMO DO CAJURU;87,52;9,64
311430 CARMO DO PARANAIBA;81,38;13,6
311440 CARMO DO RIO CLARO;74,45;17,83
311450 CARMOPOLIS DE MINAS;78,12;18,84
311455 CARNEIRINHO;69,66;28,37
311460 CARRANCAS;67,11;16,61
311470 CARVALHOPOLIS;74,93;16,68
311480 CARVALHOS;58,23;12,52
311490 CASA GRANDE;60,81;21,79
311500 CASCALHO RICO;63,4;27,19
311510 CASSIA;81,67;15,45
311520 CONCEICAO DA BARRA DE MINAS;71;14,25
311530 CATAGUASES;94,69;4,82
311535 CATAS ALTAS;85,21;7,08
311540 CATAS ALTAS DA NORUEGA;46,64;27,5
311545 CATUJI;30,68;28,39
311547 CATUTI;87,21;2,02
311550 CAXAMBU;96,95;1,82
311560 CEDRO DO ABAETE;85,39;10,11
311570 CENTRAL DE MINAS;82,7;14,55
311580 CENTRALINA;89,37;8,8
311590 CHACARA;70,36;16,99
311600 CHALE;59,64;24,62
311610 CHAPADA DO NORTE;46,38;4,89
311615 CHAPADA GAUCHA;58,13;11,89
311620 CHIADOR;78;18,14
311630 CIPOTANEA;50,85;23,39
311640 CLARAVAL;51,29;28,61
311650 CLARO DOS POCOES;82,79;6,74
311660 CLAUDIO;81,47;14,01
311670 COIMBRA;68,26;30,07
311680 COLUNA;52,97;22,33
311690 COMENDADOR GOMES;42,51;54,69
311700 COMERCINHO;45,28;28,71
311710 CONCEICAO DA APARECIDA;66,07;21,67
311720 CONCEICAO DAS PEDRAS;65,03;18,25
311730 CONCEICAO DAS ALAGOAS;90,35;7,88
311740 CONCEICAO DE IPANEMA;48,97;34,75
311750 CONCEICAO DO MATO DENTRO;65,82;15,41
311760 CONCEICAO DO PARA;72,98;21,49
311770 CONCEICAO DO RIO VERDE;86,18;9,66
311780 CONCEICAO DOS OUROS;83,12;13,46
311783 CONEGO MARINHO;62,06;6,09
311787 CONFINS;95,7;3,24
311790 CONGONHAL;72,02;21,51
311800 CONGONHAS;94,12;1,86
311810 CONGONHAS DO NORTE;71,74;15,35
311820 CONQUISTA;84,83;10,95
311830 CONSELHEIRO LAFAIETE;96,75;2,23
311840 CONSELHEIRO PENA;81,13;14,29
311850 CONSOLACAO;54,82;23,04
311860 CONTAGEM;99,31;0,45
311870 COQUEIRAL;74,5;20,37
311880 CORACAO DE JESUS;56,82;5,24
311890 CORDISBURGO;68,62;21,9
311900 CORDISLANDIA;82,19;16,21
311910 CORINTO;85,93;5,89
311920 COROACI;55,23;31,59
311930 COROMANDEL;74,82;14,46
311940 CORONEL FABRICIANO;88,02;10,52
311950 CORONEL MURTA;72;6,87
311960 CORONEL PACHECO;71,81;18,47
311970 CORONEL XAVIER CHAVES;53,26;31,29
311980 CORREGO DANTA;61,42;32,95
311990 CORREGO DO BOM JESUS;52,63;18,7
311995 CORREGO FUNDO;72,72;18,82
312000 CORREGO NOVO;63,49;27,68
312010 COUTO DE MAGALHAES DE MINAS;87,03;3,86
312015 CRISOLITA;58,83;25,06
312020 CRISTAIS;77,92;18,19
312030 CRISTALIA;70,34;14,32
312040 CRISTIANO OTONI;74,7;19,29
312050 CRISTINA;66,45;17,05
312060 CRUCILANDIA;63,15;25,43
312070 CRUZEIRO DA FORTALEZA;86,55;11,19
312080 CRUZILIA;89,7;7,08
312083 CUPARAQUE;81,66;13,61
312087 CURRAL DE DENTRO;58,99;36,66
312090 CURVELO;90,79;5,9
312100 DATAS;76,24;4,55
312110 DELFIM MOREIRA;46,07;21,61
312120 DELFINOPOLIS;73,18;24,56
312125 DELTA;92,32;7,3
312130 DESCOBERTO;83,13;13,85
312140 DESTERRO DE ENTRE RIOS;53,26;28,58
312150 DESTERRO DO MELO;47,8;28,87
312160 DIAMANTINA;88,66;4,17
312170 DIOGO DE VASCONCELOS;47,33;40,71
312180 DIONISIO;79,27;12,5
312190 DIVINESIA;69,22;29,82
312200 DIVINO;57,31;28,46
312210 DIVINO DAS LARANJEIRAS;78,99;14,76
312220 DIVINOLANDIA DE MINAS;72,71;23,02
312230 DIVINOPOLIS;95,86;3,32
312235 DIVISA ALEGRE;95,99;0,49
312240 DIVISA NOVA;80,55;11,33
312245 DIVISOPOLIS;77,29;7,36
312247 DOM BOSCO;60,29;15,03
312250 DOM CAVATI;84,77;11,52
312260 DOM JOAQUIM;70,44;17,18
312270 DOM SILVERIO;73,46;15,8
312280 DOM VICOSO;68,9;10,92
312290 DONA EUSEBIA;82,62;13,02
312300 DORES DE CAMPOS;88,74;5,43
312310 DORES DE GUANHAES;44,77;20,23
312320 DORES DO INDAIA;90,67;8,56
312330 DORES DO TURVO;39,97;49,85
312340 DORESOPOLIS;79,35;15,79
312350 DOURADOQUARA;68,16;23,77
312352 DURANDE;43,14;41,59
312360 ELOI MENDES;81,99;15,23
312370 ENGENHEIRO CALDAS;70,48;24,19
312380 ENGENHEIRO NAVARRO;74,38;9
312385 ENTRE FOLHAS;72,13;23,38
312390 ENTRE RIOS DE MINAS;77,01;16,51
312400 ERVALIA;59,12;31,11
312410 ESMERALDAS;73,87;20,14
312420 ESPERA FELIZ;67,91;22,53
312430 ESPINOSA;78,51;1,57
312440 ESPIRITO SANTO DO DOURADO;52,9;26,76
312450 ESTIVA;53,36;31,29
312460 ESTRELA DALVA;72,76;16,46
312470 ESTRELA DO INDAIA;81,06;9,96
312480 ESTRELA DO SUL;76,93;15,83
312490 EUGENOPOLIS;71,6;22,87
312500 EWBANK DA CAMARA;95,21;4,24
312510 EXTREMA;73,81;16,06
312520 FAMA;65,69;27,72
312530 FARIA LEMOS;76,61;18,04
312540 FELICIO DOS SANTOS;76,7;12,12
312550 SAO GONCALO DO RIO PRETO;66,13;7,42
312560 FELISBURGO;74,33;17,55
312570 FELIXLANDIA;76,95;12,12
312580 FERNANDES TOURINHO;55,32;42,02
312590 FERROS;35,84;28,68
312595 FERVEDOURO;43,27;38,12
312600 FLORESTAL;78,07;16,72
312610 FORMIGA;91,65;5,51
312620 FORMOSO;65,89;18,2
312630 FORTALEZA DE MINAS;74,27;14,91
312640 FORTUNA DE MINAS;73,78;19,39
312650 FRANCISCO BADARO;75,36;2,88
312660 FRANCISCO DUMONT;54,41;5,08
312670 FRANCISCO SA;64,51;12,15
312675 FRANCISCOPOLIS;47,02;31,81
312680 FREI GASPAR;58,36;30,73
312690 FREI INOCENCIO;77,38;11,25
312695 FREI LAGONEGRO;26,61;51,66
312700 FRONTEIRA;89,46;8,4
312705 FRONTEIRA DOS VALES;72,16;9,56
312707 FRUTA DE LEITE;45,31;9,39
312710 FRUTAL;83,25;13,09
312720 FUNILANDIA;71,63;18,89
312730 GALILEIA;80,3;15,45
312733 GAMELEIRAS;82,03;5,69
312735 GLAUCILANDIA;68,82;3,99
312737 GOIABEIRA;83,27;13,4
312738 GOIANA;80,15;16,71
312740 GONCALVES;29,46;29,39
312750 GONZAGA;55,84;30,31
312760 GOUVEIA;86,79;5,06
312770 GOVERNADOR VALADARES;95,69;3,44
312780 GRAO MOGOL;48,36;9,02
312790 GRUPIARA;83,56;14,06
312800 GUANHAES;80,57;13,6
312810 GUAPE;68,73;21,32
312820 GUARACIABA;39,17;45,71
312825 GUARACIAMA;79,14;2,5
312830 GUARANESIA;88,32;10,61
312840 GUARANI;79,35;17,67
312850 GUARARA;85,16;13,02
312860 GUARDA-MOR;58,74;22,48
312870 GUAXUPE;93,1;6,36
312880 GUIDOVAL;73,28;22,09
312890 GUIMARANIA;80,38;11,69
312900 GUIRICEMA;53,08;38,55
312910 GURINHATA;47,32;40,3
312920 HELIODORA;78,42;10,56
312930 IAPU;65,41;30,48
312940 IBERTIOGA;72,21;18,74
312950 IBIA;84,37;12,41
312960 IBIAI;73,19;8,13
312965 IBIRACATU;81,36;2,23
312970 IBIRACI;73,9;23,66
312980 IBIRITE;98,65;0,64
312990 IBITIURA DE MINAS;68,78;17,5
313000 IBITURUNA;86,26;11,89
313005 ICARAI DE MINAS;73,39;6,44
313010 IGARAPE;90,1;7
313020 IGARATINGA;83,57;9,5
313030 IGUATAMA;85,14;9,94
313040 IJACI;88,92;8,29
313050 ILICINEA;77,19;13,75
313055 IMBE DE MINAS;27,17;62,78
313060 INCONFIDENTES;55,13;24,88
313065 INDAIABIRA;52,52;19,24
313070 INDIANOPOLIS;64,73;29,11
313080 INGAI;63,29;24,72
313090 INHAPIM;48,91;36,31
313100 INHAUMA;84,02;9,56
313110 INIMUTABA;77,39;5,49
313115 IPABA;81,51;13,76
313120 IPANEMA;76,04;13,45
313130 IPATINGA;89,78;8,53
313140 IPIACU;90,35;9,22
313150 IPUIUNA;71,45;14,77
313160 IRAI DE MINAS;74,7;14,31
313170 ITABIRA;91,74;4,2
313180 ITABIRINHA;76,48;17,96
313190 ITABIRITO;90,55;3,87
313200 ITACAMBIRA;36,17;28,52
313210 ITACARAMBI;79,02;1,95
313220 ITAGUARA;76,77;17,88
313230 ITAIPE;50,98;31,62
313240 ITAJUBA;93,63;2,93
313250 ITAMARANDIBA;70,35;14,26
313260 ITAMARATI DE MINAS;78,14;14,32
313270 ITAMBACURI;71,51;20,14
313280 ITAMBE DO MATO DENTRO;48,77;24,96
313290 ITAMOGI;75,34;20,78
313300 ITAMONTE;64,64;9,6
313310 ITANHANDU;89,52;5,42
313320 ITANHOMI;72,78;19,75
313330 ITAOBIM;80,12;4,89
313340 ITAPAGIPE;68,97;27,15
313350 ITAPECERICA;80,27;11,41
313360 ITAPEVA;58,82;31,02
313370 ITATIAIUCU;65,94;18,67
313375 ITAU DE MINAS;97,36;1,95
313380 ITAUNA;96,51;2,81
313390 ITAVERAVA;42,24;35,03
313400 ITINGA;65,57;12,2
313410 ITUETA;52,73;34,72
313420 ITUIUTABA;93,9;4,93
313430 ITUMIRIM;86,07;10,54
313440 ITURAMA;85,94;8,26
313450 ITUTINGA;72,39;19,68
313460 JABOTICATUBAS;63,18;24,56
313470 JACINTO;81,86;7,28
313480 JACUI;62,26;27,07
313490 JACUTINGA;84,97;12,94
313500 JAGUARACU;73,99;18,02
313505 JAIBA;82,05;4,22
313507 JAMPRUCA;62,42;30,2
313510 JANAUBA;93,83;2,01
313520 JANUARIA;71,12;4,88
313530 JAPARAIBA;81,35;17,79
313535 JAPONVAR;91,98;2,86
313540 JECEABA;56,45;19,19
313545 JENIPAPO DE MINAS;59,66;3,54
313550 JEQUERI;55,97;30,11
313560 JEQUITAI;69,89;6,28
313570 JEQUITIBA;59,41;24,8
313580 JEQUITINHONHA;73,86;11,34
313590 JESUANIA;76,92;15,32
313600 JOAIMA;69,04;18,08
313610 JOANESIA;28,01;62,06
313620 JOAO MONLEVADE;97,97;0,73
313630 JOAO PINHEIRO;82,02;8,69
313640 JOAQUIM FELICIO;60,19;9,63
313650 JORDANIA;72,75;11,05
313652 JOSE GONCALVES DE MINAS;50,31;13,36
313655 JOSE RAYDAN;43,44;35,34
313657 JOSENOPOLIS;62,72;5,22
313660 NOVA UNIAO;72,41;16,21
313665 JUATUBA;91,55;4,05
313670 JUIZ DE FORA;95,69;2,58
313680 JURAMENTO;57,05;4,75
313690 JURUAIA;50,66;18,59
313695 JUVENILIA;78,49;3,9
313700 LADAINHA;40,95;40,69
313710 LAGAMAR;73,66;12,83
313720 LAGOA DA PRATA;95,89;3,55
313730 LAGOA DOS PATOS;70,84;7,14
313740 LAGOA DOURADA;78,53;15,66
313750 LAGOA FORMOSA;75,2;19,69
313753 LAGOA GRANDE;77,98;14,46
313760 LAGOA SANTA;94,6;3,86
313770 LAJINHA;60,61;26,64
313780 LAMBARI;80,41;8,88
313790 LAMIM;48,6;35,49
313800 LARANJAL;75,73;18,39
313810 LASSANCE;74,85;8,94
313820 LAVRAS;94,97;3,04
313830 LEANDRO FERREIRA;65,15;29,6
313835 LEME DO PRADO;79,49;1,51
313840 LEOPOLDINA;87,8;8,68
313850 LIBERDADE;75,8;12,45
313860 LIMA DUARTE;78,52;10,49
313862 LIMEIRA DO OESTE;67,9;22,4
313865 LONTRA;90,34;1,5
313867 LUISBURGO;31,5;45,38
313868 LUISLANDIA;75,04;2,3
313870 LUMINARIAS;79,06;15,28
313880 LUZ;86,45;9,23
313890 MACHACALIS;82,36;13,18
313900 MACHADO;83,1;13,78
313910 MADRE DE DEUS DE MINAS;82,38;11,55
313920 MALACACHETA;64,74;24,35
313925 MAMONAS;85,9;0,96
313930 MANGA;75,49;1,9
313940 MANHUACU;79,75;14,45
313950 MANHUMIRIM;79,85;15,31
313960 MANTENA;81,2;14,27
313970 MARAVILHAS;88,36;9,11
313980 MAR DE ESPANHA;89,41;8,92
313990 MARIA DA FE;65,47;14,04
314000 MARIANA;91,93;3,55
314010 MARILAC;85,55;12,46
314015 MARIO CAMPOS;89,35;7,8
314020 MARIPA DE MINAS;76,19;19,3
314030 MARLIERIA;55,23;36,17
314040 MARMELOPOLIS;53,81;21,99
314050 MARTINHO CAMPOS;84,51;11,66
314053 MARTINS SOARES;47,5;34,83
314055 MATA VERDE;80,54;11,19
314060 MATERLANDIA;58,75;31,48
314070 MATEUS LEME;83,51;10,69
314080 MATIAS BARBOSA;81,82;15,23
314085 MATIAS CARDOSO;64,15;6,26
314090 MATIPO;76,68;19,35
314100 MATO VERDE;91,2;0,85
314110 MATOZINHOS;94,43;2,14
314120 MATUTINA;82,27;13,85
314130 MEDEIROS;56,74;27,3
314140 MEDINA;77,01;13,63
314150 MENDES PIMENTEL;53,73;36,63
314160 MERCES;71,64;14,15
314170 MESQUITA;52,8;36,11
314180 MINAS NOVAS;49,73;5,71
314190 MINDURI;91,31;4,26
314200 MIRABELA;86,4;2,75
314210 MIRADOURO;64,6;24,54
314220 MIRAI;85,52;11,02
314225 MIRAVANIA;89,04;1,19
314230 MOEDA;39,15;21,03
314240 MOEMA;91,72;7,49
314250 MONJOLOS;66,28;11,53
314260 MONSENHOR PAULO;75,86;17,23
314270 MONTALVANIA;74,76;4,66
314280 MONTE ALEGRE DE MINAS;74,35;24,05
314290 MONTE AZUL;85,85;1,48
314300 MONTE BELO;71,83;15,31
314310 MONTE CARMELO;87,95;9,98
314315 MONTE FORMOSO;40,15;35,4
314320 MONTE SANTO DE MINAS;79,98;16,77
314330 MONTES CLAROS;91,34;3,71
314340 MONTE SIAO;77,36;17
314345 MONTEZUMA;67,04;17,22
314350 MORADA NOVA DE MINAS;76,8;12,05
314360 MORRO DA GARCA;60,64;13,61
314370 MORRO DO PILAR;74,28;15,72
314380 MUNHOZ;61,25;27,44
314390 MURIAE;92,35;6,59
314400 MUTUM;49,03;37,38
314410 MUZAMBINHO;77,47;11,94
314420 NACIP RAYDAN;67,77;19,14
314430 NANUQUE;91,01;7,13
314435 NAQUE;92,3;7,16
314437 NATALANDIA;73,13;7,97
314440 NATERCIA;67,24;14,15
314450 NAZARENO;83;12,71
314460 NEPOMUCENO;79,82;15,25
314465 NINHEIRA;53,52;1,82
314467 NOVA BELEM;34,67;53,41
314470 NOVA ERA;84,25;4,1
314480 NOVA LIMA;92,7;2,09
314490 NOVA MODICA;64,61;29,82
314500 NOVA PONTE;85,71;11,11
314505 NOVA PORTEIRINHA;87,25;2,87
314510 NOVA RESENDE;55,63;18
314520 NOVA SERRANA;93,41;5,11
314530 NOVO CRUZEIRO;39,16;33,35
314535 NOVO ORIENTE DE MINAS;55,16;28,46
314537 NOVORIZONTE;53,17;3,39
314540 OLARIA;60,75;21,79
314545 OLHOS-D'AGUA;59,63;12,58
314550 OLIMPIO NORONHA;94,86;3,63
314560 OLIVEIRA;88,52;8,09
314570 OLIVEIRA FORTES;64,96;22,71
314580 ONCA DE PITANGUI;34,41;36,79
314585 ORATORIOS;70,79;24,38
314587 ORIZANIA;43,45;38,82
314590 OURO BRANCO;89,55;4,39
314600 OURO FINO;78,15;15,43
314610 OURO PRETO;87,64;4,95
314620 OURO VERDE DE MINAS;64,88;27,22
314625 PADRE CARVALHO;67,74;9,69
314630 PADRE PARAISO;63,68;12,05
314640 PAINEIRAS;80,58;13,65
314650 PAINS;85,62;8,99
314655 PAI PEDRO;52,35;5,99
314660 PAIVA;78,44;9,16
314670 PALMA;75,21;21,72
314675 PALMOPOLIS;72,05;13,97
314690 PAPAGAIOS;87,6;9,82
314700 PARACATU;84,11;11,07
314710 PARA DE MINAS;92,96;5,13
314720 PARAGUACU;80,73;15,1
314730 PARAISOPOLIS;81,75;9,39
314740 PARAOPEBA;85,85;7,69
314750 PASSABEM;43,63;18,67
314760 PASSA QUATRO;84,84;6,63
314770 PASSA TEMPO;75,12;17,25
314780 PASSA-VINTE;62,79;25,72
314790 PASSOS;94,89;4,24
314795 PATIS;88,49;3,94
314800 PATOS DE MINAS;90,93;5,92
314810 PATROCINIO;84,89;11,62
314820 PATROCINIO DO MURIAE;80,35;17,15
314830 PAULA CANDIDO;57,78;34,55
314840 PAULISTAS;58,53;30,65
314850 PAVAO;68,62;24,15
314860 PECANHA;56,04;32,3
314870 PEDRA AZUL;85,34;6,5
314875 PEDRA BONITA;33,03;44,4
314880 PEDRA DO ANTA;61,46;31,89
314890 PEDRA DO INDAIA;66,52;26,15
314900 PEDRA DOURADA;64,75;15,93
314910 PEDRALVA;51,04;24,27
314915 PEDRAS DE MARIA DA CRUZ;71,22;4,34
314920 PEDRINOPOLIS;83,61;11,89
314930 PEDRO LEOPOLDO;95,1;3,46
314940 PEDRO TEIXEIRA;60,92;31,91
314950 PEQUERI;87,36;11,02
314960 PEQUI;77,84;12,62
314970 PERDIGAO;81,75;13,47
314980 PERDIZES;65,21;29,57
314990 PERDOES;90,23;7,07
314995 PERIQUITO;82,79;16,31
315000 PESCADOR;75,3;20,65
315010 PIAU;58,64;29,42
315015 PIEDADE DE CARATINGA;52,43;46,17
315020 PIEDADE DE PONTE NOVA;79,91;17,83
315030 PIEDADE DO RIO GRANDE;77,57;13,75
315040 PIEDADE DOS GERAIS;46,4;33,68
315050 PIMENTA;84,77;11,36
315053 PINGO-D'AGUA;89,47;9,15
315057 PINTOPOLIS;58,02;11,14
315060 PIRACEMA;64,01;28,25
315070 PIRAJUBA;85,39;14,28
315080 PIRANGA;40,94;32,6
315090 PIRANGUCU;44,25;27,04
315100 PIRANGUINHO;62,96;25,87
315110 PIRAPETINGA;87,51;11,12
315120 PIRAPORA;97,86;1,44
315130 PIRAUBA;78,62;20,23
315140 PITANGUI;86,22;4,13
315150 PIUMHI;90,43;7,36
315160 PLANURA;94,12;5,15
315170 POCO FUNDO;58,33;21,4
315180 POCOS DE CALDAS;97,14;1,94
315190 POCRANE;65,63;28,03
315200 POMPEU;84,63;11,71
315210 PONTE NOVA;88,72;8,3
315213 PONTO CHIQUE;67,54;12,6
315217 PONTO DOS VOLANTES;46,85;21,12
315220 PORTEIRINHA;73,34;2,53
315230 PORTO FIRME;55,16;33,98
315240 POTE;61,55;27,99
315250 POUSO ALEGRE;90,77;7,58
315260 POUSO ALTO;63,74;19,16
315270 PRADOS;80,62;9,13
315280 PRATA;77,11;19,82
315290 PRATAPOLIS;88,6;8,8
315300 PRATINHA;56,39;34,45
315310 PRESIDENTE BERNARDES;43,1;28,11
315320 PRESIDENTE JUSCELINO;53,7;10,54
315330 PRESIDENTE KUBITSCHEK;81,58;8,55
315340 PRESIDENTE OLEGARIO;71,61;17,64
315350 ALTO JEQUITIBA;59,13;29,35
315360 PRUDENTE DE MORAIS;93,82;3,26
315370 QUARTEL GERAL;81,6;14,9
315380 QUELUZITO;62,79;19,1
315390 RAPOSOS;96,46;1,16
315400 RAUL SOARES;64,55;27,83
315410 RECREIO;87,86;11,26
315415 REDUTO;62,31;26,52
315420 RESENDE COSTA;80,79;12,09
315430 RESPLENDOR;76,9;18
315440 RESSAQUINHA;59,83;18,2
315445 RIACHINHO;57,94;18,23
315450 RIACHO DOS MACHADOS;57,6;8,36
315460 RIBEIRAO DAS NEVES;95,77;2,21
315470 RIBEIRAO VERMELHO;91,93;5,68
315480 RIO ACIMA;93,58;3,19
315490 RIO CASCA;81,88;15,55
315500 RIO DOCE;78,97;11,61
315510 RIO DO PRADO;70,87;11,97
315520 RIO ESPERA;41,53;37,81
315530 RIO MANSO;60,92;27
315540 RIO NOVO;83,67;14,98
315550 RIO PARANAIBA;66,43;22,91
315560 RIO PARDO DE MINAS;64,21;14,51
315570 RIO PIRACICABA;84,58;10,87
315580 RIO POMBA;84,52;12,96
315590 RIO PRETO;75,94;14,46
315600 RIO VERMELHO;42,22;24,49
315610 RITAPOLIS;69,53;12,84
315620 ROCHEDO DE MINAS;80,09;7,54
315630 RODEIRO;89,1;9,05
315640 ROMARIA;77,57;19,26
315645 ROSARIO DA LIMEIRA;53,03;35,42
315650 RUBELITA;53,06;12,62
315660 RUBIM;77,5;10,65
315670 SABARA;95,77;1,59
315680 SABINOPOLIS;64,01;23,7
315690 SACRAMENTO;80,59;14,86
315700 SALINAS;81,7;2,83
315710 SALTO DA DIVISA;84,65;1,72
315720 SANTA BARBARA;89,44;4,49
315725 SANTA BARBARA DO LESTE;40,06;44,72
315727 SANTA BARBARA DO MONTE VERDE;65,04;27,65
315730 SANTA BARBARA DO TUGURIO;49,24;27,29
315733 SANTA CRUZ DE MINAS;98,85;0,52
315737 SANTA CRUZ DE SALINAS;55,94;20,63
315740 SANTA CRUZ DO ESCALVADO;53,76;41,4
315750 SANTA EFIGENIA DE MINAS;52,23;33,03
315760 SANTA FE DE MINAS;57,73;13,37
315765 SANTA HELENA DE MINAS;62,55;11,24
315770 SANTA JULIANA;85,02;12,74
315780 SANTA LUZIA;97,61;1,12
315790 SANTA MARGARIDA;52,32;36,57
315800 SANTA MARIA DE ITABIRA;60,08;16,39
315810 SANTA MARIA DO SALTO;74,25;13,72
315820 SANTA MARIA DO SUACUI;70,25;20,51
315830 SANTANA DA VARGEM;73,56;22,17
315840 SANTANA DE CATAGUASES;80,2;14,69
315850 SANTANA DE PIRAPAMA;40,24;34,09
315860 SANTANA DO DESERTO;81,59;15,75
315870 SANTANA DO GARAMBEU;75,72;10,47
315880 SANTANA DO JACARE;96,27;2,86
315890 SANTANA DO MANHUACU;47,98;31,24
315895 SANTANA DO PARAISO;69,19;27,53
315900 SANTANA DO RIACHO;67,52;10,8
315910 SANTANA DOS MONTES;63,06;18,69
315920 SANTA RITA DE CALDAS;63,12;24,93
315930 SANTA RITA DE JACUTINGA;76,34;15,42
315935 SANTA RITA DE MINAS;71,53;20,7
315940 SANTA RITA DE IBITIPOCA;64,18;13,67
315950 SANTA RITA DO ITUETO;44,71;39,45
315960 SANTA RITA DO SAPUCAI;85,57;11,24
315970 SANTA ROSA DA SERRA;85,63;11,55
315980 SANTA VITORIA;79,45;15,86
315990 SANTO ANTONIO DO AMPARO;84,44;7,52
316000 SANTO ANTONIO DO AVENTUREIRO;74;20,76
316010 SANTO ANTONIO DO GRAMA;82,31;17,12
316020 SANTO ANTONIO DO ITAMBE;40,84;34,6
316030 SANTO ANTONIO DO JACINTO;57,61;23,31
316040 SANTO ANTONIO DO MONTE;86,53;11,31
316045 SANTO ANTONIO DO RETIRO;51,33;11,01
316050 SANTO ANTONIO DO RIO ABAIXO;49,44;27,26
316060 SANTO HIPOLITO;74,61;6,95
316070 SANTOS DUMONT;87,81;5,23
316080 SAO BENTO ABADE;92,47;5,25
316090 SAO BRAS DO SUACUI;90,3;6,89
316095 SAO DOMINGOS DAS DORES;30,56;56,05
316100 SAO DOMINGOS DO PRATA;63,7;23,06
316105 SAO FELIX DE MINAS;54,61;38,37
316110 SAO FRANCISCO;71,54;4,92
316120 SAO FRANCISCO DE PAULA;80,41;12,65
316130 SAO FRANCISCO DE SALES;74,13;20,24
316140 SAO FRANCISCO DO GLORIA;63,51;25,34
316150 SAO GERALDO;73,14;21,45
316160 SAO GERALDO DA PIEDADE;66,1;24,78
316165 SAO GERALDO DO BAIXIO;71,18;21,48
316170 SAO GONCALO DO ABAETE;79,03;12,72
316180 SAO GONCALO DO PARA;86,34;11,55
316190 SAO GONCALO DO RIO ABAIXO;80,31;11,08
316200 SAO GONCALO DO SAPUCAI;80,66;11,95
316210 SAO GOTARDO;89,49;8,38
316220 SAO JOAO BATISTA DO GLORIA;82,24;17,02
316225 SAO JOAO DA LAGOA;62;7,42
316230 SAO JOAO DA MATA;64,01;22,37
316240 SAO JOAO DA PONTE;87,28;3,14
316245 SAO JOAO DAS MISSOES;56,59;0,39
316250 SAO JOAO DEL REI;91,93;6,25
316255 SAO JOAO DO MANHUACU;46,85;37,23
316257 SAO JOAO DO MANTENINHA;78,76;14,96
316260 SAO JOAO DO ORIENTE;80,11;18,7
316265 SAO JOAO DO PACUI;72,68;4,38
316270 SAO JOAO DO PARAISO;73,7;8,61
316280 SAO JOAO EVANGELISTA;67,99;23,98
316290 SAO JOAO NEPOMUCENO;91,66;4,32
316292 SAO JOAQUIM DE BICAS;88,03;5,99
316294 SAO JOSE DA BARRA;67,61;21,93
316295 SAO JOSE DA LAPA;95,66;2,85
316300 SAO JOSE DA SAFIRA;72,23;17,45
316310 SAO JOSE DA VARGINHA;65,59;28,74
316320 SAO JOSE DO ALEGRE;74,45;18,14
316330 SAO JOSE DO DIVINO;70,83;21,18
316340 SAO JOSE DO GOIABAL;73,83;14,1
316350 SAO JOSE DO JACURI;32,65;44,04
316360 SAO JOSE DO MANTIMENTO;62,18;16,24
316370 SAO LOURENCO;98,49;0,9
316380 SAO MIGUEL DO ANTA;56,32;34,99
316390 SAO PEDRO DA UNIAO;65,16;22,48
316400 SAO PEDRO DOS FERROS;81;17,62
316410 SAO PEDRO DO SUACUI;50,39;33,88
316420 SAO ROMAO;66,43;9,84
316430 SAO ROQUE DE MINAS;64,48;21,29
316440 SAO SEBASTIAO DA BELA VISTA;61,72;26,75
316443 SAO SEBASTIAO DA VARGEM ALEGRE;56,01;32,94
316447 SAO SEBASTIAO DO ANTA;47,25;46,55
316450 SAO SEBASTIAO DO MARANHAO;38,08;42,91
316460 SAO SEBASTIAO DO OESTE;60,09;35,36
316470 SAO SEBASTIAO DO PARAISO;92,61;6,14
316480 SAO SEBASTIAO DO RIO PRETO;53,4;23,3
316490 SAO SEBASTIAO DO RIO VERDE;62,61;19,06
316500 SAO TIAGO;80,1;14,3
316510 SAO TOMAS DE AQUINO;78,9;16,91
316520 SAO THOME DAS LETRAS;64,74;19,77
316530 SAO VICENTE DE MINAS;89,48;9,84
316540 SAPUCAI-MIRIM;60,55;18,04
316550 SARDOA;58,15;33,47
316553 SARZEDO;95,75;1,61
316555 SETUBINHA;26,35;42,04
316556 SEM-PEIXE;53,66;26,56
316557 SENADOR AMARAL;62,8;19,77
316560 SENADOR CORTES;76,86;18,86
316570 SENADOR FIRMINO;70,1;23,12
316580 SENADOR JOSE BENTO;37,68;40,7
316590 SENADOR MODESTINO GONCALVES;44,61;35,96
316600 SENHORA DE OLIVEIRA;72,08;19,61
316610 SENHORA DO PORTO;44,05;39,79
316620 SENHORA DOS REMEDIOS;68,74;13,55
316630 SERICITA;51,19;35,27
316640 SERITINGA;83,68;8,16
316650 SERRA AZUL DE MINAS;48,03;17,71
316660 SERRA DA SAUDADE;67,47;26,64
316670 SERRA DOS AIMORES;86,88;7,63
316680 SERRA DO SALITRE;72,65;21,72
316690 SERRANIA;87,21;11,67
316695 SERRANOPOLIS DE MINAS;50,23;3,5
316700 SERRANOS;79,53;12,13
316710 SERRO;64,65;13,46
316720 SETE LAGOAS;97,56;1,44
316730 SILVEIRANIA;70,11;22,83
316740 SILVIANOPOLIS;60,67;32,63
316750 SIMAO PEREIRA;83,05;11,26
316760 SIMONESIA;44,46;37,2
316770 SOBRALIA;67,78;29,7
316780 SOLEDADE DE MINAS;66,29;18,3
316790 TABULEIRO;67,6;25,31
316800 TAIOBEIRAS;79,89;13,01
316805 TAPARUBA;62,95;26,9
316810 TAPIRA;59,55;32,14
316820 TAPIRAI;59,64;26,96
316830 TAQUARACU DE MINAS;53,61;21,86
316840 TARUMIRIM;54,15;35,84
316850 TEIXEIRAS;63,78;32,99
316860 TEOFILO OTONI;83,73;11,21
316870 TIMOTEO;93,41;4,2
316880 TIRADENTES;83,24;14,42
316890 TIROS;68,34;21,29
316900 TOCANTINS;78,83;19,3
316905 TOCOS DO MOJI;44,18;31,75
316910 TOLEDO;49,84;32,11
316920 TOMBOS;78,71;14,76
316930 TRES CORACOES;90,71;7,96
316935 TRES MARIAS;92,88;5
316940 TRES PONTAS;87,29;11,07
316950 TUMIRITINGA;79,46;14,79
316960 TUPACIGUARA;90,21;7,5
316970 TURMALINA;75,48;5,68
316980 TURVOLANDIA;60,47;29,46
316990 UBA;90,98;7,86
317000 UBAI;85,22;5,24
317005 UBAPORANGA;48,54;34,82
317010 UBERABA;95,98;3,2
317020 UBERLANDIA;97,99;1,53
317030 UMBURATIBA;80,43;13,72
317040 UNAI;81,27;11,11
317043 UNIAO DE MINAS;58,81;27,28
317047 URUANA DE MINAS;67,25;9,5
317050 URUCANIA;71,06;17,03
317052 URUCUIA;58,3;11,01
317057 VARGEM ALEGRE;82,04;10,79
317060 VARGEM BONITA;69,67;20,55
317065 VARGEM GRANDE DO RIO PARDO;53,88;7,17
317070 VARGINHA;96,46;2,94
317075 VARJAO DE MINAS;83,38;8,83
317080 VARZEA DA PALMA;90,74;4,29
317090 VARZELANDIA;83,13;3,2
317100 VAZANTE;84,69;10,05
317103 VERDELANDIA;64,21;17,42
317107 VEREDINHA;70,42;6,54
317110 VERISSIMO;60,13;29,97
317115 VERMELHO NOVO;38,9;49
317120 VESPASIANO;98,88;0,74
317130 VICOSA;90,66;7,63
317140 VIEIRAS;53,01;26,2
317150 MATHIAS LOBATO;89,9;8,48
317160 VIRGEM DA LAPA;65,73;3,06
317170 VIRGINIA;62,42;16,27
317180 VIRGINOPOLIS;60,51;31,89
317190 VIRGOLANDIA;64,68;17,46
317200 VISCONDE DO RIO BRANCO;86,21;10,8
317210 VOLTA GRANDE;80,65;16,48
317220 WENCESLAU BRAZ;28,1;16,86
320010 AFONSO CLAUDIO;51,98;35,75
320013 AGUIA BRANCA;34,33;55,2
320016 AGUA DOCE DO NORTE;55,51;32,67
320020 ALEGRE;75,28;17,89
320030 ALFREDO CHAVES;48,73;31,48
320035 ALTO RIO NOVO;59,97;33,59
320040 ANCHIETA;80,41;12,62
320050 APIACA;72,61;18,23
320060 ARACRUZ;88,39;9,17
320070 ATILIO VIVACQUA;71,92;22,26
320080 BAIXO GUANDU;80,53;14,28
320090 BARRA DE SAO FRANCISCO;66,5;29,89
320100 BOA ESPERANCA;73;25,7
320110 BOM JESUS DO NORTE;91,75;6,21
320115 BREJETUBA;29,52;57,22
320120 CACHOEIRO DE ITAPEMIRIM;93,81;4,51
320130 CARIACICA;97,23;2,24
320140 CASTELO;71,79;21,58
320150 COLATINA;88,73;9,23
320160 CONCEICAO DA BARRA;84,78;10,59
320170 CONCEICAO DO CASTELO;52,48;36,36
320180 DIVINO DE SAO LOURENCO;45,1;36,15
320190 DOMINGOS MARTINS;34,57;55,17
320200 DORES DO RIO PRETO;58,67;34,82
320210 ECOPORANGA;69,08;25,97
320220 FUNDAO;81,27;15,32
320225 GOVERNADOR LINDENBERG;42,7;52,35
320230 GUACUI;78,55;14,58
320240 GUARAPARI;89,81;7,48
320245 IBATIBA;54,58;32,16
320250 IBIRACU;86,91;9,93
320255 IBITIRAMA;42,18;39,44
320260 ICONHA;62,89;21,4
320265 IRUPI;35,61;43,96
320270 ITAGUACU;60,8;31,23
320280 ITAPEMIRIM;72,52;22,75
320290 ITARANA;47,97;43,31
320300 IUNA;57,57;26,26
320305 JAGUARE;67,51;29,98
320310 JERONIMO MONTEIRO;78,48;16,69
320313 JOAO NEIVA;90,1;8,47
320316 LARANJA DA TERRA;38,28;49,83
320320 LINHARES;85,81;12,15
320330 MANTENOPOLIS;66,88;28,75
320332 MARATAIZES;84,4;14,38
320334 MARECHAL FLORIANO;51,81;39,72
320335 MARILANDIA;59,32;35,51
320340 MIMOSO DO SUL;60,42;30,61
320350 MONTANHA;76,03;20,87
320360 MUCURICI;58,36;33,75
320370 MUNIZ FREIRE;44,51;42,55
320380 MUQUI;66,42;24,28
320390 NOVA VENECIA;69,39;27,62
320400 PANCAS;48,21;43,41
320405 PEDRO CANARIO;91,37;6,1
320410 PINHEIROS;80,11;16,9
320420 PIUMA;94,83;4,16
320425 PONTO BELO;78,78;18,59
320430 PRESIDENTE KENNEDY;58,47;33,9
320435 RIO BANANAL;38,53;57,26
320440 RIO NOVO DO SUL;58,2;30,17
320450 SANTA LEOPOLDINA;26,78;60,19
320455 SANTA MARIA DE JETIBA;28,3;57,51
320460 SANTA TERESA;53,14;38,52
320465 SAO DOMINGOS DO NORTE;46,46;48,72
320470 SAO GABRIEL DA PALHA;69,93;28,05
320480 SAO JOSE DO CALCADO;80,41;16,35
320490 SAO MATEUS;79,75;16,95
320495 SAO ROQUE DO CANAA;50,34;45,02
320500 SERRA;96,54;2,68
320501 SOORETAMA;72,56;24,52
320503 VARGEM ALTA;35,87;31,91
320506 VENDA NOVA DO IMIGRANTE;57,54;35,79
320510 VIANA;89,72;7,46
320515 VILA PAVAO;42,21;50,43
320517 VILA VALERIO;33,5;60,31
320520 VILA VELHA;98,64;1,14
320530 VITORIA;99,26;0,66
330010 ANGRA DOS REIS;88,89;3,64
330015 APERIBE;86,62;10,23
330020 ARARUAMA;89,14;6,99
330022 AREAL;66,4;19,26
330023 ARMACAO DOS BUZIOS;80,28;3,25
330025 ARRAIAL DO CABO;69,03;24,89
330030 BARRA DO PIRAI;77,21;18,66
330040 BARRA MANSA;90,58;7,77
330045 BELFORD ROXO;74,5;19,85
330050 BOM JARDIM;58,11;25,9
330060 BOM JESUS DO ITABAPOANA;86,71;9,64
330070 CABO FRIO;69,43;20,8
330080 CACHOEIRAS DE MACACU;74,62;14,14
330090 CAMBUCI;70,84;18,65
330093 CARAPEBUS;41,46;53,65
330095 COMENDADOR LEVY GASPARIAN;93,04;4,63
330100 CAMPOS DOS GOYTACAZES;73,95;23,74
330110 CANTAGALO;76,91;17,58
330115 CARDOSO MOREIRA;68,4;23,01
330120 CARMO;89,72;6,69
330130 CASIMIRO DE ABREU;90,5;7,64
330140 CONCEICAO DE MACABU;34,47;61,23
330150 CORDEIRO;92,47;4,13
330160 DUAS BARRAS;54,07;27,03
330170 DUQUE DE CAXIAS;62,57;32,21
330180 ENGENHEIRO PAULO DE FRONTIN;42,22;46,7
330185 GUAPIMIRIM;55,7;34,01
330187 IGUABA GRANDE;82,26;3,11
330190 ITABORAI;27,01;62,42
330200 ITAGUAI;81,17;14,38
330205 ITALVA;83,33;11,93
330210 ITAOCARA;79,09;17,19
330220 ITAPERUNA;89,37;7,25
330225 ITATIAIA;91,34;2,08
330227 JAPERI;83,21;12,49
330230 LAJE DO MURIAE;75,45;19,16
330240 MACAE;78,88;15,3
330245 MACUCO;92,8;6,6
330250 MAGE;40,12;45,81
330260 MANGARATIBA;57,23;6,69
330270 MARICA;18,95;74,13
330280 MENDES;63,27;30,23
330285 MESQUITA;91,23;5,24
330290 MIGUEL PEREIRA;56,04;34,37
330300 MIRACEMA;88,83;8,92
330310 NATIVIDADE;83,14;14,39
330320 NILOPOLIS;91,17;7,43
330330 NITEROI;97,36;1,69
330340 NOVA FRIBURGO;75,55;13,69
330350 NOVA IGUACU;76,27;20,28
330360 PARACAMBI;68,02;21,24
330370 PARAIBA DO SUL;86,08;11,14
330380 PARATY;70,24;11,68
330385 PATY DO ALFERES;57,69;31,87
330390 PETROPOLIS;58,73;18,65
330395 PINHEIRAL;88,19;9,28
330400 PIRAI;82,32;14,02
330410 PORCIUNCULA;75,56;17,57
330411 PORTO REAL;95,42;3,69
330412 QUATIS;82,17;15,84
330414 QUEIMADOS;82,52;15,45
330415 QUISSAMA;71,92;23,62
330420 RESENDE;96,33;1,97
330430 RIO BONITO;55,74;36,82
330440 RIO CLARO;65,06;17,08
330450 RIO DAS FLORES;81,04;10,86
330452 RIO DAS OSTRAS;60,76;29,85
330455 RIO DE JANEIRO;98,47;0,57
330460 SANTA MARIA MADALENA;48,93;22,62
330470 SANTO ANTONIO DE PADUA;81,08;13,95
330475 SAO FRANCISCO DE ITABAPOANA;25,32;70,56
330480 SAO FIDELIS;78,62;14,09
330490 SAO GONCALO;79,68;13,18
330500 SAO JOAO DA BARRA;70,97;27,2
330510 SAO JOAO DE MERITI;93,03;4,69
330513 SAO JOSE DE UBA;47,44;40,57
330515 SAO JOSE DO VALE DO RIO PRETO;48,27;41,9
330520 SAO PEDRO DA ALDEIA;87,56;2,24
330530 SAO SEBASTIAO DO ALTO;51,11;41,93
330540 SAPUCAIA;70,71;21,89
330550 SAQUAREMA;40,8;53,08
330555 SEROPEDICA;93,75;4,96
330560 SILVA JARDIM;43,18;53,05
330570 SUMIDOURO;29;40,94
330575 TANGUA;30,59;62,96
330580 TERESOPOLIS;70,26;13,7
330590 TRAJANO DE MORAES;37,16;28,63
330600 TRES RIOS;94,39;4,06
330610 VALENCA;80,61;14,31
330615 VARRE-SAI;46,04;45,34
330620 VASSOURAS;78,79;16,19
330630 VOLTA REDONDA;98,87;0,77
350010 ADAMANTINA;95,21;4,46
350020 ADOLFO;87,17;10,58
350030 AGUAI;90,03;8,87
350040 AGUAS DA PRATA;86,39;11,25
350050 AGUAS DE LINDOIA;92,65;5,45
350055 AGUAS DE SANTA BARBARA;76,16;15,45
350060 AGUAS DE SAO PEDRO;99,9;0,1
350070 AGUDOS;95,29;3,52
350075 ALAMBARI;72;25,9
350080 ALFREDO MARCONDES;84,87;14,17
350090 ALTAIR;78,87;20,63
350100 ALTINOPOLIS;88,29;9,42
350110 ALTO ALEGRE;80,07;17,24
350115 ALUMINIO;83,75;11,45
350120 ALVARES FLORENCE;68,42;29,76
350130 ALVARES MACHADO;88,07;11,27
350140 ALVARO DE CARVALHO;90,22;9,39
350150 ALVINLANDIA;90,77;8,24
350160 AMERICANA;97,93;1,72
350170 AMERICO BRASILIENSE;98,94;0,94
350180 AMERICO DE CAMPOS;85,73;12,65
350190 AMPARO;86,03;10,37
350200 ANALANDIA;79,91;17,83
350210 ANDRADINA;93,81;5,05
350220 ANGATUBA;80,51;14,65
350230 ANHEMBI;74,77;21,16
350240 ANHUMAS;82,58;15,6
350250 APARECIDA;98,17;1,35
350260 APARECIDA D'OESTE;84,03;15,58
350270 APIAI;80,78;9,75
350275 ARACARIGUAMA;68,14;21,79
350280 ARACATUBA;97,32;2,3
350290 ARACOIABA DA SERRA;64,17;32,05
350300 ARAMINA;93,39;4,55
350310 ARANDU;72,09;24,28
350315 ARAPEI;73,87;21,86
350320 ARARAQUARA;98,05;1,44
350330 ARARAS;97,18;2,27
350335 ARCO-IRIS;59,41;37,17
350340 AREALVA;76,74;21,76
350350 AREIAS;74,03;22,64
350360 AREIOPOLIS;96,8;2,77
350370 ARIRANHA;91,04;4,72
350380 ARTUR NOGUEIRA;88,89;7,75
350390 ARUJA;93;5,76
350395 ASPASIA;70,58;28,6
350400 ASSIS;96,71;3,05
350410 ATIBAIA;75,37;22,6
350420 AURIFLAMA;89,75;8,92
350430 AVAI;67,67;21,45
350440 AVANHANDAVA;94,13;5,67
350450 AVARE;94,05;4,8
350460 BADY BASSITT;92,51;6,56
350470 BALBINOS;86,2;6,58
350480 BALSAMO;91,14;7,88
350490 BANANAL;78,53;13,83
350500 BARAO DE ANTONINA;74,54;15,71
350510 BARBOSA;86,59;11,99
350520 BARIRI;94,76;4,85
350530 BARRA BONITA;98,83;0,84
350535 BARRA DO CHAPEU;47,49;32,72
350540 BARRA DO TURVO;43,55;16,31
350550 BARRETOS;95,95;3,66
350560 BARRINHA;98,37;1,14
350570 BARUERI;99,26;0,31
350580 BASTOS;87,07;12,43
350590 BATATAIS;95,99;3,75
350600 BAURU;98,43;1,18
350610 BEBEDOURO;95,95;3,91
350620 BENTO DE ABREU;91,88;8
350630 BERNARDINO DE CAMPOS;90,52;8,79
350635 BERTIOGA;90,02;0,86
350640 BILAC;92,06;7,65
350650 BIRIGUI;96,26;3,2
350660 BIRITIBA-MIRIM;65,57;32,33
350670 BOA ESPERANCA DO SUL;91,78;7,23
350680 BOCAINA;93,3;6,01
350690 BOFETE;64,57;30,94
350700 BOITUVA;87,71;11,05
350710 BOM JESUS DOS PERDOES;87,69;10,54
350715 BOM SUCESSO DE ITARARE;67,1;9,08
350720 BORA;78,66;20,08
350730 BORACEIA;89,25;10,35
350740 BORBOREMA;89,21;9,7
350745 BOREBI;87,73;7,99
350750 BOTUCATU;95,92;2,93
350760 BRAGANCA PAULISTA;87,97;10,55
350770 BRAUNA;87,85;9,07
350775 BREJO ALEGRE;83,97;14,92
350780 BRODOWSKI;96,65;2,96
350790 BROTAS;91,17;8,06
350800 BURI;81,79;14,51
350810 BURITAMA;92;6,53
350820 BURITIZAL;81,14;17,04
350830 CABRALIA PAULISTA;86,81;10,36
350840 CABREUVA;84,94;13,7
350850 CACAPAVA;92,97;6,48
350860 CACHOEIRA PAULISTA;93,07;5,11
350870 CACONDE;68,53;23,74
350880 CAFELANDIA;86,34;9,63
350890 CAIABU;82,52;16,26
350900 CAIEIRAS;96,41;1,26
350910 CAIUA;56,72;15,66
350920 CAJAMAR;90,78;6,26
350925 CAJATI;79,54;11,09
350930 CAJOBI;92,08;7,5
350940 CAJURU;88,14;10,03
350945 CAMPINA DO MONTE ALEGRE;84,07;13,5
350950 CAMPINAS;98,13;1,31
350960 CAMPO LIMPO PAULISTA;92,06;7,42
350970 CAMPOS DO JORDAO;89,44;2,64
350980 CAMPOS NOVOS PAULISTA;77,85;19,73
350990 CANANEIA;86,15;4,64
350995 CANAS;92,95;6,14
351000 CANDIDO MOTA;93,7;6,04
351010 CANDIDO RODRIGUES;85,14;14,52
351015 CANITAR;94,42;4,68
351020 CAPAO BONITO;85,04;11,99
351030 CAPELA DO ALTO;81,34;17,52
351040 CAPIVARI;92,88;3,01
351050 CARAGUATATUBA;96,36;1,47
351060 CARAPICUIBA;98,1;0,25
351070 CARDOSO;88,8;10,84
351080 CASA BRANCA;88,74;10,87
351090 CASSIA DOS COQUEIROS;67,86;28,91
351100 CASTILHO;75,61;15,58
351110 CATANDUVA;97,33;2,51
351120 CATIGUA;92,14;7,55
351130 CEDRAL;80,15;14,53
351140 CERQUEIRA CESAR;90,38;8,46
351150 CERQUILHO;94,84;3,67
351160 CESARIO LANGE;77,4;20,85
351170 CHARQUEADA;95,33;4,42
351190 CLEMENTINA;95,55;4,26
351200 COLINA;92,85;6,57
351210 COLOMBIA;80,14;18,81
351220 CONCHAL;92,03;7,71
351230 CONCHAS;79,25;15,67
351240 CORDEIROPOLIS;90,96;6,88
351250 COROADOS;81,79;18,03
351260 CORONEL MACEDO;81,25;17,76
351270 CORUMBATAI;64,3;31,16
351280 COSMOPOLIS;96,04;2,98
351290 COSMORAMA;74,42;23,7
351300 COTIA;90,98;8,05
351310 CRAVINHOS;97,23;2,48
351320 CRISTAIS PAULISTA;71,51;25,59
351330 CRUZALIA;81,51;17,84
351340 CRUZEIRO;97,63;0,93
351350 CUBATAO;87,76;0,21
351360 CUNHA;55,68;29,93
351370 DESCALVADO;90,48;7,66
351380 DIADEMA;99,43;0,16
351385 DIRCE REIS;80,81;19,19
351390 DIVINOLANDIA;69,44;25,09
351400 DOBRADA;97,98;1,94
351410 DOIS CORREGOS;95,14;3,23
351420 DOLCINOPOLIS;94,1;5,62
351430 DOURADO;93,2;6,38
351440 DRACENA;95,64;3,41
351450 DUARTINA;89,7;9,61
351460 DUMONT;96,35;2,81
351470 ECHAPORA;80,77;16,5
351480 ELDORADO;54,2;30,23
351490 ELIAS FAUSTO;79,76;14,11
351492 ELISIARIO;90,95;9,05
351495 EMBAUBA;84,52;15,11
351500 EMBU DAS ARTES;98,01;1,46
351510 EMBU-GUACU;77,32;19,88
351512 EMILIANOPOLIS;83,56;12,5
351515 ENGENHEIRO COELHO;74,61;17,25
351518 ESPIRITO SANTO DO PINHAL;89,24;9,69
351519 ESPIRITO SANTO DO TURVO;85,11;10,38
351520 ESTRELA D'OESTE;83,82;15,7
351530 ESTRELA DO NORTE;76,6;21,9
351535 EUCLIDES DA CUNHA PAULISTA;70,03;18,73
351540 FARTURA;81,84;14,52
351550 FERNANDOPOLIS;95,65;4,16
351560 FERNANDO PRESTES;86,39;12,96
351565 FERNAO;56,03;38,13
351570 FERRAZ DE VASCONCELOS;98,37;0,81
351580 FLORA RICA;81,67;15,27
351590 FLOREAL;82,93;16,51
351600 FLORIDA PAULISTA;89,9;9,24
351610 FLORINIA;88,32;8,49
351620 FRANCA;98,18;1,61
351630 FRANCISCO MORATO;95,78;3,03
351640 FRANCO DA ROCHA;94,87;2,95
351650 GABRIEL MONTEIRO;84,68;11,87
351660 GALIA;77,82;19,38
351670 GARCA;92,52;6,76
351680 GASTAO VIDIGAL;87,62;11,68
351685 GAVIAO PEIXOTO;88,82;10,65
351690 GENERAL SALGADO;90,13;9,54
351700 GETULINA;87,22;10,8
351710 GLICERIO;73,12;26,32
351720 GUAICARA;90,41;8,54
351730 GUAIMBE;87,4;11,47
351740 GUAIRA;96,17;3,74
351750 GUAPIACU;84,3;9,2
351760 GUAPIARA;55,7;26,37
351770 GUARA;90,58;8,37
351780 GUARACAI;82,65;11,91
351790 GUARACI;86,4;12,34
351800 GUARANI D'OESTE;89,36;9,93
351810 GUARANTA;90,39;7,15
351820 GUARARAPES;93,03;6,49
351830 GUARAREMA;68,64;29,98
351840 GUARATINGUETA;95,13;3,96
351850 GUAREI;81,38;14,56
351860 GUARIBA;90,69;9,11
351870 GUARUJA;93,16;0,49
351880 GUARULHOS;97,6;1,55
351885 GUATAPARA;87,23;7,14
351890 GUZOLANDIA;85,54;14,14
351900 HERCULANDIA;91,67;7,79
351905 HOLAMBRA;68,14;29,1
351907 HORTOLANDIA;98,15;1,54
351910 IACANGA;88,53;10,18
351920 IACRI;80,73;18,26
351925 IARAS;57,34;17,84
351930 IBATE;96,93;2,81
351940 IBIRA;89,3;9,91
351950 IBIRAREMA;92,15;7,62
351960 IBITINGA;95,31;4,4
351970 IBIUNA;42,55;52,85
351980 ICEM;91,94;7,81
351990 IEPE;89,45;8,79
352000 IGARACU DO TIETE;99,3;0,64
352010 IGARAPAVA;93,03;3,51
352020 IGARATA;60,77;24,49
352030 IGUAPE;76,13;14,46
352040 ILHABELA;80,87;1,04
352042 ILHA COMPRIDA;88,75;10,16
352044 ILHA SOLTEIRA;94,53;4,46
352050 INDAIATUBA;94,17;5,16
352060 INDIANA;89,45;10,17
352070 INDIAPORA;85,22;14,36
352080 INUBIA PAULISTA;87,85;4,67
352090 IPAUSSU;95,11;4,28
352100 IPERO;76,24;20,31
352110 IPEUNA;88,36;10,74
352115 IPIGUA;65,77;25,09
352120 IPORANGA;58,27;26,31
352130 IPUA;95,36;3,81
352140 IRACEMAPOLIS;97,95;1,94
352150 IRAPUA;88,66;10,59
352160 IRAPURU;86,98;10,36
352170 ITABERA;69,34;22,55
352180 ITAI;81,67;15,09
352190 ITAJOBI;83,55;15,05
352200 ITAJU;72,9;26,59
352210 ITANHAEM;91,69;6,01
352215 ITAOCA;76,59;5,95
352220 ITAPECERICA DA SERRA;89,68;8,57
352230 ITAPETININGA;92,91;6,01
352240 ITAPEVA;88,16;8,61
352250 ITAPEVI;95,06;3,6
352260 ITAPIRA;92,36;6,04
352265 ITAPIRAPUA PAULISTA;62,3;15,62
352270 ITAPOLIS;90,92;8,65
352280 ITAPORANGA;81,29;14,39
352290 ITAPUI;89,54;4,02
352300 ITAPURA;82,81;11,78
352310 ITAQUAQUECETUBA;96,69;1,95
352320 ITARARE;93,4;5,06
352330 ITARIRI;77,93;13,95
352340 ITATIBA;88,18;9,24
352350 ITATINGA;89,36;8,79
352360 ITIRAPINA;86,31;9,4
352370 ITIRAPUA;83,29;13,08
352380 ITOBI;88,59;10,1
352390 ITU;93,14;5,15
352400 ITUPEVA;81,84;15,52
352410 ITUVERAVA;97,06;2,77
352420 JABORANDI;87,8;12,01
352430 JABOTICABAL;96,81;2,91
352440 JACAREI;96,15;3,28
352450 JACI;88,1;11,39
352460 JACUPIRANGA;68,58;20,17
352470 JAGUARIUNA;93,75;5,82
352480 JALES;93,5;6,28
352490 JAMBEIRO;62,62;33,07
352500 JANDIRA;99,37;0,43
352510 JARDINOPOLIS;94,59;3,58
352520 JARINU;44,65;52,38
352530 JAU;97,72;2,01
352540 JERIQUARA;86,08;11,55
352550 JOANOPOLIS;69,65;26,99
352560 JOAO RAMALHO;85,08;10,41
352570 JOSE BONIFACIO;90,33;9,41
352580 JULIO MESQUITA;95,12;4,37
352585 JUMIRIM;76,23;16,86
352590 JUNDIAI;94,57;4,53
352600 JUNQUEIROPOLIS;89,41;8
352610 JUQUIA;65,53;19,69
352620 JUQUITIBA;58,59;37,63
352630 LAGOINHA;63,07;27,55
352640 LARANJAL PAULISTA;88,36;10,7
352650 LAVINIA;86,69;12,75
352660 LAVRINHAS;92,9;2,31
352670 LEME;97,75;1,89
352680 LENCOIS PAULISTA;97,35;2,36
352690 LIMEIRA;96,04;3,08
352700 LINDOIA;87,87;8,62
352710 LINS;97,89;1,89
352720 LORENA;96,24;2,68
352725 LOURDES;81,35;13,18
352730 LOUVEIRA;87,9;10,26
352740 LUCELIA;93,38;6,02
352750 LUCIANOPOLIS;76,76;21,83
352760 LUIS ANTONIO;96,6;3,08
352770 LUIZIANIA;91,73;7,38
352780 LUPERCIO;91,04;8,43
352790 LUTECIA;80,22;18,37
352800 MACATUBA;96,19;3,03
352810 MACAUBAL;88,91;10,72
352820 MACEDONIA;75,86;23,51
352830 MAGDA;84,64;15,28
352840 MAIRINQUE;81,35;16,1
352850 MAIRIPORA;70,71;17,52
352860 MANDURI;88,67;10,4
352870 MARABA PAULISTA;66,61;22,1
352880 MARACAI;87,46;7,43
352885 MARAPOAMA;84,59;14,74
352890 MARIAPOLIS;82,88;13,96
352900 MARILIA;97,3;2,07
352910 MARINOPOLIS;80,72;18,41
352920 MARTINOPOLIS;89,48;7,67
352930 MATAO;97,57;2,28
352940 MAUA;99,31;0,35
352950 MENDONCA;82,38;17,17
352960 MERIDIANO;77,89;21,95
352965 MESOPOLIS;77,47;20,22
352970 MIGUELOPOLIS;84,19;13,01
352980 MINEIROS DO TIETE;95,92;3,59
352990 MIRACATU;57,41;23,23
353000 MIRA ESTRELA;78,16;21,06
353010 MIRANDOPOLIS;87,25;9,97
353020 MIRANTE DO PARANAPANEMA;68,87;23,24
353030 MIRASSOL;94,75;4,05
353040 MIRASSOLANDIA;85,77;12,74
353050 MOCOCA;91,03;7,26
353060 MOGI DAS CRUZES;89,74;7,8
353070 MOGI GUACU;96,39;3,31
353080 MOGI MIRIM;94,06;4,85
353090 MOMBUCA;83,53;15,73
353100 MONCOES;85,83;10,03
353110 MONGAGUA;96,98;1,36
353120 MONTE ALEGRE DO SUL;66,25;29,65
353130 MONTE ALTO;94,33;5,31
353140 MONTE APRAZIVEL;90,55;9,27
353150 MONTE AZUL PAULISTA;91,88;7,78
353160 MONTE CASTELO;80,59;13,3
353170 MONTEIRO LOBATO;48,09;39,33
353180 MONTE MOR;90,6;8,57
353190 MORRO AGUDO;94,86;4,32
353200 MORUNGABA;80,62;18,47
353205 MOTUCA;72,07;25,79
353210 MURUTINGA DO SUL;70,19;25,64
353215 NANTES;89,11;10,53
353220 NARANDIBA;74,4;17,07
353230 NATIVIDADE DA SERRA;45,49;31,48
353240 NAZARE PAULISTA;45,54;34,63
353250 NEVES PAULISTA;91,11;8,55
353260 NHANDEARA;82,16;16,13
353270 NIPOA;87,18;11,17
353280 NOVA ALIANCA;84,17;15,17
353282 NOVA CAMPINA;54,59;7,35
353284 NOVA CANAA PAULISTA;56,38;41,74
353286 NOVA CASTILHO;68,95;30,26
353290 NOVA EUROPA;94,98;4,29
353300 NOVA GRANADA;91,51;7,88
353310 NOVA GUATAPORANGA;86,71;8,42
353320 NOVA INDEPENDENCIA;82,15;10,23
353325 NOVAIS;90,07;9,48
353330 NOVA LUZITANIA;90,32;7,26
353340 NOVA ODESSA;97,71;2,09
353350 NOVO HORIZONTE;92,37;7,06
353360 NUPORANGA;90,69;8,67
353370 OCAUCU;81,99;14,35
353380 OLEO;77,28;20,97
353390 OLIMPIA;89,4;7,54
353400 ONDA VERDE;78,93;17,39
353410 ORIENTE;91,75;7,52
353420 ORINDIUVA;91,32;8,63
353430 ORLANDIA;97,56;1,28
353440 OSASCO;99,12;0,08
353450 OSCAR BRESSANE;82,57;15,6
353460 OSVALDO CRUZ;93,77;5,52
353470 OURINHOS;97,4;1,36
353475 OUROESTE;90,36;8,88
353480 OURO VERDE;92,69;5,67
353490 PACAEMBU;90,76;7,43
353500 PALESTINA;85,58;13,81
353510 PALMARES PAULISTA;95,68;3,84
353520 PALMEIRA D'OESTE;78,59;20,59
353530 PALMITAL;92,28;6,81
353540 PANORAMA;95,29;3,69
353550 PARAGUACU PAULISTA;93,07;6,21
353560 PARAIBUNA;59,53;26,04
353570 PARAISO;87,89;11,43
353580 PARANAPANEMA;80,36;16,51
353590 PARANAPUA;88,81;11,11
353600 PARAPUA;84,78;14,32
353610 PARDINHO;73,05;18,2
353620 PARIQUERA-ACU;74,25;22,57
353625 PARISI;83,54;15,75
353630 PATROCINIO PAULISTA;81,81;15,12
353640 PAULICEIA;95,3;4,19
353650 PAULINIA;97,41;1,97
353657 PAULISTANIA;65,23;25,81
353660 PAULO DE FARIA;89,46;9,28
353670 PEDERNEIRAS;92,34;4,97
353680 PEDRA BELA;22,72;57,4
353690 PEDRANOPOLIS;69,08;28,99
353700 PEDREGULHO;81,17;13,33
353710 PEDREIRA;96,91;2,13
353715 PEDRINHAS PAULISTA;83,02;16,32
353720 PEDRO DE TOLEDO;67,58;20,99
353730 PENAPOLIS;95,18;4,55
353740 PEREIRA BARRETO;94,15;5,09
353750 PEREIRAS;78,67;20,36
353760 PERUIBE;90,7;5,68
353770 PIACATU;91,04;8,53
353780 PIEDADE;53,26;39,01
353790 PILAR DO SUL;79,43;19,03
353800 PINDAMONHANGABA;96,04;3,01
353810 PINDORAMA;93,03;6,51
353820 PINHALZINHO;52,25;40,33
353830 PIQUEROBI;76,71;16,72
353850 PIQUETE;91,25;4,49
353860 PIRACAIA;76,04;20,05
353870 PIRACICABA;98,31;1,32
353880 PIRAJU;90,84;7,84
353890 PIRAJUI;92,19;6,42
353900 PIRANGI;89,51;9,93
353910 PIRAPORA DO BOM JESUS;92,22;4,93
353920 PIRAPOZINHO;94,91;4,86
353930 PIRASSUNUNGA;94,62;4,8
353940 PIRATININGA;79,62;14,64
353950 PITANGUEIRAS;96,1;3,34
353960 PLANALTO;84,1;14,49
353970 PLATINA;77,85;15,24
353980 POA;98,9;0,39
353990 POLONI;88,32;10,91
354000 POMPEIA;94,36;5,26
354010 PONGAI;84,06;15,61
354020 PONTAL;98,16;1,31
354025 PONTALINDA;83,87;15,22
354030 PONTES GESTAL;86,04;13,37
354040 POPULINA;84,48;14,79
354050 PORANGABA;72,75;20,31
354060 PORTO FELIZ;83,33;14,79
354070 PORTO FERREIRA;97,6;1,63
354075 POTIM;95,84;3,62
354080 POTIRENDABA;89,68;9,71
354085 PRACINHA;90,39;8,63
354090 PRADOPOLIS;93,04;3,7
354100 PRAIA GRANDE;98,81;0,09
354105 PRATANIA;81,3;17,61
354110 PRESIDENTE ALVES;84,86;11,73
354120 PRESIDENTE BERNARDES;77,76;20,19
354130 PRESIDENTE EPITACIO;91,01;3,81
354140 PRESIDENTE PRUDENTE;97,84;2
354150 PRESIDENTE VENCESLAU;94,91;3,77
354160 PROMISSAO;85,41;14,14
354165 QUADRA;34,88;64,15
354170 QUATA;93,42;5,85
354180 QUEIROZ;88,17;11,72
354190 QUELUZ;82,59;2,13
354200 QUINTANA;93,58;5,39
354210 RAFARD;94,44;4,01
354220 RANCHARIA;90,88;7,36
354230 REDENCAO DA SERRA;48,73;35,87
354240 REGENTE FEIJO;91,76;7,97
354250 REGINOPOLIS;85,26;13,38
354260 REGISTRO;86,21;12,19
354270 RESTINGA;86,53;11,66
354280 RIBEIRA;56,51;6,36
354290 RIBEIRAO BONITO;91,35;7,78
354300 RIBEIRAO BRANCO;67,18;22,13
354310 RIBEIRAO CORRENTE;77,46;20,54
354320 RIBEIRAO DO SUL;69,48;20,3
354323 RIBEIRAO DOS INDIOS;84,45;12,47
354325 RIBEIRAO GRANDE;70,24;18,72
354330 RIBEIRAO PIRES;95,17;3,83
354340 RIBEIRAO PRETO;98,77;0,63
354350 RIVERSUL;76,87;17,6
354360 RIFAINA;85,52;11,97
354370 RINCAO;82,54;17,14
354380 RINOPOLIS;88,37;10,65
354390 RIO CLARO;98,4;1,37
354400 RIO DAS PEDRAS;94,4;4,85
354410 RIO GRANDE DA SERRA;95,25;4,33
354420 RIOLANDIA;89,51;9,2
354425 ROSANA;80,94;13,82
354430 ROSEIRA;92,63;6
354440 RUBIACEA;84,3;15,36
354450 RUBINEIA;78,41;20,38
354460 SABINO;89,54;9,3
354470 SAGRES;79,97;18,6
354480 SALES;86,04;9,4
354490 SALES OLIVEIRA;91,84;7,54
354500 SALESOPOLIS;62,86;31,69
354510 SALMOURAO;88,85;10,19
354515 SALTINHO;84,02;15,2
354520 SALTO;97,73;1,47
354530 SALTO DE PIRAPORA;94,18;4,86
354540 SALTO GRANDE;87,92;11,04
354550 SANDOVALINA;69,88;17,13
354560 SANTA ADELIA;93,45;5,99
354570 SANTA ALBERTINA;85,34;13,57
354580 SANTA BARBARA D'OESTE;99,04;0,5
354600 SANTA BRANCA;76,27;20,18
354610 SANTA CLARA D'OESTE;76,59;21,97
354620 SANTA CRUZ DA CONCEICAO;73,12;25,65
354625 SANTA CRUZ DA ESPERANCA;68,17;27,3
354630 SANTA CRUZ DAS PALMEIRAS;97,04;2,37
354640 SANTA CRUZ DO RIO PARDO;90,92;8,44
354650 SANTA ERNESTINA;92,81;7,13
354660 SANTA FE DO SUL;94,78;4,88
354670 SANTA GERTRUDES;98,37;1,47
354680 SANTA ISABEL;71,99;24,21
354690 SANTA LUCIA;96,14;3,86
354700 SANTA MARIA DA SERRA;90,84;8,15
354710 SANTA MERCEDES;88,57;9,19
354720 SANTANA DA PONTE PENSA;73,06;26,6
354730 SANTANA DE PARNAIBA;90,88;5,48
354740 SANTA RITA D'OESTE;72,09;27,14
354750 SANTA RITA DO PASSA QUATRO;91,11;7,88
354760 SANTA ROSA DE VITERBO;96,32;3,16
354765 SANTA SALETE;60,4;38,42
354770 SANTO ANASTACIO;92,59;6,89
354780 SANTO ANDRE;97,61;0,75
354790 SANTO ANTONIO DA ALEGRIA;75,06;21,41
354800 SANTO ANTONIO DE POSSE;90,12;8,04
354805 SANTO ANTONIO DO ARACANGUA;75,22;21,07
354810 SANTO ANTONIO DO JARDIM;60,37;36,27
354820 SANTO ANTONIO DO PINHAL;50,88;27,32
354830 SANTO EXPEDITO;91,3;5,07
354840 SANTOPOLIS DO AGUAPEI;96,07;2,82
354850 SANTOS;99,53;0,2
354860 SAO BENTO DO SAPUCAI;66,39;15,91
354870 SAO BERNARDO DO CAMPO;98,06;1,14
354880 SAO CAETANO DO SUL;99,96;0,03
354890 SAO CARLOS;96,97;2,13
354900 SAO FRANCISCO;82,47;17,43
354910 SAO JOAO DA BOA VISTA;94,78;4,8
354920 SAO JOAO DAS DUAS PONTES;83,8;15,85
354925 SAO JOAO DE IRACEMA;81,05;18,78
354930 SAO JOAO DO PAU D'ALHO;83,54;9,6
354940 SAO JOAQUIM DA BARRA;97,88;1,91
354950 SAO JOSE DA BELA VISTA;86,66;11,62
354960 SAO JOSE DO BARREIRO;72,4;21,94
354970 SAO JOSE DO RIO PARDO;89,56;9,31
354980 SAO JOSE DO RIO PRETO;88,87;7,82
354990 SAO JOSE DOS CAMPOS;97,09;2,01
354995 SAO LOURENCO DA SERRA;57,64;35,99
355000 SAO LUIS DO PARAITINGA;58,51;30,3
355010 SAO MANUEL;96,14;3,65
355020 SAO MIGUEL ARCANJO;71,58;25,88
355030 SAO PAULO;99,09;0,37
355040 SAO PEDRO;87,62;10,9
355050 SAO PEDRO DO TURVO;72,85;24,75
355060 SAO ROQUE;72,59;24,66
355070 SAO SEBASTIAO;69,97;4,24
355080 SAO SEBASTIAO DA GRAMA;69,04;29,02
355090 SAO SIMAO;90,99;5,87
355100 SAO VICENTE;99,18;0,14
355110 SARAPUI;81,36;16,27
355120 SARUTAIA;87,6;8,91
355130 SEBASTIANOPOLIS DO SUL;77,7;18,79
355140 SERRA AZUL;84,27;10,6
355150 SERRANA;99,02;0,72
355160 SERRA NEGRA;79,03;17,72
355170 SERTAOZINHO;98,43;1,29
355180 SETE BARRAS;62,49;26,68
355190 SEVERINIA;95,62;4,19
355200 SILVEIRAS;60,07;26,06
355210 SOCORRO;60,57;32,66
355220 SOROCABA;99,05;0,63
355230 SUD MENNUCCI;86,28;12,27
355240 SUMARE;97,49;2,16
355250 SUZANO;92,29;6,66
355255 SUZANAPOLIS;73,3;22,02
355260 TABAPUA;92,64;6,77
355270 TABATINGA;89,85;9,13
355280 TABOAO DA SERRA;99,63;0,16
355290 TACIBA;83,06;14,61
355300 TAGUAI;90,71;6,94
355310 TAIACU;91,07;8,33
355320 TAIUVA;91,2;7,5
355330 TAMBAU;91,1;6,64
355340 TANABI;86,4;12,73
355350 TAPIRAI;66,52;22,91
355360 TAPIRATIBA;86,63;7,18
355365 TAQUARAL;94,93;5,07
355370 TAQUARITINGA;94,11;5,59
355380 TAQUARITUBA;87,59;11,13
355385 TAQUARIVAI;75,65;22,25
355390 TARABAI;92,34;6,62
355395 TARUMA;94,06;5,84
355400 TATUI;93,9;4,95
355410 TAUBATE;96,71;2,43
355420 TEJUPA;61,69;28,64
355430 TEODORO SAMPAIO;81,53;10,39
355440 TERRA ROXA;85,25;13,78
355450 TIETE;91,9;6,85
355460 TIMBURI;74;22,46
355465 TORRE DE PEDRA;78,85;15,03
355470 TORRINHA;85,06;14,12
355475 TRABIJU;92,24;4,53
355480 TREMEMBE;92,79;5,82
355490 TRES FRONTEIRAS;86,4;12,16
355495 TUIUTI;55,43;39,23
355500 TUPA;94,84;4,67
355510 TUPI PAULISTA;87,14;9,53
355520 TURIUBA;82,65;16,64
355530 TURMALINA;73,38;25,92
355535 UBARANA;93,45;6,18
355540 UBATUBA;73,34;2,06
355550 UBIRAJARA;79,79;15,56
355560 UCHOA;92,64;7,04
355570 UNIAO PAULISTA;79,37;17,68
355580 URANIA;84,56;14,98
355590 URU;86,76;11,42
355600 URUPES;89,46;10,35
355610 VALENTIM GENTIL;90,8;9,01
355620 VALINHOS;90,69;8,46
355630 VALPARAISO;94,34;5,12
355635 VARGEM;47,4;47,3
355640 VARGEM GRANDE DO SUL;93,76;5,59
355645 VARGEM GRANDE PAULISTA;87,41;12,13
355650 VARZEA PAULISTA;92,97;6,56
355660 VERA CRUZ;86,37;10,51
355670 VINHEDO;95,98;3,46
355680 VIRADOURO;96,18;3,69
355690 VISTA ALEGRE DO ALTO;92,23;7
355695 VITORIA BRASIL;81,9;17,74
355700 VOTORANTIM;97,25;1,8
355710 VOTUPORANGA;97,01;2,83
355715 ZACARIAS;79,47;19,27
355720 CHAVANTES;93,26;6,01
355730 ESTIVA GERBI;88,59;9,55
410010 ABATIA;75,63;18,1
410020 ADRIANOPOLIS;47,52;13,22
410030 AGUDOS DO SUL;63,81;27,35
410040 ALMIRANTE TAMANDARE;95,18;3,06
410045 ALTAMIRA DO PARANA;57,61;36,01
410050 ALTONIA;84,53;5,36
410060 ALTO PARANA;84,42;11,45
410070 ALTO PIQUIRI;89,15;8,17
410080 ALVORADA DO SUL;77,44;13,11
410090 AMAPORA;75,29;10,65
410100 AMPERE;81,34;13,9
410105 ANAHY;75,37;20,04
410110 ANDIRA;94,48;4,85
410115 ANGULO;85,17;8,98
410120 ANTONINA;88,56;4,68
410130 ANTONIO OLINTO;33,68;50,1
410140 APUCARANA;94,82;3,76
410150 ARAPONGAS;95,35;3,73
410160 ARAPOTI;84;13,8
410165 ARAPUA;56,23;25,61
410170 ARARUNA;80,19;17,93
410180 ARAUCARIA;93,24;5,94
410185 ARIRANHA DO IVAI;50,68;37,73
410190 ASSAI;83,31;13,31
410200 ASSIS CHATEAUBRIAND;85,89;12,86
410210 ASTORGA;91,78;5,48
410220 ATALAIA;84,68;5,93
410230 BALSA NOVA;86,18;11,61
410240 BANDEIRANTES;87,75;8,32
410250 BARBOSA FERRAZ;82,59;12,03
410260 BARRACAO;77,12;15,17
410270 BARRA DO JACARE;67,51;11,64
410275 BELA VISTA DA CAROBA;52,05;36,79
410280 BELA VISTA DO PARAISO;95,06;3,68
410290 BITURUNA;61,14;28,34
410300 BOA ESPERANCA;81,83;16,66
410302 BOA ESPERANCA DO IGUACU;36,12;43,9
410304 BOA VENTURA DE SAO ROQUE;31,66;46,74
410305 BOA VISTA DA APARECIDA;65,75;29,05
410310 BOCAIUVA DO SUL;66,06;17,82
410315 BOM JESUS DO SUL;66,33;29,39
410320 BOM SUCESSO;85,62;9,01
410322 BOM SUCESSO DO SUL;47,37;38,5
410330 BORRAZOPOLIS;79,18;17,26
410335 BRAGANEY;71,61;22,26
410337 BRASILANDIA DO SUL;85,1;12,28
410340 CAFEARA;84,43;14,52
410345 CAFELANDIA;87,1;10,64
410347 CAFEZAL DO SUL;79,93;15,19
410350 CALIFORNIA;81,83;14,31
410360 CAMBARA;91,89;6,78
410370 CAMBE;95,64;3,63
410380 CAMBIRA;81,82;13,58
410390 CAMPINA DA LAGOA;81,33;15,36
410395 CAMPINA DO SIMAO;38,9;43,96
410400 CAMPINA GRANDE DO SUL;82,86;7,01
410405 CAMPO BONITO;68,9;22,56
410410 CAMPO DO TENENTE;84,7;11,34
410420 CAMPO LARGO;86,12;11,32
410425 CAMPO MAGRO;83,87;11,38
410430 CAMPO MOURAO;94,66;3,76
410440 CANDIDO DE ABREU;49,13;40,61
410442 CANDOI;53,19;37,55
410445 CANTAGALO;71,93;23,7
410450 CAPANEMA;84,55;10,93
410460 CAPITAO LEONIDAS MARQUES;77,93;9,81
410465 CARAMBEI;77,89;16,41
410470 CARLOPOLIS;68,56;26,49
410480 CASCAVEL;89,66;8,91
410490 CASTRO;73,92;15,43
410500 CATANDUVAS;62,86;22,7
410510 CENTENARIO DO SUL;89,34;6,7
410520 CERRO AZUL;49,74;23,63
410530 CEU AZUL;80,97;13,41
410540 CHOPINZINHO;66,35;26,2
410550 CIANORTE;90,75;7,32
410560 CIDADE GAUCHA;92,46;5,84
410570 CLEVELANDIA;86,33;11,44
410580 COLOMBO;97,08;1,89
410590 COLORADO;95,9;3,34
410600 CONGONHINHAS;62,25;17
410610 CONSELHEIRO MAIRINCK;74,37;17,09
410620 CONTENDA;65,41;32,19
410630 CORBELIA;85,2;12,64
410640 CORNELIO PROCOPIO;95,18;4,37
410645 CORONEL DOMINGOS SOARES;37,03;54,06
410650 CORONEL VIVIDA;71,93;22,4
410655 CORUMBATAI DO SUL;58,55;19,92
410657 CRUZEIRO DO IGUACU;64,3;27,57
410660 CRUZEIRO DO OESTE;86,82;9,91
410670 CRUZEIRO DO SUL;74,77;18,76
410680 CRUZ MACHADO;33,28;47,11
410685 CRUZMALTINA;51,38;28,4
410690 CURITIBA;99,13;0,74
410700 CURIUVA;73,29;16,9
410710 DIAMANTE DO NORTE;84;7,94
410712 DIAMANTE DO SUL;38,22;50,28
410715 DIAMANTE D'OESTE;72,43;15,52
410720 DOIS VIZINHOS;77,98;15,69
410725 DOURADINA;83,92;9,59
410730 DOUTOR CAMARGO;87,2;9,23
410740 ENEAS MARQUES;52,74;31,56
410750 ENGENHEIRO BELTRAO;85,32;6,67
410752 ESPERANCA NOVA;80,3;7,27
410753 ENTRE RIOS DO OESTE;97,18;2,74
410754 ESPIGAO ALTO DO IGUACU;41,5;40,27
410755 FAROL;69,07;19,25
410760 FAXINAL;85,4;9,8
410765 FAZENDA RIO GRANDE;94,91;4,35
410770 FENIX;87,75;10,71
410773 FERNANDES PINHEIRO;65,82;27,05
410775 FIGUEIRA;90,34;7,88
410780 FLORAI;89,76;7,12
410785 FLOR DA SERRA DO SUL;45,27;47,57
410790 FLORESTA;91,65;6,14
410800 FLORESTOPOLIS;94,41;5,21
410810 FLORIDA;90,82;3,06
410820 FORMOSA DO OESTE;65,64;25,8
410830 FOZ DO IGUACU;95,69;3,49
410832 FRANCISCO ALVES;78,29;20,32
410840 FRANCISCO BELTRAO;87,43;10,46
410845 FOZ DO JORDAO;84,32;14,29
410850 GENERAL CARNEIRO;74,58;20,48
410855 GODOY MOREIRA;72,28;15,78
410860 GOIOERE;91,08;8,32
410865 GOIOXIM;31,25;54,6
410870 GRANDES RIOS;63,1;28,18
410880 GUAIRA;90,02;6,7
410890 GUAIRACA;83,59;10,36
410895 GUAMIRANGA;36,25;53,26
410900 GUAPIRAMA;80,52;15,87
410910 GUAPOREMA;71,82;17,27
410920 GUARACI;82,7;13,97
410930 GUARANIACU;55,92;37,6
410940 GUARAPUAVA;92,01;6,54
410950 GUARAQUECABA;58,04;3,35
410960 GUARATUBA;92,76;2,28
410965 HONORIO SERPA;40,69;49,63
410970 IBAITI;82,96;11,83
410975 IBEMA;86,05;10,45
410980 IBIPORA;95,7;3,78
410990 ICARAIMA;77,48;9,96
411000 IGUARACU;85,15;7,78
411005 IGUATU;86,15;5,76
411007 IMBAU;68,57;15,05
411010 IMBITUVA;81,81;14,69
411020 INACIO MARTINS;63,95;23,08
411030 INAJA;92,57;4,23
411040 INDIANOPOLIS;86,92;10,23
411050 IPIRANGA;40,8;51,19
411060 IPORA;83,8;14,62
411065 IRACEMA DO OESTE;80,26;15,98
411070 IRATI;81,84;14,42
411080 IRETAMA;66,13;23,62
411090 ITAGUAJE;79,7;15,05
411095 ITAIPULANDIA;94,1;2,91
411100 ITAMBARACA;84,54;13,52
411110 ITAMBE;85,98;10,44
411120 ITAPEJARA D'OESTE;68,5;24,73
411125 ITAPERUCU;81,59;7,59
411130 ITAUNA DO SUL;86,71;7,58
411140 IVAI;58,57;34,36
411150 IVAIPORA;87,61;9,29
411155 IVATE;79,63;7,44
411160 IVATUBA;82,84;10,58
411170 JABOTI;73,65;20,26
411180 JACAREZINHO;92,26;6,05
411190 JAGUAPITA;86,75;11,72
411200 JAGUARIAIVA;88,99;6,26
411210 JANDAIA DO SUL;90,02;7,34
411220 JANIOPOLIS;76,57;16,16
411230 JAPIRA;62,23;24,27
411240 JAPURA;92,45;5,13
411250 JARDIM ALEGRE;63,46;23,88
411260 JARDIM OLINDA;76,19;8,62
411270 JATAIZINHO;91,88;7,01
411275 JESUITAS;71,69;22,74
411280 JOAQUIM TAVORA;87,62;10,85
411290 JUNDIAI DO SUL;70,96;24,03
411295 JURANDA;80,98;17,67
411300 JUSSARA;93,71;5,73
411310 KALORE;83,54;13,1
411320 LAPA;68,22;25,92
411325 LARANJAL;41,16;51,78
411330 LARANJEIRAS DO SUL;82,61;14,89
411340 LEOPOLIS;72,75;19,1
411342 LIDIANOPOLIS;68,95;25,39
411345 LINDOESTE;49,27;38,31
411350 LOANDA;91,63;6,87
411360 LOBATO;93,02;4,5
411370 LONDRINA;95,98;3,46
411373 LUIZIANA;71,51;25,8
411375 LUNARDELLI;68,89;21,39
411380 LUPIONOPOLIS;93,16;6,26
411390 MALLET;62,33;32,7
411400 MAMBORE;77,65;18,5
411410 MANDAGUACU;90,71;5,97
411420 MANDAGUARI;93,93;5,66
411430 MANDIRITUBA;67,51;28,01
411435 MANFRINOPOLIS;37,55;51,66
411440 MANGUEIRINHA;64,96;26,72
411450 MANOEL RIBAS;64,5;24,15
411460 MARECHAL CANDIDO RONDON;96,83;2,61
411470 MARIA HELENA;71,46;22,91
411480 MARIALVA;82,36;9,98
411490 MARILANDIA DO SUL;73,59;22,72
411500 MARILENA;75,47;13,93
411510 MARILUZ;82,97;14,17
411520 MARINGA;93,33;6,16
411530 MARIOPOLIS;81,57;15,66
411535 MARIPA;86,9;9,88
411540 MARMELEIRO;64,05;28,52
411545 MARQUINHO;34,52;54,74
411550 MARUMBI;82,17;8,35
411560 MATELANDIA;84,53;12,98
411570 MATINHOS;93,46;0,27
411573 MATO RICO;32,19;57,02
411575 MAUA DA SERRA;83,88;6,17
411580 MEDIANEIRA;89,92;6,27
411585 MERCEDES;81,3;14,86
411590 MIRADOR;82,16;15,05
411600 MIRASELVA;85,88;6,15
411605 MISSAL;65,03;8,74
411610 MOREIRA SALES;82,1;14,35
411620 MORRETES;60,36;23,57
411630 MUNHOZ DE MELO;82,65;10,43
411640 NOSSA SENHORA DAS GRACAS;90,71;6,41
411650 NOVA ALIANCA DO IVAI;81,86;16,55
411660 NOVA AMERICA DA COLINA;82,69;14,76
411670 NOVA AURORA;78,61;16,53
411680 NOVA CANTU;57,74;29,89
411690 NOVA ESPERANCA;88,06;6,65
411695 NOVA ESPERANCA DO SUDOESTE;50,47;30,89
411700 NOVA FATIMA;88,11;10,35
411705 NOVA LARANJEIRAS;29,63;51,63
411710 NOVA LONDRINA;91,46;4,96
411720 NOVA OLIMPIA;93,74;5,32
411721 NOVA SANTA BARBARA;83,35;11,33
411722 NOVA SANTA ROSA;93,14;6,67
411725 NOVA PRATA DO IGUACU;68,03;27,42
411727 NOVA TEBAS;52,51;36,31
411729 NOVO ITACOLOMI;54,45;23,6
411730 ORTIGUEIRA;51,28;35,54
411740 OURIZONA;91,1;7,43
411745 OURO VERDE DO OESTE;85,04;14,12
411750 PAICANDU;97,93;1,8
411760 PALMAS;92,87;5,65
411770 PALMEIRA;76,53;19,92
411780 PALMITAL;61,53;31,97
411790 PALOTINA;92,81;6,72
411800 PARAISO DO NORTE;91,51;3,88
411810 PARANACITY;91,79;4,73
411820 PARANAGUA;89,83;8,54
411830 PARANAPOEMA;90,92;7,75
411840 PARANAVAI;95,19;3,77
411845 PATO BRAGADO;98,84;1,1
411850 PATO BRANCO;92,95;6,02
411860 PAULA FREITAS;55,23;40,36
411870 PAULO FRONTIN;61,87;34,18
411880 PEABIRU;83,04;15,3
411885 PEROBAL;70,73;19,2
411890 PEROLA;85,49;2,44
411900 PEROLA D'OESTE;73,88;21,83
411910 PIEN;79,45;19,25
411915 PINHAIS;99,17;0,67
411920 PINHALAO;66,32;28,19
411925 PINHAL DE SAO BENTO;37,1;41
411930 PINHAO;61,84;26,73
411940 PIRAI DO SUL;73,02;13,27
411950 PIRAQUARA;93,64;5,53
411960 PITANGA;62,16;27,66
411965 PITANGUEIRAS;73,15;12,66
411970 PLANALTINA DO PARANA;73,57;9,43
411980 PLANALTO;86,43;10,11
411990 PONTA GROSSA;97,31;1,53
411995 PONTAL DO PARANA;94,93;4,11
412000 PORECATU;92,52;6,38
412010 PORTO AMAZONAS;88,08;10,04
412015 PORTO BARREIRO;31,72;50,37
412020 PORTO RICO;79,2;15,29
412030 PORTO VITORIA;56,31;32,92
412033 PRADO FERREIRA;84,34;10,28
412035 PRANCHITA;73,69;16,98
412040 PRESIDENTE CASTELO BRANCO;89,98;8,53
412050 PRIMEIRO DE MAIO;84,34;8,23
412060 PRUDENTOPOLIS;60,02;35,38
412065 QUARTO CENTENARIO;71,47;21,31
412070 QUATIGUA;90,27;7,49
412080 QUATRO BARRAS;93,03;5,29
412085 QUATRO PONTES;89,86;8,95
412090 QUEDAS DO IGUACU;70,52;23,37
412100 QUERENCIA DO NORTE;69,42;21,46
412110 QUINTA DO SOL;85,6;11,35
412120 QUITANDINHA;65,3;30,41
412125 RAMILANDIA;63,61;30,39
412130 RANCHO ALEGRE;89,22;9,08
412135 RANCHO ALEGRE D'OESTE;80,31;16,22
412140 REALEZA;74,5;12,86
412150 REBOUCAS;73,33;23,77
412160 RENASCENCA;55,93;35,8
412170 RESERVA;68,92;24,04
412175 RESERVA DO IGUACU;59,57;27,1
412180 RIBEIRAO CLARO;74,25;12,01
412190 RIBEIRAO DO PINHAL;86,89;10,53
412200 RIO AZUL;50,38;43,44
412210 RIO BOM;70,95;25,41
412215 RIO BONITO DO IGUACU;31,42;53,43
412217 RIO BRANCO DO IVAI;60,2;29,89
412220 RIO BRANCO DO SUL;70,09;8,05
412230 RIO NEGRO;84,03;13,11
412240 ROLANDIA;93,85;5,42
412250 RONCADOR;69,19;23,6
412260 RONDON;86,78;10,02
412265 ROSARIO DO IVAI;56,7;27,71
412270 SABAUDIA;78,14;13,13
412280 SALGADO FILHO;61,23;31,34
412290 SALTO DO ITARARE;71,81;20,56
412300 SALTO DO LONTRA;60,57;34,17
412310 SANTA AMELIA;78,66;14,06
412320 SANTA CECILIA DO PAVAO;85,44;12,5
412330 SANTA CRUZ DE MONTE CASTELO;71,49;13,56
412340 SANTA FE;86,27;8,02
412350 SANTA HELENA;94;1,68
412360 SANTA INES;89,08;10,58
412370 SANTA ISABEL DO IVAI;85,47;10,99
412380 SANTA IZABEL DO OESTE;67,6;27,79
412382 SANTA LUCIA;64,95;16,87
412385 SANTA MARIA DO OESTE;38,52;47,56
412390 SANTA MARIANA;90,82;8,6
412395 SANTA MONICA;77,48;11,76
412400 SANTANA DO ITARARE;66,88;23,83
412402 SANTA TEREZA DO OESTE;84,83;11,44
412405 SANTA TEREZINHA DE ITAIPU;91,41;6,56
412410 SANTO ANTONIO DA PLATINA;84,18;9,75
412420 SANTO ANTONIO DO CAIUA;83,92;7,82
412430 SANTO ANTONIO DO PARAISO;82,95;14,39
412440 SANTO ANTONIO DO SUDOESTE;82,22;13,96
412450 SANTO INACIO;82,54;10,66
412460 SAO CARLOS DO IVAI;91,77;4,22
412470 SAO JERONIMO DA SERRA;63,56;23,73
412480 SAO JOAO;62,36;31,71
412490 SAO JOAO DO CAIUA;89,84;7,57
412500 SAO JOAO DO IVAI;82,3;14,98
412510 SAO JOAO DO TRIUNFO;54,13;37,09
412520 SAO JORGE D'OESTE;67,3;27,45
412530 SAO JORGE DO IVAI;88,42;9,97
412535 SAO JORGE DO PATROCINIO;96,83;2,92
412540 SAO JOSE DA BOA VISTA;60,47;26,07
412545 SAO JOSE DAS PALMEIRAS;75,55;14,31
412550 SAO JOSE DOS PINHAIS;89,09;9,76
412555 SAO MANOEL DO PARANA;92,76;5,91
412560 SAO MATEUS DO SUL;62,96;33,27
412570 SAO MIGUEL DO IGUACU;83,07;10,56
412575 SAO PEDRO DO IGUACU;77,12;19,95
412580 SAO PEDRO DO IVAI;88,47;7,23
412590 SAO PEDRO DO PARANA;67,75;22,98
412600 SAO SEBASTIAO DA AMOREIRA;89,95;6,1
412610 SAO TOME;86,52;11,95
412620 SAPOPEMA;64,34;21,34
412625 SARANDI;95,87;1
412627 SAUDADE DO IGUACU;68,92;26,13
412630 SENGES;80,16;8,75
412635 SERRANOPOLIS DO IGUACU;78,67;15,03
412640 SERTANEJA;88,9;10,34
412650 SERTANOPOLIS;89,08;9,74
412660 SIQUEIRA CAMPOS;81,42;10,94
412665 SULINA;51,35;39,46
412667 TAMARANA;51,85;23,2
412670 TAMBOARA;86,82;9,56
412680 TAPEJARA;90,61;5,09
412690 TAPIRA;83,32;12,17
412700 TEIXEIRA SOARES;62,6;31,28
412710 TELEMACO BORBA;98,06;1,37
412720 TERRA BOA;91,5;7,82
412730 TERRA RICA;84,38;5,93
412740 TERRA ROXA;85,07;12,55
412750 TIBAGI;71,9;20,18
412760 TIJUCAS DO SUL;54,21;37,65
412770 TOLEDO;93,49;5,74
412780 TOMAZINA;50,28;30,86
412785 TRES BARRAS DO PARANA;56,66;35,24
412788 TUNAS DO PARANA;57,25;4,63
412790 TUNEIRAS DO OESTE;78,54;16,01
412795 TUPASSI;83,82;9,93
412796 TURVO;52,3;26,36
412800 UBIRATA;86,28;11,23
412810 UMUARAMA;93,15;5,81
412820 UNIAO DA VITORIA;90,64;5,85
412830 UNIFLOR;76,46;11,96
412840 URAI;83,74;13,24
412850 WENCESLAU BRAZ;81,02;11,7
412853 VENTANIA;76,91;16,36
412855 VERA CRUZ DO OESTE;74,34;17,37
412860 VERE;59,62;32,9
412862 ALTO PARAISO;62,75;19,23
412863 DOUTOR ULYSSES;35,85;35,31
412865 VIRMOND;51,23;41,26
412870 VITORINO;65,13;26,05
412880 XAMBRE;68,39;10,75
420005 ABDON BATISTA;58,51;33,22
420010 ABELARDO LUZ;57,42;34,03
420020 AGROLANDIA;65,08;28,03
420030 AGRONOMICA;38,08;52,19
420040 AGUA DOCE;53,27;35,61
420050 AGUAS DE CHAPECO;56,54;34,32
420055 AGUAS FRIAS;58,43;30,25
420060 AGUAS MORNAS;26,45;32,49
420070 ALFREDO WAGNER;27,23;39,45
420075 ALTO BELA VISTA;56,64;32,89
420080 ANCHIETA;53,06;39,91
420090 ANGELINA;13,96;55,41
420100 ANITA GARIBALDI;58,51;26,32
420110 ANITAPOLIS;32,37;48,74
420120 ANTONIO CARLOS;45,89;25,6
420125 APIUNA;63,08;15,32
420127 ARABUTA;41,67;37,12
420130 ARAQUARI;53,4;43,82
420140 ARARANGUA;58,12;38,97
420150 ARMAZEM;48,8;33,47
420160 ARROIO TRINTA;71,8;13,4
420165 ARVOREDO;26,55;54,69
420170 ASCURRA;85,67;11,06
420180 ATALANTA;37,58;54,45
420190 AURORA;21,47;50,78
420195 BALNEARIO ARROIO DO SILVA;90,72;8,89
420200 BALNEARIO CAMBORIU;96,34;2,69
420205 BALNEARIO BARRA DO SUL;85,52;13,54
420207 BALNEARIO GAIVOTA;40,69;57,96
420208 BANDEIRANTE;42,6;47,83
420209 BARRA BONITA;62,56;31,37
420210 BARRA VELHA;86,7;11,94
420213 BELA VISTA DO TOLDO;10,75;85,8
420215 BELMONTE;62,45;26,93
420220 BENEDITO NOVO;37,4;45,9
420230 BIGUACU;81,69;4,14
420240 BLUMENAU;93,08;4,96
420243 BOCAINA DO SUL;28,12;42,42
420245 BOMBINHAS;75,71;18,63
420250 BOM JARDIM DA SERRA;45,18;34,02
420253 BOM JESUS;69,58;24,54
420257 BOM JESUS DO OESTE;71,09;24,59
420260 BOM RETIRO;71,87;18,59
420270 BOTUVERA;69,33;14,93
420280 BRACO DO NORTE;67,87;26,85
420285 BRACO DO TROMBUDO;60,77;34,14
420287 BRUNOPOLIS;43,02;37,09
420290 BRUSQUE;86,2;10,12
420300 CACADOR;86,04;9,8
420310 CAIBI;60,6;22,32
420315 CALMON;62,81;33,74
420320 CAMBORIU;88,71;8,45
420325 CAPAO ALTO;32,78;40,59
420330 CAMPO ALEGRE;60,44;30
420340 CAMPO BELO DO SUL;61,32;28,06
420350 CAMPO ERE;64,63;29,44
420360 CAMPOS NOVOS;83,9;12,71
420370 CANELINHA;81,66;7,54
420380 CANOINHAS;76,22;21,77
420390 CAPINZAL;89,2;5,73
420395 CAPIVARI DE BAIXO;92,95;4,91
420400 CATANDUVAS;83,16;13,59
420410 CAXAMBU DO SUL;50,53;31,69
420415 CELSO RAMOS;66,31;24,18
420417 CERRO NEGRO;41,82;40,82
420419 CHAPADAO DO LAGEADO;9,57;66,99
420420 CHAPECO;80,64;11,89
420425 COCAL DO SUL;89,72;8,86
420430 CONCORDIA;86,3;9,72
420435 CORDILHEIRA ALTA;37,29;21,92
420440 CORONEL FREITAS;75,87;16,97
420445 CORONEL MARTINS;38,35;40,92
420450 CORUPA;67,13;24,72
420455 CORREIA PINTO;84,48;10,18
420460 CRICIUMA;95,69;2,77
420470 CUNHA PORA;64,71;29,11
420475 CUNHATAI;29,76;63,52
420480 CURITIBANOS;82,86;7,82
420490 DESCANSO;54,34;34,79
420500 DIONISIO CERQUEIRA;75,23;21,09
420510 DONA EMMA;50,89;43,02
420515 DOUTOR PEDRINHO;48,61;29,83
420517 ENTRE RIOS;29,44;53,48
420519 ERMO;40;54,46
420520 ERVAL VELHO;71,36;19,35
420530 FAXINAL DOS GUEDES;73,22;14,81
420535 FLOR DO SERTAO;90,34;8,05
420540 FLORIANOPOLIS;93,59;3,11
420543 FORMOSA DO SUL;58,17;25,23
420545 FORQUILHINHA;81,25;17,85
420550 FRAIBURGO;83,07;9,54
420555 FREI ROGERIO;31,88;40,46
420560 GALVAO;59,03;34,17
420570 GAROPABA;75,28;15,25
420580 GARUVA;75,81;9,36
420590 GASPAR;85,62;12,76
420600 GOVERNADOR CELSO RAMOS;92,71;1,8
420610 GRAO PARA;51,2;31,71
420620 GRAVATAL;49,94;19,62
420630 GUABIRUBA;62,02;30,07
420640 GUARACIABA;71,97;16,71
420650 GUARAMIRIM;72,41;24,27
420660 GUARUJA DO SUL;80,66;16,64
420665 GUATAMBU;46,27;40,93
420670 HERVAL D'OESTE;90,9;4,97
420675 IBIAM;70,4;24,96
420680 IBICARE;61,6;29,95
420690 IBIRAMA;78,04;17,68
420700 ICARA;79,73;18,21
420710 ILHOTA;55,73;30,85
420720 IMARUI;59,23;12,5
420730 IMBITUBA;87,22;10,61
420740 IMBUIA;34,84;54,08
420750 INDAIAL;90,92;7,74
420757 IOMERE;75,2;21,87
420760 IPIRA;66,02;26,26
420765 IPORA DO OESTE;61,37;33,47
420768 IPUACU;35,09;24,33
420770 IPUMIRIM;61,68;22,34
420775 IRACEMINHA;67,65;19,98
420780 IRANI;73,73;17,96
420785 IRATI;79,61;17,67
420790 IRINEOPOLIS;35,53;55,22
420800 ITA;68,97;19,05
420810 ITAIOPOLIS;50,89;42,61
420820 ITAJAI;95;2,93
420830 ITAPEMA;91,9;1,76
420840 ITAPIRANGA;78,11;18,25
420845 ITAPOA;87,65;9,7
420850 ITUPORANGA;60,78;30,19
420860 JABORA;46,11;28,2
420870 JACINTO MACHADO;57,21;26,47
420880 JAGUARUNA;53,4;44,16
420890 JARAGUA DO SUL;88,74;9,24
420895 JARDINOPOLIS;59,14;34,7
420900 JOACABA;91,19;6,06
420910 JOINVILLE;95,48;2,81
420915 JOSE BOITEUX;49,89;39,63
420917 JUPIA;45,17;48,89
420920 LACERDOPOLIS;56,21;15,9
420930 LAGES;96,23;2,61
420940 LAGUNA;75,5;11,92
420945 LAJEADO GRANDE;43,21;33,26
420950 LAURENTINO;57,87;36,28
420960 LAURO MULLER;81,87;10,66
420970 LEBON REGIS;64,28;30,11
420980 LEOBERTO LEAL;21,49;55,86
420985 LINDOIA DO SUL;55,47;40,14
420990 LONTRAS;64,13;30,17
421000 LUIZ ALVES;25,65;55,92
421003 LUZERNA;79,23;14,2
421005 MACIEIRA;29,04;54,08
421010 MAFRA;78,51;17,01
421020 MAJOR GERCINO;35,16;42,21
421030 MAJOR VIEIRA;32,01;63,84
421040 MARACAJA;51,38;46,81
421050 MARAVILHA;88,34;8,26
421055 MAREMA;41,23;11,2
421060 MASSARANDUBA;35,68;59,87
421070 MATOS COSTA;52,46;38,18
421080 MELEIRO;42,01;53,19
421085 MIRIM DOCE;38,81;40,58
421090 MODELO;83,58;14,22
421100 MONDAI;76,04;20,99
421105 MONTE CARLO;88,14;8,27
421110 MONTE CASTELO;52,98;42,54
421120 MORRO DA FUMACA;73,75;17,69
421125 MORRO GRANDE;51,57;39,33
421130 NAVEGANTES;92,64;4,8
421140 NOVA ERECHIM;85,63;12,95
421145 NOVA ITABERABA;49,81;24,13
421150 NOVA TRENTO;60,22;24,85
421160 NOVA VENEZA;80,88;15,56
421165 NOVO HORIZONTE;31,74;53,92
421170 ORLEANS;73,71;17,04
421175 OTACILIO COSTA;90,79;7,39
421180 OURO;79,97;11,81
421185 OURO VERDE;42,14;48,63
421187 PAIAL;63,69;30,66
421189 PAINEL;34,88;46,19
421190 PALHOCA;90,9;4,06
421200 PALMA SOLA;66,52;27,42
421205 PALMEIRA;36,68;46,08
421210 PALMITOS;73,14;21,85
421220 PAPANDUVA;53,23;42,38
421223 PARAISO;43,31;45,13
421225 PASSO DE TORRES;33,46;62,77
421227 PASSOS MAIA;39,85;47,37
421230 PAULO LOPES;62,9;5,17
421240 PEDRAS GRANDES;37,62;41,41
421250 PENHA;80,69;15,93
421260 PERITIBA;62,39;31,74
421270 PETROLANDIA;33,46;49,58
421280 BALNEARIO PICARRAS;81,96;17,05
421290 PINHALZINHO;79,51;16,61
421300 PINHEIRO PRETO;60,84;27,15
421310 PIRATUBA;68,37;16,98
421315 PLANALTO ALEGRE;61,32;30,1
421320 POMERODE;76,44;21,1
421330 PONTE ALTA;77,59;11,73
421335 PONTE ALTA DO NORTE;89;7,64
421340 PONTE SERRADA;73,2;13,4
421350 PORTO BELO;82,95;4,25
421360 PORTO UNIAO;83,2;13,43
421370 POUSO REDONDO;45,25;49,01
421380 PRAIA GRANDE;63,16;22,22
421390 PRESIDENTE CASTELLO BRANCO;44,67;41,87
421400 PRESIDENTE GETULIO;72,18;23,38
421410 PRESIDENTE NEREU;35,2;50,07
421415 PRINCESA;70,78;24,67
421420 QUILOMBO;56,12;31,86
421430 RANCHO QUEIMADO;34,37;39,63
421440 RIO DAS ANTAS;49,16;42,09
421450 RIO DO CAMPO;50,21;41,86
421460 RIO DO OESTE;48,07;41,54
421470 RIO DOS CEDROS;45,71;39,17
421480 RIO DO SUL;89,49;8,03
421490 RIO FORTUNA;31,4;50,46
421500 RIO NEGRINHO;93,28;6,09
421505 RIO RUFINO;45,75;30,14
421507 RIQUEZA;70,17;23,41
421510 RODEIO;54,83;34,06
421520 ROMELANDIA;52,6;41,1
421530 SALETE;62,37;26,27
421535 SALTINHO;47,97;46,68
421540 SALTO VELOSO;80,7;8,26
421545 SANGAO;37,58;45,49
421550 SANTA CECILIA;83,06;11,83
421555 SANTA HELENA;65,65;23,96
421560 SANTA ROSA DE LIMA;26,62;43,93
421565 SANTA ROSA DO SUL;50;42,46
421567 SANTA TEREZINHA;15,71;72,29
421568 SANTA TEREZINHA DO PROGRESSO;31,11;61,52
421569 SANTIAGO DO SUL;80,74;16,47
421570 SANTO AMARO DA IMPERATRIZ;77,78;6,73
421575 SAO BERNARDINO;18,4;64,21
421580 SAO BENTO DO SUL;93,62;5,66
421590 SAO BONIFACIO;27,21;42,3
421600 SAO CARLOS;71,83;22,59
421605 SAO CRISTOVAO DO SUL;85,7;10,7
421610 SAO DOMINGOS;66,06;24,9
421620 SAO FRANCISCO DO SUL;84,45;12,43
421625 SAO JOAO DO OESTE;45,92;46,49
421630 SAO JOAO BATISTA;84,4;8,66
421635 SAO JOAO DO ITAPERIU;26,97;69,78
421640 SAO JOAO DO SUL;21,84;57,6
421650 SAO JOAQUIM;68,8;23,77
421660 SAO JOSE;97,59;0,65
421670 SAO JOSE DO CEDRO;83,29;14,52
421680 SAO JOSE DO CERRITO;25,75;42,77
421690 SAO LOURENCO DO OESTE;74,71;19,64
421700 SAO LUDGERO;79,67;14,38
421710 SAO MARTINHO;34,59;45,61
421715 SAO MIGUEL DA BOA VISTA;69,44;27,67
421720 SAO MIGUEL DO OESTE;81,29;10,58
421725 SAO PEDRO DE ALCANTARA;58,68;24,96
421730 SAUDADES;60,04;28,63
421740 SCHROEDER;68,95;23,5
421750 SEARA;69,02;19,28
421755 SERRA ALTA;74,47;20,96
421760 SIDEROPOLIS;77,4;8,22
421770 SOMBRIO;27,36;69,33
421775 SUL BRASIL;59,58;34,78
421780 TAIO;49,9;39,89
421790 TANGARA;61,28;28,65
421795 TIGRINHOS;81,48;16,81
421800 TIJUCAS;94,32;2,5
421810 TIMBE DO SUL;65,66;13,04
421820 TIMBO;84,97;14,05
421825 TIMBO GRANDE;62,47;30,39
421830 TRES BARRAS;83,82;12,22
421835 TREVISO;92,22;3,2
421840 TREZE DE MAIO;37,02;40,37
421850 TREZE TILIAS;70,63;19,58
421860 TROMBUDO CENTRAL;64,36;27,39
421870 TUBARAO;87,8;5,59
421875 TUNAPOLIS;62,32;33,52
421880 TURVO;51,64;28,3
421885 UNIAO DO OESTE;48,75;38,55
421890 URUBICI;64,14;18,7
421895 URUPEMA;47,04;31,4
421900 URUSSANGA;80,28;11,88
421910 VARGEAO;53,36;24,03
421915 VARGEM;35,47;45,66
421917 VARGEM BONITA;69,58;15,68
421920 VIDAL RAMOS;30,59;50,26
421930 VIDEIRA;89,72;8,67
421935 VITOR MEIRELES;39,39;51,65
421940 WITMARSUM;24,42;64,66
421950 XANXERE;56,06;13,6
421960 XAVANTINA;48,09;38,85
421970 XAXIM;77,61;16,86
421985 ZORTEA;80,1;15,98
430003 ACEGUA;27,63;35,43
430005 AGUA SANTA;47,73;28,07
430010 AGUDO;47,93;40,24
430020 AJURICABA;84,53;8,71
430030 ALECRIM;77,5;17,4
430040 ALEGRETE;85,46;11,48
430045 ALEGRIA;77,26;14,96
430047 ALMIRANTE TAMANDARE DO SUL;52,47;24,31
430050 ALPESTRE;39,82;49,94
430055 ALTO ALEGRE;94,38;4,17
430057 ALTO FELIZ;58,56;34,63
430060 ALVORADA;97;1,9
430063 AMARAL FERRADOR;65,71;26,5
430064 AMETISTA DO SUL;63,49;25,18
430066 ANDRE DA ROCHA;72,71;22,82
430070 ANTA GORDA;86,47;9,07
430080 ANTONIO PRADO;82,99;12,36
430085 ARAMBARE;77,24;21,94
430087 ARARICA;1,13;89,99
430090 ARATIBA;63,91;17,14
430100 ARROIO DO MEIO;93,4;4,58
430105 ARROIO DO SAL;44,99;53,12
430107 ARROIO DO PADRE;9,18;72,32
430110 ARROIO DOS RATOS;94,05;4,71
430120 ARROIO DO TIGRE;73,5;17,75
430130 ARROIO GRANDE;85,94;12,32
430140 ARVOREZINHA;69,2;25,04
430150 AUGUSTO PESTANA;93,69;3,43
430155 AUREA;35,88;40,97
430160 BAGE;96,3;2,97
430163 BALNEARIO PINHAL;51,66;45,98
430165 BARAO;77,99;15,68
430170 BARAO DE COTEGIPE;70,18;23,62
430175 BARAO DO TRIUNFO;10,07;59,94
430180 BARRACAO;64,72;22,05
430185 BARRA DO GUARITA;77,07;16,75
430187 BARRA DO QUARAI;67,66;25,83
430190 BARRA DO RIBEIRO;74,09;21,71
430192 BARRA DO RIO AZUL;28,06;21,29
430195 BARRA FUNDA;90,95;5,01
430200 BARROS CASSAL;33,41;49,82
430205 BENJAMIN CONSTANT DO SUL;55,23;37,2
430210 BENTO GONCALVES;93,76;3,62
430215 BOA VISTA DAS MISSOES;89,62;9,82
430220 BOA VISTA DO BURICA;97,53;1,75
430222 BOA VISTA DO CADEADO;64,69;30,25
430223 BOA VISTA DO INCRA;76,83;16,86
430225 BOA VISTA DO SUL;74,1;19,34
430230 BOM JESUS;72,64;21,35
430235 BOM PRINCIPIO;78,85;20,17
430237 BOM PROGRESSO;56,14;22,76
430240 BOM RETIRO DO SUL;90,29;5,08
430245 BOQUEIRAO DO LEAO;44,43;48,28
430250 BOSSOROCA;76,66;13,69
430258 BOZANO;75,64;16,67
430260 BRAGA;68,79;19,74
430265 BROCHIER;86,23;12,87
430270 BUTIA;95,98;3,07
430280 CACAPAVA DO SUL;76,26;15,83
430290 CACEQUI;83,77;12,02
430300 CACHOEIRA DO SUL;85,24;11,36
430310 CACHOEIRINHA;85,56;13,65
430320 CACIQUE DOBLE;67,38;17,55
430330 CAIBATE;97,27;2,15
430340 CAICARA;53,73;37,69
430350 CAMAQUA;78,65;18,45
430355 CAMARGO;94,97;2,51
430360 CAMBARA DO SUL;63,46;10,62
430367 CAMPESTRE DA SERRA;40,42;48,14
430370 CAMPINA DAS MISSOES;96,18;3,43
430380 CAMPINAS DO SUL;89;8,66
430390 CAMPO BOM;73,92;25,31
430400 CAMPO NOVO;87,42;9,49
430410 CAMPOS BORGES;60,1;3,39
430420 CANDELARIA;58,87;30,52
430430 CANDIDO GODOI;94,49;3,84
430435 CANDIOTA;74;15,25
430440 CANELA;94,95;3,15
430450 CANGUCU;38,6;46,53
430460 CANOAS;96,78;2,05
430461 CANUDOS DO VALE;52,67;41,83
430462 CAPAO BONITO DO SUL;33,93;35,73
430463 CAPAO DA CANOA;89,53;8,31
430465 CAPAO DO CIPO;56,37;37,32
430466 CAPAO DO LEAO;86,59;10,32
430467 CAPIVARI DO SUL;63,45;34,98
430468 CAPELA DE SANTANA;30,14;63,72
430469 CAPITAO;86,43;11,11
430470 CARAZINHO;92,11;5,58
430471 CARAA;56,87;32,5
430480 CARLOS BARBOSA;90,07;6,27
430485 CARLOS GOMES;60,84;24,5
430490 CASCA;89,58;5,08
430495 CASEIROS;70,93;20,78
430500 CATUIPE;93,55;4,85
430510 CAXIAS DO SUL;94,86;3,77
430511 CENTENARIO;66,91;27,84
430512 CERRITO;59,96;32,53
430513 CERRO BRANCO;68,64;23,26
430515 CERRO GRANDE;93,53;4,44
430517 CERRO GRANDE DO SUL;24,81;50,11
430520 CERRO LARGO;97;0,9
430530 CHAPADA;89,94;8,02
430535 CHARQUEADAS;96,81;2,09
430537 CHARRUA;45,96;15,39
430540 CHIAPETTA;93,12;6,29
430543 CHUI;93,09;5,63
430544 CHUVISCA;5,67;77,27
430545 CIDREIRA;90,91;8,07
430550 CIRIACO;62,37;19,11
430558 COLINAS;86,79;6,6
430560 COLORADO;82,33;14,14
430570 CONDOR;81,2;12,68
430580 CONSTANTINA;87,88;1,89
430583 COQUEIRO BAIXO;45,32;52,06
430585 COQUEIROS DO SUL;80,88;14,25
430587 CORONEL BARROS;85,34;12,37
430590 CORONEL BICACO;70,32;11,56
430593 CORONEL PILAR;66,03;31,86
430595 COTIPORA;60,83;19,58
430597 COXILHA;80,64;17,01
430600 CRISSIUMAL;81,13;15,1
430605 CRISTAL;65,69;25,53
430607 CRISTAL DO SUL;83,65;11,53
430610 CRUZ ALTA;93,91;4,28
430613 CRUZALTENSE;63,14;25,84
430620 CRUZEIRO DO SUL;73,71;7,01
430630 DAVID CANABARRO;77,98;13,66
430632 DERRUBADAS;75,07;18,86
430635 DEZESSEIS DE NOVEMBRO;97,08;2,42
430637 DILERMANDO DE AGUIAR;35,01;49,22
430640 DOIS IRMAOS;96,37;2,9
430642 DOIS IRMAOS DAS MISSOES;80,11;14,71
430645 DOIS LAJEADOS;69,29;10,05
430650 DOM FELICIANO;25,14;51,07
430655 DOM PEDRO DE ALCANTARA;62,29;21,32
430660 DOM PEDRITO;90,21;7,3
430670 DONA FRANCISCA;61,08;15,78
430673 DOUTOR MAURICIO CARDOSO;81,04;13,03
430675 DOUTOR RICARDO;78,97;16,82
430676 ELDORADO DO SUL;83,05;14,57
430680 ENCANTADO;92,96;3,31
430690 ENCRUZILHADA DO SUL;68,07;23,12
430692 ENGENHO VELHO;98,15;0,23
430693 ENTRE-IJUIS;77,56;10
430695 ENTRE RIOS DO SUL;84,3;9,04
430697 EREBANGO;69,2;14,44
430700 ERECHIM;95,88;2,95
430705 ERNESTINA;83,64;14,23
430710 HERVAL;66,55;24,21
430720 ERVAL GRANDE;57,36;33,92
430730 ERVAL SECO;73,08;14,09
430740 ESMERALDA;72,99;17,12
430745 ESPERANCA DO SUL;70,33;24,38
430750 ESPUMOSO;85,02;11,76
430755 ESTACAO;84,52;7,47
430760 ESTANCIA VELHA;64,39;34,78
430770 ESTEIO;92,8;6,71
430780 ESTRELA;95,6;3,25
430781 ESTRELA VELHA;81,51;13,73
430783 EUGENIO DE CASTRO;86,43;11,04
430786 FAGUNDES VARELA;60,55;21,36
430790 FARROUPILHA;84,84;7,82
430800 FAXINAL DO SOTURNO;67,76;14,4
430805 FAXINALZINHO;60,49;21,81
430807 FAZENDA VILANOVA;87,8;10,94
430810 FELIZ;80,14;18,3
430820 FLORES DA CUNHA;83,03;11,13
430825 FLORIANO PEIXOTO;74,89;21,44
430830 FONTOURA XAVIER;53,11;32,42
430840 FORMIGUEIRO;46,45;44,23
430843 FORQUETINHA;76,64;20,32
430845 FORTALEZA DOS VALOS;82,83;9,16
430850 FREDERICO WESTPHALEN;88,68;7,45
430860 GARIBALDI;86,1;5,52
430865 GARRUCHOS;87,43;10,37
430870 GAURAMA;60,45;21,21
430880 GENERAL CAMARA;69,74;26,16
430885 GENTIL;87,34;9,72
430890 GETULIO VARGAS;85,19;9,66
430900 GIRUA;82,81;11,34
430905 GLORINHA;47,7;47,11
430910 GRAMADO;85,57;10,66
430912 GRAMADO DOS LOUREIROS;88,78;6,93
430915 GRAMADO XAVIER;32,51;52,51
430920 GRAVATAI;75,89;22,76
430925 GUABIJU;67,23;30,13
430930 GUAIBA;93,33;5,62
430940 GUAPORE;90,3;4,63
430950 GUARANI DAS MISSOES;97,52;1,78
430955 HARMONIA;75,83;22,76
430957 HERVEIRAS;51,86;37,88
430960 HORIZONTINA;93,96;2,3
430965 HULHA NEGRA;52,44;32,71
430970 HUMAITA;83,54;7,39
430975 IBARAMA;52,19;44,39
430980 IBIACA;76,02;16,39
430990 IBIRAIARAS;64,93;20,78
430995 IBIRAPUITA;85,08;12,34
431000 IBIRUBA;84,08;11,45
431010 IGREJINHA;70,74;26,02
431020 IJUI;92,87;4,7
431030 ILOPOLIS;70,95;23,73
431033 IMBE;95,94;3,44
431036 IMIGRANTE;80,26;16,17
431040 INDEPENDENCIA;71,88;15,94
431041 INHACORA;92,99;5,03
431043 IPE;69,4;20,4
431046 IPIRANGA DO SUL;61,27;11,88
431050 IRAI;63,5;20,26
431053 ITAARA;70,22;24,73
431055 ITACURUBI;79,03;17,03
431057 ITAPUCA;46,51;46,65
431060 ITAQUI;83,9;13,12
431065 ITATI;62,2;14,07
431070 ITATIBA DO SUL;59,99;31,8
431075 IVORA;60,88;22,34
431080 IVOTI;90,31;5,61
431085 JABOTICABA;75,2;6,92
431087 JACUIZINHO;68,38;21,45
431090 JACUTINGA;69,48;10,09
431100 JAGUARAO;93,26;5,46
431110 JAGUARI;56,46;22,04
431112 JAQUIRANA;59,04;29,81
431113 JARI;50,87;39,39
431115 JOIA;65,04;17,63
431120 JULIO DE CASTILHOS;85,42;10,31
431123 LAGOA BONITA DO SUL;49,06;34,54
431125 LAGOAO;34,57;46,28
431127 LAGOA DOS TRES CANTOS;87,07;11,31
431130 LAGOA VERMELHA;85,88;9,83
431140 LAJEADO;88,76;1,67
431142 LAJEADO DO BUGRE;88,9;7,61
431150 LAVRAS DO SUL;82,25;13,42
431160 LIBERATO SALZANO;87,74;4,11
431162 LINDOLFO COLLOR;87,97;10,02
431164 LINHA NOVA;76,42;19,74
431170 MACHADINHO;62,56;21,76
431171 MACAMBARA;59,5;32,98
431173 MAMPITUBA;42,25;44,03
431175 MANOEL VIANA;79,56;11,66
431177 MAQUINE;43,76;42,03
431179 MARATA;83,33;15,48
431180 MARAU;83,22;7,51
431190 MARCELINO RAMOS;65,89;28,25
431198 MARIANA PIMENTEL;28,08;49,89
431200 MARIANO MORO;65,17;7,65
431205 MARQUES DE SOUZA;74,49;21,32
431210 MATA;50,05;31,78
431213 MATO CASTELHANO;42,54;21,64
431215 MATO LEITAO;97,05;2,57
431217 MATO QUEIMADO;96,94;3,06
431220 MAXIMILIANO DE ALMEIDA;59,81;27,28
431225 MINAS DO LEAO;96,11;3,44
431230 MIRAGUAI;70,36;22,69
431235 MONTAURI;90,17;8,55
431237 MONTE ALEGRE DOS CAMPOS;20,14;54,86
431238 MONTE BELO DO SUL;89,1;6,9
431240 MONTENEGRO;80,06;17,17
431242 MORMACO;93,06;3,87
431244 MORRINHOS DO SUL;74,48;14,19
431245 MORRO REDONDO;34,23;55,04
431247 MORRO REUTER;68,62;17,79
431250 MOSTARDAS;24,54;73,96
431260 MUCUM;95,66;3,51
431261 MUITOS CAPOES;42,09;51,32
431262 MULITERNO;74,26;13,05
431265 NAO-ME-TOQUE;94,21;4,54
431267 NICOLAU VERGUEIRO;93,2;4,53
431270 NONOAI;86,51;9,5
431275 NOVA ALVORADA;84,91;12,54
431280 NOVA ARACA;86,34;5,32
431290 NOVA BASSANO;89,55;8,03
431295 NOVA BOA VISTA;96,55;3
431300 NOVA BRESCIA;77,81;18,38
431301 NOVA CANDELARIA;98,25;1,64
431303 NOVA ESPERANCA DO SUL;92,01;2,58
431306 NOVA HARTZ;4,51;91,16
431308 NOVA PADUA;65,11;30,08
431310 NOVA PALMA;65,51;22,13
431320 NOVA PETROPOLIS;74,72;20,63
431330 NOVA PRATA;82,72;7,1
431333 NOVA RAMADA;77,39;19,32
431335 NOVA ROMA DO SUL;76,49;18,59
431337 NOVA SANTA RITA;36,58;60,09
431339 NOVO CABRAIS;67,51;24,93
431340 NOVO HAMBURGO;76,43;22,17
431342 NOVO MACHADO;88,13;8,83
431344 NOVO TIRADENTES;96,12;3,47
431346 NOVO XINGU;96,7;3,3
431349 NOVO BARREIRO;92,24;4,56
431350 OSORIO;68,68;26,4
431360 PAIM FILHO;84,31;11,14
431365 PALMARES DO SUL;47,44;51,25
431370 PALMEIRA DAS MISSOES;88,77;8,63
431380 PALMITINHO;66,48;26,76
431390 PANAMBI;88,9;6,99
431395 PANTANO GRANDE;92,03;6,13
431400 PARAI;84,25;11,23
431402 PARAISO DO SUL;62,45;28,31
431403 PARECI NOVO;54,04;45,45
431405 PAROBE;43,98;51,66
431406 PASSA SETE;31,68;50,8
431407 PASSO DO SOBRADO;54,52;34,99
431410 PASSO FUNDO;94,86;4,11
431413 PAULO BENTO;71,24;20,6
431415 PAVERAMA;83,04;14,04
431417 PEDRAS ALTAS;53,83;29,55
431420 PEDRO OSORIO;90,87;6,52
431430 PEJUCARA;70,06;21,8
431440 PELOTAS;94,1;4,08
431442 PICADA CAFE;76,05;18,54
431445 PINHAL;93,64;4,4
431446 PINHAL DA SERRA;73,02;19,19
431447 PINHAL GRANDE;69,71;25,05
431449 PINHEIRINHO DO VALE;48,88;40,43
431450 PINHEIRO MACHADO;78,12;18,26
431455 PIRAPO;96,57;2,08
431460 PIRATINI;58,93;27,1
431470 PLANALTO;67,42;26,53
431475 POCO DAS ANTAS;95,22;4,2
431477 PONTAO;77,24;19,86
431478 PONTE PRETA;84,98;12,82
431480 PORTAO;28,82;68,28
431490 PORTO ALEGRE;99,35;0,25
431500 PORTO LUCENA;92,62;5,92
431505 PORTO MAUA;96,88;2,16
431507 PORTO VERA CRUZ;90,48;8,93
431510 PORTO XAVIER;92,32;3,82
431513 POUSO NOVO;47,51;44,62
431514 PRESIDENTE LUCENA;86,09;12,01
431515 PROGRESSO;50,42;41,82
431517 PROTASIO ALVES;77,83;8,13
431520 PUTINGA;63,03;32,08
431530 QUARAI;91,45;5,59
431531 QUATRO IRMAOS;57,79;25,57
431532 QUEVEDOS;56,62;32,43
431535 QUINZE DE NOVEMBRO;94,88;4,26
431540 REDENTORA;75,63;9,07
431545 RELVADO;69,9;26,63
431550 RESTINGA SECA;76,87;18,68
431555 RIO DOS INDIOS;38,63;45,81
431560 RIO GRANDE;93,59;5,35
431570 RIO PARDO;72,05;19,95
431575 RIOZINHO;55,39;31,28
431580 ROCA SALES;82,45;8,41
431590 RODEIO BONITO;90,55;3,08
431595 ROLADOR;91,39;6,31
431600 ROLANTE;56,48;36,47
431610 RONDA ALTA;91,14;5,64
431620 RONDINHA;94,43;4,55
431630 ROQUE GONZALES;95,93;3,57
431640 ROSARIO DO SUL;80,73;14,52
431642 SAGRADA FAMILIA;90,62;7,15
431643 SALDANHA MARINHO;83,54;10,49
431645 SALTO DO JACUI;89,02;5,32
431647 SALVADOR DAS MISSOES;97,98;1,79
431650 SALVADOR DO SUL;85,54;12,35
431660 SANANDUVA;85,68;9,02
431670 SANTA BARBARA DO SUL;81,27;12,68
431673 SANTA CECILIA DO SUL;43,8;30,26
431675 SANTA CLARA DO SUL;89,05;10,32
431680 SANTA CRUZ DO SUL;91,37;6,04
431690 SANTA MARIA;91,44;6,43
431695 SANTA MARIA DO HERVAL;48,55;36,4
431697 SANTA MARGARIDA DO SUL;37,58;48,09
431700 SANTANA DA BOA VISTA;51,37;30,17
431710 SANT'ANA DO LIVRAMENTO;90,19;7,57
431720 SANTA ROSA;93,14;3,4
431725 SANTA TEREZA;82,22;9,33
431730 SANTA VITORIA DO PALMAR;84,41;13,74
431740 SANTIAGO;92,98;4,88
431750 SANTO ANGELO;95,49;2,53
431755 SANTO ANTONIO DO PALMA;80;16,34
431760 SANTO ANTONIO DA PATRULHA;53,51;35,59
431770 SANTO ANTONIO DAS MISSOES;77,04;20,61
431775 SANTO ANTONIO DO PLANALTO;86,74;11,67
431780 SANTO AUGUSTO;90,88;5,78
431790 SANTO CRISTO;88,34;8,15
431795 SANTO EXPEDITO DO SUL;80,27;13,76
431800 SAO BORJA;85,54;10,39
431805 SAO DOMINGOS DO SUL;87,96;9,4
431810 SAO FRANCISCO DE ASSIS;69,66;19,91
431820 SAO FRANCISCO DE PAULA;70,41;21,05
431830 SAO GABRIEL;88,24;8,74
431840 SAO JERONIMO;76,54;17,05
431842 SAO JOAO DA URTIGA;70,13;19,88
431843 SAO JOAO DO POLESINE;43,74;24,91
431844 SAO JORGE;85,89;9,59
431845 SAO JOSE DAS MISSOES;86,6;9,19
431846 SAO JOSE DO HERVAL;53,17;30,75
431848 SAO JOSE DO HORTENCIO;89,64;9,54
431849 SAO JOSE DO INHACORA;97,73;2
431850 SAO JOSE DO NORTE;55,29;39,55
431860 SAO JOSE DO OURO;56,47;24,14
431861 SAO JOSE DO SUL;68,53;28,33
431862 SAO JOSE DOS AUSENTES;42,83;31,96
431870 SAO LEOPOLDO;97,43;1,78
431880 SAO LOURENCO DO SUL;61,53;29,79
431890 SAO LUIZ GONZAGA;92,98;5,13
431900 SAO MARCOS;82,18;8,01
431910 SAO MARTINHO;84,26;11,8
431912 SAO MARTINHO DA SERRA;46,84;26,89
431915 SAO MIGUEL DAS MISSOES;65,36;14,17
431920 SAO NICOLAU;93,67;4,14
431930 SAO PAULO DAS MISSOES;95,11;3,87
431935 SAO PEDRO DA SERRA;85,86;9,39
431936 SAO PEDRO DAS MISSOES;74,8;17,68
431937 SAO PEDRO DO BUTIA;95,03;4,33
431940 SAO PEDRO DO SUL;70,63;20,8
431950 SAO SEBASTIAO DO CAI;68,05;30,57
431960 SAO SEPE;75,73;17,6
431970 SAO VALENTIM;52,75;33,92
431971 SAO VALENTIM DO SUL;75;18,65
431973 SAO VALERIO DO SUL;95,78;2,86
431975 SAO VENDELINO;83,02;15,57
431980 SAO VICENTE DO SUL;71,7;17,67
431990 SAPIRANGA;59,29;39,74
432000 SAPUCAIA DO SUL;89,92;8,9
432010 SARANDI;91,65;3,82
432020 SEBERI;79,46;12,64
432023 SEDE NOVA;88,26;6,75
432026 SEGREDO;58,7;29,51
432030 SELBACH;81,91;9,95
432032 SENADOR SALGADO FILHO;88,05;10,89
432035 SENTINELA DO SUL;45,99;42,67
432040 SERAFINA CORREA;89,14;4,34
432045 SERIO;53,93;37,7
432050 SERTAO;64,07;24,31
432055 SERTAO SANTANA;17,3;63,12
432057 SETE DE SETEMBRO;95,3;2,42
432060 SEVERIANO DE ALMEIDA;47,11;26,6
432065 SILVEIRA MARTINS;52,89;33,46
432067 SINIMBU;33,68;49,92
432070 SOBRADINHO;91,12;5,82
432080 SOLEDADE;86,34;8,79
432085 TABAI;21,99;66,94
432090 TAPEJARA;91,49;4,32
432100 TAPERA;91,13;6,07
432110 TAPES;86,21;12,27
432120 TAQUARA;58,77;37,88
432130 TAQUARI;85,94;10,63
432132 TAQUARUCU DO SUL;80,53;14,22
432135 TAVARES;20,58;77,89
432140 TENENTE PORTELA;77,71;18,5
432143 TERRA DE AREIA;41,4;53,95
432145 TEUTONIA;95,56;3,52
432146 TIO HUGO;81,88;11,65
432147 TIRADENTES DO SUL;41,35;45,6
432149 TOROPI;70,82;21,93
432150 TORRES;82,77;15,91
432160 TRAMANDAI;88,06;11,07
432162 TRAVESSEIRO;85,77;12,42
432163 TRES ARROIOS;66,1;23,65
432166 TRES CACHOEIRAS;38,79;48,57
432170 TRES COROAS;65,41;24,09
432180 TRES DE MAIO;88,4;5,19
432183 TRES FORQUILHAS;54,7;26,11
432185 TRES PALMEIRAS;88,91;8,91
432190 TRES PASSOS;84,88;8,39
432195 TRINDADE DO SUL;78,51;18,12
432200 TRIUNFO;51,32;38,09
432210 TUCUNDUVA;91,88;4,72
432215 TUNAS;58,19;32,68
432218 TUPANCI DO SUL;62,43;22,62
432220 TUPANCIRETA;84,12;10,62
432225 TUPANDI;83,28;15,23
432230 TUPARENDI;88,95;7,17
432232 TURUCU;50,09;35,29
432234 UBIRETAMA;93,11;5,79
432235 UNIAO DA SERRA;70,52;16,59
432237 UNISTALDA;56,49;17,43
432240 URUGUAIANA;92,23;6,02
432250 VACARIA;91,89;6,71
432252 VALE VERDE;45,79;23,63
432253 VALE DO SOL;54,97;32,15
432254 VALE REAL;84,24;11,25
432255 VANINI;98,43;1,26
432260 VENANCIO AIRES;72,79;21,26
432270 VERA CRUZ;90,28;7,62
432280 VERANOPOLIS;90,63;4,74
432285 VESPASIANO CORREA;86,98;10,45
432290 VIADUTOS;58,48;33,28
432300 VIAMAO;89,67;8,45
432310 VICENTE DUTRA;70,95;23,57
432320 VICTOR GRAEFF;90,11;9,22
432330 VILA FLORES;78,97;12,94
432335 VILA LANGARO;83,51;11,19
432340 VILA MARIA;90,47;8,19
432345 VILA NOVA DO SUL;63,34;20,96
432350 VISTA ALEGRE;59,57;22,99
432360 VISTA ALEGRE DO PRATA;83,26;13,56
432370 VISTA GAUCHA;74,87;17,74
432375 VITORIA DAS MISSOES;96,22;3,03
432377 WESTFALIA;75,55;18,69
432380 XANGRI-LA;87,86;10,28
500020 AGUA CLARA;64,11;26,48
500025 ALCINOPOLIS;65,41;29,49
500060 AMAMBAI;79,64;11,15
500070 ANASTACIO;82,59;13,44
500080 ANAURILANDIA;61,54;23,16
500085 ANGELICA;81,21;11,88
500090 ANTONIO JOAO;78,76;10,76
500100 APARECIDA DO TABOADO;73,71;25,52
500110 AQUIDAUANA;82,18;11,66
500124 ARAL MOREIRA;64,33;30,02
500150 BANDEIRANTES;66,68;32,42
500190 BATAGUASSU;84,91;9,08
500200 BATAYPORA;73,92;22,65
500210 BELA VISTA;82,92;11,55
500215 BODOQUENA;75,22;15,31
500220 BONITO;82,11;13,43
500230 BRASILANDIA;77,1;18,75
500240 CAARAPO;73,92;20,63
500260 CAMAPUA;78,5;18,99
500270 CAMPO GRANDE;90,5;8,88
500280 CARACOL;68,71;20,27
500290 CASSILANDIA;90,37;7,66
500295 CHAPADAO DO SUL;83,06;13,41
500310 CORGUINHO;58,64;32,79
500315 CORONEL SAPUCAIA;66,54;27,42
500320 CORUMBA;88,86;4,5
500325 COSTA RICA;85,08;10,44
500330 COXIM;88,55;7,55
500345 DEODAPOLIS;81,46;16,66
500348 DOIS IRMAOS DO BURITI;77,88;20,12
500350 DOURADINA;71,04;24,09
500370 DOURADOS;79,79;18,77
500375 ELDORADO;80,38;8,68
500380 FATIMA DO SUL;77,85;21,48
500390 FIGUEIRAO;55,06;40,79
500400 GLORIA DE DOURADOS;77,73;17,51
500410 GUIA LOPES DA LAGUNA;80,04;18,78
500430 IGUATEMI;75,18;18,95
500440 INOCENCIA;60,48;30,37
500450 ITAPORA;79,65;18,08
500460 ITAQUIRAI;58,32;22,39
500470 IVINHEMA;76,88;14,14
500480 JAPORA;76,15;4,39
500490 JARAGUARI;41,32;47,8
500500 JARDIM;89,93;6,78
500510 JATEI;55,62;27,15
500515 JUTI;62,23;29,66
500520 LADARIO;93,65;1,14
500525 LAGUNA CARAPA;58,26;38,38
500540 MARACAJU;81,49;16,44
500560 MIRANDA;74,53;10,34
500568 MUNDO NOVO;87,45;5,05
500570 NAVIRAI;92,46;6,37
500580 NIOAQUE;65,74;27,56
500600 NOVA ALVORADA DO SUL;83,52;12,96
500620 NOVA ANDRADINA;86,14;7,75
500625 NOVO HORIZONTE DO SUL;56,08;11,53
500630 PARANAIBA;62,14;36,88
500635 PARANHOS;55,81;14,37
500640 PEDRO GOMES;75,59;17,94
500660 PONTA PORA;73,24;22,13
500690 PORTO MURTINHO;73,08;15,04
500710 RIBAS DO RIO PARDO;65,6;23,47
500720 RIO BRILHANTE;82,06;14,89
500730 RIO NEGRO;76,97;17,87
500740 RIO VERDE DE MATO GROSSO;84,07;11,16
500750 ROCHEDO;58,63;36,92
500755 SANTA RITA DO PARDO;58,42;33,83
500769 SAO GABRIEL DO OESTE;85,59;13,37
500770 SETE QUEDAS;83,56;12,88
500780 SELVIRIA;74,56;15,99
500790 SIDROLANDIA;72,51;17,33
500793 SONORA;89,78;5,12
500795 TACURU;63,73;18,26
500797 TAQUARUSSU;76,24;19,59
500800 TERENOS;67,16;28,22
500830 TRES LAGOAS;91,68;7,48
500840 VICENTINA;70,99;26,83
510010 ACORIZAL;70,02;11,89
510020 AGUA BOA;75,97;20,85
510025 ALTA FLORESTA;60,77;37,87
510030 ALTO ARAGUAIA;85,39;12,16
510035 ALTO BOA VISTA;40,29;32,31
510040 ALTO GARCAS;84,8;9,24
510050 ALTO PARAGUAI;62,65;25,18
510060 ALTO TAQUARI;89,76;9,24
510080 APIACAS;38,6;53
510100 ARAGUAIANA;59,71;34,59
510120 ARAGUAINHA;85,27;10,85
510125 ARAPUTANGA;80,77;12,83
510130 ARENAPOLIS;75,44;19,83
510140 ARIPUANA;60,24;30,71
510160 BARAO DE MELGACO;46,71;24,84
510170 BARRA DO BUGRES;76,61;17,83
510180 BARRA DO GARCAS;90,17;7,29
510185 BOM JESUS DO ARAGUAIA;1,43;85,68
510190 BRASNORTE;61,39;27,59
510250 CACERES;73,08;22,48
510260 CAMPINAPOLIS;44,12;38,8
510263 CAMPO NOVO DO PARECIS;92,4;6,54
510267 CAMPO VERDE;78,23;14,4
510268 CAMPOS DE JULIO;79,19;17,49
510269 CANABRAVA DO NORTE;19,19;73,06
510270 CANARANA;69,32;25,68
510279 CARLINDA;38,95;58,69
510285 CASTANHEIRA;47,83;48,87
510300 CHAPADA DOS GUIMARAES;63,16;20,73
510305 CLAUDIA;76,47;20,23
510310 COCALINHO;39,25;55,29
510320 COLIDER;70,47;27,96
510325 COLNIZA;22,3;70,65
510330 COMODORO;69,08;22,25
510335 CONFRESA;30,76;65,44
510336 CONQUISTA D'OESTE;67,39;26,11
510337 COTRIGUACU;7,21;64,93
510340 CUIABA;93,61;3,63
510343 CURVELANDIA;31,59;66,75
510345 DENISE;81,35;17,69
510350 DIAMANTINO;74,98;20,42
510360 DOM AQUINO;81,32;11,41
510370 FELIZ NATAL;66,94;29,25
510380 FIGUEIROPOLIS D'OESTE;54,06;41,21
510385 GAUCHA DO NORTE;52,54;41,4
510390 GENERAL CARNEIRO;59,42;28,62
510395 GLORIA D'OESTE;53,35;42,39
510410 GUARANTA DO NORTE;66,21;30,29
510420 GUIRATINGA;76,63;11,74
510450 INDIAVAI;79,52;19,55
510452 IPIRANGA DO NORTE;66,52;31,3
510454 ITANHANGA;70,13;25,48
510455 ITAUBA;81,07;15,98
510460 ITIQUIRA;73,88;18,91
510480 JACIARA;90,89;5,92
510490 JANGADA;44,74;14,61
510500 JAURU;57,73;33,86
510510 JUARA;71,59;25,09
510515 JUINA;33,98;63,11
510517 JURUENA;46,2;48,4
510520 JUSCIMEIRA;76,14;15,22
510523 LAMBARI D'OESTE;57,13;37,77
510525 LUCAS DO RIO VERDE;91,27;8,34
510530 LUCIARA;82,47;15,85
510550 VILA BELA DA SANTISSIMA TRINDADE;20,35;63,72
510558 MARCELANDIA;62,71;35,61
510560 MATUPA;65,74;31,56
510562 MIRASSOL D'OESTE;59,17;37,94
510590 NOBRES;77,76;10,45
510600 NORTELANDIA;76,85;17,22
510610 NOSSA SENHORA DO LIVRAMENTO;32,29;37,22
510615 NOVA BANDEIRANTES;31,67;65,46
510617 NOVA NAZARE;47,76;47,89
510618 NOVA LACERDA;54,23;34,79
510619 NOVA SANTA HELENA;59,53;37,23
510620 NOVA BRASILANDIA;70,83;12,21
510621 NOVA CANAA DO NORTE;46,13;49,94
510622 NOVA MUTUM;83,09;15,55
510623 NOVA OLIMPIA;89,04;6,53
510624 NOVA UBIRATA;58,99;35,88
510625 NOVA XAVANTINA;76,29;18,31
510626 NOVO MUNDO;24,17;71,41
510627 NOVO HORIZONTE DO NORTE;54,23;37,72
510628 NOVO SAO JOAQUIM;58,22;32,62
510629 PARANAITA;44,96;51,93
510630 PARANATINGA;76,28;18,41
510631 NOVO SANTO ANTONIO;5,52;79,6
510637 PEDRA PRETA;76,07;17,8
510642 PEIXOTO DE AZEVEDO;56,04;37,69
510645 PLANALTO DA SERRA;77,52;16,57
510650 POCONE;68,44;23,55
510665 PONTAL DO ARAGUAIA;79,2;16,96
510670 PONTE BRANCA;86,9;8,32
510675 PONTES E LACERDA;62,6;34,9
510677 PORTO ALEGRE DO NORTE;51,26;41,86
510680 PORTO DOS GAUCHOS;68,28;28,71
510682 PORTO ESPERIDIAO;49,48;40,87
510685 PORTO ESTRELA;62,65;27,7
510700 POXOREO;71,35;22,32
510704 PRIMAVERA DO LESTE;71,51;27,21
510706 QUERENCIA;54,66;39,46
510710 SAO JOSE DOS QUATRO MARCOS;72,3;25,79
510715 RESERVA DO CABACAL;70,25;18,5
510718 RIBEIRAO CASCALHEIRA;56,79;32,77
510719 RIBEIRAOZINHO;84,25;9,96
510720 RIO BRANCO;84,77;9,78
510724 SANTA CARMEM;74,4;21,33
510726 SANTO AFONSO;47,03;35,45
510729 SAO JOSE DO POVO;72,96;15,94
510730 SAO JOSE DO RIO CLARO;77,71;14,98
510735 SAO JOSE DO XINGU;70,36;26,8
510740 SAO PEDRO DA CIPA;89,03;8,04
510757 RONDOLANDIA;1,86;67,11
510760 RONDONOPOLIS;94,01;3,74
510770 ROSARIO OESTE;57,66;21,37
510774 SANTA CRUZ DO XINGU;62,48;34,05
510775 SALTO DO CEU;55,85;26,83
510776 SANTA RITA DO TRIVELATO;58,72;36,12
510777 SANTA TEREZINHA;42,96;49,63
510779 SANTO ANTONIO DO LESTE;58,32;34,15
510780 SANTO ANTONIO DO LEVERGER;46,06;35,71
510785 SAO FELIX DO ARAGUAIA;55,18;37,02
510787 SAPEZAL;83,41;15,51
510788 SERRA NOVA DOURADA;52,39;41,91
510790 SINOP;69,72;28,37
510792 SORRISO;87,48;11,75
510794 TABAPORA;50,31;45,15
510795 TANGARA DA SERRA;87,67;9,87
510800 TAPURAH;74,61;24,05
510805 TERRA NOVA DO NORTE;45,97;50,7
510810 TESOURO;68,3;22,8
510820 TORIXOREU;76,48;19,93
510830 UNIAO DO SUL;72,39;22,79
510835 VALE DE SAO DOMINGOS;41,1;54,11
510840 VARZEA GRANDE;83,33;14,33
510850 VERA;61,48;35,58
510860 VILA RICA;13,92;82,62
510880 NOVA GUARITA;39;60,07
510885 NOVA MARILANDIA;58,79;33,62
510890 NOVA MARINGA;73,56;15,54
510895 NOVA MONTE VERDE;1,68;91,59
520005 ABADIA DE GOIAS;74,53;18,53
520010 ABADIANIA;72,65;21,85
520013 ACREUNA;59,86;37,48
520015 ADELANDIA;85,19;14,22
520017 AGUA FRIA DE GOIAS;51,69;28,23
520020 AGUA LIMPA;69,07;28,47
520025 AGUAS LINDAS DE GOIAS;86,86;9,93
520030 ALEXANIA;70,93;26,71
520050 ALOANDIA;83,5;14,38
520055 ALTO HORIZONTE;85,41;13,9
520060 ALTO PARAISO DE GOIAS;78,25;9,72
520080 ALVORADA DO NORTE;83,73;6,18
520082 AMARALINA;34,28;47,85
520085 AMERICANO DO BRASIL;79,66;12,38
520090 AMORINOPOLIS;72,71;23,17
520110 ANAPOLIS;83,68;15,32
520120 ANHANGUERA;93,14;6,29
520130 ANICUNS;81,76;15,71
520140 APARECIDA DE GOIANIA;57,5;40,93
520145 APARECIDA DO RIO DOCE;76,41;19,07
520150 APORE;66,72;27,34
520160 ARACU;86,37;13,55
520170 ARAGARCAS;95,49;3,63
520180 ARAGOIANIA;56,03;42,29
520215 ARAGUAPAZ;61,06;33,72
520235 ARENOPOLIS;65;25,83
520250 ARUANA;62,06;36,73
520260 AURILANDIA;82,97;16,08
520280 AVELINOPOLIS;77,73;20,4
520310 BALIZA;28,37;29,87
520320 BARRO ALTO;79,08;12,97
520330 BELA VISTA DE GOIAS;56,89;37,94
520340 BOM JARDIM DE GOIAS;68,88;21,43
520350 BOM JESUS DE GOIAS;69,62;26,97
520355 BONFINOPOLIS;87,01;11,51
520357 BONOPOLIS;56,75;40,02
520360 BRAZABRANTES;78;21,63
520380 BRITANIA;71,27;24,24
520390 BURITI ALEGRE;89,88;8,69
520393 BURITI DE GOIAS;83,6;12,03
520396 BURITINOPOLIS;66,53;5,41
520400 CABECEIRAS;74,48;19,15
520410 CACHOEIRA ALTA;73,89;21,85
520420 CACHOEIRA DE GOIAS;82,79;12,35
520425 CACHOEIRA DOURADA;76,72;18,86
520430 CACU;76,42;20,98
520440 CAIAPONIA;75,6;16,75
520450 CALDAS NOVAS;84,14;13,01
520455 CALDAZINHA;58,22;32,97
520460 CAMPESTRE DE GOIAS;68,07;31,09
520465 CAMPINACU;58,44;21,36
520470 CAMPINORTE;73,67;24,99
520480 CAMPO ALEGRE DE GOIAS;70,25;23,1
520485 CAMPO LIMPO DE GOIAS;64,14;33,61
520490 CAMPOS BELOS;84,43;3,88
520495 CAMPOS VERDES;59,82;35,86
520500 CARMO DO RIO VERDE;78,98;15,26
520505 CASTELANDIA;75,89;23,77
520510 CATALAO;92,9;6,17
520520 CATURAI;71,45;26,17
520530 CAVALCANTE;52,65;11,26
520540 CERES;92,21;6,39
520545 CEZARINA;79,67;19,66
520547 CHAPADAO DO CEU;84,21;14,69
520549 CIDADE OCIDENTAL;88,37;9,47
520551 COCALZINHO DE GOIAS;54,27;40,12
520552 COLINAS DO SUL;65,75;15,01
520570 CORREGO DO OURO;62,08;24,16
520580 CORUMBA DE GOIAS;59,03;30,78
520590 CORUMBAIBA;75,35;21,18
520620 CRISTALINA;68,86;27,34
520630 CRISTIANOPOLIS;84,36;12,09
520640 CRIXAS;63,41;26,7
520650 CROMINIA;78,2;18,62
520660 CUMARI;80,48;16,33
520670 DAMIANOPOLIS;72,51;7,38
520680 DAMOLANDIA;75,97;23,41
520690 DAVINOPOLIS;66,67;25,62
520710 DIORAMA;62,5;30,37
520725 DOVERLANDIA;66,18;24,88
520735 EDEALINA;63,51;34,58
520740 EDEIA;78,02;21,19
520750 ESTRELA DO NORTE;71,85;27,87
520753 FAINA;50,09;31,97
520760 FAZENDA NOVA;59,42;37,68
520780 FIRMINOPOLIS;79,23;19,39
520790 FLORES DE GOIAS;37,25;19,54
520800 FORMOSA;87,86;7,29
520810 FORMOSO;72,48;23,8
520815 GAMELEIRA DE GOIAS;42,59;52,12
520830 DIVINOPOLIS DE GOIAS;69,87;3,04
520840 GOIANAPOLIS;74,37;21,33
520850 GOIANDIRA;85,5;8,84
520860 GOIANESIA;72,8;25,48
520870 GOIANIA;92,97;6,55
520880 GOIANIRA;64,99;34,34
520890 GOIAS;74,91;14,85
520910 GOIATUBA;77,13;20,5
520915 GOUVELANDIA;58,85;37,93
520920 GUAPO;75,9;17,97
520929 GUARAITA;55,75;32,28
520940 GUARANI DE GOIAS;61,01;5,79
520945 GUARINOS;58,1;35,11
520960 HEITORAI;74,79;22,38
520970 HIDROLANDIA;54,93;42,88
520980 HIDROLINA;71,56;15,7
520990 IACIARA;76,13;8,14
520993 INACIOLANDIA;55,23;43,32
520995 INDIARA;87,21;12,14
521000 INHUMAS;84,19;15,11
521010 IPAMERI;84,55;10,42
521015 IPIRANGA DE GOIAS;50,89;40,35
521020 IPORA;89,11;8,27
521030 ISRAELANDIA;69,53;24,16
521040 ITABERAI;71,99;22,03
521056 ITAGUARI;78,78;19,57
521060 ITAGUARU;81,76;15,78
521080 ITAJA;76,31;18,92
521090 ITAPACI;69,36;24,02
521100 ITAPIRAPUA;70,35;27,81
521120 ITAPURANGA;73,89;18,2
521130 ITARUMA;58,92;33,11
521140 ITAUCU;80,13;17,86
521150 ITUMBIARA;81,19;16,69
521160 IVOLANDIA;53,6;35,84
521170 JANDAIA;67,52;20,18
521180 JARAGUA;80,63;15,4
521190 JATAI;83,11;15,82
521200 JAUPACI;77,62;20,1
521205 JESUPOLIS;73,58;25,47
521210 JOVIANIA;78,16;19,89
521220 JUSSARA;76,82;18,94
521225 LAGOA SANTA;60,42;36,81
521230 LEOPOLDO DE BULHOES;65,84;28,77
521250 LUZIANIA;58,72;38,05
521260 MAIRIPOTABA;66,75;22,76
521270 MAMBAI;76,77;2,24
521280 MARA ROSA;75,41;22,78
521290 MARZAGAO;86,46;13,26
521295 MATRINCHA;70,54;23,83
521300 MAURILANDIA;93,08;5,51
521305 MIMOSO DE GOIAS;45,44;23,88
521308 MINACU;84,54;11,34
521310 MINEIROS;90,82;7,56
521340 MOIPORA;66,82;26,57
521350 MONTE ALEGRE DE GOIAS;54,37;23,67
521370 MONTES CLAROS DE GOIAS;61,18;28,93
521375 MONTIVIDIU;76,6;19,99
521377 MONTIVIDIU DO NORTE;43,7;47,98
521380 MORRINHOS;85,05;13,47
521385 MORRO AGUDO DE GOIAS;69,89;24,18
521390 MOSSAMEDES;72,15;25,06
521400 MOZARLANDIA;68,73;29,9
521405 MUNDO NOVO;53,65;42,11
521410 MUTUNOPOLIS;62,55;28,53
521440 NAZARIO;90,76;8,39
521450 NEROPOLIS;81,79;17,11
521460 NIQUELANDIA;76,04;14,12
521470 NOVA AMERICA;72,9;20
521480 NOVA AURORA;89,22;9,96
521483 NOVA CRIXAS;55,03;42,83
521486 NOVA GLORIA;71,48;25,15
521487 NOVA IGUACU DE GOIAS;67,56;24,06
521490 NOVA ROMA;83,39;5,51
521500 NOVA VENEZA;81,86;16,97
521520 NOVO BRASIL;72,6;24,47
521523 NOVO GAMA;87,92;7,75
521525 NOVO PLANALTO;63,96;25,75
521530 ORIZONA;52,72;36,37
521540 OURO VERDE DE GOIAS;65,29;30,28
521550 OUVIDOR;83,57;14,4
521560 PADRE BERNARDO;57,34;21,03
521565 PALESTINA DE GOIAS;60,14;32,76
521570 PALMEIRAS DE GOIAS;63,09;33,6
521580 PALMELO;91,33;8,42
521590 PALMINOPOLIS;74,59;24,39
521600 PANAMA;73,57;23,67
521630 PARANAIGUARA;91,45;7,11
521640 PARAUNA;74,37;23,1
521645 PEROLANDIA;57,91;36,17
521680 PETROLINA DE GOIAS;62,76;33,83
521690 PILAR DE GOIAS;45,62;42,95
521710 PIRACANJUBA;66,21;27,37
521720 PIRANHAS;79,15;17,51
521730 PIRENOPOLIS;72;19,12
521740 PIRES DO RIO;92,78;6,73
521760 PLANALTINA;85,2;9,58
521770 PONTALINA;73,47;23,67
521800 PORANGATU;78,99;18,84
521805 PORTEIRAO;81,18;16,01
521810 PORTELANDIA;68,2;28,4
521830 POSSE;77,47;4,92
521839 PROFESSOR JAMIL;69,84;27,33
521850 QUIRINOPOLIS;72,71;23,98
521860 RIALMA;91,18;6,55
521870 RIANAPOLIS;85,71;13,11
521878 RIO QUENTE;79,21;20,06
521880 RIO VERDE;82,64;16,66
521890 RUBIATABA;82,84;13,68
521900 SANCLERLANDIA;85,92;10,94
521910 SANTA BARBARA DE GOIAS;88,91;9,1
521920 SANTA CRUZ DE GOIAS;42,06;53,88
521925 SANTA FE DE GOIAS;72,68;26,3
521930 SANTA HELENA DE GOIAS;84,84;13,96
521935 SANTA ISABEL;67,91;30,37
521940 SANTA RITA DO ARAGUAIA;87,39;8,32
521945 SANTA RITA DO NOVO DESTINO;50,93;43,79
521950 SANTA ROSA DE GOIAS;69,78;21,08
521960 SANTA TEREZA DE GOIAS;81,15;14
521970 SANTA TEREZINHA DE GOIAS;53,21;36,1
521971 SANTO ANTONIO DA BARRA;70,99;27,82
521973 SANTO ANTONIO DE GOIAS;85,5;13,22
521975 SANTO ANTONIO DO DESCOBERTO;70,67;15,82
521980 SAO DOMINGOS;60,82;8,13
521990 SAO FRANCISCO DE GOIAS;70,3;28,37
522000 SAO JOAO D'ALIANCA;62,86;23,37
522005 SAO JOAO DA PARAUNA;73,77;21,64
522010 SAO LUIS DE MONTES BELOS;84,23;11,19
522015 SAO LUIZ DO NORTE;42,11;55,56
522020 SAO MIGUEL DO ARAGUAIA;54,25;43,85
522026 SAO MIGUEL DO PASSA QUATRO;53,96;37,32
522028 SAO PATRICIO;58,63;32,81
522040 SAO SIMAO;97;1,99
522045 SENADOR CANEDO;81,11;18
522050 SERRANOPOLIS;73,22;24,8
522060 SILVANIA;64,09;25,72
522068 SIMOLANDIA;83,39;3,29
522070 SITIO D'ABADIA;59,25;19,47
522100 TAQUARAL DE GOIAS;78,59;19,61
522108 TERESINA DE GOIAS;71,43;8,99
522119 TEREZOPOLIS DE GOIAS;74,57;21,83
522130 TRES RANCHOS;73,52;23,09
522140 TRINDADE;84,68;14,49
522145 TROMBAS;64,05;24,48
522150 TURVANIA;81,14;17,88
522155 TURVELANDIA;68,46;28,93
522157 UIRAPURU;59,15;38,43
522160 URUACU;75,92;21,17
522170 URUANA;78,02;17,85
522180 URUTAI;72,36;19,5
522185 VALPARAISO DE GOIAS;75,35;22,82
522190 VARJAO;61,19;29,96
522200 VIANOPOLIS;68,25;18,65
522205 VICENTINOPOLIS;87,83;10,77
522220 VILA BOA;72,56;12,69
522230 VILA PROPICIO;40,82;37,11
530010 BRASILIA;95,11;3,04
