muni_code;muni_name;uf_code;uf_acr;tipo_regiao;bioma;altitude;koppen;pop22
1100015;Alta Floresta D'oeste;11;RO;n„o metropolitana;amazonia;246,08;Am;21558
1100023;Ariquemes;11;RO;n„o metropolitana;amazonia;165,9;Am;100896
1100031;Cabixi;11;RO;n„o metropolitana;amazonia;224,18;Am;5107
1100049;Cacoal;11;RO;metropolitana;amazonia;229,95;Am;92202
1100056;Cerejeiras;11;RO;n„o metropolitana;amazonia;192,22;Am;15237
1100064;Colorado Do Oeste;11;RO;n„o metropolitana;amazonia;359,62;Am;15747
1100072;Corumbiara;11;RO;n„o metropolitana;amazonia;266,89;Am;7503
1100080;Costa Marques;11;RO;n„o metropolitana;amazonia;190,01;Am;12633
1100098;Espig√£o D'oeste;11;RO;n„o metropolitana;amazonia;296,94;Am;29722
1100106;Guajar√°-Mirim;11;RO;n„o metropolitana;amazonia;197,96;Am;39396
1100114;Jaru;11;RO;n„o metropolitana;amazonia;209,76;Am;52090
1100122;Ji-Paran√°;11;RO;metropolitana;amazonia;193,68;Am;136825
1100130;Machadinho D'oeste;11;RO;n„o metropolitana;amazonia;136,83;Am;30626
1100148;Nova Brasil√¢ndia D'oeste;11;RO;n„o metropolitana;amazonia;249,3;Am;17355
1100155;Ouro Preto Do Oeste;11;RO;n„o metropolitana;amazonia;220,01;Am;36753
1100189;Pimenta Bueno;11;RO;n„o metropolitana;amazonia;286,28;Am;37464
1100205;Porto Velho;11;RO;metropolitana;amazonia;120,26;Am;461748
1100254;Presidente M√©dici;11;RO;n„o metropolitana;amazonia;210,79;Am;19316
1100262;Rio Crespo;11;RO;n„o metropolitana;amazonia;153,27;Am;3476
1100288;Rolim De Moura;11;RO;n„o metropolitana;amazonia;242,23;Am;57180
1100296;Santa Luzia D'oeste;11;RO;n„o metropolitana;amazonia;341,63;Am;7394
1100304;Vilhena;11;RO;n„o metropolitana;amazonia;409,37;Am;95599
1100320;S√£o Miguel Do Guapor√©;11;RO;n„o metropolitana;amazonia;236,82;Am;21612
1100338;Nova Mamor√©;11;RO;n„o metropolitana;amazonia;205,24;Am;25452
1100346;Alvorada D'oeste;11;RO;n„o metropolitana;amazonia;248,65;Am;13092
1100379;Alto Alegre Dos Parecis;11;RO;n„o metropolitana;amazonia;255,49;Am;13023
1100403;Alto Para√≠so;11;RO;n„o metropolitana;amazonia;134,69;Am;17140
1100452;Buritis;11;RO;n„o metropolitana;amazonia;170,1;Am;28178
1100502;Novo Horizonte Do Oeste;11;RO;n„o metropolitana;amazonia;252,89;Am;7653
1100601;Cacaul√¢ndia;11;RO;n„o metropolitana;amazonia;191,55;Am;4157
1100700;Campo Novo De Rond√¥nia;11;RO;n„o metropolitana;amazonia;248,65;Am;8840
1100809;Candeias Do Jamari;11;RO;n„o metropolitana;amazonia;103,22;Am;22564
1100908;Castanheiras;11;RO;n„o metropolitana;amazonia;201,43;Am;3269
1100924;Chupinguaia;11;RO;n„o metropolitana;amazonia;329,97;Am;9351
1100940;Cujubim;11;RO;n„o metropolitana;amazonia;128,98;Am;14338
1101005;Governador Jorge Teixeira;11;RO;n„o metropolitana;amazonia;279,41;Am;8012
1101104;Itapu√£ Do Oeste;11;RO;n„o metropolitana;amazonia;115,7;Am;9465
1101203;Ministro Andreazza;11;RO;n„o metropolitana;amazonia;304,56;Am;6440
1101302;Mirante Da Serra;11;RO;n„o metropolitana;amazonia;271,69;Am;9200
1101401;Monte Negro;11;RO;n„o metropolitana;amazonia;201,29;Am;11966
1101435;Nova Uni√£o;11;RO;n„o metropolitana;amazonia;276,91;Am;6194
1101450;Parecis;11;RO;n„o metropolitana;amazonia;329,49;Am;3953
1101468;Pimenteiras Do Oeste;11;RO;n„o metropolitana;amazonia;186,31;Am;2180
1101476;Primavera De Rond√¥nia;11;RO;n„o metropolitana;amazonia;233,73;Am;3071
1101484;S√£o Felipe D'oeste;11;RO;n„o metropolitana;amazonia;251,28;Am;5259
1101492;S√£o Francisco Do Guapor√©;11;RO;n„o metropolitana;amazonia;173,21;Am;16302
1101500;Seringueiras;11;RO;n„o metropolitana;amazonia;211,42;Am;11183
1101559;Teixeir√≥polis;11;RO;n„o metropolitana;amazonia;219,42;Am;4284
1101609;Theobroma;11;RO;n„o metropolitana;amazonia;178,32;Am;9253
1101708;Urup√°;11;RO;n„o metropolitana;amazonia;223,46;Am;10828
1101757;Vale Do Anari;11;RO;n„o metropolitana;amazonia;159,34;Am;7806
1101807;Vale Do Para√≠so;11;RO;n„o metropolitana;amazonia;182,73;Am;6487
1200013;Acrel√¢ndia;12;AC;n„o metropolitana;amazonia;165,47;Am;12707
1200054;Assis Brasil;12;AC;n„o metropolitana;amazonia;305,21;Af;8157
1200104;Brasil√©ia;12;AC;n„o metropolitana;amazonia;273,61;Af;25786
1200138;Bujari;12;AC;n„o metropolitana;amazonia;189,97;Am;11962
1200179;Capixaba;12;AC;n„o metropolitana;amazonia;197,4;Am;9737
1200203;Cruzeiro Do Sul;12;AC;n„o metropolitana;amazonia;226,06;Af;94345
1200252;Epitaciol√¢ndia;12;AC;n„o metropolitana;amazonia;243,8;Am;18697
1200302;Feij√≥;12;AC;n„o metropolitana;amazonia;251,14;Af;35035
1200328;Jord√£o;12;AC;n„o metropolitana;amazonia;330,41;Af;11105
1200336;M√¢ncio Lima;12;AC;n„o metropolitana;amazonia;257,6;Af;19172
1200344;Manoel Urbano;12;AC;n„o metropolitana;amazonia;233,58;Af;12246
1200351;Marechal Thaumaturgo;12;AC;n„o metropolitana;amazonia;282,43;Af;16825
1200385;Pl√°cido De Castro;12;AC;n„o metropolitana;amazonia;179,76;Am;16313
1200393;Porto Walter;12;AC;n„o metropolitana;amazonia;244,35;Af;10706
1200401;Rio Branco;12;AC;metropolitana;amazonia;209,03;Am;364368
1200427;Rodrigues Alves;12;AC;n„o metropolitana;amazonia;250,56;Af;16072
1200435;Santa Rosa Do Purus;12;AC;n„o metropolitana;amazonia;251,66;Af;7672
1200450;Senador Guiomard;12;AC;n„o metropolitana;amazonia;177,03;Am;21658
1200500;Sena Madureira;12;AC;n„o metropolitana;amazonia;231,54;Am;39746
1200609;Tarauac√°;12;AC;n„o metropolitana;amazonia;252,67;Af;43072
1200708;Xapuri;12;AC;n„o metropolitana;amazonia;227,59;Am;18181
1200807;Porto Acre;12;AC;n„o metropolitana;amazonia;172,78;Am;16218
1300029;Alvar√£es;13;AM;n„o metropolitana;amazonia;78,54;Af;15916
1300060;Amatur√°;13;AM;n„o metropolitana;amazonia;83,74;Af;10814
1300086;Anam√£;13;AM;n„o metropolitana;amazonia;40,78;Af;9927
1300102;Anori;13;AM;n„o metropolitana;amazonia;35,18;Af;17052
1300144;Apu√≠;13;AM;n„o metropolitana;amazonia;154,7;Am;21403
1300201;Atalaia Do Norte;13;AM;n„o metropolitana;amazonia;157,3;Af;15440
1300300;Autazes;13;AM;metropolitana;amazonia;30,93;Af;41672
1300409;Barcelos;13;AM;n„o metropolitana;amazonia;91,99;Af;18399
1300508;Barreirinha;13;AM;n„o metropolitana;amazonia;35,36;Af;30990
1300607;Benjamin Constant;13;AM;n„o metropolitana;amazonia;139,73;Af;37436
1300631;Beruri;13;AM;n„o metropolitana;amazonia;47,19;Af;20807
1300680;Boa Vista Do Ramos;13;AM;n„o metropolitana;amazonia;27,15;Af;24018
1300706;Boca Do Acre;13;AM;n„o metropolitana;amazonia;170,74;Am;35964
1300805;Borba;13;AM;n„o metropolitana;amazonia;60,79;Af;33209
1300839;Caapiranga;13;AM;n„o metropolitana;amazonia;47,75;Af;13851
1300904;Canutama;13;AM;n„o metropolitana;amazonia;83,37;Am;17362
1301001;Carauari;13;AM;n„o metropolitana;amazonia;108,75;Af;29176
1301100;Careiro;13;AM;metropolitana;amazonia;34,96;Af;30819
1301159;Careiro Da V√°rzea;13;AM;metropolitana;amazonia;22,84;Af;19615
1301209;Coari;13;AM;n„o metropolitana;amazonia;67,58;Af;71130
1301308;Codaj√°s;13;AM;n„o metropolitana;amazonia;48,4;Af;24071
1301407;Eirunep√©;13;AM;n„o metropolitana;amazonia;176,14;Af;33173
1301506;Envira;13;AM;n„o metropolitana;amazonia;183,76;Af;17034
1301605;Fonte Boa;13;AM;n„o metropolitana;amazonia;60,73;Af;27692
1301654;Guajar√°;13;AM;n„o metropolitana;amazonia;211,38;Af;13809
1301704;Humait√°;13;AM;n„o metropolitana;amazonia;71,92;Am;59504
1301803;Ipixuna;13;AM;n„o metropolitana;amazonia;191,5;Af;24387
1301852;Iranduba;13;AM;metropolitana;amazonia;45,99;Af;59767
1301902;Itacoatiara;13;AM;metropolitana;amazonia;35,97;Af;103826
1301951;Itamarati;13;AM;n„o metropolitana;amazonia;138,89;Af;10783
1302009;Itapiranga;13;AM;metropolitana;amazonia;80,5;Af;10183
1302108;Japur√°;13;AM;n„o metropolitana;amazonia;107,63;Af;9281
1302207;Juru√°;13;AM;n„o metropolitana;amazonia;78,1;Af;10501
1302306;Juta√≠;13;AM;n„o metropolitana;amazonia;123,74;Af;25048
1302405;L√°brea;13;AM;n„o metropolitana;amazonia;122,89;Am;47003
1302504;Manacapuru;13;AM;metropolitana;amazonia;33,69;Af;102736
1302553;Manaquiri;13;AM;metropolitana;amazonia;35,23;Af;17333
1302603;Manaus;13;AM;metropolitana;amazonia;66,97;Af;2054731
1302702;Manicor√©;13;AM;n„o metropolitana;amazonia;71,65;Am;59225
1302801;Mara√£;13;AM;n„o metropolitana;amazonia;51,36;Af;15706
1302900;Mau√©s;13;AM;n„o metropolitana;amazonia;101,45;Af;61167
1303007;Nhamund√°;13;AM;n„o metropolitana;amazonia;104,95;Af;20249
1303106;Nova Olinda Do Norte;13;AM;n„o metropolitana;amazonia;37,73;Af;27088
1303205;Novo Air√£o;13;AM;metropolitana;amazonia;57,76;Af;15819
1303304;Novo Aripuan√£;13;AM;n„o metropolitana;amazonia;87,97;Am;24251
1303403;Parintins;13;AM;n„o metropolitana;amazonia;25,22;Af;96251
1303502;Pauini;13;AM;n„o metropolitana;amazonia;161,94;Af;20351
1303536;Presidente Figueiredo;13;AM;metropolitana;amazonia;98,07;Af;30762
1303569;Rio Preto Da Eva;13;AM;metropolitana;amazonia;92,65;Af;24807
1303601;Santa Isabel Do Rio Negro;13;AM;n„o metropolitana;amazonia;124,36;Af;14305
1303700;Santo Ant√¥nio Do I√ß√°;13;AM;n„o metropolitana;amazonia;94,86;Af;28233
1303809;S√£o Gabriel Da Cachoeira;13;AM;n„o metropolitana;amazonia;116,7;Af;51921
1303908;S√£o Paulo De Oliven√ßa;13;AM;n„o metropolitana;amazonia;126,81;Af;32727
1303957;S√£o Sebasti√£o Do Uatum√£;13;AM;n„o metropolitana;amazonia;94,09;Af;11697
1304005;Silves;13;AM;metropolitana;amazonia;60,65;Af;11572
1304062;Tabatinga;13;AM;n„o metropolitana;amazonia;97,02;Af;66837
1304104;Tapau√°;13;AM;n„o metropolitana;amazonia;85,84;Af;21914
1304203;Tef√©;13;AM;n„o metropolitana;amazonia;86,29;Af;74142
1304237;Tonantins;13;AM;n„o metropolitana;amazonia;88,05;Af;20180
1304260;Uarini;13;AM;n„o metropolitana;amazonia;70,76;Af;14597
1304302;Urucar√°;13;AM;n„o metropolitana;amazonia;131,71;Af;18582
1304401;Urucurituba;13;AM;n„o metropolitana;amazonia;13;Af;24017
1400027;Amajari;14;RR;n„o metropolitana;amazonia;396,94;Am;16994
1400050;Alto Alegre;14;RR;metropolitana;amazonia;445,62;Am;23582
1400100;Boa Vista;14;RR;metropolitana;amazonia;87,63;Am;408157
1400159;Bonfim;14;RR;metropolitana;amazonia;125,7;Am;16169
1400175;Cant√°;14;RR;metropolitana;amazonia;146,81;Am;18030
1400209;Caracara√≠;14;RR;n„o metropolitana;amazonia;107,84;Af;20780
1400233;Caroebe;14;RR;n„o metropolitana;amazonia;219,43;Af;10555
1400282;Iracema;14;RR;n„o metropolitana;amazonia;313,08;Am;11000
1400308;Mucaja√≠;14;RR;metropolitana;amazonia;217,67;Am;17058
1400407;Normandia;14;RR;n„o metropolitana;amazonia;179,46;Am;15264
1400456;Pacaraima;14;RR;n„o metropolitana;amazonia;349,74;Am;19317
1400472;Rorain√≥polis;14;RR;n„o metropolitana;amazonia;64,26;Af;29932
1400506;S√£o Jo√£o Da Baliza;14;RR;n„o metropolitana;amazonia;147,2;Af;8011
1400605;S√£o Luiz;14;RR;n„o metropolitana;amazonia;121,64;Af;6192
1400704;Uiramut√£;14;RR;n„o metropolitana;amazonia;759,87;Am;13764
1500107;Abaetetuba;15;PA;n„o metropolitana;amazonia;13,29;Af;158042
1500131;Abel Figueiredo;15;PA;n„o metropolitana;amazonia;212,29;Aw;6119
1500206;Acar√°;15;PA;n„o metropolitana;amazonia;34,87;Af;63268
1500305;Afu√°;15;PA;n„o metropolitana;amazonia;11,92;Am;38020
1500347;√Ågua Azul Do Norte;15;PA;n„o metropolitana;amazonia;313,6;Am;16672
1500404;Alenquer;15;PA;n„o metropolitana;amazonia;316,49;Am;86096
1500503;Almeirim;15;PA;n„o metropolitana;amazonia;271,02;Am;38843
1500602;Altamira;15;PA;n„o metropolitana;amazonia;266,33;Am;135067
1500701;Anaj√°s;15;PA;n„o metropolitana;amazonia;19,92;Am;34065
1500800;Ananindeua;15;PA;metropolitana;amazonia;15,77;Af;515745
1500859;Anapu;15;PA;n„o metropolitana;amazonia;144,96;Am;33566
1500909;Augusto Corr√™a;15;PA;n„o metropolitana;amazonia;26,43;Am;43691
1500958;Aurora Do Par√°;15;PA;n„o metropolitana;amazonia;47,52;Am;32772
1501006;Aveiro;15;PA;n„o metropolitana;amazonia;97,51;Af;18343
1501105;Bagre;15;PA;n„o metropolitana;amazonia;30,93;Af;35265
1501204;Bai√£o;15;PA;n„o metropolitana;amazonia;40,53;Am;51844
1501253;Bannach;15;PA;n„o metropolitana;amazonia;420,97;Am;3730
1501303;Barcarena;15;PA;n„o metropolitana;amazonia;13,55;Af;126733
1501402;Bel√©m;15;PA;metropolitana;amazonia;8,21;Am;1367336
1501451;Belterra;15;PA;n„o metropolitana;amazonia;129,83;Am;18060
1501501;Benevides;15;PA;metropolitana;amazonia;24,53;Af;56152
1501576;Bom Jesus Do Tocantins;15;PA;n„o metropolitana;amazonia;155,19;Aw;14511
1501600;Bonito;15;PA;n„o metropolitana;amazonia;53,59;Am;12892
1501709;Bragan√ßa;15;PA;n„o metropolitana;amazonia;39,13;Am;121793
1501725;Brasil Novo;15;PA;n„o metropolitana;amazonia;161,73;Am;30214
1501758;Brejo Grande Do Araguaia;15;PA;n„o metropolitana;amazonia;170,68;Aw;6791
1501782;Breu Branco;15;PA;n„o metropolitana;amazonia;80,19;Am;40157
1501808;Breves;15;PA;n„o metropolitana;amazonia;18,54;Af;114628
1501907;Bujaru;15;PA;n„o metropolitana;amazonia;30,73;Af;27049
1501956;Cachoeira Do Piri√°;15;PA;n„o metropolitana;amazonia;53,36;Am;26510
1502004;Cachoeira Do Arari;15;PA;n„o metropolitana;amazonia;5,62;Am;22950
1502103;Camet√°;15;PA;n„o metropolitana;amazonia;14,32;Af;134734
1502152;Cana√£ Dos Caraj√°s;15;PA;n„o metropolitana;amazonia;356,43;Am;75433
1502202;Capanema;15;PA;n„o metropolitana;amazonia;33,62;Am;70321
1502301;Capit√£o Po√ßo;15;PA;n„o metropolitana;amazonia;74,23;Am;56331
1502400;Castanhal;15;PA;metropolitana;amazonia;38,74;Am;200003
1502509;Chaves;15;PA;n„o metropolitana;amazonia;7,81;Am;20630
1502608;Colares;15;PA;n„o metropolitana;amazonia;7,28;Am;11923
1502707;Concei√ß√£o Do Araguaia;15;PA;n„o metropolitana;amazonia;200,42;Aw;44765
1502756;Conc√≥rdia Do Par√°;15;PA;n„o metropolitana;amazonia;41,38;Af;26869
1502764;Cumaru Do Norte;15;PA;n„o metropolitana;amazonia;356,77;Am;12397
1502772;Curion√≥polis;15;PA;n„o metropolitana;amazonia;254,67;Am;19929
1502806;Curralinho;15;PA;n„o metropolitana;amazonia;18,13;Af;38060
1502855;Curu√°;15;PA;n„o metropolitana;amazonia;18,58;Am;14126
1502905;Curu√ß√°;15;PA;n„o metropolitana;amazonia;20,54;Am;44493
1502939;Dom Eliseu;15;PA;n„o metropolitana;amazonia;202,8;Aw;58444
1502954;Eldorado Do Caraj√°s;15;PA;n„o metropolitana;amazonia;152,43;Am;30264
1503002;Faro;15;PA;n„o metropolitana;amazonia;130,55;Af;8728
1503044;Floresta Do Araguaia;15;PA;n„o metropolitana;amazonia;188,68;Aw;17896
1503077;Garraf√£o Do Norte;15;PA;n„o metropolitana;amazonia;81,84;Am;24716
1503093;Goian√©sia Do Par√°;15;PA;n„o metropolitana;amazonia;109,41;Am;23806
1503101;Gurup√°;15;PA;n„o metropolitana;amazonia;18,85;Am;31945
1503200;Igarap√©-A√ßu;15;PA;n„o metropolitana;amazonia;39,23;Am;35788
1503309;Igarap√©-Miri;15;PA;n„o metropolitana;amazonia;14,75;Af;66369
1503408;Inhangapi;15;PA;n„o metropolitana;amazonia;23,49;Am;10334
1503457;Ipixuna Do Par√°;15;PA;n„o metropolitana;amazonia;68,67;Am;29116
1503507;Irituia;15;PA;n„o metropolitana;amazonia;38,35;Am;30627
1503606;Itaituba;15;PA;n„o metropolitana;amazonia;202,82;Am;137170
1503705;Itupiranga;15;PA;n„o metropolitana;amazonia;158,83;Am;53873
1503754;Jacareacanga;15;PA;n„o metropolitana;amazonia;218,46;Am;24742
1503804;Jacund√°;15;PA;n„o metropolitana;amazonia;103,85;Am;36184
1503903;Juruti;15;PA;n„o metropolitana;amazonia;62,04;Am;57837
1504000;Limoeiro Do Ajuru;15;PA;n„o metropolitana;amazonia;10,74;Af;29617
1504059;M√£e Do Rio;15;PA;n„o metropolitana;amazonia;48,24;Am;34566
1504109;Magalh√£es Barata;15;PA;n„o metropolitana;amazonia;24,3;Am;8090
1504208;Marab√°;15;PA;metropolitana;amazonia;202,81;Am;271321
1504307;Maracan√£;15;PA;n„o metropolitana;amazonia;21,09;Am;25929
1504406;Marapanim;15;PA;n„o metropolitana;amazonia;22,97;Am;30867
1504422;Marituba;15;PA;metropolitana;amazonia;18,74;Af;123890
1504455;Medicil√¢ndia;15;PA;n„o metropolitana;amazonia;166,02;Am;26438
1504505;Melga√ßo;15;PA;n„o metropolitana;amazonia;24,69;Af;26770
1504604;Mocajuba;15;PA;n„o metropolitana;amazonia;22,41;Af;27265
1504703;Moju;15;PA;n„o metropolitana;amazonia;45,17;Af;81364
1504752;Moju√≠ Dos Campos;15;PA;n„o metropolitana;amazonia;125;Af;22845
1504802;Monte Alegre;15;PA;n„o metropolitana;amazonia;265,69;Am;59890
1504901;Muan√°;15;PA;n„o metropolitana;amazonia;10,98;Af;60117
1504950;Nova Esperan√ßa Do Piri√°;15;PA;n„o metropolitana;amazonia;97,34;Am;21132
1504976;Nova Ipixuna;15;PA;n„o metropolitana;amazonia;107,2;Aw;13318
1505007;Nova Timboteua;15;PA;n„o metropolitana;amazonia;34,55;Am;12737
1505031;Novo Progresso;15;PA;n„o metropolitana;amazonia;337,02;Am;33636
1505064;Novo Repartimento;15;PA;n„o metropolitana;amazonia;153,68;Am;60438
1505106;√ìbidos;15;PA;n„o metropolitana;amazonia;259,62;Am;58121
1505205;Oeiras Do Par√°;15;PA;n„o metropolitana;amazonia;23,84;Af;33886
1505304;Oriximin√°;15;PA;n„o metropolitana;amazonia;230,51;Af;76140
1505403;Our√©m;15;PA;n„o metropolitana;amazonia;56,98;Am;17836
1505437;Ouril√¢ndia Do Norte;15;PA;n„o metropolitana;amazonia;361,53;Am;26570
1505486;Pacaj√°;15;PA;n„o metropolitana;amazonia;115,17;Am;43527
1505494;Palestina Do Par√°;15;PA;n„o metropolitana;amazonia;160,31;Aw;6872
1505502;Paragominas;15;PA;n„o metropolitana;amazonia;115,81;Am;104883
1505536;Parauapebas;15;PA;n„o metropolitana;amazonia;341,77;Am;271577
1505551;Pau D'arco;15;PA;n„o metropolitana;amazonia;265,31;Am;6772
1505601;Peixe-Boi;15;PA;n„o metropolitana;amazonia;29,71;Am;8315
1505635;Pi√ßarra;15;PA;n„o metropolitana;amazonia;178,97;Aw;12794
1505650;Placas;15;PA;n„o metropolitana;amazonia;201,28;Af;18602
1505700;Ponta De Pedras;15;PA;n„o metropolitana;amazonia;7,28;Am;24913
1505809;Portel;15;PA;n„o metropolitana;amazonia;52,81;Af;67288
1505908;Porto De Moz;15;PA;n„o metropolitana;amazonia;55,24;Am;40709
1506005;Prainha;15;PA;n„o metropolitana;amazonia;102,02;Am;35655
1506104;Primavera;15;PA;n„o metropolitana;amazonia;26,58;Am;10700
1506112;Quatipuru;15;PA;n„o metropolitana;amazonia;13,1;Am;11534
1506138;Reden√ß√£o;15;PA;n„o metropolitana;amazonia;251,51;Am;91227
1506161;Rio Maria;15;PA;n„o metropolitana;amazonia;240,35;Am;17965
1506187;Rondon Do Par√°;15;PA;n„o metropolitana;amazonia;203,37;Aw;35182
1506195;Rur√≥polis;15;PA;n„o metropolitana;amazonia;190,51;Af;41975
1506203;Salin√≥polis;15;PA;n„o metropolitana;amazonia;17,49;Am;44451
1506302;Salvaterra;15;PA;n„o metropolitana;amazonia;6,57;Am;24701
1506351;Santa B√°rbara Do Par√°;15;PA;metropolitana;amazonia;23,31;Am;21089
1506401;Santa Cruz Do Arari;15;PA;n„o metropolitana;amazonia;5,3;Am;6820
1506500;Santa Izabel Do Par√°;15;PA;metropolitana;amazonia;29,02;Am;68963
1506559;Santa Luzia Do Par√°;15;PA;n„o metropolitana;amazonia;60,59;Am;20341
1506583;Santa Maria Das Barreiras;15;PA;n„o metropolitana;amazonia;234,3;Aw;17639
1506609;Santa Maria Do Par√°;15;PA;n„o metropolitana;amazonia;42,37;Am;24583
1506708;Santana Do Araguaia;15;PA;n„o metropolitana;amazonia;237,95;Aw;44526
1506807;Santar√©m;15;PA;metropolitana;amazonia;80,83;Am;351220
1506906;Santar√©m Novo;15;PA;n„o metropolitana;amazonia;28,97;Am;6116
1507003;Santo Ant√¥nio Do Tau√°;15;PA;n„o metropolitana;amazonia;23,63;Am;28282
1507102;S√£o Caetano De Odivelas;15;PA;n„o metropolitana;amazonia;14,93;Am;15226
1507151;S√£o Domingos Do Araguaia;15;PA;n„o metropolitana;amazonia;160,61;Aw;20970
1507201;S√£o Domingos Do Capim;15;PA;n„o metropolitana;amazonia;39,37;Am;30144
1507300;S√£o F√©lix Do Xingu;15;PA;n„o metropolitana;amazonia;287,95;Am;81161
1507409;S√£o Francisco Do Par√°;15;PA;n„o metropolitana;amazonia;41,54;Am;14912
1507458;S√£o Geraldo Do Araguaia;15;PA;n„o metropolitana;amazonia;189,49;Aw;24243
1507466;S√£o Jo√£o Da Ponta;15;PA;n„o metropolitana;amazonia;25,45;Am;4264
1507474;S√£o Jo√£o De Pirabas;15;PA;n„o metropolitana;amazonia;20,45;Am;20593
1507508;S√£o Jo√£o Do Araguaia;15;PA;n„o metropolitana;amazonia;125,93;Aw;13446
1507607;S√£o Miguel Do Guam√°;15;PA;n„o metropolitana;amazonia;30,52;Am;52810
1507706;S√£o Sebasti√£o Da Boa Vista;15;PA;n„o metropolitana;amazonia;17,55;Af;31336
1507755;Sapucaia;15;PA;n„o metropolitana;amazonia;202,2;Am;5295
1507805;Senador Jos√© Porf√≠rio;15;PA;n„o metropolitana;amazonia;169,41;Am;22651
1507904;Soure;15;PA;n„o metropolitana;amazonia;3,97;Am;24183
1507953;Tail√¢ndia;15;PA;n„o metropolitana;amazonia;59,97;Am;84206
1507961;Terra Alta;15;PA;n„o metropolitana;amazonia;36,7;Am;10404
1507979;Terra Santa;15;PA;n„o metropolitana;amazonia;44,71;Am;18804
1508001;Tom√©-A√ßu;15;PA;n„o metropolitana;amazonia;54,38;Af;76055
1508035;Tracuateua;15;PA;n„o metropolitana;amazonia;25;Am;28015
1508050;Trair√£o;15;PA;n„o metropolitana;amazonia;169,96;Af;18924
1508084;Tucum√£;15;PA;n„o metropolitana;amazonia;244,83;Am;34812
1508100;Tucuru√≠;15;PA;n„o metropolitana;amazonia;102,65;Am;90232
1508126;Ulian√≥polis;15;PA;n„o metropolitana;amazonia;154,7;Aw;56562
1508159;Uruar√°;15;PA;n„o metropolitana;amazonia;198,48;Af;48511
1508209;Vigia;15;PA;n„o metropolitana;amazonia;16,94;Am;49096
1508308;Viseu;15;PA;n„o metropolitana;amazonia;36,62;Am;58095
1508357;Vit√≥ria Do Xingu;15;PA;n„o metropolitana;amazonia;93,31;Am;15104
1508407;Xinguara;15;PA;n„o metropolitana;amazonia;226,83;Am;56127
1600055;Serra Do Navio;16;AP;n„o metropolitana;amazonia;175,51;Am;4744
1600105;Amap√°;16;AP;n„o metropolitana;amazonia;32,98;Am;7944
1600154;Pedra Branca Do Amapari;16;AP;n„o metropolitana;amazonia;197,59;Am;12365
1600204;Cal√ßoene;16;AP;n„o metropolitana;amazonia;95,17;Am;10613
1600212;Cutias;16;AP;n„o metropolitana;amazonia;11,38;Am;4388
1600238;Ferreira Gomes;16;AP;n„o metropolitana;amazonia;98,46;Am;6689
1600253;Itaubal;16;AP;n„o metropolitana;amazonia;11,97;Am;5477
1600279;Laranjal Do Jari;16;AP;n„o metropolitana;amazonia;262,66;Am;35038
1600303;Macap√°;16;AP;metropolitana;amazonia;16,71;Am;478448
1600402;Mazag√£o;16;AP;n„o metropolitana;amazonia;113,18;Am;22105
1600501;Oiapoque;16;AP;n„o metropolitana;amazonia;103,18;Am;27778
1600535;Porto Grande;16;AP;n„o metropolitana;amazonia;108,91;Am;17923
1600550;Pracu√∫ba;16;AP;n„o metropolitana;amazonia;100,62;Am;3803
1600600;Santana;16;AP;metropolitana;amazonia;24,21;Am;114995
1600709;Tartarugalzinho;16;AP;n„o metropolitana;amazonia;61,16;Am;10511
1600808;Vit√≥ria Do Jari;16;AP;n„o metropolitana;amazonia;42,23;Am;11447
1700251;Abreul√¢ndia;17;TO;n„o metropolitana;cerrado;226,69;Aw;2463
1700301;Aguiarn√≥polis;17;TO;n„o metropolitana;cerrado;218,41;Aw;4787
1700350;Alian√ßa Do Tocantins;17;TO;n„o metropolitana;cerrado;274,66;Aw;4932
1700400;Almas;17;TO;n„o metropolitana;cerrado;462,3;Aw;9044
1700707;Alvorada;17;TO;n„o metropolitana;cerrado;269,73;Aw;8821
1701002;Anan√°s;17;TO;n„o metropolitana;amazonia;175,77;Aw;10368
1701051;Angico;17;TO;n„o metropolitana;cerrado;296,39;Aw;3062
1701101;Aparecida Do Rio Negro;17;TO;metropolitana;cerrado;379,23;Aw;4965
1701309;Aragominas;17;TO;n„o metropolitana;amazonia;220,28;Aw;6914
1701903;Araguacema;17;TO;n„o metropolitana;cerrado;194,6;Aw;5913
1702000;Aragua√ßu;17;TO;n„o metropolitana;cerrado;268,85;Aw;8666
1702109;Aragua√≠na;17;TO;metropolitana;amazonia;239,27;Aw;186867
1702158;Araguan√£;17;TO;n„o metropolitana;amazonia;194,39;Aw;4316
1702208;Araguatins;17;TO;n„o metropolitana;cerrado;152,34;Aw;31719
1702307;Arapoema;17;TO;n„o metropolitana;amazonia;190,96;Aw;5443
1702406;Arraias;17;TO;n„o metropolitana;cerrado;484,43;Aw;10253
1702554;Augustin√≥polis;17;TO;n„o metropolitana;amazonia;157,88;Aw;17471
1702703;Aurora Do Tocantins;17;TO;n„o metropolitana;cerrado;530,04;Aw;3338
1702901;Axix√° Do Tocantins;17;TO;n„o metropolitana;cerrado;232,97;Aw;10267
1703008;Baba√ßul√¢ndia;17;TO;n„o metropolitana;cerrado;249,48;Aw;8218
1703057;Bandeirantes Do Tocantins;17;TO;n„o metropolitana;amazonia;283,55;Aw;3548
1703073;Barra Do Ouro;17;TO;n„o metropolitana;cerrado;204,13;Aw;4643
1703107;Barrol√¢ndia;17;TO;metropolitana;cerrado;363,77;Aw;4875
1703206;Bernardo Say√£o;17;TO;n„o metropolitana;amazonia;190,72;Aw;4217
1703305;Bom Jesus Do Tocantins;17;TO;n„o metropolitana;cerrado;260,91;Aw;4087
1703602;Brasil√¢ndia Do Tocantins;17;TO;n„o metropolitana;cerrado;264,51;Aw;1947
1703701;Brejinho De Nazar√©;17;TO;metropolitana;cerrado;278,92;Aw;4753
1703800;Buriti Do Tocantins;17;TO;n„o metropolitana;amazonia;131,59;Aw;10346
1703826;Cachoeirinha;17;TO;n„o metropolitana;cerrado;244,52;Aw;1964
1703842;Campos Lindos;17;TO;n„o metropolitana;cerrado;369,34;Aw;8661
1703867;Cariri Do Tocantins;17;TO;n„o metropolitana;cerrado;282,18;Aw;3555
1703883;Carmol√¢ndia;17;TO;n„o metropolitana;amazonia;240,68;Aw;2203
1703891;Carrasco Bonito;17;TO;n„o metropolitana;amazonia;128,18;Aw;3343
1703909;Caseara;17;TO;n„o metropolitana;cerrado;188,26;Aw;4764
1704105;Centen√°rio;17;TO;n„o metropolitana;cerrado;285,01;Aw;2133
1704600;Chapada De Areia;17;TO;n„o metropolitana;cerrado;252,08;Aw;1358
1705102;Chapada Da Natividade;17;TO;n„o metropolitana;cerrado;345,71;Aw;3118
1705508;Colinas Do Tocantins;17;TO;n„o metropolitana;cerrado;303,17;Aw;33967
1705557;Combinado;17;TO;n„o metropolitana;cerrado;522,43;Aw;4751
1705607;Concei√ß√£o Do Tocantins;17;TO;n„o metropolitana;cerrado;360,9;Aw;3891
1706001;Couto Magalh√£es;17;TO;n„o metropolitana;cerrado;193,45;Aw;5254
1706100;Cristal√¢ndia;17;TO;n„o metropolitana;cerrado;244,65;Aw;6331
1706258;Crix√°s Do Tocantins;17;TO;n„o metropolitana;cerrado;262,73;Aw;1411
1706506;Darcin√≥polis;17;TO;n„o metropolitana;cerrado;294;Aw;6357
1707009;Dian√≥polis;17;TO;n„o metropolitana;cerrado;531,04;Aw;17658
1707108;Divin√≥polis Do Tocantins;17;TO;n„o metropolitana;cerrado;225,65;Aw;7065
1707207;Dois Irm√£os Do Tocantins;17;TO;n„o metropolitana;cerrado;265,77;Aw;6735
1707306;Duer√©;17;TO;n„o metropolitana;cerrado;243,55;Aw;4284
1707405;Esperantina;17;TO;n„o metropolitana;amazonia;102,2;Aw;7510
1707553;F√°tima;17;TO;metropolitana;cerrado;314,61;Aw;3445
1707652;Figueir√≥polis;17;TO;n„o metropolitana;cerrado;261,12;Aw;5185
1707702;Filad√©lfia;17;TO;n„o metropolitana;cerrado;218,08;Aw;10590
1708205;Formoso Do Araguaia;17;TO;n„o metropolitana;cerrado;205,39;Aw;20471
1708254;Fortaleza Do Taboc√£o;17;TO;n„o metropolitana;cerrado;310,86;Aw;3458
1708304;Goianorte;17;TO;n„o metropolitana;cerrado;248,31;Aw;4779
1709005;Goiatins;17;TO;n„o metropolitana;cerrado;259,42;Aw;12798
1709302;Guara√≠;17;TO;n„o metropolitana;cerrado;303,46;Aw;26444
1709500;Gurupi;17;TO;n„o metropolitana;cerrado;284,27;Aw;83817
1709807;Ipueiras;17;TO;metropolitana;cerrado;289;Aw;1597
1710508;Itacaj√°;17;TO;n„o metropolitana;cerrado;267,61;Aw;6780
1710706;Itaguatins;17;TO;n„o metropolitana;cerrado;210,73;Aw;5187
1710904;Itapiratins;17;TO;n„o metropolitana;cerrado;224,13;Aw;3936
1711100;Itapor√£ Do Tocantins;17;TO;n„o metropolitana;amazonia;316,24;Aw;2407
1711506;Ja√∫ Do Tocantins;17;TO;n„o metropolitana;cerrado;383,14;Aw;3475
1711803;Juarina;17;TO;n„o metropolitana;cerrado;184,98;Aw;2240
1711902;Lagoa Da Confus√£o;17;TO;n„o metropolitana;cerrado;187,22;Aw;16117
1711951;Lagoa Do Tocantins;17;TO;n„o metropolitana;cerrado;328,52;Aw;3501
1712009;Lajeado;17;TO;metropolitana;cerrado;418,91;Aw;3652
1712157;Lavandeira;17;TO;n„o metropolitana;cerrado;559,72;Aw;1625
1712405;Lizarda;17;TO;n„o metropolitana;cerrado;365,52;Aw;2994
1712454;Luzin√≥polis;17;TO;n„o metropolitana;cerrado;245,64;Aw;2989
1712504;Marian√≥polis Do Tocantins;17;TO;n„o metropolitana;cerrado;196,82;Aw;4460
1712702;Mateiros;17;TO;n„o metropolitana;cerrado;582,57;Aw;2076
1712801;Mauril√¢ndia Do Tocantins;17;TO;n„o metropolitana;cerrado;203,83;Aw;3234
1713205;Miracema Do Tocantins;17;TO;metropolitana;cerrado;276,6;Aw;19561
1713304;Miranorte;17;TO;metropolitana;cerrado;335,58;Aw;13027
1713601;Monte Do Carmo;17;TO;metropolitana;cerrado;403,97;Aw;5874
1713700;Monte Santo Do Tocantins;17;TO;n„o metropolitana;cerrado;285,04;Aw;2290
1713809;Palmeiras Do Tocantins;17;TO;n„o metropolitana;cerrado;248,77;Aw;5359
1713957;Muricil√¢ndia;17;TO;n„o metropolitana;amazonia;190,7;Aw;3722
1714203;Natividade;17;TO;n„o metropolitana;cerrado;382,58;Aw;8643
1714302;Nazar√©;17;TO;n„o metropolitana;cerrado;265,28;Aw;4664
1714880;Nova Olinda;17;TO;n„o metropolitana;cerrado;268,42;Aw;10353
1715002;Nova Rosal√¢ndia;17;TO;n„o metropolitana;cerrado;312,87;Aw;3334
1715101;Novo Acordo;17;TO;n„o metropolitana;cerrado;312,26;Aw;3828
1715150;Novo Alegre;17;TO;n„o metropolitana;cerrado;584,14;Aw;1845
1715259;Novo Jardim;17;TO;n„o metropolitana;cerrado;626,48;Aw;2235
1715507;Oliveira De F√°tima;17;TO;metropolitana;cerrado;310,81;Aw;1172
1715705;Palmeirante;17;TO;n„o metropolitana;cerrado;219,72;Aw;4947
1715754;Palmeir√≥polis;17;TO;n„o metropolitana;cerrado;456,07;Aw;7262
1716109;Para√≠so Do Tocantins;17;TO;metropolitana;cerrado;333,33;Aw;51494
1716208;Paran√£;17;TO;n„o metropolitana;cerrado;404,86;Aw;10492
1716307;Pau D'arco;17;TO;n„o metropolitana;amazonia;212,13;Aw;4017
1716505;Pedro Afonso;17;TO;n„o metropolitana;cerrado;262,09;Aw;14675
1716604;Peixe;17;TO;n„o metropolitana;cerrado;271,04;Aw;9431
1716653;Pequizeiro;17;TO;n„o metropolitana;amazonia;224,26;Aw;4893
1716703;Colm√©ia;17;TO;n„o metropolitana;amazonia;330,97;Aw;8476
1717008;Pindorama Do Tocantins;17;TO;n„o metropolitana;cerrado;480,34;Aw;4128
1717206;Piraqu√™;17;TO;n„o metropolitana;amazonia;198,93;Aw;2278
1717503;Pium;17;TO;n„o metropolitana;cerrado;192,32;Aw;7132
1717800;Ponte Alta Do Bom Jesus;17;TO;n„o metropolitana;cerrado;504,72;Aw;4222
1717909;Ponte Alta Do Tocantins;17;TO;n„o metropolitana;cerrado;394,14;Aw;7284
1718006;Porto Alegre Do Tocantins;17;TO;n„o metropolitana;cerrado;451,95;Aw;2869
1718204;Porto Nacional;17;TO;metropolitana;cerrado;302,54;Aw;71101
1718303;Praia Norte;17;TO;n„o metropolitana;cerrado;154,36;Aw;8808
1718402;Presidente Kennedy;17;TO;n„o metropolitana;cerrado;283,02;Aw;2963
1718451;Pugmil;17;TO;metropolitana;cerrado;297,08;Aw;2185
1718501;Recursol√¢ndia;17;TO;n„o metropolitana;cerrado;346,23;Aw;3380
1718550;Riachinho;17;TO;n„o metropolitana;amazonia;174,21;Aw;3962
1718659;Rio Da Concei√ß√£o;17;TO;n„o metropolitana;cerrado;630,69;Aw;1747
1718709;Rio Dos Bois;17;TO;n„o metropolitana;cerrado;242,71;Aw;2737
1718758;Rio Sono;17;TO;n„o metropolitana;cerrado;289,6;Aw;5600
1718808;Sampaio;17;TO;n„o metropolitana;amazonia;122,27;Aw;4203
1718840;Sandol√¢ndia;17;TO;n„o metropolitana;cerrado;238,78;Aw;4631
1718865;Santa F√© Do Araguaia;17;TO;n„o metropolitana;amazonia;194,68;Aw;7919
1718881;Santa Maria Do Tocantins;17;TO;n„o metropolitana;cerrado;260,37;Aw;2557
1718899;Santa Rita Do Tocantins;17;TO;n„o metropolitana;cerrado;242,41;Aw;2177
1718907;Santa Rosa Do Tocantins;17;TO;n„o metropolitana;cerrado;287,71;Aw;4701
1719004;Santa Tereza Do Tocantins;17;TO;n„o metropolitana;cerrado;333,4;Aw;2715
1720002;Santa Terezinha Do Tocantins;17;TO;n„o metropolitana;cerrado;304,25;Aw;2560
1720101;S√£o Bento Do Tocantins;17;TO;n„o metropolitana;cerrado;210,34;Aw;5387
1720150;S√£o F√©lix Do Tocantins;17;TO;n„o metropolitana;cerrado;444,33;Aw;1780
1720200;S√£o Miguel Do Tocantins;17;TO;n„o metropolitana;cerrado;161,65;Aw;14103
1720259;S√£o Salvador Do Tocantins;17;TO;n„o metropolitana;cerrado;352,71;Aw;2481
1720309;S√£o Sebasti√£o Do Tocantins;17;TO;n„o metropolitana;amazonia;114,67;Aw;4100
1720499;S√£o Val√©rio;17;TO;n„o metropolitana;cerrado;320,48;Aw;4399
1720655;Silvan√≥polis;17;TO;metropolitana;cerrado;338,5;Aw;5126
1720804;S√≠tio Novo Do Tocantins;17;TO;n„o metropolitana;cerrado;207,49;Aw;10830
1720853;Sucupira;17;TO;n„o metropolitana;cerrado;274,39;Aw;1576
1720903;Taguatinga;17;TO;n„o metropolitana;cerrado;478,35;Aw;13986
1720937;Taipas Do Tocantins;17;TO;n„o metropolitana;cerrado;393,17;Aw;2023
1720978;Talism√£;17;TO;n„o metropolitana;cerrado;281,96;Aw;2661
1721000;Palmas;17;TO;metropolitana;cerrado;409,91;Aw;334454
1721109;Tocant√≠nia;17;TO;metropolitana;cerrado;315,55;Aw;8518
1721208;Tocantin√≥polis;17;TO;n„o metropolitana;cerrado;223,05;Aw;23847
1721257;Tupirama;17;TO;n„o metropolitana;cerrado;229,54;Aw;1803
1721307;Tupiratins;17;TO;n„o metropolitana;cerrado;222,51;Aw;1861
1722081;Wanderl√¢ndia;17;TO;n„o metropolitana;cerrado;281,35;Aw;11586
1722107;Xambio√°;17;TO;n„o metropolitana;amazonia;207,92;Aw;10519
2100055;A√ßail√¢ndia;21;MA;n„o metropolitana;amazonia;274,54;Aw;107263
2100105;Afonso Cunha;21;MA;n„o metropolitana;cerrado;104,7;Aw;6144
2100154;√Ågua Doce Do Maranh√£o;21;MA;n„o metropolitana;cerrado;40,47;As;12154
2100204;Alc√¢ntara;21;MA;metropolitana;amazonia;18,55;As;18446
2100303;Aldeias Altas;21;MA;n„o metropolitana;cerrado;104,05;Aw;22549
2100402;Altamira Do Maranh√£o;21;MA;n„o metropolitana;amazonia;64,79;Aw;6451
2100436;Alto Alegre Do Maranh√£o;21;MA;n„o metropolitana;cerrado;54,78;Aw;23270
2100477;Alto Alegre Do Pindar√©;21;MA;n„o metropolitana;amazonia;94,55;Aw;25673
2100501;Alto Parna√≠ba;21;MA;n„o metropolitana;cerrado;469,63;Aw;11076
2100550;Amap√° Do Maranh√£o;21;MA;n„o metropolitana;amazonia;44,73;Am;7162
2100600;Amarante Do Maranh√£o;21;MA;n„o metropolitana;amazonia;272,33;Aw;36266
2100709;Anajatuba;21;MA;n„o metropolitana;amazonia;8;Am;23968
2100808;Anapurus;21;MA;n„o metropolitana;cerrado;89,89;Aw;13795
2100832;Apicum-A√ßu;21;MA;n„o metropolitana;amazonia;12,26;As;17533
2100873;Araguan√£;21;MA;n„o metropolitana;amazonia;48,73;Am;11169
2100907;Araioses;21;MA;n„o metropolitana;cerrado;30,93;As;38980
2100956;Arame;21;MA;n„o metropolitana;amazonia;234,6;Aw;25646
2101004;Arari;21;MA;n„o metropolitana;amazonia;10,43;Am;29302
2101103;Axix√°;21;MA;metropolitana;amazonia;24,18;As;11797
2101202;Bacabal;21;MA;n„o metropolitana;amazonia;28,97;Aw;104352
2101251;Bacabeira;21;MA;metropolitana;amazonia;11,17;Aw;17073
2101301;Bacuri;21;MA;n„o metropolitana;amazonia;16,39;As;16206
2101350;Bacurituba;21;MA;n„o metropolitana;amazonia;2,93;As;5196
2101400;Balsas;21;MA;n„o metropolitana;cerrado;418,75;Aw;100257
2101509;Bar√£o De Graja√∫;21;MA;n„o metropolitana;cerrado;222,51;Aw;19310
2101608;Barra Do Corda;21;MA;n„o metropolitana;cerrado;212,37;Aw;84708
2101707;Barreirinhas;21;MA;n„o metropolitana;cerrado;44,67;As;69312
2101731;Bel√°gua;21;MA;n„o metropolitana;cerrado;85,49;As;8504
2101772;Bela Vista Do Maranh√£o;21;MA;n„o metropolitana;amazonia;26,25;Aw;11911
2101806;Benedito Leite;21;MA;n„o metropolitana;cerrado;275,07;Aw;5472
2101905;Bequim√£o;21;MA;n„o metropolitana;amazonia;15,32;As;19572
2101939;Bernardo Do Mearim;21;MA;n„o metropolitana;cerrado;76,76;Aw;5842
2101970;Boa Vista Do Gurupi;21;MA;n„o metropolitana;amazonia;27,09;Am;7622
2102002;Bom Jardim;21;MA;n„o metropolitana;amazonia;150,31;Aw;32894
2102036;Bom Jesus Das Selvas;21;MA;n„o metropolitana;amazonia;227,39;Aw;28589
2102077;Bom Lugar;21;MA;n„o metropolitana;amazonia;40,55;Aw;11675
2102101;Brejo;21;MA;n„o metropolitana;cerrado;83,23;Aw;34116
2102150;Brejo De Areia;21;MA;n„o metropolitana;amazonia;126,4;Aw;9224
2102200;Buriti;21;MA;n„o metropolitana;cerrado;92,62;Aw;29693
2102309;Buriti Bravo;21;MA;n„o metropolitana;cerrado;198;Aw;22427
2102325;Buriticupu;21;MA;n„o metropolitana;amazonia;239,19;Aw;52395
2102358;Buritirana;21;MA;n„o metropolitana;cerrado;260,21;Aw;12870
2102374;Cachoeira Grande;21;MA;metropolitana;cerrado;59,86;Am;10227
2102408;Cajapi√≥;21;MA;n„o metropolitana;amazonia;5,62;Aw;10032
2102507;Cajari;21;MA;n„o metropolitana;amazonia;10,22;Am;16296
2102556;Campestre Do Maranh√£o;21;MA;n„o metropolitana;cerrado;180,93;Aw;12185
2102606;C√¢ndido Mendes;21;MA;n„o metropolitana;amazonia;34,07;Am;19805
2102705;Cantanhede;21;MA;n„o metropolitana;cerrado;46,89;Aw;17355
2102754;Capinzal Do Norte;21;MA;n„o metropolitana;cerrado;116,48;Aw;11372
2102804;Carolina;21;MA;n„o metropolitana;cerrado;270,71;Aw;24056
2102903;Carutapera;21;MA;n„o metropolitana;amazonia;22,87;As;24263
2103000;Caxias;21;MA;n„o metropolitana;cerrado;114,73;Aw;153634
2103109;Cedral;21;MA;n„o metropolitana;amazonia;24,47;As;10214
2103125;Central Do Maranh√£o;21;MA;n„o metropolitana;amazonia;24,93;As;7086
2103158;Centro Do Guilherme;21;MA;n„o metropolitana;amazonia;67,26;Am;12384
2103174;Centro Novo Do Maranh√£o;21;MA;n„o metropolitana;amazonia;111,7;Am;16254
2103208;Chapadinha;21;MA;n„o metropolitana;cerrado;81,98;Aw;81339
2103257;Cidel√¢ndia;21;MA;n„o metropolitana;amazonia;256,09;Aw;12857
2103307;Cod√≥;21;MA;n„o metropolitana;cerrado;96,4;Aw;112110
2103406;Coelho Neto;21;MA;n„o metropolitana;cerrado;93,4;Aw;41353
2103505;Colinas;21;MA;n„o metropolitana;cerrado;262,91;Aw;40322
2103554;Concei√ß√£o Do Lago-A√ßu;21;MA;n„o metropolitana;amazonia;11,67;Aw;14921
2103604;Coroat√°;21;MA;n„o metropolitana;cerrado;67,18;Aw;59563
2103703;Cururupu;21;MA;n„o metropolitana;amazonia;15,47;As;31662
2103752;Davin√≥polis;21;MA;n„o metropolitana;cerrado;195,12;Aw;14467
2103802;Dom Pedro;21;MA;n„o metropolitana;cerrado;155,22;Aw;23111
2103901;Duque Bacelar;21;MA;n„o metropolitana;cerrado;77,33;Aw;10223
2104008;Esperantin√≥polis;21;MA;n„o metropolitana;cerrado;119,96;Aw;18355
2104057;Estreito;21;MA;n„o metropolitana;cerrado;259,78;Aw;33245
2104073;Feira Nova Do Maranh√£o;21;MA;n„o metropolitana;cerrado;381,02;Aw;8048
2104081;Fernando Falc√£o;21;MA;n„o metropolitana;cerrado;339,24;Aw;10875
2104099;Formosa Da Serra Negra;21;MA;n„o metropolitana;cerrado;365,33;Aw;17758
2104107;Fortaleza Dos Nogueiras;21;MA;n„o metropolitana;cerrado;448,36;Aw;12642
2104206;Fortuna;21;MA;n„o metropolitana;cerrado;182,01;Aw;17075
2104305;Godofredo Viana;21;MA;n„o metropolitana;amazonia;19,7;Am;9894
2104404;Gon√ßalves Dias;21;MA;n„o metropolitana;cerrado;144,83;Aw;17432
2104503;Governador Archer;21;MA;n„o metropolitana;cerrado;128,63;Aw;10294
2104552;Governador Edison Lob√£o;21;MA;n„o metropolitana;cerrado;192,26;Aw;18375
2104602;Governador Eug√™nio Barros;21;MA;n„o metropolitana;cerrado;150,95;Aw;13918
2104628;Governador Luiz Rocha;21;MA;n„o metropolitana;cerrado;183,63;Aw;7061
2104651;Governador Newton Bello;21;MA;n„o metropolitana;amazonia;56,19;Am;10708
2104677;Governador Nunes Freire;21;MA;n„o metropolitana;amazonia;53,28;Am;22754
2104701;Gra√ßa Aranha;21;MA;n„o metropolitana;cerrado;190,29;Aw;6012
2104800;Graja√∫;21;MA;n„o metropolitana;cerrado;241,87;Aw;73942
2104909;Guimar√£es;21;MA;n„o metropolitana;amazonia;19,9;As;10285
2105005;Humberto De Campos;21;MA;n„o metropolitana;cerrado;27,56;As;25656
2105104;Icatu;21;MA;metropolitana;amazonia;24,07;As;24719
2105153;Igarap√© Do Meio;21;MA;n„o metropolitana;amazonia;19,26;Am;13483
2105203;Igarap√© Grande;21;MA;n„o metropolitana;cerrado;59,88;Aw;10222
2105302;Imperatriz;21;MA;n„o metropolitana;cerrado;159,1;Aw;273027
2105351;Itaipava Do Graja√∫;21;MA;n„o metropolitana;cerrado;204;Aw;13847
2105401;Itapecuru Mirim;21;MA;n„o metropolitana;cerrado;40,97;Am;65721
2105427;Itinga Do Maranh√£o;21;MA;n„o metropolitana;amazonia;204,65;Aw;23904
2105450;Jatob√°;21;MA;n„o metropolitana;cerrado;267,27;Aw;8239
2105476;Jenipapo Dos Vieiras;21;MA;n„o metropolitana;cerrado;230,18;Aw;17066
2105500;Jo√£o Lisboa;21;MA;n„o metropolitana;amazonia;250,19;Aw;24609
2105609;Josel√¢ndia;21;MA;n„o metropolitana;cerrado;116,29;Aw;14942
2105658;Junco Do Maranh√£o;21;MA;n„o metropolitana;amazonia;38,53;Am;5146
2105708;Lago Da Pedra;21;MA;n„o metropolitana;cerrado;168,15;Aw;44422
2105807;Lago Do Junco;21;MA;n„o metropolitana;cerrado;68,73;Aw;9491
2105906;Lago Verde;21;MA;n„o metropolitana;amazonia;19,69;Aw;14678
2105922;Lagoa Do Mato;21;MA;n„o metropolitana;cerrado;252,99;Aw;10583
2105948;Lago Dos Rodrigues;21;MA;n„o metropolitana;cerrado;67,62;Aw;8755
2105963;Lagoa Grande Do Maranh√£o;21;MA;n„o metropolitana;cerrado;209,74;Aw;11417
2105989;Lajeado Novo;21;MA;n„o metropolitana;cerrado;234,58;Aw;7051
2106003;Lima Campos;21;MA;n„o metropolitana;cerrado;66,29;Aw;11320
2106102;Loreto;21;MA;n„o metropolitana;cerrado;309,31;Aw;11526
2106201;Lu√≠s Domingues;21;MA;n„o metropolitana;amazonia;30,98;Am;7159
2106300;Magalh√£es De Almeida;21;MA;n„o metropolitana;cerrado;37,67;As;13747
2106326;Maraca√ßum√©;21;MA;n„o metropolitana;amazonia;46,93;Am;21106
2106359;Maraj√° Do Sena;21;MA;n„o metropolitana;cerrado;208,82;Aw;7200
2106375;Maranh√£ozinho;21;MA;n„o metropolitana;amazonia;71,87;Am;13797
2106409;Mata Roma;21;MA;n„o metropolitana;cerrado;86,94;Aw;16919
2106508;Matinha;21;MA;n„o metropolitana;amazonia;17,83;Am;21808
2106607;Mat√µes;21;MA;n„o metropolitana;cerrado;171,84;Aw;31954
2106631;Mat√µes Do Norte;21;MA;n„o metropolitana;cerrado;40,94;Aw;17582
2106672;Milagres Do Maranh√£o;21;MA;n„o metropolitana;cerrado;82,34;As;8812
2106706;Mirador;21;MA;n„o metropolitana;cerrado;377,87;Aw;20998
2106755;Miranda Do Norte;21;MA;n„o metropolitana;cerrado;38,96;Aw;20562
2106805;Mirinzal;21;MA;n„o metropolitana;amazonia;36,38;As;13958
2106904;Mon√ß√£o;21;MA;n„o metropolitana;amazonia;19,78;Am;27620
2107001;Montes Altos;21;MA;n„o metropolitana;cerrado;242,13;Aw;10286
2107100;Morros;21;MA;metropolitana;cerrado;70,6;As;18054
2107209;Nina Rodrigues;21;MA;n„o metropolitana;cerrado;46,28;Am;12477
2107258;Nova Colinas;21;MA;n„o metropolitana;cerrado;426,33;Aw;5021
2107308;Nova Iorque;21;MA;n„o metropolitana;cerrado;216,52;Aw;4308
2107357;Nova Olinda Do Maranh√£o;21;MA;n„o metropolitana;amazonia;72,42;Am;14277
2107407;Olho D'√°gua Das Cunh√£s;21;MA;n„o metropolitana;amazonia;33,51;Aw;17937
2107456;Olinda Nova Do Maranh√£o;21;MA;n„o metropolitana;amazonia;23,92;Am;13320
2107506;Pa√ßo Do Lumiar;21;MA;metropolitana;amazonia;25,14;As;145752
2107605;Palmeir√¢ndia;21;MA;n„o metropolitana;amazonia;22,31;As;21056
2107704;Paraibano;21;MA;n„o metropolitana;cerrado;308,8;Aw;19530
2107803;Parnarama;21;MA;n„o metropolitana;cerrado;183,58;Aw;31179
2107902;Passagem Franca;21;MA;n„o metropolitana;cerrado;285,79;Aw;17244
2108009;Pastos Bons;21;MA;n„o metropolitana;cerrado;340,27;Aw;18724
2108058;Paulino Neves;21;MA;n„o metropolitana;cerrado;35,96;As;17054
2108108;Paulo Ramos;21;MA;n„o metropolitana;amazonia;123,07;Aw;20183
2108207;Pedreiras;21;MA;n„o metropolitana;cerrado;53,89;Aw;36980
2108256;Pedro Do Ros√°rio;21;MA;n„o metropolitana;amazonia;38,04;Am;24260
2108306;Penalva;21;MA;n„o metropolitana;amazonia;16,75;Am;32436
2108405;Peri Mirim;21;MA;n„o metropolitana;amazonia;15,24;As;11093
2108454;Peritor√≥;21;MA;n„o metropolitana;cerrado;87,61;Aw;20471
2108504;Pindar√©-Mirim;21;MA;n„o metropolitana;amazonia;22,07;Am;29440
2108603;Pinheiro;21;MA;n„o metropolitana;amazonia;26,73;Am;85054
2108702;Pio Xii;21;MA;n„o metropolitana;amazonia;22,5;Aw;21941
2108801;Pirapemas;21;MA;n„o metropolitana;cerrado;46,62;Aw;14819
2108900;Po√ß√£o De Pedras;21;MA;n„o metropolitana;cerrado;100,7;Aw;17133
2109007;Porto Franco;21;MA;n„o metropolitana;cerrado;210,79;Aw;23565
2109056;Porto Rico Do Maranh√£o;21;MA;n„o metropolitana;amazonia;17,6;As;5961
2109106;Presidente Dutra;21;MA;n„o metropolitana;cerrado;139,52;Aw;45102
2109205;Presidente Juscelino;21;MA;metropolitana;amazonia;41,11;Am;11293
2109239;Presidente M√©dici;21;MA;n„o metropolitana;amazonia;41,78;Am;4575
2109270;Presidente Sarney;21;MA;n„o metropolitana;amazonia;30,41;Am;17542
2109304;Presidente Vargas;21;MA;n„o metropolitana;cerrado;52,17;Am;9616
2109403;Primeira Cruz;21;MA;n„o metropolitana;cerrado;42,51;As;13095
2109452;Raposa;21;MA;metropolitana;amazonia;10,47;As;31667
2109502;Riach√£o;21;MA;n„o metropolitana;cerrado;342,22;Aw;22153
2109551;Ribamar Fiquene;21;MA;n„o metropolitana;cerrado;164,41;Aw;7424
2109601;Ros√°rio;21;MA;metropolitana;amazonia;24,68;Am;36688
2109700;Samba√≠ba;21;MA;n„o metropolitana;cerrado;321,53;Aw;5568
2109759;Santa Filomena Do Maranh√£o;21;MA;n„o metropolitana;cerrado;179,99;Aw;6698
2109809;Santa Helena;21;MA;n„o metropolitana;amazonia;23,64;Am;41221
2109908;Santa In√™s;21;MA;n„o metropolitana;amazonia;38,9;Aw;85261
2110005;Santa Luzia;21;MA;n„o metropolitana;amazonia;168,12;Aw;57189
2110039;Santa Luzia Do Paru√°;21;MA;n„o metropolitana;amazonia;39,8;Am;23413
2110104;Santa Quit√©ria Do Maranh√£o;21;MA;n„o metropolitana;cerrado;83,68;As;23782
2110203;Santa Rita;21;MA;metropolitana;amazonia;22,69;Am;35231
2110237;Santana Do Maranh√£o;21;MA;n„o metropolitana;cerrado;88,67;As;10325
2110278;Santo Amaro Do Maranh√£o;21;MA;n„o metropolitana;cerrado;28,44;As;13193
2110302;Santo Ant√¥nio Dos Lopes;21;MA;n„o metropolitana;cerrado;101,09;Aw;14298
2110401;S√£o Benedito Do Rio Preto;21;MA;n„o metropolitana;cerrado;71,38;Am;18306
2110500;S√£o Bento;21;MA;n„o metropolitana;amazonia;22,22;Am;46307
2110609;S√£o Bernardo;21;MA;n„o metropolitana;cerrado;71,05;As;26899
2110658;S√£o Domingos Do Azeit√£o;21;MA;n„o metropolitana;cerrado;368,95;Aw;7937
2110708;S√£o Domingos Do Maranh√£o;21;MA;n„o metropolitana;cerrado;224,74;Aw;33837
2110807;S√£o F√©lix De Balsas;21;MA;n„o metropolitana;cerrado;299,27;Aw;4402
2110856;S√£o Francisco Do Brej√£o;21;MA;n„o metropolitana;amazonia;322,88;Aw;8837
2110906;S√£o Francisco Do Maranh√£o;21;MA;n„o metropolitana;cerrado;205,34;Aw;12049
2111003;S√£o Jo√£o Batista;21;MA;n„o metropolitana;amazonia;6,35;Am;18559
2111029;S√£o Jo√£o Do Car√∫;21;MA;n„o metropolitana;amazonia;97,05;Am;12297
2111052;S√£o Jo√£o Do Para√≠so;21;MA;n„o metropolitana;cerrado;315,54;Aw;9622
2111078;S√£o Jo√£o Do Soter;21;MA;n„o metropolitana;cerrado;130,43;Aw;16083
2111102;S√£o Jo√£o Dos Patos;21;MA;n„o metropolitana;cerrado;305,2;Aw;25452
2111201;S√£o Jos√© De Ribamar;21;MA;metropolitana;amazonia;11,38;As;269657
2111250;S√£o Jos√© Dos Bas√≠lios;21;MA;n„o metropolitana;cerrado;86,61;Aw;6977
2111300;S√£o Lu√≠s;21;MA;metropolitana;amazonia;15,09;Aw;1061374
2111409;S√£o Lu√≠s Gonzaga Do Maranh√£o;21;MA;n„o metropolitana;cerrado;51,89;Aw;17870
2111508;S√£o Mateus Do Maranh√£o;21;MA;n„o metropolitana;cerrado;31,49;Aw;38902
2111532;S√£o Pedro Da √Ågua Branca;21;MA;n„o metropolitana;amazonia;137,29;Aw;14379
2111573;S√£o Pedro Dos Crentes;21;MA;n„o metropolitana;cerrado;361,78;Aw;5764
2111607;S√£o Raimundo Das Mangabeiras;21;MA;n„o metropolitana;cerrado;358,71;Aw;18593
2111631;S√£o Raimundo Do Doca Bezerra;21;MA;n„o metropolitana;cerrado;188,7;Aw;5646
2111672;S√£o Roberto;21;MA;n„o metropolitana;cerrado;157,06;Aw;4548
2111706;S√£o Vicente Ferrer;21;MA;n„o metropolitana;amazonia;22;Aw;19446
2111722;Satubinha;21;MA;n„o metropolitana;amazonia;31,49;Aw;8821
2111748;Senador Alexandre Costa;21;MA;n„o metropolitana;cerrado;143,24;Aw;10087
2111763;Senador La Rocque;21;MA;n„o metropolitana;amazonia;248,12;Aw;14688
2111789;Serrano Do Maranh√£o;21;MA;n„o metropolitana;amazonia;26,2;As;10194
2111805;S√≠tio Novo;21;MA;n„o metropolitana;cerrado;311,83;Aw;16626
2111904;Sucupira Do Norte;21;MA;n„o metropolitana;cerrado;319,44;Aw;10247
2111953;Sucupira Do Riach√£o;21;MA;n„o metropolitana;cerrado;312,86;Aw;4966
2112001;Tasso Fragoso;21;MA;n„o metropolitana;cerrado;417,23;Aw;8891
2112100;Timbiras;21;MA;n„o metropolitana;cerrado;86,32;Aw;26501
2112209;Timon;21;MA;metropolitana;cerrado;140,18;Aw;175044
2112233;Trizidela Do Vale;21;MA;n„o metropolitana;cerrado;56,7;Aw;22438
2112274;Tufil√¢ndia;21;MA;n„o metropolitana;amazonia;27,94;Aw;5502
2112308;Tuntum;21;MA;n„o metropolitana;cerrado;194,1;Aw;34411
2112407;Turia√ßu;21;MA;n„o metropolitana;amazonia;33,97;Am;37522
2112456;Turil√¢ndia;21;MA;n„o metropolitana;amazonia;25,61;Am;31875
2112506;Tut√≥ia;21;MA;n„o metropolitana;cerrado;45,59;As;53346
2112605;Urbano Santos;21;MA;n„o metropolitana;cerrado;83,28;Aw;32792
2112704;Vargem Grande;21;MA;n„o metropolitana;cerrado;58,13;Aw;48430
2112803;Viana;21;MA;n„o metropolitana;amazonia;15,95;Am;51449
2112852;Vila Nova Dos Mart√≠rios;21;MA;n„o metropolitana;amazonia;198,92;Aw;10138
2112902;Vit√≥ria Do Mearim;21;MA;n„o metropolitana;amazonia;13,17;Am;30478
2113009;Vitorino Freire;21;MA;n„o metropolitana;amazonia;52,65;Aw;30067
2114007;Z√© Doca;21;MA;n„o metropolitana;amazonia;72,66;Am;40786
2200053;Acau√£;22;PI;n„o metropolitana;caatinga;471,59;BSh;6422
2200103;Agricol√¢ndia;22;PI;n„o metropolitana;cerrado;297,59;Aw;4962
2200202;√Ågua Branca;22;PI;n„o metropolitana;cerrado;233,07;Aw;17642
2200251;Alagoinha Do Piau√≠;22;PI;n„o metropolitana;caatinga;444,92;BSh;6819
2200277;Alegrete Do Piau√≠;22;PI;n„o metropolitana;caatinga;486,82;BSh;4571
2200301;Alto Long√°;22;PI;n„o metropolitana;cerrado;163,68;Aw;13185
2200400;Altos;22;PI;metropolitana;cerrado;172,39;Aw;46826
2200459;Alvorada Do Gurgu√©ia;22;PI;n„o metropolitana;caatinga;375,75;Aw;5327
2200509;Amarante;22;PI;n„o metropolitana;cerrado;164,11;Aw;17194
2200608;Angical Do Piau√≠;22;PI;n„o metropolitana;cerrado;217,49;Aw;6827
2200707;An√≠sio De Abreu;22;PI;n„o metropolitana;caatinga;490,81;Aw;9401
2200806;Ant√¥nio Almeida;22;PI;n„o metropolitana;cerrado;339,9;Aw;3155
2200905;Aroazes;22;PI;n„o metropolitana;cerrado;246,97;Aw;5369
2200954;Aroeiras Do Itaim;22;PI;n„o metropolitana;caatinga;264,97;BSh;2709
2201002;Arraial;22;PI;n„o metropolitana;caatinga;189,93;Aw;4519
2201051;Assun√ß√£o Do Piau√≠;22;PI;n„o metropolitana;caatinga;611,51;As;7467
2201101;Avelino Lopes;22;PI;n„o metropolitana;caatinga;495,11;Aw;10806
2201150;Baixa Grande Do Ribeiro;22;PI;n„o metropolitana;cerrado;476,51;Aw;13273
2201176;Barra D'alc√¢ntara;22;PI;n„o metropolitana;cerrado;344,46;Aw;3998
2201200;Barras;22;PI;n„o metropolitana;cerrado;103,01;As;47909
2201309;Barreiras Do Piau√≠;22;PI;n„o metropolitana;cerrado;468,49;Aw;3271
2201408;Barro Duro;22;PI;n„o metropolitana;cerrado;197,54;Aw;6641
2201507;Batalha;22;PI;n„o metropolitana;cerrado;92,88;As;26300
2201556;Bela Vista Do Piau√≠;22;PI;n„o metropolitana;caatinga;321,97;BSh;4093
2201572;Bel√©m Do Piau√≠;22;PI;n„o metropolitana;caatinga;366,67;BSh;3425
2201606;Beneditinos;22;PI;metropolitana;cerrado;117,71;Aw;9803
2201705;Bertol√≠nia;22;PI;n„o metropolitana;cerrado;313,78;Aw;5579
2201739;Bet√¢nia Do Piau√≠;22;PI;n„o metropolitana;caatinga;476,74;BSh;6222
2201770;Boa Hora;22;PI;n„o metropolitana;cerrado;115,27;As;6989
2201804;Bocaina;22;PI;n„o metropolitana;caatinga;320,95;BSh;4078
2201903;Bom Jesus;22;PI;n„o metropolitana;cerrado;504,51;Aw;28857
2201919;Bom Princ√≠pio Do Piau√≠;22;PI;n„o metropolitana;caatinga;61,84;As;5636
2201929;Bonfim Do Piau√≠;22;PI;n„o metropolitana;caatinga;438,01;BSh;5918
2201945;Boqueir√£o Do Piau√≠;22;PI;n„o metropolitana;cerrado;123,57;As;6594
2201960;Brasileira;22;PI;n„o metropolitana;cerrado;137,56;As;8438
2201988;Brejo Do Piau√≠;22;PI;n„o metropolitana;caatinga;391,65;Aw;3899
2202000;Buriti Dos Lopes;22;PI;n„o metropolitana;cerrado;52,2;As;19545
2202026;Buriti Dos Montes;22;PI;n„o metropolitana;caatinga;391,76;As;7440
2202059;Cabeceiras Do Piau√≠;22;PI;n„o metropolitana;cerrado;110,73;As;10001
2202075;Cajazeiras Do Piau√≠;22;PI;n„o metropolitana;caatinga;173,63;Aw;3113
2202083;Cajueiro Da Praia;22;PI;n„o metropolitana;caatinga;12,66;As;7963
2202091;Caldeir√£o Grande Do Piau√≠;22;PI;n„o metropolitana;caatinga;652,91;BSh;5503
2202109;Campinas Do Piau√≠;22;PI;n„o metropolitana;caatinga;268,68;BSh;4948
2202117;Campo Alegre Do Fidalgo;22;PI;n„o metropolitana;caatinga;380,78;BSh;4605
2202133;Campo Grande Do Piau√≠;22;PI;n„o metropolitana;caatinga;388,07;BSh;6011
2202174;Campo Largo Do Piau√≠;22;PI;n„o metropolitana;cerrado;84,29;Aw;7422
2202208;Campo Maior;22;PI;n„o metropolitana;cerrado;147,29;As;45252
2202251;Canavieira;22;PI;n„o metropolitana;caatinga;260,39;Aw;3409
2202307;Canto Do Buriti;22;PI;n„o metropolitana;caatinga;453,61;Aw;19355
2202406;Capit√£o De Campos;22;PI;n„o metropolitana;cerrado;176,55;As;11108
2202455;Capit√£o Gerv√°sio Oliveira;22;PI;n„o metropolitana;caatinga;354,66;BSh;3974
2202505;Caracol;22;PI;n„o metropolitana;caatinga;602,06;Aw;10326
2202539;Cara√∫bas Do Piau√≠;22;PI;n„o metropolitana;cerrado;66,05;As;5626
2202554;Caridade Do Piau√≠;22;PI;n„o metropolitana;caatinga;401,25;BSh;5040
2202604;Castelo Do Piau√≠;22;PI;n„o metropolitana;cerrado;262,19;As;19266
2202653;Caxing√≥;22;PI;n„o metropolitana;cerrado;52,87;As;5497
2202703;Cocal;22;PI;n„o metropolitana;caatinga;183,27;As;28121
2202711;Cocal De Telha;22;PI;n„o metropolitana;cerrado;148,25;As;4927
2202729;Cocal Dos Alves;22;PI;n„o metropolitana;caatinga;230,05;As;6362
2202737;Coivaras;22;PI;metropolitana;cerrado;174,22;Aw;4110
2202752;Col√¥nia Do Gurgu√©ia;22;PI;n„o metropolitana;caatinga;306,57;Aw;6157
2202778;Col√¥nia Do Piau√≠;22;PI;n„o metropolitana;caatinga;253,09;Aw;6991
2202802;Concei√ß√£o Do Canind√©;22;PI;n„o metropolitana;caatinga;319,27;BSh;4943
2202851;Coronel Jos√© Dias;22;PI;n„o metropolitana;caatinga;411,36;BSh;4243
2202901;Corrente;22;PI;n„o metropolitana;cerrado;535,84;Aw;27419
2203008;Cristal√¢ndia Do Piau√≠;22;PI;n„o metropolitana;cerrado;554,74;Aw;7369
2203107;Cristino Castro;22;PI;n„o metropolitana;cerrado;381,01;Aw;10509
2203206;Curimat√°;22;PI;n„o metropolitana;caatinga;447,77;Aw;11044
2203230;Currais;22;PI;n„o metropolitana;cerrado;482,37;Aw;4832
2203255;Curralinhos;22;PI;metropolitana;cerrado;180,2;Aw;4396
2203271;Curral Novo Do Piau√≠;22;PI;n„o metropolitana;caatinga;510,24;BSh;5073
2203305;Demerval Lob√£o;22;PI;metropolitana;cerrado;112,56;Aw;16359
2203354;Dirceu Arcoverde;22;PI;n„o metropolitana;caatinga;443,83;BSh;7061
2203404;Dom Expedito Lopes;22;PI;n„o metropolitana;caatinga;454,57;As;6315
2203420;Domingos Mour√£o;22;PI;n„o metropolitana;caatinga;236,68;As;4071
2203453;Dom Inoc√™ncio;22;PI;n„o metropolitana;caatinga;405,14;BSh;9036
2203503;Elesb√£o Veloso;22;PI;n„o metropolitana;cerrado;232,67;Aw;13574
2203602;Eliseu Martins;22;PI;n„o metropolitana;caatinga;324,75;Aw;4377
2203701;Esperantina;22;PI;n„o metropolitana;cerrado;84,36;Aw;40968
2203750;Fartura Do Piau√≠;22;PI;n„o metropolitana;caatinga;447,66;BSh;5284
2203800;Flores Do Piau√≠;22;PI;n„o metropolitana;caatinga;326,69;Aw;4415
2203859;Floresta Do Piau√≠;22;PI;n„o metropolitana;caatinga;258,47;BSh;2334
2203909;Floriano;22;PI;n„o metropolitana;cerrado;211,47;Aw;62593
2204006;Francin√≥polis;22;PI;n„o metropolitana;cerrado;297,64;Aw;4506
2204105;Francisco Ayres;22;PI;n„o metropolitana;caatinga;181,26;Aw;4407
2204154;Francisco Macedo;22;PI;n„o metropolitana;caatinga;458,42;BSh;2921
2204204;Francisco Santos;22;PI;n„o metropolitana;caatinga;399,62;BSh;8257
2204303;Fronteiras;22;PI;n„o metropolitana;caatinga;517,51;BSh;10293
2204352;Geminiano;22;PI;n„o metropolitana;caatinga;306,6;BSh;5447
2204402;Gilbu√©s;22;PI;n„o metropolitana;cerrado;467,09;Aw;10926
2204501;Guadalupe;22;PI;n„o metropolitana;cerrado;200,44;Aw;10305
2204550;Guaribas;22;PI;n„o metropolitana;caatinga;560,9;Aw;4281
2204600;Hugo Napole√£o;22;PI;n„o metropolitana;cerrado;224,86;Aw;3526
2204659;Ilha Grande;22;PI;n„o metropolitana;caatinga;4,27;As;9207
2204709;Inhuma;22;PI;n„o metropolitana;caatinga;466,21;As;14803
2204808;Ipiranga Do Piau√≠;22;PI;n„o metropolitana;caatinga;444,61;As;9275
2204907;Isa√≠as Coelho;22;PI;n„o metropolitana;caatinga;296,82;Aw;7782
2205003;Itain√≥polis;22;PI;n„o metropolitana;caatinga;278,11;BSh;10614
2205102;Itaueira;22;PI;n„o metropolitana;cerrado;314,91;Aw;9939
2205151;Jacobina Do Piau√≠;22;PI;n„o metropolitana;caatinga;335,87;BSh;5630
2205201;Jaic√≥s;22;PI;n„o metropolitana;caatinga;337,3;BSh;17408
2205250;Jardim Do Mulato;22;PI;n„o metropolitana;cerrado;248,29;Aw;4178
2205276;Jatob√° Do Piau√≠;22;PI;n„o metropolitana;cerrado;177,17;As;4495
2205300;Jerumenha;22;PI;n„o metropolitana;cerrado;215,34;Aw;4435
2205359;Jo√£o Costa;22;PI;n„o metropolitana;caatinga;403,93;BSh;2971
2205409;Joaquim Pires;22;PI;n„o metropolitana;cerrado;50,73;As;13893
2205458;Joca Marques;22;PI;n„o metropolitana;cerrado;58,39;As;5390
2205508;Jos√© De Freitas;22;PI;metropolitana;cerrado;122,15;Aw;42575
2205516;Juazeiro Do Piau√≠;22;PI;n„o metropolitana;cerrado;228,57;As;5215
2205524;J√∫lio Borges;22;PI;n„o metropolitana;caatinga;545,78;Aw;5388
2205532;Jurema;22;PI;n„o metropolitana;caatinga;549,57;Aw;4426
2205540;Lagoinha Do Piau√≠;22;PI;n„o metropolitana;cerrado;255,72;Aw;2934
2205557;Lagoa Alegre;22;PI;metropolitana;cerrado;117,87;Aw;8263
2205565;Lagoa Do Barro Do Piau√≠;22;PI;n„o metropolitana;caatinga;444,65;BSh;4997
2205573;Lagoa De S√£o Francisco;22;PI;n„o metropolitana;caatinga;354,42;As;6329
2205581;Lagoa Do Piau√≠;22;PI;metropolitana;cerrado;139,54;Aw;4805
2205599;Lagoa Do S√≠tio;22;PI;n„o metropolitana;caatinga;464,65;As;4529
2205607;Landri Sales;22;PI;n„o metropolitana;cerrado;328,46;Aw;5315
2205706;Lu√≠s Correia;22;PI;n„o metropolitana;caatinga;39,76;As;30701
2205805;Luzil√¢ndia;22;PI;n„o metropolitana;cerrado;58,38;Aw;25382
2205854;Madeiro;22;PI;n„o metropolitana;cerrado;56,66;Aw;8046
2205904;Manoel Em√≠dio;22;PI;n„o metropolitana;cerrado;404,95;Aw;5212
2205953;Marcol√¢ndia;22;PI;n„o metropolitana;caatinga;658,62;BSh;8541
2206001;Marcos Parente;22;PI;n„o metropolitana;cerrado;287,65;Aw;4729
2206050;Massap√™ Do Piau√≠;22;PI;n„o metropolitana;caatinga;302,68;BSh;5233
2206100;Matias Ol√≠mpio;22;PI;n„o metropolitana;cerrado;74,1;Aw;10712
2206209;Miguel Alves;22;PI;n„o metropolitana;cerrado;81,96;Aw;32151
2206308;Miguel Le√£o;22;PI;metropolitana;cerrado;266,55;Aw;1318
2206357;Milton Brand√£o;22;PI;n„o metropolitana;caatinga;317,14;As;6543
2206407;Monsenhor Gil;22;PI;metropolitana;cerrado;195,2;Aw;10260
2206506;Monsenhor Hip√≥lito;22;PI;n„o metropolitana;caatinga;466,62;BSh;7550
2206605;Monte Alegre Do Piau√≠;22;PI;n„o metropolitana;cerrado;444,03;Aw;10683
2206654;Morro Cabe√ßa No Tempo;22;PI;n„o metropolitana;caatinga;520,85;Aw;4361
2206670;Morro Do Chap√©u Do Piau√≠;22;PI;n„o metropolitana;cerrado;79,5;Aw;6422
2206696;Murici Dos Portelas;22;PI;n„o metropolitana;cerrado;46,31;As;9841
2206704;Nazar√© Do Piau√≠;22;PI;n„o metropolitana;cerrado;212,05;Aw;6660
2206720;Naz√°ria;22;PI;metropolitana;cerrado;74;Aw;10278
2206753;Nossa Senhora De Nazar√©;22;PI;n„o metropolitana;cerrado;117,09;As;5195
2206803;Nossa Senhora Dos Rem√©dios;22;PI;n„o metropolitana;cerrado;87,41;Aw;8523
2206902;Novo Oriente Do Piau√≠;22;PI;n„o metropolitana;cerrado;324,64;Aw;6081
2206951;Novo Santo Ant√¥nio;22;PI;n„o metropolitana;cerrado;170,73;As;2820
2207009;Oeiras;22;PI;n„o metropolitana;caatinga;238,48;Aw;38192
2207108;Olho D'√°gua Do Piau√≠;22;PI;n„o metropolitana;cerrado;245,28;Aw;2646
2207207;Padre Marcos;22;PI;n„o metropolitana;caatinga;395,59;BSh;6379
2207306;Paes Landim;22;PI;n„o metropolitana;caatinga;259,37;BSh;4100
2207355;Paje√∫ Do Piau√≠;22;PI;n„o metropolitana;caatinga;328,37;Aw;3001
2207405;Palmeira Do Piau√≠;22;PI;n„o metropolitana;cerrado;470,08;Aw;4954
2207504;Palmeirais;22;PI;n„o metropolitana;cerrado;170,31;Aw;13156
2207553;Paquet√°;22;PI;n„o metropolitana;caatinga;299,15;As;3818
2207603;Parnagu√°;22;PI;n„o metropolitana;caatinga;453,41;Aw;9429
2207702;Parna√≠ba;22;PI;n„o metropolitana;caatinga;19,61;As;163087
2207751;Passagem Franca Do Piau√≠;22;PI;n„o metropolitana;cerrado;186,8;Aw;4144
2207777;Patos Do Piau√≠;22;PI;n„o metropolitana;caatinga;311,42;BSh;5425
2207793;Pau D'arco Do Piau√≠;22;PI;n„o metropolitana;cerrado;129,44;Aw;3879
2207801;Paulistana;22;PI;n„o metropolitana;caatinga;386,74;BSh;21080
2207850;Pavussu;22;PI;n„o metropolitana;caatinga;408,95;Aw;3620
2207900;Pedro Ii;22;PI;n„o metropolitana;caatinga;427,69;As;37945
2207934;Pedro Laurentino;22;PI;n„o metropolitana;caatinga;298,96;BSh;2458
2207959;Nova Santa Rita;22;PI;n„o metropolitana;caatinga;325,66;BSh;4059
2208007;Picos;22;PI;n„o metropolitana;caatinga;322,02;BSh;82028
2208106;Pimenteiras;22;PI;n„o metropolitana;caatinga;520,7;As;11172
2208205;Pio Ix;22;PI;n„o metropolitana;caatinga;578,04;BSh;17586
2208304;Piracuruca;22;PI;n„o metropolitana;cerrado;118,42;As;28906
2208403;Piripiri;22;PI;n„o metropolitana;cerrado;185,04;As;65762
2208502;Porto;22;PI;n„o metropolitana;cerrado;56,43;Aw;12122
2208551;Porto Alegre Do Piau√≠;22;PI;n„o metropolitana;cerrado;260,08;Aw;2342
2208601;Prata Do Piau√≠;22;PI;n„o metropolitana;cerrado;134,13;Aw;3042
2208650;Queimada Nova;22;PI;n„o metropolitana;caatinga;478,66;BSh;8734
2208700;Reden√ß√£o Do Gurgu√©ia;22;PI;n„o metropolitana;cerrado;440,81;Aw;8393
2208809;Regenera√ß√£o;22;PI;n„o metropolitana;cerrado;280,29;Aw;17108
2208858;Riacho Frio;22;PI;n„o metropolitana;cerrado;416,46;Aw;4112
2208874;Ribeira Do Piau√≠;22;PI;n„o metropolitana;caatinga;234,47;BSh;4043
2208908;Ribeiro Gon√ßalves;22;PI;n„o metropolitana;cerrado;389,28;Aw;6164
2209005;Rio Grande Do Piau√≠;22;PI;n„o metropolitana;caatinga;358,14;Aw;5789
2209104;Santa Cruz Do Piau√≠;22;PI;n„o metropolitana;caatinga;260,11;As;5834
2209153;Santa Cruz Dos Milagres;22;PI;n„o metropolitana;cerrado;198,86;Aw;3432
2209203;Santa Filomena;22;PI;n„o metropolitana;cerrado;435,02;Aw;6084
2209302;Santa Luz;22;PI;n„o metropolitana;cerrado;431,95;Aw;5339
2209351;Santana Do Piau√≠;22;PI;n„o metropolitana;caatinga;451,33;As;4124
2209377;Santa Rosa Do Piau√≠;22;PI;n„o metropolitana;caatinga;191,35;Aw;4645
2209401;Santo Ant√¥nio De Lisboa;22;PI;n„o metropolitana;caatinga;381,49;BSh;5842
2209450;Santo Ant√¥nio Dos Milagres;22;PI;n„o metropolitana;cerrado;236,89;Aw;2141
2209500;Santo In√°cio Do Piau√≠;22;PI;n„o metropolitana;caatinga;262,34;BSh;3645
2209559;S√£o Braz Do Piau√≠;22;PI;n„o metropolitana;caatinga;577,16;Aw;4359
2209609;S√£o F√©lix Do Piau√≠;22;PI;n„o metropolitana;cerrado;170,72;Aw;2842
2209658;S√£o Francisco De Assis Do Piau√≠;22;PI;n„o metropolitana;caatinga;383,63;BSh;5561
2209708;S√£o Francisco Do Piau√≠;22;PI;n„o metropolitana;caatinga;213,18;Aw;5386
2209757;S√£o Gon√ßalo Do Gurgu√©ia;22;PI;n„o metropolitana;cerrado;541,57;Aw;2960
2209807;S√£o Gon√ßalo Do Piau√≠;22;PI;n„o metropolitana;cerrado;239,93;Aw;4842
2209856;S√£o Jo√£o Da Canabrava;22;PI;n„o metropolitana;caatinga;471,06;As;4190
2209872;S√£o Jo√£o Da Fronteira;22;PI;n„o metropolitana;caatinga;204,12;As;5525
2209906;S√£o Jo√£o Da Serra;22;PI;n„o metropolitana;cerrado;175,54;As;6118
2209955;S√£o Jo√£o Da Varjota;22;PI;n„o metropolitana;caatinga;354,93;As;4375
2209971;S√£o Jo√£o Do Arraial;22;PI;n„o metropolitana;cerrado;100;Aw;8202
2210003;S√£o Jo√£o Do Piau√≠;22;PI;n„o metropolitana;caatinga;292,09;BSh;21506
2210052;S√£o Jos√© Do Divino;22;PI;n„o metropolitana;cerrado;56,07;As;4842
2210102;S√£o Jos√© Do Peixe;22;PI;n„o metropolitana;caatinga;236,99;Aw;3288
2210201;S√£o Jos√© Do Piau√≠;22;PI;n„o metropolitana;caatinga;523;As;6600
2210300;S√£o Juli√£o;22;PI;n„o metropolitana;caatinga;402,19;BSh;5998
2210359;S√£o Louren√ßo Do Piau√≠;22;PI;n„o metropolitana;caatinga;386,45;BSh;4411
2210375;S√£o Luis Do Piau√≠;22;PI;n„o metropolitana;caatinga;403,91;As;2279
2210383;S√£o Miguel Da Baixa Grande;22;PI;n„o metropolitana;cerrado;185,96;Aw;2269
2210391;S√£o Miguel Do Fidalgo;22;PI;n„o metropolitana;caatinga;244,34;BSh;2824
2210409;S√£o Miguel Do Tapuio;22;PI;n„o metropolitana;cerrado;370,61;As;17544
2210508;S√£o Pedro Do Piau√≠;22;PI;n„o metropolitana;cerrado;257,86;Aw;13776
2210607;S√£o Raimundo Nonato;22;PI;n„o metropolitana;caatinga;462,03;BSh;39036
2210623;Sebasti√£o Barros;22;PI;n„o metropolitana;cerrado;478,07;Aw;3187
2210631;Sebasti√£o Leal;22;PI;n„o metropolitana;cerrado;421,99;Aw;4427
2210656;Sigefredo Pacheco;22;PI;n„o metropolitana;cerrado;228,63;As;9465
2210706;Sim√µes;22;PI;n„o metropolitana;caatinga;542,85;BSh;14344
2210805;Simpl√≠cio Mendes;22;PI;n„o metropolitana;caatinga;285,66;BSh;13842
2210904;Socorro Do Piau√≠;22;PI;n„o metropolitana;caatinga;284,6;BSh;4151
2210938;Sussuapara;22;PI;n„o metropolitana;caatinga;293,27;BSh;6221
2210953;Tamboril Do Piau√≠;22;PI;n„o metropolitana;caatinga;426,1;Aw;2949
2210979;Tanque Do Piau√≠;22;PI;n„o metropolitana;cerrado;301,84;Aw;2294
2211001;Teresina;22;PI;metropolitana;cerrado;113,31;Aw;868523
2211100;Uni√£o;22;PI;metropolitana;cerrado;85,68;Aw;46136
2211209;Uru√ßu√≠;22;PI;n„o metropolitana;cerrado;411,67;Aw;25166
2211308;Valen√ßa Do Piau√≠;22;PI;n„o metropolitana;cerrado;314,65;Aw;22316
2211357;V√°rzea Branca;22;PI;n„o metropolitana;caatinga;469,07;BSh;5055
2211407;V√°rzea Grande;22;PI;n„o metropolitana;cerrado;342,51;Aw;4418
2211506;Vera Mendes;22;PI;n„o metropolitana;caatinga;311,49;Aw;3084
2211605;Vila Nova Do Piau√≠;22;PI;n„o metropolitana;caatinga;413,86;BSh;2764
2211704;Wall Ferraz;22;PI;n„o metropolitana;caatinga;239,7;As;4020
2300101;Abaiara;23;CE;n„o metropolitana;caatinga;475,84;As;9670
2300150;Acarape;23;CE;n„o metropolitana;caatinga;143,97;As;13553
2300200;Acara√∫;23;CE;n„o metropolitana;caatinga;30,58;As;64551
2300309;Acopiara;23;CE;n„o metropolitana;caatinga;347,06;As;44601
2300408;Aiuaba;23;CE;n„o metropolitana;caatinga;522,56;BSh;13661
2300507;Alc√¢ntaras;23;CE;n„o metropolitana;caatinga;641,36;As;11359
2300606;Altaneira;23;CE;n„o metropolitana;caatinga;569,56;As;6782
2300705;Alto Santo;23;CE;n„o metropolitana;caatinga;121,78;As;14157
2300754;Amontada;23;CE;n„o metropolitana;caatinga;41,3;As;47486
2300804;Antonina Do Norte;23;CE;n„o metropolitana;caatinga;423,03;BSh;7054
2300903;Apuiar√©s;23;CE;n„o metropolitana;caatinga;106,91;BSh;12974
2301000;Aquiraz;23;CE;metropolitana;caatinga;35,62;As;92281
2301109;Aracati;23;CE;n„o metropolitana;caatinga;34,35;As;82476
2301208;Aracoiaba;23;CE;n„o metropolitana;caatinga;116,69;As;25522
2301257;Ararend√°;23;CE;n„o metropolitana;caatinga;366,03;As;11096
2301307;Araripe;23;CE;n„o metropolitana;caatinga;756,98;BSh;19791
2301406;Aratuba;23;CE;n„o metropolitana;caatinga;570,53;As;12110
2301505;Arneiroz;23;CE;n„o metropolitana;caatinga;428,67;BSh;7304
2301604;Assar√©;23;CE;n„o metropolitana;caatinga;499,02;As;21703
2301703;Aurora;23;CE;n„o metropolitana;caatinga;332,74;As;23173
2301802;Baixio;23;CE;n„o metropolitana;caatinga;275,46;As;5697
2301851;Banabui√∫;23;CE;n„o metropolitana;caatinga;156,91;BSh;16447
2301901;Barbalha;23;CE;n„o metropolitana;caatinga;765,33;As;72700
2301950;Barreira;23;CE;n„o metropolitana;caatinga;99,6;As;22412
2302008;Barro;23;CE;n„o metropolitana;caatinga;409,05;As;19313
2302057;Barroquinha;23;CE;n„o metropolitana;caatinga;18,71;As;14563
2302107;Baturit√©;23;CE;n„o metropolitana;caatinga;231,88;As;33335
2302206;Beberibe;23;CE;n„o metropolitana;caatinga;44,12;As;52726
2302305;Bela Cruz;23;CE;n„o metropolitana;caatinga;50,2;As;30050
2302404;Boa Viagem;23;CE;n„o metropolitana;caatinga;413,8;BSh;48213
2302503;Brejo Santo;23;CE;n„o metropolitana;caatinga;475;As;51034
2302602;Camocim;23;CE;n„o metropolitana;caatinga;21,84;As;62419
2302701;Campos Sales;23;CE;n„o metropolitana;caatinga;559,07;BSh;25132
2302800;Canind√©;23;CE;n„o metropolitana;caatinga;304,7;BSh;73969
2302909;Capistrano;23;CE;n„o metropolitana;caatinga;238,66;As;16005
2303006;Caridade;23;CE;n„o metropolitana;caatinga;185,14;As;15898
2303105;Carir√©;23;CE;n„o metropolitana;caatinga;136,81;As;17633
2303204;Cariria√ßu;23;CE;n„o metropolitana;caatinga;487,15;As;26236
2303303;Cari√∫s;23;CE;n„o metropolitana;caatinga;332,75;As;16398
2303402;Carnaubal;23;CE;n„o metropolitana;caatinga;759,79;As;17211
2303501;Cascavel;23;CE;metropolitana;caatinga;48,94;As;70498
2303600;Catarina;23;CE;n„o metropolitana;caatinga;478,36;BSh;9950
2303659;Catunda;23;CE;n„o metropolitana;caatinga;390,13;BSh;10425
2303709;Caucaia;23;CE;metropolitana;caatinga;75,58;As;372413
2303808;Cedro;23;CE;n„o metropolitana;caatinga;270,1;As;22216
2303907;Chaval;23;CE;n„o metropolitana;caatinga;30,51;As;12443
2303931;Chor√≥;23;CE;n„o metropolitana;caatinga;270,99;BSh;11414
2303956;Chorozinho;23;CE;metropolitana;caatinga;71,3;As;20174
2304004;Corea√∫;23;CE;n„o metropolitana;caatinga;132,75;As;20944
2304103;Crate√∫s;23;CE;n„o metropolitana;caatinga;353,28;As;75394
2304202;Crato;23;CE;n„o metropolitana;caatinga;716,19;As;130858
2304236;Croat√°;23;CE;n„o metropolitana;caatinga;640,63;As;17492
2304251;Cruz;23;CE;n„o metropolitana;caatinga;23,87;As;29360
2304269;Deputado Irapuan Pinheiro;23;CE;n„o metropolitana;caatinga;270,04;As;8470
2304277;Erer√™;23;CE;n„o metropolitana;caatinga;232,42;As;6466
2304285;Eus√©bio;23;CE;metropolitana;caatinga;28,13;As;73667
2304301;Farias Brito;23;CE;n„o metropolitana;caatinga;412,01;As;18226
2304350;Forquilha;23;CE;n„o metropolitana;caatinga;130,33;As;22848
2304400;Fortaleza;23;CE;metropolitana;caatinga;25,34;As;2596157
2304459;Fortim;23;CE;n„o metropolitana;caatinga;27,1;As;17308
2304509;Frecheirinha;23;CE;n„o metropolitana;caatinga;159,49;As;15660
2304608;General Sampaio;23;CE;n„o metropolitana;caatinga;145,65;BSh;6734
2304657;Gra√ßa;23;CE;n„o metropolitana;caatinga;391,19;As;13805
2304707;Granja;23;CE;n„o metropolitana;caatinga;108,69;As;53352
2304806;Granjeiro;23;CE;n„o metropolitana;caatinga;458,2;As;4843
2304905;Groa√≠ras;23;CE;n„o metropolitana;caatinga;102,41;As;10889
2304954;Guai√∫ba;23;CE;metropolitana;caatinga;131,41;As;22283
2305001;Guaraciaba Do Norte;23;CE;n„o metropolitana;caatinga;774;As;42063
2305100;Guaramiranga;23;CE;n„o metropolitana;caatinga;799,73;As;5676
2305209;Hidrol√¢ndia;23;CE;n„o metropolitana;caatinga;229,5;As;17854
2305233;Horizonte;23;CE;metropolitana;caatinga;62,91;As;69999
2305266;Ibaretama;23;CE;n„o metropolitana;caatinga;147,67;As;11927
2305308;Ibiapina;23;CE;n„o metropolitana;caatinga;662,25;As;23966
2305332;Ibicuitinga;23;CE;n„o metropolitana;caatinga;142;As;11582
2305357;Icapu√≠;23;CE;n„o metropolitana;caatinga;49,18;As;21400
2305407;Ic√≥;23;CE;n„o metropolitana;caatinga;306,03;BSh;62125
2305506;Iguatu;23;CE;n„o metropolitana;caatinga;245,54;As;97733
2305605;Independ√™ncia;23;CE;n„o metropolitana;caatinga;383,94;BSh;24047
2305654;Ipaporanga;23;CE;n„o metropolitana;caatinga;424,64;As;11575
2305704;Ipaumirim;23;CE;n„o metropolitana;caatinga;318,57;As;12204
2305803;Ipu;23;CE;n„o metropolitana;caatinga;356,52;As;41083
2305902;Ipueiras;23;CE;n„o metropolitana;caatinga;505,79;As;36751
2306009;Iracema;23;CE;n„o metropolitana;caatinga;217,76;As;13993
2306108;Irau√ßuba;23;CE;n„o metropolitana;caatinga;234,64;BSh;23944
2306207;Itai√ßaba;23;CE;n„o metropolitana;caatinga;29,5;As;7532
2306256;Itaitinga;23;CE;metropolitana;caatinga;58,11;As;60706
2306306;Itapaj√©;23;CE;n„o metropolitana;caatinga;323,54;As;46495
2306405;Itapipoca;23;CE;n„o metropolitana;caatinga;144,69;As;132711
2306504;Itapi√∫na;23;CE;n„o metropolitana;caatinga;169,42;As;17211
2306553;Itarema;23;CE;n„o metropolitana;caatinga;31,18;As;42698
2306603;Itatira;23;CE;n„o metropolitana;caatinga;466,67;BSh;20444
2306702;Jaguaretama;23;CE;n„o metropolitana;caatinga;144,87;As;17255
2306801;Jaguaribara;23;CE;n„o metropolitana;caatinga;116,77;BSh;10344
2306900;Jaguaribe;23;CE;n„o metropolitana;caatinga;180,31;BSh;32945
2307007;Jaguaruana;23;CE;n„o metropolitana;caatinga;43,62;As;30181
2307106;Jardim;23;CE;n„o metropolitana;caatinga;743,32;As;27335
2307205;Jati;23;CE;n„o metropolitana;caatinga;501,53;BSh;7821
2307254;Jijoca De Jericoacoara;23;CE;n„o metropolitana;caatinga;21,38;As;29472
2307304;Juazeiro Do Norte;23;CE;metropolitana;caatinga;406,64;As;269435
2307403;Juc√°s;23;CE;n„o metropolitana;caatinga;328,97;As;22926
2307502;Lavras Da Mangabeira;23;CE;n„o metropolitana;caatinga;281,15;As;30693
2307601;Limoeiro Do Norte;23;CE;n„o metropolitana;caatinga;90,15;As;59515
2307635;Madalena;23;CE;n„o metropolitana;caatinga;331,55;BSh;16127
2307650;Maracana√∫;23;CE;metropolitana;caatinga;95,52;As;231121
2307700;Maranguape;23;CE;metropolitana;caatinga;198,38;As;93155
2307809;Marco;23;CE;n„o metropolitana;caatinga;70,21;As;25790
2307908;Martin√≥pole;23;CE;n„o metropolitana;caatinga;61,33;As;10846
2308005;Massap√™;23;CE;n„o metropolitana;caatinga;168,66;As;37717
2308104;Mauriti;23;CE;n„o metropolitana;caatinga;490,31;As;45365
2308203;Meruoca;23;CE;n„o metropolitana;caatinga;672,51;As;15164
2308302;Milagres;23;CE;n„o metropolitana;caatinga;390,37;As;25761
2308351;Milh√£;23;CE;n„o metropolitana;caatinga;229,44;BSh;14135
2308377;Mira√≠ma;23;CE;n„o metropolitana;caatinga;105,69;As;14260
2308401;Miss√£o Velha;23;CE;n„o metropolitana;caatinga;555,31;As;36719
2308500;Momba√ßa;23;CE;n„o metropolitana;caatinga;372,56;BSh;37707
2308609;Monsenhor Tabosa;23;CE;n„o metropolitana;caatinga;577,88;BSh;17171
2308708;Morada Nova;23;CE;n„o metropolitana;caatinga;98,4;As;60940
2308807;Mora√∫jo;23;CE;n„o metropolitana;caatinga;95,28;As;8264
2308906;Morrinhos;23;CE;n„o metropolitana;caatinga;90,75;As;22311
2309003;Mucambo;23;CE;n„o metropolitana;caatinga;194,72;As;13670
2309102;Mulungu;23;CE;n„o metropolitana;caatinga;725,1;As;9851
2309201;Nova Olinda;23;CE;n„o metropolitana;caatinga;603,88;As;15437
2309300;Nova Russas;23;CE;n„o metropolitana;caatinga;271,99;As;30518
2309409;Novo Oriente;23;CE;n„o metropolitana;caatinga;453,33;BSh;27566
2309458;Ocara;23;CE;n„o metropolitana;caatinga;92,69;As;24483
2309508;Or√≥s;23;CE;n„o metropolitana;caatinga;232,76;BSh;19675
2309607;Pacajus;23;CE;metropolitana;caatinga;72,76;As;67168
2309706;Pacatuba;23;CE;metropolitana;caatinga;124,57;As;82432
2309805;Pacoti;23;CE;n„o metropolitana;caatinga;624,32;As;10467
2309904;Pacuj√°;23;CE;n„o metropolitana;caatinga;203,23;As;6136
2310001;Palhano;23;CE;n„o metropolitana;caatinga;51,3;As;9335
2310100;Palm√°cia;23;CE;n„o metropolitana;caatinga;350,95;As;10173
2310209;Paracuru;23;CE;metropolitana;caatinga;32,64;As;40046
2310258;Paraipaba;23;CE;metropolitana;caatinga;41,42;As;32278
2310308;Parambu;23;CE;n„o metropolitana;caatinga;546,87;BSh;31066
2310407;Paramoti;23;CE;n„o metropolitana;caatinga;164,04;BSh;10369
2310506;Pedra Branca;23;CE;n„o metropolitana;caatinga;523,67;BSh;37661
2310605;Penaforte;23;CE;n„o metropolitana;caatinga;511,77;BSh;8839
2310704;Pentecoste;23;CE;n„o metropolitana;caatinga;84,51;As;37853
2310803;Pereiro;23;CE;n„o metropolitana;caatinga;520,92;As;15279
2310852;Pindoretama;23;CE;metropolitana;caatinga;34,45;As;24329
2310902;Piquet Carneiro;23;CE;n„o metropolitana;caatinga;304,15;As;16926
2310951;Pires Ferreira;23;CE;n„o metropolitana;caatinga;193,73;As;10603
2311009;Poranga;23;CE;n„o metropolitana;caatinga;452,24;As;11742
2311108;Porteiras;23;CE;n„o metropolitana;caatinga;617,24;As;17060
2311207;Potengi;23;CE;n„o metropolitana;caatinga;568,02;BSh;9637
2311231;Potiretama;23;CE;n„o metropolitana;caatinga;162,82;As;5977
2311264;Quiterian√≥polis;23;CE;n„o metropolitana;caatinga;557,7;BSh;19624
2311306;Quixad√°;23;CE;n„o metropolitana;caatinga;201,72;As;80701
2311355;Quixel√¥;23;CE;n„o metropolitana;caatinga;244,17;BSh;15896
2311405;Quixeramobim;23;CE;n„o metropolitana;caatinga;245,53;BSh;78502
2311504;Quixer√©;23;CE;n„o metropolitana;caatinga;111,35;As;20863
2311603;Reden√ß√£o;23;CE;n„o metropolitana;caatinga;285,86;As;25813
2311702;Reriutaba;23;CE;n„o metropolitana;caatinga;259,64;As;18603
2311801;Russas;23;CE;n„o metropolitana;caatinga;65,52;As;72609
2311900;Saboeiro;23;CE;n„o metropolitana;caatinga;399,2;BSh;13755
2311959;Salitre;23;CE;n„o metropolitana;caatinga;686,89;BSh;16635
2312007;Santana Do Acara√∫;23;CE;n„o metropolitana;caatinga;86,82;As;28436
2312106;Santana Do Cariri;23;CE;n„o metropolitana;caatinga;773,57;As;16981
2312205;Santa Quit√©ria;23;CE;n„o metropolitana;caatinga;289,59;BSh;40239
2312304;S√£o Benedito;23;CE;n„o metropolitana;caatinga;775,92;As;47657
2312403;S√£o Gon√ßalo Do Amarante;23;CE;metropolitana;caatinga;42,24;As;60126
2312502;S√£o Jo√£o Do Jaguaribe;23;CE;n„o metropolitana;caatinga;71,79;BSh;5855
2312601;S√£o Lu√≠s Do Curu;23;CE;metropolitana;caatinga;52,76;As;10856
2312700;Senador Pompeu;23;CE;n„o metropolitana;caatinga;260,86;As;24256
2312809;Senador S√°;23;CE;n„o metropolitana;caatinga;85,52;As;7262
2312908;Sobral;23;CE;n„o metropolitana;caatinga;165,53;As;219030
2313005;Solon√≥pole;23;CE;n„o metropolitana;caatinga;201,88;BSh;18083
2313104;Tabuleiro Do Norte;23;CE;n„o metropolitana;caatinga;101,72;BSh;30655
2313203;Tamboril;23;CE;n„o metropolitana;caatinga;390,53;BSh;24812
2313252;Tarrafas;23;CE;n„o metropolitana;caatinga;408,12;As;7530
2313302;Tau√°;23;CE;n„o metropolitana;caatinga;489,2;BSh;56086
2313351;Teju√ßuoca;23;CE;n„o metropolitana;caatinga;188,98;BSh;17149
2313401;Tiangu√°;23;CE;n„o metropolitana;caatinga;591,26;As;81656
2313500;Trairi;23;CE;metropolitana;caatinga;43,37;As;58122
2313559;Tururu;23;CE;n„o metropolitana;caatinga;95,83;As;15432
2313609;Ubajara;23;CE;n„o metropolitana;caatinga;614,67;As;32778
2313708;Umari;23;CE;n„o metropolitana;caatinga;305,01;As;6874
2313757;Umirim;23;CE;n„o metropolitana;caatinga;108,89;As;17491
2313807;Uruburetama;23;CE;n„o metropolitana;caatinga;378,36;As;20259
2313906;Uruoca;23;CE;n„o metropolitana;caatinga;90,06;As;13651
2313955;Varjota;23;CE;n„o metropolitana;caatinga;166,54;As;18105
2314003;V√°rzea Alegre;23;CE;n„o metropolitana;caatinga;368,67;As;38825
2314102;Vi√ßosa Do Cear√°;23;CE;n„o metropolitana;caatinga;460,78;As;59470
2400109;Acari;24;RN;n„o metropolitana;caatinga;338,81;BSh;10589
2400208;A√ßu;24;RN;n„o metropolitana;caatinga;86,9;BSh;56482
2400307;Afonso Bezerra;24;RN;n„o metropolitana;caatinga;76,77;BSh;10838
2400406;√Ågua Nova;24;RN;n„o metropolitana;caatinga;304,44;As;2951
2400505;Alexandria;24;RN;n„o metropolitana;caatinga;346,08;As;13211
2400604;Almino Afonso;24;RN;n„o metropolitana;caatinga;293,27;As;4689
2400703;Alto Do Rodrigues;24;RN;n„o metropolitana;caatinga;38,51;BSh;12538
2400802;Angicos;24;RN;n„o metropolitana;caatinga;123,98;BSh;11641
2400901;Ant√¥nio Martins;24;RN;n„o metropolitana;caatinga;341,03;As;6577
2401008;Apodi;24;RN;n„o metropolitana;caatinga;126,04;As;36118
2401107;Areia Branca;24;RN;n„o metropolitana;caatinga;82,73;BSh;24076
2401206;Ar√™s;24;RN;n„o metropolitana;mata atlantica;66,03;As;13268
2401305;Augusto Severo;24;RN;n„o metropolitana;caatinga;158,74;BSh;10319
2401404;Ba√≠a Formosa;24;RN;n„o metropolitana;mata atlantica;35,55;As;8825
2401453;Bara√∫na;24;RN;n„o metropolitana;caatinga;99,83;As;26949
2401503;Barcelona;24;RN;n„o metropolitana;caatinga;163,82;BSh;4003
2401602;Bento Fernandes;24;RN;n„o metropolitana;caatinga;133,51;As;4796
2401651;Bod√≥;24;RN;n„o metropolitana;caatinga;484,61;BSh;2309
2401701;Bom Jesus;24;RN;n„o metropolitana;caatinga;115,81;As;9713
2401800;Brejinho;24;RN;n„o metropolitana;caatinga;113;As;12205
2401859;Cai√ßara Do Norte;24;RN;n„o metropolitana;caatinga;34,48;BSh;6282
2401909;Cai√ßara Do Rio Do Vento;24;RN;n„o metropolitana;caatinga;232,15;BSh;3274
2402006;Caic√≥;24;RN;n„o metropolitana;caatinga;228,69;BSh;61160
2402105;Campo Redondo;24;RN;n„o metropolitana;caatinga;482,79;As;10217
2402204;Canguaretama;24;RN;n„o metropolitana;mata atlantica;56,44;As;29377
2402303;Cara√∫bas;24;RN;n„o metropolitana;caatinga;126,87;BSh;19766
2402402;Carna√∫ba Dos Dantas;24;RN;n„o metropolitana;caatinga;459,7;BSh;7949
2402501;Carnaubais;24;RN;n„o metropolitana;caatinga;46,37;BSh;9704
2402600;Cear√°-Mirim;24;RN;metropolitana;caatinga;45,88;As;78486
2402709;Cerro Cor√°;24;RN;n„o metropolitana;caatinga;497,27;BSh;11002
2402808;Coronel Ezequiel;24;RN;n„o metropolitana;caatinga;513;As;5092
2402907;Coronel Jo√£o Pessoa;24;RN;n„o metropolitana;caatinga;517,4;As;4237
2403004;Cruzeta;24;RN;n„o metropolitana;caatinga;277,75;BSh;8008
2403103;Currais Novos;24;RN;n„o metropolitana;caatinga;419,31;BSh;41341
2403202;Doutor Severiano;24;RN;n„o metropolitana;caatinga;509,29;As;7049
2403251;Parnamirim;24;RN;metropolitana;caatinga;41,69;As;252950
2403301;Encanto;24;RN;n„o metropolitana;caatinga;280,51;As;6017
2403400;Equador;24;RN;n„o metropolitana;caatinga;526,9;BSh;5355
2403509;Esp√≠rito Santo;24;RN;n„o metropolitana;mata atlantica;97,71;As;10622
2403608;Extremoz;24;RN;metropolitana;caatinga;27,56;As;61381
2403707;Felipe Guerra;24;RN;n„o metropolitana;caatinga;74,73;BSh;5970
2403756;Fernando Pedroza;24;RN;n„o metropolitana;caatinga;220,35;BSh;2937
2403806;Flor√¢nia;24;RN;n„o metropolitana;caatinga;346,47;BSh;10199
2403905;Francisco Dantas;24;RN;n„o metropolitana;caatinga;265,96;As;2700
2404002;Frutuoso Gomes;24;RN;n„o metropolitana;caatinga;287,02;As;4122
2404101;Galinhos;24;RN;n„o metropolitana;caatinga;21,23;BSh;2105
2404200;Goianinha;24;RN;n„o metropolitana;mata atlantica;66,66;As;27079
2404309;Governador Dix-Sept Rosado;24;RN;n„o metropolitana;caatinga;77,02;BSh;11926
2404408;Grossos;24;RN;n„o metropolitana;caatinga;14,91;BSh;9742
2404507;Guamar√©;24;RN;n„o metropolitana;caatinga;22,57;BSh;15312
2404606;Ielmo Marinho;24;RN;n„o metropolitana;caatinga;78,99;As;11614
2404705;Ipangua√ßu;24;RN;n„o metropolitana;caatinga;43,25;BSh;14164
2404804;Ipueira;24;RN;n„o metropolitana;caatinga;232,7;BSh;2035
2404853;Itaj√°;24;RN;n„o metropolitana;caatinga;77,22;BSh;7298
2404903;Ita√∫;24;RN;n„o metropolitana;caatinga;140,59;As;5317
2405009;Ja√ßan√£;24;RN;n„o metropolitana;caatinga;627,02;As;10247
2405108;Janda√≠ra;24;RN;n„o metropolitana;caatinga;124,59;BSh;6570
2405207;Jandu√≠s;24;RN;n„o metropolitana;caatinga;161,98;BSh;4767
2405306;Janu√°rio Cicco;24;RN;n„o metropolitana;caatinga;126,56;As;9054
2405405;Japi;24;RN;n„o metropolitana;caatinga;312,77;BSh;5123
2405504;Jardim De Angicos;24;RN;n„o metropolitana;caatinga;161,69;BSh;2436
2405603;Jardim De Piranhas;24;RN;n„o metropolitana;caatinga;141,84;BSh;13969
2405702;Jardim Do Serid√≥;24;RN;n„o metropolitana;caatinga;240,41;BSh;11623
2405801;Jo√£o C√¢mara;24;RN;n„o metropolitana;caatinga;167,84;BSh;33191
2405900;Jo√£o Dias;24;RN;n„o metropolitana;caatinga;452;As;2076
2406007;Jos√© Da Penha;24;RN;n„o metropolitana;caatinga;316,85;As;5799
2406106;Jucurutu;24;RN;n„o metropolitana;caatinga;172,83;BSh;17779
2406155;Jundi√°;24;RN;n„o metropolitana;caatinga;106,87;As;3737
2406205;Lagoa D'anta;24;RN;n„o metropolitana;caatinga;154,73;As;6680
2406304;Lagoa De Pedras;24;RN;n„o metropolitana;caatinga;101,1;As;7340
2406403;Lagoa De Velhos;24;RN;n„o metropolitana;caatinga;147,37;BSh;2569
2406502;Lagoa Nova;24;RN;n„o metropolitana;caatinga;661,49;BSh;15584
2406601;Lagoa Salgada;24;RN;n„o metropolitana;caatinga;102,58;As;8334
2406700;Lajes;24;RN;n„o metropolitana;caatinga;251,86;BSh;9866
2406809;Lajes Pintadas;24;RN;n„o metropolitana;caatinga;388,93;As;4779
2406908;Lucr√©cia;24;RN;n„o metropolitana;caatinga;262,68;As;3490
2407005;Lu√≠s Gomes;24;RN;n„o metropolitana;caatinga;487,82;As;9083
2407104;Maca√≠ba;24;RN;metropolitana;caatinga;78,71;As;81584
2407203;Macau;24;RN;n„o metropolitana;caatinga;27,54;BSh;27395
2407252;Major Sales;24;RN;n„o metropolitana;caatinga;312,25;As;3924
2407302;Marcelino Vieira;24;RN;n„o metropolitana;caatinga;259,95;As;7896
2407401;Martins;24;RN;n„o metropolitana;caatinga;442,54;As;8178
2407500;Maxaranguape;24;RN;metropolitana;caatinga;29,28;As;10262
2407609;Messias Targino;24;RN;n„o metropolitana;caatinga;179,74;As;4283
2407708;Montanhas;24;RN;n„o metropolitana;caatinga;86,05;As;11459
2407807;Monte Alegre;24;RN;metropolitana;caatinga;86,18;As;22950
2407906;Monte Das Gameleiras;24;RN;n„o metropolitana;caatinga;341,77;As;2277
2408003;Mossor√≥;24;RN;n„o metropolitana;caatinga;55,03;BSh;264181
2408102;Natal;24;RN;metropolitana;mata atlantica;40,89;As;751932
2408201;N√≠sia Floresta;24;RN;metropolitana;mata atlantica;41,37;As;30952
2408300;Nova Cruz;24;RN;n„o metropolitana;caatinga;100,14;As;34252
2408409;Olho D'√°gua Do Borges;24;RN;n„o metropolitana;caatinga;170,66;As;3896
2408508;Ouro Branco;24;RN;n„o metropolitana;caatinga;242,16;BSh;4912
2408607;Paran√°;24;RN;n„o metropolitana;caatinga;342,39;As;3934
2408706;Para√∫;24;RN;n„o metropolitana;caatinga;110,24;BSh;3589
2408805;Parazinho;24;RN;n„o metropolitana;caatinga;109,63;BSh;4796
2408904;Parelhas;24;RN;n„o metropolitana;caatinga;368,37;BSh;21464
2408953;Rio Do Fogo;24;RN;n„o metropolitana;caatinga;27,63;As;10268
2409100;Passa E Fica;24;RN;n„o metropolitana;caatinga;159,04;As;10892
2409209;Passagem;24;RN;n„o metropolitana;caatinga;78,68;As;3119
2409308;Patu;24;RN;n„o metropolitana;caatinga;236,77;As;11001
2409332;Santa Maria;24;RN;n„o metropolitana;caatinga;103,5;As;4843
2409407;Pau Dos Ferros;24;RN;n„o metropolitana;caatinga;222,32;As;30403
2409506;Pedra Grande;24;RN;n„o metropolitana;caatinga;36,97;As;3611
2409605;Pedra Preta;24;RN;n„o metropolitana;caatinga;203,38;BSh;2450
2409704;Pedro Avelino;24;RN;n„o metropolitana;caatinga;128,85;BSh;6241
2409803;Pedro Velho;24;RN;n„o metropolitana;caatinga;80,65;As;13860
2409902;Pend√™ncias;24;RN;n„o metropolitana;caatinga;34,37;BSh;12273
2410009;Pil√µes;24;RN;n„o metropolitana;caatinga;270,62;As;2963
2410108;Po√ßo Branco;24;RN;n„o metropolitana;caatinga;104,16;As;12389
2410207;Portalegre;24;RN;n„o metropolitana;caatinga;534,4;As;7601
2410256;Porto Do Mangue;24;RN;n„o metropolitana;caatinga;50,71;BSh;5253
2410306;Serra Caiada;24;RN;n„o metropolitana;caatinga;158,43;BSh;9964
2410405;Pureza;24;RN;n„o metropolitana;caatinga;97,06;As;9358
2410504;Rafael Fernandes;24;RN;n„o metropolitana;caatinga;236,55;As;5432
2410603;Rafael Godeiro;24;RN;n„o metropolitana;caatinga;204,8;As;2931
2410702;Riacho Da Cruz;24;RN;n„o metropolitana;caatinga;185,23;As;2693
2410801;Riacho De Santana;24;RN;n„o metropolitana;caatinga;354,32;As;4134
2410900;Riachuelo;24;RN;n„o metropolitana;caatinga;161,94;BSh;7389
2411007;Rodolfo Fernandes;24;RN;n„o metropolitana;caatinga;191,94;As;4234
2411056;Tibau;24;RN;n„o metropolitana;caatinga;30,26;As;5389
2411106;Ruy Barbosa;24;RN;n„o metropolitana;caatinga;240,16;BSh;3203
2411205;Santa Cruz;24;RN;n„o metropolitana;caatinga;263,9;BSh;37232
2411403;Santana Do Matos;24;RN;n„o metropolitana;caatinga;206,13;BSh;12460
2411429;Santana Do Serid√≥;24;RN;n„o metropolitana;caatinga;323,4;BSh;2696
2411502;Santo Ant√¥nio;24;RN;n„o metropolitana;caatinga;105,04;As;22150
2411601;S√£o Bento Do Norte;24;RN;n„o metropolitana;caatinga;31,73;BSh;3252
2411700;S√£o Bento Do Trair√≠;24;RN;n„o metropolitana;caatinga;307,03;BSh;3788
2411809;S√£o Fernando;24;RN;n„o metropolitana;caatinga;156,39;BSh;3480
2411908;S√£o Francisco Do Oeste;24;RN;n„o metropolitana;caatinga;204,57;As;4172
2412005;S√£o Gon√ßalo Do Amarante;24;RN;metropolitana;caatinga;44,63;As;115467
2412104;S√£o Jo√£o Do Sabugi;24;RN;n„o metropolitana;caatinga;215,31;BSh;5956
2412203;S√£o Jos√© De Mipibu;24;RN;metropolitana;caatinga;70,59;As;47279
2412302;S√£o Jos√© Do Campestre;24;RN;n„o metropolitana;caatinga;195,22;BSh;13691
2412401;S√£o Jos√© Do Serid√≥;24;RN;n„o metropolitana;caatinga;224,75;BSh;4548
2412500;S√£o Miguel;24;RN;n„o metropolitana;caatinga;588,28;As;23494
2412559;S√£o Miguel Do Gostoso;24;RN;n„o metropolitana;caatinga;50,16;As;10250
2412609;S√£o Paulo Do Potengi;24;RN;n„o metropolitana;caatinga;113,06;BSh;16586
2412708;S√£o Pedro;24;RN;n„o metropolitana;caatinga;92,62;As;5786
2412807;S√£o Rafael;24;RN;n„o metropolitana;caatinga;85,82;BSh;7707
2412906;S√£o Tom√©;24;RN;n„o metropolitana;caatinga;289,1;BSh;9720
2413003;S√£o Vicente;24;RN;n„o metropolitana;caatinga;401,13;BSh;6311
2413102;Senador El√≥i De Souza;24;RN;n„o metropolitana;caatinga;135,24;As;5964
2413201;Senador Georgino Avelino;24;RN;n„o metropolitana;mata atlantica;15,35;As;4064
2413300;Serra De S√£o Bento;24;RN;n„o metropolitana;caatinga;348,92;As;5706
2413359;Serra Do Mel;24;RN;n„o metropolitana;caatinga;177,11;BSh;13110
2413409;Serra Negra Do Norte;24;RN;n„o metropolitana;caatinga;206,7;BSh;7593
2413508;Serrinha;24;RN;n„o metropolitana;caatinga;116,61;As;6444
2413557;Serrinha Dos Pintos;24;RN;n„o metropolitana;caatinga;389,78;As;4659
2413607;Severiano Melo;24;RN;n„o metropolitana;caatinga;178,08;As;5497
2413706;S√≠tio Novo;24;RN;n„o metropolitana;caatinga;250,43;BSh;4662
2413805;Taboleiro Grande;24;RN;n„o metropolitana;caatinga;197,74;As;2333
2413904;Taipu;24;RN;n„o metropolitana;caatinga;75,16;As;11438
2414001;Tangar√°;24;RN;n„o metropolitana;caatinga;196,17;BSh;13266
2414100;Tenente Ananias;24;RN;n„o metropolitana;caatinga;357,55;As;10262
2414159;Tenente Laurentino Cruz;24;RN;n„o metropolitana;caatinga;588,28;BSh;5892
2414209;Tibau Do Sul;24;RN;n„o metropolitana;mata atlantica;35,71;As;17210
2414308;Timba√∫ba Dos Batistas;24;RN;n„o metropolitana;caatinga;186,94;BSh;2336
2414407;Touros;24;RN;n„o metropolitana;caatinga;83,09;As;33008
2414456;Triunfo Potiguar;24;RN;n„o metropolitana;caatinga;227,18;BSh;3358
2414506;Umarizal;24;RN;n„o metropolitana;caatinga;193,25;As;9972
2414605;Upanema;24;RN;n„o metropolitana;caatinga;93,18;BSh;13434
2414704;V√°rzea;24;RN;n„o metropolitana;caatinga;82,45;As;5232
2414753;Venha-Ver;24;RN;n„o metropolitana;caatinga;604,34;As;3013
2414803;Vera Cruz;24;RN;metropolitana;caatinga;102,44;As;10487
2414902;Vi√ßosa;24;RN;n„o metropolitana;caatinga;281,92;As;1822
2415008;Vila Flor;24;RN;n„o metropolitana;mata atlantica;37,19;As;3174
2500106;√Ågua Branca;25;PB;n„o metropolitana;caatinga;715,2;As;9308
2500205;Aguiar;25;PB;n„o metropolitana;caatinga;378,16;As;5011
2500304;Alagoa Grande;25;PB;n„o metropolitana;caatinga;189,45;As;26081
2500403;Alagoa Nova;25;PB;n„o metropolitana;caatinga;471,08;As;21009
2500502;Alagoinha;25;PB;n„o metropolitana;caatinga;157,53;As;13698
2500536;Alcantil;25;PB;n„o metropolitana;caatinga;440,04;BSh;5578
2500577;Algod√£o De Janda√≠ra;25;PB;n„o metropolitana;caatinga;493,01;BSh;2953
2500601;Alhandra;25;PB;metropolitana;mata atlantica;62,32;Am;21632
2500700;S√£o Jo√£o Do Rio Do Peixe;25;PB;n„o metropolitana;caatinga;281,41;As;17560
2500734;Amparo;25;PB;n„o metropolitana;caatinga;634,99;BSh;2166
2500775;Aparecida;25;PB;n„o metropolitana;caatinga;250,12;As;7962
2500809;Ara√ßagi;25;PB;n„o metropolitana;caatinga;90,58;As;16589
2500908;Arara;25;PB;n„o metropolitana;caatinga;466,9;As;11408
2501005;Araruna;25;PB;n„o metropolitana;caatinga;440,65;As;17203
2501104;Areia;25;PB;n„o metropolitana;caatinga;479,04;As;22634
2501153;Areia De Bara√∫nas;25;PB;n„o metropolitana;caatinga;536,1;BSh;2005
2501203;Areial;25;PB;n„o metropolitana;caatinga;693,91;As;7139
2501302;Aroeiras;25;PB;n„o metropolitana;caatinga;332,82;As;18702
2501351;Assun√ß√£o;25;PB;n„o metropolitana;caatinga;574,34;BSh;4152
2501401;Ba√≠a Da Trai√ß√£o;25;PB;n„o metropolitana;mata atlantica;43,69;Aw;9147
2501500;Bananeiras;25;PB;n„o metropolitana;caatinga;363,59;As;23107
2501534;Bara√∫na;25;PB;n„o metropolitana;caatinga;598,85;BSh;4754
2501575;Barra De Santana;25;PB;n„o metropolitana;caatinga;379,3;BSh;8062
2501609;Barra De Santa Rosa;25;PB;n„o metropolitana;caatinga;505,53;BSh;12894
2501708;Barra De S√£o Miguel;25;PB;n„o metropolitana;caatinga;486,11;BSh;5893
2501807;Bayeux;25;PB;metropolitana;mata atlantica;37,31;As;81932
2501906;Bel√©m;25;PB;n„o metropolitana;caatinga;216,79;As;16189
2502003;Bel√©m Do Brejo Do Cruz;25;PB;n„o metropolitana;caatinga;177,39;As;6268
2502052;Bernardino Batista;25;PB;n„o metropolitana;caatinga;532,87;As;3504
2502102;Boa Ventura;25;PB;n„o metropolitana;caatinga;338,22;As;5210
2502151;Boa Vista;25;PB;n„o metropolitana;caatinga;493,62;BSh;6356
2502201;Bom Jesus;25;PB;n„o metropolitana;caatinga;314,45;As;2286
2502300;Bom Sucesso;25;PB;n„o metropolitana;caatinga;319,37;As;4660
2502409;Bonito De Santa F√©;25;PB;n„o metropolitana;caatinga;634,17;As;9880
2502508;Boqueir√£o;25;PB;n„o metropolitana;caatinga;424,5;BSh;17599
2502607;Igaracy;25;PB;n„o metropolitana;caatinga;327,15;As;5650
2502706;Borborema;25;PB;n„o metropolitana;caatinga;386,04;As;4211
2502805;Brejo Do Cruz;25;PB;n„o metropolitana;caatinga;194,07;As;13613
2502904;Brejo Dos Santos;25;PB;n„o metropolitana;caatinga;341,54;As;5977
2503001;Caapor√£;25;PB;metropolitana;mata atlantica;42,67;Am;21290
2503100;Cabaceiras;25;PB;n„o metropolitana;caatinga;444,13;BSh;5325
2503209;Cabedelo;25;PB;metropolitana;mata atlantica;5,75;As;68744
2503308;Cachoeira Dos √çndios;25;PB;n„o metropolitana;caatinga;371,21;As;8944
2503407;Cacimba De Areia;25;PB;n„o metropolitana;caatinga;377,44;BSh;3292
2503506;Cacimba De Dentro;25;PB;n„o metropolitana;caatinga;467,32;As;15975
2503555;Cacimbas;25;PB;n„o metropolitana;caatinga;695,02;BSh;7225
2503605;Cai√ßara;25;PB;n„o metropolitana;caatinga;142,73;As;6615
2503704;Cajazeiras;25;PB;n„o metropolitana;caatinga;341,41;As;63118
2503753;Cajazeirinhas;25;PB;n„o metropolitana;caatinga;287,14;As;2740
2503803;Caldas Brand√£o;25;PB;n„o metropolitana;caatinga;90,86;As;5755
2503902;Camala√∫;25;PB;n„o metropolitana;caatinga;554,24;BSh;6031
2504009;Campina Grande;25;PB;n„o metropolitana;caatinga;477,74;As;418140
2504033;Capim;25;PB;n„o metropolitana;mata atlantica;80,03;As;6976
2504074;Cara√∫bas;25;PB;n„o metropolitana;caatinga;499,24;BSh;3948
2504108;Carrapateira;25;PB;n„o metropolitana;caatinga;462,62;As;2311
2504157;Casserengue;25;PB;n„o metropolitana;caatinga;451,74;As;6889
2504207;Catingueira;25;PB;n„o metropolitana;caatinga;364,51;As;4492
2504306;Catol√© Do Rocha;25;PB;n„o metropolitana;caatinga;280,17;As;30656
2504355;Caturit√©;25;PB;n„o metropolitana;caatinga;437,16;BSh;5253
2504405;Concei√ß√£o;25;PB;n„o metropolitana;caatinga;516,69;As;18239
2504504;Condado;25;PB;n„o metropolitana;caatinga;269,61;As;6449
2504603;Conde;25;PB;metropolitana;mata atlantica;48,8;Am;27344
2504702;Congo;25;PB;n„o metropolitana;caatinga;516,17;BSh;4936
2504801;Coremas;25;PB;n„o metropolitana;caatinga;265,64;As;14680
2504850;Coxixola;25;PB;n„o metropolitana;caatinga;501,18;BSh;1823
2504900;Cruz Do Esp√≠rito Santo;25;PB;metropolitana;mata atlantica;63,26;As;16828
2505006;Cubati;25;PB;n„o metropolitana;caatinga;595,09;BSh;7579
2505105;Cuit√©;25;PB;n„o metropolitana;caatinga;490,56;BSh;19718
2505204;Cuitegi;25;PB;n„o metropolitana;caatinga;150,59;As;6730
2505238;Cuit√© De Mamanguape;25;PB;n„o metropolitana;caatinga;82,57;As;6261
2505279;Curral De Cima;25;PB;n„o metropolitana;caatinga;107,62;As;5303
2505303;Curral Velho;25;PB;n„o metropolitana;caatinga;411,57;As;2198
2505352;Dami√£o;25;PB;n„o metropolitana;caatinga;485,02;BSh;4980
2505402;Desterro;25;PB;n„o metropolitana;caatinga;647,85;BSh;8067
2505501;Vista Serrana;25;PB;n„o metropolitana;caatinga;268,75;BSh;3644
2505600;Diamante;25;PB;n„o metropolitana;caatinga;421,42;As;6291
2505709;Dona In√™s;25;PB;n„o metropolitana;caatinga;319,08;As;10374
2505808;Duas Estradas;25;PB;n„o metropolitana;caatinga;122,38;As;3340
2505907;Emas;25;PB;n„o metropolitana;caatinga;293,92;As;3014
2506004;Esperan√ßa;25;PB;n„o metropolitana;caatinga;594,83;As;31241
2506103;Fagundes;25;PB;n„o metropolitana;caatinga;333,03;As;11051
2506202;Frei Martinho;25;PB;n„o metropolitana;caatinga;432,1;BSh;2846
2506251;Gado Bravo;25;PB;n„o metropolitana;caatinga;349,51;As;8179
2506301;Guarabira;25;PB;n„o metropolitana;caatinga;103,72;As;57661
2506400;Gurinh√©m;25;PB;n„o metropolitana;caatinga;130,16;As;13767
2506509;Gurj√£o;25;PB;n„o metropolitana;caatinga;500,11;BSh;3242
2506608;Ibiara;25;PB;n„o metropolitana;caatinga;419,89;As;5633
2506707;Imaculada;25;PB;n„o metropolitana;caatinga;730,81;As;9656
2506806;Ing√°;25;PB;n„o metropolitana;caatinga;228,18;As;17664
2506905;Itabaiana;25;PB;n„o metropolitana;caatinga;121,17;As;23187
2507002;Itaporanga;25;PB;n„o metropolitana;caatinga;369,62;As;23623
2507101;Itapororoca;25;PB;n„o metropolitana;caatinga;83,26;As;18461
2507200;Itatuba;25;PB;n„o metropolitana;caatinga;163,99;As;10385
2507309;Jacara√∫;25;PB;n„o metropolitana;caatinga;128,44;As;14719
2507408;Jeric√≥;25;PB;n„o metropolitana;caatinga;259,91;As;7396
2507507;Jo√£o Pessoa;25;PB;metropolitana;mata atlantica;31,38;As;889618
2507606;Juarez T√°vora;25;PB;n„o metropolitana;caatinga;176,3;As;7792
2507705;Juazeirinho;25;PB;n„o metropolitana;caatinga;574,51;BSh;17004
2507804;Junco Do Serid√≥;25;PB;n„o metropolitana;caatinga;675,25;BSh;6792
2507903;Juripiranga;25;PB;n„o metropolitana;mata atlantica;114,04;As;9741
2508000;Juru;25;PB;n„o metropolitana;caatinga;624,63;As;9237
2508109;Lagoa;25;PB;n„o metropolitana;caatinga;341,57;As;4417
2508208;Lagoa De Dentro;25;PB;n„o metropolitana;caatinga;124,05;As;7819
2508307;Lagoa Seca;25;PB;n„o metropolitana;caatinga;596,64;As;27739
2508406;Lastro;25;PB;n„o metropolitana;caatinga;332,29;As;3162
2508505;Livramento;25;PB;n„o metropolitana;caatinga;591,48;BSh;6881
2508554;Logradouro;25;PB;n„o metropolitana;caatinga;111,75;As;4807
2508604;Lucena;25;PB;metropolitana;mata atlantica;38,45;Aw;12910
2508703;M√£e D'√°gua;25;PB;n„o metropolitana;caatinga;588,61;As;3583
2508802;Malta;25;PB;n„o metropolitana;caatinga;281,7;BSh;6045
2508901;Mamanguape;25;PB;n„o metropolitana;mata atlantica;98,51;As;44599
2509008;Mana√≠ra;25;PB;n„o metropolitana;caatinga;722,4;As;10447
2509057;Marca√ß√£o;25;PB;n„o metropolitana;mata atlantica;65,54;Aw;9807
2509107;Mari;25;PB;n„o metropolitana;caatinga;120,43;As;21251
2509156;Mariz√≥polis;25;PB;n„o metropolitana;caatinga;253,28;As;6711
2509206;Massaranduba;25;PB;n„o metropolitana;caatinga;391,87;As;14145
2509305;Mataraca;25;PB;n„o metropolitana;mata atlantica;57,61;Aw;8324
2509339;Matinhas;25;PB;n„o metropolitana;caatinga;464,37;As;4567
2509370;Mato Grosso;25;PB;n„o metropolitana;caatinga;262,48;As;2538
2509396;Matur√©ia;25;PB;n„o metropolitana;caatinga;802,13;As;6431
2509404;Mogeiro;25;PB;n„o metropolitana;caatinga;154,86;As;14381
2509503;Montadas;25;PB;n„o metropolitana;caatinga;680,15;As;5818
2509602;Monte Horebe;25;PB;n„o metropolitana;caatinga;686,2;As;4338
2509701;Monteiro;25;PB;n„o metropolitana;caatinga;632,52;BSh;32266
2509800;Mulungu;25;PB;n„o metropolitana;caatinga;106,6;As;8812
2509909;Natuba;25;PB;n„o metropolitana;caatinga;394,85;As;8937
2510006;Nazarezinho;25;PB;n„o metropolitana;caatinga;327,95;As;7218
2510105;Nova Floresta;25;PB;n„o metropolitana;caatinga;620,7;As;9539
2510204;Nova Olinda;25;PB;n„o metropolitana;caatinga;366,39;As;5787
2510303;Nova Palmeira;25;PB;n„o metropolitana;caatinga;547,73;BSh;4267
2510402;Olho D'√°gua;25;PB;n„o metropolitana;caatinga;350,68;As;6061
2510501;Olivedos;25;PB;n„o metropolitana;caatinga;580,98;BSh;3579
2510600;Ouro Velho;25;PB;n„o metropolitana;caatinga;618,21;BSh;2910
2510659;Parari;25;PB;n„o metropolitana;caatinga;497,81;BSh;1720
2510709;Passagem;25;PB;n„o metropolitana;caatinga;417,32;BSh;2463
2510808;Patos;25;PB;n„o metropolitana;caatinga;268,07;BSh;103199
2510907;Paulista;25;PB;n„o metropolitana;caatinga;224,54;BSh;11829
2511004;Pedra Branca;25;PB;n„o metropolitana;caatinga;357,23;As;3739
2511103;Pedra Lavrada;25;PB;n„o metropolitana;caatinga;567,31;BSh;6859
2511202;Pedras De Fogo;25;PB;metropolitana;mata atlantica;111,37;As;29625
2511301;Pianc√≥;25;PB;n„o metropolitana;caatinga;293,15;As;16471
2511400;Picu√≠;25;PB;n„o metropolitana;caatinga;531,39;BSh;18361
2511509;Pilar;25;PB;n„o metropolitana;caatinga;77,83;As;12213
2511608;Pil√µes;25;PB;n„o metropolitana;caatinga;346,57;As;6818
2511707;Pil√µezinhos;25;PB;n„o metropolitana;caatinga;277,73;As;5320
2511806;Pirpirituba;25;PB;n„o metropolitana;caatinga;159,43;As;9229
2511905;Pitimbu;25;PB;metropolitana;mata atlantica;33,41;Am;17696
2512002;Pocinhos;25;PB;n„o metropolitana;caatinga;587,97;BSh;17428
2512036;Po√ßo Dantas;25;PB;n„o metropolitana;caatinga;580,65;As;3830
2512077;Po√ßo De Jos√© De Moura;25;PB;n„o metropolitana;caatinga;289,69;As;4006
2512101;Pombal;25;PB;n„o metropolitana;caatinga;243,88;As;32499
2512200;Prata;25;PB;n„o metropolitana;caatinga;610,87;BSh;3916
2512309;Princesa Isabel;25;PB;n„o metropolitana;caatinga;649,22;As;21148
2512408;Puxinan√£;25;PB;n„o metropolitana;caatinga;662,48;As;14279
2512507;Queimadas;25;PB;n„o metropolitana;caatinga;407,08;As;47665
2512606;Quixaba;25;PB;n„o metropolitana;caatinga;343,99;BSh;1745
2512705;Rem√≠gio;25;PB;n„o metropolitana;caatinga;542,1;As;17888
2512721;Pedro R√©gis;25;PB;n„o metropolitana;caatinga;119,81;As;5719
2512747;Riach√£o;25;PB;n„o metropolitana;caatinga;208,92;As;2927
2512754;Riach√£o Do Bacamarte;25;PB;n„o metropolitana;caatinga;225,7;As;4685
2512762;Riach√£o Do Po√ßo;25;PB;n„o metropolitana;caatinga;84,75;As;4706
2512788;Riacho De Santo Ant√¥nio;25;PB;n„o metropolitana;caatinga;475,44;BSh;1956
2512804;Riacho Dos Cavalos;25;PB;n„o metropolitana;caatinga;207,87;As;8498
2512903;Rio Tinto;25;PB;metropolitana;mata atlantica;62,4;As;27352
2513000;Salgadinho;25;PB;n„o metropolitana;caatinga;565,92;BSh;3358
2513109;Salgado De S√£o F√©lix;25;PB;n„o metropolitana;caatinga;214,47;As;12318
2513158;Santa Cec√≠lia;25;PB;n„o metropolitana;caatinga;449,16;As;7678
2513208;Santa Cruz;25;PB;n„o metropolitana;caatinga;363,51;As;5947
2513307;Santa Helena;25;PB;n„o metropolitana;caatinga;290,26;As;5869
2513356;Santa In√™s;25;PB;n„o metropolitana;caatinga;570,43;As;3230
2513406;Santa Luzia;25;PB;n„o metropolitana;caatinga;434,9;BSh;14954
2513505;Santana De Mangueira;25;PB;n„o metropolitana;caatinga;493,74;As;5010
2513604;Santana Dos Garrotes;25;PB;n„o metropolitana;caatinga;347,68;As;6577
2513653;Joca Claudino;25;PB;n„o metropolitana;caatinga;391,73;As;2543
2513703;Santa Rita;25;PB;metropolitana;mata atlantica;70,32;As;148479
2513802;Santa Teresinha;25;PB;n„o metropolitana;caatinga;336,38;As;4402
2513851;Santo Andr√©;25;PB;n„o metropolitana;caatinga;512,47;BSh;2622
2513901;S√£o Bento;25;PB;n„o metropolitana;caatinga;168,75;BSh;32252
2513927;S√£o Bentinho;25;PB;n„o metropolitana;caatinga;249,29;As;4330
2513943;S√£o Domingos Do Cariri;25;PB;n„o metropolitana;caatinga;447,45;BSh;2585
2513968;S√£o Domingos;25;PB;n„o metropolitana;caatinga;220,88;As;2595
2513984;S√£o Francisco;25;PB;n„o metropolitana;caatinga;327,12;As;3137
2514008;S√£o Jo√£o Do Cariri;25;PB;n„o metropolitana;caatinga;485,43;BSh;4221
2514107;S√£o Jo√£o Do Tigre;25;PB;n„o metropolitana;caatinga;718,88;As;4233
2514206;S√£o Jos√© Da Lagoa Tapada;25;PB;n„o metropolitana;caatinga;300,3;As;7119
2514305;S√£o Jos√© De Caiana;25;PB;n„o metropolitana;caatinga;581,67;As;5037
2514404;S√£o Jos√© De Espinharas;25;PB;n„o metropolitana;caatinga;242,03;BSh;4072
2514453;S√£o Jos√© Dos Ramos;25;PB;n„o metropolitana;caatinga;94,51;As;5880
2514503;S√£o Jos√© De Piranhas;25;PB;n„o metropolitana;caatinga;436,99;As;19116
2514552;S√£o Jos√© De Princesa;25;PB;n„o metropolitana;caatinga;763,57;As;3423
2514602;S√£o Jos√© Do Bonfim;25;PB;n„o metropolitana;caatinga;318,15;BSh;3242
2514651;S√£o Jos√© Do Brejo Do Cruz;25;PB;n„o metropolitana;caatinga;158,11;As;1699
2514701;S√£o Jos√© Do Sabugi;25;PB;n„o metropolitana;caatinga;417,41;BSh;4139
2514800;S√£o Jos√© Dos Cordeiros;25;PB;n„o metropolitana;caatinga;587,77;BSh;3411
2514909;S√£o Mamede;25;PB;n„o metropolitana;caatinga;315,65;BSh;7469
2515005;S√£o Miguel De Taipu;25;PB;n„o metropolitana;mata atlantica;62,84;As;7751
2515104;S√£o Sebasti√£o De Lagoa De Ro√ßa;25;PB;n„o metropolitana;caatinga;598,55;As;11046
2515203;S√£o Sebasti√£o Do Umbuzeiro;25;PB;n„o metropolitana;caatinga;657,09;BSh;3279
2515302;Sap√©;25;PB;n„o metropolitana;caatinga;93,05;As;51142
2515401;S√£o Vicente Do Serid√≥;25;PB;n„o metropolitana;caatinga;573,8;BSh;10298
2515500;Serra Branca;25;PB;n„o metropolitana;caatinga;540,1;BSh;13614
2515609;Serra Da Raiz;25;PB;n„o metropolitana;caatinga;216,03;As;3094
2515708;Serra Grande;25;PB;n„o metropolitana;caatinga;600,97;As;2942
2515807;Serra Redonda;25;PB;n„o metropolitana;caatinga;347,33;As;6829
2515906;Serraria;25;PB;n„o metropolitana;caatinga;417,74;As;4885
2515930;Sert√£ozinho;25;PB;n„o metropolitana;caatinga;128,75;As;5099
2515971;Sobrado;25;PB;n„o metropolitana;caatinga;76,44;As;8230
2516003;Sol√¢nea;25;PB;n„o metropolitana;caatinga;448,79;As;26777
2516102;Soledade;25;PB;n„o metropolitana;caatinga;541,05;BSh;13955
2516151;Soss√™go;25;PB;n„o metropolitana;caatinga;557,67;BSh;3337
2516201;Sousa;25;PB;n„o metropolitana;caatinga;265,07;As;67425
2516300;Sum√©;25;PB;n„o metropolitana;caatinga;567,87;BSh;16539
2516409;Tacima;25;PB;n„o metropolitana;caatinga;139,67;As;7967
2516508;Tapero√°;25;PB;n„o metropolitana;caatinga;563,03;BSh;14093
2516607;Tavares;25;PB;n„o metropolitana;caatinga;658,48;As;14141
2516706;Teixeira;25;PB;n„o metropolitana;caatinga;730,78;BSh;14630
2516755;Ten√≥rio;25;PB;n„o metropolitana;caatinga;592,35;BSh;2966
2516805;Triunfo;25;PB;n„o metropolitana;caatinga;315,98;As;9868
2516904;Uira√∫na;25;PB;n„o metropolitana;caatinga;374,03;As;14943
2517001;Umbuzeiro;25;PB;n„o metropolitana;caatinga;425,95;As;9124
2517100;V√°rzea;25;PB;n„o metropolitana;caatinga;286,51;BSh;2668
2517209;Vieir√≥polis;25;PB;n„o metropolitana;caatinga;347,93;As;4864
2517407;Zabel√™;25;PB;n„o metropolitana;caatinga;649,3;BSh;2229
2600054;Abreu E Lima;26;PE;metropolitana;mata atlantica;108,64;As;99331
2600104;Afogados Da Ingazeira;26;PE;n„o metropolitana;caatinga;587,3;BSh;40120
2600203;Afr√¢nio;26;PE;n„o metropolitana;caatinga;520,53;BSh;16486
2600302;Agrestina;26;PE;n„o metropolitana;caatinga;458,31;As;23739
2600401;√Ågua Preta;26;PE;n„o metropolitana;mata atlantica;131,84;Am;26473
2600500;√Åguas Belas;26;PE;n„o metropolitana;caatinga;432,48;As;41549
2600609;Alagoinha;26;PE;n„o metropolitana;caatinga;716,57;As;13256
2600708;Alian√ßa;26;PE;n„o metropolitana;mata atlantica;93,65;As;35245
2600807;Altinho;26;PE;n„o metropolitana;caatinga;529,89;As;20657
2600906;Amaraji;26;PE;n„o metropolitana;mata atlantica;385,81;Am;18236
2601003;Angelim;26;PE;n„o metropolitana;caatinga;655,05;As;9965
2601052;Ara√ßoiaba;26;PE;metropolitana;mata atlantica;110,24;As;19314
2601102;Araripina;26;PE;n„o metropolitana;caatinga;687,72;BSh;85135
2601201;Arcoverde;26;PE;n„o metropolitana;caatinga;793,97;As;77660
2601300;Barra De Guabiraba;26;PE;n„o metropolitana;mata atlantica;543,64;As;12299
2601409;Barreiros;26;PE;n„o metropolitana;mata atlantica;69,81;Am;39993
2601508;Bel√©m De Maria;26;PE;n„o metropolitana;mata atlantica;323,21;As;10339
2601607;Bel√©m Do S√£o Francisco;26;PE;n„o metropolitana;caatinga;362;BSh;18321
2601706;Belo Jardim;26;PE;n„o metropolitana;caatinga;726,61;As;79143
2601805;Bet√¢nia;26;PE;n„o metropolitana;caatinga;498,78;BSh;11320
2601904;Bezerros;26;PE;n„o metropolitana;caatinga;553,09;As;61398
2602001;Bodoc√≥;26;PE;n„o metropolitana;caatinga;627,36;As;34469
2602100;Bom Conselho;26;PE;n„o metropolitana;mata atlantica;561,29;As;43577
2602209;Bom Jardim;26;PE;n„o metropolitana;caatinga;338,26;As;37190
2602308;Bonito;26;PE;n„o metropolitana;mata atlantica;488,29;As;37953
2602407;Brej√£o;26;PE;n„o metropolitana;mata atlantica;705,35;As;9084
2602506;Brejinho;26;PE;n„o metropolitana;caatinga;789,61;BSh;7706
2602605;Brejo Da Madre De Deus;26;PE;n„o metropolitana;caatinga;555,68;BSh;48313
2602704;Buenos Aires;26;PE;n„o metropolitana;mata atlantica;165,67;As;12818
2602803;Bu√≠que;26;PE;n„o metropolitana;caatinga;615,96;As;49786
2602902;Cabo De Santo Agostinho;26;PE;metropolitana;mata atlantica;82,25;As;203084
2603009;Cabrob√≥;26;PE;n„o metropolitana;caatinga;382,04;BSh;30695
2603108;Cachoeirinha;26;PE;n„o metropolitana;caatinga;572,46;As;19789
2603207;Caet√©s;26;PE;n„o metropolitana;caatinga;813,73;As;28848
2603306;Cal√ßado;26;PE;n„o metropolitana;caatinga;683,27;As;11113
2603405;Calumbi;26;PE;n„o metropolitana;caatinga;533,32;BSh;5241
2603454;Camaragibe;26;PE;metropolitana;mata atlantica;84,32;As;146912
2603504;Camocim De S√£o F√©lix;26;PE;n„o metropolitana;mata atlantica;672,25;As;17362
2603603;Camutanga;26;PE;n„o metropolitana;mata atlantica;212,67;As;7764
2603702;Canhotinho;26;PE;n„o metropolitana;mata atlantica;571,59;As;24340
2603801;Capoeiras;26;PE;n„o metropolitana;caatinga;834,36;As;18445
2603900;Carna√≠ba;26;PE;n„o metropolitana;caatinga;610,26;BSh;18437
2603926;Carnaubeira Da Penha;26;PE;n„o metropolitana;caatinga;474,98;BSh;12226
2604007;Carpina;26;PE;n„o metropolitana;mata atlantica;134,06;As;78865
2604106;Caruaru;26;PE;metropolitana;caatinga;538,64;BSh;378180
2604155;Casinhas;26;PE;n„o metropolitana;caatinga;436,27;As;12629
2604205;Catende;26;PE;n„o metropolitana;mata atlantica;255,97;As;31975
2604304;Cedro;26;PE;n„o metropolitana;caatinga;523,16;BSh;10512
2604403;Ch√£ De Alegria;26;PE;n„o metropolitana;mata atlantica;135,7;As;12387
2604502;Ch√£ Grande;26;PE;n„o metropolitana;mata atlantica;465,56;As;20494
2604601;Condado;26;PE;n„o metropolitana;mata atlantica;79;As;24586
2604700;Correntes;26;PE;n„o metropolitana;mata atlantica;536,01;As;17153
2604809;Cort√™s;26;PE;n„o metropolitana;mata atlantica;409,02;Am;10361
2604908;Cumaru;26;PE;n„o metropolitana;caatinga;360,46;As;15824
2605004;Cupira;26;PE;n„o metropolitana;caatinga;448,79;As;23474
2605103;Cust√≥dia;26;PE;n„o metropolitana;caatinga;545,61;BSh;35915
2605152;Dormentes;26;PE;n„o metropolitana;caatinga;489,84;BSh;16159
2605202;Escada;26;PE;n„o metropolitana;mata atlantica;144,63;Am;59526
2605301;Exu;26;PE;n„o metropolitana;caatinga;695,42;As;31803
2605400;Feira Nova;26;PE;n„o metropolitana;mata atlantica;158,53;As;21362
2605459;Fernando de Noronha;26;PE;metropolitana;mata atlantica;323;As;2947
2605509;Ferreiros;26;PE;n„o metropolitana;mata atlantica;97,64;As;15040
2605608;Flores;26;PE;n„o metropolitana;caatinga;562,54;BSh;20213
2605707;Floresta;26;PE;n„o metropolitana;caatinga;394,89;BSh;30110
2605806;Frei Miguelinho;26;PE;n„o metropolitana;caatinga;385,45;As;13666
2605905;Gameleira;26;PE;n„o metropolitana;mata atlantica;126,76;Am;18012
2606002;Garanhuns;26;PE;n„o metropolitana;caatinga;759,67;As;142286
2606101;Gl√≥ria Do Goit√°;26;PE;n„o metropolitana;mata atlantica;186,23;As;29123
2606200;Goiana;26;PE;n„o metropolitana;mata atlantica;44,96;Am;80983
2606309;Granito;26;PE;n„o metropolitana;caatinga;474,71;BSh;6971
2606408;Gravat√°;26;PE;n„o metropolitana;caatinga;459,72;As;85983
2606507;Iati;26;PE;n„o metropolitana;caatinga;425,31;As;17118
2606606;Ibimirim;26;PE;n„o metropolitana;caatinga;498,87;BSh;27406
2606705;Ibirajuba;26;PE;n„o metropolitana;caatinga;580,36;As;7127
2606804;Igarassu;26;PE;metropolitana;mata atlantica;69,89;Am;115281
2606903;Iguaracy;26;PE;n„o metropolitana;caatinga;631,25;BSh;10950
2607000;Inaj√°;26;PE;n„o metropolitana;caatinga;483,93;BSh;23871
2607109;Ingazeira;26;PE;n„o metropolitana;caatinga;575,14;BSh;4750
2607208;Ipojuca;26;PE;metropolitana;mata atlantica;62,21;Am;98762
2607307;Ipubi;26;PE;n„o metropolitana;caatinga;760,42;As;28838
2607406;Itacuruba;26;PE;n„o metropolitana;caatinga;319,14;BSh;4394
2607505;Ita√≠ba;26;PE;n„o metropolitana;caatinga;448,89;As;33498
2607604;Ilha De Itamarac√°;26;PE;metropolitana;mata atlantica;20;Am;22879
2607653;Itamb√©;26;PE;n„o metropolitana;mata atlantica;100,11;As;34925
2607703;Itapetim;26;PE;n„o metropolitana;caatinga;667,15;BSh;13492
2607752;Itapissuma;26;PE;metropolitana;mata atlantica;23,04;Am;27565
2607802;Itaquitinga;26;PE;n„o metropolitana;mata atlantica;96,78;As;16562
2607901;Jaboat√£o Dos Guararapes;26;PE;metropolitana;mata atlantica;63,09;As;653793
2607950;Jaqueira;26;PE;n„o metropolitana;mata atlantica;301,56;As;10237
2608008;Jata√∫ba;26;PE;n„o metropolitana;caatinga;650,71;BSh;15419
2608057;Jatob√°;26;PE;n„o metropolitana;caatinga;311,14;BSh;14002
2608107;Jo√£o Alfredo;26;PE;n„o metropolitana;caatinga;296,59;As;27710
2608206;Joaquim Nabuco;26;PE;n„o metropolitana;mata atlantica;235,99;Am;13099
2608255;Jucati;26;PE;n„o metropolitana;caatinga;759,06;As;11536
2608305;Jupi;26;PE;n„o metropolitana;caatinga;741,07;As;15336
2608404;Jurema;26;PE;n„o metropolitana;mata atlantica;713,95;As;12713
2608453;Lagoa Do Carro;26;PE;n„o metropolitana;mata atlantica;126,89;As;17368
2608503;Lagoa De Itaenga;26;PE;n„o metropolitana;mata atlantica;139,08;As;18813
2608602;Lagoa Do Ouro;26;PE;n„o metropolitana;mata atlantica;637,87;As;11859
2608701;Lagoa Dos Gatos;26;PE;n„o metropolitana;mata atlantica;561;As;14139
2608750;Lagoa Grande;26;PE;n„o metropolitana;caatinga;429,87;BSh;23580
2608800;Lajedo;26;PE;n„o metropolitana;caatinga;644,75;As;39436
2608909;Limoeiro;26;PE;n„o metropolitana;mata atlantica;168,92;As;55917
2609006;Macaparana;26;PE;n„o metropolitana;mata atlantica;459,7;As;23187
2609105;Machados;26;PE;n„o metropolitana;mata atlantica;291,14;As;11068
2609154;Manari;26;PE;n„o metropolitana;caatinga;576,35;BSh;24255
2609204;Maraial;26;PE;n„o metropolitana;mata atlantica;305,2;As;8935
2609303;Mirandiba;26;PE;n„o metropolitana;caatinga;503,59;BSh;13359
2609402;Moreno;26;PE;metropolitana;mata atlantica;158,72;As;54637
2609501;Nazar√© Da Mata;26;PE;n„o metropolitana;mata atlantica;90,71;As;30589
2609600;Olinda;26;PE;metropolitana;mata atlantica;20,36;Am;349920
2609709;Orob√≥;26;PE;n„o metropolitana;mata atlantica;421,27;As;21173
2609808;Oroc√≥;26;PE;n„o metropolitana;caatinga;374,18;BSh;13670
2609907;Ouricuri;26;PE;n„o metropolitana;caatinga;483,96;BSh;65200
2610004;Palmares;26;PE;n„o metropolitana;mata atlantica;195,65;As;53987
2610103;Palmeirina;26;PE;n„o metropolitana;mata atlantica;590,83;As;7032
2610202;Panelas;26;PE;n„o metropolitana;caatinga;646,74;As;22412
2610301;Paranatama;26;PE;n„o metropolitana;caatinga;780,67;As;12181
2610400;Parnamirim;26;PE;n„o metropolitana;caatinga;418,58;BSh;18563
2610509;Passira;26;PE;n„o metropolitana;caatinga;207,16;As;28235
2610608;Paudalho;26;PE;n„o metropolitana;mata atlantica;116,25;As;55072
2610707;Paulista;26;PE;metropolitana;mata atlantica;38,85;Am;348253
2610806;Pedra;26;PE;n„o metropolitana;caatinga;536,62;BSh;22884
2610905;Pesqueira;26;PE;n„o metropolitana;caatinga;790,95;As;60853
2611002;Petrol√¢ndia;26;PE;n„o metropolitana;caatinga;365,83;BSh;34302
2611101;Petrolina;26;PE;n„o metropolitana;caatinga;420,6;BSh;388145
2611200;Po√ß√£o;26;PE;n„o metropolitana;caatinga;903,53;As;10499
2611309;Pombos;26;PE;n„o metropolitana;mata atlantica;340,64;As;29499
2611408;Primavera;26;PE;n„o metropolitana;mata atlantica;367,43;As;13536
2611507;Quipap√°;26;PE;n„o metropolitana;mata atlantica;555,49;As;17873
2611533;Quixaba;26;PE;n„o metropolitana;caatinga;628,46;As;6508
2611606;Recife;26;PE;metropolitana;mata atlantica;32,92;Am;1494586
2611705;Riacho Das Almas;26;PE;n„o metropolitana;caatinga;442,83;As;20307
2611804;Ribeir√£o;26;PE;n„o metropolitana;mata atlantica;151,08;Am;33484
2611903;Rio Formoso;26;PE;n„o metropolitana;mata atlantica;86,04;Am;19905
2612000;Sair√©;26;PE;n„o metropolitana;mata atlantica;628,12;As;10910
2612109;Salgadinho;26;PE;n„o metropolitana;caatinga;253,68;As;5733
2612208;Salgueiro;26;PE;n„o metropolitana;caatinga;481,48;BSh;62206
2612307;Salo√°;26;PE;n„o metropolitana;caatinga;694,29;As;13530
2612406;Sanhar√≥;26;PE;n„o metropolitana;caatinga;725,58;As;18606
2612455;Santa Cruz;26;PE;n„o metropolitana;caatinga;490,52;BSh;14178
2612471;Santa Cruz Da Baixa Verde;26;PE;n„o metropolitana;caatinga;801,21;As;11598
2612505;Santa Cruz Do Capibaribe;26;PE;n„o metropolitana;caatinga;511,22;BSh;97386
2612554;Santa Filomena;26;PE;n„o metropolitana;caatinga;573,37;BSh;11613
2612604;Santa Maria Da Boa Vista;26;PE;n„o metropolitana;caatinga;398,62;BSh;40464
2612703;Santa Maria Do Cambuc√°;26;PE;n„o metropolitana;caatinga;477,56;As;13715
2612802;Santa Terezinha;26;PE;n„o metropolitana;caatinga;728,97;BSh;10164
2612901;S√£o Benedito Do Sul;26;PE;n„o metropolitana;mata atlantica;459,54;As;15605
2613008;S√£o Bento Do Una;26;PE;n„o metropolitana;caatinga;661,99;As;48621
2613107;S√£o Caitano;26;PE;n„o metropolitana;caatinga;638,68;BSh;36982
2613206;S√£o Jo√£o;26;PE;n„o metropolitana;caatinga;736,05;As;23411
2613305;S√£o Joaquim Do Monte;26;PE;n„o metropolitana;caatinga;485,25;As;20098
2613404;S√£o Jos√© Da Coroa Grande;26;PE;n„o metropolitana;mata atlantica;47,13;Am;18802
2613503;S√£o Jos√© Do Belmonte;26;PE;n„o metropolitana;caatinga;543,26;BSh;34836
2613602;S√£o Jos√© Do Egito;26;PE;n„o metropolitana;caatinga;616,36;BSh;31154
2613701;S√£o Louren√ßo Da Mata;26;PE;metropolitana;mata atlantica;105,22;As;110765
2613800;S√£o Vicente F√©rrer;26;PE;n„o metropolitana;mata atlantica;443,87;As;16331
2613909;Serra Talhada;26;PE;n„o metropolitana;caatinga;488,96;BSh;91624
2614006;Serrita;26;PE;n„o metropolitana;caatinga;482,36;BSh;18204
2614105;Sert√¢nia;26;PE;n„o metropolitana;caatinga;575,29;BSh;31593
2614204;Sirinha√©m;26;PE;n„o metropolitana;mata atlantica;60,47;Am;37503
2614303;Moreil√¢ndia;26;PE;n„o metropolitana;caatinga;601,74;As;10503
2614402;Solid√£o;26;PE;n„o metropolitana;caatinga;672,89;As;5246
2614501;Surubim;26;PE;n„o metropolitana;caatinga;366,64;As;63979
2614600;Tabira;26;PE;n„o metropolitana;caatinga;613,84;BSh;27505
2614709;Tacaimb√≥;26;PE;n„o metropolitana;caatinga;620,57;As;13608
2614808;Tacaratu;26;PE;n„o metropolitana;caatinga;464,53;BSh;23166
2614857;Tamandar√©;26;PE;n„o metropolitana;mata atlantica;65,96;Am;23494
2615003;Taquaritinga Do Norte;26;PE;n„o metropolitana;caatinga;527,74;BSh;24335
2615102;Terezinha;26;PE;n„o metropolitana;mata atlantica;665,01;As;6646
2615201;Terra Nova;26;PE;n„o metropolitana;caatinga;402,13;BSh;8832
2615300;Timba√∫ba;26;PE;n„o metropolitana;mata atlantica;215,77;As;46004
2615409;Toritama;26;PE;n„o metropolitana;caatinga;383,86;BSh;40375
2615508;Tracunha√©m;26;PE;n„o metropolitana;mata atlantica;112,23;As;13874
2615607;Trindade;26;PE;n„o metropolitana;caatinga;521,52;BSh;30231
2615706;Triunfo;26;PE;n„o metropolitana;caatinga;728,57;As;14647
2615805;Tupanatinga;26;PE;n„o metropolitana;caatinga;627,69;BSh;28352
2615904;Tuparetama;26;PE;n„o metropolitana;caatinga;613,02;BSh;8018
2616001;Venturosa;26;PE;n„o metropolitana;caatinga;638,03;As;17676
2616100;Verdejante;26;PE;n„o metropolitana;caatinga;508,35;BSh;9170
2616183;Vertente Do L√©rio;26;PE;n„o metropolitana;caatinga;466,45;As;7549
2616209;Vertentes;26;PE;n„o metropolitana;caatinga;450,21;As;21393
2616308;Vic√™ncia;26;PE;n„o metropolitana;mata atlantica;176,45;As;26254
2616407;Vit√≥ria De Santo Ant√£o;26;PE;n„o metropolitana;mata atlantica;252,78;As;135182
2616506;Xex√©u;26;PE;n„o metropolitana;mata atlantica;166,71;As;11288
2700102;√Ågua Branca;27;AL;n„o metropolitana;caatinga;368,41;As;19011
2700201;Anadia;27;AL;n„o metropolitana;mata atlantica;189,35;As;13960
2700300;Arapiraca;27;AL;n„o metropolitana;caatinga;244,27;As;235085
2700409;Atalaia;27;AL;metropolitana;mata atlantica;142,86;As;37356
2700508;Barra De Santo Ant√¥nio;27;AL;metropolitana;mata atlantica;43,37;Am;16405
2700607;Barra De S√£o Miguel;27;AL;metropolitana;mata atlantica;46,87;As;7952
2700706;Batalha;27;AL;n„o metropolitana;caatinga;163,55;BSh;16016
2700805;Bel√©m;27;AL;n„o metropolitana;caatinga;317,13;As;4589
2700904;Belo Monte;27;AL;n„o metropolitana;caatinga;127,84;BSh;5935
2701001;Boca Da Mata;27;AL;n„o metropolitana;mata atlantica;142,24;As;21175
2701100;Branquinha;27;AL;n„o metropolitana;mata atlantica;230,36;As;9474
2701209;Cacimbinhas;27;AL;n„o metropolitana;caatinga;245,95;As;10387
2701308;Cajueiro;27;AL;n„o metropolitana;mata atlantica;167,7;As;16035
2701357;Campestre;27;AL;n„o metropolitana;mata atlantica;138,39;Am;6656
2701407;Campo Alegre;27;AL;n„o metropolitana;mata atlantica;146,09;As;32020
2701506;Campo Grande;27;AL;n„o metropolitana;caatinga;150,82;As;8138
2701605;Canapi;27;AL;n„o metropolitana;caatinga;356,95;As;15434
2701704;Capela;27;AL;n„o metropolitana;mata atlantica;188,28;As;15023
2701803;Carneiros;27;AL;n„o metropolitana;caatinga;332,18;As;8992
2701902;Ch√£ Preta;27;AL;n„o metropolitana;mata atlantica;449,14;As;5908
2702009;Coit√© Do N√≥ia;27;AL;n„o metropolitana;caatinga;254,33;As;10791
2702108;Col√¥nia Leopoldina;27;AL;n„o metropolitana;mata atlantica;314,7;As;15673
2702207;Coqueiro Seco;27;AL;metropolitana;mata atlantica;55,42;Am;5579
2702306;Coruripe;27;AL;n„o metropolitana;mata atlantica;62,46;As;49951
2702355;Cra√≠bas;27;AL;n„o metropolitana;caatinga;234,88;BSh;25330
2702405;Delmiro Gouveia;27;AL;n„o metropolitana;caatinga;250,26;BSh;51215
2702504;Dois Riachos;27;AL;n„o metropolitana;caatinga;264,57;As;9754
2702553;Estrela De Alagoas;27;AL;n„o metropolitana;caatinga;299,33;As;15322
2702603;Feira Grande;27;AL;n„o metropolitana;caatinga;196,03;As;22701
2702702;Feliz Deserto;27;AL;n„o metropolitana;mata atlantica;18,86;As;3947
2702801;Flexeiras;27;AL;n„o metropolitana;mata atlantica;169,97;As;9520
2702900;Girau Do Ponciano;27;AL;n„o metropolitana;caatinga;226,6;As;35899
2703007;Ibateguara;27;AL;n„o metropolitana;mata atlantica;488,28;As;13699
2703106;Igaci;27;AL;n„o metropolitana;caatinga;250,31;As;23996
2703205;Igreja Nova;27;AL;n„o metropolitana;mata atlantica;63,2;As;21227
2703304;Inhapi;27;AL;n„o metropolitana;caatinga;309,94;As;15158
2703403;Jacar√© Dos Homens;27;AL;n„o metropolitana;caatinga;154,13;BSh;5071
2703502;Jacu√≠pe;27;AL;n„o metropolitana;mata atlantica;112,11;Am;5340
2703601;Japaratinga;27;AL;n„o metropolitana;mata atlantica;37,24;Am;9307
2703700;Jaramataia;27;AL;n„o metropolitana;caatinga;176,75;BSh;4992
2703759;Jequi√° Da Praia;27;AL;n„o metropolitana;mata atlantica;65,26;As;9480
2703809;Joaquim Gomes;27;AL;n„o metropolitana;mata atlantica;211,61;As;17080
2703908;Jundi√°;27;AL;n„o metropolitana;mata atlantica;116,23;Am;4088
2704005;Junqueiro;27;AL;n„o metropolitana;mata atlantica;170,04;As;23902
2704104;Lagoa Da Canoa;27;AL;n„o metropolitana;caatinga;265,85;As;18480
2704203;Limoeiro De Anadia;27;AL;n„o metropolitana;mata atlantica;201,49;As;24698
2704302;Macei√≥;27;AL;metropolitana;mata atlantica;58,91;Am;960667
2704401;Major Isidoro;27;AL;n„o metropolitana;caatinga;203,08;As;18081
2704500;Maragogi;27;AL;n„o metropolitana;mata atlantica;63,48;Am;32540
2704609;Maravilha;27;AL;n„o metropolitana;caatinga;343,01;As;9515
2704708;Marechal Deodoro;27;AL;metropolitana;mata atlantica;48,37;Am;61177
2704807;Maribondo;27;AL;n„o metropolitana;mata atlantica;255,82;As;13677
2704906;Mar Vermelho;27;AL;n„o metropolitana;mata atlantica;435,62;As;3155
2705002;Mata Grande;27;AL;n„o metropolitana;caatinga;451,58;As;21627
2705101;Matriz De Camaragibe;27;AL;n„o metropolitana;mata atlantica;89,91;Aw;23871
2705200;Messias;27;AL;metropolitana;mata atlantica;129,35;As;15418
2705309;Minador Do Negr√£o;27;AL;n„o metropolitana;caatinga;291,95;As;4838
2705408;Monteir√≥polis;27;AL;n„o metropolitana;caatinga;228,51;BSh;7201
2705507;Murici;27;AL;n„o metropolitana;mata atlantica;186,32;As;25221
2705606;Novo Lino;27;AL;n„o metropolitana;mata atlantica;158,25;Aw;10011
2705705;Olho D'√°gua Das Flores;27;AL;n„o metropolitana;caatinga;260,07;As;20702
2705804;Olho D'√°gua Do Casado;27;AL;n„o metropolitana;caatinga;266,26;As;8345
2705903;Olho D'√°gua Grande;27;AL;n„o metropolitana;caatinga;115,58;As;4333
2706000;Oliven√ßa;27;AL;n„o metropolitana;caatinga;230,03;As;10744
2706109;Ouro Branco;27;AL;n„o metropolitana;caatinga;367,52;As;11382
2706208;Palestina;27;AL;n„o metropolitana;caatinga;154,59;BSh;4328
2706307;Palmeira Dos √çndios;27;AL;n„o metropolitana;caatinga;360,56;As;68534
2706406;P√£o De A√ß√∫car;27;AL;n„o metropolitana;caatinga;139,09;BSh;23721
2706422;Pariconha;27;AL;n„o metropolitana;caatinga;362,33;As;10573
2706448;Paripueira;27;AL;metropolitana;mata atlantica;42,98;Am;13991
2706505;Passo De Camaragibe;27;AL;n„o metropolitana;mata atlantica;33,19;Am;13870
2706604;Paulo Jacinto;27;AL;n„o metropolitana;mata atlantica;414,2;As;6570
2706703;Penedo;27;AL;n„o metropolitana;mata atlantica;52,09;As;58654
2706802;Pia√ßabu√ßu;27;AL;n„o metropolitana;mata atlantica;7,18;As;15834
2706901;Pilar;27;AL;metropolitana;mata atlantica;91,36;As;35433
2707008;Pindoba;27;AL;n„o metropolitana;mata atlantica;348,93;As;2734
2707107;Piranhas;27;AL;n„o metropolitana;caatinga;213,52;BSh;22589
2707206;Po√ßo Das Trincheiras;27;AL;n„o metropolitana;caatinga;385,24;As;12480
2707305;Porto Calvo;27;AL;n„o metropolitana;mata atlantica;52,5;Am;23708
2707404;Porto De Pedras;27;AL;n„o metropolitana;mata atlantica;49,93;Am;9373
2707503;Porto Real Do Col√©gio;27;AL;n„o metropolitana;caatinga;72,34;As;20048
2707602;Quebrangulo;27;AL;n„o metropolitana;mata atlantica;469,23;As;11069
2707701;Rio Largo;27;AL;metropolitana;mata atlantica;104,91;As;93729
2707800;Roteiro;27;AL;n„o metropolitana;mata atlantica;62,61;As;6482
2707909;Santa Luzia Do Norte;27;AL;metropolitana;mata atlantica;54,13;Am;6946
2708006;Santana Do Ipanema;27;AL;n„o metropolitana;caatinga;336,77;As;46258
2708105;Santana Do Munda√∫;27;AL;n„o metropolitana;mata atlantica;356,2;As;11307
2708204;S√£o Br√°s;27;AL;n„o metropolitana;caatinga;49,67;As;6463
2708303;S√£o Jos√© Da Laje;27;AL;n„o metropolitana;mata atlantica;382,58;As;20742
2708402;S√£o Jos√© Da Tapera;27;AL;n„o metropolitana;caatinga;236,34;BSh;30359
2708501;S√£o Lu√≠s Do Quitunde;27;AL;n„o metropolitana;mata atlantica;89,95;Am;30922
2708600;S√£o Miguel Dos Campos;27;AL;n„o metropolitana;mata atlantica;100,2;As;51978
2708709;S√£o Miguel Dos Milagres;27;AL;n„o metropolitana;mata atlantica;44,78;Am;8711
2708808;S√£o Sebasti√£o;27;AL;n„o metropolitana;mata atlantica;154,49;As;31788
2708907;Satuba;27;AL;metropolitana;mata atlantica;56,5;Am;24087
2708956;Senador Rui Palmeira;27;AL;n„o metropolitana;caatinga;304,76;As;12300
2709004;Tanque D'arca;27;AL;n„o metropolitana;mata atlantica;274,66;As;5746
2709103;Taquarana;27;AL;n„o metropolitana;caatinga;252,71;As;19004
2709152;Teot√¥nio Vilela;27;AL;n„o metropolitana;mata atlantica;124,1;As;37999
2709202;Traipu;27;AL;n„o metropolitana;caatinga;149,32;As;23486
2709301;Uni√£o Dos Palmares;27;AL;n„o metropolitana;mata atlantica;280,02;As;59093
2709400;Vi√ßosa;27;AL;n„o metropolitana;mata atlantica;341,79;As;24089
2800100;Amparo De S√£o Francisco;28;SE;n„o metropolitana;caatinga;67,37;As;2174
2800209;Aquidab√£;28;SE;n„o metropolitana;caatinga;169,5;As;20126
2800308;Aracaju;28;SE;metropolitana;mata atlantica;7,91;Am;605309
2800407;Arau√°;28;SE;n„o metropolitana;mata atlantica;97,71;As;10338
2800506;Areia Branca;28;SE;n„o metropolitana;mata atlantica;184,75;As;18101
2800605;Barra Dos Coqueiros;28;SE;metropolitana;mata atlantica;6,11;Am;41644
2800670;Boquim;28;SE;n„o metropolitana;mata atlantica;121,38;As;24669
2800704;Brejo Grande;28;SE;n„o metropolitana;mata atlantica;6,31;As;7838
2801009;Campo Do Brito;28;SE;n„o metropolitana;caatinga;165,6;As;18151
2801108;Canhoba;28;SE;n„o metropolitana;caatinga;85,51;As;3792
2801207;Canind√© De S√£o Francisco;28;SE;n„o metropolitana;caatinga;250,24;BSh;26871
2801306;Capela;28;SE;n„o metropolitana;mata atlantica;120,64;As;31674
2801405;Carira;28;SE;n„o metropolitana;caatinga;278,33;As;19935
2801504;Carm√≥polis;28;SE;n„o metropolitana;mata atlantica;27,89;As;13904
2801603;Cedro De S√£o Jo√£o;28;SE;n„o metropolitana;caatinga;46,74;As;5384
2801702;Cristin√°polis;28;SE;n„o metropolitana;mata atlantica;111,2;Am;17002
2801900;Cumbe;28;SE;n„o metropolitana;mata atlantica;195,12;As;3829
2802007;Divina Pastora;28;SE;n„o metropolitana;mata atlantica;54,39;As;4359
2802106;Est√¢ncia;28;SE;n„o metropolitana;mata atlantica;39,47;Am;64771
2802205;Feira Nova;28;SE;n„o metropolitana;caatinga;196,94;As;5978
2802304;Frei Paulo;28;SE;n„o metropolitana;caatinga;226,19;As;14561
2802403;Gararu;28;SE;n„o metropolitana;caatinga;137,92;As;11089
2802502;General Maynard;28;SE;n„o metropolitana;mata atlantica;30,61;As;3035
2802601;Gracho Cardoso;28;SE;n„o metropolitana;caatinga;214,81;As;5835
2802700;Ilha Das Flores;28;SE;n„o metropolitana;mata atlantica;6,05;As;8289
2802809;Indiaroba;28;SE;n„o metropolitana;mata atlantica;49,71;Am;16082
2802908;Itabaiana;28;SE;n„o metropolitana;caatinga;194,62;As;103620
2803005;Itabaianinha;28;SE;n„o metropolitana;caatinga;163,83;As;40313
2803104;Itabi;28;SE;n„o metropolitana;caatinga;168,76;As;4746
2803203;Itaporanga D'ajuda;28;SE;n„o metropolitana;mata atlantica;58,1;Am;34414
2803302;Japaratuba;28;SE;n„o metropolitana;mata atlantica;65,44;As;15848
2803401;Japoat√£;28;SE;n„o metropolitana;mata atlantica;112,43;As;13416
2803500;Lagarto;28;SE;n„o metropolitana;caatinga;180,94;As;101642
2803609;Laranjeiras;28;SE;n„o metropolitana;mata atlantica;41,11;As;24003
2803708;Macambira;28;SE;n„o metropolitana;caatinga;186,5;As;6839
2803807;Malhada Dos Bois;28;SE;n„o metropolitana;caatinga;109,63;As;3580
2803906;Malhador;28;SE;n„o metropolitana;mata atlantica;148,64;As;11532
2804003;Maruim;28;SE;n„o metropolitana;mata atlantica;30,48;As;15783
2804102;Moita Bonita;28;SE;n„o metropolitana;caatinga;211,89;As;11061
2804201;Monte Alegre De Sergipe;28;SE;n„o metropolitana;caatinga;241,16;As;14346
2804300;Muribeca;28;SE;n„o metropolitana;mata atlantica;124,74;As;7821
2804409;Ne√≥polis;28;SE;n„o metropolitana;mata atlantica;60,2;As;16450
2804458;Nossa Senhora Aparecida;28;SE;n„o metropolitana;caatinga;231,98;As;9243
2804508;Nossa Senhora Da Gl√≥ria;28;SE;n„o metropolitana;caatinga;240,77;As;41267
2804607;Nossa Senhora Das Dores;28;SE;n„o metropolitana;mata atlantica;169,64;As;25000
2804706;Nossa Senhora De Lourdes;28;SE;n„o metropolitana;caatinga;123,52;As;6263
2804805;Nossa Senhora Do Socorro;28;SE;metropolitana;mata atlantica;27,61;Am;192375
2804904;Pacatuba;28;SE;n„o metropolitana;mata atlantica;34,85;As;12493
2805000;Pedra Mole;28;SE;n„o metropolitana;caatinga;187,48;As;2787
2805109;Pedrinhas;28;SE;n„o metropolitana;mata atlantica;134,85;As;7393
2805208;Pinh√£o;28;SE;n„o metropolitana;caatinga;215,46;As;5674
2805307;Pirambu;28;SE;n„o metropolitana;mata atlantica;37,64;As;7908
2805406;Po√ßo Redondo;28;SE;n„o metropolitana;caatinga;234,04;BSh;33462
2805505;Po√ßo Verde;28;SE;n„o metropolitana;caatinga;295,67;As;21776
2805604;Porto Da Folha;28;SE;n„o metropolitana;caatinga;169,8;BSh;26630
2805703;Propri√°;28;SE;n„o metropolitana;mata atlantica;22,83;As;26648
2805802;Riach√£o Do Dantas;28;SE;n„o metropolitana;caatinga;256,35;As;18321
2805901;Riachuelo;28;SE;n„o metropolitana;mata atlantica;52,03;As;8744
2806008;Ribeir√≥polis;28;SE;n„o metropolitana;caatinga;235,5;As;17032
2806107;Ros√°rio Do Catete;28;SE;n„o metropolitana;mata atlantica;38,61;As;9315
2806206;Salgado;28;SE;n„o metropolitana;mata atlantica;109,67;As;20294
2806305;Santa Luzia Do Itanhy;28;SE;n„o metropolitana;mata atlantica;60,51;Am;13480
2806404;Santana Do S√£o Francisco;28;SE;n„o metropolitana;mata atlantica;61,74;As;7347
2806503;Santa Rosa De Lima;28;SE;n„o metropolitana;mata atlantica;110,68;As;3940
2806602;Santo Amaro Das Brotas;28;SE;n„o metropolitana;mata atlantica;21,02;As;11128
2806701;S√£o Crist√≥v√£o;28;SE;metropolitana;mata atlantica;43,2;Am;95700
2806800;S√£o Domingos;28;SE;n„o metropolitana;mata atlantica;178,52;As;10332
2806909;S√£o Francisco;28;SE;n„o metropolitana;mata atlantica;88,75;As;3246
2807006;S√£o Miguel Do Aleixo;28;SE;n„o metropolitana;mata atlantica;183,57;As;3433
2807105;Sim√£o Dias;28;SE;n„o metropolitana;caatinga;291,29;As;42712
2807204;Siriri;28;SE;n„o metropolitana;mata atlantica;115,24;As;7841
2807303;Telha;28;SE;n„o metropolitana;mata atlantica;40,33;As;3279
2807402;Tobias Barreto;28;SE;n„o metropolitana;caatinga;245,03;As;50583
2807501;Tomar Do Geru;28;SE;n„o metropolitana;caatinga;155,3;As;12029
2807600;Umba√∫ba;28;SE;n„o metropolitana;mata atlantica;116,33;Am;24039
2900108;Aba√≠ra;29;BA;n„o metropolitana;caatinga;960,54;Aw;7290
2900207;Abar√©;29;BA;n„o metropolitana;caatinga;367,37;BSh;18766
2900306;Acajutiba;29;BA;n„o metropolitana;mata atlantica;144,59;Am;13715
2900355;Adustina;29;BA;n„o metropolitana;caatinga;305,92;As;14166
2900405;√Ågua Fria;29;BA;n„o metropolitana;mata atlantica;318,52;As;17398
2900504;√ârico Cardoso;29;BA;n„o metropolitana;caatinga;1075,64;Cwb;10581
2900603;Aiquara;29;BA;n„o metropolitana;mata atlantica;210,19;Af;4566
2900702;Alagoinhas;29;BA;n„o metropolitana;mata atlantica;186,94;Af;157864
2900801;Alcoba√ßa;29;BA;n„o metropolitana;mata atlantica;47,46;Af;23633
2900900;Almadina;29;BA;n„o metropolitana;mata atlantica;470,57;Aw;5195
2901007;Amargosa;29;BA;n„o metropolitana;mata atlantica;456,89;Aw;36260
2901106;Am√©lia Rodrigues;29;BA;n„o metropolitana;mata atlantica;137,69;Af;23639
2901155;Am√©rica Dourada;29;BA;n„o metropolitana;caatinga;769,84;BSh;15104
2901205;Anag√©;29;BA;n„o metropolitana;caatinga;639,67;BSh;25452
2901304;Andara√≠;29;BA;n„o metropolitana;caatinga;602,55;Aw;13406
2901353;Andorinha;29;BA;n„o metropolitana;caatinga;461,71;As;15011
2901403;Angical;29;BA;n„o metropolitana;caatinga;548,63;Aw;14973
2901502;Anguera;29;BA;n„o metropolitana;mata atlantica;213,21;As;11019
2901601;Antas;29;BA;n„o metropolitana;caatinga;363,99;As;14453
2901700;Ant√¥nio Cardoso;29;BA;n„o metropolitana;mata atlantica;170,41;As;11268
2901809;Ant√¥nio Gon√ßalves;29;BA;n„o metropolitana;caatinga;672,05;As;11921
2901908;Apor√°;29;BA;n„o metropolitana;mata atlantica;192,74;As;16909
2901957;Apuarema;29;BA;n„o metropolitana;mata atlantica;353,74;Af;6900
2902005;Aracatu;29;BA;n„o metropolitana;caatinga;555,58;BSh;13819
2902054;Ara√ß√°s;29;BA;n„o metropolitana;mata atlantica;114,67;Af;12605
2902104;Araci;29;BA;n„o metropolitana;caatinga;286,97;BSh;51377
2902203;Aramari;29;BA;n„o metropolitana;mata atlantica;244,05;Am;9781
2902252;Arataca;29;BA;n„o metropolitana;mata atlantica;355,35;Af;8219
2902302;Aratu√≠pe;29;BA;n„o metropolitana;mata atlantica;109,86;Af;10006
2902401;Aurelino Leal;29;BA;n„o metropolitana;mata atlantica;164,33;Af;11782
2902500;Baian√≥polis;29;BA;n„o metropolitana;cerrado;773,56;Aw;13618
2902609;Baixa Grande;29;BA;n„o metropolitana;caatinga;354,53;As;17880
2902658;Banza√™;29;BA;n„o metropolitana;caatinga;333,95;As;11869
2902708;Barra;29;BA;n„o metropolitana;caatinga;479,48;Aw;50543
2902807;Barra Da Estiva;29;BA;n„o metropolitana;caatinga;726,6;BSh;26031
2902906;Barra Do Cho√ßa;29;BA;n„o metropolitana;mata atlantica;849,08;Cfa;40025
2903003;Barra Do Mendes;29;BA;n„o metropolitana;caatinga;990,73;BSh;13852
2903102;Barra Do Rocha;29;BA;n„o metropolitana;mata atlantica;233,83;Af;6682
2903201;Barreiras;29;BA;n„o metropolitana;cerrado;724,75;Aw;165413
2903235;Barro Alto;29;BA;n„o metropolitana;caatinga;784,73;BSh;13761
2903276;Barrocas;29;BA;n„o metropolitana;caatinga;357,45;As;15396
2903300;Barro Preto;29;BA;n„o metropolitana;mata atlantica;176,67;Af;5820
2903409;Belmonte;29;BA;n„o metropolitana;mata atlantica;73,67;Af;20565
2903508;Belo Campo;29;BA;n„o metropolitana;mata atlantica;704,97;Cwa;18399
2903607;Biritinga;29;BA;n„o metropolitana;caatinga;323,77;As;15151
2903706;Boa Nova;29;BA;n„o metropolitana;mata atlantica;690,44;BSh;14160
2903805;Boa Vista Do Tupim;29;BA;n„o metropolitana;caatinga;411,79;BSh;19320
2903904;Bom Jesus Da Lapa;29;BA;n„o metropolitana;caatinga;466,06;As;74040
2903953;Bom Jesus Da Serra;29;BA;n„o metropolitana;caatinga;725,18;BSh;9572
2904001;Boninal;29;BA;n„o metropolitana;caatinga;1135;Cwb;13653
2904050;Bonito;29;BA;n„o metropolitana;caatinga;961,52;As;15837
2904100;Boquira;29;BA;n„o metropolitana;caatinga;668,35;As;20588
2904209;Botupor√£;29;BA;n„o metropolitana;caatinga;745,57;As;11040
2904308;Brej√µes;29;BA;n„o metropolitana;mata atlantica;698,99;As;12914
2904407;Brejol√¢ndia;29;BA;n„o metropolitana;caatinga;558,63;Aw;9114
2904506;Brotas De Maca√∫bas;29;BA;n„o metropolitana;caatinga;959,25;As;12467
2904605;Brumado;29;BA;n„o metropolitana;caatinga;538,81;BSh;70268
2904704;Buerarema;29;BA;n„o metropolitana;mata atlantica;202,58;Af;16880
2904753;Buritirama;29;BA;n„o metropolitana;caatinga;579,69;Aw;19514
2904803;Caatiba;29;BA;n„o metropolitana;mata atlantica;503,99;Aw;6915
2904852;Cabaceiras Do Paragua√ßu;29;BA;n„o metropolitana;mata atlantica;177,86;Aw;19432
2904902;Cachoeira;29;BA;n„o metropolitana;mata atlantica;99,45;Af;31982
2905008;Cacul√©;29;BA;n„o metropolitana;caatinga;687,01;As;22412
2905107;Ca√©m;29;BA;n„o metropolitana;caatinga;460,73;Aw;10360
2905156;Caetanos;29;BA;n„o metropolitana;caatinga;482,21;BSh;13242
2905206;Caetit√©;29;BA;n„o metropolitana;cerrado;888,44;As;52099
2905305;Cafarnaum;29;BA;n„o metropolitana;caatinga;825,39;BSh;17975
2905404;Cairu;29;BA;n„o metropolitana;mata atlantica;15,3;Af;17591
2905503;Caldeir√£o Grande;29;BA;n„o metropolitana;caatinga;445,5;Aw;13063
2905602;Camacan;29;BA;n„o metropolitana;mata atlantica;284,23;Af;22460
2905701;Cama√ßari;29;BA;metropolitana;mata atlantica;33,81;Af;334195
2905800;Camamu;29;BA;n„o metropolitana;mata atlantica;127,03;Af;30480
2905909;Campo Alegre De Lourdes;29;BA;n„o metropolitana;caatinga;499,96;BSh;30659
2906006;Campo Formoso;29;BA;n„o metropolitana;caatinga;690,39;BSh;68571
2906105;Can√°polis;29;BA;n„o metropolitana;caatinga;690,36;Aw;10225
2906204;Canarana;29;BA;n„o metropolitana;caatinga;775,99;BSh;23491
2906303;Canavieiras;29;BA;n„o metropolitana;mata atlantica;52,27;Af;33080
2906402;Candeal;29;BA;n„o metropolitana;caatinga;239,87;As;7785
2906501;Candeias;29;BA;metropolitana;mata atlantica;46,05;Af;77026
2906600;Candiba;29;BA;n„o metropolitana;caatinga;660,96;As;13007
2906709;C√¢ndido Sales;29;BA;n„o metropolitana;mata atlantica;812,1;Cwa;25278
2906808;Cansan√ß√£o;29;BA;n„o metropolitana;caatinga;352,16;BSh;39475
2906824;Canudos;29;BA;n„o metropolitana;caatinga;500,03;BSh;15906
2906857;Capela Do Alto Alegre;29;BA;n„o metropolitana;caatinga;331,61;BSh;10754
2906873;Capim Grosso;29;BA;n„o metropolitana;caatinga;395,73;BSh;33344
2906899;Cara√≠bas;29;BA;n„o metropolitana;caatinga;524,25;BSh;9938
2906907;Caravelas;29;BA;n„o metropolitana;mata atlantica;86,48;Af;21612
2907004;Cardeal Da Silva;29;BA;n„o metropolitana;mata atlantica;111,04;Af;8376
2907103;Carinhanha;29;BA;n„o metropolitana;caatinga;477,31;As;28869
2907202;Casa Nova;29;BA;n„o metropolitana;caatinga;461,19;BSh;71572
2907301;Castro Alves;29;BA;n„o metropolitana;mata atlantica;230,94;As;24700
2907400;Catol√¢ndia;29;BA;n„o metropolitana;cerrado;709,02;Aw;3480
2907509;Catu;29;BA;n„o metropolitana;mata atlantica;131,07;Af;48137
2907558;Caturama;29;BA;n„o metropolitana;caatinga;644,43;As;8847
2907608;Central;29;BA;n„o metropolitana;caatinga;621,7;BSh;16223
2907707;Chorroch√≥;29;BA;n„o metropolitana;caatinga;409,18;BSh;10587
2907806;C√≠cero Dantas;29;BA;n„o metropolitana;caatinga;401,26;As;30836
2907905;Cip√≥;29;BA;n„o metropolitana;caatinga;178,37;As;17246
2908002;Coaraci;29;BA;n„o metropolitana;mata atlantica;354,3;Aw;17949
2908101;Cocos;29;BA;n„o metropolitana;cerrado;740,35;Aw;19156
2908200;Concei√ß√£o Da Feira;29;BA;n„o metropolitana;mata atlantica;183,88;Aw;22936
2908309;Concei√ß√£o Do Almeida;29;BA;n„o metropolitana;mata atlantica;192,5;Af;15401
2908408;Concei√ß√£o Do Coit√©;29;BA;n„o metropolitana;caatinga;326,08;BSh;70202
2908507;Concei√ß√£o Do Jacu√≠pe;29;BA;n„o metropolitana;mata atlantica;187,13;Af;34994
2908606;Conde;29;BA;n„o metropolitana;mata atlantica;54,06;Af;24433
2908705;Conde√∫ba;29;BA;n„o metropolitana;caatinga;786,02;As;17059
2908804;Contendas Do Sincor√°;29;BA;n„o metropolitana;caatinga;463,61;BSh;4750
2908903;Cora√ß√£o De Maria;29;BA;n„o metropolitana;mata atlantica;216,12;Aw;28340
2909000;Cordeiros;29;BA;n„o metropolitana;caatinga;842,06;As;7555
2909109;Coribe;29;BA;n„o metropolitana;cerrado;687,87;Aw;14158
2909208;Coronel Jo√£o S√°;29;BA;n„o metropolitana;caatinga;249,34;BSh;17000
2909307;Correntina;29;BA;n„o metropolitana;cerrado;773,25;Aw;32709
2909406;Cotegipe;29;BA;n„o metropolitana;cerrado;454,32;Aw;13059
2909505;Cravol√¢ndia;29;BA;n„o metropolitana;mata atlantica;649,96;Aw;4445
2909604;Cris√≥polis;29;BA;n„o metropolitana;caatinga;174,3;As;19720
2909703;Crist√≥polis;29;BA;n„o metropolitana;cerrado;769,91;Aw;14002
2909802;Cruz Das Almas;29;BA;n„o metropolitana;mata atlantica;209,54;Af;60633
2909901;Cura√ß√°;29;BA;n„o metropolitana;caatinga;437,75;BSh;33603
2910008;D√°rio Meira;29;BA;n„o metropolitana;mata atlantica;371,67;Aw;10025
2910057;Dias D'√°vila;29;BA;metropolitana;mata atlantica;49,72;Af;69211
2910107;Dom Bas√≠lio;29;BA;n„o metropolitana;caatinga;557,02;BSh;11905
2910206;Dom Macedo Costa;29;BA;n„o metropolitana;mata atlantica;155,01;Af;4418
2910305;El√≠sio Medrado;29;BA;n„o metropolitana;mata atlantica;361,7;Aw;7782
2910404;Encruzilhada;29;BA;n„o metropolitana;mata atlantica;792,19;Cwa;19111
2910503;Entre Rios;29;BA;n„o metropolitana;mata atlantica;111,58;Af;38880
2910602;Esplanada;29;BA;n„o metropolitana;mata atlantica;96,88;Af;34033
2910701;Euclides Da Cunha;29;BA;n„o metropolitana;caatinga;472,36;As;65187
2910727;Eun√°polis;29;BA;n„o metropolitana;mata atlantica;199,19;Aw;112477
2910750;F√°tima;29;BA;n„o metropolitana;caatinga;305,02;As;17899
2910776;Feira Da Mata;29;BA;n„o metropolitana;caatinga;574,32;Aw;5618
2910800;Feira De Santana;29;BA;metropolitana;mata atlantica;204,08;As;652592
2910859;Filad√©lfia;29;BA;n„o metropolitana;caatinga;422,33;As;17892
2910909;Firmino Alves;29;BA;n„o metropolitana;mata atlantica;369,93;Aw;5925
2911006;Floresta Azul;29;BA;n„o metropolitana;mata atlantica;284,38;Aw;11068
2911105;Formosa Do Rio Preto;29;BA;n„o metropolitana;cerrado;721,24;Aw;25185
2911204;Gandu;29;BA;n„o metropolitana;mata atlantica;275,8;Af;29776
2911253;Gavi√£o;29;BA;n„o metropolitana;caatinga;318,91;BSh;4357
2911303;Gentio Do Ouro;29;BA;n„o metropolitana;caatinga;865,66;Aw;11896
2911402;Gl√≥ria;29;BA;n„o metropolitana;caatinga;375,9;BSh;16698
2911501;Gongogi;29;BA;n„o metropolitana;mata atlantica;163,11;Af;5549
2911600;Governador Mangabeira;29;BA;n„o metropolitana;mata atlantica;196,25;Aw;20604
2911659;Guajeru;29;BA;n„o metropolitana;caatinga;665,57;BSh;8054
2911709;Guanambi;29;BA;n„o metropolitana;caatinga;597,63;As;87580
2911808;Guaratinga;29;BA;n„o metropolitana;mata atlantica;345,6;Aw;20338
2911857;Heli√≥polis;29;BA;n„o metropolitana;caatinga;277,84;As;12301
2911907;Ia√ßu;29;BA;n„o metropolitana;caatinga;376,11;BSh;25178
2912004;Ibiassuc√™;29;BA;n„o metropolitana;caatinga;658,09;As;10426
2912103;Ibicara√≠;29;BA;n„o metropolitana;mata atlantica;232;Af;21688
2912202;Ibicoara;29;BA;n„o metropolitana;caatinga;1041,5;Cfb;20874
2912301;Ibicu√≠;29;BA;n„o metropolitana;mata atlantica;315,63;Aw;13791
2912400;Ibipeba;29;BA;n„o metropolitana;caatinga;717,78;BSh;18540
2912509;Ibipitanga;29;BA;n„o metropolitana;caatinga;582,82;BSh;13905
2912608;Ibiquera;29;BA;n„o metropolitana;caatinga;563,78;BSh;3722
2912707;Ibirapitanga;29;BA;n„o metropolitana;mata atlantica;246,42;Af;27341
2912806;Ibirapu√£;29;BA;n„o metropolitana;mata atlantica;146,04;Am;8331
2912905;Ibirataia;29;BA;n„o metropolitana;mata atlantica;296,32;Af;19613
2913002;Ibitiara;29;BA;n„o metropolitana;caatinga;853,99;BSh;14622
2913101;Ibitit√°;29;BA;n„o metropolitana;caatinga;756,22;BSh;17954
2913200;Ibotirama;29;BA;n„o metropolitana;caatinga;502,54;Aw;26611
2913309;Ichu;29;BA;n„o metropolitana;caatinga;280,17;As;6192
2913408;Igapor√£;29;BA;n„o metropolitana;cerrado;792,71;As;17022
2913457;Igrapi√∫na;29;BA;n„o metropolitana;mata atlantica;121,14;Af;13077
2913507;Igua√≠;29;BA;n„o metropolitana;mata atlantica;528,5;Aw;25114
2913606;Ilh√©us;29;BA;n„o metropolitana;mata atlantica;110,16;Af;197163
2913705;Inhambupe;29;BA;n„o metropolitana;mata atlantica;232,97;As;33771
2913804;Ipecaet√°;29;BA;n„o metropolitana;caatinga;211,97;As;16230
2913903;Ipia√∫;29;BA;n„o metropolitana;mata atlantica;224,98;Af;43078
2914000;Ipir√°;29;BA;n„o metropolitana;caatinga;268,11;As;58094
2914109;Ipupiara;29;BA;n„o metropolitana;caatinga;917,2;As;9925
2914208;Irajuba;29;BA;n„o metropolitana;mata atlantica;656,16;As;6100
2914307;Iramaia;29;BA;n„o metropolitana;caatinga;503,18;BSh;10755
2914406;Iraquara;29;BA;n„o metropolitana;caatinga;802,2;Aw;25590
2914505;Irar√°;29;BA;n„o metropolitana;mata atlantica;260,8;Aw;27984
2914604;Irec√™;29;BA;n„o metropolitana;caatinga;757,29;BSh;76491
2914653;Itabela;29;BA;n„o metropolitana;mata atlantica;148,26;Af;27691
2914703;Itaberaba;29;BA;n„o metropolitana;caatinga;305,05;BSh;67605
2914802;Itabuna;29;BA;metropolitana;mata atlantica;128,85;Af;185500
2914901;Itacar√©;29;BA;n„o metropolitana;mata atlantica;114,28;Af;28214
2915007;Itaet√©;29;BA;n„o metropolitana;caatinga;450,22;Aw;14031
2915106;Itagi;29;BA;n„o metropolitana;mata atlantica;507,14;Aw;13925
2915205;Itagib√°;29;BA;n„o metropolitana;mata atlantica;229,23;Af;15556
2915304;Itagimirim;29;BA;n„o metropolitana;mata atlantica;253,55;Aw;7037
2915353;Itagua√ßu Da Bahia;29;BA;n„o metropolitana;caatinga;469;BSh;13116
2915403;Itaju Do Col√¥nia;29;BA;n„o metropolitana;mata atlantica;254,1;Aw;6033
2915502;Itaju√≠pe;29;BA;n„o metropolitana;mata atlantica;243,69;Af;19913
2915601;Itamaraju;29;BA;n„o metropolitana;mata atlantica;179,66;Am;60831
2915700;Itamari;29;BA;n„o metropolitana;mata atlantica;307,29;Af;7050
2915809;Itamb√©;29;BA;n„o metropolitana;mata atlantica;458,33;As;26420
2915908;Itanagra;29;BA;n„o metropolitana;mata atlantica;79,55;Af;5814
2916005;Itanh√©m;29;BA;n„o metropolitana;mata atlantica;352,83;Aw;19025
2916104;Itaparica;29;BA;metropolitana;mata atlantica;6,28;Af;19738
2916203;Itap√©;29;BA;n„o metropolitana;mata atlantica;163,32;Am;10327
2916302;Itapebi;29;BA;n„o metropolitana;mata atlantica;221,64;Aw;9779
2916401;Itapetinga;29;BA;n„o metropolitana;mata atlantica;280,6;Aw;68704
2916500;Itapicuru;29;BA;n„o metropolitana;caatinga;222,98;As;32793
2916609;Itapitanga;29;BA;n„o metropolitana;mata atlantica;261,51;Af;10320
2916708;Itaquara;29;BA;n„o metropolitana;mata atlantica;682,94;Aw;8175
2916807;Itarantim;29;BA;n„o metropolitana;mata atlantica;273,05;Aw;17035
2916856;Itatim;29;BA;n„o metropolitana;caatinga;308,89;BSh;15749
2916906;Itiru√ßu;29;BA;n„o metropolitana;mata atlantica;727,28;As;11016
2917003;Iti√∫ba;29;BA;n„o metropolitana;caatinga;377,34;As;33671
2917102;Itoror√≥;29;BA;n„o metropolitana;mata atlantica;336,28;Aw;17729
2917201;Itua√ßu;29;BA;n„o metropolitana;caatinga;726,51;BSh;18992
2917300;Ituber√°;29;BA;n„o metropolitana;mata atlantica;115,13;Af;21974
2917334;Iuiu;29;BA;n„o metropolitana;caatinga;530,42;As;11101
2917359;Jaborandi;29;BA;n„o metropolitana;cerrado;796,09;Aw;9269
2917409;Jacaraci;29;BA;n„o metropolitana;caatinga;817,37;As;14625
2917508;Jacobina;29;BA;n„o metropolitana;caatinga;604,63;BSh;88296
2917607;Jaguaquara;29;BA;n„o metropolitana;mata atlantica;640,24;Aw;46026
2917706;Jaguarari;29;BA;n„o metropolitana;caatinga;527,01;BSh;32495
2917805;Jaguaripe;29;BA;n„o metropolitana;mata atlantica;64,51;Af;20237
2917904;Janda√≠ra;29;BA;n„o metropolitana;mata atlantica;56,08;Am;9112
2918001;Jequi√©;29;BA;n„o metropolitana;caatinga;498,52;BSh;156408
2918100;Jeremoabo;29;BA;n„o metropolitana;caatinga;477,16;BSh;37519
2918209;Jiquiri√ß√°;29;BA;n„o metropolitana;mata atlantica;507,28;Af;13623
2918308;Jita√∫na;29;BA;n„o metropolitana;mata atlantica;368,29;Af;14614
2918357;Jo√£o Dourado;29;BA;n„o metropolitana;caatinga;782,14;BSh;26186
2918407;Juazeiro;29;BA;n„o metropolitana;caatinga;431,92;BSh;244406
2918456;Jucuru√ßu;29;BA;n„o metropolitana;mata atlantica;448,88;Am;9971
2918506;Jussara;29;BA;n„o metropolitana;caatinga;584,09;BSh;16922
2918555;Jussari;29;BA;n„o metropolitana;mata atlantica;277,26;Af;5902
2918605;Jussiape;29;BA;n„o metropolitana;caatinga;863,98;BSh;7381
2918704;Lafaiete Coutinho;29;BA;n„o metropolitana;mata atlantica;666,27;As;4044
2918753;Lagoa Real;29;BA;n„o metropolitana;caatinga;703,04;As;13990
2918803;Laje;29;BA;n„o metropolitana;mata atlantica;216,73;Af;23198
2918902;Lajed√£o;29;BA;n„o metropolitana;mata atlantica;241,99;Aw;4550
2919009;Lajedinho;29;BA;n„o metropolitana;caatinga;593,86;BSh;4102
2919058;Lajedo Do Tabocal;29;BA;n„o metropolitana;mata atlantica;759,17;As;7486
2919108;Lamar√£o;29;BA;n„o metropolitana;caatinga;267,45;As;9062
2919157;Lap√£o;29;BA;n„o metropolitana;caatinga;771,32;BSh;25713
2919207;Lauro De Freitas;29;BA;metropolitana;mata atlantica;34,14;Af;220437
2919306;Len√ß√≥is;29;BA;n„o metropolitana;caatinga;692,99;Aw;11022
2919405;Lic√≠nio De Almeida;29;BA;n„o metropolitana;caatinga;805,24;As;11848
2919504;Livramento De Nossa Senhora;29;BA;n„o metropolitana;caatinga;622,27;BSh;43898
2919553;Lu√≠s Eduardo Magalh√£es;29;BA;n„o metropolitana;cerrado;810,51;Aw;108271
2919603;Macajuba;29;BA;n„o metropolitana;caatinga;343,71;Aw;10463
2919702;Macarani;29;BA;n„o metropolitana;mata atlantica;401,77;As;21556
2919801;Maca√∫bas;29;BA;n„o metropolitana;caatinga;751,09;As;41631
2919900;Macurur√©;29;BA;n„o metropolitana;caatinga;437,32;BSh;7600
2919926;Madre De Deus;29;BA;metropolitana;mata atlantica;4,2;Af;18767
2919959;Maetinga;29;BA;n„o metropolitana;caatinga;679,51;BSh;6968
2920007;Maiquinique;29;BA;n„o metropolitana;mata atlantica;371,02;Aw;9452
2920106;Mairi;29;BA;n„o metropolitana;caatinga;431,87;As;16122
2920205;Malhada;29;BA;n„o metropolitana;caatinga;455,64;As;15426
2920304;Malhada De Pedras;29;BA;n„o metropolitana;caatinga;535,79;BSh;8673
2920403;Manoel Vitorino;29;BA;n„o metropolitana;caatinga;465,71;BSh;13327
2920452;Mansid√£o;29;BA;n„o metropolitana;cerrado;472,33;Aw;13902
2920502;Marac√°s;29;BA;n„o metropolitana;caatinga;600,03;BSh;27747
2920601;Maragogipe;29;BA;n„o metropolitana;mata atlantica;103,09;Af;38394
2920700;Mara√∫;29;BA;n„o metropolitana;mata atlantica;98,51;Af;24713
2920809;Marcion√≠lio Souza;29;BA;n„o metropolitana;caatinga;394,49;BSh;9256
2920908;Mascote;29;BA;n„o metropolitana;mata atlantica;188,66;Af;11991
2921005;Mata De S√£o Jo√£o;29;BA;metropolitana;mata atlantica;59,4;Af;48698
2921054;Matina;29;BA;n„o metropolitana;caatinga;564,49;As;10338
2921104;Medeiros Neto;29;BA;n„o metropolitana;mata atlantica;238,61;Aw;23096
2921203;Miguel Calmon;29;BA;n„o metropolitana;caatinga;657,71;BSh;27817
2921302;Milagres;29;BA;n„o metropolitana;caatinga;493,11;As;11076
2921401;Mirangaba;29;BA;n„o metropolitana;caatinga;685,5;BSh;15050
2921450;Mirante;29;BA;n„o metropolitana;caatinga;488,51;BSh;10072
2921500;Monte Santo;29;BA;n„o metropolitana;caatinga;452,01;BSh;47758
2921609;Morpar√°;29;BA;n„o metropolitana;caatinga;463,89;Aw;8303
2921708;Morro Do Chap√©u;29;BA;n„o metropolitana;caatinga;857,29;BSh;33389
2921807;Mortugaba;29;BA;n„o metropolitana;caatinga;877,45;As;11131
2921906;Mucug√™;29;BA;n„o metropolitana;caatinga;1114,74;Cfb;12988
2922003;Mucuri;29;BA;n„o metropolitana;mata atlantica;78;Af;38082
2922052;Mulungu Do Morro;29;BA;n„o metropolitana;caatinga;917,71;BSh;13166
2922102;Mundo Novo;29;BA;n„o metropolitana;caatinga;541,99;As;20564
2922201;Muniz Ferreira;29;BA;n„o metropolitana;mata atlantica;120,55;Af;7165
2922250;Muqu√©m Do S√£o Francisco;29;BA;n„o metropolitana;caatinga;517,21;Aw;11029
2922300;Muritiba;29;BA;n„o metropolitana;mata atlantica;200,68;Af;28558
2922409;Mutu√≠pe;29;BA;n„o metropolitana;mata atlantica;358,22;Af;20028
2922508;Nazar√©;29;BA;n„o metropolitana;mata atlantica;89,03;Af;28181
2922607;Nilo Pe√ßanha;29;BA;n„o metropolitana;mata atlantica;111,01;Af;12032
2922656;Nordestina;29;BA;n„o metropolitana;caatinga;301,48;BSh;18536
2922706;Nova Cana√£;29;BA;n„o metropolitana;mata atlantica;602,95;Aw;15959
2922730;Nova F√°tima;29;BA;n„o metropolitana;caatinga;288,41;BSh;7958
2922755;Nova Ibi√°;29;BA;n„o metropolitana;mata atlantica;322,56;Af;8325
2922805;Nova Itarana;29;BA;n„o metropolitana;caatinga;648,08;BSh;7820
2922854;Nova Reden√ß√£o;29;BA;n„o metropolitana;caatinga;417,62;Aw;7525
2922904;Nova Soure;29;BA;n„o metropolitana;caatinga;258,6;As;24206
2923001;Nova Vi√ßosa;29;BA;n„o metropolitana;mata atlantica;61,83;Af;41089
2923035;Novo Horizonte;29;BA;n„o metropolitana;caatinga;985,84;As;11163
2923050;Novo Triunfo;29;BA;n„o metropolitana;caatinga;476,95;As;10666
2923100;Olindina;29;BA;n„o metropolitana;caatinga;197,93;As;22615
2923209;Oliveira Dos Brejinhos;29;BA;n„o metropolitana;caatinga;583,63;As;22850
2923308;Ouri√ßangas;29;BA;n„o metropolitana;mata atlantica;270,67;Am;7728
2923357;Ourol√¢ndia;29;BA;n„o metropolitana;caatinga;630,92;BSh;19322
2923407;Palmas De Monte Alto;29;BA;n„o metropolitana;caatinga;496,98;As;20091
2923506;Palmeiras;29;BA;n„o metropolitana;caatinga;953,8;Aw;10383
2923605;Paramirim;29;BA;n„o metropolitana;caatinga;756,83;As;20378
2923704;Paratinga;29;BA;n„o metropolitana;caatinga;557,1;As;28947
2923803;Paripiranga;29;BA;n„o metropolitana;caatinga;327,72;As;26609
2923902;Pau Brasil;29;BA;n„o metropolitana;mata atlantica;284,57;Aw;10669
2924009;Paulo Afonso;29;BA;n„o metropolitana;caatinga;357,08;BSh;118412
2924058;P√© De Serra;29;BA;n„o metropolitana;caatinga;272,88;BSh;13242
2924108;Pedr√£o;29;BA;n„o metropolitana;mata atlantica;219,01;Am;6229
2924207;Pedro Alexandre;29;BA;n„o metropolitana;caatinga;321,08;BSh;14056
2924306;Piat√£;29;BA;n„o metropolitana;caatinga;1243,92;Cwb;20098
2924405;Pil√£o Arcado;29;BA;n„o metropolitana;caatinga;467,06;BSh;35326
2924504;Pinda√≠;29;BA;n„o metropolitana;caatinga;767,49;As;14740
2924603;Pindoba√ßu;29;BA;n„o metropolitana;caatinga;568,59;As;19133
2924652;Pintadas;29;BA;n„o metropolitana;caatinga;305;BSh;9805
2924678;Pira√≠ Do Norte;29;BA;n„o metropolitana;mata atlantica;282,3;Af;10200
2924702;Pirip√°;29;BA;n„o metropolitana;caatinga;788,17;BSh;9158
2924801;Piritiba;29;BA;n„o metropolitana;caatinga;613;As;17549
2924900;Planaltino;29;BA;n„o metropolitana;caatinga;738,39;As;8012
2925006;Planalto;29;BA;n„o metropolitana;mata atlantica;823,4;BSh;23290
2925105;Po√ß√µes;29;BA;n„o metropolitana;caatinga;816,72;BSh;48197
2925204;Pojuca;29;BA;metropolitana;mata atlantica;90,05;Af;33079
2925253;Ponto Novo;29;BA;n„o metropolitana;caatinga;394,52;As;17941
2925303;Porto Seguro;29;BA;n„o metropolitana;mata atlantica;74,28;Af;158736
2925402;Potiragu√°;29;BA;n„o metropolitana;mata atlantica;226,34;Aw;11524
2925501;Prado;29;BA;n„o metropolitana;mata atlantica;57,89;Af;31715
2925600;Presidente Dutra;29;BA;n„o metropolitana;caatinga;674,56;BSh;15133
2925709;Presidente J√¢nio Quadros;29;BA;n„o metropolitana;caatinga;691,21;BSh;12627
2925758;Presidente Tancredo Neves;29;BA;n„o metropolitana;mata atlantica;255,96;Af;27662
2925808;Queimadas;29;BA;n„o metropolitana;caatinga;334,29;BSh;26027
2925907;Quijingue;29;BA;n„o metropolitana;caatinga;323,24;BSh;27317
2925931;Quixabeira;29;BA;n„o metropolitana;caatinga;415,95;BSh;9429
2925956;Rafael Jambeiro;29;BA;n„o metropolitana;caatinga;199,41;As;20242
2926004;Remanso;29;BA;n„o metropolitana;caatinga;443,35;BSh;40531
2926103;Retirol√¢ndia;29;BA;n„o metropolitana;caatinga;322,44;BSh;13654
2926202;Riach√£o Das Neves;29;BA;n„o metropolitana;cerrado;643,07;Aw;22289
2926301;Riach√£o Do Jacu√≠pe;29;BA;n„o metropolitana;caatinga;240,1;BSh;33422
2926400;Riacho De Santana;29;BA;n„o metropolitana;caatinga;565,39;As;39127
2926509;Ribeira Do Amparo;29;BA;n„o metropolitana;caatinga;216,52;As;13831
2926608;Ribeira Do Pombal;29;BA;n„o metropolitana;caatinga;277,55;As;53997
2926657;Ribeir√£o Do Largo;29;BA;n„o metropolitana;mata atlantica;630,89;As;10382
2926707;Rio De Contas;29;BA;n„o metropolitana;caatinga;955,98;BSh;13634
2926806;Rio Do Ant√¥nio;29;BA;n„o metropolitana;caatinga;620,36;BSh;13098
2926905;Rio Do Pires;29;BA;n„o metropolitana;caatinga;922,32;As;9585
2927002;Rio Real;29;BA;n„o metropolitana;mata atlantica;135,23;As;35378
2927101;Rodelas;29;BA;n„o metropolitana;caatinga;451,01;BSh;10303
2927200;Ruy Barbosa;29;BA;n„o metropolitana;caatinga;519,63;As;30172
2927309;Salinas Da Margarida;29;BA;n„o metropolitana;mata atlantica;14,04;Af;14989
2927408;Salvador;29;BA;metropolitana;mata atlantica;17,68;Af;2610987
2927507;Santa B√°rbara;29;BA;n„o metropolitana;caatinga;244,92;As;22446
2927606;Santa Br√≠gida;29;BA;n„o metropolitana;caatinga;338,41;BSh;14979
2927705;Santa Cruz Cabr√°lia;29;BA;n„o metropolitana;mata atlantica;84,16;Af;30385
2927804;Santa Cruz Da Vit√≥ria;29;BA;n„o metropolitana;mata atlantica;329,46;Aw;4672
2927903;Santa In√™s;29;BA;n„o metropolitana;mata atlantica;583,79;As;10293
2928000;Santaluz;29;BA;n„o metropolitana;caatinga;339,33;BSh;37079
2928059;Santa Luzia;29;BA;n„o metropolitana;mata atlantica;126,06;Af;11776
2928109;Santa Maria Da Vit√≥ria;29;BA;n„o metropolitana;caatinga;623,78;Aw;38686
2928208;Santana;29;BA;n„o metropolitana;caatinga;541,07;Aw;24778
2928307;Santan√≥polis;29;BA;n„o metropolitana;caatinga;238,27;As;9831
2928406;Santa Rita De C√°ssia;29;BA;n„o metropolitana;cerrado;527,29;Aw;28084
2928505;Santa Terezinha;29;BA;n„o metropolitana;caatinga;298,32;As;9790
2928604;Santo Amaro;29;BA;n„o metropolitana;mata atlantica;95,85;Af;55935
2928703;Santo Ant√¥nio De Jesus;29;BA;n„o metropolitana;mata atlantica;186,52;Af;103055
2928802;Santo Est√™v√£o;29;BA;n„o metropolitana;caatinga;173;As;55696
2928901;S√£o Desid√©rio;29;BA;n„o metropolitana;cerrado;777,1;Aw;36793
2928950;S√£o Domingos;29;BA;n„o metropolitana;caatinga;288,02;BSh;8417
2929008;S√£o F√©lix;29;BA;n„o metropolitana;mata atlantica;161,07;Af;10946
2929057;S√£o F√©lix Do Coribe;29;BA;n„o metropolitana;caatinga;596,17;Aw;15704
2929107;S√£o Felipe;29;BA;n„o metropolitana;mata atlantica;175,16;Af;20286
2929206;S√£o Francisco Do Conde;29;BA;metropolitana;mata atlantica;26,1;Af;37892
2929255;S√£o Gabriel;29;BA;n„o metropolitana;caatinga;694,54;BSh;18417
2929305;S√£o Gon√ßalo Dos Campos;29;BA;n„o metropolitana;mata atlantica;199,34;As;39570
2929354;S√£o Jos√© Da Vit√≥ria;29;BA;n„o metropolitana;mata atlantica;272,23;Af;5321
2929370;S√£o Jos√© Do Jacu√≠pe;29;BA;n„o metropolitana;caatinga;365,43;As;10195
2929404;S√£o Miguel Das Matas;29;BA;n„o metropolitana;mata atlantica;272,06;Aw;10334
2929503;S√£o Sebasti√£o Do Pass√©;29;BA;metropolitana;mata atlantica;81,33;Af;40376
2929602;Sapea√ßu;29;BA;n„o metropolitana;mata atlantica;214,75;Af;17993
2929701;S√°tiro Dias;29;BA;n„o metropolitana;caatinga;289,05;As;16021
2929750;Saubara;29;BA;n„o metropolitana;mata atlantica;31,87;Af;11433
2929800;Sa√∫de;29;BA;n„o metropolitana;caatinga;544,77;Aw;10482
2929909;Seabra;29;BA;n„o metropolitana;caatinga;1033,06;BSh;49587
2930006;Sebasti√£o Laranjeiras;29;BA;n„o metropolitana;caatinga;579,48;As;9373
2930105;Senhor Do Bonfim;29;BA;n„o metropolitana;caatinga;498,12;As;77514
2930154;Serra Do Ramalho;29;BA;n„o metropolitana;caatinga;512,25;Aw;34270
2930204;Sento S√©;29;BA;n„o metropolitana;caatinga;565,53;BSh;37389
2930303;Serra Dourada;29;BA;n„o metropolitana;caatinga;523,59;Aw;16691
2930402;Serra Preta;29;BA;n„o metropolitana;mata atlantica;255,8;As;18090
2930501;Serrinha;29;BA;n„o metropolitana;caatinga;320,96;As;85696
2930600;Serrol√¢ndia;29;BA;n„o metropolitana;caatinga;437,42;BSh;13320
2930709;Sim√µes Filho;29;BA;metropolitana;mata atlantica;53,71;Af;127093
2930758;S√≠tio Do Mato;29;BA;n„o metropolitana;caatinga;442,16;As;13408
2930766;S√≠tio Do Quinto;29;BA;n„o metropolitana;caatinga;279,56;As;14778
2930774;Sobradinho;29;BA;n„o metropolitana;caatinga;497,94;BSh;24799
2930808;Souto Soares;29;BA;n„o metropolitana;caatinga;885,91;BSh;16904
2930907;Tabocas Do Brejo Velho;29;BA;n„o metropolitana;cerrado;783,1;Aw;11990
2931004;Tanha√ßu;29;BA;n„o metropolitana;caatinga;413,53;BSh;21407
2931053;Tanque Novo;29;BA;n„o metropolitana;caatinga;858,8;As;18459
2931103;Tanquinho;29;BA;n„o metropolitana;mata atlantica;234,17;As;7729
2931202;Tapero√°;29;BA;n„o metropolitana;mata atlantica;156,68;Af;18016
2931301;Tapiramut√°;29;BA;n„o metropolitana;caatinga;702,31;As;15884
2931350;Teixeira De Freitas;29;BA;n„o metropolitana;mata atlantica;134,67;Am;147454
2931400;Teodoro Sampaio;29;BA;n„o metropolitana;mata atlantica;154,26;Af;7220
2931509;Teofil√¢ndia;29;BA;n„o metropolitana;caatinga;315,65;As;21811
2931608;Teol√¢ndia;29;BA;n„o metropolitana;mata atlantica;280,81;Af;15892
2931707;Terra Nova;29;BA;n„o metropolitana;mata atlantica;110,33;Af;10802
2931806;Tremedal;29;BA;n„o metropolitana;caatinga;692,59;BSh;17497
2931905;Tucano;29;BA;n„o metropolitana;caatinga;291,66;As;48062
2932002;Uau√°;29;BA;n„o metropolitana;caatinga;483,58;BSh;24654
2932101;Uba√≠ra;29;BA;n„o metropolitana;mata atlantica;576,2;Aw;18605
2932200;Ubaitaba;29;BA;n„o metropolitana;mata atlantica;126,02;Af;17626
2932309;Ubat√£;29;BA;n„o metropolitana;mata atlantica;268,55;Af;18161
2932408;Uiba√≠;29;BA;n„o metropolitana;caatinga;748,45;BSh;14844
2932457;Umburanas;29;BA;n„o metropolitana;caatinga;790,49;BSh;13511
2932507;Una;29;BA;n„o metropolitana;mata atlantica;121,54;Af;17998
2932606;Urandi;29;BA;n„o metropolitana;caatinga;726,3;As;15365
2932705;Uru√ßuca;29;BA;n„o metropolitana;mata atlantica;154,62;Af;21365
2932804;Utinga;29;BA;n„o metropolitana;caatinga;691,07;BSh;16285
2932903;Valen√ßa;29;BA;n„o metropolitana;mata atlantica;142,85;Af;96226
2933000;Valente;29;BA;n„o metropolitana;caatinga;357,18;BSh;23683
2933059;V√°rzea Da Ro√ßa;29;BA;n„o metropolitana;caatinga;410,7;As;13043
2933109;V√°rzea Do Po√ßo;29;BA;n„o metropolitana;caatinga;463,93;As;8115
2933158;V√°rzea Nova;29;BA;n„o metropolitana;caatinga;717,07;BSh;13369
2933174;Varzedo;29;BA;n„o metropolitana;mata atlantica;259,59;Aw;9913
2933208;Vera Cruz;29;BA;metropolitana;mata atlantica;13,51;Af;40915
2933257;Vereda;29;BA;n„o metropolitana;mata atlantica;255,71;Am;7072
2933307;Vit√≥ria Da Conquista;29;BA;metropolitana;mata atlantica;812,61;Cfa;387524
2933406;Wagner;29;BA;n„o metropolitana;caatinga;559,61;Aw;8861
2933455;Wanderley;29;BA;n„o metropolitana;caatinga;494,46;Aw;13071
2933505;Wenceslau Guimar√£es;29;BA;n„o metropolitana;mata atlantica;332,04;Af;26279
2933604;Xique-Xique;29;BA;n„o metropolitana;caatinga;452,01;BSh;46328
3100104;Abadia Dos Dourados;31;MG;n„o metropolitana;cerrado;775,81;Aw;6235
3100203;Abaet√©;31;MG;n„o metropolitana;cerrado;643,71;Aw;22492
3100302;Abre Campo;31;MG;n„o metropolitana;mata atlantica;683,01;Cwa;13882
3100401;Acaiaca;31;MG;n„o metropolitana;mata atlantica;620,31;Cwa;3920
3100500;A√ßucena;31;MG;n„o metropolitana;mata atlantica;495,95;Aw;9229
3100609;√Ågua Boa;31;MG;n„o metropolitana;mata atlantica;520,71;Aw;12390
3100708;√Ågua Comprida;31;MG;n„o metropolitana;mata atlantica;562,82;Aw;2085
3100807;Aguanil;31;MG;n„o metropolitana;mata atlantica;838,6;Cwb;4362
3100906;√Åguas Formosas;31;MG;n„o metropolitana;mata atlantica;429,6;Aw;18430
3101003;√Åguas Vermelhas;31;MG;n„o metropolitana;mata atlantica;826,73;Cwa;14026
3101102;Aimor√©s;31;MG;n„o metropolitana;mata atlantica;299,53;Aw;24934
3101201;Aiuruoca;31;MG;n„o metropolitana;mata atlantica;1264,65;Cwb;6225
3101300;Alagoa;31;MG;n„o metropolitana;mata atlantica;1505,91;Cwb;2646
3101409;Albertina;31;MG;n„o metropolitana;mata atlantica;1115,97;Cwb;2941
3101508;Al√©m Para√≠ba;31;MG;n„o metropolitana;mata atlantica;346,45;Cwa;30608
3101607;Alfenas;31;MG;n„o metropolitana;mata atlantica;817,42;Cwb;79175
3101631;Alfredo Vasconcelos;31;MG;n„o metropolitana;mata atlantica;1139,14;Cwb;6938
3101706;Almenara;31;MG;n„o metropolitana;mata atlantica;488,58;As;39915
3101805;Alpercata;31;MG;n„o metropolitana;mata atlantica;223,21;Aw;6403
3101904;Alpin√≥polis;31;MG;n„o metropolitana;cerrado;890,27;Cwb;17883
3102001;Alterosa;31;MG;n„o metropolitana;mata atlantica;836,7;Cwb;13697
3102050;Alto Capara√≥;31;MG;n„o metropolitana;mata atlantica;1367,41;Cwb;5796
3102100;Alto Rio Doce;31;MG;n„o metropolitana;mata atlantica;784,39;Cwb;10894
3102209;Alvarenga;31;MG;n„o metropolitana;mata atlantica;585,48;Cwa;3858
3102308;Alvin√≥polis;31;MG;n„o metropolitana;mata atlantica;738;Cwa;15178
3102407;Alvorada De Minas;31;MG;n„o metropolitana;mata atlantica;729,43;Cwa;4065
3102506;Amparo Do Serra;31;MG;n„o metropolitana;mata atlantica;657,14;Cwa;4472
3102605;Andradas;31;MG;n„o metropolitana;mata atlantica;1093,43;Cwb;40522
3102704;Cachoeira De Paje√∫;31;MG;n„o metropolitana;mata atlantica;814;Cwa;9020
3102803;Andrel√¢ndia;31;MG;n„o metropolitana;mata atlantica;1081,59;Cwb;11730
3102852;Angel√¢ndia;31;MG;n„o metropolitana;mata atlantica;959,16;Cwb;7730
3102902;Ant√¥nio Carlos;31;MG;n„o metropolitana;mata atlantica;1090,19;Cwb;11095
3103009;Ant√¥nio Dias;31;MG;n„o metropolitana;mata atlantica;760,59;Cwb;9248
3103108;Ant√¥nio Prado De Minas;31;MG;n„o metropolitana;mata atlantica;402,6;Cwa;1537
3103207;Ara√ßa√≠;31;MG;n„o metropolitana;cerrado;728,18;Cwa;2174
3103306;Aracitaba;31;MG;n„o metropolitana;mata atlantica;735,19;Cwa;1804
3103405;Ara√ßua√≠;31;MG;n„o metropolitana;mata atlantica;533,54;As;34807
3103504;Araguari;31;MG;n„o metropolitana;cerrado;762,8;Aw;121424
3103603;Arantina;31;MG;n„o metropolitana;mata atlantica;1143,49;Cwb;2916
3103702;Araponga;31;MG;n„o metropolitana;mata atlantica;1075,21;Cwb;8048
3103751;Arapor√£;31;MG;n„o metropolitana;mata atlantica;520,53;Aw;8543
3103801;Arapu√°;31;MG;n„o metropolitana;cerrado;957,2;Cwb;2621
3103900;Ara√∫jos;31;MG;n„o metropolitana;cerrado;800,24;Cwa;9192
3104007;Arax√°;31;MG;n„o metropolitana;cerrado;1033,74;Cwb;116561
3104106;Arceburgo;31;MG;n„o metropolitana;mata atlantica;696,87;Cwa;9278
3104205;Arcos;31;MG;n„o metropolitana;cerrado;757,36;Cwa;41635
3104304;Areado;31;MG;n„o metropolitana;mata atlantica;829,62;Cwb;13752
3104403;Argirita;31;MG;n„o metropolitana;mata atlantica;485,84;Cwa;2717
3104452;Aricanduva;31;MG;n„o metropolitana;mata atlantica;870,77;Cwb;4721
3104502;Arinos;31;MG;n„o metropolitana;cerrado;631,81;Aw;18526
3104601;Astolfo Dutra;31;MG;n„o metropolitana;mata atlantica;475,32;Cwa;14239
3104700;Atal√©ia;31;MG;n„o metropolitana;mata atlantica;362,46;Aw;13744
3104809;Augusto De Lima;31;MG;n„o metropolitana;cerrado;748,79;Aw;4507
3104908;Baependi;31;MG;n„o metropolitana;mata atlantica;1210,44;Cwb;18261
3105004;Baldim;31;MG;metropolitana;cerrado;775,56;Cwa;7336
3105103;Bambu√≠;31;MG;n„o metropolitana;cerrado;739,19;Cwa;23545
3105202;Bandeira;31;MG;n„o metropolitana;mata atlantica;443,66;As;4606
3105301;Bandeira Do Sul;31;MG;n„o metropolitana;mata atlantica;1009,55;Cwb;5968
3105400;Bar√£o De Cocais;31;MG;metropolitana;mata atlantica;885,46;Cwb;30643
3105509;Bar√£o De Monte Alto;31;MG;n„o metropolitana;mata atlantica;330,11;Aw;4965
3105608;Barbacena;31;MG;n„o metropolitana;mata atlantica;1099,9;Cwb;122894
3105707;Barra Longa;31;MG;n„o metropolitana;mata atlantica;567,31;Cwa;5678
3105905;Barroso;31;MG;n„o metropolitana;mata atlantica;995,07;Cwb;19802
3106002;Bela Vista De Minas;31;MG;n„o metropolitana;mata atlantica;755,65;Cwa;9505
3106101;Belmiro Braga;31;MG;n„o metropolitana;mata atlantica;577,91;Cwa;2905
3106200;Belo Horizonte;31;MG;metropolitana;mata atlantica;909,06;Cwb;2392678
3106309;Belo Oriente;31;MG;n„o metropolitana;mata atlantica;301,11;Aw;22149
3106408;Belo Vale;31;MG;metropolitana;mata atlantica;958,87;Cwb;8632
3106507;Berilo;31;MG;n„o metropolitana;cerrado;577,47;As;9615
3106606;Bert√≥polis;31;MG;n„o metropolitana;mata atlantica;365,44;Aw;4457
3106655;Berizal;31;MG;n„o metropolitana;mata atlantica;836,43;As;4191
3106705;Betim;31;MG;metropolitana;mata atlantica;819,76;Cwb;428956
3106804;Bias Fortes;31;MG;n„o metropolitana;mata atlantica;898,83;Cwb;3357
3106903;Bicas;31;MG;n„o metropolitana;mata atlantica;617,36;Cwa;13935
3107000;Biquinhas;31;MG;n„o metropolitana;cerrado;688,94;Aw;2356
3107109;Boa Esperan√ßa;31;MG;n„o metropolitana;cerrado;845,59;Cwb;41060
3107208;Bocaina De Minas;31;MG;n„o metropolitana;mata atlantica;1347,5;Cwb;5316
3107307;Bocai√∫va;31;MG;n„o metropolitana;cerrado;826,72;Aw;50185
3107406;Bom Despacho;31;MG;n„o metropolitana;cerrado;708,22;Cwa;53750
3107505;Bom Jardim De Minas;31;MG;n„o metropolitana;mata atlantica;1173,68;Cwb;6771
3107604;Bom Jesus Da Penha;31;MG;n„o metropolitana;mata atlantica;1026,65;Cwb;4479
3107703;Bom Jesus Do Amparo;31;MG;metropolitana;cerrado;766,92;Cwa;5592
3107802;Bom Jesus Do Galho;31;MG;n„o metropolitana;mata atlantica;461,57;Cwa;14668
3107901;Bom Repouso;31;MG;n„o metropolitana;mata atlantica;1375,16;Cwb;12645
3108008;Bom Sucesso;31;MG;n„o metropolitana;mata atlantica;938,92;Cwb;18045
3108107;Bonfim;31;MG;metropolitana;mata atlantica;924,68;Cwb;7377
3108206;Bonfin√≥polis De Minas;31;MG;n„o metropolitana;cerrado;816,59;Aw;5729
3108255;Bonito De Minas;31;MG;n„o metropolitana;cerrado;717,21;Aw;9917
3108305;Borda Da Mata;31;MG;n„o metropolitana;mata atlantica;961,34;Cfb;17581
3108404;Botelhos;31;MG;n„o metropolitana;mata atlantica;970,29;Cwb;14703
3108503;Botumirim;31;MG;n„o metropolitana;cerrado;820,5;Cwa;5760
3108552;Brasil√¢ndia De Minas;31;MG;n„o metropolitana;cerrado;601,26;Aw;14696
3108602;Bras√≠lia De Minas;31;MG;n„o metropolitana;cerrado;761,18;As;31246
3108701;Br√°s Pires;31;MG;n„o metropolitana;mata atlantica;739,05;Cwa;4258
3108800;Bra√∫nas;31;MG;n„o metropolitana;mata atlantica;611,07;Cwa;4443
3108909;Braz√≥polis;31;MG;n„o metropolitana;mata atlantica;1062,86;Cwb;13981
3109006;Brumadinho;31;MG;metropolitana;mata atlantica;900,81;Cwb;38640
3109105;Bueno Brand√£o;31;MG;n„o metropolitana;mata atlantica;1227,71;Cwb;10761
3109204;Buen√≥polis;31;MG;n„o metropolitana;cerrado;910,53;Cwb;9058
3109253;Bugre;31;MG;n„o metropolitana;mata atlantica;334,37;Aw;4041
3109303;Buritis;31;MG;metropolitana;cerrado;812,05;Aw;25223
3109402;Buritizeiro;31;MG;n„o metropolitana;cerrado;658,11;Aw;23687
3109451;Cabeceira Grande;31;MG;n„o metropolitana;cerrado;828,56;Aw;6485
3109501;Cabo Verde;31;MG;n„o metropolitana;mata atlantica;927,21;Cwb;11276
3109600;Cachoeira Da Prata;31;MG;n„o metropolitana;cerrado;746,38;Cwa;3707
3109709;Cachoeira De Minas;31;MG;n„o metropolitana;mata atlantica;916,06;Cwb;11759
3109808;Cachoeira Dourada;31;MG;n„o metropolitana;mata atlantica;485,62;Aw;2310
3109907;Caetan√≥polis;31;MG;n„o metropolitana;cerrado;774,18;Cwa;11425
3110004;Caet√©;31;MG;metropolitana;mata atlantica;1052,38;Cwb;39578
3110103;Caiana;31;MG;n„o metropolitana;mata atlantica;811,39;Cwb;5307
3110202;Cajuri;31;MG;n„o metropolitana;mata atlantica;761,99;Cwb;4080
3110301;Caldas;31;MG;n„o metropolitana;mata atlantica;1189,12;Cwb;15082
3110400;Camacho;31;MG;n„o metropolitana;mata atlantica;1016,7;Cwb;3028
3110509;Camanducaia;31;MG;n„o metropolitana;mata atlantica;1382,46;Cwb;27942
3110608;Cambu√≠;31;MG;n„o metropolitana;mata atlantica;1042,5;Cwb;29584
3110707;Cambuquira;31;MG;n„o metropolitana;mata atlantica;945,65;Cwb;12309
3110806;Campan√°rio;31;MG;n„o metropolitana;mata atlantica;354,06;Aw;2737
3110905;Campanha;31;MG;n„o metropolitana;mata atlantica;979,05;Cwb;15856
3111002;Campestre;31;MG;n„o metropolitana;mata atlantica;1092,1;Cwb;21585
3111101;Campina Verde;31;MG;n„o metropolitana;cerrado;521,89;Aw;17817
3111150;Campo Azul;31;MG;n„o metropolitana;cerrado;623,2;As;3615
3111200;Campo Belo;31;MG;n„o metropolitana;mata atlantica;858,8;Cwb;52318
3111309;Campo Do Meio;31;MG;n„o metropolitana;cerrado;818,82;Cwa;11268
3111408;Campo Florido;31;MG;n„o metropolitana;cerrado;645,8;Aw;8181
3111507;Campos Altos;31;MG;n„o metropolitana;cerrado;1069,38;Cwb;13359
3111606;Campos Gerais;31;MG;n„o metropolitana;cerrado;844,64;Cwb;25972
3111705;Cana√£;31;MG;n„o metropolitana;mata atlantica;724,97;Cwa;4715
3111804;Can√°polis;31;MG;n„o metropolitana;cerrado;613,91;Aw;9844
3111903;Cana Verde;31;MG;n„o metropolitana;mata atlantica;832,16;Cwb;5272
3112000;Candeias;31;MG;n„o metropolitana;mata atlantica;933,52;Cwb;14017
3112059;Cantagalo;31;MG;n„o metropolitana;mata atlantica;703,09;Cwa;3937
3112109;Capara√≥;31;MG;n„o metropolitana;mata atlantica;1006,88;Cwb;4978
3112208;Capela Nova;31;MG;n„o metropolitana;mata atlantica;790,41;Cwb;4369
3112307;Capelinha;31;MG;n„o metropolitana;cerrado;893,22;Cwb;39472
3112406;Capetinga;31;MG;n„o metropolitana;mata atlantica;902,07;Cwa;6473
3112505;Capim Branco;31;MG;metropolitana;cerrado;871,35;Cwb;10706
3112604;Capin√≥polis;31;MG;n„o metropolitana;mata atlantica;543,89;Aw;14392
3112653;Capit√£o Andrade;31;MG;n„o metropolitana;mata atlantica;280,53;Aw;4483
3112703;Capit√£o En√©as;31;MG;n„o metropolitana;caatinga;575,03;As;14633
3112802;Capit√≥lio;31;MG;n„o metropolitana;cerrado;926,11;Cwb;9794
3112901;Caputira;31;MG;n„o metropolitana;mata atlantica;710,48;Cwa;8976
3113008;Cara√≠;31;MG;n„o metropolitana;mata atlantica;737,18;Cwa;19251
3113107;Carana√≠ba;31;MG;n„o metropolitana;mata atlantica;872,18;Cwb;2937
3113206;Caranda√≠;31;MG;n„o metropolitana;mata atlantica;1081,34;Cwb;23826
3113305;Carangola;31;MG;n„o metropolitana;mata atlantica;747,49;Cwb;30778
3113404;Caratinga;31;MG;n„o metropolitana;mata atlantica;604,13;Cwa;88311
3113503;Carbonita;31;MG;n„o metropolitana;cerrado;796,42;Cwa;8480
3113602;Carea√ßu;31;MG;n„o metropolitana;mata atlantica;886,98;Cwb;6739
3113701;Carlos Chagas;31;MG;n„o metropolitana;mata atlantica;284,03;Aw;18531
3113800;Carm√©sia;31;MG;n„o metropolitana;mata atlantica;758,23;Cwa;2614
3113909;Carmo Da Cachoeira;31;MG;n„o metropolitana;mata atlantica;980,75;Cwb;11537
3114006;Carmo Da Mata;31;MG;n„o metropolitana;mata atlantica;904,33;Cwb;10940
3114105;Carmo De Minas;31;MG;n„o metropolitana;mata atlantica;1021,93;Cwb;13286
3114204;Carmo Do Cajuru;31;MG;n„o metropolitana;cerrado;831,61;Cwa;23374
3114303;Carmo Do Parana√≠ba;31;MG;n„o metropolitana;cerrado;912,14;Cwa;28883
3114402;Carmo Do Rio Claro;31;MG;n„o metropolitana;mata atlantica;854,38;Cwa;20725
3114501;Carm√≥polis De Minas;31;MG;n„o metropolitana;mata atlantica;918,44;Cwb;17596
3114550;Carneirinho;31;MG;n„o metropolitana;cerrado;390,97;Aw;9401
3114600;Carrancas;31;MG;n„o metropolitana;mata atlantica;1060,16;Cwb;4049
3114709;Carvalh√≥polis;31;MG;n„o metropolitana;mata atlantica;881,45;Cwb;3333
3114808;Carvalhos;31;MG;n„o metropolitana;mata atlantica;1279,89;Cwb;4374
3114907;Casa Grande;31;MG;n„o metropolitana;mata atlantica;1013,14;Cwb;2210
3115003;Cascalho Rico;31;MG;n„o metropolitana;cerrado;756,55;Aw;2705
3115102;C√°ssia;31;MG;n„o metropolitana;cerrado;783,88;Cwa;16923
3115201;Concei√ß√£o Da Barra De Minas;31;MG;n„o metropolitana;mata atlantica;942,34;Cwb;3588
3115300;Cataguases;31;MG;n„o metropolitana;mata atlantica;298,43;Aw;68214
3115359;Catas Altas;31;MG;n„o metropolitana;mata atlantica;1010,36;Cwb;5486
3115409;Catas Altas Da Noruega;31;MG;n„o metropolitana;mata atlantica;832,81;Cwb;2918
3115458;Catuji;31;MG;n„o metropolitana;mata atlantica;652,98;Cwa;7035
3115474;Catuti;31;MG;n„o metropolitana;caatinga;503,91;As;4730
3115508;Caxambu;31;MG;n„o metropolitana;mata atlantica;963,39;Cwb;21011
3115607;Cedro Do Abaet√©;31;MG;n„o metropolitana;cerrado;801,67;Cwa;1072
3115706;Central De Minas;31;MG;n„o metropolitana;mata atlantica;388,16;Aw;6149
3115805;Centralina;31;MG;n„o metropolitana;mata atlantica;603,54;Aw;10207
3115904;Ch√°cara;31;MG;n„o metropolitana;mata atlantica;791,71;Cwb;3092
3116001;Chal√©;31;MG;n„o metropolitana;mata atlantica;582,86;Cwa;6079
3116100;Chapada Do Norte;31;MG;n„o metropolitana;cerrado;648,75;As;9913
3116159;Chapada Ga√∫cha;31;MG;n„o metropolitana;cerrado;692,73;Aw;12237
3116209;Chiador;31;MG;n„o metropolitana;mata atlantica;373,62;Cwa;2800
3116308;Cipot√¢nea;31;MG;n„o metropolitana;mata atlantica;753,94;Cwa;5623
3116407;Claraval;31;MG;n„o metropolitana;mata atlantica;855,15;Cwa;4658
3116506;Claro Dos Po√ß√µes;31;MG;n„o metropolitana;cerrado;748,6;Aw;7011
3116605;Cl√°udio;31;MG;n„o metropolitana;cerrado;851,91;Cwb;31388
3116704;Coimbra;31;MG;n„o metropolitana;mata atlantica;774,57;Cwb;7078
3116803;Coluna;31;MG;n„o metropolitana;mata atlantica;745,13;Cwa;8072
3116902;Comendador Gomes;31;MG;n„o metropolitana;cerrado;606,98;Aw;2708
3117009;Comercinho;31;MG;n„o metropolitana;mata atlantica;657,74;As;6681
3117108;Concei√ß√£o Da Aparecida;31;MG;n„o metropolitana;mata atlantica;961,4;Cwb;10408
3117207;Concei√ß√£o Das Pedras;31;MG;n„o metropolitana;mata atlantica;1273,61;Cwb;2752
3117306;Concei√ß√£o Das Alagoas;31;MG;n„o metropolitana;mata atlantica;548,35;Aw;26423
3117405;Concei√ß√£o De Ipanema;31;MG;n„o metropolitana;mata atlantica;472,25;Cwa;4366
3117504;Concei√ß√£o Do Mato Dentro;31;MG;n„o metropolitana;mata atlantica;886,06;Cwa;23345
3117603;Concei√ß√£o Do Par√°;31;MG;n„o metropolitana;cerrado;717;Cwa;5303
3117702;Concei√ß√£o Do Rio Verde;31;MG;n„o metropolitana;mata atlantica;933,66;Cwb;12495
3117801;Concei√ß√£o Dos Ouros;31;MG;n„o metropolitana;mata atlantica;939,86;Cwb;10774
3117836;C√¥nego Marinho;31;MG;n„o metropolitana;cerrado;742,17;Aw;7246
3117876;Confins;31;MG;metropolitana;cerrado;762,21;Cwa;7428
3117900;Congonhal;31;MG;n„o metropolitana;mata atlantica;1030,28;Cfb;10969
3118007;Congonhas;31;MG;n„o metropolitana;mata atlantica;988,68;Cwb;55562
3118106;Congonhas Do Norte;31;MG;n„o metropolitana;mata atlantica;1175,06;Cwb;4830
3118205;Conquista;31;MG;n„o metropolitana;mata atlantica;703,17;Cwa;6679
3118304;Conselheiro Lafaiete;31;MG;n„o metropolitana;mata atlantica;987,2;Cwb;134537
3118403;Conselheiro Pena;31;MG;n„o metropolitana;mata atlantica;425,36;Aw;19998
3118502;Consola√ß√£o;31;MG;n„o metropolitana;mata atlantica;1032,92;Cwb;1552
3118601;Contagem;31;MG;metropolitana;cerrado;902,83;Cwb;615621
3118700;Coqueiral;31;MG;n„o metropolitana;mata atlantica;855,84;Cwb;9002
3118809;Cora√ß√£o De Jesus;31;MG;n„o metropolitana;cerrado;776,86;As;24951
3118908;Cordisburgo;31;MG;n„o metropolitana;cerrado;713,41;Cwa;7548
3119005;Cordisl√¢ndia;31;MG;n„o metropolitana;mata atlantica;901,83;Cwb;3208
3119104;Corinto;31;MG;n„o metropolitana;cerrado;679,77;Aw;22992
3119203;Coroaci;31;MG;n„o metropolitana;mata atlantica;620,31;Cwa;10870
3119302;Coromandel;31;MG;n„o metropolitana;cerrado;881,52;Cwa;29233
3119401;Coronel Fabriciano;31;MG;n„o metropolitana;mata atlantica;656,49;Cwb;96621
3119500;Coronel Murta;31;MG;n„o metropolitana;mata atlantica;573,57;As;8128
3119609;Coronel Pacheco;31;MG;n„o metropolitana;mata atlantica;696,41;Cwa;2702
3119708;Coronel Xavier Chaves;31;MG;n„o metropolitana;mata atlantica;991,3;Cwb;3474
3119807;C√≥rrego Danta;31;MG;n„o metropolitana;cerrado;826,23;Cwa;3304
3119906;C√≥rrego Do Bom Jesus;31;MG;n„o metropolitana;mata atlantica;1200,39;Cwb;4263
3119955;C√≥rrego Fundo;31;MG;n„o metropolitana;cerrado;856,98;Cwb;6105
3120003;C√≥rrego Novo;31;MG;n„o metropolitana;mata atlantica;356,29;Aw;2876
3120102;Couto De Magalh√£es De Minas;31;MG;n„o metropolitana;cerrado;975,91;Cwb;4217
3120151;Cris√≥lita;31;MG;n„o metropolitana;mata atlantica;363,43;Aw;4979
3120201;Cristais;31;MG;n„o metropolitana;cerrado;813,45;Cwa;12184
3120300;Crist√°lia;31;MG;n„o metropolitana;cerrado;720,12;As;4977
3120409;Cristiano Otoni;31;MG;n„o metropolitana;mata atlantica;1046,59;Cwb;4671
3120508;Cristina;31;MG;n„o metropolitana;mata atlantica;1243,35;Cwb;10379
3120607;Crucil√¢ndia;31;MG;n„o metropolitana;mata atlantica;1000,78;Cwb;5779
3120706;Cruzeiro Da Fortaleza;31;MG;n„o metropolitana;cerrado;919,16;Cwa;3492
3120805;Cruz√≠lia;31;MG;n„o metropolitana;mata atlantica;1060,68;Cwb;15223
3120839;Cuparaque;31;MG;n„o metropolitana;mata atlantica;316,74;Aw;3963
3120870;Curral De Dentro;31;MG;n„o metropolitana;mata atlantica;890,41;Cwa;7406
3120904;Curvelo;31;MG;n„o metropolitana;cerrado;682,22;Cwa;82335
3121001;Datas;31;MG;n„o metropolitana;cerrado;1188,51;Cwb;5459
3121100;Delfim Moreira;31;MG;n„o metropolitana;mata atlantica;1489,39;Cwb;7820
3121209;Delfin√≥polis;31;MG;n„o metropolitana;cerrado;852,98;Cwa;8343
3121258;Delta;31;MG;n„o metropolitana;mata atlantica;572,09;Aw;9852
3121308;Descoberto;31;MG;n„o metropolitana;mata atlantica;513,67;Cwa;4917
3121407;Desterro De Entre Rios;31;MG;n„o metropolitana;mata atlantica;1099,05;Cwb;7633
3121506;Desterro Do Melo;31;MG;n„o metropolitana;mata atlantica;908,92;Cwb;2997
3121605;Diamantina;31;MG;n„o metropolitana;cerrado;998,45;Cwb;47798
3121704;Diogo De Vasconcelos;31;MG;n„o metropolitana;mata atlantica;689,15;Cwa;3548
3121803;Dion√≠sio;31;MG;n„o metropolitana;mata atlantica;399,79;Aw;7010
3121902;Divin√©sia;31;MG;n„o metropolitana;mata atlantica;699,02;Cwb;4190
3122009;Divino;31;MG;n„o metropolitana;mata atlantica;857,99;Cwb;20705
3122108;Divino Das Laranjeiras;31;MG;n„o metropolitana;mata atlantica;376,45;Aw;4128
3122207;Divinol√¢ndia De Minas;31;MG;n„o metropolitana;mata atlantica;833,54;Cwa;6457
3122306;Divin√≥polis;31;MG;n„o metropolitana;cerrado;783,62;Cwa;248581
3122355;Divisa Alegre;31;MG;n„o metropolitana;mata atlantica;858,14;Cwa;6321
3122405;Divisa Nova;31;MG;n„o metropolitana;mata atlantica;867,53;Cwb;5791
3122454;Divis√≥polis;31;MG;n„o metropolitana;mata atlantica;748,15;As;10206
3122470;Dom Bosco;31;MG;n„o metropolitana;cerrado;596,01;Aw;3698
3122504;Dom Cavati;31;MG;n„o metropolitana;mata atlantica;455,62;Aw;4904
3122603;Dom Joaquim;31;MG;n„o metropolitana;mata atlantica;682,5;Cwa;4920
3122702;Dom Silv√©rio;31;MG;n„o metropolitana;mata atlantica;665,57;Cwa;4991
3122801;Dom Vi√ßoso;31;MG;n„o metropolitana;mata atlantica;1126,27;Cwb;3095
3122900;Dona Eus√©bia;31;MG;n„o metropolitana;mata atlantica;354,15;Cwa;6122
3123007;Dores De Campos;31;MG;n„o metropolitana;mata atlantica;1004,15;Cwb;9956
3123106;Dores De Guanh√£es;31;MG;n„o metropolitana;mata atlantica;693,72;Cwa;4984
3123205;Dores Do Indai√°;31;MG;n„o metropolitana;cerrado;668,41;Cwa;12534
3123304;Dores Do Turvo;31;MG;n„o metropolitana;mata atlantica;789,69;Cwb;4988
3123403;Dores√≥polis;31;MG;n„o metropolitana;cerrado;708,24;Cwa;1378
3123502;Douradoquara;31;MG;n„o metropolitana;cerrado;720,23;Aw;1779
3123528;Durand√©;31;MG;n„o metropolitana;mata atlantica;687,51;Cwa;7832
3123601;El√≥i Mendes;31;MG;n„o metropolitana;mata atlantica;868,05;Cwb;26283
3123700;Engenheiro Caldas;31;MG;n„o metropolitana;mata atlantica;292,93;Aw;13629
3123809;Engenheiro Navarro;31;MG;n„o metropolitana;cerrado;685,1;Aw;6318
3123858;Entre Folhas;31;MG;n„o metropolitana;mata atlantica;551,31;Cwa;4862
3123908;Entre Rios De Minas;31;MG;n„o metropolitana;mata atlantica;972,91;Cwb;14952
3124005;Erv√°lia;31;MG;n„o metropolitana;mata atlantica;892,87;Cwb;20028
3124104;Esmeraldas;31;MG;metropolitana;cerrado;814,4;Cwa;102608
3124203;Espera Feliz;31;MG;n„o metropolitana;mata atlantica;982,38;Cwb;24081
3124302;Espinosa;31;MG;n„o metropolitana;caatinga;675,5;As;29650
3124401;Esp√≠rito Santo Do Dourado;31;MG;n„o metropolitana;mata atlantica;1172,16;Cfb;5832
3124500;Estiva;31;MG;n„o metropolitana;mata atlantica;999,57;Cwb;11520
3124609;Estrela Dalva;31;MG;n„o metropolitana;mata atlantica;258,9;Aw;2142
3124708;Estrela Do Indai√°;31;MG;n„o metropolitana;cerrado;724,92;Cwa;2764
3124807;Estrela Do Sul;31;MG;n„o metropolitana;cerrado;883,41;Cwb;6717
3124906;Eugen√≥polis;31;MG;n„o metropolitana;mata atlantica;503,7;Cwa;10805
3125002;Ewbank Da C√¢mara;31;MG;n„o metropolitana;mata atlantica;826,05;Cwb;3863
3125101;Extrema;31;MG;n„o metropolitana;mata atlantica;1069,12;Cfb;53520
3125200;Fama;31;MG;n„o metropolitana;mata atlantica;816,97;Cwb;2542
3125309;Faria Lemos;31;MG;n„o metropolitana;mata atlantica;627,14;Cwa;3209
3125408;Fel√≠cio Dos Santos;31;MG;n„o metropolitana;cerrado;965,81;Cwb;5126
3125507;S√£o Gon√ßalo Do Rio Preto;31;MG;n„o metropolitana;cerrado;995,65;Cwb;3035
3125606;Felisburgo;31;MG;n„o metropolitana;mata atlantica;692,65;Cfa;6424
3125705;Felixl√¢ndia;31;MG;n„o metropolitana;cerrado;651,11;Aw;14084
3125804;Fernandes Tourinho;31;MG;n„o metropolitana;mata atlantica;269,29;Aw;2653
3125903;Ferros;31;MG;n„o metropolitana;mata atlantica;700,52;Cwa;9210
3125952;Fervedouro;31;MG;n„o metropolitana;mata atlantica;938,07;Cwb;10452
3126000;Florestal;31;MG;metropolitana;cerrado;831,85;Cwa;8201
3126109;Formiga;31;MG;n„o metropolitana;cerrado;852,48;Cwb;68099
3126208;Formoso;31;MG;n„o metropolitana;cerrado;837,97;Aw;7801
3126307;Fortaleza De Minas;31;MG;n„o metropolitana;mata atlantica;979,21;Cwb;3479
3126406;Fortuna De Minas;31;MG;metropolitana;cerrado;735,86;Cwa;3102
3126505;Francisco Badar√≥;31;MG;n„o metropolitana;cerrado;471,48;As;8795
3126604;Francisco Dumont;31;MG;n„o metropolitana;cerrado;872,91;Cwb;4472
3126703;Francisco S√°;31;MG;n„o metropolitana;caatinga;715,48;As;21504
3126752;Francisc√≥polis;31;MG;n„o metropolitana;mata atlantica;458,24;Aw;5040
3126802;Frei Gaspar;31;MG;n„o metropolitana;mata atlantica;484,81;Aw;5617
3126901;Frei Inoc√™ncio;31;MG;n„o metropolitana;mata atlantica;291,64;Aw;8190
3126950;Frei Lagonegro;31;MG;n„o metropolitana;mata atlantica;748,31;Cwa;3391
3127008;Fronteira;31;MG;n„o metropolitana;cerrado;463,05;Aw;13668
3127057;Fronteira Dos Vales;31;MG;n„o metropolitana;mata atlantica;491,43;Aw;4336
3127073;Fruta De Leite;31;MG;n„o metropolitana;cerrado;770,3;As;4594
3127107;Frutal;31;MG;n„o metropolitana;cerrado;513,11;Aw;63663
3127206;Funil√¢ndia;31;MG;metropolitana;cerrado;718,99;Cwa;4699
3127305;Galil√©ia;31;MG;n„o metropolitana;mata atlantica;260,38;Aw;6168
3127339;Gameleiras;31;MG;n„o metropolitana;caatinga;578,57;As;4782
3127354;Glaucil√¢ndia;31;MG;n„o metropolitana;cerrado;731,07;As;2637
3127370;Goiabeira;31;MG;n„o metropolitana;mata atlantica;227,93;Aw;2816
3127388;Goian√°;31;MG;n„o metropolitana;mata atlantica;523,86;Cwa;4064
3127404;Gon√ßalves;31;MG;n„o metropolitana;mata atlantica;1336,36;Cwb;4649
3127503;Gonzaga;31;MG;n„o metropolitana;mata atlantica;731,7;Cwa;5189
3127602;Gouveia;31;MG;n„o metropolitana;cerrado;1060,49;Cwb;11398
3127701;Governador Valadares;31;MG;n„o metropolitana;mata atlantica;297,4;Aw;262499
3127800;Gr√£o Mogol;31;MG;n„o metropolitana;cerrado;858,01;Cwa;13094
3127909;Grupiara;31;MG;n„o metropolitana;cerrado;687,02;Aw;1392
3128006;Guanh√£es;31;MG;n„o metropolitana;mata atlantica;815,43;Cwa;31702
3128105;Guap√©;31;MG;n„o metropolitana;cerrado;875,12;Cwa;13781
3128204;Guaraciaba;31;MG;n„o metropolitana;mata atlantica;649,53;Cwa;10487
3128253;Guaraciama;31;MG;n„o metropolitana;cerrado;821,67;Cwa;5010
3128303;Guaran√©sia;31;MG;n„o metropolitana;mata atlantica;844,24;Cwb;19209
3128402;Guarani;31;MG;n„o metropolitana;mata atlantica;479,08;Cwa;7487
3128501;Guarar√°;31;MG;n„o metropolitana;mata atlantica;561,84;Cwa;3070
3128600;Guarda-Mor;31;MG;n„o metropolitana;cerrado;776,22;Aw;6539
3128709;Guaxup√©;31;MG;n„o metropolitana;mata atlantica;945,05;Cwb;51015
3128808;Guidoval;31;MG;n„o metropolitana;mata atlantica;428,15;Cwa;7163
3128907;Guimar√¢nia;31;MG;n„o metropolitana;cerrado;963,26;Cwb;8600
3129004;Guiricema;31;MG;n„o metropolitana;mata atlantica;491,19;Cwa;7708
3129103;Gurinhat√£;31;MG;n„o metropolitana;cerrado;535,6;Aw;5140
3129202;Heliodora;31;MG;n„o metropolitana;mata atlantica;946,92;Cwb;6325
3129301;Iapu;31;MG;n„o metropolitana;mata atlantica;376,23;Aw;12012
3129400;Ibertioga;31;MG;n„o metropolitana;mata atlantica;1099,41;Cwb;5204
3129509;Ibi√°;31;MG;n„o metropolitana;cerrado;997,59;Cwb;24271
3129608;Ibia√≠;31;MG;n„o metropolitana;cerrado;599,4;Aw;6314
3129657;Ibiracatu;31;MG;n„o metropolitana;caatinga;781,85;As;5409
3129707;Ibiraci;31;MG;n„o metropolitana;cerrado;975,99;Cwb;10780
3129806;Ibirit√©;31;MG;metropolitana;mata atlantica;970,16;Cwb;181943
3129905;Ibiti√∫ra De Minas;31;MG;n„o metropolitana;mata atlantica;1069,85;Cwb;3368
3130002;Ibituruna;31;MG;n„o metropolitana;mata atlantica;891,51;Cwb;2464
3130051;Icara√≠ De Minas;31;MG;n„o metropolitana;cerrado;570,48;As;10682
3130101;Igarap√©;31;MG;metropolitana;cerrado;867,07;Cwb;44920
3130200;Igaratinga;31;MG;n„o metropolitana;cerrado;784,12;Cwa;11095
3130309;Iguatama;31;MG;n„o metropolitana;cerrado;683,78;Cwa;6749
3130408;Ijaci;31;MG;n„o metropolitana;mata atlantica;891,87;Cwb;6263
3130507;Ilic√≠nea;31;MG;n„o metropolitana;cerrado;972,16;Cwb;12741
3130556;Imb√© De Minas;31;MG;n„o metropolitana;mata atlantica;682,87;Cwa;6992
3130606;Inconfidentes;31;MG;n„o metropolitana;mata atlantica;1033,39;Cwb;7274
3130655;Indaiabira;31;MG;n„o metropolitana;cerrado;846,59;As;6346
3130705;Indian√≥polis;31;MG;n„o metropolitana;cerrado;907,26;Cwb;6104
3130804;Inga√≠;31;MG;n„o metropolitana;mata atlantica;963,21;Cwb;2476
3130903;Inhapim;31;MG;n„o metropolitana;mata atlantica;523,66;Cwa;22327
3131000;Inha√∫ma;31;MG;metropolitana;cerrado;760,74;Cwa;6213
3131109;Inimutaba;31;MG;n„o metropolitana;cerrado;625,75;Aw;7434
3131158;Ipaba;31;MG;n„o metropolitana;mata atlantica;325,2;Aw;16552
3131208;Ipanema;31;MG;n„o metropolitana;mata atlantica;449,05;Aw;19209
3131307;Ipatinga;31;MG;n„o metropolitana;mata atlantica;497,19;Aw;211094
3131406;Ipia√ßu;31;MG;n„o metropolitana;mata atlantica;447,28;Aw;3715
3131505;Ipui√∫na;31;MG;n„o metropolitana;mata atlantica;1267,65;Cfb;9104
3131604;Ira√≠ De Minas;31;MG;n„o metropolitana;cerrado;900,24;Cwa;7868
3131703;Itabira;31;MG;n„o metropolitana;mata atlantica;824,16;Cwa;110335
3131802;Itabirinha;31;MG;n„o metropolitana;mata atlantica;511,26;Aw;10112
3131901;Itabirito;31;MG;metropolitana;mata atlantica;1100,21;Cwb;58544
3132008;Itacambira;31;MG;n„o metropolitana;cerrado;986,64;Cwb;3880
3132107;Itacarambi;31;MG;n„o metropolitana;caatinga;576,69;As;16355
3132206;Itaguara;31;MG;metropolitana;mata atlantica;923,86;Cwb;14408
3132305;Itaip√©;31;MG;n„o metropolitana;mata atlantica;776,14;Cwa;10302
3132404;Itajub√°;31;MG;n„o metropolitana;mata atlantica;1072,44;Cwb;90776
3132503;Itamarandiba;31;MG;n„o metropolitana;cerrado;912,8;Cwb;32321
3132602;Itamarati De Minas;31;MG;n„o metropolitana;mata atlantica;392,85;Cwa;3696
3132701;Itambacuri;31;MG;n„o metropolitana;mata atlantica;464,99;Aw;21080
3132800;Itamb√© Do Mato Dentro;31;MG;n„o metropolitana;cerrado;862,25;Cwa;2140
3132909;Itamogi;31;MG;n„o metropolitana;mata atlantica;989,74;Cwb;10781
3133006;Itamonte;31;MG;n„o metropolitana;mata atlantica;1592,1;Cwb;14569
3133105;Itanhandu;31;MG;n„o metropolitana;mata atlantica;1148,36;Cwb;15226
3133204;Itanhomi;31;MG;n„o metropolitana;mata atlantica;351,44;Aw;11158
3133303;Itaobim;31;MG;n„o metropolitana;mata atlantica;518,33;As;19025
3133402;Itapagipe;31;MG;n„o metropolitana;cerrado;496,7;Aw;14896
3133501;Itapecerica;31;MG;n„o metropolitana;mata atlantica;901,84;Cwb;21534
3133600;Itapeva;31;MG;n„o metropolitana;mata atlantica;1169,16;Cfb;12305
3133709;Itatiaiu√ßu;31;MG;metropolitana;mata atlantica;1002,63;Cwb;16257
3133758;Ita√∫ De Minas;31;MG;n„o metropolitana;cerrado;795,93;Cwa;14293
3133808;Ita√∫na;31;MG;metropolitana;mata atlantica;898,05;Cwb;95967
3133907;Itaverava;31;MG;n„o metropolitana;mata atlantica;872,82;Cwb;5650
3134004;Itinga;31;MG;n„o metropolitana;mata atlantica;566,73;As;12569
3134103;Itueta;31;MG;n„o metropolitana;mata atlantica;239,42;Aw;5804
3134202;Ituiutaba;31;MG;n„o metropolitana;cerrado;567,67;Aw;97409
3134301;Itumirim;31;MG;n„o metropolitana;mata atlantica;928,68;Cwb;6642
3134400;Iturama;31;MG;n„o metropolitana;cerrado;433,68;Aw;38172
3134509;Itutinga;31;MG;n„o metropolitana;mata atlantica;990,25;Cwb;4218
3134608;Jaboticatubas;31;MG;metropolitana;cerrado;905,96;Cwa;19697
3134707;Jacinto;31;MG;n„o metropolitana;mata atlantica;352,29;Aw;10793
3134806;Jacu√≠;31;MG;n„o metropolitana;mata atlantica;1030,47;Cwb;7515
3134905;Jacutinga;31;MG;n„o metropolitana;mata atlantica;888,07;Cwb;25538
3135001;Jaguara√ßu;31;MG;n„o metropolitana;mata atlantica;564,01;Cwa;3106
3135050;Ja√≠ba;31;MG;n„o metropolitana;caatinga;491,37;As;36945
3135076;Jampruca;31;MG;n„o metropolitana;mata atlantica;310,89;Aw;4261
3135100;Jana√∫ba;31;MG;n„o metropolitana;caatinga;563,09;As;70001
3135209;Janu√°ria;31;MG;n„o metropolitana;cerrado;642,8;Aw;65279
3135308;Japara√≠ba;31;MG;n„o metropolitana;cerrado;704,83;Cwa;4509
3135357;Japonvar;31;MG;n„o metropolitana;cerrado;752,06;As;7861
3135407;Jeceaba;31;MG;n„o metropolitana;mata atlantica;978,47;Cwb;6344
3135456;Jenipapo De Minas;31;MG;n„o metropolitana;mata atlantica;590,79;As;6000
3135506;Jequeri;31;MG;n„o metropolitana;mata atlantica;629,99;Cwa;12693
3135605;Jequita√≠;31;MG;n„o metropolitana;cerrado;668,69;Aw;6449
3135704;Jequitib√°;31;MG;n„o metropolitana;cerrado;700,01;Cwa;5900
3135803;Jequitinhonha;31;MG;n„o metropolitana;mata atlantica;603,55;As;22262
3135902;Jesu√¢nia;31;MG;n„o metropolitana;mata atlantica;1004,2;Cwb;5138
3136009;Joa√≠ma;31;MG;n„o metropolitana;mata atlantica;595,44;As;12732
3136108;Joan√©sia;31;MG;n„o metropolitana;mata atlantica;535,88;Aw;4333
3136207;Jo√£o Monlevade;31;MG;n„o metropolitana;mata atlantica;838,65;Cwb;75838
3136306;Jo√£o Pinheiro;31;MG;n„o metropolitana;cerrado;679,89;Aw;47702
3136405;Joaquim Fel√≠cio;31;MG;n„o metropolitana;cerrado;798,58;Aw;3778
3136504;Jord√¢nia;31;MG;n„o metropolitana;mata atlantica;335,57;Aw;8866
3136520;Jos√© Gon√ßalves De Minas;31;MG;n„o metropolitana;cerrado;731,09;As;3922
3136553;Jos√© Raydan;31;MG;n„o metropolitana;mata atlantica;508,56;Aw;4267
3136579;Josen√≥polis;31;MG;n„o metropolitana;cerrado;738,37;As;3607
3136603;Nova Uni√£o;31;MG;metropolitana;cerrado;1026,69;Cwb;5729
3136652;Juatuba;31;MG;metropolitana;cerrado;822,71;Cwa;31409
3136702;Juiz De Fora;31;MG;metropolitana;mata atlantica;761,34;Cwb;557777
3136801;Juramento;31;MG;n„o metropolitana;cerrado;871,67;As;3585
3136900;Juruaia;31;MG;n„o metropolitana;mata atlantica;932;Cwb;11000
3136959;Juven√≠lia;31;MG;n„o metropolitana;caatinga;502;As;5793
3137007;Ladainha;31;MG;n„o metropolitana;mata atlantica;690,32;Cwa;13868
3137106;Lagamar;31;MG;n„o metropolitana;cerrado;730,5;Aw;7106
3137205;Lagoa Da Prata;31;MG;n„o metropolitana;cerrado;705,62;Cwa;52051
3137304;Lagoa Dos Patos;31;MG;n„o metropolitana;cerrado;612,81;Aw;3293
3137403;Lagoa Dourada;31;MG;n„o metropolitana;mata atlantica;1023,55;Cwb;12611
3137502;Lagoa Formosa;31;MG;n„o metropolitana;cerrado;898,96;Cwa;19050
3137536;Lagoa Grande;31;MG;n„o metropolitana;cerrado;578,81;Aw;9096
3137601;Lagoa Santa;31;MG;metropolitana;cerrado;754,94;Cwa;70678
3137700;Lajinha;31;MG;n„o metropolitana;mata atlantica;725,17;Cwa;20667
3137809;Lambari;31;MG;n„o metropolitana;mata atlantica;1053,73;Cwb;20449
3137908;Lamim;31;MG;n„o metropolitana;mata atlantica;778,99;Cwb;3184
3138005;Laranjal;31;MG;n„o metropolitana;mata atlantica;260,59;Aw;5806
3138104;Lassance;31;MG;n„o metropolitana;cerrado;789,52;Aw;7089
3138203;Lavras;31;MG;n„o metropolitana;mata atlantica;913,31;Cwb;98602
3138302;Leandro Ferreira;31;MG;n„o metropolitana;cerrado;723,2;Cwa;3121
3138351;Leme Do Prado;31;MG;n„o metropolitana;cerrado;741,83;As;4312
3138401;Leopoldina;31;MG;n„o metropolitana;mata atlantica;324,17;Aw;49020
3138500;Liberdade;31;MG;n„o metropolitana;mata atlantica;1185,82;Cwb;4713
3138609;Lima Duarte;31;MG;n„o metropolitana;mata atlantica;1000,52;Cwb;17248
3138625;Limeira Do Oeste;31;MG;n„o metropolitana;cerrado;421,62;Aw;8582
3138658;Lontra;31;MG;n„o metropolitana;cerrado;779,94;As;8778
3138674;Luisburgo;31;MG;n„o metropolitana;mata atlantica;1075,97;Cwb;6961
3138682;Luisl√¢ndia;31;MG;n„o metropolitana;cerrado;724,98;As;6158
3138708;Lumin√°rias;31;MG;n„o metropolitana;mata atlantica;1027,29;Cwb;5586
3138807;Luz;31;MG;n„o metropolitana;cerrado;677,76;Cwa;17972
3138906;Machacalis;31;MG;n„o metropolitana;mata atlantica;321,18;Aw;6440
3139003;Machado;31;MG;n„o metropolitana;mata atlantica;917,42;Cwb;36932
3139102;Madre De Deus De Minas;31;MG;n„o metropolitana;mata atlantica;994,01;Cwb;5191
3139201;Malacacheta;31;MG;n„o metropolitana;mata atlantica;677,51;Aw;16905
3139250;Mamonas;31;MG;n„o metropolitana;caatinga;790,67;As;5993
3139300;Manga;31;MG;n„o metropolitana;caatinga;517,72;As;18882
3139409;Manhua√ßu;31;MG;n„o metropolitana;mata atlantica;883,51;Cwb;88787
3139508;Manhumirim;31;MG;n„o metropolitana;mata atlantica;817,56;Cwb;19812
3139607;Mantena;31;MG;n„o metropolitana;mata atlantica;387,99;Aw;26352
3139706;Maravilhas;31;MG;n„o metropolitana;mata atlantica;761,21;Cwa;7300
3139805;Mar De Espanha;31;MG;n„o metropolitana;mata atlantica;550,46;Cwa;12400
3139904;Maria Da F√©;31;MG;n„o metropolitana;mata atlantica;1273,39;Cwb;14241
3140001;Mariana;31;MG;n„o metropolitana;mata atlantica;780,37;Cwa;64890
3140100;Marilac;31;MG;n„o metropolitana;mata atlantica;288,68;Aw;4044
3140159;M√°rio Campos;31;MG;metropolitana;mata atlantica;914,65;Cwb;15969
3140209;Marip√° De Minas;31;MG;n„o metropolitana;mata atlantica;593,3;Cwa;3383
3140308;Marli√©ria;31;MG;n„o metropolitana;mata atlantica;384,32;Aw;4577
3140407;Marmel√≥polis;31;MG;n„o metropolitana;mata atlantica;1570,04;Cwb;3169
3140506;Martinho Campos;31;MG;n„o metropolitana;cerrado;669,09;Cwa;13979
3140530;Martins Soares;31;MG;n„o metropolitana;mata atlantica;797,73;Cwb;8267
3140555;Mata Verde;31;MG;n„o metropolitana;mata atlantica;615,71;As;10096
3140605;Materl√¢ndia;31;MG;n„o metropolitana;mata atlantica;791,5;Cwa;3845
3140704;Mateus Leme;31;MG;metropolitana;cerrado;893,52;Cwb;43996
3140803;Matias Barbosa;31;MG;n„o metropolitana;mata atlantica;609,73;Cwa;14019
3140852;Matias Cardoso;31;MG;n„o metropolitana;caatinga;467,67;As;8879
3140902;Matip√≥;31;MG;n„o metropolitana;mata atlantica;754,7;Cwa;18506
3141009;Mato Verde;31;MG;n„o metropolitana;caatinga;706,65;As;12045
3141108;Matozinhos;31;MG;metropolitana;cerrado;774,23;Cwa;36927
3141207;Matutina;31;MG;n„o metropolitana;cerrado;1005,77;Cwb;3807
3141306;Medeiros;31;MG;n„o metropolitana;cerrado;965,89;Cwb;3965
3141405;Medina;31;MG;n„o metropolitana;mata atlantica;684,61;As;19199
3141504;Mendes Pimentel;31;MG;n„o metropolitana;mata atlantica;398,05;Aw;5535
3141603;Merc√™s;31;MG;n„o metropolitana;mata atlantica;674,26;Cwa;9865
3141702;Mesquita;31;MG;n„o metropolitana;mata atlantica;555,86;Aw;5043
3141801;Minas Novas;31;MG;n„o metropolitana;cerrado;796,69;Cwa;24117
3141900;Minduri;31;MG;n„o metropolitana;mata atlantica;1043,06;Cwb;3690
3142007;Mirabela;31;MG;n„o metropolitana;cerrado;822,03;As;13286
3142106;Miradouro;31;MG;n„o metropolitana;mata atlantica;755,1;Cwb;8935
3142205;Mira√≠;31;MG;n„o metropolitana;mata atlantica;571,69;Cwa;13630
3142254;Mirav√¢nia;31;MG;n„o metropolitana;cerrado;699,41;As;3984
3142304;Moeda;31;MG;metropolitana;mata atlantica;996,1;Cwb;5186
3142403;Moema;31;MG;n„o metropolitana;cerrado;686,24;Cwa;8302
3142502;Monjolos;31;MG;n„o metropolitana;cerrado;890,58;Cwb;2154
3142601;Monsenhor Paulo;31;MG;n„o metropolitana;mata atlantica;916,62;Cwb;8336
3142700;Montalv√¢nia;31;MG;n„o metropolitana;cerrado;621,14;Aw;14065
3142809;Monte Alegre De Minas;31;MG;n„o metropolitana;cerrado;730,75;Aw;20004
3142908;Monte Azul;31;MG;n„o metropolitana;caatinga;679,21;As;20345
3143005;Monte Belo;31;MG;n„o metropolitana;mata atlantica;877,77;Cwb;13092
3143104;Monte Carmelo;31;MG;n„o metropolitana;cerrado;872,55;Cwa;47267
3143153;Monte Formoso;31;MG;n„o metropolitana;mata atlantica;801,08;Cwa;4381
3143203;Monte Santo De Minas;31;MG;n„o metropolitana;mata atlantica;905,48;Cwb;20881
3143302;Montes Claros;31;MG;metropolitana;cerrado;780,58;As;436970
3143401;Monte Si√£o;31;MG;n„o metropolitana;mata atlantica;875,83;Cwb;23715
3143450;Montezuma;31;MG;n„o metropolitana;cerrado;960,46;Cwb;6901
3143500;Morada Nova De Minas;31;MG;n„o metropolitana;cerrado;631,36;Aw;8988
3143609;Morro Da Gar√ßa;31;MG;n„o metropolitana;cerrado;677,27;Aw;2593
3143708;Morro Do Pilar;31;MG;n„o metropolitana;mata atlantica;828,42;Cwa;2977
3143807;Munhoz;31;MG;n„o metropolitana;mata atlantica;1368,81;Cfb;7618
3143906;Muria√©;31;MG;n„o metropolitana;mata atlantica;434,4;Cwa;103649
3144003;Mutum;31;MG;n„o metropolitana;mata atlantica;483,64;Aw;27634
3144102;Muzambinho;31;MG;n„o metropolitana;mata atlantica;1007,9;Cwb;21935
3144201;Nacip Raydan;31;MG;n„o metropolitana;mata atlantica;447,4;Aw;2513
3144300;Nanuque;31;MG;n„o metropolitana;mata atlantica;235,33;Aw;34668
3144359;Naque;31;MG;n„o metropolitana;mata atlantica;251,26;Aw;6331
3144375;Natal√¢ndia;31;MG;n„o metropolitana;cerrado;617,68;Aw;3514
3144409;Nat√©rcia;31;MG;n„o metropolitana;mata atlantica;1065,67;Cwb;4580
3144508;Nazareno;31;MG;n„o metropolitana;mata atlantica;935,12;Cwb;8192
3144607;Nepomuceno;31;MG;n„o metropolitana;mata atlantica;876,56;Cwb;24869
3144656;Ninheira;31;MG;n„o metropolitana;mata atlantica;850,02;Cwa;9331
3144672;Nova Bel√©m;31;MG;n„o metropolitana;mata atlantica;647,5;Cfa;3049
3144706;Nova Era;31;MG;n„o metropolitana;mata atlantica;715,78;Cwa;16920
3144805;Nova Lima;31;MG;metropolitana;mata atlantica;1119,45;Cwb;117819
3144904;Nova M√≥dica;31;MG;n„o metropolitana;mata atlantica;427,5;Aw;3614
3145000;Nova Ponte;31;MG;n„o metropolitana;cerrado;939,77;Cwb;15731
3145059;Nova Porteirinha;31;MG;n„o metropolitana;caatinga;550,22;As;6660
3145109;Nova Resende;31;MG;n„o metropolitana;mata atlantica;1069,93;Cwb;16545
3145208;Nova Serrana;31;MG;n„o metropolitana;cerrado;748,18;Cwa;114497
3145307;Novo Cruzeiro;31;MG;n„o metropolitana;mata atlantica;850,51;Cwa;26850
3145356;Novo Oriente De Minas;31;MG;n„o metropolitana;mata atlantica;516,98;Aw;10086
3145372;Novorizonte;31;MG;n„o metropolitana;cerrado;797,79;As;4545
3145406;Olaria;31;MG;n„o metropolitana;mata atlantica;1035,33;Cwb;1936
3145455;Olhos-D'√°gua;31;MG;n„o metropolitana;cerrado;865,84;Cwa;5340
3145505;Ol√≠mpio Noronha;31;MG;n„o metropolitana;mata atlantica;1022,95;Cwb;2555
3145604;Oliveira;31;MG;n„o metropolitana;mata atlantica;1019,53;Cwb;39256
3145703;Oliveira Fortes;31;MG;n„o metropolitana;mata atlantica;899,94;Cwb;1996
3145802;On√ßa De Pitangui;31;MG;n„o metropolitana;mata atlantica;836,34;Cwa;2908
3145851;Orat√≥rios;31;MG;n„o metropolitana;mata atlantica;566,73;Cwa;4910
3145877;Oriz√¢nia;31;MG;n„o metropolitana;mata atlantica;945,41;Cwb;8451
3145901;Ouro Branco;31;MG;n„o metropolitana;mata atlantica;1128,89;Cwb;39206
3146008;Ouro Fino;31;MG;n„o metropolitana;mata atlantica;983,68;Cwb;32131
3146107;Ouro Preto;31;MG;n„o metropolitana;mata atlantica;1131,6;Cwb;76069
3146206;Ouro Verde De Minas;31;MG;n„o metropolitana;mata atlantica;572,17;Aw;5607
3146255;Padre Carvalho;31;MG;n„o metropolitana;cerrado;800,12;As;5031
3146305;Padre Para√≠so;31;MG;n„o metropolitana;mata atlantica;823,84;Cwa;17163
3146404;Paineiras;31;MG;n„o metropolitana;cerrado;642,48;Aw;4199
3146503;Pains;31;MG;n„o metropolitana;cerrado;774,67;Cwa;7455
3146552;Pai Pedro;31;MG;n„o metropolitana;caatinga;520,37;As;5568
3146602;Paiva;31;MG;n„o metropolitana;mata atlantica;665,35;Cwa;1474
3146701;Palma;31;MG;n„o metropolitana;mata atlantica;227,18;Aw;5692
3146750;Palm√≥polis;31;MG;n„o metropolitana;mata atlantica;581,46;Aw;6307
3146909;Papagaios;31;MG;n„o metropolitana;cerrado;716,85;Cwa;13724
3147006;Paracatu;31;MG;n„o metropolitana;cerrado;699,86;Aw;94300
3147105;Par√° De Minas;31;MG;metropolitana;mata atlantica;829,76;Cwa;97507
3147204;Paragua√ßu;31;MG;n„o metropolitana;mata atlantica;845,5;Cwb;21580
3147303;Parais√≥polis;31;MG;n„o metropolitana;mata atlantica;1106,51;Cwb;20463
3147402;Paraopeba;31;MG;n„o metropolitana;cerrado;752,56;Cwa;23776
3147501;Passab√©m;31;MG;n„o metropolitana;mata atlantica;727,13;Cwa;1604
3147600;Passa Quatro;31;MG;n„o metropolitana;mata atlantica;1433,45;Cwb;15387
3147709;Passa Tempo;31;MG;n„o metropolitana;mata atlantica;1003,14;Cwb;9204
3147808;Passa Vinte;31;MG;n„o metropolitana;mata atlantica;968,89;Cwb;2232
3147907;Passos;31;MG;n„o metropolitana;cerrado;817,75;Cwa;110555
3147956;Patis;31;MG;n„o metropolitana;caatinga;772,55;As;5917
3148004;Patos De Minas;31;MG;n„o metropolitana;cerrado;882,9;Cwa;159434
3148103;Patroc√≠nio;31;MG;n„o metropolitana;cerrado;946,8;Cwb;91901
3148202;Patroc√≠nio Do Muria√©;31;MG;n„o metropolitana;mata atlantica;245,28;Aw;5579
3148301;Paula C√¢ndido;31;MG;n„o metropolitana;mata atlantica;762,63;Cwb;8697
3148400;Paulistas;31;MG;n„o metropolitana;mata atlantica;769,86;Cwa;4269
3148509;Pav√£o;31;MG;n„o metropolitana;mata atlantica;313,85;Aw;8044
3148608;Pe√ßanha;31;MG;n„o metropolitana;mata atlantica;728,39;Cwa;17358
3148707;Pedra Azul;31;MG;n„o metropolitana;mata atlantica;729;As;24452
3148756;Pedra Bonita;31;MG;n„o metropolitana;mata atlantica;1031,18;Cwb;7320
3148806;Pedra Do Anta;31;MG;n„o metropolitana;mata atlantica;658,76;Cwa;3511
3148905;Pedra Do Indai√°;31;MG;n„o metropolitana;mata atlantica;944,22;Cwb;3725
3149002;Pedra Dourada;31;MG;n„o metropolitana;mata atlantica;853,62;Cwb;2752
3149101;Pedralva;31;MG;n„o metropolitana;mata atlantica;1048,82;Cwb;10750
3149150;Pedras De Maria Da Cruz;31;MG;n„o metropolitana;caatinga;550,2;As;10445
3149200;Pedrin√≥polis;31;MG;n„o metropolitana;cerrado;936,44;Cwb;3359
3149309;Pedro Leopoldo;31;MG;metropolitana;cerrado;804,38;Cwa;60154
3149408;Pedro Teixeira;31;MG;n„o metropolitana;mata atlantica;794,83;Cwb;1806
3149507;Pequeri;31;MG;n„o metropolitana;mata atlantica;621,59;Cwa;3351
3149606;Pequi;31;MG;n„o metropolitana;cerrado;794,75;Cwa;4042
3149705;Perdig√£o;31;MG;n„o metropolitana;cerrado;787,76;Cwa;12014
3149804;Perdizes;31;MG;n„o metropolitana;cerrado;952,6;Cwb;17999
3149903;Perd√µes;31;MG;n„o metropolitana;mata atlantica;876,98;Cwb;21329
3149952;Periquito;31;MG;n„o metropolitana;mata atlantica;254,74;Aw;6566
3150000;Pescador;31;MG;n„o metropolitana;mata atlantica;388,54;Aw;3537
3150109;Piau;31;MG;n„o metropolitana;mata atlantica;576,58;Cwa;2530
3150158;Piedade De Caratinga;31;MG;n„o metropolitana;mata atlantica;893,21;Cwb;8345
3150208;Piedade De Ponte Nova;31;MG;n„o metropolitana;mata atlantica;462,67;Cwa;3941
3150307;Piedade Do Rio Grande;31;MG;n„o metropolitana;mata atlantica;1021,23;Cwb;4560
3150406;Piedade Dos Gerais;31;MG;n„o metropolitana;mata atlantica;1030,21;Cwb;5215
3150505;Pimenta;31;MG;n„o metropolitana;cerrado;887,6;Cwa;8210
3150539;Pingo D'√°gua;31;MG;n„o metropolitana;mata atlantica;319,58;Aw;4714
3150570;Pint√≥polis;31;MG;n„o metropolitana;cerrado;538,64;Aw;6922
3150604;Piracema;31;MG;n„o metropolitana;mata atlantica;938,86;Cwb;7451
3150703;Pirajuba;31;MG;n„o metropolitana;mata atlantica;516,22;Aw;5438
3150802;Piranga;31;MG;n„o metropolitana;mata atlantica;753,92;Cwa;15308
3150901;Pirangu√ßu;31;MG;n„o metropolitana;mata atlantica;1242,76;Cwb;5848
3151008;Piranguinho;31;MG;n„o metropolitana;mata atlantica;896,33;Cwb;9109
3151107;Pirapetinga;31;MG;n„o metropolitana;mata atlantica;199,25;Aw;11110
3151206;Pirapora;31;MG;n„o metropolitana;cerrado;548,11;Aw;55876
3151305;Pira√∫ba;31;MG;n„o metropolitana;mata atlantica;404,89;Cwa;11547
3151404;Pitangui;31;MG;n„o metropolitana;cerrado;728,42;Cwa;26568
3151503;Piumhi;31;MG;n„o metropolitana;cerrado;822,11;Cwa;34834
3151602;Planura;31;MG;n„o metropolitana;cerrado;484,41;Aw;10503
3151701;Po√ßo Fundo;31;MG;n„o metropolitana;mata atlantica;1021,46;Cfb;15831
3151800;Po√ßos De Caldas;31;MG;n„o metropolitana;mata atlantica;1234,02;Cwb;172869
3151909;Pocrane;31;MG;n„o metropolitana;mata atlantica;324,6;Aw;8715
3152006;Pomp√©u;31;MG;n„o metropolitana;cerrado;676,73;Cwa;30493
3152105;Ponte Nova;31;MG;n„o metropolitana;mata atlantica;542,88;Cwa;58779
3152131;Ponto Chique;31;MG;n„o metropolitana;cerrado;529,69;As;3775
3152170;Ponto Dos Volantes;31;MG;n„o metropolitana;mata atlantica;761,14;Cwa;10584
3152204;Porteirinha;31;MG;n„o metropolitana;caatinga;655,13;As;37321
3152303;Porto Firme;31;MG;n„o metropolitana;mata atlantica;698,6;Cwa;10571
3152402;Pot√©;31;MG;n„o metropolitana;mata atlantica;628,47;Cwa;13643
3152501;Pouso Alegre;31;MG;n„o metropolitana;mata atlantica;876,71;Cfb;162028
3152600;Pouso Alto;31;MG;n„o metropolitana;mata atlantica;1043,66;Cwb;6567
3152709;Prados;31;MG;n„o metropolitana;mata atlantica;1013,72;Cwb;8964
3152808;Prata;31;MG;n„o metropolitana;cerrado;655,75;Aw;28678
3152907;Prat√°polis;31;MG;n„o metropolitana;mata atlantica;795,03;Cwa;8416
3153004;Pratinha;31;MG;n„o metropolitana;cerrado;1096,17;Cwb;3566
3153103;Presidente Bernardes;31;MG;n„o metropolitana;mata atlantica;709,6;Cwa;4845
3153202;Presidente Juscelino;31;MG;n„o metropolitana;cerrado;646,13;Cwa;3630
3153301;Presidente Kubitschek;31;MG;n„o metropolitana;mata atlantica;1160,52;Cwb;3075
3153400;Presidente Oleg√°rio;31;MG;n„o metropolitana;cerrado;834,83;Cwa;19471
3153509;Alto Jequitib√°;31;MG;n„o metropolitana;mata atlantica;940,55;Cwb;8394
3153608;Prudente De Morais;31;MG;metropolitana;cerrado;777,68;Cwa;12224
3153707;Quartel Geral;31;MG;n„o metropolitana;cerrado;712,26;Cwa;3150
3153806;Queluzito;31;MG;n„o metropolitana;mata atlantica;1000,73;Cwb;1778
3153905;Raposos;31;MG;metropolitana;mata atlantica;944,65;Cwb;16266
3154002;Raul Soares;31;MG;n„o metropolitana;mata atlantica;505,34;Cwa;23387
3154101;Recreio;31;MG;n„o metropolitana;mata atlantica;240,85;Aw;11016
3154150;Reduto;31;MG;n„o metropolitana;mata atlantica;723,97;Cwa;7865
3154200;Resende Costa;31;MG;n„o metropolitana;mata atlantica;1067,33;Cwb;11004
3154309;Resplendor;31;MG;n„o metropolitana;mata atlantica;260,76;Aw;15775
3154408;Ressaquinha;31;MG;n„o metropolitana;mata atlantica;1136,13;Cwb;4548
3154457;Riachinho;31;MG;n„o metropolitana;cerrado;643,23;Aw;8197
3154507;Riacho Dos Machados;31;MG;n„o metropolitana;cerrado;825,57;As;8757
3154606;Ribeir√£o Das Neves;31;MG;metropolitana;cerrado;855,92;Cwb;327968
3154705;Ribeir√£o Vermelho;31;MG;n„o metropolitana;mata atlantica;836,39;Cwb;3953
3154804;Rio Acima;31;MG;metropolitana;mata atlantica;1029,28;Cwb;10263
3154903;Rio Casca;31;MG;n„o metropolitana;mata atlantica;390,99;Aw;12795
3155009;Rio Doce;31;MG;n„o metropolitana;mata atlantica;483,17;Cwa;2121
3155108;Rio Do Prado;31;MG;n„o metropolitana;mata atlantica;615,35;Aw;4631
3155207;Rio Espera;31;MG;n„o metropolitana;mata atlantica;774,37;Cwb;5432
3155306;Rio Manso;31;MG;metropolitana;mata atlantica;938,1;Cwb;5527
3155405;Rio Novo;31;MG;n„o metropolitana;mata atlantica;459,29;Cwa;8450
3155504;Rio Parana√≠ba;31;MG;n„o metropolitana;cerrado;1021,47;Cwb;14602
3155603;Rio Pardo De Minas;31;MG;n„o metropolitana;cerrado;899,56;Cwa;27708
3155702;Rio Piracicaba;31;MG;n„o metropolitana;mata atlantica;753,28;Cwa;14120
3155801;Rio Pomba;31;MG;n„o metropolitana;mata atlantica;519,67;Cwa;17721
3155900;Rio Preto;31;MG;n„o metropolitana;mata atlantica;815,28;Cwb;5040
3156007;Rio Vermelho;31;MG;n„o metropolitana;mata atlantica;819,38;Cwa;12457
3156106;Rit√°polis;31;MG;n„o metropolitana;mata atlantica;1007,38;Cwb;4984
3156205;Rochedo De Minas;31;MG;n„o metropolitana;mata atlantica;461,3;Cwa;2292
3156304;Rodeiro;31;MG;n„o metropolitana;mata atlantica;408,04;Cwa;8596
3156403;Romaria;31;MG;n„o metropolitana;cerrado;980,99;Cwb;3104
3156452;Ros√°rio Da Limeira;31;MG;n„o metropolitana;mata atlantica;763,93;Cwb;4736
3156502;Rubelita;31;MG;n„o metropolitana;mata atlantica;650,23;As;5695
3156601;Rubim;31;MG;n„o metropolitana;mata atlantica;465,2;Aw;10321
3156700;Sabar√°;31;MG;metropolitana;mata atlantica;897,44;Cwb;131294
3156809;Sabin√≥polis;31;MG;n„o metropolitana;mata atlantica;813,89;Cwa;13797
3156908;Sacramento;31;MG;n„o metropolitana;cerrado;992,64;Cwb;25888
3157005;Salinas;31;MG;n„o metropolitana;mata atlantica;687,03;As;39969
3157104;Salto Da Divisa;31;MG;n„o metropolitana;mata atlantica;222,29;Aw;6015
3157203;Santa B√°rbara;31;MG;metropolitana;mata atlantica;1011,95;Cwb;29491
3157252;Santa B√°rbara Do Leste;31;MG;n„o metropolitana;mata atlantica;942,06;Cwb;7990
3157278;Santa B√°rbara Do Monte Verde;31;MG;n„o metropolitana;mata atlantica;784,88;Cwb;2963
3157302;Santa B√°rbara Do Tug√∫rio;31;MG;n„o metropolitana;mata atlantica;846;Cwb;4204
3157336;Santa Cruz De Minas;31;MG;n„o metropolitana;mata atlantica;925,33;Cwb;8074
3157377;Santa Cruz De Salinas;31;MG;n„o metropolitana;mata atlantica;842,51;Cwa;3908
3157401;Santa Cruz Do Escalvado;31;MG;n„o metropolitana;mata atlantica;468,97;Cwa;4852
3157500;Santa Efig√™nia De Minas;31;MG;n„o metropolitana;mata atlantica;625,84;Cwa;4272
3157609;Santa F√© De Minas;31;MG;n„o metropolitana;cerrado;613,24;Aw;3521
3157658;Santa Helena De Minas;31;MG;n„o metropolitana;mata atlantica;460,85;Aw;5897
3157708;Santa Juliana;31;MG;n„o metropolitana;cerrado;980,99;Cwb;15786
3157807;Santa Luzia;31;MG;metropolitana;cerrado;763,51;Cwa;213709
3157906;Santa Margarida;31;MG;n„o metropolitana;mata atlantica;900,72;Cwb;16414
3158003;Santa Maria De Itabira;31;MG;n„o metropolitana;mata atlantica;775,48;Cwa;10133
3158102;Santa Maria Do Salto;31;MG;n„o metropolitana;mata atlantica;518,02;Aw;4666
3158201;Santa Maria Do Sua√ßu√≠;31;MG;n„o metropolitana;mata atlantica;492,1;Aw;12652
3158300;Santana Da Vargem;31;MG;n„o metropolitana;mata atlantica;892,47;Cwb;6561
3158409;Santana De Cataguases;31;MG;n„o metropolitana;mata atlantica;312,39;Aw;3503
3158508;Santana De Pirapama;31;MG;n„o metropolitana;cerrado;795,15;Cwa;7014
3158607;Santana Do Deserto;31;MG;n„o metropolitana;mata atlantica;489,23;Cwa;3732
3158706;Santana Do Garamb√©u;31;MG;n„o metropolitana;mata atlantica;1091,15;Cwb;2140
3158805;Santana Do Jacar√©;31;MG;n„o metropolitana;mata atlantica;885,29;Cwb;4214
3158904;Santana Do Manhua√ßu;31;MG;n„o metropolitana;mata atlantica;666,37;Cwa;9010
3158953;Santana Do Para√≠so;31;MG;n„o metropolitana;mata atlantica;394,03;Aw;37113
3159001;Santana Do Riacho;31;MG;n„o metropolitana;cerrado;1058,99;Cwb;5754
3159100;Santana Dos Montes;31;MG;n„o metropolitana;mata atlantica;834,84;Cwb;3469
3159209;Santa Rita De Caldas;31;MG;n„o metropolitana;mata atlantica;1220,5;Cwb;8400
3159308;Santa Rita De Jacutinga;31;MG;n„o metropolitana;mata atlantica;826,21;Cwb;4768
3159357;Santa Rita De Minas;31;MG;n„o metropolitana;mata atlantica;827,61;Cwb;6214
3159407;Santa Rita De Ibitipoca;31;MG;n„o metropolitana;mata atlantica;1109,6;Cwb;3303
3159506;Santa Rita Do Itueto;31;MG;n„o metropolitana;mata atlantica;439,4;Aw;5831
3159605;Santa Rita Do Sapuca√≠;31;MG;n„o metropolitana;mata atlantica;924,11;Cwb;40719
3159704;Santa Rosa Da Serra;31;MG;n„o metropolitana;cerrado;991,91;Cwb;3414
3159803;Santa Vit√≥ria;31;MG;n„o metropolitana;cerrado;459,42;Aw;20538
3159902;Santo Ant√¥nio Do Amparo;31;MG;n„o metropolitana;mata atlantica;968,85;Cwb;16723
3160009;Santo Ant√¥nio Do Aventureiro;31;MG;n„o metropolitana;mata atlantica;582,38;Cwa;3770
3160108;Santo Ant√¥nio Do Grama;31;MG;n„o metropolitana;mata atlantica;540,47;Cwa;4229
3160207;Santo Ant√¥nio Do Itamb√©;31;MG;n„o metropolitana;mata atlantica;852,27;Cwa;3846
3160306;Santo Ant√¥nio Do Jacinto;31;MG;n„o metropolitana;mata atlantica;634,92;Aw;10251
3160405;Santo Ant√¥nio Do Monte;31;MG;n„o metropolitana;cerrado;854,03;Cwb;28345
3160454;Santo Ant√¥nio Do Retiro;31;MG;n„o metropolitana;cerrado;972,5;Cwb;6621
3160504;Santo Ant√¥nio Do Rio Abaixo;31;MG;n„o metropolitana;mata atlantica;604,93;Cwa;1808
3160603;Santo Hip√≥lito;31;MG;n„o metropolitana;cerrado;620,59;Aw;2593
3160702;Santos Dumont;31;MG;n„o metropolitana;mata atlantica;838,6;Cwb;44140
3160801;S√£o Bento Abade;31;MG;n„o metropolitana;mata atlantica;995,24;Cwb;4710
3160900;S√£o Br√°s Do Sua√ßu√≠;31;MG;n„o metropolitana;mata atlantica;937,16;Cwb;3987
3160959;S√£o Domingos Das Dores;31;MG;n„o metropolitana;mata atlantica;765,17;Cwa;5621
3161007;S√£o Domingos Do Prata;31;MG;n„o metropolitana;mata atlantica;720,19;Cwa;17399
3161056;S√£o F√©lix De Minas;31;MG;n„o metropolitana;mata atlantica;601,66;Cwa;3204
3161106;S√£o Francisco;31;MG;n„o metropolitana;cerrado;558,79;As;51321
3161205;S√£o Francisco De Paula;31;MG;n„o metropolitana;mata atlantica;967,94;Cwb;6429
3161304;S√£o Francisco De Sales;31;MG;n„o metropolitana;cerrado;442,75;Aw;5532
3161403;S√£o Francisco Do Gl√≥ria;31;MG;n„o metropolitana;mata atlantica;730,49;Cwa;4796
3161502;S√£o Geraldo;31;MG;n„o metropolitana;mata atlantica;564,92;Cwa;10270
3161601;S√£o Geraldo Da Piedade;31;MG;n„o metropolitana;mata atlantica;408,83;Aw;3307
3161650;S√£o Geraldo Do Baixio;31;MG;n„o metropolitana;mata atlantica;387,36;Aw;3104
3161700;S√£o Gon√ßalo Do Abaet√©;31;MG;n„o metropolitana;cerrado;734,32;Cwa;7152
3161809;S√£o Gon√ßalo Do Par√°;31;MG;n„o metropolitana;cerrado;738,53;Cwa;11688
3161908;S√£o Gon√ßalo Do Rio Abaixo;31;MG;metropolitana;mata atlantica;764,27;Cwa;12466
3162005;S√£o Gon√ßalo Do Sapuca√≠;31;MG;n„o metropolitana;mata atlantica;941;Cwb;23792
3162104;S√£o Gotardo;31;MG;n„o metropolitana;cerrado;985,62;Cwb;41114
3162203;S√£o Jo√£o Batista Do Gl√≥ria;31;MG;n„o metropolitana;cerrado;880,4;Cwa;7455
3162252;S√£o Jo√£o Da Lagoa;31;MG;n„o metropolitana;cerrado;823,3;Cwa;4818
3162302;S√£o Jo√£o Da Mata;31;MG;n„o metropolitana;mata atlantica;1056,43;Cfb;2803
3162401;S√£o Jo√£o Da Ponte;31;MG;n„o metropolitana;caatinga;648,05;As;23840
3162450;S√£o Jo√£o Das Miss√µes;31;MG;n„o metropolitana;caatinga;667,83;As;12986
3162500;S√£o Jo√£o Del Rei;31;MG;n„o metropolitana;mata atlantica;1006,67;Cwb;93778
3162559;S√£o Jo√£o Do Manhua√ßu;31;MG;n„o metropolitana;mata atlantica;963,54;Cwb;11245
3162575;S√£o Jo√£o Do Manteninha;31;MG;n„o metropolitana;mata atlantica;383,07;Aw;5329
3162609;S√£o Jo√£o Do Oriente;31;MG;n„o metropolitana;mata atlantica;312,85;Aw;7049
3162658;S√£o Jo√£o Do Pacu√≠;31;MG;n„o metropolitana;cerrado;692,34;As;3884
3162708;S√£o Jo√£o Do Para√≠so;31;MG;n„o metropolitana;mata atlantica;885,22;Cwa;20502
3162807;S√£o Jo√£o Evangelista;31;MG;n„o metropolitana;mata atlantica;748,63;Cwa;14864
3162906;S√£o Jo√£o Nepomuceno;31;MG;n„o metropolitana;mata atlantica;500,75;Cwa;24970
3162922;S√£o Joaquim De Bicas;31;MG;metropolitana;mata atlantica;838,79;Cwa;34677
3162948;S√£o Jos√© Da Barra;31;MG;n„o metropolitana;cerrado;800,53;Cwa;7862
3162955;S√£o Jos√© Da Lapa;31;MG;metropolitana;cerrado;780,88;Cwa;27125
3163003;S√£o Jos√© Da Safira;31;MG;n„o metropolitana;mata atlantica;424,44;Aw;3769
3163102;S√£o Jos√© Da Varginha;31;MG;metropolitana;cerrado;783,89;Cwa;4392
3163201;S√£o Jos√© Do Alegre;31;MG;n„o metropolitana;mata atlantica;883,13;Cwb;4125
3163300;S√£o Jos√© Do Divino;31;MG;n„o metropolitana;mata atlantica;418,2;Aw;3437
3163409;S√£o Jos√© Do Goiabal;31;MG;n„o metropolitana;mata atlantica;349,16;Aw;5400
3163508;S√£o Jos√© Do Jacuri;31;MG;n„o metropolitana;mata atlantica;656,78;Cwa;6098
3163607;S√£o Jos√© Do Mantimento;31;MG;n„o metropolitana;mata atlantica;531,2;Cwa;2768
3163706;S√£o Louren√ßo;31;MG;n„o metropolitana;mata atlantica;945,81;Cwb;44432
3163805;S√£o Miguel Do Anta;31;MG;n„o metropolitana;mata atlantica;742,28;Cwa;6219
3163904;S√£o Pedro Da Uni√£o;31;MG;n„o metropolitana;mata atlantica;1074,28;Cwb;4869
3164001;S√£o Pedro Dos Ferros;31;MG;n„o metropolitana;mata atlantica;342,03;Aw;7122
3164100;S√£o Pedro Do Sua√ßu√≠;31;MG;n„o metropolitana;mata atlantica;591,37;Aw;5108
3164209;S√£o Rom√£o;31;MG;n„o metropolitana;cerrado;530,28;Aw;9783
3164308;S√£o Roque De Minas;31;MG;n„o metropolitana;cerrado;1048,04;Cwb;6893
3164407;S√£o Sebasti√£o Da Bela Vista;31;MG;n„o metropolitana;mata atlantica;901,9;Cwb;6390
3164431;S√£o Sebasti√£o Da Vargem Alegre;31;MG;n„o metropolitana;mata atlantica;814,37;Cwb;3113
3164472;S√£o Sebasti√£o Do Anta;31;MG;n„o metropolitana;mata atlantica;663,3;Cwa;6195
3164506;S√£o Sebasti√£o Do Maranh√£o;31;MG;n„o metropolitana;mata atlantica;618,99;Aw;9918
3164605;S√£o Sebasti√£o Do Oeste;31;MG;n„o metropolitana;cerrado;816,06;Cwa;8819
3164704;S√£o Sebasti√£o Do Para√≠so;31;MG;n„o metropolitana;mata atlantica;928,19;Cwb;70976
3164803;S√£o Sebasti√£o Do Rio Preto;31;MG;n„o metropolitana;mata atlantica;637,43;Cwa;1231
3164902;S√£o Sebasti√£o Do Rio Verde;31;MG;n„o metropolitana;mata atlantica;934,11;Cwb;2299
3165008;S√£o Tiago;31;MG;n„o metropolitana;mata atlantica;1007,32;Cwb;11741
3165107;S√£o Tom√°s De Aquino;31;MG;n„o metropolitana;mata atlantica;920;Cwb;6745
3165206;S√£o Thom√© Das Letras;31;MG;n„o metropolitana;mata atlantica;1027,06;Cwb;6782
3165305;S√£o Vicente De Minas;31;MG;n„o metropolitana;mata atlantica;993,19;Cwb;6669
3165404;Sapuca√≠-Mirim;31;MG;n„o metropolitana;mata atlantica;1390,98;Cwb;6288
3165503;Sardo√°;31;MG;n„o metropolitana;mata atlantica;783,36;Cwa;4774
3165537;Sarzedo;31;MG;metropolitana;mata atlantica;954,49;Cwb;36581
3165552;Setubinha;31;MG;n„o metropolitana;mata atlantica;921,55;Cwb;9797
3165560;Sem-Peixe;31;MG;n„o metropolitana;mata atlantica;492,3;Aw;2382
3165578;Senador Amaral;31;MG;n„o metropolitana;mata atlantica;1468,55;Cwb;6208
3165602;Senador Cortes;31;MG;n„o metropolitana;mata atlantica;643,06;Cwa;2237
3165701;Senador Firmino;31;MG;n„o metropolitana;mata atlantica;740,04;Cwa;7716
3165800;Senador Jos√© Bento;31;MG;n„o metropolitana;mata atlantica;965,91;Cfb;2071
3165909;Senador Modestino Gon√ßalves;31;MG;n„o metropolitana;cerrado;845,87;Cwa;3926
3166006;Senhora De Oliveira;31;MG;n„o metropolitana;mata atlantica;795,7;Cwb;5295
3166105;Senhora Do Porto;31;MG;n„o metropolitana;mata atlantica;767,96;Cwa;3032
3166204;Senhora Dos Rem√©dios;31;MG;n„o metropolitana;mata atlantica;898,48;Cwb;9925
3166303;Sericita;31;MG;n„o metropolitana;mata atlantica;985,5;Cwb;7345
3166402;Seritinga;31;MG;n„o metropolitana;mata atlantica;1092,42;Cwb;1812
3166501;Serra Azul De Minas;31;MG;n„o metropolitana;mata atlantica;873,45;Cwa;3906
3166600;Serra Da Saudade;31;MG;n„o metropolitana;cerrado;736,68;Cwa;836
3166709;Serra Dos Aimor√©s;31;MG;n„o metropolitana;mata atlantica;203,21;Aw;6847
3166808;Serra Do Salitre;31;MG;n„o metropolitana;cerrado;964,23;Cwb;13152
3166907;Serrania;31;MG;n„o metropolitana;mata atlantica;884,69;Cwb;7518
3166956;Serran√≥polis De Minas;31;MG;n„o metropolitana;caatinga;811,92;As;4398
3167004;Serranos;31;MG;n„o metropolitana;mata atlantica;1067,65;Cwb;1952
3167103;Serro;31;MG;n„o metropolitana;mata atlantica;977,57;Cwb;21813
3167202;Sete Lagoas;31;MG;metropolitana;cerrado;794,94;Cwa;233398
3167301;Silveir√¢nia;31;MG;n„o metropolitana;mata atlantica;670,55;Cwa;2322
3167400;Silvian√≥polis;31;MG;n„o metropolitana;mata atlantica;885,53;Cwb;6061
3167509;Sim√£o Pereira;31;MG;n„o metropolitana;mata atlantica;488,55;Cwa;2913
3167608;Simon√©sia;31;MG;n„o metropolitana;mata atlantica;854,21;Cwb;19807
3167707;Sobr√°lia;31;MG;n„o metropolitana;mata atlantica;299,8;Aw;4893
3167806;Soledade De Minas;31;MG;n„o metropolitana;mata atlantica;963,41;Cwb;5602
3167905;Tabuleiro;31;MG;n„o metropolitana;mata atlantica;558,34;Cwa;3926
3168002;Taiobeiras;31;MG;n„o metropolitana;cerrado;814,26;Cwa;33071
3168051;Taparuba;31;MG;n„o metropolitana;mata atlantica;361,28;Aw;3390
3168101;Tapira;31;MG;n„o metropolitana;cerrado;1150,67;Cwb;3975
3168200;Tapira√≠;31;MG;n„o metropolitana;cerrado;949,99;Cwb;1689
3168309;Taquara√ßu De Minas;31;MG;metropolitana;cerrado;864,32;Cwb;4135
3168408;Tarumirim;31;MG;n„o metropolitana;mata atlantica;410,51;Aw;11900
3168507;Teixeiras;31;MG;n„o metropolitana;mata atlantica;709,99;Cwa;12105
3168606;Te√≥filo Otoni;31;MG;n„o metropolitana;mata atlantica;447,81;Aw;142030
3168705;Tim√≥teo;31;MG;n„o metropolitana;mata atlantica;359,49;Aw;77856
3168804;Tiradentes;31;MG;n„o metropolitana;mata atlantica;950,88;Cwb;7508
3168903;Tiros;31;MG;n„o metropolitana;cerrado;869,05;Cwa;8152
3169000;Tocantins;31;MG;n„o metropolitana;mata atlantica;408,98;Cwa;14912
3169059;Tocos Do Moji;31;MG;n„o metropolitana;mata atlantica;1181,8;Cwb;4086
3169109;Toledo;31;MG;n„o metropolitana;mata atlantica;1194,95;Cfb;7190
3169208;Tombos;31;MG;n„o metropolitana;mata atlantica;479,65;Cwa;8621
3169307;Tr√™s Cora√ß√µes;31;MG;n„o metropolitana;mata atlantica;912,13;Cwb;75313
3169356;Tr√™s Marias;31;MG;n„o metropolitana;cerrado;735,34;Cwa;28320
3169406;Tr√™s Pontas;31;MG;n„o metropolitana;mata atlantica;894,7;Cwb;53511
3169505;Tumiritinga;31;MG;n„o metropolitana;mata atlantica;236,62;Aw;5611
3169604;Tupaciguara;31;MG;n„o metropolitana;cerrado;719,46;Aw;25500
3169703;Turmalina;31;MG;n„o metropolitana;cerrado;748,45;Cwa;19933
3169802;Turvol√¢ndia;31;MG;n„o metropolitana;mata atlantica;893,33;Cwb;4859
3169901;Ub√°;31;MG;n„o metropolitana;mata atlantica;484,12;Cwa;98705
3170008;Uba√≠;31;MG;n„o metropolitana;cerrado;595;As;11606
3170057;Ubaporanga;31;MG;n„o metropolitana;mata atlantica;718,45;Cwa;12805
3170107;Uberaba;31;MG;n„o metropolitana;cerrado;811,23;Cwa;359090
3170206;Uberl√¢ndia;31;MG;metropolitana;cerrado;810,38;Cwa;725536
3170305;Umburatiba;31;MG;n„o metropolitana;mata atlantica;308,06;Aw;2686
3170404;Una√≠;31;MG;metropolitana;cerrado;760,89;Aw;86867
3170438;Uni√£o De Minas;31;MG;n„o metropolitana;cerrado;453,87;Aw;3671
3170479;Uruana De Minas;31;MG;n„o metropolitana;cerrado;750,26;Aw;3268
3170503;Uruc√¢nia;31;MG;n„o metropolitana;mata atlantica;471,19;Cwa;10480
3170529;Urucuia;31;MG;n„o metropolitana;cerrado;578,44;Aw;17433
3170578;Vargem Alegre;31;MG;n„o metropolitana;mata atlantica;451,87;Aw;6195
3170602;Vargem Bonita;31;MG;n„o metropolitana;cerrado;953,75;Cwb;1984
3170651;Vargem Grande Do Rio Pardo;31;MG;n„o metropolitana;cerrado;954,42;Cwb;4631
3170701;Varginha;31;MG;n„o metropolitana;mata atlantica;925,68;Cwb;137078
3170750;Varj√£o De Minas;31;MG;n„o metropolitana;cerrado;843,05;Cwa;7023
3170800;V√°rzea Da Palma;31;MG;n„o metropolitana;cerrado;600,63;Aw;32885
3170909;Varzel√¢ndia;31;MG;n„o metropolitana;caatinga;652,86;As;18842
3171006;Vazante;31;MG;n„o metropolitana;cerrado;679,53;Aw;20771
3171030;Verdel√¢ndia;31;MG;n„o metropolitana;caatinga;520,06;As;7348
3171071;Veredinha;31;MG;n„o metropolitana;cerrado;778,68;Cwa;5148
3171105;Ver√≠ssimo;31;MG;n„o metropolitana;cerrado;733,69;Cwa;3289
3171154;Vermelho Novo;31;MG;n„o metropolitana;mata atlantica;686,17;Cwa;4916
3171204;Vespasiano;31;MG;metropolitana;cerrado;798,2;Cwa;137821
3171303;Vi√ßosa;31;MG;n„o metropolitana;mata atlantica;720,75;Cwa;85119
3171402;Vieiras;31;MG;n„o metropolitana;mata atlantica;635,33;Cwa;3701
3171501;Mathias Lobato;31;MG;n„o metropolitana;mata atlantica;264,82;Aw;2912
3171600;Virgem Da Lapa;31;MG;n„o metropolitana;cerrado;530,08;As;11513
3171709;Virg√≠nia;31;MG;n„o metropolitana;mata atlantica;1245,93;Cwb;8933
3171808;Virgin√≥polis;31;MG;n„o metropolitana;mata atlantica;807,39;Cwa;10336
3171907;Virgol√¢ndia;31;MG;n„o metropolitana;mata atlantica;527,16;Aw;4848
3172004;Visconde Do Rio Branco;31;MG;n„o metropolitana;mata atlantica;403,57;Cwa;38493
3172103;Volta Grande;31;MG;n„o metropolitana;mata atlantica;270,48;Cwa;4367
3172202;Wenceslau Braz;31;MG;n„o metropolitana;mata atlantica;1234,78;Cwb;2279
3200102;Afonso Cl√°udio;32;ES;n„o metropolitana;mata atlantica;681,82;Cfa;30603
3200136;√Åguia Branca;32;ES;n„o metropolitana;mata atlantica;290,2;Aw;9714
3200169;√Ågua Doce Do Norte;32;ES;n„o metropolitana;mata atlantica;438,55;Aw;12038
3200201;Alegre;32;ES;n„o metropolitana;mata atlantica;502,75;Cfa;26397
3200300;Alfredo Chaves;32;ES;n„o metropolitana;mata atlantica;657,45;Cfa;13303
3200359;Alto Rio Novo;32;ES;n„o metropolitana;mata atlantica;589,2;Cfa;7438
3200409;Anchieta;32;ES;n„o metropolitana;mata atlantica;70,04;Aw;29613
3200508;Apiac√°;32;ES;n„o metropolitana;mata atlantica;359,56;Cfa;7178
3200607;Aracruz;32;ES;n„o metropolitana;mata atlantica;40,56;Aw;99336
3200706;At√≠lio Vivacqua;32;ES;n„o metropolitana;mata atlantica;190,38;Aw;11218
3200805;Baixo Guandu;32;ES;n„o metropolitana;mata atlantica;340,86;Aw;30676
3200904;Barra De S√£o Francisco;32;ES;n„o metropolitana;mata atlantica;290,51;Aw;40753
3201001;Boa Esperan√ßa;32;ES;n„o metropolitana;mata atlantica;132,53;Aw;13134
3201100;Bom Jesus Do Norte;32;ES;n„o metropolitana;mata atlantica;248,17;Aw;9832
3201159;Brejetuba;32;ES;n„o metropolitana;mata atlantica;918,44;Cfb;12933
3201209;Cachoeiro De Itapemirim;32;ES;n„o metropolitana;mata atlantica;191,94;Aw;196133
3201308;Cariacica;32;ES;metropolitana;mata atlantica;194,28;Am;375500
3201407;Castelo;32;ES;n„o metropolitana;mata atlantica;575,03;Cfb;39372
3201506;Colatina;32;ES;n„o metropolitana;mata atlantica;190,25;Aw;124575
3201605;Concei√ß√£o Da Barra;32;ES;n„o metropolitana;mata atlantica;39,07;Af;27947
3201704;Concei√ß√£o Do Castelo;32;ES;n„o metropolitana;mata atlantica;801,62;Cfb;12219
3201803;Divino De S√£o Louren√ßo;32;ES;n„o metropolitana;mata atlantica;942,09;Cwb;5089
3201902;Domingos Martins;32;ES;n„o metropolitana;mata atlantica;872,84;Cfb;35937
3202009;Dores Do Rio Preto;32;ES;n„o metropolitana;mata atlantica;994,93;Cwb;6669
3202108;Ecoporanga;32;ES;n„o metropolitana;mata atlantica;291,75;Aw;21995
3202207;Fund√£o;32;ES;metropolitana;mata atlantica;123,94;Am;17884
3202256;Governador Lindenberg;32;ES;n„o metropolitana;mata atlantica;232,98;Aw;11073
3202306;Gua√ßu√≠;32;ES;n„o metropolitana;mata atlantica;726,86;Cfa;28727
3202405;Guarapari;32;ES;metropolitana;mata atlantica;188,47;Am;132915
3202454;Ibatiba;32;ES;n„o metropolitana;mata atlantica;876,94;Cwb;25296
3202504;Ibira√ßu;32;ES;n„o metropolitana;mata atlantica;272,42;Aw;12561
3202553;Ibitirama;32;ES;n„o metropolitana;mata atlantica;1144,55;Cwb;9550
3202603;Iconha;32;ES;n„o metropolitana;mata atlantica;373,5;Cfa;12055
3202652;Irupi;32;ES;n„o metropolitana;mata atlantica;863,89;Cwb;13328
3202702;Itagua√ßu;32;ES;n„o metropolitana;mata atlantica;331,17;Aw;14368
3202801;Itapemirim;32;ES;n„o metropolitana;mata atlantica;31,44;Aw;45801
3202900;Itarana;32;ES;n„o metropolitana;mata atlantica;616,67;Cfb;12452
3203007;I√∫na;32;ES;n„o metropolitana;mata atlantica;967,83;Cwb;27846
3203056;Jaguar√©;32;ES;n„o metropolitana;mata atlantica;49,88;Aw;28911
3203106;Jer√¥nimo Monteiro;32;ES;n„o metropolitana;mata atlantica;292,7;Aw;11627
3203130;Jo√£o Neiva;32;ES;n„o metropolitana;mata atlantica;242,11;Aw;15431
3203163;Laranja Da Terra;32;ES;n„o metropolitana;mata atlantica;372,77;Aw;11068
3203205;Linhares;32;ES;n„o metropolitana;mata atlantica;45,29;Aw;171265
3203304;Manten√≥polis;32;ES;n„o metropolitana;mata atlantica;619,49;Cfa;12259
3203320;Marata√≠zes;32;ES;n„o metropolitana;mata atlantica;22,34;Aw;46198
3203346;Marechal Floriano;32;ES;n„o metropolitana;mata atlantica;785,55;Cfb;19594
3203353;Maril√¢ndia;32;ES;n„o metropolitana;mata atlantica;165,15;Aw;12975
3203403;Mimoso Do Sul;32;ES;n„o metropolitana;mata atlantica;267,95;Aw;24769
3203502;Montanha;32;ES;n„o metropolitana;mata atlantica;149,47;Am;18851
3203601;Mucurici;32;ES;n„o metropolitana;mata atlantica;236,98;Aw;5467
3203700;Muniz Freire;32;ES;n„o metropolitana;mata atlantica;758,62;Cfa;18169
3203809;Muqui;32;ES;n„o metropolitana;mata atlantica;455,02;Cfa;15736
3203908;Nova Ven√©cia;32;ES;n„o metropolitana;mata atlantica;180,56;Aw;48220
3204005;Pancas;32;ES;n„o metropolitana;mata atlantica;338,84;Aw;18923
3204054;Pedro Can√°rio;32;ES;n„o metropolitana;mata atlantica;80,75;Af;21343
3204104;Pinheiros;32;ES;n„o metropolitana;mata atlantica;117,05;Am;23674
3204203;Pi√∫ma;32;ES;n„o metropolitana;mata atlantica;19,65;Aw;21124
3204252;Ponto Belo;32;ES;n„o metropolitana;mata atlantica;209,67;Aw;6486
3204302;Presidente Kennedy;32;ES;n„o metropolitana;mata atlantica;39,38;Aw;14718
3204351;Rio Bananal;32;ES;n„o metropolitana;mata atlantica;146,89;Aw;19035
3204401;Rio Novo Do Sul;32;ES;n„o metropolitana;mata atlantica;253,04;Aw;11017
3204500;Santa Leopoldina;32;ES;n„o metropolitana;mata atlantica;452,11;Cfa;15830
3204559;Santa Maria De Jetib√°;32;ES;n„o metropolitana;mata atlantica;901,36;Cfb;46523
3204609;Santa Teresa;32;ES;n„o metropolitana;mata atlantica;605,87;Cfb;25755
3204658;S√£o Domingos Do Norte;32;ES;n„o metropolitana;mata atlantica;193,69;Aw;8588
3204708;S√£o Gabriel Da Palha;32;ES;n„o metropolitana;mata atlantica;176,73;Aw;34198
3204807;S√£o Jos√© Do Cal√ßado;32;ES;n„o metropolitana;mata atlantica;500,39;Cfa;10875
3204906;S√£o Mateus;32;ES;n„o metropolitana;mata atlantica;64,56;Aw;122386
3204955;S√£o Roque Do Cana√£;32;ES;n„o metropolitana;mata atlantica;299,01;Aw;10594
3205002;Serra;32;ES;metropolitana;mata atlantica;44,52;Am;546405
3205010;Sooretama;32;ES;n„o metropolitana;mata atlantica;78,52;Aw;27255
3205036;Vargem Alta;32;ES;n„o metropolitana;mata atlantica;721,28;Cfb;22285
3205069;Venda Nova Do Imigrante;32;ES;n„o metropolitana;mata atlantica;947,28;Cfb;23964
3205101;Viana;32;ES;metropolitana;mata atlantica;160,97;Am;71443
3205150;Vila Pav√£o;32;ES;n„o metropolitana;mata atlantica;193,97;Aw;8890
3205176;Vila Val√©rio;32;ES;n„o metropolitana;mata atlantica;142,74;Aw;14764
3205200;Vila Velha;32;ES;metropolitana;mata atlantica;15,85;Am;493242
3205309;Vit√≥ria;32;ES;metropolitana;mata atlantica;22,09;Am;331785
3300100;Angra Dos Reis;33;RJ;n„o metropolitana;mata atlantica;243,68;Cfa;181228
3300159;Aperib√©;33;RJ;n„o metropolitana;mata atlantica;113,08;Aw;10893
3300209;Araruama;33;RJ;n„o metropolitana;mata atlantica;28,17;Aw;126726
3300225;Areal;33;RJ;n„o metropolitana;mata atlantica;610,22;Cfa;11765
3300233;Arma√ß√£o Dos B√∫zios;33;RJ;n„o metropolitana;mata atlantica;19,42;Aw;39033
3300258;Arraial Do Cabo;33;RJ;n„o metropolitana;mata atlantica;3,8;Aw;31030
3300308;Barra Do Pira√≠;33;RJ;n„o metropolitana;mata atlantica;506,73;Cwa;91025
3300407;Barra Mansa;33;RJ;n„o metropolitana;mata atlantica;507,96;Cwa;166654
3300456;Belford Roxo;33;RJ;metropolitana;mata atlantica;24,49;Am;446731
3300506;Bom Jardim;33;RJ;n„o metropolitana;mata atlantica;814,51;Cwb;28166
3300605;Bom Jesus Do Itabapoana;33;RJ;n„o metropolitana;mata atlantica;347,16;Aw;35797
3300704;Cabo Frio;33;RJ;n„o metropolitana;mata atlantica;11,45;Aw;214057
3300803;Cachoeiras De Macacu;33;RJ;metropolitana;mata atlantica;272,92;Aw;53887
3300902;Cambuci;33;RJ;n„o metropolitana;mata atlantica;255,36;Aw;14245
3300936;Carapebus;33;RJ;n„o metropolitana;mata atlantica;25,48;Aw;13360
3300951;Comendador Levy Gasparian;33;RJ;n„o metropolitana;mata atlantica;464,18;Cwa;8769
3301009;Campos Dos Goytacazes;33;RJ;n„o metropolitana;mata atlantica;74,69;Aw;474667
3301108;Cantagalo;33;RJ;n„o metropolitana;mata atlantica;392,26;Cwa;19443
3301157;Cardoso Moreira;33;RJ;n„o metropolitana;mata atlantica;92,36;Aw;12686
3301207;Carmo;33;RJ;n„o metropolitana;mata atlantica;393,47;Cwa;17149
3301306;Casimiro De Abreu;33;RJ;n„o metropolitana;mata atlantica;142,5;Aw;45570
3301405;Concei√ß√£o De Macabu;33;RJ;n„o metropolitana;mata atlantica;158,6;Aw;20814
3301504;Cordeiro;33;RJ;n„o metropolitana;mata atlantica;559,62;Cwa;20843
3301603;Duas Barras;33;RJ;n„o metropolitana;mata atlantica;772,51;Cwb;11102
3301702;Duque De Caxias;33;RJ;metropolitana;mata atlantica;138,89;Af;782799
3301801;Engenheiro Paulo De Frontin;33;RJ;n„o metropolitana;mata atlantica;515,62;Cfa;11822
3301850;Guapimirim;33;RJ;metropolitana;mata atlantica;148,77;Am;50409
3301876;Iguaba Grande;33;RJ;n„o metropolitana;mata atlantica;21,37;Aw;27651
3301900;Itabora√≠;33;RJ;metropolitana;mata atlantica;49,01;Aw;231004
3302007;Itagua√≠;33;RJ;metropolitana;mata atlantica;1,67;Aw;132867
3302056;Italva;33;RJ;n„o metropolitana;mata atlantica;117,75;Aw;13729
3302106;Itaocara;33;RJ;n„o metropolitana;mata atlantica;144,59;Aw;22989
3302205;Itaperuna;33;RJ;n„o metropolitana;mata atlantica;192,76;Aw;99300
3302254;Itatiaia;33;RJ;n„o metropolitana;mata atlantica;985,57;Cwa;30766
3302270;Japeri;33;RJ;metropolitana;mata atlantica;43,83;Am;96595
3302304;Laje Do Muria√©;33;RJ;n„o metropolitana;mata atlantica;328,62;Aw;6767
3302403;Maca√©;33;RJ;n„o metropolitana;mata atlantica;236,87;Aw;262692
3302452;Macuco;33;RJ;n„o metropolitana;mata atlantica;416,63;Cfa;5446
3302502;Mag√©;33;RJ;metropolitana;mata atlantica;172,69;Am;248208
3302601;Mangaratiba;33;RJ;n„o metropolitana;mata atlantica;101,13;Cfa;38953
3302700;Maric√°;33;RJ;metropolitana;mata atlantica;63,08;Aw;223938
3302809;Mendes;33;RJ;n„o metropolitana;mata atlantica;503,84;Cfa;17461
3302858;Mesquita;33;RJ;metropolitana;mata atlantica;194,7;Am;168849
3302908;Miguel Pereira;33;RJ;n„o metropolitana;mata atlantica;679,82;Cfb;26301
3303005;Miracema;33;RJ;n„o metropolitana;mata atlantica;243,87;Aw;26644
3303104;Natividade;33;RJ;n„o metropolitana;mata atlantica;295,1;Aw;14938
3303203;Nil√≥polis;33;RJ;metropolitana;mata atlantica;25,74;Aw;150281
3303302;Niter√≥i;33;RJ;metropolitana;mata atlantica;74,72;Am;523664
3303401;Nova Friburgo;33;RJ;n„o metropolitana;mata atlantica;1089,47;Cwb;204625
3303500;Nova Igua√ßu;33;RJ;metropolitana;mata atlantica;214,83;Af;819134
3303609;Paracambi;33;RJ;metropolitana;mata atlantica;160,78;Aw;41146
3303708;Para√≠ba Do Sul;33;RJ;n„o metropolitana;mata atlantica;522,27;Cwa;41786
3303807;Paraty;33;RJ;n„o metropolitana;mata atlantica;561,45;Cfb;50592
3303856;Paty Do Alferes;33;RJ;n„o metropolitana;mata atlantica;673,02;Cfa;29390
3303906;Petr√≥polis;33;RJ;n„o metropolitana;mata atlantica;1001,38;Cfb;304758
3303955;Pinheiral;33;RJ;n„o metropolitana;mata atlantica;441,39;Cwa;24553
3304003;Pira√≠;33;RJ;n„o metropolitana;mata atlantica;448,32;Cfa;27996
3304102;Porci√∫ncula;33;RJ;n„o metropolitana;mata atlantica;541,79;Cwa;16958
3304110;Porto Real;33;RJ;n„o metropolitana;mata atlantica;430,09;Cwa;20375
3304128;Quatis;33;RJ;n„o metropolitana;mata atlantica;541,1;Cwa;12646
3304144;Queimados;33;RJ;metropolitana;mata atlantica;39,33;Am;139194
3304151;Quissam√£;33;RJ;n„o metropolitana;mata atlantica;8,74;Aw;21749
3304201;Resende;33;RJ;n„o metropolitana;mata atlantica;700,7;Cwa;128460
3304300;Rio Bonito;33;RJ;metropolitana;mata atlantica;156,22;Aw;55068
3304409;Rio Claro;33;RJ;n„o metropolitana;mata atlantica;676,9;Cwa;18544
3304508;Rio Das Flores;33;RJ;n„o metropolitana;mata atlantica;538,13;Cwa;9387
3304524;Rio Das Ostras;33;RJ;n„o metropolitana;mata atlantica;36,21;Aw;149562
3304557;Rio De Janeiro;33;RJ;metropolitana;mata atlantica;13,58;Am;6625849
3304607;Santa Maria Madalena;33;RJ;n„o metropolitana;mata atlantica;384,74;Aw;9704
3304706;Santo Ant√¥nio De P√°dua;33;RJ;n„o metropolitana;mata atlantica;175,28;Aw;40870
3304755;S√£o Francisco De Itabapoana;33;RJ;n„o metropolitana;mata atlantica;24,35;Aw;44939
3304805;S√£o Fid√©lis;33;RJ;n„o metropolitana;mata atlantica;281,82;Aw;38711
3304904;S√£o Gon√ßalo;33;RJ;metropolitana;mata atlantica;57,39;Aw;929446
3305000;S√£o Jo√£o Da Barra;33;RJ;n„o metropolitana;mata atlantica;4,36;Aw;36518
3305109;S√£o Jo√£o De Meriti;33;RJ;metropolitana;mata atlantica;29,74;Am;393773
3305133;S√£o Jos√© De Ub√°;33;RJ;n„o metropolitana;mata atlantica;238,05;Aw;7070
3305158;S√£o Jos√© Do Vale Do Rio Preto;33;RJ;n„o metropolitana;mata atlantica;788,56;Cwb;22125
3305208;S√£o Pedro Da Aldeia;33;RJ;n„o metropolitana;mata atlantica;21,63;Aw;102290
3305307;S√£o Sebasti√£o Do Alto;33;RJ;n„o metropolitana;mata atlantica;250,73;Aw;7707
3305406;Sapucaia;33;RJ;n„o metropolitana;mata atlantica;588,46;Cwa;18585
3305505;Saquarema;33;RJ;n„o metropolitana;mata atlantica;56,67;Aw;88755
3305554;Serop√©dica;33;RJ;metropolitana;mata atlantica;40,04;Aw;85359
3305604;Silva Jardim;33;RJ;n„o metropolitana;mata atlantica;140,05;Aw;21509
3305703;Sumidouro;33;RJ;n„o metropolitana;mata atlantica;828,95;Cwb;18286
3305752;Tangu√°;33;RJ;metropolitana;mata atlantica;145,04;Aw;31169
3305802;Teres√≥polis;33;RJ;n„o metropolitana;mata atlantica;1055,44;Cfb;189036
3305901;Trajano De Moraes;33;RJ;n„o metropolitana;mata atlantica;767,46;Cfb;10303
3306008;Tr√™s Rios;33;RJ;n„o metropolitana;mata atlantica;424,86;Cwa;76789
3306107;Valen√ßa;33;RJ;n„o metropolitana;mata atlantica;638,59;Cwa;72264
3306156;Varre-Sai;33;RJ;n„o metropolitana;mata atlantica;680,6;Cfa;10209
3306206;Vassouras;33;RJ;n„o metropolitana;mata atlantica;517,14;Cwa;38081
3306305;Volta Redonda;33;RJ;n„o metropolitana;mata atlantica;453,85;Cwa;270543
3500105;Adamantina;35;SP;n„o metropolitana;mata atlantica;388,46;Aw;34357
3500204;Adolfo;35;SP;n„o metropolitana;mata atlantica;401,09;Aw;4339
3500303;Agua√≠;35;SP;n„o metropolitana;mata atlantica;651,53;Cwa;31561
3500402;√Åguas Da Prata;35;SP;n„o metropolitana;mata atlantica;1187,88;Cwb;7075
3500501;√Åguas De Lind√≥ia;35;SP;n„o metropolitana;mata atlantica;903,71;Cwb;18859
3500550;√Åguas De Santa B√°rbara;35;SP;n„o metropolitana;cerrado;634,69;Cfa;7118
3500600;√Åguas De S√£o Pedro;35;SP;n„o metropolitana;mata atlantica;494;Cfa;3097
3500709;Agudos;35;SP;n„o metropolitana;cerrado;602,87;Cfa;37525
3500758;Alambari;35;SP;n„o metropolitana;mata atlantica;606,72;Cfa;6086
3500808;Alfredo Marcondes;35;SP;n„o metropolitana;mata atlantica;393,38;Aw;4458
3500907;Altair;35;SP;n„o metropolitana;mata atlantica;501,13;Aw;3383
3501004;Altin√≥polis;35;SP;n„o metropolitana;cerrado;741,13;Cwa;16845
3501103;Alto Alegre;35;SP;n„o metropolitana;mata atlantica;434,27;Aw;3837
3501152;Alum√≠nio;35;SP;n„o metropolitana;mata atlantica;834,47;Cfb;17170
3501202;√Ålvares Florence;35;SP;n„o metropolitana;mata atlantica;474,15;Aw;3881
3501301;√Ålvares Machado;35;SP;n„o metropolitana;mata atlantica;402,3;Aw;27361
3501400;√Ålvaro De Carvalho;35;SP;n„o metropolitana;mata atlantica;527,93;Cfa;4716
3501509;Alvinl√¢ndia;35;SP;n„o metropolitana;mata atlantica;580,04;Cfa;2893
3501608;Americana;35;SP;n„o metropolitana;mata atlantica;573,22;Cfa;243674
3501707;Am√©rico Brasiliense;35;SP;n„o metropolitana;cerrado;636,27;Cwa;31996
3501806;Am√©rico De Campos;35;SP;n„o metropolitana;mata atlantica;480,34;Aw;5790
3501905;Amparo;35;SP;n„o metropolitana;mata atlantica;796,6;Cfb;69952
3502002;Anal√¢ndia;35;SP;n„o metropolitana;cerrado;793,5;Cwa;4577
3502101;Andradina;35;SP;n„o metropolitana;mata atlantica;363,08;Aw;59464
3502200;Angatuba;35;SP;n„o metropolitana;cerrado;648,49;Cfa;23928
3502309;Anhembi;35;SP;n„o metropolitana;cerrado;517,08;Cfa;5659
3502408;Anhumas;35;SP;n„o metropolitana;mata atlantica;424,18;Cfa;4005
3502507;Aparecida;35;SP;n„o metropolitana;mata atlantica;773,48;Cwa;32927
3502606;Aparecida D'oeste;35;SP;n„o metropolitana;mata atlantica;371,85;Aw;4030
3502705;Apia√≠;35;SP;n„o metropolitana;mata atlantica;867,29;Cfb;24978
3502754;Ara√ßariguama;35;SP;n„o metropolitana;mata atlantica;761,56;Cfb;22673
3502804;Ara√ßatuba;35;SP;n„o metropolitana;mata atlantica;380,05;Aw;213929
3502903;Ara√ßoiaba Da Serra;35;SP;n„o metropolitana;mata atlantica;618,04;Cfa;32922
3503000;Aramina;35;SP;n„o metropolitana;cerrado;571,37;Aw;5419
3503109;Arandu;35;SP;n„o metropolitana;mata atlantica;621,75;Cfa;6654
3503158;Arape√≠;35;SP;n„o metropolitana;mata atlantica;835,8;Cwa;2469
3503208;Araraquara;35;SP;n„o metropolitana;cerrado;639,62;Cwa;250304
3503307;Araras;35;SP;n„o metropolitana;mata atlantica;654,3;Cwa;131300
3503356;Arco-√çris;35;SP;n„o metropolitana;mata atlantica;416,85;Aw;2044
3503406;Arealva;35;SP;n„o metropolitana;cerrado;505,34;Cfa;8079
3503505;Areias;35;SP;n„o metropolitana;mata atlantica;1030,95;Cwa;3616
3503604;Arei√≥polis;35;SP;n„o metropolitana;mata atlantica;621,67;Cfa;9805
3503703;Ariranha;35;SP;n„o metropolitana;mata atlantica;564,49;Cwa;7595
3503802;Artur Nogueira;35;SP;n„o metropolitana;mata atlantica;614,73;Cwa;55352
3503901;Aruj√°;35;SP;metropolitana;mata atlantica;771,98;Cfb;97595
3503950;Asp√°sia;35;SP;n„o metropolitana;mata atlantica;429,19;Aw;1860
3504008;Assis;35;SP;n„o metropolitana;cerrado;534,54;Cfa;100447
3504107;Atibaia;35;SP;n„o metropolitana;mata atlantica;844,97;Cfb;171672
3504206;Auriflama;35;SP;n„o metropolitana;mata atlantica;407,51;Aw;13432
3504305;Ava√≠;35;SP;n„o metropolitana;mata atlantica;500,09;Cfa;4553
3504404;Avanhandava;35;SP;n„o metropolitana;mata atlantica;429,52;Aw;11257
3504503;Avar√©;35;SP;n„o metropolitana;cerrado;702,76;Cfa;92659
3504602;Bady Bassitt;35;SP;n„o metropolitana;mata atlantica;488,22;Aw;26991
3504701;Balbinos;35;SP;n„o metropolitana;mata atlantica;477,7;Cfa;3886
3504800;B√°lsamo;35;SP;n„o metropolitana;mata atlantica;536,28;Aw;9598
3504909;Bananal;35;SP;n„o metropolitana;mata atlantica;934,72;Cfb;9690
3505005;Bar√£o De Antonina;35;SP;n„o metropolitana;mata atlantica;538,36;Cfa;3533
3505104;Barbosa;35;SP;n„o metropolitana;mata atlantica;391,79;Aw;5623
3505203;Bariri;35;SP;n„o metropolitana;mata atlantica;482,65;Cwa;31584
3505302;Barra Bonita;35;SP;n„o metropolitana;mata atlantica;524,09;Cfa;34430
3505351;Barra Do Chap√©u;35;SP;n„o metropolitana;mata atlantica;816,03;Cfb;5135
3505401;Barra Do Turvo;35;SP;n„o metropolitana;mata atlantica;630;Cfb;7318
3505500;Barretos;35;SP;n„o metropolitana;cerrado;523,97;Aw;119427
3505609;Barrinha;35;SP;n„o metropolitana;mata atlantica;552,67;Cwa;32465
3505708;Barueri;35;SP;metropolitana;mata atlantica;780,34;Cfb;342613
3505807;Bastos;35;SP;n„o metropolitana;mata atlantica;426,49;Aw;21516
3505906;Batatais;35;SP;n„o metropolitana;mata atlantica;802,86;Cwa;59342
3506003;Bauru;35;SP;metropolitana;cerrado;532,11;Cfa;388686
3506102;Bebedouro;35;SP;n„o metropolitana;cerrado;575,24;Cwa;75709
3506201;Bento De Abreu;35;SP;n„o metropolitana;mata atlantica;390,81;Aw;2606
3506300;Bernardino De Campos;35;SP;n„o metropolitana;mata atlantica;608,23;Cfa;11623
3506359;Bertioga;35;SP;n„o metropolitana;mata atlantica;249,04;Af;64018
3506409;Bilac;35;SP;n„o metropolitana;mata atlantica;439,51;Aw;7310
3506508;Birigui;35;SP;n„o metropolitana;mata atlantica;408,05;Aw;118365
3506607;Biritiba Mirim;35;SP;metropolitana;mata atlantica;794,64;Cfb;30195
3506706;Boa Esperan√ßa Do Sul;35;SP;n„o metropolitana;cerrado;515,63;Cwa;12722
3506805;Bocaina;35;SP;n„o metropolitana;mata atlantica;535,72;Cwa;11265
3506904;Bofete;35;SP;n„o metropolitana;cerrado;617,26;Cfa;9943
3507001;Boituva;35;SP;n„o metropolitana;mata atlantica;572,61;Cfa;64799
3507100;Bom Jesus Dos Perd√µes;35;SP;n„o metropolitana;mata atlantica;975,96;Cfb;24365
3507159;Bom Sucesso De Itarar√©;35;SP;n„o metropolitana;mata atlantica;961,21;Cfb;3585
3507209;Bor√°;35;SP;n„o metropolitana;mata atlantica;484,52;Cfa;877
3507308;Borac√©ia;35;SP;n„o metropolitana;mata atlantica;476,6;Cwa;4720
3507407;Borborema;35;SP;n„o metropolitana;mata atlantica;443,18;Aw;13366
3507456;Borebi;35;SP;n„o metropolitana;cerrado;659,49;Cfa;2722
3507506;Botucatu;35;SP;n„o metropolitana;cerrado;692,04;Cfa;145272
3507605;Bragan√ßa Paulista;35;SP;n„o metropolitana;mata atlantica;858,46;Cfb;181556
3507704;Bra√∫na;35;SP;n„o metropolitana;mata atlantica;445,78;Aw;5358
3507753;Brejo Alegre;35;SP;n„o metropolitana;mata atlantica;386,29;Aw;2561
3507803;Brodowski;35;SP;n„o metropolitana;mata atlantica;676;Cwa;25334
3507902;Brotas;35;SP;n„o metropolitana;cerrado;707,94;Cwa;23751
3508009;Buri;35;SP;n„o metropolitana;mata atlantica;652,04;Cfa;20038
3508108;Buritama;35;SP;n„o metropolitana;mata atlantica;382,38;Aw;17203
3508207;Buritizal;35;SP;n„o metropolitana;cerrado;767,02;Cwa;4253
3508306;Cabr√°lia Paulista;35;SP;n„o metropolitana;cerrado;565,42;Cfa;4299
3508405;Cabre√∫va;35;SP;n„o metropolitana;mata atlantica;807,72;Cfb;45941
3508504;Ca√ßapava;35;SP;n„o metropolitana;mata atlantica;634,38;Cfa;96530
3508603;Cachoeira Paulista;35;SP;n„o metropolitana;mata atlantica;683,94;Cwa;32390
3508702;Caconde;35;SP;n„o metropolitana;mata atlantica;916,66;Cwb;16947
3508801;Cafel√¢ndia;35;SP;n„o metropolitana;mata atlantica;454,09;Aw;16478
3508900;Caiabu;35;SP;n„o metropolitana;mata atlantica;377,02;Aw;3712
3509007;Caieiras;35;SP;metropolitana;mata atlantica;855,95;Cfb;98600
3509106;Caiu√°;35;SP;n„o metropolitana;mata atlantica;336,43;Aw;5437
3509205;Cajamar;35;SP;metropolitana;mata atlantica;801,63;Cfb;101500
3509254;Cajati;35;SP;n„o metropolitana;mata atlantica;368,7;Cfa;28834
3509304;Cajobi;35;SP;n„o metropolitana;mata atlantica;518,34;Aw;9129
3509403;Cajuru;35;SP;n„o metropolitana;cerrado;718,05;Cwa;23845
3509452;Campina Do Monte Alegre;35;SP;n„o metropolitana;cerrado;625,59;Cfa;5992
3509502;Campinas;35;SP;metropolitana;mata atlantica;669,51;Cfa;1170247
3509601;Campo Limpo Paulista;35;SP;n„o metropolitana;mata atlantica;837,48;Cfb;81355
3509700;Campos Do Jord√£o;35;SP;n„o metropolitana;mata atlantica;1601,42;Cfb;45177
3509809;Campos Novos Paulista;35;SP;n„o metropolitana;cerrado;527,17;Cfa;4837
3509908;Canan√©ia;35;SP;n„o metropolitana;mata atlantica;104,36;Cfa;13615
3509957;Canas;35;SP;n„o metropolitana;mata atlantica;588,78;Cwa;4954
3510005;C√¢ndido Mota;35;SP;n„o metropolitana;mata atlantica;433,23;Cfa;29530
3510104;C√¢ndido Rodrigues;35;SP;n„o metropolitana;mata atlantica;553,17;Cwa;2907
3510153;Canitar;35;SP;n„o metropolitana;mata atlantica;465,06;Cfa;6369
3510203;Cap√£o Bonito;35;SP;n„o metropolitana;mata atlantica;732,42;Cfa;46215
3510302;Capela Do Alto;35;SP;n„o metropolitana;mata atlantica;586,4;Cfa;22679
3510401;Capivari;35;SP;n„o metropolitana;mata atlantica;571,35;Cfa;50954
3510500;Caraguatatuba;35;SP;n„o metropolitana;mata atlantica;351,26;Cfa;132558
3510609;Carapicu√≠ba;35;SP;metropolitana;mata atlantica;780,11;Cfb;406221
3510708;Cardoso;35;SP;n„o metropolitana;mata atlantica;425,9;Aw;11288
3510807;Casa Branca;35;SP;n„o metropolitana;mata atlantica;658,51;Cwa;28107
3510906;C√°ssia Dos Coqueiros;35;SP;n„o metropolitana;cerrado;939,94;Cwb;2777
3511003;Castilho;35;SP;n„o metropolitana;mata atlantica;316,33;Aw;19902
3511102;Catanduva;35;SP;n„o metropolitana;mata atlantica;533,41;Cwa;114953
3511201;Catigu√°;35;SP;n„o metropolitana;mata atlantica;531,73;Aw;7004
3511300;Cedral;35;SP;n„o metropolitana;mata atlantica;519,75;Aw;11922
3511409;Cerqueira C√©sar;35;SP;n„o metropolitana;cerrado;676,49;Cfa;21440
3511508;Cerquilho;35;SP;n„o metropolitana;mata atlantica;558,15;Cfa;44024
3511607;Ces√°rio Lange;35;SP;n„o metropolitana;mata atlantica;582;Cfa;18811
3511706;Charqueada;35;SP;n„o metropolitana;cerrado;559,9;Cwa;15739
3511904;Clementina;35;SP;n„o metropolitana;mata atlantica;424,94;Aw;7005
3512001;Colina;35;SP;n„o metropolitana;cerrado;564,37;Aw;18411
3512100;Col√¥mbia;35;SP;n„o metropolitana;cerrado;502,08;Aw;6642
3512209;Conchal;35;SP;n„o metropolitana;cerrado;637,99;Cwa;28184
3512308;Conchas;35;SP;n„o metropolitana;mata atlantica;511,48;Cfa;17184
3512407;Cordeir√≥polis;35;SP;n„o metropolitana;mata atlantica;675,39;Cwa;26585
3512506;Coroados;35;SP;n„o metropolitana;mata atlantica;427,89;Aw;5395
3512605;Coronel Macedo;35;SP;n„o metropolitana;mata atlantica;601,42;Cfa;4226
3512704;Corumbata√≠;35;SP;n„o metropolitana;mata atlantica;681,84;Cwa;4667
3512803;Cosm√≥polis;35;SP;n„o metropolitana;mata atlantica;576,11;Cfa;59715
3512902;Cosmorama;35;SP;n„o metropolitana;mata atlantica;484,9;Aw;9315
3513009;Cotia;35;SP;metropolitana;mata atlantica;905,91;Cfb;289622
3513108;Cravinhos;35;SP;n„o metropolitana;mata atlantica;659,25;Cwa;33252
3513207;Cristais Paulista;35;SP;n„o metropolitana;mata atlantica;879,67;Cwb;9375
3513306;Cruz√°lia;35;SP;n„o metropolitana;mata atlantica;381,7;Cfa;2086
3513405;Cruzeiro;35;SP;n„o metropolitana;mata atlantica;766,27;Cwa;75592
3513504;Cubat√£o;35;SP;n„o metropolitana;mata atlantica;112,93;Af;128645
3513603;Cunha;35;SP;n„o metropolitana;mata atlantica;1083,81;Cfb;22125
3513702;Descalvado;35;SP;n„o metropolitana;cerrado;699,93;Cwa;31916
3513801;Diadema;35;SP;metropolitana;mata atlantica;796,11;Cfb;404738
3513850;Dirce Reis;35;SP;n„o metropolitana;mata atlantica;387,11;Aw;1621
3513900;Divinol√¢ndia;35;SP;n„o metropolitana;mata atlantica;1193,66;Cwb;11137
3514007;Dobrada;35;SP;n„o metropolitana;mata atlantica;605,32;Cwa;8765
3514106;Dois C√≥rregos;35;SP;n„o metropolitana;mata atlantica;636,81;Cfa;24170
3514205;Dolcin√≥polis;35;SP;n„o metropolitana;mata atlantica;449,61;Aw;2511
3514304;Dourado;35;SP;n„o metropolitana;mata atlantica;566,9;Cfa;8233
3514403;Dracena;35;SP;n„o metropolitana;mata atlantica;351,17;Aw;45248
3514502;Duartina;35;SP;n„o metropolitana;mata atlantica;561,07;Cfa;12329
3514601;Dumont;35;SP;n„o metropolitana;mata atlantica;593,66;Cwa;9476
3514700;Echapor√£;35;SP;n„o metropolitana;cerrado;542,87;Cfa;6157
3514809;Eldorado;35;SP;n„o metropolitana;mata atlantica;303,57;Cfa;13402
3514908;Elias Fausto;35;SP;n„o metropolitana;mata atlantica;577;Cfa;17832
3514924;Elisi√°rio;35;SP;n„o metropolitana;mata atlantica;484,71;Aw;3141
3514957;Emba√∫ba;35;SP;n„o metropolitana;mata atlantica;518,38;Aw;2331
3515004;Embu Das Artes;35;SP;metropolitana;mata atlantica;819,4;Cfb;277249
3515103;Embu-Gua√ßu;35;SP;metropolitana;mata atlantica;789,01;Cfb;63129
3515129;Emilian√≥polis;35;SP;n„o metropolitana;mata atlantica;347,88;Aw;3002
3515152;Engenheiro Coelho;35;SP;n„o metropolitana;mata atlantica;638,3;Cwa;20119
3515186;Esp√≠rito Santo Do Pinhal;35;SP;n„o metropolitana;mata atlantica;800,28;Cwb;39700
3515194;Esp√≠rito Santo Do Turvo;35;SP;n„o metropolitana;cerrado;534,76;Cfa;4095
3515202;Estrela D'oeste;35;SP;n„o metropolitana;mata atlantica;456,51;Aw;9405
3515301;Estrela Do Norte;35;SP;n„o metropolitana;mata atlantica;368,9;Cfa;2596
3515350;Euclides Da Cunha Paulista;35;SP;n„o metropolitana;mata atlantica;328,64;Aw;7831
3515400;Fartura;35;SP;n„o metropolitana;mata atlantica;547,93;Cfa;16782
3515509;Fernand√≥polis;35;SP;n„o metropolitana;mata atlantica;464,74;Aw;71826
3515608;Fernando Prestes;35;SP;n„o metropolitana;mata atlantica;543,35;Cwa;5925
3515657;Fern√£o;35;SP;n„o metropolitana;mata atlantica;562,49;Cfa;1660
3515707;Ferraz De Vasconcelos;35;SP;metropolitana;mata atlantica;801,78;Cfb;187253
3515806;Flora Rica;35;SP;n„o metropolitana;mata atlantica;341,5;Aw;1487
3515905;Floreal;35;SP;n„o metropolitana;mata atlantica;457,95;Aw;2735
3516002;Fl√≥rida Paulista;35;SP;n„o metropolitana;mata atlantica;372,57;Aw;13009
3516101;Flor√≠nea;35;SP;n„o metropolitana;mata atlantica;370,93;Cfa;3860
3516200;Franca;35;SP;n„o metropolitana;cerrado;909,13;Cwb;370378
3516309;Francisco Morato;35;SP;metropolitana;mata atlantica;826,79;Cfb;182265
3516408;Franco Da Rocha;35;SP;metropolitana;mata atlantica;812,99;Cfb;159367
3516507;Gabriel Monteiro;35;SP;n„o metropolitana;mata atlantica;426,01;Aw;2760
3516606;G√°lia;35;SP;n„o metropolitana;mata atlantica;592,33;Cfa;6054
3516705;Gar√ßa;35;SP;n„o metropolitana;mata atlantica;601,36;Cfa;41395
3516804;Gast√£o Vidigal;35;SP;n„o metropolitana;mata atlantica;410,14;Aw;3234
3516853;Gavi√£o Peixoto;35;SP;n„o metropolitana;cerrado;546,28;Cwa;4688
3516903;General Salgado;35;SP;n„o metropolitana;mata atlantica;428,91;Aw;10301
3517000;Getulina;35;SP;n„o metropolitana;mata atlantica;446,5;Aw;10011
3517109;Glic√©rio;35;SP;n„o metropolitana;mata atlantica;400,49;Aw;4132
3517208;Guai√ßara;35;SP;n„o metropolitana;mata atlantica;431,89;Aw;11214
3517307;Guaimb√™;35;SP;n„o metropolitana;mata atlantica;476,95;Cfa;5439
3517406;Gua√≠ra;35;SP;n„o metropolitana;mata atlantica;503,94;Aw;39351
3517505;Guapia√ßu;35;SP;n„o metropolitana;mata atlantica;519,69;Aw;21664
3517604;Guapiara;35;SP;n„o metropolitana;mata atlantica;852,75;Cfb;16579
3517703;Guar√°;35;SP;n„o metropolitana;mata atlantica;645,07;Cwa;18607
3517802;Guara√ßa√≠;35;SP;n„o metropolitana;mata atlantica;371,44;Aw;7344
3517901;Guaraci;35;SP;n„o metropolitana;cerrado;486,67;Aw;10347
3518008;Guarani D'oeste;35;SP;n„o metropolitana;mata atlantica;469,81;Aw;1948
3518107;Guarant√£;35;SP;n„o metropolitana;mata atlantica;479,46;Cfa;6427
3518206;Guararapes;35;SP;n„o metropolitana;mata atlantica;402,89;Aw;31017
3518305;Guararema;35;SP;metropolitana;mata atlantica;691,11;Cfa;32579
3518404;Guaratinguet√°;35;SP;n„o metropolitana;mata atlantica;850,19;Cwa;116847
3518503;Guare√≠;35;SP;n„o metropolitana;mata atlantica;678,93;Cfa;15027
3518602;Guariba;35;SP;n„o metropolitana;mata atlantica;599,37;Cwa;37022
3518701;Guaruj√°;35;SP;n„o metropolitana;mata atlantica;37,79;Af;311116
3518800;Guarulhos;35;SP;metropolitana;mata atlantica;806,54;Cfb;1383272
3518859;Guatapar√°;35;SP;n„o metropolitana;mata atlantica;577,6;Cwa;7435
3518909;Guzol√¢ndia;35;SP;n„o metropolitana;mata atlantica;396,7;Aw;4238
3519006;Hercul√¢ndia;35;SP;n„o metropolitana;mata atlantica;467,01;Cfa;9109
3519055;Holambra;35;SP;n„o metropolitana;mata atlantica;602,51;Cfa;16194
3519071;Hortol√¢ndia;35;SP;n„o metropolitana;mata atlantica;612,4;Cfa;246449
3519105;Iacanga;35;SP;n„o metropolitana;mata atlantica;464,04;Cwa;10104
3519204;Iacri;35;SP;n„o metropolitana;mata atlantica;437,27;Aw;6144
3519253;Iaras;35;SP;n„o metropolitana;cerrado;638,14;Cfa;8009
3519303;Ibat√©;35;SP;n„o metropolitana;cerrado;706,25;Cwa;32068
3519402;Ibir√°;35;SP;n„o metropolitana;mata atlantica;457,04;Aw;11155
3519501;Ibirarema;35;SP;n„o metropolitana;mata atlantica;459,61;Cfa;6321
3519600;Ibitinga;35;SP;n„o metropolitana;mata atlantica;461,03;Cwa;59371
3519709;Ibi√∫na;35;SP;n„o metropolitana;mata atlantica;839,75;Cfb;84820
3519808;Ic√©m;35;SP;n„o metropolitana;cerrado;472,92;Aw;7700
3519907;Iep√™;35;SP;n„o metropolitana;mata atlantica;397,52;Cfa;7596
3520004;Igara√ßu Do Tiet√™;35;SP;n„o metropolitana;mata atlantica;519,04;Cfa;22743
3520103;Igarapava;35;SP;n„o metropolitana;mata atlantica;624,65;Aw;25926
3520202;Igarat√°;35;SP;n„o metropolitana;mata atlantica;746,36;Cfb;11703
3520301;Iguape;35;SP;n„o metropolitana;mata atlantica;60,36;Af;30054
3520400;Ilhabela;35;SP;n„o metropolitana;mata atlantica;420,9;Cfa;38239
3520426;Ilha Comprida;35;SP;n„o metropolitana;mata atlantica;8,06;Cfa;13447
3520442;Ilha Solteira;35;SP;n„o metropolitana;mata atlantica;349,82;Aw;25564
3520509;Indaiatuba;35;SP;n„o metropolitana;mata atlantica;627,51;Cfa;266593
3520608;Indiana;35;SP;n„o metropolitana;mata atlantica;426,24;Aw;5094
3520707;Indiapor√£;35;SP;n„o metropolitana;mata atlantica;428,37;Aw;4087
3520806;In√∫bia Paulista;35;SP;n„o metropolitana;mata atlantica;421,59;Aw;3611
3520905;Ipaussu;35;SP;n„o metropolitana;mata atlantica;581,69;Cfa;14464
3521002;Iper√≥;35;SP;n„o metropolitana;mata atlantica;615,23;Cfa;40132
3521101;Ipe√∫na;35;SP;n„o metropolitana;mata atlantica;620,36;Cwa;7538
3521150;Ipigu√°;35;SP;n„o metropolitana;mata atlantica;505,65;Aw;6551
3521200;Iporanga;35;SP;n„o metropolitana;mata atlantica;461,89;Cfa;4053
3521309;Ipu√£;35;SP;n„o metropolitana;mata atlantica;579,22;Aw;14463
3521408;Iracem√°polis;35;SP;n„o metropolitana;mata atlantica;598,55;Cwa;21768
3521507;Irapu√£;35;SP;n„o metropolitana;mata atlantica;442,81;Aw;6927
3521606;Irapuru;35;SP;n„o metropolitana;mata atlantica;375,76;Aw;7065
3521705;Itaber√°;35;SP;n„o metropolitana;mata atlantica;654,57;Cfa;17971
3521804;Ita√≠;35;SP;n„o metropolitana;cerrado;635,54;Cfa;24856
3521903;Itajobi;35;SP;n„o metropolitana;mata atlantica;492,65;Aw;16824
3522000;Itaju;35;SP;n„o metropolitana;mata atlantica;471,86;Cwa;3652
3522109;Itanha√©m;35;SP;n„o metropolitana;mata atlantica;201,18;Af;107927
3522158;Itaoca;35;SP;n„o metropolitana;mata atlantica;379,49;Cfa;3407
3522208;Itapecerica Da Serra;35;SP;metropolitana;mata atlantica;839,82;Cfb;172898
3522307;Itapetininga;35;SP;n„o metropolitana;mata atlantica;670,94;Cfa;166959
3522406;Itapeva;35;SP;n„o metropolitana;cerrado;733,62;Cfa;95528
3522505;Itapevi;35;SP;metropolitana;mata atlantica;830,08;Cfb;239084
3522604;Itapira;35;SP;n„o metropolitana;mata atlantica;717,42;Cwa;70438
3522653;Itapirapu√£ Paulista;35;SP;n„o metropolitana;mata atlantica;673,25;Cfa;4339
3522703;It√°polis;35;SP;n„o metropolitana;mata atlantica;500,88;Cwa;39533
3522802;Itaporanga;35;SP;n„o metropolitana;mata atlantica;546,43;Cfa;14058
3522901;Itapu√≠;35;SP;n„o metropolitana;mata atlantica;491,7;Cfa;13655
3523008;Itapura;35;SP;n„o metropolitana;mata atlantica;330,61;Aw;3945
3523107;Itaquaquecetuba;35;SP;metropolitana;mata atlantica;761,39;Cfb;392218
3523206;Itarar√©;35;SP;n„o metropolitana;cerrado;764,07;Cfa;44490
3523305;Itariri;35;SP;n„o metropolitana;mata atlantica;343,04;Cfa;15225
3523404;Itatiba;35;SP;n„o metropolitana;mata atlantica;806,14;Cfb;116275
3523503;Itatinga;35;SP;n„o metropolitana;cerrado;713,57;Cfa;19219
3523602;Itirapina;35;SP;n„o metropolitana;cerrado;800,89;Cwa;16157
3523701;Itirapu√£;35;SP;n„o metropolitana;mata atlantica;899,4;Cwb;5793
3523800;Itobi;35;SP;n„o metropolitana;mata atlantica;788,37;Cwa;8044
3523909;Itu;35;SP;n„o metropolitana;mata atlantica;651,49;Cfa;176548
3524006;Itupeva;35;SP;n„o metropolitana;mata atlantica;729,57;Cfa;72711
3524105;Ituverava;35;SP;n„o metropolitana;mata atlantica;635,88;Cwa;37375
3524204;Jaborandi;35;SP;n„o metropolitana;mata atlantica;519,41;Aw;6223
3524303;Jaboticabal;35;SP;n„o metropolitana;mata atlantica;589,04;Cwa;72001
3524402;Jacare√≠;35;SP;n„o metropolitana;mata atlantica;633,61;Cfa;251591
3524501;Jaci;35;SP;n„o metropolitana;mata atlantica;477,07;Aw;7618
3524600;Jacupiranga;35;SP;n„o metropolitana;mata atlantica;174,17;Cfa;16850
3524709;Jaguari√∫na;35;SP;n„o metropolitana;mata atlantica;600,19;Cfa;60816
3524808;Jales;35;SP;n„o metropolitana;mata atlantica;449,62;Aw;48766
3524907;Jambeiro;35;SP;n„o metropolitana;mata atlantica;749,87;Cfb;6421
3525003;Jandira;35;SP;metropolitana;mata atlantica;790,94;Cfb;127476
3525102;Jardin√≥polis;35;SP;n„o metropolitana;mata atlantica;574,77;Cwa;45328
3525201;Jarinu;35;SP;n„o metropolitana;mata atlantica;817,14;Cfb;40302
3525300;Ja√∫;35;SP;n„o metropolitana;mata atlantica;564,47;Cfa;132351
3525409;Jeriquara;35;SP;n„o metropolitana;cerrado;868,79;Cwa;3785
3525508;Joan√≥polis;35;SP;n„o metropolitana;mata atlantica;1091,14;Cfb;12820
3525607;Jo√£o Ramalho;35;SP;n„o metropolitana;mata atlantica;471,16;Cfa;4381
3525706;Jos√© Bonif√°cio;35;SP;n„o metropolitana;mata atlantica;427,13;Aw;36502
3525805;J√∫lio Mesquita;35;SP;n„o metropolitana;mata atlantica;503,05;Cfa;4254
3525854;Jumirim;35;SP;n„o metropolitana;mata atlantica;533,74;Cfa;3052
3525904;Jundia√≠;35;SP;n„o metropolitana;mata atlantica;824,63;Cfb;459789
3526001;Junqueir√≥polis;35;SP;n„o metropolitana;mata atlantica;351,86;Aw;20395
3526100;Juqui√°;35;SP;n„o metropolitana;mata atlantica;171,48;Cfa;19390
3526209;Juquitiba;35;SP;metropolitana;mata atlantica;739,69;Cfb;26372
3526308;Lagoinha;35;SP;n„o metropolitana;mata atlantica;903,98;Cwb;5071
3526407;Laranjal Paulista;35;SP;n„o metropolitana;mata atlantica;523,03;Cfa;28981
3526506;Lav√≠nia;35;SP;n„o metropolitana;mata atlantica;378,72;Aw;9596
3526605;Lavrinhas;35;SP;n„o metropolitana;mata atlantica;832,44;Cwa;7258
3526704;Leme;35;SP;n„o metropolitana;mata atlantica;642,63;Cwa;97516
3526803;Len√ß√≥is Paulista;35;SP;n„o metropolitana;cerrado;648,42;Cfa;65696
3526902;Limeira;35;SP;n„o metropolitana;mata atlantica;588,38;Cwa;305169
3527009;Lind√≥ia;35;SP;n„o metropolitana;mata atlantica;774,21;Cwa;6994
3527108;Lins;35;SP;n„o metropolitana;mata atlantica;447,17;Aw;74068
3527207;Lorena;35;SP;n„o metropolitana;mata atlantica;756,67;Cwa;84988
3527256;Lourdes;35;SP;n„o metropolitana;mata atlantica;398,1;Aw;1926
3527306;Louveira;35;SP;n„o metropolitana;mata atlantica;734,1;Cfa;53526
3527405;Luc√©lia;35;SP;n„o metropolitana;mata atlantica;391,64;Aw;20046
3527504;Lucian√≥polis;35;SP;n„o metropolitana;cerrado;539,23;Cfa;2361
3527603;Lu√≠s Ant√¥nio;35;SP;n„o metropolitana;cerrado;609,58;Cwa;13680
3527702;Luizi√¢nia;35;SP;n„o metropolitana;mata atlantica;402,16;Aw;4711
3527801;Lup√©rcio;35;SP;n„o metropolitana;mata atlantica;581,19;Cfa;3935
3527900;Lut√©cia;35;SP;n„o metropolitana;mata atlantica;502,12;Cfa;2555
3528007;Macatuba;35;SP;n„o metropolitana;mata atlantica;545,01;Cfa;16489
3528106;Macaubal;35;SP;n„o metropolitana;mata atlantica;448,6;Aw;7460
3528205;Maced√¥nia;35;SP;n„o metropolitana;mata atlantica;456,93;Aw;3961
3528304;Magda;35;SP;n„o metropolitana;mata atlantica;446,2;Aw;3159
3528403;Mairinque;35;SP;n„o metropolitana;mata atlantica;819,77;Cfb;48097
3528502;Mairipor√£;35;SP;metropolitana;mata atlantica;908,1;Cfb;113573
3528601;Manduri;35;SP;n„o metropolitana;mata atlantica;658,37;Cfa;9852
3528700;Marab√° Paulista;35;SP;n„o metropolitana;mata atlantica;375,42;Aw;4531
3528809;Maraca√≠;35;SP;n„o metropolitana;mata atlantica;420,52;Cfa;12700
3528858;Marapoama;35;SP;n„o metropolitana;mata atlantica;475,81;Aw;3295
3528908;Mari√°polis;35;SP;n„o metropolitana;mata atlantica;355,78;Aw;3450
3529005;Mar√≠lia;35;SP;n„o metropolitana;mata atlantica;508,45;Cfa;238605
3529104;Marin√≥polis;35;SP;n„o metropolitana;mata atlantica;373,48;Aw;1889
3529203;Martin√≥polis;35;SP;n„o metropolitana;cerrado;431,77;Cfa;24896
3529302;Mat√£o;35;SP;n„o metropolitana;mata atlantica;584,59;Cwa;77149
3529401;Mau√°;35;SP;metropolitana;mata atlantica;809,54;Cfb;383280
3529500;Mendon√ßa;35;SP;n„o metropolitana;mata atlantica;424,21;Aw;6170
3529609;Meridiano;35;SP;n„o metropolitana;mata atlantica;446,35;Aw;4545
3529658;Mes√≥polis;35;SP;n„o metropolitana;mata atlantica;391,78;Aw;1930
3529708;Miguel√≥polis;35;SP;n„o metropolitana;mata atlantica;524,71;Aw;19119
3529807;Mineiros Do Tiet√™;35;SP;n„o metropolitana;mata atlantica;600,1;Cfa;11233
3529906;Miracatu;35;SP;n„o metropolitana;mata atlantica;326,51;Cfa;20234
3530003;Mira Estrela;35;SP;n„o metropolitana;mata atlantica;412,65;Aw;3075
3530102;Mirand√≥polis;35;SP;n„o metropolitana;mata atlantica;379,83;Aw;27936
3530201;Mirante Do Paranapanema;35;SP;n„o metropolitana;mata atlantica;363,07;Aw;15482
3530300;Mirassol;35;SP;n„o metropolitana;mata atlantica;519,32;Aw;63555
3530409;Mirassol√¢ndia;35;SP;n„o metropolitana;mata atlantica;494,59;Aw;4605
3530508;Mococa;35;SP;n„o metropolitana;mata atlantica;665,16;Cwa;65469
3530607;Mogi Das Cruzes;35;SP;metropolitana;mata atlantica;784,32;Cfb;471602
3530706;Mogi Gua√ßu;35;SP;n„o metropolitana;mata atlantica;648,75;Cwa;154487
3530805;Mogi Mirim;35;SP;n„o metropolitana;mata atlantica;658,95;Cwa;90997
3530904;Mombuca;35;SP;n„o metropolitana;mata atlantica;549,77;Cfa;3724
3531001;Mon√ß√µes;35;SP;n„o metropolitana;mata atlantica;421,81;Aw;1948
3531100;Mongagu√°;35;SP;n„o metropolitana;mata atlantica;117,97;Af;61062
3531209;Monte Alegre Do Sul;35;SP;n„o metropolitana;mata atlantica;889,19;Cfb;8057
3531308;Monte Alto;35;SP;n„o metropolitana;mata atlantica;610,72;Cwa;47478
3531407;Monte Apraz√≠vel;35;SP;n„o metropolitana;mata atlantica;485,16;Aw;21470
3531506;Monte Azul Paulista;35;SP;n„o metropolitana;mata atlantica;547,57;Aw;18152
3531605;Monte Castelo;35;SP;n„o metropolitana;mata atlantica;325,43;Aw;4219
3531704;Monteiro Lobato;35;SP;n„o metropolitana;mata atlantica;894,6;Cfb;4127
3531803;Monte Mor;35;SP;n„o metropolitana;mata atlantica;584,67;Cfa;68781
3531902;Morro Agudo;35;SP;n„o metropolitana;mata atlantica;541,44;Aw;26806
3532009;Morungaba;35;SP;n„o metropolitana;mata atlantica;852,14;Cfb;14590
3532058;Motuca;35;SP;n„o metropolitana;mata atlantica;593,2;Cwa;4034
3532108;Murutinga Do Sul;35;SP;n„o metropolitana;mata atlantica;377,3;Aw;3675
3532157;Nantes;35;SP;n„o metropolitana;mata atlantica;399,45;Cfa;2627
3532207;Narandiba;35;SP;n„o metropolitana;mata atlantica;373,65;Cfa;5703
3532306;Natividade Da Serra;35;SP;n„o metropolitana;mata atlantica;839,75;Cfb;6963
3532405;Nazar√© Paulista;35;SP;n„o metropolitana;mata atlantica;908,81;Cfb;21214
3532504;Neves Paulista;35;SP;n„o metropolitana;mata atlantica;498,97;Aw;9719
3532603;Nhandeara;35;SP;n„o metropolitana;mata atlantica;459,78;Aw;9670
3532702;Nipo√£;35;SP;n„o metropolitana;mata atlantica;457,95;Aw;4756
3532801;Nova Alian√ßa;35;SP;n„o metropolitana;mata atlantica;449,28;Aw;6712
3532827;Nova Campina;35;SP;n„o metropolitana;mata atlantica;901,51;Cfb;8445
3532843;Nova Cana√£ Paulista;35;SP;n„o metropolitana;mata atlantica;381,25;Aw;2031
3532868;Nova Castilho;35;SP;n„o metropolitana;mata atlantica;404,9;Aw;1059
3532900;Nova Europa;35;SP;n„o metropolitana;mata atlantica;525,35;Cwa;9638
3533007;Nova Granada;35;SP;n„o metropolitana;mata atlantica;501,98;Aw;19358
3533106;Nova Guataporanga;35;SP;n„o metropolitana;mata atlantica;374,71;Aw;2151
3533205;Nova Independ√™ncia;35;SP;n„o metropolitana;mata atlantica;324,12;Aw;4619
3533254;Novais;35;SP;n„o metropolitana;mata atlantica;535,6;Aw;4410
3533304;Nova Luzit√¢nia;35;SP;n„o metropolitana;mata atlantica;389,23;Aw;2837
3533403;Nova Odessa;35;SP;n„o metropolitana;mata atlantica;591,95;Cfa;61935
3533502;Novo Horizonte;35;SP;n„o metropolitana;mata atlantica;430,24;Aw;38539
3533601;Nuporanga;35;SP;n„o metropolitana;mata atlantica;734,44;Cwa;7370
3533700;Ocau√ßu;35;SP;n„o metropolitana;cerrado;547,2;Cfa;4329
3533809;√ìleo;35;SP;n„o metropolitana;mata atlantica;638,45;Cfa;2508
3533908;Ol√≠mpia;35;SP;n„o metropolitana;mata atlantica;513,55;Aw;56037
3534005;Onda Verde;35;SP;n„o metropolitana;mata atlantica;516,12;Aw;4770
3534104;Oriente;35;SP;n„o metropolitana;mata atlantica;492,93;Cfa;6073
3534203;Orindi√∫va;35;SP;n„o metropolitana;cerrado;466,47;Aw;6022
3534302;Orl√¢ndia;35;SP;n„o metropolitana;mata atlantica;697,13;Cwa;37916
3534401;Osasco;35;SP;metropolitana;mata atlantica;765,32;Cfb;777048
3534500;Oscar Bressane;35;SP;n„o metropolitana;mata atlantica;486,47;Cfa;2475
3534609;Osvaldo Cruz;35;SP;n„o metropolitana;mata atlantica;418,83;Aw;31222
3534708;Ourinhos;35;SP;n„o metropolitana;mata atlantica;445,4;Cfa;108678
3534757;Ouroeste;35;SP;n„o metropolitana;mata atlantica;434,48;Aw;10288
3534807;Ouro Verde;35;SP;n„o metropolitana;mata atlantica;325,97;Aw;7766
3534906;Pacaembu;35;SP;n„o metropolitana;mata atlantica;368,98;Aw;12682
3535002;Palestina;35;SP;n„o metropolitana;mata atlantica;480,1;Aw;11259
3535101;Palmares Paulista;35;SP;n„o metropolitana;mata atlantica;550,03;Cwa;9475
3535200;Palmeira D'oeste;35;SP;n„o metropolitana;mata atlantica;386,18;Aw;8904
3535309;Palmital;35;SP;n„o metropolitana;mata atlantica;444,22;Cfa;19559
3535408;Panorama;35;SP;n„o metropolitana;mata atlantica;308,07;Aw;14942
3535507;Paragua√ßu Paulista;35;SP;n„o metropolitana;cerrado;475,41;Cfa;41062
3535606;Paraibuna;35;SP;n„o metropolitana;mata atlantica;815,52;Cfb;18107
3535705;Para√≠so;35;SP;n„o metropolitana;mata atlantica;536,13;Aw;6099
3535804;Paranapanema;35;SP;n„o metropolitana;cerrado;626,25;Cfa;19412
3535903;Paranapu√£;35;SP;n„o metropolitana;mata atlantica;418,31;Aw;4044
3536000;Parapu√£;35;SP;n„o metropolitana;mata atlantica;431,09;Aw;10577
3536109;Pardinho;35;SP;n„o metropolitana;mata atlantica;789,16;Cfb;7107
3536208;Pariquera-A√ßu;35;SP;n„o metropolitana;mata atlantica;52,71;Cfa;19260
3536257;Parisi;35;SP;n„o metropolitana;mata atlantica;454,8;Aw;2895
3536307;Patroc√≠nio Paulista;35;SP;n„o metropolitana;cerrado;804,35;Cwa;14527
3536406;Paulic√©ia;35;SP;n„o metropolitana;mata atlantica;293,76;Aw;7944
3536505;Paul√≠nia;35;SP;n„o metropolitana;mata atlantica;592,67;Cfa;115870
3536570;Paulist√¢nia;35;SP;n„o metropolitana;cerrado;568,2;Cfa;2098
3536604;Paulo De Faria;35;SP;n„o metropolitana;cerrado;469,08;Aw;7416
3536703;Pederneiras;35;SP;n„o metropolitana;cerrado;527,76;Cfa;43897
3536802;Pedra Bela;35;SP;n„o metropolitana;mata atlantica;1113,5;Cfb;6558
3536901;Pedran√≥polis;35;SP;n„o metropolitana;mata atlantica;452,73;Aw;2774
3537008;Pedregulho;35;SP;n„o metropolitana;cerrado;844,95;Cwa;15580
3537107;Pedreira;35;SP;n„o metropolitana;mata atlantica;725,49;Cfa;43084
3537156;Pedrinhas Paulista;35;SP;n„o metropolitana;mata atlantica;354,07;Cfa;2790
3537206;Pedro De Toledo;35;SP;n„o metropolitana;mata atlantica;364,23;Cfa;11387
3537305;Pen√°polis;35;SP;n„o metropolitana;mata atlantica;417,62;Aw;62093
3537404;Pereira Barreto;35;SP;n„o metropolitana;mata atlantica;353,56;Aw;23871
3537503;Pereiras;35;SP;n„o metropolitana;mata atlantica;555,56;Cfa;9520
3537602;Peru√≠be;35;SP;n„o metropolitana;mata atlantica;101,96;Af;69321
3537701;Piacatu;35;SP;n„o metropolitana;mata atlantica;390,46;Aw;5511
3537800;Piedade;35;SP;n„o metropolitana;mata atlantica;914,44;Cfb;51542
3537909;Pilar Do Sul;35;SP;n„o metropolitana;mata atlantica;763,37;Cfb;29785
3538006;Pindamonhangaba;35;SP;n„o metropolitana;mata atlantica;728,53;Cwa;164932
3538105;Pindorama;35;SP;n„o metropolitana;mata atlantica;547,58;Cwa;14590
3538204;Pinhalzinho;35;SP;n„o metropolitana;mata atlantica;966,88;Cfb;14971
3538303;Piquerobi;35;SP;n„o metropolitana;mata atlantica;361,98;Aw;3267
3538501;Piquete;35;SP;n„o metropolitana;mata atlantica;884,16;Cwb;12597
3538600;Piracaia;35;SP;n„o metropolitana;mata atlantica;914,36;Cfb;29876
3538709;Piracicaba;35;SP;n„o metropolitana;mata atlantica;536,53;Cfa;434432
3538808;Piraju;35;SP;n„o metropolitana;mata atlantica;618,62;Cfa;29027
3538907;Piraju√≠;35;SP;n„o metropolitana;mata atlantica;486,38;Cfa;22451
3539004;Pirangi;35;SP;n„o metropolitana;mata atlantica;552,25;Cwa;10885
3539103;Pirapora Do Bom Jesus;35;SP;metropolitana;mata atlantica;778,1;Cfb;20578
3539202;Pirapozinho;35;SP;n„o metropolitana;mata atlantica;372,3;Cfa;25376
3539301;Pirassununga;35;SP;n„o metropolitana;cerrado;639,53;Cwa;73436
3539400;Piratininga;35;SP;n„o metropolitana;mata atlantica;566,95;Cfa;15120
3539509;Pitangueiras;35;SP;n„o metropolitana;mata atlantica;547,42;Cwa;33731
3539608;Planalto;35;SP;n„o metropolitana;mata atlantica;421,93;Aw;4392
3539707;Platina;35;SP;n„o metropolitana;cerrado;519,47;Cfa;2990
3539806;Po√°;35;SP;metropolitana;mata atlantica;766,22;Cfb;109450
3539905;Poloni;35;SP;n„o metropolitana;mata atlantica;493,71;Aw;5592
3540002;Pomp√©ia;35;SP;n„o metropolitana;mata atlantica;466,32;Cfa;20171
3540101;Ponga√≠;35;SP;n„o metropolitana;mata atlantica;455,76;Aw;3395
3540200;Pontal;35;SP;n„o metropolitana;mata atlantica;522,38;Aw;37526
3540259;Pontalinda;35;SP;n„o metropolitana;mata atlantica;392,83;Aw;4129
3540309;Pontes Gestal;35;SP;n„o metropolitana;mata atlantica;452,51;Aw;2332
3540408;Populina;35;SP;n„o metropolitana;mata atlantica;410,52;Aw;4154
3540507;Porangaba;35;SP;n„o metropolitana;mata atlantica;564,64;Cfa;9634
3540606;Porto Feliz;35;SP;n„o metropolitana;mata atlantica;560,41;Cfa;59306
3540705;Porto Ferreira;35;SP;n„o metropolitana;cerrado;603,06;Cwa;52551
3540754;Potim;35;SP;n„o metropolitana;mata atlantica;545,73;Cwa;20342
3540804;Potirendaba;35;SP;n„o metropolitana;mata atlantica;453,13;Aw;20227
3540853;Pracinha;35;SP;n„o metropolitana;mata atlantica;360,81;Aw;2581
3540903;Prad√≥polis;35;SP;n„o metropolitana;mata atlantica;555,67;Cwa;17035
3541000;Praia Grande;35;SP;n„o metropolitana;mata atlantica;108,83;Af;344834
3541059;Prat√¢nia;35;SP;n„o metropolitana;cerrado;744,03;Cfa;5127
3541109;Presidente Alves;35;SP;n„o metropolitana;mata atlantica;522,98;Cfa;3819
3541208;Presidente Bernardes;35;SP;n„o metropolitana;mata atlantica;381,43;Aw;14371
3541307;Presidente Epit√°cio;35;SP;n„o metropolitana;mata atlantica;314,51;Aw;38992
3541406;Presidente Prudente;35;SP;n„o metropolitana;mata atlantica;390,65;Aw;226692
3541505;Presidente Venceslau;35;SP;n„o metropolitana;mata atlantica;354,69;Aw;35039
3541604;Promiss√£o;35;SP;n„o metropolitana;mata atlantica;426,49;Aw;35142
3541653;Quadra;35;SP;n„o metropolitana;mata atlantica;635,64;Cfa;3341
3541703;Quat√°;35;SP;n„o metropolitana;mata atlantica;476,42;Cfa;12849
3541802;Queiroz;35;SP;n„o metropolitana;mata atlantica;424,22;Aw;3274
3541901;Queluz;35;SP;n„o metropolitana;mata atlantica;829,7;Cwa;9387
3542008;Quintana;35;SP;n„o metropolitana;mata atlantica;459,33;Cfa;7043
3542107;Rafard;35;SP;n„o metropolitana;mata atlantica;554,74;Cfa;9333
3542206;Rancharia;35;SP;n„o metropolitana;mata atlantica;450,07;Cfa;28569
3542305;Reden√ß√£o Da Serra;35;SP;n„o metropolitana;mata atlantica;829,44;Cwb;3726
3542404;Regente Feij√≥;35;SP;n„o metropolitana;mata atlantica;451,02;Cfa;20151
3542503;Regin√≥polis;35;SP;n„o metropolitana;mata atlantica;457,36;Cfa;7632
3542602;Registro;35;SP;n„o metropolitana;mata atlantica;36,42;Af;63034
3542701;Restinga;35;SP;n„o metropolitana;mata atlantica;784,44;Cwa;6440
3542800;Ribeira;35;SP;n„o metropolitana;mata atlantica;499,93;Cfa;3085
3542909;Ribeir√£o Bonito;35;SP;n„o metropolitana;cerrado;622,95;Cwa;11004
3543006;Ribeir√£o Branco;35;SP;n„o metropolitana;mata atlantica;899,96;Cfb;18494
3543105;Ribeir√£o Corrente;35;SP;n„o metropolitana;cerrado;858,57;Cwa;4638
3543204;Ribeir√£o Do Sul;35;SP;n„o metropolitana;cerrado;517,39;Cfa;4667
3543238;Ribeir√£o Dos √çndios;35;SP;n„o metropolitana;mata atlantica;357,52;Aw;1999
3543253;Ribeir√£o Grande;35;SP;n„o metropolitana;mata atlantica;818,75;Cfb;7348
3543303;Ribeir√£o Pires;35;SP;metropolitana;mata atlantica;800,9;Cfb;116174
3543402;Ribeir√£o Preto;35;SP;metropolitana;mata atlantica;607,6;Cwa;702739
3543501;Riversul;35;SP;n„o metropolitana;mata atlantica;580,77;Cfa;5604
3543600;Rifaina;35;SP;n„o metropolitana;cerrado;641,17;Aw;3958
3543709;Rinc√£o;35;SP;n„o metropolitana;mata atlantica;570,92;Cwa;8731
3543808;Rin√≥polis;35;SP;n„o metropolitana;mata atlantica;409,71;Aw;9251
3543907;Rio Claro;35;SP;n„o metropolitana;mata atlantica;615,55;Cwa;206950
3544004;Rio Das Pedras;35;SP;n„o metropolitana;mata atlantica;608,54;Cfa;31503
3544103;Rio Grande Da Serra;35;SP;metropolitana;mata atlantica;791,82;Cfb;45183
3544202;Riol√¢ndia;35;SP;n„o metropolitana;mata atlantica;452,78;Aw;10358
3544251;Rosana;35;SP;n„o metropolitana;mata atlantica;307,11;Aw;17237
3544301;Roseira;35;SP;n„o metropolitana;mata atlantica;750,76;Cwa;10787
3544400;Rubi√°cea;35;SP;n„o metropolitana;mata atlantica;403,28;Aw;2680
3544509;Rubin√©ia;35;SP;n„o metropolitana;mata atlantica;348,35;Aw;3837
3544608;Sabino;35;SP;n„o metropolitana;mata atlantica;420,31;Aw;5112
3544707;Sagres;35;SP;n„o metropolitana;mata atlantica;377,75;Aw;2467
3544806;Sales;35;SP;n„o metropolitana;mata atlantica;410,39;Aw;6468
3544905;Sales Oliveira;35;SP;n„o metropolitana;mata atlantica;655,16;Cwa;11420
3545001;Sales√≥polis;35;SP;metropolitana;mata atlantica;918,25;Cfb;15289
3545100;Salmour√£o;35;SP;n„o metropolitana;mata atlantica;392,85;Aw;4758
3545159;Saltinho;35;SP;n„o metropolitana;mata atlantica;574,5;Cfa;8353
3545209;Salto;35;SP;n„o metropolitana;mata atlantica;559,4;Cfa;141988
3545308;Salto De Pirapora;35;SP;n„o metropolitana;mata atlantica;653,96;Cfa;44921
3545407;Salto Grande;35;SP;n„o metropolitana;mata atlantica;432,21;Cfa;9051
3545506;Sandovalina;35;SP;n„o metropolitana;mata atlantica;358,67;Aw;3657
3545605;Santa Ad√©lia;35;SP;n„o metropolitana;mata atlantica;521,42;Cwa;14018
3545704;Santa Albertina;35;SP;n„o metropolitana;mata atlantica;380,94;Aw;6388
3545803;Santa B√°rbara D'oeste;35;SP;n„o metropolitana;mata atlantica;584,84;Cfa;183447
3546009;Santa Branca;35;SP;n„o metropolitana;mata atlantica;766,71;Cfb;13441
3546108;Santa Clara D'oeste;35;SP;n„o metropolitana;mata atlantica;372,78;Aw;2596
3546207;Santa Cruz Da Concei√ß√£o;35;SP;n„o metropolitana;cerrado;686,79;Cwa;4179
3546256;Santa Cruz Da Esperan√ßa;35;SP;n„o metropolitana;cerrado;602,12;Cwa;2129
3546306;Santa Cruz Das Palmeiras;35;SP;n„o metropolitana;mata atlantica;652,65;Cwa;28861
3546405;Santa Cruz Do Rio Pardo;35;SP;n„o metropolitana;mata atlantica;544,41;Cfa;46105
3546504;Santa Ernestina;35;SP;n„o metropolitana;mata atlantica;607,23;Cwa;6123
3546603;Santa F√© Do Sul;35;SP;n„o metropolitana;mata atlantica;367,39;Aw;34762
3546702;Santa Gertrudes;35;SP;n„o metropolitana;mata atlantica;633,81;Cwa;23721
3546801;Santa Isabel;35;SP;metropolitana;mata atlantica;728,63;Cfb;56635
3546900;Santa L√∫cia;35;SP;n„o metropolitana;mata atlantica;622,63;Cwa;7004
3547007;Santa Maria Da Serra;35;SP;n„o metropolitana;cerrado;526,58;Cfa;5753
3547106;Santa Mercedes;35;SP;n„o metropolitana;mata atlantica;342,55;Aw;2952
3547205;Santana Da Ponte Pensa;35;SP;n„o metropolitana;mata atlantica;396,58;Aw;1669
3547304;Santana De Parna√≠ba;35;SP;metropolitana;mata atlantica;811,26;Cfb;163348
3547403;Santa Rita D'oeste;35;SP;n„o metropolitana;mata atlantica;394,08;Aw;2736
3547502;Santa Rita Do Passa Quatro;35;SP;n„o metropolitana;cerrado;674,28;Cwa;24858
3547601;Santa Rosa De Viterbo;35;SP;n„o metropolitana;cerrado;685,6;Cwa;23783
3547650;Santa Salete;35;SP;n„o metropolitana;mata atlantica;410,24;Aw;1644
3547700;Santo Anast√°cio;35;SP;n„o metropolitana;mata atlantica;385,02;Aw;17875
3547809;Santo Andr√©;35;SP;metropolitana;mata atlantica;774,23;Cfb;776640
3547908;Santo Ant√¥nio Da Alegria;35;SP;n„o metropolitana;cerrado;847,63;Cwa;6775
3548005;Santo Ant√¥nio De Posse;35;SP;n„o metropolitana;mata atlantica;645,54;Cfa;23102
3548054;Santo Ant√¥nio Do Aracangu√°;35;SP;n„o metropolitana;mata atlantica;368,65;Aw;8322
3548104;Santo Ant√¥nio Do Jardim;35;SP;n„o metropolitana;mata atlantica;931,31;Cwb;6114
3548203;Santo Ant√¥nio Do Pinhal;35;SP;n„o metropolitana;mata atlantica;1145,78;Cwb;7071
3548302;Santo Expedito;35;SP;n„o metropolitana;mata atlantica;350,84;Aw;3004
3548401;Sant√≥polis Do Aguape√≠;35;SP;n„o metropolitana;mata atlantica;388,39;Aw;3899
3548500;Santos;35;SP;n„o metropolitana;mata atlantica;260,66;Af;414029
3548609;S√£o Bento Do Sapuca√≠;35;SP;n„o metropolitana;mata atlantica;1268,52;Cwb;11427
3548708;S√£o Bernardo Do Campo;35;SP;metropolitana;mata atlantica;755,6;Cfb;832347
3548807;S√£o Caetano Do Sul;35;SP;metropolitana;mata atlantica;765,65;Cfb;166847
3548906;S√£o Carlos;35;SP;n„o metropolitana;cerrado;736,71;Cwa;256898
3549003;S√£o Francisco;35;SP;n„o metropolitana;mata atlantica;401,3;Aw;2602
3549102;S√£o Jo√£o Da Boa Vista;35;SP;n„o metropolitana;mata atlantica;802,73;Cwa;92319
3549201;S√£o Jo√£o Das Duas Pontes;35;SP;n„o metropolitana;mata atlantica;402,46;Aw;2569
3549250;S√£o Jo√£o De Iracema;35;SP;n„o metropolitana;mata atlantica;407,72;Aw;1843
3549300;S√£o Jo√£o Do Pau D'alho;35;SP;n„o metropolitana;mata atlantica;339,94;Aw;2226
3549409;S√£o Joaquim Da Barra;35;SP;n„o metropolitana;mata atlantica;650,32;Cwa;48058
3549508;S√£o Jos√© Da Bela Vista;35;SP;n„o metropolitana;mata atlantica;746,13;Cwa;7642
3549607;S√£o Jos√© Do Barreiro;35;SP;n„o metropolitana;mata atlantica;1153,66;Cfb;4313
3549706;S√£o Jos√© Do Rio Pardo;35;SP;n„o metropolitana;mata atlantica;796;Cwa;51668
3549805;S√£o Jos√© Do Rio Preto;35;SP;metropolitana;mata atlantica;528,77;Aw;475643
3549904;S√£o Jos√© Dos Campos;35;SP;metropolitana;mata atlantica;737,63;Cfa;725419
3549953;S√£o Louren√ßo Da Serra;35;SP;metropolitana;mata atlantica;802,73;Cfb;15992
3550001;S√£o Luiz Do Paraitinga;35;SP;n„o metropolitana;mata atlantica;947,12;Cfb;10181
3550100;S√£o Manuel;35;SP;n„o metropolitana;cerrado;623,76;Cfa;39467
3550209;S√£o Miguel Arcanjo;35;SP;n„o metropolitana;mata atlantica;709,94;Cfa;32062
3550308;S√£o Paulo;35;SP;metropolitana;mata atlantica;777,81;Cfb;12200180
3550407;S√£o Pedro;35;SP;n„o metropolitana;mata atlantica;590,2;Cfa;38991
3550506;S√£o Pedro Do Turvo;35;SP;n„o metropolitana;cerrado;520,87;Cfa;7155
3550605;S√£o Roque;35;SP;n„o metropolitana;mata atlantica;888,01;Cfb;85848
3550704;S√£o Sebasti√£o;35;SP;n„o metropolitana;mata atlantica;303,63;Cfa;87939
3550803;S√£o Sebasti√£o Da Grama;35;SP;n„o metropolitana;mata atlantica;1114,31;Cwb;10023
3550902;S√£o Sim√£o;35;SP;n„o metropolitana;cerrado;677,01;Cwa;13374
3551009;S√£o Vicente;35;SP;n„o metropolitana;mata atlantica;202,61;Af;334632
3551108;Sarapu√≠;35;SP;n„o metropolitana;mata atlantica;631,52;Cfa;10334
3551207;Sarutai√°;35;SP;n„o metropolitana;mata atlantica;777,56;Cfa;3713
3551306;Sebastian√≥polis Do Sul;35;SP;n„o metropolitana;mata atlantica;467,71;Aw;3184
3551405;Serra Azul;35;SP;n„o metropolitana;cerrado;621,81;Cwa;10429
3551504;Serrana;35;SP;n„o metropolitana;mata atlantica;607,68;Cwa;44495
3551603;Serra Negra;35;SP;n„o metropolitana;mata atlantica;914,72;Cfb;29915
3551702;Sert√£ozinho;35;SP;n„o metropolitana;mata atlantica;561;Cwa;127670
3551801;Sete Barras;35;SP;n„o metropolitana;mata atlantica;174,84;Cfa;13694
3551900;Sever√≠nia;35;SP;n„o metropolitana;mata atlantica;546,97;Aw;14020
3552007;Silveiras;35;SP;n„o metropolitana;mata atlantica;943,92;Cwb;6169
3552106;Socorro;35;SP;n„o metropolitana;mata atlantica;943,95;Cfb;40323
3552205;Sorocaba;35;SP;metropolitana;mata atlantica;624,7;Cfa;738128
3552304;Sud Mennucci;35;SP;n„o metropolitana;mata atlantica;365,71;Aw;6997
3552403;Sumar√©;35;SP;n„o metropolitana;mata atlantica;600,56;Cfa;294128
3552502;Suzano;35;SP;metropolitana;mata atlantica;791,47;Cfb;330710
3552551;Suzan√°polis;35;SP;n„o metropolitana;mata atlantica;362,31;Aw;3315
3552601;Tabapu√£;35;SP;n„o metropolitana;mata atlantica;523,44;Aw;11323
3552700;Tabatinga;35;SP;n„o metropolitana;mata atlantica;527,92;Cwa;14585
3552809;Tabo√£o Da Serra;35;SP;metropolitana;mata atlantica;779,77;Cfb;283419
3552908;Taciba;35;SP;n„o metropolitana;mata atlantica;401,67;Cfa;6243
3553005;Tagua√≠;35;SP;n„o metropolitana;mata atlantica;583,31;Cfa;12637
3553104;Taia√ßu;35;SP;n„o metropolitana;mata atlantica;574,29;Cwa;5677
3553203;Tai√∫va;35;SP;n„o metropolitana;cerrado;608,24;Cwa;6549
3553302;Tamba√∫;35;SP;n„o metropolitana;mata atlantica;694,4;Cwa;21475
3553401;Tanabi;35;SP;n„o metropolitana;mata atlantica;501,96;Aw;25370
3553500;Tapira√≠;35;SP;n„o metropolitana;mata atlantica;657,27;Cfa;7987
3553609;Tapiratiba;35;SP;n„o metropolitana;mata atlantica;853,09;Cwb;11730
3553658;Taquaral;35;SP;n„o metropolitana;cerrado;614,34;Cwa;2620
3553708;Taquaritinga;35;SP;n„o metropolitana;mata atlantica;558,56;Cwa;51833
3553807;Taquarituba;35;SP;n„o metropolitana;mata atlantica;632;Cfa;24366
3553856;Taquariva√≠;35;SP;n„o metropolitana;cerrado;677,05;Cfa;7057
3553906;Tarabai;35;SP;n„o metropolitana;mata atlantica;401,02;Cfa;6535
3553955;Tarum√£;35;SP;n„o metropolitana;mata atlantica;426,68;Cfa;14899
3554003;Tatu√≠;35;SP;n„o metropolitana;mata atlantica;599,47;Cfa;122991
3554102;Taubat√©;35;SP;n„o metropolitana;mata atlantica;709,72;Cwa;311912
3554201;Tejup√°;35;SP;n„o metropolitana;mata atlantica;666,22;Cfa;4139
3554300;Teodoro Sampaio;35;SP;n„o metropolitana;mata atlantica;359,4;Aw;22217
3554409;Terra Roxa;35;SP;n„o metropolitana;mata atlantica;536,38;Aw;7903
3554508;Tiet√™;35;SP;n„o metropolitana;mata atlantica;523,59;Cfa;38336
3554607;Timburi;35;SP;n„o metropolitana;mata atlantica;654,01;Cfa;2434
3554656;Torre De Pedra;35;SP;n„o metropolitana;cerrado;632,4;Cfa;2044
3554706;Torrinha;35;SP;n„o metropolitana;mata atlantica;759,69;Cfb;9303
3554755;Trabiju;35;SP;n„o metropolitana;cerrado;536,88;Cwa;1729
3554805;Trememb√©;35;SP;n„o metropolitana;mata atlantica;611,92;Cfa;51489
3554904;Tr√™s Fronteiras;35;SP;n„o metropolitana;mata atlantica;376,78;Aw;6802
3554953;Tuiuti;35;SP;n„o metropolitana;mata atlantica;842,66;Cfb;6831
3555000;Tup√£;35;SP;n„o metropolitana;mata atlantica;448,17;Cfa;63551
3555109;Tupi Paulista;35;SP;n„o metropolitana;mata atlantica;358,28;Aw;15839
3555208;Turi√∫ba;35;SP;n„o metropolitana;mata atlantica;416,15;Aw;1798
3555307;Turmalina;35;SP;n„o metropolitana;mata atlantica;453,67;Aw;1689
3555356;Ubarana;35;SP;n„o metropolitana;mata atlantica;406,4;Aw;5365
3555406;Ubatuba;35;SP;n„o metropolitana;mata atlantica;328,83;Cfa;97382
3555505;Ubirajara;35;SP;n„o metropolitana;cerrado;535,97;Cfa;5124
3555604;Uchoa;35;SP;n„o metropolitana;mata atlantica;519,49;Aw;10067
3555703;Uni√£o Paulista;35;SP;n„o metropolitana;mata atlantica;458,45;Aw;1535
3555802;Ur√¢nia;35;SP;n„o metropolitana;mata atlantica;431,98;Aw;8840
3555901;Uru;35;SP;n„o metropolitana;mata atlantica;455,01;Cwa;1387
3556008;Urup√™s;35;SP;n„o metropolitana;mata atlantica;459,36;Aw;13540
3556107;Valentim Gentil;35;SP;n„o metropolitana;mata atlantica;459,5;Aw;14132
3556206;Valinhos;35;SP;n„o metropolitana;mata atlantica;757,51;Cfa;132846
3556305;Valpara√≠so;35;SP;n„o metropolitana;mata atlantica;385,3;Aw;23775
3556354;Vargem;35;SP;n„o metropolitana;mata atlantica;916,94;Cfb;9948
3556404;Vargem Grande Do Sul;35;SP;n„o metropolitana;mata atlantica;775,5;Cwa;39539
3556453;Vargem Grande Paulista;35;SP;metropolitana;mata atlantica;909,02;Cfb;53777
3556503;V√°rzea Paulista;35;SP;n„o metropolitana;mata atlantica;786,76;Cfb;125054
3556602;Vera Cruz;35;SP;n„o metropolitana;mata atlantica;553,09;Cfa;10194
3556701;Vinhedo;35;SP;n„o metropolitana;mata atlantica;731,8;Cfa;82029
3556800;Viradouro;35;SP;n„o metropolitana;mata atlantica;551,08;Cwa;17413
3556909;Vista Alegre Do Alto;35;SP;n„o metropolitana;mata atlantica;570,51;Cwa;8108
3556958;Vit√≥ria Brasil;35;SP;n„o metropolitana;mata atlantica;480,3;Aw;1796
3557006;Votorantim;35;SP;n„o metropolitana;mata atlantica;774,33;Cfb;137319
3557105;Votuporanga;35;SP;n„o metropolitana;mata atlantica;464,51;Aw;96795
3557154;Zacarias;35;SP;n„o metropolitana;mata atlantica;387,75;Aw;2680
3557204;Chavantes;35;SP;n„o metropolitana;mata atlantica;488,56;Cfa;12090
3557303;Estiva Gerbi;35;SP;n„o metropolitana;mata atlantica;650,85;Cwa;11394
4100103;Abati√°;41;PR;n„o metropolitana;mata atlantica;564,89;Cfa;7321
4100202;Adrian√≥polis;41;PR;metropolitana;mata atlantica;593,09;Cfa;8556
4100301;Agudos Do Sul;41;PR;metropolitana;mata atlantica;886,33;Cfb;10092
4100400;Almirante Tamandar√©;41;PR;metropolitana;mata atlantica;1004,12;Cfb;122032
4100459;Altamira Do Paran√°;41;PR;n„o metropolitana;mata atlantica;464,72;Cfa;3435
4100509;Alt√¥nia;41;PR;n„o metropolitana;mata atlantica;285,81;Cfa;18735
4100608;Alto Paran√°;41;PR;n„o metropolitana;mata atlantica;447,18;Cfa;13897
4100707;Alto Piquiri;41;PR;n„o metropolitana;mata atlantica;367,56;Cfa;9646
4100806;Alvorada Do Sul;41;PR;n„o metropolitana;mata atlantica;391,97;Cfa;11672
4100905;Amapor√£;41;PR;n„o metropolitana;mata atlantica;343,52;Cfa;4765
4101002;Amp√©re;41;PR;n„o metropolitana;mata atlantica;499,9;Cfa;19506
4101051;Anahy;41;PR;n„o metropolitana;mata atlantica;445,26;Cfa;3107
4101101;Andir√°;41;PR;n„o metropolitana;mata atlantica;423,15;Cfa;20234
4101150;√Çngulo;41;PR;n„o metropolitana;mata atlantica;446,03;Cfa;3447
4101200;Antonina;41;PR;n„o metropolitana;mata atlantica;250,08;Cfa;17261
4101309;Ant√¥nio Olinto;41;PR;n„o metropolitana;mata atlantica;827,04;Cfb;6520
4101408;Apucarana;41;PR;n„o metropolitana;mata atlantica;682,42;Cfa;135969
4101507;Arapongas;41;PR;n„o metropolitana;mata atlantica;703,81;Cfa;118573
4101606;Arapoti;41;PR;n„o metropolitana;mata atlantica;770,74;Cfb;25541
4101655;Arapu√£;41;PR;n„o metropolitana;mata atlantica;633,43;Cfa;3537
4101705;Araruna;41;PR;n„o metropolitana;mata atlantica;547,58;Cfa;14520
4101804;Arauc√°ria;41;PR;metropolitana;mata atlantica;907,87;Cfb;166699
4101853;Ariranha Do Iva√≠;41;PR;n„o metropolitana;mata atlantica;591,49;Cfa;2340
4101903;Assa√≠;41;PR;n„o metropolitana;mata atlantica;518,23;Cfa;17628
4102000;Assis Chateaubriand;41;PR;n„o metropolitana;mata atlantica;388,31;Cfa;36400
4102109;Astorga;41;PR;n„o metropolitana;mata atlantica;551,97;Cfa;25477
4102208;Atalaia;41;PR;n„o metropolitana;mata atlantica;454,99;Cfa;3978
4102307;Balsa Nova;41;PR;metropolitana;mata atlantica;956,83;Cfb;14608
4102406;Bandeirantes;41;PR;n„o metropolitana;mata atlantica;462,06;Cfa;31309
4102505;Barbosa Ferraz;41;PR;n„o metropolitana;mata atlantica;438,93;Cfa;10766
4102604;Barrac√£o;41;PR;n„o metropolitana;mata atlantica;705,08;Cfa;9886
4102703;Barra Do Jacar√©;41;PR;n„o metropolitana;mata atlantica;463,02;Cfa;3022
4102752;Bela Vista Da Caroba;41;PR;n„o metropolitana;mata atlantica;464,27;Cfa;3416
4102802;Bela Vista Do Para√≠so;41;PR;n„o metropolitana;mata atlantica;483,33;Cfa;14789
4102901;Bituruna;41;PR;n„o metropolitana;mata atlantica;990,12;Cfb;15443
4103008;Boa Esperan√ßa;41;PR;n„o metropolitana;mata atlantica;588,17;Cfa;4552
4103024;Boa Esperan√ßa Do Igua√ßu;41;PR;n„o metropolitana;mata atlantica;449,18;Cfa;2411
4103040;Boa Ventura De S√£o Roque;41;PR;n„o metropolitana;mata atlantica;894,77;Cfb;6347
4103057;Boa Vista Da Aparecida;41;PR;n„o metropolitana;mata atlantica;401,54;Cfa;7876
4103107;Bocai√∫va Do Sul;41;PR;metropolitana;mata atlantica;875,11;Cfb;16292
4103156;Bom Jesus Do Sul;41;PR;n„o metropolitana;mata atlantica;579,33;Cfa;3942
4103206;Bom Sucesso;41;PR;n„o metropolitana;mata atlantica;483,04;Cfa;6583
4103222;Bom Sucesso Do Sul;41;PR;n„o metropolitana;mata atlantica;640,18;Cfa;3540
4103305;Borraz√≥polis;41;PR;n„o metropolitana;mata atlantica;484,18;Cfa;7706
4103354;Braganey;41;PR;n„o metropolitana;mata atlantica;558,85;Cfa;5212
4103370;Brasil√¢ndia Do Sul;41;PR;n„o metropolitana;mata atlantica;320,73;Cfa;3703
4103404;Cafeara;41;PR;n„o metropolitana;mata atlantica;428,68;Cfa;2620
4103453;Cafel√¢ndia;41;PR;n„o metropolitana;mata atlantica;577,63;Cfa;18262
4103479;Cafezal Do Sul;41;PR;n„o metropolitana;mata atlantica;331,84;Cfa;4474
4103503;Calif√≥rnia;41;PR;n„o metropolitana;mata atlantica;688,71;Cfa;9438
4103602;Cambar√°;41;PR;n„o metropolitana;mata atlantica;451,11;Cfa;23956
4103701;Camb√©;41;PR;n„o metropolitana;mata atlantica;535,5;Cfa;107220
4103800;Cambira;41;PR;n„o metropolitana;mata atlantica;650,07;Cfa;10482
4103909;Campina Da Lagoa;41;PR;n„o metropolitana;mata atlantica;484,98;Cfa;15737
4103958;Campina Do Sim√£o;41;PR;n„o metropolitana;mata atlantica;1034,33;Cfb;3937
4104006;Campina Grande Do Sul;41;PR;metropolitana;mata atlantica;855,61;Cfb;52083
4104055;Campo Bonito;41;PR;n„o metropolitana;mata atlantica;634,12;Cfa;4266
4104105;Campo Do Tenente;41;PR;metropolitana;mata atlantica;842,78;Cfb;7583
4104204;Campo Largo;41;PR;metropolitana;mata atlantica;847,91;Cfb;144165
4104253;Campo Magro;41;PR;metropolitana;mata atlantica;873,62;Cfb;31678
4104303;Campo Mour√£o;41;PR;n„o metropolitana;mata atlantica;615,81;Cfa;99170
4104402;C√¢ndido De Abreu;41;PR;n„o metropolitana;mata atlantica;678,15;Cfa;16727
4104428;Cand√≥i;41;PR;n„o metropolitana;mata atlantica;810,07;Cfb;14922
4104451;Cantagalo;41;PR;n„o metropolitana;mata atlantica;819,54;Cfb;10589
4104501;Capanema;41;PR;n„o metropolitana;mata atlantica;299,11;Cfa;19205
4104600;Capit√£o Le√¥nidas Marques;41;PR;n„o metropolitana;mata atlantica;331,31;Cfa;14644
4104659;Carambe√≠;41;PR;n„o metropolitana;mata atlantica;974,04;Cfb;23386
4104709;Carl√≥polis;41;PR;n„o metropolitana;mata atlantica;532,18;Cfa;16908
4104808;Cascavel;41;PR;metropolitana;mata atlantica;660,87;Cfa;350644
4104907;Castro;41;PR;n„o metropolitana;mata atlantica;950,27;Cfb;75956
4105003;Catanduvas;41;PR;n„o metropolitana;mata atlantica;631,29;Cfa;11246
4105102;Centen√°rio Do Sul;41;PR;n„o metropolitana;mata atlantica;429,79;Cfa;10836
4105201;Cerro Azul;41;PR;metropolitana;mata atlantica;655,92;Cfa;16145
4105300;C√©u Azul;41;PR;n„o metropolitana;mata atlantica;486,68;Cfa;11081
4105409;Chopinzinho;41;PR;n„o metropolitana;mata atlantica;697,03;Cfa;21646
4105508;Cianorte;41;PR;n„o metropolitana;mata atlantica;486,91;Cfa;82232
4105607;Cidade Ga√∫cha;41;PR;n„o metropolitana;mata atlantica;359,67;Cfa;11467
4105706;Clevel√¢ndia;41;PR;n„o metropolitana;mata atlantica;894,41;Cfb;17321
4105805;Colombo;41;PR;metropolitana;mata atlantica;970,05;Cfb;238780
4105904;Colorado;41;PR;n„o metropolitana;mata atlantica;388,16;Cfa;22902
4106001;Congonhinhas;41;PR;n„o metropolitana;mata atlantica;688,63;Cfa;8336
4106100;Conselheiro Mairinck;41;PR;n„o metropolitana;mata atlantica;505,8;Cfa;4354
4106209;Contenda;41;PR;metropolitana;mata atlantica;900,88;Cfb;17435
4106308;Corb√©lia;41;PR;n„o metropolitana;mata atlantica;567,46;Cfa;17466
4106407;Corn√©lio Proc√≥pio;41;PR;n„o metropolitana;mata atlantica;516,89;Cfa;44599
4106456;Coronel Domingos Soares;41;PR;n„o metropolitana;mata atlantica;1002,84;Cfb;7007
4106506;Coronel Vivida;41;PR;n„o metropolitana;mata atlantica;684,04;Cfa;26413
4106555;Corumbata√≠ Do Sul;41;PR;n„o metropolitana;mata atlantica;570,85;Cfa;3752
4106571;Cruzeiro Do Igua√ßu;41;PR;n„o metropolitana;mata atlantica;438,86;Cfa;4137
4106605;Cruzeiro Do Oeste;41;PR;n„o metropolitana;mata atlantica;403,04;Cfa;23852
4106704;Cruzeiro Do Sul;41;PR;n„o metropolitana;mata atlantica;424,65;Cfa;4495
4106803;Cruz Machado;41;PR;n„o metropolitana;mata atlantica;985,03;Cfb;15993
4106852;Cruzmaltina;41;PR;n„o metropolitana;mata atlantica;571,61;Cfa;3150
4106902;Curitiba;41;PR;metropolitana;mata atlantica;914,7;Cfb;1871789
4107009;Curi√∫va;41;PR;n„o metropolitana;mata atlantica;723,9;Cfa;13272
4107108;Diamante Do Norte;41;PR;n„o metropolitana;mata atlantica;327,05;Aw;5151
4107124;Diamante Do Sul;41;PR;n„o metropolitana;mata atlantica;590,7;Cfa;3173
4107157;Diamante D'oeste;41;PR;n„o metropolitana;mata atlantica;368,79;Cfa;5106
4107207;Dois Vizinhos;41;PR;n„o metropolitana;mata atlantica;533,45;Cfa;44828
4107256;Douradina;41;PR;n„o metropolitana;mata atlantica;325,89;Cfa;9168
4107306;Doutor Camargo;41;PR;n„o metropolitana;mata atlantica;344,78;Cfa;6290
4107405;En√©as Marques;41;PR;n„o metropolitana;mata atlantica;644,38;Cfa;5995
4107504;Engenheiro Beltr√£o;41;PR;n„o metropolitana;mata atlantica;390,78;Cfa;12444
4107520;Esperan√ßa Nova;41;PR;n„o metropolitana;mata atlantica;335,21;Cfa;1845
4107538;Entre Rios Do Oeste;41;PR;n„o metropolitana;mata atlantica;253,95;Cfa;4511
4107546;Espig√£o Alto Do Igua√ßu;41;PR;n„o metropolitana;mata atlantica;638,26;Cfa;5915
4107553;Farol;41;PR;n„o metropolitana;mata atlantica;576,57;Cfa;3052
4107603;Faxinal;41;PR;n„o metropolitana;mata atlantica;728,28;Cfa;16338
4107652;Fazenda Rio Grande;41;PR;metropolitana;mata atlantica;907,45;Cfb;167315
4107702;F√™nix;41;PR;n„o metropolitana;mata atlantica;368,11;Cfa;4492
4107736;Fernandes Pinheiro;41;PR;n„o metropolitana;mata atlantica;865,63;Cfb;6288
4107751;Figueira;41;PR;n„o metropolitana;mata atlantica;622,43;Cfa;8064
4107801;Flora√≠;41;PR;n„o metropolitana;mata atlantica;398,91;Cfa;6569
4107850;Flor Da Serra Do Sul;41;PR;n„o metropolitana;mata atlantica;755,79;Cfb;4230
4107900;Floresta;41;PR;n„o metropolitana;mata atlantica;351,01;Cfa;11559
4108007;Florest√≥polis;41;PR;n„o metropolitana;mata atlantica;458,14;Cfa;11475
4108106;Fl√≥rida;41;PR;n„o metropolitana;mata atlantica;432,42;Cfa;2651
4108205;Formosa Do Oeste;41;PR;n„o metropolitana;mata atlantica;353,4;Cfa;7641
4108304;Foz Do Igua√ßu;41;PR;n„o metropolitana;mata atlantica;217,85;Cfa;286323
4108320;Francisco Alves;41;PR;n„o metropolitana;mata atlantica;286,38;Cfa;8141
4108403;Francisco Beltr√£o;41;PR;n„o metropolitana;mata atlantica;662,22;Cfa;96622
4108452;Foz Do Jord√£o;41;PR;n„o metropolitana;mata atlantica;744,14;Cfb;4845
4108502;General Carneiro;41;PR;n„o metropolitana;mata atlantica;1108,28;Cfb;11053
4108551;Godoy Moreira;41;PR;n„o metropolitana;mata atlantica;421,61;Cfa;2977
4108601;Goioer√™;41;PR;n„o metropolitana;mata atlantica;439,12;Cfa;28470
4108650;Goioxim;41;PR;n„o metropolitana;mata atlantica;904,29;Cfb;6570
4108700;Grandes Rios;41;PR;n„o metropolitana;mata atlantica;542,38;Cfa;5625
4108809;Gua√≠ra;41;PR;n„o metropolitana;mata atlantica;269,05;Cfa;31971
4108908;Guaira√ß√°;41;PR;n„o metropolitana;mata atlantica;435,23;Cfa;6582
4108957;Guamiranga;41;PR;n„o metropolitana;mata atlantica;826,7;Cfb;7856
4109005;Guapirama;41;PR;n„o metropolitana;mata atlantica;478,32;Cfa;4627
4109104;Guaporema;41;PR;n„o metropolitana;mata atlantica;329,76;Cfa;2186
4109203;Guaraci;41;PR;n„o metropolitana;mata atlantica;493,94;Cfa;4751
4109302;Guarania√ßu;41;PR;n„o metropolitana;mata atlantica;635,88;Cfa;14398
4109401;Guarapuava;41;PR;n„o metropolitana;mata atlantica;1071,86;Cfb;190342
4109500;Guaraque√ßaba;41;PR;n„o metropolitana;mata atlantica;189,46;Cfa;7446
4109609;Guaratuba;41;PR;n„o metropolitana;mata atlantica;294,52;Cfa;42801
4109658;Hon√≥rio Serpa;41;PR;n„o metropolitana;mata atlantica;851,8;Cfb;5471
4109708;Ibaiti;41;PR;n„o metropolitana;mata atlantica;614,24;Cfa;30943
4109757;Ibema;41;PR;n„o metropolitana;mata atlantica;726,48;Cfa;6218
4109807;Ibipor√£;41;PR;n„o metropolitana;mata atlantica;433,78;Cfa;54917
4109906;Icara√≠ma;41;PR;n„o metropolitana;mata atlantica;317,37;Cfa;8992
4110003;Iguara√ßu;41;PR;n„o metropolitana;mata atlantica;499,42;Cfa;5478
4110052;Iguatu;41;PR;n„o metropolitana;mata atlantica;453,42;Cfa;2142
4110078;Imba√∫;41;PR;n„o metropolitana;mata atlantica;804,69;Cfb;11619
4110102;Imbituva;41;PR;n„o metropolitana;mata atlantica;857,26;Cfb;29893
4110201;In√°cio Martins;41;PR;n„o metropolitana;mata atlantica;1121,59;Cfb;10776
4110300;Inaj√°;41;PR;n„o metropolitana;mata atlantica;332,62;Cfa;2529
4110409;Indian√≥polis;41;PR;n„o metropolitana;mata atlantica;407,6;Cfa;4223
4110508;Ipiranga;41;PR;n„o metropolitana;mata atlantica;861,96;Cfb;14230
4110607;Ipor√£;41;PR;n„o metropolitana;mata atlantica;301,71;Cfa;15730
4110656;Iracema Do Oeste;41;PR;n„o metropolitana;mata atlantica;446,3;Cfa;2347
4110706;Irati;41;PR;n„o metropolitana;mata atlantica;871,87;Cfb;59253
4110805;Iretama;41;PR;n„o metropolitana;mata atlantica;538,4;Cfa;10681
4110904;Itaguaj√©;41;PR;n„o metropolitana;mata atlantica;340,8;Aw;4489
4110953;Itaipul√¢ndia;41;PR;n„o metropolitana;mata atlantica;238,61;Cfa;10909
4111001;Itambarac√°;41;PR;n„o metropolitana;mata atlantica;397,44;Cfa;5920
4111100;Itamb√©;41;PR;n„o metropolitana;mata atlantica;350,18;Cfa;6734
4111209;Itapejara D'oeste;41;PR;n„o metropolitana;mata atlantica;562,94;Cfa;13177
4111258;Itaperu√ßu;41;PR;metropolitana;mata atlantica;735,16;Cfb;31843
4111308;Ita√∫na Do Sul;41;PR;n„o metropolitana;mata atlantica;374,37;Cfa;3566
4111407;Iva√≠;41;PR;n„o metropolitana;mata atlantica;761,5;Cfb;13142
4111506;Ivaipor√£;41;PR;n„o metropolitana;mata atlantica;649,19;Cfa;32604
4111555;Ivat√©;41;PR;n„o metropolitana;mata atlantica;328,17;Cfa;6771
4111605;Ivatuba;41;PR;n„o metropolitana;mata atlantica;341,79;Cfa;2786
4111704;Jaboti;41;PR;n„o metropolitana;mata atlantica;542,58;Cfa;5425
4111803;Jacarezinho;41;PR;n„o metropolitana;mata atlantica;513;Cfa;40356
4111902;Jaguapit√£;41;PR;n„o metropolitana;mata atlantica;534,89;Cfa;15193
4112009;Jaguaria√≠va;41;PR;n„o metropolitana;cerrado;986,9;Cfb;35527
4112108;Jandaia Do Sul;41;PR;n„o metropolitana;mata atlantica;619,92;Cfa;23006
4112207;Jani√≥polis;41;PR;n„o metropolitana;mata atlantica;517,2;Cfa;5862
4112306;Japira;41;PR;n„o metropolitana;mata atlantica;608,87;Cfa;4971
4112405;Japur√°;41;PR;n„o metropolitana;mata atlantica;356,45;Cfa;9127
4112504;Jardim Alegre;41;PR;n„o metropolitana;mata atlantica;558,41;Cfa;12070
4112603;Jardim Olinda;41;PR;n„o metropolitana;mata atlantica;316,82;Aw;1280
4112702;Jataizinho;41;PR;n„o metropolitana;mata atlantica;417,29;Cfa;11857
4112751;Jesu√≠tas;41;PR;n„o metropolitana;mata atlantica;424,59;Cfa;10508
4112801;Joaquim T√°vora;41;PR;n„o metropolitana;mata atlantica;592,24;Cfa;11870
4112900;Jundia√≠ Do Sul;41;PR;n„o metropolitana;mata atlantica;537,92;Cfa;3446
4112959;Juranda;41;PR;n„o metropolitana;mata atlantica;510,44;Cfa;7773
4113007;Jussara;41;PR;n„o metropolitana;mata atlantica;391,42;Cfa;7477
4113106;Kalor√©;41;PR;n„o metropolitana;mata atlantica;425,96;Cfa;4579
4113205;Lapa;41;PR;metropolitana;mata atlantica;859,99;Cfb;45620
4113254;Laranjal;41;PR;n„o metropolitana;mata atlantica;568,78;Cfa;5628
4113304;Laranjeiras Do Sul;41;PR;n„o metropolitana;mata atlantica;804;Cfb;31953
4113403;Le√≥polis;41;PR;n„o metropolitana;mata atlantica;407,7;Cfa;3940
4113429;Lidian√≥polis;41;PR;n„o metropolitana;mata atlantica;507,04;Cfa;3936
4113452;Lindoeste;41;PR;n„o metropolitana;mata atlantica;491,61;Cfa;5147
4113502;Loanda;41;PR;n„o metropolitana;mata atlantica;395,02;Cfa;23149
4113601;Lobato;41;PR;n„o metropolitana;mata atlantica;401,57;Cfa;4600
4113700;Londrina;41;PR;metropolitana;mata atlantica;570,24;Cfa;588125
4113734;Luiziana;41;PR;n„o metropolitana;mata atlantica;687,06;Cfa;6711
4113759;Lunardelli;41;PR;n„o metropolitana;mata atlantica;480,52;Cfa;5027
4113809;Lupion√≥polis;41;PR;n„o metropolitana;mata atlantica;379,32;Cfa;4812
4113908;Mallet;41;PR;n„o metropolitana;mata atlantica;919,36;Cfb;13378
4114005;Mambor√™;41;PR;n„o metropolitana;mata atlantica;644,25;Cfa;13404
4114104;Mandagua√ßu;41;PR;n„o metropolitana;mata atlantica;488,21;Cfa;31544
4114203;Mandaguari;41;PR;n„o metropolitana;mata atlantica;582,25;Cfa;36827
4114302;Mandirituba;41;PR;metropolitana;mata atlantica;913,38;Cfb;33795
4114351;Manfrin√≥polis;41;PR;n„o metropolitana;mata atlantica;628,88;Cfa;2775
4114401;Mangueirinha;41;PR;n„o metropolitana;mata atlantica;892,07;Cfb;17287
4114500;Manoel Ribas;41;PR;n„o metropolitana;mata atlantica;731,91;Cfa;13702
4114609;Marechal C√¢ndido Rondon;41;PR;n„o metropolitana;mata atlantica;313,65;Cfa;56530
4114708;Maria Helena;41;PR;n„o metropolitana;mata atlantica;363,64;Cfa;5872
4114807;Marialva;41;PR;n„o metropolitana;mata atlantica;473,1;Cfa;47028
4114906;Maril√¢ndia Do Sul;41;PR;n„o metropolitana;mata atlantica;761,1;Cfa;9757
4115002;Marilena;41;PR;n„o metropolitana;mata atlantica;344,02;Cfa;7220
4115101;Mariluz;41;PR;n„o metropolitana;mata atlantica;375,52;Cfa;9846
4115200;Maring√°;41;PR;metropolitana;mata atlantica;483,87;Cfa;454146
4115309;Mari√≥polis;41;PR;n„o metropolitana;mata atlantica;828,13;Cfb;6356
4115358;Marip√°;41;PR;n„o metropolitana;mata atlantica;398,16;Cfa;6639
4115408;Marmeleiro;41;PR;n„o metropolitana;mata atlantica;758,17;Cfb;15873
4115457;Marquinho;41;PR;n„o metropolitana;mata atlantica;757,33;Cfa;4348
4115507;Marumbi;41;PR;n„o metropolitana;mata atlantica;534,31;Cfa;4700
4115606;Matel√¢ndia;41;PR;n„o metropolitana;mata atlantica;376,67;Cfa;18472
4115705;Matinhos;41;PR;n„o metropolitana;mata atlantica;86,18;Cfa;39212
4115739;Mato Rico;41;PR;n„o metropolitana;mata atlantica;702,39;Cfa;3279
4115754;Mau√° Da Serra;41;PR;n„o metropolitana;mata atlantica;1003,45;Cfb;8937
4115804;Medianeira;41;PR;n„o metropolitana;mata atlantica;372,9;Cfa;54390
4115853;Mercedes;41;PR;n„o metropolitana;mata atlantica;300,92;Cfa;5945
4115903;Mirador;41;PR;n„o metropolitana;mata atlantica;319,71;Cfa;2240
4116000;Miraselva;41;PR;n„o metropolitana;mata atlantica;549,56;Cfa;1965
4116059;Missal;41;PR;n„o metropolitana;mata atlantica;288,84;Cfa;12951
4116109;Moreira Sales;41;PR;n„o metropolitana;mata atlantica;436,99;Cfa;11170
4116208;Morretes;41;PR;n„o metropolitana;mata atlantica;478,11;Cfa;18396
4116307;Munhoz De Melo;41;PR;n„o metropolitana;mata atlantica;530,18;Cfa;3937
4116406;Nossa Senhora Das Gra√ßas;41;PR;n„o metropolitana;mata atlantica;439,06;Cfa;3677
4116505;Nova Alian√ßa Do Iva√≠;41;PR;n„o metropolitana;mata atlantica;360,38;Cfa;1315
4116604;Nova Am√©rica Da Colina;41;PR;n„o metropolitana;mata atlantica;549,31;Cfa;3277
4116703;Nova Aurora;41;PR;n„o metropolitana;mata atlantica;444,98;Cfa;12848
4116802;Nova Cantu;41;PR;n„o metropolitana;mata atlantica;523,31;Cfa;6781
4116901;Nova Esperan√ßa;41;PR;n„o metropolitana;mata atlantica;479,05;Cfa;26616
4116950;Nova Esperan√ßa Do Sudoeste;41;PR;n„o metropolitana;mata atlantica;620,06;Cfa;5592
4117008;Nova F√°tima;41;PR;n„o metropolitana;mata atlantica;596,7;Cfa;7225
4117057;Nova Laranjeiras;41;PR;n„o metropolitana;mata atlantica;705,99;Cfa;14132
4117107;Nova Londrina;41;PR;n„o metropolitana;mata atlantica;378,64;Cfa;12911
4117206;Nova Ol√≠mpia;41;PR;n„o metropolitana;mata atlantica;372,71;Cfa;5834
4117214;Nova Santa B√°rbara;41;PR;n„o metropolitana;mata atlantica;698,43;Cfa;4183
4117222;Nova Santa Rosa;41;PR;n„o metropolitana;mata atlantica;356,56;Cfa;8292
4117255;Nova Prata Do Igua√ßu;41;PR;n„o metropolitana;mata atlantica;390,35;Cfa;10780
4117271;Nova Tebas;41;PR;n„o metropolitana;mata atlantica;607,66;Cfa;6848
4117297;Novo Itacolomi;41;PR;n„o metropolitana;mata atlantica;509,25;Cfa;4061
4117305;Ortigueira;41;PR;n„o metropolitana;mata atlantica;722,94;Cfa;26078
4117404;Ourizona;41;PR;n„o metropolitana;mata atlantica;398,09;Cfa;3184
4117453;Ouro Verde Do Oeste;41;PR;n„o metropolitana;mata atlantica;449,78;Cfa;6808
4117503;Pai√ßandu;41;PR;n„o metropolitana;mata atlantica;421,64;Cfa;49999
4117602;Palmas;41;PR;n„o metropolitana;mata atlantica;1144,11;Cfb;43769
4117701;Palmeira;41;PR;n„o metropolitana;mata atlantica;888,43;Cfb;36384
4117800;Palmital;41;PR;n„o metropolitana;mata atlantica;697,64;Cfa;13080
4117909;Palotina;41;PR;n„o metropolitana;mata atlantica;317,19;Cfa;35063
4118006;Para√≠so Do Norte;41;PR;n„o metropolitana;mata atlantica;324,36;Cfa;13246
4118105;Paranacity;41;PR;n„o metropolitana;mata atlantica;377,06;Cfa;9561
4118204;Paranagu√°;41;PR;n„o metropolitana;mata atlantica;66,19;Cfa;157043
4118303;Paranapoema;41;PR;n„o metropolitana;mata atlantica;326,33;Aw;2406
4118402;Paranava√≠;41;PR;n„o metropolitana;mata atlantica;409,85;Cfa;90969
4118451;Pato Bragado;41;PR;n„o metropolitana;mata atlantica;242,14;Cfa;5976
4118501;Pato Branco;41;PR;n„o metropolitana;mata atlantica;717,82;Cfa;94239
4118600;Paula Freitas;41;PR;n„o metropolitana;mata atlantica;795,53;Cfb;5616
4118709;Paulo Frontin;41;PR;n„o metropolitana;mata atlantica;805,29;Cfb;6460
4118808;Peabiru;41;PR;n„o metropolitana;mata atlantica;488,72;Cfa;13345
4118857;Perobal;41;PR;n„o metropolitana;mata atlantica;376,45;Cfa;7132
4118907;P√©rola;41;PR;n„o metropolitana;mata atlantica;337,38;Cfa;11885
4119004;P√©rola D'oeste;41;PR;n„o metropolitana;mata atlantica;409,29;Cfa;6197
4119103;Pi√™n;41;PR;metropolitana;mata atlantica;873,37;Cfb;13552
4119152;Pinhais;41;PR;metropolitana;mata atlantica;893,93;Cfb;131048
4119202;Pinhal√£o;41;PR;n„o metropolitana;mata atlantica;675,26;Cfa;6564
4119251;Pinhal De S√£o Bento;41;PR;n„o metropolitana;mata atlantica;510,1;Cfa;2762
4119301;Pinh√£o;41;PR;n„o metropolitana;mata atlantica;1021,85;Cfb;29931
4119400;Pira√≠ Do Sul;41;PR;n„o metropolitana;mata atlantica;1041,73;Cfb;23514
4119509;Piraquara;41;PR;metropolitana;mata atlantica;941,38;Cfb;131101
4119608;Pitanga;41;PR;n„o metropolitana;mata atlantica;844,13;Cfb;33640
4119657;Pitangueiras;41;PR;n„o metropolitana;mata atlantica;578,78;Cfa;3016
4119707;Planaltina Do Paran√°;41;PR;n„o metropolitana;mata atlantica;350,37;Cfa;4063
4119806;Planalto;41;PR;n„o metropolitana;mata atlantica;384,61;Cfa;14300
4119905;Ponta Grossa;41;PR;n„o metropolitana;mata atlantica;879,47;Cfb;391654
4119954;Pontal Do Paran√°;41;PR;n„o metropolitana;mata atlantica;13,23;Cfa;32985
4120002;Porecatu;41;PR;n„o metropolitana;mata atlantica;393,68;Cfa;11596
4120101;Porto Amazonas;41;PR;n„o metropolitana;mata atlantica;867,29;Cfb;5543
4120150;Porto Barreiro;41;PR;n„o metropolitana;mata atlantica;650,73;Cfa;3111
4120200;Porto Rico;41;PR;n„o metropolitana;mata atlantica;316,84;Cfa;3194
4120309;Porto Vit√≥ria;41;PR;n„o metropolitana;mata atlantica;891,74;Cfb;3484
4120333;Prado Ferreira;41;PR;n„o metropolitana;mata atlantica;497,46;Cfa;3663
4120358;Pranchita;41;PR;n„o metropolitana;mata atlantica;507,23;Cfa;5705
4120408;Presidente Castelo Branco;41;PR;n„o metropolitana;mata atlantica;532,33;Cfa;4334
4120507;Primeiro De Maio;41;PR;n„o metropolitana;mata atlantica;389,05;Cfa;10239
4120606;Prudent√≥polis;41;PR;n„o metropolitana;mata atlantica;766,64;Cfb;49395
4120655;Quarto Centen√°rio;41;PR;n„o metropolitana;mata atlantica;379,7;Cfa;4213
4120705;Quatigu√°;41;PR;n„o metropolitana;mata atlantica;589,65;Cfa;8092
4120804;Quatro Barras;41;PR;metropolitana;mata atlantica;934,01;Cfb;26452
4120853;Quatro Pontes;41;PR;n„o metropolitana;mata atlantica;411,7;Cfa;4051
4120903;Quedas Do Igua√ßu;41;PR;n„o metropolitana;mata atlantica;514,92;Cfa;30785
4121000;Quer√™ncia Do Norte;41;PR;n„o metropolitana;mata atlantica;280,33;Cfa;10708
4121109;Quinta Do Sol;41;PR;n„o metropolitana;mata atlantica;380,36;Cfa;5009
4121208;Quitandinha;41;PR;metropolitana;mata atlantica;864,83;Cfb;19240
4121257;Ramil√¢ndia;41;PR;n„o metropolitana;mata atlantica;445,61;Cfa;4848
4121307;Rancho Alegre;41;PR;n„o metropolitana;mata atlantica;385,96;Cfa;3511
4121356;Rancho Alegre D'oeste;41;PR;n„o metropolitana;mata atlantica;464,89;Cfa;2615
4121406;Realeza;41;PR;n„o metropolitana;mata atlantica;375,61;Cfa;18928
4121505;Rebou√ßas;41;PR;n„o metropolitana;mata atlantica;828,53;Cfb;14524
4121604;Renascen√ßa;41;PR;n„o metropolitana;mata atlantica;735,63;Cfb;6839
4121703;Reserva;41;PR;n„o metropolitana;mata atlantica;799,03;Cfb;26786
4121752;Reserva Do Igua√ßu;41;PR;n„o metropolitana;mata atlantica;923,73;Cfb;7009
4121802;Ribeir√£o Claro;41;PR;n„o metropolitana;mata atlantica;574,21;Cfa;12357
4121901;Ribeir√£o Do Pinhal;41;PR;n„o metropolitana;mata atlantica;563,1;Cfa;13053
4122008;Rio Azul;41;PR;n„o metropolitana;mata atlantica;894,09;Cfb;14032
4122107;Rio Bom;41;PR;n„o metropolitana;mata atlantica;587,77;Cfa;3755
4122156;Rio Bonito Do Igua√ßu;41;PR;n„o metropolitana;mata atlantica;595,91;Cfa;13955
4122172;Rio Branco Do Iva√≠;41;PR;n„o metropolitana;mata atlantica;628,1;Cfa;3866
4122206;Rio Branco Do Sul;41;PR;metropolitana;mata atlantica;773,15;Cfb;32566
4122305;Rio Negro;41;PR;metropolitana;mata atlantica;843;Cfb;31406
4122404;Rol√¢ndia;41;PR;n„o metropolitana;mata atlantica;647,69;Cfa;71344
4122503;Roncador;41;PR;n„o metropolitana;mata atlantica;685,65;Cfa;11253
4122602;Rondon;41;PR;n„o metropolitana;mata atlantica;401,79;Cfa;9093
4122651;Ros√°rio Do Iva√≠;41;PR;n„o metropolitana;mata atlantica;640,19;Cfa;5697
4122701;Sab√°udia;41;PR;n„o metropolitana;mata atlantica;617,5;Cfa;8819
4122800;Salgado Filho;41;PR;n„o metropolitana;mata atlantica;583,88;Cfa;4144
4122909;Salto Do Itarar√©;41;PR;n„o metropolitana;mata atlantica;585,9;Cfa;5195
4123006;Salto Do Lontra;41;PR;n„o metropolitana;mata atlantica;504,34;Cfa;14006
4123105;Santa Am√©lia;41;PR;n„o metropolitana;mata atlantica;500,51;Cfa;3396
4123204;Santa Cec√≠lia Do Pav√£o;41;PR;n„o metropolitana;mata atlantica;633,99;Cfa;3361
4123303;Santa Cruz De Monte Castelo;41;PR;n„o metropolitana;mata atlantica;311,2;Cfa;8630
4123402;Santa F√©;41;PR;n„o metropolitana;mata atlantica;488,85;Cfa;11397
4123501;Santa Helena;41;PR;n„o metropolitana;mata atlantica;260,8;Cfa;24917
4123600;Santa In√™s;41;PR;n„o metropolitana;mata atlantica;379,74;Cfa;1744
4123709;Santa Isabel Do Iva√≠;41;PR;n„o metropolitana;mata atlantica;315,95;Cfa;8897
4123808;Santa Izabel Do Oeste;41;PR;n„o metropolitana;mata atlantica;493,83;Cfa;12444
4123824;Santa L√∫cia;41;PR;n„o metropolitana;mata atlantica;388,86;Cfa;3668
4123857;Santa Maria Do Oeste;41;PR;n„o metropolitana;mata atlantica;930,19;Cfb;9811
4123907;Santa Mariana;41;PR;n„o metropolitana;mata atlantica;432,31;Cfa;11111
4123956;Santa M√¥nica;41;PR;n„o metropolitana;mata atlantica;311,12;Cfa;3357
4124004;Santana Do Itarar√©;41;PR;n„o metropolitana;mata atlantica;567;Cfa;5514
4124020;Santa Tereza Do Oeste;41;PR;n„o metropolitana;mata atlantica;667,09;Cfa;12928
4124053;Santa Terezinha De Itaipu;41;PR;n„o metropolitana;mata atlantica;261,62;Cfa;23236
4124103;Santo Ant√¥nio Da Platina;41;PR;n„o metropolitana;mata atlantica;521,64;Cfa;45261
4124202;Santo Ant√¥nio Do Caiu√°;41;PR;n„o metropolitana;mata atlantica;343,73;Cfa;2499
4124301;Santo Ant√¥nio Do Para√≠so;41;PR;n„o metropolitana;mata atlantica;799,96;Cfa;2122
4124400;Santo Ant√¥nio Do Sudoeste;41;PR;n„o metropolitana;mata atlantica;544,94;Cfa;19677
4124509;Santo In√°cio;41;PR;n„o metropolitana;mata atlantica;372,35;Cfa;6184
4124608;S√£o Carlos Do Iva√≠;41;PR;n„o metropolitana;mata atlantica;326,46;Cfa;6588
4124707;S√£o Jer√¥nimo Da Serra;41;PR;n„o metropolitana;mata atlantica;795,2;Cfb;10742
4124806;S√£o Jo√£o;41;PR;n„o metropolitana;mata atlantica;574,01;Cfa;11683
4124905;S√£o Jo√£o Do Caiu√°;41;PR;n„o metropolitana;mata atlantica;395,51;Cfa;5585
4125001;S√£o Jo√£o Do Iva√≠;41;PR;n„o metropolitana;mata atlantica;391,67;Cfa;10665
4125100;S√£o Jo√£o Do Triunfo;41;PR;n„o metropolitana;mata atlantica;845,44;Cfb;13725
4125209;S√£o Jorge D'oeste;41;PR;n„o metropolitana;mata atlantica;490,51;Cfa;9308
4125308;S√£o Jorge Do Iva√≠;41;PR;n„o metropolitana;mata atlantica;383,1;Cfa;5159
4125357;S√£o Jorge Do Patroc√≠nio;41;PR;n„o metropolitana;mata atlantica;269,58;Cfa;6520
4125407;S√£o Jos√© Da Boa Vista;41;PR;n„o metropolitana;mata atlantica;626,28;Cfa;5968
4125456;S√£o Jos√© Das Palmeiras;41;PR;n„o metropolitana;mata atlantica;346,63;Cfa;4063
4125506;S√£o Jos√© Dos Pinhais;41;PR;metropolitana;mata atlantica;885,31;Cfb;327746
4125555;S√£o Manoel Do Paran√°;41;PR;n„o metropolitana;mata atlantica;333,95;Cfa;2132
4125605;S√£o Mateus Do Sul;41;PR;n„o metropolitana;mata atlantica;794,75;Cfb;44313
4125704;S√£o Miguel Do Igua√ßu;41;PR;n„o metropolitana;mata atlantica;265,22;Cfa;29285
4125753;S√£o Pedro Do Igua√ßu;41;PR;n„o metropolitana;mata atlantica;484,14;Cfa;6854
4125803;S√£o Pedro Do Iva√≠;41;PR;n„o metropolitana;mata atlantica;378,72;Cfa;8691
4125902;S√£o Pedro Do Paran√°;41;PR;n„o metropolitana;mata atlantica;328,13;Cfa;2654
4126009;S√£o Sebasti√£o Da Amoreira;41;PR;n„o metropolitana;mata atlantica;659,93;Cfa;8070
4126108;S√£o Tom√©;41;PR;n„o metropolitana;mata atlantica;376,43;Cfa;5385
4126207;Sapopema;41;PR;n„o metropolitana;mata atlantica;712,4;Cfa;6444
4126256;Sarandi;41;PR;n„o metropolitana;mata atlantica;516,37;Cfa;126057
4126272;Saudade Do Igua√ßu;41;PR;n„o metropolitana;mata atlantica;613,51;Cfa;6137
4126306;Seng√©s;41;PR;n„o metropolitana;mata atlantica;901,34;Cfb;17112
4126355;Serran√≥polis Do Igua√ßu;41;PR;n„o metropolitana;mata atlantica;278,19;Cfa;5034
4126405;Sertaneja;41;PR;n„o metropolitana;mata atlantica;369,02;Cfa;5761
4126504;Sertan√≥polis;41;PR;n„o metropolitana;mata atlantica;433,45;Cfa;16694
4126603;Siqueira Campos;41;PR;n„o metropolitana;mata atlantica;651,03;Cfa;24083
4126652;Sulina;41;PR;n„o metropolitana;mata atlantica;548,43;Cfa;3440
4126678;Tamarana;41;PR;n„o metropolitana;mata atlantica;805,85;Cfa;12115
4126702;Tamboara;41;PR;n„o metropolitana;mata atlantica;400,92;Cfa;4879
4126801;Tapejara;41;PR;n„o metropolitana;mata atlantica;440,2;Cfa;15659
4126900;Tapira;41;PR;n„o metropolitana;mata atlantica;318;Cfa;5743
4127007;Teixeira Soares;41;PR;n„o metropolitana;mata atlantica;847,62;Cfb;9565
4127106;Tel√™maco Borba;41;PR;n„o metropolitana;mata atlantica;797,08;Cfb;73331
4127205;Terra Boa;41;PR;n„o metropolitana;mata atlantica;442,01;Cfa;18654
4127304;Terra Rica;41;PR;n„o metropolitana;mata atlantica;360,11;Cfa;14862
4127403;Terra Roxa;41;PR;n„o metropolitana;mata atlantica;311,21;Cfa;18448
4127502;Tibagi;41;PR;n„o metropolitana;mata atlantica;882,97;Cfb;18612
4127601;Tijucas Do Sul;41;PR;metropolitana;mata atlantica;933,08;Cfb;17717
4127700;Toledo;41;PR;n„o metropolitana;mata atlantica;503,2;Cfa;156123
4127809;Tomazina;41;PR;n„o metropolitana;mata atlantica;582,93;Cfa;9659
4127858;Tr√™s Barras Do Paran√°;41;PR;n„o metropolitana;mata atlantica;441,52;Cfa;11142
4127882;Tunas Do Paran√°;41;PR;metropolitana;mata atlantica;886,2;Cfb;8617
4127908;Tuneiras Do Oeste;41;PR;n„o metropolitana;mata atlantica;466,22;Cfa;10332
4127957;Tup√£ssi;41;PR;n„o metropolitana;mata atlantica;549,13;Cfa;8088
4127965;Turvo;41;PR;n„o metropolitana;mata atlantica;993,73;Cfb;16147
4128005;Ubirat√£;41;PR;n„o metropolitana;mata atlantica;420,47;Cfa;24733
4128104;Umuarama;41;PR;n„o metropolitana;mata atlantica;380,96;Cfa;117148
4128203;Uni√£o Da Vit√≥ria;41;PR;n„o metropolitana;mata atlantica;915,26;Cfb;55238
4128302;Uniflor;41;PR;n„o metropolitana;mata atlantica;458,82;Cfa;2136
4128401;Ura√≠;41;PR;n„o metropolitana;mata atlantica;459,1;Cfa;10378
4128500;Wenceslau Braz;41;PR;n„o metropolitana;mata atlantica;690,05;Cfa;18894
4128534;Ventania;41;PR;n„o metropolitana;mata atlantica;844,93;Cfb;9682
4128559;Vera Cruz Do Oeste;41;PR;n„o metropolitana;mata atlantica;524,43;Cfa;9326
4128609;Ver√™;41;PR;n„o metropolitana;mata atlantica;553,22;Cfa;7929
4128625;Alto Para√≠so;41;PR;n„o metropolitana;mata atlantica;297,1;Cfa;3059
4128633;Doutor Ulysses;41;PR;metropolitana;mata atlantica;769,46;Cfb;6216
4128658;Virmond;41;PR;n„o metropolitana;mata atlantica;728,28;Cfa;3813
4128708;Vitorino;41;PR;n„o metropolitana;mata atlantica;789,24;Cfb;9942
4128807;Xambr√™;41;PR;n„o metropolitana;mata atlantica;361,79;Cfa;5769
4200051;Abdon Batista;42;SC;n„o metropolitana;mata atlantica;808,38;Cfb;2600
4200101;Abelardo Luz;42;SC;n„o metropolitana;mata atlantica;892,41;Cfb;17389
4200200;Agrol√¢ndia;42;SC;n„o metropolitana;mata atlantica;636,59;Cfb;11010
4200309;Agron√¥mica;42;SC;n„o metropolitana;mata atlantica;481,68;Cfa;6055
4200408;√Ågua Doce;42;SC;n„o metropolitana;mata atlantica;1180,29;Cfb;6286
4200507;√Åguas De Chapec√≥;42;SC;n„o metropolitana;mata atlantica;329,51;Cfa;5872
4200556;√Åguas Frias;42;SC;n„o metropolitana;mata atlantica;379,36;Cfa;2802
4200606;√Åguas Mornas;42;SC;metropolitana;mata atlantica;590,35;Cfb;6765
4200705;Alfredo Wagner;42;SC;metropolitana;mata atlantica;828,81;Cfb;10455
4200754;Alto Bela Vista;42;SC;n„o metropolitana;mata atlantica;453,26;Cfa;1859
4200804;Anchieta;42;SC;n„o metropolitana;mata atlantica;620,55;Cfa;5942
4200903;Angelina;42;SC;metropolitana;mata atlantica;660,52;Cfb;5497
4201000;Anita Garibaldi;42;SC;n„o metropolitana;mata atlantica;827,78;Cfb;8286
4201109;Anit√°polis;42;SC;metropolitana;mata atlantica;764,95;Cfb;3463
4201208;Ant√¥nio Carlos;42;SC;metropolitana;mata atlantica;360,19;Cfa;11295
4201257;Api√∫na;42;SC;n„o metropolitana;mata atlantica;469,42;Cfa;11926
4201273;Arabut√£;42;SC;n„o metropolitana;mata atlantica;563,7;Cfa;4378
4201307;Araquari;42;SC;n„o metropolitana;mata atlantica;15,76;Cfa;45462
4201406;Ararangu√°;42;SC;n„o metropolitana;mata atlantica;12,36;Cfa;72138
4201505;Armaz√©m;42;SC;n„o metropolitana;mata atlantica;214,06;Cfa;8825
4201604;Arroio Trinta;42;SC;n„o metropolitana;mata atlantica;916,04;Cfb;3556
4201653;Arvoredo;42;SC;n„o metropolitana;mata atlantica;591,11;Cfa;2539
4201703;Ascurra;42;SC;n„o metropolitana;mata atlantica;272,79;Cfa;8408
4201802;Atalanta;42;SC;n„o metropolitana;mata atlantica;598,89;Cfa;3218
4201901;Aurora;42;SC;n„o metropolitana;mata atlantica;579,75;Cfa;6810
4201950;Balne√°rio Arroio Do Silva;42;SC;n„o metropolitana;mata atlantica;7,18;Cfa;15693
4202008;Balne√°rio Cambori√∫;42;SC;n„o metropolitana;mata atlantica;53,68;Cfa;140036
4202057;Balne√°rio Barra Do Sul;42;SC;n„o metropolitana;mata atlantica;13,68;Cfa;14885
4202073;Balne√°rio Gaivota;42;SC;n„o metropolitana;mata atlantica;7,53;Cfa;15353
4202081;Bandeirante;42;SC;n„o metropolitana;mata atlantica;428,23;Cfa;3144
4202099;Barra Bonita;42;SC;n„o metropolitana;mata atlantica;440,04;Cfa;1608
4202107;Barra Velha;42;SC;n„o metropolitana;mata atlantica;33,03;Cfa;45633
4202131;Bela Vista Do Toldo;42;SC;n„o metropolitana;mata atlantica;909,04;Cfb;5863
4202156;Belmonte;42;SC;n„o metropolitana;mata atlantica;442,83;Cfa;2703
4202206;Benedito Novo;42;SC;n„o metropolitana;mata atlantica;624,9;Cfb;10484
4202305;Bigua√ßu;42;SC;metropolitana;mata atlantica;139,6;Cfa;78623
4202404;Blumenau;42;SC;metropolitana;mata atlantica;244,81;Cfa;363340
4202438;Bocaina Do Sul;42;SC;n„o metropolitana;mata atlantica;986;Cfb;3514
4202453;Bombinhas;42;SC;n„o metropolitana;mata atlantica;38,82;Cfa;24416
4202503;Bom Jardim Da Serra;42;SC;n„o metropolitana;mata atlantica;1322,33;Cfb;4362
4202537;Bom Jesus;42;SC;n„o metropolitana;mata atlantica;695,1;Cfb;2721
4202578;Bom Jesus Do Oeste;42;SC;n„o metropolitana;mata atlantica;635,64;Cfa;2182
4202602;Bom Retiro;42;SC;n„o metropolitana;mata atlantica;1004,32;Cfb;8698
4202701;Botuver√°;42;SC;n„o metropolitana;mata atlantica;435,49;Cfa;5368
4202800;Bra√ßo Do Norte;42;SC;n„o metropolitana;mata atlantica;230,27;Cfa;34113
4202859;Bra√ßo Do Trombudo;42;SC;n„o metropolitana;mata atlantica;571,02;Cfa;3954
4202875;Brun√≥polis;42;SC;n„o metropolitana;mata atlantica;875,16;Cfb;2488
4202909;Brusque;42;SC;n„o metropolitana;mata atlantica;184,29;Cfa;141676
4203006;Ca√ßador;42;SC;n„o metropolitana;mata atlantica;1065,99;Cfb;74105
4203105;Caibi;42;SC;n„o metropolitana;mata atlantica;351,7;Cfa;6199
4203154;Calmon;42;SC;n„o metropolitana;mata atlantica;1157,78;Cfb;3465
4203204;Cambori√∫;42;SC;n„o metropolitana;mata atlantica;177,06;Cfa;112167
4203253;Cap√£o Alto;42;SC;n„o metropolitana;mata atlantica;950,22;Cfb;2892
4203303;Campo Alegre;42;SC;n„o metropolitana;mata atlantica;915,21;Cfb;12318
4203402;Campo Belo Do Sul;42;SC;n„o metropolitana;mata atlantica;897,98;Cfb;7345
4203501;Campo Er√™;42;SC;n„o metropolitana;mata atlantica;798,18;Cfb;9562
4203600;Campos Novos;42;SC;n„o metropolitana;mata atlantica;852,13;Cfb;36976
4203709;Canelinha;42;SC;metropolitana;mata atlantica;161,56;Cfa;12759
4203808;Canoinhas;42;SC;n„o metropolitana;mata atlantica;831,38;Cfb;54848
4203907;Capinzal;42;SC;n„o metropolitana;mata atlantica;649,04;Cfb;23184
4203956;Capivari De Baixo;42;SC;n„o metropolitana;mata atlantica;13,56;Cfa;22873
4204004;Catanduvas;42;SC;n„o metropolitana;mata atlantica;910,34;Cfb;10565
4204103;Caxambu Do Sul;42;SC;n„o metropolitana;mata atlantica;362,01;Cfa;4614
4204152;Celso Ramos;42;SC;n„o metropolitana;mata atlantica;734,09;Cfb;2802
4204178;Cerro Negro;42;SC;n„o metropolitana;mata atlantica;867,31;Cfb;3318
4204194;Chapad√£o Do Lageado;42;SC;n„o metropolitana;mata atlantica;603,42;Cfb;2949
4204202;Chapec√≥;42;SC;metropolitana;mata atlantica;581,79;Cfa;251150
4204251;Cocal Do Sul;42;SC;n„o metropolitana;mata atlantica;101,55;Cfa;17241
4204301;Conc√≥rdia;42;SC;n„o metropolitana;mata atlantica;589,59;Cfa;81625
4204350;Cordilheira Alta;42;SC;n„o metropolitana;mata atlantica;643,6;Cfa;4735
4204400;Coronel Freitas;42;SC;n„o metropolitana;mata atlantica;462,49;Cfa;10303
4204459;Coronel Martins;42;SC;n„o metropolitana;mata atlantica;617,25;Cfa;2069
4204509;Corup√°;42;SC;n„o metropolitana;mata atlantica;576,45;Cfb;15287
4204558;Correia Pinto;42;SC;n„o metropolitana;mata atlantica;906,46;Cfb;15720
4204608;Crici√∫ma;42;SC;metropolitana;mata atlantica;50,64;Cfa;231088
4204707;Cunha Por√£;42;SC;n„o metropolitana;mata atlantica;525,87;Cfa;10904
4204756;Cunhata√≠;42;SC;n„o metropolitana;mata atlantica;462,62;Cfa;1757
4204806;Curitibanos;42;SC;n„o metropolitana;mata atlantica;914,13;Cfb;40289
4204905;Descanso;42;SC;n„o metropolitana;mata atlantica;441,97;Cfa;8559
4205001;Dion√≠sio Cerqueira;42;SC;n„o metropolitana;mata atlantica;721,99;Cfa;14989
4205100;Dona Emma;42;SC;n„o metropolitana;mata atlantica;521,83;Cfa;4006
4205159;Doutor Pedrinho;42;SC;n„o metropolitana;mata atlantica;792,95;Cfb;3670
4205175;Entre Rios;42;SC;n„o metropolitana;mata atlantica;499,14;Cfa;3322
4205191;Ermo;42;SC;n„o metropolitana;mata atlantica;22,25;Cfa;2270
4205209;Erval Velho;42;SC;n„o metropolitana;mata atlantica;758,13;Cfb;4824
4205308;Faxinal Dos Guedes;42;SC;n„o metropolitana;mata atlantica;843,65;Cfb;10965
4205357;Flor Do Sert√£o;42;SC;n„o metropolitana;mata atlantica;373,05;Cfa;1784
4205407;Florian√≥polis;42;SC;metropolitana;mata atlantica;45,05;Cfa;574200
4205431;Formosa Do Sul;42;SC;n„o metropolitana;mata atlantica;592,8;Cfa;2682
4205456;Forquilhinha;42;SC;n„o metropolitana;mata atlantica;19,09;Cfa;31692
4205506;Fraiburgo;42;SC;n„o metropolitana;mata atlantica;1000,09;Cfb;33662
4205555;Frei Rog√©rio;42;SC;n„o metropolitana;mata atlantica;865,89;Cfb;2411
4205605;Galv√£o;42;SC;n„o metropolitana;mata atlantica;721,49;Cfb;3219
4205704;Garopaba;42;SC;metropolitana;mata atlantica;85,36;Cfa;29801
4205803;Garuva;42;SC;n„o metropolitana;mata atlantica;360,52;Cfa;18697
4205902;Gaspar;42;SC;n„o metropolitana;mata atlantica;138,03;Cfa;73053
4206009;Governador Celso Ramos;42;SC;metropolitana;mata atlantica;85,3;Cfa;17306
4206108;Gr√£o Par√°;42;SC;n„o metropolitana;mata atlantica;430,58;Cfa;6149
4206207;Gravatal;42;SC;n„o metropolitana;mata atlantica;143,79;Cfa;14022
4206306;Guabiruba;42;SC;n„o metropolitana;mata atlantica;241,98;Cfa;24578
4206405;Guaraciaba;42;SC;n„o metropolitana;mata atlantica;553,7;Cfa;11154
4206504;Guaramirim;42;SC;n„o metropolitana;mata atlantica;59,51;Cfa;46502
4206603;Guaruj√° Do Sul;42;SC;n„o metropolitana;mata atlantica;683,34;Cfa;4819
4206652;Guatamb√∫;42;SC;n„o metropolitana;mata atlantica;504,04;Cfa;8400
4206702;Herval D'oeste;42;SC;n„o metropolitana;mata atlantica;787,44;Cfb;21339
4206751;Ibiam;42;SC;n„o metropolitana;mata atlantica;893,99;Cfb;2003
4206801;Ibicar√©;42;SC;n„o metropolitana;mata atlantica;755,38;Cfb;3267
4206900;Ibirama;42;SC;n„o metropolitana;mata atlantica;432,62;Cfa;21425
4207007;I√ßara;42;SC;n„o metropolitana;mata atlantica;22,22;Cfa;64456
4207106;Ilhota;42;SC;n„o metropolitana;mata atlantica;104,7;Cfa;20319
4207205;Imaru√≠;42;SC;n„o metropolitana;mata atlantica;169,65;Cfa;12331
4207304;Imbituba;42;SC;n„o metropolitana;mata atlantica;31,22;Cfa;54258
4207403;Imbuia;42;SC;n„o metropolitana;mata atlantica;746,93;Cfb;5988
4207502;Indaial;42;SC;n„o metropolitana;mata atlantica;388,68;Cfa;71369
4207577;Iomer√™;42;SC;n„o metropolitana;mata atlantica;861,99;Cfb;2865
4207601;Ipira;42;SC;n„o metropolitana;mata atlantica;581,55;Cfa;4580
4207650;Ipor√£ Do Oeste;42;SC;n„o metropolitana;mata atlantica;432,28;Cfa;9333
4207684;Ipua√ßu;42;SC;n„o metropolitana;mata atlantica;661,77;Cfa;7726
4207700;Ipumirim;42;SC;n„o metropolitana;mata atlantica;751,26;Cfb;7815
4207759;Iraceminha;42;SC;n„o metropolitana;mata atlantica;419,49;Cfa;3987
4207809;Irani;42;SC;n„o metropolitana;mata atlantica;886,77;Cfb;10014
4207858;Irati;42;SC;n„o metropolitana;mata atlantica;547,95;Cfa;2069
4207908;Irine√≥polis;42;SC;n„o metropolitana;mata atlantica;830;Cfb;10298
4208005;It√°;42;SC;n„o metropolitana;mata atlantica;428,8;Cfa;7063
4208104;Itai√≥polis;42;SC;n„o metropolitana;mata atlantica;812,19;Cfb;22065
4208203;Itaja√≠;42;SC;metropolitana;mata atlantica;67,55;Cfa;291169
4208302;Itapema;42;SC;n„o metropolitana;mata atlantica;125,12;Cfa;76247
4208401;Itapiranga;42;SC;n„o metropolitana;mata atlantica;272,97;Cfa;16503
4208450;Itapo√°;42;SC;n„o metropolitana;mata atlantica;27,51;Cfa;30731
4208500;Ituporanga;42;SC;n„o metropolitana;mata atlantica;554,88;Cfa;26694
4208609;Jabor√°;42;SC;n„o metropolitana;mata atlantica;785,38;Cfb;4314
4208708;Jacinto Machado;42;SC;n„o metropolitana;mata atlantica;228,72;Cfa;10624
4208807;Jaguaruna;42;SC;n„o metropolitana;mata atlantica;18,67;Cfa;19538
4208906;Jaragu√° Do Sul;42;SC;n„o metropolitana;mata atlantica;316,14;Cfa;193304
4208955;Jardin√≥polis;42;SC;n„o metropolitana;mata atlantica;515,64;Cfa;1785
4209003;Joa√ßaba;42;SC;n„o metropolitana;mata atlantica;761,95;Cfb;29976
4209102;Joinville;42;SC;metropolitana;mata atlantica;311,33;Cfa;617979
4209151;Jos√© Boiteux;42;SC;n„o metropolitana;mata atlantica;609,5;Cfb;5991
4209177;Jupi√°;42;SC;n„o metropolitana;mata atlantica;765,95;Cfb;2542
4209201;Lacerd√≥polis;42;SC;n„o metropolitana;mata atlantica;665,42;Cfb;2256
4209300;Lages;42;SC;n„o metropolitana;mata atlantica;986,79;Cfb;164881
4209409;Laguna;42;SC;n„o metropolitana;mata atlantica;18,99;Cfa;41269
4209458;Lajeado Grande;42;SC;n„o metropolitana;mata atlantica;593,94;Cfa;1682
4209508;Laurentino;42;SC;n„o metropolitana;mata atlantica;480,81;Cfa;7524
4209607;Lauro M√ºller;42;SC;n„o metropolitana;mata atlantica;471;Cfa;14192
4209706;Lebon R√©gis;42;SC;n„o metropolitana;mata atlantica;1104,73;Cfb;11553
4209805;Leoberto Leal;42;SC;metropolitana;mata atlantica;727,44;Cfb;3334
4209854;Lind√≥ia Do Sul;42;SC;n„o metropolitana;mata atlantica;799,58;Cfb;4549
4209904;Lontras;42;SC;n„o metropolitana;mata atlantica;531,23;Cfa;12913
4210001;Luiz Alves;42;SC;n„o metropolitana;mata atlantica;194,49;Cfa;12249
4210035;Luzerna;42;SC;n„o metropolitana;mata atlantica;763,13;Cfb;5760
4210050;Macieira;42;SC;n„o metropolitana;mata atlantica;1095,43;Cfb;1778
4210100;Mafra;42;SC;n„o metropolitana;mata atlantica;850,59;Cfb;55463
4210209;Major Gercino;42;SC;metropolitana;mata atlantica;600,54;Cfb;3887
4210308;Major Vieira;42;SC;n„o metropolitana;mata atlantica;861,38;Cfb;7359
4210407;Maracaj√°;42;SC;n„o metropolitana;mata atlantica;13,28;Cfa;7825
4210506;Maravilha;42;SC;n„o metropolitana;mata atlantica;566,84;Cfa;28045
4210555;Marema;42;SC;n„o metropolitana;mata atlantica;482,24;Cfa;2177
4210605;Massaranduba;42;SC;n„o metropolitana;mata atlantica;168,34;Cfa;18922
4210704;Matos Costa;42;SC;n„o metropolitana;mata atlantica;1099,08;Cfb;2762
4210803;Meleiro;42;SC;n„o metropolitana;mata atlantica;32,09;Cfa;6940
4210852;Mirim Doce;42;SC;n„o metropolitana;mata atlantica;707,87;Cfb;2502
4210902;Modelo;42;SC;n„o metropolitana;mata atlantica;522,33;Cfa;4085
4211009;Monda√≠;42;SC;n„o metropolitana;mata atlantica;284,18;Cfa;9961
4211058;Monte Carlo;42;SC;n„o metropolitana;mata atlantica;959,11;Cfb;9131
4211108;Monte Castelo;42;SC;n„o metropolitana;mata atlantica;922,48;Cfb;7754
4211207;Morro Da Fuma√ßa;42;SC;n„o metropolitana;mata atlantica;42,76;Cfa;18687
4211256;Morro Grande;42;SC;n„o metropolitana;mata atlantica;355,88;Cfa;2982
4211306;Navegantes;42;SC;n„o metropolitana;mata atlantica;34,74;Cfa;88655
4211405;Nova Erechim;42;SC;n„o metropolitana;mata atlantica;375,68;Cfa;5179
4211454;Nova Itaberaba;42;SC;n„o metropolitana;mata atlantica;441,68;Cfa;4432
4211504;Nova Trento;42;SC;metropolitana;mata atlantica;389,08;Cfa;13645
4211603;Nova Veneza;42;SC;n„o metropolitana;mata atlantica;170,15;Cfa;13396
4211652;Novo Horizonte;42;SC;n„o metropolitana;mata atlantica;701,47;Cfa;2652
4211702;Orleans;42;SC;n„o metropolitana;mata atlantica;413,74;Cfa;23531
4211751;Otac√≠lio Costa;42;SC;n„o metropolitana;mata atlantica;873,01;Cfb;17357
4211801;Ouro;42;SC;n„o metropolitana;mata atlantica;650,78;Cfb;7025
4211850;Ouro Verde;42;SC;n„o metropolitana;mata atlantica;822,52;Cfb;2168
4211876;Paial;42;SC;n„o metropolitana;mata atlantica;418,93;Cfa;1931
4211892;Painel;42;SC;n„o metropolitana;mata atlantica;1195,84;Cfb;2199
4211900;Palho√ßa;42;SC;metropolitana;mata atlantica;162,36;Cfa;236638
4212007;Palma Sola;42;SC;n„o metropolitana;mata atlantica;740,21;Cfb;7601
4212056;Palmeira;42;SC;n„o metropolitana;mata atlantica;874,39;Cfb;2627
4212106;Palmitos;42;SC;n„o metropolitana;mata atlantica;349,16;Cfa;15627
4212205;Papanduva;42;SC;n„o metropolitana;mata atlantica;752,14;Cfb;19132
4212239;Para√≠so;42;SC;n„o metropolitana;mata atlantica;475,5;Cfa;4437
4212254;Passo De Torres;42;SC;n„o metropolitana;mata atlantica;6,64;Cfa;12875
4212270;Passos Maia;42;SC;n„o metropolitana;mata atlantica;1028,71;Cfb;4025
4212304;Paulo Lopes;42;SC;metropolitana;mata atlantica;343,36;Cfa;9326
4212403;Pedras Grandes;42;SC;n„o metropolitana;mata atlantica;241,01;Cfa;4233
4212502;Penha;42;SC;n„o metropolitana;mata atlantica;48,91;Cfa;33400
4212601;Peritiba;42;SC;n„o metropolitana;mata atlantica;588,23;Cfa;2993
4212650;Pescaria Brava;42;SC;n„o metropolitana;mata atlantica;10;Cfa;10224
4212700;Petrol√¢ndia;42;SC;n„o metropolitana;mata atlantica;684,21;Cfb;6718
4212809;Balne√°rio Pi√ßarras;42;SC;n„o metropolitana;mata atlantica;28,21;Cfa;28177
4212908;Pinhalzinho;42;SC;n„o metropolitana;mata atlantica;462,36;Cfa;21495
4213005;Pinheiro Preto;42;SC;n„o metropolitana;mata atlantica;800,17;Cfb;3469
4213104;Piratuba;42;SC;n„o metropolitana;mata atlantica;538,63;Cfa;5746
4213153;Planalto Alegre;42;SC;n„o metropolitana;mata atlantica;471,96;Cfa;2946
4213203;Pomerode;42;SC;n„o metropolitana;mata atlantica;222,09;Cfa;34699
4213302;Ponte Alta;42;SC;n„o metropolitana;mata atlantica;903,84;Cfb;4437
4213351;Ponte Alta Do Norte;42;SC;n„o metropolitana;mata atlantica;1026,77;Cfb;3217
4213401;Ponte Serrada;42;SC;n„o metropolitana;mata atlantica;1020,69;Cfb;10414
4213500;Porto Belo;42;SC;n„o metropolitana;mata atlantica;79,53;Cfa;27726
4213609;Porto Uni√£o;42;SC;n„o metropolitana;mata atlantica;965,76;Cfb;32190
4213708;Pouso Redondo;42;SC;n„o metropolitana;mata atlantica;525,06;Cfa;17143
4213807;Praia Grande;42;SC;n„o metropolitana;mata atlantica;322,49;Cfa;8131
4213906;Presidente Castello Branco;42;SC;n„o metropolitana;mata atlantica;682,29;Cfb;1692
4214003;Presidente Get√∫lio;42;SC;n„o metropolitana;mata atlantica;479,2;Cfa;21231
4214102;Presidente Nereu;42;SC;n„o metropolitana;mata atlantica;567,25;Cfb;2300
4214151;Princesa;42;SC;n„o metropolitana;mata atlantica;614,73;Cfa;2964
4214201;Quilombo;42;SC;n„o metropolitana;mata atlantica;488,1;Cfa;11027
4214300;Rancho Queimado;42;SC;metropolitana;mata atlantica;883,42;Cfb;3252
4214409;Rio Das Antas;42;SC;n„o metropolitana;mata atlantica;939,14;Cfb;6221
4214508;Rio Do Campo;42;SC;n„o metropolitana;mata atlantica;732,41;Cfb;6447
4214607;Rio Do Oeste;42;SC;n„o metropolitana;mata atlantica;413,95;Cfa;7623
4214706;Rio Dos Cedros;42;SC;n„o metropolitana;mata atlantica;669,2;Cfb;10879
4214805;Rio Do Sul;42;SC;n„o metropolitana;mata atlantica;528,51;Cfa;70952
4214904;Rio Fortuna;42;SC;n„o metropolitana;mata atlantica;378,52;Cfa;4885
4215000;Rio Negrinho;42;SC;n„o metropolitana;mata atlantica;913,98;Cfb;38531
4215059;Rio Rufino;42;SC;n„o metropolitana;mata atlantica;1133,89;Cfb;2432
4215075;Riqueza;42;SC;n„o metropolitana;mata atlantica;339,18;Cfa;4769
4215109;Rodeio;42;SC;n„o metropolitana;mata atlantica;273,04;Cfa;12715
4215208;Romel√¢ndia;42;SC;n„o metropolitana;mata atlantica;470,03;Cfa;4826
4215307;Salete;42;SC;n„o metropolitana;mata atlantica;620,89;Cfb;7502
4215356;Saltinho;42;SC;n„o metropolitana;mata atlantica;669,89;Cfa;3626
4215406;Salto Veloso;42;SC;n„o metropolitana;mata atlantica;983,71;Cfb;4416
4215455;Sang√£o;42;SC;n„o metropolitana;mata atlantica;38,69;Cfa;12995
4215505;Santa Cec√≠lia;42;SC;n„o metropolitana;mata atlantica;1100,92;Cfb;15247
4215554;Santa Helena;42;SC;n„o metropolitana;mata atlantica;411,19;Cfa;2427
4215604;Santa Rosa De Lima;42;SC;n„o metropolitana;mata atlantica;499,01;Cfa;2002
4215653;Santa Rosa Do Sul;42;SC;n„o metropolitana;mata atlantica;32,77;Cfa;9308
4215679;Santa Terezinha;42;SC;n„o metropolitana;mata atlantica;632,84;Cfb;8061
4215687;Santa Terezinha Do Progresso;42;SC;n„o metropolitana;mata atlantica;546,96;Cfa;2580
4215695;Santiago Do Sul;42;SC;n„o metropolitana;mata atlantica;599,78;Cfa;1642
4215703;Santo Amaro Da Imperatriz;42;SC;metropolitana;mata atlantica;495,82;Cfa;28260
4215752;S√£o Bernardino;42;SC;n„o metropolitana;mata atlantica;690;Cfa;2651
4215802;S√£o Bento Do Sul;42;SC;n„o metropolitana;mata atlantica;781,59;Cfb;82760
4215901;S√£o Bonif√°cio;42;SC;metropolitana;mata atlantica;614,83;Cfb;2950
4216008;S√£o Carlos;42;SC;n„o metropolitana;mata atlantica;372,66;Cfa;10279
4216057;S√£o Crist√≥v√£o Do Sul;42;SC;n„o metropolitana;mata atlantica;1066,17;Cfb;6092
4216107;S√£o Domingos;42;SC;n„o metropolitana;mata atlantica;678,62;Cfa;8984
4216206;S√£o Francisco Do Sul;42;SC;n„o metropolitana;mata atlantica;38,25;Cfa;52428
4216255;S√£o Jo√£o Do Oeste;42;SC;n„o metropolitana;mata atlantica;369,61;Cfa;6287
4216305;S√£o Jo√£o Batista;42;SC;metropolitana;mata atlantica;247,95;Cfa;32360
4216354;S√£o Jo√£o Do Itaperi√∫;42;SC;n„o metropolitana;mata atlantica;51,72;Cfa;4484
4216404;S√£o Jo√£o Do Sul;42;SC;n„o metropolitana;mata atlantica;10,1;Cfa;8642
4216503;S√£o Joaquim;42;SC;n„o metropolitana;mata atlantica;1165,7;Cfb;26026
4216602;S√£o Jos√©;42;SC;metropolitana;mata atlantica;67,98;Cfa;287409
4216701;S√£o Jos√© Do Cedro;42;SC;n„o metropolitana;mata atlantica;585,36;Cfa;15100
4216800;S√£o Jos√© Do Cerrito;42;SC;n„o metropolitana;mata atlantica;888,42;Cfb;8708
4216909;S√£o Louren√ßo Do Oeste;42;SC;n„o metropolitana;mata atlantica;730,17;Cfb;24774
4217006;S√£o Ludgero;42;SC;n„o metropolitana;mata atlantica;217,17;Cfa;13431
4217105;S√£o Martinho;42;SC;n„o metropolitana;mata atlantica;277,97;Cfa;3654
4217154;S√£o Miguel Da Boa Vista;42;SC;n„o metropolitana;mata atlantica;492,01;Cfa;1768
4217204;S√£o Miguel Do Oeste;42;SC;n„o metropolitana;mata atlantica;541,7;Cfa;43946
4217253;S√£o Pedro De Alc√¢ntara;42;SC;metropolitana;mata atlantica;421,19;Cfa;5693
4217303;Saudades;42;SC;n„o metropolitana;mata atlantica;426,89;Cfa;10272
4217402;Schroeder;42;SC;n„o metropolitana;mata atlantica;246,73;Cfa;20213
4217501;Seara;42;SC;n„o metropolitana;mata atlantica;594,01;Cfa;18623
4217550;Serra Alta;42;SC;n„o metropolitana;mata atlantica;574,65;Cfa;3314
4217600;Sider√≥polis;42;SC;n„o metropolitana;mata atlantica;354,23;Cfa;13862
4217709;Sombrio;42;SC;n„o metropolitana;mata atlantica;28,32;Cfa;29503
4217758;Sul Brasil;42;SC;n„o metropolitana;mata atlantica;496,93;Cfa;2878
4217808;Tai√≥;42;SC;n„o metropolitana;mata atlantica;600,21;Cfa;18282
4217907;Tangar√°;42;SC;n„o metropolitana;mata atlantica;879,77;Cfb;8153
4217956;Tigrinhos;42;SC;n„o metropolitana;mata atlantica;620,38;Cfa;2325
4218004;Tijucas;42;SC;metropolitana;mata atlantica;101,53;Cfa;49474
4218103;Timb√© Do Sul;42;SC;n„o metropolitana;mata atlantica;426,71;Cfa;5377
4218202;Timb√≥;42;SC;n„o metropolitana;mata atlantica;172,13;Cfa;46144
4218251;Timb√≥ Grande;42;SC;n„o metropolitana;mata atlantica;1047,35;Cfb;7368
4218301;Tr√™s Barras;42;SC;n„o metropolitana;mata atlantica;798,87;Cfb;19782
4218350;Treviso;42;SC;n„o metropolitana;mata atlantica;378,61;Cfa;3783
4218400;Treze De Maio;42;SC;n„o metropolitana;mata atlantica;160,35;Cfa;7354
4218509;Treze T√≠lias;42;SC;n„o metropolitana;mata atlantica;901,84;Cfb;8803
4218608;Trombudo Central;42;SC;n„o metropolitana;mata atlantica;414,01;Cfa;7074
4218707;Tubar√£o;42;SC;n„o metropolitana;mata atlantica;89,5;Cfa;114389
4218756;Tun√°polis;42;SC;n„o metropolitana;mata atlantica;375,83;Cfa;5018
4218806;Turvo;42;SC;n„o metropolitana;mata atlantica;59,99;Cfa;12993
4218855;Uni√£o Do Oeste;42;SC;n„o metropolitana;mata atlantica;466,48;Cfa;2782
4218905;Urubici;42;SC;n„o metropolitana;mata atlantica;1292,06;Cfb;11156
4218954;Urupema;42;SC;n„o metropolitana;mata atlantica;1259,31;Cfb;2719
4219002;Urussanga;42;SC;n„o metropolitana;mata atlantica;238,21;Cfa;20915
4219101;Varge√£o;42;SC;n„o metropolitana;mata atlantica;903,44;Cfb;3585
4219150;Vargem;42;SC;n„o metropolitana;mata atlantica;875,25;Cfb;2621
4219176;Vargem Bonita;42;SC;n„o metropolitana;mata atlantica;1047,43;Cfb;4572
4219200;Vidal Ramos;42;SC;n„o metropolitana;mata atlantica;659,36;Cfb;6160
4219309;Videira;42;SC;n„o metropolitana;mata atlantica;875,24;Cfb;55921
4219358;Vitor Meireles;42;SC;n„o metropolitana;mata atlantica;566,67;Cfa;5362
4219408;Witmarsum;42;SC;n„o metropolitana;mata atlantica;533,38;Cfa;4314
4219507;Xanxer√™;42;SC;n„o metropolitana;mata atlantica;747,06;Cfb;50998
4219606;Xavantina;42;SC;n„o metropolitana;mata atlantica;724,42;Cfb;3654
4219705;Xaxim;42;SC;n„o metropolitana;mata atlantica;657,94;Cfa;31625
4219853;Zort√©a;42;SC;n„o metropolitana;mata atlantica;715;Cfb;3925
4220000;Balne√°rio Rinc√£o;42;SC;n„o metropolitana;mata atlantica;5;Cfa;15880
4300034;Acegu√°;43;RS;n„o metropolitana;pampa;150,86;Cfa;4156
4300059;√Ågua Santa;43;RS;n„o metropolitana;mata atlantica;731,53;Cfb;4345
4300109;Agudo;43;RS;n„o metropolitana;mata atlantica;222,24;Cfa;16740
4300208;Ajuricaba;43;RS;n„o metropolitana;mata atlantica;371,48;Cfa;6707
4300307;Alecrim;43;RS;n„o metropolitana;mata atlantica;208,51;Cfa;6169
4300406;Alegrete;43;RS;n„o metropolitana;pampa;113,55;Cfa;71945
4300455;Alegria;43;RS;n„o metropolitana;mata atlantica;333,87;Cfa;3652
4300471;Almirante Tamandar√© Do Sul;43;RS;n„o metropolitana;pampa;541,09;Cfa;1967
4300505;Alpestre;43;RS;n„o metropolitana;mata atlantica;381,92;Cfa;7065
4300554;Alto Alegre;43;RS;n„o metropolitana;mata atlantica;414,55;Cfa;1800
4300570;Alto Feliz;43;RS;n„o metropolitana;mata atlantica;406,43;Cfa;3061
4300604;Alvorada;43;RS;metropolitana;pampa;31,76;Cfa;185921
4300638;Amaral Ferrador;43;RS;n„o metropolitana;pampa;118,8;Cfa;5268
4300646;Ametista Do Sul;43;RS;n„o metropolitana;mata atlantica;369,88;Cfa;7529
4300661;Andr√© Da Rocha;43;RS;n„o metropolitana;mata atlantica;666,82;Cfb;1129
4300703;Anta Gorda;43;RS;n„o metropolitana;mata atlantica;451,76;Cfa;5962
4300802;Ant√¥nio Prado;43;RS;n„o metropolitana;mata atlantica;597,74;Cfb;14292
4300851;Arambar√©;43;RS;n„o metropolitana;pampa;11,16;Cfa;4109
4300877;Araric√°;43;RS;metropolitana;mata atlantica;50,02;Cfa;8293
4300901;Aratiba;43;RS;n„o metropolitana;mata atlantica;552,35;Cfa;6495
4301008;Arroio Do Meio;43;RS;n„o metropolitana;mata atlantica;131,92;Cfa;21961
4301057;Arroio Do Sal;43;RS;n„o metropolitana;mata atlantica;7,65;Cfa;11082
4301073;Arroio Do Padre;43;RS;n„o metropolitana;pampa;169,05;Cfa;2638
4301107;Arroio Dos Ratos;43;RS;metropolitana;pampa;137,09;Cfa;14555
4301206;Arroio Do Tigre;43;RS;n„o metropolitana;mata atlantica;334,75;Cfa;12022
4301305;Arroio Grande;43;RS;n„o metropolitana;pampa;39,99;Cfa;17440
4301404;Arvorezinha;43;RS;n„o metropolitana;mata atlantica;612,25;Cfb;10328
4301503;Augusto Pestana;43;RS;n„o metropolitana;pampa;334,2;Cfa;7146
4301552;√Åurea;43;RS;n„o metropolitana;mata atlantica;626,34;Cfa;3401
4301602;Bag√©;43;RS;n„o metropolitana;pampa;241,76;Cfa;113173
4301636;Balne√°rio Pinhal;43;RS;n„o metropolitana;pampa;10,71;Cfa;14769
4301651;Bar√£o;43;RS;n„o metropolitana;mata atlantica;492,46;Cfa;6476
4301701;Bar√£o De Cotegipe;43;RS;n„o metropolitana;mata atlantica;751,12;Cfb;7150
4301750;Bar√£o Do Triunfo;43;RS;n„o metropolitana;pampa;327,3;Cfa;5893
4301800;Barrac√£o;43;RS;n„o metropolitana;mata atlantica;749,09;Cfb;5115
4301859;Barra Do Guarita;43;RS;n„o metropolitana;mata atlantica;298,6;Cfa;3161
4301875;Barra Do Quara√≠;43;RS;n„o metropolitana;pampa;62,05;Cfa;4053
4301909;Barra Do Ribeiro;43;RS;n„o metropolitana;pampa;42,99;Cfa;11925
4301925;Barra Do Rio Azul;43;RS;n„o metropolitana;mata atlantica;582,76;Cfa;1695
4301958;Barra Funda;43;RS;n„o metropolitana;mata atlantica;429,78;Cfa;2497
4302006;Barros Cassal;43;RS;n„o metropolitana;mata atlantica;550,62;Cfa;9299
4302055;Benjamin Constant Do Sul;43;RS;n„o metropolitana;mata atlantica;636,75;Cfb;1981
4302105;Bento Gon√ßalves;43;RS;n„o metropolitana;mata atlantica;498,3;Cfa;129430
4302154;Boa Vista Das Miss√µes;43;RS;n„o metropolitana;pampa;545,49;Cfa;1899
4302204;Boa Vista Do Buric√°;43;RS;n„o metropolitana;mata atlantica;255,17;Cfa;7030
4302220;Boa Vista Do Cadeado;43;RS;n„o metropolitana;pampa;384,33;Cfa;2222
4302238;Boa Vista Do Incra;43;RS;n„o metropolitana;pampa;386,77;Cfa;2267
4302253;Boa Vista Do Sul;43;RS;n„o metropolitana;mata atlantica;459,28;Cfa;2746
4302303;Bom Jesus;43;RS;n„o metropolitana;mata atlantica;978,88;Cfb;10725
4302352;Bom Princ√≠pio;43;RS;n„o metropolitana;mata atlantica;106,77;Cfa;15619
4302378;Bom Progresso;43;RS;n„o metropolitana;mata atlantica;416,51;Cfa;2106
4302402;Bom Retiro Do Sul;43;RS;n„o metropolitana;mata atlantica;60,41;Cfa;12245
4302451;Boqueir√£o Do Le√£o;43;RS;n„o metropolitana;mata atlantica;549,07;Cfb;6231
4302501;Bossoroca;43;RS;n„o metropolitana;pampa;183,68;Cfa;5886
4302584;Bozano;43;RS;n„o metropolitana;mata atlantica;375,06;Cfa;2135
4302600;Braga;43;RS;n„o metropolitana;mata atlantica;421,43;Cfa;3264
4302659;Brochier;43;RS;n„o metropolitana;mata atlantica;229,39;Cfa;5895
4302709;Buti√°;43;RS;n„o metropolitana;pampa;130,44;Cfa;18711
4302808;Ca√ßapava Do Sul;43;RS;n„o metropolitana;pampa;201,2;Cfa;32447
4302907;Cacequi;43;RS;n„o metropolitana;pampa;118,38;Cfa;11166
4303004;Cachoeira Do Sul;43;RS;n„o metropolitana;pampa;90,53;Cfa;79778
4303103;Cachoeirinha;43;RS;metropolitana;pampa;29,34;Cfa;134545
4303202;Cacique Doble;43;RS;n„o metropolitana;mata atlantica;683,29;Cfb;4602
4303301;Caibat√©;43;RS;n„o metropolitana;pampa;221,51;Cfa;4707
4303400;Cai√ßara;43;RS;n„o metropolitana;mata atlantica;388,49;Cfa;4810
4303509;Camaqu√£;43;RS;n„o metropolitana;pampa;62,61;Cfa;61598
4303558;Camargo;43;RS;n„o metropolitana;mata atlantica;544,85;Cfa;3204
4303608;Cambar√° Do Sul;43;RS;n„o metropolitana;mata atlantica;982,68;Cfb;6263
4303673;Campestre Da Serra;43;RS;n„o metropolitana;mata atlantica;747,53;Cfb;3243
4303707;Campina Das Miss√µes;43;RS;n„o metropolitana;mata atlantica;194,26;Cfa;5882
4303806;Campinas Do Sul;43;RS;n„o metropolitana;pampa;617,1;Cfa;5266
4303905;Campo Bom;43;RS;metropolitana;mata atlantica;40,59;Cfa;65380
4304002;Campo Novo;43;RS;n„o metropolitana;mata atlantica;446,64;Cfa;4992
4304101;Campos Borges;43;RS;n„o metropolitana;mata atlantica;399,5;Cfa;3606
4304200;Candel√°ria;43;RS;n„o metropolitana;mata atlantica;153,81;Cfa;28249
4304309;C√¢ndido God√≥i;43;RS;n„o metropolitana;mata atlantica;268,87;Cfa;6291
4304358;Candiota;43;RS;n„o metropolitana;pampa;205,92;Cfa;10418
4304408;Canela;43;RS;n„o metropolitana;mata atlantica;675,28;Cfb;53348
4304507;Cangu√ßu;43;RS;n„o metropolitana;pampa;233,07;Cfa;48922
4304606;Canoas;43;RS;metropolitana;pampa;14,13;Cfa;339133
4304614;Canudos Do Vale;43;RS;n„o metropolitana;mata atlantica;351,44;Cfa;1660
4304622;Cap√£o Bonito Do Sul;43;RS;n„o metropolitana;mata atlantica;824,71;Cfb;1724
4304630;Cap√£o Da Canoa;43;RS;n„o metropolitana;mata atlantica;6,66;Cfa;62040
4304655;Cap√£o Do Cip√≥;43;RS;n„o metropolitana;pampa;317,01;Cfa;3122
4304663;Cap√£o Do Le√£o;43;RS;n„o metropolitana;pampa;34,23;Cfa;27071
4304671;Capivari Do Sul;43;RS;n„o metropolitana;pampa;8,67;Cfa;3986
4304689;Capela De Santana;43;RS;metropolitana;mata atlantica;44,72;Cfa;10970
4304697;Capit√£o;43;RS;n„o metropolitana;mata atlantica;375,3;Cfa;2888
4304705;Carazinho;43;RS;n„o metropolitana;pampa;541,16;Cfa;60983
4304713;Cara√°;43;RS;n„o metropolitana;mata atlantica;277,76;Cfa;8957
4304804;Carlos Barbosa;43;RS;n„o metropolitana;mata atlantica;522,47;Cfb;29834
4304853;Carlos Gomes;43;RS;n„o metropolitana;mata atlantica;551,43;Cfa;1355
4304903;Casca;43;RS;n„o metropolitana;mata atlantica;593,22;Cfb;9464
4304952;Caseiros;43;RS;n„o metropolitana;mata atlantica;814,92;Cfb;3000
4305009;Catu√≠pe;43;RS;n„o metropolitana;mata atlantica;348,66;Cfa;8679
4305108;Caxias Do Sul;43;RS;metropolitana;mata atlantica;710,07;Cfb;503068
4305116;Centen√°rio;43;RS;n„o metropolitana;mata atlantica;594,04;Cfa;2725
4305124;Cerrito;43;RS;n„o metropolitana;pampa;100,08;Cfa;5847
4305132;Cerro Branco;43;RS;n„o metropolitana;mata atlantica;350,77;Cfa;3803
4305157;Cerro Grande;43;RS;n„o metropolitana;mata atlantica;389,85;Cfa;2318
4305173;Cerro Grande Do Sul;43;RS;n„o metropolitana;pampa;192,42;Cfa;9054
4305207;Cerro Largo;43;RS;n„o metropolitana;mata atlantica;206,44;Cfa;13710
4305306;Chapada;43;RS;n„o metropolitana;pampa;517,14;Cfa;9475
4305355;Charqueadas;43;RS;metropolitana;pampa;21,19;Cfa;34954
4305371;Charrua;43;RS;n„o metropolitana;mata atlantica;601,96;Cfa;3345
4305405;Chiapetta;43;RS;n„o metropolitana;pampa;430,26;Cfa;3901
4305439;Chu√≠;43;RS;n„o metropolitana;pampa;13,33;Cfa;6438
4305447;Chuvisca;43;RS;n„o metropolitana;pampa;156,57;Cfa;4583
4305454;Cidreira;43;RS;n„o metropolitana;pampa;9,79;Cfa;16742
4305504;Cir√≠aco;43;RS;n„o metropolitana;mata atlantica;754,87;Cfb;4142
4305587;Colinas;43;RS;n„o metropolitana;mata atlantica;107,68;Cfa;2415
4305603;Colorado;43;RS;n„o metropolitana;mata atlantica;455,55;Cfa;3258
4305702;Condor;43;RS;n„o metropolitana;pampa;472,87;Cfa;6406
4305801;Constantina;43;RS;n„o metropolitana;mata atlantica;462,65;Cfa;10383
4305835;Coqueiro Baixo;43;RS;n„o metropolitana;mata atlantica;381,91;Cfa;1284
4305850;Coqueiros Do Sul;43;RS;n„o metropolitana;pampa;577,31;Cfa;2204
4305871;Coronel Barros;43;RS;n„o metropolitana;mata atlantica;287,27;Cfa;2819
4305900;Coronel Bicaco;43;RS;n„o metropolitana;pampa;498,17;Cfa;6082
4305934;Coronel Pilar;43;RS;n„o metropolitana;mata atlantica;453,41;Cfa;1592
4305959;Cotipor√£;43;RS;n„o metropolitana;mata atlantica;394,5;Cfa;3850
4305975;Coxilha;43;RS;n„o metropolitana;pampa;669,48;Cfb;3172
4306007;Crissiumal;43;RS;n„o metropolitana;mata atlantica;263,14;Cfa;12852
4306056;Cristal;43;RS;n„o metropolitana;pampa;44,75;Cfa;7352
4306072;Cristal Do Sul;43;RS;n„o metropolitana;mata atlantica;339,9;Cfa;2694
4306106;Cruz Alta;43;RS;n„o metropolitana;pampa;411,53;Cfa;59057
4306130;Cruzaltense;43;RS;n„o metropolitana;pampa;577,36;Cfa;1635
4306205;Cruzeiro Do Sul;43;RS;n„o metropolitana;mata atlantica;48,19;Cfa;11618
4306304;David Canabarro;43;RS;n„o metropolitana;mata atlantica;723,85;Cfb;4324
4306320;Derrubadas;43;RS;n„o metropolitana;mata atlantica;322,82;Cfa;2749
4306353;Dezesseis De Novembro;43;RS;n„o metropolitana;mata atlantica;190,39;Cfa;2506
4306379;Dilermando De Aguiar;43;RS;n„o metropolitana;pampa;111,06;Cfa;2806
4306403;Dois Irm√£os;43;RS;metropolitana;mata atlantica;189,64;Cfa;30551
4306429;Dois Irm√£os Das Miss√µes;43;RS;n„o metropolitana;pampa;516,61;Cfa;2063
4306452;Dois Lajeados;43;RS;n„o metropolitana;mata atlantica;440,3;Cfa;2965
4306502;Dom Feliciano;43;RS;n„o metropolitana;pampa;275,97;Cfa;13059
4306551;Dom Pedro De Alc√¢ntara;43;RS;n„o metropolitana;mata atlantica;31,89;Cfa;2499
4306601;Dom Pedrito;43;RS;n„o metropolitana;pampa;188,47;Cfa;36559
4306700;Dona Francisca;43;RS;n„o metropolitana;mata atlantica;167,55;Cfa;3079
4306734;Doutor Maur√≠cio Cardoso;43;RS;n„o metropolitana;mata atlantica;199,28;Cfa;4470
4306759;Doutor Ricardo;43;RS;n„o metropolitana;mata atlantica;386,8;Cfa;1866
4306767;Eldorado Do Sul;43;RS;metropolitana;pampa;54,29;Cfa;39330
4306809;Encantado;43;RS;n„o metropolitana;mata atlantica;228,34;Cfa;22391
4306908;Encruzilhada Do Sul;43;RS;n„o metropolitana;pampa;258,95;Cfa;22276
4306924;Engenho Velho;43;RS;n„o metropolitana;mata atlantica;532,13;Cfa;1291
4306932;Entre-Iju√≠s;43;RS;n„o metropolitana;pampa;277,07;Cfa;9157
4306957;Entre Rios Do Sul;43;RS;n„o metropolitana;pampa;573,33;Cfa;2681
4306973;Erebango;43;RS;n„o metropolitana;pampa;732,07;Cfb;3037
4307005;Erechim;43;RS;n„o metropolitana;mata atlantica;700,08;Cfb;105428
4307054;Ernestina;43;RS;n„o metropolitana;pampa;514,66;Cfa;3021
4307104;Herval;43;RS;n„o metropolitana;pampa;184,47;Cfa;6380
4307203;Erval Grande;43;RS;n„o metropolitana;mata atlantica;610,02;Cfa;4908
4307302;Erval Seco;43;RS;n„o metropolitana;mata atlantica;436,31;Cfa;6748
4307401;Esmeralda;43;RS;n„o metropolitana;mata atlantica;889,98;Cfb;3175
4307450;Esperan√ßa Do Sul;43;RS;n„o metropolitana;mata atlantica;293,08;Cfa;3225
4307500;Espumoso;43;RS;n„o metropolitana;mata atlantica;484,44;Cfa;15118
4307559;Esta√ß√£o;43;RS;n„o metropolitana;mata atlantica;710,68;Cfb;5517
4307609;Est√¢ncia Velha;43;RS;metropolitana;mata atlantica;64,13;Cfa;48682
4307708;Esteio;43;RS;metropolitana;pampa;12,13;Cfa;74653
4307807;Estrela;43;RS;n„o metropolitana;mata atlantica;55,5;Cfa;31909
4307815;Estrela Velha;43;RS;n„o metropolitana;mata atlantica;296,06;Cfa;3066
4307831;Eug√™nio De Castro;43;RS;n„o metropolitana;pampa;306,08;Cfa;2633
4307864;Fagundes Varela;43;RS;n„o metropolitana;mata atlantica;499,03;Cfa;2566
4307906;Farroupilha;43;RS;n„o metropolitana;mata atlantica;624,39;Cfb;74879
4308003;Faxinal Do Soturno;43;RS;n„o metropolitana;mata atlantica;185,23;Cfa;6686
4308052;Faxinalzinho;43;RS;n„o metropolitana;mata atlantica;608,65;Cfa;2521
4308078;Fazenda Vilanova;43;RS;n„o metropolitana;mata atlantica;92,68;Cfa;4298
4308102;Feliz;43;RS;n„o metropolitana;mata atlantica;146,04;Cfa;15174
4308201;Flores Da Cunha;43;RS;n„o metropolitana;mata atlantica;673,52;Cfb;33430
4308250;Floriano Peixoto;43;RS;n„o metropolitana;mata atlantica;592,54;Cfa;2038
4308300;Fontoura Xavier;43;RS;n„o metropolitana;mata atlantica;592,41;Cfb;9573
4308409;Formigueiro;43;RS;n„o metropolitana;pampa;63,48;Cfa;6439
4308433;Forquetinha;43;RS;n„o metropolitana;mata atlantica;201,37;Cfa;2521
4308458;Fortaleza Dos Valos;43;RS;n„o metropolitana;pampa;366,7;Cfa;4455
4308508;Frederico Westphalen;43;RS;n„o metropolitana;mata atlantica;392,1;Cfa;32284
4308607;Garibaldi;43;RS;n„o metropolitana;mata atlantica;568,73;Cfb;35219
4308656;Garruchos;43;RS;n„o metropolitana;pampa;103,49;Cfa;2615
4308706;Gaurama;43;RS;n„o metropolitana;mata atlantica;652,42;Cfb;5676
4308805;General C√¢mara;43;RS;n„o metropolitana;pampa;34,43;Cfa;7346
4308854;Gentil;43;RS;n„o metropolitana;mata atlantica;732,04;Cfb;1745
4308904;Get√∫lio Vargas;43;RS;n„o metropolitana;mata atlantica;663,68;Cfb;18111
4309001;Giru√°;43;RS;n„o metropolitana;pampa;362,05;Cfa;15971
4309050;Glorinha;43;RS;metropolitana;pampa;45,09;Cfa;7653
4309100;Gramado;43;RS;n„o metropolitana;mata atlantica;632,18;Cfb;44643
4309126;Gramado Dos Loureiros;43;RS;n„o metropolitana;mata atlantica;571,84;Cfa;2003
4309159;Gramado Xavier;43;RS;n„o metropolitana;mata atlantica;519,27;Cfa;3304
4309209;Gravata√≠;43;RS;metropolitana;pampa;68,04;Cfa;279205
4309258;Guabiju;43;RS;n„o metropolitana;mata atlantica;732,16;Cfb;1396
4309308;Gua√≠ba;43;RS;metropolitana;pampa;71,25;Cfa;91304
4309407;Guapor√©;43;RS;n„o metropolitana;mata atlantica;470,15;Cfa;24958
4309506;Guarani Das Miss√µes;43;RS;n„o metropolitana;mata atlantica;226,46;Cfa;7554
4309555;Harmonia;43;RS;n„o metropolitana;mata atlantica;85,64;Cfa;5660
4309571;Herveiras;43;RS;n„o metropolitana;mata atlantica;483,99;Cfa;2559
4309605;Horizontina;43;RS;n„o metropolitana;mata atlantica;255,33;Cfa;18852
4309654;Hulha Negra;43;RS;n„o metropolitana;pampa;221,83;Cfa;5851
4309704;Humait√°;43;RS;n„o metropolitana;mata atlantica;363,22;Cfa;4690
4309753;Ibarama;43;RS;n„o metropolitana;mata atlantica;336,5;Cfa;3722
4309803;Ibia√ß√°;43;RS;n„o metropolitana;mata atlantica;680,4;Cfb;4560
4309902;Ibiraiaras;43;RS;n„o metropolitana;mata atlantica;769,11;Cfb;6764
4309951;Ibirapuit√£;43;RS;n„o metropolitana;mata atlantica;614,02;Cfb;4159
4310009;Ibirub√°;43;RS;n„o metropolitana;mata atlantica;411,94;Cfa;21733
4310108;Igrejinha;43;RS;metropolitana;mata atlantica;230,05;Cfa;33173
4310207;Iju√≠;43;RS;n„o metropolitana;mata atlantica;333,87;Cfa;85135
4310306;Il√≥polis;43;RS;n„o metropolitana;mata atlantica;657,97;Cfb;4094
4310330;Imb√©;43;RS;n„o metropolitana;pampa;3,13;Cfa;27053
4310363;Imigrante;43;RS;n„o metropolitana;mata atlantica;275,32;Cfa;3082
4310405;Independ√™ncia;43;RS;n„o metropolitana;pampa;344,82;Cfa;6519
4310413;Inhacor√°;43;RS;n„o metropolitana;pampa;379,69;Cfa;2011
4310439;Ip√™;43;RS;n„o metropolitana;mata atlantica;724,52;Cfb;6554
4310462;Ipiranga Do Sul;43;RS;n„o metropolitana;pampa;656,26;Cfb;1714
4310504;Ira√≠;43;RS;n„o metropolitana;mata atlantica;318,06;Cfa;7489
4310538;Itaara;43;RS;n„o metropolitana;mata atlantica;400,41;Cfa;5747
4310553;Itacurubi;43;RS;n„o metropolitana;pampa;155,24;Cfa;2995
4310579;Itapuca;43;RS;n„o metropolitana;mata atlantica;668,09;Cfb;1937
4310603;Itaqui;43;RS;n„o metropolitana;pampa;79,86;Cfa;35408
4310652;Itati;43;RS;n„o metropolitana;mata atlantica;467,61;Cfa;2941
4310702;Itatiba Do Sul;43;RS;n„o metropolitana;mata atlantica;553;Cfa;3206
4310751;Ivor√°;43;RS;n„o metropolitana;mata atlantica;335,78;Cfa;2012
4310801;Ivoti;43;RS;metropolitana;mata atlantica;141,66;Cfa;22911
4310850;Jaboticaba;43;RS;n„o metropolitana;mata atlantica;464,9;Cfa;3754
4310876;Jacuizinho;43;RS;n„o metropolitana;mata atlantica;378,43;Cfa;2028
4310900;Jacutinga;43;RS;n„o metropolitana;pampa;649,05;Cfb;3198
4311007;Jaguar√£o;43;RS;n„o metropolitana;pampa;44,99;Cfa;26583
4311106;Jaguari;43;RS;n„o metropolitana;mata atlantica;201,99;Cfa;10527
4311122;Jaquirana;43;RS;n„o metropolitana;mata atlantica;863,17;Cfb;3692
4311130;Jari;43;RS;n„o metropolitana;pampa;346,83;Cfa;3349
4311155;J√≥ia;43;RS;n„o metropolitana;pampa;360,22;Cfa;7123
4311205;J√∫lio De Castilhos;43;RS;n„o metropolitana;pampa;406,89;Cfa;18121
4311239;Lagoa Bonita Do Sul;43;RS;n„o metropolitana;mata atlantica;477,88;Cfa;2253
4311254;Lago√£o;43;RS;n„o metropolitana;mata atlantica;498,1;Cfa;5343
4311270;Lagoa Dos Tr√™s Cantos;43;RS;n„o metropolitana;mata atlantica;439,56;Cfa;1726
4311304;Lagoa Vermelha;43;RS;n„o metropolitana;mata atlantica;757,5;Cfb;27598
4311403;Lajeado;43;RS;n„o metropolitana;mata atlantica;78,24;Cfa;97432
4311429;Lajeado Do Bugre;43;RS;n„o metropolitana;mata atlantica;450,39;Cfa;2569
4311502;Lavras Do Sul;43;RS;n„o metropolitana;pampa;269,61;Cfa;7458
4311601;Liberato Salzano;43;RS;n„o metropolitana;mata atlantica;402,59;Cfa;4664
4311627;Lindolfo Collor;43;RS;n„o metropolitana;mata atlantica;79,78;Cfa;6156
4311643;Linha Nova;43;RS;n„o metropolitana;mata atlantica;296,83;Cfa;1763
4311700;Machadinho;43;RS;n„o metropolitana;mata atlantica;656,04;Cfb;5729
4311718;Ma√ßambar√°;43;RS;n„o metropolitana;pampa;114,81;Cfa;4427
4311734;Mampituba;43;RS;n„o metropolitana;mata atlantica;422,13;Cfa;2954
4311759;Manoel Viana;43;RS;n„o metropolitana;pampa;117;Cfa;6732
4311775;Maquin√©;43;RS;n„o metropolitana;mata atlantica;310,81;Cfa;8222
4311791;Marat√°;43;RS;n„o metropolitana;mata atlantica;133,66;Cfa;2515
4311809;Marau;43;RS;n„o metropolitana;mata atlantica;586,14;Cfa;46643
4311908;Marcelino Ramos;43;RS;n„o metropolitana;mata atlantica;511,71;Cfa;4314
4311981;Mariana Pimentel;43;RS;n„o metropolitana;pampa;153,18;Cfa;3889
4312005;Mariano Moro;43;RS;n„o metropolitana;mata atlantica;491,17;Cfa;1856
4312054;Marques De Souza;43;RS;n„o metropolitana;mata atlantica;269,34;Cfa;3928
4312104;Mata;43;RS;n„o metropolitana;mata atlantica;186,8;Cfa;4697
4312138;Mato Castelhano;43;RS;n„o metropolitana;mata atlantica;702,06;Cfb;2552
4312153;Mato Leit√£o;43;RS;n„o metropolitana;mata atlantica;91,65;Cfa;4848
4312179;Mato Queimado;43;RS;n„o metropolitana;mata atlantica;200,3;Cfa;1793
4312203;Maximiliano De Almeida;43;RS;n„o metropolitana;mata atlantica;556,78;Cfa;4763
4312252;Minas Do Le√£o;43;RS;n„o metropolitana;pampa;63,36;Cfa;7470
4312302;Miragua√≠;43;RS;n„o metropolitana;mata atlantica;404,09;Cfa;4388
4312351;Montauri;43;RS;n„o metropolitana;mata atlantica;520,04;Cfa;1495
4312377;Monte Alegre Dos Campos;43;RS;n„o metropolitana;mata atlantica;806,15;Cfb;3610
4312385;Monte Belo Do Sul;43;RS;n„o metropolitana;mata atlantica;461,38;Cfa;2584
4312401;Montenegro;43;RS;metropolitana;pampa;65,06;Cfa;66878
4312427;Morma√ßo;43;RS;n„o metropolitana;mata atlantica;463,78;Cfa;2748
4312443;Morrinhos Do Sul;43;RS;n„o metropolitana;mata atlantica;242,02;Cfa;3091
4312450;Morro Redondo;43;RS;n„o metropolitana;pampa;160,57;Cfa;5568
4312476;Morro Reuter;43;RS;n„o metropolitana;mata atlantica;500,62;Cfb;6124
4312500;Mostardas;43;RS;n„o metropolitana;pampa;9,4;Cfa;13035
4312609;Mu√ßum;43;RS;n„o metropolitana;mata atlantica;234,24;Cfa;4492
4312617;Muitos Cap√µes;43;RS;n„o metropolitana;mata atlantica;802,8;Cfb;2811
4312625;Muliterno;43;RS;n„o metropolitana;mata atlantica;809,12;Cfb;1718
4312658;N√£o-Me-Toque;43;RS;n„o metropolitana;mata atlantica;466,47;Cfa;17821
4312674;Nicolau Vergueiro;43;RS;n„o metropolitana;mata atlantica;535,13;Cfa;1935
4312708;Nonoai;43;RS;n„o metropolitana;mata atlantica;533,9;Cfa;13466
4312757;Nova Alvorada;43;RS;n„o metropolitana;mata atlantica;613,16;Cfb;3169
4312807;Nova Ara√ß√°;43;RS;n„o metropolitana;mata atlantica;661,1;Cfb;4968
4312906;Nova Bassano;43;RS;n„o metropolitana;mata atlantica;578,2;Cfb;9582
4312955;Nova Boa Vista;43;RS;n„o metropolitana;mata atlantica;463,07;Cfa;2040
4313003;Nova Br√©scia;43;RS;n„o metropolitana;mata atlantica;377,09;Cfa;3037
4313011;Nova Candel√°ria;43;RS;n„o metropolitana;mata atlantica;240,83;Cfa;3056
4313037;Nova Esperan√ßa Do Sul;43;RS;n„o metropolitana;pampa;261,12;Cfa;4858
4313060;Nova Hartz;43;RS;metropolitana;mata atlantica;129,53;Cfa;19799
4313086;Nova P√°dua;43;RS;n„o metropolitana;mata atlantica;565,09;Cfb;2334
4313102;Nova Palma;43;RS;n„o metropolitana;mata atlantica;338,76;Cfa;5328
4313201;Nova Petr√≥polis;43;RS;n„o metropolitana;mata atlantica;474,21;Cfa;28579
4313300;Nova Prata;43;RS;n„o metropolitana;mata atlantica;661,21;Cfb;25656
4313334;Nova Ramada;43;RS;n„o metropolitana;pampa;456,72;Cfa;2157
4313359;Nova Roma Do Sul;43;RS;n„o metropolitana;mata atlantica;503,05;Cfb;3468
4313375;Nova Santa Rita;43;RS;metropolitana;pampa;16,56;Cfa;28290
4313391;Novo Cabrais;43;RS;n„o metropolitana;pampa;104,22;Cfa;3550
4313409;Novo Hamburgo;43;RS;metropolitana;mata atlantica;76,95;Cfa;241306
4313425;Novo Machado;43;RS;n„o metropolitana;mata atlantica;191,64;Cfa;3198
4313441;Novo Tiradentes;43;RS;n„o metropolitana;mata atlantica;368,5;Cfa;2115
4313466;Novo Xingu;43;RS;n„o metropolitana;mata atlantica;389,68;Cfa;1646
4313490;Novo Barreiro;43;RS;n„o metropolitana;mata atlantica;431,58;Cfa;4233
4313508;Os√≥rio;43;RS;n„o metropolitana;pampa;32,45;Cfa;50395
4313607;Paim Filho;43;RS;n„o metropolitana;mata atlantica;626,64;Cfb;3979
4313656;Palmares Do Sul;43;RS;n„o metropolitana;pampa;8,36;Cfa;12969
4313706;Palmeira Das Miss√µes;43;RS;n„o metropolitana;pampa;540,9;Cfa;32873
4313805;Palmitinho;43;RS;n„o metropolitana;mata atlantica;358,95;Cfa;7830
4313904;Panambi;43;RS;n„o metropolitana;mata atlantica;437,99;Cfa;43320
4313953;Pantano Grande;43;RS;n„o metropolitana;pampa;99,25;Cfa;10255
4314001;Para√≠;43;RS;n„o metropolitana;mata atlantica;648,21;Cfb;7205
4314027;Para√≠so Do Sul;43;RS;n„o metropolitana;mata atlantica;195,98;Cfa;6472
4314035;Pareci Novo;43;RS;n„o metropolitana;mata atlantica;40,94;Cfa;4072
4314050;Parob√©;43;RS;metropolitana;mata atlantica;56,85;Cfa;54095
4314068;Passa Sete;43;RS;n„o metropolitana;mata atlantica;471,15;Cfa;3943
4314076;Passo Do Sobrado;43;RS;n„o metropolitana;pampa;72,9;Cfa;6006
4314100;Passo Fundo;43;RS;metropolitana;pampa;612,25;Cfb;217240
4314134;Paulo Bento;43;RS;n„o metropolitana;mata atlantica;652,66;Cfb;2144
4314159;Paverama;43;RS;n„o metropolitana;mata atlantica;143,25;Cfa;7933
4314175;Pedras Altas;43;RS;n„o metropolitana;pampa;189,82;Cfa;2213
4314209;Pedro Os√≥rio;43;RS;n„o metropolitana;pampa;71,97;Cfa;7652
4314308;Peju√ßara;43;RS;n„o metropolitana;mata atlantica;434,04;Cfa;3733
4314407;Pelotas;43;RS;n„o metropolitana;pampa;73,84;Cfa;324026
4314423;Picada Caf√©;43;RS;n„o metropolitana;mata atlantica;289,46;Cfa;5732
4314456;Pinhal;43;RS;n„o metropolitana;mata atlantica;424,92;Cfa;2895
4314464;Pinhal Da Serra;43;RS;n„o metropolitana;mata atlantica;832,88;Cfb;2243
4314472;Pinhal Grande;43;RS;n„o metropolitana;pampa;364,9;Cfa;4049
4314498;Pinheirinho Do Vale;43;RS;n„o metropolitana;mata atlantica;292,19;Cfa;4539
4314506;Pinheiro Machado;43;RS;n„o metropolitana;pampa;284,54;Cfa;11380
4314548;Pinto Bandeira;43;RS;n„o metropolitana;mata atlantica;600;Cfa;2712
4314555;Pirap√≥;43;RS;n„o metropolitana;pampa;131,94;Cfa;2250
4314605;Piratini;43;RS;n„o metropolitana;pampa;235,76;Cfa;17434
4314704;Planalto;43;RS;n„o metropolitana;mata atlantica;478,45;Cfa;10240
4314753;Po√ßo Das Antas;43;RS;n„o metropolitana;mata atlantica;314,46;Cfa;2152
4314779;Pont√£o;43;RS;n„o metropolitana;pampa;639,79;Cfb;3278
4314787;Ponte Preta;43;RS;n„o metropolitana;mata atlantica;606,03;Cfa;1572
4314803;Port√£o;43;RS;metropolitana;mata atlantica;57,57;Cfa;36410
4314902;Porto Alegre;43;RS;metropolitana;pampa;41,34;Cfa;1404269
4315008;Porto Lucena;43;RS;n„o metropolitana;mata atlantica;160,53;Cfa;4364
4315057;Porto Mau√°;43;RS;n„o metropolitana;mata atlantica;167,32;Cfa;2143
4315073;Porto Vera Cruz;43;RS;n„o metropolitana;mata atlantica;162,08;Cfa;1560
4315107;Porto Xavier;43;RS;n„o metropolitana;mata atlantica;155,67;Cfa;9821
4315131;Pouso Novo;43;RS;n„o metropolitana;mata atlantica;378,77;Cfa;1752
4315149;Presidente Lucena;43;RS;n„o metropolitana;mata atlantica;174,32;Cfa;3077
4315156;Progresso;43;RS;n„o metropolitana;mata atlantica;466,41;Cfa;5325
4315172;Prot√°sio Alves;43;RS;n„o metropolitana;mata atlantica;598,44;Cfb;2025
4315206;Putinga;43;RS;n„o metropolitana;mata atlantica;517,5;Cfa;3710
4315305;Quara√≠;43;RS;n„o metropolitana;pampa;166,31;Cfa;23475
4315313;Quatro Irm√£os;43;RS;n„o metropolitana;pampa;676,85;Cfb;1552
4315321;Quevedos;43;RS;n„o metropolitana;pampa;355,53;Cfa;2502
4315354;Quinze De Novembro;43;RS;n„o metropolitana;mata atlantica;368,5;Cfa;3910
4315404;Redentora;43;RS;n„o metropolitana;mata atlantica;454,83;Cfa;9244
4315453;Relvado;43;RS;n„o metropolitana;mata atlantica;448,14;Cfa;1895
4315503;Restinga S√™ca;43;RS;n„o metropolitana;pampa;58,31;Cfa;15129
4315552;Rio Dos √çndios;43;RS;n„o metropolitana;mata atlantica;447,6;Cfa;3374
4315602;Rio Grande;43;RS;n„o metropolitana;pampa;6,63;Cfa;191719
4315701;Rio Pardo;43;RS;n„o metropolitana;pampa;56,95;Cfa;34447
4315750;Riozinho;43;RS;n„o metropolitana;mata atlantica;548,27;Cfb;4453
4315800;Roca Sales;43;RS;n„o metropolitana;mata atlantica;234,26;Cfa;10397
4315909;Rodeio Bonito;43;RS;n„o metropolitana;mata atlantica;330,88;Cfa;6644
4315958;Rolador;43;RS;n„o metropolitana;mata atlantica;216,6;Cfa;2277
4316006;Rolante;43;RS;metropolitana;mata atlantica;225,14;Cfa;21288
4316105;Ronda Alta;43;RS;n„o metropolitana;pampa;625,37;Cfa;9750
4316204;Rondinha;43;RS;n„o metropolitana;mata atlantica;519,9;Cfa;4989
4316303;Roque Gonzales;43;RS;n„o metropolitana;mata atlantica;139,16;Cfa;6579
4316402;Ros√°rio Do Sul;43;RS;n„o metropolitana;pampa;145,34;Cfa;36343
4316428;Sagrada Fam√≠lia;43;RS;n„o metropolitana;mata atlantica;391,43;Cfa;2466
4316436;Saldanha Marinho;43;RS;n„o metropolitana;mata atlantica;479,44;Cfa;2581
4316451;Salto Do Jacu√≠;43;RS;n„o metropolitana;pampa;328,73;Cfa;10200
4316477;Salvador Das Miss√µes;43;RS;n„o metropolitana;mata atlantica;198,59;Cfa;2878
4316501;Salvador Do Sul;43;RS;n„o metropolitana;mata atlantica;393,52;Cfa;7411
4316600;Sananduva;43;RS;n„o metropolitana;mata atlantica;637,46;Cfb;17130
4316709;Santa B√°rbara Do Sul;43;RS;n„o metropolitana;pampa;480,81;Cfa;8083
4316733;Santa Cec√≠lia Do Sul;43;RS;n„o metropolitana;mata atlantica;739,45;Cfb;1676
4316758;Santa Clara Do Sul;43;RS;n„o metropolitana;mata atlantica;180,68;Cfa;6845
4316808;Santa Cruz Do Sul;43;RS;n„o metropolitana;mata atlantica;195,98;Cfa;133136
4316907;Santa Maria;43;RS;n„o metropolitana;pampa;103,44;Cfa;296081
4316956;Santa Maria Do Herval;43;RS;n„o metropolitana;mata atlantica;588,25;Cfb;6541
4316972;Santa Margarida Do Sul;43;RS;n„o metropolitana;pampa;171,66;Cfa;2593
4317004;Santana Da Boa Vista;43;RS;n„o metropolitana;pampa;206,88;Cfa;7120
4317103;Sant'ana Do Livramento;43;RS;n„o metropolitana;pampa;200,83;Cfa;83764
4317202;Santa Rosa;43;RS;n„o metropolitana;mata atlantica;285,87;Cfa;77519
4317251;Santa Tereza;43;RS;n„o metropolitana;mata atlantica;319,55;Cfa;1668
4317301;Santa Vit√≥ria Do Palmar;43;RS;n„o metropolitana;pampa;7,11;Cfa;30953
4317400;Santiago;43;RS;n„o metropolitana;pampa;301,51;Cfa;48959
4317509;Santo √Çngelo;43;RS;n„o metropolitana;pampa;273,65;Cfa;76768
4317558;Santo Ant√¥nio Do Palma;43;RS;n„o metropolitana;mata atlantica;688,88;Cfb;2091
4317608;Santo Ant√¥nio Da Patrulha;43;RS;metropolitana;pampa;67,58;Cfa;42904
4317707;Santo Ant√¥nio Das Miss√µes;43;RS;n„o metropolitana;pampa;118,28;Cfa;10292
4317756;Santo Ant√¥nio Do Planalto;43;RS;n„o metropolitana;pampa;522,53;Cfa;2097
4317806;Santo Augusto;43;RS;n„o metropolitana;pampa;487,94;Cfa;13641
4317905;Santo Cristo;43;RS;n„o metropolitana;mata atlantica;253;Cfa;15325
4317954;Santo Expedito Do Sul;43;RS;n„o metropolitana;mata atlantica;671,61;Cfb;2348
4318002;S√£o Borja;43;RS;n„o metropolitana;pampa;93,53;Cfa;58757
4318051;S√£o Domingos Do Sul;43;RS;n„o metropolitana;mata atlantica;621,4;Cfb;2755
4318101;S√£o Francisco De Assis;43;RS;n„o metropolitana;pampa;189,34;Cfa;17634
4318200;S√£o Francisco De Paula;43;RS;n„o metropolitana;mata atlantica;853,79;Cfb;23682
4318309;S√£o Gabriel;43;RS;n„o metropolitana;pampa;142,26;Cfa;58263
4318408;S√£o Jer√¥nimo;43;RS;metropolitana;pampa;237,42;Cfa;20909
4318424;S√£o Jo√£o Da Urtiga;43;RS;n„o metropolitana;mata atlantica;631,25;Cfb;4433
4318432;S√£o Jo√£o Do Pol√™sine;43;RS;n„o metropolitana;mata atlantica;147,26;Cfa;2549
4318440;S√£o Jorge;43;RS;n„o metropolitana;mata atlantica;713,5;Cfb;2912
4318457;S√£o Jos√© Das Miss√µes;43;RS;n„o metropolitana;mata atlantica;425,24;Cfa;2345
4318465;S√£o Jos√© Do Herval;43;RS;n„o metropolitana;mata atlantica;526,63;Cfa;1883
4318481;S√£o Jos√© Do Hort√™ncio;43;RS;n„o metropolitana;mata atlantica;85,64;Cfa;4667
4318499;S√£o Jos√© Do Inhacor√°;43;RS;n„o metropolitana;mata atlantica;251,08;Cfa;2596
4318507;S√£o Jos√© Do Norte;43;RS;n„o metropolitana;pampa;7,24;Cfa;25491
4318606;S√£o Jos√© Do Ouro;43;RS;n„o metropolitana;mata atlantica;772,66;Cfb;6847
4318614;S√£o Jos√© Do Sul;43;RS;n„o metropolitana;mata atlantica;117,12;Cfa;2676
4318622;S√£o Jos√© Dos Ausentes;43;RS;n„o metropolitana;mata atlantica;1161,75;Cfb;3128
4318705;S√£o Leopoldo;43;RS;metropolitana;mata atlantica;38,63;Cfa;216964
4318804;S√£o Louren√ßo Do Sul;43;RS;n„o metropolitana;pampa;88,94;Cfa;41756
4318903;S√£o Luiz Gonzaga;43;RS;n„o metropolitana;pampa;198,68;Cfa;34690
4319000;S√£o Marcos;43;RS;n„o metropolitana;mata atlantica;705,93;Cfb;21027
4319109;S√£o Martinho;43;RS;n„o metropolitana;mata atlantica;383,16;Cfa;5479
4319125;S√£o Martinho Da Serra;43;RS;n„o metropolitana;pampa;384,2;Cfa;2919
4319158;S√£o Miguel Das Miss√µes;43;RS;n„o metropolitana;pampa;258,95;Cfa;6986
4319208;S√£o Nicolau;43;RS;n„o metropolitana;pampa;128,85;Cfa;5114
4319307;S√£o Paulo Das Miss√µes;43;RS;n„o metropolitana;mata atlantica;191,69;Cfa;5837
4319356;S√£o Pedro Da Serra;43;RS;n„o metropolitana;mata atlantica;435,02;Cfa;3818
4319364;S√£o Pedro Das Miss√µes;43;RS;n„o metropolitana;mata atlantica;505,78;Cfa;1753
4319372;S√£o Pedro Do Buti√°;43;RS;n„o metropolitana;mata atlantica;188,04;Cfa;3069
4319406;S√£o Pedro Do Sul;43;RS;n„o metropolitana;pampa;165,77;Cfa;15535
4319505;S√£o Sebasti√£o Do Ca√≠;43;RS;metropolitana;mata atlantica;57,76;Cfa;26300
4319604;S√£o Sep√©;43;RS;n„o metropolitana;pampa;122,86;Cfa;21189
4319703;S√£o Valentim;43;RS;n„o metropolitana;mata atlantica;689,58;Cfb;3262
4319711;S√£o Valentim Do Sul;43;RS;n„o metropolitana;mata atlantica;427,75;Cfa;2029
4319737;S√£o Val√©rio Do Sul;43;RS;n„o metropolitana;mata atlantica;407,48;Cfa;2547
4319752;S√£o Vendelino;43;RS;n„o metropolitana;mata atlantica;252,29;Cfa;2259
4319802;S√£o Vicente Do Sul;43;RS;n„o metropolitana;pampa;107,57;Cfa;8154
4319901;Sapiranga;43;RS;metropolitana;mata atlantica;183,72;Cfa;75613
4320008;Sapucaia Do Sul;43;RS;metropolitana;mata atlantica;54,09;Cfa;130554
4320107;Sarandi;43;RS;n„o metropolitana;mata atlantica;540,57;Cfa;22693
4320206;Seberi;43;RS;n„o metropolitana;mata atlantica;455,95;Cfa;11932
4320230;Sede Nova;43;RS;n„o metropolitana;mata atlantica;399,2;Cfa;2712
4320263;Segredo;43;RS;n„o metropolitana;mata atlantica;438,41;Cfa;6046
4320305;Selbach;43;RS;n„o metropolitana;mata atlantica;383,71;Cfa;5108
4320321;Senador Salgado Filho;43;RS;n„o metropolitana;pampa;319,71;Cfa;2671
4320354;Sentinela Do Sul;43;RS;n„o metropolitana;pampa;89,69;Cfa;5221
4320404;Serafina Corr√™a;43;RS;n„o metropolitana;mata atlantica;558,03;Cfa;16839
4320453;S√©rio;43;RS;n„o metropolitana;mata atlantica;443,35;Cfa;1941
4320503;Sert√£o;43;RS;n„o metropolitana;pampa;652,66;Cfb;6512
4320552;Sert√£o Santana;43;RS;n„o metropolitana;pampa;151,93;Cfa;6062
4320578;Sete De Setembro;43;RS;n„o metropolitana;mata atlantica;284,25;Cfa;1824
4320602;Severiano De Almeida;43;RS;n„o metropolitana;mata atlantica;591,08;Cfa;3827
4320651;Silveira Martins;43;RS;n„o metropolitana;mata atlantica;375,68;Cfa;2070
4320677;Sinimbu;43;RS;n„o metropolitana;mata atlantica;385,51;Cfa;8578
4320701;Sobradinho;43;RS;n„o metropolitana;mata atlantica;450,7;Cfa;14209
4320800;Soledade;43;RS;n„o metropolitana;mata atlantica;626,64;Cfb;30060
4320859;Taba√≠;43;RS;n„o metropolitana;mata atlantica;85,72;Cfa;4552
4320909;Tapejara;43;RS;n„o metropolitana;mata atlantica;637,25;Cfb;24539
4321006;Tapera;43;RS;n„o metropolitana;mata atlantica;398,64;Cfa;10570
4321105;Tapes;43;RS;n„o metropolitana;pampa;24,06;Cfa;14547
4321204;Taquara;43;RS;metropolitana;mata atlantica;142,27;Cfa;53164
4321303;Taquari;43;RS;n„o metropolitana;pampa;44,22;Cfa;25004
4321329;Taquaru√ßu Do Sul;43;RS;n„o metropolitana;mata atlantica;424,24;Cfa;3087
4321352;Tavares;43;RS;n„o metropolitana;pampa;7,84;Cfa;5554
4321402;Tenente Portela;43;RS;n„o metropolitana;mata atlantica;389,57;Cfa;14494
4321436;Terra De Areia;43;RS;n„o metropolitana;mata atlantica;87,7;Cfa;11122
4321451;Teut√¥nia;43;RS;n„o metropolitana;mata atlantica;133;Cfa;32776
4321469;Tio Hugo;43;RS;n„o metropolitana;mata atlantica;477,15;Cfa;3422
4321477;Tiradentes Do Sul;43;RS;n„o metropolitana;mata atlantica;253,17;Cfa;5132
4321493;Toropi;43;RS;n„o metropolitana;mata atlantica;225,03;Cfa;2546
4321501;Torres;43;RS;n„o metropolitana;mata atlantica;14,33;Cfa;41709
4321600;Tramanda√≠;43;RS;n„o metropolitana;pampa;10,38;Cfa;51872
4321626;Travesseiro;43;RS;n„o metropolitana;mata atlantica;184,9;Cfa;2123
4321634;Tr√™s Arroios;43;RS;n„o metropolitana;mata atlantica;648,27;Cfb;2589
4321667;Tr√™s Cachoeiras;43;RS;n„o metropolitana;mata atlantica;134,36;Cfa;11551
4321709;Tr√™s Coroas;43;RS;n„o metropolitana;mata atlantica;346,09;Cfa;25344
4321808;Tr√™s De Maio;43;RS;n„o metropolitana;mata atlantica;274,68;Cfa;25006
4321832;Tr√™s Forquilhas;43;RS;n„o metropolitana;mata atlantica;450,07;Cfa;3139
4321857;Tr√™s Palmeiras;43;RS;n„o metropolitana;pampa;595,03;Cfa;4707
4321907;Tr√™s Passos;43;RS;n„o metropolitana;mata atlantica;362,53;Cfa;25467
4321956;Trindade Do Sul;43;RS;n„o metropolitana;mata atlantica;564,42;Cfa;7065
4322004;Triunfo;43;RS;metropolitana;pampa;37,61;Cfa;32859
4322103;Tucunduva;43;RS;n„o metropolitana;mata atlantica;222,19;Cfa;5512
4322152;Tunas;43;RS;n„o metropolitana;mata atlantica;449,47;Cfa;3685
4322186;Tupanci Do Sul;43;RS;n„o metropolitana;mata atlantica;819,19;Cfb;1371
4322202;Tupanciret√£;43;RS;n„o metropolitana;pampa;411,35;Cfa;19997
4322251;Tupandi;43;RS;n„o metropolitana;mata atlantica;184,58;Cfa;4981
4322301;Tuparendi;43;RS;n„o metropolitana;mata atlantica;224,76;Cfa;8342
4322327;Turu√ßu;43;RS;n„o metropolitana;pampa;34,13;Cfa;3410
4322343;Ubiretama;43;RS;n„o metropolitana;mata atlantica;242,26;Cfa;1994
4322350;Uni√£o Da Serra;43;RS;n„o metropolitana;mata atlantica;485,44;Cfa;1171
4322376;Unistalda;43;RS;n„o metropolitana;pampa;249,12;Cfa;2180
4322400;Uruguaiana;43;RS;n„o metropolitana;pampa;94,95;Cfa;115100
4322509;Vacaria;43;RS;n„o metropolitana;mata atlantica;887,98;Cfb;64033
4322525;Vale Verde;43;RS;n„o metropolitana;pampa;56,21;Cfa;3137
4322533;Vale Do Sol;43;RS;n„o metropolitana;mata atlantica;247,63;Cfa;9907
4322541;Vale Real;43;RS;n„o metropolitana;mata atlantica;250;Cfa;6152
4322558;Vanini;43;RS;n„o metropolitana;mata atlantica;695,58;Cfb;2004
4322608;Ven√¢ncio Aires;43;RS;n„o metropolitana;mata atlantica;148,03;Cfa;68420
4322707;Vera Cruz;43;RS;n„o metropolitana;mata atlantica;79,21;Cfa;26702
4322806;Veran√≥polis;43;RS;n„o metropolitana;mata atlantica;496,6;Cfb;23878
4322855;Vespasiano Corr√™a;43;RS;n„o metropolitana;mata atlantica;421,09;Cfa;1821
4322905;Viadutos;43;RS;n„o metropolitana;mata atlantica;559,89;Cfa;4767
4323002;Viam√£o;43;RS;metropolitana;pampa;36,37;Cfa;223679
4323101;Vicente Dutra;43;RS;n„o metropolitana;mata atlantica;292,17;Cfa;4660
4323200;Victor Graeff;43;RS;n„o metropolitana;mata atlantica;445,04;Cfa;2685
4323309;Vila Flores;43;RS;n„o metropolitana;mata atlantica;642,38;Cfb;3608
4323358;Vila L√¢ngaro;43;RS;n„o metropolitana;mata atlantica;646,38;Cfb;2118
4323408;Vila Maria;43;RS;n„o metropolitana;mata atlantica;504,98;Cfa;4425
4323457;Vila Nova Do Sul;43;RS;n„o metropolitana;pampa;236,3;Cfa;3629
4323507;Vista Alegre;43;RS;n„o metropolitana;mata atlantica;423,8;Cfa;2655
4323606;Vista Alegre Do Prata;43;RS;n„o metropolitana;mata atlantica;477,17;Cfa;1608
4323705;Vista Ga√∫cha;43;RS;n„o metropolitana;mata atlantica;346,39;Cfa;2785
4323754;Vit√≥ria Das Miss√µes;43;RS;n„o metropolitana;mata atlantica;240,5;Cfa;3266
4323770;Westf√°lia;43;RS;n„o metropolitana;mata atlantica;307,58;Cfa;3096
4323804;Xangri-L√°;43;RS;n„o metropolitana;mata atlantica;4,72;Cfa;16178
5000203;√Ågua Clara;50;MS;n„o metropolitana;cerrado;473,6;Am;17072
5000252;Alcin√≥polis;50;MS;n„o metropolitana;cerrado;413,27;Am;4670
5000609;Amambai;50;MS;n„o metropolitana;cerrado;396,45;Cfa;38251
5000708;Anast√°cio;50;MS;n„o metropolitana;cerrado;244,5;Aw;23338
5000807;Anauril√¢ndia;50;MS;n„o metropolitana;cerrado;330,62;Aw;7805
5000856;Ang√©lica;50;MS;n„o metropolitana;mata atlantica;328,2;Aw;10663
5000906;Ant√¥nio Jo√£o;50;MS;n„o metropolitana;cerrado;499,81;Cfa;8796
5001003;Aparecida Do Taboado;50;MS;n„o metropolitana;cerrado;385,58;Aw;27862
5001102;Aquidauana;50;MS;n„o metropolitana;pantanal;153,57;Am;44437
5001243;Aral Moreira;50;MS;n„o metropolitana;cerrado;489,29;Cfa;10670
5001508;Bandeirantes;50;MS;n„o metropolitana;cerrado;560,31;Am;7925
5001904;Bataguassu;50;MS;n„o metropolitana;cerrado;328,76;Aw;23837
5002001;Bataypor√£;50;MS;n„o metropolitana;mata atlantica;288,48;Aw;11231
5002100;Bela Vista;50;MS;n„o metropolitana;cerrado;278,3;Af;23594
5002159;Bodoquena;50;MS;n„o metropolitana;cerrado;316,87;Am;8944
5002209;Bonito;50;MS;n„o metropolitana;cerrado;348,77;Am;25185
5002308;Brasil√¢ndia;50;MS;n„o metropolitana;cerrado;357,54;Aw;11634
5002407;Caarap√≥;50;MS;n„o metropolitana;mata atlantica;410,17;Cfa;33471
5002605;Camapu√£;50;MS;n„o metropolitana;cerrado;507,93;Am;12428
5002704;Campo Grande;50;MS;metropolitana;cerrado;467,67;Am;942140
5002803;Caracol;50;MS;n„o metropolitana;cerrado;251,99;Af;5281
5002902;Cassil√¢ndia;50;MS;n„o metropolitana;cerrado;562,39;Am;20951
5002951;Chapad√£o Do Sul;50;MS;n„o metropolitana;cerrado;663,43;Am;30497
5003108;Corguinho;50;MS;n„o metropolitana;cerrado;368,92;Am;6025
5003157;Coronel Sapucaia;50;MS;n„o metropolitana;cerrado;435,08;Cfa;13228
5003207;Corumb√°;50;MS;n„o metropolitana;pantanal;116;Aw;94874
5003256;Costa Rica;50;MS;n„o metropolitana;cerrado;673,23;Am;26187
5003306;Coxim;50;MS;n„o metropolitana;cerrado;277,29;Aw;32302
5003454;Deod√°polis;50;MS;n„o metropolitana;mata atlantica;345,11;Aw;13454
5003488;Dois Irm√£os Do Buriti;50;MS;n„o metropolitana;cerrado;279,58;Aw;11134
5003504;Douradina;50;MS;n„o metropolitana;mata atlantica;312,85;Am;5800
5003702;Dourados;50;MS;n„o metropolitana;cerrado;378,16;Am;261019
5003751;Eldorado;50;MS;n„o metropolitana;mata atlantica;304,63;Cfa;12107
5003801;F√°tima Do Sul;50;MS;n„o metropolitana;mata atlantica;328,35;Am;20381
5003900;Figueir√£o;50;MS;n„o metropolitana;cerrado;446,45;Am;3520
5004007;Gl√≥ria De Dourados;50;MS;n„o metropolitana;mata atlantica;384,95;Cfa;9998
5004106;Guia Lopes Da Laguna;50;MS;n„o metropolitana;cerrado;306,86;Af;9912
5004304;Iguatemi;50;MS;n„o metropolitana;mata atlantica;350,88;Cfa;13808
5004403;Inoc√™ncia;50;MS;n„o metropolitana;cerrado;468,2;Am;8424
5004502;Itapor√£;50;MS;n„o metropolitana;mata atlantica;366,48;Am;23818
5004601;Itaquira√≠;50;MS;n„o metropolitana;mata atlantica;312,04;Cfa;19453
5004700;Ivinhema;50;MS;n„o metropolitana;mata atlantica;343,83;Aw;29890
5004809;Japor√£;50;MS;n„o metropolitana;mata atlantica;326,04;Cfa;7966
5004908;Jaraguari;50;MS;n„o metropolitana;cerrado;537,32;Am;8819
5005004;Jardim;50;MS;n„o metropolitana;cerrado;336,21;Af;26214
5005103;Jate√≠;50;MS;n„o metropolitana;mata atlantica;327,48;Cfa;3315
5005152;Juti;50;MS;n„o metropolitana;mata atlantica;373,75;Cfa;6988
5005202;Lad√°rio;50;MS;n„o metropolitana;pantanal;198,04;Aw;20995
5005251;Laguna Carap√£;50;MS;n„o metropolitana;cerrado;439,18;Cfa;7090
5005400;Maracaju;50;MS;n„o metropolitana;cerrado;469,42;Am;43247
5005608;Miranda;50;MS;n„o metropolitana;cerrado;163,23;Am;24553
5005681;Mundo Novo;50;MS;n„o metropolitana;mata atlantica;268,17;Cfa;18738
5005707;Navira√≠;50;MS;n„o metropolitana;mata atlantica;308,19;Cfa;50868
5005806;Nioaque;50;MS;n„o metropolitana;cerrado;259,57;Am;15255
5006002;Nova Alvorada Do Sul;50;MS;n„o metropolitana;cerrado;382,41;Am;21476
5006200;Nova Andradina;50;MS;n„o metropolitana;cerrado;348,79;Aw;52221
5006259;Novo Horizonte Do Sul;50;MS;n„o metropolitana;mata atlantica;312,88;Aw;5278
5006275;Para√≠so Das √Åguas;50;MS;n„o metropolitana;cerrado;452;Aw;5360
5006309;Parana√≠ba;50;MS;n„o metropolitana;cerrado;463,6;Aw;40713
5006358;Paranhos;50;MS;n„o metropolitana;cerrado;382,51;Cfa;12926
5006408;Pedro Gomes;50;MS;n„o metropolitana;cerrado;334,59;Aw;6842
5006606;Ponta Por√£;50;MS;n„o metropolitana;cerrado;541,39;Cfa;90756
5006903;Porto Murtinho;50;MS;n„o metropolitana;pantanal;185,51;Af;12625
5007109;Ribas Do Rio Pardo;50;MS;n„o metropolitana;cerrado;439,63;Am;23085
5007208;Rio Brilhante;50;MS;n„o metropolitana;cerrado;337,72;Am;38362
5007307;Rio Negro;50;MS;n„o metropolitana;cerrado;366,34;Am;4691
5007406;Rio Verde De Mato Grosso;50;MS;n„o metropolitana;pantanal;275,95;Aw;19810
5007505;Rochedo;50;MS;n„o metropolitana;cerrado;339,64;Am;5340
5007554;Santa Rita Do Pardo;50;MS;n„o metropolitana;cerrado;366,02;Aw;7293
5007695;S√£o Gabriel Do Oeste;50;MS;n„o metropolitana;cerrado;503,87;Am;31846
5007703;Sete Quedas;50;MS;n„o metropolitana;mata atlantica;349,06;Cfa;10994
5007802;Selv√≠ria;50;MS;n„o metropolitana;cerrado;374,64;Aw;8000
5007901;Sidrol√¢ndia;50;MS;n„o metropolitana;cerrado;438,79;Am;51075
5007935;Sonora;50;MS;n„o metropolitana;cerrado;478,66;Aw;14345
5007950;Tacuru;50;MS;n„o metropolitana;mata atlantica;352,3;Cfa;10749
5007976;Taquarussu;50;MS;n„o metropolitana;mata atlantica;251,05;Aw;3634
5008008;Terenos;50;MS;n„o metropolitana;cerrado;306,68;Aw;17342
5008305;Tr√™s Lagoas;50;MS;n„o metropolitana;cerrado;377,09;Aw;132651
5008404;Vicentina;50;MS;n„o metropolitana;mata atlantica;401,06;Cfa;6264
5100102;Acorizal;51;MT;metropolitana;cerrado;259,29;Aw;5509
5100201;√Ågua Boa;51;MT;n„o metropolitana;cerrado;372,12;Aw;30795
5100250;Alta Floresta;51;MT;n„o metropolitana;amazonia;294,85;Am;56461
5100300;Alto Araguaia;51;MT;n„o metropolitana;cerrado;625,81;Aw;15358
5100359;Alto Boa Vista;51;MT;n„o metropolitana;amazonia;324,53;Aw;6551
5100409;Alto Gar√ßas;51;MT;n„o metropolitana;cerrado;686,76;Aw;11786
5100508;Alto Paraguai;51;MT;n„o metropolitana;cerrado;295,81;Aw;11178
5100607;Alto Taquari;51;MT;n„o metropolitana;cerrado;813,96;Aw;10729
5100805;Apiac√°s;51;MT;n„o metropolitana;amazonia;220,66;Am;9367
5101001;Araguaiana;51;MT;n„o metropolitana;cerrado;284,15;Aw;3689
5101209;Araguainha;51;MT;n„o metropolitana;cerrado;592,5;Aw;998
5101258;Araputanga;51;MT;n„o metropolitana;amazonia;368,55;Aw;13538
5101308;Aren√°polis;51;MT;n„o metropolitana;amazonia;279,7;Aw;10484
5101407;Aripuan√£;51;MT;n„o metropolitana;amazonia;226,63;Am;24499
5101605;Bar√£o De Melga√ßo;51;MT;metropolitana;pantanal;133,6;Aw;7247
5101704;Barra Do Bugres;51;MT;n„o metropolitana;amazonia;265,24;Aw;27586
5101803;Barra Do Gar√ßas;51;MT;n„o metropolitana;cerrado;456,78;Aw;68975
5101852;Bom Jesus Do Araguaia;51;MT;n„o metropolitana;amazonia;328,77;Aw;7671
5101902;Brasnorte;51;MT;n„o metropolitana;amazonia;338,27;Am;18407
5102504;C√°ceres;51;MT;n„o metropolitana;pantanal;147,38;Aw;92639
5102603;Campin√°polis;51;MT;n„o metropolitana;cerrado;426,62;Aw;15203
5102637;Campo Novo Do Parecis;51;MT;n„o metropolitana;cerrado;529,39;Aw;43785
5102678;Campo Verde;51;MT;n„o metropolitana;cerrado;696,98;Aw;46741
5102686;Campos De J√∫lio;51;MT;n„o metropolitana;cerrado;539,39;Am;9039
5102694;Canabrava Do Norte;51;MT;n„o metropolitana;amazonia;244,82;Aw;4463
5102702;Canarana;51;MT;n„o metropolitana;cerrado;353,73;Aw;25907
5102793;Carlinda;51;MT;n„o metropolitana;amazonia;278,83;Am;10138
5102850;Castanheira;51;MT;n„o metropolitana;amazonia;297,05;Am;8863
5103007;Chapada Dos Guimar√£es;51;MT;metropolitana;cerrado;462,11;Aw;19728
5103056;Cl√°udia;51;MT;n„o metropolitana;amazonia;343,14;Am;12118
5103106;Cocalinho;51;MT;n„o metropolitana;cerrado;236,86;Aw;6331
5103205;Col√≠der;51;MT;n„o metropolitana;amazonia;306,55;Am;30768
5103254;Colniza;51;MT;n„o metropolitana;amazonia;152,71;Am;28840
5103304;Comodoro;51;MT;n„o metropolitana;cerrado;425,59;Am;20283
5103353;Confresa;51;MT;n„o metropolitana;amazonia;281,75;Aw;35514
5103361;Conquista D'oeste;51;MT;n„o metropolitana;amazonia;498,48;Am;3687
5103379;Cotrigua√ßu;51;MT;n„o metropolitana;amazonia;235,25;Am;10735
5103403;Cuiab√°;51;MT;metropolitana;cerrado;280,32;Aw;694244
5103437;Curvel√¢ndia;51;MT;n„o metropolitana;amazonia;172,65;Aw;4880
5103452;Denise;51;MT;n„o metropolitana;amazonia;215,77;Aw;7003
5103502;Diamantino;51;MT;n„o metropolitana;cerrado;475,88;Aw;22284
5103601;Dom Aquino;51;MT;n„o metropolitana;cerrado;507,68;Aw;8515
5103700;Feliz Natal;51;MT;n„o metropolitana;amazonia;337,95;Am;10551
5103809;Figueir√≥polis D'oeste;51;MT;n„o metropolitana;amazonia;243,59;Aw;3159
5103858;Ga√∫cha Do Norte;51;MT;n„o metropolitana;amazonia;358,96;Am;7886
5103908;General Carneiro;51;MT;n„o metropolitana;cerrado;518,83;Aw;5200
5103957;Gl√≥ria D'oeste;51;MT;n„o metropolitana;amazonia;186,76;Aw;3247
5104104;Guarant√£ Do Norte;51;MT;n„o metropolitana;amazonia;382,93;Am;36190
5104203;Guiratinga;51;MT;n„o metropolitana;cerrado;539,34;Aw;12122
5104500;Indiava√≠;51;MT;n„o metropolitana;amazonia;304,02;Aw;1918
5104526;Ipiranga Do Norte;51;MT;n„o metropolitana;amazonia;368,95;Am;7772
5104542;Itanhang√°;51;MT;n„o metropolitana;amazonia;319,2;Am;6723
5104559;Ita√∫ba;51;MT;n„o metropolitana;amazonia;344,96;Am;5273
5104609;Itiquira;51;MT;n„o metropolitana;cerrado;449,85;Aw;11856
5104807;Jaciara;51;MT;n„o metropolitana;cerrado;563,34;Aw;26713
5104906;Jangada;51;MT;metropolitana;cerrado;259,05;Aw;7237
5105002;Jauru;51;MT;n„o metropolitana;amazonia;405,79;Aw;8323
5105101;Juara;51;MT;n„o metropolitana;amazonia;314,93;Am;37369
5105150;Ju√≠na;51;MT;n„o metropolitana;amazonia;352,33;Am;49530
5105176;Juruena;51;MT;n„o metropolitana;amazonia;256,59;Am;9635
5105200;Juscimeira;51;MT;n„o metropolitana;cerrado;400,81;Aw;10526
5105234;Lambari D'oeste;51;MT;n„o metropolitana;amazonia;179,8;Aw;5860
5105259;Lucas Do Rio Verde;51;MT;n„o metropolitana;cerrado;391,28;Aw;83770
5105309;Luciara;51;MT;n„o metropolitana;cerrado;187,09;Aw;2163
5105507;Vila Bela Da Sant√≠ssima Trindade;51;MT;n„o metropolitana;amazonia;264,89;Am;17435
5105580;Marcel√¢ndia;51;MT;n„o metropolitana;amazonia;343,76;Am;13412
5105606;Matup√°;51;MT;n„o metropolitana;amazonia;345,07;Am;21238
5105622;Mirassol D'oeste;51;MT;n„o metropolitana;amazonia;226,3;Aw;28023
5105903;Nobres;51;MT;metropolitana;cerrado;403,48;Aw;17118
5106000;Nortel√¢ndia;51;MT;n„o metropolitana;amazonia;369,17;Aw;5817
5106109;Nossa Senhora Do Livramento;51;MT;metropolitana;cerrado;255,56;Aw;12455
5106158;Nova Bandeirantes;51;MT;n„o metropolitana;amazonia;256,56;Am;12365
5106174;Nova Nazar√©;51;MT;n„o metropolitana;cerrado;268,44;Aw;4188
5106182;Nova Lacerda;51;MT;n„o metropolitana;amazonia;348,85;Am;6432
5106190;Nova Santa Helena;51;MT;n„o metropolitana;amazonia;365,96;Am;4281
5106208;Nova Brasil√¢ndia;51;MT;metropolitana;cerrado;473,54;Aw;3691
5106216;Nova Cana√£ Do Norte;51;MT;n„o metropolitana;amazonia;308,28;Am;13791
5106224;Nova Mutum;51;MT;n„o metropolitana;cerrado;410,15;Aw;58832
5106232;Nova Ol√≠mpia;51;MT;n„o metropolitana;amazonia;242,2;Aw;16147
5106240;Nova Ubirat√£;51;MT;n„o metropolitana;amazonia;399,15;Aw;12936
5106257;Nova Xavantina;51;MT;n„o metropolitana;cerrado;353,05;Aw;26467
5106265;Novo Mundo;51;MT;n„o metropolitana;amazonia;313,86;Am;7383
5106273;Novo Horizonte Do Norte;51;MT;n„o metropolitana;amazonia;291,5;Am;4391
5106281;Novo S√£o Joaquim;51;MT;n„o metropolitana;cerrado;467,2;Aw;7155
5106299;Parana√≠ta;51;MT;n„o metropolitana;amazonia;263,21;Am;13211
5106307;Paranatinga;51;MT;n„o metropolitana;cerrado;442,69;Aw;26908
5106315;Novo Santo Ant√¥nio;51;MT;n„o metropolitana;cerrado;208,95;Aw;2106
5106372;Pedra Preta;51;MT;n„o metropolitana;cerrado;455,86;Aw;19559
5106422;Peixoto De Azevedo;51;MT;n„o metropolitana;amazonia;337,64;Am;34493
5106455;Planalto Da Serra;51;MT;metropolitana;cerrado;496,6;Aw;3164
5106505;Pocon√©;51;MT;metropolitana;pantanal;123,92;Aw;30278
5106653;Pontal Do Araguaia;51;MT;n„o metropolitana;cerrado;408,58;Aw;7554
5106703;Ponte Branca;51;MT;n„o metropolitana;cerrado;575,09;Aw;1887
5106752;Pontes E Lacerda;51;MT;n„o metropolitana;amazonia;351,9;Aw;55050
5106778;Porto Alegre Do Norte;51;MT;n„o metropolitana;amazonia;218,93;Aw;10752
5106802;Porto Dos Ga√∫chos;51;MT;n„o metropolitana;amazonia;338,14;Am;6325
5106828;Porto Esperidi√£o;51;MT;n„o metropolitana;amazonia;274,3;Aw;10781
5106851;Porto Estrela;51;MT;n„o metropolitana;cerrado;284,91;Aw;3208
5107008;Poxor√©u;51;MT;n„o metropolitana;cerrado;485,6;Aw;20970
5107040;Primavera Do Leste;51;MT;n„o metropolitana;cerrado;647,44;Aw;93263
5107065;Quer√™ncia;51;MT;n„o metropolitana;amazonia;323,95;Am;29280
5107107;S√£o Jos√© Dos Quatro Marcos;51;MT;n„o metropolitana;amazonia;213,95;Aw;16979
5107156;Reserva Do Caba√ßal;51;MT;n„o metropolitana;cerrado;538,36;Aw;2046
5107180;Ribeir√£o Cascalheira;51;MT;n„o metropolitana;cerrado;287,98;Aw;9959
5107198;Ribeir√£ozinho;51;MT;n„o metropolitana;cerrado;508,3;Aw;2484
5107206;Rio Branco;51;MT;n„o metropolitana;amazonia;314,62;Aw;4721
5107248;Santa Carmem;51;MT;n„o metropolitana;amazonia;353,73;Am;5427
5107263;Santo Afonso;51;MT;n„o metropolitana;amazonia;335,72;Aw;2731
5107297;S√£o Jos√© Do Povo;51;MT;n„o metropolitana;cerrado;292,66;Aw;2781
5107305;S√£o Jos√© Do Rio Claro;51;MT;n„o metropolitana;amazonia;387,83;Aw;14950
5107354;S√£o Jos√© Do Xingu;51;MT;n„o metropolitana;amazonia;310,45;Am;7039
5107404;S√£o Pedro Da Cipa;51;MT;n„o metropolitana;cerrado;383,72;Aw;4122
5107578;Rondol√¢ndia;51;MT;n„o metropolitana;amazonia;200,94;Am;3423
5107602;Rondon√≥polis;51;MT;n„o metropolitana;cerrado;354,59;Aw;253388
5107701;Ros√°rio Oeste;51;MT;metropolitana;cerrado;347,1;Aw;16127
5107743;Santa Cruz Do Xingu;51;MT;n„o metropolitana;amazonia;299,87;Am;2340
5107750;Salto Do C√©u;51;MT;n„o metropolitana;amazonia;386,98;Aw;4401
5107768;Santa Rita Do Trivelato;51;MT;n„o metropolitana;cerrado;462,69;Aw;3371
5107776;Santa Terezinha;51;MT;n„o metropolitana;amazonia;222,87;Aw;7591
5107792;Santo Ant√¥nio Do Leste;51;MT;n„o metropolitana;cerrado;574,24;Aw;4340
5107800;Santo Ant√¥nio Do Leverger;51;MT;metropolitana;pantanal;248,29;Aw;13739
5107859;S√£o F√©lix Do Araguaia;51;MT;n„o metropolitana;amazonia;276,07;Aw;11384
5107875;Sapezal;51;MT;n„o metropolitana;cerrado;456,78;Am;29240
5107883;Serra Nova Dourada;51;MT;n„o metropolitana;cerrado;280,96;Aw;1792
5107909;Sinop;51;MT;n„o metropolitana;amazonia;357,45;Am;199698
5107925;Sorriso;51;MT;n„o metropolitana;cerrado;387,27;Aw;117605
5107941;Tabapor√£;51;MT;n„o metropolitana;amazonia;358,2;Am;11280
5107958;Tangar√° Da Serra;51;MT;n„o metropolitana;cerrado;560,8;Aw;100784
5108006;Tapurah;51;MT;n„o metropolitana;amazonia;340,49;Aw;15030
5108055;Terra Nova Do Norte;51;MT;n„o metropolitana;amazonia;323,39;Am;10760
5108105;Tesouro;51;MT;n„o metropolitana;cerrado;502,17;Aw;3119
5108204;Torixor√©u;51;MT;n„o metropolitana;cerrado;523,11;Aw;3926
5108303;Uni√£o Do Sul;51;MT;n„o metropolitana;amazonia;342,35;Am;3947
5108352;Vale De S√£o Domingos;51;MT;n„o metropolitana;cerrado;550,59;Aw;2754
5108402;V√°rzea Grande;51;MT;metropolitana;cerrado;200,51;Aw;315711
5108501;Vera;51;MT;n„o metropolitana;amazonia;382,4;Aw;13876
5108600;Vila Rica;51;MT;n„o metropolitana;amazonia;290,38;Aw;20077
5108808;Nova Guarita;51;MT;n„o metropolitana;amazonia;276,55;Am;5027
5108857;Nova Maril√¢ndia;51;MT;n„o metropolitana;amazonia;412,34;Aw;3624
5108907;Nova Maring√°;51;MT;n„o metropolitana;amazonia;347,3;Aw;5810
5108956;Nova Monte Verde;51;MT;n„o metropolitana;amazonia;278,73;Am;8931
5200050;Abadia De Goi√°s;52;GO;metropolitana;cerrado;821,56;Aw;19141
5200100;Abadi√¢nia;52;GO;metropolitana;cerrado;980,69;Aw;15498
5200134;Acre√∫na;52;GO;n„o metropolitana;cerrado;530,51;Aw;20506
5200159;Adel√¢ndia;52;GO;n„o metropolitana;cerrado;693,63;Aw;2393
5200175;√Ågua Fria De Goi√°s;52;GO;metropolitana;cerrado;993,24;Aw;5546
5200209;√Ågua Limpa;52;GO;n„o metropolitana;mata atlantica;625,31;Aw;1853
5200258;√Åguas Lindas De Goi√°s;52;GO;metropolitana;cerrado;1081,34;Aw;208892
5200308;Alex√¢nia;52;GO;metropolitana;cerrado;972,24;Aw;28690
5200506;Alo√¢ndia;52;GO;n„o metropolitana;cerrado;589,22;Aw;1891
5200555;Alto Horizonte;52;GO;n„o metropolitana;cerrado;353,28;Aw;6061
5200605;Alto Para√≠so De Goi√°s;52;GO;n„o metropolitana;cerrado;1030,23;Aw;10414
5200803;Alvorada Do Norte;52;GO;n„o metropolitana;cerrado;600,42;Aw;8412
5200829;Amaralina;52;GO;n„o metropolitana;cerrado;345,17;Aw;3796
5200852;Americano Do Brasil;52;GO;n„o metropolitana;cerrado;842,24;Aw;4937
5200902;Amorin√≥polis;52;GO;n„o metropolitana;cerrado;633,59;Aw;2982
5201108;An√°polis;52;GO;n„o metropolitana;cerrado;1015,1;Aw;393417
5201207;Anhanguera;52;GO;n„o metropolitana;cerrado;599,43;Aw;927
5201306;Anicuns;52;GO;n„o metropolitana;cerrado;750,04;Aw;19762
5201405;Aparecida De Goi√¢nia;52;GO;metropolitana;cerrado;796,47;Aw;500760
5201454;Aparecida Do Rio Doce;52;GO;n„o metropolitana;cerrado;618,44;Aw;2918
5201504;Apor√©;52;GO;n„o metropolitana;cerrado;643,62;Am;4067
5201603;Ara√ßu;52;GO;n„o metropolitana;cerrado;708,21;Aw;3859
5201702;Aragar√ßas;52;GO;n„o metropolitana;cerrado;346,61;Aw;18096
5201801;Aragoi√¢nia;52;GO;metropolitana;cerrado;818,96;Aw;11614
5202155;Araguapaz;52;GO;n„o metropolitana;cerrado;357,12;Aw;6986
5202353;Aren√≥polis;52;GO;n„o metropolitana;cerrado;485,72;Aw;2964
5202502;Aruan√£;52;GO;n„o metropolitana;cerrado;263,91;Aw;8139
5202601;Auril√¢ndia;52;GO;n„o metropolitana;cerrado;632,46;Aw;3390
5202809;Avelin√≥polis;52;GO;n„o metropolitana;cerrado;702,14;Aw;2470
5203104;Baliza;52;GO;n„o metropolitana;cerrado;570,35;Aw;3342
5203203;Barro Alto;52;GO;n„o metropolitana;cerrado;674,22;Aw;11252
5203302;Bela Vista De Goi√°s;52;GO;metropolitana;cerrado;815,95;Aw;33912
5203401;Bom Jardim De Goi√°s;52;GO;n„o metropolitana;cerrado;452,22;Aw;7676
5203500;Bom Jesus De Goi√°s;52;GO;n„o metropolitana;cerrado;547,45;Aw;22320
5203559;Bonfin√≥polis;52;GO;metropolitana;cerrado;896,88;Aw;10300
5203575;Bon√≥polis;52;GO;n„o metropolitana;cerrado;276,75;Aw;3171
5203609;Brazabrantes;52;GO;metropolitana;cerrado;797,58;Aw;3981
5203807;Brit√¢nia;52;GO;n„o metropolitana;cerrado;271,74;Aw;6008
5203906;Buriti Alegre;52;GO;n„o metropolitana;mata atlantica;680,57;Aw;10892
5203939;Buriti De Goi√°s;52;GO;n„o metropolitana;cerrado;541,42;Aw;2720
5203962;Buritin√≥polis;52;GO;n„o metropolitana;cerrado;683,92;Aw;3110
5204003;Cabeceiras;52;GO;metropolitana;cerrado;862,97;Aw;7342
5204102;Cachoeira Alta;52;GO;n„o metropolitana;cerrado;567,58;Aw;12488
5204201;Cachoeira De Goi√°s;52;GO;n„o metropolitana;cerrado;685,37;Aw;1384
5204250;Cachoeira Dourada;52;GO;n„o metropolitana;cerrado;479,31;Aw;7566
5204300;Ca√ßu;52;GO;n„o metropolitana;cerrado;503,09;Aw;15049
5204409;Caiap√¥nia;52;GO;n„o metropolitana;cerrado;713,16;Aw;17108
5204508;Caldas Novas;52;GO;n„o metropolitana;cerrado;706,76;Aw;93483
5204557;Caldazinha;52;GO;metropolitana;cerrado;795,78;Aw;4450
5204607;Campestre De Goi√°s;52;GO;n„o metropolitana;cerrado;646,82;Aw;3735
5204656;Campina√ßu;52;GO;n„o metropolitana;cerrado;605,56;Aw;3707
5204706;Campinorte;52;GO;n„o metropolitana;cerrado;595,68;Aw;13016
5204805;Campo Alegre De Goi√°s;52;GO;n„o metropolitana;cerrado;868,11;Aw;7424
5204854;Campo Limpo De Goi√°s;52;GO;n„o metropolitana;cerrado;914,26;Aw;8081
5204904;Campos Belos;52;GO;n„o metropolitana;cerrado;679,62;Aw;18357
5204953;Campos Verdes;52;GO;n„o metropolitana;cerrado;340,6;Aw;4446
5205000;Carmo Do Rio Verde;52;GO;n„o metropolitana;cerrado;625,73;Aw;9484
5205059;Castel√¢ndia;52;GO;n„o metropolitana;cerrado;555,17;Aw;2978
5205109;Catal√£o;52;GO;n„o metropolitana;cerrado;825,2;Aw;110612
5205208;Catura√≠;52;GO;metropolitana;cerrado;717,68;Aw;5259
5205307;Cavalcante;52;GO;n„o metropolitana;cerrado;728,29;Aw;10991
5205406;Ceres;52;GO;n„o metropolitana;cerrado;666,13;Aw;21633
5205455;Cezarina;52;GO;n„o metropolitana;cerrado;612,33;Aw;7722
5205471;Chapad√£o Do C√©u;52;GO;n„o metropolitana;cerrado;803,51;Am;13250
5205497;Cidade Ocidental;52;GO;metropolitana;cerrado;928,45;Aw;84581
5205513;Cocalzinho De Goi√°s;52;GO;metropolitana;cerrado;901,49;Aw;24018
5205521;Colinas Do Sul;52;GO;n„o metropolitana;cerrado;566,23;Aw;3967
5205703;C√≥rrego Do Ouro;52;GO;n„o metropolitana;cerrado;591,35;Aw;2424
5205802;Corumb√° De Goi√°s;52;GO;metropolitana;cerrado;1039,13;Aw;9801
5205901;Corumba√≠ba;52;GO;n„o metropolitana;cerrado;632,35;Aw;8739
5206206;Cristalina;52;GO;metropolitana;cerrado;921,53;Aw;58940
5206305;Cristian√≥polis;52;GO;n„o metropolitana;cerrado;819,3;Aw;3682
5206404;Crix√°s;52;GO;n„o metropolitana;cerrado;397,37;Aw;20227
5206503;Crom√≠nia;52;GO;n„o metropolitana;cerrado;712;Aw;3926
5206602;Cumari;52;GO;n„o metropolitana;cerrado;648,34;Aw;2915
5206701;Damian√≥polis;52;GO;n„o metropolitana;cerrado;757,23;Aw;3790
5206800;Damol√¢ndia;52;GO;n„o metropolitana;cerrado;864,81;Aw;2724
5206909;Davin√≥polis;52;GO;n„o metropolitana;cerrado;778,87;Aw;1798
5207105;Diorama;52;GO;n„o metropolitana;cerrado;477,18;Aw;2071
5207253;Doverl√¢ndia;52;GO;n„o metropolitana;cerrado;564,52;Aw;6853
5207352;Edealina;52;GO;n„o metropolitana;cerrado;563,24;Aw;3900
5207402;Ed√©ia;52;GO;n„o metropolitana;cerrado;537,29;Aw;12666
5207501;Estrela Do Norte;52;GO;n„o metropolitana;cerrado;405,71;Aw;3186
5207535;Faina;52;GO;n„o metropolitana;cerrado;458,88;Aw;7054
5207600;Fazenda Nova;52;GO;n„o metropolitana;cerrado;446,12;Aw;5871
5207808;Firmin√≥polis;52;GO;n„o metropolitana;cerrado;616,89;Aw;9904
5207907;Flores De Goi√°s;52;GO;n„o metropolitana;cerrado;543,82;Aw;11627
5208004;Formosa;52;GO;metropolitana;cerrado;752,69;Aw;112542
5208103;Formoso;52;GO;n„o metropolitana;cerrado;486,27;Aw;4658
5208152;Gameleira De Goi√°s;52;GO;n„o metropolitana;cerrado;972,18;Aw;3450
5208301;Divin√≥polis De Goi√°s;52;GO;n„o metropolitana;cerrado;605,41;Aw;4441
5208400;Goian√°polis;52;GO;metropolitana;cerrado;916,81;Aw;14036
5208509;Goiandira;52;GO;n„o metropolitana;cerrado;716,15;Aw;5023
5208608;Goian√©sia;52;GO;n„o metropolitana;cerrado;702,59;Aw;73201
5208707;Goi√¢nia;52;GO;metropolitana;cerrado;791,76;Aw;1414483
5208806;Goianira;52;GO;metropolitana;cerrado;769,8;Aw;69511
5208905;Goi√°s;52;GO;n„o metropolitana;cerrado;534,82;Aw;23485
5209101;Goiatuba;52;GO;n„o metropolitana;cerrado;619,79;Aw;36936
5209150;Gouvel√¢ndia;52;GO;n„o metropolitana;cerrado;443,52;Aw;5127
5209200;Guap√≥;52;GO;metropolitana;cerrado;689,68;Aw;17463
5209291;Guara√≠ta;52;GO;n„o metropolitana;cerrado;721,21;Aw;2169
5209408;Guarani De Goi√°s;52;GO;n„o metropolitana;cerrado;666,11;Aw;4024
5209457;Guarinos;52;GO;n„o metropolitana;cerrado;490,71;Aw;2167
5209606;Heitora√≠;52;GO;n„o metropolitana;cerrado;696,55;Aw;3146
5209705;Hidrol√¢ndia;52;GO;metropolitana;cerrado;784,34;Aw;27530
5209804;Hidrolina;52;GO;n„o metropolitana;cerrado;618,63;Aw;4848
5209903;Iaciara;52;GO;n„o metropolitana;cerrado;502,78;Aw;11462
5209937;Inaciol√¢ndia;52;GO;n„o metropolitana;cerrado;455,21;Aw;5958
5209952;Indiara;52;GO;n„o metropolitana;cerrado;583,19;Aw;16829
5210000;Inhumas;52;GO;metropolitana;cerrado;840,87;Aw;53315
5210109;Ipameri;52;GO;n„o metropolitana;cerrado;805,13;Aw;24617
5210158;Ipiranga De Goi√°s;52;GO;n„o metropolitana;cerrado;671,46;Aw;2907
5210208;Ipor√°;52;GO;n„o metropolitana;cerrado;561,55;Aw;35284
5210307;Israel√¢ndia;52;GO;n„o metropolitana;cerrado;498,67;Aw;2543
5210406;Itabera√≠;52;GO;n„o metropolitana;cerrado;774,11;Aw;47016
5210562;Itaguari;52;GO;n„o metropolitana;cerrado;709,35;Aw;4939
5210604;Itaguaru;52;GO;n„o metropolitana;cerrado;710,87;Aw;4906
5210802;Itaj√°;52;GO;n„o metropolitana;cerrado;458,58;Aw;4468
5210901;Itapaci;52;GO;n„o metropolitana;cerrado;654,61;Aw;21547
5211008;Itapirapu√£;52;GO;n„o metropolitana;cerrado;345,59;Aw;7987
5211206;Itapuranga;52;GO;n„o metropolitana;cerrado;687,34;Aw;28522
5211305;Itarum√£;52;GO;n„o metropolitana;cerrado;494,27;Aw;7029
5211404;Itau√ßu;52;GO;n„o metropolitana;cerrado;883,83;Aw;8693
5211503;Itumbiara;52;GO;n„o metropolitana;cerrado;552,69;Aw;113838
5211602;Ivol√¢ndia;52;GO;n„o metropolitana;cerrado;602,86;Aw;2664
5211701;Jandaia;52;GO;n„o metropolitana;cerrado;591,46;Aw;6273
5211800;Jaragu√°;52;GO;n„o metropolitana;cerrado;684,51;Aw;43928
5211909;Jata√≠;52;GO;n„o metropolitana;cerrado;758,92;Aw;104656
5212006;Jaupaci;52;GO;n„o metropolitana;cerrado;434,76;Aw;2934
5212055;Jes√∫polis;52;GO;n„o metropolitana;cerrado;739,78;Aw;2113
5212105;Jovi√¢nia;52;GO;n„o metropolitana;cerrado;693,54;Aw;7164
5212204;Jussara;52;GO;n„o metropolitana;cerrado;322,38;Aw;19582
5212253;Lagoa Santa;52;GO;n„o metropolitana;cerrado;425,89;Aw;1568
5212303;Leopoldo De Bulh√µes;52;GO;n„o metropolitana;cerrado;973,94;Aw;8777
5212501;Luzi√¢nia;52;GO;metropolitana;cerrado;889,79;Aw;196416
5212600;Mairipotaba;52;GO;n„o metropolitana;cerrado;657,74;Aw;2476
5212709;Mamba√≠;52;GO;n„o metropolitana;cerrado;795,05;Aw;8144
5212808;Mara Rosa;52;GO;n„o metropolitana;cerrado;394,58;Aw;10705
5212907;Marzag√£o;52;GO;n„o metropolitana;cerrado;660,72;Aw;2764
5212956;Matrinch√£;52;GO;n„o metropolitana;cerrado;328,28;Aw;4042
5213004;Mauril√¢ndia;52;GO;n„o metropolitana;cerrado;511,82;Aw;9684
5213053;Mimoso De Goi√°s;52;GO;metropolitana;cerrado;765,34;Aw;2572
5213087;Mina√ßu;52;GO;n„o metropolitana;cerrado;541,96;Aw;26994
5213103;Mineiros;52;GO;n„o metropolitana;cerrado;747,07;Aw;71108
5213400;Moipor√°;52;GO;n„o metropolitana;cerrado;579,29;Aw;1701
5213509;Monte Alegre De Goi√°s;52;GO;n„o metropolitana;cerrado;566,75;Aw;6643
5213707;Montes Claros De Goi√°s;52;GO;n„o metropolitana;cerrado;359,36;Aw;9530
5213756;Montividiu;52;GO;n„o metropolitana;cerrado;835,13;Aw;12716
5213772;Montividiu Do Norte;52;GO;n„o metropolitana;cerrado;389,09;Aw;3647
5213806;Morrinhos;52;GO;n„o metropolitana;cerrado;715,69;Aw;49965
5213855;Morro Agudo De Goi√°s;52;GO;n„o metropolitana;cerrado;720,95;Aw;2440
5213905;Moss√¢medes;52;GO;n„o metropolitana;cerrado;715,15;Aw;4791
5214002;Mozarl√¢ndia;52;GO;n„o metropolitana;cerrado;307,13;Aw;15284
5214051;Mundo Novo;52;GO;n„o metropolitana;cerrado;267,21;Aw;6273
5214101;Mutun√≥polis;52;GO;n„o metropolitana;cerrado;375,11;Aw;3574
5214408;Naz√°rio;52;GO;n„o metropolitana;cerrado;677,26;Aw;9247
5214507;Ner√≥polis;52;GO;metropolitana;cerrado;857,58;Aw;33898
5214606;Niquel√¢ndia;52;GO;n„o metropolitana;cerrado;664,58;Aw;35609
5214705;Nova Am√©rica;52;GO;n„o metropolitana;cerrado;702,78;Aw;2331
5214804;Nova Aurora;52;GO;n„o metropolitana;cerrado;701,91;Aw;2103
5214838;Nova Crix√°s;52;GO;n„o metropolitana;cerrado;270,09;Aw;13325
5214861;Nova Gl√≥ria;52;GO;n„o metropolitana;cerrado;571,25;Aw;8307
5214879;Nova Igua√ßu De Goi√°s;52;GO;n„o metropolitana;cerrado;468,01;Aw;3010
5214903;Nova Roma;52;GO;n„o metropolitana;cerrado;687,27;Aw;3076
5215009;Nova Veneza;52;GO;metropolitana;cerrado;840,87;Aw;9152
5215207;Novo Brasil;52;GO;n„o metropolitana;cerrado;440,36;Aw;3605
5215231;Novo Gama;52;GO;metropolitana;cerrado;938,22;Aw;97976
5215256;Novo Planalto;52;GO;n„o metropolitana;cerrado;282,41;Aw;3698
5215306;Orizona;52;GO;n„o metropolitana;cerrado;831,7;Aw;16127
5215405;Ouro Verde De Goi√°s;52;GO;n„o metropolitana;cerrado;948,15;Aw;4060
5215504;Ouvidor;52;GO;n„o metropolitana;cerrado;773,94;Aw;7192
5215603;Padre Bernardo;52;GO;metropolitana;cerrado;769,84;Aw;34314
5215652;Palestina De Goi√°s;52;GO;n„o metropolitana;cerrado;640,51;Aw;3505
5215702;Palmeiras De Goi√°s;52;GO;n„o metropolitana;cerrado;629,18;Aw;32004
5215801;Palmelo;52;GO;n„o metropolitana;cerrado;780,89;Aw;2293
5215900;Palmin√≥polis;52;GO;n„o metropolitana;cerrado;617,86;Aw;3848
5216007;Panam√°;52;GO;n„o metropolitana;cerrado;625,94;Aw;2968
5216304;Paranaiguara;52;GO;n„o metropolitana;mata atlantica;500,91;Aw;9497
5216403;Para√∫na;52;GO;n„o metropolitana;cerrado;669,61;Aw;10383
5216452;Perol√¢ndia;52;GO;n„o metropolitana;cerrado;875,4;Aw;3175
5216809;Petrolina De Goi√°s;52;GO;n„o metropolitana;cerrado;817,79;Aw;8854
5216908;Pilar De Goi√°s;52;GO;n„o metropolitana;cerrado;537,9;Aw;2332
5217104;Piracanjuba;52;GO;n„o metropolitana;cerrado;733,25;Aw;23771
5217203;Piranhas;52;GO;n„o metropolitana;cerrado;486,39;Aw;11532
5217302;Piren√≥polis;52;GO;metropolitana;cerrado;857,18;Aw;26598
5217401;Pires Do Rio;52;GO;n„o metropolitana;cerrado;783,38;Aw;33193
5217609;Planaltina;52;GO;metropolitana;cerrado;945,51;Aw;108846
5217708;Pontalina;52;GO;n„o metropolitana;cerrado;630,03;Aw;18843
5218003;Porangatu;52;GO;n„o metropolitana;cerrado;349,46;Aw;44061
5218052;Porteir√£o;52;GO;n„o metropolitana;cerrado;487,19;Aw;4085
5218102;Portel√¢ndia;52;GO;n„o metropolitana;cerrado;803,67;Aw;3322
5218300;Posse;52;GO;n„o metropolitana;cerrado;688,04;Aw;34450
5218391;Professor Jamil;52;GO;n„o metropolitana;cerrado;674,97;Aw;3325
5218508;Quirin√≥polis;52;GO;n„o metropolitana;cerrado;555,62;Aw;50540
5218607;Rialma;52;GO;n„o metropolitana;cerrado;614,22;Aw;12054
5218706;Rian√°polis;52;GO;n„o metropolitana;cerrado;623,75;Aw;3972
5218789;Rio Quente;52;GO;n„o metropolitana;cerrado;646,26;Aw;3967
5218805;Rio Verde;52;GO;n„o metropolitana;cerrado;765,42;Aw;214607
5218904;Rubiataba;52;GO;n„o metropolitana;cerrado;697,11;Aw;19803
5219001;Sanclerl√¢ndia;52;GO;n„o metropolitana;cerrado;574;Aw;8300
5219100;Santa B√°rbara De Goi√°s;52;GO;n„o metropolitana;cerrado;651,44;Aw;6182
5219209;Santa Cruz De Goi√°s;52;GO;n„o metropolitana;cerrado;768,61;Aw;3107
5219258;Santa F√© De Goi√°s;52;GO;n„o metropolitana;cerrado;345,55;Aw;4985
5219308;Santa Helena De Goi√°s;52;GO;n„o metropolitana;cerrado;583,86;Aw;37193
5219357;Santa Isabel;52;GO;n„o metropolitana;cerrado;616,6;Aw;3510
5219407;Santa Rita Do Araguaia;52;GO;n„o metropolitana;cerrado;685,64;Aw;7239
5219456;Santa Rita Do Novo Destino;52;GO;n„o metropolitana;cerrado;589,04;Aw;2948
5219506;Santa Rosa De Goi√°s;52;GO;n„o metropolitana;cerrado;809,72;Aw;2810
5219605;Santa Tereza De Goi√°s;52;GO;n„o metropolitana;cerrado;363,36;Aw;3322
5219704;Santa Terezinha De Goi√°s;52;GO;n„o metropolitana;cerrado;354,94;Aw;10370
5219712;Santo Ant√¥nio Da Barra;52;GO;n„o metropolitana;cerrado;594,91;Aw;4287
5219738;Santo Ant√¥nio De Goi√°s;52;GO;metropolitana;cerrado;799,04;Aw;7448
5219753;Santo Ant√¥nio Do Descoberto;52;GO;metropolitana;cerrado;950,56;Aw;68654
5219803;S√£o Domingos;52;GO;n„o metropolitana;cerrado;600,34;Aw;9710
5219902;S√£o Francisco De Goi√°s;52;GO;n„o metropolitana;cerrado;724,07;Aw;6379
5220009;S√£o Jo√£o D'alian√ßa;52;GO;n„o metropolitana;cerrado;823,6;Aw;11275
5220058;S√£o Jo√£o Da Para√∫na;52;GO;n„o metropolitana;cerrado;625,57;Aw;1898
5220108;S√£o Lu√≠s De Montes Belos;52;GO;n„o metropolitana;cerrado;568,78;Aw;33279
5220157;S√£o Luiz Do Norte;52;GO;n„o metropolitana;cerrado;556,2;Aw;4947
5220207;S√£o Miguel Do Araguaia;52;GO;n„o metropolitana;cerrado;258,15;Aw;22738
5220264;S√£o Miguel Do Passa Quatro;52;GO;n„o metropolitana;cerrado;900,56;Aw;4234
5220280;S√£o Patr√≠cio;52;GO;n„o metropolitana;cerrado;635,34;Aw;2138
5220405;S√£o Sim√£o;52;GO;n„o metropolitana;mata atlantica;432,57;Aw;17619
5220454;Senador Canedo;52;GO;metropolitana;cerrado;777,04;Aw;153522
5220504;Serran√≥polis;52;GO;n„o metropolitana;cerrado;673,43;Am;8295
5220603;Silv√¢nia;52;GO;n„o metropolitana;cerrado;929,29;Aw;22230
5220686;Simol√¢ndia;52;GO;n„o metropolitana;cerrado;532,21;Aw;5715
5220702;S√≠tio D'abadia;52;GO;n„o metropolitana;cerrado;814,37;Aw;2939
5221007;Taquaral De Goi√°s;52;GO;n„o metropolitana;cerrado;815,2;Aw;4038
5221080;Teresina De Goi√°s;52;GO;n„o metropolitana;cerrado;707,63;Aw;2695
5221197;Terez√≥polis De Goi√°s;52;GO;metropolitana;cerrado;855,5;Aw;7842
5221304;Tr√™s Ranchos;52;GO;n„o metropolitana;cerrado;684,47;Aw;2906
5221403;Trindade;52;GO;metropolitana;cerrado;721;Aw;149167
5221452;Trombas;52;GO;n„o metropolitana;cerrado;413,5;Aw;3123
5221502;Turv√¢nia;52;GO;n„o metropolitana;cerrado;646,15;Aw;4462
5221551;Turvel√¢ndia;52;GO;n„o metropolitana;cerrado;503,45;Aw;4847
5221577;Uirapuru;52;GO;n„o metropolitana;cerrado;326,57;Aw;3874
5221601;Urua√ßu;52;GO;n„o metropolitana;cerrado;551,39;Aw;43728
5221700;Uruana;52;GO;n„o metropolitana;cerrado;627,66;Aw;13681
5221809;Uruta√≠;52;GO;n„o metropolitana;cerrado;770,7;Aw;3119
5221858;Valpara√≠so De Goi√°s;52;GO;metropolitana;cerrado;1013,54;Aw;196967
5221908;Varj√£o;52;GO;n„o metropolitana;cerrado;675,38;Aw;3720
5222005;Vian√≥polis;52;GO;n„o metropolitana;cerrado;910,37;Aw;14046
5222054;Vicentin√≥polis;52;GO;n„o metropolitana;cerrado;566,74;Aw;8776
5222203;Vila Boa;52;GO;metropolitana;cerrado;569,38;Aw;3686
5222302;Vila Prop√≠cio;52;GO;n„o metropolitana;cerrado;674,25;Aw;5646
5300108;Bras√≠lia;53;DF;metropolitana;cerrado;1034,79;Aw;2923369
