"code_muni";"munname";"prop_esgot"
"110001";"ALTA FLORESTA D'OESTE";2,24
"110002";"ARIQUEMES";8,91
"110003";"CABIXI";21,01
"110004";"CACOAL";54,03
"110005";"CEREJEIRAS";16,73
"110006";"COLORADO DO OESTE";5,17
"110007";"CORUMBIARA";11,55
"110008";"COSTA MARQUES";7,91
"110009";"ESPIGAO D'OESTE";13,77
"110010";"GUAJARA-MIRIM";22,19
"110011";"JARU";3,36
"110012";"JI-PARANA";20,43
"110013";"MACHADINHO D'OESTE";2,12
"110014";"NOVA BRASILANDIA D'OESTE";3,84
"110015";"OURO PRETO DO OESTE";10,17
"110018";"PIMENTA BUENO";38,34
"110020";"PORTO VELHO";43,41
"110025";"PRESIDENTE MEDICI";1,64
"110026";"RIO CRESPO";22,57
"110028";"ROLIM DE MOURA";14,98
"110029";"SANTA LUZIA D'OESTE";1,97
"110030";"VILHENA";13,51
"110032";"SAO MIGUEL DO GUAPORE";9,98
"110033";"NOVA MAMORE";7,88
"110034";"ALVORADA D'OESTE";35,84
"110037";"ALTO ALEGRE DOS PARECIS";0,54
"110040";"ALTO PARAISO";10,83
"110045";"BURITIS";1,82
"110050";"NOVO HORIZONTE DO OESTE";9,45
"110060";"CACAULANDIA";21,81
"110070";"CAMPO NOVO DE RONDONIA";19,87
"110080";"CANDEIAS DO JAMARI";9,02
"110090";"CASTANHEIRAS";1,44
"110092";"CHUPINGUAIA";2,69
"110094";"CUJUBIM";7,37
"110100";"GOVERNADOR JORGE TEIXEIRA";30,96
"110110";"ITAPUA DO OESTE";3,2
"110120";"MINISTRO ANDREAZZA";4,55
"110130";"MIRANTE DA SERRA";1,34
"110140";"MONTE NEGRO";1,3
"110143";"NOVA UNIAO";1,1
"110145";"PARECIS";0,65
"110146";"PIMENTEIRAS DO OESTE";18,71
"110147";"PRIMAVERA DE RONDONIA";1,94
"110148";"SAO FELIPE D'OESTE";16,02
"110149";"SAO FRANCISCO DO GUAPORE";3,85
"110150";"SERINGUEIRAS";19,63
"110155";"TEIXEIROPOLIS";2,04
"110160";"THEOBROMA";11,02
"110170";"URUPA";11,53
"110175";"VALE DO ANARI";0,68
"110180";"VALE DO PARAISO";0,29
"120001";"ACRELANDIA";11,7
"120005";"ASSIS BRASIL";24,82
"120010";"BRASILEIA";29,63
"120013";"BUJARI";19,35
"120017";"CAPIXABA";34
"120020";"CRUZEIRO DO SUL";13,9
"120025";"EPITACIOLANDIA";21,2
"120030";"FEIJO";10,3
"120032";"JORDAO";5,29
"120033";"MANCIO LIMA";6,75
"120034";"MANOEL URBANO";12,92
"120035";"MARECHAL THAUMATURGO";8,36
"120038";"PLACIDO DE CASTRO";14,63
"120039";"PORTO WALTER";0,71
"120040";"RIO BRANCO";57,97
"120042";"RODRIGUES ALVES";9,23
"120043";"SANTA ROSA DO PURUS";4,78
"120045";"SENADOR GUIOMARD";24,13
"120050";"SENA MADUREIRA";13,29
"120060";"TARAUACA";10,93
"120070";"XAPURI";29,33
"120080";"PORTO ACRE";11,96
"130002";"ALVARAES";31,36
"130006";"AMATURA";7,69
"130008";"ANAMA";4,62
"130010";"ANORI";2,16
"130014";"APUI";9,53
"130020";"ATALAIA DO NORTE";0,97
"130030";"AUTAZES";20,38
"130040";"BARCELOS";15,48
"130050";"BARREIRINHA";4,15
"130060";"BENJAMIN CONSTANT";14,6
"130063";"BERURI";27,69
"130068";"BOA VISTA DO RAMOS";31,99
"130070";"BOCA DO ACRE";6,33
"130080";"BORBA";8,62
"130083";"CAAPIRANGA";33,01
"130090";"CANUTAMA";10,42
"130100";"CARAUARI";25,71
"130110";"CAREIRO";15,04
"130115";"CAREIRO DA VARZEA";5,62
"130120";"COARI";41,08
"130130";"CODAJAS";26,09
"130140";"EIRUNEPE";13,27
"130150";"ENVIRA";7,65
"130160";"FONTE BOA";2,25
"130165";"GUAJARA";8,22
"130170";"HUMAITA";16,26
"130180";"IPIXUNA";1,51
"130185";"IRANDUBA";14,38
"130190";"ITACOATIARA";20,77
"130195";"ITAMARATI";5,8
"130200";"ITAPIRANGA";6,63
"130210";"JAPURA";16,6
"130220";"JURUA";14,1
"130230";"JUTAI";0,98
"130240";"LABREA";19,96
"130250";"MANACAPURU";24,62
"130255";"MANAQUIRI";7,92
"130260";"MANAUS";63,33
"130270";"MANICORE";8,34
"130280";"MARAA";22,6
"130290";"MAUES";29,19
"130300";"NHAMUNDA";17,6
"130310";"NOVA OLINDA DO NORTE";15,05
"130320";"NOVO AIRAO";16,43
"130330";"NOVO ARIPUANA";14,95
"130340";"PARINTINS";20,52
"130350";"PAUINI";26,47
"130353";"PRESIDENTE FIGUEIREDO";37,54
"130356";"RIO PRETO DA EVA";10,01
"130360";"SANTA ISABEL DO RIO NEGRO";8,25
"130370";"SANTO ANTONIO DO ICA";3,83
"130380";"SAO GABRIEL DA CACHOEIRA";13,11
"130390";"SAO PAULO DE OLIVENCA";5,05
"130395";"SAO SEBASTIAO DO UATUMA";1,8
"130400";"SILVES";4,95
"130406";"TABATINGA";25,75
"130410";"TAPAUA";18,74
"130420";"TEFE";32,65
"130423";"TONANTINS";9,34
"130426";"UARINI";12,96
"130430";"URUCARA";10,59
"130440";"URUCURITUBA";22,7
"140002";"AMAJARI";10,72
"140005";"ALTO ALEGRE";18,7
"140010";"BOA VISTA";55,38
"140015";"BONFIM";39,93
"140017";"CANTA";11,26
"140020";"CARACARAI";58,03
"140023";"CAROEBE";15,59
"140028";"IRACEMA";51,16
"140030";"MUCAJAI";3,95
"140040";"NORMANDIA";16,46
"140045";"PACARAIMA";25,99
"140047";"RORAINOPOLIS";11,66
"140050";"SAO JOAO DA BALIZA";25,84
"140060";"SAO LUIZ";44,23
"140070";"UIRAMUTA";5,61
"150010";"ABAETETUBA";17,63
"150013";"ABEL FIGUEIREDO";9,79
"150020";"ACARA";6,4
"150030";"AFUA";3,61
"150034";"AGUA AZUL DO NORTE";20,37
"150040";"ALENQUER";20,31
"150050";"ALMEIRIM";34,88
"150060";"ALTAMIRA";18,75
"150070";"ANAJAS";9,37
"150080";"ANANINDEUA";55,45
"150085";"ANAPU";1,75
"150090";"AUGUSTO CORREA";26,8
"150095";"AURORA DO PARA";18,41
"150100";"AVEIRO";8,55
"150110";"BAGRE";2,96
"150120";"BAIAO";24,24
"150125";"BANNACH";1,83
"150130";"BARCARENA";29,4
"150140";"BELEM";68,41
"150145";"BELTERRA";21,24
"150150";"BENEVIDES";17,4
"150157";"BOM JESUS DO TOCANTINS";13,23
"150160";"BONITO";13,94
"150170";"BRAGANCA";14,75
"150172";"BRASIL NOVO";2,52
"150175";"BREJO GRANDE DO ARAGUAIA";7,63
"150178";"BREU BRANCO";5,48
"150180";"BREVES";7,6
"150190";"BUJARU";10,62
"150195";"CACHOEIRA DO PIRIA";2,94
"150200";"CACHOEIRA DO ARARI";39,01
"150210";"CAMETA";11,43
"150215";"CANAA DOS CARAJAS";36,85
"150220";"CAPANEMA";65,76
"150230";"CAPITAO POCO";3,31
"150240";"CASTANHAL";36,39
"150250";"CHAVES";2
"150260";"COLARES";2,01
"150270";"CONCEICAO DO ARAGUAIA";4,77
"150275";"CONCORDIA DO PARA";6,81
"150276";"CUMARU DO NORTE";1,66
"150277";"CURIONOPOLIS";4,51
"150280";"CURRALINHO";1,52
"150285";"CURUA";1,18
"150290";"CURUCA";23,11
"150293";"DOM ELISEU";7,15
"150295";"ELDORADO DOS CARAJAS";7,63
"150300";"FARO";2,11
"150304";"FLORESTA DO ARAGUAIA";1,22
"150307";"GARRAFAO DO NORTE";1,12
"150309";"GOIANESIA DO PARA";8,68
"150310";"GURUPA";5,47
"150320";"IGARAPE-ACU";1,71
"150330";"IGARAPE-MIRI";3,55
"150340";"INHANGAPI";21,1
"150345";"IPIXUNA DO PARA";26,76
"150350";"IRITUIA";3,09
"150360";"ITAITUBA";20,9
"150370";"ITUPIRANGA";9,05
"150375";"JACAREACANGA";2,62
"150380";"JACUNDA";15,85
"150390";"JURUTI";3,21
"150400";"LIMOEIRO DO AJURU";6,45
"150405";"MAE DO RIO";42,39
"150410";"MAGALHAES BARATA";50,7
"150420";"MARABA";32,98
"150430";"MARACANA";43,68
"150440";"MARAPANIM";2,6
"150442";"MARITUBA";19,13
"150445";"MEDICILANDIA";19,89
"150450";"MELGACO";4,05
"150460";"MOCAJUBA";32,04
"150470";"MOJU";6,07
"150480";"MONTE ALEGRE";17,97
"150490";"MUANA";2,65
"150495";"NOVA ESPERANCA DO PIRIA";4,47
"150497";"NOVA IPIXUNA";2,56
"150500";"NOVA TIMBOTEUA";11,98
"150503";"NOVO PROGRESSO";1,43
"150506";"NOVO REPARTIMENTO";15,76
"150510";"OBIDOS";1,92
"150520";"OEIRAS DO PARA";4,46
"150530";"ORIXIMINA";37,76
"150540";"OUREM";12,99
"150543";"OURILANDIA DO NORTE";33,78
"150548";"PACAJA";11,53
"150549";"PALESTINA DO PARA";0,45
"150550";"PARAGOMINAS";12,96
"150553";"PARAUAPEBAS";46,63
"150555";"PAU D'ARCO";0,85
"150560";"PEIXE-BOI";35,72
"150563";"PICARRA";3,03
"150565";"PLACAS";1,51
"150570";"PONTA DE PEDRAS";21,93
"150580";"PORTEL";11,37
"150590";"PORTO DE MOZ";12,99
"150600";"PRAINHA";4,99
"150610";"PRIMAVERA";40,24
"150611";"QUATIPURU";41,64
"150613";"REDENCAO";10,19
"150616";"RIO MARIA";9,37
"150618";"RONDON DO PARA";3,35
"150619";"RUROPOLIS";6,12
"150620";"SALINOPOLIS";48,57
"150630";"SALVATERRA";5,35
"150635";"SANTA BARBARA DO PARA";10,23
"150640";"SANTA CRUZ DO ARARI";12,46
"150650";"SANTA IZABEL DO PARA";11,05
"150655";"SANTA LUZIA DO PARA";23,08
"150658";"SANTA MARIA DAS BARREIRAS";16,24
"150660";"SANTA MARIA DO PARA";5
"150670";"SANTANA DO ARAGUAIA";16,43
"150680";"SANTAREM";40,29
"150690";"SANTAREM NOVO";43,57
"150700";"SANTO ANTONIO DO TAUA";10,57
"150710";"SAO CAETANO DE ODIVELAS";6,72
"150715";"SAO DOMINGOS DO ARAGUAIA";9,93
"150720";"SAO DOMINGOS DO CAPIM";7,84
"150730";"SAO FELIX DO XINGU";22,18
"150740";"SAO FRANCISCO DO PARA";38,5
"150745";"SAO GERALDO DO ARAGUAIA";24,37
"150746";"SAO JOAO DA PONTA";22,52
"150747";"SAO JOAO DE PIRABAS";10,29
"150750";"SAO JOAO DO ARAGUAIA";15,3
"150760";"SAO MIGUEL DO GUAMA";8,65
"150770";"SAO SEBASTIAO DA BOA VISTA";3,26
"150775";"SAPUCAIA";2,78
"150780";"SENADOR JOSE PORFIRIO";6,53
"150790";"SOURE";65,55
"150795";"TAILANDIA";5,66
"150796";"TERRA ALTA";0,73
"150797";"TERRA SANTA";12,5
"150800";"TOME-ACU";2,84
"150803";"TRACUATEUA";0,83
"150805";"TRAIRAO";1,47
"150808";"TUCUMA";32,68
"150810";"TUCURUI";16,04
"150812";"ULIANOPOLIS";10,02
"150815";"URUARA";3,09
"150820";"VIGIA";7,61
"150830";"VISEU";19,58
"150835";"VITORIA DO XINGU";28,22
"150840";"XINGUARA";14,77
"160005";"SERRA DO NAVIO";50,26
"160010";"AMAPA";36,18
"160015";"PEDRA BRANCA DO AMAPARI";23,21
"160020";"CALCOENE";12,11
"160021";"CUTIAS";0,77
"160023";"FERREIRA GOMES";7,37
"160025";"ITAUBAL";18,04
"160027";"LARANJAL DO JARI";10,48
"160030";"MACAPA";28,16
"160040";"MAZAGAO";5,9
"160050";"OIAPOQUE";28
"160053";"PORTO GRANDE";23,9
"160055";"PRACUUBA";2,24
"160060";"SANTANA";16,26
"160070";"TARTARUGALZINHO";12,18
"160080";"VITORIA DO JARI";13,73
"170025";"ABREULANDIA";14,61
"170030";"AGUIARNOPOLIS";32,75
"170035";"ALIANCA DO TOCANTINS";21,05
"170040";"ALMAS";30,97
"170070";"ALVORADA";6,77
"170100";"ANANAS";30,3
"170105";"ANGICO";1,19
"170110";"APARECIDA DO RIO NEGRO";2,16
"170130";"ARAGOMINAS";13,24
"170190";"ARAGUACEMA";21,99
"170200";"ARAGUACU";2,22
"170210";"ARAGUAINA";16,33
"170215";"ARAGUANA";39,77
"170220";"ARAGUATINS";1,86
"170230";"ARAPOEMA";11,81
"170240";"ARRAIAS";25,8
"170255";"AUGUSTINOPOLIS";9,71
"170270";"AURORA DO TOCANTINS";2,26
"170290";"AXIXA DO TOCANTINS";28,14
"170300";"BABACULANDIA";21,64
"170305";"BANDEIRANTES DO TOCANTINS";2,19
"170307";"BARRA DO OURO";14,2
"170310";"BARROLANDIA";23,53
"170320";"BERNARDO SAYAO";14,21
"170330";"BOM JESUS DO TOCANTINS";27,81
"170360";"BRASILANDIA DO TOCANTINS";5,08
"170370";"BREJINHO DE NAZARE";10,02
"170380";"BURITI DO TOCANTINS";20,68
"170382";"CACHOEIRINHA";17,5
"170384";"CAMPOS LINDOS";9,51
"170386";"CARIRI DO TOCANTINS";24,67
"170388";"CARMOLANDIA";51,35
"170389";"CARRASCO BONITO";32,2
"170390";"CASEARA";6,41
"170410";"CENTENARIO";26,21
"170460";"CHAPADA DE AREIA";2,86
"170510";"CHAPADA DA NATIVIDADE";44,87
"170550";"COLINAS DO TOCANTINS";31,32
"170555";"COMBINADO";11,41
"170560";"CONCEICAO DO TOCANTINS";7,95
"170600";"COUTO MAGALHAES";31,59
"170610";"CRISTALANDIA";6,53
"170625";"CRIXAS DO TOCANTINS";30,61
"170650";"DARCINOPOLIS";45,86
"170700";"DIANOPOLIS";15,37
"170710";"DIVINOPOLIS DO TOCANTINS";6,73
"170720";"DOIS IRMAOS DO TOCANTINS";16,61
"170730";"DUERE";14,38
"170740";"ESPERANTINA";19,05
"170755";"FATIMA";54,4
"170765";"FIGUEIROPOLIS";56,46
"170770";"FILADELFIA";8,11
"170820";"FORMOSO DO ARAGUAIA";18,16
"170825";"FORTALEZA DO TABOCAO";2,32
"170830";"GOIANORTE";9,7
"170900";"GOIATINS";8,63
"170930";"GUARAI";23,75
"170950";"GURUPI";42,85
"170980";"IPUEIRAS";81,66
"171050";"ITACAJA";39,36
"171070";"ITAGUATINS";26,05
"171090";"ITAPIRATINS";0,19
"171110";"ITAPORA DO TOCANTINS";2,55
"171150";"JAU DO TOCANTINS";0,7
"171180";"JUARINA";18,88
"171190";"LAGOA DA CONFUSAO";5,9
"171195";"LAGOA DO TOCANTINS";28,92
"171200";"LAJEADO";40,08
"171215";"LAVANDEIRA";23,27
"171240";"LIZARDA";52,56
"171245";"LUZINOPOLIS";0,14
"171250";"MARIANOPOLIS DO TOCANTINS";12,17
"171270";"MATEIROS";11,87
"171280";"MAURILANDIA DO TOCANTINS";16
"171320";"MIRACEMA DO TOCANTINS";13,9
"171330";"MIRANORTE";2,22
"171360";"MONTE DO CARMO";19,41
"171370";"MONTE SANTO DO TOCANTINS";14,73
"171380";"PALMEIRAS DO TOCANTINS";1,07
"171395";"MURICILANDIA";15,54
"171420";"NATIVIDADE";34,86
"171430";"NAZARE";1,88
"171488";"NOVA OLINDA";7,39
"171500";"NOVA ROSALANDIA";1,93
"171510";"NOVO ACORDO";33,49
"171515";"NOVO ALEGRE";17,71
"171525";"NOVO JARDIM";27,83
"171550";"OLIVEIRA DE FATIMA";8,77
"171570";"PALMEIRANTE";6,34
"171575";"PALMEIROPOLIS";9,95
"171610";"PARAISO DO TOCANTINS";19,57
"171620";"PARANA";1,11
"171630";"PAU D'ARCO";12,77
"171650";"PEDRO AFONSO";52,24
"171660";"PEIXE";21,22
"171665";"PEQUIZEIRO";26,29
"171670";"COLMEIA";44,83
"171700";"PINDORAMA DO TOCANTINS";24,02
"171720";"PIRAQUE";0,46
"171750";"PIUM";18,76
"171780";"PONTE ALTA DO BOM JESUS";1,67
"171790";"PONTE ALTA DO TOCANTINS";3,01
"171800";"PORTO ALEGRE DO TOCANTINS";5,29
"171820";"PORTO NACIONAL";65,04
"171830";"PRAIA NORTE";19,89
"171840";"PRESIDENTE KENNEDY";18,22
"171845";"PUGMIL";1,39
"171850";"RECURSOLANDIA";13,18
"171855";"RIACHINHO";2,43
"171865";"RIO DA CONCEICAO";40,84
"171870";"RIO DOS BOIS";2,93
"171875";"RIO SONO";3,33
"171880";"SAMPAIO";19,96
"171884";"SANDOLANDIA";4,01
"171886";"SANTA FE DO ARAGUAIA";27
"171888";"SANTA MARIA DO TOCANTINS";12,87
"171889";"SANTA RITA DO TOCANTINS";39,34
"171890";"SANTA ROSA DO TOCANTINS";34,28
"171900";"SANTA TEREZA DO TOCANTINS";1,81
"172000";"SANTA TEREZINHA DO TOCANTINS";0,44
"172010";"SAO BENTO DO TOCANTINS";3,6
"172015";"SAO FELIX DO TOCANTINS";68,41
"172020";"SAO MIGUEL DO TOCANTINS";0,26
"172025";"SAO SALVADOR DO TOCANTINS";16,71
"172030";"SAO SEBASTIAO DO TOCANTINS";4,17
"172049";"SAO VALERIO";5,35
"172065";"SILVANOPOLIS";0,84
"172080";"SITIO NOVO DO TOCANTINS";12,54
"172085";"SUCUPIRA";0,91
"172090";"TAGUATINGA";12,67
"172093";"TAIPAS DO TOCANTINS";64,46
"172097";"TALISMA";28,5
"172100";"PALMAS";68,76
"172110";"TOCANTINIA";21,73
"172120";"TOCANTINOPOLIS";5,31
"172125";"TUPIRAMA";25,31
"172130";"TUPIRATINS";49,69
"172208";"WANDERLANDIA";0,72
"172210";"XAMBIOA";6,62
"210005";"ACAILANDIA";13,06
"210010";"AFONSO CUNHA";2,61
"210015";"AGUA DOCE DO MARANHAO";1,5
"210020";"ALCANTARA";6,59
"210030";"ALDEIAS ALTAS";8,88
"210040";"ALTAMIRA DO MARANHAO";4,21
"210043";"ALTO ALEGRE DO MARANHAO";21,37
"210047";"ALTO ALEGRE DO PINDARE";9,53
"210050";"ALTO PARNAIBA";2,46
"210055";"AMAPA DO MARANHAO";29,47
"210060";"AMARANTE DO MARANHAO";4,12
"210070";"ANAJATUBA";11,05
"210080";"ANAPURUS";4,93
"210083";"APICUM-ACU";0,8
"210087";"ARAGUANA";14,87
"210090";"ARAIOSES";15,39
"210095";"ARAME";13,44
"210100";"ARARI";50,2
"210110";"AXIXA";33,52
"210120";"BACABAL";31,12
"210125";"BACABEIRA";31,22
"210130";"BACURI";13,51
"210135";"BACURITUBA";0,57
"210140";"BALSAS";18,43
"210150";"BARAO DE GRAJAU";5,1
"210160";"BARRA DO CORDA";14,11
"210170";"BARREIRINHAS";16,54
"210173";"BELAGUA";3,72
"210177";"BELA VISTA DO MARANHAO";6,65
"210180";"BENEDITO LEITE";34,18
"210190";"BEQUIMAO";5,23
"210193";"BERNARDO DO MEARIM";27,87
"210197";"BOA VISTA DO GURUPI";4,68
"210200";"BOM JARDIM";3,94
"210203";"BOM JESUS DAS SELVAS";22,66
"210207";"BOM LUGAR";1,79
"210210";"BREJO";19,14
"210215";"BREJO DE AREIA";0,31
"210220";"BURITI";5,67
"210230";"BURITI BRAVO";6,53
"210232";"BURITICUPU";6,74
"210235";"BURITIRANA";4,4
"210237";"CACHOEIRA GRANDE";2,55
"210240";"CAJAPIO";31,28
"210250";"CAJARI";4,29
"210255";"CAMPESTRE DO MARANHAO";2,04
"210260";"CANDIDO MENDES";18,87
"210270";"CANTANHEDE";34,23
"210275";"CAPINZAL DO NORTE";9,06
"210280";"CAROLINA";30,03
"210290";"CARUTAPERA";20,34
"210300";"CAXIAS";26,84
"210310";"CEDRAL";1,73
"210312";"CENTRAL DO MARANHAO";7,18
"210315";"CENTRO DO GUILHERME";6,74
"210317";"CENTRO NOVO DO MARANHAO";10,92
"210320";"CHAPADINHA";16,57
"210325";"CIDELANDIA";0,77
"210330";"CODO";24,88
"210340";"COELHO NETO";7,12
"210350";"COLINAS";4,64
"210355";"CONCEICAO DO LAGO-ACU";2,49
"210360";"COROATA";20,64
"210370";"CURURUPU";2,66
"210375";"DAVINOPOLIS";20,95
"210380";"DOM PEDRO";17,54
"210390";"DUQUE BACELAR";38,39
"210400";"ESPERANTINOPOLIS";13,39
"210405";"ESTREITO";9,04
"210407";"FEIRA NOVA DO MARANHAO";9,96
"210408";"FERNANDO FALCAO";0,05
"210409";"FORMOSA DA SERRA NEGRA";1,75
"210410";"FORTALEZA DOS NOGUEIRAS";3,34
"210420";"FORTUNA";3,59
"210430";"GODOFREDO VIANA";27,49
"210440";"GONCALVES DIAS";3,29
"210450";"GOVERNADOR ARCHER";8,89
"210455";"GOVERNADOR EDISON LOBAO";33,45
"210460";"GOVERNADOR EUGENIO BARROS";2,18
"210462";"GOVERNADOR LUIZ ROCHA";19,23
"210465";"GOVERNADOR NEWTON BELLO";2,83
"210467";"GOVERNADOR NUNES FREIRE";39,91
"210470";"GRACA ARANHA";3,48
"210480";"GRAJAU";5,06
"210490";"GUIMARAES";2,52
"210500";"HUMBERTO DE CAMPOS";9,66
"210510";"ICATU";4,83
"210515";"IGARAPE DO MEIO";1,3
"210520";"IGARAPE GRANDE";17,76
"210530";"IMPERATRIZ";49,95
"210535";"ITAIPAVA DO GRAJAU";3,05
"210540";"ITAPECURU MIRIM";31,87
"210542";"ITINGA DO MARANHAO";8,38
"210545";"JATOBA";31,38
"210547";"JENIPAPO DOS VIEIRAS";2,64
"210550";"JOAO LISBOA";7,2
"210560";"JOSELANDIA";2,86
"210565";"JUNCO DO MARANHAO";51,42
"210570";"LAGO DA PEDRA";18,16
"210580";"LAGO DO JUNCO";20,4
"210590";"LAGO VERDE";12,22
"210592";"LAGOA DO MATO";1,27
"210594";"LAGO DOS RODRIGUES";0,92
"210596";"LAGOA GRANDE DO MARANHAO";3,99
"210598";"LAJEADO NOVO";5,85
"210600";"LIMA CAMPOS";9,19
"210610";"LORETO";13,97
"210620";"LUIS DOMINGUES";35,86
"210630";"MAGALHAES DE ALMEIDA";20,53
"210632";"MARACACUME";41,24
"210635";"MARAJA DO SENA";7,39
"210637";"MARANHAOZINHO";44,13
"210640";"MATA ROMA";15,53
"210650";"MATINHA";10,15
"210660";"MATOES";4,67
"210663";"MATOES DO NORTE";2,41
"210667";"MILAGRES DO MARANHAO";9,9
"210670";"MIRADOR";2,53
"210675";"MIRANDA DO NORTE";6,5
"210680";"MIRINZAL";3,67
"210690";"MONCAO";7,61
"210700";"MONTES ALTOS";5,62
"210710";"MORROS";3,29
"210720";"NINA RODRIGUES";7,12
"210725";"NOVA COLINAS";0,59
"210730";"NOVA IORQUE";15,08
"210735";"NOVA OLINDA DO MARANHAO";2,47
"210740";"OLHO D'AGUA DAS CUNHAS";12,99
"210745";"OLINDA NOVA DO MARANHAO";7,89
"210750";"PACO DO LUMIAR";55,19
"210760";"PALMEIRANDIA";3,47
"210770";"PARAIBANO";5,86
"210780";"PARNARAMA";1,36
"210790";"PASSAGEM FRANCA";1,75
"210800";"PASTOS BONS";4,86
"210805";"PAULINO NEVES";16,81
"210810";"PAULO RAMOS";2,5
"210820";"PEDREIRAS";41,33
"210825";"PEDRO DO ROSARIO";4,07
"210830";"PENALVA";5,27
"210840";"PERI MIRIM";13,2
"210845";"PERITORO";10,33
"210850";"PINDARE-MIRIM";7,38
"210860";"PINHEIRO";50,72
"210870";"PIO XII";1,99
"210880";"PIRAPEMAS";13,61
"210890";"POCAO DE PEDRAS";23,6
"210900";"PORTO FRANCO";3,12
"210905";"PORTO RICO DO MARANHAO";31,15
"210910";"PRESIDENTE DUTRA";23,29
"210920";"PRESIDENTE JUSCELINO";19,04
"210923";"PRESIDENTE MEDICI";51,52
"210927";"PRESIDENTE SARNEY";2,24
"210930";"PRESIDENTE VARGAS";4,94
"210940";"PRIMEIRA CRUZ";7,28
"210945";"RAPOSA";17,46
"210950";"RIACHAO";10,29
"210955";"RIBAMAR FIQUENE";20,83
"210960";"ROSARIO";7,51
"210970";"SAMBAIBA";16,22
"210975";"SANTA FILOMENA DO MARANHAO";10,67
"210980";"SANTA HELENA";4,51
"210990";"SANTA INES";36,06
"211000";"SANTA LUZIA";9,72
"211003";"SANTA LUZIA DO PARUA";14,63
"211010";"SANTA QUITERIA DO MARANHAO";3,21
"211020";"SANTA RITA";13,71
"211023";"SANTANA DO MARANHAO";8,15
"211027";"SANTO AMARO DO MARANHAO";0,92
"211030";"SANTO ANTONIO DOS LOPES";5,17
"211040";"SAO BENEDITO DO RIO PRETO";21,64
"211050";"SAO BENTO";10,26
"211060";"SAO BERNARDO";11,43
"211065";"SAO DOMINGOS DO AZEITAO";1,19
"211070";"SAO DOMINGOS DO MARANHAO";19,86
"211080";"SAO FELIX DE BALSAS";0,99
"211085";"SAO FRANCISCO DO BREJAO";9,08
"211090";"SAO FRANCISCO DO MARANHAO";1,16
"211100";"SAO JOAO BATISTA";23,05
"211102";"SAO JOAO DO CARU";1,23
"211105";"SAO JOAO DO PARAISO";2,51
"211107";"SAO JOAO DO SOTER";2,7
"211110";"SAO JOAO DOS PATOS";1,21
"211120";"SAO JOSE DE RIBAMAR";45,72
"211125";"SAO JOSE DOS BASILIOS";1,98
"211130";"SAO LUIS";66,45
"211140";"SAO LUIS GONZAGA DO MARANHAO";8,99
"211150";"SAO MATEUS DO MARANHAO";7,49
"211153";"SAO PEDRO DA AGUA BRANCA";3,98
"211157";"SAO PEDRO DOS CRENTES";0,27
"211160";"SAO RAIMUNDO DAS MANGABEIRAS";5,54
"211163";"SAO RAIMUNDO DO DOCA BEZERRA";13,9
"211167";"SAO ROBERTO";24,31
"211170";"SAO VICENTE FERRER";4,34
"211172";"SATUBINHA";4
"211174";"SENADOR ALEXANDRE COSTA";2,25
"211176";"SENADOR LA ROCQUE";18,31
"211178";"SERRANO DO MARANHAO";0,66
"211180";"SITIO NOVO";3,56
"211190";"SUCUPIRA DO NORTE";1,22
"211195";"SUCUPIRA DO RIACHAO";0,91
"211200";"TASSO FRAGOSO";1,91
"211210";"TIMBIRAS";14,88
"211220";"TIMON";38,25
"211223";"TRIZIDELA DO VALE";15,47
"211227";"TUFILANDIA";5,24
"211230";"TUNTUM";12,04
"211240";"TURIACU";7,31
"211245";"TURILANDIA";6,42
"211250";"TUTOIA";3,53
"211260";"URBANO SANTOS";19,5
"211270";"VARGEM GRANDE";20,03
"211280";"VIANA";29,77
"211285";"VILA NOVA DOS MARTIRIOS";0,98
"211290";"VITORIA DO MEARIM";19,27
"211300";"VITORINO FREIRE";10,83
"211400";"ZE DOCA";9,68
"220005";"ACAUA";1,44
"220010";"AGRICOLANDIA";56,04
"220020";"AGUA BRANCA";2,12
"220025";"ALAGOINHA DO PIAUI";7,38
"220027";"ALEGRETE DO PIAUI";2,21
"220030";"ALTO LONGA";4,29
"220040";"ALTOS";7,41
"220045";"ALVORADA DO GURGUEIA";1,09
"220050";"AMARANTE";9,53
"220060";"ANGICAL DO PIAUI";7,9
"220070";"ANISIO DE ABREU";18,26
"220080";"ANTONIO ALMEIDA";13,38
"220090";"AROAZES";1,42
"220095";"AROEIRAS DO ITAIM";10,47
"220100";"ARRAIAL";10,08
"220105";"ASSUNCAO DO PIAUI";13,46
"220110";"AVELINO LOPES";1,32
"220115";"BAIXA GRANDE DO RIBEIRO";2,18
"220117";"BARRA D'ALCANTARA";0,76
"220120";"BARRAS";24,57
"220130";"BARREIRAS DO PIAUI";0,5
"220140";"BARRO DURO";66
"220150";"BATALHA";25,65
"220155";"BELA VISTA DO PIAUI";33,44
"220157";"BELEM DO PIAUI";26,91
"220160";"BENEDITINOS";38,54
"220170";"BERTOLINIA";1,24
"220173";"BETANIA DO PIAUI";0,06
"220177";"BOA HORA";19,94
"220180";"BOCAINA";23,14
"220190";"BOM JESUS";9,42
"220191";"BOM PRINCIPIO DO PIAUI";20,86
"220192";"BONFIM DO PIAUI";4,15
"220194";"BOQUEIRAO DO PIAUI";9,05
"220196";"BRASILEIRA";26,87
"220198";"BREJO DO PIAUI";0
"220200";"BURITI DOS LOPES";32,07
"220202";"BURITI DOS MONTES";42,7
"220205";"CABECEIRAS DO PIAUI";32,32
"220207";"CAJAZEIRAS DO PIAUI";46,88
"220208";"CAJUEIRO DA PRAIA";14,18
"220209";"CALDEIRAO GRANDE DO PIAUI";0,12
"220210";"CAMPINAS DO PIAUI";1,22
"220211";"CAMPO ALEGRE DO FIDALGO";0,16
"220213";"CAMPO GRANDE DO PIAUI";12,81
"220217";"CAMPO LARGO DO PIAUI";0,89
"220220";"CAMPO MAIOR";29,28
"220225";"CANAVIEIRA";9,92
"220230";"CANTO DO BURITI";2,99
"220240";"CAPITAO DE CAMPOS";7,74
"220245";"CAPITAO GERVASIO OLIVEIRA";4,55
"220250";"CARACOL";35,87
"220253";"CARAUBAS DO PIAUI";28,15
"220255";"CARIDADE DO PIAUI";0,08
"220260";"CASTELO DO PIAUI";17,62
"220265";"CAXINGO";28,57
"220270";"COCAL";0,68
"220271";"COCAL DE TELHA";33,96
"220272";"COCAL DOS ALVES";12,03
"220273";"COIVARAS";5,23
"220275";"COLONIA DO GURGUEIA";1,83
"220277";"COLONIA DO PIAUI";0,9
"220280";"CONCEICAO DO CANINDE";51,56
"220285";"CORONEL JOSE DIAS";19,57
"220290";"CORRENTE";12,89
"220300";"CRISTALANDIA DO PIAUI";1,29
"220310";"CRISTINO CASTRO";1,91
"220320";"CURIMATA";5,01
"220323";"CURRAIS";0,44
"220325";"CURRALINHOS";41,92
"220327";"CURRAL NOVO DO PIAUI";0,5
"220330";"DEMERVAL LOBAO";2,3
"220335";"DIRCEU ARCOVERDE";0,76
"220340";"DOM EXPEDITO LOPES";3,59
"220342";"DOMINGOS MOURAO";44,33
"220345";"DOM INOCENCIO";6,45
"220350";"ELESBAO VELOSO";54,26
"220360";"ELISEU MARTINS";37
"220370";"ESPERANTINA";4,07
"220375";"FARTURA DO PIAUI";1,59
"220380";"FLORES DO PIAUI";33,62
"220385";"FLORESTA DO PIAUI";1,48
"220390";"FLORIANO";33,07
"220400";"FRANCINOPOLIS";0,85
"220410";"FRANCISCO AYRES";30,61
"220415";"FRANCISCO MACEDO";2,29
"220420";"FRANCISCO SANTOS";8,1
"220430";"FRONTEIRAS";44,53
"220435";"GEMINIANO";8,05
"220440";"GILBUES";3,37
"220450";"GUADALUPE";29,77
"220455";"GUARIBAS";30,6
"220460";"HUGO NAPOLEAO";44,3
"220465";"ILHA GRANDE";5,05
"220470";"INHUMA";5,2
"220480";"IPIRANGA DO PIAUI";1,79
"220490";"ISAIAS COELHO";2,14
"220500";"ITAINOPOLIS";5,9
"220510";"ITAUEIRA";17,39
"220515";"JACOBINA DO PIAUI";14,61
"220520";"JAICOS";7,43
"220525";"JARDIM DO MULATO";0,4
"220527";"JATOBA DO PIAUI";11,63
"220530";"JERUMENHA";37,79
"220535";"JOAO COSTA";18,53
"220540";"JOAQUIM PIRES";10,12
"220545";"JOCA MARQUES";6,63
"220550";"JOSE DE FREITAS";39,77
"220551";"JUAZEIRO DO PIAUI";23,53
"220552";"JULIO BORGES";5,15
"220553";"JUREMA";15,4
"220554";"LAGOINHA DO PIAUI";2,33
"220555";"LAGOA ALEGRE";41,78
"220556";"LAGOA DO BARRO DO PIAUI";0,69
"220557";"LAGOA DE SAO FRANCISCO";3,07
"220558";"LAGOA DO PIAUI";0,66
"220559";"LAGOA DO SITIO";7,94
"220560";"LANDRI SALES";2,86
"220570";"LUIS CORREIA";16,41
"220580";"LUZILANDIA";15,66
"220585";"MADEIRO";32,95
"220590";"MANOEL EMIDIO";0,57
"220595";"MARCOLANDIA";0,23
"220600";"MARCOS PARENTE";4,45
"220605";"MASSAPE DO PIAUI";0,12
"220610";"MATIAS OLIMPIO";17,36
"220620";"MIGUEL ALVES";10,49
"220630";"MIGUEL LEAO";0,3
"220635";"MILTON BRANDAO";2,22
"220640";"MONSENHOR GIL";25,23
"220650";"MONSENHOR HIPOLITO";24,39
"220660";"MONTE ALEGRE DO PIAUI";2,23
"220665";"MORRO CABECA NO TEMPO";2,85
"220667";"MORRO DO CHAPEU DO PIAUI";35,82
"220669";"MURICI DOS PORTELAS";10,15
"220670";"NAZARE DO PIAUI";1,71
"220672";"NAZARIA";25,53
"220675";"NOSSA SENHORA DE NAZARE";23,07
"220680";"NOSSA SENHORA DOS REMEDIOS";39,34
"220690";"NOVO ORIENTE DO PIAUI";14,36
"220695";"NOVO SANTO ANTONIO";4,49
"220700";"OEIRAS";20,93
"220710";"OLHO D'AGUA DO PIAUI";62,83
"220720";"PADRE MARCOS";19,48
"220730";"PAES LANDIM";8,52
"220735";"PAJEU DO PIAUI";22,45
"220740";"PALMEIRA DO PIAUI";12,97
"220750";"PALMEIRAIS";13,12
"220755";"PAQUETA";31,08
"220760";"PARNAGUA";3,28
"220770";"PARNAIBA";24,27
"220775";"PASSAGEM FRANCA DO PIAUI";9,08
"220777";"PATOS DO PIAUI";19,49
"220779";"PAU D'ARCO DO PIAUI";6,21
"220780";"PAULISTANA";1,03
"220785";"PAVUSSU";13,9
"220790";"PEDRO II";9,4
"220793";"PEDRO LAURENTINO";2,75
"220795";"NOVA SANTA RITA";46,92
"220800";"PICOS";40,52
"220810";"PIMENTEIRAS";5,21
"220820";"PIO IX";16,34
"220830";"PIRACURUCA";10,04
"220840";"PIRIPIRI";19,23
"220850";"PORTO";35,05
"220855";"PORTO ALEGRE DO PIAUI";0,45
"220860";"PRATA DO PIAUI";15,11
"220865";"QUEIMADA NOVA";1,69
"220870";"REDENCAO DO GURGUEIA";40,04
"220880";"REGENERACAO";15,14
"220885";"RIACHO FRIO";3,48
"220887";"RIBEIRA DO PIAUI";10,13
"220890";"RIBEIRO GONCALVES";10,41
"220900";"RIO GRANDE DO PIAUI";66,68
"220910";"SANTA CRUZ DO PIAUI";26,3
"220915";"SANTA CRUZ DOS MILAGRES";3,53
"220920";"SANTA FILOMENA";34,86
"220930";"SANTA LUZ";0,61
"220935";"SANTANA DO PIAUI";4,93
"220937";"SANTA ROSA DO PIAUI";19,89
"220940";"SANTO ANTONIO DE LISBOA";10,19
"220945";"SANTO ANTONIO DOS MILAGRES";5,27
"220950";"SANTO INACIO DO PIAUI";0,09
"220955";"SAO BRAZ DO PIAUI";2,11
"220960";"SAO FELIX DO PIAUI";0,83
"220965";"SAO FRANCISCO DE ASSIS DO PIAUI";3,29
"220970";"SAO FRANCISCO DO PIAUI";2,6
"220975";"SAO GONCALO DO GURGUEIA";1,11
"220980";"SAO GONCALO DO PIAUI";7,09
"220985";"SAO JOAO DA CANABRAVA";30,02
"220987";"SAO JOAO DA FRONTEIRA";13,9
"220990";"SAO JOAO DA SERRA";39,21
"220995";"SAO JOAO DA VARJOTA";21,62
"220997";"SAO JOAO DO ARRAIAL";25,37
"221000";"SAO JOAO DO PIAUI";8,42
"221005";"SAO JOSE DO DIVINO";1,15
"221010";"SAO JOSE DO PEIXE";3,39
"221020";"SAO JOSE DO PIAUI";32,07
"221030";"SAO JULIAO";2,7
"221035";"SAO LOURENCO DO PIAUI";0,31
"221037";"SAO LUIS DO PIAUI";1,75
"221038";"SAO MIGUEL DA BAIXA GRANDE";1,12
"221039";"SAO MIGUEL DO FIDALGO";0,85
"221040";"SAO MIGUEL DO TAPUIO";20,06
"221050";"SAO PEDRO DO PIAUI";10,37
"221060";"SAO RAIMUNDO NONATO";4,34
"221062";"SEBASTIAO BARROS";1,35
"221063";"SEBASTIAO LEAL";6,54
"221065";"SIGEFREDO PACHECO";27,59
"221070";"SIMOES";33,67
"221080";"SIMPLICIO MENDES";24,54
"221090";"SOCORRO DO PIAUI";2,5
"221093";"SUSSUAPARA";21,9
"221095";"TAMBORIL DO PIAUI";54,29
"221097";"TANQUE DO PIAUI";80
"221100";"TERESINA";61,8
"221110";"UNIAO";26,81
"221120";"URUCUI";16,96
"221130";"VALENCA DO PIAUI";5,39
"221135";"VARZEA BRANCA";4,08
"221140";"VARZEA GRANDE";70,43
"221150";"VERA MENDES";37,7
"221160";"VILA NOVA DO PIAUI";21,28
"221170";"WALL FERRAZ";0,35
"230010";"ABAIARA";7,98
"230015";"ACARAPE";40,82
"230020";"ACARAU";17,22
"230030";"ACOPIARA";19,77
"230040";"AIUABA";10,91
"230050";"ALCANTARAS";21,91
"230060";"ALTANEIRA";14,6
"230070";"ALTO SANTO";12,98
"230075";"AMONTADA";10,03
"230080";"ANTONINA DO NORTE";40,51
"230090";"APUIARES";2,7
"230100";"AQUIRAZ";36,77
"230110";"ARACATI";4,54
"230120";"ARACOIABA";18,29
"230125";"ARARENDA";15,86
"230130";"ARARIPE";15,06
"230140";"ARATUBA";19,32
"230150";"ARNEIROZ";24,85
"230160";"ASSARE";21,74
"230170";"AURORA";12,52
"230180";"BAIXIO";1,76
"230185";"BANABUIU";18,56
"230190";"BARBALHA";18,41
"230195";"BARREIRA";13,43
"230200";"BARRO";11,25
"230205";"BARROQUINHA";21,4
"230210";"BATURITE";46,16
"230220";"BEBERIBE";11,55
"230230";"BELA CRUZ";20,8
"230240";"BOA VIAGEM";40,46
"230250";"BREJO SANTO";62,17
"230260";"CAMOCIM";31,44
"230270";"CAMPOS SALES";23,62
"230280";"CANINDE";25,22
"230290";"CAPISTRANO";15,95
"230300";"CARIDADE";10,26
"230310";"CARIRE";6,47
"230320";"CARIRIACU";15,72
"230330";"CARIUS";12,06
"230340";"CARNAUBAL";2,67
"230350";"CASCAVEL";14,52
"230360";"CATARINA";18,72
"230365";"CATUNDA";1,53
"230370";"CAUCAIA";57,15
"230380";"CEDRO";8,93
"230390";"CHAVAL";7,22
"230393";"CHORO";11,27
"230395";"CHOROZINHO";4,84
"230400";"COREAU";17,68
"230410";"CRATEUS";49,37
"230420";"CRATO";44,1
"230423";"CROATA";23,9
"230425";"CRUZ";6,84
"230426";"DEPUTADO IRAPUAN PINHEIRO";2,06
"230427";"ERERE";20,05
"230428";"EUSEBIO";32,35
"230430";"FARIAS BRITO";12,64
"230435";"FORQUILHA";72,3
"230440";"FORTALEZA";74,66
"230445";"FORTIM";2,05
"230450";"FRECHEIRINHA";12,49
"230460";"GENERAL SAMPAIO";4
"230465";"GRACA";6,53
"230470";"GRANJA";12,73
"230480";"GRANJEIRO";26,05
"230490";"GROAIRAS";29,51
"230495";"GUAIUBA";19,21
"230500";"GUARACIABA DO NORTE";8,1
"230510";"GUARAMIRANGA";73,9
"230520";"HIDROLANDIA";6,49
"230523";"HORIZONTE";13,99
"230526";"IBARETAMA";2,99
"230530";"IBIAPINA";18,6
"230533";"IBICUITINGA";15,75
"230535";"ICAPUI";14,98
"230540";"ICO";35,81
"230550";"IGUATU";27,8
"230560";"INDEPENDENCIA";32,37
"230565";"IPAPORANGA";2,01
"230570";"IPAUMIRIM";16,76
"230580";"IPU";7,54
"230590";"IPUEIRAS";21,08
"230600";"IRACEMA";22,49
"230610";"IRAUCUBA";36,83
"230620";"ITAICABA";3,32
"230625";"ITAITINGA";5,8
"230630";"ITAPAGE";26,62
"230640";"ITAPIPOCA";34,72
"230650";"ITAPIUNA";15,19
"230655";"ITAREMA";12,51
"230660";"ITATIRA";5,72
"230670";"JAGUARETAMA";5,77
"230680";"JAGUARIBARA";57,15
"230690";"JAGUARIBE";54,08
"230700";"JAGUARUANA";13,7
"230710";"JARDIM";38,3
"230720";"JATI";18,39
"230725";"JIJOCA DE JERICOACOARA";14,35
"230730";"JUAZEIRO DO NORTE";47,7
"230740";"JUCAS";27,56
"230750";"LAVRAS DA MANGABEIRA";28,43
"230760";"LIMOEIRO DO NORTE";21,78
"230763";"MADALENA";11,77
"230765";"MARACANAU";69,48
"230770";"MARANGUAPE";32,33
"230780";"MARCO";8,39
"230790";"MARTINOPOLE";4,14
"230800";"MASSAPE";38,55
"230810";"MAURITI";19,33
"230820";"MERUOCA";8,58
"230830";"MILAGRES";12,86
"230835";"MILHA";22,16
"230837";"MIRAIMA";20,48
"230840";"MISSAO VELHA";10,61
"230850";"MOMBACA";28,83
"230860";"MONSENHOR TABOSA";6,23
"230870";"MORADA NOVA";9,6
"230880";"MORAUJO";7,31
"230890";"MORRINHOS";23,33
"230900";"MUCAMBO";18,12
"230910";"MULUNGU";30,03
"230920";"NOVA OLINDA";44,16
"230930";"NOVA RUSSAS";20,92
"230940";"NOVO ORIENTE";26,38
"230945";"OCARA";11,57
"230950";"OROS";37,65
"230960";"PACAJUS";7,07
"230970";"PACATUBA";77,56
"230980";"PACOTI";45,55
"230990";"PACUJA";46,71
"231000";"PALHANO";16,08
"231010";"PALMACIA";14,12
"231020";"PARACURU";31,92
"231025";"PARAIPABA";29,24
"231030";"PARAMBU";30,65
"231040";"PARAMOTI";10,46
"231050";"PEDRA BRANCA";36,59
"231060";"PENAFORTE";57,1
"231070";"PENTECOSTE";28,05
"231080";"PEREIRO";13,09
"231085";"PINDORETAMA";1,23
"231090";"PIQUET CARNEIRO";5,23
"231095";"PIRES FERREIRA";5,67
"231100";"PORANGA";11,74
"231110";"PORTEIRAS";30,35
"231120";"POTENGI";7,99
"231123";"POTIRETAMA";0,82
"231126";"QUITERIANOPOLIS";15,34
"231130";"QUIXADA";54,11
"231135";"QUIXELO";23,43
"231140";"QUIXERAMOBIM";43,94
"231150";"QUIXERE";2,84
"231160";"REDENCAO";17,02
"231170";"RERIUTABA";5,84
"231180";"RUSSAS";28,88
"231190";"SABOEIRO";9,1
"231195";"SALITRE";11,73
"231200";"SANTANA DO ACARAU";36,22
"231210";"SANTANA DO CARIRI";21,95
"231220";"SANTA QUITERIA";23,66
"231230";"SAO BENEDITO";28,1
"231240";"SAO GONCALO DO AMARANTE";26,06
"231250";"SAO JOAO DO JAGUARIBE";24,17
"231260";"SAO LUIS DO CURU";4,05
"231270";"SENADOR POMPEU";36,83
"231280";"SENADOR SA";7,84
"231290";"SOBRAL";75,69
"231300";"SOLONOPOLE";12,98
"231310";"TABULEIRO DO NORTE";24,61
"231320";"TAMBORIL";11,91
"231325";"TARRAFAS";2,41
"231330";"TAUA";33,5
"231335";"TEJUCUOCA";2,73
"231340";"TIANGUA";40,36
"231350";"TRAIRI";6,34
"231355";"TURURU";1,65
"231360";"UBAJARA";8,25
"231370";"UMARI";14,52
"231375";"UMIRIM";7,21
"231380";"URUBURETAMA";19,16
"231390";"URUOCA";24,9
"231395";"VARJOTA";25,26
"231400";"VARZEA ALEGRE";18,43
"231410";"VICOSA DO CEARA";9,58
"240010";"ACARI";82,24
"240020";"ACU";13,63
"240030";"AFONSO BEZERRA";51,82
"240040";"AGUA NOVA";7,07
"240050";"ALEXANDRIA";57,25
"240060";"ALMINO AFONSO";12,61
"240070";"ALTO DO RODRIGUES";8,2
"240080";"ANGICOS";38,29
"240090";"ANTONIO MARTINS";24,82
"240100";"APODI";10,29
"240110";"AREIA BRANCA";29,05
"240120";"ARES";20,16
"240130";"AUGUSTO SEVERO";17,49
"240140";"BAIA FORMOSA";10,36
"240145";"BARAUNA";9,68
"240150";"BARCELONA";25,33
"240160";"BENTO FERNANDES";13,78
"240165";"BODO";40,57
"240170";"BOM JESUS";10,51
"240180";"BREJINHO";31,56
"240185";"CAICARA DO NORTE";40,41
"240190";"CAICARA DO RIO DO VENTO";58,52
"240200";"CAICO";76,84
"240210";"CAMPO REDONDO";45,58
"240220";"CANGUARETAMA";5,29
"240230";"CARAUBAS";12,79
"240240";"CARNAUBA DOS DANTAS";16,75
"240250";"CARNAUBAIS";45,28
"240260";"CEARA-MIRIM";55,11
"240270";"CERRO CORA";4,75
"240280";"CORONEL EZEQUIEL";20,22
"240290";"CORONEL JOAO PESSOA";0,32
"240300";"CRUZETA";66,19
"240310";"CURRAIS NOVOS";83,43
"240320";"DOUTOR SEVERIANO";25,41
"240325";"PARNAMIRIM";57,58
"240330";"ENCANTO";16,07
"240340";"EQUADOR";50,43
"240350";"ESPIRITO SANTO";19,89
"240360";"EXTREMOZ";37,81
"240370";"FELIPE GUERRA";4,91
"240375";"FERNANDO PEDROZA";7,05
"240380";"FLORANIA";73,5
"240390";"FRANCISCO DANTAS";1,08
"240400";"FRUTUOSO GOMES";1,62
"240410";"GALINHOS";0,9
"240420";"GOIANINHA";43,25
"240430";"GOVERNADOR DIX-SEPT ROSADO";31,58
"240440";"GROSSOS";17,68
"240450";"GUAMARE";37,31
"240460";"IELMO MARINHO";18,96
"240470";"IPANGUACU";18,44
"240480";"IPUEIRA";1,88
"240485";"ITAJA";15,58
"240490";"ITAU";3,29
"240500";"JACANA";0,73
"240510";"JANDAIRA";14,87
"240520";"JANDUIS";41,76
"240530";"JANUARIO CICCO";12,02
"240540";"JAPI";52,98
"240550";"JARDIM DE ANGICOS";9,04
"240560";"JARDIM DE PIRANHAS";21,13
"240570";"JARDIM DO SERIDO";73,74
"240580";"JOAO CAMARA";17,54
"240590";"JOAO DIAS";37,63
"240600";"JOSE DA PENHA";21,69
"240610";"JUCURUTU";31,86
"240615";"JUNDIA";6,75
"240620";"LAGOA D'ANTA";6,65
"240630";"LAGOA DE PEDRAS";8,48
"240640";"LAGOA DE VELHOS";18,69
"240650";"LAGOA NOVA";46,39
"240660";"LAGOA SALGADA";2,25
"240670";"LAJES";61,07
"240680";"LAJES PINTADAS";34,55
"240690";"LUCRECIA";72,95
"240700";"LUIS GOMES";3,88
"240710";"MACAIBA";19,55
"240720";"MACAU";70,66
"240725";"MAJOR SALES";20,83
"240730";"MARCELINO VIEIRA";31,01
"240740";"MARTINS";0,29
"240750";"MAXARANGUAPE";5,51
"240760";"MESSIAS TARGINO";17,52
"240770";"MONTANHAS";5,33
"240780";"MONTE ALEGRE";23,59
"240790";"MONTE DAS GAMELEIRAS";25,23
"240800";"MOSSORO";64,9
"240810";"NATAL";62,77
"240820";"NISIA FLORESTA";21,49
"240830";"NOVA CRUZ";14,13
"240840";"OLHO-D'AGUA DO BORGES";2,41
"240850";"OURO BRANCO";16,85
"240860";"PARANA";1,15
"240870";"PARAU";18,63
"240880";"PARAZINHO";44,85
"240890";"PARELHAS";70,95
"240895";"RIO DO FOGO";0,9
"240910";"PASSA E FICA";59,58
"240920";"PASSAGEM";6,16
"240930";"PATU";21,85
"240933";"SANTA MARIA";0,91
"240940";"PAU DOS FERROS";57,56
"240950";"PEDRA GRANDE";3,1
"240960";"PEDRA PRETA";4,08
"240970";"PEDRO AVELINO";49,43
"240980";"PEDRO VELHO";36,4
"240990";"PENDENCIAS";61,74
"241000";"PILOES";21,98
"241010";"POCO BRANCO";9,46
"241020";"PORTALEGRE";1,12
"241025";"PORTO DO MANGUE";0,28
"241030";"SERRA CAIADA";27,51
"241040";"PUREZA";1,44
"241050";"RAFAEL FERNANDES";20,83
"241060";"RAFAEL GODEIRO";3,56
"241070";"RIACHO DA CRUZ";59,5
"241080";"RIACHO DE SANTANA";15,27
"241090";"RIACHUELO";60,89
"241100";"RODOLFO FERNANDES";21,69
"241105";"TIBAU";31,65
"241110";"RUY BARBOSA";0,72
"241120";"SANTA CRUZ";81,47
"241140";"SANTANA DO MATOS";58,54
"241142";"SANTANA DO SERIDO";65,56
"241150";"SANTO ANTONIO";21,08
"241160";"SAO BENTO DO NORTE";66
"241170";"SAO BENTO DO TRAIRI";70,5
"241180";"SAO FERNANDO";37,39
"241190";"SAO FRANCISCO DO OESTE";0,51
"241200";"SAO GONCALO DO AMARANTE";65,63
"241210";"SAO JOAO DO SABUGI";4,29
"241220";"SAO JOSE DE MIPIBU";19,28
"241230";"SAO JOSE DO CAMPESTRE";43,7
"241240";"SAO JOSE DO SERIDO";66,64
"241250";"SAO MIGUEL";3,82
"241255";"SAO MIGUEL DO GOSTOSO";2,96
"241260";"SAO PAULO DO POTENGI";59,66
"241270";"SAO PEDRO";2,85
"241280";"SAO RAFAEL";60,83
"241290";"SAO TOME";27,34
"241300";"SAO VICENTE";61,02
"241310";"SENADOR ELOI DE SOUZA";17,87
"241320";"SENADOR GEORGINO AVELINO";1,83
"241330";"SERRA DE SAO BENTO";11,42
"241335";"SERRA DO MEL";1,43
"241340";"SERRA NEGRA DO NORTE";74,33
"241350";"SERRINHA";3,54
"241355";"SERRINHA DOS PINTOS";0,66
"241360";"SEVERIANO MELO";9,97
"241370";"SITIO NOVO";13,24
"241380";"TABOLEIRO GRANDE";1,16
"241390";"TAIPU";5,81
"241400";"TANGARA";77,32
"241410";"TENENTE ANANIAS";28,76
"241415";"TENENTE LAURENTINO CRUZ";6,23
"241420";"TIBAU DO SUL";23,66
"241430";"TIMBAUBA DOS BATISTAS";97,33
"241440";"TOUROS";19,63
"241445";"TRIUNFO POTIGUAR";1,31
"241450";"UMARIZAL";5
"241460";"UPANEMA";1,45
"241470";"VARZEA";13,51
"241475";"VENHA-VER";3,76
"241480";"VERA CRUZ";3,54
"241490";"VICOSA";73,8
"241500";"VILA FLOR";1,74
"250010";"AGUA BRANCA";26,5
"250020";"AGUIAR";20,19
"250030";"ALAGOA GRANDE";51,69
"250040";"ALAGOA NOVA";39,59
"250050";"ALAGOINHA";8,6
"250053";"ALCANTIL";4,54
"250057";"ALGODAO DE JANDAIRA";44,73
"250060";"ALHANDRA";9,61
"250070";"SAO JOAO DO RIO DO PEIXE";33,07
"250073";"AMPARO";10,38
"250077";"APARECIDA";4,9
"250080";"ARACAGI";12,69
"250090";"ARARA";52,01
"250100";"ARARUNA";43,85
"250110";"AREIA";43,1
"250115";"AREIA DE BARAUNAS";43,44
"250120";"AREIAL";59,45
"250130";"AROEIRAS";24,92
"250135";"ASSUNCAO";48,75
"250140";"BAIA DA TRAICAO";12,26
"250150";"BANANEIRAS";26,9
"250153";"BARAUNA";41,07
"250157";"BARRA DE SANTANA";5,17
"250160";"BARRA DE SANTA ROSA";54,71
"250170";"BARRA DE SAO MIGUEL";12,19
"250180";"BAYEUX";46,13
"250190";"BELEM";82,71
"250200";"BELEM DO BREJO DO CRUZ";56,51
"250205";"BERNARDINO BATISTA";1,01
"250210";"BOA VENTURA";10,73
"250215";"BOA VISTA";14,62
"250220";"BOM JESUS";0,86
"250230";"BOM SUCESSO";20,75
"250240";"BONITO DE SANTA FE";46,37
"250250";"BOQUEIRAO";52,44
"250260";"IGARACY";33,24
"250270";"BORBOREMA";63,95
"250280";"BREJO DO CRUZ";66,11
"250290";"BREJO DOS SANTOS";9,2
"250300";"CAAPORA";16,04
"250310";"CABACEIRAS";28,25
"250320";"CABEDELO";52,1
"250330";"CACHOEIRA DOS INDIOS";25,49
"250340";"CACIMBA DE AREIA";41,9
"250350";"CACIMBA DE DENTRO";13,43
"250355";"CACIMBAS";32,14
"250360";"CAICARA";52,9
"250370";"CAJAZEIRAS";56,44
"250375";"CAJAZEIRINHAS";30,58
"250380";"CALDAS BRANDAO";5,82
"250390";"CAMALAU";18,47
"250400";"CAMPINA GRANDE";84,82
"250403";"CAPIM";5,75
"250407";"CARAUBAS";38,87
"250410";"CARRAPATEIRA";17,12
"250415";"CASSERENGUE";31,74
"250420";"CATINGUEIRA";17,37
"250430";"CATOLE DO ROCHA";38,21
"250435";"CATURITE";20,92
"250440";"CONCEICAO";23,9
"250450";"CONDADO";37,81
"250460";"CONDE";17,21
"250470";"CONGO";46,68
"250480";"COREMAS";53,64
"250485";"COXIXOLA";32,99
"250490";"CRUZ DO ESPIRITO SANTO";22,3
"250500";"CUBATI";22,05
"250510";"CUITE";15,56
"250520";"CUITEGI";4,74
"250523";"CUITE DE MAMANGUAPE";2,2
"250527";"CURRAL DE CIMA";3,35
"250530";"CURRAL VELHO";32,72
"250535";"DAMIAO";1,53
"250540";"DESTERRO";37,93
"250550";"VISTA SERRANA";37,01
"250560";"DIAMANTE";24,38
"250570";"DONA INES";19,48
"250580";"DUAS ESTRADAS";26,17
"250590";"EMAS";57,76
"250600";"ESPERANCA";64,78
"250610";"FAGUNDES";11,24
"250620";"FREI MARTINHO";63,23
"250625";"GADO BRAVO";1,84
"250630";"GUARABIRA";69,61
"250640";"GURINHEM";7,33
"250650";"GURJAO";43,1
"250660";"IBIARA";5,79
"250670";"IMACULADA";25,64
"250680";"INGA";5,2
"250690";"ITABAIANA";35,72
"250700";"ITAPORANGA";67,86
"250710";"ITAPOROROCA";10,81
"250720";"ITATUBA";19,43
"250730";"JACARAU";8,68
"250740";"JERICO";42,24
"250750";"JOAO PESSOA";71,76
"250760";"JUAREZ TAVORA";10,74
"250770";"JUAZEIRINHO";60,3
"250780";"JUNCO DO SERIDO";64,96
"250790";"JURIPIRANGA";7,23
"250800";"JURU";24,79
"250810";"LAGOA";17,94
"250820";"LAGOA DE DENTRO";20,74
"250830";"LAGOA SECA";52,66
"250840";"LASTRO";12,41
"250850";"LIVRAMENTO";36,81
"250855";"LOGRADOURO";36,78
"250860";"LUCENA";29,08
"250870";"MAE D'AGUA";42,31
"250880";"MALTA";76,89
"250890";"MAMANGUAPE";8,59
"250900";"MANAIRA";14,31
"250905";"MARCACAO";22,36
"250910";"MARI";1,77
"250915";"MARIZOPOLIS";16,77
"250920";"MASSARANDUBA";30,86
"250930";"MATARACA";3,99
"250933";"MATINHAS";12,41
"250937";"MATO GROSSO";55,49
"250939";"MATUREIA";21,69
"250940";"MOGEIRO";6,22
"250950";"MONTADAS";37,71
"250960";"MONTE HOREBE";53,26
"250970";"MONTEIRO";57,71
"250980";"MULUNGU";6,45
"250990";"NATUBA";16,92
"251000";"NAZAREZINHO";19,05
"251010";"NOVA FLORESTA";2,22
"251020";"NOVA OLINDA";26,67
"251030";"NOVA PALMEIRA";62,52
"251040";"OLHO D'AGUA";43,22
"251050";"OLIVEDOS";43,06
"251060";"OURO VELHO";2,44
"251065";"PARARI";55,97
"251070";"PASSAGEM";57,3
"251080";"PATOS";86,3
"251090";"PAULISTA";35,94
"251100";"PEDRA BRANCA";68,55
"251110";"PEDRA LAVRADA";41,18
"251120";"PEDRAS DE FOGO";27,02
"251130";"PIANCO";48,98
"251140";"PICUI";62,37
"251150";"PILAR";16,31
"251160";"PILOES";11,01
"251170";"PILOEZINHOS";40,14
"251180";"PIRPIRITUBA";49,8
"251190";"PITIMBU";16,87
"251200";"POCINHOS";39,62
"251203";"POCO DANTAS";13,82
"251207";"POCO DE JOSE DE MOURA";36,31
"251210";"POMBAL";62
"251220";"PRATA";1,3
"251230";"PRINCESA ISABEL";58,89
"251240";"PUXINANA";76,05
"251250";"QUEIMADAS";47,74
"251260";"QUIXABA";37,67
"251270";"REMIGIO";54,97
"251272";"PEDRO REGIS";1,45
"251274";"RIACHAO";26,13
"251275";"RIACHAO DO BACAMARTE";19,54
"251276";"RIACHAO DO POCO";18,8
"251278";"RIACHO DE SANTO ANTONIO";38,05
"251280";"RIACHO DOS CAVALOS";50,7
"251290";"RIO TINTO";27,46
"251300";"SALGADINHO";16,51
"251310";"SALGADO DE SAO FELIX";3,23
"251315";"SANTA CECILIA";5,42
"251320";"SANTA CRUZ";27,56
"251330";"SANTA HELENA";25
"251335";"SANTA INES";4,88
"251340";"SANTA LUZIA";86,13
"251350";"SANTANA DE MANGUEIRA";5,32
"251360";"SANTANA DOS GARROTES";13,63
"251365";"JOCA CLAUDINO";0,67
"251370";"SANTA RITA";21,72
"251380";"SANTA TERESINHA";91,61
"251385";"SANTO ANDRE";9,45
"251390";"SAO BENTO";58,62
"251392";"SAO BENTINHO";38,28
"251394";"SAO DOMINGOS DO CARIRI";34,73
"251396";"SAO DOMINGOS";26,55
"251398";"SAO FRANCISCO";13,55
"251400";"SAO JOAO DO CARIRI";57,75
"251410";"SAO JOAO DO TIGRE";27,68
"251420";"SAO JOSE DA LAGOA TAPADA";19,99
"251430";"SAO JOSE DE CAIANA";0,69
"251440";"SAO JOSE DE ESPINHARAS";33,21
"251445";"SAO JOSE DOS RAMOS";5,17
"251450";"SAO JOSE DE PIRANHAS";50,49
"251455";"SAO JOSE DE PRINCESA";0,91
"251460";"SAO JOSE DO BONFIM";74,58
"251465";"SAO JOSE DO BREJO DO CRUZ";13,51
"251470";"SAO JOSE DO SABUGI";83,33
"251480";"SAO JOSE DOS CORDEIROS";52,34
"251490";"SAO MAMEDE";74,38
"251500";"SAO MIGUEL DE TAIPU";33,67
"251510";"SAO SEBASTIAO DE LAGOA DE ROCA";31,74
"251520";"SAO SEBASTIAO DO UMBUZEIRO";33,72
"251530";"SAPE";28,3
"251540";"SAO VICENTE DO SERIDO";2,59
"251550";"SERRA BRANCA";24,65
"251560";"SERRA DA RAIZ";9,71
"251570";"SERRA GRANDE";34,15
"251580";"SERRA REDONDA";31,47
"251590";"SERRARIA";27,81
"251593";"SERTAOZINHO";55,8
"251597";"SOBRADO";1,28
"251600";"SOLANEA";21,05
"251610";"SOLEDADE";56,82
"251615";"SOSSEGO";27,64
"251620";"SOUSA";67,35
"251630";"SUME";24,43
"251640";"TACIMA";12,22
"251650";"TAPEROA";59,08
"251660";"TAVARES";27,03
"251670";"TEIXEIRA";33,3
"251675";"TENORIO";2,49
"251680";"TRIUNFO";23,89
"251690";"UIRAUNA";57,38
"251700";"UMBUZEIRO";31,56
"251710";"VARZEA";68,47
"251720";"VIEIROPOLIS";1,76
"251740";"ZABELE";53,35
"260005";"ABREU E LIMA";44,55
"260010";"AFOGADOS DA INGAZEIRA";72,94
"260020";"AFRANIO";25,54
"260030";"AGRESTINA";68,31
"260040";"AGUA PRETA";43,26
"260050";"AGUAS BELAS";31,36
"260060";"ALAGOINHA";49,55
"260070";"ALIANCA";56,05
"260080";"ALTINHO";54,78
"260090";"AMARAJI";51,87
"260100";"ANGELIM";55,5
"260105";"ARACOIABA";9,57
"260110";"ARARIPINA";48
"260120";"ARCOVERDE";87,69
"260130";"BARRA DE GUABIRABA";74,38
"260140";"BARREIROS";45,43
"260150";"BELEM DE MARIA";44,07
"260160";"BELEM DE SAO FRANCISCO";43,6
"260170";"BELO JARDIM";72,25
"260180";"BETANIA";34,5
"260190";"BEZERROS";74,14
"260200";"BODOCO";26,56
"260210";"BOM CONSELHO";56,86
"260220";"BOM JARDIM";22,74
"260230";"BONITO";67,91
"260240";"BREJAO";31,18
"260250";"BREJINHO";47,92
"260260";"BREJO DA MADRE DE DEUS";57,11
"260270";"BUENOS AIRES";15,3
"260280";"BUIQUE";32,81
"260290";"CABO DE SANTO AGOSTINHO";50,88
"260300";"CABROBO";65,07
"260310";"CACHOEIRINHA";73,58
"260320";"CAETES";26,71
"260330";"CALCADO";43,67
"260340";"CALUMBI";46,94
"260345";"CAMARAGIBE";41,12
"260350";"CAMOCIM DE SAO FELIX";76,02
"260360";"CAMUTANGA";28,36
"260370";"CANHOTINHO";56,37
"260380";"CAPOEIRAS";34,46
"260390";"CARNAIBA";43,44
"260392";"CARNAUBEIRA DA PENHA";15,91
"260400";"CARPINA";15,43
"260410";"CARUARU";81,97
"260415";"CASINHAS";12,17
"260420";"CATENDE";64,27
"260430";"CEDRO";57,37
"260440";"CHA DE ALEGRIA";19,55
"260450";"CHA GRANDE";46,08
"260460";"CONDADO";3,89
"260470";"CORRENTES";48,46
"260480";"CORTES";55,6
"260490";"CUMARU";21,39
"260500";"CUPIRA";81,27
"260510";"CUSTODIA";53,31
"260515";"DORMENTES";73,02
"260520";"ESCADA";38,47
"260530";"EXU";17,62
"260540";"FEIRA NOVA";21,8
"260545";"FERNANDO DE NORONHA";81,36
"260550";"FERREIROS";50,19
"260560";"FLORES";33,48
"260570";"FLORESTA";42,14
"260580";"FREI MIGUELINHO";13,67
"260590";"GAMELEIRA";54,56
"260600";"GARANHUNS";53,8
"260610";"GLORIA DO GOITA";35,65
"260620";"GOIANA";34,47
"260630";"GRANITO";30,42
"260640";"GRAVATA";66,15
"260650";"IATI";37,76
"260660";"IBIMIRIM";35,12
"260670";"IBIRAJUBA";48,7
"260680";"IGARASSU";20,48
"260690";"IGUARACY";37,48
"260700";"INAJA";27,09
"260710";"INGAZEIRA";43,65
"260720";"IPOJUCA";51,32
"260730";"IPUBI";21,82
"260740";"ITACURUBA";82,93
"260750";"ITAIBA";33,22
"260760";"ILHA DE ITAMARACA";20,31
"260765";"ITAMBE";18,78
"260770";"ITAPETIM";54,06
"260775";"ITAPISSUMA";25,37
"260780";"ITAQUITINGA";9,63
"260790";"JABOATAO DOS GUARARAPES";46,75
"260795";"JAQUEIRA";34,23
"260800";"JATAUBA";56,47
"260805";"JATOBA";70,27
"260810";"JOAO ALFREDO";17,67
"260820";"JOAQUIM NABUCO";51,55
"260825";"JUCATI";49,35
"260830";"JUPI";52,58
"260840";"JUREMA";65,21
"260845";"LAGOA DO CARRO";10,23
"260850";"LAGOA DE ITAENGA";15,17
"260860";"LAGOA DO OURO";53,44
"260870";"LAGOA DOS GATOS";47,52
"260875";"LAGOA GRANDE";40,54
"260880";"LAJEDO";65,24
"260890";"LIMOEIRO";46,19
"260900";"MACAPARANA";62,08
"260910";"MACHADOS";23,57
"260915";"MANARI";5,71
"260920";"MARAIAL";22,07
"260930";"MIRANDIBA";56,08
"260940";"MORENO";52,66
"260950";"NAZARE DA MATA";78,04
"260960";"OLINDA";57,95
"260970";"OROBO";21,9
"260980";"OROCO";38,87
"260990";"OURICURI";61,06
"261000";"PALMARES";57,42
"261010";"PALMEIRINA";54,03
"261020";"PANELAS";57,83
"261030";"PARANATAMA";4,74
"261040";"PARNAMIRIM";36,26
"261050";"PASSIRA";17,68
"261060";"PAUDALHO";32,08
"261070";"PAULISTA";61,51
"261080";"PEDRA";43,61
"261090";"PESQUEIRA";63,49
"261100";"PETROLANDIA";70,43
"261110";"PETROLINA";73,92
"261120";"POCAO";46,77
"261130";"POMBOS";67,06
"261140";"PRIMAVERA";45,57
"261150";"QUIPAPA";50,59
"261153";"QUIXABA";28,99
"261160";"RECIFE";70,58
"261170";"RIACHO DAS ALMAS";50,67
"261180";"RIBEIRAO";66,81
"261190";"RIO FORMOSO";34,7
"261200";"SAIRE";29,85
"261210";"SALGADINHO";13,08
"261220";"SALGUEIRO";64,16
"261230";"SALOA";38,02
"261240";"SANHARO";52,2
"261245";"SANTA CRUZ";27,64
"261247";"SANTA CRUZ DA BAIXA VERDE";45,67
"261250";"SANTA CRUZ DO CAPIBARIBE";87,6
"261255";"SANTA FILOMENA";9,15
"261260";"SANTA MARIA DA BOA VISTA";41,32
"261270";"SANTA MARIA DO CAMBUCA";24,57
"261280";"SANTA TEREZINHA";52,46
"261290";"SAO BENEDITO DO SUL";24,36
"261300";"SAO BENTO DO UNA";48,05
"261310";"SAO CAITANO";51,33
"261320";"SAO JOAO";26,93
"261330";"SAO JOAQUIM DO MONTE";67,13
"261340";"SAO JOSE DA COROA GRANDE";5,19
"261350";"SAO JOSE DO BELMONTE";35,96
"261360";"SAO JOSE DO EGITO";64,55
"261370";"SAO LOURENCO DA MATA";38,89
"261380";"SAO VICENTE FERRER";56,55
"261390";"SERRA TALHADA";71,84
"261400";"SERRITA";35,79
"261410";"SERTANIA";59,15
"261420";"SIRINHAEM";34,33
"261430";"MOREILANDIA";12,48
"261440";"SOLIDAO";36,89
"261450";"SURUBIM";58,83
"261460";"TABIRA";72,11
"261470";"TACAIMBO";54,46
"261480";"TACARATU";22,15
"261485";"TAMANDARE";19,35
"261500";"TAQUARITINGA DO NORTE";44,16
"261510";"TEREZINHA";57,16
"261520";"TERRA NOVA";47,67
"261530";"TIMBAUBA";67,59
"261540";"TORITAMA";79,92
"261550";"TRACUNHAEM";24,07
"261560";"TRINDADE";44,18
"261570";"TRIUNFO";21,77
"261580";"TUPANATINGA";32,73
"261590";"TUPARETAMA";60,65
"261600";"VENTUROSA";56,54
"261610";"VERDEJANTE";41,3
"261618";"VERTENTE DO LERIO";15,71
"261620";"VERTENTES";39,81
"261630";"VICENCIA";58,8
"261640";"VITORIA DE SANTO ANTAO";64,43
"261650";"XEXEU";56,08
"270010";"AGUA BRANCA";29,88
"270020";"ANADIA";19,07
"270030";"ARAPIRACA";19,21
"270040";"ATALAIA";24,29
"270050";"BARRA DE SANTO ANTONIO";23,61
"270060";"BARRA DE SAO MIGUEL";53,92
"270070";"BATALHA";21,48
"270080";"BELEM";18,27
"270090";"BELO MONTE";35,71
"270100";"BOCA DA MATA";66,35
"270110";"BRANQUINHA";36,64
"270120";"CACIMBINHAS";0,27
"270130";"CAJUEIRO";9,81
"270135";"CAMPESTRE";57,2
"270140";"CAMPO ALEGRE";23,32
"270150";"CAMPO GRANDE";7,61
"270160";"CANAPI";6,11
"270170";"CAPELA";56,43
"270180";"CARNEIROS";0,24
"270190";"CHA PRETA";6,11
"270200";"COITE DO NOIA";1,75
"270210";"COLONIA LEOPOLDINA";68,18
"270220";"COQUEIRO SECO";15,02
"270230";"CORURIPE";16,68
"270235";"CRAIBAS";7,46
"270240";"DELMIRO GOUVEIA";73,93
"270250";"DOIS RIACHOS";0,82
"270255";"ESTRELA DE ALAGOAS";6,35
"270260";"FEIRA GRANDE";7,74
"270270";"FELIZ DESERTO";1,5
"270280";"FLEXEIRAS";57,05
"270290";"GIRAU DO PONCIANO";2,43
"270300";"IBATEGUARA";58,86
"270310";"IGACI";6,06
"270320";"IGREJA NOVA";6,95
"270330";"INHAPI";13,79
"270340";"JACARE DOS HOMENS";6,43
"270350";"JACUIPE";26,77
"270360";"JAPARATINGA";12,04
"270370";"JARAMATAIA";1,29
"270375";"JEQUIA DA PRAIA";2,05
"270380";"JOAQUIM GOMES";15,69
"270390";"JUNDIA";4,18
"270400";"JUNQUEIRO";1,15
"270410";"LAGOA DA CANOA";5,3
"270420";"LIMOEIRO DE ANADIA";11,6
"270430";"MACEIO";48,42
"270440";"MAJOR ISIDORO";23,97
"270450";"MARAGOGI";38,24
"270460";"MARAVILHA";13,61
"270470";"MARECHAL DEODORO";28,39
"270480";"MARIBONDO";69,28
"270490";"MAR VERMELHO";15,99
"270500";"MATA GRANDE";21,79
"270510";"MATRIZ DE CAMARAGIBE";9,81
"270520";"MESSIAS";31,81
"270530";"MINADOR DO NEGRAO";0,75
"270540";"MONTEIROPOLIS";0,89
"270550";"MURICI";66,93
"270560";"NOVO LINO";35,21
"270570";"OLHO D'AGUA DAS FLORES";2,29
"270580";"OLHO D'AGUA DO CASADO";12,86
"270590";"OLHO D'AGUA GRANDE";0,69
"270600";"OLIVENCA";0,76
"270610";"OURO BRANCO";3,02
"270620";"PALESTINA";5,58
"270630";"PALMEIRA DOS INDIOS";13,75
"270640";"PAO DE ACUCAR";19,12
"270642";"PARICONHA";3,96
"270644";"PARIPUEIRA";12,89
"270650";"PASSO DE CAMARAGIBE";3,09
"270660";"PAULO JACINTO";11,27
"270670";"PENEDO";31,11
"270680";"PIACABUCU";42,11
"270690";"PILAR";26,84
"270700";"PINDOBA";0,27
"270710";"PIRANHAS";51,79
"270720";"POCO DAS TRINCHEIRAS";2,82
"270730";"PORTO CALVO";16,07
"270740";"PORTO DE PEDRAS";4,63
"270750";"PORTO REAL DO COLEGIO";38,65
"270760";"QUEBRANGULO";12,48
"270770";"RIO LARGO";34,33
"270780";"ROTEIRO";6,9
"270790";"SANTA LUZIA DO NORTE";3,2
"270800";"SANTANA DO IPANEMA";6,3
"270810";"SANTANA DO MUNDAU";7,12
"270820";"SAO BRAS";15,14
"270830";"SAO JOSE DA LAJE";68,98
"270840";"SAO JOSE DA TAPERA";4,61
"270850";"SAO LUIS DO QUITUNDE";13,61
"270860";"SAO MIGUEL DOS CAMPOS";63,64
"270870";"SAO MIGUEL DOS MILAGRES";7,73
"270880";"SAO SEBASTIAO";1,95
"270890";"SATUBA";72,2
"270895";"SENADOR RUI PALMEIRA";6,51
"270900";"TANQUE D'ARCA";2,79
"270910";"TAQUARANA";9,41
"270915";"TEOTONIO VILELA";47,49
"270920";"TRAIPU";10,29
"270930";"UNIAO DOS PALMARES";65,3
"270940";"VICOSA";31,9
"280010";"AMPARO DE SAO FRANCISCO";18,62
"280020";"AQUIDABA";37,11
"280030";"ARACAJU";87,82
"280040";"ARAUA";12,8
"280050";"AREIA BRANCA";9,01
"280060";"BARRA DOS COQUEIROS";63,6
"280067";"BOQUIM";0,94
"280070";"BREJO GRANDE";1,28
"280100";"CAMPO DO BRITO";15,52
"280110";"CANHOBA";4,12
"280120";"CANINDE DE SAO FRANCISCO";45,87
"280130";"CAPELA";14,21
"280140";"CARIRA";16,57
"280150";"CARMOPOLIS";82,87
"280160";"CEDRO DE SAO JOAO";40,86
"280170";"CRISTINAPOLIS";2,01
"280190";"CUMBE";11,47
"280200";"DIVINA PASTORA";12,37
"280210";"ESTANCIA";18,12
"280220";"FEIRA NOVA";22,99
"280230";"FREI PAULO";9,16
"280240";"GARARU";28,96
"280250";"GENERAL MAYNARD";38,09
"280260";"GRACHO CARDOSO";23,55
"280270";"ILHA DAS FLORES";12,13
"280280";"INDIAROBA";2,62
"280290";"ITABAIANA";59,48
"280300";"ITABAIANINHA";42,76
"280310";"ITABI";25,99
"280320";"ITAPORANGA D'AJUDA";23,14
"280330";"JAPARATUBA";8,23
"280340";"JAPOATA";2,51
"280350";"LAGARTO";28,64
"280360";"LARANJEIRAS";34,93
"280370";"MACAMBIRA";40,04
"280380";"MALHADA DOS BOIS";10,77
"280390";"MALHADOR";4,16
"280400";"MARUIM";58,29
"280410";"MOITA BONITA";27,51
"280420";"MONTE ALEGRE DE SERGIPE";46,33
"280430";"MURIBECA";15,01
"280440";"NEOPOLIS";22,85
"280445";"NOSSA SENHORA APARECIDA";41,43
"280450";"NOSSA SENHORA DA GLORIA";34,94
"280460";"NOSSA SENHORA DAS DORES";8,25
"280470";"NOSSA SENHORA DE LOURDES";14,53
"280480";"NOSSA SENHORA DO SOCORRO";61,55
"280490";"PACATUBA";8,92
"280500";"PEDRA MOLE";48,39
"280510";"PEDRINHAS";14,83
"280520";"PINHAO";39,34
"280530";"PIRAMBU";14,97
"280540";"POCO REDONDO";42,62
"280550";"POCO VERDE";45,24
"280560";"PORTO DA FOLHA";37,88
"280570";"PROPRIA";74,31
"280580";"RIACHAO DO DANTAS";4,11
"280590";"RIACHUELO";58,6
"280600";"RIBEIROPOLIS";56,76
"280610";"ROSARIO DO CATETE";40,82
"280620";"SALGADO";2,03
"280630";"SANTA LUZIA DO ITANHY";13,66
"280640";"SANTANA DO SAO FRANCISCO";55,08
"280650";"SANTA ROSA DE LIMA";13,99
"280660";"SANTO AMARO DAS BROTAS";8,05
"280670";"SAO CRISTOVAO";38,63
"280680";"SAO DOMINGOS";1,35
"280690";"SAO FRANCISCO";6,78
"280700";"SAO MIGUEL DO ALEIXO";38,95
"280710";"SIMAO DIAS";49,04
"280720";"SIRIRI";28,07
"280730";"TELHA";68,34
"280740";"TOBIAS BARRETO";65,28
"280750";"TOMAR DO GERU";4,81
"280760";"UMBAUBA";1,16
"290010";"ABAIRA";13,01
"290020";"ABARE";46,25
"290030";"ACAJUTIBA";8,55
"290035";"ADUSTINA";25,01
"290040";"AGUA FRIA";2,59
"290050";"ERICO CARDOSO";0,64
"290060";"AIQUARA";62,84
"290070";"ALAGOINHAS";55,78
"290080";"ALCOBACA";31,82
"290090";"ALMADINA";71,49
"290100";"AMARGOSA";22,16
"290110";"AMELIA RODRIGUES";10,33
"290115";"AMERICA DOURADA";2,77
"290120";"ANAGE";20
"290130";"ANDARAI";13,95
"290135";"ANDORINHA";35,95
"290140";"ANGICAL";19,28
"290150";"ANGUERA";26,3
"290160";"ANTAS";52,2
"290170";"ANTONIO CARDOSO";12,84
"290180";"ANTONIO GONCALVES";12,84
"290190";"APORA";1,1
"290195";"APUAREMA";43,55
"290200";"ARACATU";1,26
"290205";"ARACAS";2,79
"290210";"ARACI";34,69
"290220";"ARAMARI";8,48
"290225";"ARATACA";18
"290230";"ARATUIPE";21,81
"290240";"AURELINO LEAL";50,78
"290250";"BAIANOPOLIS";10,7
"290260";"BAIXA GRANDE";36,69
"290265";"BANZAE";18,82
"290270";"BARRA";17,56
"290280";"BARRA DA ESTIVA";50,51
"290290";"BARRA DO CHOCA";29,11
"290300";"BARRA DO MENDES";2,43
"290310";"BARRA DO ROCHA";54,68
"290320";"BARREIRAS";35,15
"290323";"BARRO ALTO";7,16
"290327";"BARROCAS";27,65
"290330";"BARRO PRETO";71,99
"290340";"BELMONTE";57,38
"290350";"BELO CAMPO";2,47
"290360";"BIRITINGA";16,79
"290370";"BOA NOVA";34,85
"290380";"BOA VISTA DO TUPIM";5,63
"290390";"BOM JESUS DA LAPA";37,52
"290395";"BOM JESUS DA SERRA";1,48
"290400";"BONINAL";16,19
"290405";"BONITO";6,62
"290410";"BOQUIRA";3,36
"290420";"BOTUPORA";32,78
"290430";"BREJOES";32,03
"290440";"BREJOLANDIA";1,18
"290450";"BROTAS DE MACAUBAS";22,6
"290460";"BRUMADO";63,39
"290470";"BUERAREMA";65,84
"290475";"BURITIRAMA";3,55
"290480";"CAATIBA";59,47
"290485";"CABACEIRAS DO PARAGUACU";6,35
"290490";"CACHOEIRA";52,51
"290500";"CACULE";18,62
"290510";"CAEM";8,66
"290515";"CAETANOS";10,5
"290520";"CAETITE";34,76
"290530";"CAFARNAUM";4,71
"290540";"CAIRU";45,47
"290550";"CALDEIRAO GRANDE";7,6
"290560";"CAMACAN";74,57
"290570";"CAMACARI";65,33
"290580";"CAMAMU";33,42
"290590";"CAMPO ALEGRE DE LOURDES";5,84
"290600";"CAMPO FORMOSO";13,26
"290610";"CANAPOLIS";19,73
"290620";"CANARANA";1,57
"290630";"CANAVIEIRAS";55,3
"290640";"CANDEAL";0,67
"290650";"CANDEIAS";74,09
"290660";"CANDIBA";1,14
"290670";"CANDIDO SALES";7,78
"290680";"CANSANCAO";32,48
"290682";"CANUDOS";17,56
"290685";"CAPELA DO ALTO ALEGRE";32,51
"290687";"CAPIM GROSSO";12,16
"290689";"CARAIBAS";3,99
"290690";"CARAVELAS";24,72
"290700";"CARDEAL DA SILVA";16,51
"290710";"CARINHANHA";6,16
"290720";"CASA NOVA";38,14
"290730";"CASTRO ALVES";56,83
"290740";"CATOLANDIA";10,41
"290750";"CATU";71,02
"290755";"CATURAMA";16,93
"290760";"CENTRAL";9,95
"290770";"CHORROCHO";28,41
"290780";"CICERO DANTAS";44,25
"290790";"CIPO";6,43
"290800";"COARACI";83,77
"290810";"COCOS";3,24
"290820";"CONCEICAO DA FEIRA";5,81
"290830";"CONCEICAO DO ALMEIDA";29,35
"290840";"CONCEICAO DO COITE";32,01
"290850";"CONCEICAO DO JACUIPE";6,79
"290860";"CONDE";13,48
"290870";"CONDEUBA";8,63
"290880";"CONTENDAS DO SINCORA";11,58
"290890";"CORACAO DE MARIA";4,03
"290900";"CORDEIROS";0,5
"290910";"CORIBE";2,96
"290920";"CORONEL JOAO SA";30,81
"290930";"CORRENTINA";17,35
"290940";"COTEGIPE";5,83
"290950";"CRAVOLANDIA";60,04
"290960";"CRISOPOLIS";6,43
"290970";"CRISTOPOLIS";19,92
"290980";"CRUZ DAS ALMAS";17,76
"290990";"CURACA";37,21
"291000";"DARIO MEIRA";48,5
"291005";"DIAS D'AVILA";60,07
"291010";"DOM BASILIO";0,44
"291020";"DOM MACEDO COSTA";6,78
"291030";"ELISIO MEDRADO";0,94
"291040";"ENCRUZILHADA";20,39
"291050";"ENTRE RIOS";11,39
"291060";"ESPLANADA";14,19
"291070";"EUCLIDES DA CUNHA";12,04
"291072";"EUNAPOLIS";38,7
"291075";"FATIMA";45,82
"291077";"FEIRA DA MATA";2,29
"291080";"FEIRA DE SANTANA";60,58
"291085";"FILADELFIA";9,71
"291090";"FIRMINO ALVES";74,16
"291100";"FLORESTA AZUL";70,26
"291110";"FORMOSA DO RIO PRETO";3,32
"291120";"GANDU";54,8
"291125";"GAVIAO";14,76
"291130";"GENTIO DO OURO";2,62
"291140";"GLORIA";19,6
"291150";"GONGOGI";63,09
"291160";"GOVERNADOR MANGABEIRA";7,98
"291165";"GUAJERU";1,05
"291170";"GUANAMBI";53,06
"291180";"GUARATINGA";42,36
"291185";"HELIOPOLIS";8,2
"291190";"IACU";28,76
"291200";"IBIASSUCE";2,39
"291210";"IBICARAI";63,99
"291220";"IBICOARA";17,66
"291230";"IBICUI";62,07
"291240";"IBIPEBA";6,71
"291250";"IBIPITANGA";1,96
"291260";"IBIQUERA";7,79
"291270";"IBIRAPITANGA";47,98
"291280";"IBIRAPUA";49,39
"291290";"IBIRATAIA";71,61
"291300";"IBITIARA";15,81
"291310";"IBITITA";1,5
"291320";"IBOTIRAMA";30,56
"291330";"ICHU";1,09
"291340";"IGAPORA";21,42
"291345";"IGRAPIUNA";25,72
"291350";"IGUAI";57,76
"291360";"ILHEUS";66,5
"291370";"INHAMBUPE";32,05
"291380";"IPECAETA";4,69
"291390";"IPIAU";66,63
"291400";"IPIRA";51,24
"291410";"IPUPIARA";1,94
"291420";"IRAJUBA";3,22
"291430";"IRAMAIA";1,39
"291440";"IRAQUARA";10,05
"291450";"IRARA";2,75
"291460";"IRECE";29,15
"291465";"ITABELA";4,29
"291470";"ITABERABA";69,01
"291480";"ITABUNA";81,7
"291490";"ITACARE";39,26
"291500";"ITAETE";9,36
"291510";"ITAGI";56,84
"291520";"ITAGIBA";64,72
"291530";"ITAGIMIRIM";76,64
"291535";"ITAGUACU DA BAHIA";10,77
"291540";"ITAJU DO COLONIA";67,89
"291550";"ITAJUIPE";59,5
"291560";"ITAMARAJU";55,79
"291570";"ITAMARI";41,6
"291580";"ITAMBE";83,54
"291590";"ITANAGRA";21,11
"291600";"ITANHEM";65,68
"291610";"ITAPARICA";48
"291620";"ITAPE";60,17
"291630";"ITAPEBI";5,37
"291640";"ITAPETINGA";92,36
"291650";"ITAPICURU";11,85
"291660";"ITAPITANGA";77,54
"291670";"ITAQUARA";61,92
"291680";"ITARANTIM";75,08
"291685";"ITATIM";2,59
"291690";"ITIRUCU";52,27
"291700";"ITIUBA";21,28
"291710";"ITORORO";71,91
"291720";"ITUACU";8,27
"291730";"ITUBERA";37,94
"291733";"IUIU";13,19
"291735";"JABORANDI";46,05
"291740";"JACARACI";6,47
"291750";"JACOBINA";54,57
"291760";"JAGUAQUARA";29,87
"291770";"JAGUARARI";58,72
"291780";"JAGUARIPE";8,4
"291790";"JANDAIRA";3,82
"291800";"JEQUIE";78,1
"291810";"JEREMOABO";33,36
"291820";"JIQUIRICA";30,34
"291830";"JITAUNA";50,75
"291835";"JOAO DOURADO";4,55
"291840";"JUAZEIRO";65,21
"291845";"JUCURUCU";37,12
"291850";"JUSSARA";2,94
"291855";"JUSSARI";66,52
"291860";"JUSSIAPE";21,67
"291870";"LAFAIETE COUTINHO";39,58
"291875";"LAGOA REAL";5,62
"291880";"LAJE";25,74
"291890";"LAJEDAO";67,65
"291900";"LAJEDINHO";20,56
"291905";"LAJEDO DO TABOCAL";0,66
"291910";"LAMARAO";21,5
"291915";"LAPAO";10,67
"291920";"LAURO DE FREITAS";80,89
"291930";"LENCOIS";56,2
"291940";"LICINIO DE ALMEIDA";4,6
"291950";"LIVRAMENTO DE NOSSA SENHORA";32,58
"291955";"LUIS EDUARDO MAGALHAES";18,16
"291960";"MACAJUBA";43,86
"291970";"MACARANI";78,17
"291980";"MACAUBAS";27,01
"291990";"MACURURE";1
"291992";"MADRE DE DEUS";91,98
"291995";"MAETINGA";24,92
"292000";"MAIQUINIQUE";75,07
"292010";"MAIRI";54,02
"292020";"MALHADA";15,29
"292030";"MALHADA DE PEDRAS";10,02
"292040";"MANOEL VITORINO";3,17
"292045";"MANSIDAO";3,04
"292050";"MARACAS";9,62
"292060";"MARAGOGIPE";40,91
"292070";"MARAU";20,05
"292080";"MARCIONILIO SOUZA";13,89
"292090";"MASCOTE";44,3
"292100";"MATA DE SAO JOAO";42,93
"292105";"MATINA";3,25
"292110";"MEDEIROS NETO";35,32
"292120";"MIGUEL CALMON";41,98
"292130";"MILAGRES";5,23
"292140";"MIRANGABA";18,82
"292145";"MIRANTE";21,96
"292150";"MONTE SANTO";12,04
"292160";"MORPARA";4,56
"292170";"MORRO DO CHAPEU";9,6
"292180";"MORTUGABA";1,83
"292190";"MUCUGE";37,57
"292200";"MUCURI";30,86
"292205";"MULUNGU DO MORRO";0,51
"292210";"MUNDO NOVO";37,79
"292220";"MUNIZ FERREIRA";26,42
"292225";"MUQUEM DE SAO FRANCISCO";16,24
"292230";"MURITIBA";14,95
"292240";"MUTUIPE";49,31
"292250";"NAZARE";53,81
"292260";"NILO PECANHA";32,4
"292265";"NORDESTINA";3,91
"292270";"NOVA CANAA";46,75
"292273";"NOVA FATIMA";63,91
"292275";"NOVA IBIA";35,96
"292280";"NOVA ITARANA";6,53
"292285";"NOVA REDENCAO";10,28
"292290";"NOVA SOURE";1,32
"292300";"NOVA VICOSA";19,09
"292303";"NOVO HORIZONTE";10,55
"292305";"NOVO TRIUNFO";55,13
"292310";"OLINDINA";51,24
"292320";"OLIVEIRA DOS BREJINHOS";12,88
"292330";"OURICANGAS";15,1
"292335";"OUROLANDIA";18,63
"292340";"PALMAS DE MONTE ALTO";16,53
"292350";"PALMEIRAS";29,66
"292360";"PARAMIRIM";38,71
"292370";"PARATINGA";3,16
"292380";"PARIPIRANGA";26,09
"292390";"PAU BRASIL";65,04
"292400";"PAULO AFONSO";83
"292405";"PE DE SERRA";3,13
"292410";"PEDRAO";2,77
"292420";"PEDRO ALEXANDRE";2,83
"292430";"PIATA";5,19
"292440";"PILAO ARCADO";2
"292450";"PINDAI";3,27
"292460";"PINDOBACU";42,25
"292465";"PINTADAS";54,22
"292467";"PIRAI DO NORTE";26,59
"292470";"PIRIPA";4,84
"292480";"PIRITIBA";36,61
"292490";"PLANALTINO";0,67
"292500";"PLANALTO";2,77
"292510";"POCOES";64,6
"292520";"POJUCA";87,2
"292525";"PONTO NOVO";10,38
"292530";"PORTO SEGURO";69,19
"292540";"POTIRAGUA";75,64
"292550";"PRADO";14,7
"292560";"PRESIDENTE DUTRA";6,93
"292570";"PRESIDENTE JANIO QUADROS";31,99
"292575";"PRESIDENTE TANCREDO NEVES";28,13
"292580";"QUEIMADAS";37,91
"292590";"QUIJINGUE";13,15
"292593";"QUIXABEIRA";4,05
"292595";"RAFAEL JAMBEIRO";11,7
"292600";"REMANSO";49,99
"292610";"RETIROLANDIA";17,5
"292620";"RIACHAO DAS NEVES";8,99
"292630";"RIACHAO DO JACUIPE";64,43
"292640";"RIACHO DE SANTANA";5,94
"292650";"RIBEIRA DO AMPARO";1,12
"292660";"RIBEIRA DO POMBAL";27,65
"292665";"RIBEIRAO DO LARGO";30,72
"292670";"RIO DE CONTAS";22,87
"292680";"RIO DO ANTONIO";16,02
"292690";"RIO DO PIRES";2,89
"292700";"RIO REAL";9,53
"292710";"RODELAS";86,58
"292720";"RUY BARBOSA";53,01
"292730";"SALINAS DA MARGARIDA";11,77
"292740";"SALVADOR";93,12
"292750";"SANTA BARBARA";6,02
"292760";"SANTA BRIGIDA";35,82
"292770";"SANTA CRUZ CABRALIA";49,39
"292780";"SANTA CRUZ DA VITORIA";76,49
"292790";"SANTA INES";66,27
"292800";"SANTALUZ";56,69
"292805";"SANTA LUZIA";43,82
"292810";"SANTA MARIA DA VITORIA";13,32
"292820";"SANTANA";13,15
"292830";"SANTANOPOLIS";1,12
"292840";"SANTA RITA DE CASSIA";14,3
"292850";"SANTA TERESINHA";4,72
"292860";"SANTO AMARO";59,03
"292870";"SANTO ANTONIO DE JESUS";67,39
"292880";"SANTO ESTEVAO";12,74
"292890";"SAO DESIDERIO";8,48
"292895";"SAO DOMINGOS";64,51
"292900";"SAO FELIX";62,38
"292905";"SAO FELIX DO CORIBE";1,62
"292910";"SAO FELIPE";9,8
"292920";"SAO FRANCISCO DO CONDE";66,34
"292925";"SAO GABRIEL";8,51
"292930";"SAO GONCALO DOS CAMPOS";7,72
"292935";"SAO JOSE DA VITORIA";78,26
"292937";"SAO JOSE DO JACUIPE";31,99
"292940";"SAO MIGUEL DAS MATAS";17,14
"292950";"SAO SEBASTIAO DO PASSE";66,48
"292960";"SAPEACU";4,52
"292970";"SATIRO DIAS";29,19
"292975";"SAUBARA";27,59
"292980";"SAUDE";20,4
"292990";"SEABRA";4,14
"293000";"SEBASTIAO LARANJEIRAS";12,71
"293010";"SENHOR DO BONFIM";55,72
"293015";"SERRA DO RAMALHO";2,39
"293020";"SENTO SE";31,86
"293030";"SERRA DOURADA";4,93
"293040";"SERRA PRETA";11,72
"293050";"SERRINHA";51,85
"293060";"SERROLANDIA";4,63
"293070";"SIMOES FILHO";65,24
"293075";"SITIO DO MATO";13,09
"293076";"SITIO DO QUINTO";17,47
"293077";"SOBRADINHO";74,38
"293080";"SOUTO SOARES";4,67
"293090";"TABOCAS DO BREJO VELHO";6,04
"293100";"TANHACU";12,29
"293105";"TANQUE NOVO";1,97
"293110";"TANQUINHO";44,78
"293120";"TAPEROA";28,16
"293130";"TAPIRAMUTA";2,48
"293135";"TEIXEIRA DE FREITAS";76,08
"293140";"TEODORO SAMPAIO";23,54
"293150";"TEOFILANDIA";24,51
"293160";"TEOLANDIA";36,2
"293170";"TERRA NOVA";64,45
"293180";"TREMEDAL";7,89
"293190";"TUCANO";46,47
"293200";"UAUA";2,66
"293210";"UBAIRA";37,68
"293220";"UBAITABA";67,07
"293230";"UBATA";57,77
"293240";"UIBAI";2,02
"293245";"UMBURANAS";6,49
"293250";"UNA";26,52
"293260";"URANDI";8,18
"293270";"URUCUCA";65,94
"293280";"UTINGA";2,34
"293290";"VALENCA";61,44
"293300";"VALENTE";47,06
"293305";"VARZEA DA ROCA";19,18
"293310";"VARZEA DO POCO";19,96
"293315";"VARZEA NOVA";34,75
"293317";"VARZEDO";28,22
"293320";"VERA CRUZ";25,36
"293325";"VEREDA";29,8
"293330";"VITORIA DA CONQUISTA";59,75
"293340";"WAGNER";1,09
"293345";"WANDERLEY";1,34
"293350";"WENCESLAU GUIMARAES";28,15
"293360";"XIQUE-XIQUE";37,84
"310010";"ABADIA DOS DOURADOS";61,1
"310020";"ABAETE";84,67
"310030";"ABRE CAMPO";50,36
"310040";"ACAIACA";63,52
"310050";"ACUCENA";44,93
"310060";"AGUA BOA";52,64
"310070";"AGUA COMPRIDA";83,08
"310080";"AGUANIL";66,37
"310090";"AGUAS FORMOSAS";72,38
"310100";"AGUAS VERMELHAS";37,07
"310110";"AIMORES";80,68
"310120";"AIURUOCA";45,95
"310130";"ALAGOA";49,54
"310140";"ALBERTINA";70,72
"310150";"ALEM PARAIBA";80,58
"310160";"ALFENAS";94,88
"310163";"ALFREDO VASCONCELOS";61,82
"310170";"ALMENARA";76,68
"310180";"ALPERCATA";74,35
"310190";"ALPINOPOLIS";81,71
"310200";"ALTEROSA";74,27
"310205";"ALTO CAPARAO";66,12
"310210";"ALTO RIO DOCE";38,57
"310220";"ALVARENGA";52,21
"310230";"ALVINOPOLIS";75,19
"310240";"ALVORADA DE MINAS";35,82
"310250";"AMPARO DO SERRA";48,5
"310260";"ANDRADAS";80,03
"310270";"CACHOEIRA DE PAJEU";26,7
"310280";"ANDRELANDIA";79,84
"310285";"ANGELANDIA";42,74
"310290";"ANTONIO CARLOS";64,87
"310300";"ANTONIO DIAS";52,16
"310310";"ANTONIO PRADO DE MINAS";80,03
"310320";"ARACAI";50,49
"310330";"ARACITABA";66,43
"310340";"ARACUAI";38,89
"310350";"ARAGUARI";84,53
"310360";"ARANTINA";80,47
"310370";"ARAPONGA";31,84
"310375";"ARAPORA";94,49
"310380";"ARAPUA";72,38
"310390";"ARAUJOS";84,58
"310400";"ARAXA";96,73
"310410";"ARCEBURGO";88,41
"310420";"ARCOS";95,48
"310430";"AREADO";87,82
"310440";"ARGIRITA";68,84
"310445";"ARICANDUVA";42,95
"310450";"ARINOS";26,28
"310460";"ASTOLFO DUTRA";41,54
"310470";"ATALEIA";50,61
"310480";"AUGUSTO DE LIMA";19,01
"310490";"BAEPENDI";80,23
"310500";"BALDIM";55,33
"310510";"BAMBUI";87,11
"310520";"BANDEIRA";49,57
"310530";"BANDEIRA DO SUL";87,63
"310540";"BARAO DE COCAIS";84,84
"310550";"BARAO DE MONTE ALTO";78,3
"310560";"BARBACENA";88,29
"310570";"BARRA LONGA";62,39
"310590";"BARROSO";88,46
"310600";"BELA VISTA DE MINAS";86,78
"310610";"BELMIRO BRAGA";47,55
"310620";"BELO HORIZONTE";96,57
"310630";"BELO ORIENTE";75,89
"310640";"BELO VALE";50,26
"310650";"BERILO";30,55
"310660";"BERTOPOLIS";36,63
"310665";"BERIZAL";16,32
"310670";"BETIM";86,27
"310680";"BIAS FORTES";37,44
"310690";"BICAS";93,23
"310700";"BIQUINHAS";1,43
"310710";"BOA ESPERANCA";89,31
"310720";"BOCAINA DE MINAS";44,71
"310730";"BOCAIUVA";76,12
"310740";"BOM DESPACHO";92,15
"310750";"BOM JARDIM DE MINAS";83,54
"310760";"BOM JESUS DA PENHA";80,35
"310770";"BOM JESUS DO AMPARO";58,45
"310780";"BOM JESUS DO GALHO";55,78
"310790";"BOM REPOUSO";56,57
"310800";"BOM SUCESSO";87,84
"310810";"BONFIM";39,58
"310820";"BONFINOPOLIS DE MINAS";67,04
"310825";"BONITO DE MINAS";0,62
"310830";"BORDA DA MATA";85,34
"310840";"BOTELHOS";80,06
"310850";"BOTUMIRIM";16,74
"310855";"BRASILANDIA DE MINAS";22,06
"310860";"BRASILIA DE MINAS";53,55
"310870";"BRAS PIRES";51,75
"310880";"BRAUNAS";33,01
"310890";"BRAZOPOLIS";65,41
"310900";"BRUMADINHO";65,21
"310910";"BUENO BRANDAO";58,57
"310920";"BUENOPOLIS";32,14
"310925";"BUGRE";9,03
"310930";"BURITIS";26,05
"310940";"BURITIZEIRO";4,62
"310945";"CABECEIRA GRANDE";10,22
"310950";"CABO VERDE";69,49
"310960";"CACHOEIRA DA PRATA";96,06
"310970";"CACHOEIRA DE MINAS";74,01
"310980";"CACHOEIRA DOURADA";88,48
"310990";"CAETANOPOLIS";70,87
"311000";"CAETE";83,06
"311010";"CAIANA";57,12
"311020";"CAJURI";75,82
"311030";"CALDAS";64,63
"311040";"CAMACHO";73,58
"311050";"CAMANDUCAIA";66,14
"311060";"CAMBUI";85,37
"311070";"CAMBUQUIRA";79,05
"311080";"CAMPANARIO";65,22
"311090";"CAMPANHA";81,23
"311100";"CAMPESTRE";59,54
"311110";"CAMPINA VERDE";78,12
"311115";"CAMPO AZUL";15,1
"311120";"CAMPO BELO";94,42
"311130";"CAMPO DO MEIO";88,33
"311140";"CAMPO FLORIDO";72,16
"311150";"CAMPOS ALTOS";92,34
"311160";"CAMPOS GERAIS";74
"311170";"CANAA";41,18
"311180";"CANAPOLIS";89,42
"311190";"CANA VERDE";76,32
"311200";"CANDEIAS";73,86
"311205";"CANTAGALO";50,88
"311210";"CAPARAO";43,92
"311220";"CAPELA NOVA";36,19
"311230";"CAPELINHA";59,81
"311240";"CAPETINGA";97,16
"311250";"CAPIM BRANCO";24,4
"311260";"CAPINOPOLIS";94,86
"311265";"CAPITAO ANDRADE";73,1
"311270";"CAPITAO ENEAS";20,25
"311280";"CAPITOLIO";86,22
"311290";"CAPUTIRA";51,91
"311300";"CARAI";37,74
"311310";"CARANAIBA";40,92
"311320";"CARANDAI";70,58
"311330";"CARANGOLA";71,38
"311340";"CARATINGA";71,82
"311350";"CARBONITA";65,33
"311360";"CAREACU";75,61
"311370";"CARLOS CHAGAS";64,69
"311380";"CARMESIA";66,26
"311390";"CARMO DA CACHOEIRA";82,6
"311400";"CARMO DA MATA";79,8
"311410";"CARMO DE MINAS";76,84
"311420";"CARMO DO CAJURU";86,92
"311430";"CARMO DO PARANAIBA";89,1
"311440";"CARMO DO RIO CLARO";75,79
"311450";"CARMOPOLIS DE MINAS";73,04
"311455";"CARNEIRINHO";63,2
"311460";"CARRANCAS";75,04
"311470";"CARVALHOPOLIS";74,19
"311480";"CARVALHOS";47,63
"311490";"CASA GRANDE";64,55
"311500";"CASCALHO RICO";37,94
"311510";"CASSIA";81,77
"311520";"CONCEICAO DA BARRA DE MINAS";38,98
"311530";"CATAGUASES";86,13
"311535";"CATAS ALTAS";88,57
"311540";"CATAS ALTAS DA NORUEGA";45,21
"311545";"CATUJI";41,71
"311547";"CATUTI";3,03
"311550";"CAXAMBU";98,27
"311560";"CEDRO DO ABAETE";27,64
"311570";"CENTRAL DE MINAS";71,93
"311580";"CENTRALINA";39,08
"311590";"CHACARA";81,24
"311600";"CHALE";43,4
"311610";"CHAPADA DO NORTE";21,34
"311615";"CHAPADA GAUCHA";20,42
"311620";"CHIADOR";67,8
"311630";"CIPOTANEA";42,34
"311640";"CLARAVAL";48,29
"311650";"CLARO DOS POCOES";27,85
"311660";"CLAUDIO";90,3
"311670";"COIMBRA";55,51
"311680";"COLUNA";49,32
"311690";"COMENDADOR GOMES";55,99
"311700";"COMERCINHO";30,76
"311710";"CONCEICAO DA APARECIDA";65,47
"311720";"CONCEICAO DAS PEDRAS";72,63
"311730";"CONCEICAO DAS ALAGOAS";88,21
"311740";"CONCEICAO DE IPANEMA";46,7
"311750";"CONCEICAO DO MATO DENTRO";46,81
"311760";"CONCEICAO DO PARA";50,75
"311770";"CONCEICAO DO RIO VERDE";89,78
"311780";"CONCEICAO DOS OUROS";76,42
"311783";"CONEGO MARINHO";0,49
"311787";"CONFINS";2,53
"311790";"CONGONHAL";79,85
"311800";"CONGONHAS";78,57
"311810";"CONGONHAS DO NORTE";30,56
"311820";"CONQUISTA";85,45
"311830";"CONSELHEIRO LAFAIETE";90,4
"311840";"CONSELHEIRO PENA";77,78
"311850";"CONSOLACAO";54,65
"311860";"CONTAGEM";92,59
"311870";"COQUEIRAL";70,74
"311880";"CORACAO DE JESUS";17,71
"311890";"CORDISBURGO";31,08
"311900";"CORDISLANDIA";80,49
"311910";"CORINTO";84,6
"311920";"COROACI";53,59
"311930";"COROMANDEL";75,11
"311940";"CORONEL FABRICIANO";88,03
"311950";"CORONEL MURTA";47,47
"311960";"CORONEL PACHECO";64,69
"311970";"CORONEL XAVIER CHAVES";67,1
"311980";"CORREGO DANTA";59,11
"311990";"CORREGO DO BOM JESUS";45,14
"311995";"CORREGO FUNDO";28,39
"312000";"CORREGO NOVO";66
"312010";"COUTO DE MAGALHAES DE MINAS";72,5
"312015";"CRISOLITA";48,52
"312020";"CRISTAIS";79,23
"312030";"CRISTALIA";42,29
"312040";"CRISTIANO OTONI";69,69
"312050";"CRISTINA";54,66
"312060";"CRUCILANDIA";59,98
"312070";"CRUZEIRO DA FORTALEZA";92,75
"312080";"CRUZILIA";89,73
"312083";"CUPARAQUE";84,54
"312087";"CURRAL DE DENTRO";40,65
"312090";"CURVELO";81,86
"312100";"DATAS";70,77
"312110";"DELFIM MOREIRA";55,95
"312120";"DELFINOPOLIS";79,18
"312125";"DELTA";96,65
"312130";"DESCOBERTO";84,39
"312140";"DESTERRO DE ENTRE RIOS";48,93
"312150";"DESTERRO DO MELO";38,91
"312160";"DIAMANTINA";76,69
"312170";"DIOGO DE VASCONCELOS";40,71
"312180";"DIONISIO";72,43
"312190";"DIVINESIA";47,84
"312200";"DIVINO";54,2
"312210";"DIVINO DAS LARANJEIRAS";73,73
"312220";"DIVINOLANDIA DE MINAS";59,8
"312230";"DIVINOPOLIS";90,52
"312235";"DIVISA ALEGRE";2,31
"312240";"DIVISA NOVA";75,98
"312245";"DIVISOPOLIS";9,8
"312247";"DOM BOSCO";42,29
"312250";"DOM CAVATI";78,13
"312260";"DOM JOAQUIM";58,51
"312270";"DOM SILVERIO";46,8
"312280";"DOM VICOSO";63,03
"312290";"DONA EUSEBIA";56,75
"312300";"DORES DE CAMPOS";82,81
"312310";"DORES DE GUANHAES";33,58
"312320";"DORES DO INDAIA";88,9
"312330";"DORES DO TURVO";35,22
"312340";"DORESOPOLIS";87,85
"312350";"DOURADOQUARA";66,82
"312352";"DURANDE";38,07
"312360";"ELOI MENDES";87,72
"312370";"ENGENHEIRO CALDAS";77,15
"312380";"ENGENHEIRO NAVARRO";21,86
"312385";"ENTRE FOLHAS";56,59
"312390";"ENTRE RIOS DE MINAS";66,29
"312400";"ERVALIA";53,39
"312410";"ESMERALDAS";25,1
"312420";"ESPERA FELIZ";56,71
"312430";"ESPINOSA";2,31
"312440";"ESPIRITO SANTO DO DOURADO";51,18
"312450";"ESTIVA";53,89
"312460";"ESTRELA DALVA";71,92
"312470";"ESTRELA DO INDAIA";55,84
"312480";"ESTRELA DO SUL";73,6
"312490";"EUGENOPOLIS";73,81
"312500";"EWBANK DA CAMARA";92,25
"312510";"EXTREMA";76,61
"312520";"FAMA";50,92
"312530";"FARIA LEMOS";65,8
"312540";"FELICIO DOS SANTOS";0,53
"312550";"SAO GONCALO DO RIO PRETO";5,45
"312560";"FELISBURGO";66
"312570";"FELIXLANDIA";13,52
"312580";"FERNANDES TOURINHO";65,95
"312590";"FERROS";25,97
"312595";"FERVEDOURO";41,05
"312600";"FLORESTAL";78,12
"312610";"FORMIGA";89,45
"312620";"FORMOSO";11,73
"312630";"FORTALEZA DE MINAS";74,42
"312640";"FORTUNA DE MINAS";50,13
"312650";"FRANCISCO BADARO";13,82
"312660";"FRANCISCO DUMONT";16,45
"312670";"FRANCISCO SA";47,05
"312675";"FRANCISCOPOLIS";44,43
"312680";"FREI GASPAR";51,85
"312690";"FREI INOCENCIO";68,09
"312695";"FREI LAGONEGRO";19,73
"312700";"FRONTEIRA";95,93
"312705";"FRONTEIRA DOS VALES";45,83
"312707";"FRUTA DE LEITE";0,56
"312710";"FRUTAL";87,8
"312720";"FUNILANDIA";37,95
"312730";"GALILEIA";75,08
"312733";"GAMELEIRAS";0,82
"312735";"GLAUCILANDIA";24,15
"312737";"GOIABEIRA";67,49
"312738";"GOIANA";81,39
"312740";"GONCALVES";44,59
"312750";"GONZAGA";48,68
"312760";"GOUVEIA";73,51
"312770";"GOVERNADOR VALADARES";93,13
"312780";"GRAO MOGOL";35,15
"312790";"GRUPIARA";1,58
"312800";"GUANHAES";73,64
"312810";"GUAPE";70,33
"312820";"GUARACIABA";38,49
"312825";"GUARACIAMA";15,58
"312830";"GUARANESIA";96,57
"312840";"GUARANI";75,13
"312850";"GUARARA";88,4
"312860";"GUARDA-MOR";53,99
"312870";"GUAXUPE";94,5
"312880";"GUIDOVAL";64,63
"312890";"GUIMARANIA";80,2
"312900";"GUIRICEMA";46,68
"312910";"GURINHATA";46,17
"312920";"HELIODORA";75,21
"312930";"IAPU";63,45
"312940";"IBERTIOGA";71,3
"312950";"IBIA";84,64
"312960";"IBIAI";1,84
"312965";"IBIRACATU";22,02
"312970";"IBIRACI";83,48
"312980";"IBIRITE";84,13
"312990";"IBITIURA DE MINAS";82,67
"313000";"IBITURUNA";91,34
"313005";"ICARAI DE MINAS";59,07
"313010";"IGARAPE";64,71
"313020";"IGARATINGA";75,08
"313030";"IGUATAMA";88,47
"313040";"IJACI";81,1
"313050";"ILICINEA";79,34
"313055";"IMBE DE MINAS";34,46
"313060";"INCONFIDENTES";65,21
"313065";"INDAIABIRA";18,05
"313070";"INDIANOPOLIS";64,07
"313080";"INGAI";69,22
"313090";"INHAPIM";48,14
"313100";"INHAUMA";30,2
"313110";"INIMUTABA";46,89
"313115";"IPABA";75,14
"313120";"IPANEMA";71,52
"313130";"IPATINGA";97,84
"313140";"IPIACU";91,98
"313150";"IPUIUNA";61,62
"313160";"IRAI DE MINAS";86,23
"313170";"ITABIRA";91,57
"313180";"ITABIRINHA";69,1
"313190";"ITABIRITO";87,31
"313200";"ITACAMBIRA";6,41
"313210";"ITACARAMBI";39,36
"313220";"ITAGUARA";79,26
"313230";"ITAIPE";36,99
"313240";"ITAJUBA";91,05
"313250";"ITAMARANDIBA";56,85
"313260";"ITAMARATI DE MINAS";75,99
"313270";"ITAMBACURI";60,15
"313280";"ITAMBE DO MATO DENTRO";52,38
"313290";"ITAMOGI";75,46
"313300";"ITAMONTE";74,37
"313310";"ITANHANDU";85,5
"313320";"ITANHOMI";62,56
"313330";"ITAOBIM";23,1
"313340";"ITAPAGIPE";74,51
"313350";"ITAPECERICA";73,63
"313360";"ITAPEVA";70,88
"313370";"ITATIAIUCU";73,36
"313375";"ITAU DE MINAS";96,52
"313380";"ITAUNA";96
"313390";"ITAVERAVA";31,64
"313400";"ITINGA";46,27
"313410";"ITUETA";54,9
"313420";"ITUIUTABA";93,83
"313430";"ITUMIRIM";58,04
"313440";"ITURAMA";88,99
"313450";"ITUTINGA";49,36
"313460";"JABOTICATUBAS";47,2
"313470";"JACINTO";45,45
"313480";"JACUI";57,38
"313490";"JACUTINGA";89,73
"313500";"JAGUARACU";79,51
"313505";"JAIBA";19,79
"313507";"JAMPRUCA";45,23
"313510";"JANAUBA";16,3
"313520";"JANUARIA";38,97
"313530";"JAPARAIBA";62,62
"313535";"JAPONVAR";0,91
"313540";"JECEABA";47,18
"313545";"JENIPAPO DE MINAS";31,43
"313550";"JEQUERI";57,71
"313560";"JEQUITAI";1,75
"313570";"JEQUITIBA";24,35
"313580";"JEQUITINHONHA";38,47
"313590";"JESUANIA";76,85
"313600";"JOAIMA";61,33
"313610";"JOANESIA";26,58
"313620";"JOAO MONLEVADE";93,2
"313630";"JOAO PINHEIRO";79,48
"313640";"JOAQUIM FELICIO";27,43
"313650";"JORDANIA";63,73
"313652";"JOSE GONCALVES DE MINAS";33,01
"313655";"JOSE RAYDAN";32,95
"313657";"JOSENOPOLIS";51,28
"313660";"NOVA UNIAO";69,02
"313665";"JUATUBA";52,82
"313670";"JUIZ DE FORA";94,48
"313680";"JURAMENTO";39,2
"313690";"JURUAIA";52,68
"313695";"JUVENILIA";7,81
"313700";"LADAINHA";20,49
"313710";"LAGAMAR";72,49
"313720";"LAGOA DA PRATA";95,98
"313730";"LAGOA DOS PATOS";1
"313740";"LAGOA DOURADA";61,88
"313750";"LAGOA FORMOSA";73,33
"313753";"LAGOA GRANDE";37,36
"313760";"LAGOA SANTA";54,78
"313770";"LAJINHA";42,68
"313780";"LAMBARI";76,33
"313790";"LAMIM";30,9
"313800";"LARANJAL";82,61
"313810";"LASSANCE";3,79
"313820";"LAVRAS";94,86
"313830";"LEANDRO FERREIRA";71,98
"313835";"LEME DO PRADO";60,48
"313840";"LEOPOLDINA";87,08
"313850";"LIBERDADE";73,23
"313860";"LIMA DUARTE";72,97
"313862";"LIMEIRA DO OESTE";63,33
"313865";"LONTRA";1,25
"313867";"LUISBURGO";28,24
"313868";"LUISLANDIA";0,59
"313870";"LUMINARIAS";74,76
"313880";"LUZ";87,58
"313890";"MACHACALIS";76,16
"313900";"MACHADO";82,34
"313910";"MADRE DE DEUS DE MINAS";78,02
"313920";"MALACACHETA";64,59
"313925";"MAMONAS";5,05
"313930";"MANGA";4,48
"313940";"MANHUACU";74
"313950";"MANHUMIRIM";70,27
"313960";"MANTENA";78,44
"313970";"MARAVILHAS";63,57
"313980";"MAR DE ESPANHA";86,37
"313990";"MARIA DA FE";66,23
"314000";"MARIANA";78,09
"314010";"MARILAC";80,12
"314015";"MARIO CAMPOS";44,11
"314020";"MARIPA DE MINAS";62,3
"314030";"MARLIERIA";79,5
"314040";"MARMELOPOLIS";60,78
"314050";"MARTINHO CAMPOS";41,4
"314053";"MARTINS SOARES";51,59
"314055";"MATA VERDE";72,22
"314060";"MATERLANDIA";38,75
"314070";"MATEUS LEME";61,4
"314080";"MATIAS BARBOSA";71,91
"314085";"MATIAS CARDOSO";20,89
"314090";"MATIPO";71,27
"314100";"MATO VERDE";1,53
"314110";"MATOZINHOS";67,55
"314120";"MATUTINA";84,35
"314130";"MEDEIROS";69,14
"314140";"MEDINA";69,27
"314150";"MENDES PIMENTEL";49,4
"314160";"MERCES";67,43
"314170";"MESQUITA";58,68
"314180";"MINAS NOVAS";18,62
"314190";"MINDURI";88,47
"314200";"MIRABELA";7,91
"314210";"MIRADOURO";64,39
"314220";"MIRAI";86,25
"314225";"MIRAVANIA";3,05
"314230";"MOEDA";34,14
"314240";"MOEMA";70,72
"314250";"MONJOLOS";2,92
"314260";"MONSENHOR PAULO";80,19
"314270";"MONTALVANIA";7,78
"314280";"MONTE ALEGRE DE MINAS";73,64
"314290";"MONTE AZUL";9,54
"314300";"MONTE BELO";70,14
"314310";"MONTE CARMELO";89,28
"314315";"MONTE FORMOSO";35,08
"314320";"MONTE SANTO DE MINAS";86,52
"314330";"MONTES CLAROS";93,04
"314340";"MONTE SIAO";86,39
"314345";"MONTEZUMA";27,79
"314350";"MORADA NOVA DE MINAS";2,51
"314360";"MORRO DA GARCA";41,71
"314370";"MORRO DO PILAR";48,83
"314380";"MUNHOZ";48,87
"314390";"MURIAE";89
"314400";"MUTUM";47,83
"314410";"MUZAMBINHO";83,53
"314420";"NACIP RAYDAN";60,95
"314430";"NANUQUE";79,39
"314435";"NAQUE";79,83
"314437";"NATALANDIA";55,76
"314440";"NATERCIA";50,99
"314450";"NAZARENO";68,13
"314460";"NEPOMUCENO";80,15
"314465";"NINHEIRA";14,38
"314467";"NOVA BELEM";44,89
"314470";"NOVA ERA";84,1
"314480";"NOVA LIMA";94,17
"314490";"NOVA MODICA";53,9
"314500";"NOVA PONTE";85,68
"314505";"NOVA PORTEIRINHA";24,76
"314510";"NOVA RESENDE";48,38
"314520";"NOVA SERRANA";93,6
"314530";"NOVO CRUZEIRO";35,6
"314535";"NOVO ORIENTE DE MINAS";40,39
"314537";"NOVORIZONTE";4,45
"314540";"OLARIA";53,28
"314545";"OLHOS-D'AGUA";16,97
"314550";"OLIMPIO NORONHA";93,86
"314560";"OLIVEIRA";89,96
"314570";"OLIVEIRA FORTES";46,31
"314580";"ONCA DE PITANGUI";70,12
"314585";"ORATORIOS";71,42
"314587";"ORIZANIA";33,41
"314590";"OURO BRANCO";90,8
"314600";"OURO FINO";75,2
"314610";"OURO PRETO";75,85
"314620";"OURO VERDE DE MINAS";66,06
"314625";"PADRE CARVALHO";1,42
"314630";"PADRE PARAISO";64,12
"314640";"PAINEIRAS";0,78
"314650";"PAINS";86,9
"314655";"PAI PEDRO";1,16
"314660";"PAIVA";53,62
"314670";"PALMA";77,45
"314675";"PALMOPOLIS";37,91
"314690";"PAPAGAIOS";29,77
"314700";"PARACATU";79,19
"314710";"PARA DE MINAS";94,35
"314720";"PARAGUACU";82,85
"314730";"PARAISOPOLIS";83,76
"314740";"PARAOPEBA";77,77
"314750";"PASSABEM";39,31
"314760";"PASSA QUATRO";76,75
"314770";"PASSA TEMPO";72,94
"314780";"PASSA-VINTE";60,35
"314790";"PASSOS";96,75
"314795";"PATIS";1,71
"314800";"PATOS DE MINAS";91,09
"314810";"PATROCINIO";87,15
"314820";"PATROCINIO DO MURIAE";79,29
"314830";"PAULA CANDIDO";56,8
"314840";"PAULISTAS";49,36
"314850";"PAVAO";62,15
"314860";"PECANHA";35,12
"314870";"PEDRA AZUL";72,24
"314875";"PEDRA BONITA";31,62
"314880";"PEDRA DO ANTA";68,76
"314890";"PEDRA DO INDAIA";59,78
"314900";"PEDRA DOURADA";74,93
"314910";"PEDRALVA";51,81
"314915";"PEDRAS DE MARIA DA CRUZ";5,04
"314920";"PEDRINOPOLIS";82,47
"314930";"PEDRO LEOPOLDO";67,27
"314940";"PEDRO TEIXEIRA";33,79
"314950";"PEQUERI";73,38
"314960";"PEQUI";29,3
"314970";"PERDIGAO";90,05
"314980";"PERDIZES";72,24
"314990";"PERDOES";90,85
"314995";"PERIQUITO";72,31
"315000";"PESCADOR";71,35
"315010";"PIAU";57,67
"315015";"PIEDADE DE CARATINGA";85,76
"315020";"PIEDADE DE PONTE NOVA";83,39
"315030";"PIEDADE DO RIO GRANDE";50,43
"315040";"PIEDADE DOS GERAIS";2,12
"315050";"PIMENTA";88,82
"315053";"PINGO-D'AGUA";89,31
"315057";"PINTOPOLIS";15,87
"315060";"PIRACEMA";47,76
"315070";"PIRAJUBA";87,92
"315080";"PIRANGA";32,95
"315090";"PIRANGUCU";51,03
"315100";"PIRANGUINHO";60,55
"315110";"PIRAPETINGA";87,02
"315120";"PIRAPORA";18,82
"315130";"PIRAUBA";84,64
"315140";"PITANGUI";92,16
"315150";"PIUMHI";92,64
"315160";"PLANURA";95,37
"315170";"POCO FUNDO";58,73
"315180";"POCOS DE CALDAS";98,23
"315190";"POCRANE";57,99
"315200";"POMPEU";73,93
"315210";"PONTE NOVA";85,9
"315213";"PONTO CHIQUE";23,66
"315217";"PONTO DOS VOLANTES";10,97
"315220";"PORTEIRINHA";19,37
"315230";"PORTO FIRME";47,31
"315240";"POTE";35,8
"315250";"POUSO ALEGRE";92,14
"315260";"POUSO ALTO";50,28
"315270";"PRADOS";81,32
"315280";"PRATA";77,24
"315290";"PRATAPOLIS";89,12
"315300";"PRATINHA";61,23
"315310";"PRESIDENTE BERNARDES";46,47
"315320";"PRESIDENTE JUSCELINO";39,25
"315330";"PRESIDENTE KUBITSCHEK";74,61
"315340";"PRESIDENTE OLEGARIO";62,16
"315350";"ALTO JEQUITIBA";48,16
"315360";"PRUDENTE DE MORAIS";52,05
"315370";"QUARTEL GERAL";41,56
"315380";"QUELUZITO";49,34
"315390";"RAPOSOS";85,04
"315400";"RAUL SOARES";56,77
"315410";"RECREIO";80,99
"315415";"REDUTO";59,9
"315420";"RESENDE COSTA";38,31
"315430";"RESPLENDOR";72,49
"315440";"RESSAQUINHA";28,25
"315445";"RIACHINHO";4,66
"315450";"RIACHO DOS MACHADOS";20,79
"315460";"RIBEIRAO DAS NEVES";74,79
"315470";"RIBEIRAO VERMELHO";94,56
"315480";"RIO ACIMA";83,24
"315490";"RIO CASCA";77,07
"315500";"RIO DOCE";75,62
"315510";"RIO DO PRADO";55,66
"315520";"RIO ESPERA";31,15
"315530";"RIO MANSO";3,2
"315540";"RIO NOVO";85,95
"315550";"RIO PARANAIBA";69,46
"315560";"RIO PARDO DE MINAS";9,27
"315570";"RIO PIRACICABA";72,96
"315580";"RIO POMBA";82,73
"315590";"RIO PRETO";73,26
"315600";"RIO VERMELHO";36,58
"315610";"RITAPOLIS";32,01
"315620";"ROCHEDO DE MINAS";76,52
"315630";"RODEIRO";89,73
"315640";"ROMARIA";78,54
"315645";"ROSARIO DA LIMEIRA";54,09
"315650";"RUBELITA";27,07
"315660";"RUBIM";66,04
"315670";"SABARA";88,51
"315680";"SABINOPOLIS";51,54
"315690";"SACRAMENTO";85,77
"315700";"SALINAS";65,36
"315710";"SALTO DA DIVISA";59,24
"315720";"SANTA BARBARA";85,34
"315725";"SANTA BARBARA DO LESTE";37,31
"315727";"SANTA BARBARA DO MONTE VERDE";60,81
"315730";"SANTA BARBARA DO TUGURIO";47,51
"315733";"SANTA CRUZ DE MINAS";98,37
"315737";"SANTA CRUZ DE SALINAS";28,44
"315740";"SANTA CRUZ DO ESCALVADO";44,01
"315750";"SANTA EFIGENIA DE MINAS";51,93
"315760";"SANTA FE DE MINAS";1,04
"315765";"SANTA HELENA DE MINAS";44,6
"315770";"SANTA JULIANA";94,19
"315780";"SANTA LUZIA";85,06
"315790";"SANTA MARGARIDA";52,41
"315800";"SANTA MARIA DE ITABIRA";57,99
"315810";"SANTA MARIA DO SALTO";60,78
"315820";"SANTA MARIA DO SUACUI";57,24
"315830";"SANTANA DA VARGEM";73,83
"315840";"SANTANA DE CATAGUASES";84,74
"315850";"SANTANA DE PIRAPAMA";35,2
"315860";"SANTANA DO DESERTO";66,52
"315870";"SANTANA DO GARAMBEU";69,95
"315880";"SANTANA DO JACARE";92,55
"315890";"SANTANA DO MANHUACU";50,96
"315895";"SANTANA DO PARAISO";77,47
"315900";"SANTANA DO RIACHO";38,15
"315910";"SANTANA DOS MONTES";48,38
"315920";"SANTA RITA DE CALDAS";62,13
"315930";"SANTA RITA DE JACUTINGA";82,22
"315935";"SANTA RITA DE MINAS";69,03
"315940";"SANTA RITA DE IBITIPOCA";63,08
"315950";"SANTA RITA DO ITUETO";35,08
"315960";"SANTA RITA DO SAPUCAI";87,01
"315970";"SANTA ROSA DA SERRA";54
"315980";"SANTA VITORIA";85,19
"315990";"SANTO ANTONIO DO AMPARO";85,73
"316000";"SANTO ANTONIO DO AVENTUREIRO";15,37
"316010";"SANTO ANTONIO DO GRAMA";80,53
"316020";"SANTO ANTONIO DO ITAMBE";37,31
"316030";"SANTO ANTONIO DO JACINTO";42,76
"316040";"SANTO ANTONIO DO MONTE";87,23
"316045";"SANTO ANTONIO DO RETIRO";28,37
"316050";"SANTO ANTONIO DO RIO ABAIXO";32,89
"316060";"SANTO HIPOLITO";12,16
"316070";"SANTOS DUMONT";70,18
"316080";"SAO BENTO ABADE";91,02
"316090";"SAO BRAS DO SUACUI";48,69
"316095";"SAO DOMINGOS DAS DORES";65,09
"316100";"SAO DOMINGOS DO PRATA";54,14
"316105";"SAO FELIX DE MINAS";53,08
"316110";"SAO FRANCISCO";17,31
"316120";"SAO FRANCISCO DE PAULA";83,6
"316130";"SAO FRANCISCO DE SALES";72,61
"316140";"SAO FRANCISCO DO GLORIA";64,37
"316150";"SAO GERALDO";71,5
"316160";"SAO GERALDO DA PIEDADE";50,36
"316165";"SAO GERALDO DO BAIXIO";61,75
"316170";"SAO GONCALO DO ABAETE";58
"316180";"SAO GONCALO DO PARA";72,63
"316190";"SAO GONCALO DO RIO ABAIXO";66,71
"316200";"SAO GONCALO DO SAPUCAI";86,46
"316210";"SAO GOTARDO";80,71
"316220";"SAO JOAO BATISTA DO GLORIA";81,79
"316225";"SAO JOAO DA LAGOA";0,49
"316230";"SAO JOAO DA MATA";75,08
"316240";"SAO JOAO DA PONTE";1,77
"316245";"SAO JOAO DAS MISSOES";2,68
"316250";"SAO JOAO DEL REI";86,42
"316255";"SAO JOAO DO MANHUACU";52,69
"316257";"SAO JOAO DO MANTENINHA";89,21
"316260";"SAO JOAO DO ORIENTE";76,47
"316265";"SAO JOAO DO PACUI";2,8
"316270";"SAO JOAO DO PARAISO";19,1
"316280";"SAO JOAO EVANGELISTA";64,81
"316290";"SAO JOAO NEPOMUCENO";89,43
"316292";"SAO JOAQUIM DE BICAS";70,28
"316294";"SAO JOSE DA BARRA";88,42
"316295";"SAO JOSE DA LAPA";81,76
"316300";"SAO JOSE DA SAFIRA";66,55
"316310";"SAO JOSE DA VARGINHA";52,56
"316320";"SAO JOSE DO ALEGRE";71,69
"316330";"SAO JOSE DO DIVINO";82,03
"316340";"SAO JOSE DO GOIABAL";74,41
"316350";"SAO JOSE DO JACURI";37,92
"316360";"SAO JOSE DO MANTIMENTO";86,04
"316370";"SAO LOURENCO";96,28
"316380";"SAO MIGUEL DO ANTA";49,61
"316390";"SAO PEDRO DA UNIAO";60,47
"316400";"SAO PEDRO DOS FERROS";82,62
"316410";"SAO PEDRO DO SUACUI";47,12
"316420";"SAO ROMAO";18,69
"316430";"SAO ROQUE DE MINAS";64,3
"316440";"SAO SEBASTIAO DA BELA VISTA";60,37
"316443";"SAO SEBASTIAO DA VARGEM ALEGRE";49,04
"316447";"SAO SEBASTIAO DO ANTA";64,6
"316450";"SAO SEBASTIAO DO MARANHAO";30,48
"316460";"SAO SEBASTIAO DO OESTE";67,14
"316470";"SAO SEBASTIAO DO PARAISO";97,39
"316480";"SAO SEBASTIAO DO RIO PRETO";15,53
"316490";"SAO SEBASTIAO DO RIO VERDE";77,28
"316500";"SAO TIAGO";71,78
"316510";"SAO TOMAS DE AQUINO";78,45
"316520";"SAO THOME DAS LETRAS";79,62
"316530";"SAO VICENTE DE MINAS";86,99
"316540";"SAPUCAI-MIRIM";69,3
"316550";"SARDOA";27,7
"316553";"SARZEDO";85,61
"316555";"SETUBINHA";18,2
"316556";"SEM-PEIXE";45,16
"316557";"SENADOR AMARAL";63,69
"316560";"SENADOR CORTES";69,89
"316570";"SENADOR FIRMINO";51,58
"316580";"SENADOR JOSE BENTO";37,05
"316590";"SENADOR MODESTINO GONCALVES";49,09
"316600";"SENHORA DE OLIVEIRA";65,91
"316610";"SENHORA DO PORTO";41,72
"316620";"SENHORA DOS REMEDIOS";55,32
"316630";"SERICITA";46,58
"316640";"SERITINGA";80,39
"316650";"SERRA AZUL DE MINAS";41,06
"316660";"SERRA DA SAUDADE";53,29
"316670";"SERRA DOS AIMORES";20,48
"316680";"SERRA DO SALITRE";70,29
"316690";"SERRANIA";94,3
"316695";"SERRANOPOLIS DE MINAS";0,39
"316700";"SERRANOS";68,82
"316710";"SERRO";39,73
"316720";"SETE LAGOAS";93,85
"316730";"SILVEIRANIA";67,53
"316740";"SILVIANOPOLIS";89,76
"316750";"SIMAO PEREIRA";80,4
"316760";"SIMONESIA";38,93
"316770";"SOBRALIA";58,26
"316780";"SOLEDADE DE MINAS";61,55
"316790";"TABULEIRO";77,34
"316800";"TAIOBEIRAS";16,1
"316805";"TAPARUBA";59,93
"316810";"TAPIRA";65,14
"316820";"TAPIRAI";64
"316830";"TAQUARACU DE MINAS";42,77
"316840";"TARUMIRIM";52
"316850";"TEIXEIRAS";70,03
"316860";"TEOFILO OTONI";77,58
"316870";"TIMOTEO";93,56
"316880";"TIRADENTES";81,63
"316890";"TIROS";74,48
"316900";"TOCANTINS";81,04
"316905";"TOCOS DO MOJI";34,44
"316910";"TOLEDO";45,95
"316920";"TOMBOS";71,14
"316930";"TRES CORACOES";92,01
"316935";"TRES MARIAS";84,13
"316940";"TRES PONTAS";87,77
"316950";"TUMIRITINGA";34,88
"316960";"TUPACIGUARA";91,27
"316970";"TURMALINA";60,47
"316980";"TURVOLANDIA";61,76
"316990";"UBA";88,01
"317000";"UBAI";0,97
"317005";"UBAPORANGA";52,38
"317010";"UBERABA";97,04
"317020";"UBERLANDIA";98,18
"317030";"UMBURATIBA";68,5
"317040";"UNAI";78,67
"317043";"UNIAO DE MINAS";72,38
"317047";"URUANA DE MINAS";9,98
"317050";"URUCANIA";85,44
"317052";"URUCUIA";11,33
"317057";"VARGEM ALEGRE";73,16
"317060";"VARGEM BONITA";81,46
"317065";"VARGEM GRANDE DO RIO PARDO";1,34
"317070";"VARGINHA";97,76
"317075";"VARJAO DE MINAS";75,78
"317080";"VARZEA DA PALMA";11,8
"317090";"VARZELANDIA";13,69
"317100";"VAZANTE";83,42
"317103";"VERDELANDIA";20,25
"317107";"VEREDINHA";58,13
"317110";"VERISSIMO";63,49
"317115";"VERMELHO NOVO";35,74
"317120";"VESPASIANO";91,1
"317130";"VICOSA";88,98
"317140";"VIEIRAS";52,49
"317150";"MATHIAS LOBATO";81,51
"317160";"VIRGEM DA LAPA";42,3
"317170";"VIRGINIA";54,04
"317180";"VIRGINOPOLIS";54,02
"317190";"VIRGOLANDIA";69,5
"317200";"VISCONDE DO RIO BRANCO";85,5
"317210";"VOLTA GRANDE";71,53
"317220";"WENCESLAU BRAZ";18,14
"320010";"AFONSO CLAUDIO";53,92
"320013";"AGUIA BRANCA";32,92
"320016";"AGUA DOCE DO NORTE";41,83
"320020";"ALEGRE";61,13
"320030";"ALFREDO CHAVES";72,73
"320035";"ALTO RIO NOVO";58,11
"320040";"ANCHIETA";54,51
"320050";"APIACA";69,76
"320060";"ARACRUZ";82,58
"320070";"ATILIO VIVACQUA";73,6
"320080";"BAIXO GUANDU";77,8
"320090";"BARRA DE SAO FRANCISCO";57,75
"320100";"BOA ESPERANCA";50,03
"320110";"BOM JESUS DO NORTE";80,15
"320115";"BREJETUBA";46,96
"320120";"CACHOEIRO DE ITAPEMIRIM";89,6
"320130";"CARIACICA";80,36
"320140";"CASTELO";67,56
"320150";"COLATINA";85,9
"320160";"CONCEICAO DA BARRA";31,54
"320170";"CONCEICAO DO CASTELO";49,8
"320180";"DIVINO DE SAO LOURENCO";34,5
"320190";"DOMINGOS MARTINS";48,86
"320200";"DORES DO RIO PRETO";55,51
"320210";"ECOPORANGA";44,92
"320220";"FUNDAO";39,45
"320225";"GOVERNADOR LINDENBERG";41,81
"320230";"GUACUI";73,29
"320240";"GUARAPARI";66,09
"320245";"IBATIBA";55,71
"320250";"IBIRACU";77,39
"320255";"IBITIRAMA";39,4
"320260";"ICONHA";58,63
"320265";"IRUPI";34,05
"320270";"ITAGUACU";49,89
"320280";"ITAPEMIRIM";22,28
"320290";"ITARANA";61,48
"320300";"IUNA";64,62
"320305";"JAGUARE";61,55
"320310";"JERONIMO MONTEIRO";76,77
"320313";"JOAO NEIVA";81,25
"320316";"LARANJA DA TERRA";52,22
"320320";"LINHARES";68,29
"320330";"MANTENOPOLIS";61,59
"320332";"MARATAIZES";53,47
"320334";"MARECHAL FLORIANO";30,93
"320335";"MARILANDIA";58,92
"320340";"MIMOSO DO SUL";50,9
"320350";"MONTANHA";75,18
"320360";"MUCURICI";62,76
"320370";"MUNIZ FREIRE";44,28
"320380";"MUQUI";59,81
"320390";"NOVA VENECIA";65,48
"320400";"PANCAS";47,89
"320405";"PEDRO CANARIO";52,45
"320410";"PINHEIROS";74,98
"320420";"PIUMA";67,38
"320425";"PONTO BELO";71,27
"320430";"PRESIDENTE KENNEDY";38,02
"320435";"RIO BANANAL";34,28
"320440";"RIO NOVO DO SUL";47,12
"320450";"SANTA LEOPOLDINA";24,94
"320455";"SANTA MARIA DE JETIBA";45,92
"320460";"SANTA TERESA";64,42
"320465";"SAO DOMINGOS DO NORTE";46,94
"320470";"SAO GABRIEL DA PALHA";70,22
"320480";"SAO JOSE DO CALCADO";67,64
"320490";"SAO MATEUS";62,15
"320495";"SAO ROQUE DO CANAA";41,8
"320500";"SERRA";85,66
"320501";"SOORETAMA";46,53
"320503";"VARGEM ALTA";27,61
"320506";"VENDA NOVA DO IMIGRANTE";88,16
"320510";"VIANA";70,45
"320515";"VILA PAVAO";30,14
"320517";"VILA VALERIO";35,16
"320520";"VILA VELHA";86,46
"320530";"VITORIA";98,26
"330010";"ANGRA DOS REIS";85,44
"330015";"APERIBE";78,59
"330020";"ARARUAMA";64,85
"330022";"AREAL";45,8
"330023";"ARMACAO DOS BUZIOS";90,06
"330025";"ARRAIAL DO CABO";91,56
"330030";"BARRA DO PIRAI";78,12
"330040";"BARRA MANSA";82,21
"330045";"BELFORD ROXO";82,04
"330050";"BOM JARDIM";54,31
"330060";"BOM JESUS DO ITABAPOANA";81,41
"330070";"CABO FRIO";82,97
"330080";"CACHOEIRAS DE MACACU";66,28
"330090";"CAMBUCI";59,53
"330093";"CARAPEBUS";78,08
"330095";"COMENDADOR LEVY GASPARIAN";80,09
"330100";"CAMPOS DOS GOYTACAZES";58,17
"330110";"CANTAGALO";72,48
"330115";"CARDOSO MOREIRA";60,31
"330120";"CARMO";72,01
"330130";"CASIMIRO DE ABREU";75,42
"330140";"CONCEICAO DE MACABU";64,98
"330150";"CORDEIRO";83,98
"330160";"DUAS BARRAS";48,83
"330170";"DUQUE DE CAXIAS";86,08
"330180";"ENGENHEIRO PAULO DE FRONTIN";62,36
"330185";"GUAPIMIRIM";69,44
"330187";"IGUABA GRANDE";87,2
"330190";"ITABORAI";65,88
"330200";"ITAGUAI";78,07
"330205";"ITALVA";72,93
"330210";"ITAOCARA";72,2
"330220";"ITAPERUNA";88,26
"330225";"ITATIAIA";88,64
"330227";"JAPERI";68,99
"330230";"LAJE DO MURIAE";69,35
"330240";"MACAE";82,8
"330245";"MACUCO";97,45
"330250";"MAGE";63,96
"330260";"MANGARATIBA";78,3
"330270";"MARICA";64,26
"330280";"MENDES";62,05
"330285";"MESQUITA";93,75
"330290";"MIGUEL PEREIRA";69,97
"330300";"MIRACEMA";87,88
"330310";"NATIVIDADE";76,7
"330320";"NILOPOLIS";98,71
"330330";"NITEROI";92,1
"330340";"NOVA FRIBURGO";83,47
"330350";"NOVA IGUACU";83,89
"330360";"PARACAMBI";83,04
"330370";"PARAIBA DO SUL";82,54
"330380";"PARATY";57,01
"330385";"PATY DO ALFERES";57,72
"330390";"PETROPOLIS";82,89
"330395";"PINHEIRAL";91,85
"330400";"PIRAI";80,36
"330410";"PORCIUNCULA";75,49
"330411";"PORTO REAL";93,02
"330412";"QUATIS";83,15
"330414";"QUEIMADOS";84,18
"330415";"QUISSAMA";85,43
"330420";"RESENDE";95,03
"330430";"RIO BONITO";76,45
"330440";"RIO CLARO";65,22
"330450";"RIO DAS FLORES";69,94
"330452";"RIO DAS OSTRAS";85,87
"330455";"RIO DE JANEIRO";94,9
"330460";"SANTA MARIA MADALENA";54,65
"330470";"SANTO ANTONIO DE PADUA";82,2
"330475";"SAO FRANCISCO DE ITABAPOANA";13,06
"330480";"SAO FIDELIS";75,27
"330490";"SAO GONCALO";82,01
"330500";"SAO JOAO DA BARRA";36,76
"330510";"SAO JOAO DE MERITI";94,44
"330513";"SAO JOSE DE UBA";65,6
"330515";"SAO JOSE DO VALE DO RIO PRETO";40,22
"330520";"SAO PEDRO DA ALDEIA";81,36
"330530";"SAO SEBASTIAO DO ALTO";48,89
"330540";"SAPUCAIA";68,14
"330550";"SAQUAREMA";55,45
"330555";"SEROPEDICA";65,2
"330560";"SILVA JARDIM";61,15
"330570";"SUMIDOURO";29,79
"330575";"TANGUA";59,13
"330580";"TERESOPOLIS";69,27
"330590";"TRAJANO DE MORAES";32,01
"330600";"TRES RIOS";82,96
"330610";"VALENCA";73,4
"330615";"VARRE-SAI";65,95
"330620";"VASSOURAS";74,59
"330630";"VOLTA REDONDA";96,35
"350010";"ADAMANTINA";95,94
"350020";"ADOLFO";94,42
"350030";"AGUAI";90,53
"350040";"AGUAS DA PRATA";85,63
"350050";"AGUAS DE LINDOIA";93,26
"350055";"AGUAS DE SANTA BARBARA";75,57
"350060";"AGUAS DE SAO PEDRO";97,98
"350070";"AGUDOS";95,23
"350075";"ALAMBARI";58,49
"350080";"ALFREDO MARCONDES";84,5
"350090";"ALTAIR";99,67
"350100";"ALTINOPOLIS";88,65
"350110";"ALTO ALEGRE";83,34
"350115";"ALUMINIO";85,05
"350120";"ALVARES FLORENCE";82,57
"350130";"ALVARES MACHADO";88,57
"350140";"ALVARO DE CARVALHO";93,87
"350150";"ALVINLANDIA";90
"350160";"AMERICANA";98,82
"350170";"AMERICO BRASILIENSE";99,22
"350180";"AMERICO DE CAMPOS";87,2
"350190";"AMPARO";89,71
"350200";"ANALANDIA";77,51
"350210";"ANDRADINA";91,18
"350220";"ANGATUBA";84,49
"350230";"ANHEMBI";90,01
"350240";"ANHUMAS";87
"350250";"APARECIDA";96,79
"350260";"APARECIDA D'OESTE";82,04
"350270";"APIAI";55,47
"350275";"ARACARIGUAMA";66,58
"350280";"ARACATUBA";98
"350290";"ARACOIABA DA SERRA";53,73
"350300";"ARAMINA";93,27
"350310";"ARANDU";87,89
"350315";"ARAPEI";60,81
"350320";"ARARAQUARA";98,62
"350330";"ARARAS";98,73
"350335";"ARCO-IRIS";67,49
"350340";"AREALVA";90,26
"350350";"AREIAS";65,44
"350360";"AREIOPOLIS";98,91
"350370";"ARIRANHA";95,66
"350380";"ARTUR NOGUEIRA";90,93
"350390";"ARUJA";86,28
"350395";"ASPASIA";74,21
"350400";"ASSIS";97,99
"350410";"ATIBAIA";81,52
"350420";"AURIFLAMA";92,37
"350430";"AVAI";76,12
"350440";"AVANHANDAVA";94,17
"350450";"AVARE";95,6
"350460";"BADY BASSITT";93,55
"350470";"BALBINOS";91,51
"350480";"BALSAMO";92,09
"350490";"BANANAL";85,59
"350500";"BARAO DE ANTONINA";56
"350510";"BARBOSA";89,96
"350520";"BARIRI";97,91
"350530";"BARRA BONITA";98,96
"350535";"BARRA DO CHAPEU";25,59
"350540";"BARRA DO TURVO";45,09
"350550";"BARRETOS";96,59
"350560";"BARRINHA";98,38
"350570";"BARUERI";95,58
"350580";"BASTOS";89,28
"350590";"BATATAIS";97,29
"350600";"BAURU";98,42
"350610";"BEBEDOURO";96,63
"350620";"BENTO DE ABREU";97,91
"350630";"BERNARDINO DE CAMPOS";93,15
"350635";"BERTIOGA";78,62
"350640";"BILAC";91,34
"350650";"BIRIGUI";97,63
"350660";"BIRITIBA-MIRIM";80,35
"350670";"BOA ESPERANCA DO SUL";95,95
"350680";"BOCAINA";95,35
"350690";"BOFETE";72,09
"350700";"BOITUVA";89,05
"350710";"BOM JESUS DOS PERDOES";96,4
"350715";"BOM SUCESSO DE ITARARE";64,38
"350720";"BORA";84,93
"350730";"BORACEIA";93,47
"350740";"BORBOREMA";92,56
"350745";"BOREBI";87,87
"350750";"BOTUCATU";96,03
"350760";"BRAGANCA PAULISTA";87,83
"350770";"BRAUNA";88,92
"350775";"BREJO ALEGRE";83,6
"350780";"BRODOWSKI";98,36
"350790";"BROTAS";92,25
"350800";"BURI";79,5
"350810";"BURITAMA";91,04
"350820";"BURITIZAL";89,15
"350830";"CABRALIA PAULISTA";86,44
"350840";"CABREUVA";90,08
"350850";"CACAPAVA";87,27
"350860";"CACHOEIRA PAULISTA";90,37
"350870";"CACONDE";68,4
"350880";"CAFELANDIA";89,82
"350890";"CAIABU";74,83
"350900";"CAIEIRAS";92,33
"350910";"CAIUA";47,11
"350920";"CAJAMAR";77,33
"350925";"CAJATI";69,8
"350930";"CAJOBI";98,39
"350940";"CAJURU";88,83
"350945";"CAMPINA DO MONTE ALEGRE";92,37
"350950";"CAMPINAS";91,85
"350960";"CAMPO LIMPO PAULISTA";77,05
"350970";"CAMPOS DO JORDAO";85,1
"350980";"CAMPOS NOVOS PAULISTA";78,85
"350990";"CANANEIA";77,74
"350995";"CANAS";86,39
"351000";"CANDIDO MOTA";93,89
"351010";"CANDIDO RODRIGUES";86,41
"351015";"CANITAR";88,34
"351020";"CAPAO BONITO";86,35
"351030";"CAPELA DO ALTO";63,45
"351040";"CAPIVARI";89,56
"351050";"CARAGUATATUBA";88,59
"351060";"CARAPICUIBA";88,03
"351070";"CARDOSO";87,71
"351080";"CASA BRANCA";91,85
"351090";"CASSIA DOS COQUEIROS";66,91
"351100";"CASTILHO";82,24
"351110";"CATANDUVA";99,06
"351120";"CATIGUA";90,8
"351130";"CEDRAL";95,41
"351140";"CERQUEIRA CESAR";91,32
"351150";"CERQUILHO";95,52
"351160";"CESARIO LANGE";73,06
"351170";"CHARQUEADA";87,77
"351190";"CLEMENTINA";96,25
"351200";"COLINA";94,84
"351210";"COLOMBIA";83,07
"351220";"CONCHAL";99,09
"351230";"CONCHAS";79,88
"351240";"CORDEIROPOLIS";92,37
"351250";"COROADOS";82,5
"351260";"CORONEL MACEDO";76,71
"351270";"CORUMBATAI";66,94
"351280";"COSMOPOLIS";94,91
"351290";"COSMORAMA";74,16
"351300";"COTIA";81,94
"351310";"CRAVINHOS";97,79
"351320";"CRISTAIS PAULISTA";77,91
"351330";"CRUZALIA";68,04
"351340";"CRUZEIRO";96,38
"351350";"CUBATAO";63,42
"351360";"CUNHA";53,47
"351370";"DESCALVADO";93,37
"351380";"DIADEMA";97,5
"351385";"DIRCE REIS";79,63
"351390";"DIVINOLANDIA";69,91
"351400";"DOBRADA";98,85
"351410";"DOIS CORREGOS";95,72
"351420";"DOLCINOPOLIS";94,11
"351430";"DOURADO";97,43
"351440";"DRACENA";94,2
"351450";"DUARTINA";94,57
"351460";"DUMONT";97,11
"351470";"ECHAPORA";85,09
"351480";"ELDORADO";63,45
"351490";"ELIAS FAUSTO";88,4
"351492";"ELISIARIO";100
"351495";"EMBAUBA";85,64
"351500";"EMBU DAS ARTES";79,63
"351510";"EMBU-GUACU";56,98
"351512";"EMILIANOPOLIS";83,86
"351515";"ENGENHEIRO COELHO";87,07
"351518";"ESPIRITO SANTO DO PINHAL";93,48
"351519";"ESPIRITO SANTO DO TURVO";83,97
"351520";"ESTRELA D'OESTE";81,85
"351530";"ESTRELA DO NORTE";85,6
"351535";"EUCLIDES DA CUNHA PAULISTA";63,01
"351540";"FARTURA";91,23
"351550";"FERNANDOPOLIS";98,26
"351560";"FERNANDO PRESTES";85,32
"351565";"FERNAO";66,73
"351570";"FERRAZ DE VASCONCELOS";85,57
"351580";"FLORA RICA";99,52
"351590";"FLOREAL";91,33
"351600";"FLORIDA PAULISTA";91,07
"351610";"FLORINIA";91,82
"351620";"FRANCA";98,51
"351630";"FRANCISCO MORATO";59,14
"351640";"FRANCO DA ROCHA";74,88
"351650";"GABRIEL MONTEIRO";85,22
"351660";"GALIA";88,49
"351670";"GARCA";95,38
"351680";"GASTAO VIDIGAL";94,43
"351685";"GAVIAO PEIXOTO";87,85
"351690";"GENERAL SALGADO";89,6
"351700";"GETULINA";85,48
"351710";"GLICERIO";74,87
"351720";"GUAICARA";88,97
"351730";"GUAIMBE";96,51
"351740";"GUAIRA";98,4
"351750";"GUAPIACU";88,99
"351760";"GUAPIARA";42,49
"351770";"GUARA";96,76
"351780";"GUARACAI";83,49
"351790";"GUARACI";94
"351800";"GUARANI D'OESTE";87,37
"351810";"GUARANTA";87,61
"351820";"GUARARAPES";94,72
"351830";"GUARAREMA";71,44
"351840";"GUARATINGUETA";91,47
"351850";"GUAREI";58,94
"351860";"GUARIBA";98,96
"351870";"GUARUJA";83,48
"351880";"GUARULHOS";89,38
"351885";"GUATAPARA";80,87
"351890";"GUZOLANDIA";85,34
"351900";"HERCULANDIA";87,73
"351905";"HOLAMBRA";75,34
"351907";"HORTOLANDIA";52,36
"351910";"IACANGA";93,14
"351920";"IACRI";82,65
"351925";"IARAS";58,78
"351930";"IBATE";98,74
"351940";"IBIRA";88,99
"351950";"IBIRAREMA";88,73
"351960";"IBITINGA";97,82
"351970";"IBIUNA";49,05
"351980";"ICEM";99,28
"351990";"IEPE";85,95
"352000";"IGARACU DO TIETE";99,34
"352010";"IGARAPAVA";95,52
"352020";"IGARATA";85,05
"352030";"IGUAPE";76,77
"352040";"ILHABELA";36,34
"352042";"ILHA COMPRIDA";94,34
"352044";"ILHA SOLTEIRA";94,21
"352050";"INDAIATUBA";97,4
"352060";"INDIANA";71,85
"352070";"INDIAPORA";87,96
"352080";"INUBIA PAULISTA";95,41
"352090";"IPAUSSU";98,1
"352100";"IPERO";79,3
"352110";"IPEUNA";84,87
"352115";"IPIGUA";77,9
"352120";"IPORANGA";69,17
"352130";"IPUA";95,87
"352140";"IRACEMAPOLIS";97,94
"352150";"IRAPUA";90,3
"352160";"IRAPURU";82,02
"352170";"ITABERA";72,45
"352180";"ITAI";84,69
"352190";"ITAJOBI";89,65
"352200";"ITAJU";99,39
"352210";"ITANHAEM";81,7
"352215";"ITAOCA";35,31
"352220";"ITAPECERICA DA SERRA";52,76
"352230";"ITAPETININGA";92,86
"352240";"ITAPEVA";85
"352250";"ITAPEVI";83,48
"352260";"ITAPIRA";97,16
"352265";"ITAPIRAPUA PAULISTA";50,65
"352270";"ITAPOLIS";91,98
"352280";"ITAPORANGA";80,62
"352290";"ITAPUI";98,41
"352300";"ITAPURA";33,85
"352310";"ITAQUAQUECETUBA";80,83
"352320";"ITARARE";86,65
"352330";"ITARIRI";57,75
"352340";"ITATIBA";94,13
"352350";"ITATINGA";91,23
"352360";"ITIRAPINA";86,11
"352370";"ITIRAPUA";89,54
"352380";"ITOBI";92,18
"352390";"ITU";97,22
"352400";"ITUPEVA";90,17
"352410";"ITUVERAVA";97,99
"352420";"JABORANDI";99,65
"352430";"JABOTICABAL";98,47
"352440";"JACAREI";95,24
"352450";"JACI";88,21
"352460";"JACUPIRANGA";80,84
"352470";"JAGUARIUNA";95,2
"352480";"JALES";94,2
"352490";"JAMBEIRO";64,62
"352500";"JANDIRA";90,6
"352510";"JARDINOPOLIS";98,26
"352520";"JARINU";53,74
"352530";"JAU";98,48
"352540";"JERIQUARA";99,28
"352550";"JOANOPOLIS";81,55
"352560";"JOAO RAMALHO";85,24
"352570";"JOSE BONIFACIO";89,86
"352580";"JULIO MESQUITA";92,2
"352585";"JUMIRIM";65,93
"352590";"JUNDIAI";96,89
"352600";"JUNQUEIROPOLIS";92,33
"352610";"JUQUIA";62,2
"352620";"JUQUITIBA";46,96
"352630";"LAGOINHA";67,02
"352640";"LARANJAL PAULISTA";92,7
"352650";"LAVINIA";86,41
"352660";"LAVRINHAS";80,26
"352670";"LEME";98,42
"352680";"LENCOIS PAULISTA";98,24
"352690";"LIMEIRA";97,08
"352700";"LINDOIA";84,53
"352710";"LINS";98,49
"352720";"LORENA";97,33
"352725";"LOURDES";81,49
"352730";"LOUVEIRA";94,66
"352740";"LUCELIA";95,16
"352750";"LUCIANOPOLIS";83,81
"352760";"LUIS ANTONIO";98,19
"352770";"LUIZIANIA";92,37
"352780";"LUPERCIO";97,21
"352790";"LUTECIA";85,54
"352800";"MACATUBA";97,57
"352810";"MACAUBAL";91,21
"352820";"MACEDONIA";75,22
"352830";"MAGDA";85,86
"352840";"MAIRINQUE";81,3
"352850";"MAIRIPORA";68,55
"352860";"MANDURI";93,2
"352870";"MARABA PAULISTA";57,02
"352880";"MARACAI";85,86
"352885";"MARAPOAMA";85,6
"352890";"MARIAPOLIS";79,49
"352900";"MARILIA";97,04
"352910";"MARINOPOLIS";85,65
"352920";"MARTINOPOLIS";89,8
"352930";"MATAO";98,6
"352940";"MAUA";91,26
"352950";"MENDONCA";83,47
"352960";"MERIDIANO";86,61
"352965";"MESOPOLIS";80,4
"352970";"MIGUELOPOLIS";94,06
"352980";"MINEIROS DO TIETE";95,81
"352990";"MIRACATU";60,17
"353000";"MIRA ESTRELA";79,32
"353010";"MIRANDOPOLIS";85,76
"353020";"MIRANTE DO PARANAPANEMA";46,21
"353030";"MIRASSOL";97,72
"353040";"MIRASSOLANDIA";99,72
"353050";"MOCOCA";93,35
"353060";"MOGI DAS CRUZES";86,79
"353070";"MOGI GUACU";96,31
"353080";"MOGI MIRIM";95,25
"353090";"MOMBUCA";82,15
"353100";"MONCOES";84,09
"353110";"MONGAGUA";86,66
"353120";"MONTE ALEGRE DO SUL";62,38
"353130";"MONTE ALTO";95,45
"353140";"MONTE APRAZIVEL";89,28
"353150";"MONTE AZUL PAULISTA";92,8
"353160";"MONTE CASTELO";79,87
"353170";"MONTEIRO LOBATO";49,81
"353180";"MONTE MOR";68,43
"353190";"MORRO AGUDO";95,31
"353200";"MORUNGABA";89,03
"353205";"MOTUCA";72,73
"353210";"MURUTINGA DO SUL";74,84
"353215";"NANTES";95,26
"353220";"NARANDIBA";71,41
"353230";"NATIVIDADE DA SERRA";68,44
"353240";"NAZARE PAULISTA";62,94
"353250";"NEVES PAULISTA";90,98
"353260";"NHANDEARA";85,88
"353270";"NIPOA";92,58
"353280";"NOVA ALIANCA";91,53
"353282";"NOVA CAMPINA";54,39
"353284";"NOVA CANAA PAULISTA";42,95
"353286";"NOVA CASTILHO";70
"353290";"NOVA EUROPA";95,81
"353300";"NOVA GRANADA";92,38
"353310";"NOVA GUATAPORANGA";86,32
"353320";"NOVA INDEPENDENCIA";77,45
"353325";"NOVAIS";95,63
"353330";"NOVA LUZITANIA";89,34
"353340";"NOVA ODESSA";96,23
"353350";"NOVO HORIZONTE";94,65
"353360";"NUPORANGA";94,19
"353370";"OCAUCU";89,02
"353380";"OLEO";64,76
"353390";"OLIMPIA";96,82
"353400";"ONDA VERDE";83,53
"353410";"ORIENTE";94,55
"353420";"ORINDIUVA";92,1
"353430";"ORLANDIA";98,71
"353440";"OSASCO";90,18
"353450";"OSCAR BRESSANE";84,29
"353460";"OSVALDO CRUZ";95,33
"353470";"OURINHOS";96,89
"353475";"OUROESTE";88,7
"353480";"OURO VERDE";65,57
"353490";"PACAEMBU";83,29
"353500";"PALESTINA";73,32
"353510";"PALMARES PAULISTA";97,7
"353520";"PALMEIRA D'OESTE";78,1
"353530";"PALMITAL";92,64
"353540";"PANORAMA";92,24
"353550";"PARAGUACU PAULISTA";93,38
"353560";"PARAIBUNA";64,19
"353570";"PARAISO";86,67
"353580";"PARANAPANEMA";80,94
"353590";"PARANAPUA";88,43
"353600";"PARAPUA";94,3
"353610";"PARDINHO";85,47
"353620";"PARIQUERA-ACU";74,66
"353625";"PARISI";82,7
"353630";"PATROCINIO PAULISTA";88,16
"353640";"PAULICEIA";45,07
"353650";"PAULINIA";94,14
"353657";"PAULISTANIA";63,26
"353660";"PAULO DE FARIA";90,75
"353670";"PEDERNEIRAS";93,05
"353680";"PEDRA BELA";45,82
"353690";"PEDRANOPOLIS";62,85
"353700";"PEDREGULHO";82,36
"353710";"PEDREIRA";97,63
"353715";"PEDRINHAS PAULISTA";83,35
"353720";"PEDRO DE TOLEDO";81,35
"353730";"PENAPOLIS";96,91
"353740";"PEREIRA BARRETO";94,78
"353750";"PEREIRAS";76,66
"353760";"PERUIBE";82,15
"353770";"PIACATU";91,84
"353780";"PIEDADE";46,29
"353790";"PILAR DO SUL";81,79
"353800";"PINDAMONHANGABA";95,83
"353810";"PINDORAMA";94,53
"353820";"PINHALZINHO";67,17
"353830";"PIQUEROBI";67,89
"353850";"PIQUETE";77,1
"353860";"PIRACAIA";78,26
"353870";"PIRACICABA";97,95
"353880";"PIRAJU";90,71
"353890";"PIRAJUI";91,32
"353900";"PIRANGI";97,63
"353910";"PIRAPORA DO BOM JESUS";73,26
"353920";"PIRAPOZINHO";93,63
"353930";"PIRASSUNUNGA";95,09
"353940";"PIRATININGA";85,39
"353950";"PITANGUEIRAS";97,58
"353960";"PLANALTO";99,51
"353970";"PLATINA";79,87
"353980";"POA";96,05
"353990";"POLONI";89,75
"354000";"POMPEIA";95,16
"354010";"PONGAI";95,13
"354020";"PONTAL";99,36
"354025";"PONTALINDA";83,64
"354030";"PONTES GESTAL";99,89
"354040";"POPULINA";89,07
"354050";"PORANGABA";64,37
"354060";"PORTO FELIZ";92,36
"354070";"PORTO FERREIRA";98,91
"354075";"POTIM";97,69
"354080";"POTIRENDABA";89,64
"354085";"PRACINHA";87,06
"354090";"PRADOPOLIS";95,16
"354100";"PRAIA GRANDE";93,79
"354105";"PRATANIA";82,68
"354110";"PRESIDENTE ALVES";89,61
"354120";"PRESIDENTE BERNARDES";75,84
"354130";"PRESIDENTE EPITACIO";84,68
"354140";"PRESIDENTE PRUDENTE";98,07
"354150";"PRESIDENTE VENCESLAU";95,81
"354160";"PROMISSAO";88,95
"354165";"QUADRA";29,37
"354170";"QUATA";94,22
"354180";"QUEIROZ";87,6
"354190";"QUELUZ";73,21
"354200";"QUINTANA";91,84
"354210";"RAFARD";92,13
"354220";"RANCHARIA";92,58
"354230";"REDENCAO DA SERRA";44,13
"354240";"REGENTE FEIJO";91,77
"354250";"REGINOPOLIS";81,67
"354260";"REGISTRO";87,9
"354270";"RESTINGA";86,75
"354280";"RIBEIRA";34,85
"354290";"RIBEIRAO BONITO";91,93
"354300";"RIBEIRAO BRANCO";51,86
"354310";"RIBEIRAO CORRENTE";77,39
"354320";"RIBEIRAO DO SUL";68,27
"354323";"RIBEIRAO DOS INDIOS";84,45
"354325";"RIBEIRAO GRANDE";46,25
"354330";"RIBEIRAO PIRES";86,59
"354340";"RIBEIRAO PRETO";98,61
"354350";"RIVERSUL";71,59
"354360";"RIFAINA";98,09
"354370";"RINCAO";98,75
"354380";"RINOPOLIS";88,67
"354390";"RIO CLARO";98,66
"354400";"RIO DAS PEDRAS";99
"354410";"RIO GRANDE DA SERRA";78,09
"354420";"RIOLANDIA";90,05
"354425";"ROSANA";83,01
"354430";"ROSEIRA";91,62
"354440";"RUBIACEA";77,48
"354450";"RUBINEIA";71,99
"354460";"SABINO";87,29
"354470";"SAGRES";98,45
"354480";"SALES";94,17
"354490";"SALES OLIVEIRA";94
"354500";"SALESOPOLIS";82,99
"354510";"SALMOURAO";88,65
"354515";"SALTINHO";89,51
"354520";"SALTO";98,06
"354530";"SALTO DE PIRAPORA";80,93
"354540";"SALTO GRANDE";36,8
"354550";"SANDOVALINA";67
"354560";"SANTA ADELIA";94,55
"354570";"SANTA ALBERTINA";84,39
"354580";"SANTA BARBARA D'OESTE";98,66
"354600";"SANTA BRANCA";76,1
"354610";"SANTA CLARA D'OESTE";75,72
"354620";"SANTA CRUZ DA CONCEICAO";94,85
"354625";"SANTA CRUZ DA ESPERANCA";69,52
"354630";"SANTA CRUZ DAS PALMEIRAS";98,07
"354640";"SANTA CRUZ DO RIO PARDO";89,61
"354650";"SANTA ERNESTINA";93,29
"354660";"SANTA FE DO SUL";96,74
"354670";"SANTA GERTRUDES";99,02
"354680";"SANTA ISABEL";77,9
"354690";"SANTA LUCIA";95,98
"354700";"SANTA MARIA DA SERRA";99,17
"354710";"SANTA MERCEDES";71,26
"354720";"SANTANA DA PONTE PENSA";73,57
"354730";"SANTANA DE PARNAIBA";72,74
"354740";"SANTA RITA D'OESTE";66,92
"354750";"SANTA RITA DO PASSA QUATRO";93,86
"354760";"SANTA ROSA DE VITERBO";99,34
"354765";"SANTA SALETE";59,21
"354770";"SANTO ANASTACIO";93,38
"354780";"SANTO ANDRE";96,41
"354790";"SANTO ANTONIO DA ALEGRIA";83,42
"354800";"SANTO ANTONIO DE POSSE";85,22
"354805";"SANTO ANTONIO DO ARACANGUA";88,17
"354810";"SANTO ANTONIO DO JARDIM";64,45
"354820";"SANTO ANTONIO DO PINHAL";66,72
"354830";"SANTO EXPEDITO";77,54
"354840";"SANTOPOLIS DO AGUAPEI";97,55
"354850";"SANTOS";95,99
"354860";"SAO BENTO DO SAPUCAI";65,17
"354870";"SAO BERNARDO DO CAMPO";92,52
"354880";"SAO CAETANO DO SUL";99,97
"354890";"SAO CARLOS";98,45
"354900";"SAO FRANCISCO";90,46
"354910";"SAO JOAO DA BOA VISTA";96,78
"354920";"SAO JOAO DAS DUAS PONTES";84,74
"354925";"SAO JOAO DE IRACEMA";80,37
"354930";"SAO JOAO DO PAU D'ALHO";82,71
"354940";"SAO JOAQUIM DA BARRA";98,67
"354950";"SAO JOSE DA BELA VISTA";90,87
"354960";"SAO JOSE DO BARREIRO";75,39
"354970";"SAO JOSE DO RIO PARDO";91,36
"354980";"SAO JOSE DO RIO PRETO";96,2
"354990";"SAO JOSE DOS CAMPOS";94,6
"354995";"SAO LOURENCO DA SERRA";75,33
"355000";"SAO LUIS DO PARAITINGA";65,77
"355010";"SAO MANUEL";98,01
"355020";"SAO MIGUEL ARCANJO";62,95
"355030";"SAO PAULO";93,54
"355040";"SAO PEDRO";86,5
"355050";"SAO PEDRO DO TURVO";73,06
"355060";"SAO ROQUE";82,39
"355070";"SAO SEBASTIAO";83
"355080";"SAO SEBASTIAO DA GRAMA";75,23
"355090";"SAO SIMAO";95,1
"355100";"SAO VICENTE";91,79
"355110";"SARAPUI";64,03
"355120";"SARUTAIA";93,11
"355130";"SEBASTIANOPOLIS DO SUL";90,42
"355140";"SERRA AZUL";89,59
"355150";"SERRANA";98,95
"355160";"SERRA NEGRA";74,32
"355170";"SERTAOZINHO";99,32
"355180";"SETE BARRAS";75,67
"355190";"SEVERINIA";96,52
"355200";"SILVEIRAS";70,47
"355210";"SOCORRO";65,1
"355220";"SOROCABA";98,13
"355230";"SUD MENNUCCI";95,42
"355240";"SUMARE";95,5
"355250";"SUZANO";90,1
"355255";"SUZANAPOLIS";69,91
"355260";"TABAPUA";98,91
"355270";"TABATINGA";89,39
"355280";"TABOAO DA SERRA";93,93
"355290";"TACIBA";87,16
"355300";"TAGUAI";88,76
"355310";"TAIACU";91,07
"355320";"TAIUVA";96,84
"355330";"TAMBAU";93,03
"355340";"TANABI";82,81
"355350";"TAPIRAI";74,54
"355360";"TAPIRATIBA";87,73
"355365";"TAQUARAL";95,4
"355370";"TAQUARITINGA";94,65
"355380";"TAQUARITUBA";89,87
"355385";"TAQUARIVAI";61,96
"355390";"TARABAI";94,91
"355395";"TARUMA";93,93
"355400";"TATUI";94,64
"355410";"TAUBATE";96,52
"355420";"TEJUPA";63,27
"355430";"TEODORO SAMPAIO";79,8
"355440";"TERRA ROXA";95,07
"355450";"TIETE";91,22
"355460";"TIMBURI";78,68
"355465";"TORRE DE PEDRA";66,63
"355470";"TORRINHA";91,44
"355475";"TRABIJU";92,02
"355480";"TREMEMBE";87,64
"355490";"TRES FRONTEIRAS";83,88
"355495";"TUIUTI";38,96
"355500";"TUPA";97,44
"355510";"TUPI PAULISTA";87,14
"355520";"TURIUBA";83,36
"355530";"TURMALINA";75,07
"355535";"UBARANA";89,08
"355540";"UBATUBA";62,79
"355550";"UBIRAJARA";72,43
"355560";"UCHOA";98,81
"355570";"UNIAO PAULISTA";79,97
"355580";"URANIA";89,95
"355590";"URU";91,32
"355600";"URUPES";91,28
"355610";"VALENTIM GENTIL";92,65
"355620";"VALINHOS";95,04
"355630";"VALPARAISO";93,99
"355635";"VARGEM";42,54
"355640";"VARGEM GRANDE DO SUL";95,05
"355645";"VARGEM GRANDE PAULISTA";84,38
"355650";"VARZEA PAULISTA";93,14
"355660";"VERA CRUZ";88,33
"355670";"VINHEDO";95,32
"355680";"VIRADOURO";97,94
"355690";"VISTA ALEGRE DO ALTO";93,09
"355695";"VITORIA BRASIL";81,55
"355700";"VOTORANTIM";96,35
"355710";"VOTUPORANGA";97,08
"355715";"ZACARIAS";83,1
"355720";"CHAVANTES";92,15
"355730";"ESTIVA GERBI";88,8
"410010";"ABATIA";31,2
"410020";"ADRIANOPOLIS";37,64
"410030";"AGUDOS DO SUL";15,12
"410040";"ALMIRANTE TAMANDARE";65,82
"410045";"ALTAMIRA DO PARANA";2,1
"410050";"ALTONIA";18,38
"410060";"ALTO PARANA";59,91
"410070";"ALTO PIQUIRI";29,72
"410080";"ALVORADA DO SUL";5,01
"410090";"AMAPORA";20,15
"410100";"AMPERE";58,62
"410105";"ANAHY";28,46
"410110";"ANDIRA";58,12
"410115";"ANGULO";1,84
"410120";"ANTONINA";74,84
"410130";"ANTONIO OLINTO";15,97
"410140";"APUCARANA";42,82
"410150";"ARAPONGAS";58,74
"410160";"ARAPOTI";39,2
"410165";"ARAPUA";8,65
"410170";"ARARUNA";18,89
"410180";"ARAUCARIA";83,61
"410185";"ARIRANHA DO IVAI";3,61
"410190";"ASSAI";53,02
"410200";"ASSIS CHATEAUBRIAND";45,96
"410210";"ASTORGA";61,22
"410220";"ATALAIA";1,08
"410230";"BALSA NOVA";79,74
"410240";"BANDEIRANTES";87,22
"410250";"BARBOSA FERRAZ";37,32
"410260";"BARRACAO";53,69
"410270";"BARRA DO JACARE";24,77
"410275";"BELA VISTA DA CAROBA";2,17
"410280";"BELA VISTA DO PARAISO";43,26
"410290";"BITURUNA";62,88
"410300";"BOA ESPERANCA";0,66
"410302";"BOA ESPERANCA DO IGUACU";1,2
"410304";"BOA VENTURA DE SAO ROQUE";1,35
"410305";"BOA VISTA DA APARECIDA";13,65
"410310";"BOCAIUVA DO SUL";60,42
"410315";"BOM JESUS DO SUL";7,05
"410320";"BOM SUCESSO";22,18
"410322";"BOM SUCESSO DO SUL";58,48
"410330";"BORRAZOPOLIS";13,11
"410335";"BRAGANEY";4,62
"410337";"BRASILANDIA DO SUL";1,12
"410340";"CAFEARA";2,35
"410345";"CAFELANDIA";64,78
"410347";"CAFEZAL DO SUL";1,44
"410350";"CALIFORNIA";1,56
"410360";"CAMBARA";95,03
"410370";"CAMBE";78,38
"410380";"CAMBIRA";12,67
"410390";"CAMPINA DA LAGOA";3,03
"410395";"CAMPINA DO SIMAO";2,15
"410400";"CAMPINA GRANDE DO SUL";86,36
"410405";"CAMPO BONITO";30,03
"410410";"CAMPO DO TENENTE";59,92
"410420";"CAMPO LARGO";64,85
"410425";"CAMPO MAGRO";60,32
"410430";"CAMPO MOURAO";75,94
"410440";"CANDIDO DE ABREU";20,18
"410442";"CANDOI";21,89
"410445";"CANTAGALO";32,14
"410450";"CAPANEMA";30,6
"410460";"CAPITAO LEONIDAS MARQUES";5,34
"410465";"CARAMBEI";66,98
"410470";"CARLOPOLIS";67
"410480";"CASCAVEL";61,65
"410490";"CASTRO";64,1
"410500";"CATANDUVAS";6,12
"410510";"CENTENARIO DO SUL";7,2
"410520";"CERRO AZUL";50,72
"410530";"CEU AZUL";49,43
"410540";"CHOPINZINHO";38,78
"410550";"CIANORTE";53,17
"410560";"CIDADE GAUCHA";66,66
"410570";"CLEVELANDIA";66,09
"410580";"COLOMBO";81,75
"410590";"COLORADO";63,66
"410600";"CONGONHINHAS";7,37
"410610";"CONSELHEIRO MAIRINCK";69,52
"410620";"CONTENDA";31,55
"410630";"CORBELIA";47,51
"410640";"CORNELIO PROCOPIO";90,18
"410645";"CORONEL DOMINGOS SOARES";26,56
"410650";"CORONEL VIVIDA";39,95
"410655";"CORUMBATAI DO SUL";41,3
"410657";"CRUZEIRO DO IGUACU";3
"410660";"CRUZEIRO DO OESTE";50,24
"410670";"CRUZEIRO DO SUL";1,05
"410680";"CRUZ MACHADO";41,2
"410685";"CRUZMALTINA";39,88
"410690";"CURITIBA";96,8
"410700";"CURIUVA";4,16
"410710";"DIAMANTE DO NORTE";15,01
"410712";"DIAMANTE DO SUL";2,9
"410715";"DIAMANTE D'OESTE";7,8
"410720";"DOIS VIZINHOS";46,87
"410725";"DOURADINA";53,1
"410730";"DOUTOR CAMARGO";56,48
"410740";"ENEAS MARQUES";3,36
"410750";"ENGENHEIRO BELTRAO";20,15
"410752";"ESPERANCA NOVA";10,15
"410753";"ENTRE RIOS DO OESTE";15,12
"410754";"ESPIGAO ALTO DO IGUACU";10,38
"410755";"FAROL";1,64
"410760";"FAXINAL";17,92
"410765";"FAZENDA RIO GRANDE";77,99
"410770";"FENIX";5,2
"410773";"FERNANDES PINHEIRO";23,6
"410775";"FIGUEIRA";27,39
"410780";"FLORAI";19,22
"410785";"FLOR DA SERRA DO SUL";19,26
"410790";"FLORESTA";19,81
"410800";"FLORESTOPOLIS";74,69
"410810";"FLORIDA";2,2
"410820";"FORMOSA DO OESTE";5,27
"410830";"FOZ DO IGUACU";76,29
"410832";"FRANCISCO ALVES";1,24
"410840";"FRANCISCO BELTRAO";66,96
"410845";"FOZ DO JORDAO";1,58
"410850";"GENERAL CARNEIRO";53,95
"410855";"GODOY MOREIRA";4,01
"410860";"GOIOERE";43,9
"410865";"GOIOXIM";8,15
"410870";"GRANDES RIOS";29,48
"410880";"GUAIRA";52,47
"410890";"GUAIRACA";3,75
"410895";"GUAMIRANGA";1,02
"410900";"GUAPIRAMA";15,79
"410910";"GUAPOREMA";1,97
"410920";"GUARACI";3,8
"410930";"GUARANIACU";33,71
"410940";"GUARAPUAVA";65,22
"410950";"GUARAQUECABA";57,39
"410960";"GUARATUBA";86,61
"410965";"HONORIO SERPA";4,72
"410970";"IBAITI";40,8
"410975";"IBEMA";1,46
"410980";"IBIPORA";97,34
"410990";"ICARAIMA";2,74
"411000";"IGUARACU";10,56
"411005";"IGUATU";1,09
"411007";"IMBAU";13,34
"411010";"IMBITUVA";60,13
"411020";"INACIO MARTINS";27,71
"411030";"INAJA";0,93
"411040";"INDIANOPOLIS";40,51
"411050";"IPIRANGA";36,17
"411060";"IPORA";23,33
"411065";"IRACEMA DO OESTE";1,06
"411070";"IRATI";74,29
"411080";"IRETAMA";20,12
"411090";"ITAGUAJE";1,55
"411095";"ITAIPULANDIA";45,92
"411100";"ITAMBARACA";26,54
"411110";"ITAMBE";81,34
"411120";"ITAPEJARA D'OESTE";20,25
"411125";"ITAPERUCU";19,13
"411130";"ITAUNA DO SUL";73,06
"411140";"IVAI";27,84
"411150";"IVAIPORA";22,27
"411155";"IVATE";3,64
"411160";"IVATUBA";42,66
"411170";"JABOTI";9,03
"411180";"JACAREZINHO";90,45
"411190";"JAGUAPITA";83,63
"411200";"JAGUARIAIVA";54,48
"411210";"JANDAIA DO SUL";51,26
"411220";"JANIOPOLIS";1,51
"411230";"JAPIRA";22,87
"411240";"JAPURA";5,64
"411250";"JARDIM ALEGRE";42,08
"411260";"JARDIM OLINDA";6,8
"411270";"JATAIZINHO";87,9
"411275";"JESUITAS";19,48
"411280";"JOAQUIM TAVORA";73,22
"411290";"JUNDIAI DO SUL";0,83
"411295";"JURANDA";4,77
"411300";"JUSSARA";64,17
"411310";"KALORE";5,26
"411320";"LAPA";65,29
"411325";"LARANJAL";2,22
"411330";"LARANJEIRAS DO SUL";36,38
"411340";"LEOPOLIS";29,43
"411342";"LIDIANOPOLIS";9,31
"411345";"LINDOESTE";2,75
"411350";"LOANDA";48,84
"411360";"LOBATO";91,98
"411370";"LONDRINA";86,31
"411373";"LUIZIANA";3,53
"411375";"LUNARDELLI";2,42
"411380";"LUPIONOPOLIS";37,81
"411390";"MALLET";22,32
"411400";"MAMBORE";43,69
"411410";"MANDAGUACU";69,89
"411420";"MANDAGUARI";50,48
"411430";"MANDIRITUBA";40,01
"411435";"MANFRINOPOLIS";2,07
"411440";"MANGUEIRINHA";39,25
"411450";"MANOEL RIBAS";8,59
"411460";"MARECHAL CANDIDO RONDON";32,88
"411470";"MARIA HELENA";15,85
"411480";"MARIALVA";45,39
"411490";"MARILANDIA DO SUL";1,93
"411500";"MARILENA";11,64
"411510";"MARILUZ";48,42
"411520";"MARINGA";84,08
"411530";"MARIOPOLIS";19,16
"411535";"MARIPA";27,53
"411540";"MARMELEIRO";27,7
"411545";"MARQUINHO";4,25
"411550";"MARUMBI";0,86
"411560";"MATELANDIA";57,41
"411570";"MATINHOS";90,47
"411573";"MATO RICO";4,11
"411575";"MAUA DA SERRA";3,22
"411580";"MEDIANEIRA";24,8
"411585";"MERCEDES";16,35
"411590";"MIRADOR";9,99
"411600";"MIRASELVA";12,62
"411605";"MISSAL";19,82
"411610";"MOREIRA SALES";3,53
"411620";"MORRETES";65,77
"411630";"MUNHOZ DE MELO";8,09
"411640";"NOSSA SENHORA DAS GRACAS";4,16
"411650";"NOVA ALIANCA DO IVAI";2,27
"411660";"NOVA AMERICA DA COLINA";25,07
"411670";"NOVA AURORA";5,35
"411680";"NOVA CANTU";13,69
"411690";"NOVA ESPERANCA";52,55
"411695";"NOVA ESPERANCA DO SUDOESTE";4,15
"411700";"NOVA FATIMA";2,15
"411705";"NOVA LARANJEIRAS";34,65
"411710";"NOVA LONDRINA";75,51
"411720";"NOVA OLIMPIA";4,06
"411721";"NOVA SANTA BARBARA";36,2
"411722";"NOVA SANTA ROSA";3,86
"411725";"NOVA PRATA DO IGUACU";31,46
"411727";"NOVA TEBAS";6,34
"411729";"NOVO ITACOLOMI";2,2
"411730";"ORTIGUEIRA";33,08
"411740";"OURIZONA";1,47
"411745";"OURO VERDE DO OESTE";24,9
"411750";"PAICANDU";64,39
"411760";"PALMAS";66,52
"411770";"PALMEIRA";74,08
"411780";"PALMITAL";14,99
"411790";"PALOTINA";41,69
"411800";"PARAISO DO NORTE";14,7
"411810";"PARANACITY";42,05
"411820";"PARANAGUA";81,65
"411830";"PARANAPOEMA";4,65
"411840";"PARANAVAI";78,12
"411845";"PATO BRAGADO";5,49
"411850";"PATO BRANCO";91,87
"411860";"PAULA FREITAS";33,53
"411870";"PAULO FRONTIN";25,39
"411880";"PEABIRU";25,53
"411885";"PEROBAL";8,8
"411890";"PEROLA";16,04
"411900";"PEROLA D'OESTE";38,25
"411910";"PIEN";62,75
"411915";"PINHAIS";94,19
"411920";"PINHALAO";7,36
"411925";"PINHAL DE SAO BENTO";17,52
"411930";"PINHAO";23,96
"411940";"PIRAI DO SUL";52,52
"411950";"PIRAQUARA";84,65
"411960";"PITANGA";36,59
"411965";"PITANGUEIRAS";11,25
"411970";"PLANALTINA DO PARANA";8,35
"411980";"PLANALTO";27,09
"411990";"PONTA GROSSA";82,19
"411995";"PONTAL DO PARANA";70,55
"412000";"PORECATU";95,27
"412010";"PORTO AMAZONAS";79,12
"412015";"PORTO BARREIRO";10,05
"412020";"PORTO RICO";4,77
"412030";"PORTO VITORIA";41,27
"412033";"PRADO FERREIRA";30,93
"412035";"PRANCHITA";83,9
"412040";"PRESIDENTE CASTELO BRANCO";8,6
"412050";"PRIMEIRO DE MAIO";14,63
"412060";"PRUDENTOPOLIS";41,93
"412065";"QUARTO CENTENARIO";2,64
"412070";"QUATIGUA";82,53
"412080";"QUATRO BARRAS";83,66
"412085";"QUATRO PONTES";23,72
"412090";"QUEDAS DO IGUACU";44,33
"412100";"QUERENCIA DO NORTE";10,73
"412110";"QUINTA DO SOL";2,99
"412120";"QUITANDINHA";25,58
"412125";"RAMILANDIA";39,63
"412130";"RANCHO ALEGRE";16,47
"412135";"RANCHO ALEGRE D'OESTE";8,83
"412140";"REALEZA";24,19
"412150";"REBOUCAS";55,71
"412160";"RENASCENCA";47
"412170";"RESERVA";37,32
"412175";"RESERVA DO IGUACU";40,43
"412180";"RIBEIRAO CLARO";82,55
"412190";"RIBEIRAO DO PINHAL";55,36
"412200";"RIO AZUL";49,47
"412210";"RIO BOM";1,27
"412215";"RIO BONITO DO IGUACU";8,22
"412217";"RIO BRANCO DO IVAI";13,15
"412220";"RIO BRANCO DO SUL";54,69
"412230";"RIO NEGRO";81,88
"412240";"ROLANDIA";50,75
"412250";"RONCADOR";13,31
"412260";"RONDON";54,12
"412265";"ROSARIO DO IVAI";46,31
"412270";"SABAUDIA";4,03
"412280";"SALGADO FILHO";1,01
"412290";"SALTO DO ITARARE";21,59
"412300";"SALTO DO LONTRA";34,59
"412310";"SANTA AMELIA";6,45
"412320";"SANTA CECILIA DO PAVAO";3,12
"412330";"SANTA CRUZ DE MONTE CASTELO";4,1
"412340";"SANTA FE";21,87
"412350";"SANTA HELENA";41,29
"412360";"SANTA INES";2,9
"412370";"SANTA ISABEL DO IVAI";44,87
"412380";"SANTA IZABEL DO OESTE";28,44
"412382";"SANTA LUCIA";1,85
"412385";"SANTA MARIA DO OESTE";11,35
"412390";"SANTA MARIANA";44,08
"412395";"SANTA MONICA";2,18
"412400";"SANTANA DO ITARARE";1,84
"412402";"SANTA TEREZA DO OESTE";13,7
"412405";"SANTA TEREZINHA DE ITAIPU";34,41
"412410";"SANTO ANTONIO DA PLATINA";81,23
"412420";"SANTO ANTONIO DO CAIUA";20,92
"412430";"SANTO ANTONIO DO PARAISO";2,77
"412440";"SANTO ANTONIO DO SUDOESTE";74,69
"412450";"SANTO INACIO";36,32
"412460";"SAO CARLOS DO IVAI";10,56
"412470";"SAO JERONIMO DA SERRA";13,61
"412480";"SAO JOAO";40,07
"412490";"SAO JOAO DO CAIUA";43,6
"412500";"SAO JOAO DO IVAI";8,55
"412510";"SAO JOAO DO TRIUNFO";10,18
"412520";"SAO JORGE D'OESTE";38,15
"412530";"SAO JORGE DO IVAI";82,96
"412535";"SAO JORGE DO PATROCINIO";1,56
"412540";"SAO JOSE DA BOA VISTA";47,11
"412545";"SAO JOSE DAS PALMEIRAS";2,05
"412550";"SAO JOSE DOS PINHAIS";90,44
"412555";"SAO MANOEL DO PARANA";3,4
"412560";"SAO MATEUS DO SUL";60,23
"412570";"SAO MIGUEL DO IGUACU";37,25
"412575";"SAO PEDRO DO IGUACU";1,19
"412580";"SAO PEDRO DO IVAI";46,94
"412590";"SAO PEDRO DO PARANA";0,6
"412600";"SAO SEBASTIAO DA AMOREIRA";2,64
"412610";"SAO TOME";1,89
"412620";"SAPOPEMA";51,23
"412625";"SARANDI";8,91
"412627";"SAUDADE DO IGUACU";1,9
"412630";"SENGES";45,02
"412635";"SERRANOPOLIS DO IGUACU";9,68
"412640";"SERTANEJA";18,65
"412650";"SERTANOPOLIS";45,58
"412660";"SIQUEIRA CAMPOS";67,84
"412665";"SULINA";2,34
"412667";"TAMARANA";35,86
"412670";"TAMBOARA";0,97
"412680";"TAPEJARA";87,65
"412690";"TAPIRA";9,13
"412700";"TEIXEIRA SOARES";21,79
"412710";"TELEMACO BORBA";74,28
"412720";"TERRA BOA";31,69
"412730";"TERRA RICA";32,96
"412740";"TERRA ROXA";42,27
"412750";"TIBAGI";51,03
"412760";"TIJUCAS DO SUL";47,16
"412770";"TOLEDO";58,96
"412780";"TOMAZINA";41,98
"412785";"TRES BARRAS DO PARANA";18,61
"412788";"TUNAS DO PARANA";5,18
"412790";"TUNEIRAS DO OESTE";6,33
"412795";"TUPASSI";19,3
"412796";"TURVO";16,3
"412800";"UBIRATA";24,72
"412810";"UMUARAMA";79,54
"412820";"UNIAO DA VITORIA";82,61
"412830";"UNIFLOR";1,69
"412840";"URAI";56,61
"412850";"WENCESLAU BRAZ";23,94
"412853";"VENTANIA";16,68
"412855";"VERA CRUZ DO OESTE";42,27
"412860";"VERE";27,41
"412862";"ALTO PARAISO";8,22
"412863";"DOUTOR ULYSSES";57,03
"412865";"VIRMOND";3,59
"412870";"VITORINO";49,97
"412880";"XAMBRE";13,04
"420005";"ABDON BATISTA";44,56
"420010";"ABELARDO LUZ";13,06
"420020";"AGROLANDIA";79,91
"420030";"AGRONOMICA";53,38
"420040";"AGUA DOCE";71,5
"420050";"AGUAS DE CHAPECO";10,73
"420055";"AGUAS FRIAS";37,29
"420060";"AGUAS MORNAS";68,87
"420070";"ALFREDO WAGNER";55,31
"420075";"ALTO BELA VISTA";40,12
"420080";"ANCHIETA";15,78
"420090";"ANGELINA";63,4
"420100";"ANITA GARIBALDI";58,1
"420110";"ANITAPOLIS";58,05
"420120";"ANTONIO CARLOS";61,54
"420125";"APIUNA";79,26
"420127";"ARABUTA";72,66
"420130";"ARAQUARI";64,37
"420140";"ARARANGUA";77,7
"420150";"ARMAZEM";81
"420160";"ARROIO TRINTA";67,25
"420165";"ARVOREDO";45,47
"420170";"ASCURRA";86,95
"420180";"ATALANTA";81,35
"420190";"AURORA";62,38
"420195";"BALNEARIO ARROIO DO SILVA";97,68
"420200";"BALNEARIO CAMBORIU";98,98
"420205";"BALNEARIO BARRA DO SUL";83,72
"420207";"BALNEARIO GAIVOTA";95,16
"420208";"BANDEIRANTE";17,24
"420209";"BARRA BONITA";12,65
"420210";"BARRA VELHA";88,52
"420213";"BELA VISTA DO TOLDO";27,83
"420215";"BELMONTE";13,78
"420220";"BENEDITO NOVO";78,29
"420230";"BIGUACU";85,33
"420240";"BLUMENAU";92,22
"420243";"BOCAINA DO SUL";31,96
"420245";"BOMBINHAS";94,56
"420250";"BOM JARDIM DA SERRA";41,16
"420253";"BOM JESUS";57,7
"420257";"BOM JESUS DO OESTE";19,68
"420260";"BOM RETIRO";78,8
"420270";"BOTUVERA";42,19
"420280";"BRACO DO NORTE";72,25
"420285";"BRACO DO TROMBUDO";71,31
"420287";"BRUNOPOLIS";40,56
"420290";"BRUSQUE";89,32
"420300";"CACADOR";72,75
"420310";"CAIBI";22,37
"420315";"CALMON";63,92
"420320";"CAMBORIU";89,73
"420325";"CAPAO ALTO";37,07
"420330";"CAMPO ALEGRE";90,09
"420340";"CAMPO BELO DO SUL";64,93
"420350";"CAMPO ERE";24,18
"420360";"CAMPOS NOVOS";71,98
"420370";"CANELINHA";48,49
"420380";"CANOINHAS";62,64
"420390";"CAPINZAL";62,56
"420395";"CAPIVARI DE BAIXO";94,35
"420400";"CATANDUVAS";69,24
"420410";"CAXAMBU DO SUL";14,96
"420415";"CELSO RAMOS";35,1
"420417";"CERRO NEGRO";26,64
"420419";"CHAPADAO DO LAGEADO";54,31
"420420";"CHAPECO";63,7
"420425";"COCAL DO SUL";70,04
"420430";"CONCORDIA";80,32
"420435";"CORDILHEIRA ALTA";40,16
"420440";"CORONEL FREITAS";56,66
"420445";"CORONEL MARTINS";22,9
"420450";"CORUPA";75,51
"420455";"CORREIA PINTO";69,72
"420460";"CRICIUMA";91,81
"420470";"CUNHA PORA";25,79
"420475";"CUNHATAI";25,77
"420480";"CURITIBANOS";67,61
"420490";"DESCANSO";13,89
"420500";"DIONISIO CERQUEIRA";41,36
"420510";"DONA EMMA";60,02
"420515";"DOUTOR PEDRINHO";60,87
"420517";"ENTRE RIOS";8,42
"420519";"ERMO";92
"420520";"ERVAL VELHO";58,88
"420530";"FAXINAL DOS GUEDES";70,56
"420535";"FLOR DO SERTAO";14,89
"420540";"FLORIANOPOLIS";88,66
"420543";"FORMOSA DO SUL";64,94
"420545";"FORQUILHINHA";80,83
"420550";"FRAIBURGO";72,07
"420555";"FREI ROGERIO";36,11
"420560";"GALVAO";10,55
"420570";"GAROPABA";47,07
"420580";"GARUVA";58,18
"420590";"GASPAR";87,4
"420600";"GOVERNADOR CELSO RAMOS";74,71
"420610";"GRAO PARA";68,45
"420620";"GRAVATAL";78,16
"420630";"GUABIRUBA";92,96
"420640";"GUARACIABA";46,6
"420650";"GUARAMIRIM";78,33
"420660";"GUARUJA DO SUL";35,92
"420665";"GUATAMBU";14,28
"420670";"HERVAL D'OESTE";89,76
"420675";"IBIAM";46,56
"420680";"IBICARE";71,05
"420690";"IBIRAMA";92,59
"420700";"ICARA";74,08
"420710";"ILHOTA";53,85
"420720";"IMARUI";70,21
"420730";"IMBITUBA";61,56
"420740";"IMBUIA";58,39
"420750";"INDAIAL";88,46
"420757";"IOMERE";41,6
"420760";"IPIRA";62,62
"420765";"IPORA DO OESTE";33,29
"420768";"IPUACU";8,95
"420770";"IPUMIRIM";65
"420775";"IRACEMINHA";16,25
"420780";"IRANI";46,66
"420785";"IRATI";1,36
"420790";"IRINEOPOLIS";46,98
"420800";"ITA";66,68
"420810";"ITAIOPOLIS";50,38
"420820";"ITAJAI";89,05
"420830";"ITAPEMA";87,79
"420840";"ITAPIRANGA";60,81
"420845";"ITAPOA";90,29
"420850";"ITUPORANGA";81,6
"420860";"JABORA";44,62
"420870";"JACINTO MACHADO";83,56
"420880";"JAGUARUNA";77,61
"420890";"JARAGUA DO SUL";88,3
"420895";"JARDINOPOLIS";24,44
"420900";"JOACABA";85,45
"420910";"JOINVILLE";75,74
"420915";"JOSE BOITEUX";79,26
"420917";"JUPIA";1,78
"420920";"LACERDOPOLIS";87,28
"420930";"LAGES";85,93
"420940";"LAGUNA";68,24
"420945";"LAJEADO GRANDE";22,4
"420950";"LAURENTINO";78,14
"420960";"LAURO MULLER";73,07
"420970";"LEBON REGIS";48,54
"420980";"LEOBERTO LEAL";42,4
"420985";"LINDOIA DO SUL";74,67
"420990";"LONTRAS";75,51
"421000";"LUIZ ALVES";41,9
"421003";"LUZERNA";82,36
"421005";"MACIEIRA";31,4
"421010";"MAFRA";75,46
"421020";"MAJOR GERCINO";53,16
"421030";"MAJOR VIEIRA";36,81
"421040";"MARACAJA";86,68
"421050";"MARAVILHA";42,16
"421055";"MAREMA";16,72
"421060";"MASSARANDUBA";86,02
"421070";"MATOS COSTA";29,18
"421080";"MELEIRO";88,46
"421085";"MIRIM DOCE";79,26
"421090";"MODELO";25,37
"421100";"MONDAI";27,16
"421105";"MONTE CARLO";45,45
"421110";"MONTE CASTELO";42,33
"421120";"MORRO DA FUMACA";54,04
"421125";"MORRO GRANDE";98,09
"421130";"NAVEGANTES";87,57
"421140";"NOVA ERECHIM";88,33
"421145";"NOVA ITABERABA";10,28
"421150";"NOVA TRENTO";70,56
"421160";"NOVA VENEZA";72,02
"421165";"NOVO HORIZONTE";18,75
"421170";"ORLEANS";73,11
"421175";"OTACILIO COSTA";85,44
"421180";"OURO";88,4
"421185";"OURO VERDE";18,61
"421187";"PAIAL";20,8
"421189";"PAINEL";50,28
"421190";"PALHOCA";84,12
"421200";"PALMA SOLA";16,11
"421205";"PALMEIRA";48,44
"421210";"PALMITOS";15,4
"421220";"PAPANDUVA";68,11
"421223";"PARAISO";11,88
"421225";"PASSO DE TORRES";17,29
"421227";"PASSOS MAIA";49,4
"421230";"PAULO LOPES";34,72
"421240";"PEDRAS GRANDES";57,1
"421250";"PENHA";91,16
"421260";"PERITIBA";71,84
"421270";"PETROLANDIA";45,81
"421280";"BALNEARIO PICARRAS";91,33
"421290";"PINHALZINHO";95,2
"421300";"PINHEIRO PRETO";61,59
"421310";"PIRATUBA";50,58
"421315";"PLANALTO ALEGRE";15,92
"421320";"POMERODE";92,66
"421330";"PONTE ALTA";41,29
"421335";"PONTE ALTA DO NORTE";84,73
"421340";"PONTE SERRADA";42,8
"421350";"PORTO BELO";77,53
"421360";"PORTO UNIAO";76,37
"421370";"POUSO REDONDO";85,15
"421380";"PRAIA GRANDE";77,53
"421390";"PRESIDENTE CASTELLO BRANCO";37,38
"421400";"PRESIDENTE GETULIO";87,47
"421410";"PRESIDENTE NEREU";59,48
"421415";"PRINCESA";23,35
"421420";"QUILOMBO";35,31
"421430";"RANCHO QUEIMADO";53,6
"421440";"RIO DAS ANTAS";43,97
"421450";"RIO DO CAMPO";74,69
"421460";"RIO DO OESTE";68,91
"421470";"RIO DOS CEDROS";82,15
"421480";"RIO DO SUL";84,05
"421490";"RIO FORTUNA";31,02
"421500";"RIO NEGRINHO";79,43
"421505";"RIO RUFINO";53,43
"421507";"RIQUEZA";25,73
"421510";"RODEIO";87,34
"421520";"ROMELANDIA";8,07
"421530";"SALETE";59,79
"421535";"SALTINHO";32,79
"421540";"SALTO VELOSO";83,19
"421545";"SANGAO";18,05
"421550";"SANTA CECILIA";76,74
"421555";"SANTA HELENA";10,67
"421560";"SANTA ROSA DE LIMA";54,74
"421565";"SANTA ROSA DO SUL";81,92
"421567";"SANTA TEREZINHA";41,02
"421568";"SANTA TEREZINHA DO PROGRESSO";20,51
"421569";"SANTIAGO DO SUL";16,94
"421570";"SANTO AMARO DA IMPERATRIZ";83,9
"421575";"SAO BERNARDINO";3,43
"421580";"SAO BENTO DO SUL";94,86
"421590";"SAO BONIFACIO";61,81
"421600";"SAO CARLOS";21,84
"421605";"SAO CRISTOVAO DO SUL";60,03
"421610";"SAO DOMINGOS";16,5
"421620";"SAO FRANCISCO DO SUL";76,56
"421625";"SAO JOAO DO OESTE";21,56
"421630";"SAO JOAO BATISTA";80,92
"421635";"SAO JOAO DO ITAPERIU";56,3
"421640";"SAO JOAO DO SUL";57,56
"421650";"SAO JOAQUIM";73,91
"421660";"SAO JOSE";94,39
"421670";"SAO JOSE DO CEDRO";31,52
"421680";"SAO JOSE DO CERRITO";35,34
"421690";"SAO LOURENCO DO OESTE";38,25
"421700";"SAO LUDGERO";86,16
"421710";"SAO MARTINHO";68,27
"421715";"SAO MIGUEL DA BOA VISTA";7,47
"421720";"SAO MIGUEL DO OESTE";71,13
"421725";"SAO PEDRO DE ALCANTARA";78,27
"421730";"SAUDADES";27,96
"421740";"SCHROEDER";62,4
"421750";"SEARA";67,92
"421755";"SERRA ALTA";24,01
"421760";"SIDEROPOLIS";85,24
"421770";"SOMBRIO";79,1
"421775";"SUL BRASIL";19,51
"421780";"TAIO";78,58
"421790";"TANGARA";50,82
"421795";"TIGRINHOS";5,83
"421800";"TIJUCAS";87,49
"421810";"TIMBE DO SUL";66,94
"421820";"TIMBO";60,26
"421825";"TIMBO GRANDE";38,08
"421830";"TRES BARRAS";68,42
"421835";"TREVISO";95,16
"421840";"TREZE DE MAIO";66,39
"421850";"TREZE TILIAS";93,96
"421860";"TROMBUDO CENTRAL";50,31
"421870";"TUBARAO";91,59
"421875";"TUNAPOLIS";9,24
"421880";"TURVO";90,68
"421885";"UNIAO DO OESTE";3,63
"421890";"URUBICI";79,9
"421895";"URUPEMA";38,71
"421900";"URUSSANGA";84,87
"421910";"VARGEAO";50,14
"421915";"VARGEM";13,12
"421917";"VARGEM BONITA";52,75
"421920";"VIDAL RAMOS";25,57
"421930";"VIDEIRA";86,87
"421935";"VITOR MEIRELES";76,36
"421940";"WITMARSUM";76,04
"421950";"XANXERE";59,29
"421960";"XAVANTINA";60,65
"421970";"XAXIM";50,52
"421985";"ZORTEA";35,29
"430003";"ACEGUA";81,89
"430005";"AGUA SANTA";63,26
"430010";"AGUDO";69,7
"430020";"AJURICABA";17,71
"430030";"ALECRIM";13,07
"430040";"ALEGRETE";78,01
"430045";"ALEGRIA";11,4
"430047";"ALMIRANTE TAMANDARE DO SUL";22,53
"430050";"ALPESTRE";17,71
"430055";"ALTO ALEGRE";19,58
"430057";"ALTO FELIZ";74,17
"430060";"ALVORADA";87,86
"430063";"AMARAL FERRADOR";18,91
"430064";"AMETISTA DO SUL";28,99
"430066";"ANDRE DA ROCHA";53,18
"430070";"ANTA GORDA";51,01
"430080";"ANTONIO PRADO";85,89
"430085";"ARAMBARE";68,59
"430087";"ARARICA";75,82
"430090";"ARATIBA";74,95
"430100";"ARROIO DO MEIO";50,27
"430105";"ARROIO DO SAL";55,41
"430107";"ARROIO DO PADRE";58,33
"430110";"ARROIO DOS RATOS";68,53
"430120";"ARROIO DO TIGRE";49,83
"430130";"ARROIO GRANDE";73
"430140";"ARVOREZINHA";48,89
"430150";"AUGUSTO PESTANA";29,76
"430155";"AUREA";50,57
"430160";"BAGE";86,25
"430163";"BALNEARIO PINHAL";69,55
"430165";"BARAO";35,53
"430170";"BARAO DE COTEGIPE";62,69
"430175";"BARAO DO TRIUNFO";30,03
"430180";"BARRACAO";56,94
"430185";"BARRA DO GUARITA";5,18
"430187";"BARRA DO QUARAI";64,43
"430190";"BARRA DO RIBEIRO";74,32
"430192";"BARRA DO RIO AZUL";62,58
"430195";"BARRA FUNDA";37,89
"430200";"BARROS CASSAL";29,76
"430205";"BENJAMIN CONSTANT DO SUL";60,7
"430210";"BENTO GONCALVES";87,75
"430215";"BOA VISTA DAS MISSOES";10,67
"430220";"BOA VISTA DO BURICA";8,5
"430222";"BOA VISTA DO CADEADO";22,34
"430223";"BOA VISTA DO INCRA";2,96
"430225";"BOA VISTA DO SUL";2,52
"430230";"BOM JESUS";76,04
"430235";"BOM PRINCIPIO";64,79
"430237";"BOM PROGRESSO";23,66
"430240";"BOM RETIRO DO SUL";78,34
"430245";"BOQUEIRAO DO LEAO";23,72
"430250";"BOSSOROCA";25,36
"430258";"BOZANO";47,15
"430260";"BRAGA";7,6
"430265";"BROCHIER";31,32
"430270";"BUTIA";68,38
"430280";"CACAPAVA DO SUL";52,33
"430290";"CACEQUI";58,27
"430300";"CACHOEIRA DO SUL";37,81
"430310";"CACHOEIRINHA";95,74
"430320";"CACIQUE DOBLE";45,21
"430330";"CAIBATE";22,15
"430340";"CAICARA";30,72
"430350";"CAMAQUA";83,16
"430355";"CAMARGO";46,11
"430360";"CAMBARA DO SUL";73,4
"430367";"CAMPESTRE DA SERRA";47,23
"430370";"CAMPINA DAS MISSOES";39,42
"430380";"CAMPINAS DO SUL";87,93
"430390";"CAMPO BOM";94,73
"430400";"CAMPO NOVO";10,25
"430410";"CAMPOS BORGES";13,65
"430420";"CANDELARIA";67,47
"430430";"CANDIDO GODOI";16,63
"430435";"CANDIOTA";81,04
"430440";"CANELA";87,75
"430450";"CANGUCU";44,33
"430460";"CANOAS";93,57
"430461";"CANUDOS DO VALE";35,83
"430462";"CAPAO BONITO DO SUL";12,89
"430463";"CAPAO DA CANOA";64,9
"430465";"CAPAO DO CIPO";36,06
"430466";"CAPAO DO LEAO";74,93
"430467";"CAPIVARI DO SUL";77,57
"430468";"CAPELA DE SANTANA";91,47
"430469";"CAPITAO";12,4
"430470";"CARAZINHO";51,39
"430471";"CARAA";76,18
"430480";"CARLOS BARBOSA";76,83
"430485";"CARLOS GOMES";48,19
"430490";"CASCA";31,71
"430495";"CASEIROS";36,76
"430500";"CATUIPE";19,34
"430510";"CAXIAS DO SUL";92,42
"430511";"CENTENARIO";56,52
"430512";"CERRITO";51,29
"430513";"CERRO BRANCO";70,64
"430515";"CERRO GRANDE";26,27
"430517";"CERRO GRANDE DO SUL";29,19
"430520";"CERRO LARGO";42,24
"430530";"CHAPADA";21,63
"430535";"CHARQUEADAS";91,98
"430537";"CHARRUA";55,33
"430540";"CHIAPETTA";13,24
"430543";"CHUI";84,25
"430544";"CHUVISCA";20,67
"430545";"CIDREIRA";48,04
"430550";"CIRIACO";43,08
"430558";"COLINAS";63,56
"430560";"COLORADO";3,77
"430570";"CONDOR";26,71
"430580";"CONSTANTINA";41,09
"430583";"COQUEIRO BAIXO";6,74
"430585";"COQUEIROS DO SUL";22,83
"430587";"CORONEL BARROS";67,01
"430590";"CORONEL BICACO";3,67
"430593";"CORONEL PILAR";5,37
"430595";"COTIPORA";86,28
"430597";"COXILHA";27,7
"430600";"CRISSIUMAL";15,44
"430605";"CRISTAL";82,6
"430607";"CRISTAL DO SUL";17,72
"430610";"CRUZ ALTA";38,3
"430613";"CRUZALTENSE";48,9
"430620";"CRUZEIRO DO SUL";41,51
"430630";"DAVID CANABARRO";60,47
"430632";"DERRUBADAS";61,23
"430635";"DEZESSEIS DE NOVEMBRO";17,74
"430637";"DILERMANDO DE AGUIAR";80,2
"430640";"DOIS IRMAOS";94,97
"430642";"DOIS IRMAOS DAS MISSOES";8,82
"430645";"DOIS LAJEADOS";67,96
"430650";"DOM FELICIANO";32,48
"430655";"DOM PEDRO DE ALCANTARA";37,71
"430660";"DOM PEDRITO";86,61
"430670";"DONA FRANCISCA";55,97
"430673";"DOUTOR MAURICIO CARDOSO";4,71
"430675";"DOUTOR RICARDO";30,53
"430676";"ELDORADO DO SUL";89,86
"430680";"ENCANTADO";87,84
"430690";"ENCRUZILHADA DO SUL";63,89
"430692";"ENGENHO VELHO";24,72
"430693";"ENTRE-IJUIS";13,85
"430695";"ENTRE RIOS DO SUL";75,65
"430697";"EREBANGO";32,2
"430700";"ERECHIM";90,75
"430705";"ERNESTINA";18,49
"430710";"HERVAL";65,54
"430720";"ERVAL GRANDE";43,49
"430730";"ERVAL SECO";18,43
"430740";"ESMERALDA";59,16
"430745";"ESPERANCA DO SUL";3,08
"430750";"ESPUMOSO";55,62
"430755";"ESTACAO";64,74
"430760";"ESTANCIA VELHA";92,49
"430770";"ESTEIO";91,43
"430780";"ESTRELA";83,82
"430781";"ESTRELA VELHA";12,15
"430783";"EUGENIO DE CASTRO";10,93
"430786";"FAGUNDES VARELA";48,75
"430790";"FARROUPILHA";91,89
"430800";"FAXINAL DO SOTURNO";72,03
"430805";"FAXINALZINHO";57,32
"430807";"FAZENDA VILANOVA";36,3
"430810";"FELIZ";66,71
"430820";"FLORES DA CUNHA";75,15
"430825";"FLORIANO PEIXOTO";22,52
"430830";"FONTOURA XAVIER";2,28
"430840";"FORMIGUEIRO";16,77
"430843";"FORQUETINHA";39,17
"430845";"FORTALEZA DOS VALOS";9,48
"430850";"FREDERICO WESTPHALEN";69,31
"430860";"GARIBALDI";84,68
"430865";"GARRUCHOS";5,42
"430870";"GAURAMA";53,47
"430880";"GENERAL CAMARA";65,28
"430885";"GENTIL";28,81
"430890";"GETULIO VARGAS";61,06
"430900";"GIRUA";14,15
"430905";"GLORINHA";65,19
"430910";"GRAMADO";92,08
"430912";"GRAMADO DOS LOUREIROS";66,48
"430915";"GRAMADO XAVIER";15,3
"430920";"GRAVATAI";83,97
"430925";"GUABIJU";72,12
"430930";"GUAIBA";87,02
"430940";"GUAPORE";93,42
"430950";"GUARANI DAS MISSOES";4
"430955";"HARMONIA";42,5
"430957";"HERVEIRAS";7,31
"430960";"HORIZONTINA";48,6
"430965";"HULHA NEGRA";62,93
"430970";"HUMAITA";25,48
"430975";"IBARAMA";21,07
"430980";"IBIACA";50,34
"430990";"IBIRAIARAS";49,41
"430995";"IBIRAPUITA";11,77
"431000";"IBIRUBA";20,84
"431010";"IGREJINHA";88,33
"431020";"IJUI";59,66
"431030";"ILOPOLIS";51,06
"431033";"IMBE";82,67
"431036";"IMIGRANTE";29,7
"431040";"INDEPENDENCIA";11,82
"431041";"INHACORA";35,71
"431043";"IPE";70,56
"431046";"IPIRANGA DO SUL";70,99
"431050";"IRAI";23,93
"431053";"ITAARA";55,59
"431055";"ITACURUBI";26,51
"431057";"ITAPUCA";5,73
"431060";"ITAQUI";68,14
"431065";"ITATI";3,63
"431070";"ITATIBA DO SUL";38,17
"431075";"IVORA";73,43
"431080";"IVOTI";72,6
"431085";"JABOTICABA";27,33
"431087";"JACUIZINHO";3,31
"431090";"JACUTINGA";69,65
"431100";"JAGUARAO";63,51
"431110";"JAGUARI";33,87
"431112";"JAQUIRANA";36,95
"431113";"JARI";10,32
"431115";"JOIA";41,62
"431120";"JULIO DE CASTILHOS";48,44
"431123";"LAGOA BONITA DO SUL";28,92
"431125";"LAGOAO";10,73
"431127";"LAGOA DOS TRES CANTOS";20,47
"431130";"LAGOA VERMELHA";81,28
"431140";"LAJEADO";85
"431142";"LAJEADO DO BUGRE";2,99
"431150";"LAVRAS DO SUL";63,7
"431160";"LIBERATO SALZANO";6,46
"431162";"LINDOLFO COLLOR";65,8
"431164";"LINHA NOVA";47,35
"431170";"MACHADINHO";84,74
"431171";"MACAMBARA";35,73
"431173";"MAMPITUBA";42,84
"431175";"MANOEL VIANA";15,85
"431177";"MAQUINE";69,77
"431179";"MARATA";77,14
"431180";"MARAU";87,67
"431190";"MARCELINO RAMOS";64,07
"431198";"MARIANA PIMENTEL";56,52
"431200";"MARIANO MORO";84,7
"431205";"MARQUES DE SOUZA";49,34
"431210";"MATA";46,1
"431213";"MATO CASTELHANO";86,31
"431215";"MATO LEITAO";81,04
"431217";"MATO QUEIMADO";30,97
"431220";"MAXIMILIANO DE ALMEIDA";44,75
"431225";"MINAS DO LEAO";71,82
"431230";"MIRAGUAI";35,06
"431235";"MONTAURI";32,69
"431237";"MONTE ALEGRE DOS CAMPOS";22,06
"431238";"MONTE BELO DO SUL";7,99
"431240";"MONTENEGRO";89,28
"431242";"MORMACO";41,41
"431244";"MORRINHOS DO SUL";15,23
"431245";"MORRO REDONDO";68,55
"431247";"MORRO REUTER";93,41
"431250";"MOSTARDAS";85,51
"431260";"MUCUM";55,59
"431261";"MUITOS CAPOES";25,86
"431262";"MULITERNO";45,77
"431265";"NAO-ME-TOQUE";46,11
"431267";"NICOLAU VERGUEIRO";11,97
"431270";"NONOAI";25,6
"431275";"NOVA ALVORADA";6,12
"431280";"NOVA ARACA";66,28
"431290";"NOVA BASSANO";59,15
"431295";"NOVA BOA VISTA";43,03
"431300";"NOVA BRESCIA";18,76
"431301";"NOVA CANDELARIA";81,4
"431303";"NOVA ESPERANCA DO SUL";15,67
"431306";"NOVA HARTZ";96,71
"431308";"NOVA PADUA";78,71
"431310";"NOVA PALMA";59,47
"431320";"NOVA PETROPOLIS";86,96
"431330";"NOVA PRATA";79,57
"431333";"NOVA RAMADA";4,36
"431335";"NOVA ROMA DO SUL";39,69
"431337";"NOVA SANTA RITA";65,33
"431339";"NOVO CABRAIS";53,86
"431340";"NOVO HAMBURGO";92,65
"431342";"NOVO MACHADO";9,26
"431344";"NOVO TIRADENTES";18,03
"431346";"NOVO XINGU";29,57
"431349";"NOVO BARREIRO";16,43
"431350";"OSORIO";72,95
"431360";"PAIM FILHO";38,42
"431365";"PALMARES DO SUL";89,44
"431370";"PALMEIRA DAS MISSOES";31,68
"431380";"PALMITINHO";44,87
"431390";"PANAMBI";60,22
"431395";"PANTANO GRANDE";83,98
"431400";"PARAI";54,14
"431402";"PARAISO DO SUL";39,37
"431403";"PARECI NOVO";94,39
"431405";"PAROBE";89,43
"431406";"PASSA SETE";21,29
"431407";"PASSO DO SOBRADO";52,45
"431410";"PASSO FUNDO";57,24
"431413";"PAULO BENTO";30,9
"431415";"PAVERAMA";34,37
"431417";"PEDRAS ALTAS";67,81
"431420";"PEDRO OSORIO";39,52
"431430";"PEJUCARA";7,59
"431440";"PELOTAS";84,45
"431442";"PICADA CAFE";86,7
"431445";"PINHAL";70,42
"431446";"PINHAL DA SERRA";3,22
"431447";"PINHAL GRANDE";65,61
"431449";"PINHEIRINHO DO VALE";17,32
"431450";"PINHEIRO MACHADO";76,68
"431455";"PIRAPO";35,24
"431460";"PIRATINI";60,97
"431470";"PLANALTO";32,44
"431475";"POCO DAS ANTAS";98,99
"431477";"PONTAO";13,27
"431478";"PONTE PRETA";42,49
"431480";"PORTAO";91,23
"431490";"PORTO ALEGRE";94,26
"431500";"PORTO LUCENA";12,79
"431505";"PORTO MAUA";53,9
"431507";"PORTO VERA CRUZ";27,38
"431510";"PORTO XAVIER";49,27
"431513";"POUSO NOVO";21,67
"431514";"PRESIDENTE LUCENA";79,89
"431515";"PROGRESSO";25,81
"431517";"PROTASIO ALVES";67,15
"431520";"PUTINGA";53,09
"431530";"QUARAI";84,65
"431531";"QUATRO IRMAOS";70,23
"431532";"QUEVEDOS";11,49
"431535";"QUINZE DE NOVEMBRO";14,97
"431540";"REDENTORA";10,04
"431545";"RELVADO";51,18
"431550";"RESTINGA SECA";42,15
"431555";"RIO DOS INDIOS";3,77
"431560";"RIO GRANDE";88,69
"431570";"RIO PARDO";77,45
"431575";"RIOZINHO";47,99
"431580";"ROCA SALES";91,65
"431590";"RODEIO BONITO";24,96
"431595";"ROLADOR";59,81
"431600";"ROLANTE";65,93
"431610";"RONDA ALTA";39,3
"431620";"RONDINHA";37,37
"431630";"ROQUE GONZALES";25,85
"431640";"ROSARIO DO SUL";67,05
"431642";"SAGRADA FAMILIA";22,16
"431643";"SALDANHA MARINHO";7,51
"431645";"SALTO DO JACUI";37,14
"431647";"SALVADOR DAS MISSOES";44,51
"431650";"SALVADOR DO SUL";89,02
"431660";"SANANDUVA";68,93
"431670";"SANTA BARBARA DO SUL";27,42
"431673";"SANTA CECILIA DO SUL";42,29
"431675";"SANTA CLARA DO SUL";54,74
"431680";"SANTA CRUZ DO SUL";90,87
"431690";"SANTA MARIA";84,26
"431695";"SANTA MARIA DO HERVAL";64,24
"431697";"SANTA MARGARIDA DO SUL";37,97
"431700";"SANTANA DA BOA VISTA";36,2
"431710";"SANT'ANA DO LIVRAMENTO";80,32
"431720";"SANTA ROSA";39,08
"431725";"SANTA TEREZA";92,08
"431730";"SANTA VITORIA DO PALMAR";80,27
"431740";"SANTIAGO";72,88
"431750";"SANTO ANGELO";30,85
"431755";"SANTO ANTONIO DO PALMA";19,24
"431760";"SANTO ANTONIO DA PATRULHA";70,89
"431770";"SANTO ANTONIO DAS MISSOES";11,32
"431775";"SANTO ANTONIO DO PLANALTO";13,98
"431780";"SANTO AUGUSTO";8,6
"431790";"SANTO CRISTO";36,52
"431795";"SANTO EXPEDITO DO SUL";66,5
"431800";"SAO BORJA";62,63
"431805";"SAO DOMINGOS DO SUL";57,44
"431810";"SAO FRANCISCO DE ASSIS";25,08
"431820";"SAO FRANCISCO DE PAULA";59,13
"431830";"SAO GABRIEL";63,97
"431840";"SAO JERONIMO";70,63
"431842";"SAO JOAO DA URTIGA";43,5
"431843";"SAO JOAO DO POLESINE";6,55
"431844";"SAO JORGE";55,35
"431845";"SAO JOSE DAS MISSOES";15,06
"431846";"SAO JOSE DO HERVAL";4,8
"431848";"SAO JOSE DO HORTENCIO";93,86
"431849";"SAO JOSE DO INHACORA";70,4
"431850";"SAO JOSE DO NORTE";73,29
"431860";"SAO JOSE DO OURO";76,55
"431861";"SAO JOSE DO SUL";80,11
"431862";"SAO JOSE DOS AUSENTES";51,33
"431870";"SAO LEOPOLDO";93,59
"431880";"SAO LOURENCO DO SUL";60,42
"431890";"SAO LUIZ GONZAGA";58,65
"431900";"SAO MARCOS";92
"431910";"SAO MARTINHO";18,07
"431912";"SAO MARTINHO DA SERRA";3,47
"431915";"SAO MIGUEL DAS MISSOES";27,78
"431920";"SAO NICOLAU";23,73
"431930";"SAO PAULO DAS MISSOES";14,69
"431935";"SAO PEDRO DA SERRA";52,46
"431936";"SAO PEDRO DAS MISSOES";11,94
"431937";"SAO PEDRO DO BUTIA";31,29
"431940";"SAO PEDRO DO SUL";47,32
"431950";"SAO SEBASTIAO DO CAI";91,54
"431960";"SAO SEPE";77,35
"431970";"SAO VALENTIM";31,16
"431971";"SAO VALENTIM DO SUL";19,59
"431973";"SAO VALERIO DO SUL";13,74
"431975";"SAO VENDELINO";95,91
"431980";"SAO VICENTE DO SUL";65,4
"431990";"SAPIRANGA";91,7
"432000";"SAPUCAIA DO SUL";90,73
"432010";"SARANDI";75,4
"432020";"SEBERI";15,87
"432023";"SEDE NOVA";13,01
"432026";"SEGREDO";8,23
"432030";"SELBACH";31,36
"432032";"SENADOR SALGADO FILHO";43,02
"432035";"SENTINELA DO SUL";26,34
"432040";"SERAFINA CORREA";60,74
"432045";"SERIO";10,86
"432050";"SERTAO";24,95
"432055";"SERTAO SANTANA";30,42
"432057";"SETE DE SETEMBRO";21,79
"432060";"SEVERIANO DE ALMEIDA";60,65
"432065";"SILVEIRA MARTINS";43,17
"432067";"SINIMBU";28,2
"432070";"SOBRADINHO";74,17
"432080";"SOLEDADE";71,9
"432085";"TABAI";46,12
"432090";"TAPEJARA";68,74
"432100";"TAPERA";48,12
"432110";"TAPES";83,22
"432120";"TAQUARA";83,82
"432130";"TAQUARI";73,81
"432132";"TAQUARUCU DO SUL";30,31
"432135";"TAVARES";59,1
"432140";"TENENTE PORTELA";19,29
"432143";"TERRA DE AREIA";21,39
"432145";"TEUTONIA";82,22
"432146";"TIO HUGO";13,06
"432147";"TIRADENTES DO SUL";10,78
"432149";"TOROPI";0,37
"432150";"TORRES";64,13
"432160";"TRAMANDAI";60,44
"432162";"TRAVESSEIRO";7,76
"432163";"TRES ARROIOS";71,49
"432166";"TRES CACHOEIRAS";50,67
"432170";"TRES COROAS";88,9
"432180";"TRES DE MAIO";17,57
"432183";"TRES FORQUILHAS";13,06
"432185";"TRES PALMEIRAS";28,49
"432190";"TRES PASSOS";43,3
"432195";"TRINDADE DO SUL";26,4
"432200";"TRIUNFO";57,62
"432210";"TUCUNDUVA";7,14
"432215";"TUNAS";9,56
"432218";"TUPANCI DO SUL";55,33
"432220";"TUPANCIRETA";44,18
"432225";"TUPANDI";92,03
"432230";"TUPARENDI";14,41
"432232";"TURUCU";49,26
"432234";"UBIRETAMA";13,22
"432235";"UNIAO DA SERRA";76,42
"432237";"UNISTALDA";1,8
"432240";"URUGUAIANA";82,08
"432250";"VACARIA";88,28
"432252";"VALE VERDE";50,35
"432253";"VALE DO SOL";47,61
"432254";"VALE REAL";25,87
"432255";"VANINI";74,8
"432260";"VENANCIO AIRES";85,79
"432270";"VERA CRUZ";74,19
"432280";"VERANOPOLIS";93,14
"432285";"VESPASIANO CORREA";33,92
"432290";"VIADUTOS";48,8
"432300";"VIAMAO";76,19
"432310";"VICENTE DUTRA";46,56
"432320";"VICTOR GRAEFF";25,07
"432330";"VILA FLORES";62,49
"432335";"VILA LANGARO";49,04
"432340";"VILA MARIA";57,78
"432345";"VILA NOVA DO SUL";47,04
"432350";"VISTA ALEGRE";20,04
"432360";"VISTA ALEGRE DO PRATA";35,81
"432370";"VISTA GAUCHA";26,93
"432375";"VITORIA DAS MISSOES";25,56
"432377";"WESTFALIA";97
"432380";"XANGRI-LA";14,27
"500020";"AGUA CLARA";3,46
"500025";"ALCINOPOLIS";0,38
"500060";"AMAMBAI";25,42
"500070";"ANASTACIO";45,17
"500080";"ANAURILANDIA";1,67
"500085";"ANGELICA";2,48
"500090";"ANTONIO JOAO";2,43
"500100";"APARECIDA DO TABOADO";15,99
"500110";"AQUIDAUANA";29,64
"500124";"ARAL MOREIRA";3,03
"500150";"BANDEIRANTES";4,44
"500190";"BATAGUASSU";49,52
"500200";"BATAYPORA";1,41
"500210";"BELA VISTA";24,03
"500215";"BODOQUENA";66,37
"500220";"BONITO";81,62
"500230";"BRASILANDIA";53,97
"500240";"CAARAPO";22,35
"500260";"CAMAPUA";48,79
"500270";"CAMPO GRANDE";60,26
"500280";"CARACOL";2,1
"500290";"CASSILANDIA";25,65
"500295";"CHAPADAO DO SUL";46,87
"500310";"CORGUINHO";63,16
"500315";"CORONEL SAPUCAIA";35,02
"500320";"CORUMBA";19,84
"500325";"COSTA RICA";45,74
"500330";"COXIM";13,25
"500345";"DEODAPOLIS";0,87
"500348";"DOIS IRMAOS DO BURITI";1,66
"500350";"DOURADINA";1,77
"500370";"DOURADOS";51,96
"500375";"ELDORADO";10,26
"500380";"FATIMA DO SUL";12,02
"500390";"FIGUEIRAO";4,43
"500400";"GLORIA DE DOURADOS";1,6
"500410";"GUIA LOPES DA LAGUNA";7,97
"500430";"IGUATEMI";13,7
"500440";"INOCENCIA";10,51
"500450";"ITAPORA";22,78
"500460";"ITAQUIRAI";1,88
"500470";"IVINHEMA";9,36
"500480";"JAPORA";3,79
"500490";"JARAGUARI";2,81
"500500";"JARDIM";32,62
"500510";"JATEI";25,38
"500515";"JUTI";11,73
"500520";"LADARIO";11,85
"500525";"LAGUNA CARAPA";8,49
"500540";"MARACAJU";35,91
"500560";"MIRANDA";36,69
"500568";"MUNDO NOVO";1,23
"500570";"NAVIRAI";25,84
"500580";"NIOAQUE";26,35
"500600";"NOVA ALVORADA DO SUL";4,64
"500620";"NOVA ANDRADINA";12,73
"500625";"NOVO HORIZONTE DO SUL";5,64
"500630";"PARANAIBA";42,31
"500635";"PARANHOS";1,66
"500640";"PEDRO GOMES";6,77
"500660";"PONTA PORA";23,72
"500690";"PORTO MURTINHO";84,74
"500710";"RIBAS DO RIO PARDO";28,43
"500720";"RIO BRILHANTE";22,08
"500730";"RIO NEGRO";4,12
"500740";"RIO VERDE DE MATO GROSSO";4,3
"500750";"ROCHEDO";22,53
"500755";"SANTA RITA DO PARDO";7,76
"500769";"SAO GABRIEL DO OESTE";46,74
"500770";"SETE QUEDAS";1,73
"500780";"SELVIRIA";8,59
"500790";"SIDROLANDIA";18,81
"500793";"SONORA";3,51
"500795";"TACURU";8,02
"500797";"TAQUARUSSU";1,2
"500800";"TERENOS";10,55
"500830";"TRES LAGOAS";52,74
"500840";"VICENTINA";1,84
"510010";"ACORIZAL";8,27
"510020";"AGUA BOA";14,11
"510025";"ALTA FLORESTA";18,05
"510030";"ALTO ARAGUAIA";7,62
"510035";"ALTO BOA VISTA";25,97
"510040";"ALTO GARCAS";3,62
"510050";"ALTO PARAGUAI";22,63
"510060";"ALTO TAQUARI";1,84
"510080";"APIACAS";5,44
"510100";"ARAGUAIANA";3,03
"510120";"ARAGUAINHA";9,56
"510125";"ARAPUTANGA";11,09
"510130";"ARENAPOLIS";17,72
"510140";"ARIPUANA";3,91
"510160";"BARAO DE MELGACO";22,86
"510170";"BARRA DO BUGRES";27,36
"510180";"BARRA DO GARCAS";55,38
"510185";"BOM JESUS DO ARAGUAIA";2,21
"510190";"BRASNORTE";8,43
"510250";"CACERES";60,59
"510260";"CAMPINAPOLIS";12,48
"510263";"CAMPO NOVO DO PARECIS";22,57
"510267";"CAMPO VERDE";10,59
"510268";"CAMPOS DE JULIO";3,59
"510269";"CANABRAVA DO NORTE";0,92
"510270";"CANARANA";4,58
"510279";"CARLINDA";4,92
"510285";"CASTANHEIRA";7,64
"510300";"CHAPADA DOS GUIMARAES";33,52
"510305";"CLAUDIA";18,22
"510310";"COCALINHO";1,88
"510320";"COLIDER";18,02
"510325";"COLNIZA";3,1
"510330";"COMODORO";19,96
"510335";"CONFRESA";23,03
"510336";"CONQUISTA D'OESTE";6,79
"510337";"COTRIGUACU";4,65
"510340";"CUIABA";80,87
"510343";"CURVELANDIA";1,05
"510345";"DENISE";6,27
"510350";"DIAMANTINO";23,08
"510360";"DOM AQUINO";6,07
"510370";"FELIZ NATAL";6,15
"510380";"FIGUEIROPOLIS D'OESTE";1,75
"510385";"GAUCHA DO NORTE";10,81
"510390";"GENERAL CARNEIRO";18,28
"510395";"GLORIA D'OESTE";6,3
"510410";"GUARANTA DO NORTE";2,52
"510420";"GUIRATINGA";64,7
"510450";"INDIAVAI";4,12
"510452";"IPIRANGA DO NORTE";2,12
"510454";"ITANHANGA";2,23
"510455";"ITAUBA";9,21
"510460";"ITIQUIRA";3,15
"510480";"JACIARA";35,3
"510490";"JANGADA";7,89
"510500";"JAURU";11,42
"510510";"JUARA";16
"510515";"JUINA";7,88
"510517";"JURUENA";30,59
"510520";"JUSCIMEIRA";7,38
"510523";"LAMBARI D'OESTE";6,27
"510525";"LUCAS DO RIO VERDE";47,38
"510530";"LUCIARA";0,76
"510550";"VILA BELA DA SANTISSIMA TRINDADE";13,09
"510558";"MARCELANDIA";2,17
"510560";"MATUPA";9,23
"510562";"MIRASSOL D'OESTE";30,9
"510590";"NOBRES";20,1
"510600";"NORTELANDIA";14,32
"510610";"NOSSA SENHORA DO LIVRAMENTO";29,32
"510615";"NOVA BANDEIRANTES";24,06
"510617";"NOVA NAZARE";8,55
"510618";"NOVA LACERDA";41,1
"510619";"NOVA SANTA HELENA";10,7
"510620";"NOVA BRASILANDIA";20,83
"510621";"NOVA CANAA DO NORTE";15,32
"510622";"NOVA MUTUM";31,71
"510623";"NOVA OLIMPIA";6,35
"510624";"NOVA UBIRATA";5,13
"510625";"NOVA XAVANTINA";24,1
"510626";"NOVO MUNDO";0,84
"510627";"NOVO HORIZONTE DO NORTE";7,46
"510628";"NOVO SAO JOAQUIM";25,4
"510629";"PARANAITA";0,77
"510630";"PARANATINGA";18,34
"510631";"NOVO SANTO ANTONIO";12,21
"510637";"PEDRA PRETA";11,91
"510642";"PEIXOTO DE AZEVEDO";6,79
"510645";"PLANALTO DA SERRA";6,37
"510650";"POCONE";3,91
"510665";"PONTAL DO ARAGUAIA";16,97
"510670";"PONTE BRANCA";1,08
"510675";"PONTES E LACERDA";35,68
"510677";"PORTO ALEGRE DO NORTE";4,92
"510680";"PORTO DOS GAUCHOS";7,05
"510682";"PORTO ESPERIDIAO";4,61
"510685";"PORTO ESTRELA";34,22
"510700";"POXOREO";40,35
"510704";"PRIMAVERA DO LESTE";47,57
"510706";"QUERENCIA";6,13
"510710";"SAO JOSE DOS QUATRO MARCOS";19,67
"510715";"RESERVA DO CABACAL";14,75
"510718";"RIBEIRAO CASCALHEIRA";36,46
"510719";"RIBEIRAOZINHO";32,3
"510720";"RIO BRANCO";1,37
"510724";"SANTA CARMEM";9,9
"510726";"SANTO AFONSO";10,69
"510729";"SAO JOSE DO POVO";6,84
"510730";"SAO JOSE DO RIO CLARO";3,53
"510735";"SAO JOSE DO XINGU";4,16
"510740";"SAO PEDRO DA CIPA";4,09
"510757";"RONDOLANDIA";3,4
"510760";"RONDONOPOLIS";48,42
"510770";"ROSARIO OESTE";15,72
"510774";"SANTA CRUZ DO XINGU";30,74
"510775";"SALTO DO CEU";4,76
"510776";"SANTA RITA DO TRIVELATO";2,93
"510777";"SANTA TEREZINHA";45,16
"510779";"SANTO ANTONIO DO LESTE";3,14
"510780";"SANTO ANTONIO DO LEVERGER";10,23
"510785";"SAO FELIX DO ARAGUAIA";17,62
"510787";"SAPEZAL";40,96
"510788";"SERRA NOVA DOURADA";8,66
"510790";"SINOP";11,14
"510792";"SORRISO";12,35
"510794";"TABAPORA";9,43
"510795";"TANGARA DA SERRA";39,8
"510800";"TAPURAH";20,1
"510805";"TERRA NOVA DO NORTE";12,32
"510810";"TESOURO";8,91
"510820";"TORIXOREU";22,06
"510830";"UNIAO DO SUL";1,14
"510835";"VALE DE SAO DOMINGOS";0,31
"510840";"VARZEA GRANDE";48,34
"510850";"VERA";2,83
"510860";"VILA RICA";39,03
"510880";"NOVA GUARITA";1
"510885";"NOVA MARILANDIA";0,76
"510890";"NOVA MARINGA";20,46
"510895";"NOVA MONTE VERDE";4,21
"520005";"ABADIA DE GOIAS";35,41
"520010";"ABADIANIA";78,95
"520013";"ACREUNA";17,58
"520015";"ADELANDIA";22,99
"520017";"AGUA FRIA DE GOIAS";1,19
"520020";"AGUA LIMPA";6,95
"520025";"AGUAS LINDAS DE GOIAS";18,86
"520030";"ALEXANIA";18,15
"520050";"ALOANDIA";22,38
"520055";"ALTO HORIZONTE";2
"520060";"ALTO PARAISO DE GOIAS";46,97
"520080";"ALVORADA DO NORTE";22,83
"520082";"AMARALINA";34,28
"520085";"AMERICANO DO BRASIL";1,56
"520090";"AMORINOPOLIS";9,57
"520110";"ANAPOLIS";59,44
"520120";"ANHANGUERA";10,57
"520130";"ANICUNS";59,18
"520140";"APARECIDA DE GOIANIA";36,7
"520145";"APARECIDA DO RIO DOCE";67,48
"520150";"APORE";27,74
"520160";"ARACU";6,77
"520170";"ARAGARCAS";3,98
"520180";"ARAGOIANIA";2,12
"520215";"ARAGUAPAZ";52,46
"520235";"ARENOPOLIS";30
"520250";"ARUANA";29,99
"520260";"AURILANDIA";2,43
"520280";"AVELINOPOLIS";30,36
"520310";"BALIZA";17,57
"520320";"BARRO ALTO";6,84
"520330";"BELA VISTA DE GOIAS";38,57
"520340";"BOM JARDIM DE GOIAS";1,7
"520350";"BOM JESUS DE GOIAS";32,51
"520355";"BONFINOPOLIS";7,62
"520357";"BONOPOLIS";40,12
"520360";"BRAZABRANTES";3,88
"520380";"BRITANIA";27,28
"520390";"BURITI ALEGRE";29,21
"520393";"BURITI DE GOIAS";2,03
"520396";"BURITINOPOLIS";13,83
"520400";"CABECEIRAS";21,49
"520410";"CACHOEIRA ALTA";74,62
"520420";"CACHOEIRA DE GOIAS";15,18
"520425";"CACHOEIRA DOURADA";43,53
"520430";"CACU";60,33
"520440";"CAIAPONIA";50,68
"520450";"CALDAS NOVAS";63,34
"520455";"CALDAZINHA";46,14
"520460";"CAMPESTRE DE GOIAS";1,78
"520465";"CAMPINACU";7,7
"520470";"CAMPINORTE";31,53
"520480";"CAMPO ALEGRE DE GOIAS";23,88
"520485";"CAMPO LIMPO DE GOIAS";19,53
"520490";"CAMPOS BELOS";52,27
"520495";"CAMPOS VERDES";8,47
"520500";"CARMO DO RIO VERDE";25,14
"520505";"CASTELANDIA";31,92
"520510";"CATALAO";54,33
"520520";"CATURAI";37,41
"520530";"CAVALCANTE";15,48
"520540";"CERES";37,94
"520545";"CEZARINA";5,24
"520547";"CHAPADAO DO CEU";70,8
"520549";"CIDADE OCIDENTAL";55,76
"520551";"COCALZINHO DE GOIAS";18,87
"520552";"COLINAS DO SUL";6,26
"520570";"CORREGO DO OURO";15,55
"520580";"CORUMBA DE GOIAS";26,19
"520590";"CORUMBAIBA";34,66
"520620";"CRISTALINA";41,78
"520630";"CRISTIANOPOLIS";3,84
"520640";"CRIXAS";13,71
"520650";"CROMINIA";50,04
"520660";"CUMARI";52,94
"520670";"DAMIANOPOLIS";11,3
"520680";"DAMOLANDIA";22,04
"520690";"DAVINOPOLIS";2,36
"520710";"DIORAMA";30,37
"520725";"DOVERLANDIA";5,25
"520735";"EDEALINA";6,38
"520740";"EDEIA";18,23
"520750";"ESTRELA DO NORTE";25,75
"520753";"FAINA";9,95
"520760";"FAZENDA NOVA";34,73
"520780";"FIRMINOPOLIS";19,65
"520790";"FLORES DE GOIAS";20,78
"520800";"FORMOSA";43,68
"520810";"FORMOSO";25,6
"520815";"GAMELEIRA DE GOIAS";1,88
"520830";"DIVINOPOLIS DE GOIAS";4,17
"520840";"GOIANAPOLIS";14,55
"520850";"GOIANDIRA";18,92
"520860";"GOIANESIA";55,62
"520870";"GOIANIA";77,77
"520880";"GOIANIRA";39,24
"520890";"GOIAS";49,2
"520910";"GOIATUBA";28,97
"520915";"GOUVELANDIA";0,94
"520920";"GUAPO";72,83
"520929";"GUARAITA";2,23
"520940";"GUARANI DE GOIAS";0,96
"520945";"GUARINOS";0,86
"520960";"HEITORAI";40,18
"520970";"HIDROLANDIA";14,5
"520980";"HIDROLINA";2,03
"520990";"IACIARA";11,76
"520993";"INACIOLANDIA";3,72
"520995";"INDIARA";7,91
"521000";"INHUMAS";35,45
"521010";"IPAMERI";61,55
"521015";"IPIRANGA DE GOIAS";0,4
"521020";"IPORA";24,72
"521030";"ISRAELANDIA";5,12
"521040";"ITABERAI";26,97
"521056";"ITAGUARI";34,13
"521060";"ITAGUARU";17,44
"521080";"ITAJA";85,56
"521090";"ITAPACI";14,96
"521100";"ITAPIRAPUA";22,51
"521120";"ITAPURANGA";72,52
"521130";"ITARUMA";65,73
"521140";"ITAUCU";65,41
"521150";"ITUMBIARA";78,42
"521160";"IVOLANDIA";4,97
"521170";"JANDAIA";16,51
"521180";"JARAGUA";15,98
"521190";"JATAI";70,84
"521200";"JAUPACI";21,43
"521205";"JESUPOLIS";4,72
"521210";"JOVIANIA";65,78
"521220";"JUSSARA";63,75
"521225";"LAGOA SANTA";25,69
"521230";"LEOPOLDO DE BULHOES";24,77
"521250";"LUZIANIA";27,4
"521260";"MAIRIPOTABA";3,42
"521270";"MAMBAI";15,61
"521280";"MARA ROSA";43,29
"521290";"MARZAGAO";1,69
"521295";"MATRINCHA";13,35
"521300";"MAURILANDIA";8,98
"521305";"MIMOSO DE GOIAS";18,46
"521308";"MINACU";55,44
"521310";"MINEIROS";86,62
"521340";"MOIPORA";9,28
"521350";"MONTE ALEGRE DE GOIAS";8,5
"521370";"MONTES CLAROS DE GOIAS";9,96
"521375";"MONTIVIDIU";9,64
"521377";"MONTIVIDIU DO NORTE";44,75
"521380";"MORRINHOS";63,18
"521385";"MORRO AGUDO DE GOIAS";0,97
"521390";"MOSSAMEDES";9,85
"521400";"MOZARLANDIA";6,19
"521405";"MUNDO NOVO";39,48
"521410";"MUTUNOPOLIS";18,16
"521440";"NAZARIO";5,19
"521450";"NEROPOLIS";70,51
"521460";"NIQUELANDIA";22,74
"521470";"NOVA AMERICA";1,16
"521480";"NOVA AURORA";2,18
"521483";"NOVA CRIXAS";10,45
"521486";"NOVA GLORIA";12,37
"521487";"NOVA IGUACU DE GOIAS";61,87
"521490";"NOVA ROMA";10,48
"521500";"NOVA VENEZA";6,87
"521520";"NOVO BRASIL";5,41
"521523";"NOVO GAMA";39,05
"521525";"NOVO PLANALTO";11,35
"521530";"ORIZONA";9,45
"521540";"OURO VERDE DE GOIAS";1,42
"521550";"OUVIDOR";5,27
"521560";"PADRE BERNARDO";23,74
"521565";"PALESTINA DE GOIAS";5,39
"521570";"PALMEIRAS DE GOIAS";63,08
"521580";"PALMELO";58,93
"521590";"PALMINOPOLIS";29,1
"521600";"PANAMA";0,72
"521630";"PARANAIGUARA";90,32
"521640";"PARAUNA";63,58
"521645";"PEROLANDIA";20,88
"521680";"PETROLINA DE GOIAS";7,44
"521690";"PILAR DE GOIAS";1,77
"521710";"PIRACANJUBA";31,61
"521720";"PIRANHAS";1,59
"521730";"PIRENOPOLIS";33,22
"521740";"PIRES DO RIO";42,54
"521760";"PLANALTINA";24,98
"521770";"PONTALINA";41,76
"521800";"PORANGATU";9,9
"521805";"PORTEIRAO";4,96
"521810";"PORTELANDIA";1,95
"521830";"POSSE";49,03
"521839";"PROFESSOR JAMIL";7,22
"521850";"QUIRINOPOLIS";81,11
"521860";"RIALMA";51
"521870";"RIANAPOLIS";15,59
"521878";"RIO QUENTE";86,23
"521880";"RIO VERDE";61,26
"521890";"RUBIATABA";4,97
"521900";"SANCLERLANDIA";8,31
"521910";"SANTA BARBARA DE GOIAS";91,98
"521920";"SANTA CRUZ DE GOIAS";2,98
"521925";"SANTA FE DE GOIAS";4,55
"521930";"SANTA HELENA DE GOIAS";67,01
"521935";"SANTA ISABEL";2,18
"521940";"SANTA RITA DO ARAGUAIA";1,9
"521945";"SANTA RITA DO NOVO DESTINO";54,87
"521950";"SANTA ROSA DE GOIAS";1,3
"521960";"SANTA TEREZA DE GOIAS";51,63
"521970";"SANTA TEREZINHA DE GOIAS";14,78
"521971";"SANTO ANTONIO DA BARRA";12,48
"521973";"SANTO ANTONIO DE GOIAS";9,88
"521975";"SANTO ANTONIO DO DESCOBERTO";44,49
"521980";"SAO DOMINGOS";6,2
"521990";"SAO FRANCISCO DE GOIAS";1,68
"522000";"SAO JOAO D'ALIANCA";6
"522005";"SAO JOAO DA PARAUNA";84,59
"522010";"SAO LUIS DE MONTES BELOS";56,4
"522015";"SAO LUIZ DO NORTE";14,93
"522020";"SAO MIGUEL DO ARAGUAIA";43,84
"522026";"SAO MIGUEL DO PASSA QUATRO";38,93
"522028";"SAO PATRICIO";20,12
"522040";"SAO SIMAO";86,5
"522045";"SENADOR CANEDO";25,25
"522050";"SERRANOPOLIS";2,84
"522060";"SILVANIA";39,03
"522068";"SIMOLANDIA";1,43
"522070";"SITIO D'ABADIA";0,72
"522100";"TAQUARAL DE GOIAS";5,55
"522108";"TERESINA DE GOIAS";3,32
"522119";"TEREZOPOLIS DE GOIAS";7,35
"522130";"TRES RANCHOS";39,83
"522140";"TRINDADE";49,23
"522145";"TROMBAS";1,04
"522150";"TURVANIA";20,14
"522155";"TURVELANDIA";14,86
"522157";"UIRAPURU";22,63
"522160";"URUACU";43,44
"522170";"URUANA";11,82
"522180";"URUTAI";2,81
"522185";"VALPARAISO DE GOIAS";68,94
"522190";"VARJAO";1,66
"522200";"VIANOPOLIS";17,67
"522205";"VICENTINOPOLIS";3,07
"522220";"VILA BOA";25,66
"522230";"VILA PROPICIO";6,95
"530010";"BRASILIA";88,92
