"code_muni";"munname";"prop_residuo"
"110001";"ALTA FLORESTA D'OESTE";56,86
"110002";"ARIQUEMES";85,14
"110003";"CABIXI";49,77
"110004";"CACOAL";78,94
"110005";"CEREJEIRAS";78,35
"110006";"COLORADO DO OESTE";69,11
"110007";"CORUMBIARA";37,83
"110008";"COSTA MARQUES";55,74
"110009";"ESPIGAO D'OESTE";66,43
"110010";"GUAJARA-MIRIM";79,55
"110011";"JARU";71,63
"110012";"JI-PARANA";86,94
"110013";"MACHADINHO D'OESTE";50,74
"110014";"NOVA BRASILANDIA D'OESTE";42,43
"110015";"OURO PRETO DO OESTE";75,12
"110018";"PIMENTA BUENO";85,35
"110020";"PORTO VELHO";89,54
"110025";"PRESIDENTE MEDICI";56,8
"110026";"RIO CRESPO";34,3
"110028";"ROLIM DE MOURA";82,94
"110029";"SANTA LUZIA D'OESTE";41,8
"110030";"VILHENA";93,6
"110032";"SAO MIGUEL DO GUAPORE";45,48
"110033";"NOVA MAMORE";47,01
"110034";"ALVORADA D'OESTE";51,11
"110037";"ALTO ALEGRE DOS PARECIS";37,36
"110040";"ALTO PARAISO";42,52
"110045";"BURITIS";64,54
"110050";"NOVO HORIZONTE DO OESTE";33,79
"110060";"CACAULANDIA";35,7
"110070";"CAMPO NOVO DE RONDONIA";27,08
"110080";"CANDEIAS DO JAMARI";55,51
"110090";"CASTANHEIRAS";25,63
"110092";"CHUPINGUAIA";58,97
"110094";"CUJUBIM";60,25
"110100";"GOVERNADOR JORGE TEIXEIRA";27,44
"110110";"ITAPUA DO OESTE";56,18
"110120";"MINISTRO ANDREAZZA";38,29
"110130";"MIRANTE DA SERRA";48,62
"110140";"MONTE NEGRO";46,67
"110143";"NOVA UNIAO";23,38
"110145";"PARECIS";38,44
"110146";"PIMENTEIRAS DO OESTE";50,43
"110147";"PRIMAVERA DE RONDONIA";44,11
"110148";"SAO FELIPE D'OESTE";33,15
"110149";"SAO FRANCISCO DO GUAPORE";47,04
"110150";"SERINGUEIRAS";39,47
"110155";"TEIXEIROPOLIS";34,51
"110160";"THEOBROMA";24,29
"110170";"URUPA";39,05
"110175";"VALE DO ANARI";33,64
"110180";"VALE DO PARAISO";33,59
"120001";"ACRELANDIA";48,83
"120005";"ASSIS BRASIL";61,4
"120010";"BRASILEIA";67,91
"120013";"BUJARI";47
"120017";"CAPIXABA";44,24
"120020";"CRUZEIRO DO SUL";68,32
"120025";"EPITACIOLANDIA";68,59
"120030";"FEIJO";51,27
"120032";"JORDAO";38,3
"120033";"MANCIO LIMA";50,9
"120034";"MANOEL URBANO";52,96
"120035";"MARECHAL THAUMATURGO";32,58
"120038";"PLACIDO DE CASTRO";55,38
"120039";"PORTO WALTER";20,57
"120040";"RIO BRANCO";92,98
"120042";"RODRIGUES ALVES";38,52
"120043";"SANTA ROSA DO PURUS";47,19
"120045";"SENADOR GUIOMARD";64,22
"120050";"SENA MADUREIRA";63,33
"120060";"TARAUACA";49,22
"120070";"XAPURI";64,17
"120080";"PORTO ACRE";51,12
"130002";"ALVARAES";49,29
"130006";"AMATURA";42,25
"130008";"ANAMA";41,91
"130010";"ANORI";51,63
"130014";"APUI";53,56
"130020";"ATALAIA DO NORTE";26,65
"130030";"AUTAZES";46,8
"130040";"BARCELOS";50,22
"130050";"BARREIRINHA";30,08
"130060";"BENJAMIN CONSTANT";53,4
"130063";"BERURI";39,61
"130068";"BOA VISTA DO RAMOS";46,23
"130070";"BOCA DO ACRE";49,61
"130080";"BORBA";50,28
"130083";"CAAPIRANGA";41,7
"130090";"CANUTAMA";35,23
"130100";"CARAUARI";72,31
"130110";"CAREIRO";38,9
"130115";"CAREIRO DA VARZEA";12,49
"130120";"COARI";60,33
"130130";"CODAJAS";61,24
"130140";"EIRUNEPE";33,47
"130150";"ENVIRA";62,83
"130160";"FONTE BOA";49,85
"130165";"GUAJARA";44,79
"130170";"HUMAITA";67,84
"130180";"IPIXUNA";34,27
"130185";"IRANDUBA";78,41
"130190";"ITACOATIARA";72,49
"130195";"ITAMARATI";34,65
"130200";"ITAPIRANGA";69,3
"130210";"JAPURA";30,43
"130220";"JURUA";41,61
"130230";"JUTAI";11,98
"130240";"LABREA";53
"130250";"MANACAPURU";70,56
"130255";"MANAQUIRI";30,57
"130260";"MANAUS";98
"130270";"MANICORE";46,26
"130280";"MARAA";42,39
"130290";"MAUES";49,57
"130300";"NHAMUNDA";34,25
"130310";"NOVA OLINDA DO NORTE";49,1
"130320";"NOVO AIRAO";65,35
"130330";"NOVO ARIPUANA";26,68
"130340";"PARINTINS";62,59
"130350";"PAUINI";28,96
"130353";"PRESIDENTE FIGUEIREDO";66,99
"130356";"RIO PRETO DA EVA";46,47
"130360";"SANTA ISABEL DO RIO NEGRO";44,01
"130370";"SANTO ANTONIO DO ICA";38,3
"130380";"SAO GABRIEL DA CACHOEIRA";51,38
"130390";"SAO PAULO DE OLIVENCA";0,15
"130395";"SAO SEBASTIAO DO UATUMA";57,99
"130400";"SILVES";50,23
"130406";"TABATINGA";70,74
"130410";"TAPAUA";50,33
"130420";"TEFE";68,47
"130423";"TONANTINS";29,51
"130426";"UARINI";46,03
"130430";"URUCARA";64,11
"130440";"URUCURITUBA";52,29
"140002";"AMAJARI";22,96
"140005";"ALTO ALEGRE";36,24
"140010";"BOA VISTA";96,36
"140015";"BONFIM";34,74
"140017";"CANTA";23,86
"140020";"CARACARAI";61,18
"140023";"CAROEBE";44,68
"140028";"IRACEMA";45,7
"140030";"MUCAJAI";56,09
"140040";"NORMANDIA";22,44
"140045";"PACARAIMA";54,07
"140047";"RORAINOPOLIS";56,06
"140050";"SAO JOAO DA BALIZA";65,4
"140060";"SAO LUIZ";65,86
"140070";"UIRAMUTA";11,01
"150010";"ABAETETUBA";63,13
"150013";"ABEL FIGUEIREDO";81,63
"150020";"ACARA";25,89
"150030";"AFUA";29,64
"150034";"AGUA AZUL DO NORTE";31,57
"150040";"ALENQUER";45,45
"150050";"ALMEIRIM";64,8
"150060";"ALTAMIRA";79,6
"150070";"ANAJAS";35,89
"150080";"ANANINDEUA";97,75
"150085";"ANAPU";41,42
"150090";"AUGUSTO CORREA";28,12
"150095";"AURORA DO PARA";30,18
"150100";"AVEIRO";19
"150110";"BAGRE";37,99
"150120";"BAIAO";34,88
"150125";"BANNACH";34,65
"150130";"BARCARENA";82,96
"150140";"BELEM";96,72
"150145";"BELTERRA";39,76
"150150";"BENEVIDES";85,42
"150157";"BOM JESUS DO TOCANTINS";54,85
"150160";"BONITO";33,57
"150170";"BRAGANCA";61,48
"150172";"BRASIL NOVO";45,85
"150175";"BREJO GRANDE DO ARAGUAIA";43,75
"150178";"BREU BRANCO";64,26
"150180";"BREVES";53,87
"150190";"BUJARU";31,05
"150195";"CACHOEIRA DO PIRIA";18,85
"150200";"CACHOEIRA DO ARARI";32,6
"150210";"CAMETA";44,61
"150215";"CANAA DOS CARAJAS";84,2
"150220";"CAPANEMA";82,88
"150230";"CAPITAO POCO";49,22
"150240";"CASTANHAL";90,27
"150250";"CHAVES";13,65
"150260";"COLARES";32,04
"150270";"CONCEICAO DO ARAGUAIA";66,66
"150275";"CONCORDIA DO PARA";56,71
"150276";"CUMARU DO NORTE";26,67
"150277";"CURIONOPOLIS";46,46
"150280";"CURRALINHO";31,25
"150285";"CURUA";18,09
"150290";"CURUCA";51,89
"150293";"DOM ELISEU";71,34
"150295";"ELDORADO DOS CARAJAS";32,12
"150300";"FARO";38,01
"150304";"FLORESTA DO ARAGUAIA";27,91
"150307";"GARRAFAO DO NORTE";29,82
"150309";"GOIANESIA DO PARA";61,92
"150310";"GURUPA";35,87
"150320";"IGARAPE-ACU";65,59
"150330";"IGARAPE-MIRI";45,42
"150340";"INHANGAPI";34,08
"150345";"IPIXUNA DO PARA";46,24
"150350";"IRITUIA";29,69
"150360";"ITAITUBA";76,45
"150370";"ITUPIRANGA";47,21
"150375";"JACAREACANGA";35,13
"150380";"JACUNDA";80,21
"150390";"JURUTI";51,32
"150400";"LIMOEIRO DO AJURU";25,17
"150405";"MAE DO RIO";83,69
"150410";"MAGALHAES BARATA";37,51
"150420";"MARABA";78,53
"150430";"MARACANA";29,98
"150440";"MARAPANIM";57,38
"150442";"MARITUBA";89,35
"150445";"MEDICILANDIA";30,94
"150450";"MELGACO";24,06
"150460";"MOCAJUBA";64,16
"150470";"MOJU";35,9
"150480";"MONTE ALEGRE";37,36
"150490";"MUANA";42,72
"150495";"NOVA ESPERANCA DO PIRIA";51,58
"150497";"NOVA IPIXUNA";46,86
"150500";"NOVA TIMBOTEUA";63,03
"150503";"NOVO PROGRESSO";76,6
"150506";"NOVO REPARTIMENTO";48,21
"150510";"OBIDOS";44,5
"150520";"OEIRAS DO PARA";40,44
"150530";"ORIXIMINA";57,93
"150540";"OUREM";61,61
"150543";"OURILANDIA DO NORTE";75,31
"150548";"PACAJA";29,49
"150549";"PALESTINA DO PARA";38,57
"150550";"PARAGOMINAS";87,66
"150553";"PARAUAPEBAS";95,6
"150555";"PAU D'ARCO";43,8
"150560";"PEIXE-BOI";49,8
"150563";"PICARRA";38,77
"150565";"PLACAS";29,8
"150570";"PONTA DE PEDRAS";41,01
"150580";"PORTEL";47,25
"150590";"PORTO DE MOZ";25
"150600";"PRAINHA";22,23
"150610";"PRIMAVERA";52,72
"150611";"QUATIPURU";60,2
"150613";"REDENCAO";81,4
"150616";"RIO MARIA";69,12
"150618";"RONDON DO PARA";72,53
"150619";"RUROPOLIS";34,9
"150620";"SALINOPOLIS";79,79
"150630";"SALVATERRA";37,04
"150635";"SANTA BARBARA DO PARA";52,55
"150640";"SANTA CRUZ DO ARARI";64,02
"150650";"SANTA IZABEL DO PARA";74,45
"150655";"SANTA LUZIA DO PARA";49,84
"150658";"SANTA MARIA DAS BARREIRAS";30,57
"150660";"SANTA MARIA DO PARA";66,94
"150670";"SANTANA DO ARAGUAIA";55,52
"150680";"SANTAREM";75,65
"150690";"SANTAREM NOVO";55,72
"150700";"SANTO ANTONIO DO TAUA";60,17
"150710";"SAO CAETANO DE ODIVELAS";47,84
"150715";"SAO DOMINGOS DO ARAGUAIA";57,9
"150720";"SAO DOMINGOS DO CAPIM";40,92
"150730";"SAO FELIX DO XINGU";49,26
"150740";"SAO FRANCISCO DO PARA";49,33
"150745";"SAO GERALDO DO ARAGUAIA";61,57
"150746";"SAO JOAO DA PONTA";73,34
"150747";"SAO JOAO DE PIRABAS";40,9
"150750";"SAO JOAO DO ARAGUAIA";10,87
"150760";"SAO MIGUEL DO GUAMA";55,13
"150770";"SAO SEBASTIAO DA BOA VISTA";41,64
"150775";"SAPUCAIA";74,13
"150780";"SENADOR JOSE PORFIRIO";43,49
"150790";"SOURE";76,38
"150795";"TAILANDIA";85,61
"150796";"TERRA ALTA";67,17
"150797";"TERRA SANTA";74,23
"150800";"TOME-ACU";61,21
"150803";"TRACUATEUA";32,7
"150805";"TRAIRAO";49,34
"150808";"TUCUMA";66,08
"150810";"TUCURUI";92,3
"150812";"ULIANOPOLIS";69,34
"150815";"URUARA";51,8
"150820";"VIGIA";70,66
"150830";"VISEU";18,91
"150835";"VITORIA DO XINGU";18,78
"150840";"XINGUARA";79,26
"160005";"SERRA DO NAVIO";87,7
"160010";"AMAPA";82,73
"160015";"PEDRA BRANCA DO AMAPARI";62,8
"160020";"CALCOENE";73,42
"160021";"CUTIAS";65,31
"160023";"FERREIRA GOMES";74,13
"160025";"ITAUBAL";59,71
"160027";"LARANJAL DO JARI";86,35
"160030";"MACAPA";95,88
"160040";"MAZAGAO";38,17
"160050";"OIAPOQUE";74,45
"160053";"PORTO GRANDE";67,02
"160055";"PRACUUBA";69,79
"160060";"SANTANA";93,27
"160070";"TARTARUGALZINHO";48,9
"160080";"VITORIA DO JARI";88,06
"170025";"ABREULANDIA";56,71
"170030";"AGUIARNOPOLIS";78,9
"170035";"ALIANCA DO TOCANTINS";79
"170040";"ALMAS";58,44
"170070";"ALVORADA";90,83
"170100";"ANANAS";72,65
"170105";"ANGICO";51,9
"170110";"APARECIDA DO RIO NEGRO";73,52
"170130";"ARAGOMINAS";41,34
"170190";"ARAGUACEMA";45,9
"170200";"ARAGUACU";67,76
"170210";"ARAGUAINA";91,99
"170215";"ARAGUANA";78,46
"170220";"ARAGUATINS";61,33
"170230";"ARAPOEMA";75,52
"170240";"ARRAIAS";62,33
"170255";"AUGUSTINOPOLIS";73,99
"170270";"AURORA DO TOCANTINS";62,53
"170290";"AXIXA DO TOCANTINS";67,99
"170300";"BABACULANDIA";46,08
"170305";"BANDEIRANTES DO TOCANTINS";53,45
"170307";"BARRA DO OURO";57,98
"170310";"BARROLANDIA";82,44
"170320";"BERNARDO SAYAO";61,98
"170330";"BOM JESUS DO TOCANTINS";62,86
"170360";"BRASILANDIA DO TOCANTINS";67,38
"170370";"BREJINHO DE NAZARE";75,5
"170380";"BURITI DO TOCANTINS";57,54
"170382";"CACHOEIRINHA";33,75
"170384";"CAMPOS LINDOS";51,91
"170386";"CARIRI DO TOCANTINS";59,03
"170388";"CARMOLANDIA";77,41
"170389";"CARRASCO BONITO";74,52
"170390";"CASEARA";56,45
"170410";"CENTENARIO";56,41
"170460";"CHAPADA DE AREIA";52,64
"170510";"CHAPADA DA NATIVIDADE";46,92
"170550";"COLINAS DO TOCANTINS";93,52
"170555";"COMBINADO";66,46
"170560";"CONCEICAO DO TOCANTINS";61,23
"170600";"COUTO MAGALHAES";44,26
"170610";"CRISTALANDIA";80,88
"170625";"CRIXAS DO TOCANTINS";54,7
"170650";"DARCINOPOLIS";62,08
"170700";"DIANOPOLIS";84,46
"170710";"DIVINOPOLIS DO TOCANTINS";67,29
"170720";"DOIS IRMAOS DO TOCANTINS";39,56
"170730";"DUERE";61,2
"170740";"ESPERANTINA";40,1
"170755";"FATIMA";80,32
"170765";"FIGUEIROPOLIS";72,26
"170770";"FILADELFIA";53,16
"170820";"FORMOSO DO ARAGUAIA";70,23
"170825";"FORTALEZA DO TABOCAO";87,64
"170830";"GOIANORTE";52,69
"170900";"GOIATINS";37,49
"170930";"GUARAI";89,4
"170950";"GURUPI";95,76
"170980";"IPUEIRAS";68,53
"171050";"ITACAJA";65,42
"171070";"ITAGUATINS";49,19
"171090";"ITAPIRATINS";52,51
"171110";"ITAPORA DO TOCANTINS";61,93
"171150";"JAU DO TOCANTINS";49,52
"171180";"JUARINA";49,12
"171190";"LAGOA DA CONFUSAO";68,52
"171195";"LAGOA DO TOCANTINS";65,96
"171200";"LAJEADO";78,9
"171215";"LAVANDEIRA";57,14
"171240";"LIZARDA";23,28
"171245";"LUZINOPOLIS";70,98
"171250";"MARIANOPOLIS DO TOCANTINS";51,61
"171270";"MATEIROS";62,05
"171280";"MAURILANDIA DO TOCANTINS";51,06
"171320";"MIRACEMA DO TOCANTINS";84,61
"171330";"MIRANORTE";86,81
"171360";"MONTE DO CARMO";42,23
"171370";"MONTE SANTO DO TOCANTINS";51,16
"171380";"PALMEIRAS DO TOCANTINS";48,94
"171395";"MURICILANDIA";55,77
"171420";"NATIVIDADE";72,6
"171430";"NAZARE";40,31
"171488";"NOVA OLINDA";64,07
"171500";"NOVA ROSALANDIA";73,31
"171510";"NOVO ACORDO";74,81
"171515";"NOVO ALEGRE";74,89
"171525";"NOVO JARDIM";80,13
"171550";"OLIVEIRA DE FATIMA";73,04
"171570";"PALMEIRANTE";16,29
"171575";"PALMEIROPOLIS";76,42
"171610";"PARAISO DO TOCANTINS";94,73
"171620";"PARANA";48,79
"171630";"PAU D'ARCO";52,37
"171650";"PEDRO AFONSO";85,31
"171660";"PEIXE";50,72
"171665";"PEQUIZEIRO";48,15
"171670";"COLMEIA";72,67
"171700";"PINDORAMA DO TOCANTINS";64,06
"171720";"PIRAQUE";35,57
"171750";"PIUM";57,52
"171780";"PONTE ALTA DO BOM JESUS";41,65
"171790";"PONTE ALTA DO TOCANTINS";59,41
"171800";"PORTO ALEGRE DO TOCANTINS";68,12
"171820";"PORTO NACIONAL";83,92
"171830";"PRAIA NORTE";37,88
"171840";"PRESIDENTE KENNEDY";82,62
"171845";"PUGMIL";82,06
"171850";"RECURSOLANDIA";51,83
"171855";"RIACHINHO";35,74
"171865";"RIO DA CONCEICAO";91,39
"171870";"RIO DOS BOIS";53,75
"171875";"RIO SONO";38,93
"171880";"SAMPAIO";66,5
"171884";"SANDOLANDIA";60,01
"171886";"SANTA FE DO ARAGUAIA";71,84
"171888";"SANTA MARIA DO TOCANTINS";61,76
"171889";"SANTA RITA DO TOCANTINS";39,49
"171890";"SANTA ROSA DO TOCANTINS";45,33
"171900";"SANTA TEREZA DO TOCANTINS";64,29
"172000";"SANTA TEREZINHA DO TOCANTINS";61,93
"172010";"SAO BENTO DO TOCANTINS";50,52
"172015";"SAO FELIX DO TOCANTINS";60
"172020";"SAO MIGUEL DO TOCANTINS";56,63
"172025";"SAO SALVADOR DO TOCANTINS";66,34
"172030";"SAO SEBASTIAO DO TOCANTINS";54,13
"172049";"SAO VALERIO";56,73
"172065";"SILVANOPOLIS";70,08
"172080";"SITIO NOVO DO TOCANTINS";41,47
"172085";"SUCUPIRA";57,72
"172090";"TAGUATINGA";62,79
"172093";"TAIPAS DO TOCANTINS";71,65
"172097";"TALISMA";47
"172100";"PALMAS";96,99
"172110";"TOCANTINIA";48,64
"172120";"TOCANTINOPOLIS";80,61
"172125";"TUPIRAMA";58,79
"172130";"TUPIRATINS";50,15
"172208";"WANDERLANDIA";58,56
"172210";"XAMBIOA";82,74
"210005";"ACAILANDIA";84,24
"210010";"AFONSO CUNHA";36,07
"210015";"AGUA DOCE DO MARANHAO";15,61
"210020";"ALCANTARA";22,23
"210030";"ALDEIAS ALTAS";29,55
"210040";"ALTAMIRA DO MARANHAO";24,48
"210043";"ALTO ALEGRE DO MARANHAO";49,03
"210047";"ALTO ALEGRE DO PINDARE";32,07
"210050";"ALTO PARNAIBA";47,53
"210055";"AMAPA DO MARANHAO";27,87
"210060";"AMARANTE DO MARANHAO";44,44
"210070";"ANAJATUBA";20,2
"210080";"ANAPURUS";19,79
"210083";"APICUM-ACU";5,67
"210087";"ARAGUANA";37,7
"210090";"ARAIOSES";24,68
"210095";"ARAME";37,83
"210100";"ARARI";49,5
"210110";"AXIXA";10,88
"210120";"BACABAL";71,18
"210125";"BACABEIRA";51,95
"210130";"BACURI";12,88
"210135";"BACURITUBA";0,43
"210140";"BALSAS";82,97
"210150";"BARAO DE GRAJAU";47,32
"210160";"BARRA DO CORDA";51,07
"210170";"BARREIRINHAS";35,92
"210173";"BELAGUA";0,4
"210177";"BELA VISTA DO MARANHAO";28,85
"210180";"BENEDITO LEITE";27,06
"210190";"BEQUIMAO";7,04
"210193";"BERNARDO DO MEARIM";49,6
"210197";"BOA VISTA DO GURUPI";59,33
"210200";"BOM JARDIM";33,28
"210203";"BOM JESUS DAS SELVAS";47,71
"210207";"BOM LUGAR";15,8
"210210";"BREJO";17,35
"210215";"BREJO DE AREIA";8,55
"210220";"BURITI";15,12
"210230";"BURITI BRAVO";27,89
"210232";"BURITICUPU";52,76
"210235";"BURITIRANA";32,85
"210237";"CACHOEIRA GRANDE";22,26
"210240";"CAJAPIO";5,14
"210250";"CAJARI";16,25
"210255";"CAMPESTRE DO MARANHAO";74,48
"210260";"CANDIDO MENDES";29,32
"210270";"CANTANHEDE";34,12
"210275";"CAPINZAL DO NORTE";23,2
"210280";"CAROLINA";64,08
"210290";"CARUTAPERA";53,71
"210300";"CAXIAS";60,97
"210310";"CEDRAL";20,41
"210312";"CENTRAL DO MARANHAO";14,9
"210315";"CENTRO DO GUILHERME";32,66
"210317";"CENTRO NOVO DO MARANHAO";22,23
"210320";"CHAPADINHA";50,8
"210325";"CIDELANDIA";41,02
"210330";"CODO";62,93
"210340";"COELHO NETO";52,58
"210350";"COLINAS";39,6
"210355";"CONCEICAO DO LAGO-ACU";30,85
"210360";"COROATA";51,75
"210370";"CURURUPU";33,74
"210375";"DAVINOPOLIS";35,8
"210380";"DOM PEDRO";63,65
"210390";"DUQUE BACELAR";27,37
"210400";"ESPERANTINOPOLIS";52,24
"210405";"ESTREITO";74,06
"210407";"FEIRA NOVA DO MARANHAO";32,36
"210408";"FERNANDO FALCAO";6,22
"210409";"FORMOSA DA SERRA NEGRA";25,23
"210410";"FORTALEZA DOS NOGUEIRAS";55,4
"210420";"FORTUNA";41,8
"210430";"GODOFREDO VIANA";16,43
"210440";"GONCALVES DIAS";40,31
"210450";"GOVERNADOR ARCHER";57,35
"210455";"GOVERNADOR EDISON LOBAO";66,9
"210460";"GOVERNADOR EUGENIO BARROS";35,33
"210462";"GOVERNADOR LUIZ ROCHA";18,97
"210465";"GOVERNADOR NEWTON BELLO";28,06
"210467";"GOVERNADOR NUNES FREIRE";54,66
"210470";"GRACA ARANHA";31,27
"210480";"GRAJAU";57,88
"210490";"GUIMARAES";16,38
"210500";"HUMBERTO DE CAMPOS";18,58
"210510";"ICATU";15,36
"210515";"IGARAPE DO MEIO";11,5
"210520";"IGARAPE GRANDE";60,25
"210530";"IMPERATRIZ";91,94
"210535";"ITAIPAVA DO GRAJAU";21,13
"210540";"ITAPECURU MIRIM";51,06
"210542";"ITINGA DO MARANHAO";75,38
"210545";"JATOBA";4,59
"210547";"JENIPAPO DOS VIEIRAS";13,55
"210550";"JOAO LISBOA";49,82
"210560";"JOSELANDIA";23,1
"210565";"JUNCO DO MARANHAO";30,33
"210570";"LAGO DA PEDRA";65,63
"210580";"LAGO DO JUNCO";38,29
"210590";"LAGO VERDE";17,8
"210592";"LAGOA DO MATO";32,52
"210594";"LAGO DOS RODRIGUES";67,05
"210596";"LAGOA GRANDE DO MARANHAO";45,88
"210598";"LAJEADO NOVO";57,12
"210600";"LIMA CAMPOS";55,81
"210610";"LORETO";58,46
"210620";"LUIS DOMINGUES";0
"210630";"MAGALHAES DE ALMEIDA";32,79
"210632";"MARACACUME";52,36
"210635";"MARAJA DO SENA";12,11
"210637";"MARANHAOZINHO";45,49
"210640";"MATA ROMA";16,91
"210650";"MATINHA";28,36
"210660";"MATOES";18,35
"210663";"MATOES DO NORTE";27,68
"210667";"MILAGRES DO MARANHAO";7,89
"210670";"MIRADOR";26,9
"210675";"MIRANDA DO NORTE";66,27
"210680";"MIRINZAL";30,37
"210690";"MONCAO";7,62
"210700";"MONTES ALTOS";44,01
"210710";"MORROS";30,01
"210720";"NINA RODRIGUES";19,64
"210725";"NOVA COLINAS";42,34
"210730";"NOVA IORQUE";55,17
"210735";"NOVA OLINDA DO MARANHAO";56,4
"210740";"OLHO D'AGUA DAS CUNHAS";45,59
"210745";"OLINDA NOVA DO MARANHAO";24,34
"210750";"PACO DO LUMIAR";61,52
"210760";"PALMEIRANDIA";6,18
"210770";"PARAIBANO";67,81
"210780";"PARNARAMA";26,77
"210790";"PASSAGEM FRANCA";42,64
"210800";"PASTOS BONS";49
"210805";"PAULINO NEVES";22,97
"210810";"PAULO RAMOS";49,66
"210820";"PEDREIRAS";80,45
"210825";"PEDRO DO ROSARIO";15,5
"210830";"PENALVA";30,58
"210840";"PERI MIRIM";16,71
"210845";"PERITORO";30,6
"210850";"PINDARE-MIRIM";53,75
"210860";"PINHEIRO";53,54
"210870";"PIO XII";47,74
"210880";"PIRAPEMAS";33,09
"210890";"POCAO DE PEDRAS";41,36
"210900";"PORTO FRANCO";75,72
"210905";"PORTO RICO DO MARANHAO";31,92
"210910";"PRESIDENTE DUTRA";62,82
"210920";"PRESIDENTE JUSCELINO";17,44
"210923";"PRESIDENTE MEDICI";59,6
"210927";"PRESIDENTE SARNEY";11,9
"210930";"PRESIDENTE VARGAS";21,47
"210940";"PRIMEIRA CRUZ";12,71
"210945";"RAPOSA";50,64
"210950";"RIACHAO";54,16
"210955";"RIBAMAR FIQUENE";46,83
"210960";"ROSARIO";56,84
"210970";"SAMBAIBA";23,66
"210975";"SANTA FILOMENA DO MARANHAO";25,57
"210980";"SANTA HELENA";49,99
"210990";"SANTA INES";86,55
"211000";"SANTA LUZIA";32,13
"211003";"SANTA LUZIA DO PARUA";54,66
"211010";"SANTA QUITERIA DO MARANHAO";27,64
"211020";"SANTA RITA";31,31
"211023";"SANTANA DO MARANHAO";12,12
"211027";"SANTO AMARO DO MARANHAO";13,33
"211030";"SANTO ANTONIO DOS LOPES";39,6
"211040";"SAO BENEDITO DO RIO PRETO";2,53
"211050";"SAO BENTO";38,32
"211060";"SAO BERNARDO";29,71
"211065";"SAO DOMINGOS DO AZEITAO";49,67
"211070";"SAO DOMINGOS DO MARANHAO";47,61
"211080";"SAO FELIX DE BALSAS";14,61
"211085";"SAO FRANCISCO DO BREJAO";55,21
"211090";"SAO FRANCISCO DO MARANHAO";24,34
"211100";"SAO JOAO BATISTA";11,62
"211102";"SAO JOAO DO CARU";37,75
"211105";"SAO JOAO DO PARAISO";39,74
"211107";"SAO JOAO DO SOTER";12,3
"211110";"SAO JOAO DOS PATOS";63,11
"211120";"SAO JOSE DE RIBAMAR";81,05
"211125";"SAO JOSE DOS BASILIOS";25,27
"211130";"SAO LUIS";91,16
"211140";"SAO LUIS GONZAGA DO MARANHAO";30,51
"211150";"SAO MATEUS DO MARANHAO";60,39
"211153";"SAO PEDRO DA AGUA BRANCA";67,4
"211157";"SAO PEDRO DOS CRENTES";54,21
"211160";"SAO RAIMUNDO DAS MANGABEIRAS";69,29
"211163";"SAO RAIMUNDO DO DOCA BEZERRA";56,31
"211167";"SAO ROBERTO";46,81
"211170";"SAO VICENTE FERRER";10,32
"211172";"SATUBINHA";14,7
"211174";"SENADOR ALEXANDRE COSTA";26,58
"211176";"SENADOR LA ROCQUE";49,07
"211178";"SERRANO DO MARANHAO";0,55
"211180";"SITIO NOVO";30,16
"211190";"SUCUPIRA DO NORTE";19,59
"211195";"SUCUPIRA DO RIACHAO";0,08
"211200";"TASSO FRAGOSO";59,55
"211210";"TIMBIRAS";35,71
"211220";"TIMON";68,39
"211223";"TRIZIDELA DO VALE";81,52
"211227";"TUFILANDIA";15,95
"211230";"TUNTUM";42,5
"211240";"TURIACU";20,28
"211245";"TURILANDIA";37,47
"211250";"TUTOIA";25,94
"211260";"URBANO SANTOS";19,19
"211270";"VARGEM GRANDE";28,05
"211280";"VIANA";44
"211285";"VILA NOVA DOS MARTIRIOS";67,77
"211290";"VITORIA DO MEARIM";54,11
"211300";"VITORINO FREIRE";42,78
"211400";"ZE DOCA";58,61
"220005";"ACAUA";20,09
"220010";"AGRICOLANDIA";42,4
"220020";"AGUA BRANCA";87,64
"220025";"ALAGOINHA DO PIAUI";48,92
"220027";"ALEGRETE DO PIAUI";64,18
"220030";"ALTO LONGA";42,59
"220040";"ALTOS";44,71
"220045";"ALVORADA DO GURGUEIA";27,3
"220050";"AMARANTE";41,33
"220060";"ANGICAL DO PIAUI";60,64
"220070";"ANISIO DE ABREU";38,67
"220080";"ANTONIO ALMEIDA";67,12
"220090";"AROAZES";50,18
"220095";"AROEIRAS DO ITAIM";10,76
"220100";"ARRAIAL";53,12
"220105";"ASSUNCAO DO PIAUI";31,15
"220110";"AVELINO LOPES";58,05
"220115";"BAIXA GRANDE DO RIBEIRO";58,05
"220117";"BARRA D'ALCANTARA";53,44
"220120";"BARRAS";40,86
"220130";"BARREIRAS DO PIAUI";30,02
"220140";"BARRO DURO";59,75
"220150";"BATALHA";34,91
"220155";"BELA VISTA DO PIAUI";41,14
"220157";"BELEM DO PIAUI";46,41
"220160";"BENEDITINOS";55,56
"220170";"BERTOLINIA";22,84
"220173";"BETANIA DO PIAUI";27,93
"220177";"BOA HORA";7,17
"220180";"BOCAINA";39,05
"220190";"BOM JESUS";70,67
"220191";"BOM PRINCIPIO DO PIAUI";33,23
"220192";"BONFIM DO PIAUI";26,81
"220194";"BOQUEIRAO DO PIAUI";28,16
"220196";"BRASILEIRA";41,3
"220198";"BREJO DO PIAUI";37,76
"220200";"BURITI DOS LOPES";39,92
"220202";"BURITI DOS MONTES";28,7
"220205";"CABECEIRAS DO PIAUI";16,39
"220207";"CAJAZEIRAS DO PIAUI";33,44
"220208";"CAJUEIRO DA PRAIA";45,57
"220209";"CALDEIRAO GRANDE DO PIAUI";31,54
"220210";"CAMPINAS DO PIAUI";34,67
"220211";"CAMPO ALEGRE DO FIDALGO";26,23
"220213";"CAMPO GRANDE DO PIAUI";39,43
"220217";"CAMPO LARGO DO PIAUI";15,03
"220220";"CAMPO MAIOR";71,79
"220225";"CANAVIEIRA";22,5
"220230";"CANTO DO BURITI";53,64
"220240";"CAPITAO DE CAMPOS";32,2
"220245";"CAPITAO GERVASIO OLIVEIRA";30,77
"220250";"CARACOL";30,04
"220253";"CARAUBAS DO PIAUI";24,91
"220255";"CARIDADE DO PIAUI";33,52
"220260";"CASTELO DO PIAUI";60,48
"220265";"CAXINGO";22,97
"220270";"COCAL";39,02
"220271";"COCAL DE TELHA";45,93
"220272";"COCAL DOS ALVES";12,29
"220273";"COIVARAS";23,25
"220275";"COLONIA DO GURGUEIA";43,06
"220277";"COLONIA DO PIAUI";32,6
"220280";"CONCEICAO DO CANINDE";51,18
"220285";"CORONEL JOSE DIAS";37,32
"220290";"CORRENTE";60,57
"220300";"CRISTALANDIA DO PIAUI";37,36
"220310";"CRISTINO CASTRO";57,79
"220320";"CURIMATA";55,65
"220323";"CURRAIS";17,24
"220325";"CURRALINHOS";17,33
"220327";"CURRAL NOVO DO PIAUI";36,78
"220330";"DEMERVAL LOBAO";60,49
"220335";"DIRCEU ARCOVERDE";26,2
"220340";"DOM EXPEDITO LOPES";83,35
"220342";"DOMINGOS MOURAO";33,73
"220345";"DOM INOCENCIO";22,09
"220350";"ELESBAO VELOSO";67
"220360";"ELISEU MARTINS";71,67
"220370";"ESPERANTINA";53,7
"220375";"FARTURA DO PIAUI";18,33
"220380";"FLORES DO PIAUI";58,23
"220385";"FLORESTA DO PIAUI";37,47
"220390";"FLORIANO";81,3
"220400";"FRANCINOPOLIS";67,62
"220410";"FRANCISCO AYRES";48,6
"220415";"FRANCISCO MACEDO";40,84
"220420";"FRANCISCO SANTOS";51,91
"220430";"FRONTEIRAS";58,48
"220435";"GEMINIANO";41,37
"220440";"GILBUES";41,95
"220450";"GUADALUPE";85,37
"220455";"GUARIBAS";26,03
"220460";"HUGO NAPOLEAO";73,22
"220465";"ILHA GRANDE";61,64
"220470";"INHUMA";55,31
"220480";"IPIRANGA DO PIAUI";59,11
"220490";"ISAIAS COELHO";29,73
"220500";"ITAINOPOLIS";24,3
"220510";"ITAUEIRA";54,91
"220515";"JACOBINA DO PIAUI";29,84
"220520";"JAICOS";45,95
"220525";"JARDIM DO MULATO";22,04
"220527";"JATOBA DO PIAUI";19,55
"220530";"JERUMENHA";20,84
"220535";"JOAO COSTA";15,1
"220540";"JOAQUIM PIRES";31,16
"220545";"JOCA MARQUES";28,83
"220550";"JOSE DE FREITAS";26,83
"220551";"JUAZEIRO DO PIAUI";23,86
"220552";"JULIO BORGES";27,37
"220553";"JUREMA";33,33
"220554";"LAGOINHA DO PIAUI";59,22
"220555";"LAGOA ALEGRE";16,35
"220556";"LAGOA DO BARRO DO PIAUI";19,01
"220557";"LAGOA DE SAO FRANCISCO";19,02
"220558";"LAGOA DO PIAUI";38,79
"220559";"LAGOA DO SITIO";29,3
"220560";"LANDRI SALES";55,04
"220570";"LUIS CORREIA";34,9
"220580";"LUZILANDIA";46,04
"220585";"MADEIRO";24,57
"220590";"MANOEL EMIDIO";47,95
"220595";"MARCOLANDIA";81,38
"220600";"MARCOS PARENTE";78,22
"220605";"MASSAPE DO PIAUI";18,63
"220610";"MATIAS OLIMPIO";33,57
"220620";"MIGUEL ALVES";16,76
"220630";"MIGUEL LEAO";39,21
"220635";"MILTON BRANDAO";24,01
"220640";"MONSENHOR GIL";43,94
"220650";"MONSENHOR HIPOLITO";47,66
"220660";"MONTE ALEGRE DO PIAUI";26,39
"220665";"MORRO CABECA NO TEMPO";39,82
"220667";"MORRO DO CHAPEU DO PIAUI";28,95
"220669";"MURICI DOS PORTELAS";16,3
"220670";"NAZARE DO PIAUI";29,12
"220672";"NAZARIA";38,38
"220675";"NOSSA SENHORA DE NAZARE";18,61
"220680";"NOSSA SENHORA DOS REMEDIOS";24,81
"220690";"NOVO ORIENTE DO PIAUI";51,57
"220695";"NOVO SANTO ANTONIO";29,24
"220700";"OEIRAS";54,4
"220710";"OLHO D'AGUA DO PIAUI";30,29
"220720";"PADRE MARCOS";43,35
"220730";"PAES LANDIM";62,93
"220735";"PAJEU DO PIAUI";44,12
"220740";"PALMEIRA DO PIAUI";25,73
"220750";"PALMEIRAIS";35,6
"220755";"PAQUETA";19,95
"220760";"PARNAGUA";36,71
"220770";"PARNAIBA";84,54
"220775";"PASSAGEM FRANCA DO PIAUI";46,13
"220777";"PATOS DO PIAUI";30,17
"220779";"PAU D'ARCO DO PIAUI";0,29
"220780";"PAULISTANA";51,7
"220785";"PAVUSSU";47,17
"220790";"PEDRO II";58,29
"220793";"PEDRO LAURENTINO";36,03
"220795";"NOVA SANTA RITA";19,99
"220800";"PICOS";91,51
"220810";"PIMENTEIRAS";39,82
"220820";"PIO IX";35,88
"220830";"PIRACURUCA";59,11
"220840";"PIRIPIRI";67,42
"220850";"PORTO";37,63
"220855";"PORTO ALEGRE DO PIAUI";64,38
"220860";"PRATA DO PIAUI";74,63
"220865";"QUEIMADA NOVA";16,16
"220870";"REDENCAO DO GURGUEIA";37,45
"220880";"REGENERACAO";59,86
"220885";"RIACHO FRIO";49,95
"220887";"RIBEIRA DO PIAUI";31,96
"220890";"RIBEIRO GONCALVES";54,26
"220900";"RIO GRANDE DO PIAUI";61,85
"220910";"SANTA CRUZ DO PIAUI";64,46
"220915";"SANTA CRUZ DOS MILAGRES";62,83
"220920";"SANTA FILOMENA";30,55
"220930";"SANTA LUZ";39,13
"220935";"SANTANA DO PIAUI";42,31
"220937";"SANTA ROSA DO PIAUI";70,41
"220940";"SANTO ANTONIO DE LISBOA";58,61
"220945";"SANTO ANTONIO DOS MILAGRES";22,6
"220950";"SANTO INACIO DO PIAUI";60,65
"220955";"SAO BRAZ DO PIAUI";21,47
"220960";"SAO FELIX DO PIAUI";73,61
"220965";"SAO FRANCISCO DE ASSIS DO PIAUI";29,36
"220970";"SAO FRANCISCO DO PIAUI";27,01
"220975";"SAO GONCALO DO GURGUEIA";42,72
"220980";"SAO GONCALO DO PIAUI";71,91
"220985";"SAO JOAO DA CANABRAVA";42,87
"220987";"SAO JOAO DA FRONTEIRA";35,54
"220990";"SAO JOAO DA SERRA";52,38
"220995";"SAO JOAO DA VARJOTA";27,95
"220997";"SAO JOAO DO ARRAIAL";19,13
"221000";"SAO JOAO DO PIAUI";65,89
"221005";"SAO JOSE DO DIVINO";51,37
"221010";"SAO JOSE DO PEIXE";43,88
"221020";"SAO JOSE DO PIAUI";57,04
"221030";"SAO JULIAO";67,44
"221035";"SAO LOURENCO DO PIAUI";19,66
"221037";"SAO LUIS DO PIAUI";27,59
"221038";"SAO MIGUEL DA BAIXA GRANDE";68,65
"221039";"SAO MIGUEL DO FIDALGO";30,48
"221040";"SAO MIGUEL DO TAPUIO";41,79
"221050";"SAO PEDRO DO PIAUI";37,17
"221060";"SAO RAIMUNDO NONATO";61,06
"221062";"SEBASTIAO BARROS";24,18
"221063";"SEBASTIAO LEAL";26,79
"221065";"SIGEFREDO PACHECO";40,42
"221070";"SIMOES";45,91
"221080";"SIMPLICIO MENDES";68,3
"221090";"SOCORRO DO PIAUI";32,42
"221093";"SUSSUAPARA";43,71
"221095";"TAMBORIL DO PIAUI";49,67
"221097";"TANQUE DO PIAUI";65,88
"221100";"TERESINA";92,9
"221110";"UNIAO";33,43
"221120";"URUCUI";71,56
"221130";"VALENCA DO PIAUI";77,33
"221135";"VARZEA BRANCA";21,8
"221140";"VARZEA GRANDE";56,96
"221150";"VERA MENDES";29,03
"221160";"VILA NOVA DO PIAUI";32,09
"221170";"WALL FERRAZ";30,2
"230010";"ABAIARA";40,23
"230015";"ACARAPE";61,95
"230020";"ACARAU";45,38
"230030";"ACOPIARA";48,44
"230040";"AIUABA";51,35
"230050";"ALCANTARAS";46,39
"230060";"ALTANEIRA";77,5
"230070";"ALTO SANTO";41,69
"230075";"AMONTADA";33,96
"230080";"ANTONINA DO NORTE";64,49
"230090";"APUIARES";50,45
"230100";"AQUIRAZ";75,23
"230110";"ARACATI";73,22
"230120";"ARACOIABA";51,96
"230125";"ARARENDA";45,52
"230130";"ARARIPE";60,42
"230140";"ARATUBA";35,06
"230150";"ARNEIROZ";58,6
"230160";"ASSARE";54,88
"230170";"AURORA";48,21
"230180";"BAIXIO";57,48
"230185";"BANABUIU";48,73
"230190";"BARBALHA";71,02
"230195";"BARREIRA";46,15
"230200";"BARRO";54,37
"230205";"BARROQUINHA";51,36
"230210";"BATURITE";73,38
"230220";"BEBERIBE";59,58
"230230";"BELA CRUZ";44,01
"230240";"BOA VIAGEM";45,99
"230250";"BREJO SANTO";70,9
"230260";"CAMOCIM";72,66
"230270";"CAMPOS SALES";70,98
"230280";"CANINDE";61,83
"230290";"CAPISTRANO";37,26
"230300";"CARIDADE";56,52
"230310";"CARIRE";51,69
"230320";"CARIRIACU";54,17
"230330";"CARIUS";53,33
"230340";"CARNAUBAL";56,44
"230350";"CASCAVEL";66,17
"230360";"CATARINA";52,01
"230365";"CATUNDA";51,66
"230370";"CAUCAIA";82,48
"230380";"CEDRO";57,45
"230390";"CHAVAL";63,1
"230393";"CHORO";22,64
"230395";"CHOROZINHO";61,64
"230400";"COREAU";44,89
"230410";"CRATEUS";62,38
"230420";"CRATO";84,11
"230423";"CROATA";60,77
"230425";"CRUZ";57,47
"230426";"DEPUTADO IRAPUAN PINHEIRO";45,87
"230427";"ERERE";51,83
"230428";"EUSEBIO";94,05
"230430";"FARIAS BRITO";66,01
"230435";"FORQUILHA";70,99
"230440";"FORTALEZA";98,75
"230445";"FORTIM";73,48
"230450";"FRECHEIRINHA";65,58
"230460";"GENERAL SAMPAIO";74,12
"230465";"GRACA";42,96
"230470";"GRANJA";35,24
"230480";"GRANJEIRO";37,66
"230490";"GROAIRAS";68,56
"230495";"GUAIUBA";69,44
"230500";"GUARACIABA DO NORTE";47,09
"230510";"GUARAMIRANGA";85,76
"230520";"HIDROLANDIA";58,72
"230523";"HORIZONTE";91,04
"230526";"IBARETAMA";36,99
"230530";"IBIAPINA";51,26
"230533";"IBICUITINGA";50,54
"230535";"ICAPUI";82,44
"230540";"ICO";49,2
"230550";"IGUATU";76,88
"230560";"INDEPENDENCIA";44,07
"230565";"IPAPORANGA";32,65
"230570";"IPAUMIRIM";64,63
"230580";"IPU";60,4
"230590";"IPUEIRAS";42,97
"230600";"IRACEMA";72,11
"230610";"IRAUCUBA";65,99
"230620";"ITAICABA";72,73
"230625";"ITAITINGA";94,15
"230630";"ITAPAGE";75,96
"230640";"ITAPIPOCA";54,55
"230650";"ITAPIUNA";47,76
"230655";"ITAREMA";44,9
"230660";"ITATIRA";41,97
"230670";"JAGUARETAMA";48,21
"230680";"JAGUARIBARA";75,16
"230690";"JAGUARIBE";66,18
"230700";"JAGUARUANA";74,89
"230710";"JARDIM";40,13
"230720";"JATI";54,6
"230725";"JIJOCA DE JERICOACOARA";56,22
"230730";"JUAZEIRO DO NORTE";94,22
"230740";"JUCAS";56,57
"230750";"LAVRAS DA MANGABEIRA";58,56
"230760";"LIMOEIRO DO NORTE";81,84
"230763";"MADALENA";53,77
"230765";"MARACANAU";95,95
"230770";"MARANGUAPE";84,08
"230780";"MARCO";57,86
"230790";"MARTINOPOLE";71,8
"230800";"MASSAPE";71,1
"230810";"MAURITI";54,14
"230820";"MERUOCA";53,63
"230830";"MILAGRES";45,52
"230835";"MILHA";50,01
"230837";"MIRAIMA";50,94
"230840";"MISSAO VELHA";46,61
"230850";"MOMBACA";39,78
"230860";"MONSENHOR TABOSA";59,63
"230870";"MORADA NOVA";55,97
"230880";"MORAUJO";53,37
"230890";"MORRINHOS";56,18
"230900";"MUCAMBO";65,69
"230910";"MULUNGU";61,82
"230920";"NOVA OLINDA";68,35
"230930";"NOVA RUSSAS";69,64
"230940";"NOVO ORIENTE";44,7
"230945";"OCARA";43,12
"230950";"OROS";74,1
"230960";"PACAJUS";82,22
"230970";"PACATUBA";93,96
"230980";"PACOTI";67,88
"230990";"PACUJA";68,96
"231000";"PALHANO";54,11
"231010";"PALMACIA";53,31
"231020";"PARACURU";76,45
"231025";"PARAIPABA";53,97
"231030";"PARAMBU";48,2
"231040";"PARAMOTI";52,19
"231050";"PEDRA BRANCA";59,81
"231060";"PENAFORTE";71,17
"231070";"PENTECOSTE";62,26
"231080";"PEREIRO";39,85
"231085";"PINDORETAMA";69,55
"231090";"PIQUET CARNEIRO";54,86
"231095";"PIRES FERREIRA";34,8
"231100";"PORANGA";42,67
"231110";"PORTEIRAS";44,12
"231120";"POTENGI";57,28
"231123";"POTIRETAMA";55,25
"231126";"QUITERIANOPOLIS";34,41
"231130";"QUIXADA";69,87
"231135";"QUIXELO";35,83
"231140";"QUIXERAMOBIM";56,16
"231150";"QUIXERE";77,64
"231160";"REDENCAO";63,29
"231170";"RERIUTABA";52,03
"231180";"RUSSAS";72,3
"231190";"SABOEIRO";54
"231195";"SALITRE";34,17
"231200";"SANTANA DO ACARAU";46,98
"231210";"SANTANA DO CARIRI";54,67
"231220";"SANTA QUITERIA";42,57
"231230";"SAO BENEDITO";53,32
"231240";"SAO GONCALO DO AMARANTE";70,89
"231250";"SAO JOAO DO JAGUARIBE";43,02
"231260";"SAO LUIS DO CURU";59,84
"231270";"SENADOR POMPEU";56,81
"231280";"SENADOR SA";41,06
"231290";"SOBRAL";88,54
"231300";"SOLONOPOLE";53,39
"231310";"TABULEIRO DO NORTE";66,33
"231320";"TAMBORIL";50,08
"231325";"TARRAFAS";42,88
"231330";"TAUA";61,97
"231335";"TEJUCUOCA";43,3
"231340";"TIANGUA";61,58
"231350";"TRAIRI";38,41
"231355";"TURURU";52,92
"231360";"UBAJARA";59,54
"231370";"UMARI";40,33
"231375";"UMIRIM";57,52
"231380";"URUBURETAMA";77,15
"231390";"URUOCA";54,38
"231395";"VARJOTA";75,64
"231400";"VARZEA ALEGRE";57,91
"231410";"VICOSA DO CEARA";31,94
"240010";"ACARI";89,43
"240020";"ACU";86,38
"240030";"AFONSO BEZERRA";58,46
"240040";"AGUA NOVA";65,66
"240050";"ALEXANDRIA";68,74
"240060";"ALMINO AFONSO";67,83
"240070";"ALTO DO RODRIGUES";95,89
"240080";"ANGICOS";81,49
"240090";"ANTONIO MARTINS";52,9
"240100";"APODI";62,35
"240110";"AREIA BRANCA";93,81
"240120";"ARES";81,79
"240130";"AUGUSTO SEVERO";52,41
"240140";"BAIA FORMOSA";93,41
"240145";"BARAUNA";70,68
"240150";"BARCELONA";57,52
"240160";"BENTO FERNANDES";65,05
"240165";"BODO";58,56
"240170";"BOM JESUS";76,14
"240180";"BREJINHO";79,13
"240185";"CAICARA DO NORTE";96,38
"240190";"CAICARA DO RIO DO VENTO";83,08
"240200";"CAICO";88,4
"240210";"CAMPO REDONDO";60,78
"240220";"CANGUARETAMA";83,12
"240230";"CARAUBAS";72,47
"240240";"CARNAUBA DOS DANTAS";91,76
"240250";"CARNAUBAIS";78,71
"240260";"CEARA-MIRIM";62,48
"240270";"CERRO CORA";54,79
"240280";"CORONEL EZEQUIEL";56,65
"240290";"CORONEL JOAO PESSOA";50,66
"240300";"CRUZETA";80,64
"240310";"CURRAIS NOVOS";90,63
"240320";"DOUTOR SEVERIANO";47,09
"240325";"PARNAMIRIM";98,9
"240330";"ENCANTO";65,83
"240340";"EQUADOR";78,57
"240350";"ESPIRITO SANTO";70,54
"240360";"EXTREMOZ";77,27
"240370";"FELIPE GUERRA";61,2
"240375";"FERNANDO PEDROZA";81,1
"240380";"FLORANIA";77,08
"240390";"FRANCISCO DANTAS";64,43
"240400";"FRUTUOSO GOMES";65,79
"240410";"GALINHOS";91,04
"240420";"GOIANINHA";89,56
"240430";"GOVERNADOR DIX-SEPT ROSADO";53,21
"240440";"GROSSOS";86,91
"240450";"GUAMARE";95,16
"240460";"IELMO MARINHO";40,79
"240470";"IPANGUACU";70,34
"240480";"IPUEIRA";91,25
"240485";"ITAJA";86,87
"240490";"ITAU";84,57
"240500";"JACANA";78,39
"240510";"JANDAIRA";78,99
"240520";"JANDUIS";79,48
"240530";"JANUARIO CICCO";44,68
"240540";"JAPI";74,11
"240550";"JARDIM DE ANGICOS";34,93
"240560";"JARDIM DE PIRANHAS";77,73
"240570";"JARDIM DO SERIDO";84,82
"240580";"JOAO CAMARA";74,56
"240590";"JOAO DIAS";51,47
"240600";"JOSE DA PENHA";62,92
"240610";"JUCURUTU";68,51
"240615";"JUNDIA";71,82
"240620";"LAGOA D'ANTA";74,27
"240630";"LAGOA DE PEDRAS";49,95
"240640";"LAGOA DE VELHOS";69,48
"240650";"LAGOA NOVA";55,13
"240660";"LAGOA SALGADA";62,38
"240670";"LAJES";77,72
"240680";"LAJES PINTADAS";67,5
"240690";"LUCRECIA";93,96
"240700";"LUIS GOMES";68,58
"240710";"MACAIBA";80,6
"240720";"MACAU";92,55
"240725";"MAJOR SALES";88,24
"240730";"MARCELINO VIEIRA";55,62
"240740";"MARTINS";67,66
"240750";"MAXARANGUAPE";69,82
"240760";"MESSIAS TARGINO";86,73
"240770";"MONTANHAS";82,16
"240780";"MONTE ALEGRE";67,48
"240790";"MONTE DAS GAMELEIRAS";71,1
"240800";"MOSSORO";92,91
"240810";"NATAL";98,91
"240820";"NISIA FLORESTA";85,46
"240830";"NOVA CRUZ";77,06
"240840";"OLHO-D'AGUA DO BORGES";75
"240850";"OURO BRANCO";70,91
"240860";"PARANA";57,13
"240870";"PARAU";83,28
"240880";"PARAZINHO";71,36
"240890";"PARELHAS";88,67
"240895";"RIO DO FOGO";82,48
"240910";"PASSA E FICA";83,75
"240920";"PASSAGEM";64,88
"240930";"PATU";84,32
"240933";"SANTA MARIA";71,42
"240940";"PAU DOS FERROS";91,57
"240950";"PEDRA GRANDE";75,86
"240960";"PEDRA PRETA";40,93
"240970";"PEDRO AVELINO";64,14
"240980";"PEDRO VELHO";70,97
"240990";"PENDENCIAS";95,44
"241000";"PILOES";83,02
"241010";"POCO BRANCO";64,37
"241020";"PORTALEGRE";53,34
"241025";"PORTO DO MANGUE";77,66
"241030";"SERRA CAIADA";64,08
"241040";"PUREZA";40,4
"241050";"RAFAEL FERNANDES";58,12
"241060";"RAFAEL GODEIRO";58,28
"241070";"RIACHO DA CRUZ";87,82
"241080";"RIACHO DE SANTANA";45,64
"241090";"RIACHUELO";80,06
"241100";"RODOLFO FERNANDES";87,95
"241105";"TIBAU";82,39
"241110";"RUY BARBOSA";55,52
"241120";"SANTA CRUZ";83,96
"241140";"SANTANA DO MATOS";52,55
"241142";"SANTANA DO SERIDO";75,66
"241150";"SANTO ANTONIO";72,47
"241160";"SAO BENTO DO NORTE";35,52
"241170";"SAO BENTO DO TRAIRI";58,13
"241180";"SAO FERNANDO";70,48
"241190";"SAO FRANCISCO DO OESTE";83,36
"241200";"SAO GONCALO DO AMARANTE";91,29
"241210";"SAO JOAO DO SABUGI";83,53
"241220";"SAO JOSE DE MIPIBU";77,8
"241230";"SAO JOSE DO CAMPESTRE";83,15
"241240";"SAO JOSE DO SERIDO";84,33
"241250";"SAO MIGUEL";67,95
"241255";"SAO MIGUEL DO GOSTOSO";47,48
"241260";"SAO PAULO DO POTENGI";80,51
"241270";"SAO PEDRO";70,17
"241280";"SAO RAFAEL";73,74
"241290";"SAO TOME";58,08
"241300";"SAO VICENTE";67,37
"241310";"SENADOR ELOI DE SOUZA";50,58
"241320";"SENADOR GEORGINO AVELINO";90,12
"241330";"SERRA DE SAO BENTO";62,12
"241335";"SERRA DO MEL";29,3
"241340";"SERRA NEGRA DO NORTE";68,39
"241350";"SERRINHA";53,76
"241355";"SERRINHA DOS PINTOS";58,09
"241360";"SEVERIANO MELO";58,55
"241370";"SITIO NOVO";60,34
"241380";"TABOLEIRO GRANDE";81,59
"241390";"TAIPU";50,78
"241400";"TANGARA";78,7
"241410";"TENENTE ANANIAS";71,27
"241415";"TENENTE LAURENTINO CRUZ";65,48
"241420";"TIBAU DO SUL";94,1
"241430";"TIMBAUBA DOS BATISTAS";85,92
"241440";"TOUROS";56,96
"241445";"TRIUNFO POTIGUAR";68,16
"241450";"UMARIZAL";79,09
"241460";"UPANEMA";55,24
"241470";"VARZEA";83,31
"241475";"VENHA-VER";31,36
"241480";"VERA CRUZ";88,82
"241490";"VICOSA";96,05
"241500";"VILA FLOR";93,74
"250010";"AGUA BRANCA";56,39
"250020";"AGUIAR";50,15
"250030";"ALAGOA GRANDE";74,66
"250040";"ALAGOA NOVA";54,31
"250050";"ALAGOINHA";65,58
"250053";"ALCANTIL";58,79
"250057";"ALGODAO DE JANDAIRA";49,48
"250060";"ALHANDRA";78,59
"250070";"SAO JOAO DO RIO DO PEIXE";51,1
"250073";"AMPARO";52,83
"250077";"APARECIDA";51,93
"250080";"ARACAGI";49,76
"250090";"ARARA";69,54
"250100";"ARARUNA";58,22
"250110";"AREIA";63,45
"250115";"AREIA DE BARAUNAS";50,82
"250120";"AREIAL";74,06
"250130";"AROEIRAS";47,65
"250135";"ASSUNCAO";81,76
"250140";"BAIA DA TRAICAO";43,9
"250150";"BANANEIRAS";50,37
"250153";"BARAUNA";76,93
"250157";"BARRA DE SANTANA";13,22
"250160";"BARRA DE SANTA ROSA";62,92
"250170";"BARRA DE SAO MIGUEL";60,44
"250180";"BAYEUX";95,41
"250190";"BELEM";84
"250200";"BELEM DO BREJO DO CRUZ";72,02
"250205";"BERNARDINO BATISTA";34,17
"250210";"BOA VENTURA";60,86
"250215";"BOA VISTA";56,3
"250220";"BOM JESUS";67,52
"250230";"BOM SUCESSO";45,87
"250240";"BONITO DE SANTA FE";70,41
"250250";"BOQUEIRAO";72,84
"250260";"IGARACY";68,55
"250270";"BORBOREMA";67,67
"250280";"BREJO DO CRUZ";74,62
"250290";"BREJO DOS SANTOS";74,59
"250300";"CAAPORA";81,17
"250310";"CABACEIRAS";45,23
"250320";"CABEDELO";96,79
"250330";"CACHOEIRA DOS INDIOS";42,05
"250340";"CACIMBA DE AREIA";48,11
"250350";"CACIMBA DE DENTRO";66,04
"250355";"CACIMBAS";36,45
"250360";"CAICARA";73
"250370";"CAJAZEIRAS";79,07
"250375";"CAJAZEIRINHAS";33,98
"250380";"CALDAS BRANDAO";79,45
"250390";"CAMALAU";50,78
"250400";"CAMPINA GRANDE";94,84
"250403";"CAPIM";70,5
"250407";"CARAUBAS";53,15
"250410";"CARRAPATEIRA";77,8
"250415";"CASSERENGUE";50,44
"250420";"CATINGUEIRA";58,84
"250430";"CATOLE DO ROCHA";74,44
"250435";"CATURITE";58,62
"250440";"CONCEICAO";60,46
"250450";"CONDADO";67,84
"250460";"CONDE";61,27
"250470";"CONGO";63,67
"250480";"COREMAS";74,25
"250485";"COXIXOLA";44,05
"250490";"CRUZ DO ESPIRITO SANTO";44,77
"250500";"CUBATI";67,2
"250510";"CUITE";68,82
"250520";"CUITEGI";78,87
"250523";"CUITE DE MAMANGUAPE";29,9
"250527";"CURRAL DE CIMA";19,87
"250530";"CURRAL VELHO";52,47
"250535";"DAMIAO";49,13
"250540";"DESTERRO";60,34
"250550";"VISTA SERRANA";49,78
"250560";"DIAMANTE";54,36
"250570";"DONA INES";47,3
"250580";"DUAS ESTRADAS";78,96
"250590";"EMAS";68,38
"250600";"ESPERANCA";78,36
"250610";"FAGUNDES";49,1
"250620";"FREI MARTINHO";60,94
"250625";"GADO BRAVO";11,26
"250630";"GUARABIRA";93,25
"250640";"GURINHEM";66,13
"250650";"GURJAO";69,11
"250660";"IBIARA";61,13
"250670";"IMACULADA";46,53
"250680";"INGA";68,62
"250690";"ITABAIANA";78,96
"250700";"ITAPORANGA";75,56
"250710";"ITAPOROROCA";65,31
"250720";"ITATUBA";55,84
"250730";"JACARAU";58,5
"250740";"JERICO";61,46
"250750";"JOAO PESSOA";99,2
"250760";"JUAREZ TAVORA";78,69
"250770";"JUAZEIRINHO";54,66
"250780";"JUNCO DO SERIDO";73,19
"250790";"JURIPIRANGA";92,01
"250800";"JURU";53,19
"250810";"LAGOA";48,13
"250820";"LAGOA DE DENTRO";58,78
"250830";"LAGOA SECA";64,84
"250840";"LASTRO";42,62
"250850";"LIVRAMENTO";55,56
"250855";"LOGRADOURO";74,46
"250860";"LUCENA";84,4
"250870";"MAE D'AGUA";59,55
"250880";"MALTA";85,49
"250890";"MAMANGUAPE";80,21
"250900";"MANAIRA";52,33
"250905";"MARCACAO";34,32
"250910";"MARI";85,28
"250915";"MARIZOPOLIS";75,94
"250920";"MASSARANDUBA";51,22
"250930";"MATARACA";86,25
"250933";"MATINHAS";16,38
"250937";"MATO GROSSO";45,07
"250939";"MATUREIA";67,68
"250940";"MOGEIRO";61,99
"250950";"MONTADAS";64,5
"250960";"MONTE HOREBE";59,53
"250970";"MONTEIRO";66,78
"250980";"MULUNGU";57,43
"250990";"NATUBA";33,1
"251000";"NAZAREZINHO";43,65
"251010";"NOVA FLORESTA";90,33
"251020";"NOVA OLINDA";58,59
"251030";"NOVA PALMEIRA";60,54
"251040";"OLHO D'AGUA";52,42
"251050";"OLIVEDOS";52,97
"251060";"OURO VELHO";67,91
"251065";"PARARI";54,48
"251070";"PASSAGEM";68,01
"251080";"PATOS";94,48
"251090";"PAULISTA";49,87
"251100";"PEDRA BRANCA";65,62
"251110";"PEDRA LAVRADA";42,74
"251120";"PEDRAS DE FOGO";68,38
"251130";"PIANCO";68,95
"251140";"PICUI";73,93
"251150";"PILAR";70,12
"251160";"PILOES";50,52
"251170";"PILOEZINHOS";58,53
"251180";"PIRPIRITUBA";77,07
"251190";"PITIMBU";57,68
"251200";"POCINHOS";59,88
"251203";"POCO DANTAS";51,16
"251207";"POCO DE JOSE DE MOURA";48,44
"251210";"POMBAL";78,54
"251220";"PRATA";63,47
"251230";"PRINCESA ISABEL";73,6
"251240";"PUXINANA";66,56
"251250";"QUEIMADAS";69,17
"251260";"QUIXABA";41,63
"251270";"REMIGIO";77,42
"251272";"PEDRO REGIS";30,34
"251274";"RIACHAO";58,5
"251275";"RIACHAO DO BACAMARTE";65,52
"251276";"RIACHAO DO POCO";24,35
"251278";"RIACHO DE SANTO ANTONIO";69,13
"251280";"RIACHO DOS CAVALOS";45,12
"251290";"RIO TINTO";58,25
"251300";"SALGADINHO";28
"251310";"SALGADO DE SAO FELIX";48,02
"251315";"SANTA CECILIA";26,49
"251320";"SANTA CRUZ";65,2
"251330";"SANTA HELENA";60,09
"251335";"SANTA INES";39,15
"251340";"SANTA LUZIA";90,05
"251350";"SANTANA DE MANGUEIRA";45,46
"251360";"SANTANA DOS GARROTES";38,94
"251365";"JOCA CLAUDINO";71,86
"251370";"SANTA RITA";90,51
"251380";"SANTA TERESINHA";51,19
"251385";"SANTO ANDRE";33,88
"251390";"SAO BENTO";84,64
"251392";"SAO BENTINHO";67,06
"251394";"SAO DOMINGOS DO CARIRI";50,48
"251396";"SAO DOMINGOS";34,42
"251398";"SAO FRANCISCO";53,49
"251400";"SAO JOAO DO CARIRI";61,63
"251410";"SAO JOAO DO TIGRE";44,22
"251420";"SAO JOSE DA LAGOA TAPADA";39,99
"251430";"SAO JOSE DE CAIANA";46,99
"251440";"SAO JOSE DE ESPINHARAS";36,59
"251445";"SAO JOSE DOS RAMOS";44,7
"251450";"SAO JOSE DE PIRANHAS";57,66
"251455";"SAO JOSE DE PRINCESA";16,67
"251460";"SAO JOSE DO BONFIM";48,01
"251465";"SAO JOSE DO BREJO DO CRUZ";57,11
"251470";"SAO JOSE DO SABUGI";69,32
"251480";"SAO JOSE DOS CORDEIROS";42,32
"251490";"SAO MAMEDE";77,66
"251500";"SAO MIGUEL DE TAIPU";40,49
"251510";"SAO SEBASTIAO DE LAGOA DE ROCA";30,66
"251520";"SAO SEBASTIAO DO UMBUZEIRO";66,48
"251530";"SAPE";78,76
"251540";"SAO VICENTE DO SERIDO";40,58
"251550";"SERRA BRANCA";69,03
"251560";"SERRA DA RAIZ";71,87
"251570";"SERRA GRANDE";56,91
"251580";"SERRA REDONDA";58,27
"251590";"SERRARIA";54,52
"251593";"SERTAOZINHO";76,34
"251597";"SOBRADO";18,56
"251600";"SOLANEA";70,73
"251610";"SOLEDADE";73,62
"251615";"SOSSEGO";51,47
"251620";"SOUSA";82,65
"251630";"SUME";76,34
"251640";"TACIMA";67,86
"251650";"TAPEROA";60,86
"251660";"TAVARES";53,82
"251670";"TEIXEIRA";63,1
"251675";"TENORIO";60,55
"251680";"TRIUNFO";45,73
"251690";"UIRAUNA";72,74
"251700";"UMBUZEIRO";48,15
"251710";"VARZEA";74,12
"251720";"VIEIROPOLIS";39,05
"251740";"ZABELE";74,22
"260005";"ABREU E LIMA";94,09
"260010";"AFOGADOS DA INGAZEIRA";78,79
"260020";"AFRANIO";34,61
"260030";"AGRESTINA";83,44
"260040";"AGUA PRETA";57,4
"260050";"AGUAS BELAS";56,92
"260060";"ALAGOINHA";66,47
"260070";"ALIANCA";79,93
"260080";"ALTINHO";59,09
"260090";"AMARAJI";69,96
"260100";"ANGELIM";62,24
"260105";"ARACOIABA";65,91
"260110";"ARARIPINA";61,09
"260120";"ARCOVERDE";89,73
"260130";"BARRA DE GUABIRABA";90,01
"260140";"BARREIROS";73,36
"260150";"BELEM DE MARIA";71,16
"260160";"BELEM DE SAO FRANCISCO";54,69
"260170";"BELO JARDIM";87,24
"260180";"BETANIA";32,96
"260190";"BEZERROS";84,58
"260200";"BODOCO";41,18
"260210";"BOM CONSELHO";70,21
"260220";"BOM JARDIM";40,32
"260230";"BONITO";77,72
"260240";"BREJAO";44,82
"260250";"BREJINHO";63,03
"260260";"BREJO DA MADRE DE DEUS";77,75
"260270";"BUENOS AIRES";63,36
"260280";"BUIQUE";45,02
"260290";"CABO DE SANTO AGOSTINHO";92,29
"260300";"CABROBO";63,72
"260310";"CACHOEIRINHA";80,6
"260320";"CAETES";31,82
"260330";"CALCADO";50,56
"260340";"CALUMBI";32,02
"260345";"CAMARAGIBE";94,77
"260350";"CAMOCIM DE SAO FELIX";89,65
"260360";"CAMUTANGA";72,21
"260370";"CANHOTINHO";60,23
"260380";"CAPOEIRAS";37,78
"260390";"CARNAIBA";51,5
"260392";"CARNAUBEIRA DA PENHA";16,91
"260400";"CARPINA";84,46
"260410";"CARUARU";95,53
"260415";"CASINHAS";20,74
"260420";"CATENDE";74,77
"260430";"CEDRO";62,23
"260440";"CHA DE ALEGRIA";80,8
"260450";"CHA GRANDE";66,49
"260460";"CONDADO";93,75
"260470";"CORRENTES";63,78
"260480";"CORTES";76,89
"260490";"CUMARU";46,68
"260500";"CUPIRA";90,42
"260510";"CUSTODIA";51,99
"260515";"DORMENTES";28,04
"260520";"ESCADA";76,47
"260530";"EXU";49,11
"260540";"FEIRA NOVA";80,56
"260545";"FERNANDO DE NORONHA";100
"260550";"FERREIROS";82,13
"260560";"FLORES";43,54
"260570";"FLORESTA";64,22
"260580";"FREI MIGUELINHO";52,08
"260590";"GAMELEIRA";65,2
"260600";"GARANHUNS";89,09
"260610";"GLORIA DO GOITA";62,44
"260620";"GOIANA";84,99
"260630";"GRANITO";50,12
"260640";"GRAVATA";84,82
"260650";"IATI";50,52
"260660";"IBIMIRIM";65,06
"260670";"IBIRAJUBA";58,5
"260680";"IGARASSU";85,51
"260690";"IGUARACY";51,03
"260700";"INAJA";39,44
"260710";"INGAZEIRA";46,12
"260720";"IPOJUCA";84,1
"260730";"IPUBI";61,32
"260740";"ITACURUBA";85,46
"260750";"ITAIBA";44,9
"260760";"ILHA DE ITAMARACA";69,95
"260765";"ITAMBE";88,45
"260770";"ITAPETIM";65,17
"260775";"ITAPISSUMA";93,24
"260780";"ITAQUITINGA";86,78
"260790";"JABOATAO DOS GUARARAPES";94,03
"260795";"JAQUEIRA";56,78
"260800";"JATAUBA";50,6
"260805";"JATOBA";67,71
"260810";"JOAO ALFREDO";45,43
"260820";"JOAQUIM NABUCO";71,52
"260825";"JUCATI";47,23
"260830";"JUPI";66,55
"260840";"JUREMA";67,02
"260845";"LAGOA DO CARRO";74,41
"260850";"LAGOA DE ITAENGA";81,87
"260860";"LAGOA DO OURO";54,62
"260870";"LAGOA DOS GATOS";58,33
"260875";"LAGOA GRANDE";66,97
"260880";"LAJEDO";82,14
"260890";"LIMOEIRO";84,14
"260900";"MACAPARANA";70,02
"260910";"MACHADOS";58,55
"260915";"MANARI";30,23
"260920";"MARAIAL";70,39
"260930";"MIRANDIBA";57,67
"260940";"MORENO";78,41
"260950";"NAZARE DA MATA";85,8
"260960";"OLINDA";96,42
"260970";"OROBO";48,64
"260980";"OROCO";49,59
"260990";"OURICURI";45,64
"261000";"PALMARES";80,33
"261010";"PALMEIRINA";69,47
"261020";"PANELAS";61,65
"261030";"PARANATAMA";34,01
"261040";"PARNAMIRIM";39,59
"261050";"PASSIRA";58,6
"261060";"PAUDALHO";64,67
"261070";"PAULISTA";91,04
"261080";"PEDRA";54,54
"261090";"PESQUEIRA";72,7
"261100";"PETROLANDIA";72,27
"261110";"PETROLINA";88,69
"261120";"POCAO";63,81
"261130";"POMBOS";65,46
"261140";"PRIMAVERA";67,91
"261150";"QUIPAPA";59,07
"261153";"QUIXABA";42,46
"261160";"RECIFE";97,86
"261170";"RIACHO DAS ALMAS";53,16
"261180";"RIBEIRAO";80,08
"261190";"RIO FORMOSO";60,27
"261200";"SAIRE";58,9
"261210";"SALGADINHO";33,1
"261220";"SALGUEIRO";81,76
"261230";"SALOA";54,27
"261240";"SANHARO";71,01
"261245";"SANTA CRUZ";32,3
"261247";"SANTA CRUZ DA BAIXA VERDE";52,93
"261250";"SANTA CRUZ DO CAPIBARIBE";95,68
"261255";"SANTA FILOMENA";29,47
"261260";"SANTA MARIA DA BOA VISTA";36,18
"261270";"SANTA MARIA DO CAMBUCA";42,56
"261280";"SANTA TEREZINHA";63,76
"261290";"SAO BENEDITO DO SUL";57,13
"261300";"SAO BENTO DO UNA";59,26
"261310";"SAO CAITANO";76,4
"261320";"SAO JOAO";48,08
"261330";"SAO JOAQUIM DO MONTE";75,62
"261340";"SAO JOSE DA COROA GRANDE";83,88
"261350";"SAO JOSE DO BELMONTE";56,29
"261360";"SAO JOSE DO EGITO";66,9
"261370";"SAO LOURENCO DA MATA";82,51
"261380";"SAO VICENTE FERRER";65,4
"261390";"SERRA TALHADA";70,92
"261400";"SERRITA";37,91
"261410";"SERTANIA";62,07
"261420";"SIRINHAEM";74,99
"261430";"MOREILANDIA";57,03
"261440";"SOLIDAO";38,9
"261450";"SURUBIM";76,72
"261460";"TABIRA";78,11
"261470";"TACAIMBO";60,29
"261480";"TACARATU";42,5
"261485";"TAMANDARE";72,43
"261500";"TAQUARITINGA DO NORTE";81,12
"261510";"TEREZINHA";44,3
"261520";"TERRA NOVA";60,1
"261530";"TIMBAUBA";88,79
"261540";"TORITAMA";96,82
"261550";"TRACUNHAEM";80,23
"261560";"TRINDADE";74,36
"261570";"TRIUNFO";56,35
"261580";"TUPANATINGA";38,04
"261590";"TUPARETAMA";79,28
"261600";"VENTUROSA";66,18
"261610";"VERDEJANTE";38,99
"261618";"VERTENTE DO LERIO";41,86
"261620";"VERTENTES";71,95
"261630";"VICENCIA";69,52
"261640";"VITORIA DE SANTO ANTAO";87,57
"261650";"XEXEU";76,05
"270010";"AGUA BRANCA";36,32
"270020";"ANADIA";81,66
"270030";"ARAPIRACA";91,27
"270040";"ATALAIA";76,75
"270050";"BARRA DE SANTO ANTONIO";88,03
"270060";"BARRA DE SAO MIGUEL";94,72
"270070";"BATALHA";63,6
"270080";"BELEM";58,86
"270090";"BELO MONTE";29,74
"270100";"BOCA DA MATA";85,58
"270110";"BRANQUINHA";61,38
"270120";"CACIMBINHAS";55,78
"270130";"CAJUEIRO";79,37
"270135";"CAMPESTRE";75,48
"270140";"CAMPO ALEGRE";96,71
"270150";"CAMPO GRANDE";51,73
"270160";"CANAPI";34,13
"270170";"CAPELA";78,89
"270180";"CARNEIROS";56,56
"270190";"CHA PRETA";62,68
"270200";"COITE DO NOIA";34,43
"270210";"COLONIA LEOPOLDINA";80,54
"270220";"COQUEIRO SECO";87,62
"270230";"CORURIPE";87,8
"270235";"CRAIBAS";49,63
"270240";"DELMIRO GOUVEIA";88,05
"270250";"DOIS RIACHOS";52,95
"270255";"ESTRELA DE ALAGOAS";24,18
"270260";"FEIRA GRANDE";32,58
"270270";"FELIZ DESERTO";88,93
"270280";"FLEXEIRAS";63,05
"270290";"GIRAU DO PONCIANO";42,74
"270300";"IBATEGUARA";83,68
"270310";"IGACI";42,79
"270320";"IGREJA NOVA";39,41
"270330";"INHAPI";46,74
"270340";"JACARE DOS HOMENS";75,85
"270350";"JACUIPE";63,69
"270360";"JAPARATINGA";57,81
"270370";"JARAMATAIA";65,52
"270375";"JEQUIA DA PRAIA";76,77
"270380";"JOAQUIM GOMES";58,91
"270390";"JUNDIA";65,75
"270400";"JUNQUEIRO";59,11
"270410";"LAGOA DA CANOA";62,13
"270420";"LIMOEIRO DE ANADIA";46,08
"270430";"MACEIO";97,63
"270440";"MAJOR ISIDORO";53,69
"270450";"MARAGOGI";65,4
"270460";"MARAVILHA";52,47
"270470";"MARECHAL DEODORO";92,39
"270480";"MARIBONDO";83,05
"270490";"MAR VERMELHO";51,93
"270500";"MATA GRANDE";32,42
"270510";"MATRIZ DE CAMARAGIBE";87,29
"270520";"MESSIAS";88,62
"270530";"MINADOR DO NEGRAO";42,48
"270540";"MONTEIROPOLIS";58,73
"270550";"MURICI";75
"270560";"NOVO LINO";43,86
"270570";"OLHO D'AGUA DAS FLORES";76,41
"270580";"OLHO D'AGUA DO CASADO";56,79
"270590";"OLHO D'AGUA GRANDE";25,48
"270600";"OLIVENCA";43,89
"270610";"OURO BRANCO";60,63
"270620";"PALESTINA";81,91
"270630";"PALMEIRA DOS INDIOS";69,14
"270640";"PAO DE ACUCAR";66,11
"270642";"PARICONHA";59,13
"270644";"PARIPUEIRA";82,15
"270650";"PASSO DE CAMARAGIBE";70,89
"270660";"PAULO JACINTO";81,01
"270670";"PENEDO";86,69
"270680";"PIACABUCU";92,28
"270690";"PILAR";95
"270700";"PINDOBA";58,09
"270710";"PIRANHAS";79,2
"270720";"POCO DAS TRINCHEIRAS";35,38
"270730";"PORTO CALVO";80,12
"270740";"PORTO DE PEDRAS";45,89
"270750";"PORTO REAL DO COLEGIO";42,83
"270760";"QUEBRANGULO";64,39
"270770";"RIO LARGO";86,88
"270780";"ROTEIRO";70,94
"270790";"SANTA LUZIA DO NORTE";93,06
"270800";"SANTANA DO IPANEMA";67,32
"270810";"SANTANA DO MUNDAU";50,48
"270820";"SAO BRAS";82,01
"270830";"SAO JOSE DA LAJE";66,66
"270840";"SAO JOSE DA TAPERA";49,06
"270850";"SAO LUIS DO QUITUNDE";64,13
"270860";"SAO MIGUEL DOS CAMPOS";96,82
"270870";"SAO MIGUEL DOS MILAGRES";67,56
"270880";"SAO SEBASTIAO";44,79
"270890";"SATUBA";97,65
"270895";"SENADOR RUI PALMEIRA";40,71
"270900";"TANQUE D'ARCA";55,63
"270910";"TAQUARANA";44
"270915";"TEOTONIO VILELA";91,23
"270920";"TRAIPU";28,55
"270930";"UNIAO DOS PALMARES";79,58
"270940";"VICOSA";79,27
"280010";"AMPARO DE SAO FRANCISCO";79,47
"280020";"AQUIDABA";73,8
"280030";"ARACAJU";99,03
"280040";"ARAUA";65,01
"280050";"AREIA BRANCA";81,53
"280060";"BARRA DOS COQUEIROS";95,53
"280067";"BOQUIM";73,85
"280070";"BREJO GRANDE";62,83
"280100";"CAMPO DO BRITO";82,06
"280110";"CANHOBA";45,88
"280120";"CANINDE DE SAO FRANCISCO";79,67
"280130";"CAPELA";60,58
"280140";"CARIRA";67,58
"280150";"CARMOPOLIS";97,89
"280160";"CEDRO DE SAO JOAO";97,64
"280170";"CRISTINAPOLIS";58,57
"280190";"CUMBE";79,11
"280200";"DIVINA PASTORA";91,93
"280210";"ESTANCIA";81,78
"280220";"FEIRA NOVA";68,14
"280230";"FREI PAULO";86,48
"280240";"GARARU";38,73
"280250";"GENERAL MAYNARD";88,21
"280260";"GRACHO CARDOSO";53,2
"280270";"ILHA DAS FLORES";90,47
"280280";"INDIAROBA";55,73
"280290";"ITABAIANA";89,81
"280300";"ITABAIANINHA";66,52
"280310";"ITABI";72,48
"280320";"ITAPORANGA D'AJUDA";65,72
"280330";"JAPARATUBA";80,49
"280340";"JAPOATA";57,21
"280350";"LAGARTO";76,98
"280360";"LARANJEIRAS";91,87
"280370";"MACAMBIRA";67,67
"280380";"MALHADA DOS BOIS";85,58
"280390";"MALHADOR";81,27
"280400";"MARUIM";89,25
"280410";"MOITA BONITA";67,42
"280420";"MONTE ALEGRE DE SERGIPE";60,06
"280430";"MURIBECA";81,09
"280440";"NEOPOLIS";74,75
"280445";"NOSSA SENHORA APARECIDA";63,2
"280450";"NOSSA SENHORA DA GLORIA";72,3
"280460";"NOSSA SENHORA DAS DORES";67,26
"280470";"NOSSA SENHORA DE LOURDES";82,48
"280480";"NOSSA SENHORA DO SOCORRO";94,23
"280490";"PACATUBA";23,52
"280500";"PEDRA MOLE";63,57
"280510";"PEDRINHAS";79,45
"280520";"PINHAO";62,83
"280530";"PIRAMBU";69,84
"280540";"POCO REDONDO";51,63
"280550";"POCO VERDE";65,31
"280560";"PORTO DA FOLHA";68,32
"280570";"PROPRIA";95,32
"280580";"RIACHAO DO DANTAS";47,25
"280590";"RIACHUELO";89,04
"280600";"RIBEIROPOLIS";81,01
"280610";"ROSARIO DO CATETE";95,34
"280620";"SALGADO";49,24
"280630";"SANTA LUZIA DO ITANHY";48,56
"280640";"SANTANA DO SAO FRANCISCO";93,68
"280650";"SANTA ROSA DE LIMA";88,51
"280660";"SANTO AMARO DAS BROTAS";74,92
"280670";"SAO CRISTOVAO";81,1
"280680";"SAO DOMINGOS";75,97
"280690";"SAO FRANCISCO";94,01
"280700";"SAO MIGUEL DO ALEIXO";50,48
"280710";"SIMAO DIAS";67,3
"280720";"SIRIRI";55,85
"280730";"TELHA";95,46
"280740";"TOBIAS BARRETO";80,23
"280750";"TOMAR DO GERU";51,95
"280760";"UMBAUBA";81,16
"290010";"ABAIRA";54,86
"290020";"ABARE";54,33
"290030";"ACAJUTIBA";57,49
"290035";"ADUSTINA";44,98
"290040";"AGUA FRIA";42,08
"290050";"ERICO CARDOSO";30,54
"290060";"AIQUARA";70,12
"290070";"ALAGOINHAS";88,81
"290080";"ALCOBACA";56,83
"290090";"ALMADINA";78,08
"290100";"AMARGOSA";73,13
"290110";"AMELIA RODRIGUES";80,48
"290115";"AMERICA DOURADA";71,61
"290120";"ANAGE";23,69
"290130";"ANDARAI";59,78
"290135";"ANDORINHA";51,05
"290140";"ANGICAL";44,62
"290150";"ANGUERA";52,8
"290160";"ANTAS";71,41
"290170";"ANTONIO CARDOSO";30,45
"290180";"ANTONIO GONCALVES";54,5
"290190";"APORA";44,63
"290195";"APUAREMA";70,73
"290200";"ARACATU";29,21
"290205";"ARACAS";55,34
"290210";"ARACI";46,88
"290220";"ARAMARI";50,77
"290225";"ARATACA";65,37
"290230";"ARATUIPE";60,65
"290240";"AURELINO LEAL";74,73
"290250";"BAIANOPOLIS";20,96
"290260";"BAIXA GRANDE";53,49
"290265";"BANZAE";74,89
"290270";"BARRA";53,95
"290280";"BARRA DA ESTIVA";55,17
"290290";"BARRA DO CHOCA";81,65
"290300";"BARRA DO MENDES";51,74
"290310";"BARRA DO ROCHA";61,17
"290320";"BARREIRAS";90,77
"290323";"BARRO ALTO";52,2
"290327";"BARROCAS";67,09
"290330";"BARRO PRETO";75,42
"290340";"BELMONTE";80,66
"290350";"BELO CAMPO";56,35
"290360";"BIRITINGA";30,58
"290370";"BOA NOVA";51,51
"290380";"BOA VISTA DO TUPIM";59,26
"290390";"BOM JESUS DA LAPA";62,27
"290395";"BOM JESUS DA SERRA";29,23
"290400";"BONINAL";38,71
"290405";"BONITO";68,6
"290410";"BOQUIRA";39,94
"290420";"BOTUPORA";41,89
"290430";"BREJOES";69,88
"290440";"BREJOLANDIA";30,45
"290450";"BROTAS DE MACAUBAS";47,26
"290460";"BRUMADO";74,06
"290470";"BUERAREMA";78,74
"290475";"BURITIRAMA";42,31
"290480";"CAATIBA";62,96
"290485";"CABACEIRAS DO PARAGUACU";36,03
"290490";"CACHOEIRA";67,09
"290500";"CACULE";63,9
"290510";"CAEM";54,58
"290515";"CAETANOS";27,32
"290520";"CAETITE";59,95
"290530";"CAFARNAUM";63,89
"290540";"CAIRU";95,94
"290550";"CALDEIRAO GRANDE";64,62
"290560";"CAMACAN";82,7
"290570";"CAMACARI";93,75
"290580";"CAMAMU";63,58
"290590";"CAMPO ALEGRE DE LOURDES";25,26
"290600";"CAMPO FORMOSO";55,33
"290610";"CANAPOLIS";45,71
"290620";"CANARANA";61,62
"290630";"CANAVIEIRAS";79,15
"290640";"CANDEAL";43,76
"290650";"CANDEIAS";87,77
"290660";"CANDIBA";59,92
"290670";"CANDIDO SALES";68,98
"290680";"CANSANCAO";29,85
"290682";"CANUDOS";53,91
"290685";"CAPELA DO ALTO ALEGRE";73,98
"290687";"CAPIM GROSSO";89,12
"290689";"CARAIBAS";24,91
"290690";"CARAVELAS";75,54
"290700";"CARDEAL DA SILVA";69,64
"290710";"CARINHANHA";53,54
"290720";"CASA NOVA";55,07
"290730";"CASTRO ALVES";61,77
"290740";"CATOLANDIA";33,47
"290750";"CATU";82,45
"290755";"CATURAMA";37,3
"290760";"CENTRAL";49,09
"290770";"CHORROCHO";43,67
"290780";"CICERO DANTAS";60,01
"290790";"CIPO";71,76
"290800";"COARACI";90,22
"290810";"COCOS";48,18
"290820";"CONCEICAO DA FEIRA";71,72
"290830";"CONCEICAO DO ALMEIDA";54,37
"290840";"CONCEICAO DO COITE";74,63
"290850";"CONCEICAO DO JACUIPE";86,23
"290860";"CONDE";58,68
"290870";"CONDEUBA";46,46
"290880";"CONTENDAS DO SINCORA";50,78
"290890";"CORACAO DE MARIA";42,51
"290900";"CORDEIROS";37,22
"290910";"CORIBE";50,12
"290920";"CORONEL JOAO SA";49,89
"290930";"CORRENTINA";51,61
"290940";"COTEGIPE";44,66
"290950";"CRAVOLANDIA";72,88
"290960";"CRISOPOLIS";44,91
"290970";"CRISTOPOLIS";32,55
"290980";"CRUZ DAS ALMAS";83,91
"290990";"CURACA";43,97
"291000";"DARIO MEIRA";57,68
"291005";"DIAS D'AVILA";89,47
"291010";"DOM BASILIO";22,39
"291020";"DOM MACEDO COSTA";53,01
"291030";"ELISIO MEDRADO";40,73
"291040";"ENCRUZILHADA";57,51
"291050";"ENTRE RIOS";77,59
"291060";"ESPLANADA";65,48
"291070";"EUCLIDES DA CUNHA";52,83
"291072";"EUNAPOLIS";94,7
"291075";"FATIMA";56,75
"291077";"FEIRA DA MATA";48,4
"291080";"FEIRA DE SANTANA";93,06
"291085";"FILADELFIA";63,6
"291090";"FIRMINO ALVES";88,76
"291100";"FLORESTA AZUL";78,88
"291110";"FORMOSA DO RIO PRETO";57,34
"291120";"GANDU";77,65
"291125";"GAVIAO";59,26
"291130";"GENTIO DO OURO";41,93
"291140";"GLORIA";27,32
"291150";"GONGOGI";71,26
"291160";"GOVERNADOR MANGABEIRA";43,39
"291165";"GUAJERU";22,19
"291170";"GUANAMBI";79,22
"291180";"GUARATINGA";60,7
"291185";"HELIOPOLIS";55,73
"291190";"IACU";74,98
"291200";"IBIASSUCE";53,43
"291210";"IBICARAI";89,24
"291220";"IBICOARA";77,17
"291230";"IBICUI";74,98
"291240";"IBIPEBA";51,77
"291250";"IBIPITANGA";40,37
"291260";"IBIQUERA";50,72
"291270";"IBIRAPITANGA";64,71
"291280";"IBIRAPUA";63,36
"291290";"IBIRATAIA";81,18
"291300";"IBITIARA";36,56
"291310";"IBITITA";64,45
"291320";"IBOTIRAMA";75
"291330";"ICHU";63,21
"291340";"IGAPORA";54,18
"291345";"IGRAPIUNA";50,25
"291350";"IGUAI";61,14
"291360";"ILHEUS";84,18
"291370";"INHAMBUPE";49,8
"291380";"IPECAETA";20,46
"291390";"IPIAU";90,77
"291400";"IPIRA";59,78
"291410";"IPUPIARA";73,04
"291420";"IRAJUBA";61,48
"291430";"IRAMAIA";47,92
"291440";"IRAQUARA";36,02
"291450";"IRARA";43,22
"291460";"IRECE";94,02
"291465";"ITABELA";89,04
"291470";"ITABERABA";78,8
"291480";"ITABUNA";92,77
"291490";"ITACARE";58,35
"291500";"ITAETE";51,78
"291510";"ITAGI";76,53
"291520";"ITAGIBA";71,54
"291530";"ITAGIMIRIM";85,28
"291535";"ITAGUACU DA BAHIA";42,76
"291540";"ITAJU DO COLONIA";76,74
"291550";"ITAJUIPE";86,01
"291560";"ITAMARAJU";79,51
"291570";"ITAMARI";73,4
"291580";"ITAMBE";83,62
"291590";"ITANAGRA";63,77
"291600";"ITANHEM";72,97
"291610";"ITAPARICA";78,14
"291620";"ITAPE";78,27
"291630";"ITAPEBI";76,51
"291640";"ITAPETINGA";96,4
"291650";"ITAPICURU";37,57
"291660";"ITAPITANGA";79,39
"291670";"ITAQUARA";71,53
"291680";"ITARANTIM";80,13
"291685";"ITATIM";72,99
"291690";"ITIRUCU";83,73
"291700";"ITIUBA";42,6
"291710";"ITORORO";82,65
"291720";"ITUACU";41,3
"291730";"ITUBERA";76,5
"291733";"IUIU";62,72
"291735";"JABORANDI";43,53
"291740";"JACARACI";40,7
"291750";"JACOBINA";86,21
"291760";"JAGUAQUARA";79,33
"291770";"JAGUARARI";68,5
"291780";"JAGUARIPE";42,65
"291790";"JANDAIRA";63,87
"291800";"JEQUIE";90,83
"291810";"JEREMOABO";52,95
"291820";"JIQUIRICA";43,89
"291830";"JITAUNA";71,58
"291835";"JOAO DOURADO";77,12
"291840";"JUAZEIRO";83,7
"291845";"JUCURUCU";44,88
"291850";"JUSSARA";58,94
"291855";"JUSSARI";79,61
"291860";"JUSSIAPE";38,96
"291870";"LAFAIETE COUTINHO";70,47
"291875";"LAGOA REAL";22,53
"291880";"LAJE";40,63
"291890";"LAJEDAO";64,86
"291900";"LAJEDINHO";32,68
"291905";"LAJEDO DO TABOCAL";64,55
"291910";"LAMARAO";18,97
"291915";"LAPAO";57,58
"291920";"LAURO DE FREITAS";98,75
"291930";"LENCOIS";74,1
"291940";"LICINIO DE ALMEIDA";54,23
"291950";"LIVRAMENTO DE NOSSA SENHORA";49,61
"291955";"LUIS EDUARDO MAGALHAES";96,5
"291960";"MACAJUBA";64,29
"291970";"MACARANI";82,74
"291980";"MACAUBAS";41,86
"291990";"MACURURE";14,83
"291992";"MADRE DE DEUS";99,33
"291995";"MAETINGA";40,72
"292000";"MAIQUINIQUE";75,93
"292010";"MAIRI";66,43
"292020";"MALHADA";57,9
"292030";"MALHADA DE PEDRAS";38,93
"292040";"MANOEL VITORINO";53,73
"292045";"MANSIDAO";35,7
"292050";"MARACAS";75,61
"292060";"MARAGOGIPE";61,7
"292070";"MARAU";46,57
"292080";"MARCIONILIO SOUZA";61,68
"292090";"MASCOTE";75,16
"292100";"MATA DE SAO JOAO";83,32
"292105";"MATINA";33,47
"292110";"MEDEIROS NETO";77,28
"292120";"MIGUEL CALMON";59,41
"292130";"MILAGRES";77,17
"292140";"MIRANGABA";49,6
"292145";"MIRANTE";22,82
"292150";"MONTE SANTO";30,67
"292160";"MORPARA";61,26
"292170";"MORRO DO CHAPEU";59,43
"292180";"MORTUGABA";50,76
"292190";"MUCUGE";49,8
"292200";"MUCURI";85,17
"292205";"MULUNGU DO MORRO";47,65
"292210";"MUNDO NOVO";72,9
"292220";"MUNIZ FERREIRA";68,12
"292225";"MUQUEM DE SAO FRANCISCO";30,77
"292230";"MURITIBA";68,96
"292240";"MUTUIPE";48,93
"292250";"NAZARE";82,65
"292260";"NILO PECANHA";56,86
"292265";"NORDESTINA";37,68
"292270";"NOVA CANAA";50,42
"292273";"NOVA FATIMA";79,78
"292275";"NOVA IBIA";41,99
"292280";"NOVA ITARANA";73
"292285";"NOVA REDENCAO";66,23
"292290";"NOVA SOURE";53,89
"292300";"NOVA VICOSA";81,47
"292303";"NOVO HORIZONTE";33,92
"292305";"NOVO TRIUNFO";60,19
"292310";"OLINDINA";58,49
"292320";"OLIVEIRA DOS BREJINHOS";43,95
"292330";"OURICANGAS";40,71
"292335";"OUROLANDIA";66,73
"292340";"PALMAS DE MONTE ALTO";44,1
"292350";"PALMEIRAS";73,33
"292360";"PARAMIRIM";54,07
"292370";"PARATINGA";33,68
"292380";"PARIPIRANGA";37,71
"292390";"PAU BRASIL";70,78
"292400";"PAULO AFONSO";86,57
"292405";"PE DE SERRA";58,09
"292410";"PEDRAO";25,25
"292420";"PEDRO ALEXANDRE";29,43
"292430";"PIATA";43,97
"292440";"PILAO ARCADO";33,98
"292450";"PINDAI";28,99
"292460";"PINDOBACU";76,81
"292465";"PINTADAS";67,94
"292467";"PIRAI DO NORTE";46,45
"292470";"PIRIPA";50,85
"292480";"PIRITIBA";75,86
"292490";"PLANALTINO";49,27
"292500";"PLANALTO";64,22
"292510";"POCOES";81,72
"292520";"POJUCA";90,48
"292525";"PONTO NOVO";75,67
"292530";"PORTO SEGURO";90,52
"292540";"POTIRAGUA";89,63
"292550";"PRADO";69,36
"292560";"PRESIDENTE DUTRA";80,72
"292570";"PRESIDENTE JANIO QUADROS";35,2
"292575";"PRESIDENTE TANCREDO NEVES";47,89
"292580";"QUEIMADAS";61,66
"292590";"QUIJINGUE";42,61
"292593";"QUIXABEIRA";75,66
"292595";"RAFAEL JAMBEIRO";39,86
"292600";"REMANSO";61,25
"292610";"RETIROLANDIA";74,18
"292620";"RIACHAO DAS NEVES";43,6
"292630";"RIACHAO DO JACUIPE";73,15
"292640";"RIACHO DE SANTANA";47,59
"292650";"RIBEIRA DO AMPARO";38,85
"292660";"RIBEIRA DO POMBAL";70,51
"292665";"RIBEIRAO DO LARGO";54,82
"292670";"RIO DE CONTAS";59,2
"292680";"RIO DO ANTONIO";43,4
"292690";"RIO DO PIRES";51,65
"292700";"RIO REAL";60,77
"292710";"RODELAS";86,3
"292720";"RUY BARBOSA";76,2
"292730";"SALINAS DA MARGARIDA";96,29
"292740";"SALVADOR";96,65
"292750";"SANTA BARBARA";52,54
"292760";"SANTA BRIGIDA";50,02
"292770";"SANTA CRUZ CABRALIA";80,89
"292780";"SANTA CRUZ DA VITORIA";75,69
"292790";"SANTA INES";88,96
"292800";"SANTALUZ";68,98
"292805";"SANTA LUZIA";57,29
"292810";"SANTA MARIA DA VITORIA";61,4
"292820";"SANTANA";54,9
"292830";"SANTANOPOLIS";36,94
"292840";"SANTA RITA DE CASSIA";60,01
"292850";"SANTA TERESINHA";36,83
"292860";"SANTO AMARO";81,51
"292870";"SANTO ANTONIO DE JESUS";84,28
"292880";"SANTO ESTEVAO";56,08
"292890";"SAO DESIDERIO";48,8
"292895";"SAO DOMINGOS";80,86
"292900";"SAO FELIX";68,56
"292905";"SAO FELIX DO CORIBE";76,41
"292910";"SAO FELIPE";51,04
"292920";"SAO FRANCISCO DO CONDE";92,86
"292925";"SAO GABRIEL";76,72
"292930";"SAO GONCALO DOS CAMPOS";69,39
"292935";"SAO JOSE DA VITORIA";83,58
"292937";"SAO JOSE DO JACUIPE";76,48
"292940";"SAO MIGUEL DAS MATAS";33,86
"292950";"SAO SEBASTIAO DO PASSE";82,49
"292960";"SAPEACU";54,49
"292970";"SATIRO DIAS";38,67
"292975";"SAUBARA";87,68
"292980";"SAUDE";65,3
"292990";"SEABRA";55,61
"293000";"SEBASTIAO LARANJEIRAS";46,69
"293010";"SENHOR DO BONFIM";86,15
"293015";"SERRA DO RAMALHO";19,01
"293020";"SENTO SE";51,58
"293030";"SERRA DOURADA";40,42
"293040";"SERRA PRETA";49,57
"293050";"SERRINHA";62,28
"293060";"SERROLANDIA";82,79
"293070";"SIMOES FILHO";84,13
"293075";"SITIO DO MATO";54,87
"293076";"SITIO DO QUINTO";67,18
"293077";"SOBRADINHO";92
"293080";"SOUTO SOARES";35,81
"293090";"TABOCAS DO BREJO VELHO";30,34
"293100";"TANHACU";47,61
"293105";"TANQUE NOVO";45,86
"293110";"TANQUINHO";77,86
"293120";"TAPEROA";52,57
"293130";"TAPIRAMUTA";77,34
"293135";"TEIXEIRA DE FREITAS";94,62
"293140";"TEODORO SAMPAIO";75,88
"293150";"TEOFILANDIA";46,55
"293160";"TEOLANDIA";38,64
"293170";"TERRA NOVA";87,14
"293180";"TREMEDAL";26,15
"293190";"TUCANO";58,03
"293200";"UAUA";50,37
"293210";"UBAIRA";53,89
"293220";"UBAITABA";83,92
"293230";"UBATA";74,5
"293240";"UIBAI";90,76
"293245";"UMBURANAS";50,15
"293250";"UNA";63,41
"293260";"URANDI";49,69
"293270";"URUCUCA";74,64
"293280";"UTINGA";76,74
"293290";"VALENCA";73,46
"293300";"VALENTE";81,44
"293305";"VARZEA DA ROCA";69,92
"293310";"VARZEA DO POCO";84,7
"293315";"VARZEA NOVA";73,82
"293317";"VARZEDO";36,64
"293320";"VERA CRUZ";81,82
"293325";"VEREDA";60,52
"293330";"VITORIA DA CONQUISTA";89,12
"293340";"WAGNER";74,19
"293345";"WANDERLEY";50,2
"293350";"WENCESLAU GUIMARAES";47,4
"293360";"XIQUE-XIQUE";68,82
"310010";"ABADIA DOS DOURADOS";64,31
"310020";"ABAETE";86,58
"310030";"ABRE CAMPO";56,03
"310040";"ACAIACA";71,29
"310050";"ACUCENA";26,39
"310060";"AGUA BOA";41,06
"310070";"AGUA COMPRIDA";81,52
"310080";"AGUANIL";79,3
"310090";"AGUAS FORMOSAS";76,08
"310100";"AGUAS VERMELHAS";74,43
"310110";"AIMORES";76,34
"310120";"AIURUOCA";65,19
"310130";"ALAGOA";72,05
"310140";"ALBERTINA";85,3
"310150";"ALEM PARAIBA";94,58
"310160";"ALFENAS";96,87
"310163";"ALFREDO VASCONCELOS";83,04
"310170";"ALMENARA";78,13
"310180";"ALPERCATA";66,88
"310190";"ALPINOPOLIS";88,59
"310200";"ALTEROSA";77,17
"310205";"ALTO CAPARAO";88,26
"310210";"ALTO RIO DOCE";48,72
"310220";"ALVARENGA";50
"310230";"ALVINOPOLIS";73,27
"310240";"ALVORADA DE MINAS";39,96
"310250";"AMPARO DO SERRA";48,77
"310260";"ANDRADAS";92,71
"310270";"CACHOEIRA DE PAJEU";54,69
"310280";"ANDRELANDIA";81,08
"310285";"ANGELANDIA";48,47
"310290";"ANTONIO CARLOS";78,59
"310300";"ANTONIO DIAS";49,09
"310310";"ANTONIO PRADO DE MINAS";71,58
"310320";"ARACAI";77,33
"310330";"ARACITABA";82,86
"310340";"ARACUAI";65,54
"310350";"ARAGUARI";93,49
"310360";"ARANTINA";93,24
"310370";"ARAPONGA";48,71
"310375";"ARAPORA";96,16
"310380";"ARAPUA";74,52
"310390";"ARAUJOS";92,06
"310400";"ARAXA";98,26
"310410";"ARCEBURGO";90,08
"310420";"ARCOS";94,99
"310430";"AREADO";85,78
"310440";"ARGIRITA";79,62
"310445";"ARICANDUVA";33,64
"310450";"ARINOS";61,04
"310460";"ASTOLFO DUTRA";91,53
"310470";"ATALEIA";51,69
"310480";"AUGUSTO DE LIMA";64,46
"310490";"BAEPENDI";77,36
"310500";"BALDIM";74,56
"310510";"BAMBUI";86,22
"310520";"BANDEIRA";52,48
"310530";"BANDEIRA DO SUL";95,89
"310540";"BARAO DE COCAIS";95,69
"310550";"BARAO DE MONTE ALTO";82,66
"310560";"BARBACENA";93,38
"310570";"BARRA LONGA";49,36
"310590";"BARROSO";97,92
"310600";"BELA VISTA DE MINAS";94,91
"310610";"BELMIRO BRAGA";81,02
"310620";"BELO HORIZONTE";99,5
"310630";"BELO ORIENTE";86,06
"310640";"BELO VALE";49,25
"310650";"BERILO";37,36
"310660";"BERTOPOLIS";60,07
"310665";"BERIZAL";62,72
"310670";"BETIM";98,52
"310680";"BIAS FORTES";66,78
"310690";"BICAS";95,38
"310700";"BIQUINHAS";62,13
"310710";"BOA ESPERANCA";89,57
"310720";"BOCAINA DE MINAS";76,05
"310730";"BOCAIUVA";76,66
"310740";"BOM DESPACHO";93,47
"310750";"BOM JARDIM DE MINAS";86,52
"310760";"BOM JESUS DA PENHA";83,13
"310770";"BOM JESUS DO AMPARO";70,9
"310780";"BOM JESUS DO GALHO";61,3
"310790";"BOM REPOUSO";87,7
"310800";"BOM SUCESSO";85,23
"310810";"BONFIM";60,72
"310820";"BONFINOPOLIS DE MINAS";72,16
"310825";"BONITO DE MINAS";23,64
"310830";"BORDA DA MATA";89,45
"310840";"BOTELHOS";90,97
"310850";"BOTUMIRIM";44,08
"310855";"BRASILANDIA DE MINAS";84,34
"310860";"BRASILIA DE MINAS";56,92
"310870";"BRAS PIRES";57,78
"310880";"BRAUNAS";37
"310890";"BRAZOPOLIS";87,15
"310900";"BRUMADINHO";95,92
"310910";"BUENO BRANDAO";73,85
"310920";"BUENOPOLIS";74,78
"310925";"BUGRE";57,26
"310930";"BURITIS";71,46
"310940";"BURITIZEIRO";77,68
"310945";"CABECEIRA GRANDE";82,24
"310950";"CABO VERDE";83,8
"310960";"CACHOEIRA DA PRATA";98,39
"310970";"CACHOEIRA DE MINAS";90,31
"310980";"CACHOEIRA DOURADA";90,26
"310990";"CAETANOPOLIS";77,14
"311000";"CAETE";88,22
"311010";"CAIANA";62,2
"311020";"CAJURI";70,22
"311030";"CALDAS";71,86
"311040";"CAMACHO";52,73
"311050";"CAMANDUCAIA";95,33
"311060";"CAMBUI";97,6
"311070";"CAMBUQUIRA";86,47
"311080";"CAMPANARIO";73,33
"311090";"CAMPANHA";87,93
"311100";"CAMPESTRE";71,97
"311110";"CAMPINA VERDE";77,35
"311115";"CAMPO AZUL";45,2
"311120";"CAMPO BELO";96,06
"311130";"CAMPO DO MEIO";88,95
"311140";"CAMPO FLORIDO";75,07
"311150";"CAMPOS ALTOS";90,75
"311160";"CAMPOS GERAIS";71,74
"311170";"CANAA";46,85
"311180";"CANAPOLIS";89,85
"311190";"CANA VERDE";86,92
"311200";"CANDEIAS";72,82
"311205";"CANTAGALO";51,47
"311210";"CAPARAO";63,77
"311220";"CAPELA NOVA";47,93
"311230";"CAPELINHA";71,88
"311240";"CAPETINGA";91,81
"311250";"CAPIM BRANCO";93,88
"311260";"CAPINOPOLIS";93,32
"311265";"CAPITAO ANDRADE";73,73
"311270";"CAPITAO ENEAS";70,89
"311280";"CAPITOLIO";89,26
"311290";"CAPUTIRA";59,31
"311300";"CARAI";43,93
"311310";"CARANAIBA";45,43
"311320";"CARANDAI";89,41
"311330";"CARANGOLA";85,92
"311340";"CARATINGA";84,25
"311350";"CARBONITA";80,07
"311360";"CAREACU";87,68
"311370";"CARLOS CHAGAS";72,32
"311380";"CARMESIA";64,12
"311390";"CARMO DA CACHOEIRA";79,22
"311400";"CARMO DA MATA";82,67
"311410";"CARMO DE MINAS";85,5
"311420";"CARMO DO CAJURU";92,51
"311430";"CARMO DO PARANAIBA";84,71
"311440";"CARMO DO RIO CLARO";89,24
"311450";"CARMOPOLIS DE MINAS";87,21
"311455";"CARNEIRINHO";76,94
"311460";"CARRANCAS";71,24
"311470";"CARVALHOPOLIS";93,46
"311480";"CARVALHOS";68,57
"311490";"CASA GRANDE";64,55
"311500";"CASCALHO RICO";68,01
"311510";"CASSIA";92,92
"311520";"CONCEICAO DA BARRA DE MINAS";72,5
"311530";"CATAGUASES";95,95
"311535";"CATAS ALTAS";88,15
"311540";"CATAS ALTAS DA NORUEGA";43,89
"311545";"CATUJI";34,38
"311547";"CATUTI";59,83
"311550";"CAXAMBU";98,51
"311560";"CEDRO DO ABAETE";81,35
"311570";"CENTRAL DE MINAS";78,24
"311580";"CENTRALINA";90
"311590";"CHACARA";83,83
"311600";"CHALE";56,83
"311610";"CHAPADA DO NORTE";37,8
"311615";"CHAPADA GAUCHA";51,91
"311620";"CHIADOR";79,02
"311630";"CIPOTANEA";51,12
"311640";"CLARAVAL";69,64
"311650";"CLARO DOS POCOES";62,51
"311660";"CLAUDIO";87,63
"311670";"COIMBRA";83,1
"311680";"COLUNA";42,77
"311690";"COMENDADOR GOMES";53,49
"311700";"COMERCINHO";39,49
"311710";"CONCEICAO DA APARECIDA";71,9
"311720";"CONCEICAO DAS PEDRAS";85,38
"311730";"CONCEICAO DAS ALAGOAS";91,26
"311740";"CONCEICAO DE IPANEMA";41,35
"311750";"CONCEICAO DO MATO DENTRO";59,66
"311760";"CONCEICAO DO PARA";84,03
"311770";"CONCEICAO DO RIO VERDE";90,65
"311780";"CONCEICAO DOS OUROS";93,25
"311783";"CONEGO MARINHO";38,54
"311787";"CONFINS";98,17
"311790";"CONGONHAL";76,33
"311800";"CONGONHAS";97,56
"311810";"CONGONHAS DO NORTE";51,32
"311820";"CONQUISTA";89,53
"311830";"CONSELHEIRO LAFAIETE";97,27
"311840";"CONSELHEIRO PENA";75,46
"311850";"CONSOLACAO";88,21
"311860";"CONTAGEM";99,43
"311870";"COQUEIRAL";75,48
"311880";"CORACAO DE JESUS";30,61
"311890";"CORDISBURGO";63,56
"311900";"CORDISLANDIA";85,39
"311910";"CORINTO";83,04
"311920";"COROACI";47,48
"311930";"COROMANDEL";76,33
"311940";"CORONEL FABRICIANO";98,35
"311950";"CORONEL MURTA";66,16
"311960";"CORONEL PACHECO";88,12
"311970";"CORONEL XAVIER CHAVES";90,17
"311980";"CORREGO DANTA";61,09
"311990";"CORREGO DO BOM JESUS";91,34
"311995";"CORREGO FUNDO";75,89
"312000";"CORREGO NOVO";66,4
"312010";"COUTO DE MAGALHAES DE MINAS";83,17
"312015";"CRISOLITA";54,78
"312020";"CRISTAIS";80,79
"312030";"CRISTALIA";44,59
"312040";"CRISTIANO OTONI";87,63
"312050";"CRISTINA";77,5
"312060";"CRUCILANDIA";64,39
"312070";"CRUZEIRO DA FORTALEZA";92,59
"312080";"CRUZILIA";91,71
"312083";"CUPARAQUE";78,21
"312087";"CURRAL DE DENTRO";73,22
"312090";"CURVELO";87,83
"312100";"DATAS";71,13
"312110";"DELFIM MOREIRA";77,39
"312120";"DELFINOPOLIS";90,66
"312125";"DELTA";97,52
"312130";"DESCOBERTO";87,91
"312140";"DESTERRO DE ENTRE RIOS";53,43
"312150";"DESTERRO DO MELO";55,65
"312160";"DIAMANTINA";78,61
"312170";"DIOGO DE VASCONCELOS";33,84
"312180";"DIONISIO";82,22
"312190";"DIVINESIA";74,98
"312200";"DIVINO";64,26
"312210";"DIVINO DAS LARANJEIRAS";73,48
"312220";"DIVINOLANDIA DE MINAS";69,48
"312230";"DIVINOPOLIS";98
"312235";"DIVISA ALEGRE";94,42
"312240";"DIVISA NOVA";89,35
"312245";"DIVISOPOLIS";76,54
"312247";"DOM BOSCO";68,97
"312250";"DOM CAVATI";87,42
"312260";"DOM JOAQUIM";64,22
"312270";"DOM SILVERIO";82,21
"312280";"DOM VICOSO";73,84
"312290";"DONA EUSEBIA";87,67
"312300";"DORES DE CAMPOS";92,46
"312310";"DORES DE GUANHAES";37,49
"312320";"DORES DO INDAIA";94,76
"312330";"DORES DO TURVO";52,71
"312340";"DORESOPOLIS";78,75
"312350";"DOURADOQUARA";70,26
"312352";"DURANDE";52,37
"312360";"ELOI MENDES";85,29
"312370";"ENGENHEIRO CALDAS";79,67
"312380";"ENGENHEIRO NAVARRO";60,73
"312385";"ENTRE FOLHAS";73,77
"312390";"ENTRE RIOS DE MINAS";77,71
"312400";"ERVALIA";65,61
"312410";"ESMERALDAS";84,61
"312420";"ESPERA FELIZ";76,38
"312430";"ESPINOSA";51,34
"312440";"ESPIRITO SANTO DO DOURADO";66,35
"312450";"ESTIVA";82,93
"312460";"ESTRELA DALVA";79,42
"312470";"ESTRELA DO INDAIA";79,35
"312480";"ESTRELA DO SUL";79,15
"312490";"EUGENOPOLIS";75,32
"312500";"EWBANK DA CAMARA";95,21
"312510";"EXTREMA";97,99
"312520";"FAMA";88,64
"312530";"FARIA LEMOS";77,95
"312540";"FELICIO DOS SANTOS";42,22
"312550";"SAO GONCALO DO RIO PRETO";61,95
"312560";"FELISBURGO";68,19
"312570";"FELIXLANDIA";80,74
"312580";"FERNANDES TOURINHO";63,6
"312590";"FERROS";31,42
"312595";"FERVEDOURO";50,98
"312600";"FLORESTAL";86,33
"312610";"FORMIGA";91,96
"312620";"FORMOSO";58,2
"312630";"FORTALEZA DE MINAS";96,49
"312640";"FORTUNA DE MINAS";77,2
"312650";"FRANCISCO BADARO";32,16
"312660";"FRANCISCO DUMONT";50,53
"312670";"FRANCISCO SA";55,18
"312675";"FRANCISCOPOLIS";42,15
"312680";"FREI GASPAR";40,7
"312690";"FREI INOCENCIO";76,11
"312695";"FREI LAGONEGRO";19,74
"312700";"FRONTEIRA";96,57
"312705";"FRONTEIRA DOS VALES";54,89
"312707";"FRUTA DE LEITE";29,99
"312710";"FRUTAL";89,72
"312720";"FUNILANDIA";84,69
"312730";"GALILEIA";68,04
"312733";"GAMELEIRAS";25,01
"312735";"GLAUCILANDIA";34,11
"312737";"GOIABEIRA";74,91
"312738";"GOIANA";92,48
"312740";"GONCALVES";98,1
"312750";"GONZAGA";54,92
"312760";"GOUVEIA";78,24
"312770";"GOVERNADOR VALADARES";94,85
"312780";"GRAO MOGOL";48,35
"312790";"GRUPIARA";83,17
"312800";"GUANHAES";80,8
"312810";"GUAPE";70,46
"312820";"GUARACIABA";40,22
"312825";"GUARACIAMA";60,78
"312830";"GUARANESIA";93,6
"312840";"GUARANI";83,8
"312850";"GUARARA";92,82
"312860";"GUARDA-MOR";59,84
"312870";"GUAXUPE";96,97
"312880";"GUIDOVAL";73,67
"312890";"GUIMARANIA";80,43
"312900";"GUIRICEMA";63,86
"312910";"GURINHATA";46,77
"312920";"HELIODORA";97,55
"312930";"IAPU";70,07
"312940";"IBERTIOGA";78,31
"312950";"IBIA";85,29
"312960";"IBIAI";60,62
"312965";"IBIRACATU";62,25
"312970";"IBIRACI";91,79
"312980";"IBIRITE";98,11
"312990";"IBITIURA DE MINAS";86,97
"313000";"IBITURUNA";89,95
"313005";"ICARAI DE MINAS";37,95
"313010";"IGARAPE";93,23
"313020";"IGARATINGA";88,46
"313030";"IGUATAMA";85,33
"313040";"IJACI";91,82
"313050";"ILICINEA";79,48
"313055";"IMBE DE MINAS";49,76
"313060";"INCONFIDENTES";96,36
"313065";"INDAIABIRA";40,22
"313070";"INDIANOPOLIS";74,85
"313080";"INGAI";65,14
"313090";"INHAPIM";52,06
"313100";"INHAUMA";89,47
"313110";"INIMUTABA";70,32
"313115";"IPABA";93,38
"313120";"IPANEMA";80,64
"313130";"IPATINGA";99,73
"313140";"IPIACU";90,78
"313150";"IPUIUNA";84,5
"313160";"IRAI DE MINAS";83,95
"313170";"ITABIRA";92,96
"313180";"ITABIRINHA";76,45
"313190";"ITABIRITO";97,18
"313200";"ITACAMBIRA";19,69
"313210";"ITACARAMBI";77
"313220";"ITAGUARA";82,11
"313230";"ITAIPE";44,79
"313240";"ITAJUBA";99,32
"313250";"ITAMARANDIBA";61,86
"313260";"ITAMARATI DE MINAS";81,29
"313270";"ITAMBACURI";62,19
"313280";"ITAMBE DO MATO DENTRO";49,21
"313290";"ITAMOGI";82,89
"313300";"ITAMONTE";94,71
"313310";"ITANHANDU";98,72
"313320";"ITANHOMI";71,97
"313330";"ITAOBIM";77,59
"313340";"ITAPAGIPE";71,06
"313350";"ITAPECERICA";82,81
"313360";"ITAPEVA";94,88
"313370";"ITATIAIUCU";83,14
"313375";"ITAU DE MINAS";98,87
"313380";"ITAUNA";98,22
"313390";"ITAVERAVA";44,43
"313400";"ITINGA";55,16
"313410";"ITUETA";54,09
"313420";"ITUIUTABA";95,16
"313430";"ITUMIRIM";89,4
"313440";"ITURAMA";95,74
"313450";"ITUTINGA";77,04
"313460";"JABOTICATUBAS";64,19
"313470";"JACINTO";64,07
"313480";"JACUI";94,44
"313490";"JACUTINGA";93,1
"313500";"JAGUARACU";89,3
"313505";"JAIBA";64,52
"313507";"JAMPRUCA";47,66
"313510";"JANAUBA";84,89
"313520";"JANUARIA";49,39
"313530";"JAPARAIBA";81,35
"313535";"JAPONVAR";41,81
"313540";"JECEABA";56,15
"313545";"JENIPAPO DE MINAS";42,29
"313550";"JEQUERI";56,15
"313560";"JEQUITAI";52,77
"313570";"JEQUITIBA";37,7
"313580";"JEQUITINHONHA";67,34
"313590";"JESUANIA";69,23
"313600";"JOAIMA";68,54
"313610";"JOANESIA";40,93
"313620";"JOAO MONLEVADE";99,02
"313630";"JOAO PINHEIRO";84,13
"313640";"JOAQUIM FELICIO";55,17
"313650";"JORDANIA";73,18
"313652";"JOSE GONCALVES DE MINAS";43,15
"313655";"JOSE RAYDAN";44,21
"313657";"JOSENOPOLIS";48,22
"313660";"NOVA UNIAO";74,84
"313665";"JUATUBA";91,05
"313670";"JUIZ DE FORA";99,11
"313680";"JURAMENTO";62,05
"313690";"JURUAIA";79,75
"313695";"JUVENILIA";52,02
"313700";"LADAINHA";27,42
"313710";"LAGAMAR";72,12
"313720";"LAGOA DA PRATA";97,33
"313730";"LAGOA DOS PATOS";68,15
"313740";"LAGOA DOURADA";75,69
"313750";"LAGOA FORMOSA";76,25
"313753";"LAGOA GRANDE";78,23
"313760";"LAGOA SANTA";97,36
"313770";"LAJINHA";64,86
"313780";"LAMBARI";91,79
"313790";"LAMIM";48,13
"313800";"LARANJAL";81,61
"313810";"LASSANCE";69,65
"313820";"LAVRAS";95,47
"313830";"LEANDRO FERREIRA";73,67
"313835";"LEME DO PRADO";67,35
"313840";"LEOPOLDINA";91,11
"313850";"LIBERDADE";73,88
"313860";"LIMA DUARTE";88,99
"313862";"LIMEIRA DO OESTE";70,45
"313865";"LONTRA";57
"313867";"LUISBURGO";40,37
"313868";"LUISLANDIA";43,55
"313870";"LUMINARIAS";79,63
"313880";"LUZ";90,03
"313890";"MACHACALIS";80,11
"313900";"MACHADO";91,54
"313910";"MADRE DE DEUS DE MINAS";81,98
"313920";"MALACACHETA";56,8
"313925";"MAMONAS";41,13
"313930";"MANGA";67,09
"313940";"MANHUACU";87,13
"313950";"MANHUMIRIM";83,54
"313960";"MANTENA";78,65
"313970";"MARAVILHAS";80,32
"313980";"MAR DE ESPANHA";91,62
"313990";"MARIA DA FE";82,62
"314000";"MARIANA";90,14
"314010";"MARILAC";63,83
"314015";"MARIO CAMPOS";96,59
"314020";"MARIPA DE MINAS";88,82
"314030";"MARLIERIA";87,14
"314040";"MARMELOPOLIS";85,08
"314050";"MARTINHO CAMPOS";83,85
"314053";"MARTINS SOARES";64,13
"314055";"MATA VERDE";80,23
"314060";"MATERLANDIA";40,39
"314070";"MATEUS LEME";88,56
"314080";"MATIAS BARBOSA";96,03
"314085";"MATIAS CARDOSO";40,34
"314090";"MATIPO";75,61
"314100";"MATO VERDE";70,55
"314110";"MATOZINHOS";97,54
"314120";"MATUTINA";84,49
"314130";"MEDEIROS";58,7
"314140";"MEDINA";72,15
"314150";"MENDES PIMENTEL";57,01
"314160";"MERCES";74,8
"314170";"MESQUITA";52,3
"314180";"MINAS NOVAS";39,49
"314190";"MINDURI";89,45
"314200";"MIRABELA";59,46
"314210";"MIRADOURO";68,75
"314220";"MIRAI";87,06
"314225";"MIRAVANIA";23,53
"314230";"MOEDA";79,31
"314240";"MOEMA";91,28
"314250";"MONJOLOS";49,2
"314260";"MONSENHOR PAULO";77,18
"314270";"MONTALVANIA";57,25
"314280";"MONTE ALEGRE DE MINAS";76,61
"314290";"MONTE AZUL";58,22
"314300";"MONTE BELO";79,76
"314310";"MONTE CARMELO";91,47
"314315";"MONTE FORMOSO";39,17
"314320";"MONTE SANTO DE MINAS";83,19
"314330";"MONTES CLAROS";94,16
"314340";"MONTE SIAO";90,72
"314345";"MONTEZUMA";41,1
"314350";"MORADA NOVA DE MINAS";75,16
"314360";"MORRO DA GARCA";54,33
"314370";"MORRO DO PILAR";61,74
"314380";"MUNHOZ";94,71
"314390";"MURIAE";94,13
"314400";"MUTUM";49,31
"314410";"MUZAMBINHO";87,9
"314420";"NACIP RAYDAN";58,97
"314430";"NANUQUE";88,23
"314435";"NAQUE";86,56
"314437";"NATALANDIA";74,28
"314440";"NATERCIA";96,12
"314450";"NAZARENO";84,55
"314460";"NEPOMUCENO";79,18
"314465";"NINHEIRA";31,8
"314467";"NOVA BELEM";35,61
"314470";"NOVA ERA";96,61
"314480";"NOVA LIMA";99,5
"314490";"NOVA MODICA";63,76
"314500";"NOVA PONTE";86,65
"314505";"NOVA PORTEIRINHA";60,26
"314510";"NOVA RESENDE";65,33
"314520";"NOVA SERRANA";98,17
"314530";"NOVO CRUZEIRO";31,69
"314535";"NOVO ORIENTE DE MINAS";54,66
"314537";"NOVORIZONTE";61,98
"314540";"OLARIA";83,73
"314545";"OLHOS-D'AGUA";54,37
"314550";"OLIMPIO NORONHA";88,97
"314560";"OLIVEIRA";90,93
"314570";"OLIVEIRA FORTES";54,43
"314580";"ONCA DE PITANGUI";65,05
"314585";"ORATORIOS";70,8
"314587";"ORIZANIA";39,91
"314590";"OURO BRANCO";93,59
"314600";"OURO FINO";93,03
"314610";"OURO PRETO";93,29
"314620";"OURO VERDE DE MINAS";57,8
"314625";"PADRE CARVALHO";45,59
"314630";"PADRE PARAISO";61,21
"314640";"PAINEIRAS";72,16
"314650";"PAINS";90,25
"314655";"PAI PEDRO";34,8
"314660";"PAIVA";74,62
"314670";"PALMA";78,37
"314675";"PALMOPOLIS";67,6
"314690";"PAPAGAIOS";86,97
"314700";"PARACATU";88,98
"314710";"PARA DE MINAS";97,74
"314720";"PARAGUACU";84,8
"314730";"PARAISOPOLIS";90,67
"314740";"PARAOPEBA";85,35
"314750";"PASSABEM";55,29
"314760";"PASSA QUATRO";96,46
"314770";"PASSA TEMPO";77,56
"314780";"PASSA-VINTE";72,84
"314790";"PASSOS";97
"314795";"PATIS";45,63
"314800";"PATOS DE MINAS";92,3
"314810";"PATROCINIO";89,26
"314820";"PATROCINIO DO MURIAE";84,19
"314830";"PAULA CANDIDO";66,12
"314840";"PAULISTAS";46,13
"314850";"PAVAO";60,66
"314860";"PECANHA";45,64
"314870";"PEDRA AZUL";83,32
"314875";"PEDRA BONITA";28,42
"314880";"PEDRA DO ANTA";64,7
"314890";"PEDRA DO INDAIA";67,87
"314900";"PEDRA DOURADA";67,99
"314910";"PEDRALVA";86,3
"314915";"PEDRAS DE MARIA DA CRUZ";52,37
"314920";"PEDRINOPOLIS";89,51
"314930";"PEDRO LEOPOLDO";95,98
"314940";"PEDRO TEIXEIRA";69,62
"314950";"PEQUERI";94,63
"314960";"PEQUI";74
"314970";"PERDIGAO";86,82
"314980";"PERDIZES";79,75
"314990";"PERDOES";92,5
"314995";"PERIQUITO";67,03
"315000";"PESCADOR";77,1
"315010";"PIAU";81,88
"315015";"PIEDADE DE CARATINGA";82,72
"315020";"PIEDADE DE PONTE NOVA";83,3
"315030";"PIEDADE DO RIO GRANDE";71,37
"315040";"PIEDADE DOS GERAIS";50,58
"315050";"PIMENTA";87,02
"315053";"PINGO-D'AGUA";91,78
"315057";"PINTOPOLIS";34,55
"315060";"PIRACEMA";66,84
"315070";"PIRAJUBA";90,51
"315080";"PIRANGA";37,49
"315090";"PIRANGUCU";82,47
"315100";"PIRANGUINHO";95,93
"315110";"PIRAPETINGA";88,66
"315120";"PIRAPORA";96
"315130";"PIRAUBA";81,55
"315140";"PITANGUI";88,29
"315150";"PIUMHI";95,12
"315160";"PLANURA";96,28
"315170";"POCO FUNDO";73,11
"315180";"POCOS DE CALDAS";99,05
"315190";"POCRANE";59,51
"315200";"POMPEU";87,41
"315210";"PONTE NOVA";92,1
"315213";"PONTO CHIQUE";52,67
"315217";"PONTO DOS VOLANTES";43,52
"315220";"PORTEIRINHA";48,74
"315230";"PORTO FIRME";58,69
"315240";"POTE";54,45
"315250";"POUSO ALEGRE";96,85
"315260";"POUSO ALTO";82,8
"315270";"PRADOS";82,98
"315280";"PRATA";77,84
"315290";"PRATAPOLIS";92,9
"315300";"PRATINHA";61,58
"315310";"PRESIDENTE BERNARDES";40,48
"315320";"PRESIDENTE JUSCELINO";42,99
"315330";"PRESIDENTE KUBITSCHEK";71,84
"315340";"PRESIDENTE OLEGARIO";67,96
"315350";"ALTO JEQUITIBA";65,9
"315360";"PRUDENTE DE MORAIS";96
"315370";"QUARTEL GERAL";77,83
"315380";"QUELUZITO";57,65
"315390";"RAPOSOS";97,99
"315400";"RAUL SOARES";65,11
"315410";"RECREIO";88,51
"315415";"REDUTO";66,51
"315420";"RESENDE COSTA";81,76
"315430";"RESPLENDOR";76,08
"315440";"RESSAQUINHA";72,59
"315445";"RIACHINHO";49,55
"315450";"RIACHO DOS MACHADOS";39,32
"315460";"RIBEIRAO DAS NEVES";96,7
"315470";"RIBEIRAO VERMELHO";94,23
"315480";"RIO ACIMA";96,54
"315490";"RIO CASCA";82,44
"315500";"RIO DOCE";88,64
"315510";"RIO DO PRADO";67,96
"315520";"RIO ESPERA";46,18
"315530";"RIO MANSO";71,41
"315540";"RIO NOVO";89,76
"315550";"RIO PARANAIBA";68,12
"315560";"RIO PARDO DE MINAS";41,19
"315570";"RIO PIRACICABA";86,49
"315580";"RIO POMBA";85,8
"315590";"RIO PRETO";89,82
"315600";"RIO VERMELHO";36,23
"315610";"RITAPOLIS";67,87
"315620";"ROCHEDO DE MINAS";91,32
"315630";"RODEIRO";91,1
"315640";"ROMARIA";82,32
"315645";"ROSARIO DA LIMEIRA";64,02
"315650";"RUBELITA";43,31
"315660";"RUBIM";73,48
"315670";"SABARA";94,62
"315680";"SABINOPOLIS";61,07
"315690";"SACRAMENTO";83,93
"315700";"SALINAS";75,92
"315710";"SALTO DA DIVISA";72,58
"315720";"SANTA BARBARA";92,31
"315725";"SANTA BARBARA DO LESTE";62,31
"315727";"SANTA BARBARA DO MONTE VERDE";75,64
"315730";"SANTA BARBARA DO TUGURIO";53,93
"315733";"SANTA CRUZ DE MINAS";99,88
"315737";"SANTA CRUZ DE SALINAS";38,52
"315740";"SANTA CRUZ DO ESCALVADO";69,11
"315750";"SANTA EFIGENIA DE MINAS";56,31
"315760";"SANTA FE DE MINAS";25,26
"315765";"SANTA HELENA DE MINAS";65,77
"315770";"SANTA JULIANA";87,69
"315780";"SANTA LUZIA";96,76
"315790";"SANTA MARGARIDA";70,77
"315800";"SANTA MARIA DE ITABIRA";67,16
"315810";"SANTA MARIA DO SALTO";71,87
"315820";"SANTA MARIA DO SUACUI";59,87
"315830";"SANTANA DA VARGEM";77,42
"315840";"SANTANA DE CATAGUASES";80,61
"315850";"SANTANA DE PIRAPAMA";39,84
"315860";"SANTANA DO DESERTO";91,27
"315870";"SANTANA DO GARAMBEU";71,62
"315880";"SANTANA DO JACARE";96,67
"315890";"SANTANA DO MANHUACU";54,61
"315895";"SANTANA DO PARAISO";95,05
"315900";"SANTANA DO RIACHO";71,57
"315910";"SANTANA DOS MONTES";56,5
"315920";"SANTA RITA DE CALDAS";67,08
"315930";"SANTA RITA DE JACUTINGA";75,94
"315935";"SANTA RITA DE MINAS";82,55
"315940";"SANTA RITA DE IBITIPOCA";66,27
"315950";"SANTA RITA DO ITUETO";47,06
"315960";"SANTA RITA DO SAPUCAI";89,15
"315970";"SANTA ROSA DA SERRA";82,35
"315980";"SANTA VITORIA";82,51
"315990";"SANTO ANTONIO DO AMPARO";91,78
"316000";"SANTO ANTONIO DO AVENTUREIRO";73,75
"316010";"SANTO ANTONIO DO GRAMA";82,15
"316020";"SANTO ANTONIO DO ITAMBE";32,47
"316030";"SANTO ANTONIO DO JACINTO";51,63
"316040";"SANTO ANTONIO DO MONTE";88,91
"316045";"SANTO ANTONIO DO RETIRO";31,92
"316050";"SANTO ANTONIO DO RIO ABAIXO";56,39
"316060";"SANTO HIPOLITO";54,44
"316070";"SANTOS DUMONT";94,36
"316080";"SAO BENTO ABADE";92,77
"316090";"SAO BRAS DO SUACUI";88,21
"316095";"SAO DOMINGOS DAS DORES";93,53
"316100";"SAO DOMINGOS DO PRATA";63,39
"316105";"SAO FELIX DE MINAS";63,15
"316110";"SAO FRANCISCO";60,18
"316120";"SAO FRANCISCO DE PAULA";70,65
"316130";"SAO FRANCISCO DE SALES";77,71
"316140";"SAO FRANCISCO DO GLORIA";69,02
"316150";"SAO GERALDO";75,1
"316160";"SAO GERALDO DA PIEDADE";47,3
"316165";"SAO GERALDO DO BAIXIO";66,46
"316170";"SAO GONCALO DO ABAETE";80,12
"316180";"SAO GONCALO DO PARA";94,45
"316190";"SAO GONCALO DO RIO ABAIXO";90,33
"316200";"SAO GONCALO DO SAPUCAI";90,7
"316210";"SAO GOTARDO";92,58
"316220";"SAO JOAO BATISTA DO GLORIA";96,8
"316225";"SAO JOAO DA LAGOA";46,6
"316230";"SAO JOAO DA MATA";69,21
"316240";"SAO JOAO DA PONTE";20,85
"316245";"SAO JOAO DAS MISSOES";22,75
"316250";"SAO JOAO DEL REI";95,68
"316255";"SAO JOAO DO MANHUACU";57,51
"316257";"SAO JOAO DO MANTENINHA";80,69
"316260";"SAO JOAO DO ORIENTE";82,92
"316265";"SAO JOAO DO PACUI";33,45
"316270";"SAO JOAO DO PARAISO";54,93
"316280";"SAO JOAO EVANGELISTA";65,07
"316290";"SAO JOAO NEPOMUCENO";95,67
"316292";"SAO JOAQUIM DE BICAS";86,44
"316294";"SAO JOSE DA BARRA";91,7
"316295";"SAO JOSE DA LAPA";98,14
"316300";"SAO JOSE DA SAFIRA";63,63
"316310";"SAO JOSE DA VARGINHA";77,4
"316320";"SAO JOSE DO ALEGRE";80,52
"316330";"SAO JOSE DO DIVINO";69,01
"316340";"SAO JOSE DO GOIABAL";75,33
"316350";"SAO JOSE DO JACURI";34,21
"316360";"SAO JOSE DO MANTIMENTO";61,17
"316370";"SAO LOURENCO";99,29
"316380";"SAO MIGUEL DO ANTA";67,01
"316390";"SAO PEDRO DA UNIAO";71,74
"316400";"SAO PEDRO DOS FERROS";83,01
"316410";"SAO PEDRO DO SUACUI";45,49
"316420";"SAO ROMAO";57,09
"316430";"SAO ROQUE DE MINAS";70,7
"316440";"SAO SEBASTIAO DA BELA VISTA";93,33
"316443";"SAO SEBASTIAO DA VARGEM ALEGRE";58,8
"316447";"SAO SEBASTIAO DO ANTA";75,81
"316450";"SAO SEBASTIAO DO MARANHAO";25,21
"316460";"SAO SEBASTIAO DO OESTE";68
"316470";"SAO SEBASTIAO DO PARAISO";94,1
"316480";"SAO SEBASTIAO DO RIO PRETO";54,37
"316490";"SAO SEBASTIAO DO RIO VERDE";64,08
"316500";"SAO TIAGO";83,17
"316510";"SAO TOMAS DE AQUINO";81,68
"316520";"SAO THOME DAS LETRAS";73,62
"316530";"SAO VICENTE DE MINAS";89,24
"316540";"SAPUCAI-MIRIM";96,38
"316550";"SARDOA";35,68
"316553";"SARZEDO";98,42
"316555";"SETUBINHA";21,14
"316556";"SEM-PEIXE";48,81
"316557";"SENADOR AMARAL";86,56
"316560";"SENADOR CORTES";79,24
"316570";"SENADOR FIRMINO";78,36
"316580";"SENADOR JOSE BENTO";73,93
"316590";"SENADOR MODESTINO GONCALVES";41,13
"316600";"SENHORA DE OLIVEIRA";60,23
"316610";"SENHORA DO PORTO";38,24
"316620";"SENHORA DOS REMEDIOS";54,15
"316630";"SERICITA";54,66
"316640";"SERITINGA";83,33
"316650";"SERRA AZUL DE MINAS";34,52
"316660";"SERRA DA SAUDADE";81,31
"316670";"SERRA DOS AIMORES";78,05
"316680";"SERRA DO SALITRE";76,6
"316690";"SERRANIA";88,78
"316695";"SERRANOPOLIS DE MINAS";41,68
"316700";"SERRANOS";79,84
"316710";"SERRO";52,95
"316720";"SETE LAGOAS";97,42
"316730";"SILVEIRANIA";66,58
"316740";"SILVIANOPOLIS";63,95
"316750";"SIMAO PEREIRA";89,4
"316760";"SIMONESIA";48,73
"316770";"SOBRALIA";68,54
"316780";"SOLEDADE DE MINAS";86,38
"316790";"TABULEIRO";78,52
"316800";"TAIOBEIRAS";86,26
"316805";"TAPARUBA";67,06
"316810";"TAPIRA";62,89
"316820";"TAPIRAI";64,15
"316830";"TAQUARACU DE MINAS";56,54
"316840";"TARUMIRIM";61,03
"316850";"TEIXEIRAS";75,51
"316860";"TEOFILO OTONI";84,03
"316870";"TIMOTEO";99,06
"316880";"TIRADENTES";92,75
"316890";"TIROS";69,5
"316900";"TOCANTINS";83,7
"316905";"TOCOS DO MOJI";91,29
"316910";"TOLEDO";93,7
"316920";"TOMBOS";87,77
"316930";"TRES CORACOES";92,9
"316935";"TRES MARIAS";92,59
"316940";"TRES PONTAS";88,1
"316950";"TUMIRITINGA";69,6
"316960";"TUPACIGUARA";92,44
"316970";"TURMALINA";72,98
"316980";"TURVOLANDIA";76,96
"316990";"UBA";95,8
"317000";"UBAI";41,58
"317005";"UBAPORANGA";58,81
"317010";"UBERABA";98,1
"317020";"UBERLANDIA";98,62
"317030";"UMBURATIBA";78,04
"317040";"UNAI";81,34
"317043";"UNIAO DE MINAS";61,88
"317047";"URUANA DE MINAS";68,41
"317050";"URUCANIA";76,03
"317052";"URUCUIA";49,51
"317057";"VARGEM ALEGRE";79,89
"317060";"VARGEM BONITA";75,31
"317065";"VARGEM GRANDE DO RIO PARDO";50,84
"317070";"VARGINHA";97,63
"317075";"VARJAO DE MINAS";87,87
"317080";"VARZEA DA PALMA";86,79
"317090";"VARZELANDIA";38,68
"317100";"VAZANTE";87,4
"317103";"VERDELANDIA";55,48
"317107";"VEREDINHA";66,93
"317110";"VERISSIMO";67,75
"317115";"VERMELHO NOVO";45,08
"317120";"VESPASIANO";95,82
"317130";"VICOSA";95,05
"317140";"VIEIRAS";69,24
"317150";"MATHIAS LOBATO";62,72
"317160";"VIRGEM DA LAPA";51,05
"317170";"VIRGINIA";50,55
"317180";"VIRGINOPOLIS";65,86
"317190";"VIRGOLANDIA";50,34
"317200";"VISCONDE DO RIO BRANCO";90,66
"317210";"VOLTA GRANDE";86
"317220";"WENCESLAU BRAZ";97,45
"320010";"AFONSO CLAUDIO";59,39
"320013";"AGUIA BRANCA";39,31
"320016";"AGUA DOCE DO NORTE";59,68
"320020";"ALEGRE";78,33
"320030";"ALFREDO CHAVES";84,37
"320035";"ALTO RIO NOVO";60,67
"320040";"ANCHIETA";94,06
"320050";"APIACA";74,24
"320060";"ARACRUZ";93,74
"320070";"ATILIO VIVACQUA";85,69
"320080";"BAIXO GUANDU";80,54
"320090";"BARRA DE SAO FRANCISCO";70,01
"320100";"BOA ESPERANCA";72,47
"320110";"BOM JESUS DO NORTE";93,1
"320115";"BREJETUBA";57,27
"320120";"CACHOEIRO DE ITAPEMIRIM";96,81
"320130";"CARIACICA";94,06
"320140";"CASTELO";78,99
"320150";"COLATINA";91,65
"320160";"CONCEICAO DA BARRA";83,86
"320170";"CONCEICAO DO CASTELO";71,68
"320180";"DIVINO DE SAO LOURENCO";53,98
"320190";"DOMINGOS MARTINS";71,6
"320200";"DORES DO RIO PRETO";85,43
"320210";"ECOPORANGA";60,65
"320220";"FUNDAO";86,14
"320225";"GOVERNADOR LINDENBERG";52,48
"320230";"GUACUI";83,67
"320240";"GUARAPARI";95,12
"320245";"IBATIBA";68,28
"320250";"IBIRACU";90,91
"320255";"IBITIRAMA";58,63
"320260";"ICONHA";82,72
"320265";"IRUPI";51,45
"320270";"ITAGUACU";73,91
"320280";"ITAPEMIRIM";90,15
"320290";"ITARANA";74,35
"320300";"IUNA";67,13
"320305";"JAGUARE";76,51
"320310";"JERONIMO MONTEIRO";79,27
"320313";"JOAO NEIVA";91,49
"320316";"LARANJA DA TERRA";45,72
"320320";"LINHARES";88,76
"320330";"MANTENOPOLIS";64,7
"320332";"MARATAIZES";84,78
"320334";"MARECHAL FLORIANO";90,43
"320335";"MARILANDIA";70,74
"320340";"MIMOSO DO SUL";67,14
"320350";"MONTANHA";79,93
"320360";"MUCURICI";66,1
"320370";"MUNIZ FREIRE";62,33
"320380";"MUQUI";71,97
"320390";"NOVA VENECIA";70,21
"320400";"PANCAS";49,82
"320405";"PEDRO CANARIO";90,24
"320410";"PINHEIROS";79,66
"320420";"PIUMA";96,82
"320425";"PONTO BELO";80,2
"320430";"PRESIDENTE KENNEDY";71,8
"320435";"RIO BANANAL";56,74
"320440";"RIO NOVO DO SUL";89,78
"320450";"SANTA LEOPOLDINA";53,35
"320455";"SANTA MARIA DE JETIBA";60,23
"320460";"SANTA TERESA";84,51
"320465";"SAO DOMINGOS DO NORTE";51,67
"320470";"SAO GABRIEL DA PALHA";78,09
"320480";"SAO JOSE DO CALCADO";83,73
"320490";"SAO MATEUS";83,25
"320495";"SAO ROQUE DO CANAA";70,28
"320500";"SERRA";98,15
"320501";"SOORETAMA";69,45
"320503";"VARGEM ALTA";79,9
"320506";"VENDA NOVA DO IMIGRANTE";93,03
"320510";"VIANA";90,45
"320515";"VILA PAVAO";45,5
"320517";"VILA VALERIO";40,35
"320520";"VILA VELHA";99,1
"320530";"VITORIA";99,78
"330010";"ANGRA DOS REIS";98,91
"330015";"APERIBE";87,75
"330020";"ARARUAMA";93,62
"330022";"AREAL";96,03
"330023";"ARMACAO DOS BUZIOS";98,46
"330025";"ARRAIAL DO CABO";99,45
"330030";"BARRA DO PIRAI";97,45
"330040";"BARRA MANSA";98,86
"330045";"BELFORD ROXO";88,73
"330050";"BOM JARDIM";93,24
"330060";"BOM JESUS DO ITABAPOANA";90,62
"330070";"CABO FRIO";97,41
"330080";"CACHOEIRAS DE MACACU";89,53
"330090";"CAMBUCI";76,37
"330093";"CARAPEBUS";87,18
"330095";"COMENDADOR LEVY GASPARIAN";95,9
"330100";"CAMPOS DOS GOYTACAZES";95,75
"330110";"CANTAGALO";87,78
"330115";"CARDOSO MOREIRA";77,81
"330120";"CARMO";94,62
"330130";"CASIMIRO DE ABREU";98,37
"330140";"CONCEICAO DE MACABU";93,24
"330150";"CORDEIRO";97,26
"330160";"DUAS BARRAS";92,26
"330170";"DUQUE DE CAXIAS";95,88
"330180";"ENGENHEIRO PAULO DE FRONTIN";98,59
"330185";"GUAPIMIRIM";93,22
"330187";"IGUABA GRANDE";98,7
"330190";"ITABORAI";92,91
"330200";"ITAGUAI";97,16
"330205";"ITALVA";84,11
"330210";"ITAOCARA";81,2
"330220";"ITAPERUNA";93,18
"330225";"ITATIAIA";97,72
"330227";"JAPERI";85,32
"330230";"LAJE DO MURIAE";79,29
"330240";"MACAE";97,99
"330245";"MACUCO";95,82
"330250";"MAGE";95,85
"330260";"MANGARATIBA";97,76
"330270";"MARICA";93,17
"330280";"MENDES";96,95
"330285";"MESQUITA";98,76
"330290";"MIGUEL PEREIRA";96,9
"330300";"MIRACEMA";95,96
"330310";"NATIVIDADE";89,04
"330320";"NILOPOLIS";99,65
"330330";"NITEROI";98,98
"330340";"NOVA FRIBURGO";98,8
"330350";"NOVA IGUACU";94,7
"330360";"PARACAMBI";94,43
"330370";"PARAIBA DO SUL";94,25
"330380";"PARATY";92,74
"330385";"PATY DO ALFERES";88,94
"330390";"PETROPOLIS";99,12
"330395";"PINHEIRAL";98,03
"330400";"PIRAI";93,99
"330410";"PORCIUNCULA";82,82
"330411";"PORTO REAL";98,83
"330412";"QUATIS";94,31
"330414";"QUEIMADOS";94,15
"330415";"QUISSAMA";94,87
"330420";"RESENDE";98,72
"330430";"RIO BONITO";92,51
"330440";"RIO CLARO";88,67
"330450";"RIO DAS FLORES";91,53
"330452";"RIO DAS OSTRAS";99,43
"330455";"RIO DE JANEIRO";99,25
"330460";"SANTA MARIA MADALENA";84,43
"330470";"SANTO ANTONIO DE PADUA";88,59
"330475";"SAO FRANCISCO DE ITABAPOANA";76,13
"330480";"SAO FIDELIS";81,9
"330490";"SAO GONCALO";93,78
"330500";"SAO JOAO DA BARRA";93,64
"330510";"SAO JOAO DE MERITI";98,17
"330513";"SAO JOSE DE UBA";82,72
"330515";"SAO JOSE DO VALE DO RIO PRETO";96,77
"330520";"SAO PEDRO DA ALDEIA";96,06
"330530";"SAO SEBASTIAO DO ALTO";64,6
"330540";"SAPUCAIA";83,45
"330550";"SAQUAREMA";93,71
"330555";"SEROPEDICA";92,74
"330560";"SILVA JARDIM";89,42
"330570";"SUMIDOURO";83,86
"330575";"TANGUA";93,56
"330580";"TERESOPOLIS";96,98
"330590";"TRAJANO DE MORAES";69,02
"330600";"TRES RIOS";97,3
"330610";"VALENCA";94,68
"330615";"VARRE-SAI";75,28
"330620";"VASSOURAS";95,63
"330630";"VOLTA REDONDA";99,75
"350010";"ADAMANTINA";95,99
"350020";"ADOLFO";96
"350030";"AGUAI";91,09
"350040";"AGUAS DA PRATA";96,64
"350050";"AGUAS DE LINDOIA";97,97
"350055";"AGUAS DE SANTA BARBARA";87,55
"350060";"AGUAS DE SAO PEDRO";99,9
"350070";"AGUDOS";97,11
"350075";"ALAMBARI";92,33
"350080";"ALFREDO MARCONDES";86,65
"350090";"ALTAIR";86,05
"350100";"ALTINOPOLIS";91,2
"350110";"ALTO ALEGRE";80
"350115";"ALUMINIO";98,71
"350120";"ALVARES FLORENCE";71,64
"350130";"ALVARES MACHADO";91,52
"350140";"ALVARO DE CARVALHO";91,89
"350150";"ALVINLANDIA";96,05
"350160";"AMERICANA";99,91
"350170";"AMERICO BRASILIENSE";99,53
"350180";"AMERICO DE CAMPOS";87,24
"350190";"AMPARO";97,42
"350200";"ANALANDIA";86,39
"350210";"ANDRADINA";94,16
"350220";"ANGATUBA";90,25
"350230";"ANHEMBI";92,1
"350240";"ANHUMAS";83,54
"350250";"APARECIDA";98,15
"350260";"APARECIDA D'OESTE";85,19
"350270";"APIAI";88,93
"350275";"ARACARIGUAMA";91,23
"350280";"ARACATUBA";98,98
"350290";"ARACOIABA DA SERRA";97,61
"350300";"ARAMINA";93,63
"350310";"ARANDU";90,2
"350315";"ARAPEI";90,95
"350320";"ARARAQUARA";99,3
"350330";"ARARAS";99,01
"350335";"ARCO-IRIS";72,63
"350340";"AREALVA";86,28
"350350";"AREIAS";81,79
"350360";"AREIOPOLIS";98,81
"350370";"ARIRANHA";96,85
"350380";"ARTUR NOGUEIRA";98,29
"350390";"ARUJA";99,3
"350395";"ASPASIA";79,01
"350400";"ASSIS";98,59
"350410";"ATIBAIA";98,18
"350420";"AURIFLAMA";90,99
"350430";"AVAI";86,68
"350440";"AVANHANDAVA";95,24
"350450";"AVARE";97,2
"350460";"BADY BASSITT";97,24
"350470";"BALBINOS";89,81
"350480";"BALSAMO";92,62
"350490";"BANANAL";90,92
"350500";"BARAO DE ANTONINA";92,39
"350510";"BARBOSA";90,15
"350520";"BARIRI";95,75
"350530";"BARRA BONITA";98,76
"350535";"BARRA DO CHAPEU";77,53
"350540";"BARRA DO TURVO";80,45
"350550";"BARRETOS";96,87
"350560";"BARRINHA";98,75
"350570";"BARUERI";99,93
"350580";"BASTOS";87,69
"350590";"BATATAIS";96,85
"350600";"BAURU";99,4
"350610";"BEBEDOURO";96,38
"350620";"BENTO DE ABREU";92,69
"350630";"BERNARDINO DE CAMPOS";93,16
"350635";"BERTIOGA";99,67
"350640";"BILAC";92,02
"350650";"BIRIGUI";97,85
"350660";"BIRITIBA-MIRIM";94,49
"350670";"BOA ESPERANCA DO SUL";93,95
"350680";"BOCAINA";96,01
"350690";"BOFETE";92,13
"350700";"BOITUVA";98,45
"350710";"BOM JESUS DOS PERDOES";99,37
"350715";"BOM SUCESSO DE ITARARE";94,95
"350720";"BORA";82,01
"350730";"BORACEIA";90,29
"350740";"BORBOREMA";91,95
"350745";"BOREBI";91,01
"350750";"BOTUCATU";97,68
"350760";"BRAGANCA PAULISTA";99,34
"350770";"BRAUNA";90,24
"350775";"BREJO ALEGRE";95,32
"350780";"BRODOWSKI";97,84
"350790";"BROTAS";96,96
"350800";"BURI";84,56
"350810";"BURITAMA";95,47
"350820";"BURITIZAL";86,3
"350830";"CABRALIA PAULISTA";89,35
"350840";"CABREUVA";98,44
"350850";"CACAPAVA";98,93
"350860";"CACHOEIRA PAULISTA";96,05
"350870";"CACONDE";83,74
"350880";"CAFELANDIA";90,1
"350890";"CAIABU";84,1
"350900";"CAIEIRAS";99,76
"350910";"CAIUA";59,25
"350920";"CAJAMAR";99,01
"350925";"CAJATI";95,95
"350930";"CAJOBI";94,1
"350940";"CAJURU";96,18
"350945";"CAMPINA DO MONTE ALEGRE";95,85
"350950";"CAMPINAS";99,55
"350960";"CAMPO LIMPO PAULISTA";99,64
"350970";"CAMPOS DO JORDAO";99,14
"350980";"CAMPOS NOVOS PAULISTA";79,87
"350990";"CANANEIA";90,77
"350995";"CANAS";96,34
"351000";"CANDIDO MOTA";95,6
"351010";"CANDIDO RODRIGUES";90,55
"351015";"CANITAR";98,28
"351020";"CAPAO BONITO";90,64
"351030";"CAPELA DO ALTO";97,94
"351040";"CAPIVARI";97,99
"351050";"CARAGUATATUBA";99,26
"351060";"CARAPICUIBA";99,48
"351070";"CARDOSO";94,39
"351080";"CASA BRANCA";91,2
"351090";"CASSIA DOS COQUEIROS";81,6
"351100";"CASTILHO";80,23
"351110";"CATANDUVA";99,31
"351120";"CATIGUA";94,28
"351130";"CEDRAL";91,71
"351140";"CERQUEIRA CESAR";93,96
"351150";"CERQUILHO";98,94
"351160";"CESARIO LANGE";96,24
"351170";"CHARQUEADA";97,14
"351190";"CLEMENTINA";96,2
"351200";"COLINA";94,33
"351210";"COLOMBIA";81,42
"351220";"CONCHAL";97,28
"351230";"CONCHAS";95,29
"351240";"CORDEIROPOLIS";98,32
"351250";"COROADOS";84,5
"351260";"CORONEL MACEDO";83,77
"351270";"CORUMBATAI";80,3
"351280";"COSMOPOLIS";99,51
"351290";"COSMORAMA";79,65
"351300";"COTIA";99,29
"351310";"CRAVINHOS";98,18
"351320";"CRISTAIS PAULISTA";85,99
"351330";"CRUZALIA";85,5
"351340";"CRUZEIRO";98,69
"351350";"CUBATAO";99,05
"351360";"CUNHA";66,13
"351370";"DESCALVADO";92,56
"351380";"DIADEMA";99,61
"351385";"DIRCE REIS";84,21
"351390";"DIVINOLANDIA";77,39
"351400";"DOBRADA";98,27
"351410";"DOIS CORREGOS";95,96
"351420";"DOLCINOPOLIS";94,65
"351430";"DOURADO";97
"351440";"DRACENA";96,02
"351450";"DUARTINA";92,35
"351460";"DUMONT";97,78
"351470";"ECHAPORA";86,57
"351480";"ELDORADO";78,49
"351490";"ELIAS FAUSTO";94,01
"351492";"ELISIARIO";97,18
"351495";"EMBAUBA";86,64
"351500";"EMBU DAS ARTES";99,32
"351510";"EMBU-GUACU";97,88
"351512";"EMILIANOPOLIS";88
"351515";"ENGENHEIRO COELHO";95,38
"351518";"ESPIRITO SANTO DO PINHAL";95,24
"351519";"ESPIRITO SANTO DO TURVO";92,6
"351520";"ESTRELA D'OESTE";86,05
"351530";"ESTRELA DO NORTE";77,22
"351535";"EUCLIDES DA CUNHA PAULISTA";67,36
"351540";"FARTURA";91,1
"351550";"FERNANDOPOLIS";97,26
"351560";"FERNANDO PRESTES";87,74
"351565";"FERNAO";91,24
"351570";"FERRAZ DE VASCONCELOS";99,12
"351580";"FLORA RICA";84,56
"351590";"FLOREAL";84,77
"351600";"FLORIDA PAULISTA";90,63
"351610";"FLORINIA";92,57
"351620";"FRANCA";99,55
"351630";"FRANCISCO MORATO";97,89
"351640";"FRANCO DA ROCHA";98,22
"351650";"GABRIEL MONTEIRO";88,68
"351660";"GALIA";84,72
"351670";"GARCA";93,28
"351680";"GASTAO VIDIGAL";90,99
"351685";"GAVIAO PEIXOTO";93,4
"351690";"GENERAL SALGADO";90,69
"351700";"GETULINA";88,41
"351710";"GLICERIO";87,4
"351720";"GUAICARA";94,73
"351730";"GUAIMBE";90,24
"351740";"GUAIRA";96,65
"351750";"GUAPIACU";93,11
"351760";"GUAPIARA";79,26
"351770";"GUARA";97,38
"351780";"GUARACAI";83,42
"351790";"GUARACI";92,55
"351800";"GUARANI D'OESTE";91,77
"351810";"GUARANTA";86,43
"351820";"GUARARAPES";94,64
"351830";"GUARAREMA";97,73
"351840";"GUARATINGUETA";98,92
"351850";"GUAREI";88,64
"351860";"GUARIBA";99,41
"351870";"GUARUJA";99,17
"351880";"GUARULHOS";99,64
"351885";"GUATAPARA";87,08
"351890";"GUZOLANDIA";86,06
"351900";"HERCULANDIA";92,17
"351905";"HOLAMBRA";96,43
"351907";"HORTOLANDIA";99,65
"351910";"IACANGA";91,59
"351920";"IACRI";81,6
"351925";"IARAS";65,61
"351930";"IBATE";98,59
"351940";"IBIRA";94,32
"351950";"IBIRAREMA";92,97
"351960";"IBITINGA";96,61
"351970";"IBIUNA";83,98
"351980";"ICEM";96,63
"351990";"IEPE";90,55
"352000";"IGARACU DO TIETE";99,36
"352010";"IGARAPAVA";97,02
"352020";"IGARATA";93,06
"352030";"IGUAPE";83,27
"352040";"ILHABELA";99,27
"352042";"ILHA COMPRIDA";97,91
"352044";"ILHA SOLTEIRA";93,59
"352050";"INDAIATUBA";99,33
"352060";"INDIANA";91,63
"352070";"INDIAPORA";92,68
"352080";"INUBIA PAULISTA";91,93
"352090";"IPAUSSU";97,88
"352100";"IPERO";96,57
"352110";"IPEUNA";92,3
"352115";"IPIGUA";88,01
"352120";"IPORANGA";72,71
"352130";"IPUA";96,48
"352140";"IRACEMAPOLIS";99,49
"352150";"IRAPUA";89,1
"352160";"IRAPURU";86,67
"352170";"ITABERA";79,8
"352180";"ITAI";89,7
"352190";"ITAJOBI";85,69
"352200";"ITAJU";79,16
"352210";"ITANHAEM";96,76
"352215";"ITAOCA";88,3
"352220";"ITAPECERICA DA SERRA";98,87
"352230";"ITAPETININGA";96,39
"352240";"ITAPEVA";91,15
"352250";"ITAPEVI";99,22
"352260";"ITAPIRA";98,54
"352265";"ITAPIRAPUA PAULISTA";80,93
"352270";"ITAPOLIS";92,03
"352280";"ITAPORANGA";84,24
"352290";"ITAPUI";96,47
"352300";"ITAPURA";84,66
"352310";"ITAQUAQUECETUBA";98,81
"352320";"ITARARE";94,88
"352330";"ITARIRI";89,22
"352340";"ITATIBA";99,48
"352350";"ITATINGA";94,28
"352360";"ITIRAPINA";95,27
"352370";"ITIRAPUA";86,74
"352380";"ITOBI";92,62
"352390";"ITU";97,51
"352400";"ITUPEVA";97,66
"352410";"ITUVERAVA";97,46
"352420";"JABORANDI";93,77
"352430";"JABOTICABAL";98,17
"352440";"JACAREI";98,94
"352450";"JACI";90,49
"352460";"JACUPIRANGA";81,02
"352470";"JAGUARIUNA";99,27
"352480";"JALES";94,75
"352490";"JAMBEIRO";95,15
"352500";"JANDIRA";99,92
"352510";"JARDINOPOLIS";96,98
"352520";"JARINU";96,41
"352530";"JAU";98,74
"352540";"JERIQUARA";92,06
"352550";"JOANOPOLIS";99,15
"352560";"JOAO RAMALHO";89,12
"352570";"JOSE BONIFACIO";92,96
"352580";"JULIO MESQUITA";94,83
"352585";"JUMIRIM";96,13
"352590";"JUNDIAI";99,85
"352600";"JUNQUEIROPOLIS";89,45
"352610";"JUQUIA";81,56
"352620";"JUQUITIBA";86,65
"352630";"LAGOINHA";87,85
"352640";"LARANJAL PAULISTA";96,56
"352650";"LAVINIA";86,69
"352660";"LAVRINHAS";94,94
"352670";"LEME";98,59
"352680";"LENCOIS PAULISTA";98,61
"352690";"LIMEIRA";98,95
"352700";"LINDOIA";98,24
"352710";"LINS";98,83
"352720";"LORENA";98,11
"352725";"LOURDES";93,27
"352730";"LOUVEIRA";99,09
"352740";"LUCELIA";95,38
"352750";"LUCIANOPOLIS";90,42
"352760";"LUIS ANTONIO";97,6
"352770";"LUIZIANIA";92,36
"352780";"LUPERCIO";93,6
"352790";"LUTECIA";81,41
"352800";"MACATUBA";98,22
"352810";"MACAUBAL";89,91
"352820";"MACEDONIA";80,8
"352830";"MAGDA";88,24
"352840";"MAIRINQUE";95,12
"352850";"MAIRIPORA";95,57
"352860";"MANDURI";91,95
"352870";"MARABA PAULISTA";60,68
"352880";"MARACAI";92,97
"352885";"MARAPOAMA";88,97
"352890";"MARIAPOLIS";86,28
"352900";"MARILIA";98,35
"352910";"MARINOPOLIS";81,88
"352920";"MARTINOPOLIS";90,88
"352930";"MATAO";99,05
"352940";"MAUA";99,8
"352950";"MENDONCA";92,92
"352960";"MERIDIANO";81,77
"352965";"MESOPOLIS";82,1
"352970";"MIGUELOPOLIS";95,5
"352980";"MINEIROS DO TIETE";96,02
"352990";"MIRACATU";75,08
"353000";"MIRA ESTRELA";89,86
"353010";"MIRANDOPOLIS";90,66
"353020";"MIRANTE DO PARANAPANEMA";62,09
"353030";"MIRASSOL";98,08
"353040";"MIRASSOLANDIA";90,02
"353050";"MOCOCA";94,76
"353060";"MOGI DAS CRUZES";98,26
"353070";"MOGI GUACU";98,51
"353080";"MOGI MIRIM";96,68
"353090";"MOMBUCA";93,41
"353100";"MONCOES";87,84
"353110";"MONGAGUA";99,04
"353120";"MONTE ALEGRE DO SUL";96,98
"353130";"MONTE ALTO";95,85
"353140";"MONTE APRAZIVEL";92,31
"353150";"MONTE AZUL PAULISTA";93,15
"353160";"MONTE CASTELO";81,38
"353170";"MONTEIRO LOBATO";96,71
"353180";"MONTE MOR";97,91
"353190";"MORRO AGUDO";95,1
"353200";"MORUNGABA";96,76
"353205";"MOTUCA";89,76
"353210";"MURUTINGA DO SUL";69,91
"353215";"NANTES";92,9
"353220";"NARANDIBA";79,04
"353230";"NATIVIDADE DA SERRA";75,76
"353240";"NAZARE PAULISTA";84,49
"353250";"NEVES PAULISTA";94,21
"353260";"NHANDEARA";88,98
"353270";"NIPOA";93,37
"353280";"NOVA ALIANCA";93,95
"353282";"NOVA CAMPINA";88,45
"353284";"NOVA CANAA PAULISTA";65,64
"353286";"NOVA CASTILHO";73,95
"353290";"NOVA EUROPA";96,52
"353300";"NOVA GRANADA";95,04
"353310";"NOVA GUATAPORANGA";88,42
"353320";"NOVA INDEPENDENCIA";82,46
"353325";"NOVAIS";90,59
"353330";"NOVA LUZITANIA";95,52
"353340";"NOVA ODESSA";99,56
"353350";"NOVO HORIZONTE";93,94
"353360";"NUPORANGA";94,89
"353370";"OCAUCU";84,63
"353380";"OLEO";86,28
"353390";"OLIMPIA";94,99
"353400";"ONDA VERDE";91,64
"353410";"ORIENTE";97,09
"353420";"ORINDIUVA";92,43
"353430";"ORLANDIA";98,38
"353440";"OSASCO";99,29
"353450";"OSCAR BRESSANE";84,86
"353460";"OSVALDO CRUZ";94,22
"353470";"OURINHOS";98,98
"353475";"OUROESTE";92,84
"353480";"OURO VERDE";92,46
"353490";"PACAEMBU";90,86
"353500";"PALESTINA";86,62
"353510";"PALMARES PAULISTA";98,55
"353520";"PALMEIRA D'OESTE";80,2
"353530";"PALMITAL";92,59
"353540";"PANORAMA";96,87
"353550";"PARAGUACU PAULISTA";94,07
"353560";"PARAIBUNA";89,13
"353570";"PARAISO";92,1
"353580";"PARANAPANEMA";89,2
"353590";"PARANAPUA";89,89
"353600";"PARAPUA";86,2
"353610";"PARDINHO";89,5
"353620";"PARIQUERA-ACU";80,56
"353625";"PARISI";85,79
"353630";"PATROCINIO PAULISTA";92,17
"353640";"PAULICEIA";89,82
"353650";"PAULINIA";99,28
"353657";"PAULISTANIA";77,77
"353660";"PAULO DE FARIA";90,89
"353670";"PEDERNEIRAS";94,68
"353680";"PEDRA BELA";96,12
"353690";"PEDRANOPOLIS";76,1
"353700";"PEDREGULHO";92,48
"353710";"PEDREIRA";99,44
"353715";"PEDRINHAS PAULISTA";87,9
"353720";"PEDRO DE TOLEDO";83,11
"353730";"PENAPOLIS";96,58
"353740";"PEREIRA BARRETO";93,26
"353750";"PEREIRAS";94,37
"353760";"PERUIBE";98,53
"353770";"PIACATU";93,93
"353780";"PIEDADE";86,38
"353790";"PILAR DO SUL";96,73
"353800";"PINDAMONHANGABA";98,59
"353810";"PINDORAMA";95,13
"353820";"PINHALZINHO";96,22
"353830";"PIQUEROBI";76,71
"353850";"PIQUETE";97,76
"353860";"PIRACAIA";95,51
"353870";"PIRACICABA";99,44
"353880";"PIRAJU";94,25
"353890";"PIRAJUI";92,44
"353900";"PIRANGI";90,87
"353910";"PIRAPORA DO BOM JESUS";97,05
"353920";"PIRAPOZINHO";95,63
"353930";"PIRASSUNUNGA";95,11
"353940";"PIRATININGA";91,07
"353950";"PITANGUEIRAS";97,39
"353960";"PLANALTO";87,56
"353970";"PLATINA";88,21
"353980";"POA";99,58
"353990";"POLONI";90,03
"354000";"POMPEIA";95,05
"354010";"PONGAI";92,73
"354020";"PONTAL";99,03
"354025";"PONTALINDA";86,22
"354030";"PONTES GESTAL";87,22
"354040";"POPULINA";87,15
"354050";"PORANGABA";88,94
"354060";"PORTO FELIZ";96,1
"354070";"PORTO FERREIRA";98,45
"354075";"POTIM";98,99
"354080";"POTIRENDABA";96,42
"354085";"PRACINHA";95,88
"354090";"PRADOPOLIS";94,04
"354100";"PRAIA GRANDE";99,69
"354105";"PRATANIA";90,61
"354110";"PRESIDENTE ALVES";88,12
"354120";"PRESIDENTE BERNARDES";81,35
"354130";"PRESIDENTE EPITACIO";93,73
"354140";"PRESIDENTE PRUDENTE";98,7
"354150";"PRESIDENTE VENCESLAU";95,43
"354160";"PROMISSAO";86,77
"354165";"QUADRA";94,98
"354170";"QUATA";94,87
"354180";"QUEIROZ";93,63
"354190";"QUELUZ";90,83
"354200";"QUINTANA";93,99
"354210";"RAFARD";98,29
"354220";"RANCHARIA";92,37
"354230";"REDENCAO DA SERRA";75,87
"354240";"REGENTE FEIJO";95,03
"354250";"REGINOPOLIS";86,28
"354260";"REGISTRO";91,9
"354270";"RESTINGA";90,19
"354280";"RIBEIRA";86,7
"354290";"RIBEIRAO BONITO";94,43
"354300";"RIBEIRAO BRANCO";73,74
"354310";"RIBEIRAO CORRENTE";89,77
"354320";"RIBEIRAO DO SUL";86,8
"354323";"RIBEIRAO DOS INDIOS";86,06
"354325";"RIBEIRAO GRANDE";87,67
"354330";"RIBEIRAO PIRES";99,52
"354340";"RIBEIRAO PRETO";99,68
"354350";"RIVERSUL";82,74
"354360";"RIFAINA";96,7
"354370";"RINCAO";94,89
"354380";"RINOPOLIS";87,88
"354390";"RIO CLARO";98,91
"354400";"RIO DAS PEDRAS";98,18
"354410";"RIO GRANDE DA SERRA";98,69
"354420";"RIOLANDIA";90,53
"354425";"ROSANA";84,73
"354430";"ROSEIRA";96,77
"354440";"RUBIACEA";94
"354450";"RUBINEIA";91,17
"354460";"SABINO";90,88
"354470";"SAGRES";82,82
"354480";"SALES";91,31
"354490";"SALES OLIVEIRA";93,6
"354500";"SALESOPOLIS";96,58
"354510";"SALMOURAO";91,17
"354515";"SALTINHO";99,21
"354520";"SALTO";99,15
"354530";"SALTO DE PIRAPORA";98,94
"354540";"SALTO GRANDE";91,7
"354550";"SANDOVALINA";70,42
"354560";"SANTA ADELIA";95,53
"354570";"SANTA ALBERTINA";89,88
"354580";"SANTA BARBARA D'OESTE";99,73
"354600";"SANTA BRANCA";97,1
"354610";"SANTA CLARA D'OESTE";81,94
"354620";"SANTA CRUZ DA CONCEICAO";89,78
"354625";"SANTA CRUZ DA ESPERANCA";87,77
"354630";"SANTA CRUZ DAS PALMEIRAS";97,89
"354640";"SANTA CRUZ DO RIO PARDO";92,67
"354650";"SANTA ERNESTINA";96,07
"354660";"SANTA FE DO SUL";97,44
"354670";"SANTA GERTRUDES";98,78
"354680";"SANTA ISABEL";96,08
"354690";"SANTA LUCIA";97,55
"354700";"SANTA MARIA DA SERRA";95,18
"354710";"SANTA MERCEDES";90,28
"354720";"SANTANA DA PONTE PENSA";75,76
"354730";"SANTANA DE PARNAIBA";99,48
"354740";"SANTA RITA D'OESTE";71,54
"354750";"SANTA RITA DO PASSA QUATRO";93,94
"354760";"SANTA ROSA DE VITERBO";99,04
"354765";"SANTA SALETE";76,44
"354770";"SANTO ANASTACIO";93,23
"354780";"SANTO ANDRE";99,91
"354790";"SANTO ANTONIO DA ALEGRIA";92,12
"354800";"SANTO ANTONIO DE POSSE";96,87
"354805";"SANTO ANTONIO DO ARACANGUA";85,11
"354810";"SANTO ANTONIO DO JARDIM";80,35
"354820";"SANTO ANTONIO DO PINHAL";97,89
"354830";"SANTO EXPEDITO";93,58
"354840";"SANTOPOLIS DO AGUAPEI";97,4
"354850";"SANTOS";99,79
"354860";"SAO BENTO DO SAPUCAI";92,12
"354870";"SAO BERNARDO DO CAMPO";99,83
"354880";"SAO CAETANO DO SUL";100
"354890";"SAO CARLOS";99,05
"354900";"SAO FRANCISCO";82,99
"354910";"SAO JOAO DA BOA VISTA";96,72
"354920";"SAO JOAO DAS DUAS PONTES";87,67
"354925";"SAO JOAO DE IRACEMA";96,28
"354930";"SAO JOAO DO PAU D'ALHO";84,64
"354940";"SAO JOAQUIM DA BARRA";98,19
"354950";"SAO JOSE DA BELA VISTA";92,55
"354960";"SAO JOSE DO BARREIRO";84,79
"354970";"SAO JOSE DO RIO PARDO";93,46
"354980";"SAO JOSE DO RIO PRETO";99,7
"354990";"SAO JOSE DOS CAMPOS";99,66
"354995";"SAO LOURENCO DA SERRA";94,55
"355000";"SAO LUIS DO PARAITINGA";85,31
"355010";"SAO MANUEL";97,31
"355020";"SAO MIGUEL ARCANJO";88,09
"355030";"SAO PAULO";99,79
"355040";"SAO PEDRO";97,27
"355050";"SAO PEDRO DO TURVO";74,64
"355060";"SAO ROQUE";95,8
"355070";"SAO SEBASTIAO";99,66
"355080";"SAO SEBASTIAO DA GRAMA";90,96
"355090";"SAO SIMAO";93,29
"355100";"SAO VICENTE";99,66
"355110";"SARAPUI";89,83
"355120";"SARUTAIA";95,9
"355130";"SEBASTIANOPOLIS DO SUL";85,39
"355140";"SERRA AZUL";95,92
"355150";"SERRANA";99,77
"355160";"SERRA NEGRA";96,74
"355170";"SERTAOZINHO";99,52
"355180";"SETE BARRAS";90,31
"355190";"SEVERINIA";96,56
"355200";"SILVEIRAS";78,52
"355210";"SOCORRO";93,02
"355220";"SOROCABA";99,83
"355230";"SUD MENNUCCI";93,27
"355240";"SUMARE";99,55
"355250";"SUZANO";98,8
"355255";"SUZANAPOLIS";73,67
"355260";"TABAPUA";93,85
"355270";"TABATINGA";91,94
"355280";"TABOAO DA SERRA";99,95
"355290";"TACIBA";84,73
"355300";"TAGUAI";95,38
"355310";"TAIACU";91,67
"355320";"TAIUVA";91,71
"355330";"TAMBAU";91,61
"355340";"TANABI";90,47
"355350";"TAPIRAI";85
"355360";"TAPIRATIBA";93,26
"355365";"TAQUARAL";95,87
"355370";"TAQUARITINGA";96,02
"355380";"TAQUARITUBA";91,44
"355385";"TAQUARIVAI";87,37
"355390";"TARABAI";93,22
"355395";"TARUMA";96,5
"355400";"TATUI";98,65
"355410";"TAUBATE";99,42
"355420";"TEJUPA";69,63
"355430";"TEODORO SAMPAIO";82,39
"355440";"TERRA ROXA";97,11
"355450";"TIETE";96,49
"355460";"TIMBURI";90,77
"355465";"TORRE DE PEDRA";98,85
"355470";"TORRINHA";92,7
"355475";"TRABIJU";92,25
"355480";"TREMEMBE";95,69
"355490";"TRES FRONTEIRAS";87,2
"355495";"TUIUTI";95,98
"355500";"TUPA";96,09
"355510";"TUPI PAULISTA";87,36
"355520";"TURIUBA";88,77
"355530";"TURMALINA";75,35
"355535";"UBARANA";94,82
"355540";"UBATUBA";99,62
"355550";"UBIRAJARA";81,46
"355560";"UCHOA";93,44
"355570";"UNIAO PAULISTA";81,54
"355580";"URANIA";86,25
"355590";"URU";93,15
"355600";"URUPES";92,71
"355610";"VALENTIM GENTIL";93,87
"355620";"VALINHOS";99,47
"355630";"VALPARAISO";95,45
"355635";"VARGEM";98,77
"355640";"VARGEM GRANDE DO SUL";96,43
"355645";"VARGEM GRANDE PAULISTA";99,47
"355650";"VARZEA PAULISTA";99,91
"355660";"VERA CRUZ";88,46
"355670";"VINHEDO";99,5
"355680";"VIRADOURO";97,58
"355690";"VISTA ALEGRE DO ALTO";94,05
"355695";"VITORIA BRASIL";83,69
"355700";"VOTORANTIM";99,47
"355710";"VOTUPORANGA";97,78
"355715";"ZACARIAS";83,48
"355720";"CHAVANTES";97,38
"355730";"ESTIVA GERBI";95,77
"410010";"ABATIA";75,43
"410020";"ADRIANOPOLIS";63,68
"410030";"AGUDOS DO SUL";61,31
"410040";"ALMIRANTE TAMANDARE";98,52
"410045";"ALTAMIRA DO PARANA";52,32
"410050";"ALTONIA";77,99
"410060";"ALTO PARANA";84,77
"410070";"ALTO PIQUIRI";86,04
"410080";"ALVORADA DO SUL";80,6
"410090";"AMAPORA";83,62
"410100";"AMPERE";82,06
"410105";"ANAHY";75,9
"410110";"ANDIRA";95,75
"410115";"ANGULO";88,96
"410120";"ANTONINA";93,21
"410130";"ANTONIO OLINTO";32,81
"410140";"APUCARANA";96,14
"410150";"ARAPONGAS";97,41
"410160";"ARAPOTI";84,98
"410165";"ARAPUA";54,59
"410170";"ARARUNA";80,31
"410180";"ARAUCARIA";98,34
"410185";"ARIRANHA DO IVAI";42,59
"410190";"ASSAI";84,53
"410200";"ASSIS CHATEAUBRIAND";87,08
"410210";"ASTORGA";92,23
"410220";"ATALAIA";92,76
"410230";"BALSA NOVA";93,25
"410240";"BANDEIRANTES";89,78
"410250";"BARBOSA FERRAZ";78,24
"410260";"BARRACAO";73,08
"410270";"BARRA DO JACARE";73,05
"410275";"BELA VISTA DA CAROBA";32,04
"410280";"BELA VISTA DO PARAISO";95,37
"410290";"BITURUNA";67,53
"410300";"BOA ESPERANCA";79,53
"410302";"BOA ESPERANCA DO IGUACU";67,83
"410304";"BOA VENTURA DE SAO ROQUE";34,58
"410305";"BOA VISTA DA APARECIDA";67,33
"410310";"BOCAIUVA DO SUL";77,12
"410315";"BOM JESUS DO SUL";68,51
"410320";"BOM SUCESSO";90,85
"410322";"BOM SUCESSO DO SUL";50,88
"410330";"BORRAZOPOLIS";77,65
"410335";"BRAGANEY";72,15
"410337";"BRASILANDIA DO SUL";86,6
"410340";"CAFEARA";87,24
"410345";"CAFELANDIA";87,79
"410347";"CAFEZAL DO SUL";79,52
"410350";"CALIFORNIA";82,96
"410360";"CAMBARA";93,35
"410370";"CAMBE";97,23
"410380";"CAMBIRA";81,09
"410390";"CAMPINA DA LAGOA";67,99
"410395";"CAMPINA DO SIMAO";40,96
"410400";"CAMPINA GRANDE DO SUL";95,52
"410405";"CAMPO BONITO";57,7
"410410";"CAMPO DO TENENTE";83,48
"410420";"CAMPO LARGO";93,51
"410425";"CAMPO MAGRO";93,97
"410430";"CAMPO MOURAO";96,74
"410440";"CANDIDO DE ABREU";36,53
"410442";"CANDOI";53,86
"410445";"CANTAGALO";71,48
"410450";"CAPANEMA";72,83
"410460";"CAPITAO LEONIDAS MARQUES";91,4
"410465";"CARAMBEI";91,22
"410470";"CARLOPOLIS";77,54
"410480";"CASCAVEL";95,96
"410490";"CASTRO";78,62
"410500";"CATANDUVAS";62,22
"410510";"CENTENARIO DO SUL";89,29
"410520";"CERRO AZUL";46,54
"410530";"CEU AZUL";81,78
"410540";"CHOPINZINHO";66,72
"410550";"CIANORTE";93,16
"410560";"CIDADE GAUCHA";91,87
"410570";"CLEVELANDIA";85,55
"410580";"COLOMBO";99,4
"410590";"COLORADO";93,72
"410600";"CONGONHINHAS";66,6
"410610";"CONSELHEIRO MAIRINCK";81,24
"410620";"CONTENDA";75,44
"410630";"CORBELIA";87,42
"410640";"CORNELIO PROCOPIO";95,25
"410645";"CORONEL DOMINGOS SOARES";39,17
"410650";"CORONEL VIVIDA";76,03
"410655";"CORUMBATAI DO SUL";61,53
"410657";"CRUZEIRO DO IGUACU";67,23
"410660";"CRUZEIRO DO OESTE";87,08
"410670";"CRUZEIRO DO SUL";77,48
"410680";"CRUZ MACHADO";40,97
"410685";"CRUZMALTINA";61,06
"410690";"CURITIBA";99,91
"410700";"CURIUVA";76,2
"410710";"DIAMANTE DO NORTE";85,97
"410712";"DIAMANTE DO SUL";39,06
"410715";"DIAMANTE D'OESTE";65,82
"410720";"DOIS VIZINHOS";84,35
"410725";"DOURADINA";86,81
"410730";"DOUTOR CAMARGO";89,43
"410740";"ENEAS MARQUES";72,83
"410750";"ENGENHEIRO BELTRAO";90,62
"410752";"ESPERANCA NOVA";70,76
"410753";"ENTRE RIOS DO OESTE";78,84
"410754";"ESPIGAO ALTO DO IGUACU";46,68
"410755";"FAROL";72,81
"410760";"FAXINAL";87,86
"410765";"FAZENDA RIO GRANDE";99,32
"410770";"FENIX";86,45
"410773";"FERNANDES PINHEIRO";50,72
"410775";"FIGUEIRA";91,07
"410780";"FLORAI";91,61
"410785";"FLOR DA SERRA DO SUL";45,61
"410790";"FLORESTA";94,32
"410800";"FLORESTOPOLIS";95,94
"410810";"FLORIDA";93,88
"410820";"FORMOSA DO OESTE";69,78
"410830";"FOZ DO IGUACU";99,13
"410832";"FRANCISCO ALVES";76,52
"410840";"FRANCISCO BELTRAO";93,09
"410845";"FOZ DO JORDAO";80,66
"410850";"GENERAL CARNEIRO";85,72
"410855";"GODOY MOREIRA";51,35
"410860";"GOIOERE";92,03
"410865";"GOIOXIM";30,16
"410870";"GRANDES RIOS";67,63
"410880";"GUAIRA";91,2
"410890";"GUAIRACA";84,79
"410895";"GUAMIRANGA";69,38
"410900";"GUAPIRAMA";84,14
"410910";"GUAPOREMA";79,39
"410920";"GUARACI";87,03
"410930";"GUARANIACU";55,6
"410940";"GUARAPUAVA";93,15
"410950";"GUARAQUECABA";38,26
"410960";"GUARATUBA";98,12
"410965";"HONORIO SERPA";49,29
"410970";"IBAITI";85,03
"410975";"IBEMA";82,97
"410980";"IBIPORA";96,13
"410990";"ICARAIMA";75,9
"411000";"IGUARACU";90,71
"411005";"IGUATU";67,49
"411007";"IMBAU";78,57
"411010";"IMBITUVA";75,57
"411020";"INACIO MARTINS";60,29
"411030";"INAJA";91,53
"411040";"INDIANOPOLIS";75,62
"411050";"IPIRANGA";41,57
"411060";"IPORA";82,96
"411065";"IRACEMA DO OESTE";77,56
"411070";"IRATI";80,56
"411080";"IRETAMA";69,92
"411090";"ITAGUAJE";81,65
"411095";"ITAIPULANDIA";99,51
"411100";"ITAMBARACA";86,66
"411110";"ITAMBE";94,88
"411120";"ITAPEJARA D'OESTE";78,99
"411125";"ITAPERUCU";84,1
"411130";"ITAUNA DO SUL";89,3
"411140";"IVAI";46,69
"411150";"IVAIPORA";87,04
"411155";"IVATE";82,74
"411160";"IVATUBA";94,25
"411170";"JABOTI";82,24
"411180";"JACAREZINHO";93,99
"411190";"JAGUAPITA";88,05
"411200";"JAGUARIAIVA";86,7
"411210";"JANDAIA DO SUL";91,09
"411220";"JANIOPOLIS";77,48
"411230";"JAPIRA";84,08
"411240";"JAPURA";92,89
"411250";"JARDIM ALEGRE";67,57
"411260";"JARDIM OLINDA";75,51
"411270";"JATAIZINHO";92,06
"411275";"JESUITAS";72,74
"411280";"JOAQUIM TAVORA";86,91
"411290";"JUNDIAI DO SUL";68,74
"411295";"JURANDA";81,67
"411300";"JUSSARA";94,74
"411310";"KALORE";83,47
"411320";"LAPA";74,34
"411325";"LARANJAL";39,23
"411330";"LARANJEIRAS DO SUL";83,71
"411340";"LEOPOLIS";80,83
"411342";"LIDIANOPOLIS";69,32
"411345";"LINDOESTE";51,38
"411350";"LOANDA";92,88
"411360";"LOBATO";93,98
"411370";"LONDRINA";98,08
"411373";"LUIZIANA";74,43
"411375";"LUNARDELLI";73,15
"411380";"LUPIONOPOLIS";93,16
"411390";"MALLET";66,92
"411400";"MAMBORE";81,34
"411410";"MANDAGUACU";93,36
"411420";"MANDAGUARI";94,43
"411430";"MANDIRITUBA";76,43
"411435";"MANFRINOPOLIS";27,28
"411440";"MANGUEIRINHA";62,54
"411450";"MANOEL RIBAS";63,05
"411460";"MARECHAL CANDIDO RONDON";87,38
"411470";"MARIA HELENA";69,98
"411480";"MARIALVA";83,8
"411490";"MARILANDIA DO SUL";74,92
"411500";"MARILENA";81,08
"411510";"MARILUZ";82,91
"411520";"MARINGA";99,18
"411530";"MARIOPOLIS";77,16
"411535";"MARIPA";72,1
"411540";"MARMELEIRO";85,74
"411545";"MARQUINHO";46,65
"411550";"MARUMBI";90,59
"411560";"MATELANDIA";89,78
"411570";"MATINHOS";99,27
"411573";"MATO RICO";28,17
"411575";"MAUA DA SERRA";92,24
"411580";"MEDIANEIRA";94,65
"411585";"MERCEDES";60,81
"411590";"MIRADOR";80,83
"411600";"MIRASELVA";86,05
"411605";"MISSAL";83,71
"411610";"MOREIRA SALES";84,58
"411620";"MORRETES";91,7
"411630";"MUNHOZ DE MELO";82,65
"411640";"NOSSA SENHORA DAS GRACAS";89,91
"411650";"NOVA ALIANCA DO IVAI";81,63
"411660";"NOVA AMERICA DA COLINA";81,55
"411670";"NOVA AURORA";79,38
"411680";"NOVA CANTU";56,25
"411690";"NOVA ESPERANCA";90,48
"411695";"NOVA ESPERANCA DO SUDOESTE";59,7
"411700";"NOVA FATIMA";89,68
"411705";"NOVA LARANJEIRAS";26,04
"411710";"NOVA LONDRINA";92,3
"411720";"NOVA OLIMPIA";89,4
"411721";"NOVA SANTA BARBARA";88,67
"411722";"NOVA SANTA ROSA";74,06
"411725";"NOVA PRATA DO IGUACU";62,67
"411727";"NOVA TEBAS";54,29
"411729";"NOVO ITACOLOMI";55,76
"411730";"ORTIGUEIRA";53,93
"411740";"OURIZONA";91,28
"411745";"OURO VERDE DO OESTE";71,26
"411750";"PAICANDU";97,88
"411760";"PALMAS";93,66
"411770";"PALMEIRA";69,19
"411780";"PALMITAL";57,97
"411790";"PALOTINA";87,6
"411800";"PARAISO DO NORTE";95,52
"411810";"PARANACITY";94,19
"411820";"PARANAGUA";98,37
"411830";"PARANAPOEMA";95,13
"411840";"PARANAVAI";96,19
"411845";"PATO BRAGADO";80,36
"411850";"PATO BRANCO";94,68
"411860";"PAULA FREITAS";62,9
"411870";"PAULO FRONTIN";44,94
"411880";"PEABIRU";83,47
"411885";"PEROBAL";74,02
"411890";"PEROLA";87,03
"411900";"PEROLA D'OESTE";59,76
"411910";"PIEN";80,72
"411915";"PINHAIS";99,91
"411920";"PINHALAO";73,42
"411925";"PINHAL DE SAO BENTO";83,7
"411930";"PINHAO";66,07
"411940";"PIRAI DO SUL";75,59
"411950";"PIRAQUARA";99,34
"411960";"PITANGA";63,64
"411965";"PITANGUEIRAS";86,28
"411970";"PLANALTINA DO PARANA";73,57
"411980";"PLANALTO";57,6
"411990";"PONTA GROSSA";98,18
"411995";"PONTAL DO PARANA";98,77
"412000";"PORECATU";95,56
"412010";"PORTO AMAZONAS";96,39
"412015";"PORTO BARREIRO";31,63
"412020";"PORTO RICO";79,57
"412030";"PORTO VITORIA";66,08
"412033";"PRADO FERREIRA";89,72
"412035";"PRANCHITA";81,11
"412040";"PRESIDENTE CASTELO BRANCO";90,73
"412050";"PRIMEIRO DE MAIO";92
"412060";"PRUDENTOPOLIS";63,39
"412065";"QUARTO CENTENARIO";78,43
"412070";"QUATIGUA";94,05
"412080";"QUATRO BARRAS";97,73
"412085";"QUATRO PONTES";67,01
"412090";"QUEDAS DO IGUACU";71,31
"412100";"QUERENCIA DO NORTE";68,67
"412110";"QUINTA DO SOL";79,26
"412120";"QUITANDINHA";70,73
"412125";"RAMILANDIA";54,05
"412130";"RANCHO ALEGRE";92,02
"412135";"RANCHO ALEGRE D'OESTE";83,33
"412140";"REALEZA";82,33
"412150";"REBOUCAS";68,36
"412160";"RENASCENCA";63,51
"412170";"RESERVA";67,29
"412175";"RESERVA DO IGUACU";66,03
"412180";"RIBEIRAO CLARO";88,08
"412190";"RIBEIRAO DO PINHAL";91,79
"412200";"RIO AZUL";67,12
"412210";"RIO BOM";73,58
"412215";"RIO BONITO DO IGUACU";31,2
"412217";"RIO BRANCO DO IVAI";65,28
"412220";"RIO BRANCO DO SUL";82,38
"412230";"RIO NEGRO";90,64
"412240";"ROLANDIA";95,16
"412250";"RONCADOR";65,5
"412260";"RONDON";84,33
"412265";"ROSARIO DO IVAI";59,39
"412270";"SABAUDIA";79,91
"412280";"SALGADO FILHO";73,65
"412290";"SALTO DO ITARARE";76,66
"412300";"SALTO DO LONTRA";66,54
"412310";"SANTA AMELIA";81,64
"412320";"SANTA CECILIA DO PAVAO";85,03
"412330";"SANTA CRUZ DE MONTE CASTELO";80,96
"412340";"SANTA FE";88,42
"412350";"SANTA HELENA";86,75
"412360";"SANTA INES";88,23
"412370";"SANTA ISABEL DO IVAI";84,88
"412380";"SANTA IZABEL DO OESTE";88,32
"412382";"SANTA LUCIA";70,27
"412385";"SANTA MARIA DO OESTE";36,57
"412390";"SANTA MARIANA";91,44
"412395";"SANTA MONICA";79,58
"412400";"SANTANA DO ITARARE";69,12
"412402";"SANTA TEREZA DO OESTE";85,49
"412405";"SANTA TEREZINHA DE ITAIPU";94,03
"412410";"SANTO ANTONIO DA PLATINA";88,86
"412420";"SANTO ANTONIO DO CAIUA";86,67
"412430";"SANTO ANTONIO DO PARAISO";81,94
"412440";"SANTO ANTONIO DO SUDOESTE";83,14
"412450";"SANTO INACIO";88,17
"412460";"SAO CARLOS DO IVAI";95,63
"412470";"SAO JERONIMO DA SERRA";60,51
"412480";"SAO JOAO";66,64
"412490";"SAO JOAO DO CAIUA";90,67
"412500";"SAO JOAO DO IVAI";80,68
"412510";"SAO JOAO DO TRIUNFO";39,76
"412520";"SAO JORGE D'OESTE";70,41
"412530";"SAO JORGE DO IVAI";89,66
"412535";"SAO JORGE DO PATROCINIO";77,47
"412540";"SAO JOSE DA BOA VISTA";68,99
"412545";"SAO JOSE DAS PALMEIRAS";67,7
"412550";"SAO JOSE DOS PINHAIS";98,13
"412555";"SAO MANOEL DO PARANA";79,91
"412560";"SAO MATEUS DO SUL";67,09
"412570";"SAO MIGUEL DO IGUACU";82,84
"412575";"SAO PEDRO DO IGUACU";70,73
"412580";"SAO PEDRO DO IVAI";90,52
"412590";"SAO PEDRO DO PARANA";68,71
"412600";"SAO SEBASTIAO DA AMOREIRA";89,05
"412610";"SAO TOME";88,47
"412620";"SAPOPEMA";63,76
"412625";"SARANDI";99
"412627";"SAUDADE DO IGUACU";61,68
"412630";"SENGES";85,4
"412635";"SERRANOPOLIS DO IGUACU";93,97
"412640";"SERTANEJA";92
"412650";"SERTANOPOLIS";89,04
"412660";"SIQUEIRA CAMPOS";90,02
"412665";"SULINA";63,24
"412667";"TAMARANA";58,43
"412670";"TAMBOARA";86,95
"412680";"TAPEJARA";92,56
"412690";"TAPIRA";65,87
"412700";"TEIXEIRA SOARES";69,02
"412710";"TELEMACO BORBA";99,49
"412720";"TERRA BOA";92,12
"412730";"TERRA RICA";87,78
"412740";"TERRA ROXA";83,29
"412750";"TIBAGI";80,03
"412760";"TIJUCAS DO SUL";82,69
"412770";"TOLEDO";92,42
"412780";"TOMAZINA";58,85
"412785";"TRES BARRAS DO PARANA";58,01
"412788";"TUNAS DO PARANA";91,86
"412790";"TUNEIRAS DO OESTE";77,39
"412795";"TUPASSI";82,71
"412796";"TURVO";53,94
"412800";"UBIRATA";86,73
"412810";"UMUARAMA";94,7
"412820";"UNIAO DA VITORIA";93,88
"412830";"UNIFLOR";83,09
"412840";"URAI";86,93
"412850";"WENCESLAU BRAZ";83,43
"412853";"VENTANIA";77,14
"412855";"VERA CRUZ DO OESTE";80,4
"412860";"VERE";57,61
"412862";"ALTO PARAISO";72,27
"412863";"DOUTOR ULYSSES";27,36
"412865";"VIRMOND";61,93
"412870";"VITORINO";75,01
"412880";"XAMBRE";73,77
"420005";"ABDON BATISTA";42,91
"420010";"ABELARDO LUZ";58,9
"420020";"AGROLANDIA";95,14
"420030";"AGRONOMICA";69,67
"420040";"AGUA DOCE";72,35
"420050";"AGUAS DE CHAPECO";54,03
"420055";"AGUAS FRIAS";48,9
"420060";"AGUAS MORNAS";93,73
"420070";"ALFREDO WAGNER";55,21
"420075";"ALTO BELA VISTA";58,7
"420080";"ANCHIETA";62,17
"420090";"ANGELINA";85,49
"420100";"ANITA GARIBALDI";79,1
"420110";"ANITAPOLIS";90,6
"420120";"ANTONIO CARLOS";94,37
"420125";"APIUNA";93,16
"420127";"ARABUTA";66,84
"420130";"ARAQUARI";96,95
"420140";"ARARANGUA";94,55
"420150";"ARMAZEM";81,08
"420160";"ARROIO TRINTA";90,02
"420165";"ARVOREDO";35,61
"420170";"ASCURRA";99,36
"420180";"ATALANTA";78,45
"420190";"AURORA";62,15
"420195";"BALNEARIO ARROIO DO SILVA";99,3
"420200";"BALNEARIO CAMBORIU";99,96
"420205";"BALNEARIO BARRA DO SUL";99,41
"420207";"BALNEARIO GAIVOTA";97,89
"420208";"BANDEIRANTE";35,15
"420209";"BARRA BONITA";37,61
"420210";"BARRA VELHA";96,69
"420213";"BELA VISTA DO TOLDO";23,42
"420215";"BELMONTE";56,51
"420220";"BENEDITO NOVO";91,21
"420230";"BIGUACU";99,08
"420240";"BLUMENAU";99,76
"420243";"BOCAINA DO SUL";40,02
"420245";"BOMBINHAS";99,87
"420250";"BOM JARDIM DA SERRA";66,97
"420253";"BOM JESUS";66,45
"420257";"BOM JESUS DO OESTE";58,87
"420260";"BOM RETIRO";85,62
"420270";"BOTUVERA";92,91
"420280";"BRACO DO NORTE";92,07
"420285";"BRACO DO TROMBUDO";95,18
"420287";"BRUNOPOLIS";55,3
"420290";"BRUSQUE";99,38
"420300";"CACADOR";93,64
"420310";"CAIBI";61,55
"420315";"CALMON";67,93
"420320";"CAMBORIU";99,68
"420325";"CAPAO ALTO";53,13
"420330";"CAMPO ALEGRE";85,67
"420340";"CAMPO BELO DO SUL";64,46
"420350";"CAMPO ERE";71,19
"420360";"CAMPOS NOVOS";85,25
"420370";"CANELINHA";96,01
"420380";"CANOINHAS";86,04
"420390";"CAPINZAL";95,38
"420395";"CAPIVARI DE BAIXO";99,7
"420400";"CATANDUVAS";88,8
"420410";"CAXAMBU DO SUL";55,54
"420415";"CELSO RAMOS";71,47
"420417";"CERRO NEGRO";26,91
"420419";"CHAPADAO DO LAGEADO";48,8
"420420";"CHAPECO";95,13
"420425";"COCAL DO SUL";98,05
"420430";"CONCORDIA";91,1
"420435";"CORDILHEIRA ALTA";64,87
"420440";"CORONEL FREITAS";62,29
"420445";"CORONEL MARTINS";52,03
"420450";"CORUPA";94,34
"420455";"CORREIA PINTO";85,47
"420460";"CRICIUMA";99,43
"420470";"CUNHA PORA";68,87
"420475";"CUNHATAI";47,91
"420480";"CURITIBANOS";92,81
"420490";"DESCANSO";60,15
"420500";"DIONISIO CERQUEIRA";70,5
"420510";"DONA EMMA";71,82
"420515";"DOUTOR PEDRINHO";87,65
"420517";"ENTRE RIOS";26,96
"420519";"ERMO";76,93
"420520";"ERVAL VELHO";77,12
"420530";"FAXINAL DOS GUEDES";93,04
"420535";"FLOR DO SERTAO";30,38
"420540";"FLORIANOPOLIS";99,82
"420543";"FORMOSA DO SUL";86,85
"420545";"FORQUILHINHA";94,45
"420550";"FRAIBURGO";89,22
"420555";"FREI ROGERIO";53,41
"420560";"GALVAO";68,52
"420570";"GAROPABA";98,86
"420580";"GARUVA";97,59
"420590";"GASPAR";99,17
"420600";"GOVERNADOR CELSO RAMOS";99,06
"420610";"GRAO PARA";67,3
"420620";"GRAVATAL";83,47
"420630";"GUABIRUBA";98,98
"420640";"GUARACIABA";68,36
"420650";"GUARAMIRIM";98,72
"420660";"GUARUJA DO SUL";74,46
"420665";"GUATAMBU";44,52
"420670";"HERVAL D'OESTE";91,3
"420675";"IBIAM";42,08
"420680";"IBICARE";70,14
"420690";"IBIRAMA";94,38
"420700";"ICARA";93,03
"420710";"ILHOTA";96,96
"420720";"IMARUI";55,77
"420730";"IMBITUBA";98,23
"420740";"IMBUIA";79,03
"420750";"INDAIAL";98,48
"420757";"IOMERE";97,52
"420760";"IPIRA";81,97
"420765";"IPORA DO OESTE";71,84
"420768";"IPUACU";35,68
"420770";"IPUMIRIM";94,05
"420775";"IRACEMINHA";37,09
"420780";"IRANI";78,09
"420785";"IRATI";62,84
"420790";"IRINEOPOLIS";72,01
"420800";"ITA";84,2
"420810";"ITAIOPOLIS";66,89
"420820";"ITAJAI";99,81
"420830";"ITAPEMA";99,81
"420840";"ITAPIRANGA";73,61
"420845";"ITAPOA";98,19
"420850";"ITUPORANGA";72,28
"420860";"JABORA";56,32
"420870";"JACINTO MACHADO";71,47
"420880";"JAGUARUNA";93,87
"420890";"JARAGUA DO SUL";99,4
"420895";"JARDINOPOLIS";55,97
"420900";"JOACABA";94,59
"420910";"JOINVILLE";99,85
"420915";"JOSE BOITEUX";78,5
"420917";"JUPIA";47,1
"420920";"LACERDOPOLIS";90,31
"420930";"LAGES";98,11
"420940";"LAGUNA";96,53
"420945";"LAJEADO GRANDE";53,39
"420950";"LAURENTINO";89,57
"420960";"LAURO MULLER";92,34
"420970";"LEBON REGIS";68,45
"420980";"LEOBERTO LEAL";36,11
"420985";"LINDOIA DO SUL";86,33
"420990";"LONTRAS";94,26
"421000";"LUIZ ALVES";88,31
"421003";"LUZERNA";90,55
"421005";"MACIEIRA";72,96
"421010";"MAFRA";82,4
"421020";"MAJOR GERCINO";85,06
"421030";"MAJOR VIEIRA";58,39
"421040";"MARACAJA";97,64
"421050";"MARAVILHA";91,2
"421055";"MAREMA";55,85
"421060";"MASSARANDUBA";85,87
"421070";"MATOS COSTA";64,34
"421080";"MELEIRO";68,27
"421085";"MIRIM DOCE";54,74
"421090";"MODELO";80,28
"421100";"MONDAI";73,33
"421105";"MONTE CARLO";89,4
"421110";"MONTE CASTELO";78,05
"421120";"MORRO DA FUMACA";96,31
"421125";"MORRO GRANDE";70,79
"421130";"NAVEGANTES";99,6
"421140";"NOVA ERECHIM";82,86
"421145";"NOVA ITABERABA";49,34
"421150";"NOVA TRENTO";84,06
"421160";"NOVA VENEZA";91,89
"421165";"NOVO HORIZONTE";39,22
"421170";"ORLEANS";79,21
"421175";"OTACILIO COSTA";96,59
"421180";"OURO";88,19
"421185";"OURO VERDE";60,17
"421187";"PAIAL";47,45
"421189";"PAINEL";50,54
"421190";"PALHOCA";99,21
"421200";"PALMA SOLA";79,42
"421205";"PALMEIRA";58,75
"421210";"PALMITOS";71,46
"421220";"PAPANDUVA";64,58
"421223";"PARAISO";45,92
"421225";"PASSO DE TORRES";97,9
"421227";"PASSOS MAIA";49,23
"421230";"PAULO LOPES";97,16
"421240";"PEDRAS GRANDES";77,99
"421250";"PENHA";99,37
"421260";"PERITIBA";86,57
"421270";"PETROLANDIA";82,51
"421280";"BALNEARIO PICARRAS";98,23
"421290";"PINHALZINHO";90,48
"421300";"PINHEIRO PRETO";93,46
"421310";"PIRATUBA";73,24
"421315";"PLANALTO ALEGRE";50,24
"421320";"POMERODE";98,2
"421330";"PONTE ALTA";88,07
"421335";"PONTE ALTA DO NORTE";93,99
"421340";"PONTE SERRADA";89,06
"421350";"PORTO BELO";98,47
"421360";"PORTO UNIAO";92,4
"421370";"POUSO REDONDO";76,22
"421380";"PRAIA GRANDE";87,24
"421390";"PRESIDENTE CASTELLO BRANCO";98,13
"421400";"PRESIDENTE GETULIO";91,42
"421410";"PRESIDENTE NEREU";87,58
"421415";"PRINCESA";66,47
"421420";"QUILOMBO";61,92
"421430";"RANCHO QUEIMADO";91,94
"421440";"RIO DAS ANTAS";77,73
"421450";"RIO DO CAMPO";82,27
"421460";"RIO DO OESTE";89,28
"421470";"RIO DOS CEDROS";96,96
"421480";"RIO DO SUL";98,37
"421490";"RIO FORTUNA";81,17
"421500";"RIO NEGRINHO";96,74
"421505";"RIO RUFINO";85,34
"421507";"RIQUEZA";58,73
"421510";"RODEIO";92,64
"421520";"ROMELANDIA";48,4
"421530";"SALETE";78,8
"421535";"SALTINHO";44,35
"421540";"SALTO VELOSO";92,11
"421545";"SANGAO";88,78
"421550";"SANTA CECILIA";91,34
"421555";"SANTA HELENA";58,31
"421560";"SANTA ROSA DE LIMA";74,71
"421565";"SANTA ROSA DO SUL";92,57
"421567";"SANTA TEREZINHA";45,1
"421568";"SANTA TEREZINHA DO PROGRESSO";23,5
"421569";"SANTIAGO DO SUL";69,84
"421570";"SANTO AMARO DA IMPERATRIZ";98,26
"421575";"SAO BERNARDINO";34,27
"421580";"SAO BENTO DO SUL";98,27
"421590";"SAO BONIFACIO";89,22
"421600";"SAO CARLOS";76,93
"421605";"SAO CRISTOVAO DO SUL";88,25
"421610";"SAO DOMINGOS";67,82
"421620";"SAO FRANCISCO DO SUL";99,01
"421625";"SAO JOAO DO OESTE";52,57
"421630";"SAO JOAO BATISTA";98,5
"421635";"SAO JOAO DO ITAPERIU";95,96
"421640";"SAO JOAO DO SUL";89,94
"421650";"SAO JOAQUIM";76,79
"421660";"SAO JOSE";99,79
"421670";"SAO JOSE DO CEDRO";70,76
"421680";"SAO JOSE DO CERRITO";28,94
"421690";"SAO LOURENCO DO OESTE";75,39
"421700";"SAO LUDGERO";87,8
"421710";"SAO MARTINHO";85
"421715";"SAO MIGUEL DA BOA VISTA";32,76
"421720";"SAO MIGUEL DO OESTE";93,57
"421725";"SAO PEDRO DE ALCANTARA";92,58
"421730";"SAUDADES";94,1
"421740";"SCHROEDER";99,21
"421750";"SEARA";93,21
"421755";"SERRA ALTA";56,66
"421760";"SIDEROPOLIS";96,05
"421770";"SOMBRIO";96,15
"421775";"SUL BRASIL";38,78
"421780";"TAIO";75,38
"421790";"TANGARA";59,89
"421795";"TIGRINHOS";59,52
"421800";"TIJUCAS";98,87
"421810";"TIMBE DO SUL";74,68
"421820";"TIMBO";99,55
"421825";"TIMBO GRANDE";71,15
"421830";"TRES BARRAS";93,11
"421835";"TREVISO";99,09
"421840";"TREZE DE MAIO";71,53
"421850";"TREZE TILIAS";89,73
"421860";"TROMBUDO CENTRAL";95,71
"421870";"TUBARAO";99,05
"421875";"TUNAPOLIS";60,68
"421880";"TURVO";83,4
"421885";"UNIAO DO OESTE";44,56
"421890";"URUBICI";92,03
"421895";"URUPEMA";91,93
"421900";"URUSSANGA";94,09
"421910";"VARGEAO";76,25
"421915";"VARGEM";46,1
"421917";"VARGEM BONITA";77,81
"421920";"VIDAL RAMOS";58,96
"421930";"VIDEIRA";94,33
"421935";"VITOR MEIRELES";61,55
"421940";"WITMARSUM";86,04
"421950";"XANXERE";91,08
"421960";"XAVANTINA";83,63
"421970";"XAXIM";86,29
"421985";"ZORTEA";90,39
"430003";"ACEGUA";42,74
"430005";"AGUA SANTA";79,92
"430010";"AGUDO";68,68
"430020";"AJURICABA";67,47
"430030";"ALECRIM";95,71
"430040";"ALEGRETE";89
"430045";"ALEGRIA";51,04
"430047";"ALMIRANTE TAMANDARE DO SUL";70,46
"430050";"ALPESTRE";32,75
"430055";"ALTO ALEGRE";48,15
"430057";"ALTO FELIZ";92,89
"430060";"ALVORADA";99,44
"430063";"AMARAL FERRADOR";40,88
"430064";"AMETISTA DO SUL";59,18
"430066";"ANDRE DA ROCHA";71,53
"430070";"ANTA GORDA";74,34
"430080";"ANTONIO PRADO";94,92
"430085";"ARAMBARE";91,74
"430087";"ARARICA";99,05
"430090";"ARATIBA";86,46
"430100";"ARROIO DO MEIO";98,55
"430105";"ARROIO DO SAL";99,24
"430107";"ARROIO DO PADRE";45,2
"430110";"ARROIO DOS RATOS";95,51
"430120";"ARROIO DO TIGRE";54,28
"430130";"ARROIO GRANDE";87,1
"430140";"ARVOREZINHA";75,24
"430150";"AUGUSTO PESTANA";61,76
"430155";"AUREA";76,6
"430160";"BAGE";96,83
"430163";"BALNEARIO PINHAL";99,66
"430165";"BARAO";94,53
"430170";"BARAO DE COTEGIPE";65,07
"430175";"BARAO DO TRIUNFO";33,6
"430180";"BARRACAO";64,12
"430185";"BARRA DO GUARITA";57,23
"430187";"BARRA DO QUARAI";75,08
"430190";"BARRA DO RIBEIRO";92,07
"430192";"BARRA DO RIO AZUL";64,19
"430195";"BARRA FUNDA";91,51
"430200";"BARROS CASSAL";41,54
"430205";"BENJAMIN CONSTANT DO SUL";44,44
"430210";"BENTO GONCALVES";98,57
"430215";"BOA VISTA DAS MISSOES";61,74
"430220";"BOA VISTA DO BURICA";83,91
"430222";"BOA VISTA DO CADEADO";23,21
"430223";"BOA VISTA DO INCRA";37,2
"430225";"BOA VISTA DO SUL";85,57
"430230";"BOM JESUS";80,48
"430235";"BOM PRINCIPIO";98,47
"430237";"BOM PROGRESSO";86,57
"430240";"BOM RETIRO DO SUL";97,28
"430245";"BOQUEIRAO DO LEAO";46,41
"430250";"BOSSOROCA";59,79
"430258";"BOZANO";38,89
"430260";"BRAGA";64,16
"430265";"BROCHIER";92,75
"430270";"BUTIA";98,03
"430280";"CACAPAVA DO SUL";81,31
"430290";"CACEQUI";76,99
"430300";"CACHOEIRA DO SUL";91,57
"430310";"CACHOEIRINHA";99,43
"430320";"CACIQUE DOBLE";66
"430330";"CAIBATE";66,4
"430340";"CAICARA";58,54
"430350";"CAMAQUA";87,35
"430355";"CAMARGO";96,53
"430360";"CAMBARA DO SUL";96,02
"430367";"CAMPESTRE DA SERRA";87,29
"430370";"CAMPINA DAS MISSOES";78,31
"430380";"CAMPINAS DO SUL";95,69
"430390";"CAMPO BOM";99,85
"430400";"CAMPO NOVO";87,64
"430410";"CAMPOS BORGES";73,74
"430420";"CANDELARIA";83,45
"430430";"CANDIDO GODOI";50,86
"430435";"CANDIOTA";74,21
"430440";"CANELA";99,18
"430450";"CANGUCU";44,08
"430460";"CANOAS";99,35
"430461";"CANUDOS DO VALE";78,5
"430462";"CAPAO BONITO DO SUL";43,23
"430463";"CAPAO DA CANOA";99,72
"430465";"CAPAO DO CIPO";27,79
"430466";"CAPAO DO LEAO";96,6
"430467";"CAPIVARI DO SUL";97,25
"430468";"CAPELA DE SANTANA";95,47
"430469";"CAPITAO";81,76
"430470";"CARAZINHO";97,43
"430471";"CARAA";91,28
"430480";"CARLOS BARBOSA";96,89
"430485";"CARLOS GOMES";32,13
"430490";"CASCA";94,67
"430495";"CASEIROS";79,72
"430500";"CATUIPE";67,98
"430510";"CAXIAS DO SUL";98,66
"430511";"CENTENARIO";61,35
"430512";"CERRITO";53,69
"430513";"CERRO BRANCO";81,71
"430515";"CERRO GRANDE";41,37
"430517";"CERRO GRANDE DO SUL";60,51
"430520";"CERRO LARGO";95,08
"430530";"CHAPADA";69
"430535";"CHARQUEADAS";97,98
"430537";"CHARRUA";53,61
"430540";"CHIAPETTA";73,74
"430543";"CHUI";95,45
"430544";"CHUVISCA";21,06
"430545";"CIDREIRA";98,25
"430550";"CIRIACO";82,74
"430558";"COLINAS";94,11
"430560";"COLORADO";79,52
"430570";"CONDOR";79,93
"430580";"CONSTANTINA";83,44
"430583";"COQUEIRO BAIXO";47,01
"430585";"COQUEIROS DO SUL";57,47
"430587";"CORONEL BARROS";50,75
"430590";"CORONEL BICACO";70,31
"430593";"CORONEL PILAR";57,58
"430595";"COTIPORA";87,89
"430597";"COXILHA";73,37
"430600";"CRISSIUMAL";63,12
"430605";"CRISTAL";85,12
"430607";"CRISTAL DO SUL";35,22
"430610";"CRUZ ALTA";95,52
"430613";"CRUZALTENSE";50,07
"430620";"CRUZEIRO DO SUL";93,68
"430630";"DAVID CANABARRO";86,8
"430632";"DERRUBADAS";34,12
"430635";"DEZESSEIS DE NOVEMBRO";70,66
"430637";"DILERMANDO DE AGUIAR";41,25
"430640";"DOIS IRMAOS";99,89
"430642";"DOIS IRMAOS DAS MISSOES";58,26
"430645";"DOIS LAJEADOS";84,93
"430650";"DOM FELICIANO";37,18
"430655";"DOM PEDRO DE ALCANTARA";97,9
"430660";"DOM PEDRITO";90,56
"430670";"DONA FRANCISCA";89,06
"430673";"DOUTOR MAURICIO CARDOSO";65,89
"430675";"DOUTOR RICARDO";59,65
"430676";"ELDORADO DO SUL";97,08
"430680";"ENCANTADO";96,77
"430690";"ENCRUZILHADA DO SUL";71,15
"430692";"ENGENHO VELHO";63,74
"430693";"ENTRE-IJUIS";58,35
"430695";"ENTRE RIOS DO SUL";85,15
"430697";"EREBANGO";73,05
"430700";"ERECHIM";97,12
"430705";"ERNESTINA";74,77
"430710";"HERVAL";68,06
"430720";"ERVAL GRANDE";80,31
"430730";"ERVAL SECO";68,43
"430740";"ESMERALDA";83,33
"430745";"ESPERANCA DO SUL";43,05
"430750";"ESPUMOSO";78,01
"430755";"ESTACAO";86,59
"430760";"ESTANCIA VELHA";99,53
"430770";"ESTEIO";99,6
"430780";"ESTRELA";98,76
"430781";"ESTRELA VELHA";51,76
"430783";"EUGENIO DE CASTRO";57,33
"430786";"FAGUNDES VARELA";94,36
"430790";"FARROUPILHA";95,57
"430800";"FAXINAL DO SOTURNO";87,36
"430805";"FAXINALZINHO";75,27
"430807";"FAZENDA VILANOVA";94,41
"430810";"FELIZ";98,44
"430820";"FLORES DA CUNHA";95,31
"430825";"FLORIANO PEIXOTO";25,11
"430830";"FONTOURA XAVIER";44,17
"430840";"FORMIGUEIRO";80,11
"430843";"FORQUETINHA";64,79
"430845";"FORTALEZA DOS VALOS";75,85
"430850";"FREDERICO WESTPHALEN";86,18
"430860";"GARIBALDI";98,47
"430865";"GARRUCHOS";44,31
"430870";"GAURAMA";75,98
"430880";"GENERAL CAMARA";61,72
"430885";"GENTIL";55,23
"430890";"GETULIO VARGAS";87,8
"430900";"GIRUA";75,06
"430905";"GLORINHA";93,93
"430910";"GRAMADO";99,19
"430912";"GRAMADO DOS LOUREIROS";74,65
"430915";"GRAMADO XAVIER";32,92
"430920";"GRAVATAI";99,35
"430925";"GUABIJU";96,42
"430930";"GUAIBA";98,89
"430940";"GUAPORE";93,47
"430950";"GUARANI DAS MISSOES";65,85
"430955";"HARMONIA";98,31
"430957";"HERVEIRAS";31,12
"430960";"HORIZONTINA";87,47
"430965";"HULHA NEGRA";51,5
"430970";"HUMAITA";81,96
"430975";"IBARAMA";71,43
"430980";"IBIACA";69,34
"430990";"IBIRAIARAS";88,52
"430995";"IBIRAPUITA";64,42
"431000";"IBIRUBA";81,61
"431010";"IGREJINHA";99,45
"431020";"IJUI";92,27
"431030";"ILOPOLIS";83,87
"431033";"IMBE";99,68
"431036";"IMIGRANTE";96,24
"431040";"INDEPENDENCIA";68,78
"431041";"INHACORA";77,25
"431043";"IPE";85,28
"431046";"IPIRANGA DO SUL";42,9
"431050";"IRAI";64,3
"431053";"ITAARA";95,79
"431055";"ITACURUBI";37,08
"431057";"ITAPUCA";33,52
"431060";"ITAQUI";86,17
"431065";"ITATI";90,99
"431070";"ITATIBA DO SUL";65,98
"431075";"IVORA";92,85
"431080";"IVOTI";99,74
"431085";"JABOTICABA";42,74
"431087";"JACUIZINHO";23,04
"431090";"JACUTINGA";78,43
"431100";"JAGUARAO";93,09
"431110";"JAGUARI";60,35
"431112";"JAQUIRANA";83,09
"431113";"JARI";24,94
"431115";"JOIA";38,56
"431120";"JULIO DE CASTILHOS";86,99
"431123";"LAGOA BONITA DO SUL";35,71
"431125";"LAGOAO";27,19
"431127";"LAGOA DOS TRES CANTOS";97,67
"431130";"LAGOA VERMELHA";92,23
"431140";"LAJEADO";99,79
"431142";"LAJEADO DO BUGRE";28,93
"431150";"LAVRAS DO SUL";81,76
"431160";"LIBERATO SALZANO";37,11
"431162";"LINDOLFO COLLOR";98,8
"431164";"LINHA NOVA";89,77
"431170";"MACHADINHO";69,95
"431171";"MACAMBARA";43,72
"431173";"MAMPITUBA";92,5
"431175";"MANOEL VIANA";77,21
"431177";"MAQUINE";93,07
"431179";"MARATA";90,48
"431180";"MARAU";98,12
"431190";"MARCELINO RAMOS";75,21
"431198";"MARIANA PIMENTEL";79,84
"431200";"MARIANO MORO";86,94
"431205";"MARQUES DE SOUZA";77,77
"431210";"MATA";57,05
"431213";"MATO CASTELHANO";56,1
"431215";"MATO LEITAO";93,73
"431217";"MATO QUEIMADO";44,19
"431220";"MAXIMILIANO DE ALMEIDA";61,54
"431225";"MINAS DO LEAO";96,19
"431230";"MIRAGUAI";52,64
"431235";"MONTAURI";90,17
"431237";"MONTE ALEGRE DOS CAMPOS";42,51
"431238";"MONTE BELO DO SUL";96,37
"431240";"MONTENEGRO";99,22
"431242";"MORMACO";67,23
"431244";"MORRINHOS DO SUL";95,77
"431245";"MORRO REDONDO";71,55
"431247";"MORRO REUTER";98,96
"431250";"MOSTARDAS";83,55
"431260";"MUCUM";95,9
"431261";"MUITOS CAPOES";63,39
"431262";"MULITERNO";63,98
"431265";"NAO-ME-TOQUE";95,07
"431267";"NICOLAU VERGUEIRO";52,1
"431270";"NONOAI";77,01
"431275";"NOVA ALVORADA";92,77
"431280";"NOVA ARACA";95,45
"431290";"NOVA BASSANO";73,82
"431295";"NOVA BOA VISTA";51,57
"431300";"NOVA BRESCIA";90
"431301";"NOVA CANDELARIA";69,92
"431303";"NOVA ESPERANCA DO SUL";79,8
"431306";"NOVA HARTZ";99,78
"431308";"NOVA PADUA";87,77
"431310";"NOVA PALMA";81,81
"431320";"NOVA PETROPOLIS";97,58
"431330";"NOVA PRATA";97,2
"431333";"NOVA RAMADA";43,35
"431335";"NOVA ROMA DO SUL";81,41
"431337";"NOVA SANTA RITA";97,7
"431339";"NOVO CABRAIS";82,27
"431340";"NOVO HAMBURGO";99,63
"431342";"NOVO MACHADO";70,81
"431344";"NOVO TIRADENTES";30,37
"431346";"NOVO XINGU";66,96
"431349";"NOVO BARREIRO";44,72
"431350";"OSORIO";98,96
"431360";"PAIM FILHO";70,38
"431365";"PALMARES DO SUL";95,89
"431370";"PALMEIRA DAS MISSOES";86,75
"431380";"PALMITINHO";60,97
"431390";"PANAMBI";94,83
"431395";"PANTANO GRANDE";92,15
"431400";"PARAI";96,18
"431402";"PARAISO DO SUL";81,68
"431403";"PARECI NOVO";97,88
"431405";"PAROBE";99,02
"431406";"PASSA SETE";20,36
"431407";"PASSO DO SOBRADO";79,55
"431410";"PASSO FUNDO";98,9
"431413";"PAULO BENTO";40,49
"431415";"PAVERAMA";87,07
"431417";"PEDRAS ALTAS";38
"431420";"PEDRO OSORIO";94,82
"431430";"PEJUCARA";79,69
"431440";"PELOTAS";97,06
"431442";"PICADA CAFE";98,73
"431445";"PINHAL";78,6
"431446";"PINHAL DA SERRA";72,88
"431447";"PINHAL GRANDE";47,52
"431449";"PINHEIRINHO DO VALE";49,31
"431450";"PINHEIRO MACHADO";79,23
"431455";"PIRAPO";56,86
"431460";"PIRATINI";60,82
"431470";"PLANALTO";66,72
"431475";"POCO DAS ANTAS";97,68
"431477";"PONTAO";49,14
"431478";"PONTE PRETA";31,32
"431480";"PORTAO";99,33
"431490";"PORTO ALEGRE";99,72
"431500";"PORTO LUCENA";61,57
"431505";"PORTO MAUA";76,83
"431507";"PORTO VERA CRUZ";85,07
"431510";"PORTO XAVIER";69,91
"431513";"POUSO NOVO";53,94
"431514";"PRESIDENTE LUCENA";96,97
"431515";"PROGRESSO";48,04
"431517";"PROTASIO ALVES";88,84
"431520";"PUTINGA";72,52
"431530";"QUARAI";91,52
"431531";"QUATRO IRMAOS";52,37
"431532";"QUEVEDOS";35,25
"431535";"QUINZE DE NOVEMBRO";90,62
"431540";"REDENTORA";34,42
"431545";"RELVADO";57,28
"431550";"RESTINGA SECA";89,67
"431555";"RIO DOS INDIOS";23,17
"431560";"RIO GRANDE";98,47
"431570";"RIO PARDO";88,9
"431575";"RIOZINHO";94,61
"431580";"ROCA SALES";88,64
"431590";"RODEIO BONITO";77,02
"431595";"ROLADOR";28,36
"431600";"ROLANTE";94,22
"431610";"RONDA ALTA";86,29
"431620";"RONDINHA";69,65
"431630";"ROQUE GONZALES";62,57
"431640";"ROSARIO DO SUL";86,09
"431642";"SAGRADA FAMILIA";41,62
"431643";"SALDANHA MARINHO";90,09
"431645";"SALTO DO JACUI";85,65
"431647";"SALVADOR DAS MISSOES";82,06
"431650";"SALVADOR DO SUL";94,19
"431660";"SANANDUVA";72,72
"431670";"SANTA BARBARA DO SUL";87,02
"431673";"SANTA CECILIA DO SUL";78,94
"431675";"SANTA CLARA DO SUL";88,48
"431680";"SANTA CRUZ DO SUL";98,28
"431690";"SANTA MARIA";97,9
"431695";"SANTA MARIA DO HERVAL";90,65
"431697";"SANTA MARGARIDA DO SUL";64,52
"431700";"SANTANA DA BOA VISTA";53,54
"431710";"SANT'ANA DO LIVRAMENTO";90,57
"431720";"SANTA ROSA";95,57
"431725";"SANTA TEREZA";95,25
"431730";"SANTA VITORIA DO PALMAR";91,87
"431740";"SANTIAGO";92,66
"431750";"SANTO ANGELO";94,94
"431755";"SANTO ANTONIO DO PALMA";95,72
"431760";"SANTO ANTONIO DA PATRULHA";89,97
"431770";"SANTO ANTONIO DAS MISSOES";58,55
"431775";"SANTO ANTONIO DO PLANALTO";83,28
"431780";"SANTO AUGUSTO";89,23
"431790";"SANTO CRISTO";76,17
"431795";"SANTO EXPEDITO DO SUL";64,8
"431800";"SAO BORJA";89,42
"431805";"SAO DOMINGOS DO SUL";94,83
"431810";"SAO FRANCISCO DE ASSIS";71,25
"431820";"SAO FRANCISCO DE PAULA";88,3
"431830";"SAO GABRIEL";89,07
"431840";"SAO JERONIMO";79,67
"431842";"SAO JOAO DA URTIGA";64,57
"431843";"SAO JOAO DO POLESINE";95,09
"431844";"SAO JORGE";96,69
"431845";"SAO JOSE DAS MISSOES";37,87
"431846";"SAO JOSE DO HERVAL";77,44
"431848";"SAO JOSE DO HORTENCIO";97,78
"431849";"SAO JOSE DO INHACORA";95,87
"431850";"SAO JOSE DO NORTE";78,11
"431860";"SAO JOSE DO OURO";85,04
"431861";"SAO JOSE DO SUL";93,56
"431862";"SAO JOSE DOS AUSENTES";71,42
"431870";"SAO LEOPOLDO";99,48
"431880";"SAO LOURENCO DO SUL";65,74
"431890";"SAO LUIZ GONZAGA";90,74
"431900";"SAO MARCOS";94,42
"431910";"SAO MARTINHO";67,99
"431912";"SAO MARTINHO DA SERRA";45,24
"431915";"SAO MIGUEL DAS MISSOES";56,94
"431920";"SAO NICOLAU";67,45
"431930";"SAO PAULO DAS MISSOES";52,71
"431935";"SAO PEDRO DA SERRA";95,35
"431936";"SAO PEDRO DAS MISSOES";50,57
"431937";"SAO PEDRO DO BUTIA";88,69
"431940";"SAO PEDRO DO SUL";77,99
"431950";"SAO SEBASTIAO DO CAI";96,71
"431960";"SAO SEPE";83,55
"431970";"SAO VALENTIM";73,25
"431971";"SAO VALENTIM DO SUL";79,19
"431973";"SAO VALERIO DO SUL";44,22
"431975";"SAO VENDELINO";96,39
"431980";"SAO VICENTE DO SUL";77,01
"431990";"SAPIRANGA";99,41
"432000";"SAPUCAIA DO SUL";99,57
"432010";"SARANDI";90,58
"432020";"SEBERI";79,25
"432023";"SEDE NOVA";63,6
"432026";"SEGREDO";32,52
"432030";"SELBACH";87,39
"432032";"SENADOR SALGADO FILHO";32,24
"432035";"SENTINELA DO SUL";61,7
"432040";"SERAFINA CORREA";95,66
"432045";"SERIO";71,86
"432050";"SERTAO";59,68
"432055";"SERTAO SANTANA";88,07
"432057";"SETE DE SETEMBRO";59,83
"432060";"SEVERIANO DE ALMEIDA";74,11
"432065";"SILVEIRA MARTINS";91,14
"432067";"SINIMBU";65,53
"432070";"SOBRADINHO";86,74
"432080";"SOLEDADE";83,4
"432085";"TABAI";87,63
"432090";"TAPEJARA";96,97
"432100";"TAPERA";91,95
"432110";"TAPES";93,31
"432120";"TAQUARA";97,22
"432130";"TAQUARI";97,61
"432132";"TAQUARUCU DO SUL";86,22
"432135";"TAVARES";74,28
"432140";"TENENTE PORTELA";69,75
"432143";"TERRA DE AREIA";97,52
"432145";"TEUTONIA";99,16
"432146";"TIO HUGO";71,84
"432147";"TIRADENTES DO SUL";49,89
"432149";"TOROPI";77,97
"432150";"TORRES";99,57
"432160";"TRAMANDAI";99,18
"432162";"TRAVESSEIRO";92,24
"432163";"TRES ARROIOS";84,8
"432166";"TRES CACHOEIRAS";96,46
"432170";"TRES COROAS";98,26
"432180";"TRES DE MAIO";87,05
"432183";"TRES FORQUILHAS";95,45
"432185";"TRES PALMEIRAS";53,75
"432190";"TRES PASSOS";94,83
"432195";"TRINDADE DO SUL";73,44
"432200";"TRIUNFO";97,02
"432210";"TUCUNDUVA";93,48
"432215";"TUNAS";30
"432218";"TUPANCI DO SUL";71,4
"432220";"TUPANCIRETA";80,35
"432225";"TUPANDI";98,29
"432230";"TUPARENDI";73,01
"432232";"TURUCU";68,35
"432234";"UBIRETAMA";22,32
"432235";"UNIAO DA SERRA";35,59
"432237";"UNISTALDA";43,15
"432240";"URUGUAIANA";95,15
"432250";"VACARIA";96,78
"432252";"VALE VERDE";68,38
"432253";"VALE DO SOL";78,94
"432254";"VALE REAL";97,89
"432255";"VANINI";75,12
"432260";"VENANCIO AIRES";87,75
"432270";"VERA CRUZ";92,51
"432280";"VERANOPOLIS";96,27
"432285";"VESPASIANO CORREA";91,48
"432290";"VIADUTOS";81,68
"432300";"VIAMAO";98,33
"432310";"VICENTE DUTRA";47,44
"432320";"VICTOR GRAEFF";73,58
"432330";"VILA FLORES";71,29
"432335";"VILA LANGARO";84,24
"432340";"VILA MARIA";98,89
"432345";"VILA NOVA DO SUL";63,54
"432350";"VISTA ALEGRE";54,13
"432360";"VISTA ALEGRE DO PRATA";41,53
"432370";"VISTA GAUCHA";42,76
"432375";"VITORIA DAS MISSOES";22,37
"432377";"WESTFALIA";96,78
"432380";"XANGRI-LA";99,35
"500020";"AGUA CLARA";74,12
"500025";"ALCINOPOLIS";67,55
"500060";"AMAMBAI";71,62
"500070";"ANASTACIO";78,05
"500080";"ANAURILANDIA";62,16
"500085";"ANGELICA";76,75
"500090";"ANTONIO JOAO";76,38
"500100";"APARECIDA DO TABOADO";90,66
"500110";"AQUIDAUANA";79,08
"500124";"ARAL MOREIRA";65,25
"500150";"BANDEIRANTES";64,03
"500190";"BATAGUASSU";85,29
"500200";"BATAYPORA";75,24
"500210";"BELA VISTA";76,2
"500215";"BODOQUENA";72,98
"500220";"BONITO";82,25
"500230";"BRASILANDIA";73,58
"500240";"CAARAPO";74,6
"500260";"CAMAPUA";78,27
"500270";"CAMPO GRANDE";98,81
"500280";"CARACOL";64,88
"500290";"CASSILANDIA";91,38
"500295";"CHAPADAO DO SUL";87,03
"500310";"CORGUINHO";57,19
"500315";"CORONEL SAPUCAIA";74,85
"500320";"CORUMBA";87,44
"500325";"COSTA RICA";89,51
"500330";"COXIM";88,5
"500345";"DEODAPOLIS";78,14
"500348";"DOIS IRMAOS DO BURITI";55,03
"500350";"DOURADINA";67,07
"500370";"DOURADOS";92,57
"500375";"ELDORADO";82,17
"500380";"FATIMA DO SUL";88,97
"500390";"FIGUEIRAO";59,69
"500400";"GLORIA DE DOURADOS";77,61
"500410";"GUIA LOPES DA LAGUNA";80,28
"500430";"IGUATEMI";74,55
"500440";"INOCENCIA";63,51
"500450";"ITAPORA";69,79
"500460";"ITAQUIRAI";50,78
"500470";"IVINHEMA";76,44
"500480";"JAPORA";24,35
"500490";"JARAGUARI";34,76
"500500";"JARDIM";91,85
"500510";"JATEI";57,31
"500515";"JUTI";64,52
"500520";"LADARIO";87,84
"500525";"LAGUNA CARAPA";46,46
"500540";"MARACAJU";87,82
"500560";"MIRANDA";69,37
"500568";"MUNDO NOVO";89,69
"500570";"NAVIRAI";93,84
"500580";"NIOAQUE";48,21
"500600";"NOVA ALVORADA DO SUL";73,91
"500620";"NOVA ANDRADINA";85,28
"500625";"NOVO HORIZONTE DO SUL";54,88
"500630";"PARANAIBA";86,56
"500635";"PARANHOS";57,41
"500640";"PEDRO GOMES";74,76
"500660";"PONTA PORA";78,08
"500690";"PORTO MURTINHO";66,31
"500710";"RIBAS DO RIO PARDO";69,05
"500720";"RIO BRILHANTE";82,06
"500730";"RIO NEGRO";70,13
"500740";"RIO VERDE DE MATO GROSSO";84,18
"500750";"ROCHEDO";54,3
"500755";"SANTA RITA DO PARDO";48,59
"500769";"SAO GABRIEL DO OESTE";86,77
"500770";"SETE QUEDAS";75,32
"500780";"SELVIRIA";75,26
"500790";"SIDROLANDIA";63,97
"500793";"SONORA";90,94
"500795";"TACURU";42,47
"500797";"TAQUARUSSU";72,91
"500800";"TERENOS";45,8
"500830";"TRES LAGOAS";95
"500840";"VICENTINA";72,47
"510010";"ACORIZAL";54,34
"510020";"AGUA BOA";81,5
"510025";"ALTA FLORESTA";84,3
"510030";"ALTO ARAGUAIA";86,05
"510035";"ALTO BOA VISTA";64,34
"510040";"ALTO GARCAS";89,18
"510050";"ALTO PARAGUAI";55,73
"510060";"ALTO TAQUARI";91,02
"510080";"APIACAS";69,6
"510100";"ARAGUAIANA";66,61
"510120";"ARAGUAINHA";82,69
"510125";"ARAPUTANGA";82,78
"510130";"ARENAPOLIS";85,67
"510140";"ARIPUANA";62,75
"510160";"BARAO DE MELGACO";35,47
"510170";"BARRA DO BUGRES";81,69
"510180";"BARRA DO GARCAS";91,08
"510185";"BOM JESUS DO ARAGUAIA";61,72
"510190";"BRASNORTE";68,45
"510250";"CACERES";80,12
"510260";"CAMPINAPOLIS";52,17
"510263";"CAMPO NOVO DO PARECIS";93,39
"510267";"CAMPO VERDE";82,8
"510268";"CAMPOS DE JULIO";84,71
"510269";"CANABRAVA DO NORTE";60,13
"510270";"CANARANA";80,87
"510279";"CARLINDA";46,16
"510285";"CASTANHEIRA";47,59
"510300";"CHAPADA DOS GUIMARAES";61,9
"510305";"CLAUDIA";77,83
"510310";"COCALINHO";63,04
"510320";"COLIDER";79,11
"510325";"COLNIZA";49,46
"510330";"COMODORO";69,27
"510335";"CONFRESA";64,03
"510336";"CONQUISTA D'OESTE";64,73
"510337";"COTRIGUACU";37,45
"510340";"CUIABA";96,74
"510343";"CURVELANDIA";63,12
"510345";"DENISE";86,61
"510350";"DIAMANTINO";80,16
"510360";"DOM AQUINO";78,06
"510370";"FELIZ NATAL";76,63
"510380";"FIGUEIROPOLIS D'OESTE";56,55
"510385";"GAUCHA DO NORTE";53,99
"510390";"GENERAL CARNEIRO";58,3
"510395";"GLORIA D'OESTE";65,57
"510410";"GUARANTA DO NORTE";75,8
"510420";"GUIRATINGA";82,81
"510450";"INDIAVAI";79,65
"510452";"IPIRANGA DO NORTE";72,29
"510454";"ITANHANGA";74,78
"510455";"ITAUBA";81,35
"510460";"ITIQUIRA";74,18
"510480";"JACIARA";91,35
"510490";"JANGADA";42,36
"510500";"JAURU";64,95
"510510";"JUARA";79,17
"510515";"JUINA";80,51
"510517";"JURUENA";58,67
"510520";"JUSCIMEIRA";74,11
"510523";"LAMBARI D'OESTE";62,82
"510525";"LUCAS DO RIO VERDE";93,78
"510530";"LUCIARA";85,82
"510550";"VILA BELA DA SANTISSIMA TRINDADE";38,11
"510558";"MARCELANDIA";76,57
"510560";"MATUPA";69,94
"510562";"MIRASSOL D'OESTE";83,07
"510590";"NOBRES";79,66
"510600";"NORTELANDIA";80,49
"510610";"NOSSA SENHORA DO LIVRAMENTO";36,04
"510615";"NOVA BANDEIRANTES";50,51
"510617";"NOVA NAZARE";48,95
"510618";"NOVA LACERDA";55,52
"510619";"NOVA SANTA HELENA";63,12
"510620";"NOVA BRASILANDIA";69,45
"510621";"NOVA CANAA DO NORTE";57,28
"510622";"NOVA MUTUM";84,98
"510623";"NOVA OLIMPIA";90,01
"510624";"NOVA UBIRATA";50,15
"510625";"NOVA XAVANTINA";77,99
"510626";"NOVO MUNDO";42,6
"510627";"NOVO HORIZONTE DO NORTE";52,05
"510628";"NOVO SAO JOAQUIM";66,89
"510629";"PARANAITA";55,22
"510630";"PARANATINGA";76,83
"510631";"NOVO SANTO ANTONIO";61,54
"510637";"PEDRA PRETA";75,52
"510642";"PEIXOTO DE AZEVEDO";65,64
"510645";"PLANALTO DA SERRA";72,77
"510650";"POCONE";68,89
"510665";"PONTAL DO ARAGUAIA";81,09
"510670";"PONTE BRANCA";85,83
"510675";"PONTES E LACERDA";83,19
"510677";"PORTO ALEGRE DO NORTE";69,68
"510680";"PORTO DOS GAUCHOS";75,55
"510682";"PORTO ESPERIDIAO";52,11
"510685";"PORTO ESTRELA";51,48
"510700";"POXOREO";69,46
"510704";"PRIMAVERA DO LESTE";95,24
"510706";"QUERENCIA";68,39
"510710";"SAO JOSE DOS QUATRO MARCOS";76,13
"510715";"RESERVA DO CABACAL";68,2
"510718";"RIBEIRAO CASCALHEIRA";68,46
"510719";"RIBEIRAOZINHO";83,31
"510720";"RIO BRANCO";84,53
"510724";"SANTA CARMEM";80,46
"510726";"SANTO AFONSO";56,73
"510729";"SAO JOSE DO POVO";43,67
"510730";"SAO JOSE DO RIO CLARO";79,9
"510735";"SAO JOSE DO XINGU";69,57
"510740";"SAO PEDRO DA CIPA";87,01
"510757";"RONDOLANDIA";28,15
"510760";"RONDONOPOLIS";96,23
"510770";"ROSARIO OESTE";53,75
"510774";"SANTA CRUZ DO XINGU";61,66
"510775";"SALTO DO CEU";55,62
"510776";"SANTA RITA DO TRIVELATO";67,23
"510777";"SANTA TEREZINHA";48,8
"510779";"SANTO ANTONIO DO LESTE";68,89
"510780";"SANTO ANTONIO DO LEVERGER";35,87
"510785";"SAO FELIX DO ARAGUAIA";51,16
"510787";"SAPEZAL";86,01
"510788";"SERRA NOVA DOURADA";53,53
"510790";"SINOP";94,66
"510792";"SORRISO";92,37
"510794";"TABAPORA";66,98
"510795";"TANGARA DA SERRA";91,9
"510800";"TAPURAH";79,59
"510805";"TERRA NOVA DO NORTE";49,33
"510810";"TESOURO";62,24
"510820";"TORIXOREU";75,17
"510830";"UNIAO DO SUL";77,04
"510835";"VALE DE SAO DOMINGOS";42,14
"510840";"VARZEA GRANDE";93,49
"510850";"VERA";70,9
"510860";"VILA RICA";70,25
"510880";"NOVA GUARITA";49,37
"510885";"NOVA MARILANDIA";60,09
"510890";"NOVA MARINGA";77,51
"510895";"NOVA MONTE VERDE";61,33
"520005";"ABADIA DE GOIAS";89,36
"520010";"ABADIANIA";75,27
"520013";"ACREUNA";91,04
"520015";"ADELANDIA";88,15
"520017";"AGUA FRIA DE GOIAS";52,19
"520020";"AGUA LIMPA";72,62
"520025";"AGUAS LINDAS DE GOIAS";93,78
"520030";"ALEXANIA";84,86
"520050";"ALOANDIA";86,5
"520055";"ALTO HORIZONTE";85,41
"520060";"ALTO PARAISO DE GOIAS";81,04
"520080";"ALVORADA DO NORTE";82,4
"520082";"AMARALINA";38,59
"520085";"AMERICANO DO BRASIL";87,25
"520090";"AMORINOPOLIS";67,96
"520110";"ANAPOLIS";98,21
"520120";"ANHANGUERA";91,43
"520130";"ANICUNS";84,33
"520140";"APARECIDA DE GOIANIA";99,44
"520145";"APARECIDA DO RIO DOCE";88,14
"520150";"APORE";66,09
"520160";"ARACU";90,37
"520170";"ARAGARCAS";95,55
"520180";"ARAGOIANIA";87,82
"520215";"ARAGUAPAZ";71,18
"520235";"ARENOPOLIS";71,5
"520250";"ARUANA";81,08
"520260";"AURILANDIA";81,64
"520280";"AVELINOPOLIS";80,07
"520310";"BALIZA";29,32
"520320";"BARRO ALTO";82,62
"520330";"BELA VISTA DE GOIAS";86,48
"520340";"BOM JARDIM DE GOIAS";74,89
"520350";"BOM JESUS DE GOIAS";93,11
"520355";"BONFINOPOLIS";92,76
"520357";"BONOPOLIS";63,41
"520360";"BRAZABRANTES";84,2
"520380";"BRITANIA";84,36
"520390";"BURITI ALEGRE";95,02
"520393";"BURITI DE GOIAS";82,64
"520396";"BURITINOPOLIS";59,46
"520400";"CABECEIRAS";78,25
"520410";"CACHOEIRA ALTA";77,27
"520420";"CACHOEIRA DE GOIAS";83,19
"520425";"CACHOEIRA DOURADA";88,26
"520430";"CACU";80,23
"520440";"CAIAPONIA";76,46
"520450";"CALDAS NOVAS";95,86
"520455";"CALDAZINHA";72,48
"520460";"CAMPESTRE DE GOIAS";70,22
"520465";"CAMPINACU";59,19
"520470";"CAMPINORTE";84,57
"520480";"CAMPO ALEGRE DE GOIAS";76,12
"520485";"CAMPO LIMPO DE GOIAS";84,5
"520490";"CAMPOS BELOS";90,85
"520495";"CAMPOS VERDES";77,18
"520500";"CARMO DO RIO VERDE";81,15
"520505";"CASTELANDIA";91,6
"520510";"CATALAO";94,66
"520520";"CATURAI";80,44
"520530";"CAVALCANTE";50,96
"520540";"CERES";93,4
"520545";"CEZARINA";79,37
"520547";"CHAPADAO DO CEU";87,17
"520549";"CIDADE OCIDENTAL";93,42
"520551";"COCALZINHO DE GOIAS";75,87
"520552";"COLINAS DO SUL";68,97
"520570";"CORREGO DO OURO";62,29
"520580";"CORUMBA DE GOIAS";60,16
"520590";"CORUMBAIBA";84,2
"520620";"CRISTALINA";82,63
"520630";"CRISTIANOPOLIS";87,04
"520640";"CRIXAS";74,18
"520650";"CROMINIA";78,28
"520660";"CUMARI";83,38
"520670";"DAMIANOPOLIS";64,75
"520680";"DAMOLANDIA";86,83
"520690";"DAVINOPOLIS";66,8
"520710";"DIORAMA";66,35
"520725";"DOVERLANDIA";64,45
"520735";"EDEALINA";68,58
"520740";"EDEIA";88,2
"520750";"ESTRELA DO NORTE";89,72
"520753";"FAINA";53,32
"520760";"FAZENDA NOVA";63,34
"520780";"FIRMINOPOLIS";78,41
"520790";"FLORES DE GOIAS";32,58
"520800";"FORMOSA";90,25
"520810";"FORMOSO";73,02
"520815";"GAMELEIRA DE GOIAS";46,65
"520830";"DIVINOPOLIS DE GOIAS";80,89
"520840";"GOIANAPOLIS";95,17
"520850";"GOIANDIRA";88,1
"520860";"GOIANESIA";94,14
"520870";"GOIANIA";99,81
"520880";"GOIANIRA";96,97
"520890";"GOIAS";76,05
"520910";"GOIATUBA";92,01
"520915";"GOUVELANDIA";79,02
"520920";"GUAPO";84,21
"520929";"GUARAITA";59,97
"520940";"GUARANI DE GOIAS";42,68
"520945";"GUARINOS";57,11
"520960";"HEITORAI";75,29
"520970";"HIDROLANDIA";75,35
"520980";"HIDROLINA";75,18
"520990";"IACIARA";73,52
"520993";"INACIOLANDIA";83,84
"520995";"INDIARA";88,88
"521000";"INHUMAS";94,41
"521010";"IPAMERI";87,05
"521015";"IPIRANGA DE GOIAS";62,5
"521020";"IPORA";88,85
"521030";"ISRAELANDIA";71,79
"521040";"ITABERAI";86,07
"521056";"ITAGUARI";86
"521060";"ITAGUARU";83,1
"521080";"ITAJA";78,25
"521090";"ITAPACI";88,16
"521100";"ITAPIRAPUA";70,42
"521120";"ITAPURANGA";79,91
"521130";"ITARUMA";73,26
"521140";"ITAUCU";83,56
"521150";"ITUMBIARA";95,94
"521160";"IVOLANDIA";52,08
"521170";"JANDAIA";80,18
"521180";"JARAGUA";83,4
"521190";"JATAI";92,83
"521200";"JAUPACI";73,91
"521205";"JESUPOLIS";79,65
"521210";"JOVIANIA";89,58
"521220";"JUSSARA";82,29
"521225";"LAGOA SANTA";66,43
"521230";"LEOPOLDO DE BULHOES";74,61
"521250";"LUZIANIA";91,07
"521260";"MAIRIPOTABA";75
"521270";"MAMBAI";70,41
"521280";"MARA ROSA";75,99
"521290";"MARZAGAO";88,43
"521295";"MATRINCHA";73,29
"521300";"MAURILANDIA";92,99
"521305";"MIMOSO DE GOIAS";45,79
"521308";"MINACU";84,94
"521310";"MINEIROS";91,48
"521340";"MOIPORA";66,51
"521350";"MONTE ALEGRE DE GOIAS";52,21
"521370";"MONTES CLAROS DE GOIAS";62,97
"521375";"MONTIVIDIU";83,54
"521377";"MONTIVIDIU DO NORTE";43,7
"521380";"MORRINHOS";92,73
"521385";"MORRO AGUDO DE GOIAS";70,62
"521390";"MOSSAMEDES";69,3
"521400";"MOZARLANDIA";89,74
"521405";"MUNDO NOVO";53,28
"521410";"MUTUNOPOLIS";61,86
"521440";"NAZARIO";92,64
"521450";"NEROPOLIS";96,76
"521460";"NIQUELANDIA";78,62
"521470";"NOVA AMERICA";77,42
"521480";"NOVA AURORA";94,13
"521483";"NOVA CRIXAS";65,76
"521486";"NOVA GLORIA";76,07
"521487";"NOVA IGUACU DE GOIAS";71,86
"521490";"NOVA ROMA";41,65
"521500";"NOVA VENEZA";91,03
"521520";"NOVO BRASIL";71,84
"521523";"NOVO GAMA";95,23
"521525";"NOVO PLANALTO";62,54
"521530";"ORIZONA";76,49
"521540";"OURO VERDE DE GOIAS";67,99
"521550";"OUVIDOR";90,16
"521560";"PADRE BERNARDO";68,56
"521565";"PALESTINA DE GOIAS";64,9
"521570";"PALMEIRAS DE GOIAS";82,51
"521580";"PALMELO";95,28
"521590";"PALMINOPOLIS";76,71
"521600";"PANAMA";75,1
"521630";"PARANAIGUARA";91,81
"521640";"PARAUNA";75,3
"521645";"PEROLANDIA";63,73
"521680";"PETROLINA DE GOIAS";69,25
"521690";"PILAR DE GOIAS";42,62
"521710";"PIRACANJUBA";82,91
"521720";"PIRANHAS";81,22
"521730";"PIRENOPOLIS";83,55
"521740";"PIRES DO RIO";94,12
"521760";"PLANALTINA";88,52
"521770";"PONTALINA";83,09
"521800";"PORANGATU";85,09
"521805";"PORTEIRAO";87,64
"521810";"PORTELANDIA";81,63
"521830";"POSSE";72,97
"521839";"PROFESSOR JAMIL";72,76
"521850";"QUIRINOPOLIS";89,07
"521860";"RIALMA";91,96
"521870";"RIANAPOLIS";87,79
"521878";"RIO QUENTE";89,37
"521880";"RIO VERDE";92,93
"521890";"RUBIATABA";84,97
"521900";"SANCLERLANDIA";85,02
"521910";"SANTA BARBARA DE GOIAS";93,6
"521920";"SANTA CRUZ DE GOIAS";44,95
"521925";"SANTA FE DE GOIAS";78,89
"521930";"SANTA HELENA DE GOIAS";95,35
"521935";"SANTA ISABEL";69,78
"521940";"SANTA RITA DO ARAGUAIA";88,31
"521945";"SANTA RITA DO NOVO DESTINO";53,1
"521950";"SANTA ROSA DE GOIAS";79,21
"521960";"SANTA TEREZA DE GOIAS";83,61
"521970";"SANTA TEREZINHA DE GOIAS";75,1
"521971";"SANTO ANTONIO DA BARRA";83,76
"521973";"SANTO ANTONIO DE GOIAS";92,89
"521975";"SANTO ANTONIO DO DESCOBERTO";82,43
"521980";"SAO DOMINGOS";56,08
"521990";"SAO FRANCISCO DE GOIAS";72,93
"522000";"SAO JOAO D'ALIANCA";63,21
"522005";"SAO JOAO DA PARAUNA";77,38
"522010";"SAO LUIS DE MONTES BELOS";89,48
"522015";"SAO LUIZ DO NORTE";81,88
"522020";"SAO MIGUEL DO ARAGUAIA";82,87
"522026";"SAO MIGUEL DO PASSA QUATRO";66,56
"522028";"SAO PATRICIO";63,06
"522040";"SAO SIMAO";96,91
"522045";"SENADOR CANEDO";98,55
"522050";"SERRANOPOLIS";77,02
"522060";"SILVANIA";66,65
"522068";"SIMOLANDIA";81,03
"522070";"SITIO D'ABADIA";37,74
"522100";"TAQUARAL DE GOIAS";81,25
"522108";"TERESINA DE GOIAS";71,8
"522119";"TEREZOPOLIS DE GOIAS";94,42
"522130";"TRES RANCHOS";91
"522140";"TRINDADE";96,45
"522145";"TROMBAS";61,73
"522150";"TURVANIA";82,36
"522155";"TURVELANDIA";73,75
"522157";"UIRAPURU";65,09
"522160";"URUACU";89,52
"522170";"URUANA";80,63
"522180";"URUTAI";73,52
"522185";"VALPARAISO DE GOIAS";97,82
"522190";"VARJAO";79,05
"522200";"VIANOPOLIS";80,3
"522205";"VICENTINOPOLIS";87,11
"522220";"VILA BOA";77,83
"522230";"VILA PROPICIO";51,68
"530010";"BRASILIA";97,84
