muni_code;dengue_pattern
1100015;Epidêmico
1100023;Epidêmico
1100031;Episódico/Epidêmico
1100049;Epidêmico
1100056;Episódico/Epidêmico
1100064;Episódico/Epidêmico
1100072;Episódico/Epidêmico
1100080;Episódico/Epidêmico
1100098;Episódico/Epidêmico
1100106;Episódico/Epidêmico
1100114;Episódico/Epidêmico
1100122;Epidêmico
1100130;Episódico/Epidêmico
1100148;Episódico/Epidêmico
1100155;Episódico/Epidêmico
1100189;Epidêmico
1100205;Epidêmico
1100254;Epidêmico
1100262;Episódico/Epidêmico
1100288;Episódico/Epidêmico
1100296;Episódico/Epidêmico
1100304;Epidêmico
1100320;Episódico/Epidêmico
1100338;Episódico/Epidêmico
1100346;Episódico
1100379;Episódico/Epidêmico
1100403;Episódico/Epidêmico
1100452;Epidêmico
1100502;Episódico/Epidêmico
1100601;Episódico/Epidêmico
1100700;Episódico/Epidêmico
1100809;Episódico/Epidêmico
1100908;Episódico
1100924;Episódico/Epidêmico
1100940;Episódico/Epidêmico
1101005;Episódico
1101104;Episódico/Epidêmico
1101203;Episódico/Epidêmico
1101302;Episódico
1101401;Episódico/Epidêmico
1101435;Episódico/Epidêmico
1101450;Episódico/Epidêmico
1101468;Episódico
1101476;Episódico/Epidêmico
1101484;Episódico/Epidêmico
1101492;Episódico/Epidêmico
1101500;Episódico
1101559;Episódico
1101609;Episódico/Epidêmico
1101708;Episódico
1101757;Episódico/Epidêmico
1101807;Episódico/Epidêmico
1200013;Episódico/Epidêmico
1200054;Epidêmico
1200104;Epidêmico
1200138;Episódico
1200179;Episódico/Epidêmico
1200203;Epidêmico
1200252;Episódico/Epidêmico
1200302;Epidêmico
1200328;Episódico
1200336;Epidêmico
1200344;Episódico/Epidêmico
1200351;Episódico/Epidêmico
1200385;Epidêmico
1200393;Episódico/Epidêmico
1200401;Epidêmico
1200427;Epidêmico
1200435;Episódico
1200450;Epidêmico
1200500;Epidêmico
1200609;Epidêmico
1200708;Episódico/Epidêmico
1200807;Episódico/Epidêmico
1300029;Episódico/Epidêmico
1300060;Episódico
1300086;Sem transmissão
1300102;Episódico
1300144;Episódico
1300201;Episódico
1300300;Episódico
1300409;Episódico/Epidêmico
1300508;Sem transmissão
1300607;Episódico/Epidêmico
1300631;Episódico
1300680;Episódico
1300706;Episódico
1300805;Episódico/Epidêmico
1300839;Episódico
1300904;Sem transmissão
1301001;Episódico/Epidêmico
1301100;Episódico
1301159;Episódico
1301209;Episódico/Epidêmico
1301308;Episódico/Epidêmico
1301407;Episódico/Epidêmico
1301506;Episódico/Epidêmico
1301605;Episódico
1301654;Epidêmico
1301704;Epidêmico
1301803;Episódico/Epidêmico
1301852;Episódico/Epidêmico
1301902;Episódico/Epidêmico
1301951;Sem transmissão
1302009;Episódico
1302108;Episódico
1302207;Episódico
1302306;Epidêmico
1302405;Episódico/Epidêmico
1302504;Episódico/Epidêmico
1302553;Sem transmissão
1302603;Epidêmico
1302702;Episódico
1302801;Episódico
1302900;Episódico/Epidêmico
1303007;Sem transmissão
1303106;Episódico
1303205;Episódico/Epidêmico
1303304;Episódico/Epidêmico
1303403;Episódico/Epidêmico
1303502;Episódico
1303536;Epidêmico
1303569;Episódico/Epidêmico
1303601;Episódico
1303700;Episódico
1303809;Episódico/Epidêmico
1303908;Episódico/Epidêmico
1303957;Episódico
1304005;Sem transmissão
1304062;Epidêmico
1304104;Episódico/Epidêmico
1304203;Epidêmico
1304237;Episódico
1304260;Episódico
1304302;Episódico
1304401;Episódico
1400027;Episódico
1400050;Episódico/Epidêmico
1400100;Epidêmico
1400159;Episódico/Epidêmico
1400175;Episódico/Epidêmico
1400209;Episódico/Epidêmico
1400233;Episódico/Epidêmico
1400282;Episódico/Epidêmico
1400308;Episódico/Epidêmico
1400407;Episódico/Epidêmico
1400456;Episódico/Epidêmico
1400472;Epidêmico
1400506;Episódico/Epidêmico
1400605;Episódico/Epidêmico
1400704;Episódico
1500107;Episódico/Epidêmico
1500131;Episódico
1500206;Episódico/Epidêmico
1500305;Episódico
1500347;Episódico/Epidêmico
1500404;Episódico/Epidêmico
1500503;Episódico
1500602;Epidêmico
1500701;Episódico
1500800;Epidêmico
1500859;Episódico/Epidêmico
1500909;Episódico/Epidêmico
1500958;Episódico/Epidêmico
1501006;Sem transmissão
1501105;Episódico
1501204;Episódico
1501253;Episódico/Epidêmico
1501303;Episódico/Epidêmico
1501402;Epidêmico
1501451;Episódico/Epidêmico
1501501;Episódico/Epidêmico
1501576;Episódico
1501600;Episódico
1501709;Episódico/Epidêmico
1501725;Episódico/Epidêmico
1501758;Episódico/Epidêmico
1501782;Episódico
1501808;Episódico/Epidêmico
1501907;Episódico
1501956;Episódico
1502004;Sem transmissão
1502103;Episódico/Epidêmico
1502152;Episódico/Epidêmico
1502202;Episódico/Epidêmico
1502301;Episódico
1502400;Epidêmico
1502509;Episódico
1502608;Episódico
1502707;Epidêmico
1502756;Episódico
1502764;Episódico/Epidêmico
1502772;Episódico
1502806;Episódico
1502855;Episódico
1502905;Episódico/Epidêmico
1502939;Episódico/Epidêmico
1502954;Episódico
1503002;Episódico
1503044;Episódico/Epidêmico
1503077;Episódico
1503093;Episódico/Epidêmico
1503101;Episódico
1503200;Episódico/Epidêmico
1503309;Episódico/Epidêmico
1503408;Episódico/Epidêmico
1503457;Episódico/Epidêmico
1503507;Episódico/Epidêmico
1503606;Episódico/Epidêmico
1503705;Episódico/Epidêmico
1503754;Episódico
1503804;Episódico/Epidêmico
1503903;Episódico/Epidêmico
1504000;Episódico
1504059;Episódico/Epidêmico
1504109;Episódico/Epidêmico
1504208;Epidêmico
1504307;Episódico/Epidêmico
1504406;Episódico
1504422;Epidêmico
1504455;Episódico/Epidêmico
1504505;Episódico
1504604;Episódico/Epidêmico
1504703;Episódico/Epidêmico
1504752;Episódico/Epidêmico
1504802;Episódico/Epidêmico
1504901;Episódico
1504950;Episódico
1504976;Episódico/Epidêmico
1505007;Episódico
1505031;Episódico/Epidêmico
1505064;Episódico/Epidêmico
1505106;Episódico/Epidêmico
1505205;Episódico
1505304;Episódico/Epidêmico
1505403;Episódico
1505437;Episódico/Epidêmico
1505486;Episódico/Epidêmico
1505494;Episódico
1505502;Episódico/Epidêmico
1505536;Epidêmico
1505551;Episódico/Epidêmico
1505601;Episódico/Epidêmico
1505635;Episódico
1505650;Episódico/Epidêmico
1505700;Episódico
1505809;Episódico/Epidêmico
1505908;Episódico
1506005;Episódico/Epidêmico
1506104;Episódico
1506112;Episódico
1506138;Epidêmico
1506161;Episódico/Epidêmico
1506187;Episódico/Epidêmico
1506195;Episódico/Epidêmico
1506203;Episódico/Epidêmico
1506302;Episódico
1506351;Episódico/Epidêmico
1506401;Sem transmissão
1506500;Episódico/Epidêmico
1506559;Episódico/Epidêmico
1506583;Episódico/Epidêmico
1506609;Episódico/Epidêmico
1506708;Episódico/Epidêmico
1506807;Epidêmico
1506906;Episódico/Epidêmico
1507003;Episódico
1507102;Episódico
1507151;Episódico
1507201;Episódico/Epidêmico
1507300;Episódico/Epidêmico
1507409;Episódico/Epidêmico
1507458;Episódico/Epidêmico
1507466;Episódico
1507474;Episódico/Epidêmico
1507508;Episódico/Epidêmico
1507607;Episódico
1507706;Episódico
1507755;Episódico
1507805;Episódico/Epidêmico
1507904;Episódico/Epidêmico
1507953;Episódico/Epidêmico
1507961;Episódico
1507979;Episódico
1508001;Episódico/Epidêmico
1508035;Episódico/Epidêmico
1508050;Episódico/Epidêmico
1508084;Episódico/Epidêmico
1508100;Episódico/Epidêmico
1508126;Episódico/Epidêmico
1508159;Episódico/Epidêmico
1508209;Episódico/Epidêmico
1508308;Episódico
1508357;Episódico/Epidêmico
1508407;Episódico/Epidêmico
1600055;Episódico
1600105;Episódico
1600154;Episódico
1600204;Episódico
1600212;Sem transmissão
1600238;Episódico
1600253;Sem transmissão
1600279;Episódico/Epidêmico
1600303;Epidêmico
1600402;Episódico/Epidêmico
1600501;Episódico/Epidêmico
1600535;Episódico
1600550;Sem transmissão
1600600;Episódico/Epidêmico
1600709;Episódico
1600808;Episódico
1700251;Episódico
1700301;Episódico/Epidêmico
1700350;Episódico/Epidêmico
1700400;Episódico
1700707;Episódico/Epidêmico
1701002;Episódico/Epidêmico
1701051;Episódico
1701101;Episódico/Epidêmico
1701309;Episódico/Epidêmico
1701903;Episódico/Epidêmico
1702000;Episódico/Epidêmico
1702109;Epidêmico
1702158;Episódico
1702208;Episódico/Epidêmico
1702307;Episódico/Epidêmico
1702406;Episódico/Epidêmico
1702554;Episódico/Epidêmico
1702703;Episódico
1702901;Episódico
1703008;Episódico/Epidêmico
1703057;Episódico
1703073;Episódico
1703107;Episódico/Epidêmico
1703206;Episódico
1703305;Episódico
1703602;Episódico/Epidêmico
1703701;Episódico/Epidêmico
1703800;Episódico/Epidêmico
1703826;Episódico
1703842;Episódico
1703867;Episódico/Epidêmico
1703883;Episódico/Epidêmico
1703891;Episódico
1703909;Episódico
1704105;Episódico/Epidêmico
1704600;Episódico
1705102;Episódico/Epidêmico
1705508;Epidêmico
1705557;Episódico/Epidêmico
1705607;Episódico/Epidêmico
1706001;Episódico/Epidêmico
1706100;Episódico
1706258;Episódico
1706506;Episódico
1707009;Epidêmico
1707108;Episódico/Epidêmico
1707207;Episódico
1707306;Episódico/Epidêmico
1707405;Episódico
1707553;Episódico
1707652;Episódico/Epidêmico
1707702;Episódico/Epidêmico
1708205;Episódico/Epidêmico
1708254;Episódico/Epidêmico
1708304;Episódico
1709005;Episódico/Epidêmico
1709302;Epidêmico
1709500;Epidêmico
1709807;Episódico
1710508;Episódico/Epidêmico
1710706;Episódico/Epidêmico
1710904;Episódico
1711100;Episódico/Epidêmico
1711506;Episódico/Epidêmico
1711803;Episódico
1711902;Episódico/Epidêmico
1711951;Episódico
1712009;Episódico
1712157;Episódico
1712405;Episódico
1712454;Episódico/Epidêmico
1712504;Episódico/Epidêmico
1712702;Episódico
1712801;Episódico
1713205;Epidêmico
1713304;Episódico/Epidêmico
1713601;Episódico/Epidêmico
1713700;Episódico
1713809;Episódico
1713957;Episódico
1714203;Episódico/Epidêmico
1714302;Episódico
1714880;Episódico/Epidêmico
1715002;Episódico/Epidêmico
1715101;Episódico
1715150;Episódico/Epidêmico
1715259;Episódico/Epidêmico
1715507;Episódico
1715705;Episódico
1715754;Episódico/Epidêmico
1716109;Epidêmico
1716208;Episódico
1716307;Episódico
1716505;Episódico/Epidêmico
1716604;Episódico/Epidêmico
1716653;Episódico/Epidêmico
1716703;Episódico
1717008;Episódico
1717206;Episódico/Epidêmico
1717503;Episódico/Epidêmico
1717800;Episódico/Epidêmico
1717909;Episódico/Epidêmico
1718006;Episódico
1718204;Epidêmico
1718303;Episódico
1718402;Episódico/Epidêmico
1718451;Episódico/Epidêmico
1718501;Episódico
1718550;Episódico/Epidêmico
1718659;Episódico
1718709;Episódico/Epidêmico
1718758;Episódico/Epidêmico
1718808;Episódico/Epidêmico
1718840;Episódico
1718865;Episódico/Epidêmico
1718881;Episódico
1718899;Episódico
1718907;Episódico/Epidêmico
1719004;Episódico
1720002;Episódico
1720101;Episódico/Epidêmico
1720150;Episódico
1720200;Episódico
1720259;Episódico
1720309;Episódico
1720499;Episódico/Epidêmico
1720655;Episódico/Epidêmico
1720804;Episódico/Epidêmico
1720853;Episódico/Epidêmico
1720903;Episódico/Epidêmico
1720937;Episódico/Epidêmico
1720978;Episódico/Epidêmico
1721000;Transmissão Persistente
1721109;Episódico/Epidêmico
1721208;Episódico/Epidêmico
1721257;Episódico
1721307;Episódico
1722081;Episódico/Epidêmico
1722107;Episódico/Epidêmico
2100055;Episódico/Epidêmico
2100105;Episódico
2100154;Episódico
2100204;Episódico
2100303;Episódico/Epidêmico
2100402;Episódico
2100436;Episódico
2100477;Episódico/Epidêmico
2100501;Episódico/Epidêmico
2100550;Episódico
2100600;Episódico/Epidêmico
2100709;Episódico
2100808;Episódico/Epidêmico
2100832;Episódico
2100873;Episódico
2100907;Episódico
2100956;Episódico/Epidêmico
2101004;Episódico
2101103;Episódico
2101202;Episódico/Epidêmico
2101251;Episódico/Epidêmico
2101301;Episódico
2101350;Sem transmissão
2101400;Episódico/Epidêmico
2101509;Episódico/Epidêmico
2101608;Epidêmico
2101707;Episódico
2101731;Episódico
2101772;Episódico
2101806;Episódico/Epidêmico
2101905;Episódico
2101939;Episódico
2101970;Episódico
2102002;Episódico
2102036;Episódico
2102077;Episódico
2102101;Episódico
2102150;Episódico
2102200;Episódico
2102309;Episódico
2102325;Episódico
2102358;Episódico
2102374;Episódico
2102408;Sem transmissão
2102507;Episódico
2102556;Episódico/Epidêmico
2102606;Episódico
2102705;Episódico
2102754;Episódico
2102804;Episódico/Epidêmico
2102903;Episódico
2103000;Episódico/Epidêmico
2103109;Sem transmissão
2103125;Episódico
2103158;Episódico
2103174;Episódico
2103208;Episódico/Epidêmico
2103257;Episódico
2103307;Episódico/Epidêmico
2103406;Episódico
2103505;Episódico/Epidêmico
2103554;Episódico
2103604;Episódico
2103703;Episódico/Epidêmico
2103752;Episódico
2103802;Episódico
2103901;Episódico
2104008;Episódico
2104057;Episódico/Epidêmico
2104073;Episódico/Epidêmico
2104081;Episódico
2104099;Episódico/Epidêmico
2104107;Episódico/Epidêmico
2104206;Episódico
2104305;Episódico
2104404;Episódico
2104503;Episódico
2104552;Episódico/Epidêmico
2104602;Episódico
2104628;Episódico
2104651;Episódico
2104677;Episódico
2104701;Episódico
2104800;Episódico/Epidêmico
2104909;Sem transmissão
2105005;Episódico/Epidêmico
2105104;Episódico
2105153;Episódico/Epidêmico
2105203;Episódico/Epidêmico
2105302;Episódico/Epidêmico
2105351;Episódico
2105401;Episódico/Epidêmico
2105427;Episódico/Epidêmico
2105450;Episódico
2105476;Episódico
2105500;Episódico
2105609;Episódico
2105658;Episódico
2105708;Episódico/Epidêmico
2105807;Episódico
2105906;Episódico
2105922;Episódico
2105948;Episódico
2105963;Episódico
2105989;Episódico/Epidêmico
2106003;Episódico
2106102;Episódico
2106201;Sem transmissão
2106300;Episódico
2106326;Episódico
2106359;Sem transmissão
2106375;Episódico
2106409;Episódico
2106508;Episódico
2106607;Episódico/Epidêmico
2106631;Episódico
2106672;Episódico
2106706;Episódico
2106755;Episódico/Epidêmico
2106805;Episódico
2106904;Episódico
2107001;Episódico
2107100;Episódico
2107209;Episódico
2107258;Episódico
2107308;Episódico
2107357;Episódico
2107407;Episódico
2107456;Episódico
2107506;Episódico/Epidêmico
2107605;Episódico
2107704;Episódico/Epidêmico
2107803;Episódico
2107902;Episódico
2108009;Episódico
2108058;Episódico
2108108;Episódico/Epidêmico
2108207;Episódico/Epidêmico
2108256;Episódico
2108306;Episódico
2108405;Episódico
2108454;Episódico
2108504;Episódico
2108603;Episódico/Epidêmico
2108702;Episódico
2108801;Episódico/Epidêmico
2108900;Episódico
2109007;Episódico/Epidêmico
2109056;Episódico
2109106;Episódico/Epidêmico
2109205;Episódico
2109239;Sem transmissão
2109270;Episódico
2109304;Episódico
2109403;Episódico
2109452;Episódico
2109502;Episódico/Epidêmico
2109551;Episódico
2109601;Episódico
2109700;Episódico
2109759;Episódico
2109809;Episódico
2109908;Episódico/Epidêmico
2110005;Episódico/Epidêmico
2110039;Episódico
2110104;Episódico
2110203;Episódico/Epidêmico
2110237;Episódico
2110278;Sem transmissão
2110302;Sem transmissão
2110401;Episódico
2110500;Episódico
2110609;Episódico
2110658;Episódico
2110708;Episódico
2110807;Episódico
2110856;Episódico
2110906;Episódico/Epidêmico
2111003;Episódico
2111029;Episódico
2111052;Episódico/Epidêmico
2111078;Episódico
2111102;Episódico/Epidêmico
2111201;Episódico/Epidêmico
2111250;Episódico
2111300;Epidêmico
2111409;Episódico/Epidêmico
2111508;Episódico/Epidêmico
2111532;Episódico
2111573;Episódico/Epidêmico
2111607;Episódico
2111631;Episódico
2111672;Episódico
2111706;Episódico
2111722;Episódico
2111748;Episódico
2111763;Episódico
2111789;Sem transmissão
2111805;Episódico/Epidêmico
2111904;Episódico
2111953;Episódico
2112001;Episódico/Epidêmico
2112100;Episódico
2112209;Episódico/Epidêmico
2112233;Episódico/Epidêmico
2112274;Episódico
2112308;Episódico
2112407;Episódico
2112456;Episódico
2112506;Episódico
2112605;Episódico
2112704;Episódico/Epidêmico
2112803;Episódico
2112852;Episódico
2112902;Episódico
2113009;Episódico
2114007;Episódico
2200053;Episódico
2200103;Episódico/Epidêmico
2200202;Episódico/Epidêmico
2200251;Episódico/Epidêmico
2200277;Episódico
2200301;Episódico/Epidêmico
2200400;Episódico/Epidêmico
2200459;Episódico/Epidêmico
2200509;Episódico
2200608;Episódico
2200707;Episódico
2200806;Episódico/Epidêmico
2200905;Episódico
2200954;Episódico
2201002;Episódico
2201051;Episódico
2201101;Episódico
2201150;Episódico/Epidêmico
2201176;Episódico
2201200;Episódico/Epidêmico
2201309;Episódico
2201408;Episódico
2201507;Episódico
2201556;Episódico
2201572;Episódico
2201606;Episódico/Epidêmico
2201705;Episódico
2201739;Episódico
2201770;Episódico
2201804;Episódico/Epidêmico
2201903;Episódico/Epidêmico
2201919;Sem transmissão
2201929;Episódico
2201945;Episódico
2201960;Episódico
2201988;Sem transmissão
2202000;Episódico
2202026;Episódico/Epidêmico
2202059;Episódico
2202075;Episódico
2202083;Episódico
2202091;Episódico
2202109;Episódico
2202117;Episódico
2202133;Episódico
2202174;Episódico
2202208;Episódico/Epidêmico
2202251;Sem transmissão
2202307;Episódico/Epidêmico
2202406;Episódico/Epidêmico
2202455;Episódico
2202505;Episódico
2202539;Episódico
2202554;Episódico
2202604;Episódico
2202653;Episódico
2202703;Episódico
2202711;Episódico
2202729;Episódico
2202737;Episódico/Epidêmico
2202752;Episódico
2202778;Episódico
2202802;Episódico
2202851;Episódico
2202901;Episódico/Epidêmico
2203008;Episódico
2203107;Episódico
2203206;Episódico/Epidêmico
2203230;Sem transmissão
2203255;Episódico
2203271;Episódico
2203305;Episódico/Epidêmico
2203354;Episódico
2203404;Episódico
2203420;Episódico
2203453;Episódico/Epidêmico
2203503;Episódico/Epidêmico
2203602;Episódico
2203701;Episódico/Epidêmico
2203750;Episódico
2203800;Episódico
2203859;Sem transmissão
2203909;Episódico/Epidêmico
2204006;Sem transmissão
2204105;Episódico
2204154;Episódico
2204204;Episódico
2204303;Episódico
2204352;Episódico
2204402;Episódico
2204501;Episódico
2204550;Episódico
2204600;Episódico
2204659;Episódico
2204709;Episódico
2204808;Episódico
2204907;Episódico
2205003;Episódico/Epidêmico
2205102;Episódico
2205151;Episódico
2205201;Episódico/Epidêmico
2205250;Episódico
2205276;Episódico
2205300;Episódico
2205359;Episódico
2205409;Episódico
2205458;Episódico
2205508;Episódico/Epidêmico
2205516;Episódico
2205524;Episódico
2205532;Episódico/Epidêmico
2205540;Episódico
2205557;Episódico
2205565;Episódico
2205573;Episódico/Epidêmico
2205581;Episódico
2205599;Episódico
2205607;Episódico
2205706;Episódico/Epidêmico
2205805;Episódico
2205854;Episódico
2205904;Episódico
2205953;Episódico
2206001;Episódico/Epidêmico
2206050;Episódico
2206100;Episódico
2206209;Episódico
2206308;Episódico/Epidêmico
2206357;Episódico/Epidêmico
2206407;Episódico/Epidêmico
2206506;Episódico
2206605;Episódico
2206654;Episódico
2206670;Episódico
2206696;Episódico
2206704;Episódico
2206720;Episódico
2206753;Episódico
2206803;Episódico/Epidêmico
2206902;Episódico/Epidêmico
2206951;Episódico
2207009;Episódico/Epidêmico
2207108;Episódico
2207207;Episódico
2207306;Episódico
2207355;Episódico
2207405;Episódico
2207504;Episódico
2207553;Episódico
2207603;Episódico/Epidêmico
2207702;Epidêmico
2207751;Episódico
2207777;Episódico
2207793;Episódico
2207801;Episódico/Epidêmico
2207850;Episódico
2207900;Episódico/Epidêmico
2207934;Episódico
2207959;Episódico
2208007;Episódico/Epidêmico
2208106;Episódico
2208205;Episódico/Epidêmico
2208304;Episódico/Epidêmico
2208403;Episódico/Epidêmico
2208502;Sem transmissão
2208551;Episódico
2208601;Episódico
2208650;Episódico
2208700;Episódico
2208809;Episódico
2208858;Episódico
2208874;Episódico
2208908;Episódico/Epidêmico
2209005;Episódico
2209104;Episódico
2209153;Episódico
2209203;Episódico
2209302;Episódico
2209351;Episódico
2209377;Episódico
2209401;Episódico
2209450;Episódico
2209500;Episódico
2209559;Episódico
2209609;Episódico
2209658;Episódico
2209708;Sem transmissão
2209757;Episódico
2209807;Episódico
2209856;Episódico
2209872;Episódico
2209906;Episódico
2209955;Episódico
2209971;Episódico
2210003;Episódico/Epidêmico
2210052;Episódico/Epidêmico
2210102;Episódico
2210201;Episódico
2210300;Episódico
2210359;Episódico
2210375;Episódico
2210383;Episódico
2210391;Episódico
2210409;Episódico
2210508;Episódico/Epidêmico
2210607;Episódico/Epidêmico
2210623;Episódico
2210631;Episódico/Epidêmico
2210656;Sem transmissão
2210706;Episódico/Epidêmico
2210805;Episódico/Epidêmico
2210904;Episódico
2210938;Episódico
2210953;Episódico
2210979;Episódico
2211001;Epidêmico
2211100;Episódico
2211209;Episódico/Epidêmico
2211308;Episódico
2211357;Episódico
2211407;Episódico
2211506;Episódico/Epidêmico
2211605;Episódico
2211704;Episódico
2300101;Episódico/Epidêmico
2300150;Episódico
2300200;Episódico/Epidêmico
2300309;Episódico/Epidêmico
2300408;Episódico/Epidêmico
2300507;Episódico/Epidêmico
2300606;Episódico
2300705;Episódico/Epidêmico
2300754;Episódico/Epidêmico
2300804;Episódico/Epidêmico
2300903;Episódico/Epidêmico
2301000;Episódico/Epidêmico
2301109;Epidêmico
2301208;Episódico/Epidêmico
2301257;Episódico/Epidêmico
2301307;Episódico/Epidêmico
2301406;Episódico/Epidêmico
2301505;Episódico/Epidêmico
2301604;Episódico/Epidêmico
2301703;Episódico
2301802;Episódico/Epidêmico
2301851;Episódico/Epidêmico
2301901;Epidêmico
2301950;Episódico
2302008;Episódico/Epidêmico
2302057;Episódico/Epidêmico
2302107;Episódico/Epidêmico
2302206;Episódico/Epidêmico
2302305;Episódico/Epidêmico
2302404;Episódico/Epidêmico
2302503;Epidêmico
2302602;Episódico/Epidêmico
2302701;Episódico/Epidêmico
2302800;Episódico/Epidêmico
2302909;Episódico/Epidêmico
2303006;Episódico/Epidêmico
2303105;Episódico/Epidêmico
2303204;Episódico/Epidêmico
2303303;Episódico/Epidêmico
2303402;Episódico/Epidêmico
2303501;Epidêmico
2303600;Episódico/Epidêmico
2303659;Episódico/Epidêmico
2303709;Epidêmico
2303808;Episódico/Epidêmico
2303907;Episódico
2303931;Episódico/Epidêmico
2303956;Episódico/Epidêmico
2304004;Episódico/Epidêmico
2304103;Episódico/Epidêmico
2304202;Epidêmico
2304236;Episódico/Epidêmico
2304251;Episódico/Epidêmico
2304269;Episódico
2304277;Episódico/Epidêmico
2304285;Episódico/Epidêmico
2304301;Episódico/Epidêmico
2304350;Episódico/Epidêmico
2304400;Transmissão Persistente
2304459;Episódico/Epidêmico
2304509;Episódico/Epidêmico
2304608;Episódico
2304657;Episódico
2304707;Episódico/Epidêmico
2304806;Episódico/Epidêmico
2304905;Episódico/Epidêmico
2304954;Episódico/Epidêmico
2305001;Episódico
2305100;Episódico/Epidêmico
2305209;Episódico/Epidêmico
2305233;Epidêmico
2305266;Episódico/Epidêmico
2305308;Episódico/Epidêmico
2305332;Episódico/Epidêmico
2305357;Epidêmico
2305407;Epidêmico
2305506;Epidêmico
2305605;Episódico/Epidêmico
2305654;Episódico/Epidêmico
2305704;Episódico/Epidêmico
2305803;Episódico/Epidêmico
2305902;Episódico/Epidêmico
2306009;Episódico/Epidêmico
2306108;Episódico/Epidêmico
2306207;Episódico/Epidêmico
2306256;Episódico/Epidêmico
2306306;Episódico/Epidêmico
2306405;Episódico/Epidêmico
2306504;Episódico/Epidêmico
2306553;Episódico/Epidêmico
2306603;Episódico/Epidêmico
2306702;Episódico/Epidêmico
2306801;Episódico/Epidêmico
2306900;Epidêmico
2307007;Epidêmico
2307106;Episódico/Epidêmico
2307205;Episódico/Epidêmico
2307254;Epidêmico
2307304;Epidêmico
2307403;Episódico/Epidêmico
2307502;Episódico/Epidêmico
2307601;Epidêmico
2307635;Episódico/Epidêmico
2307650;Epidêmico
2307700;Epidêmico
2307809;Episódico/Epidêmico
2307908;Episódico
2308005;Episódico/Epidêmico
2308104;Episódico/Epidêmico
2308203;Episódico/Epidêmico
2308302;Episódico/Epidêmico
2308351;Episódico/Epidêmico
2308377;Episódico/Epidêmico
2308401;Episódico/Epidêmico
2308500;Episódico/Epidêmico
2308609;Episódico/Epidêmico
2308708;Episódico/Epidêmico
2308807;Episódico/Epidêmico
2308906;Episódico/Epidêmico
2309003;Episódico/Epidêmico
2309102;Episódico/Epidêmico
2309201;Episódico/Epidêmico
2309300;Episódico/Epidêmico
2309409;Episódico/Epidêmico
2309458;Episódico/Epidêmico
2309508;Episódico/Epidêmico
2309607;Episódico/Epidêmico
2309706;Episódico/Epidêmico
2309805;Episódico/Epidêmico
2309904;Episódico/Epidêmico
2310001;Episódico/Epidêmico
2310100;Episódico/Epidêmico
2310209;Episódico/Epidêmico
2310258;Episódico/Epidêmico
2310308;Episódico/Epidêmico
2310407;Episódico/Epidêmico
2310506;Episódico/Epidêmico
2310605;Episódico/Epidêmico
2310704;Episódico/Epidêmico
2310803;Episódico/Epidêmico
2310852;Episódico/Epidêmico
2310902;Episódico/Epidêmico
2310951;Episódico
2311009;Episódico/Epidêmico
2311108;Episódico/Epidêmico
2311207;Episódico/Epidêmico
2311231;Episódico
2311264;Episódico/Epidêmico
2311306;Epidêmico
2311355;Episódico/Epidêmico
2311405;Epidêmico
2311504;Epidêmico
2311603;Episódico/Epidêmico
2311702;Episódico/Epidêmico
2311801;Epidêmico
2311900;Episódico
2311959;Episódico/Epidêmico
2312007;Episódico/Epidêmico
2312106;Episódico/Epidêmico
2312205;Episódico/Epidêmico
2312304;Episódico/Epidêmico
2312403;Epidêmico
2312502;Episódico/Epidêmico
2312601;Episódico
2312700;Episódico/Epidêmico
2312809;Episódico/Epidêmico
2312908;Epidêmico
2313005;Episódico/Epidêmico
2313104;Episódico/Epidêmico
2313203;Episódico/Epidêmico
2313252;Episódico
2313302;Epidêmico
2313351;Episódico/Epidêmico
2313401;Epidêmico
2313500;Episódico/Epidêmico
2313559;Episódico/Epidêmico
2313609;Episódico/Epidêmico
2313708;Episódico/Epidêmico
2313757;Episódico/Epidêmico
2313807;Episódico/Epidêmico
2313906;Episódico/Epidêmico
2313955;Episódico/Epidêmico
2314003;Episódico/Epidêmico
2314102;Episódico/Epidêmico
2400109;Episódico/Epidêmico
2400208;Epidêmico
2400307;Episódico/Epidêmico
2400406;Episódico/Epidêmico
2400505;Episódico/Epidêmico
2400604;Episódico
2400703;Episódico
2400802;Episódico/Epidêmico
2400901;Episódico
2401008;Episódico/Epidêmico
2401107;Episódico/Epidêmico
2401206;Episódico/Epidêmico
2401305;Episódico
2401404;Episódico/Epidêmico
2401453;Episódico/Epidêmico
2401503;Episódico/Epidêmico
2401602;Episódico/Epidêmico
2401651;Episódico/Epidêmico
2401701;Episódico/Epidêmico
2401800;Episódico/Epidêmico
2401859;Episódico/Epidêmico
2401909;Episódico/Epidêmico
2402006;Epidêmico
2402105;Episódico/Epidêmico
2402204;Episódico/Epidêmico
2402303;Episódico/Epidêmico
2402402;Episódico/Epidêmico
2402501;Episódico
2402600;Epidêmico
2402709;Episódico/Epidêmico
2402808;Episódico/Epidêmico
2402907;Episódico
2403004;Episódico/Epidêmico
2403103;Epidêmico
2403202;Episódico/Epidêmico
2403251;Epidêmico
2403301;Episódico
2403400;Episódico/Epidêmico
2403509;Episódico/Epidêmico
2403608;Episódico/Epidêmico
2403707;Episódico
2403756;Episódico/Epidêmico
2403806;Episódico/Epidêmico
2403905;Episódico
2404002;Episódico
2404101;Episódico/Epidêmico
2404200;Episódico/Epidêmico
2404309;Episódico
2404408;Episódico/Epidêmico
2404507;Epidêmico
2404606;Episódico/Epidêmico
2404705;Episódico/Epidêmico
2404804;Episódico
2404853;Episódico
2404903;Episódico
2405009;Episódico/Epidêmico
2405108;Episódico/Epidêmico
2405207;Episódico/Epidêmico
2405306;Episódico/Epidêmico
2405405;Episódico/Epidêmico
2405504;Episódico/Epidêmico
2405603;Episódico/Epidêmico
2405702;Episódico/Epidêmico
2405801;Episódico/Epidêmico
2405900;Episódico
2406007;Episódico/Epidêmico
2406106;Episódico/Epidêmico
2406155;Episódico
2406205;Episódico
2406304;Episódico
2406403;Episódico/Epidêmico
2406502;Episódico/Epidêmico
2406601;Episódico
2406700;Episódico/Epidêmico
2406809;Episódico/Epidêmico
2406908;Episódico
2407005;Episódico/Epidêmico
2407104;Epidêmico
2407203;Episódico/Epidêmico
2407252;Episódico
2407302;Episódico/Epidêmico
2407401;Episódico
2407500;Episódico
2407609;Episódico
2407708;Episódico/Epidêmico
2407807;Episódico
2407906;Episódico
2408003;Epidêmico
2408102;Transmissão Persistente
2408201;Episódico/Epidêmico
2408300;Epidêmico
2408409;Episódico
2408508;Episódico/Epidêmico
2408607;Episódico
2408706;Episódico
2408805;Episódico/Epidêmico
2408904;Episódico/Epidêmico
2408953;Episódico/Epidêmico
2409100;Episódico/Epidêmico
2409209;Episódico/Epidêmico
2409308;Episódico/Epidêmico
2409332;Episódico/Epidêmico
2409407;Episódico/Epidêmico
2409506;Episódico/Epidêmico
2409605;Episódico/Epidêmico
2409704;Episódico/Epidêmico
2409803;Episódico/Epidêmico
2409902;Episódico/Epidêmico
2410009;Episódico/Epidêmico
2410108;Episódico/Epidêmico
2410207;Episódico
2410256;Episódico
2410306;Episódico/Epidêmico
2410405;Episódico/Epidêmico
2410504;Episódico/Epidêmico
2410603;Episódico
2410702;Episódico
2410801;Episódico
2410900;Episódico/Epidêmico
2411007;Episódico
2411056;Episódico/Epidêmico
2411106;Episódico/Epidêmico
2411205;Epidêmico
2411403;Episódico/Epidêmico
2411429;Episódico/Epidêmico
2411502;Episódico/Epidêmico
2411601;Episódico/Epidêmico
2411700;Episódico/Epidêmico
2411809;Episódico/Epidêmico
2411908;Episódico
2412005;Episódico/Epidêmico
2412104;Episódico
2412203;Episódico/Epidêmico
2412302;Episódico/Epidêmico
2412401;Episódico
2412500;Episódico/Epidêmico
2412559;Episódico/Epidêmico
2412609;Episódico/Epidêmico
2412708;Episódico
2412807;Episódico/Epidêmico
2412906;Episódico/Epidêmico
2413003;Episódico/Epidêmico
2413102;Episódico/Epidêmico
2413201;Episódico
2413300;Episódico
2413359;Episódico/Epidêmico
2413409;Episódico/Epidêmico
2413508;Episódico/Epidêmico
2413557;Episódico
2413607;Episódico
2413706;Episódico/Epidêmico
2413805;Episódico/Epidêmico
2413904;Episódico/Epidêmico
2414001;Episódico/Epidêmico
2414100;Episódico/Epidêmico
2414159;Episódico/Epidêmico
2414209;Episódico/Epidêmico
2414308;Episódico/Epidêmico
2414407;Episódico/Epidêmico
2414456;Episódico/Epidêmico
2414506;Episódico
2414605;Episódico/Epidêmico
2414704;Episódico/Epidêmico
2414753;Episódico
2414803;Episódico/Epidêmico
2414902;Episódico
2415008;Episódico
2500106;Episódico/Epidêmico
2500205;Episódico/Epidêmico
2500304;Episódico/Epidêmico
2500403;Episódico/Epidêmico
2500502;Episódico/Epidêmico
2500536;Episódico/Epidêmico
2500577;Episódico/Epidêmico
2500601;Episódico/Epidêmico
2500700;Episódico/Epidêmico
2500734;Episódico
2500775;Episódico/Epidêmico
2500809;Episódico
2500908;Episódico/Epidêmico
2501005;Episódico/Epidêmico
2501104;Episódico/Epidêmico
2501153;Episódico/Epidêmico
2501203;Episódico/Epidêmico
2501302;Episódico/Epidêmico
2501351;Episódico/Epidêmico
2501401;Episódico
2501500;Episódico/Epidêmico
2501534;Episódico/Epidêmico
2501575;Episódico/Epidêmico
2501609;Episódico/Epidêmico
2501708;Episódico/Epidêmico
2501807;Episódico/Epidêmico
2501906;Episódico/Epidêmico
2502003;Episódico
2502052;Episódico/Epidêmico
2502102;Episódico/Epidêmico
2502151;Episódico/Epidêmico
2502201;Episódico
2502300;Episódico/Epidêmico
2502409;Episódico
2502508;Episódico/Epidêmico
2502607;Episódico
2502706;Episódico
2502805;Episódico/Epidêmico
2502904;Episódico/Epidêmico
2503001;Episódico/Epidêmico
2503100;Episódico/Epidêmico
2503209;Epidêmico
2503308;Episódico/Epidêmico
2503407;Episódico
2503506;Episódico/Epidêmico
2503555;Episódico/Epidêmico
2503605;Episódico
2503704;Episódico/Epidêmico
2503753;Episódico
2503803;Episódico
2503902;Episódico
2504009;Epidêmico
2504033;Episódico
2504074;Episódico
2504108;Episódico
2504157;Episódico/Epidêmico
2504207;Episódico/Epidêmico
2504306;Episódico/Epidêmico
2504355;Episódico/Epidêmico
2504405;Episódico
2504504;Episódico/Epidêmico
2504603;Episódico/Epidêmico
2504702;Episódico/Epidêmico
2504801;Episódico/Epidêmico
2504850;Episódico
2504900;Episódico/Epidêmico
2505006;Episódico/Epidêmico
2505105;Episódico/Epidêmico
2505204;Episódico
2505238;Episódico
2505279;Episódico/Epidêmico
2505303;Episódico
2505352;Episódico
2505402;Episódico
2505501;Episódico
2505600;Episódico
2505709;Episódico/Epidêmico
2505808;Episódico
2505907;Episódico
2506004;Episódico/Epidêmico
2506103;Episódico
2506202;Episódico/Epidêmico
2506251;Episódico
2506301;Episódico/Epidêmico
2506400;Episódico
2506509;Episódico/Epidêmico
2506608;Episódico
2506707;Episódico
2506806;Episódico/Epidêmico
2506905;Episódico/Epidêmico
2507002;Episódico/Epidêmico
2507101;Episódico
2507200;Episódico
2507309;Episódico
2507408;Episódico
2507507;Epidêmico
2507606;Episódico/Epidêmico
2507705;Episódico/Epidêmico
2507804;Episódico/Epidêmico
2507903;Episódico
2508000;Episódico/Epidêmico
2508109;Episódico
2508208;Episódico
2508307;Episódico/Epidêmico
2508406;Episódico
2508505;Episódico
2508554;Episódico
2508604;Episódico/Epidêmico
2508703;Episódico/Epidêmico
2508802;Episódico/Epidêmico
2508901;Episódico/Epidêmico
2509008;Episódico/Epidêmico
2509057;Episódico
2509107;Episódico
2509156;Episódico
2509206;Episódico
2509305;Episódico/Epidêmico
2509339;Episódico
2509370;Episódico
2509396;Episódico/Epidêmico
2509404;Episódico
2509503;Episódico/Epidêmico
2509602;Episódico
2509701;Epidêmico
2509800;Episódico
2509909;Episódico/Epidêmico
2510006;Episódico
2510105;Episódico/Epidêmico
2510204;Episódico/Epidêmico
2510303;Episódico/Epidêmico
2510402;Episódico
2510501;Episódico/Epidêmico
2510600;Episódico
2510659;Episódico/Epidêmico
2510709;Episódico
2510808;Episódico/Epidêmico
2510907;Episódico
2511004;Episódico
2511103;Episódico/Epidêmico
2511202;Episódico/Epidêmico
2511301;Episódico/Epidêmico
2511400;Epidêmico
2511509;Episódico/Epidêmico
2511608;Episódico
2511707;Episódico
2511806;Sem transmissão
2511905;Episódico
2512002;Episódico/Epidêmico
2512036;Episódico
2512077;Episódico
2512101;Episódico/Epidêmico
2512200;Episódico/Epidêmico
2512309;Episódico/Epidêmico
2512408;Episódico
2512507;Epidêmico
2512606;Episódico/Epidêmico
2512705;Episódico/Epidêmico
2512721;Episódico/Epidêmico
2512747;Episódico/Epidêmico
2512754;Episódico
2512762;Episódico
2512788;Episódico/Epidêmico
2512804;Episódico/Epidêmico
2512903;Episódico
2513000;Episódico
2513109;Episódico
2513158;Episódico/Epidêmico
2513208;Episódico
2513307;Episódico
2513356;Episódico
2513406;Episódico/Epidêmico
2513505;Episódico
2513604;Episódico
2513653;Episódico/Epidêmico
2513703;Epidêmico
2513802;Episódico
2513851;Episódico
2513901;Episódico/Epidêmico
2513927;Episódico
2513943;Episódico/Epidêmico
2513968;Episódico
2513984;Episódico
2514008;Episódico/Epidêmico
2514107;Episódico/Epidêmico
2514206;Episódico
2514305;Episódico
2514404;Episódico/Epidêmico
2514453;Episódico/Epidêmico
2514503;Episódico/Epidêmico
2514552;Episódico
2514602;Episódico
2514651;Episódico
2514701;Episódico/Epidêmico
2514800;Episódico
2514909;Episódico
2515005;Episódico
2515104;Episódico/Epidêmico
2515203;Episódico
2515302;Episódico/Epidêmico
2515401;Episódico/Epidêmico
2515500;Episódico/Epidêmico
2515609;Episódico
2515708;Episódico
2515807;Episódico
2515906;Episódico
2515930;Episódico
2515971;Sem transmissão
2516003;Episódico/Epidêmico
2516102;Episódico
2516151;Episódico/Epidêmico
2516201;Epidêmico
2516300;Episódico/Epidêmico
2516409;Episódico
2516508;Episódico/Epidêmico
2516607;Episódico
2516706;Episódico/Epidêmico
2516755;Episódico/Epidêmico
2516805;Episódico
2516904;Episódico/Epidêmico
2517001;Episódico/Epidêmico
2517100;Episódico/Epidêmico
2517209;Episódico
2517407;Episódico
2600054;Episódico/Epidêmico
2600104;Epidêmico
2600203;Episódico/Epidêmico
2600302;Episódico/Epidêmico
2600401;Episódico/Epidêmico
2600500;Episódico/Epidêmico
2600609;Episódico/Epidêmico
2600708;Episódico
2600807;Episódico/Epidêmico
2600906;Episódico/Epidêmico
2601003;Episódico/Epidêmico
2601052;Episódico/Epidêmico
2601102;Episódico/Epidêmico
2601201;Epidêmico
2601300;Episódico/Epidêmico
2601409;Episódico/Epidêmico
2601508;Episódico
2601607;Episódico/Epidêmico
2601706;Epidêmico
2601805;Episódico/Epidêmico
2601904;Episódico/Epidêmico
2602001;Episódico/Epidêmico
2602100;Episódico/Epidêmico
2602209;Episódico/Epidêmico
2602308;Episódico/Epidêmico
2602407;Episódico
2602506;Episódico/Epidêmico
2602605;Epidêmico
2602704;Episódico
2602803;Episódico/Epidêmico
2602902;Epidêmico
2603009;Episódico/Epidêmico
2603108;Episódico
2603207;Episódico/Epidêmico
2603306;Episódico
2603405;Episódico/Epidêmico
2603454;Epidêmico
2603504;Episódico/Epidêmico
2603603;Episódico/Epidêmico
2603702;Episódico/Epidêmico
2603801;Episódico/Epidêmico
2603900;Episódico/Epidêmico
2603926;Episódico/Epidêmico
2604007;Episódico/Epidêmico
2604106;Epidêmico
2604155;Episódico
2604205;Episódico
2604304;Episódico/Epidêmico
2604403;Episódico/Epidêmico
2604502;Episódico/Epidêmico
2604601;Episódico
2604700;Episódico
2604809;Episódico/Epidêmico
2604908;Episódico/Epidêmico
2605004;Episódico/Epidêmico
2605103;Episódico/Epidêmico
2605152;Episódico/Epidêmico
2605202;Episódico/Epidêmico
2605301;Episódico/Epidêmico
2605400;Episódico/Epidêmico
2605459;Epidêmico
2605509;Episódico/Epidêmico
2605608;Episódico
2605707;Episódico/Epidêmico
2605806;Episódico
2605905;Episódico/Epidêmico
2606002;Epidêmico
2606101;Episódico
2606200;Epidêmico
2606309;Episódico/Epidêmico
2606408;Epidêmico
2606507;Episódico
2606606;Episódico/Epidêmico
2606705;Episódico
2606804;Epidêmico
2606903;Episódico/Epidêmico
2607000;Episódico/Epidêmico
2607109;Episódico/Epidêmico
2607208;Epidêmico
2607307;Episódico/Epidêmico
2607406;Episódico/Epidêmico
2607505;Episódico/Epidêmico
2607604;Episódico/Epidêmico
2607653;Episódico/Epidêmico
2607703;Episódico/Epidêmico
2607752;Episódico/Epidêmico
2607802;Episódico/Epidêmico
2607901;Epidêmico
2607950;Episódico/Epidêmico
2608008;Epidêmico
2608057;Episódico/Epidêmico
2608107;Episódico/Epidêmico
2608206;Episódico
2608255;Episódico/Epidêmico
2608305;Episódico
2608404;Episódico/Epidêmico
2608453;Episódico/Epidêmico
2608503;Episódico
2608602;Episódico/Epidêmico
2608701;Episódico/Epidêmico
2608750;Episódico/Epidêmico
2608800;Episódico/Epidêmico
2608909;Epidêmico
2609006;Episódico/Epidêmico
2609105;Episódico/Epidêmico
2609154;Episódico/Epidêmico
2609204;Episódico
2609303;Episódico/Epidêmico
2609402;Episódico/Epidêmico
2609501;Episódico/Epidêmico
2609600;Epidêmico
2609709;Episódico/Epidêmico
2609808;Episódico/Epidêmico
2609907;Episódico/Epidêmico
2610004;Epidêmico
2610103;Episódico
2610202;Episódico/Epidêmico
2610301;Episódico/Epidêmico
2610400;Episódico/Epidêmico
2610509;Epidêmico
2610608;Epidêmico
2610707;Epidêmico
2610806;Episódico/Epidêmico
2610905;Episódico/Epidêmico
2611002;Episódico/Epidêmico
2611101;Epidêmico
2611200;Episódico/Epidêmico
2611309;Episódico
2611408;Episódico
2611507;Episódico/Epidêmico
2611533;Sem transmissão
2611606;Epidêmico
2611705;Episódico
2611804;Episódico
2611903;Episódico/Epidêmico
2612000;Episódico/Epidêmico
2612109;Episódico
2612208;Epidêmico
2612307;Episódico/Epidêmico
2612406;Episódico/Epidêmico
2612455;Episódico/Epidêmico
2612471;Episódico/Epidêmico
2612505;Epidêmico
2612554;Episódico/Epidêmico
2612604;Episódico/Epidêmico
2612703;Episódico
2612802;Episódico/Epidêmico
2612901;Episódico
2613008;Episódico/Epidêmico
2613107;Epidêmico
2613206;Episódico/Epidêmico
2613305;Episódico/Epidêmico
2613404;Episódico/Epidêmico
2613503;Episódico/Epidêmico
2613602;Episódico/Epidêmico
2613701;Epidêmico
2613800;Episódico/Epidêmico
2613909;Episódico/Epidêmico
2614006;Episódico/Epidêmico
2614105;Episódico/Epidêmico
2614204;Episódico/Epidêmico
2614303;Episódico/Epidêmico
2614402;Episódico/Epidêmico
2614501;Episódico/Epidêmico
2614600;Episódico/Epidêmico
2614709;Episódico/Epidêmico
2614808;Episódico
2614857;Episódico
2615003;Episódico
2615102;Episódico/Epidêmico
2615201;Episódico/Epidêmico
2615300;Epidêmico
2615409;Episódico/Epidêmico
2615508;Episódico
2615607;Episódico/Epidêmico
2615706;Episódico/Epidêmico
2615805;Episódico/Epidêmico
2615904;Episódico/Epidêmico
2616001;Episódico/Epidêmico
2616100;Episódico/Epidêmico
2616183;Episódico/Epidêmico
2616209;Episódico/Epidêmico
2616308;Episódico/Epidêmico
2616407;Epidêmico
2616506;Episódico/Epidêmico
2700102;Episódico/Epidêmico
2700201;Episódico/Epidêmico
2700300;Epidêmico
2700409;Episódico
2700508;Episódico
2700607;Episódico/Epidêmico
2700706;Episódico
2700805;Episódico
2700904;Episódico
2701001;Episódico
2701100;Episódico/Epidêmico
2701209;Episódico/Epidêmico
2701308;Episódico
2701357;Episódico
2701407;Episódico/Epidêmico
2701506;Episódico
2701605;Episódico
2701704;Episódico/Epidêmico
2701803;Episódico
2701902;Episódico
2702009;Episódico/Epidêmico
2702108;Episódico/Epidêmico
2702207;Episódico/Epidêmico
2702306;Episódico/Epidêmico
2702355;Episódico/Epidêmico
2702405;Episódico/Epidêmico
2702504;Episódico/Epidêmico
2702553;Episódico
2702603;Episódico/Epidêmico
2702702;Episódico
2702801;Episódico/Epidêmico
2702900;Episódico/Epidêmico
2703007;Episódico/Epidêmico
2703106;Episódico
2703205;Episódico/Epidêmico
2703304;Episódico/Epidêmico
2703403;Episódico/Epidêmico
2703502;Episódico
2703601;Episódico/Epidêmico
2703700;Episódico
2703759;Episódico/Epidêmico
2703809;Episódico/Epidêmico
2703908;Episódico
2704005;Episódico/Epidêmico
2704104;Episódico/Epidêmico
2704203;Episódico/Epidêmico
2704302;Epidêmico
2704401;Episódico/Epidêmico
2704500;Episódico/Epidêmico
2704609;Episódico
2704708;Episódico/Epidêmico
2704807;Episódico
2704906;Episódico
2705002;Episódico/Epidêmico
2705101;Episódico/Epidêmico
2705200;Episódico/Epidêmico
2705309;Episódico
2705408;Episódico
2705507;Episódico/Epidêmico
2705606;Episódico
2705705;Episódico
2705804;Episódico
2705903;Episódico
2706000;Episódico
2706109;Episódico
2706208;Episódico
2706307;Episódico/Epidêmico
2706406;Episódico
2706422;Episódico/Epidêmico
2706448;Episódico/Epidêmico
2706505;Episódico
2706604;Episódico
2706703;Episódico/Epidêmico
2706802;Episódico/Epidêmico
2706901;Episódico/Epidêmico
2707008;Episódico
2707107;Episódico
2707206;Episódico/Epidêmico
2707305;Episódico/Epidêmico
2707404;Episódico
2707503;Episódico
2707602;Episódico/Epidêmico
2707701;Episódico/Epidêmico
2707800;Episódico
2707909;Episódico/Epidêmico
2708006;Episódico/Epidêmico
2708105;Episódico/Epidêmico
2708204;Episódico
2708303;Episódico/Epidêmico
2708402;Episódico/Epidêmico
2708501;Episódico/Epidêmico
2708600;Epidêmico
2708709;Episódico
2708808;Episódico/Epidêmico
2708907;Episódico/Epidêmico
2708956;Episódico/Epidêmico
2709004;Episódico
2709103;Episódico/Epidêmico
2709152;Episódico/Epidêmico
2709202;Episódico/Epidêmico
2709301;Epidêmico
2709400;Episódico/Epidêmico
2800100;Sem transmissão
2800209;Episódico/Epidêmico
2800308;Epidêmico
2800407;Episódico/Epidêmico
2800506;Episódico/Epidêmico
2800605;Episódico/Epidêmico
2800670;Episódico/Epidêmico
2800704;Episódico
2801009;Episódico/Epidêmico
2801108;Episódico
2801207;Episódico
2801306;Episódico
2801405;Episódico/Epidêmico
2801504;Episódico/Epidêmico
2801603;Episódico/Epidêmico
2801702;Episódico/Epidêmico
2801900;Episódico
2802007;Episódico
2802106;Epidêmico
2802205;Episódico
2802304;Episódico
2802403;Episódico/Epidêmico
2802502;Episódico
2802601;Episódico
2802700;Episódico
2802809;Episódico/Epidêmico
2802908;Episódico/Epidêmico
2803005;Episódico/Epidêmico
2803104;Sem transmissão
2803203;Episódico/Epidêmico
2803302;Episódico
2803401;Episódico
2803500;Epidêmico
2803609;Episódico/Epidêmico
2803708;Episódico
2803807;Episódico
2803906;Episódico/Epidêmico
2804003;Episódico
2804102;Episódico/Epidêmico
2804201;Episódico/Epidêmico
2804300;Episódico/Epidêmico
2804409;Episódico/Epidêmico
2804458;Episódico
2804508;Episódico/Epidêmico
2804607;Episódico/Epidêmico
2804706;Episódico
2804805;Epidêmico
2804904;Episódico/Epidêmico
2805000;Episódico
2805109;Episódico
2805208;Episódico/Epidêmico
2805307;Episódico/Epidêmico
2805406;Episódico
2805505;Episódico
2805604;Episódico/Epidêmico
2805703;Epidêmico
2805802;Episódico
2805901;Episódico
2806008;Episódico/Epidêmico
2806107;Episódico/Epidêmico
2806206;Episódico
2806305;Episódico
2806404;Episódico
2806503;Episódico
2806602;Episódico
2806701;Epidêmico
2806800;Episódico
2806909;Episódico
2807006;Episódico
2807105;Episódico/Epidêmico
2807204;Episódico/Epidêmico
2807303;Episódico
2807402;Episódico/Epidêmico
2807501;Episódico
2807600;Episódico/Epidêmico
2900108;Episódico
2900207;Episódico/Epidêmico
2900306;Episódico
2900355;Episódico/Epidêmico
2900405;Episódico/Epidêmico
2900504;Episódico/Epidêmico
2900603;Episódico
2900702;Epidêmico
2900801;Episódico/Epidêmico
2900900;Episódico
2901007;Episódico/Epidêmico
2901106;Episódico
2901155;Episódico/Epidêmico
2901205;Episódico/Epidêmico
2901304;Episódico/Epidêmico
2901353;Episódico/Epidêmico
2901403;Episódico/Epidêmico
2901502;Episódico/Epidêmico
2901601;Episódico
2901700;Episódico/Epidêmico
2901809;Episódico/Epidêmico
2901908;Episódico
2901957;Episódico/Epidêmico
2902005;Episódico
2902054;Episódico
2902104;Episódico/Epidêmico
2902203;Episódico
2902252;Episódico
2902302;Episódico
2902401;Episódico
2902500;Episódico/Epidêmico
2902609;Episódico
2902658;Episódico
2902708;Episódico/Epidêmico
2902807;Episódico/Epidêmico
2902906;Episódico/Epidêmico
2903003;Episódico/Epidêmico
2903102;Episódico/Epidêmico
2903201;Epidêmico
2903235;Episódico/Epidêmico
2903276;Episódico/Epidêmico
2903300;Episódico
2903409;Episódico/Epidêmico
2903508;Episódico
2903607;Episódico
2903706;Episódico
2903805;Episódico
2903904;Episódico/Epidêmico
2903953;Episódico/Epidêmico
2904001;Episódico
2904050;Episódico
2904100;Episódico/Epidêmico
2904209;Episódico/Epidêmico
2904308;Episódico/Epidêmico
2904407;Episódico/Epidêmico
2904506;Episódico/Epidêmico
2904605;Epidêmico
2904704;Episódico/Epidêmico
2904753;Episódico/Epidêmico
2904803;Episódico
2904852;Episódico
2904902;Episódico
2905008;Episódico/Epidêmico
2905107;Episódico/Epidêmico
2905156;Episódico/Epidêmico
2905206;Episódico/Epidêmico
2905305;Episódico/Epidêmico
2905404;Episódico
2905503;Episódico
2905602;Episódico/Epidêmico
2905701;Epidêmico
2905800;Episódico/Epidêmico
2905909;Episódico/Epidêmico
2906006;Episódico/Epidêmico
2906105;Episódico/Epidêmico
2906204;Episódico/Epidêmico
2906303;Episódico/Epidêmico
2906402;Episódico/Epidêmico
2906501;Episódico/Epidêmico
2906600;Episódico/Epidêmico
2906709;Episódico/Epidêmico
2906808;Episódico
2906824;Episódico
2906857;Episódico/Epidêmico
2906873;Episódico
2906899;Episódico
2906907;Episódico/Epidêmico
2907004;Episódico
2907103;Episódico/Epidêmico
2907202;Episódico/Epidêmico
2907301;Episódico
2907400;Episódico
2907509;Episódico/Epidêmico
2907558;Episódico/Epidêmico
2907608;Episódico/Epidêmico
2907707;Episódico
2907806;Episódico/Epidêmico
2907905;Episódico
2908002;Episódico/Epidêmico
2908101;Episódico
2908200;Episódico/Epidêmico
2908309;Episódico/Epidêmico
2908408;Episódico/Epidêmico
2908507;Episódico/Epidêmico
2908606;Episódico
2908705;Episódico/Epidêmico
2908804;Episódico/Epidêmico
2908903;Episódico/Epidêmico
2909000;Episódico
2909109;Episódico/Epidêmico
2909208;Episódico/Epidêmico
2909307;Epidêmico
2909406;Episódico/Epidêmico
2909505;Episódico
2909604;Episódico
2909703;Episódico/Epidêmico
2909802;Episódico/Epidêmico
2909901;Episódico/Epidêmico
2910008;Episódico
2910057;Episódico/Epidêmico
2910107;Episódico/Epidêmico
2910206;Episódico
2910305;Episódico
2910404;Episódico/Epidêmico
2910503;Episódico
2910602;Episódico/Epidêmico
2910701;Episódico/Epidêmico
2910727;Epidêmico
2910750;Episódico/Epidêmico
2910776;Episódico
2910800;Epidêmico
2910859;Episódico/Epidêmico
2910909;Episódico
2911006;Episódico
2911105;Episódico
2911204;Episódico/Epidêmico
2911253;Episódico
2911303;Episódico/Epidêmico
2911402;Episódico/Epidêmico
2911501;Episódico
2911600;Episódico/Epidêmico
2911659;Episódico/Epidêmico
2911709;Epidêmico
2911808;Episódico
2911857;Episódico
2911907;Episódico/Epidêmico
2912004;Episódico/Epidêmico
2912103;Episódico/Epidêmico
2912202;Episódico/Epidêmico
2912301;Episódico/Epidêmico
2912400;Episódico/Epidêmico
2912509;Episódico/Epidêmico
2912608;Episódico
2912707;Episódico
2912806;Episódico/Epidêmico
2912905;Episódico/Epidêmico
2913002;Episódico/Epidêmico
2913101;Episódico/Epidêmico
2913200;Episódico/Epidêmico
2913309;Episódico/Epidêmico
2913408;Episódico/Epidêmico
2913457;Episódico
2913507;Episódico/Epidêmico
2913606;Epidêmico
2913705;Episódico/Epidêmico
2913804;Episódico/Epidêmico
2913903;Epidêmico
2914000;Episódico/Epidêmico
2914109;Episódico/Epidêmico
2914208;Episódico
2914307;Episódico
2914406;Episódico/Epidêmico
2914505;Episódico/Epidêmico
2914604;Epidêmico
2914653;Episódico/Epidêmico
2914703;Epidêmico
2914802;Epidêmico
2914901;Episódico/Epidêmico
2915007;Episódico
2915106;Episódico/Epidêmico
2915205;Episódico
2915304;Episódico
2915353;Episódico/Epidêmico
2915403;Episódico
2915502;Episódico/Epidêmico
2915601;Episódico/Epidêmico
2915700;Episódico/Epidêmico
2915809;Episódico/Epidêmico
2915908;Episódico
2916005;Episódico/Epidêmico
2916104;Episódico/Epidêmico
2916203;Episódico
2916302;Episódico/Epidêmico
2916401;Episódico/Epidêmico
2916500;Episódico/Epidêmico
2916609;Episódico/Epidêmico
2916708;Episódico
2916807;Episódico
2916856;Episódico/Epidêmico
2916906;Episódico/Epidêmico
2917003;Episódico/Epidêmico
2917102;Episódico/Epidêmico
2917201;Episódico/Epidêmico
2917300;Episódico/Epidêmico
2917334;Episódico/Epidêmico
2917359;Episódico/Epidêmico
2917409;Episódico/Epidêmico
2917508;Epidêmico
2917607;Episódico/Epidêmico
2917706;Episódico/Epidêmico
2917805;Episódico
2917904;Episódico
2918001;Epidêmico
2918100;Episódico/Epidêmico
2918209;Episódico
2918308;Episódico
2918357;Episódico/Epidêmico
2918407;Epidêmico
2918456;Episódico
2918506;Episódico/Epidêmico
2918555;Episódico
2918605;Episódico
2918704;Episódico
2918753;Episódico/Epidêmico
2918803;Episódico
2918902;Episódico
2919009;Episódico
2919058;Episódico/Epidêmico
2919108;Episódico
2919157;Episódico/Epidêmico
2919207;Episódico/Epidêmico
2919306;Episódico/Epidêmico
2919405;Episódico
2919504;Episódico/Epidêmico
2919553;Epidêmico
2919603;Episódico/Epidêmico
2919702;Episódico
2919801;Epidêmico
2919900;Episódico
2919926;Episódico/Epidêmico
2919959;Episódico
2920007;Episódico/Epidêmico
2920106;Episódico/Epidêmico
2920205;Episódico
2920304;Episódico/Epidêmico
2920403;Episódico/Epidêmico
2920452;Episódico
2920502;Epidêmico
2920601;Episódico/Epidêmico
2920700;Episódico
2920809;Episódico
2920908;Episódico
2921005;Episódico/Epidêmico
2921054;Episódico/Epidêmico
2921104;Episódico/Epidêmico
2921203;Episódico/Epidêmico
2921302;Episódico
2921401;Episódico/Epidêmico
2921450;Episódico/Epidêmico
2921500;Episódico
2921609;Episódico/Epidêmico
2921708;Episódico/Epidêmico
2921807;Episódico
2921906;Episódico
2922003;Epidêmico
2922052;Episódico/Epidêmico
2922102;Episódico
2922201;Episódico
2922250;Episódico
2922300;Episódico/Epidêmico
2922409;Episódico
2922508;Episódico
2922607;Episódico
2922656;Episódico/Epidêmico
2922706;Episódico/Epidêmico
2922730;Episódico/Epidêmico
2922755;Episódico
2922805;Episódico
2922854;Episódico
2922904;Episódico
2923001;Episódico/Epidêmico
2923035;Episódico/Epidêmico
2923050;Episódico
2923100;Episódico/Epidêmico
2923209;Episódico/Epidêmico
2923308;Episódico
2923357;Episódico/Epidêmico
2923407;Episódico/Epidêmico
2923506;Episódico/Epidêmico
2923605;Episódico/Epidêmico
2923704;Episódico/Epidêmico
2923803;Episódico/Epidêmico
2923902;Episódico/Epidêmico
2924009;Epidêmico
2924058;Episódico/Epidêmico
2924108;Episódico
2924207;Episódico
2924306;Episódico
2924405;Episódico
2924504;Episódico/Epidêmico
2924603;Episódico/Epidêmico
2924652;Episódico
2924678;Episódico
2924702;Episódico/Epidêmico
2924801;Episódico
2924900;Episódico
2925006;Episódico/Epidêmico
2925105;Episódico/Epidêmico
2925204;Episódico/Epidêmico
2925253;Episódico/Epidêmico
2925303;Epidêmico
2925402;Episódico
2925501;Episódico/Epidêmico
2925600;Episódico/Epidêmico
2925709;Episódico/Epidêmico
2925758;Episódico/Epidêmico
2925808;Episódico
2925907;Episódico/Epidêmico
2925931;Episódico/Epidêmico
2925956;Episódico/Epidêmico
2926004;Episódico/Epidêmico
2926103;Episódico
2926202;Episódico/Epidêmico
2926301;Episódico/Epidêmico
2926400;Episódico/Epidêmico
2926509;Episódico
2926608;Episódico/Epidêmico
2926657;Episódico/Epidêmico
2926707;Episódico/Epidêmico
2926806;Episódico
2926905;Episódico/Epidêmico
2927002;Epidêmico
2927101;Episódico
2927200;Episódico/Epidêmico
2927309;Episódico
2927408;Transmissão Persistente
2927507;Episódico/Epidêmico
2927606;Episódico/Epidêmico
2927705;Episódico/Epidêmico
2927804;Episódico
2927903;Episódico
2928000;Episódico/Epidêmico
2928059;Episódico
2928109;Epidêmico
2928208;Episódico/Epidêmico
2928307;Episódico
2928406;Episódico/Epidêmico
2928505;Episódico
2928604;Episódico
2928703;Episódico/Epidêmico
2928802;Epidêmico
2928901;Episódico/Epidêmico
2928950;Episódico/Epidêmico
2929008;Episódico
2929057;Episódico/Epidêmico
2929107;Episódico
2929206;Episódico/Epidêmico
2929255;Episódico/Epidêmico
2929305;Episódico/Epidêmico
2929354;Episódico/Epidêmico
2929370;Episódico
2929404;Episódico
2929503;Episódico/Epidêmico
2929602;Episódico/Epidêmico
2929701;Episódico
2929750;Episódico
2929800;Episódico
2929909;Episódico/Epidêmico
2930006;Episódico/Epidêmico
2930105;Episódico/Epidêmico
2930154;Episódico/Epidêmico
2930204;Episódico/Epidêmico
2930303;Episódico/Epidêmico
2930402;Episódico
2930501;Episódico/Epidêmico
2930600;Episódico/Epidêmico
2930709;Epidêmico
2930758;Episódico/Epidêmico
2930766;Episódico
2930774;Episódico/Epidêmico
2930808;Episódico/Epidêmico
2930907;Episódico
2931004;Episódico/Epidêmico
2931053;Episódico/Epidêmico
2931103;Episódico/Epidêmico
2931202;Episódico/Epidêmico
2931301;Episódico/Epidêmico
2931350;Epidêmico
2931400;Episódico/Epidêmico
2931509;Episódico
2931608;Episódico/Epidêmico
2931707;Episódico/Epidêmico
2931806;Episódico/Epidêmico
2931905;Episódico/Epidêmico
2932002;Episódico/Epidêmico
2932101;Episódico
2932200;Episódico/Epidêmico
2932309;Episódico
2932408;Episódico/Epidêmico
2932457;Episódico/Epidêmico
2932507;Episódico/Epidêmico
2932606;Episódico/Epidêmico
2932705;Episódico/Epidêmico
2932804;Episódico/Epidêmico
2932903;Episódico/Epidêmico
2933000;Episódico/Epidêmico
2933059;Episódico
2933109;Episódico
2933158;Episódico/Epidêmico
2933174;Episódico
2933208;Episódico/Epidêmico
2933257;Episódico
2933307;Epidêmico
2933406;Episódico/Epidêmico
2933455;Episódico
2933505;Episódico/Epidêmico
2933604;Episódico/Epidêmico
3100104;Episódico/Epidêmico
3100203;Episódico/Epidêmico
3100302;Episódico/Epidêmico
3100401;Episódico/Epidêmico
3100500;Episódico/Epidêmico
3100609;Episódico/Epidêmico
3100708;Episódico/Epidêmico
3100807;Episódico/Epidêmico
3100906;Episódico/Epidêmico
3101003;Episódico
3101102;Episódico/Epidêmico
3101201;Sem transmissão
3101300;Episódico
3101409;Sem transmissão
3101508;Episódico/Epidêmico
3101607;Epidêmico
3101631;Episódico
3101706;Episódico/Epidêmico
3101805;Episódico
3101904;Episódico/Epidêmico
3102001;Episódico/Epidêmico
3102050;Episódico
3102100;Episódico
3102209;Episódico/Epidêmico
3102308;Episódico/Epidêmico
3102407;Episódico
3102506;Episódico
3102605;Episódico/Epidêmico
3102704;Episódico/Epidêmico
3102803;Episódico
3102852;Episódico
3102902;Episódico
3103009;Episódico/Epidêmico
3103108;Episódico
3103207;Episódico
3103306;Episódico
3103405;Epidêmico
3103504;Epidêmico
3103603;Episódico
3103702;Episódico
3103751;Epidêmico
3103801;Episódico
3103900;Episódico/Epidêmico
3104007;Epidêmico
3104106;Episódico/Epidêmico
3104205;Epidêmico
3104304;Episódico/Epidêmico
3104403;Episódico
3104452;Episódico
3104502;Episódico/Epidêmico
3104601;Episódico/Epidêmico
3104700;Episódico/Epidêmico
3104809;Episódico/Epidêmico
3104908;Episódico/Epidêmico
3105004;Episódico
3105103;Episódico/Epidêmico
3105202;Episódico
3105301;Episódico
3105400;Epidêmico
3105509;Episódico
3105608;Episódico/Epidêmico
3105707;Episódico
3105905;Episódico/Epidêmico
3106002;Episódico/Epidêmico
3106101;Episódico
3106200;Transmissão Persistente
3106309;Episódico/Epidêmico
3106408;Episódico/Epidêmico
3106507;Episódico/Epidêmico
3106606;Episódico
3106655;Episódico
3106705;Transmissão Persistente
3106804;Sem transmissão
3106903;Episódico/Epidêmico
3107000;Episódico/Epidêmico
3107109;Episódico/Epidêmico
3107208;Sem transmissão
3107307;Epidêmico
3107406;Epidêmico
3107505;Episódico
3107604;Episódico/Epidêmico
3107703;Episódico
3107802;Episódico/Epidêmico
3107901;Episódico
3108008;Episódico/Epidêmico
3108107;Episódico/Epidêmico
3108206;Episódico/Epidêmico
3108255;Episódico/Epidêmico
3108305;Episódico/Epidêmico
3108404;Episódico/Epidêmico
3108503;Episódico
3108552;Episódico/Epidêmico
3108602;Episódico/Epidêmico
3108701;Episódico
3108800;Episódico/Epidêmico
3108909;Episódico/Epidêmico
3109006;Epidêmico
3109105;Episódico
3109204;Episódico/Epidêmico
3109253;Episódico/Epidêmico
3109303;Epidêmico
3109402;Episódico/Epidêmico
3109451;Episódico/Epidêmico
3109501;Episódico
3109600;Episódico/Epidêmico
3109709;Episódico/Epidêmico
3109808;Episódico/Epidêmico
3109907;Episódico/Epidêmico
3110004;Episódico/Epidêmico
3110103;Episódico
3110202;Episódico/Epidêmico
3110301;Episódico
3110400;Episódico
3110509;Episódico
3110608;Episódico
3110707;Episódico
3110806;Episódico/Epidêmico
3110905;Episódico/Epidêmico
3111002;Episódico
3111101;Episódico/Epidêmico
3111150;Episódico/Epidêmico
3111200;Episódico/Epidêmico
3111309;Episódico
3111408;Episódico/Epidêmico
3111507;Episódico/Epidêmico
3111606;Episódico/Epidêmico
3111705;Episódico
3111804;Episódico/Epidêmico
3111903;Episódico/Epidêmico
3112000;Episódico/Epidêmico
3112059;Episódico
3112109;Episódico
3112208;Episódico
3112307;Episódico/Epidêmico
3112406;Episódico/Epidêmico
3112505;Episódico/Epidêmico
3112604;Epidêmico
3112653;Episódico/Epidêmico
3112703;Episódico/Epidêmico
3112802;Epidêmico
3112901;Episódico
3113008;Episódico/Epidêmico
3113107;Sem transmissão
3113206;Episódico/Epidêmico
3113305;Episódico/Epidêmico
3113404;Episódico/Epidêmico
3113503;Episódico/Epidêmico
3113602;Episódico
3113701;Episódico/Epidêmico
3113800;Episódico
3113909;Episódico
3114006;Episódico/Epidêmico
3114105;Episódico
3114204;Episódico/Epidêmico
3114303;Episódico/Epidêmico
3114402;Episódico/Epidêmico
3114501;Episódico/Epidêmico
3114550;Episódico/Epidêmico
3114600;Episódico
3114709;Episódico/Epidêmico
3114808;Episódico
3114907;Episódico
3115003;Episódico
3115102;Epidêmico
3115201;Episódico
3115300;Epidêmico
3115359;Episódico
3115409;Episódico
3115458;Episódico/Epidêmico
3115474;Episódico/Epidêmico
3115508;Episódico/Epidêmico
3115607;Episódico
3115706;Episódico/Epidêmico
3115805;Episódico/Epidêmico
3115904;Episódico/Epidêmico
3116001;Episódico/Epidêmico
3116100;Episódico/Epidêmico
3116159;Epidêmico
3116209;Episódico
3116308;Episódico
3116407;Episódico/Epidêmico
3116506;Episódico/Epidêmico
3116605;Episódico/Epidêmico
3116704;Episódico
3116803;Episódico/Epidêmico
3116902;Episódico/Epidêmico
3117009;Episódico
3117108;Episódico/Epidêmico
3117207;Episódico
3117306;Epidêmico
3117405;Episódico
3117504;Epidêmico
3117603;Episódico/Epidêmico
3117702;Episódico
3117801;Episódico/Epidêmico
3117836;Sem transmissão
3117876;Episódico/Epidêmico
3117900;Episódico/Epidêmico
3118007;Episódico/Epidêmico
3118106;Episódico
3118205;Episódico/Epidêmico
3118304;Epidêmico
3118403;Episódico/Epidêmico
3118502;Sem transmissão
3118601;Transmissão Persistente
3118700;Episódico
3118809;Episódico/Epidêmico
3118908;Episódico/Epidêmico
3119005;Episódico
3119104;Episódico/Epidêmico
3119203;Episódico/Epidêmico
3119302;Episódico/Epidêmico
3119401;Epidêmico
3119500;Episódico
3119609;Episódico
3119708;Episódico
3119807;Episódico
3119906;Episódico
3119955;Episódico/Epidêmico
3120003;Episódico
3120102;Episódico/Epidêmico
3120151;Episódico
3120201;Episódico/Epidêmico
3120300;Episódico
3120409;Episódico
3120508;Episódico
3120607;Episódico/Epidêmico
3120706;Episódico/Epidêmico
3120805;Episódico/Epidêmico
3120839;Episódico/Epidêmico
3120870;Episódico
3120904;Epidêmico
3121001;Episódico/Epidêmico
3121100;Episódico
3121209;Episódico/Epidêmico
3121258;Episódico/Epidêmico
3121308;Episódico/Epidêmico
3121407;Episódico
3121506;Episódico
3121605;Episódico/Epidêmico
3121704;Episódico
3121803;Episódico/Epidêmico
3121902;Episódico
3122009;Episódico/Epidêmico
3122108;Episódico/Epidêmico
3122207;Episódico/Epidêmico
3122306;Epidêmico
3122355;Episódico
3122405;Episódico/Epidêmico
3122454;Episódico/Epidêmico
3122470;Episódico/Epidêmico
3122504;Episódico
3122603;Episódico
3122702;Episódico
3122801;Episódico
3122900;Episódico/Epidêmico
3123007;Episódico
3123106;Episódico
3123205;Episódico/Epidêmico
3123304;Episódico
3123403;Episódico/Epidêmico
3123502;Episódico/Epidêmico
3123528;Episódico
3123601;Episódico
3123700;Episódico/Epidêmico
3123809;Episódico/Epidêmico
3123858;Episódico/Epidêmico
3123908;Episódico/Epidêmico
3124005;Episódico
3124104;Epidêmico
3124203;Episódico/Epidêmico
3124302;Episódico/Epidêmico
3124401;Sem transmissão
3124500;Episódico
3124609;Episódico
3124708;Episódico/Epidêmico
3124807;Episódico/Epidêmico
3124906;Episódico/Epidêmico
3125002;Episódico
3125101;Episódico
3125200;Episódico
3125309;Episódico
3125408;Episódico
3125507;Episódico
3125606;Episódico/Epidêmico
3125705;Epidêmico
3125804;Episódico
3125903;Episódico/Epidêmico
3125952;Episódico
3126000;Episódico
3126109;Epidêmico
3126208;Episódico/Epidêmico
3126307;Episódico/Epidêmico
3126406;Episódico/Epidêmico
3126505;Episódico/Epidêmico
3126604;Episódico/Epidêmico
3126703;Episódico/Epidêmico
3126752;Episódico/Epidêmico
3126802;Episódico/Epidêmico
3126901;Episódico
3126950;Episódico
3127008;Episódico/Epidêmico
3127057;Episódico/Epidêmico
3127073;Episódico/Epidêmico
3127107;Epidêmico
3127206;Episódico/Epidêmico
3127305;Episódico/Epidêmico
3127339;Episódico/Epidêmico
3127354;Episódico/Epidêmico
3127370;Episódico
3127388;Episódico
3127404;Episódico
3127503;Episódico/Epidêmico
3127602;Episódico/Epidêmico
3127701;Epidêmico
3127800;Episódico
3127909;Episódico/Epidêmico
3128006;Episódico/Epidêmico
3128105;Episódico/Epidêmico
3128204;Episódico
3128253;Episódico/Epidêmico
3128303;Episódico/Epidêmico
3128402;Episódico/Epidêmico
3128501;Episódico/Epidêmico
3128600;Episódico/Epidêmico
3128709;Episódico/Epidêmico
3128808;Episódico/Epidêmico
3128907;Episódico/Epidêmico
3129004;Episódico/Epidêmico
3129103;Episódico/Epidêmico
3129202;Episódico
3129301;Episódico
3129400;Episódico
3129509;Epidêmico
3129608;Episódico/Epidêmico
3129657;Episódico/Epidêmico
3129707;Episódico/Epidêmico
3129806;Epidêmico
3129905;Episódico
3130002;Episódico
3130051;Episódico/Epidêmico
3130101;Episódico/Epidêmico
3130200;Episódico/Epidêmico
3130309;Episódico/Epidêmico
3130408;Episódico/Epidêmico
3130507;Episódico/Epidêmico
3130556;Episódico/Epidêmico
3130606;Episódico/Epidêmico
3130655;Episódico
3130705;Episódico/Epidêmico
3130804;Episódico
3130903;Episódico/Epidêmico
3131000;Episódico/Epidêmico
3131109;Episódico/Epidêmico
3131158;Episódico/Epidêmico
3131208;Episódico/Epidêmico
3131307;Epidêmico
3131406;Episódico/Epidêmico
3131505;Episódico
3131604;Episódico/Epidêmico
3131703;Epidêmico
3131802;Episódico/Epidêmico
3131901;Episódico/Epidêmico
3132008;Episódico
3132107;Episódico/Epidêmico
3132206;Episódico/Epidêmico
3132305;Episódico/Epidêmico
3132404;Epidêmico
3132503;Episódico/Epidêmico
3132602;Episódico/Epidêmico
3132701;Episódico/Epidêmico
3132800;Sem transmissão
3132909;Episódico/Epidêmico
3133006;Episódico/Epidêmico
3133105;Episódico/Epidêmico
3133204;Episódico
3133303;Episódico/Epidêmico
3133402;Epidêmico
3133501;Episódico/Epidêmico
3133600;Episódico
3133709;Episódico/Epidêmico
3133758;Episódico/Epidêmico
3133808;Episódico/Epidêmico
3133907;Episódico
3134004;Episódico/Epidêmico
3134103;Episódico/Epidêmico
3134202;Epidêmico
3134301;Episódico
3134400;Epidêmico
3134509;Episódico
3134608;Episódico/Epidêmico
3134707;Episódico/Epidêmico
3134806;Episódico/Epidêmico
3134905;Episódico/Epidêmico
3135001;Episódico
3135050;Episódico/Epidêmico
3135076;Episódico
3135100;Epidêmico
3135209;Episódico/Epidêmico
3135308;Episódico
3135357;Episódico/Epidêmico
3135407;Episódico
3135456;Episódico/Epidêmico
3135506;Episódico/Epidêmico
3135605;Episódico/Epidêmico
3135704;Episódico
3135803;Episódico/Epidêmico
3135902;Episódico
3136009;Episódico
3136108;Episódico/Epidêmico
3136207;Episódico/Epidêmico
3136306;Epidêmico
3136405;Episódico/Epidêmico
3136504;Episódico
3136520;Episódico
3136553;Episódico/Epidêmico
3136579;Episódico
3136603;Episódico/Epidêmico
3136652;Episódico/Epidêmico
3136702;Epidêmico
3136801;Episódico
3136900;Episódico/Epidêmico
3136959;Episódico/Epidêmico
3137007;Episódico
3137106;Episódico/Epidêmico
3137205;Epidêmico
3137304;Episódico
3137403;Episódico/Epidêmico
3137502;Episódico/Epidêmico
3137536;Epidêmico
3137601;Epidêmico
3137700;Episódico/Epidêmico
3137809;Episódico
3137908;Episódico
3138005;Episódico/Epidêmico
3138104;Episódico/Epidêmico
3138203;Episódico/Epidêmico
3138302;Episódico/Epidêmico
3138351;Episódico/Epidêmico
3138401;Episódico/Epidêmico
3138500;Episódico
3138609;Episódico/Epidêmico
3138625;Epidêmico
3138658;Episódico/Epidêmico
3138674;Episódico
3138682;Episódico/Epidêmico
3138708;Episódico
3138807;Episódico/Epidêmico
3138906;Episódico/Epidêmico
3139003;Episódico/Epidêmico
3139102;Episódico
3139201;Episódico/Epidêmico
3139250;Episódico/Epidêmico
3139300;Episódico/Epidêmico
3139409;Epidêmico
3139508;Episódico/Epidêmico
3139607;Episódico/Epidêmico
3139706;Episódico/Epidêmico
3139805;Episódico/Epidêmico
3139904;Episódico
3140001;Episódico/Epidêmico
3140100;Episódico/Epidêmico
3140159;Episódico/Epidêmico
3140209;Episódico
3140308;Episódico/Epidêmico
3140407;Episódico
3140506;Episódico/Epidêmico
3140530;Episódico
3140555;Episódico/Epidêmico
3140605;Episódico
3140704;Episódico/Epidêmico
3140803;Episódico/Epidêmico
3140852;Episódico/Epidêmico
3140902;Episódico
3141009;Episódico/Epidêmico
3141108;Episódico/Epidêmico
3141207;Episódico/Epidêmico
3141306;Episódico
3141405;Episódico/Epidêmico
3141504;Episódico
3141603;Episódico
3141702;Episódico/Epidêmico
3141801;Episódico/Epidêmico
3141900;Episódico
3142007;Episódico/Epidêmico
3142106;Episódico/Epidêmico
3142205;Episódico/Epidêmico
3142254;Episódico/Epidêmico
3142304;Episódico/Epidêmico
3142403;Episódico
3142502;Episódico/Epidêmico
3142601;Episódico/Epidêmico
3142700;Epidêmico
3142809;Episódico/Epidêmico
3142908;Episódico/Epidêmico
3143005;Episódico/Epidêmico
3143104;Epidêmico
3143153;Episódico
3143203;Episódico/Epidêmico
3143302;Transmissão Persistente
3143401;Episódico/Epidêmico
3143450;Episódico
3143500;Epidêmico
3143609;Episódico/Epidêmico
3143708;Episódico
3143807;Episódico
3143906;Epidêmico
3144003;Episódico/Epidêmico
3144102;Episódico/Epidêmico
3144201;Episódico
3144300;Episódico/Epidêmico
3144359;Episódico/Epidêmico
3144375;Episódico/Epidêmico
3144409;Episódico
3144508;Episódico/Epidêmico
3144607;Episódico/Epidêmico
3144656;Episódico
3144672;Episódico
3144706;Episódico/Epidêmico
3144805;Epidêmico
3144904;Episódico/Epidêmico
3145000;Episódico/Epidêmico
3145059;Episódico/Epidêmico
3145109;Episódico
3145208;Epidêmico
3145307;Episódico/Epidêmico
3145356;Episódico/Epidêmico
3145372;Episódico
3145406;Episódico
3145455;Episódico/Epidêmico
3145505;Episódico
3145604;Episódico/Epidêmico
3145703;Episódico
3145802;Episódico/Epidêmico
3145851;Episódico
3145877;Episódico
3145901;Episódico/Epidêmico
3146008;Episódico/Epidêmico
3146107;Episódico/Epidêmico
3146206;Episódico/Epidêmico
3146255;Episódico/Epidêmico
3146305;Episódico/Epidêmico
3146404;Episódico/Epidêmico
3146503;Episódico/Epidêmico
3146552;Episódico/Epidêmico
3146602;Episódico
3146701;Episódico/Epidêmico
3146750;Episódico
3146909;Episódico/Epidêmico
3147006;Epidêmico
3147105;Epidêmico
3147204;Episódico/Epidêmico
3147303;Episódico/Epidêmico
3147402;Epidêmico
3147501;Episódico
3147600;Episódico/Epidêmico
3147709;Episódico/Epidêmico
3147808;Episódico
3147907;Epidêmico
3147956;Episódico
3148004;Epidêmico
3148103;Epidêmico
3148202;Episódico
3148301;Episódico
3148400;Episódico
3148509;Episódico
3148608;Episódico/Epidêmico
3148707;Episódico/Epidêmico
3148756;Episódico
3148806;Episódico/Epidêmico
3148905;Episódico/Epidêmico
3149002;Episódico
3149101;Episódico
3149150;Episódico
3149200;Episódico/Epidêmico
3149309;Epidêmico
3149408;Episódico
3149507;Episódico/Epidêmico
3149606;Episódico/Epidêmico
3149705;Episódico/Epidêmico
3149804;Episódico/Epidêmico
3149903;Episódico/Epidêmico
3149952;Episódico
3150000;Episódico/Epidêmico
3150109;Episódico/Epidêmico
3150158;Episódico/Epidêmico
3150208;Episódico
3150307;Episódico
3150406;Episódico
3150505;Episódico/Epidêmico
3150539;Episódico/Epidêmico
3150570;Episódico
3150604;Episódico
3150703;Epidêmico
3150802;Episódico
3150901;Episódico
3151008;Episódico
3151107;Episódico/Epidêmico
3151206;Episódico/Epidêmico
3151305;Episódico/Epidêmico
3151404;Episódico/Epidêmico
3151503;Epidêmico
3151602;Epidêmico
3151701;Episódico
3151800;Episódico/Epidêmico
3151909;Episódico/Epidêmico
3152006;Episódico/Epidêmico
3152105;Epidêmico
3152131;Sem transmissão
3152170;Episódico/Epidêmico
3152204;Epidêmico
3152303;Episódico
3152402;Episódico/Epidêmico
3152501;Episódico/Epidêmico
3152600;Episódico
3152709;Episódico/Epidêmico
3152808;Epidêmico
3152907;Episódico/Epidêmico
3153004;Episódico/Epidêmico
3153103;Episódico
3153202;Episódico/Epidêmico
3153301;Episódico
3153400;Episódico/Epidêmico
3153509;Episódico/Epidêmico
3153608;Episódico/Epidêmico
3153707;Episódico/Epidêmico
3153806;Episódico
3153905;Episódico/Epidêmico
3154002;Episódico/Epidêmico
3154101;Episódico/Epidêmico
3154150;Episódico
3154200;Episódico
3154309;Episódico/Epidêmico
3154408;Sem transmissão
3154457;Episódico/Epidêmico
3154507;Episódico/Epidêmico
3154606;Epidêmico
3154705;Episódico/Epidêmico
3154804;Episódico/Epidêmico
3154903;Episódico/Epidêmico
3155009;Episódico
3155108;Episódico/Epidêmico
3155207;Episódico
3155306;Episódico/Epidêmico
3155405;Episódico/Epidêmico
3155504;Episódico/Epidêmico
3155603;Episódico/Epidêmico
3155702;Episódico/Epidêmico
3155801;Episódico/Epidêmico
3155900;Episódico
3156007;Episódico
3156106;Episódico/Epidêmico
3156205;Episódico
3156304;Episódico/Epidêmico
3156403;Episódico/Epidêmico
3156452;Episódico
3156502;Episódico/Epidêmico
3156601;Episódico
3156700;Epidêmico
3156809;Episódico/Epidêmico
3156908;Epidêmico
3157005;Episódico/Epidêmico
3157104;Episódico/Epidêmico
3157203;Episódico/Epidêmico
3157252;Episódico
3157278;Episódico
3157302;Episódico
3157336;Episódico/Epidêmico
3157377;Episódico/Epidêmico
3157401;Episódico
3157500;Episódico
3157609;Episódico/Epidêmico
3157658;Episódico/Epidêmico
3157708;Episódico/Epidêmico
3157807;Epidêmico
3157906;Episódico
3158003;Episódico
3158102;Episódico
3158201;Episódico/Epidêmico
3158300;Episódico/Epidêmico
3158409;Episódico/Epidêmico
3158508;Episódico/Epidêmico
3158607;Episódico
3158706;Sem transmissão
3158805;Episódico
3158904;Episódico/Epidêmico
3158953;Episódico/Epidêmico
3159001;Episódico/Epidêmico
3159100;Episódico
3159209;Episódico
3159308;Episódico
3159357;Episódico
3159407;Sem transmissão
3159506;Episódico
3159605;Episódico/Epidêmico
3159704;Episódico/Epidêmico
3159803;Epidêmico
3159902;Episódico/Epidêmico
3160009;Episódico
3160108;Episódico/Epidêmico
3160207;Episódico/Epidêmico
3160306;Episódico/Epidêmico
3160405;Epidêmico
3160454;Episódico
3160504;Sem transmissão
3160603;Episódico
3160702;Episódico/Epidêmico
3160801;Sem transmissão
3160900;Episódico
3160959;Episódico
3161007;Episódico
3161056;Episódico
3161106;Episódico/Epidêmico
3161205;Episódico
3161304;Episódico/Epidêmico
3161403;Episódico
3161502;Episódico/Epidêmico
3161601;Episódico
3161650;Episódico
3161700;Episódico/Epidêmico
3161809;Episódico/Epidêmico
3161908;Epidêmico
3162005;Episódico/Epidêmico
3162104;Episódico/Epidêmico
3162203;Episódico/Epidêmico
3162252;Episódico/Epidêmico
3162302;Episódico
3162401;Episódico/Epidêmico
3162450;Episódico/Epidêmico
3162500;Epidêmico
3162559;Episódico
3162575;Episódico/Epidêmico
3162609;Episódico
3162658;Episódico/Epidêmico
3162708;Episódico/Epidêmico
3162807;Episódico
3162906;Episódico/Epidêmico
3162922;Episódico/Epidêmico
3162948;Episódico/Epidêmico
3162955;Episódico/Epidêmico
3163003;Episódico/Epidêmico
3163102;Episódico/Epidêmico
3163201;Episódico
3163300;Episódico
3163409;Episódico/Epidêmico
3163508;Episódico
3163607;Episódico
3163706;Episódico/Epidêmico
3163805;Episódico
3163904;Episódico/Epidêmico
3164001;Episódico/Epidêmico
3164100;Episódico
3164209;Episódico
3164308;Episódico/Epidêmico
3164407;Episódico
3164431;Episódico
3164472;Episódico
3164506;Episódico
3164605;Episódico/Epidêmico
3164704;Epidêmico
3164803;Sem transmissão
3164902;Episódico
3165008;Episódico/Epidêmico
3165107;Episódico/Epidêmico
3165206;Episódico
3165305;Episódico
3165404;Episódico
3165503;Episódico
3165537;Epidêmico
3165552;Episódico/Epidêmico
3165560;Episódico
3165578;Episódico
3165602;Episódico
3165701;Episódico/Epidêmico
3165800;Episódico
3165909;Episódico/Epidêmico
3166006;Episódico
3166105;Episódico
3166204;Episódico
3166303;Episódico
3166402;Episódico
3166501;Episódico
3166600;Episódico/Epidêmico
3166709;Episódico/Epidêmico
3166808;Episódico/Epidêmico
3166907;Episódico/Epidêmico
3166956;Episódico/Epidêmico
3167004;Episódico
3167103;Episódico/Epidêmico
3167202;Epidêmico
3167301;Episódico
3167400;Episódico
3167509;Episódico
3167608;Episódico/Epidêmico
3167707;Episódico/Epidêmico
3167806;Episódico
3167905;Episódico/Epidêmico
3168002;Episódico/Epidêmico
3168051;Episódico/Epidêmico
3168101;Episódico
3168200;Episódico
3168309;Episódico/Epidêmico
3168408;Episódico
3168507;Episódico/Epidêmico
3168606;Epidêmico
3168705;Epidêmico
3168804;Episódico
3168903;Episódico/Epidêmico
3169000;Epidêmico
3169059;Episódico
3169109;Episódico
3169208;Episódico/Epidêmico
3169307;Episódico/Epidêmico
3169356;Epidêmico
3169406;Episódico/Epidêmico
3169505;Episódico/Epidêmico
3169604;Episódico/Epidêmico
3169703;Epidêmico
3169802;Episódico
3169901;Epidêmico
3170008;Episódico/Epidêmico
3170057;Episódico/Epidêmico
3170107;Transmissão Persistente
3170206;Transmissão Persistente
3170305;Episódico
3170404;Epidêmico
3170438;Episódico/Epidêmico
3170479;Episódico/Epidêmico
3170503;Episódico
3170529;Episódico/Epidêmico
3170578;Episódico/Epidêmico
3170602;Episódico/Epidêmico
3170651;Episódico
3170701;Epidêmico
3170750;Episódico/Epidêmico
3170800;Epidêmico
3170909;Episódico/Epidêmico
3171006;Episódico/Epidêmico
3171030;Episódico/Epidêmico
3171071;Episódico
3171105;Episódico/Epidêmico
3171154;Episódico
3171204;Epidêmico
3171303;Episódico/Epidêmico
3171402;Episódico
3171501;Episódico
3171600;Episódico/Epidêmico
3171709;Episódico
3171808;Episódico
3171907;Episódico
3172004;Epidêmico
3172103;Episódico/Epidêmico
3172202;Episódico
3200102;Epidêmico
3200136;Episódico/Epidêmico
3200169;Episódico/Epidêmico
3200201;Episódico/Epidêmico
3200300;Episódico/Epidêmico
3200359;Episódico/Epidêmico
3200409;Episódico/Epidêmico
3200508;Episódico/Epidêmico
3200607;Epidêmico
3200706;Episódico/Epidêmico
3200805;Episódico/Epidêmico
3200904;Epidêmico
3201001;Episódico/Epidêmico
3201100;Episódico/Epidêmico
3201159;Episódico/Epidêmico
3201209;Epidêmico
3201308;Epidêmico
3201407;Epidêmico
3201506;Epidêmico
3201605;Episódico/Epidêmico
3201704;Episódico/Epidêmico
3201803;Episódico
3201902;Episódico/Epidêmico
3202009;Episódico
3202108;Episódico/Epidêmico
3202207;Episódico/Epidêmico
3202256;Episódico
3202306;Episódico/Epidêmico
3202405;Epidêmico
3202454;Episódico/Epidêmico
3202504;Episódico/Epidêmico
3202553;Episódico
3202603;Episódico/Epidêmico
3202652;Episódico/Epidêmico
3202702;Epidêmico
3202801;Epidêmico
3202900;Episódico/Epidêmico
3203007;Episódico/Epidêmico
3203056;Epidêmico
3203106;Episódico/Epidêmico
3203130;Episódico/Epidêmico
3203163;Episódico/Epidêmico
3203205;Epidêmico
3203304;Episódico/Epidêmico
3203320;Episódico/Epidêmico
3203346;Episódico/Epidêmico
3203353;Episódico/Epidêmico
3203403;Episódico/Epidêmico
3203502;Episódico/Epidêmico
3203601;Episódico/Epidêmico
3203700;Episódico/Epidêmico
3203809;Episódico/Epidêmico
3203908;Epidêmico
3204005;Episódico/Epidêmico
3204054;Epidêmico
3204104;Episódico/Epidêmico
3204203;Episódico/Epidêmico
3204252;Episódico/Epidêmico
3204302;Episódico/Epidêmico
3204351;Episódico/Epidêmico
3204401;Episódico/Epidêmico
3204500;Episódico
3204559;Episódico/Epidêmico
3204609;Epidêmico
3204658;Episódico/Epidêmico
3204708;Epidêmico
3204807;Episódico/Epidêmico
3204906;Epidêmico
3204955;Episódico/Epidêmico
3205002;Transmissão Persistente
3205010;Epidêmico
3205036;Episódico/Epidêmico
3205069;Episódico/Epidêmico
3205101;Epidêmico
3205150;Episódico/Epidêmico
3205176;Episódico/Epidêmico
3205200;Epidêmico
3205309;Transmissão Persistente
3300100;Epidêmico
3300159;Episódico/Epidêmico
3300209;Episódico/Epidêmico
3300225;Episódico
3300233;Episódico/Epidêmico
3300258;Episódico/Epidêmico
3300308;Episódico/Epidêmico
3300407;Episódico/Epidêmico
3300456;Epidêmico
3300506;Episódico
3300605;Episódico/Epidêmico
3300704;Epidêmico
3300803;Episódico/Epidêmico
3300902;Episódico
3300936;Episódico/Epidêmico
3300951;Episódico
3301009;Epidêmico
3301108;Episódico/Epidêmico
3301157;Episódico/Epidêmico
3301207;Episódico/Epidêmico
3301306;Episódico/Epidêmico
3301405;Episódico/Epidêmico
3301504;Episódico/Epidêmico
3301603;Episódico
3301702;Epidêmico
3301801;Episódico/Epidêmico
3301850;Episódico/Epidêmico
3301876;Epidêmico
3301900;Epidêmico
3302007;Episódico/Epidêmico
3302056;Episódico/Epidêmico
3302106;Episódico/Epidêmico
3302205;Epidêmico
3302254;Episódico/Epidêmico
3302270;Episódico/Epidêmico
3302304;Episódico
3302403;Epidêmico
3302452;Episódico
3302502;Episódico/Epidêmico
3302601;Episódico/Epidêmico
3302700;Epidêmico
3302809;Episódico
3302858;Episódico/Epidêmico
3302908;Episódico/Epidêmico
3303005;Episódico/Epidêmico
3303104;Episódico/Epidêmico
3303203;Episódico/Epidêmico
3303302;Epidêmico
3303401;Epidêmico
3303500;Epidêmico
3303609;Episódico/Epidêmico
3303708;Episódico/Epidêmico
3303807;Epidêmico
3303856;Episódico/Epidêmico
3303906;Episódico/Epidêmico
3303955;Episódico/Epidêmico
3304003;Epidêmico
3304102;Episódico/Epidêmico
3304110;Episódico/Epidêmico
3304128;Episódico/Epidêmico
3304144;Episódico/Epidêmico
3304151;Episódico/Epidêmico
3304201;Epidêmico
3304300;Episódico/Epidêmico
3304409;Episódico/Epidêmico
3304508;Episódico
3304524;Epidêmico
3304557;Transmissão Persistente
3304607;Episódico
3304706;Episódico/Epidêmico
3304755;Episódico/Epidêmico
3304805;Episódico/Epidêmico
3304904;Epidêmico
3305000;Episódico
3305109;Epidêmico
3305133;Episódico/Epidêmico
3305158;Episódico
3305208;Episódico/Epidêmico
3305307;Episódico
3305406;Episódico/Epidêmico
3305505;Epidêmico
3305554;Episódico/Epidêmico
3305604;Episódico
3305703;Episódico
3305752;Episódico/Epidêmico
3305802;Episódico/Epidêmico
3305901;Episódico
3306008;Episódico/Epidêmico
3306107;Episódico/Epidêmico
3306156;Episódico/Epidêmico
3306206;Episódico/Epidêmico
3306305;Epidêmico
3500105;Epidêmico
3500204;Episódico/Epidêmico
3500303;Episódico/Epidêmico
3500402;Episódico/Epidêmico
3500501;Episódico/Epidêmico
3500550;Episódico/Epidêmico
3500600;Episódico/Epidêmico
3500709;Episódico/Epidêmico
3500758;Episódico
3500808;Episódico/Epidêmico
3500907;Episódico/Epidêmico
3501004;Episódico/Epidêmico
3501103;Episódico/Epidêmico
3501152;Episódico/Epidêmico
3501202;Epidêmico
3501301;Epidêmico
3501400;Episódico/Epidêmico
3501509;Episódico/Epidêmico
3501608;Epidêmico
3501707;Epidêmico
3501806;Episódico/Epidêmico
3501905;Epidêmico
3502002;Episódico/Epidêmico
3502101;Epidêmico
3502200;Episódico/Epidêmico
3502309;Episódico/Epidêmico
3502408;Episódico/Epidêmico
3502507;Episódico/Epidêmico
3502606;Episódico/Epidêmico
3502705;Episódico/Epidêmico
3502754;Episódico/Epidêmico
3502804;Epidêmico
3502903;Episódico/Epidêmico
3503000;Episódico
3503109;Episódico/Epidêmico
3503158;Episódico
3503208;Transmissão Persistente
3503307;Epidêmico
3503356;Episódico/Epidêmico
3503406;Episódico/Epidêmico
3503505;Episódico/Epidêmico
3503604;Episódico/Epidêmico
3503703;Episódico/Epidêmico
3503802;Epidêmico
3503901;Epidêmico
3503950;Episódico/Epidêmico
3504008;Epidêmico
3504107;Epidêmico
3504206;Episódico/Epidêmico
3504305;Episódico/Epidêmico
3504404;Episódico/Epidêmico
3504503;Episódico/Epidêmico
3504602;Epidêmico
3504701;Episódico/Epidêmico
3504800;Episódico/Epidêmico
3504909;Episódico/Epidêmico
3505005;Episódico/Epidêmico
3505104;Epidêmico
3505203;Episódico/Epidêmico
3505302;Episódico/Epidêmico
3505351;Episódico
3505401;Episódico
3505500;Epidêmico
3505609;Epidêmico
3505708;Epidêmico
3505807;Epidêmico
3505906;Epidêmico
3506003;Transmissão Persistente
3506102;Epidêmico
3506201;Episódico/Epidêmico
3506300;Episódico/Epidêmico
3506359;Epidêmico
3506409;Episódico/Epidêmico
3506508;Epidêmico
3506607;Episódico/Epidêmico
3506706;Epidêmico
3506805;Episódico/Epidêmico
3506904;Episódico/Epidêmico
3507001;Episódico/Epidêmico
3507100;Episódico
3507159;Episódico
3507209;Episódico/Epidêmico
3507308;Episódico/Epidêmico
3507407;Epidêmico
3507456;Episódico/Epidêmico
3507506;Epidêmico
3507605;Epidêmico
3507704;Episódico/Epidêmico
3507753;Episódico/Epidêmico
3507803;Episódico/Epidêmico
3507902;Epidêmico
3508009;Episódico/Epidêmico
3508108;Epidêmico
3508207;Episódico/Epidêmico
3508306;Episódico/Epidêmico
3508405;Episódico/Epidêmico
3508504;Epidêmico
3508603;Epidêmico
3508702;Episódico/Epidêmico
3508801;Episódico/Epidêmico
3508900;Episódico/Epidêmico
3509007;Episódico/Epidêmico
3509106;Episódico/Epidêmico
3509205;Episódico/Epidêmico
3509254;Episódico/Epidêmico
3509304;Episódico/Epidêmico
3509403;Episódico/Epidêmico
3509452;Episódico
3509502;Transmissão Persistente
3509601;Episódico/Epidêmico
3509700;Episódico/Epidêmico
3509809;Episódico/Epidêmico
3509908;Episódico/Epidêmico
3509957;Episódico/Epidêmico
3510005;Epidêmico
3510104;Episódico/Epidêmico
3510153;Episódico/Epidêmico
3510203;Episódico/Epidêmico
3510302;Epidêmico
3510401;Epidêmico
3510500;Epidêmico
3510609;Episódico/Epidêmico
3510708;Episódico/Epidêmico
3510807;Episódico/Epidêmico
3510906;Episódico/Epidêmico
3511003;Epidêmico
3511102;Epidêmico
3511201;Episódico/Epidêmico
3511300;Epidêmico
3511409;Episódico/Epidêmico
3511508;Episódico/Epidêmico
3511607;Episódico/Epidêmico
3511706;Epidêmico
3511904;Episódico/Epidêmico
3512001;Episódico/Epidêmico
3512100;Episódico/Epidêmico
3512209;Epidêmico
3512308;Episódico/Epidêmico
3512407;Epidêmico
3512506;Epidêmico
3512605;Episódico
3512704;Episódico/Epidêmico
3512803;Episódico/Epidêmico
3512902;Episódico/Epidêmico
3513009;Epidêmico
3513108;Episódico/Epidêmico
3513207;Episódico/Epidêmico
3513306;Episódico/Epidêmico
3513405;Episódico/Epidêmico
3513504;Epidêmico
3513603;Episódico
3513702;Epidêmico
3513801;Epidêmico
3513850;Episódico/Epidêmico
3513900;Episódico/Epidêmico
3514007;Episódico/Epidêmico
3514106;Episódico/Epidêmico
3514205;Episódico/Epidêmico
3514304;Episódico/Epidêmico
3514403;Epidêmico
3514502;Episódico/Epidêmico
3514601;Episódico/Epidêmico
3514700;Episódico/Epidêmico
3514809;Episódico/Epidêmico
3514908;Episódico/Epidêmico
3514924;Episódico/Epidêmico
3514957;Episódico/Epidêmico
3515004;Episódico/Epidêmico
3515103;Episódico/Epidêmico
3515129;Episódico/Epidêmico
3515152;Epidêmico
3515186;Epidêmico
3515194;Episódico/Epidêmico
3515202;Epidêmico
3515301;Episódico/Epidêmico
3515350;Episódico/Epidêmico
3515400;Episódico/Epidêmico
3515509;Epidêmico
3515608;Episódico/Epidêmico
3515657;Episódico/Epidêmico
3515707;Episódico/Epidêmico
3515806;Episódico
3515905;Episódico/Epidêmico
3516002;Episódico/Epidêmico
3516101;Episódico/Epidêmico
3516200;Epidêmico
3516309;Episódico/Epidêmico
3516408;Episódico/Epidêmico
3516507;Episódico/Epidêmico
3516606;Episódico/Epidêmico
3516705;Epidêmico
3516804;Episódico/Epidêmico
3516853;Epidêmico
3516903;Episódico/Epidêmico
3517000;Episódico/Epidêmico
3517109;Episódico/Epidêmico
3517208;Episódico/Epidêmico
3517307;Episódico/Epidêmico
3517406;Epidêmico
3517505;Epidêmico
3517604;Episódico/Epidêmico
3517703;Episódico/Epidêmico
3517802;Epidêmico
3517901;Episódico/Epidêmico
3518008;Episódico/Epidêmico
3518107;Episódico/Epidêmico
3518206;Epidêmico
3518305;Epidêmico
3518404;Epidêmico
3518503;Episódico/Epidêmico
3518602;Episódico/Epidêmico
3518701;Epidêmico
3518800;Epidêmico
3518859;Episódico/Epidêmico
3518909;Episódico/Epidêmico
3519006;Epidêmico
3519055;Epidêmico
3519071;Epidêmico
3519105;Episódico/Epidêmico
3519204;Episódico/Epidêmico
3519253;Episódico/Epidêmico
3519303;Episódico/Epidêmico
3519402;Epidêmico
3519501;Episódico/Epidêmico
3519600;Epidêmico
3519709;Episódico/Epidêmico
3519808;Episódico/Epidêmico
3519907;Epidêmico
3520004;Episódico/Epidêmico
3520103;Episódico/Epidêmico
3520202;Episódico/Epidêmico
3520301;Episódico/Epidêmico
3520400;Epidêmico
3520426;Episódico/Epidêmico
3520442;Epidêmico
3520509;Epidêmico
3520608;Episódico/Epidêmico
3520707;Epidêmico
3520806;Episódico/Epidêmico
3520905;Episódico/Epidêmico
3521002;Epidêmico
3521101;Episódico/Epidêmico
3521150;Epidêmico
3521200;Episódico
3521309;Episódico/Epidêmico
3521408;Episódico/Epidêmico
3521507;Episódico/Epidêmico
3521606;Epidêmico
3521705;Episódico/Epidêmico
3521804;Episódico/Epidêmico
3521903;Epidêmico
3522000;Episódico/Epidêmico
3522109;Epidêmico
3522158;Episódico
3522208;Episódico/Epidêmico
3522307;Epidêmico
3522406;Epidêmico
3522505;Episódico/Epidêmico
3522604;Epidêmico
3522653;Episódico
3522703;Epidêmico
3522802;Episódico/Epidêmico
3522901;Episódico/Epidêmico
3523008;Episódico/Epidêmico
3523107;Epidêmico
3523206;Episódico/Epidêmico
3523305;Episódico/Epidêmico
3523404;Episódico/Epidêmico
3523503;Episódico/Epidêmico
3523602;Episódico/Epidêmico
3523701;Episódico/Epidêmico
3523800;Episódico/Epidêmico
3523909;Epidêmico
3524006;Episódico/Epidêmico
3524105;Episódico/Epidêmico
3524204;Episódico/Epidêmico
3524303;Epidêmico
3524402;Epidêmico
3524501;Epidêmico
3524600;Episódico/Epidêmico
3524709;Epidêmico
3524808;Epidêmico
3524907;Episódico
3525003;Episódico/Epidêmico
3525102;Episódico/Epidêmico
3525201;Episódico/Epidêmico
3525300;Epidêmico
3525409;Episódico/Epidêmico
3525508;Episódico/Epidêmico
3525607;Episódico/Epidêmico
3525706;Epidêmico
3525805;Episódico/Epidêmico
3525854;Episódico/Epidêmico
3525904;Epidêmico
3526001;Epidêmico
3526100;Episódico/Epidêmico
3526209;Episódico
3526308;Episódico/Epidêmico
3526407;Episódico/Epidêmico
3526506;Episódico/Epidêmico
3526605;Episódico/Epidêmico
3526704;Epidêmico
3526803;Episódico/Epidêmico
3526902;Epidêmico
3527009;Episódico/Epidêmico
3527108;Epidêmico
3527207;Epidêmico
3527256;Episódico/Epidêmico
3527306;Episódico/Epidêmico
3527405;Epidêmico
3527504;Episódico/Epidêmico
3527603;Episódico/Epidêmico
3527702;Episódico/Epidêmico
3527801;Episódico/Epidêmico
3527900;Episódico/Epidêmico
3528007;Episódico/Epidêmico
3528106;Episódico/Epidêmico
3528205;Episódico/Epidêmico
3528304;Episódico/Epidêmico
3528403;Episódico/Epidêmico
3528502;Epidêmico
3528601;Episódico
3528700;Episódico/Epidêmico
3528809;Episódico/Epidêmico
3528858;Episódico/Epidêmico
3528908;Episódico/Epidêmico
3529005;Epidêmico
3529104;Episódico/Epidêmico
3529203;Episódico/Epidêmico
3529302;Epidêmico
3529401;Epidêmico
3529500;Epidêmico
3529609;Episódico/Epidêmico
3529658;Episódico/Epidêmico
3529708;Episódico/Epidêmico
3529807;Episódico/Epidêmico
3529906;Episódico/Epidêmico
3530003;Episódico/Epidêmico
3530102;Epidêmico
3530201;Epidêmico
3530300;Epidêmico
3530409;Episódico/Epidêmico
3530508;Epidêmico
3530607;Epidêmico
3530706;Epidêmico
3530805;Epidêmico
3530904;Episódico/Epidêmico
3531001;Episódico/Epidêmico
3531100;Epidêmico
3531209;Episódico/Epidêmico
3531308;Epidêmico
3531407;Epidêmico
3531506;Episódico/Epidêmico
3531605;Episódico/Epidêmico
3531704;Episódico
3531803;Episódico/Epidêmico
3531902;Epidêmico
3532009;Episódico/Epidêmico
3532058;Episódico/Epidêmico
3532108;Episódico/Epidêmico
3532157;Episódico/Epidêmico
3532207;Epidêmico
3532306;Episódico
3532405;Episódico/Epidêmico
3532504;Episódico/Epidêmico
3532603;Epidêmico
3532702;Episódico/Epidêmico
3532801;Epidêmico
3532827;Episódico
3532843;Episódico/Epidêmico
3532868;Episódico/Epidêmico
3532900;Episódico/Epidêmico
3533007;Epidêmico
3533106;Episódico/Epidêmico
3533205;Epidêmico
3533254;Episódico/Epidêmico
3533304;Episódico/Epidêmico
3533403;Episódico/Epidêmico
3533502;Epidêmico
3533601;Episódico/Epidêmico
3533700;Episódico/Epidêmico
3533809;Episódico
3533908;Epidêmico
3534005;Episódico/Epidêmico
3534104;Episódico/Epidêmico
3534203;Epidêmico
3534302;Epidêmico
3534401;Epidêmico
3534500;Episódico/Epidêmico
3534609;Epidêmico
3534708;Epidêmico
3534757;Epidêmico
3534807;Epidêmico
3534906;Epidêmico
3535002;Epidêmico
3535101;Epidêmico
3535200;Epidêmico
3535309;Epidêmico
3535408;Epidêmico
3535507;Epidêmico
3535606;Episódico/Epidêmico
3535705;Episódico/Epidêmico
3535804;Episódico/Epidêmico
3535903;Episódico/Epidêmico
3536000;Epidêmico
3536109;Episódico/Epidêmico
3536208;Episódico/Epidêmico
3536257;Episódico/Epidêmico
3536307;Episódico/Epidêmico
3536406;Epidêmico
3536505;Epidêmico
3536570;Episódico
3536604;Epidêmico
3536703;Epidêmico
3536802;Episódico
3536901;Epidêmico
3537008;Episódico/Epidêmico
3537107;Epidêmico
3537156;Episódico/Epidêmico
3537206;Episódico/Epidêmico
3537305;Epidêmico
3537404;Epidêmico
3537503;Episódico/Epidêmico
3537602;Epidêmico
3537701;Episódico/Epidêmico
3537800;Episódico/Epidêmico
3537909;Episódico/Epidêmico
3538006;Epidêmico
3538105;Epidêmico
3538204;Episódico
3538303;Episódico/Epidêmico
3538501;Episódico/Epidêmico
3538600;Episódico
3538709;Epidêmico
3538808;Episódico/Epidêmico
3538907;Episódico/Epidêmico
3539004;Epidêmico
3539103;Episódico
3539202;Epidêmico
3539301;Episódico/Epidêmico
3539400;Episódico/Epidêmico
3539509;Epidêmico
3539608;Episódico/Epidêmico
3539707;Episódico/Epidêmico
3539806;Episódico/Epidêmico
3539905;Episódico/Epidêmico
3540002;Episódico/Epidêmico
3540101;Episódico/Epidêmico
3540200;Epidêmico
3540259;Episódico/Epidêmico
3540309;Episódico/Epidêmico
3540408;Episódico/Epidêmico
3540507;Episódico
3540606;Epidêmico
3540705;Epidêmico
3540754;Epidêmico
3540804;Epidêmico
3540853;Episódico/Epidêmico
3540903;Episódico/Epidêmico
3541000;Epidêmico
3541059;Episódico/Epidêmico
3541109;Episódico/Epidêmico
3541208;Episódico/Epidêmico
3541307;Epidêmico
3541406;Transmissão Persistente
3541505;Epidêmico
3541604;Episódico/Epidêmico
3541653;Episódico
3541703;Epidêmico
3541802;Epidêmico
3541901;Episódico/Epidêmico
3542008;Episódico/Epidêmico
3542107;Episódico/Epidêmico
3542206;Epidêmico
3542305;Episódico
3542404;Epidêmico
3542503;Episódico/Epidêmico
3542602;Episódico/Epidêmico
3542701;Episódico/Epidêmico
3542800;Episódico
3542909;Episódico/Epidêmico
3543006;Episódico
3543105;Episódico
3543204;Episódico/Epidêmico
3543238;Episódico/Epidêmico
3543253;Episódico
3543303;Epidêmico
3543402;Transmissão Persistente
3543501;Episódico/Epidêmico
3543600;Episódico
3543709;Episódico/Epidêmico
3543808;Episódico/Epidêmico
3543907;Epidêmico
3544004;Episódico/Epidêmico
3544103;Episódico
3544202;Episódico/Epidêmico
3544251;Epidêmico
3544301;Episódico/Epidêmico
3544400;Episódico/Epidêmico
3544509;Episódico/Epidêmico
3544608;Episódico/Epidêmico
3544707;Episódico/Epidêmico
3544806;Episódico/Epidêmico
3544905;Episódico/Epidêmico
3545001;Episódico
3545100;Episódico/Epidêmico
3545159;Episódico/Epidêmico
3545209;Epidêmico
3545308;Episódico/Epidêmico
3545407;Episódico/Epidêmico
3545506;Episódico/Epidêmico
3545605;Epidêmico
3545704;Episódico/Epidêmico
3545803;Epidêmico
3546009;Episódico/Epidêmico
3546108;Episódico/Epidêmico
3546207;Episódico/Epidêmico
3546256;Episódico/Epidêmico
3546306;Episódico/Epidêmico
3546405;Epidêmico
3546504;Episódico/Epidêmico
3546603;Epidêmico
3546702;Epidêmico
3546801;Episódico/Epidêmico
3546900;Episódico/Epidêmico
3547007;Episódico/Epidêmico
3547106;Epidêmico
3547205;Episódico/Epidêmico
3547304;Epidêmico
3547403;Episódico/Epidêmico
3547502;Episódico/Epidêmico
3547601;Episódico/Epidêmico
3547650;Epidêmico
3547700;Episódico/Epidêmico
3547809;Epidêmico
3547908;Episódico/Epidêmico
3548005;Epidêmico
3548054;Episódico/Epidêmico
3548104;Episódico
3548203;Episódico
3548302;Episódico/Epidêmico
3548401;Episódico/Epidêmico
3548500;Epidêmico
3548609;Episódico
3548708;Epidêmico
3548807;Epidêmico
3548906;Epidêmico
3549003;Episódico/Epidêmico
3549102;Epidêmico
3549201;Episódico/Epidêmico
3549250;Episódico/Epidêmico
3549300;Epidêmico
3549409;Epidêmico
3549508;Episódico
3549607;Episódico
3549706;Episódico/Epidêmico
3549805;Transmissão Persistente
3549904;Epidêmico
3549953;Episódico
3550001;Episódico
3550100;Episódico/Epidêmico
3550209;Episódico/Epidêmico
3550308;Transmissão Persistente
3550407;Epidêmico
3550506;Episódico/Epidêmico
3550605;Episódico/Epidêmico
3550704;Epidêmico
3550803;Episódico/Epidêmico
3550902;Episódico/Epidêmico
3551009;Epidêmico
3551108;Episódico/Epidêmico
3551207;Episódico
3551306;Episódico/Epidêmico
3551405;Episódico/Epidêmico
3551504;Episódico/Epidêmico
3551603;Episódico/Epidêmico
3551702;Epidêmico
3551801;Episódico/Epidêmico
3551900;Epidêmico
3552007;Episódico
3552106;Episódico/Epidêmico
3552205;Transmissão Persistente
3552304;Epidêmico
3552403;Epidêmico
3552502;Epidêmico
3552551;Episódico/Epidêmico
3552601;Epidêmico
3552700;Episódico/Epidêmico
3552809;Episódico/Epidêmico
3552908;Episódico/Epidêmico
3553005;Episódico/Epidêmico
3553104;Episódico/Epidêmico
3553203;Episódico/Epidêmico
3553302;Episódico/Epidêmico
3553401;Epidêmico
3553500;Episódico
3553609;Episódico
3553658;Episódico/Epidêmico
3553708;Epidêmico
3553807;Episódico/Epidêmico
3553856;Episódico/Epidêmico
3553906;Epidêmico
3553955;Episódico/Epidêmico
3554003;Epidêmico
3554102;Epidêmico
3554201;Episódico
3554300;Epidêmico
3554409;Episódico/Epidêmico
3554508;Episódico/Epidêmico
3554607;Episódico/Epidêmico
3554656;Episódico
3554706;Episódico/Epidêmico
3554755;Episódico/Epidêmico
3554805;Episódico/Epidêmico
3554904;Episódico/Epidêmico
3554953;Episódico
3555000;Epidêmico
3555109;Epidêmico
3555208;Episódico/Epidêmico
3555307;Episódico/Epidêmico
3555356;Episódico/Epidêmico
3555406;Epidêmico
3555505;Episódico
3555604;Epidêmico
3555703;Episódico/Epidêmico
3555802;Epidêmico
3555901;Episódico/Epidêmico
3556008;Episódico/Epidêmico
3556107;Epidêmico
3556206;Epidêmico
3556305;Epidêmico
3556354;Episódico
3556404;Episódico/Epidêmico
3556453;Episódico/Epidêmico
3556503;Epidêmico
3556602;Episódico/Epidêmico
3556701;Epidêmico
3556800;Episódico/Epidêmico
3556909;Episódico/Epidêmico
3556958;Episódico/Epidêmico
3557006;Epidêmico
3557105;Transmissão Persistente
3557154;Episódico/Epidêmico
3557204;Episódico/Epidêmico
3557303;Episódico/Epidêmico
4100103;Episódico/Epidêmico
4100202;Episódico
4100301;Sem transmissão
4100400;Episódico/Epidêmico
4100459;Episódico/Epidêmico
4100509;Epidêmico
4100608;Epidêmico
4100707;Episódico/Epidêmico
4100806;Episódico/Epidêmico
4100905;Episódico/Epidêmico
4101002;Episódico/Epidêmico
4101051;Episódico/Epidêmico
4101101;Epidêmico
4101150;Episódico/Epidêmico
4101200;Episódico/Epidêmico
4101309;Episódico
4101408;Epidêmico
4101507;Epidêmico
4101606;Episódico/Epidêmico
4101655;Episódico/Epidêmico
4101705;Episódico/Epidêmico
4101804;Episódico/Epidêmico
4101853;Episódico/Epidêmico
4101903;Epidêmico
4102000;Epidêmico
4102109;Epidêmico
4102208;Episódico/Epidêmico
4102307;Episódico
4102406;Epidêmico
4102505;Epidêmico
4102604;Episódico/Epidêmico
4102703;Episódico/Epidêmico
4102752;Episódico/Epidêmico
4102802;Epidêmico
4102901;Episódico/Epidêmico
4103008;Episódico/Epidêmico
4103024;Episódico/Epidêmico
4103040;Episódico
4103057;Episódico/Epidêmico
4103107;Episódico
4103156;Episódico/Epidêmico
4103206;Episódico/Epidêmico
4103222;Episódico
4103305;Episódico/Epidêmico
4103354;Episódico/Epidêmico
4103370;Episódico/Epidêmico
4103404;Episódico/Epidêmico
4103453;Epidêmico
4103479;Episódico/Epidêmico
4103503;Episódico/Epidêmico
4103602;Epidêmico
4103701;Epidêmico
4103800;Episódico/Epidêmico
4103909;Epidêmico
4103958;Episódico
4104006;Episódico/Epidêmico
4104055;Episódico/Epidêmico
4104105;Episódico
4104204;Episódico/Epidêmico
4104253;Episódico/Epidêmico
4104303;Epidêmico
4104402;Episódico
4104428;Episódico
4104451;Episódico/Epidêmico
4104501;Epidêmico
4104600;Episódico/Epidêmico
4104659;Episódico/Epidêmico
4104709;Episódico/Epidêmico
4104808;Epidêmico
4104907;Episódico/Epidêmico
4105003;Episódico/Epidêmico
4105102;Epidêmico
4105201;Episódico
4105300;Epidêmico
4105409;Episódico/Epidêmico
4105508;Epidêmico
4105607;Episódico/Epidêmico
4105706;Episódico
4105805;Episódico/Epidêmico
4105904;Epidêmico
4106001;Episódico/Epidêmico
4106100;Episódico
4106209;Episódico
4106308;Epidêmico
4106407;Epidêmico
4106456;Episódico
4106506;Episódico/Epidêmico
4106555;Episódico/Epidêmico
4106571;Episódico/Epidêmico
4106605;Episódico/Epidêmico
4106704;Episódico/Epidêmico
4106803;Episódico
4106852;Episódico/Epidêmico
4106902;Epidêmico
4107009;Episódico
4107108;Episódico/Epidêmico
4107124;Episódico/Epidêmico
4107157;Episódico/Epidêmico
4107207;Episódico/Epidêmico
4107256;Episódico/Epidêmico
4107306;Episódico/Epidêmico
4107405;Episódico/Epidêmico
4107504;Epidêmico
4107520;Episódico/Epidêmico
4107538;Episódico/Epidêmico
4107546;Episódico/Epidêmico
4107553;Episódico/Epidêmico
4107603;Epidêmico
4107652;Episódico/Epidêmico
4107702;Episódico/Epidêmico
4107736;Episódico
4107751;Episódico/Epidêmico
4107801;Epidêmico
4107850;Episódico
4107900;Epidêmico
4108007;Epidêmico
4108106;Episódico/Epidêmico
4108205;Episódico/Epidêmico
4108304;Transmissão Persistente
4108320;Episódico/Epidêmico
4108403;Epidêmico
4108452;Episódico
4108502;Episódico
4108551;Episódico/Epidêmico
4108601;Epidêmico
4108650;Episódico
4108700;Episódico/Epidêmico
4108809;Epidêmico
4108908;Episódico/Epidêmico
4108957;Episódico
4109005;Episódico
4109104;Episódico/Epidêmico
4109203;Epidêmico
4109302;Episódico/Epidêmico
4109401;Episódico/Epidêmico
4109500;Episódico/Epidêmico
4109609;Epidêmico
4109658;Episódico
4109708;Episódico/Epidêmico
4109757;Episódico/Epidêmico
4109807;Epidêmico
4109906;Episódico/Epidêmico
4110003;Episódico/Epidêmico
4110052;Episódico/Epidêmico
4110078;Episódico
4110102;Episódico/Epidêmico
4110201;Episódico
4110300;Episódico/Epidêmico
4110409;Episódico/Epidêmico
4110508;Episódico
4110607;Episódico/Epidêmico
4110656;Episódico/Epidêmico
4110706;Episódico/Epidêmico
4110805;Episódico/Epidêmico
4110904;Episódico/Epidêmico
4110953;Epidêmico
4111001;Episódico/Epidêmico
4111100;Episódico/Epidêmico
4111209;Episódico/Epidêmico
4111258;Episódico
4111308;Episódico/Epidêmico
4111407;Episódico
4111506;Epidêmico
4111555;Episódico/Epidêmico
4111605;Episódico/Epidêmico
4111704;Episódico
4111803;Epidêmico
4111902;Epidêmico
4112009;Episódico/Epidêmico
4112108;Epidêmico
4112207;Episódico/Epidêmico
4112306;Episódico
4112405;Episódico/Epidêmico
4112504;Episódico/Epidêmico
4112603;Episódico/Epidêmico
4112702;Epidêmico
4112751;Episódico/Epidêmico
4112801;Episódico/Epidêmico
4112900;Episódico/Epidêmico
4112959;Epidêmico
4113007;Episódico/Epidêmico
4113106;Episódico/Epidêmico
4113205;Episódico
4113254;Episódico
4113304;Episódico/Epidêmico
4113403;Episódico/Epidêmico
4113429;Episódico/Epidêmico
4113452;Episódico/Epidêmico
4113502;Epidêmico
4113601;Episódico/Epidêmico
4113700;Transmissão Persistente
4113734;Episódico/Epidêmico
4113759;Episódico/Epidêmico
4113809;Epidêmico
4113908;Episódico/Epidêmico
4114005;Episódico/Epidêmico
4114104;Epidêmico
4114203;Epidêmico
4114302;Episódico
4114351;Episódico
4114401;Episódico/Epidêmico
4114500;Episódico/Epidêmico
4114609;Epidêmico
4114708;Episódico/Epidêmico
4114807;Epidêmico
4114906;Episódico/Epidêmico
4115002;Epidêmico
4115101;Episódico/Epidêmico
4115200;Transmissão Persistente
4115309;Episódico
4115358;Episódico/Epidêmico
4115408;Episódico/Epidêmico
4115457;Episódico
4115507;Episódico/Epidêmico
4115606;Epidêmico
4115705;Episódico/Epidêmico
4115739;Episódico
4115754;Episódico/Epidêmico
4115804;Epidêmico
4115853;Episódico/Epidêmico
4115903;Episódico/Epidêmico
4116000;Episódico/Epidêmico
4116059;Epidêmico
4116109;Episódico/Epidêmico
4116208;Episódico/Epidêmico
4116307;Episódico/Epidêmico
4116406;Episódico/Epidêmico
4116505;Episódico/Epidêmico
4116604;Episódico/Epidêmico
4116703;Epidêmico
4116802;Episódico/Epidêmico
4116901;Epidêmico
4116950;Episódico/Epidêmico
4117008;Episódico/Epidêmico
4117057;Episódico/Epidêmico
4117107;Epidêmico
4117206;Epidêmico
4117214;Episódico/Epidêmico
4117222;Episódico/Epidêmico
4117255;Episódico/Epidêmico
4117271;Episódico/Epidêmico
4117297;Episódico/Epidêmico
4117305;Episódico/Epidêmico
4117404;Episódico/Epidêmico
4117453;Episódico/Epidêmico
4117503;Epidêmico
4117602;Episódico/Epidêmico
4117701;Episódico/Epidêmico
4117800;Episódico
4117909;Epidêmico
4118006;Episódico/Epidêmico
4118105;Epidêmico
4118204;Epidêmico
4118303;Episódico/Epidêmico
4118402;Epidêmico
4118451;Episódico/Epidêmico
4118501;Epidêmico
4118600;Episódico
4118709;Episódico
4118808;Epidêmico
4118857;Epidêmico
4118907;Epidêmico
4119004;Episódico
4119103;Episódico
4119152;Episódico/Epidêmico
4119202;Episódico
4119251;Episódico/Epidêmico
4119301;Episódico/Epidêmico
4119400;Episódico
4119509;Episódico/Epidêmico
4119608;Episódico/Epidêmico
4119657;Episódico/Epidêmico
4119707;Episódico/Epidêmico
4119806;Episódico/Epidêmico
4119905;Epidêmico
4119954;Episódico/Epidêmico
4120002;Epidêmico
4120101;Episódico
4120150;Episódico
4120200;Epidêmico
4120309;Episódico
4120333;Episódico/Epidêmico
4120358;Episódico/Epidêmico
4120408;Episódico/Epidêmico
4120507;Epidêmico
4120606;Episódico/Epidêmico
4120655;Episódico/Epidêmico
4120705;Episódico/Epidêmico
4120804;Episódico/Epidêmico
4120853;Episódico/Epidêmico
4120903;Episódico/Epidêmico
4121000;Epidêmico
4121109;Epidêmico
4121208;Episódico
4121257;Episódico/Epidêmico
4121307;Episódico/Epidêmico
4121356;Episódico/Epidêmico
4121406;Epidêmico
4121505;Episódico
4121604;Episódico/Epidêmico
4121703;Episódico
4121752;Episódico
4121802;Episódico/Epidêmico
4121901;Episódico/Epidêmico
4122008;Episódico
4122107;Episódico/Epidêmico
4122156;Episódico/Epidêmico
4122172;Episódico
4122206;Episódico
4122305;Episódico
4122404;Epidêmico
4122503;Episódico/Epidêmico
4122602;Episódico/Epidêmico
4122651;Episódico/Epidêmico
4122701;Episódico/Epidêmico
4122800;Episódico/Epidêmico
4122909;Episódico
4123006;Episódico/Epidêmico
4123105;Episódico/Epidêmico
4123204;Episódico/Epidêmico
4123303;Epidêmico
4123402;Epidêmico
4123501;Epidêmico
4123600;Episódico/Epidêmico
4123709;Epidêmico
4123808;Episódico/Epidêmico
4123824;Episódico/Epidêmico
4123857;Episódico
4123907;Episódico/Epidêmico
4123956;Episódico/Epidêmico
4124004;Episódico
4124020;Episódico/Epidêmico
4124053;Epidêmico
4124103;Epidêmico
4124202;Episódico/Epidêmico
4124301;Episódico/Epidêmico
4124400;Episódico/Epidêmico
4124509;Epidêmico
4124608;Episódico/Epidêmico
4124707;Episódico/Epidêmico
4124806;Episódico/Epidêmico
4124905;Episódico/Epidêmico
4125001;Episódico/Epidêmico
4125100;Episódico
4125209;Episódico/Epidêmico
4125308;Episódico/Epidêmico
4125357;Episódico/Epidêmico
4125407;Episódico
4125456;Episódico/Epidêmico
4125506;Epidêmico
4125555;Episódico/Epidêmico
4125605;Episódico/Epidêmico
4125704;Epidêmico
4125753;Episódico/Epidêmico
4125803;Episódico/Epidêmico
4125902;Episódico/Epidêmico
4126009;Epidêmico
4126108;Episódico/Epidêmico
4126207;Episódico
4126256;Epidêmico
4126272;Episódico/Epidêmico
4126306;Episódico/Epidêmico
4126355;Epidêmico
4126405;Epidêmico
4126504;Epidêmico
4126603;Episódico/Epidêmico
4126652;Episódico
4126678;Epidêmico
4126702;Episódico/Epidêmico
4126801;Episódico/Epidêmico
4126900;Episódico/Epidêmico
4127007;Episódico
4127106;Epidêmico
4127205;Episódico/Epidêmico
4127304;Episódico/Epidêmico
4127403;Epidêmico
4127502;Episódico/Epidêmico
4127601;Episódico
4127700;Epidêmico
4127809;Episódico/Epidêmico
4127858;Episódico/Epidêmico
4127882;Sem transmissão
4127908;Episódico/Epidêmico
4127957;Episódico/Epidêmico
4127965;Episódico
4128005;Epidêmico
4128104;Epidêmico
4128203;Episódico/Epidêmico
4128302;Episódico/Epidêmico
4128401;Epidêmico
4128500;Episódico/Epidêmico
4128534;Episódico
4128559;Episódico/Epidêmico
4128609;Episódico/Epidêmico
4128625;Episódico/Epidêmico
4128633;Sem transmissão
4128658;Episódico
4128708;Episódico
4128807;Episódico/Epidêmico
4200051;Sem transmissão
4200101;Episódico/Epidêmico
4200200;Episódico
4200309;Episódico
4200408;Episódico
4200507;Episódico
4200556;Episódico
4200606;Episódico
4200705;Episódico
4200754;Episódico
4200804;Episódico/Epidêmico
4200903;Episódico
4201000;Sem transmissão
4201109;Episódico
4201208;Episódico/Epidêmico
4201257;Episódico
4201273;Episódico
4201307;Episódico/Epidêmico
4201406;Episódico/Epidêmico
4201505;Episódico
4201604;Episódico
4201653;Episódico
4201703;Episódico
4201802;Episódico
4201901;Episódico
4201950;Episódico
4202008;Epidêmico
4202057;Episódico/Epidêmico
4202073;Episódico
4202081;Episódico
4202099;Episódico
4202107;Episódico
4202131;Sem transmissão
4202156;Episódico/Epidêmico
4202206;Episódico
4202305;Episódico/Epidêmico
4202404;Epidêmico
4202438;Sem transmissão
4202453;Episódico/Epidêmico
4202503;Episódico
4202537;Episódico
4202578;Episódico
4202602;Episódico
4202701;Episódico/Epidêmico
4202800;Episódico/Epidêmico
4202859;Episódico
4202875;Sem transmissão
4202909;Epidêmico
4203006;Episódico/Epidêmico
4203105;Episódico/Epidêmico
4203154;Sem transmissão
4203204;Epidêmico
4203253;Sem transmissão
4203303;Episódico/Epidêmico
4203402;Episódico
4203501;Episódico/Epidêmico
4203600;Episódico
4203709;Episódico/Epidêmico
4203808;Episódico/Epidêmico
4203907;Episódico
4203956;Episódico
4204004;Episódico
4204103;Episódico/Epidêmico
4204152;Sem transmissão
4204178;Sem transmissão
4204194;Episódico
4204202;Epidêmico
4204251;Episódico
4204301;Episódico/Epidêmico
4204350;Episódico/Epidêmico
4204400;Episódico/Epidêmico
4204459;Episódico
4204509;Episódico
4204558;Episódico
4204608;Episódico/Epidêmico
4204707;Episódico/Epidêmico
4204756;Episódico
4204806;Episódico
4204905;Episódico/Epidêmico
4205001;Episódico/Epidêmico
4205100;Episódico
4205159;Sem transmissão
4205175;Episódico
4205191;Episódico
4205209;Episódico
4205308;Episódico
4205357;Episódico/Epidêmico
4205407;Transmissão Persistente
4205431;Episódico/Epidêmico
4205456;Episódico
4205506;Episódico/Epidêmico
4205555;Sem transmissão
4205605;Episódico
4205704;Episódico/Epidêmico
4205803;Episódico/Epidêmico
4205902;Episódico/Epidêmico
4206009;Episódico
4206108;Episódico
4206207;Episódico
4206306;Episódico/Epidêmico
4206405;Episódico/Epidêmico
4206504;Episódico/Epidêmico
4206603;Episódico/Epidêmico
4206652;Episódico/Epidêmico
4206702;Episódico
4206751;Episódico
4206801;Episódico
4206900;Episódico
4207007;Episódico/Epidêmico
4207106;Episódico/Epidêmico
4207205;Episódico
4207304;Episódico/Epidêmico
4207403;Episódico
4207502;Episódico/Epidêmico
4207577;Sem transmissão
4207601;Episódico
4207650;Episódico/Epidêmico
4207684;Episódico/Epidêmico
4207700;Episódico
4207759;Episódico
4207809;Episódico
4207858;Episódico
4207908;Episódico
4208005;Episódico
4208104;Episódico
4208203;Epidêmico
4208302;Epidêmico
4208401;Episódico/Epidêmico
4208450;Episódico/Epidêmico
4208500;Episódico/Epidêmico
4208609;Episódico
4208708;Episódico
4208807;Episódico
4208906;Episódico/Epidêmico
4208955;Episódico
4209003;Episódico/Epidêmico
4209102;Transmissão Persistente
4209151;Episódico
4209177;Episódico
4209201;Sem transmissão
4209300;Episódico/Epidêmico
4209409;Episódico/Epidêmico
4209458;Episódico
4209508;Episódico
4209607;Episódico
4209706;Sem transmissão
4209805;Sem transmissão
4209854;Episódico
4209904;Episódico
4210001;Episódico
4210035;Episódico
4210050;Episódico
4210100;Episódico/Epidêmico
4210209;Episódico
4210308;Sem transmissão
4210407;Episódico
4210506;Episódico/Epidêmico
4210555;Episódico
4210605;Episódico
4210704;Sem transmissão
4210803;Episódico
4210852;Sem transmissão
4210902;Episódico/Epidêmico
4211009;Episódico/Epidêmico
4211058;Sem transmissão
4211108;Episódico
4211207;Episódico
4211256;Sem transmissão
4211306;Epidêmico
4211405;Episódico
4211454;Episódico/Epidêmico
4211504;Episódico/Epidêmico
4211603;Episódico
4211652;Episódico
4211702;Episódico
4211751;Episódico
4211801;Episódico
4211850;Episódico
4211876;Episódico
4211892;Sem transmissão
4211900;Episódico/Epidêmico
4212007;Episódico/Epidêmico
4212056;Sem transmissão
4212106;Episódico/Epidêmico
4212205;Episódico
4212239;Episódico
4212254;Episódico
4212270;Episódico
4212304;Episódico
4212403;Episódico
4212502;Episódico/Epidêmico
4212601;Episódico
4212650;Episódico
4212700;Episódico
4212809;Episódico/Epidêmico
4212908;Episódico/Epidêmico
4213005;Episódico
4213104;Episódico
4213153;Episódico/Epidêmico
4213203;Episódico/Epidêmico
4213302;Sem transmissão
4213351;Sem transmissão
4213401;Episódico
4213500;Episódico/Epidêmico
4213609;Episódico/Epidêmico
4213708;Episódico
4213807;Episódico
4213906;Episódico
4214003;Episódico
4214102;Episódico
4214151;Episódico/Epidêmico
4214201;Episódico/Epidêmico
4214300;Sem transmissão
4214409;Sem transmissão
4214508;Episódico
4214607;Episódico
4214706;Episódico
4214805;Episódico/Epidêmico
4214904;Episódico/Epidêmico
4215000;Episódico/Epidêmico
4215059;Sem transmissão
4215075;Episódico/Epidêmico
4215109;Episódico/Epidêmico
4215208;Episódico
4215307;Episódico
4215356;Episódico
4215406;Episódico
4215455;Episódico
4215505;Episódico
4215554;Episódico/Epidêmico
4215604;Episódico
4215653;Episódico
4215679;Episódico
4215687;Episódico
4215695;Episódico
4215703;Episódico/Epidêmico
4215752;Episódico
4215802;Episódico/Epidêmico
4215901;Episódico
4216008;Episódico/Epidêmico
4216057;Sem transmissão
4216107;Episódico
4216206;Episódico/Epidêmico
4216255;Episódico/Epidêmico
4216305;Episódico/Epidêmico
4216354;Episódico
4216404;Episódico
4216503;Episódico
4216602;Epidêmico
4216701;Episódico/Epidêmico
4216800;Sem transmissão
4216909;Episódico
4217006;Episódico
4217105;Episódico
4217154;Episódico
4217204;Episódico/Epidêmico
4217253;Episódico
4217303;Episódico/Epidêmico
4217402;Episódico/Epidêmico
4217501;Episódico/Epidêmico
4217550;Episódico
4217600;Episódico
4217709;Episódico
4217758;Episódico
4217808;Episódico
4217907;Episódico
4217956;Episódico
4218004;Episódico/Epidêmico
4218103;Sem transmissão
4218202;Episódico/Epidêmico
4218251;Sem transmissão
4218301;Episódico
4218350;Sem transmissão
4218400;Episódico
4218509;Episódico
4218608;Episódico/Epidêmico
4218707;Episódico/Epidêmico
4218756;Episódico/Epidêmico
4218806;Episódico
4218855;Episódico
4218905;Episódico
4218954;Sem transmissão
4219002;Episódico
4219101;Episódico
4219150;Episódico
4219176;Episódico
4219200;Episódico
4219309;Episódico/Epidêmico
4219358;Episódico
4219408;Episódico
4219507;Episódico/Epidêmico
4219606;Episódico/Epidêmico
4219705;Episódico/Epidêmico
4219853;Episódico
4220000;Episódico
4300034;Episódico
4300059;Episódico
4300109;Episódico
4300208;Episódico/Epidêmico
4300307;Episódico
4300406;Episódico
4300455;Episódico
4300471;Episódico
4300505;Episódico
4300554;Episódico
4300570;Episódico
4300604;Episódico/Epidêmico
4300638;Sem transmissão
4300646;Episódico
4300661;Sem transmissão
4300703;Episódico
4300802;Episódico
4300851;Sem transmissão
4300877;Episódico
4300901;Episódico
4301008;Episódico
4301057;Episódico
4301073;Episódico
4301107;Episódico
4301206;Episódico
4301305;Episódico
4301404;Episódico
4301503;Episódico
4301552;Episódico
4301602;Episódico
4301636;Episódico
4301651;Sem transmissão
4301701;Episódico
4301750;Sem transmissão
4301800;Episódico
4301859;Episódico
4301875;Sem transmissão
4301909;Episódico
4301925;Sem transmissão
4301958;Episódico
4302006;Episódico
4302055;Episódico
4302105;Episódico/Epidêmico
4302154;Episódico
4302204;Episódico
4302220;Episódico
4302238;Sem transmissão
4302253;Episódico
4302303;Episódico
4302352;Episódico
4302378;Episódico
4302402;Episódico
4302451;Episódico
4302501;Episódico
4302584;Episódico/Epidêmico
4302600;Episódico
4302659;Sem transmissão
4302709;Episódico
4302808;Episódico
4302907;Episódico
4303004;Episódico/Epidêmico
4303103;Episódico/Epidêmico
4303202;Episódico
4303301;Episódico
4303400;Episódico
4303509;Episódico
4303558;Episódico
4303608;Episódico
4303673;Sem transmissão
4303707;Episódico
4303806;Episódico
4303905;Episódico/Epidêmico
4304002;Episódico/Epidêmico
4304101;Sem transmissão
4304200;Episódico/Epidêmico
4304309;Episódico/Epidêmico
4304358;Sem transmissão
4304408;Episódico
4304507;Episódico
4304606;Episódico/Epidêmico
4304614;Episódico
4304622;Episódico
4304630;Episódico
4304655;Sem transmissão
4304663;Episódico
4304671;Sem transmissão
4304689;Episódico
4304697;Episódico
4304705;Episódico/Epidêmico
4304713;Episódico
4304804;Episódico
4304853;Sem transmissão
4304903;Episódico
4304952;Episódico
4305009;Episódico/Epidêmico
4305108;Episódico/Epidêmico
4305116;Episódico
4305124;Sem transmissão
4305132;Episódico
4305157;Episódico
4305173;Sem transmissão
4305207;Episódico/Epidêmico
4305306;Episódico
4305355;Episódico
4305371;Episódico
4305405;Episódico
4305439;Sem transmissão
4305447;Episódico
4305454;Episódico
4305504;Sem transmissão
4305587;Episódico
4305603;Episódico
4305702;Episódico/Epidêmico
4305801;Episódico
4305835;Episódico
4305850;Sem transmissão
4305871;Sem transmissão
4305900;Episódico
4305934;Episódico
4305959;Episódico
4305975;Episódico
4306007;Episódico/Epidêmico
4306056;Episódico
4306072;Episódico
4306106;Episódico/Epidêmico
4306130;Episódico
4306205;Episódico
4306304;Episódico
4306320;Episódico
4306353;Episódico
4306379;Episódico
4306403;Episódico/Epidêmico
4306429;Episódico
4306452;Episódico
4306502;Sem transmissão
4306551;Episódico
4306601;Episódico/Epidêmico
4306700;Sem transmissão
4306734;Episódico
4306759;Episódico
4306767;Episódico/Epidêmico
4306809;Episódico
4306908;Episódico/Epidêmico
4306924;Episódico
4306932;Episódico/Epidêmico
4306957;Episódico
4306973;Episódico
4307005;Epidêmico
4307054;Episódico
4307104;Episódico
4307203;Episódico
4307302;Episódico
4307401;Sem transmissão
4307450;Episódico
4307500;Episódico/Epidêmico
4307559;Episódico
4307609;Episódico/Epidêmico
4307708;Episódico/Epidêmico
4307807;Episódico/Epidêmico
4307815;Episódico
4307831;Episódico
4307864;Episódico
4307906;Episódico
4308003;Episódico
4308052;Episódico
4308078;Episódico
4308102;Episódico
4308201;Episódico/Epidêmico
4308250;Episódico
4308300;Episódico
4308409;Episódico
4308433;Episódico
4308458;Episódico
4308508;Episódico/Epidêmico
4308607;Episódico
4308656;Sem transmissão
4308706;Episódico
4308805;Episódico
4308854;Episódico
4308904;Episódico/Epidêmico
4309001;Episódico/Epidêmico
4309050;Episódico
4309100;Episódico/Epidêmico
4309126;Episódico
4309159;Episódico
4309209;Episódico/Epidêmico
4309258;Episódico
4309308;Episódico/Epidêmico
4309407;Episódico/Epidêmico
4309506;Episódico
4309555;Sem transmissão
4309571;Episódico
4309605;Episódico/Epidêmico
4309654;Episódico
4309704;Episódico
4309753;Episódico
4309803;Episódico
4309902;Episódico
4309951;Episódico
4310009;Episódico/Epidêmico
4310108;Episódico
4310207;Epidêmico
4310306;Episódico
4310330;Episódico
4310363;Episódico
4310405;Episódico
4310413;Episódico
4310439;Episódico
4310462;Episódico
4310504;Episódico
4310538;Episódico
4310553;Episódico
4310579;Episódico
4310603;Episódico
4310652;Sem transmissão
4310702;Episódico
4310751;Sem transmissão
4310801;Episódico/Epidêmico
4310850;Episódico
4310876;Sem transmissão
4310900;Episódico/Epidêmico
4311007;Episódico
4311106;Episódico
4311122;Sem transmissão
4311130;Sem transmissão
4311155;Episódico
4311205;Episódico
4311239;Episódico
4311254;Episódico
4311270;Episódico
4311304;Episódico/Epidêmico
4311403;Episódico/Epidêmico
4311429;Episódico
4311502;Episódico
4311601;Episódico
4311627;Episódico
4311643;Episódico
4311700;Episódico
4311718;Episódico
4311734;Sem transmissão
4311759;Episódico
4311775;Episódico
4311791;Episódico
4311809;Episódico/Epidêmico
4311908;Episódico
4311981;Episódico
4312005;Episódico
4312054;Episódico
4312104;Episódico
4312138;Episódico
4312153;Episódico/Epidêmico
4312179;Episódico
4312203;Episódico
4312252;Episódico
4312302;Episódico
4312351;Episódico
4312377;Sem transmissão
4312385;Episódico
4312401;Episódico/Epidêmico
4312427;Episódico
4312443;Episódico
4312450;Episódico
4312476;Episódico
4312500;Episódico
4312609;Episódico
4312617;Sem transmissão
4312625;Sem transmissão
4312658;Episódico/Epidêmico
4312674;Episódico
4312708;Episódico
4312757;Episódico
4312807;Episódico
4312906;Episódico
4312955;Episódico
4313003;Episódico
4313011;Episódico
4313037;Episódico
4313060;Episódico
4313086;Episódico
4313102;Episódico
4313201;Episódico
4313300;Episódico
4313334;Episódico
4313359;Sem transmissão
4313375;Episódico
4313391;Episódico
4313409;Episódico/Epidêmico
4313425;Episódico/Epidêmico
4313441;Episódico
4313466;Episódico
4313490;Episódico
4313508;Episódico
4313607;Episódico
4313656;Episódico
4313706;Episódico/Epidêmico
4313805;Episódico
4313904;Episódico/Epidêmico
4313953;Episódico
4314001;Episódico
4314027;Episódico
4314035;Episódico
4314050;Episódico/Epidêmico
4314068;Episódico
4314076;Episódico
4314100;Episódico/Epidêmico
4314134;Episódico
4314159;Episódico
4314175;Sem transmissão
4314209;Episódico
4314308;Episódico
4314407;Episódico/Epidêmico
4314423;Episódico/Epidêmico
4314456;Episódico
4314464;Episódico
4314472;Episódico
4314498;Episódico
4314506;Episódico
4314548;Sem transmissão
4314555;Episódico
4314605;Episódico
4314704;Episódico
4314753;Episódico
4314779;Episódico
4314787;Episódico
4314803;Episódico
4314902;Epidêmico
4315008;Episódico
4315057;Episódico/Epidêmico
4315073;Episódico
4315107;Episódico
4315131;Episódico
4315149;Episódico
4315156;Episódico
4315172;Sem transmissão
4315206;Episódico
4315305;Episódico
4315313;Episódico
4315321;Episódico
4315354;Episódico/Epidêmico
4315404;Episódico
4315453;Episódico
4315503;Episódico
4315552;Episódico
4315602;Episódico/Epidêmico
4315701;Episódico
4315750;Sem transmissão
4315800;Episódico
4315909;Episódico
4315958;Episódico
4316006;Episódico
4316105;Episódico
4316204;Episódico
4316303;Episódico
4316402;Episódico
4316428;Episódico
4316436;Episódico
4316451;Episódico/Epidêmico
4316477;Episódico
4316501;Episódico
4316600;Episódico/Epidêmico
4316709;Episódico/Epidêmico
4316733;Episódico
4316758;Episódico
4316808;Epidêmico
4316907;Episódico/Epidêmico
4316956;Episódico
4316972;Sem transmissão
4317004;Episódico
4317103;Episódico/Epidêmico
4317202;Episódico/Epidêmico
4317251;Sem transmissão
4317301;Episódico
4317400;Episódico/Epidêmico
4317509;Episódico/Epidêmico
4317558;Sem transmissão
4317608;Episódico/Epidêmico
4317707;Episódico
4317756;Episódico
4317806;Episódico
4317905;Episódico/Epidêmico
4317954;Sem transmissão
4318002;Episódico/Epidêmico
4318051;Episódico
4318101;Episódico/Epidêmico
4318200;Episódico
4318309;Episódico/Epidêmico
4318408;Episódico
4318424;Episódico
4318432;Episódico
4318440;Episódico
4318457;Episódico
4318465;Sem transmissão
4318481;Episódico
4318499;Episódico
4318507;Episódico
4318606;Episódico
4318614;Sem transmissão
4318622;Sem transmissão
4318705;Episódico/Epidêmico
4318804;Episódico
4318903;Episódico/Epidêmico
4319000;Episódico
4319109;Episódico/Epidêmico
4319125;Episódico
4319158;Episódico
4319208;Episódico
4319307;Episódico
4319356;Episódico
4319364;Sem transmissão
4319372;Episódico
4319406;Episódico
4319505;Episódico
4319604;Episódico
4319703;Episódico
4319711;Episódico
4319737;Episódico
4319752;Sem transmissão
4319802;Episódico
4319901;Episódico/Epidêmico
4320008;Episódico/Epidêmico
4320107;Episódico/Epidêmico
4320206;Episódico
4320230;Episódico
4320263;Sem transmissão
4320305;Episódico/Epidêmico
4320321;Episódico/Epidêmico
4320354;Sem transmissão
4320404;Episódico
4320453;Episódico
4320503;Episódico
4320552;Sem transmissão
4320578;Episódico
4320602;Episódico
4320651;Episódico
4320677;Episódico
4320701;Episódico
4320800;Episódico/Epidêmico
4320859;Episódico
4320909;Episódico
4321006;Episódico
4321105;Episódico
4321204;Episódico
4321303;Episódico
4321329;Episódico/Epidêmico
4321352;Sem transmissão
4321402;Episódico/Epidêmico
4321436;Episódico
4321451;Episódico/Epidêmico
4321469;Episódico
4321477;Episódico
4321493;Episódico
4321501;Episódico/Epidêmico
4321600;Episódico/Epidêmico
4321626;Episódico
4321634;Episódico
4321667;Episódico
4321709;Episódico
4321808;Episódico/Epidêmico
4321832;Episódico
4321857;Episódico
4321907;Episódico/Epidêmico
4321956;Episódico
4322004;Episódico
4322103;Episódico/Epidêmico
4322152;Episódico
4322186;Sem transmissão
4322202;Episódico
4322251;Episódico
4322301;Episódico/Epidêmico
4322327;Episódico
4322343;Episódico
4322350;Episódico
4322376;Episódico
4322400;Episódico
4322509;Episódico
4322525;Episódico
4322533;Episódico
4322541;Episódico
4322558;Episódico
4322608;Episódico/Epidêmico
4322707;Episódico
4322806;Episódico
4322855;Episódico
4322905;Episódico
4323002;Episódico/Epidêmico
4323101;Episódico
4323200;Episódico
4323309;Episódico
4323358;Sem transmissão
4323408;Episódico
4323457;Sem transmissão
4323507;Episódico
4323606;Episódico
4323705;Episódico
4323754;Episódico
4323770;Episódico
4323804;Episódico
5000203;Epidêmico
5000252;Episódico/Epidêmico
5000609;Epidêmico
5000708;Episódico/Epidêmico
5000807;Episódico/Epidêmico
5000856;Epidêmico
5000906;Epidêmico
5001003;Episódico/Epidêmico
5001102;Epidêmico
5001243;Episódico/Epidêmico
5001508;Episódico/Epidêmico
5001904;Epidêmico
5002001;Episódico/Epidêmico
5002100;Episódico/Epidêmico
5002159;Episódico/Epidêmico
5002209;Episódico/Epidêmico
5002308;Epidêmico
5002407;Epidêmico
5002605;Episódico/Epidêmico
5002704;Transmissão Persistente
5002803;Episódico/Epidêmico
5002902;Episódico/Epidêmico
5002951;Epidêmico
5003108;Episódico/Epidêmico
5003157;Epidêmico
5003207;Epidêmico
5003256;Epidêmico
5003306;Epidêmico
5003454;Episódico/Epidêmico
5003488;Epidêmico
5003504;Episódico/Epidêmico
5003702;Epidêmico
5003751;Episódico/Epidêmico
5003801;Episódico/Epidêmico
5003900;Episódico/Epidêmico
5004007;Episódico/Epidêmico
5004106;Episódico/Epidêmico
5004304;Episódico/Epidêmico
5004403;Episódico/Epidêmico
5004502;Epidêmico
5004601;Epidêmico
5004700;Epidêmico
5004809;Episódico/Epidêmico
5004908;Episódico/Epidêmico
5005004;Epidêmico
5005103;Episódico/Epidêmico
5005152;Episódico/Epidêmico
5005202;Epidêmico
5005251;Epidêmico
5005400;Epidêmico
5005608;Epidêmico
5005681;Episódico/Epidêmico
5005707;Epidêmico
5005806;Episódico/Epidêmico
5006002;Epidêmico
5006200;Epidêmico
5006259;Episódico/Epidêmico
5006275;Episódico/Epidêmico
5006309;Epidêmico
5006358;Episódico/Epidêmico
5006408;Episódico/Epidêmico
5006606;Epidêmico
5006903;Episódico/Epidêmico
5007109;Episódico/Epidêmico
5007208;Epidêmico
5007307;Episódico/Epidêmico
5007406;Epidêmico
5007505;Episódico/Epidêmico
5007554;Epidêmico
5007695;Epidêmico
5007703;Episódico/Epidêmico
5007802;Episódico/Epidêmico
5007901;Epidêmico
5007935;Episódico/Epidêmico
5007950;Episódico/Epidêmico
5007976;Episódico/Epidêmico
5008008;Episódico/Epidêmico
5008305;Epidêmico
5008404;Episódico/Epidêmico
5100102;Episódico
5100201;Epidêmico
5100250;Epidêmico
5100300;Episódico/Epidêmico
5100359;Episódico
5100409;Episódico/Epidêmico
5100508;Episódico
5100607;Episódico/Epidêmico
5100805;Episódico/Epidêmico
5101001;Episódico/Epidêmico
5101209;Episódico/Epidêmico
5101258;Episódico/Epidêmico
5101308;Episódico/Epidêmico
5101407;Episódico/Epidêmico
5101605;Episódico
5101704;Episódico/Epidêmico
5101803;Epidêmico
5101852;Episódico/Epidêmico
5101902;Episódico/Epidêmico
5102504;Epidêmico
5102603;Episódico/Epidêmico
5102637;Epidêmico
5102678;Epidêmico
5102686;Episódico/Epidêmico
5102694;Episódico/Epidêmico
5102702;Epidêmico
5102793;Episódico/Epidêmico
5102850;Episódico
5103007;Episódico/Epidêmico
5103056;Epidêmico
5103106;Episódico/Epidêmico
5103205;Epidêmico
5103254;Epidêmico
5103304;Episódico/Epidêmico
5103353;Epidêmico
5103361;Episódico/Epidêmico
5103379;Episódico/Epidêmico
5103403;Epidêmico
5103437;Episódico
5103452;Sem transmissão
5103502;Epidêmico
5103601;Episódico/Epidêmico
5103700;Epidêmico
5103809;Episódico
5103858;Epidêmico
5103908;Episódico/Epidêmico
5103957;Episódico
5104104;Episódico/Epidêmico
5104203;Episódico/Epidêmico
5104500;Episódico/Epidêmico
5104526;Episódico/Epidêmico
5104542;Episódico/Epidêmico
5104559;Epidêmico
5104609;Episódico/Epidêmico
5104807;Episódico/Epidêmico
5104906;Episódico/Epidêmico
5105002;Episódico
5105101;Episódico/Epidêmico
5105150;Epidêmico
5105176;Episódico
5105200;Episódico/Epidêmico
5105234;Episódico/Epidêmico
5105259;Epidêmico
5105309;Sem transmissão
5105507;Episódico/Epidêmico
5105580;Episódico/Epidêmico
5105606;Episódico/Epidêmico
5105622;Episódico/Epidêmico
5105903;Episódico/Epidêmico
5106000;Episódico/Epidêmico
5106109;Episódico/Epidêmico
5106158;Episódico/Epidêmico
5106174;Episódico/Epidêmico
5106182;Episódico/Epidêmico
5106190;Epidêmico
5106208;Episódico/Epidêmico
5106216;Episódico/Epidêmico
5106224;Epidêmico
5106232;Episódico/Epidêmico
5106240;Epidêmico
5106257;Episódico/Epidêmico
5106265;Episódico/Epidêmico
5106273;Episódico/Epidêmico
5106281;Episódico/Epidêmico
5106299;Epidêmico
5106307;Episódico/Epidêmico
5106315;Episódico
5106372;Episódico/Epidêmico
5106422;Epidêmico
5106455;Episódico/Epidêmico
5106505;Episódico/Epidêmico
5106653;Episódico/Epidêmico
5106703;Episódico/Epidêmico
5106752;Episódico/Epidêmico
5106778;Episódico/Epidêmico
5106802;Episódico/Epidêmico
5106828;Episódico/Epidêmico
5106851;Episódico
5107008;Episódico
5107040;Epidêmico
5107065;Episódico/Epidêmico
5107107;Episódico/Epidêmico
5107156;Episódico/Epidêmico
5107180;Episódico/Epidêmico
5107198;Episódico/Epidêmico
5107206;Episódico/Epidêmico
5107248;Episódico/Epidêmico
5107263;Episódico/Epidêmico
5107297;Episódico
5107305;Episódico/Epidêmico
5107354;Episódico/Epidêmico
5107404;Episódico
5107578;Episódico
5107602;Epidêmico
5107701;Episódico/Epidêmico
5107743;Episódico/Epidêmico
5107750;Episódico
5107768;Episódico/Epidêmico
5107776;Sem transmissão
5107792;Episódico/Epidêmico
5107800;Episódico/Epidêmico
5107859;Episódico/Epidêmico
5107875;Epidêmico
5107883;Episódico
5107909;Epidêmico
5107925;Epidêmico
5107941;Episódico/Epidêmico
5107958;Epidêmico
5108006;Episódico/Epidêmico
5108055;Episódico/Epidêmico
5108105;Episódico/Epidêmico
5108204;Episódico/Epidêmico
5108303;Episódico/Epidêmico
5108352;Episódico/Epidêmico
5108402;Epidêmico
5108501;Episódico/Epidêmico
5108600;Episódico/Epidêmico
5108808;Episódico/Epidêmico
5108857;Episódico/Epidêmico
5108907;Episódico/Epidêmico
5108956;Episódico/Epidêmico
5200050;Episódico/Epidêmico
5200100;Episódico/Epidêmico
5200134;Epidêmico
5200159;Episódico/Epidêmico
5200175;Episódico/Epidêmico
5200209;Episódico/Epidêmico
5200258;Epidêmico
5200308;Episódico/Epidêmico
5200506;Episódico/Epidêmico
5200555;Episódico/Epidêmico
5200605;Episódico/Epidêmico
5200803;Episódico/Epidêmico
5200829;Episódico/Epidêmico
5200852;Episódico/Epidêmico
5200902;Episódico/Epidêmico
5201108;Transmissão Persistente
5201207;Episódico/Epidêmico
5201306;Episódico/Epidêmico
5201405;Transmissão Persistente
5201454;Episódico/Epidêmico
5201504;Episódico/Epidêmico
5201603;Episódico/Epidêmico
5201702;Episódico/Epidêmico
5201801;Episódico/Epidêmico
5202155;Episódico/Epidêmico
5202353;Episódico/Epidêmico
5202502;Episódico/Epidêmico
5202601;Episódico/Epidêmico
5202809;Episódico/Epidêmico
5203104;Episódico/Epidêmico
5203203;Epidêmico
5203302;Epidêmico
5203401;Episódico/Epidêmico
5203500;Episódico/Epidêmico
5203559;Episódico
5203575;Episódico/Epidêmico
5203609;Episódico/Epidêmico
5203807;Episódico/Epidêmico
5203906;Episódico/Epidêmico
5203939;Sem transmissão
5203962;Sem transmissão
5204003;Episódico/Epidêmico
5204102;Episódico/Epidêmico
5204201;Episódico/Epidêmico
5204250;Episódico/Epidêmico
5204300;Epidêmico
5204409;Epidêmico
5204508;Epidêmico
5204557;Episódico/Epidêmico
5204607;Episódico/Epidêmico
5204656;Episódico
5204706;Episódico/Epidêmico
5204805;Episódico/Epidêmico
5204854;Episódico/Epidêmico
5204904;Epidêmico
5204953;Episódico
5205000;Episódico/Epidêmico
5205059;Episódico/Epidêmico
5205109;Epidêmico
5205208;Episódico/Epidêmico
5205307;Episódico/Epidêmico
5205406;Epidêmico
5205455;Episódico/Epidêmico
5205471;Episódico/Epidêmico
5205497;Epidêmico
5205513;Epidêmico
5205521;Episódico/Epidêmico
5205703;Episódico/Epidêmico
5205802;Episódico/Epidêmico
5205901;Epidêmico
5206206;Epidêmico
5206305;Episódico/Epidêmico
5206404;Epidêmico
5206503;Episódico/Epidêmico
5206602;Episódico/Epidêmico
5206701;Episódico
5206800;Episódico/Epidêmico
5206909;Episódico
5207105;Episódico/Epidêmico
5207253;Episódico/Epidêmico
5207352;Episódico/Epidêmico
5207402;Epidêmico
5207501;Episódico/Epidêmico
5207535;Episódico/Epidêmico
5207600;Episódico/Epidêmico
5207808;Epidêmico
5207907;Episódico/Epidêmico
5208004;Epidêmico
5208103;Episódico/Epidêmico
5208152;Episódico/Epidêmico
5208301;Episódico/Epidêmico
5208400;Epidêmico
5208509;Episódico/Epidêmico
5208608;Epidêmico
5208707;Transmissão Persistente
5208806;Epidêmico
5208905;Epidêmico
5209101;Epidêmico
5209150;Episódico/Epidêmico
5209200;Episódico/Epidêmico
5209291;Episódico/Epidêmico
5209408;Episódico/Epidêmico
5209457;Episódico/Epidêmico
5209606;Episódico/Epidêmico
5209705;Epidêmico
5209804;Episódico
5209903;Episódico/Epidêmico
5209937;Episódico/Epidêmico
5209952;Episódico/Epidêmico
5210000;Epidêmico
5210109;Epidêmico
5210158;Episódico/Epidêmico
5210208;Epidêmico
5210307;Episódico/Epidêmico
5210406;Epidêmico
5210562;Episódico/Epidêmico
5210604;Episódico/Epidêmico
5210802;Episódico/Epidêmico
5210901;Epidêmico
5211008;Episódico/Epidêmico
5211206;Episódico/Epidêmico
5211305;Episódico/Epidêmico
5211404;Episódico/Epidêmico
5211503;Epidêmico
5211602;Episódico/Epidêmico
5211701;Episódico/Epidêmico
5211800;Epidêmico
5211909;Epidêmico
5212006;Episódico
5212055;Episódico
5212105;Episódico/Epidêmico
5212204;Episódico/Epidêmico
5212253;Episódico
5212303;Episódico/Epidêmico
5212501;Epidêmico
5212600;Episódico/Epidêmico
5212709;Episódico/Epidêmico
5212808;Episódico/Epidêmico
5212907;Episódico/Epidêmico
5212956;Episódico
5213004;Episódico/Epidêmico
5213053;Episódico
5213087;Episódico/Epidêmico
5213103;Epidêmico
5213400;Episódico
5213509;Episódico/Epidêmico
5213707;Epidêmico
5213756;Episódico/Epidêmico
5213772;Episódico
5213806;Epidêmico
5213855;Episódico/Epidêmico
5213905;Episódico/Epidêmico
5214002;Episódico/Epidêmico
5214051;Episódico/Epidêmico
5214101;Episódico/Epidêmico
5214408;Episódico/Epidêmico
5214507;Episódico/Epidêmico
5214606;Episódico/Epidêmico
5214705;Episódico
5214804;Episódico/Epidêmico
5214838;Episódico/Epidêmico
5214861;Episódico/Epidêmico
5214879;Episódico/Epidêmico
5214903;Episódico/Epidêmico
5215009;Episódico/Epidêmico
5215207;Episódico/Epidêmico
5215231;Epidêmico
5215256;Episódico
5215306;Episódico/Epidêmico
5215405;Episódico/Epidêmico
5215504;Epidêmico
5215603;Episódico/Epidêmico
5215652;Episódico/Epidêmico
5215702;Epidêmico
5215801;Episódico
5215900;Episódico/Epidêmico
5216007;Episódico/Epidêmico
5216304;Episódico/Epidêmico
5216403;Epidêmico
5216452;Episódico/Epidêmico
5216809;Episódico/Epidêmico
5216908;Episódico
5217104;Episódico/Epidêmico
5217203;Episódico/Epidêmico
5217302;Epidêmico
5217401;Epidêmico
5217609;Epidêmico
5217708;Episódico/Epidêmico
5218003;Episódico/Epidêmico
5218052;Episódico/Epidêmico
5218102;Episódico/Epidêmico
5218300;Epidêmico
5218391;Episódico/Epidêmico
5218508;Epidêmico
5218607;Episódico/Epidêmico
5218706;Episódico/Epidêmico
5218789;Episódico/Epidêmico
5218805;Epidêmico
5218904;Episódico/Epidêmico
5219001;Episódico/Epidêmico
5219100;Epidêmico
5219209;Episódico/Epidêmico
5219258;Episódico/Epidêmico
5219308;Epidêmico
5219357;Episódico/Epidêmico
5219407;Episódico/Epidêmico
5219456;Episódico/Epidêmico
5219506;Episódico/Epidêmico
5219605;Episódico/Epidêmico
5219704;Episódico/Epidêmico
5219712;Episódico/Epidêmico
5219738;Epidêmico
5219753;Epidêmico
5219803;Episódico/Epidêmico
5219902;Episódico/Epidêmico
5220009;Episódico/Epidêmico
5220058;Episódico/Epidêmico
5220108;Epidêmico
5220157;Episódico/Epidêmico
5220207;Episódico/Epidêmico
5220264;Episódico/Epidêmico
5220280;Episódico
5220405;Epidêmico
5220454;Epidêmico
5220504;Episódico/Epidêmico
5220603;Episódico/Epidêmico
5220686;Episódico/Epidêmico
5220702;Episódico
5221007;Episódico/Epidêmico
5221080;Episódico/Epidêmico
5221197;Episódico/Epidêmico
5221304;Episódico/Epidêmico
5221403;Epidêmico
5221452;Episódico/Epidêmico
5221502;Epidêmico
5221551;Episódico/Epidêmico
5221577;Episódico/Epidêmico
5221601;Epidêmico
5221700;Episódico/Epidêmico
5221809;Episódico/Epidêmico
5221858;Epidêmico
5221908;Episódico/Epidêmico
5222005;Episódico/Epidêmico
5222203;Episódico/Epidêmico
5222054;Episódico/Epidêmico
5222302;Episódico/Epidêmico
5300108;Transmissão Persistente
