muni_code;dengue_pattern_2010_2016;dengue_pattern_2017_2022;transition
1100015;Episódico/Epidêmico;Epidêmico;Piorou
1100023;Epidêmico;Epidêmico;Se manteve
1100031;Episódico/Epidêmico;Episódico/Epidêmico;Se manteve
1100049;Epidêmico;Epidêmico;Se manteve
1100056;Epidêmico;Episódico/Epidêmico;Melhorou
1100064;Epidêmico;Episódico/Epidêmico;Melhorou
1100072;Episódico/Epidêmico;Episódico/Epidêmico;Se manteve
1100080;Episódico/Epidêmico;Episódico/Epidêmico;Se manteve
1100098;Epidêmico;Episódico/Epidêmico;Melhorou
1100106;Episódico/Epidêmico;Episódico/Epidêmico;Se manteve
1100114;Episódico/Epidêmico;Episódico/Epidêmico;Se manteve
1100122;Epidêmico;Epidêmico;Se manteve
1100130;Epidêmico;Episódico/Epidêmico;Melhorou
1100148;Epidêmico;Episódico/Epidêmico;Melhorou
1100155;Episódico/Epidêmico;Episódico/Epidêmico;Se manteve
1100189;Epidêmico;Epidêmico;Se manteve
1100205;Epidêmico;Epidêmico;Se manteve
1100254;Episódico/Epidêmico;Epidêmico;Piorou
1100262;Episódico/Epidêmico;Episódico/Epidêmico;Se manteve
1100288;Episódico/Epidêmico;Episódico/Epidêmico;Se manteve
1100296;Episódico/Epidêmico;Episódico/Epidêmico;Se manteve
1100304;Epidêmico;Epidêmico;Se manteve
1100320;Episódico/Epidêmico;Episódico/Epidêmico;Se manteve
1100338;Episódico/Epidêmico;Episódico/Epidêmico;Se manteve
1100346;Episódico/Epidêmico;Episódico;Melhorou
1100379;Episódico/Epidêmico;Episódico/Epidêmico;Se manteve
1100403;Episódico/Epidêmico;Episódico/Epidêmico;Se manteve
1100452;Epidêmico;Epidêmico;Se manteve
1100502;Episódico/Epidêmico;Episódico/Epidêmico;Se manteve
1100601;Episódico/Epidêmico;Episódico/Epidêmico;Se manteve
1100700;Episódico/Epidêmico;Episódico/Epidêmico;Se manteve
1100809;Episódico/Epidêmico;Episódico/Epidêmico;Se manteve
1100908;Episódico;Episódico;Se manteve
1100924;Episódico/Epidêmico;Episódico/Epidêmico;Se manteve
1100940;Episódico/Epidêmico;Episódico/Epidêmico;Se manteve
1101005;Episódico/Epidêmico;Episódico;Melhorou
1101104;Episódico/Epidêmico;Episódico/Epidêmico;Se manteve
1101203;Episódico/Epidêmico;Episódico/Epidêmico;Se manteve
1101302;Episódico/Epidêmico;Episódico;Melhorou
1101401;Episódico/Epidêmico;Episódico/Epidêmico;Se manteve
1101435;Episódico/Epidêmico;Episódico/Epidêmico;Se manteve
1101450;Episódico/Epidêmico;Episódico/Epidêmico;Se manteve
1101468;Episódico;Episódico;Se manteve
1101476;Episódico/Epidêmico;Episódico/Epidêmico;Se manteve
1101484;Episódico/Epidêmico;Episódico/Epidêmico;Se manteve
1101492;Epidêmico;Episódico/Epidêmico;Melhorou
1101500;Episódico/Epidêmico;Episódico;Melhorou
1101559;Episódico;Episódico;Se manteve
1101609;Episódico/Epidêmico;Episódico/Epidêmico;Se manteve
1101708;Episódico/Epidêmico;Episódico;Melhorou
1101757;Episódico;Episódico/Epidêmico;Piorou
1101807;Episódico/Epidêmico;Episódico/Epidêmico;Se manteve
1200013;Episódico/Epidêmico;Episódico/Epidêmico;Se manteve
1200054;Episódico/Epidêmico;Epidêmico;Piorou
1200104;Epidêmico;Epidêmico;Se manteve
1200138;Episódico;Episódico;Se manteve
1200179;Episódico/Epidêmico;Episódico/Epidêmico;Se manteve
1200203;Epidêmico;Epidêmico;Se manteve
1200252;Episódico/Epidêmico;Episódico/Epidêmico;Se manteve
1200302;Episódico;Epidêmico;Piorou
1200328;Episódico;Episódico;Se manteve
1200336;Episódico;Epidêmico;Piorou
1200344;Episódico;Episódico/Epidêmico;Piorou
1200351;Episódico;Episódico/Epidêmico;Piorou
1200385;Episódico/Epidêmico;Epidêmico;Piorou
1200393;Episódico;Episódico/Epidêmico;Piorou
1200401;Epidêmico;Epidêmico;Se manteve
1200427;Episódico/Epidêmico;Epidêmico;Piorou
1200435;Episódico;Episódico;Se manteve
1200450;Episódico/Epidêmico;Epidêmico;Piorou
1200500;Episódico/Epidêmico;Epidêmico;Piorou
1200609;Episódico;Epidêmico;Piorou
1200708;Epidêmico;Episódico/Epidêmico;Melhorou
1200807;Episódico;Episódico/Epidêmico;Piorou
1300029;Episódico;Episódico/Epidêmico;Piorou
1300060;Episódico;Episódico;Se manteve
1300086;Episódico;Sem transmissão;Melhorou
1300102;Episódico/Epidêmico;Episódico;Melhorou
1300144;Episódico/Epidêmico;Episódico;Melhorou
1300201;Episódico;Episódico;Se manteve
1300300;Episódico;Episódico;Se manteve
1300409;Episódico/Epidêmico;Episódico/Epidêmico;Se manteve
1300508;Episódico;Sem transmissão;Melhorou
1300607;Episódico;Episódico/Epidêmico;Piorou
1300631;Episódico;Episódico;Se manteve
1300680;Episódico;Episódico;Se manteve
1300706;Episódico/Epidêmico;Episódico;Melhorou
1300805;Epidêmico;Episódico/Epidêmico;Melhorou
1300839;Episódico;Episódico;Se manteve
1300904;Episódico;Sem transmissão;Melhorou
1301001;Episódico;Episódico/Epidêmico;Piorou
1301100;Episódico/Epidêmico;Episódico;Melhorou
1301159;Episódico;Episódico;Se manteve
1301209;Epidêmico;Episódico/Epidêmico;Melhorou
1301308;Episódico;Episódico/Epidêmico;Piorou
1301407;Episódico;Episódico/Epidêmico;Piorou
1301506;Episódico;Episódico/Epidêmico;Piorou
1301605;Episódico;Episódico;Se manteve
1301654;Episódico/Epidêmico;Epidêmico;Piorou
1301704;Epidêmico;Epidêmico;Se manteve
1301803;Episódico;Episódico/Epidêmico;Piorou
1301852;Episódico/Epidêmico;Episódico/Epidêmico;Se manteve
1301902;Epidêmico;Episódico/Epidêmico;Melhorou
1301951;Episódico;Sem transmissão;Melhorou
1302009;Episódico;Episódico;Se manteve
1302108;Episódico/Epidêmico;Episódico;Melhorou
1302207;Episódico;Episódico;Se manteve
1302306;Episódico;Epidêmico;Piorou
1302405;Episódico/Epidêmico;Episódico/Epidêmico;Se manteve
1302504;Epidêmico;Episódico/Epidêmico;Melhorou
1302553;Episódico;Sem transmissão;Melhorou
1302603;Transmissão Persistente;Epidêmico;Melhorou
1302702;Episódico;Episódico;Se manteve
1302801;Episódico;Episódico;Se manteve
1302900;Episódico/Epidêmico;Episódico/Epidêmico;Se manteve
1303007;Episódico;Sem transmissão;Melhorou
1303106;Episódico/Epidêmico;Episódico;Melhorou
1303205;Episódico/Epidêmico;Episódico/Epidêmico;Se manteve
1303304;Episódico/Epidêmico;Episódico/Epidêmico;Se manteve
1303403;Episódico/Epidêmico;Episódico/Epidêmico;Se manteve
1303502;Episódico;Episódico;Se manteve
1303536;Episódico/Epidêmico;Epidêmico;Piorou
1303569;Episódico;Episódico/Epidêmico;Piorou
1303601;Sem transmissão;Episódico;Piorou
1303700;Episódico;Episódico;Se manteve
1303809;Epidêmico;Episódico/Epidêmico;Melhorou
1303908;Episódico;Episódico/Epidêmico;Piorou
1303957;Sem transmissão;Episódico;Piorou
1304005;Episódico;Sem transmissão;Melhorou
1304062;Epidêmico;Epidêmico;Se manteve
1304104;Episódico/Epidêmico;Episódico/Epidêmico;Se manteve
1304203;Epidêmico;Epidêmico;Se manteve
1304237;Sem transmissão;Episódico;Piorou
1304260;Episódico;Episódico;Se manteve
1304302;Episódico;Episódico;Se manteve
1304401;Episódico;Episódico;Se manteve
1400027;Episódico/Epidêmico;Episódico;Melhorou
1400050;Episódico/Epidêmico;Episódico/Epidêmico;Se manteve
1400100;Epidêmico;Epidêmico;Se manteve
1400159;Episódico/Epidêmico;Episódico/Epidêmico;Se manteve
1400175;Episódico/Epidêmico;Episódico/Epidêmico;Se manteve
1400209;Epidêmico;Episódico/Epidêmico;Melhorou
1400233;Episódico/Epidêmico;Episódico/Epidêmico;Se manteve
1400282;Episódico/Epidêmico;Episódico/Epidêmico;Se manteve
1400308;Epidêmico;Episódico/Epidêmico;Melhorou
1400407;Episódico/Epidêmico;Episódico/Epidêmico;Se manteve
1400456;Episódico/Epidêmico;Episódico/Epidêmico;Se manteve
1400472;Epidêmico;Epidêmico;Se manteve
1400506;Episódico/Epidêmico;Episódico/Epidêmico;Se manteve
1400605;Episódico/Epidêmico;Episódico/Epidêmico;Se manteve
1400704;Episódico;Episódico;Se manteve
1500107;Epidêmico;Episódico/Epidêmico;Melhorou
1500131;Episódico/Epidêmico;Episódico;Melhorou
1500206;Episódico/Epidêmico;Episódico/Epidêmico;Se manteve
1500305;Episódico;Episódico;Se manteve
1500347;Episódico/Epidêmico;Episódico/Epidêmico;Se manteve
1500404;Episódico/Epidêmico;Episódico/Epidêmico;Se manteve
1500503;Episódico;Episódico;Se manteve
1500602;Epidêmico;Epidêmico;Se manteve
1500701;Episódico;Episódico;Se manteve
1500800;Epidêmico;Epidêmico;Se manteve
1500859;Episódico/Epidêmico;Episódico/Epidêmico;Se manteve
1500909;Episódico/Epidêmico;Episódico/Epidêmico;Se manteve
1500958;Episódico/Epidêmico;Episódico/Epidêmico;Se manteve
1501006;Episódico;Sem transmissão;Melhorou
1501105;Episódico;Episódico;Se manteve
1501204;Episódico/Epidêmico;Episódico;Melhorou
1501253;Episódico/Epidêmico;Episódico/Epidêmico;Se manteve
1501303;Epidêmico;Episódico/Epidêmico;Melhorou
1501402;Epidêmico;Epidêmico;Se manteve
1501451;Episódico/Epidêmico;Episódico/Epidêmico;Se manteve
1501501;Epidêmico;Episódico/Epidêmico;Melhorou
1501576;Episódico;Episódico;Se manteve
1501600;Episódico;Episódico;Se manteve
1501709;Epidêmico;Episódico/Epidêmico;Melhorou
1501725;Episódico/Epidêmico;Episódico/Epidêmico;Se manteve
1501758;Episódico/Epidêmico;Episódico/Epidêmico;Se manteve
1501782;Episódico/Epidêmico;Episódico;Melhorou
1501808;Episódico/Epidêmico;Episódico/Epidêmico;Se manteve
1501907;Episódico;Episódico;Se manteve
1501956;Episódico/Epidêmico;Episódico;Melhorou
1502004;Sem transmissão;Sem transmissão;Se manteve
1502103;Epidêmico;Episódico/Epidêmico;Melhorou
1502152;Episódico/Epidêmico;Episódico/Epidêmico;Se manteve
1502202;Episódico/Epidêmico;Episódico/Epidêmico;Se manteve
1502301;Episódico/Epidêmico;Episódico;Melhorou
1502400;Epidêmico;Epidêmico;Se manteve
1502509;Sem transmissão;Episódico;Piorou
1502608;Episódico;Episódico;Se manteve
1502707;Epidêmico;Epidêmico;Se manteve
1502756;Episódico;Episódico;Se manteve
1502764;Episódico/Epidêmico;Episódico/Epidêmico;Se manteve
1502772;Episódico/Epidêmico;Episódico;Melhorou
1502806;Sem transmissão;Episódico;Piorou
1502855;Episódico;Episódico;Se manteve
1502905;Episódico/Epidêmico;Episódico/Epidêmico;Se manteve
1502939;Episódico/Epidêmico;Episódico/Epidêmico;Se manteve
1502954;Episódico/Epidêmico;Episódico;Melhorou
1503002;Sem transmissão;Episódico;Piorou
1503044;Episódico;Episódico/Epidêmico;Piorou
1503077;Episódico/Epidêmico;Episódico;Melhorou
1503093;Episódico/Epidêmico;Episódico/Epidêmico;Se manteve
1503101;Episódico;Episódico;Se manteve
1503200;Episódico/Epidêmico;Episódico/Epidêmico;Se manteve
1503309;Episódico/Epidêmico;Episódico/Epidêmico;Se manteve
1503408;Episódico/Epidêmico;Episódico/Epidêmico;Se manteve
1503457;Episódico/Epidêmico;Episódico/Epidêmico;Se manteve
1503507;Episódico/Epidêmico;Episódico/Epidêmico;Se manteve
1503606;Epidêmico;Episódico/Epidêmico;Melhorou
1503705;Epidêmico;Episódico/Epidêmico;Melhorou
1503754;Episódico;Episódico;Se manteve
1503804;Episódico/Epidêmico;Episódico/Epidêmico;Se manteve
1503903;Episódico/Epidêmico;Episódico/Epidêmico;Se manteve
1504000;Episódico/Epidêmico;Episódico;Melhorou
1504059;Episódico/Epidêmico;Episódico/Epidêmico;Se manteve
1504109;Episódico;Episódico/Epidêmico;Piorou
1504208;Epidêmico;Epidêmico;Se manteve
1504307;Episódico/Epidêmico;Episódico/Epidêmico;Se manteve
1504406;Episódico;Episódico;Se manteve
1504422;Epidêmico;Epidêmico;Se manteve
1504455;Epidêmico;Episódico/Epidêmico;Melhorou
1504505;Sem transmissão;Episódico;Piorou
1504604;Episódico/Epidêmico;Episódico/Epidêmico;Se manteve
1504703;Episódico/Epidêmico;Episódico/Epidêmico;Se manteve
1504752;Episódico;Episódico/Epidêmico;Piorou
1504802;Episódico/Epidêmico;Episódico/Epidêmico;Se manteve
1504901;Episódico/Epidêmico;Episódico;Melhorou
1504950;Episódico/Epidêmico;Episódico;Melhorou
1504976;Episódico/Epidêmico;Episódico/Epidêmico;Se manteve
1505007;Episódico;Episódico;Se manteve
1505031;Epidêmico;Episódico/Epidêmico;Melhorou
1505064;Episódico/Epidêmico;Episódico/Epidêmico;Se manteve
1505106;Episódico/Epidêmico;Episódico/Epidêmico;Se manteve
1505205;Episódico;Episódico;Se manteve
1505304;Epidêmico;Episódico/Epidêmico;Melhorou
1505403;Episódico;Episódico;Se manteve
1505437;Episódico/Epidêmico;Episódico/Epidêmico;Se manteve
1505486;Epidêmico;Episódico/Epidêmico;Melhorou
1505494;Episódico;Episódico;Se manteve
1505502;Episódico/Epidêmico;Episódico/Epidêmico;Se manteve
1505536;Epidêmico;Epidêmico;Se manteve
1505551;Episódico/Epidêmico;Episódico/Epidêmico;Se manteve
1505601;Episódico;Episódico/Epidêmico;Piorou
1505635;Episódico;Episódico;Se manteve
1505650;Episódico/Epidêmico;Episódico/Epidêmico;Se manteve
1505700;Episódico/Epidêmico;Episódico;Melhorou
1505809;Episódico/Epidêmico;Episódico/Epidêmico;Se manteve
1505908;Episódico;Episódico;Se manteve
1506005;Episódico/Epidêmico;Episódico/Epidêmico;Se manteve
1506104;Episódico/Epidêmico;Episódico;Melhorou
1506112;Episódico;Episódico;Se manteve
1506138;Episódico/Epidêmico;Epidêmico;Piorou
1506161;Episódico/Epidêmico;Episódico/Epidêmico;Se manteve
1506187;Episódico/Epidêmico;Episódico/Epidêmico;Se manteve
1506195;Episódico/Epidêmico;Episódico/Epidêmico;Se manteve
1506203;Episódico/Epidêmico;Episódico/Epidêmico;Se manteve
1506302;Episódico/Epidêmico;Episódico;Melhorou
1506351;Episódico/Epidêmico;Episódico/Epidêmico;Se manteve
1506401;Sem transmissão;Sem transmissão;Se manteve
1506500;Epidêmico;Episódico/Epidêmico;Melhorou
1506559;Episódico/Epidêmico;Episódico/Epidêmico;Se manteve
1506583;Episódico/Epidêmico;Episódico/Epidêmico;Se manteve
1506609;Episódico;Episódico/Epidêmico;Piorou
1506708;Episódico/Epidêmico;Episódico/Epidêmico;Se manteve
1506807;Epidêmico;Epidêmico;Se manteve
1506906;Episódico;Episódico/Epidêmico;Piorou
1507003;Episódico/Epidêmico;Episódico;Melhorou
1507102;Episódico/Epidêmico;Episódico;Melhorou
1507151;Episódico/Epidêmico;Episódico;Melhorou
1507201;Episódico/Epidêmico;Episódico/Epidêmico;Se manteve
1507300;Epidêmico;Episódico/Epidêmico;Melhorou
1507409;Episódico/Epidêmico;Episódico/Epidêmico;Se manteve
1507458;Episódico/Epidêmico;Episódico/Epidêmico;Se manteve
1507466;Episódico/Epidêmico;Episódico;Melhorou
1507474;Episódico/Epidêmico;Episódico/Epidêmico;Se manteve
1507508;Episódico/Epidêmico;Episódico/Epidêmico;Se manteve
1507607;Episódico/Epidêmico;Episódico;Melhorou
1507706;Episódico/Epidêmico;Episódico;Melhorou
1507755;Episódico;Episódico;Se manteve
1507805;Episódico/Epidêmico;Episódico/Epidêmico;Se manteve
1507904;Episódico/Epidêmico;Episódico/Epidêmico;Se manteve
1507953;Epidêmico;Episódico/Epidêmico;Melhorou
1507961;Episódico/Epidêmico;Episódico;Melhorou
1507979;Episódico;Episódico;Se manteve
1508001;Episódico/Epidêmico;Episódico/Epidêmico;Se manteve
1508035;Episódico/Epidêmico;Episódico/Epidêmico;Se manteve
1508050;Episódico;Episódico/Epidêmico;Piorou
1508084;Epidêmico;Episódico/Epidêmico;Melhorou
1508100;Epidêmico;Episódico/Epidêmico;Melhorou
1508126;Episódico/Epidêmico;Episódico/Epidêmico;Se manteve
1508159;Epidêmico;Episódico/Epidêmico;Melhorou
1508209;Episódico/Epidêmico;Episódico/Epidêmico;Se manteve
1508308;Episódico/Epidêmico;Episódico;Melhorou
1508357;Episódico/Epidêmico;Episódico/Epidêmico;Se manteve
1508407;Episódico/Epidêmico;Episódico/Epidêmico;Se manteve
1600055;Episódico/Epidêmico;Episódico;Melhorou
1600105;Episódico;Episódico;Se manteve
1600154;Episódico/Epidêmico;Episódico;Melhorou
1600204;Episódico/Epidêmico;Episódico;Melhorou
1600212;Sem transmissão;Sem transmissão;Se manteve
1600238;Episódico/Epidêmico;Episódico;Melhorou
1600253;Episódico;Sem transmissão;Melhorou
1600279;Episódico/Epidêmico;Episódico/Epidêmico;Se manteve
1600303;Epidêmico;Epidêmico;Se manteve
1600402;Episódico/Epidêmico;Episódico/Epidêmico;Se manteve
1600501;Epidêmico;Episódico/Epidêmico;Melhorou
1600535;Episódico/Epidêmico;Episódico;Melhorou
1600550;Sem transmissão;Sem transmissão;Se manteve
1600600;Epidêmico;Episódico/Epidêmico;Melhorou
1600709;Episódico;Episódico;Se manteve
1600808;Sem transmissão;Episódico;Piorou
1700251;Episódico/Epidêmico;Episódico;Melhorou
1700301;Episódico/Epidêmico;Episódico/Epidêmico;Se manteve
1700350;Episódico;Episódico/Epidêmico;Piorou
1700400;Episódico/Epidêmico;Episódico;Melhorou
1700707;Episódico/Epidêmico;Episódico/Epidêmico;Se manteve
1701002;Episódico/Epidêmico;Episódico/Epidêmico;Se manteve
1701051;Episódico;Episódico;Se manteve
1701101;Episódico/Epidêmico;Episódico/Epidêmico;Se manteve
1701309;Episódico/Epidêmico;Episódico/Epidêmico;Se manteve
1701903;Episódico/Epidêmico;Episódico/Epidêmico;Se manteve
1702000;Epidêmico;Episódico/Epidêmico;Melhorou
1702109;Epidêmico;Epidêmico;Se manteve
1702158;Episódico/Epidêmico;Episódico;Melhorou
1702208;Epidêmico;Episódico/Epidêmico;Melhorou
1702307;Episódico/Epidêmico;Episódico/Epidêmico;Se manteve
1702406;Episódico/Epidêmico;Episódico/Epidêmico;Se manteve
1702554;Episódico/Epidêmico;Episódico/Epidêmico;Se manteve
1702703;Episódico;Episódico;Se manteve
1702901;Episódico/Epidêmico;Episódico;Melhorou
1703008;Episódico/Epidêmico;Episódico/Epidêmico;Se manteve
1703057;Episódico;Episódico;Se manteve
1703073;Episódico;Episódico;Se manteve
1703107;Episódico/Epidêmico;Episódico/Epidêmico;Se manteve
1703206;Episódico/Epidêmico;Episódico;Melhorou
1703305;Episódico;Episódico;Se manteve
1703602;Episódico/Epidêmico;Episódico/Epidêmico;Se manteve
1703701;Episódico;Episódico/Epidêmico;Piorou
1703800;Episódico/Epidêmico;Episódico/Epidêmico;Se manteve
1703826;Episódico/Epidêmico;Episódico;Melhorou
1703842;Episódico;Episódico;Se manteve
1703867;Episódico/Epidêmico;Episódico/Epidêmico;Se manteve
1703883;Episódico/Epidêmico;Episódico/Epidêmico;Se manteve
1703891;Episódico;Episódico;Se manteve
1703909;Episódico;Episódico;Se manteve
1704105;Episódico/Epidêmico;Episódico/Epidêmico;Se manteve
1704600;Episódico/Epidêmico;Episódico;Melhorou
1705102;Episódico/Epidêmico;Episódico/Epidêmico;Se manteve
1705508;Epidêmico;Epidêmico;Se manteve
1705557;Episódico/Epidêmico;Episódico/Epidêmico;Se manteve
1705607;Episódico/Epidêmico;Episódico/Epidêmico;Se manteve
1706001;Episódico/Epidêmico;Episódico/Epidêmico;Se manteve
1706100;Episódico/Epidêmico;Episódico;Melhorou
1706258;Episódico;Episódico;Se manteve
1706506;Episódico/Epidêmico;Episódico;Melhorou
1707009;Epidêmico;Epidêmico;Se manteve
1707108;Episódico/Epidêmico;Episódico/Epidêmico;Se manteve
1707207;Episódico/Epidêmico;Episódico;Melhorou
1707306;Episódico/Epidêmico;Episódico/Epidêmico;Se manteve
1707405;Episódico/Epidêmico;Episódico;Melhorou
1707553;Episódico;Episódico;Se manteve
1707652;Episódico/Epidêmico;Episódico/Epidêmico;Se manteve
1707702;Episódico/Epidêmico;Episódico/Epidêmico;Se manteve
1708205;Epidêmico;Episódico/Epidêmico;Melhorou
1708254;Episódico;Episódico/Epidêmico;Piorou
1708304;Episódico/Epidêmico;Episódico;Melhorou
1709005;Episódico/Epidêmico;Episódico/Epidêmico;Se manteve
1709302;Epidêmico;Epidêmico;Se manteve
1709500;Epidêmico;Epidêmico;Se manteve
1709807;Episódico;Episódico;Se manteve
1710508;Episódico/Epidêmico;Episódico/Epidêmico;Se manteve
1710706;Episódico/Epidêmico;Episódico/Epidêmico;Se manteve
1710904;Episódico;Episódico;Se manteve
1711100;Episódico/Epidêmico;Episódico/Epidêmico;Se manteve
1711506;Episódico/Epidêmico;Episódico/Epidêmico;Se manteve
1711803;Episódico;Episódico;Se manteve
1711902;Episódico/Epidêmico;Episódico/Epidêmico;Se manteve
1711951;Episódico;Episódico;Se manteve
1712009;Episódico/Epidêmico;Episódico;Melhorou
1712157;Episódico/Epidêmico;Episódico;Melhorou
1712405;Episódico;Episódico;Se manteve
1712454;Episódico;Episódico/Epidêmico;Piorou
1712504;Episódico/Epidêmico;Episódico/Epidêmico;Se manteve
1712702;Episódico;Episódico;Se manteve
1712801;Episódico/Epidêmico;Episódico;Melhorou
1713205;Epidêmico;Epidêmico;Se manteve
1713304;Epidêmico;Episódico/Epidêmico;Melhorou
1713601;Episódico/Epidêmico;Episódico/Epidêmico;Se manteve
1713700;Episódico;Episódico;Se manteve
1713809;Episódico/Epidêmico;Episódico;Melhorou
1713957;Episódico/Epidêmico;Episódico;Melhorou
1714203;Episódico/Epidêmico;Episódico/Epidêmico;Se manteve
1714302;Episódico;Episódico;Se manteve
1714880;Episódico/Epidêmico;Episódico/Epidêmico;Se manteve
1715002;Episódico/Epidêmico;Episódico/Epidêmico;Se manteve
1715101;Episódico/Epidêmico;Episódico;Melhorou
1715150;Episódico/Epidêmico;Episódico/Epidêmico;Se manteve
1715259;Episódico;Episódico/Epidêmico;Piorou
1715507;Episódico;Episódico;Se manteve
1715705;Episódico;Episódico;Se manteve
1715754;Episódico/Epidêmico;Episódico/Epidêmico;Se manteve
1716109;Epidêmico;Epidêmico;Se manteve
1716208;Episódico/Epidêmico;Episódico;Melhorou
1716307;Episódico;Episódico;Se manteve
1716505;Episódico/Epidêmico;Episódico/Epidêmico;Se manteve
1716604;Episódico/Epidêmico;Episódico/Epidêmico;Se manteve
1716653;Episódico/Epidêmico;Episódico/Epidêmico;Se manteve
1716703;Episódico/Epidêmico;Episódico;Melhorou
1717008;Episódico;Episódico;Se manteve
1717206;Episódico;Episódico/Epidêmico;Piorou
1717503;Episódico/Epidêmico;Episódico/Epidêmico;Se manteve
1717800;Episódico;Episódico/Epidêmico;Piorou
1717909;Episódico/Epidêmico;Episódico/Epidêmico;Se manteve
1718006;Episódico;Episódico;Se manteve
1718204;Epidêmico;Epidêmico;Se manteve
1718303;Episódico/Epidêmico;Episódico;Melhorou
1718402;Episódico/Epidêmico;Episódico/Epidêmico;Se manteve
1718451;Episódico;Episódico/Epidêmico;Piorou
1718501;Episódico;Episódico;Se manteve
1718550;Episódico/Epidêmico;Episódico/Epidêmico;Se manteve
1718659;Episódico;Episódico;Se manteve
1718709;Episódico/Epidêmico;Episódico/Epidêmico;Se manteve
1718758;Episódico;Episódico/Epidêmico;Piorou
1718808;Episódico/Epidêmico;Episódico/Epidêmico;Se manteve
1718840;Episódico/Epidêmico;Episódico;Melhorou
1718865;Episódico/Epidêmico;Episódico/Epidêmico;Se manteve
1718881;Episódico/Epidêmico;Episódico;Melhorou
1718899;Episódico;Episódico;Se manteve
1718907;Episódico/Epidêmico;Episódico/Epidêmico;Se manteve
1719004;Episódico;Episódico;Se manteve
1720002;Episódico/Epidêmico;Episódico;Melhorou
1720101;Episódico/Epidêmico;Episódico/Epidêmico;Se manteve
1720150;Episódico;Episódico;Se manteve
1720200;Episódico/Epidêmico;Episódico;Melhorou
1720259;Episódico/Epidêmico;Episódico;Melhorou
1720309;Episódico;Episódico;Se manteve
1720499;Episódico;Episódico/Epidêmico;Piorou
1720655;Episódico/Epidêmico;Episódico/Epidêmico;Se manteve
1720804;Episódico/Epidêmico;Episódico/Epidêmico;Se manteve
1720853;Episódico;Episódico/Epidêmico;Piorou
1720903;Episódico/Epidêmico;Episódico/Epidêmico;Se manteve
1720937;Episódico;Episódico/Epidêmico;Piorou
1720978;Episódico/Epidêmico;Episódico/Epidêmico;Se manteve
1721000;Epidêmico;Transmissão Persistente;Piorou
1721109;Episódico/Epidêmico;Episódico/Epidêmico;Se manteve
1721208;Epidêmico;Episódico/Epidêmico;Melhorou
1721257;Episódico;Episódico;Se manteve
1721307;Episódico;Episódico;Se manteve
1722081;Episódico;Episódico/Epidêmico;Piorou
1722107;Episódico/Epidêmico;Episódico/Epidêmico;Se manteve
2100055;Episódico/Epidêmico;Episódico/Epidêmico;Se manteve
2100105;Episódico;Episódico;Se manteve
2100154;Episódico;Episódico;Se manteve
2100204;Episódico;Episódico;Se manteve
2100303;Episódico/Epidêmico;Episódico/Epidêmico;Se manteve
2100402;Sem transmissão;Episódico;Piorou
2100436;Episódico;Episódico;Se manteve
2100477;Episódico/Epidêmico;Episódico/Epidêmico;Se manteve
2100501;Episódico/Epidêmico;Episódico/Epidêmico;Se manteve
2100550;Episódico;Episódico;Se manteve
2100600;Episódico/Epidêmico;Episódico/Epidêmico;Se manteve
2100709;Episódico;Episódico;Se manteve
2100808;Episódico;Episódico/Epidêmico;Piorou
2100832;Episódico/Epidêmico;Episódico;Melhorou
2100873;Episódico;Episódico;Se manteve
2100907;Episódico/Epidêmico;Episódico;Melhorou
2100956;Episódico/Epidêmico;Episódico/Epidêmico;Se manteve
2101004;Episódico;Episódico;Se manteve
2101103;Episódico;Episódico;Se manteve
2101202;Episódico/Epidêmico;Episódico/Epidêmico;Se manteve
2101251;Episódico/Epidêmico;Episódico/Epidêmico;Se manteve
2101301;Episódico;Episódico;Se manteve
2101350;Episódico;Sem transmissão;Melhorou
2101400;Episódico/Epidêmico;Episódico/Epidêmico;Se manteve
2101509;Episódico/Epidêmico;Episódico/Epidêmico;Se manteve
2101608;Epidêmico;Epidêmico;Se manteve
2101707;Episódico/Epidêmico;Episódico;Melhorou
2101731;Episódico;Episódico;Se manteve
2101772;Episódico;Episódico;Se manteve
2101806;Episódico;Episódico/Epidêmico;Piorou
2101905;Episódico/Epidêmico;Episódico;Melhorou
2101939;Episódico;Episódico;Se manteve
2101970;Episódico;Episódico;Se manteve
2102002;Episódico/Epidêmico;Episódico;Melhorou
2102036;Episódico/Epidêmico;Episódico;Melhorou
2102077;Episódico;Episódico;Se manteve
2102101;Episódico/Epidêmico;Episódico;Melhorou
2102150;Episódico;Episódico;Se manteve
2102200;Episódico;Episódico;Se manteve
2102309;Episódico/Epidêmico;Episódico;Melhorou
2102325;Episódico/Epidêmico;Episódico;Melhorou
2102358;Episódico;Episódico;Se manteve
2102374;Episódico;Episódico;Se manteve
2102408;Sem transmissão;Sem transmissão;Se manteve
2102507;Episódico;Episódico;Se manteve
2102556;Episódico/Epidêmico;Episódico/Epidêmico;Se manteve
2102606;Episódico;Episódico;Se manteve
2102705;Episódico/Epidêmico;Episódico;Melhorou
2102754;Episódico;Episódico;Se manteve
2102804;Episódico/Epidêmico;Episódico/Epidêmico;Se manteve
2102903;Episódico;Episódico;Se manteve
2103000;Epidêmico;Episódico/Epidêmico;Melhorou
2103109;Sem transmissão;Sem transmissão;Se manteve
2103125;Episódico;Episódico;Se manteve
2103158;Episódico;Episódico;Se manteve
2103174;Episódico;Episódico;Se manteve
2103208;Episódico/Epidêmico;Episódico/Epidêmico;Se manteve
2103257;Episódico/Epidêmico;Episódico;Melhorou
2103307;Episódico/Epidêmico;Episódico/Epidêmico;Se manteve
2103406;Episódico/Epidêmico;Episódico;Melhorou
2103505;Episódico/Epidêmico;Episódico/Epidêmico;Se manteve
2103554;Episódico;Episódico;Se manteve
2103604;Episódico/Epidêmico;Episódico;Melhorou
2103703;Episódico/Epidêmico;Episódico/Epidêmico;Se manteve
2103752;Episódico;Episódico;Se manteve
2103802;Episódico/Epidêmico;Episódico;Melhorou
2103901;Episódico;Episódico;Se manteve
2104008;Episódico;Episódico;Se manteve
2104057;Episódico/Epidêmico;Episódico/Epidêmico;Se manteve
2104073;Episódico/Epidêmico;Episódico/Epidêmico;Se manteve
2104081;Episódico;Episódico;Se manteve
2104099;Episódico/Epidêmico;Episódico/Epidêmico;Se manteve
2104107;Episódico/Epidêmico;Episódico/Epidêmico;Se manteve
2104206;Episódico/Epidêmico;Episódico;Melhorou
2104305;Episódico;Episódico;Se manteve
2104404;Episódico;Episódico;Se manteve
2104503;Episódico/Epidêmico;Episódico;Melhorou
2104552;Episódico/Epidêmico;Episódico/Epidêmico;Se manteve
2104602;Episódico;Episódico;Se manteve
2104628;Episódico;Episódico;Se manteve
2104651;Episódico;Episódico;Se manteve
2104677;Episódico;Episódico;Se manteve
2104701;Episódico;Episódico;Se manteve
2104800;Episódico/Epidêmico;Episódico/Epidêmico;Se manteve
2104909;Episódico;Sem transmissão;Melhorou
2105005;Episódico/Epidêmico;Episódico/Epidêmico;Se manteve
2105104;Episódico;Episódico;Se manteve
2105153;Episódico;Episódico/Epidêmico;Piorou
2105203;Episódico;Episódico/Epidêmico;Piorou
2105302;Epidêmico;Episódico/Epidêmico;Melhorou
2105351;Episódico;Episódico;Se manteve
2105401;Episódico/Epidêmico;Episódico/Epidêmico;Se manteve
2105427;Episódico;Episódico/Epidêmico;Piorou
2105450;Episódico;Episódico;Se manteve
2105476;Episódico;Episódico;Se manteve
2105500;Episódico/Epidêmico;Episódico;Melhorou
2105609;Episódico;Episódico;Se manteve
2105658;Episódico/Epidêmico;Episódico;Melhorou
2105708;Episódico/Epidêmico;Episódico/Epidêmico;Se manteve
2105807;Episódico;Episódico;Se manteve
2105906;Episódico;Episódico;Se manteve
2105922;Episódico/Epidêmico;Episódico;Melhorou
2105948;Episódico;Episódico;Se manteve
2105963;Episódico;Episódico;Se manteve
2105989;Episódico/Epidêmico;Episódico/Epidêmico;Se manteve
2106003;Episódico;Episódico;Se manteve
2106102;Episódico;Episódico;Se manteve
2106201;Episódico;Sem transmissão;Melhorou
2106300;Episódico;Episódico;Se manteve
2106326;Episódico;Episódico;Se manteve
2106359;Sem transmissão;Sem transmissão;Se manteve
2106375;Episódico;Episódico;Se manteve
2106409;Episódico;Episódico;Se manteve
2106508;Episódico;Episódico;Se manteve
2106607;Episódico/Epidêmico;Episódico/Epidêmico;Se manteve
2106631;Episódico;Episódico;Se manteve
2106672;Episódico;Episódico;Se manteve
2106706;Episódico;Episódico;Se manteve
2106755;Episódico/Epidêmico;Episódico/Epidêmico;Se manteve
2106805;Episódico;Episódico;Se manteve
2106904;Episódico/Epidêmico;Episódico;Melhorou
2107001;Episódico;Episódico;Se manteve
2107100;Episódico/Epidêmico;Episódico;Melhorou
2107209;Episódico/Epidêmico;Episódico;Melhorou
2107258;Episódico;Episódico;Se manteve
2107308;Episódico/Epidêmico;Episódico;Melhorou
2107357;Episódico;Episódico;Se manteve
2107407;Episódico;Episódico;Se manteve
2107456;Episódico;Episódico;Se manteve
2107506;Episódico/Epidêmico;Episódico/Epidêmico;Se manteve
2107605;Episódico;Episódico;Se manteve
2107704;Episódico/Epidêmico;Episódico/Epidêmico;Se manteve
2107803;Episódico/Epidêmico;Episódico;Melhorou
2107902;Episódico;Episódico;Se manteve
2108009;Episódico/Epidêmico;Episódico;Melhorou
2108058;Episódico/Epidêmico;Episódico;Melhorou
2108108;Episódico;Episódico/Epidêmico;Piorou
2108207;Episódico/Epidêmico;Episódico/Epidêmico;Se manteve
2108256;Episódico;Episódico;Se manteve
2108306;Episódico;Episódico;Se manteve
2108405;Episódico;Episódico;Se manteve
2108454;Episódico;Episódico;Se manteve
2108504;Episódico/Epidêmico;Episódico;Melhorou
2108603;Episódico/Epidêmico;Episódico/Epidêmico;Se manteve
2108702;Episódico/Epidêmico;Episódico;Melhorou
2108801;Episódico;Episódico/Epidêmico;Piorou
2108900;Episódico;Episódico;Se manteve
2109007;Episódico/Epidêmico;Episódico/Epidêmico;Se manteve
2109056;Episódico;Episódico;Se manteve
2109106;Episódico/Epidêmico;Episódico/Epidêmico;Se manteve
2109205;Episódico;Episódico;Se manteve
2109239;Episódico;Sem transmissão;Melhorou
2109270;Episódico;Episódico;Se manteve
2109304;Episódico/Epidêmico;Episódico;Melhorou
2109403;Episódico;Episódico;Se manteve
2109452;Episódico;Episódico;Se manteve
2109502;Episódico/Epidêmico;Episódico/Epidêmico;Se manteve
2109551;Episódico;Episódico;Se manteve
2109601;Episódico/Epidêmico;Episódico;Melhorou
2109700;Episódico;Episódico;Se manteve
2109759;Episódico;Episódico;Se manteve
2109809;Episódico/Epidêmico;Episódico;Melhorou
2109908;Episódico/Epidêmico;Episódico/Epidêmico;Se manteve
2110005;Episódico/Epidêmico;Episódico/Epidêmico;Se manteve
2110039;Episódico/Epidêmico;Episódico;Melhorou
2110104;Episódico/Epidêmico;Episódico;Melhorou
2110203;Episódico;Episódico/Epidêmico;Piorou
2110237;Episódico;Episódico;Se manteve
2110278;Episódico;Sem transmissão;Melhorou
2110302;Episódico;Sem transmissão;Melhorou
2110401;Episódico;Episódico;Se manteve
2110500;Episódico;Episódico;Se manteve
2110609;Episódico/Epidêmico;Episódico;Melhorou
2110658;Episódico;Episódico;Se manteve
2110708;Episódico/Epidêmico;Episódico;Melhorou
2110807;Episódico;Episódico;Se manteve
2110856;Episódico/Epidêmico;Episódico;Melhorou
2110906;Episódico;Episódico/Epidêmico;Piorou
2111003;Episódico;Episódico;Se manteve
2111029;Episódico;Episódico;Se manteve
2111052;Episódico/Epidêmico;Episódico/Epidêmico;Se manteve
2111078;Episódico;Episódico;Se manteve
2111102;Episódico/Epidêmico;Episódico/Epidêmico;Se manteve
2111201;Episódico/Epidêmico;Episódico/Epidêmico;Se manteve
2111250;Episódico;Episódico;Se manteve
2111300;Epidêmico;Epidêmico;Se manteve
2111409;Episódico;Episódico/Epidêmico;Piorou
2111508;Episódico;Episódico/Epidêmico;Piorou
2111532;Episódico/Epidêmico;Episódico;Melhorou
2111573;Episódico;Episódico/Epidêmico;Piorou
2111607;Episódico;Episódico;Se manteve
2111631;Episódico;Episódico;Se manteve
2111672;Episódico;Episódico;Se manteve
2111706;Episódico;Episódico;Se manteve
2111722;Episódico;Episódico;Se manteve
2111748;Episódico;Episódico;Se manteve
2111763;Episódico;Episódico;Se manteve
2111789;Sem transmissão;Sem transmissão;Se manteve
2111805;Episódico/Epidêmico;Episódico/Epidêmico;Se manteve
2111904;Episódico;Episódico;Se manteve
2111953;Episódico;Episódico;Se manteve
2112001;Episódico/Epidêmico;Episódico/Epidêmico;Se manteve
2112100;Episódico;Episódico;Se manteve
2112209;Episódico/Epidêmico;Episódico/Epidêmico;Se manteve
2112233;Episódico/Epidêmico;Episódico/Epidêmico;Se manteve
2112274;Episódico;Episódico;Se manteve
2112308;Episódico/Epidêmico;Episódico;Melhorou
2112407;Episódico/Epidêmico;Episódico;Melhorou
2112456;Episódico;Episódico;Se manteve
2112506;Episódico/Epidêmico;Episódico;Melhorou
2112605;Episódico;Episódico;Se manteve
2112704;Episódico/Epidêmico;Episódico/Epidêmico;Se manteve
2112803;Episódico/Epidêmico;Episódico;Melhorou
2112852;Episódico/Epidêmico;Episódico;Melhorou
2112902;Episódico;Episódico;Se manteve
2113009;Episódico/Epidêmico;Episódico;Melhorou
2114007;Episódico/Epidêmico;Episódico;Melhorou
2200053;Episódico;Episódico;Se manteve
2200103;Episódico/Epidêmico;Episódico/Epidêmico;Se manteve
2200202;Episódico/Epidêmico;Episódico/Epidêmico;Se manteve
2200251;Episódico;Episódico/Epidêmico;Piorou
2200277;Episódico;Episódico;Se manteve
2200301;Episódico/Epidêmico;Episódico/Epidêmico;Se manteve
2200400;Episódico/Epidêmico;Episódico/Epidêmico;Se manteve
2200459;Episódico/Epidêmico;Episódico/Epidêmico;Se manteve
2200509;Episódico;Episódico;Se manteve
2200608;Episódico/Epidêmico;Episódico;Melhorou
2200707;Episódico;Episódico;Se manteve
2200806;Episódico;Episódico/Epidêmico;Piorou
2200905;Episódico;Episódico;Se manteve
2200954;Episódico;Episódico;Se manteve
2201002;Episódico;Episódico;Se manteve
2201051;Episódico/Epidêmico;Episódico;Melhorou
2201101;Episódico;Episódico;Se manteve
2201150;Episódico/Epidêmico;Episódico/Epidêmico;Se manteve
2201176;Episódico;Episódico;Se manteve
2201200;Episódico/Epidêmico;Episódico/Epidêmico;Se manteve
2201309;Episódico;Episódico;Se manteve
2201408;Episódico/Epidêmico;Episódico;Melhorou
2201507;Episódico/Epidêmico;Episódico;Melhorou
2201556;Episódico;Episódico;Se manteve
2201572;Episódico;Episódico;Se manteve
2201606;Episódico/Epidêmico;Episódico/Epidêmico;Se manteve
2201705;Episódico;Episódico;Se manteve
2201739;Episódico;Episódico;Se manteve
2201770;Episódico;Episódico;Se manteve
2201804;Episódico;Episódico/Epidêmico;Piorou
2201903;Episódico/Epidêmico;Episódico/Epidêmico;Se manteve
2201919;Sem transmissão;Sem transmissão;Se manteve
2201929;Episódico;Episódico;Se manteve
2201945;Episódico;Episódico;Se manteve
2201960;Episódico/Epidêmico;Episódico;Melhorou
2201988;Sem transmissão;Sem transmissão;Se manteve
2202000;Episódico/Epidêmico;Episódico;Melhorou
2202026;Episódico/Epidêmico;Episódico/Epidêmico;Se manteve
2202059;Episódico;Episódico;Se manteve
2202075;Episódico;Episódico;Se manteve
2202083;Episódico/Epidêmico;Episódico;Melhorou
2202091;Episódico;Episódico;Se manteve
2202109;Episódico;Episódico;Se manteve
2202117;Episódico;Episódico;Se manteve
2202133;Episódico/Epidêmico;Episódico;Melhorou
2202174;Episódico;Episódico;Se manteve
2202208;Episódico/Epidêmico;Episódico/Epidêmico;Se manteve
2202251;Sem transmissão;Sem transmissão;Se manteve
2202307;Episódico/Epidêmico;Episódico/Epidêmico;Se manteve
2202406;Episódico/Epidêmico;Episódico/Epidêmico;Se manteve
2202455;Episódico;Episódico;Se manteve
2202505;Episódico/Epidêmico;Episódico;Melhorou
2202539;Episódico;Episódico;Se manteve
2202554;Episódico;Episódico;Se manteve
2202604;Episódico/Epidêmico;Episódico;Melhorou
2202653;Episódico;Episódico;Se manteve
2202703;Episódico/Epidêmico;Episódico;Melhorou
2202711;Episódico/Epidêmico;Episódico;Melhorou
2202729;Episódico/Epidêmico;Episódico;Melhorou
2202737;Episódico/Epidêmico;Episódico/Epidêmico;Se manteve
2202752;Episódico;Episódico;Se manteve
2202778;Episódico;Episódico;Se manteve
2202802;Episódico;Episódico;Se manteve
2202851;Episódico;Episódico;Se manteve
2202901;Episódico/Epidêmico;Episódico/Epidêmico;Se manteve
2203008;Episódico;Episódico;Se manteve
2203107;Episódico/Epidêmico;Episódico;Melhorou
2203206;Episódico;Episódico/Epidêmico;Piorou
2203230;Episódico;Sem transmissão;Melhorou
2203255;Episódico;Episódico;Se manteve
2203271;Episódico;Episódico;Se manteve
2203305;Episódico/Epidêmico;Episódico/Epidêmico;Se manteve
2203354;Episódico/Epidêmico;Episódico;Melhorou
2203404;Episódico;Episódico;Se manteve
2203420;Episódico;Episódico;Se manteve
2203453;Episódico/Epidêmico;Episódico/Epidêmico;Se manteve
2203503;Episódico/Epidêmico;Episódico/Epidêmico;Se manteve
2203602;Sem transmissão;Episódico;Piorou
2203701;Episódico/Epidêmico;Episódico/Epidêmico;Se manteve
2203750;Episódico;Episódico;Se manteve
2203800;Episódico;Episódico;Se manteve
2203859;Episódico;Sem transmissão;Melhorou
2203909;Episódico/Epidêmico;Episódico/Epidêmico;Se manteve
2204006;Episódico;Sem transmissão;Melhorou
2204105;Episódico/Epidêmico;Episódico;Melhorou
2204154;Episódico;Episódico;Se manteve
2204204;Episódico;Episódico;Se manteve
2204303;Episódico/Epidêmico;Episódico;Melhorou
2204352;Episódico;Episódico;Se manteve
2204402;Episódico;Episódico;Se manteve
2204501;Episódico/Epidêmico;Episódico;Melhorou
2204550;Episódico;Episódico;Se manteve
2204600;Episódico;Episódico;Se manteve
2204659;Episódico/Epidêmico;Episódico;Melhorou
2204709;Episódico/Epidêmico;Episódico;Melhorou
2204808;Episódico/Epidêmico;Episódico;Melhorou
2204907;Episódico;Episódico;Se manteve
2205003;Episódico;Episódico/Epidêmico;Piorou
2205102;Episódico;Episódico;Se manteve
2205151;Episódico/Epidêmico;Episódico;Melhorou
2205201;Episódico/Epidêmico;Episódico/Epidêmico;Se manteve
2205250;Episódico;Episódico;Se manteve
2205276;Episódico;Episódico;Se manteve
2205300;Episódico;Episódico;Se manteve
2205359;Sem transmissão;Episódico;Piorou
2205409;Episódico/Epidêmico;Episódico;Melhorou
2205458;Episódico;Episódico;Se manteve
2205508;Episódico/Epidêmico;Episódico/Epidêmico;Se manteve
2205516;Episódico;Episódico;Se manteve
2205524;Episódico/Epidêmico;Episódico;Melhorou
2205532;Episódico/Epidêmico;Episódico/Epidêmico;Se manteve
2205540;Episódico;Episódico;Se manteve
2205557;Episódico;Episódico;Se manteve
2205565;Episódico;Episódico;Se manteve
2205573;Episódico/Epidêmico;Episódico/Epidêmico;Se manteve
2205581;Episódico;Episódico;Se manteve
2205599;Episódico/Epidêmico;Episódico;Melhorou
2205607;Episódico/Epidêmico;Episódico;Melhorou
2205706;Episódico/Epidêmico;Episódico/Epidêmico;Se manteve
2205805;Episódico;Episódico;Se manteve
2205854;Episódico;Episódico;Se manteve
2205904;Episódico;Episódico;Se manteve
2205953;Episódico;Episódico;Se manteve
2206001;Episódico/Epidêmico;Episódico/Epidêmico;Se manteve
2206050;Episódico;Episódico;Se manteve
2206100;Episódico/Epidêmico;Episódico;Melhorou
2206209;Episódico/Epidêmico;Episódico;Melhorou
2206308;Episódico/Epidêmico;Episódico/Epidêmico;Se manteve
2206357;Episódico/Epidêmico;Episódico/Epidêmico;Se manteve
2206407;Episódico/Epidêmico;Episódico/Epidêmico;Se manteve
2206506;Episódico/Epidêmico;Episódico;Melhorou
2206605;Episódico;Episódico;Se manteve
2206654;Episódico;Episódico;Se manteve
2206670;Episódico/Epidêmico;Episódico;Melhorou
2206696;Episódico;Episódico;Se manteve
2206704;Episódico;Episódico;Se manteve
2206720;Episódico;Episódico;Se manteve
2206753;Episódico;Episódico;Se manteve
2206803;Episódico/Epidêmico;Episódico/Epidêmico;Se manteve
2206902;Episódico/Epidêmico;Episódico/Epidêmico;Se manteve
2206951;Episódico;Episódico;Se manteve
2207009;Episódico/Epidêmico;Episódico/Epidêmico;Se manteve
2207108;Episódico;Episódico;Se manteve
2207207;Episódico;Episódico;Se manteve
2207306;Episódico;Episódico;Se manteve
2207355;Episódico;Episódico;Se manteve
2207405;Episódico;Episódico;Se manteve
2207504;Episódico;Episódico;Se manteve
2207553;Episódico;Episódico;Se manteve
2207603;Episódico;Episódico/Epidêmico;Piorou
2207702;Epidêmico;Epidêmico;Se manteve
2207751;Episódico;Episódico;Se manteve
2207777;Episódico/Epidêmico;Episódico;Melhorou
2207793;Episódico;Episódico;Se manteve
2207801;Episódico/Epidêmico;Episódico/Epidêmico;Se manteve
2207850;Sem transmissão;Episódico;Piorou
2207900;Episódico/Epidêmico;Episódico/Epidêmico;Se manteve
2207934;Sem transmissão;Episódico;Piorou
2207959;Sem transmissão;Episódico;Piorou
2208007;Epidêmico;Episódico/Epidêmico;Melhorou
2208106;Episódico/Epidêmico;Episódico;Melhorou
2208205;Episódico/Epidêmico;Episódico/Epidêmico;Se manteve
2208304;Episódico/Epidêmico;Episódico/Epidêmico;Se manteve
2208403;Epidêmico;Episódico/Epidêmico;Melhorou
2208502;Episódico;Sem transmissão;Melhorou
2208551;Episódico;Episódico;Se manteve
2208601;Episódico;Episódico;Se manteve
2208650;Episódico;Episódico;Se manteve
2208700;Episódico/Epidêmico;Episódico;Melhorou
2208809;Episódico/Epidêmico;Episódico;Melhorou
2208858;Episódico;Episódico;Se manteve
2208874;Episódico;Episódico;Se manteve
2208908;Episódico/Epidêmico;Episódico/Epidêmico;Se manteve
2209005;Episódico;Episódico;Se manteve
2209104;Sem transmissão;Episódico;Piorou
2209153;Episódico;Episódico;Se manteve
2209203;Episódico;Episódico;Se manteve
2209302;Sem transmissão;Episódico;Piorou
2209351;Episódico;Episódico;Se manteve
2209377;Episódico;Episódico;Se manteve
2209401;Episódico;Episódico;Se manteve
2209450;Episódico;Episódico;Se manteve
2209500;Episódico;Episódico;Se manteve
2209559;Episódico;Episódico;Se manteve
2209609;Episódico/Epidêmico;Episódico;Melhorou
2209658;Episódico;Episódico;Se manteve
2209708;Episódico;Sem transmissão;Melhorou
2209757;Episódico;Episódico;Se manteve
2209807;Episódico;Episódico;Se manteve
2209856;Episódico;Episódico;Se manteve
2209872;Episódico;Episódico;Se manteve
2209906;Episódico;Episódico;Se manteve
2209955;Episódico/Epidêmico;Episódico;Melhorou
2209971;Episódico;Episódico;Se manteve
2210003;Episódico/Epidêmico;Episódico/Epidêmico;Se manteve
2210052;Episódico/Epidêmico;Episódico/Epidêmico;Se manteve
2210102;Sem transmissão;Episódico;Piorou
2210201;Episódico;Episódico;Se manteve
2210300;Episódico;Episódico;Se manteve
2210359;Episódico;Episódico;Se manteve
2210375;Episódico;Episódico;Se manteve
2210383;Episódico;Episódico;Se manteve
2210391;Episódico;Episódico;Se manteve
2210409;Episódico/Epidêmico;Episódico;Melhorou
2210508;Episódico/Epidêmico;Episódico/Epidêmico;Se manteve
2210607;Episódico/Epidêmico;Episódico/Epidêmico;Se manteve
2210623;Episódico;Episódico;Se manteve
2210631;Episódico/Epidêmico;Episódico/Epidêmico;Se manteve
2210656;Episódico;Sem transmissão;Melhorou
2210706;Episódico/Epidêmico;Episódico/Epidêmico;Se manteve
2210805;Episódico/Epidêmico;Episódico/Epidêmico;Se manteve
2210904;Sem transmissão;Episódico;Piorou
2210938;Episódico;Episódico;Se manteve
2210953;Episódico;Episódico;Se manteve
2210979;Episódico;Episódico;Se manteve
2211001;Epidêmico;Epidêmico;Se manteve
2211100;Episódico/Epidêmico;Episódico;Melhorou
2211209;Episódico/Epidêmico;Episódico/Epidêmico;Se manteve
2211308;Episódico/Epidêmico;Episódico;Melhorou
2211357;Episódico;Episódico;Se manteve
2211407;Episódico/Epidêmico;Episódico;Melhorou
2211506;Episódico;Episódico/Epidêmico;Piorou
2211605;Episódico;Episódico;Se manteve
2211704;Sem transmissão;Episódico;Piorou
2300101;Episódico/Epidêmico;Episódico/Epidêmico;Se manteve
2300150;Episódico/Epidêmico;Episódico;Melhorou
2300200;Episódico/Epidêmico;Episódico/Epidêmico;Se manteve
2300309;Episódico/Epidêmico;Episódico/Epidêmico;Se manteve
2300408;Episódico/Epidêmico;Episódico/Epidêmico;Se manteve
2300507;Episódico/Epidêmico;Episódico/Epidêmico;Se manteve
2300606;Episódico/Epidêmico;Episódico;Melhorou
2300705;Episódico/Epidêmico;Episódico/Epidêmico;Se manteve
2300754;Episódico/Epidêmico;Episódico/Epidêmico;Se manteve
2300804;Episódico/Epidêmico;Episódico/Epidêmico;Se manteve
2300903;Episódico/Epidêmico;Episódico/Epidêmico;Se manteve
2301000;Epidêmico;Episódico/Epidêmico;Melhorou
2301109;Epidêmico;Epidêmico;Se manteve
2301208;Epidêmico;Episódico/Epidêmico;Melhorou
2301257;Episódico/Epidêmico;Episódico/Epidêmico;Se manteve
2301307;Episódico/Epidêmico;Episódico/Epidêmico;Se manteve
2301406;Episódico/Epidêmico;Episódico/Epidêmico;Se manteve
2301505;Episódico/Epidêmico;Episódico/Epidêmico;Se manteve
2301604;Episódico/Epidêmico;Episódico/Epidêmico;Se manteve
2301703;Episódico/Epidêmico;Episódico;Melhorou
2301802;Episódico/Epidêmico;Episódico/Epidêmico;Se manteve
2301851;Episódico/Epidêmico;Episódico/Epidêmico;Se manteve
2301901;Epidêmico;Epidêmico;Se manteve
2301950;Episódico/Epidêmico;Episódico;Melhorou
2302008;Epidêmico;Episódico/Epidêmico;Melhorou
2302057;Epidêmico;Episódico/Epidêmico;Melhorou
2302107;Epidêmico;Episódico/Epidêmico;Melhorou
2302206;Epidêmico;Episódico/Epidêmico;Melhorou
2302305;Episódico/Epidêmico;Episódico/Epidêmico;Se manteve
2302404;Epidêmico;Episódico/Epidêmico;Melhorou
2302503;Epidêmico;Epidêmico;Se manteve
2302602;Epidêmico;Episódico/Epidêmico;Melhorou
2302701;Epidêmico;Episódico/Epidêmico;Melhorou
2302800;Epidêmico;Episódico/Epidêmico;Melhorou
2302909;Episódico/Epidêmico;Episódico/Epidêmico;Se manteve
2303006;Episódico/Epidêmico;Episódico/Epidêmico;Se manteve
2303105;Episódico/Epidêmico;Episódico/Epidêmico;Se manteve
2303204;Episódico/Epidêmico;Episódico/Epidêmico;Se manteve
2303303;Episódico/Epidêmico;Episódico/Epidêmico;Se manteve
2303402;Episódico/Epidêmico;Episódico/Epidêmico;Se manteve
2303501;Epidêmico;Epidêmico;Se manteve
2303600;Episódico/Epidêmico;Episódico/Epidêmico;Se manteve
2303659;Episódico/Epidêmico;Episódico/Epidêmico;Se manteve
2303709;Epidêmico;Epidêmico;Se manteve
2303808;Episódico/Epidêmico;Episódico/Epidêmico;Se manteve
2303907;Episódico/Epidêmico;Episódico;Melhorou
2303931;Episódico/Epidêmico;Episódico/Epidêmico;Se manteve
2303956;Episódico/Epidêmico;Episódico/Epidêmico;Se manteve
2304004;Epidêmico;Episódico/Epidêmico;Melhorou
2304103;Epidêmico;Episódico/Epidêmico;Melhorou
2304202;Epidêmico;Epidêmico;Se manteve
2304236;Episódico/Epidêmico;Episódico/Epidêmico;Se manteve
2304251;Episódico/Epidêmico;Episódico/Epidêmico;Se manteve
2304269;Episódico;Episódico;Se manteve
2304277;Episódico/Epidêmico;Episódico/Epidêmico;Se manteve
2304285;Epidêmico;Episódico/Epidêmico;Melhorou
2304301;Episódico/Epidêmico;Episódico/Epidêmico;Se manteve
2304350;Episódico/Epidêmico;Episódico/Epidêmico;Se manteve
2304400;Transmissão Persistente;Transmissão Persistente;Se manteve
2304459;Episódico/Epidêmico;Episódico/Epidêmico;Se manteve
2304509;Episódico/Epidêmico;Episódico/Epidêmico;Se manteve
2304608;Episódico/Epidêmico;Episódico;Melhorou
2304657;Episódico/Epidêmico;Episódico;Melhorou
2304707;Epidêmico;Episódico/Epidêmico;Melhorou
2304806;Episódico;Episódico/Epidêmico;Piorou
2304905;Episódico/Epidêmico;Episódico/Epidêmico;Se manteve
2304954;Episódico/Epidêmico;Episódico/Epidêmico;Se manteve
2305001;Episódico/Epidêmico;Episódico;Melhorou
2305100;Episódico/Epidêmico;Episódico/Epidêmico;Se manteve
2305209;Episódico/Epidêmico;Episódico/Epidêmico;Se manteve
2305233;Epidêmico;Epidêmico;Se manteve
2305266;Episódico/Epidêmico;Episódico/Epidêmico;Se manteve
2305308;Episódico/Epidêmico;Episódico/Epidêmico;Se manteve
2305332;Episódico/Epidêmico;Episódico/Epidêmico;Se manteve
2305357;Episódico/Epidêmico;Epidêmico;Piorou
2305407;Epidêmico;Epidêmico;Se manteve
2305506;Epidêmico;Epidêmico;Se manteve
2305605;Episódico/Epidêmico;Episódico/Epidêmico;Se manteve
2305654;Episódico/Epidêmico;Episódico/Epidêmico;Se manteve
2305704;Episódico/Epidêmico;Episódico/Epidêmico;Se manteve
2305803;Episódico/Epidêmico;Episódico/Epidêmico;Se manteve
2305902;Episódico/Epidêmico;Episódico/Epidêmico;Se manteve
2306009;Episódico/Epidêmico;Episódico/Epidêmico;Se manteve
2306108;Epidêmico;Episódico/Epidêmico;Melhorou
2306207;Episódico/Epidêmico;Episódico/Epidêmico;Se manteve
2306256;Episódico/Epidêmico;Episódico/Epidêmico;Se manteve
2306306;Episódico/Epidêmico;Episódico/Epidêmico;Se manteve
2306405;Epidêmico;Episódico/Epidêmico;Melhorou
2306504;Epidêmico;Episódico/Epidêmico;Melhorou
2306553;Episódico/Epidêmico;Episódico/Epidêmico;Se manteve
2306603;Epidêmico;Episódico/Epidêmico;Melhorou
2306702;Episódico/Epidêmico;Episódico/Epidêmico;Se manteve
2306801;Episódico/Epidêmico;Episódico/Epidêmico;Se manteve
2306900;Epidêmico;Epidêmico;Se manteve
2307007;Episódico/Epidêmico;Epidêmico;Piorou
2307106;Episódico/Epidêmico;Episódico/Epidêmico;Se manteve
2307205;Episódico/Epidêmico;Episódico/Epidêmico;Se manteve
2307254;Episódico/Epidêmico;Epidêmico;Piorou
2307304;Epidêmico;Epidêmico;Se manteve
2307403;Episódico/Epidêmico;Episódico/Epidêmico;Se manteve
2307502;Episódico/Epidêmico;Episódico/Epidêmico;Se manteve
2307601;Epidêmico;Epidêmico;Se manteve
2307635;Episódico/Epidêmico;Episódico/Epidêmico;Se manteve
2307650;Epidêmico;Epidêmico;Se manteve
2307700;Epidêmico;Epidêmico;Se manteve
2307809;Episódico/Epidêmico;Episódico/Epidêmico;Se manteve
2307908;Episódico/Epidêmico;Episódico;Melhorou
2308005;Epidêmico;Episódico/Epidêmico;Melhorou
2308104;Epidêmico;Episódico/Epidêmico;Melhorou
2308203;Episódico/Epidêmico;Episódico/Epidêmico;Se manteve
2308302;Episódico/Epidêmico;Episódico/Epidêmico;Se manteve
2308351;Episódico/Epidêmico;Episódico/Epidêmico;Se manteve
2308377;Episódico/Epidêmico;Episódico/Epidêmico;Se manteve
2308401;Episódico/Epidêmico;Episódico/Epidêmico;Se manteve
2308500;Episódico/Epidêmico;Episódico/Epidêmico;Se manteve
2308609;Episódico/Epidêmico;Episódico/Epidêmico;Se manteve
2308708;Episódico/Epidêmico;Episódico/Epidêmico;Se manteve
2308807;Episódico/Epidêmico;Episódico/Epidêmico;Se manteve
2308906;Episódico/Epidêmico;Episódico/Epidêmico;Se manteve
2309003;Episódico/Epidêmico;Episódico/Epidêmico;Se manteve
2309102;Episódico/Epidêmico;Episódico/Epidêmico;Se manteve
2309201;Episódico/Epidêmico;Episódico/Epidêmico;Se manteve
2309300;Episódico/Epidêmico;Episódico/Epidêmico;Se manteve
2309409;Episódico/Epidêmico;Episódico/Epidêmico;Se manteve
2309458;Epidêmico;Episódico/Epidêmico;Melhorou
2309508;Episódico/Epidêmico;Episódico/Epidêmico;Se manteve
2309607;Epidêmico;Episódico/Epidêmico;Melhorou
2309706;Epidêmico;Episódico/Epidêmico;Melhorou
2309805;Episódico/Epidêmico;Episódico/Epidêmico;Se manteve
2309904;Episódico/Epidêmico;Episódico/Epidêmico;Se manteve
2310001;Episódico/Epidêmico;Episódico/Epidêmico;Se manteve
2310100;Episódico/Epidêmico;Episódico/Epidêmico;Se manteve
2310209;Episódico/Epidêmico;Episódico/Epidêmico;Se manteve
2310258;Episódico/Epidêmico;Episódico/Epidêmico;Se manteve
2310308;Epidêmico;Episódico/Epidêmico;Melhorou
2310407;Episódico/Epidêmico;Episódico/Epidêmico;Se manteve
2310506;Episódico;Episódico/Epidêmico;Piorou
2310605;Episódico/Epidêmico;Episódico/Epidêmico;Se manteve
2310704;Epidêmico;Episódico/Epidêmico;Melhorou
2310803;Episódico/Epidêmico;Episódico/Epidêmico;Se manteve
2310852;Epidêmico;Episódico/Epidêmico;Melhorou
2310902;Episódico/Epidêmico;Episódico/Epidêmico;Se manteve
2310951;Episódico/Epidêmico;Episódico;Melhorou
2311009;Episódico/Epidêmico;Episódico/Epidêmico;Se manteve
2311108;Episódico/Epidêmico;Episódico/Epidêmico;Se manteve
2311207;Episódico/Epidêmico;Episódico/Epidêmico;Se manteve
2311231;Episódico/Epidêmico;Episódico;Melhorou
2311264;Episódico/Epidêmico;Episódico/Epidêmico;Se manteve
2311306;Epidêmico;Epidêmico;Se manteve
2311355;Episódico/Epidêmico;Episódico/Epidêmico;Se manteve
2311405;Epidêmico;Epidêmico;Se manteve
2311504;Epidêmico;Epidêmico;Se manteve
2311603;Episódico/Epidêmico;Episódico/Epidêmico;Se manteve
2311702;Epidêmico;Episódico/Epidêmico;Melhorou
2311801;Epidêmico;Epidêmico;Se manteve
2311900;Episódico;Episódico;Se manteve
2311959;Episódico/Epidêmico;Episódico/Epidêmico;Se manteve
2312007;Episódico/Epidêmico;Episódico/Epidêmico;Se manteve
2312106;Episódico/Epidêmico;Episódico/Epidêmico;Se manteve
2312205;Episódico/Epidêmico;Episódico/Epidêmico;Se manteve
2312304;Episódico/Epidêmico;Episódico/Epidêmico;Se manteve
2312403;Epidêmico;Epidêmico;Se manteve
2312502;Episódico/Epidêmico;Episódico/Epidêmico;Se manteve
2312601;Episódico/Epidêmico;Episódico;Melhorou
2312700;Episódico/Epidêmico;Episódico/Epidêmico;Se manteve
2312809;Episódico/Epidêmico;Episódico/Epidêmico;Se manteve
2312908;Epidêmico;Epidêmico;Se manteve
2313005;Episódico/Epidêmico;Episódico/Epidêmico;Se manteve
2313104;Episódico/Epidêmico;Episódico/Epidêmico;Se manteve
2313203;Epidêmico;Episódico/Epidêmico;Melhorou
2313252;Episódico/Epidêmico;Episódico;Melhorou
2313302;Epidêmico;Epidêmico;Se manteve
2313351;Episódico/Epidêmico;Episódico/Epidêmico;Se manteve
2313401;Epidêmico;Epidêmico;Se manteve
2313500;Episódico/Epidêmico;Episódico/Epidêmico;Se manteve
2313559;Episódico/Epidêmico;Episódico/Epidêmico;Se manteve
2313609;Episódico/Epidêmico;Episódico/Epidêmico;Se manteve
2313708;Episódico/Epidêmico;Episódico/Epidêmico;Se manteve
2313757;Episódico/Epidêmico;Episódico/Epidêmico;Se manteve
2313807;Episódico/Epidêmico;Episódico/Epidêmico;Se manteve
2313906;Episódico/Epidêmico;Episódico/Epidêmico;Se manteve
2313955;Epidêmico;Episódico/Epidêmico;Melhorou
2314003;Episódico/Epidêmico;Episódico/Epidêmico;Se manteve
2314102;Episódico/Epidêmico;Episódico/Epidêmico;Se manteve
2400109;Episódico/Epidêmico;Episódico/Epidêmico;Se manteve
2400208;Episódico/Epidêmico;Epidêmico;Piorou
2400307;Episódico/Epidêmico;Episódico/Epidêmico;Se manteve
2400406;Episódico/Epidêmico;Episódico/Epidêmico;Se manteve
2400505;Epidêmico;Episódico/Epidêmico;Melhorou
2400604;Episódico;Episódico;Se manteve
2400703;Episódico/Epidêmico;Episódico;Melhorou
2400802;Episódico/Epidêmico;Episódico/Epidêmico;Se manteve
2400901;Episódico;Episódico;Se manteve
2401008;Episódico/Epidêmico;Episódico/Epidêmico;Se manteve
2401107;Episódico/Epidêmico;Episódico/Epidêmico;Se manteve
2401206;Episódico/Epidêmico;Episódico/Epidêmico;Se manteve
2401305;Episódico/Epidêmico;Episódico;Melhorou
2401404;Episódico;Episódico/Epidêmico;Piorou
2401453;Episódico/Epidêmico;Episódico/Epidêmico;Se manteve
2401503;Episódico/Epidêmico;Episódico/Epidêmico;Se manteve
2401602;Episódico/Epidêmico;Episódico/Epidêmico;Se manteve
2401651;Episódico/Epidêmico;Episódico/Epidêmico;Se manteve
2401701;Episódico;Episódico/Epidêmico;Piorou
2401800;Episódico/Epidêmico;Episódico/Epidêmico;Se manteve
2401859;Episódico/Epidêmico;Episódico/Epidêmico;Se manteve
2401909;Episódico/Epidêmico;Episódico/Epidêmico;Se manteve
2402006;Epidêmico;Epidêmico;Se manteve
2402105;Episódico/Epidêmico;Episódico/Epidêmico;Se manteve
2402204;Epidêmico;Episódico/Epidêmico;Melhorou
2402303;Episódico/Epidêmico;Episódico/Epidêmico;Se manteve
2402402;Episódico/Epidêmico;Episódico/Epidêmico;Se manteve
2402501;Episódico;Episódico;Se manteve
2402600;Episódico/Epidêmico;Epidêmico;Piorou
2402709;Episódico/Epidêmico;Episódico/Epidêmico;Se manteve
2402808;Episódico;Episódico/Epidêmico;Piorou
2402907;Episódico/Epidêmico;Episódico;Melhorou
2403004;Episódico/Epidêmico;Episódico/Epidêmico;Se manteve
2403103;Epidêmico;Epidêmico;Se manteve
2403202;Episódico/Epidêmico;Episódico/Epidêmico;Se manteve
2403251;Epidêmico;Epidêmico;Se manteve
2403301;Episódico;Episódico;Se manteve
2403400;Episódico/Epidêmico;Episódico/Epidêmico;Se manteve
2403509;Episódico;Episódico/Epidêmico;Piorou
2403608;Episódico/Epidêmico;Episódico/Epidêmico;Se manteve
2403707;Episódico/Epidêmico;Episódico;Melhorou
2403756;Episódico/Epidêmico;Episódico/Epidêmico;Se manteve
2403806;Episódico/Epidêmico;Episódico/Epidêmico;Se manteve
2403905;Episódico/Epidêmico;Episódico;Melhorou
2404002;Episódico;Episódico;Se manteve
2404101;Episódico/Epidêmico;Episódico/Epidêmico;Se manteve
2404200;Episódico/Epidêmico;Episódico/Epidêmico;Se manteve
2404309;Episódico/Epidêmico;Episódico;Melhorou
2404408;Episódico/Epidêmico;Episódico/Epidêmico;Se manteve
2404507;Epidêmico;Epidêmico;Se manteve
2404606;Episódico/Epidêmico;Episódico/Epidêmico;Se manteve
2404705;Episódico;Episódico/Epidêmico;Piorou
2404804;Episódico/Epidêmico;Episódico;Melhorou
2404853;Episódico;Episódico;Se manteve
2404903;Episódico;Episódico;Se manteve
2405009;Episódico/Epidêmico;Episódico/Epidêmico;Se manteve
2405108;Episódico/Epidêmico;Episódico/Epidêmico;Se manteve
2405207;Episódico/Epidêmico;Episódico/Epidêmico;Se manteve
2405306;Episódico/Epidêmico;Episódico/Epidêmico;Se manteve
2405405;Episódico/Epidêmico;Episódico/Epidêmico;Se manteve
2405504;Episódico;Episódico/Epidêmico;Piorou
2405603;Episódico/Epidêmico;Episódico/Epidêmico;Se manteve
2405702;Epidêmico;Episódico/Epidêmico;Melhorou
2405801;Episódico/Epidêmico;Episódico/Epidêmico;Se manteve
2405900;Episódico;Episódico;Se manteve
2406007;Episódico/Epidêmico;Episódico/Epidêmico;Se manteve
2406106;Episódico/Epidêmico;Episódico/Epidêmico;Se manteve
2406155;Episódico;Episódico;Se manteve
2406205;Episódico/Epidêmico;Episódico;Melhorou
2406304;Episódico/Epidêmico;Episódico;Melhorou
2406403;Episódico/Epidêmico;Episódico/Epidêmico;Se manteve
2406502;Episódico/Epidêmico;Episódico/Epidêmico;Se manteve
2406601;Episódico;Episódico;Se manteve
2406700;Episódico/Epidêmico;Episódico/Epidêmico;Se manteve
2406809;Episódico/Epidêmico;Episódico/Epidêmico;Se manteve
2406908;Episódico/Epidêmico;Episódico;Melhorou
2407005;Episódico/Epidêmico;Episódico/Epidêmico;Se manteve
2407104;Episódico/Epidêmico;Epidêmico;Piorou
2407203;Episódico/Epidêmico;Episódico/Epidêmico;Se manteve
2407252;Episódico;Episódico;Se manteve
2407302;Episódico/Epidêmico;Episódico/Epidêmico;Se manteve
2407401;Episódico;Episódico;Se manteve
2407500;Episódico/Epidêmico;Episódico;Melhorou
2407609;Episódico/Epidêmico;Episódico;Melhorou
2407708;Episódico;Episódico/Epidêmico;Piorou
2407807;Episódico/Epidêmico;Episódico;Melhorou
2407906;Episódico;Episódico;Se manteve
2408003;Epidêmico;Epidêmico;Se manteve
2408102;Epidêmico;Transmissão Persistente;Piorou
2408201;Episódico/Epidêmico;Episódico/Epidêmico;Se manteve
2408300;Epidêmico;Epidêmico;Se manteve
2408409;Episódico/Epidêmico;Episódico;Melhorou
2408508;Episódico/Epidêmico;Episódico/Epidêmico;Se manteve
2408607;Episódico;Episódico;Se manteve
2408706;Episódico;Episódico;Se manteve
2408805;Episódico/Epidêmico;Episódico/Epidêmico;Se manteve
2408904;Epidêmico;Episódico/Epidêmico;Melhorou
2408953;Episódico/Epidêmico;Episódico/Epidêmico;Se manteve
2409100;Episódico/Epidêmico;Episódico/Epidêmico;Se manteve
2409209;Episódico;Episódico/Epidêmico;Piorou
2409308;Episódico/Epidêmico;Episódico/Epidêmico;Se manteve
2409332;Episódico/Epidêmico;Episódico/Epidêmico;Se manteve
2409407;Epidêmico;Episódico/Epidêmico;Melhorou
2409506;Episódico/Epidêmico;Episódico/Epidêmico;Se manteve
2409605;Episódico/Epidêmico;Episódico/Epidêmico;Se manteve
2409704;Episódico/Epidêmico;Episódico/Epidêmico;Se manteve
2409803;Episódico;Episódico/Epidêmico;Piorou
2409902;Episódico/Epidêmico;Episódico/Epidêmico;Se manteve
2410009;Episódico;Episódico/Epidêmico;Piorou
2410108;Episódico/Epidêmico;Episódico/Epidêmico;Se manteve
2410207;Episódico;Episódico;Se manteve
2410256;Episódico/Epidêmico;Episódico;Melhorou
2410306;Episódico/Epidêmico;Episódico/Epidêmico;Se manteve
2410405;Episódico/Epidêmico;Episódico/Epidêmico;Se manteve
2410504;Episódico/Epidêmico;Episódico/Epidêmico;Se manteve
2410603;Episódico/Epidêmico;Episódico;Melhorou
2410702;Episódico;Episódico;Se manteve
2410801;Episódico/Epidêmico;Episódico;Melhorou
2410900;Episódico/Epidêmico;Episódico/Epidêmico;Se manteve
2411007;Episódico/Epidêmico;Episódico;Melhorou
2411056;Episódico/Epidêmico;Episódico/Epidêmico;Se manteve
2411106;Episódico/Epidêmico;Episódico/Epidêmico;Se manteve
2411205;Epidêmico;Epidêmico;Se manteve
2411403;Episódico/Epidêmico;Episódico/Epidêmico;Se manteve
2411429;Episódico/Epidêmico;Episódico/Epidêmico;Se manteve
2411502;Epidêmico;Episódico/Epidêmico;Melhorou
2411601;Episódico;Episódico/Epidêmico;Piorou
2411700;Episódico/Epidêmico;Episódico/Epidêmico;Se manteve
2411809;Episódico/Epidêmico;Episódico/Epidêmico;Se manteve
2411908;Episódico;Episódico;Se manteve
2412005;Episódico/Epidêmico;Episódico/Epidêmico;Se manteve
2412104;Episódico/Epidêmico;Episódico;Melhorou
2412203;Episódico/Epidêmico;Episódico/Epidêmico;Se manteve
2412302;Episódico/Epidêmico;Episódico/Epidêmico;Se manteve
2412401;Episódico/Epidêmico;Episódico;Melhorou
2412500;Episódico;Episódico/Epidêmico;Piorou
2412559;Episódico/Epidêmico;Episódico/Epidêmico;Se manteve
2412609;Epidêmico;Episódico/Epidêmico;Melhorou
2412708;Episódico;Episódico;Se manteve
2412807;Episódico/Epidêmico;Episódico/Epidêmico;Se manteve
2412906;Episódico/Epidêmico;Episódico/Epidêmico;Se manteve
2413003;Episódico/Epidêmico;Episódico/Epidêmico;Se manteve
2413102;Episódico/Epidêmico;Episódico/Epidêmico;Se manteve
2413201;Episódico/Epidêmico;Episódico;Melhorou
2413300;Episódico/Epidêmico;Episódico;Melhorou
2413359;Episódico/Epidêmico;Episódico/Epidêmico;Se manteve
2413409;Episódico/Epidêmico;Episódico/Epidêmico;Se manteve
2413508;Episódico/Epidêmico;Episódico/Epidêmico;Se manteve
2413557;Episódico/Epidêmico;Episódico;Melhorou
2413607;Episódico;Episódico;Se manteve
2413706;Episódico/Epidêmico;Episódico/Epidêmico;Se manteve
2413805;Episódico/Epidêmico;Episódico/Epidêmico;Se manteve
2413904;Episódico/Epidêmico;Episódico/Epidêmico;Se manteve
2414001;Episódico/Epidêmico;Episódico/Epidêmico;Se manteve
2414100;Episódico/Epidêmico;Episódico/Epidêmico;Se manteve
2414159;Episódico/Epidêmico;Episódico/Epidêmico;Se manteve
2414209;Episódico/Epidêmico;Episódico/Epidêmico;Se manteve
2414308;Episódico/Epidêmico;Episódico/Epidêmico;Se manteve
2414407;Episódico/Epidêmico;Episódico/Epidêmico;Se manteve
2414456;Episódico;Episódico/Epidêmico;Piorou
2414506;Episódico/Epidêmico;Episódico;Melhorou
2414605;Episódico/Epidêmico;Episódico/Epidêmico;Se manteve
2414704;Episódico/Epidêmico;Episódico/Epidêmico;Se manteve
2414753;Episódico;Episódico;Se manteve
2414803;Episódico/Epidêmico;Episódico/Epidêmico;Se manteve
2414902;Episódico;Episódico;Se manteve
2415008;Episódico;Episódico;Se manteve
2500106;Episódico/Epidêmico;Episódico/Epidêmico;Se manteve
2500205;Episódico;Episódico/Epidêmico;Piorou
2500304;Episódico/Epidêmico;Episódico/Epidêmico;Se manteve
2500403;Episódico/Epidêmico;Episódico/Epidêmico;Se manteve
2500502;Episódico/Epidêmico;Episódico/Epidêmico;Se manteve
2500536;Episódico;Episódico/Epidêmico;Piorou
2500577;Episódico;Episódico/Epidêmico;Piorou
2500601;Epidêmico;Episódico/Epidêmico;Melhorou
2500700;Episódico/Epidêmico;Episódico/Epidêmico;Se manteve
2500734;Episódico;Episódico;Se manteve
2500775;Episódico/Epidêmico;Episódico/Epidêmico;Se manteve
2500809;Episódico;Episódico;Se manteve
2500908;Episódico/Epidêmico;Episódico/Epidêmico;Se manteve
2501005;Episódico/Epidêmico;Episódico/Epidêmico;Se manteve
2501104;Episódico;Episódico/Epidêmico;Piorou
2501153;Episódico;Episódico/Epidêmico;Piorou
2501203;Episódico/Epidêmico;Episódico/Epidêmico;Se manteve
2501302;Episódico/Epidêmico;Episódico/Epidêmico;Se manteve
2501351;Episódico;Episódico/Epidêmico;Piorou
2501401;Episódico;Episódico;Se manteve
2501500;Episódico/Epidêmico;Episódico/Epidêmico;Se manteve
2501534;Episódico/Epidêmico;Episódico/Epidêmico;Se manteve
2501575;Episódico/Epidêmico;Episódico/Epidêmico;Se manteve
2501609;Episódico/Epidêmico;Episódico/Epidêmico;Se manteve
2501708;Episódico;Episódico/Epidêmico;Piorou
2501807;Episódico/Epidêmico;Episódico/Epidêmico;Se manteve
2501906;Episódico/Epidêmico;Episódico/Epidêmico;Se manteve
2502003;Episódico/Epidêmico;Episódico;Melhorou
2502052;Episódico/Epidêmico;Episódico/Epidêmico;Se manteve
2502102;Episódico;Episódico/Epidêmico;Piorou
2502151;Episódico/Epidêmico;Episódico/Epidêmico;Se manteve
2502201;Episódico/Epidêmico;Episódico;Melhorou
2502300;Episódico/Epidêmico;Episódico/Epidêmico;Se manteve
2502409;Episódico/Epidêmico;Episódico;Melhorou
2502508;Episódico/Epidêmico;Episódico/Epidêmico;Se manteve
2502607;Episódico;Episódico;Se manteve
2502706;Episódico;Episódico;Se manteve
2502805;Episódico/Epidêmico;Episódico/Epidêmico;Se manteve
2502904;Episódico/Epidêmico;Episódico/Epidêmico;Se manteve
2503001;Episódico/Epidêmico;Episódico/Epidêmico;Se manteve
2503100;Episódico/Epidêmico;Episódico/Epidêmico;Se manteve
2503209;Epidêmico;Epidêmico;Se manteve
2503308;Episódico/Epidêmico;Episódico/Epidêmico;Se manteve
2503407;Episódico/Epidêmico;Episódico;Melhorou
2503506;Episódico;Episódico/Epidêmico;Piorou
2503555;Episódico/Epidêmico;Episódico/Epidêmico;Se manteve
2503605;Episódico;Episódico;Se manteve
2503704;Epidêmico;Episódico/Epidêmico;Melhorou
2503753;Episódico;Episódico;Se manteve
2503803;Episódico;Episódico;Se manteve
2503902;Episódico;Episódico;Se manteve
2504009;Epidêmico;Epidêmico;Se manteve
2504033;Episódico;Episódico;Se manteve
2504074;Episódico;Episódico;Se manteve
2504108;Episódico;Episódico;Se manteve
2504157;Episódico/Epidêmico;Episódico/Epidêmico;Se manteve
2504207;Episódico/Epidêmico;Episódico/Epidêmico;Se manteve
2504306;Episódico/Epidêmico;Episódico/Epidêmico;Se manteve
2504355;Episódico/Epidêmico;Episódico/Epidêmico;Se manteve
2504405;Episódico;Episódico;Se manteve
2504504;Episódico/Epidêmico;Episódico/Epidêmico;Se manteve
2504603;Episódico/Epidêmico;Episódico/Epidêmico;Se manteve
2504702;Episódico;Episódico/Epidêmico;Piorou
2504801;Episódico/Epidêmico;Episódico/Epidêmico;Se manteve
2504850;Episódico;Episódico;Se manteve
2504900;Episódico;Episódico/Epidêmico;Piorou
2505006;Episódico/Epidêmico;Episódico/Epidêmico;Se manteve
2505105;Episódico/Epidêmico;Episódico/Epidêmico;Se manteve
2505204;Episódico;Episódico;Se manteve
2505238;Episódico;Episódico;Se manteve
2505279;Episódico;Episódico/Epidêmico;Piorou
2505303;Episódico;Episódico;Se manteve
2505352;Episódico;Episódico;Se manteve
2505402;Episódico;Episódico;Se manteve
2505501;Episódico/Epidêmico;Episódico;Melhorou
2505600;Episódico;Episódico;Se manteve
2505709;Episódico/Epidêmico;Episódico/Epidêmico;Se manteve
2505808;Episódico;Episódico;Se manteve
2505907;Episódico/Epidêmico;Episódico;Melhorou
2506004;Epidêmico;Episódico/Epidêmico;Melhorou
2506103;Episódico/Epidêmico;Episódico;Melhorou
2506202;Episódico/Epidêmico;Episódico/Epidêmico;Se manteve
2506251;Episódico;Episódico;Se manteve
2506301;Epidêmico;Episódico/Epidêmico;Melhorou
2506400;Episódico/Epidêmico;Episódico;Melhorou
2506509;Episódico/Epidêmico;Episódico/Epidêmico;Se manteve
2506608;Episódico;Episódico;Se manteve
2506707;Episódico/Epidêmico;Episódico;Melhorou
2506806;Episódico/Epidêmico;Episódico/Epidêmico;Se manteve
2506905;Episódico/Epidêmico;Episódico/Epidêmico;Se manteve
2507002;Episódico/Epidêmico;Episódico/Epidêmico;Se manteve
2507101;Episódico/Epidêmico;Episódico;Melhorou
2507200;Episódico/Epidêmico;Episódico;Melhorou
2507309;Episódico/Epidêmico;Episódico;Melhorou
2507408;Episódico/Epidêmico;Episódico;Melhorou
2507507;Epidêmico;Epidêmico;Se manteve
2507606;Episódico;Episódico/Epidêmico;Piorou
2507705;Episódico/Epidêmico;Episódico/Epidêmico;Se manteve
2507804;Episódico;Episódico/Epidêmico;Piorou
2507903;Episódico/Epidêmico;Episódico;Melhorou
2508000;Episódico/Epidêmico;Episódico/Epidêmico;Se manteve
2508109;Episódico;Episódico;Se manteve
2508208;Episódico;Episódico;Se manteve
2508307;Episódico/Epidêmico;Episódico/Epidêmico;Se manteve
2508406;Episódico;Episódico;Se manteve
2508505;Episódico;Episódico;Se manteve
2508554;Episódico;Episódico;Se manteve
2508604;Episódico/Epidêmico;Episódico/Epidêmico;Se manteve
2508703;Episódico/Epidêmico;Episódico/Epidêmico;Se manteve
2508802;Episódico/Epidêmico;Episódico/Epidêmico;Se manteve
2508901;Episódico/Epidêmico;Episódico/Epidêmico;Se manteve
2509008;Episódico/Epidêmico;Episódico/Epidêmico;Se manteve
2509057;Episódico;Episódico;Se manteve
2509107;Episódico/Epidêmico;Episódico;Melhorou
2509156;Episódico/Epidêmico;Episódico;Melhorou
2509206;Episódico;Episódico;Se manteve
2509305;Episódico/Epidêmico;Episódico/Epidêmico;Se manteve
2509339;Episódico;Episódico;Se manteve
2509370;Episódico;Episódico;Se manteve
2509396;Episódico/Epidêmico;Episódico/Epidêmico;Se manteve
2509404;Episódico/Epidêmico;Episódico;Melhorou
2509503;Episódico;Episódico/Epidêmico;Piorou
2509602;Episódico;Episódico;Se manteve
2509701;Epidêmico;Epidêmico;Se manteve
2509800;Episódico;Episódico;Se manteve
2509909;Episódico;Episódico/Epidêmico;Piorou
2510006;Episódico/Epidêmico;Episódico;Melhorou
2510105;Episódico/Epidêmico;Episódico/Epidêmico;Se manteve
2510204;Episódico;Episódico/Epidêmico;Piorou
2510303;Episódico/Epidêmico;Episódico/Epidêmico;Se manteve
2510402;Episódico;Episódico;Se manteve
2510501;Episódico/Epidêmico;Episódico/Epidêmico;Se manteve
2510600;Episódico;Episódico;Se manteve
2510659;Episódico/Epidêmico;Episódico/Epidêmico;Se manteve
2510709;Episódico/Epidêmico;Episódico;Melhorou
2510808;Epidêmico;Episódico/Epidêmico;Melhorou
2510907;Episódico;Episódico;Se manteve
2511004;Episódico;Episódico;Se manteve
2511103;Episódico/Epidêmico;Episódico/Epidêmico;Se manteve
2511202;Episódico/Epidêmico;Episódico/Epidêmico;Se manteve
2511301;Episódico/Epidêmico;Episódico/Epidêmico;Se manteve
2511400;Episódico/Epidêmico;Epidêmico;Piorou
2511509;Episódico/Epidêmico;Episódico/Epidêmico;Se manteve
2511608;Episódico/Epidêmico;Episódico;Melhorou
2511707;Episódico/Epidêmico;Episódico;Melhorou
2511806;Episódico/Epidêmico;Sem transmissão;Melhorou
2511905;Episódico/Epidêmico;Episódico;Melhorou
2512002;Episódico/Epidêmico;Episódico/Epidêmico;Se manteve
2512036;Episódico;Episódico;Se manteve
2512077;Episódico;Episódico;Se manteve
2512101;Episódico/Epidêmico;Episódico/Epidêmico;Se manteve
2512200;Episódico/Epidêmico;Episódico/Epidêmico;Se manteve
2512309;Episódico/Epidêmico;Episódico/Epidêmico;Se manteve
2512408;Episódico/Epidêmico;Episódico;Melhorou
2512507;Episódico/Epidêmico;Epidêmico;Piorou
2512606;Episódico;Episódico/Epidêmico;Piorou
2512705;Episódico/Epidêmico;Episódico/Epidêmico;Se manteve
2512721;Episódico/Epidêmico;Episódico/Epidêmico;Se manteve
2512747;Episódico/Epidêmico;Episódico/Epidêmico;Se manteve
2512754;Episódico;Episódico;Se manteve
2512762;Episódico;Episódico;Se manteve
2512788;Episódico;Episódico/Epidêmico;Piorou
2512804;Episódico/Epidêmico;Episódico/Epidêmico;Se manteve
2512903;Episódico/Epidêmico;Episódico;Melhorou
2513000;Episódico;Episódico;Se manteve
2513109;Episódico/Epidêmico;Episódico;Melhorou
2513158;Episódico;Episódico/Epidêmico;Piorou
2513208;Episódico;Episódico;Se manteve
2513307;Episódico/Epidêmico;Episódico;Melhorou
2513356;Episódico;Episódico;Se manteve
2513406;Episódico/Epidêmico;Episódico/Epidêmico;Se manteve
2513505;Episódico;Episódico;Se manteve
2513604;Episódico/Epidêmico;Episódico;Melhorou
2513653;Episódico/Epidêmico;Episódico/Epidêmico;Se manteve
2513703;Epidêmico;Epidêmico;Se manteve
2513802;Episódico/Epidêmico;Episódico;Melhorou
2513851;Episódico/Epidêmico;Episódico;Melhorou
2513901;Episódico/Epidêmico;Episódico/Epidêmico;Se manteve
2513927;Episódico;Episódico;Se manteve
2513943;Sem transmissão;Episódico/Epidêmico;Piorou
2513968;Episódico;Episódico;Se manteve
2513984;Episódico;Episódico;Se manteve
2514008;Episódico;Episódico/Epidêmico;Piorou
2514107;Episódico;Episódico/Epidêmico;Piorou
2514206;Episódico;Episódico;Se manteve
2514305;Episódico;Episódico;Se manteve
2514404;Episódico/Epidêmico;Episódico/Epidêmico;Se manteve
2514453;Episódico/Epidêmico;Episódico/Epidêmico;Se manteve
2514503;Episódico/Epidêmico;Episódico/Epidêmico;Se manteve
2514552;Episódico;Episódico;Se manteve
2514602;Episódico;Episódico;Se manteve
2514651;Episódico/Epidêmico;Episódico;Melhorou
2514701;Episódico/Epidêmico;Episódico/Epidêmico;Se manteve
2514800;Episódico;Episódico;Se manteve
2514909;Episódico/Epidêmico;Episódico;Melhorou
2515005;Episódico;Episódico;Se manteve
2515104;Episódico/Epidêmico;Episódico/Epidêmico;Se manteve
2515203;Episódico;Episódico;Se manteve
2515302;Episódico;Episódico/Epidêmico;Piorou
2515401;Episódico;Episódico/Epidêmico;Piorou
2515500;Episódico/Epidêmico;Episódico/Epidêmico;Se manteve
2515609;Episódico;Episódico;Se manteve
2515708;Episódico;Episódico;Se manteve
2515807;Episódico;Episódico;Se manteve
2515906;Episódico;Episódico;Se manteve
2515930;Episódico/Epidêmico;Episódico;Melhorou
2515971;Episódico;Sem transmissão;Melhorou
2516003;Episódico/Epidêmico;Episódico/Epidêmico;Se manteve
2516102;Episódico/Epidêmico;Episódico;Melhorou
2516151;Episódico;Episódico/Epidêmico;Piorou
2516201;Epidêmico;Epidêmico;Se manteve
2516300;Episódico/Epidêmico;Episódico/Epidêmico;Se manteve
2516409;Episódico;Episódico;Se manteve
2516508;Episódico;Episódico/Epidêmico;Piorou
2516607;Episódico/Epidêmico;Episódico;Melhorou
2516706;Episódico/Epidêmico;Episódico/Epidêmico;Se manteve
2516755;Episódico;Episódico/Epidêmico;Piorou
2516805;Episódico/Epidêmico;Episódico;Melhorou
2516904;Episódico/Epidêmico;Episódico/Epidêmico;Se manteve
2517001;Episódico/Epidêmico;Episódico/Epidêmico;Se manteve
2517100;Episódico/Epidêmico;Episódico/Epidêmico;Se manteve
2517209;Episódico/Epidêmico;Episódico;Melhorou
2517407;Episódico/Epidêmico;Episódico;Melhorou
2600054;Epidêmico;Episódico/Epidêmico;Melhorou
2600104;Epidêmico;Epidêmico;Se manteve
2600203;Episódico/Epidêmico;Episódico/Epidêmico;Se manteve
2600302;Episódico/Epidêmico;Episódico/Epidêmico;Se manteve
2600401;Episódico/Epidêmico;Episódico/Epidêmico;Se manteve
2600500;Episódico/Epidêmico;Episódico/Epidêmico;Se manteve
2600609;Episódico/Epidêmico;Episódico/Epidêmico;Se manteve
2600708;Episódico/Epidêmico;Episódico;Melhorou
2600807;Episódico/Epidêmico;Episódico/Epidêmico;Se manteve
2600906;Episódico;Episódico/Epidêmico;Piorou
2601003;Episódico/Epidêmico;Episódico/Epidêmico;Se manteve
2601052;Episódico/Epidêmico;Episódico/Epidêmico;Se manteve
2601102;Episódico/Epidêmico;Episódico/Epidêmico;Se manteve
2601201;Epidêmico;Epidêmico;Se manteve
2601300;Episódico/Epidêmico;Episódico/Epidêmico;Se manteve
2601409;Episódico/Epidêmico;Episódico/Epidêmico;Se manteve
2601508;Episódico;Episódico;Se manteve
2601607;Episódico/Epidêmico;Episódico/Epidêmico;Se manteve
2601706;Epidêmico;Epidêmico;Se manteve
2601805;Episódico/Epidêmico;Episódico/Epidêmico;Se manteve
2601904;Episódico/Epidêmico;Episódico/Epidêmico;Se manteve
2602001;Episódico/Epidêmico;Episódico/Epidêmico;Se manteve
2602100;Episódico/Epidêmico;Episódico/Epidêmico;Se manteve
2602209;Episódico/Epidêmico;Episódico/Epidêmico;Se manteve
2602308;Episódico/Epidêmico;Episódico/Epidêmico;Se manteve
2602407;Episódico;Episódico;Se manteve
2602506;Episódico/Epidêmico;Episódico/Epidêmico;Se manteve
2602605;Epidêmico;Epidêmico;Se manteve
2602704;Episódico/Epidêmico;Episódico;Melhorou
2602803;Episódico/Epidêmico;Episódico/Epidêmico;Se manteve
2602902;Epidêmico;Epidêmico;Se manteve
2603009;Episódico/Epidêmico;Episódico/Epidêmico;Se manteve
2603108;Episódico/Epidêmico;Episódico;Melhorou
2603207;Episódico/Epidêmico;Episódico/Epidêmico;Se manteve
2603306;Episódico/Epidêmico;Episódico;Melhorou
2603405;Episódico/Epidêmico;Episódico/Epidêmico;Se manteve
2603454;Epidêmico;Epidêmico;Se manteve
2603504;Episódico/Epidêmico;Episódico/Epidêmico;Se manteve
2603603;Episódico;Episódico/Epidêmico;Piorou
2603702;Episódico/Epidêmico;Episódico/Epidêmico;Se manteve
2603801;Episódico/Epidêmico;Episódico/Epidêmico;Se manteve
2603900;Episódico/Epidêmico;Episódico/Epidêmico;Se manteve
2603926;Episódico;Episódico/Epidêmico;Piorou
2604007;Epidêmico;Episódico/Epidêmico;Melhorou
2604106;Epidêmico;Epidêmico;Se manteve
2604155;Episódico/Epidêmico;Episódico;Melhorou
2604205;Episódico;Episódico;Se manteve
2604304;Episódico/Epidêmico;Episódico/Epidêmico;Se manteve
2604403;Episódico;Episódico/Epidêmico;Piorou
2604502;Episódico/Epidêmico;Episódico/Epidêmico;Se manteve
2604601;Epidêmico;Episódico;Melhorou
2604700;Episódico/Epidêmico;Episódico;Melhorou
2604809;Episódico/Epidêmico;Episódico/Epidêmico;Se manteve
2604908;Episódico/Epidêmico;Episódico/Epidêmico;Se manteve
2605004;Episódico/Epidêmico;Episódico/Epidêmico;Se manteve
2605103;Episódico/Epidêmico;Episódico/Epidêmico;Se manteve
2605152;Episódico/Epidêmico;Episódico/Epidêmico;Se manteve
2605202;Episódico/Epidêmico;Episódico/Epidêmico;Se manteve
2605301;Episódico/Epidêmico;Episódico/Epidêmico;Se manteve
2605400;Episódico/Epidêmico;Episódico/Epidêmico;Se manteve
2605459;Epidêmico;Epidêmico;Se manteve
2605509;Episódico;Episódico/Epidêmico;Piorou
2605608;Episódico;Episódico;Se manteve
2605707;Episódico/Epidêmico;Episódico/Epidêmico;Se manteve
2605806;Episódico/Epidêmico;Episódico;Melhorou
2605905;Episódico/Epidêmico;Episódico/Epidêmico;Se manteve
2606002;Epidêmico;Epidêmico;Se manteve
2606101;Episódico/Epidêmico;Episódico;Melhorou
2606200;Epidêmico;Epidêmico;Se manteve
2606309;Episódico/Epidêmico;Episódico/Epidêmico;Se manteve
2606408;Epidêmico;Epidêmico;Se manteve
2606507;Episódico/Epidêmico;Episódico;Melhorou
2606606;Episódico/Epidêmico;Episódico/Epidêmico;Se manteve
2606705;Episódico/Epidêmico;Episódico;Melhorou
2606804;Epidêmico;Epidêmico;Se manteve
2606903;Episódico/Epidêmico;Episódico/Epidêmico;Se manteve
2607000;Episódico/Epidêmico;Episódico/Epidêmico;Se manteve
2607109;Episódico/Epidêmico;Episódico/Epidêmico;Se manteve
2607208;Epidêmico;Epidêmico;Se manteve
2607307;Episódico/Epidêmico;Episódico/Epidêmico;Se manteve
2607406;Episódico/Epidêmico;Episódico/Epidêmico;Se manteve
2607505;Episódico/Epidêmico;Episódico/Epidêmico;Se manteve
2607604;Episódico/Epidêmico;Episódico/Epidêmico;Se manteve
2607653;Episódico/Epidêmico;Episódico/Epidêmico;Se manteve
2607703;Episódico/Epidêmico;Episódico/Epidêmico;Se manteve
2607752;Episódico/Epidêmico;Episódico/Epidêmico;Se manteve
2607802;Episódico/Epidêmico;Episódico/Epidêmico;Se manteve
2607901;Epidêmico;Epidêmico;Se manteve
2607950;Episódico/Epidêmico;Episódico/Epidêmico;Se manteve
2608008;Epidêmico;Epidêmico;Se manteve
2608057;Episódico/Epidêmico;Episódico/Epidêmico;Se manteve
2608107;Episódico/Epidêmico;Episódico/Epidêmico;Se manteve
2608206;Episódico;Episódico;Se manteve
2608255;Episódico/Epidêmico;Episódico/Epidêmico;Se manteve
2608305;Episódico/Epidêmico;Episódico;Melhorou
2608404;Episódico/Epidêmico;Episódico/Epidêmico;Se manteve
2608453;Episódico/Epidêmico;Episódico/Epidêmico;Se manteve
2608503;Episódico/Epidêmico;Episódico;Melhorou
2608602;Episódico/Epidêmico;Episódico/Epidêmico;Se manteve
2608701;Episódico;Episódico/Epidêmico;Piorou
2608750;Episódico/Epidêmico;Episódico/Epidêmico;Se manteve
2608800;Episódico/Epidêmico;Episódico/Epidêmico;Se manteve
2608909;Epidêmico;Epidêmico;Se manteve
2609006;Episódico/Epidêmico;Episódico/Epidêmico;Se manteve
2609105;Episódico/Epidêmico;Episódico/Epidêmico;Se manteve
2609154;Episódico;Episódico/Epidêmico;Piorou
2609204;Episódico;Episódico;Se manteve
2609303;Episódico/Epidêmico;Episódico/Epidêmico;Se manteve
2609402;Epidêmico;Episódico/Epidêmico;Melhorou
2609501;Episódico/Epidêmico;Episódico/Epidêmico;Se manteve
2609600;Epidêmico;Epidêmico;Se manteve
2609709;Episódico/Epidêmico;Episódico/Epidêmico;Se manteve
2609808;Episódico/Epidêmico;Episódico/Epidêmico;Se manteve
2609907;Epidêmico;Episódico/Epidêmico;Melhorou
2610004;Episódico/Epidêmico;Epidêmico;Piorou
2610103;Episódico;Episódico;Se manteve
2610202;Episódico/Epidêmico;Episódico/Epidêmico;Se manteve
2610301;Episódico/Epidêmico;Episódico/Epidêmico;Se manteve
2610400;Episódico/Epidêmico;Episódico/Epidêmico;Se manteve
2610509;Episódico/Epidêmico;Epidêmico;Piorou
2610608;Episódico/Epidêmico;Epidêmico;Piorou
2610707;Epidêmico;Epidêmico;Se manteve
2610806;Episódico/Epidêmico;Episódico/Epidêmico;Se manteve
2610905;Episódico/Epidêmico;Episódico/Epidêmico;Se manteve
2611002;Episódico/Epidêmico;Episódico/Epidêmico;Se manteve
2611101;Epidêmico;Epidêmico;Se manteve
2611200;Episódico/Epidêmico;Episódico/Epidêmico;Se manteve
2611309;Episódico/Epidêmico;Episódico;Melhorou
2611408;Episódico/Epidêmico;Episódico;Melhorou
2611507;Episódico/Epidêmico;Episódico/Epidêmico;Se manteve
2611533;Sem transmissão;Sem transmissão;Se manteve
2611606;Transmissão Persistente;Epidêmico;Melhorou
2611705;Episódico;Episódico;Se manteve
2611804;Episódico/Epidêmico;Episódico;Melhorou
2611903;Episódico/Epidêmico;Episódico/Epidêmico;Se manteve
2612000;Episódico;Episódico/Epidêmico;Piorou
2612109;Episódico/Epidêmico;Episódico;Melhorou
2612208;Epidêmico;Epidêmico;Se manteve
2612307;Episódico/Epidêmico;Episódico/Epidêmico;Se manteve
2612406;Episódico/Epidêmico;Episódico/Epidêmico;Se manteve
2612455;Episódico/Epidêmico;Episódico/Epidêmico;Se manteve
2612471;Episódico/Epidêmico;Episódico/Epidêmico;Se manteve
2612505;Epidêmico;Epidêmico;Se manteve
2612554;Episódico/Epidêmico;Episódico/Epidêmico;Se manteve
2612604;Episódico/Epidêmico;Episódico/Epidêmico;Se manteve
2612703;Episódico/Epidêmico;Episódico;Melhorou
2612802;Episódico/Epidêmico;Episódico/Epidêmico;Se manteve
2612901;Episódico;Episódico;Se manteve
2613008;Episódico/Epidêmico;Episódico/Epidêmico;Se manteve
2613107;Episódico/Epidêmico;Epidêmico;Piorou
2613206;Episódico/Epidêmico;Episódico/Epidêmico;Se manteve
2613305;Episódico/Epidêmico;Episódico/Epidêmico;Se manteve
2613404;Episódico/Epidêmico;Episódico/Epidêmico;Se manteve
2613503;Episódico/Epidêmico;Episódico/Epidêmico;Se manteve
2613602;Epidêmico;Episódico/Epidêmico;Melhorou
2613701;Epidêmico;Epidêmico;Se manteve
2613800;Episódico/Epidêmico;Episódico/Epidêmico;Se manteve
2613909;Epidêmico;Episódico/Epidêmico;Melhorou
2614006;Episódico/Epidêmico;Episódico/Epidêmico;Se manteve
2614105;Episódico/Epidêmico;Episódico/Epidêmico;Se manteve
2614204;Episódico/Epidêmico;Episódico/Epidêmico;Se manteve
2614303;Episódico/Epidêmico;Episódico/Epidêmico;Se manteve
2614402;Episódico/Epidêmico;Episódico/Epidêmico;Se manteve
2614501;Epidêmico;Episódico/Epidêmico;Melhorou
2614600;Episódico/Epidêmico;Episódico/Epidêmico;Se manteve
2614709;Episódico/Epidêmico;Episódico/Epidêmico;Se manteve
2614808;Episódico/Epidêmico;Episódico;Melhorou
2614857;Episódico/Epidêmico;Episódico;Melhorou
2615003;Episódico/Epidêmico;Episódico;Melhorou
2615102;Episódico/Epidêmico;Episódico/Epidêmico;Se manteve
2615201;Episódico/Epidêmico;Episódico/Epidêmico;Se manteve
2615300;Episódico/Epidêmico;Epidêmico;Piorou
2615409;Episódico/Epidêmico;Episódico/Epidêmico;Se manteve
2615508;Episódico/Epidêmico;Episódico;Melhorou
2615607;Episódico/Epidêmico;Episódico/Epidêmico;Se manteve
2615706;Episódico/Epidêmico;Episódico/Epidêmico;Se manteve
2615805;Episódico/Epidêmico;Episódico/Epidêmico;Se manteve
2615904;Episódico/Epidêmico;Episódico/Epidêmico;Se manteve
2616001;Episódico/Epidêmico;Episódico/Epidêmico;Se manteve
2616100;Episódico/Epidêmico;Episódico/Epidêmico;Se manteve
2616183;Episódico/Epidêmico;Episódico/Epidêmico;Se manteve
2616209;Episódico/Epidêmico;Episódico/Epidêmico;Se manteve
2616308;Episódico/Epidêmico;Episódico/Epidêmico;Se manteve
2616407;Epidêmico;Epidêmico;Se manteve
2616506;Episódico;Episódico/Epidêmico;Piorou
2700102;Episódico/Epidêmico;Episódico/Epidêmico;Se manteve
2700201;Episódico/Epidêmico;Episódico/Epidêmico;Se manteve
2700300;Epidêmico;Epidêmico;Se manteve
2700409;Episódico/Epidêmico;Episódico;Melhorou
2700508;Episódico;Episódico;Se manteve
2700607;Episódico/Epidêmico;Episódico/Epidêmico;Se manteve
2700706;Episódico;Episódico;Se manteve
2700805;Episódico;Episódico;Se manteve
2700904;Episódico;Episódico;Se manteve
2701001;Episódico/Epidêmico;Episódico;Melhorou
2701100;Episódico/Epidêmico;Episódico/Epidêmico;Se manteve
2701209;Episódico/Epidêmico;Episódico/Epidêmico;Se manteve
2701308;Episódico/Epidêmico;Episódico;Melhorou
2701357;Episódico/Epidêmico;Episódico;Melhorou
2701407;Episódico/Epidêmico;Episódico/Epidêmico;Se manteve
2701506;Episódico;Episódico;Se manteve
2701605;Episódico/Epidêmico;Episódico;Melhorou
2701704;Episódico;Episódico/Epidêmico;Piorou
2701803;Episódico/Epidêmico;Episódico;Melhorou
2701902;Episódico;Episódico;Se manteve
2702009;Episódico/Epidêmico;Episódico/Epidêmico;Se manteve
2702108;Episódico/Epidêmico;Episódico/Epidêmico;Se manteve
2702207;Episódico/Epidêmico;Episódico/Epidêmico;Se manteve
2702306;Episódico/Epidêmico;Episódico/Epidêmico;Se manteve
2702355;Episódico/Epidêmico;Episódico/Epidêmico;Se manteve
2702405;Episódico/Epidêmico;Episódico/Epidêmico;Se manteve
2702504;Episódico/Epidêmico;Episódico/Epidêmico;Se manteve
2702553;Episódico;Episódico;Se manteve
2702603;Episódico/Epidêmico;Episódico/Epidêmico;Se manteve
2702702;Episódico;Episódico;Se manteve
2702801;Episódico/Epidêmico;Episódico/Epidêmico;Se manteve
2702900;Epidêmico;Episódico/Epidêmico;Melhorou
2703007;Episódico;Episódico/Epidêmico;Piorou
2703106;Episódico/Epidêmico;Episódico;Melhorou
2703205;Episódico/Epidêmico;Episódico/Epidêmico;Se manteve
2703304;Episódico/Epidêmico;Episódico/Epidêmico;Se manteve
2703403;Episódico/Epidêmico;Episódico/Epidêmico;Se manteve
2703502;Episódico/Epidêmico;Episódico;Melhorou
2703601;Episódico;Episódico/Epidêmico;Piorou
2703700;Episódico;Episódico;Se manteve
2703759;Episódico/Epidêmico;Episódico/Epidêmico;Se manteve
2703809;Episódico/Epidêmico;Episódico/Epidêmico;Se manteve
2703908;Episódico;Episódico;Se manteve
2704005;Episódico/Epidêmico;Episódico/Epidêmico;Se manteve
2704104;Episódico/Epidêmico;Episódico/Epidêmico;Se manteve
2704203;Episódico/Epidêmico;Episódico/Epidêmico;Se manteve
2704302;Epidêmico;Epidêmico;Se manteve
2704401;Episódico/Epidêmico;Episódico/Epidêmico;Se manteve
2704500;Epidêmico;Episódico/Epidêmico;Melhorou
2704609;Episódico/Epidêmico;Episódico;Melhorou
2704708;Epidêmico;Episódico/Epidêmico;Melhorou
2704807;Episódico/Epidêmico;Episódico;Melhorou
2704906;Sem transmissão;Episódico;Piorou
2705002;Episódico/Epidêmico;Episódico/Epidêmico;Se manteve
2705101;Episódico/Epidêmico;Episódico/Epidêmico;Se manteve
2705200;Episódico/Epidêmico;Episódico/Epidêmico;Se manteve
2705309;Episódico;Episódico;Se manteve
2705408;Episódico/Epidêmico;Episódico;Melhorou
2705507;Episódico/Epidêmico;Episódico/Epidêmico;Se manteve
2705606;Episódico;Episódico;Se manteve
2705705;Episódico/Epidêmico;Episódico;Melhorou
2705804;Episódico;Episódico;Se manteve
2705903;Episódico;Episódico;Se manteve
2706000;Episódico/Epidêmico;Episódico;Melhorou
2706109;Episódico;Episódico;Se manteve
2706208;Episódico;Episódico;Se manteve
2706307;Epidêmico;Episódico/Epidêmico;Melhorou
2706406;Episódico/Epidêmico;Episódico;Melhorou
2706422;Episódico/Epidêmico;Episódico/Epidêmico;Se manteve
2706448;Episódico/Epidêmico;Episódico/Epidêmico;Se manteve
2706505;Episódico;Episódico;Se manteve
2706604;Episódico;Episódico;Se manteve
2706703;Epidêmico;Episódico/Epidêmico;Melhorou
2706802;Episódico/Epidêmico;Episódico/Epidêmico;Se manteve
2706901;Episódico/Epidêmico;Episódico/Epidêmico;Se manteve
2707008;Episódico;Episódico;Se manteve
2707107;Episódico/Epidêmico;Episódico;Melhorou
2707206;Episódico/Epidêmico;Episódico/Epidêmico;Se manteve
2707305;Episódico/Epidêmico;Episódico/Epidêmico;Se manteve
2707404;Episódico;Episódico;Se manteve
2707503;Episódico;Episódico;Se manteve
2707602;Episódico;Episódico/Epidêmico;Piorou
2707701;Epidêmico;Episódico/Epidêmico;Melhorou
2707800;Episódico/Epidêmico;Episódico;Melhorou
2707909;Episódico/Epidêmico;Episódico/Epidêmico;Se manteve
2708006;Epidêmico;Episódico/Epidêmico;Melhorou
2708105;Episódico/Epidêmico;Episódico/Epidêmico;Se manteve
2708204;Episódico;Episódico;Se manteve
2708303;Episódico/Epidêmico;Episódico/Epidêmico;Se manteve
2708402;Episódico/Epidêmico;Episódico/Epidêmico;Se manteve
2708501;Episódico/Epidêmico;Episódico/Epidêmico;Se manteve
2708600;Episódico/Epidêmico;Epidêmico;Piorou
2708709;Episódico/Epidêmico;Episódico;Melhorou
2708808;Epidêmico;Episódico/Epidêmico;Melhorou
2708907;Episódico/Epidêmico;Episódico/Epidêmico;Se manteve
2708956;Episódico/Epidêmico;Episódico/Epidêmico;Se manteve
2709004;Episódico;Episódico;Se manteve
2709103;Episódico/Epidêmico;Episódico/Epidêmico;Se manteve
2709152;Epidêmico;Episódico/Epidêmico;Melhorou
2709202;Episódico;Episódico/Epidêmico;Piorou
2709301;Epidêmico;Epidêmico;Se manteve
2709400;Episódico/Epidêmico;Episódico/Epidêmico;Se manteve
2800100;Sem transmissão;Sem transmissão;Se manteve
2800209;Episódico/Epidêmico;Episódico/Epidêmico;Se manteve
2800308;Epidêmico;Epidêmico;Se manteve
2800407;Episódico/Epidêmico;Episódico/Epidêmico;Se manteve
2800506;Episódico/Epidêmico;Episódico/Epidêmico;Se manteve
2800605;Epidêmico;Episódico/Epidêmico;Melhorou
2800670;Episódico/Epidêmico;Episódico/Epidêmico;Se manteve
2800704;Episódico;Episódico;Se manteve
2801009;Episódico;Episódico/Epidêmico;Piorou
2801108;Episódico;Episódico;Se manteve
2801207;Episódico/Epidêmico;Episódico;Melhorou
2801306;Episódico;Episódico;Se manteve
2801405;Episódico/Epidêmico;Episódico/Epidêmico;Se manteve
2801504;Episódico/Epidêmico;Episódico/Epidêmico;Se manteve
2801603;Episódico;Episódico/Epidêmico;Piorou
2801702;Episódico/Epidêmico;Episódico/Epidêmico;Se manteve
2801900;Episódico;Episódico;Se manteve
2802007;Episódico;Episódico;Se manteve
2802106;Epidêmico;Epidêmico;Se manteve
2802205;Sem transmissão;Episódico;Piorou
2802304;Episódico;Episódico;Se manteve
2802403;Episódico/Epidêmico;Episódico/Epidêmico;Se manteve
2802502;Episódico;Episódico;Se manteve
2802601;Episódico;Episódico;Se manteve
2802700;Episódico/Epidêmico;Episódico;Melhorou
2802809;Episódico;Episódico/Epidêmico;Piorou
2802908;Episódico/Epidêmico;Episódico/Epidêmico;Se manteve
2803005;Epidêmico;Episódico/Epidêmico;Melhorou
2803104;Episódico;Sem transmissão;Melhorou
2803203;Episódico/Epidêmico;Episódico/Epidêmico;Se manteve
2803302;Sem transmissão;Episódico;Piorou
2803401;Episódico;Episódico;Se manteve
2803500;Episódico/Epidêmico;Epidêmico;Piorou
2803609;Episódico/Epidêmico;Episódico/Epidêmico;Se manteve
2803708;Episódico;Episódico;Se manteve
2803807;Sem transmissão;Episódico;Piorou
2803906;Episódico/Epidêmico;Episódico/Epidêmico;Se manteve
2804003;Episódico;Episódico;Se manteve
2804102;Episódico;Episódico/Epidêmico;Piorou
2804201;Episódico;Episódico/Epidêmico;Piorou
2804300;Episódico;Episódico/Epidêmico;Piorou
2804409;Episódico/Epidêmico;Episódico/Epidêmico;Se manteve
2804458;Episódico;Episódico;Se manteve
2804508;Episódico/Epidêmico;Episódico/Epidêmico;Se manteve
2804607;Episódico;Episódico/Epidêmico;Piorou
2804706;Episódico/Epidêmico;Episódico;Melhorou
2804805;Epidêmico;Epidêmico;Se manteve
2804904;Episódico/Epidêmico;Episódico/Epidêmico;Se manteve
2805000;Episódico;Episódico;Se manteve
2805109;Episódico;Episódico;Se manteve
2805208;Episódico/Epidêmico;Episódico/Epidêmico;Se manteve
2805307;Episódico/Epidêmico;Episódico/Epidêmico;Se manteve
2805406;Episódico;Episódico;Se manteve
2805505;Episódico/Epidêmico;Episódico;Melhorou
2805604;Episódico;Episódico/Epidêmico;Piorou
2805703;Episódico/Epidêmico;Epidêmico;Piorou
2805802;Episódico;Episódico;Se manteve
2805901;Episódico/Epidêmico;Episódico;Melhorou
2806008;Episódico;Episódico/Epidêmico;Piorou
2806107;Episódico;Episódico/Epidêmico;Piorou
2806206;Episódico;Episódico;Se manteve
2806305;Episódico;Episódico;Se manteve
2806404;Episódico;Episódico;Se manteve
2806503;Episódico;Episódico;Se manteve
2806602;Episódico;Episódico;Se manteve
2806701;Episódico/Epidêmico;Epidêmico;Piorou
2806800;Episódico;Episódico;Se manteve
2806909;Episódico;Episódico;Se manteve
2807006;Episódico;Episódico;Se manteve
2807105;Episódico/Epidêmico;Episódico/Epidêmico;Se manteve
2807204;Episódico;Episódico/Epidêmico;Piorou
2807303;Episódico;Episódico;Se manteve
2807402;Epidêmico;Episódico/Epidêmico;Melhorou
2807501;Episódico/Epidêmico;Episódico;Melhorou
2807600;Episódico/Epidêmico;Episódico/Epidêmico;Se manteve
2900108;Episódico;Episódico;Se manteve
2900207;Episódico/Epidêmico;Episódico/Epidêmico;Se manteve
2900306;Episódico/Epidêmico;Episódico;Melhorou
2900355;Episódico/Epidêmico;Episódico/Epidêmico;Se manteve
2900405;Episódico;Episódico/Epidêmico;Piorou
2900504;Episódico;Episódico/Epidêmico;Piorou
2900603;Episódico;Episódico;Se manteve
2900702;Episódico/Epidêmico;Epidêmico;Piorou
2900801;Episódico/Epidêmico;Episódico/Epidêmico;Se manteve
2900900;Episódico;Episódico;Se manteve
2901007;Episódico/Epidêmico;Episódico/Epidêmico;Se manteve
2901106;Episódico/Epidêmico;Episódico;Melhorou
2901155;Episódico/Epidêmico;Episódico/Epidêmico;Se manteve
2901205;Episódico;Episódico/Epidêmico;Piorou
2901304;Episódico/Epidêmico;Episódico/Epidêmico;Se manteve
2901353;Episódico/Epidêmico;Episódico/Epidêmico;Se manteve
2901403;Episódico/Epidêmico;Episódico/Epidêmico;Se manteve
2901502;Episódico/Epidêmico;Episódico/Epidêmico;Se manteve
2901601;Episódico/Epidêmico;Episódico;Melhorou
2901700;Episódico/Epidêmico;Episódico/Epidêmico;Se manteve
2901809;Episódico/Epidêmico;Episódico/Epidêmico;Se manteve
2901908;Episódico;Episódico;Se manteve
2901957;Episódico/Epidêmico;Episódico/Epidêmico;Se manteve
2902005;Episódico/Epidêmico;Episódico;Melhorou
2902054;Episódico;Episódico;Se manteve
2902104;Episódico/Epidêmico;Episódico/Epidêmico;Se manteve
2902203;Sem transmissão;Episódico;Piorou
2902252;Episódico/Epidêmico;Episódico;Melhorou
2902302;Episódico;Episódico;Se manteve
2902401;Episódico;Episódico;Se manteve
2902500;Episódico;Episódico/Epidêmico;Piorou
2902609;Episódico/Epidêmico;Episódico;Melhorou
2902658;Episódico/Epidêmico;Episódico;Melhorou
2902708;Episódico/Epidêmico;Episódico/Epidêmico;Se manteve
2902807;Episódico/Epidêmico;Episódico/Epidêmico;Se manteve
2902906;Episódico/Epidêmico;Episódico/Epidêmico;Se manteve
2903003;Episódico/Epidêmico;Episódico/Epidêmico;Se manteve
2903102;Episódico/Epidêmico;Episódico/Epidêmico;Se manteve
2903201;Epidêmico;Epidêmico;Se manteve
2903235;Episódico;Episódico/Epidêmico;Piorou
2903276;Episódico/Epidêmico;Episódico/Epidêmico;Se manteve
2903300;Episódico/Epidêmico;Episódico;Melhorou
2903409;Episódico/Epidêmico;Episódico/Epidêmico;Se manteve
2903508;Episódico/Epidêmico;Episódico;Melhorou
2903607;Episódico/Epidêmico;Episódico;Melhorou
2903706;Episódico/Epidêmico;Episódico;Melhorou
2903805;Episódico/Epidêmico;Episódico;Melhorou
2903904;Episódico/Epidêmico;Episódico/Epidêmico;Se manteve
2903953;Episódico;Episódico/Epidêmico;Piorou
2904001;Episódico;Episódico;Se manteve
2904050;Episódico/Epidêmico;Episódico;Melhorou
2904100;Episódico/Epidêmico;Episódico/Epidêmico;Se manteve
2904209;Episódico/Epidêmico;Episódico/Epidêmico;Se manteve
2904308;Episódico/Epidêmico;Episódico/Epidêmico;Se manteve
2904407;Episódico;Episódico/Epidêmico;Piorou
2904506;Episódico/Epidêmico;Episódico/Epidêmico;Se manteve
2904605;Epidêmico;Epidêmico;Se manteve
2904704;Episódico/Epidêmico;Episódico/Epidêmico;Se manteve
2904753;Episódico/Epidêmico;Episódico/Epidêmico;Se manteve
2904803;Episódico/Epidêmico;Episódico;Melhorou
2904852;Episódico/Epidêmico;Episódico;Melhorou
2904902;Episódico/Epidêmico;Episódico;Melhorou
2905008;Episódico/Epidêmico;Episódico/Epidêmico;Se manteve
2905107;Episódico/Epidêmico;Episódico/Epidêmico;Se manteve
2905156;Episódico;Episódico/Epidêmico;Piorou
2905206;Episódico/Epidêmico;Episódico/Epidêmico;Se manteve
2905305;Episódico/Epidêmico;Episódico/Epidêmico;Se manteve
2905404;Episódico/Epidêmico;Episódico;Melhorou
2905503;Episódico/Epidêmico;Episódico;Melhorou
2905602;Episódico/Epidêmico;Episódico/Epidêmico;Se manteve
2905701;Epidêmico;Epidêmico;Se manteve
2905800;Episódico;Episódico/Epidêmico;Piorou
2905909;Episódico/Epidêmico;Episódico/Epidêmico;Se manteve
2906006;Episódico/Epidêmico;Episódico/Epidêmico;Se manteve
2906105;Episódico;Episódico/Epidêmico;Piorou
2906204;Episódico/Epidêmico;Episódico/Epidêmico;Se manteve
2906303;Episódico/Epidêmico;Episódico/Epidêmico;Se manteve
2906402;Episódico/Epidêmico;Episódico/Epidêmico;Se manteve
2906501;Episódico/Epidêmico;Episódico/Epidêmico;Se manteve
2906600;Episódico;Episódico/Epidêmico;Piorou
2906709;Epidêmico;Episódico/Epidêmico;Melhorou
2906808;Episódico/Epidêmico;Episódico;Melhorou
2906824;Episódico/Epidêmico;Episódico;Melhorou
2906857;Episódico/Epidêmico;Episódico/Epidêmico;Se manteve
2906873;Episódico/Epidêmico;Episódico;Melhorou
2906899;Episódico;Episódico;Se manteve
2906907;Episódico/Epidêmico;Episódico/Epidêmico;Se manteve
2907004;Episódico/Epidêmico;Episódico;Melhorou
2907103;Episódico/Epidêmico;Episódico/Epidêmico;Se manteve
2907202;Episódico/Epidêmico;Episódico/Epidêmico;Se manteve
2907301;Episódico/Epidêmico;Episódico;Melhorou
2907400;Episódico;Episódico;Se manteve
2907509;Episódico/Epidêmico;Episódico/Epidêmico;Se manteve
2907558;Episódico/Epidêmico;Episódico/Epidêmico;Se manteve
2907608;Episódico;Episódico/Epidêmico;Piorou
2907707;Episódico/Epidêmico;Episódico;Melhorou
2907806;Episódico/Epidêmico;Episódico/Epidêmico;Se manteve
2907905;Episódico;Episódico;Se manteve
2908002;Episódico/Epidêmico;Episódico/Epidêmico;Se manteve
2908101;Episódico;Episódico;Se manteve
2908200;Episódico/Epidêmico;Episódico/Epidêmico;Se manteve
2908309;Episódico;Episódico/Epidêmico;Piorou
2908408;Episódico/Epidêmico;Episódico/Epidêmico;Se manteve
2908507;Episódico/Epidêmico;Episódico/Epidêmico;Se manteve
2908606;Episódico/Epidêmico;Episódico;Melhorou
2908705;Episódico/Epidêmico;Episódico/Epidêmico;Se manteve
2908804;Episódico;Episódico/Epidêmico;Piorou
2908903;Episódico/Epidêmico;Episódico/Epidêmico;Se manteve
2909000;Episódico;Episódico;Se manteve
2909109;Episódico/Epidêmico;Episódico/Epidêmico;Se manteve
2909208;Episódico/Epidêmico;Episódico/Epidêmico;Se manteve
2909307;Episódico/Epidêmico;Epidêmico;Piorou
2909406;Episódico;Episódico/Epidêmico;Piorou
2909505;Episódico;Episódico;Se manteve
2909604;Episódico;Episódico;Se manteve
2909703;Episódico/Epidêmico;Episódico/Epidêmico;Se manteve
2909802;Episódico/Epidêmico;Episódico/Epidêmico;Se manteve
2909901;Episódico/Epidêmico;Episódico/Epidêmico;Se manteve
2910008;Episódico/Epidêmico;Episódico;Melhorou
2910057;Episódico/Epidêmico;Episódico/Epidêmico;Se manteve
2910107;Episódico/Epidêmico;Episódico/Epidêmico;Se manteve
2910206;Episódico/Epidêmico;Episódico;Melhorou
2910305;Episódico;Episódico;Se manteve
2910404;Episódico/Epidêmico;Episódico/Epidêmico;Se manteve
2910503;Episódico/Epidêmico;Episódico;Melhorou
2910602;Episódico/Epidêmico;Episódico/Epidêmico;Se manteve
2910701;Episódico/Epidêmico;Episódico/Epidêmico;Se manteve
2910727;Epidêmico;Epidêmico;Se manteve
2910750;Episódico/Epidêmico;Episódico/Epidêmico;Se manteve
2910776;Episódico/Epidêmico;Episódico;Melhorou
2910800;Epidêmico;Epidêmico;Se manteve
2910859;Episódico/Epidêmico;Episódico/Epidêmico;Se manteve
2910909;Episódico;Episódico;Se manteve
2911006;Episódico/Epidêmico;Episódico;Melhorou
2911105;Episódico;Episódico;Se manteve
2911204;Episódico/Epidêmico;Episódico/Epidêmico;Se manteve
2911253;Episódico/Epidêmico;Episódico;Melhorou
2911303;Episódico;Episódico/Epidêmico;Piorou
2911402;Episódico/Epidêmico;Episódico/Epidêmico;Se manteve
2911501;Episódico;Episódico;Se manteve
2911600;Episódico/Epidêmico;Episódico/Epidêmico;Se manteve
2911659;Episódico;Episódico/Epidêmico;Piorou
2911709;Epidêmico;Epidêmico;Se manteve
2911808;Episódico/Epidêmico;Episódico;Melhorou
2911857;Episódico;Episódico;Se manteve
2911907;Episódico/Epidêmico;Episódico/Epidêmico;Se manteve
2912004;Episódico/Epidêmico;Episódico/Epidêmico;Se manteve
2912103;Epidêmico;Episódico/Epidêmico;Melhorou
2912202;Episódico;Episódico/Epidêmico;Piorou
2912301;Episódico/Epidêmico;Episódico/Epidêmico;Se manteve
2912400;Episódico/Epidêmico;Episódico/Epidêmico;Se manteve
2912509;Episódico/Epidêmico;Episódico/Epidêmico;Se manteve
2912608;Episódico/Epidêmico;Episódico;Melhorou
2912707;Episódico;Episódico;Se manteve
2912806;Episódico/Epidêmico;Episódico/Epidêmico;Se manteve
2912905;Episódico/Epidêmico;Episódico/Epidêmico;Se manteve
2913002;Episódico;Episódico/Epidêmico;Piorou
2913101;Episódico;Episódico/Epidêmico;Piorou
2913200;Episódico/Epidêmico;Episódico/Epidêmico;Se manteve
2913309;Episódico/Epidêmico;Episódico/Epidêmico;Se manteve
2913408;Episódico/Epidêmico;Episódico/Epidêmico;Se manteve
2913457;Episódico/Epidêmico;Episódico;Melhorou
2913507;Episódico;Episódico/Epidêmico;Piorou
2913606;Epidêmico;Epidêmico;Se manteve
2913705;Episódico;Episódico/Epidêmico;Piorou
2913804;Episódico/Epidêmico;Episódico/Epidêmico;Se manteve
2913903;Epidêmico;Epidêmico;Se manteve
2914000;Episódico/Epidêmico;Episódico/Epidêmico;Se manteve
2914109;Episódico/Epidêmico;Episódico/Epidêmico;Se manteve
2914208;Episódico;Episódico;Se manteve
2914307;Episódico;Episódico;Se manteve
2914406;Episódico;Episódico/Epidêmico;Piorou
2914505;Episódico/Epidêmico;Episódico/Epidêmico;Se manteve
2914604;Epidêmico;Epidêmico;Se manteve
2914653;Episódico/Epidêmico;Episódico/Epidêmico;Se manteve
2914703;Epidêmico;Epidêmico;Se manteve
2914802;Epidêmico;Epidêmico;Se manteve
2914901;Episódico/Epidêmico;Episódico/Epidêmico;Se manteve
2915007;Episódico/Epidêmico;Episódico;Melhorou
2915106;Episódico/Epidêmico;Episódico/Epidêmico;Se manteve
2915205;Episódico/Epidêmico;Episódico;Melhorou
2915304;Episódico;Episódico;Se manteve
2915353;Episódico;Episódico/Epidêmico;Piorou
2915403;Episódico/Epidêmico;Episódico;Melhorou
2915502;Episódico/Epidêmico;Episódico/Epidêmico;Se manteve
2915601;Episódico/Epidêmico;Episódico/Epidêmico;Se manteve
2915700;Episódico;Episódico/Epidêmico;Piorou
2915809;Episódico/Epidêmico;Episódico/Epidêmico;Se manteve
2915908;Episódico;Episódico;Se manteve
2916005;Episódico/Epidêmico;Episódico/Epidêmico;Se manteve
2916104;Episódico/Epidêmico;Episódico/Epidêmico;Se manteve
2916203;Episódico/Epidêmico;Episódico;Melhorou
2916302;Episódico/Epidêmico;Episódico/Epidêmico;Se manteve
2916401;Episódico/Epidêmico;Episódico/Epidêmico;Se manteve
2916500;Episódico;Episódico/Epidêmico;Piorou
2916609;Episódico;Episódico/Epidêmico;Piorou
2916708;Episódico;Episódico;Se manteve
2916807;Episódico;Episódico;Se manteve
2916856;Episódico/Epidêmico;Episódico/Epidêmico;Se manteve
2916906;Episódico/Epidêmico;Episódico/Epidêmico;Se manteve
2917003;Episódico/Epidêmico;Episódico/Epidêmico;Se manteve
2917102;Episódico/Epidêmico;Episódico/Epidêmico;Se manteve
2917201;Episódico/Epidêmico;Episódico/Epidêmico;Se manteve
2917300;Episódico;Episódico/Epidêmico;Piorou
2917334;Episódico/Epidêmico;Episódico/Epidêmico;Se manteve
2917359;Episódico/Epidêmico;Episódico/Epidêmico;Se manteve
2917409;Episódico/Epidêmico;Episódico/Epidêmico;Se manteve
2917508;Epidêmico;Epidêmico;Se manteve
2917607;Episódico/Epidêmico;Episódico/Epidêmico;Se manteve
2917706;Episódico/Epidêmico;Episódico/Epidêmico;Se manteve
2917805;Episódico;Episódico;Se manteve
2917904;Episódico;Episódico;Se manteve
2918001;Epidêmico;Epidêmico;Se manteve
2918100;Episódico/Epidêmico;Episódico/Epidêmico;Se manteve
2918209;Episódico;Episódico;Se manteve
2918308;Episódico/Epidêmico;Episódico;Melhorou
2918357;Episódico/Epidêmico;Episódico/Epidêmico;Se manteve
2918407;Epidêmico;Epidêmico;Se manteve
2918456;Episódico;Episódico;Se manteve
2918506;Episódico/Epidêmico;Episódico/Epidêmico;Se manteve
2918555;Episódico/Epidêmico;Episódico;Melhorou
2918605;Episódico;Episódico;Se manteve
2918704;Episódico/Epidêmico;Episódico;Melhorou
2918753;Episódico/Epidêmico;Episódico/Epidêmico;Se manteve
2918803;Episódico/Epidêmico;Episódico;Melhorou
2918902;Episódico/Epidêmico;Episódico;Melhorou
2919009;Episódico/Epidêmico;Episódico;Melhorou
2919058;Episódico;Episódico/Epidêmico;Piorou
2919108;Episódico/Epidêmico;Episódico;Melhorou
2919157;Episódico/Epidêmico;Episódico/Epidêmico;Se manteve
2919207;Epidêmico;Episódico/Epidêmico;Melhorou
2919306;Episódico;Episódico/Epidêmico;Piorou
2919405;Episódico;Episódico;Se manteve
2919504;Episódico/Epidêmico;Episódico/Epidêmico;Se manteve
2919553;Epidêmico;Epidêmico;Se manteve
2919603;Episódico/Epidêmico;Episódico/Epidêmico;Se manteve
2919702;Episódico/Epidêmico;Episódico;Melhorou
2919801;Episódico/Epidêmico;Epidêmico;Piorou
2919900;Episódico/Epidêmico;Episódico;Melhorou
2919926;Episódico/Epidêmico;Episódico/Epidêmico;Se manteve
2919959;Episódico;Episódico;Se manteve
2920007;Episódico/Epidêmico;Episódico/Epidêmico;Se manteve
2920106;Epidêmico;Episódico/Epidêmico;Melhorou
2920205;Episódico;Episódico;Se manteve
2920304;Episódico/Epidêmico;Episódico/Epidêmico;Se manteve
2920403;Episódico/Epidêmico;Episódico/Epidêmico;Se manteve
2920452;Episódico;Episódico;Se manteve
2920502;Episódico/Epidêmico;Epidêmico;Piorou
2920601;Episódico/Epidêmico;Episódico/Epidêmico;Se manteve
2920700;Episódico;Episódico;Se manteve
2920809;Episódico/Epidêmico;Episódico;Melhorou
2920908;Episódico/Epidêmico;Episódico;Melhorou
2921005;Episódico/Epidêmico;Episódico/Epidêmico;Se manteve
2921054;Episódico;Episódico/Epidêmico;Piorou
2921104;Episódico/Epidêmico;Episódico/Epidêmico;Se manteve
2921203;Episódico/Epidêmico;Episódico/Epidêmico;Se manteve
2921302;Episódico/Epidêmico;Episódico;Melhorou
2921401;Episódico/Epidêmico;Episódico/Epidêmico;Se manteve
2921450;Episódico/Epidêmico;Episódico/Epidêmico;Se manteve
2921500;Episódico/Epidêmico;Episódico;Melhorou
2921609;Episódico;Episódico/Epidêmico;Piorou
2921708;Episódico/Epidêmico;Episódico/Epidêmico;Se manteve
2921807;Episódico;Episódico;Se manteve
2921906;Episódico;Episódico;Se manteve
2922003;Epidêmico;Epidêmico;Se manteve
2922052;Episódico/Epidêmico;Episódico/Epidêmico;Se manteve
2922102;Episódico/Epidêmico;Episódico;Melhorou
2922201;Episódico/Epidêmico;Episódico;Melhorou
2922250;Episódico;Episódico;Se manteve
2922300;Episódico/Epidêmico;Episódico/Epidêmico;Se manteve
2922409;Episódico/Epidêmico;Episódico;Melhorou
2922508;Episódico/Epidêmico;Episódico;Melhorou
2922607;Episódico/Epidêmico;Episódico;Melhorou
2922656;Episódico/Epidêmico;Episódico/Epidêmico;Se manteve
2922706;Episódico;Episódico/Epidêmico;Piorou
2922730;Episódico/Epidêmico;Episódico/Epidêmico;Se manteve
2922755;Episódico/Epidêmico;Episódico;Melhorou
2922805;Episódico;Episódico;Se manteve
2922854;Episódico/Epidêmico;Episódico;Melhorou
2922904;Episódico/Epidêmico;Episódico;Melhorou
2923001;Episódico/Epidêmico;Episódico/Epidêmico;Se manteve
2923035;Episódico/Epidêmico;Episódico/Epidêmico;Se manteve
2923050;Episódico/Epidêmico;Episódico;Melhorou
2923100;Episódico/Epidêmico;Episódico/Epidêmico;Se manteve
2923209;Episódico/Epidêmico;Episódico/Epidêmico;Se manteve
2923308;Episódico;Episódico;Se manteve
2923357;Episódico/Epidêmico;Episódico/Epidêmico;Se manteve
2923407;Episódico;Episódico/Epidêmico;Piorou
2923506;Episódico/Epidêmico;Episódico/Epidêmico;Se manteve
2923605;Episódico/Epidêmico;Episódico/Epidêmico;Se manteve
2923704;Episódico/Epidêmico;Episódico/Epidêmico;Se manteve
2923803;Episódico/Epidêmico;Episódico/Epidêmico;Se manteve
2923902;Episódico/Epidêmico;Episódico/Epidêmico;Se manteve
2924009;Epidêmico;Epidêmico;Se manteve
2924058;Episódico/Epidêmico;Episódico/Epidêmico;Se manteve
2924108;Episódico;Episódico;Se manteve
2924207;Episódico/Epidêmico;Episódico;Melhorou
2924306;Episódico;Episódico;Se manteve
2924405;Episódico/Epidêmico;Episódico;Melhorou
2924504;Episódico;Episódico/Epidêmico;Piorou
2924603;Episódico/Epidêmico;Episódico/Epidêmico;Se manteve
2924652;Episódico/Epidêmico;Episódico;Melhorou
2924678;Episódico;Episódico;Se manteve
2924702;Episódico/Epidêmico;Episódico/Epidêmico;Se manteve
2924801;Episódico/Epidêmico;Episódico;Melhorou
2924900;Episódico/Epidêmico;Episódico;Melhorou
2925006;Episódico/Epidêmico;Episódico/Epidêmico;Se manteve
2925105;Episódico/Epidêmico;Episódico/Epidêmico;Se manteve
2925204;Episódico/Epidêmico;Episódico/Epidêmico;Se manteve
2925253;Episódico/Epidêmico;Episódico/Epidêmico;Se manteve
2925303;Epidêmico;Epidêmico;Se manteve
2925402;Episódico;Episódico;Se manteve
2925501;Episódico/Epidêmico;Episódico/Epidêmico;Se manteve
2925600;Episódico/Epidêmico;Episódico/Epidêmico;Se manteve
2925709;Episódico/Epidêmico;Episódico/Epidêmico;Se manteve
2925758;Episódico/Epidêmico;Episódico/Epidêmico;Se manteve
2925808;Episódico/Epidêmico;Episódico;Melhorou
2925907;Episódico/Epidêmico;Episódico/Epidêmico;Se manteve
2925931;Episódico/Epidêmico;Episódico/Epidêmico;Se manteve
2925956;Episódico/Epidêmico;Episódico/Epidêmico;Se manteve
2926004;Episódico/Epidêmico;Episódico/Epidêmico;Se manteve
2926103;Episódico/Epidêmico;Episódico;Melhorou
2926202;Episódico/Epidêmico;Episódico/Epidêmico;Se manteve
2926301;Episódico/Epidêmico;Episódico/Epidêmico;Se manteve
2926400;Episódico/Epidêmico;Episódico/Epidêmico;Se manteve
2926509;Episódico/Epidêmico;Episódico;Melhorou
2926608;Episódico/Epidêmico;Episódico/Epidêmico;Se manteve
2926657;Episódico;Episódico/Epidêmico;Piorou
2926707;Episódico;Episódico/Epidêmico;Piorou
2926806;Episódico/Epidêmico;Episódico;Melhorou
2926905;Episódico;Episódico/Epidêmico;Piorou
2927002;Episódico/Epidêmico;Epidêmico;Piorou
2927101;Episódico;Episódico;Se manteve
2927200;Episódico/Epidêmico;Episódico/Epidêmico;Se manteve
2927309;Episódico;Episódico;Se manteve
2927408;Epidêmico;Transmissão Persistente;Piorou
2927507;Episódico/Epidêmico;Episódico/Epidêmico;Se manteve
2927606;Episódico/Epidêmico;Episódico/Epidêmico;Se manteve
2927705;Episódico/Epidêmico;Episódico/Epidêmico;Se manteve
2927804;Episódico/Epidêmico;Episódico;Melhorou
2927903;Episódico;Episódico;Se manteve
2928000;Epidêmico;Episódico/Epidêmico;Melhorou
2928059;Episódico/Epidêmico;Episódico;Melhorou
2928109;Episódico/Epidêmico;Epidêmico;Piorou
2928208;Episódico/Epidêmico;Episódico/Epidêmico;Se manteve
2928307;Episódico;Episódico;Se manteve
2928406;Episódico/Epidêmico;Episódico/Epidêmico;Se manteve
2928505;Episódico/Epidêmico;Episódico;Melhorou
2928604;Episódico/Epidêmico;Episódico;Melhorou
2928703;Episódico/Epidêmico;Episódico/Epidêmico;Se manteve
2928802;Episódico/Epidêmico;Epidêmico;Piorou
2928901;Episódico/Epidêmico;Episódico/Epidêmico;Se manteve
2928950;Episódico/Epidêmico;Episódico/Epidêmico;Se manteve
2929008;Episódico/Epidêmico;Episódico;Melhorou
2929057;Episódico/Epidêmico;Episódico/Epidêmico;Se manteve
2929107;Episódico/Epidêmico;Episódico;Melhorou
2929206;Episódico/Epidêmico;Episódico/Epidêmico;Se manteve
2929255;Episódico/Epidêmico;Episódico/Epidêmico;Se manteve
2929305;Episódico/Epidêmico;Episódico/Epidêmico;Se manteve
2929354;Episódico/Epidêmico;Episódico/Epidêmico;Se manteve
2929370;Episódico/Epidêmico;Episódico;Melhorou
2929404;Episódico;Episódico;Se manteve
2929503;Episódico/Epidêmico;Episódico/Epidêmico;Se manteve
2929602;Episódico/Epidêmico;Episódico/Epidêmico;Se manteve
2929701;Episódico;Episódico;Se manteve
2929750;Episódico;Episódico;Se manteve
2929800;Episódico/Epidêmico;Episódico;Melhorou
2929909;Episódico/Epidêmico;Episódico/Epidêmico;Se manteve
2930006;Episódico/Epidêmico;Episódico/Epidêmico;Se manteve
2930105;Epidêmico;Episódico/Epidêmico;Melhorou
2930154;Episódico/Epidêmico;Episódico/Epidêmico;Se manteve
2930204;Episódico/Epidêmico;Episódico/Epidêmico;Se manteve
2930303;Episódico/Epidêmico;Episódico/Epidêmico;Se manteve
2930402;Episódico;Episódico;Se manteve
2930501;Epidêmico;Episódico/Epidêmico;Melhorou
2930600;Episódico/Epidêmico;Episódico/Epidêmico;Se manteve
2930709;Epidêmico;Epidêmico;Se manteve
2930758;Episódico/Epidêmico;Episódico/Epidêmico;Se manteve
2930766;Episódico/Epidêmico;Episódico;Melhorou
2930774;Episódico/Epidêmico;Episódico/Epidêmico;Se manteve
2930808;Episódico/Epidêmico;Episódico/Epidêmico;Se manteve
2930907;Episódico;Episódico;Se manteve
2931004;Episódico;Episódico/Epidêmico;Piorou
2931053;Episódico/Epidêmico;Episódico/Epidêmico;Se manteve
2931103;Episódico/Epidêmico;Episódico/Epidêmico;Se manteve
2931202;Episódico/Epidêmico;Episódico/Epidêmico;Se manteve
2931301;Episódico/Epidêmico;Episódico/Epidêmico;Se manteve
2931350;Epidêmico;Epidêmico;Se manteve
2931400;Episódico/Epidêmico;Episódico/Epidêmico;Se manteve
2931509;Episódico/Epidêmico;Episódico;Melhorou
2931608;Episódico/Epidêmico;Episódico/Epidêmico;Se manteve
2931707;Episódico/Epidêmico;Episódico/Epidêmico;Se manteve
2931806;Episódico/Epidêmico;Episódico/Epidêmico;Se manteve
2931905;Epidêmico;Episódico/Epidêmico;Melhorou
2932002;Episódico/Epidêmico;Episódico/Epidêmico;Se manteve
2932101;Episódico/Epidêmico;Episódico;Melhorou
2932200;Episódico;Episódico/Epidêmico;Piorou
2932309;Episódico/Epidêmico;Episódico;Melhorou
2932408;Episódico/Epidêmico;Episódico/Epidêmico;Se manteve
2932457;Episódico/Epidêmico;Episódico/Epidêmico;Se manteve
2932507;Episódico/Epidêmico;Episódico/Epidêmico;Se manteve
2932606;Episódico;Episódico/Epidêmico;Piorou
2932705;Episódico/Epidêmico;Episódico/Epidêmico;Se manteve
2932804;Episódico/Epidêmico;Episódico/Epidêmico;Se manteve
2932903;Epidêmico;Episódico/Epidêmico;Melhorou
2933000;Episódico/Epidêmico;Episódico/Epidêmico;Se manteve
2933059;Episódico/Epidêmico;Episódico;Melhorou
2933109;Episódico/Epidêmico;Episódico;Melhorou
2933158;Episódico/Epidêmico;Episódico/Epidêmico;Se manteve
2933174;Episódico/Epidêmico;Episódico;Melhorou
2933208;Epidêmico;Episódico/Epidêmico;Melhorou
2933257;Episódico;Episódico;Se manteve
2933307;Epidêmico;Epidêmico;Se manteve
2933406;Episódico/Epidêmico;Episódico/Epidêmico;Se manteve
2933455;Episódico/Epidêmico;Episódico;Melhorou
2933505;Episódico/Epidêmico;Episódico/Epidêmico;Se manteve
2933604;Episódico/Epidêmico;Episódico/Epidêmico;Se manteve
3100104;Episódico;Episódico/Epidêmico;Piorou
3100203;Episódico/Epidêmico;Episódico/Epidêmico;Se manteve
3100302;Episódico/Epidêmico;Episódico/Epidêmico;Se manteve
3100401;Episódico;Episódico/Epidêmico;Piorou
3100500;Episódico/Epidêmico;Episódico/Epidêmico;Se manteve
3100609;Episódico/Epidêmico;Episódico/Epidêmico;Se manteve
3100708;Episódico/Epidêmico;Episódico/Epidêmico;Se manteve
3100807;Episódico/Epidêmico;Episódico/Epidêmico;Se manteve
3100906;Episódico/Epidêmico;Episódico/Epidêmico;Se manteve
3101003;Episódico;Episódico;Se manteve
3101102;Epidêmico;Episódico/Epidêmico;Melhorou
3101201;Episódico;Sem transmissão;Melhorou
3101300;Episódico;Episódico;Se manteve
3101409;Episódico;Sem transmissão;Melhorou
3101508;Episódico/Epidêmico;Episódico/Epidêmico;Se manteve
3101607;Epidêmico;Epidêmico;Se manteve
3101631;Episódico;Episódico;Se manteve
3101706;Episódico/Epidêmico;Episódico/Epidêmico;Se manteve
3101805;Episódico;Episódico;Se manteve
3101904;Episódico/Epidêmico;Episódico/Epidêmico;Se manteve
3102001;Episódico/Epidêmico;Episódico/Epidêmico;Se manteve
3102050;Episódico;Episódico;Se manteve
3102100;Episódico;Episódico;Se manteve
3102209;Episódico/Epidêmico;Episódico/Epidêmico;Se manteve
3102308;Episódico/Epidêmico;Episódico/Epidêmico;Se manteve
3102407;Episódico;Episódico;Se manteve
3102506;Episódico;Episódico;Se manteve
3102605;Episódico/Epidêmico;Episódico/Epidêmico;Se manteve
3102704;Episódico/Epidêmico;Episódico/Epidêmico;Se manteve
3102803;Episódico/Epidêmico;Episódico;Melhorou
3102852;Episódico;Episódico;Se manteve
3102902;Episódico;Episódico;Se manteve
3103009;Episódico/Epidêmico;Episódico/Epidêmico;Se manteve
3103108;Episódico;Episódico;Se manteve
3103207;Episódico/Epidêmico;Episódico;Melhorou
3103306;Episódico;Episódico;Se manteve
3103405;Epidêmico;Epidêmico;Se manteve
3103504;Epidêmico;Epidêmico;Se manteve
3103603;Episódico;Episódico;Se manteve
3103702;Episódico;Episódico;Se manteve
3103751;Episódico/Epidêmico;Epidêmico;Piorou
3103801;Episódico;Episódico;Se manteve
3103900;Episódico/Epidêmico;Episódico/Epidêmico;Se manteve
3104007;Epidêmico;Epidêmico;Se manteve
3104106;Episódico/Epidêmico;Episódico/Epidêmico;Se manteve
3104205;Episódico/Epidêmico;Epidêmico;Piorou
3104304;Episódico/Epidêmico;Episódico/Epidêmico;Se manteve
3104403;Episódico;Episódico;Se manteve
3104452;Episódico;Episódico;Se manteve
3104502;Episódico/Epidêmico;Episódico/Epidêmico;Se manteve
3104601;Episódico/Epidêmico;Episódico/Epidêmico;Se manteve
3104700;Episódico/Epidêmico;Episódico/Epidêmico;Se manteve
3104809;Episódico/Epidêmico;Episódico/Epidêmico;Se manteve
3104908;Episódico/Epidêmico;Episódico/Epidêmico;Se manteve
3105004;Episódico/Epidêmico;Episódico;Melhorou
3105103;Episódico/Epidêmico;Episódico/Epidêmico;Se manteve
3105202;Episódico/Epidêmico;Episódico;Melhorou
3105301;Episódico;Episódico;Se manteve
3105400;Episódico/Epidêmico;Epidêmico;Piorou
3105509;Episódico;Episódico;Se manteve
3105608;Episódico/Epidêmico;Episódico/Epidêmico;Se manteve
3105707;Episódico;Episódico;Se manteve
3105905;Episódico/Epidêmico;Episódico/Epidêmico;Se manteve
3106002;Episódico;Episódico/Epidêmico;Piorou
3106101;Episódico;Episódico;Se manteve
3106200;Transmissão Persistente;Transmissão Persistente;Se manteve
3106309;Episódico/Epidêmico;Episódico/Epidêmico;Se manteve
3106408;Episódico/Epidêmico;Episódico/Epidêmico;Se manteve
3106507;Episódico;Episódico/Epidêmico;Piorou
3106606;Episódico/Epidêmico;Episódico;Melhorou
3106655;Episódico;Episódico;Se manteve
3106705;Epidêmico;Transmissão Persistente;Piorou
3106804;Sem transmissão;Sem transmissão;Se manteve
3106903;Episódico/Epidêmico;Episódico/Epidêmico;Se manteve
3107000;Episódico/Epidêmico;Episódico/Epidêmico;Se manteve
3107109;Episódico/Epidêmico;Episódico/Epidêmico;Se manteve
3107208;Sem transmissão;Sem transmissão;Se manteve
3107307;Epidêmico;Epidêmico;Se manteve
3107406;Epidêmico;Epidêmico;Se manteve
3107505;Episódico;Episódico;Se manteve
3107604;Episódico;Episódico/Epidêmico;Piorou
3107703;Episódico;Episódico;Se manteve
3107802;Episódico;Episódico/Epidêmico;Piorou
3107901;Episódico;Episódico;Se manteve
3108008;Episódico/Epidêmico;Episódico/Epidêmico;Se manteve
3108107;Episódico;Episódico/Epidêmico;Piorou
3108206;Episódico/Epidêmico;Episódico/Epidêmico;Se manteve
3108255;Episódico;Episódico/Epidêmico;Piorou
3108305;Episódico;Episódico/Epidêmico;Piorou
3108404;Episódico;Episódico/Epidêmico;Piorou
3108503;Episódico;Episódico;Se manteve
3108552;Episódico/Epidêmico;Episódico/Epidêmico;Se manteve
3108602;Episódico/Epidêmico;Episódico/Epidêmico;Se manteve
3108701;Episódico;Episódico;Se manteve
3108800;Episódico/Epidêmico;Episódico/Epidêmico;Se manteve
3108909;Episódico;Episódico/Epidêmico;Piorou
3109006;Epidêmico;Epidêmico;Se manteve
3109105;Episódico;Episódico;Se manteve
3109204;Episódico/Epidêmico;Episódico/Epidêmico;Se manteve
3109253;Episódico;Episódico/Epidêmico;Piorou
3109303;Episódico/Epidêmico;Epidêmico;Piorou
3109402;Episódico/Epidêmico;Episódico/Epidêmico;Se manteve
3109451;Episódico;Episódico/Epidêmico;Piorou
3109501;Episódico;Episódico;Se manteve
3109600;Episódico/Epidêmico;Episódico/Epidêmico;Se manteve
3109709;Episódico/Epidêmico;Episódico/Epidêmico;Se manteve
3109808;Episódico/Epidêmico;Episódico/Epidêmico;Se manteve
3109907;Episódico/Epidêmico;Episódico/Epidêmico;Se manteve
3110004;Episódico/Epidêmico;Episódico/Epidêmico;Se manteve
3110103;Episódico;Episódico;Se manteve
3110202;Episódico;Episódico/Epidêmico;Piorou
3110301;Episódico;Episódico;Se manteve
3110400;Episódico;Episódico;Se manteve
3110509;Episódico/Epidêmico;Episódico;Melhorou
3110608;Episódico/Epidêmico;Episódico;Melhorou
3110707;Episódico/Epidêmico;Episódico;Melhorou
3110806;Episódico/Epidêmico;Episódico/Epidêmico;Se manteve
3110905;Episódico/Epidêmico;Episódico/Epidêmico;Se manteve
3111002;Episódico;Episódico;Se manteve
3111101;Episódico/Epidêmico;Episódico/Epidêmico;Se manteve
3111150;Episódico/Epidêmico;Episódico/Epidêmico;Se manteve
3111200;Episódico/Epidêmico;Episódico/Epidêmico;Se manteve
3111309;Episódico/Epidêmico;Episódico;Melhorou
3111408;Episódico/Epidêmico;Episódico/Epidêmico;Se manteve
3111507;Episódico/Epidêmico;Episódico/Epidêmico;Se manteve
3111606;Episódico/Epidêmico;Episódico/Epidêmico;Se manteve
3111705;Episódico;Episódico;Se manteve
3111804;Episódico/Epidêmico;Episódico/Epidêmico;Se manteve
3111903;Episódico/Epidêmico;Episódico/Epidêmico;Se manteve
3112000;Episódico/Epidêmico;Episódico/Epidêmico;Se manteve
3112059;Episódico;Episódico;Se manteve
3112109;Episódico;Episódico;Se manteve
3112208;Episódico;Episódico;Se manteve
3112307;Episódico/Epidêmico;Episódico/Epidêmico;Se manteve
3112406;Episódico/Epidêmico;Episódico/Epidêmico;Se manteve
3112505;Episódico/Epidêmico;Episódico/Epidêmico;Se manteve
3112604;Epidêmico;Epidêmico;Se manteve
3112653;Episódico/Epidêmico;Episódico/Epidêmico;Se manteve
3112703;Episódico/Epidêmico;Episódico/Epidêmico;Se manteve
3112802;Episódico/Epidêmico;Epidêmico;Piorou
3112901;Episódico;Episódico;Se manteve
3113008;Episódico/Epidêmico;Episódico/Epidêmico;Se manteve
3113107;Episódico;Sem transmissão;Melhorou
3113206;Episódico/Epidêmico;Episódico/Epidêmico;Se manteve
3113305;Episódico/Epidêmico;Episódico/Epidêmico;Se manteve
3113404;Episódico/Epidêmico;Episódico/Epidêmico;Se manteve
3113503;Episódico;Episódico/Epidêmico;Piorou
3113602;Episódico;Episódico;Se manteve
3113701;Episódico/Epidêmico;Episódico/Epidêmico;Se manteve
3113800;Episódico;Episódico;Se manteve
3113909;Episódico/Epidêmico;Episódico;Melhorou
3114006;Episódico/Epidêmico;Episódico/Epidêmico;Se manteve
3114105;Episódico;Episódico;Se manteve
3114204;Episódico/Epidêmico;Episódico/Epidêmico;Se manteve
3114303;Episódico/Epidêmico;Episódico/Epidêmico;Se manteve
3114402;Episódico/Epidêmico;Episódico/Epidêmico;Se manteve
3114501;Episódico/Epidêmico;Episódico/Epidêmico;Se manteve
3114550;Episódico/Epidêmico;Episódico/Epidêmico;Se manteve
3114600;Episódico;Episódico;Se manteve
3114709;Episódico/Epidêmico;Episódico/Epidêmico;Se manteve
3114808;Sem transmissão;Episódico;Piorou
3114907;Episódico;Episódico;Se manteve
3115003;Episódico;Episódico;Se manteve
3115102;Episódico/Epidêmico;Epidêmico;Piorou
3115201;Episódico;Episódico;Se manteve
3115300;Epidêmico;Epidêmico;Se manteve
3115359;Episódico;Episódico;Se manteve
3115409;Episódico;Episódico;Se manteve
3115458;Episódico/Epidêmico;Episódico/Epidêmico;Se manteve
3115474;Episódico/Epidêmico;Episódico/Epidêmico;Se manteve
3115508;Episódico/Epidêmico;Episódico/Epidêmico;Se manteve
3115607;Episódico;Episódico;Se manteve
3115706;Episódico/Epidêmico;Episódico/Epidêmico;Se manteve
3115805;Episódico/Epidêmico;Episódico/Epidêmico;Se manteve
3115904;Episódico;Episódico/Epidêmico;Piorou
3116001;Episódico;Episódico/Epidêmico;Piorou
3116100;Episódico/Epidêmico;Episódico/Epidêmico;Se manteve
3116159;Episódico/Epidêmico;Epidêmico;Piorou
3116209;Episódico;Episódico;Se manteve
3116308;Episódico;Episódico;Se manteve
3116407;Episódico/Epidêmico;Episódico/Epidêmico;Se manteve
3116506;Episódico/Epidêmico;Episódico/Epidêmico;Se manteve
3116605;Episódico/Epidêmico;Episódico/Epidêmico;Se manteve
3116704;Episódico;Episódico;Se manteve
3116803;Episódico;Episódico/Epidêmico;Piorou
3116902;Episódico/Epidêmico;Episódico/Epidêmico;Se manteve
3117009;Episódico/Epidêmico;Episódico;Melhorou
3117108;Episódico/Epidêmico;Episódico/Epidêmico;Se manteve
3117207;Episódico;Episódico;Se manteve
3117306;Episódico/Epidêmico;Epidêmico;Piorou
3117405;Episódico;Episódico;Se manteve
3117504;Episódico/Epidêmico;Epidêmico;Piorou
3117603;Episódico/Epidêmico;Episódico/Epidêmico;Se manteve
3117702;Episódico/Epidêmico;Episódico;Melhorou
3117801;Episódico;Episódico/Epidêmico;Piorou
3117836;Sem transmissão;Sem transmissão;Se manteve
3117876;Episódico/Epidêmico;Episódico/Epidêmico;Se manteve
3117900;Episódico;Episódico/Epidêmico;Piorou
3118007;Episódico/Epidêmico;Episódico/Epidêmico;Se manteve
3118106;Episódico;Episódico;Se manteve
3118205;Episódico/Epidêmico;Episódico/Epidêmico;Se manteve
3118304;Episódico/Epidêmico;Epidêmico;Piorou
3118403;Episódico/Epidêmico;Episódico/Epidêmico;Se manteve
3118502;Sem transmissão;Sem transmissão;Se manteve
3118601;Transmissão Persistente;Transmissão Persistente;Se manteve
3118700;Episódico;Episódico;Se manteve
3118809;Episódico;Episódico/Epidêmico;Piorou
3118908;Episódico/Epidêmico;Episódico/Epidêmico;Se manteve
3119005;Episódico/Epidêmico;Episódico;Melhorou
3119104;Epidêmico;Episódico/Epidêmico;Melhorou
3119203;Episódico/Epidêmico;Episódico/Epidêmico;Se manteve
3119302;Episódico/Epidêmico;Episódico/Epidêmico;Se manteve
3119401;Epidêmico;Epidêmico;Se manteve
3119500;Episódico;Episódico;Se manteve
3119609;Episódico;Episódico;Se manteve
3119708;Episódico;Episódico;Se manteve
3119807;Episódico;Episódico;Se manteve
3119906;Episódico;Episódico;Se manteve
3119955;Episódico/Epidêmico;Episódico/Epidêmico;Se manteve
3120003;Episódico;Episódico;Se manteve
3120102;Episódico;Episódico/Epidêmico;Piorou
3120151;Episódico/Epidêmico;Episódico;Melhorou
3120201;Episódico/Epidêmico;Episódico/Epidêmico;Se manteve
3120300;Episódico;Episódico;Se manteve
3120409;Episódico;Episódico;Se manteve
3120508;Episódico/Epidêmico;Episódico;Melhorou
3120607;Episódico/Epidêmico;Episódico/Epidêmico;Se manteve
3120706;Episódico;Episódico/Epidêmico;Piorou
3120805;Episódico/Epidêmico;Episódico/Epidêmico;Se manteve
3120839;Episódico/Epidêmico;Episódico/Epidêmico;Se manteve
3120870;Episódico/Epidêmico;Episódico;Melhorou
3120904;Epidêmico;Epidêmico;Se manteve
3121001;Episódico;Episódico/Epidêmico;Piorou
3121100;Episódico;Episódico;Se manteve
3121209;Episódico/Epidêmico;Episódico/Epidêmico;Se manteve
3121258;Episódico/Epidêmico;Episódico/Epidêmico;Se manteve
3121308;Episódico;Episódico/Epidêmico;Piorou
3121407;Episódico;Episódico;Se manteve
3121506;Episódico;Episódico;Se manteve
3121605;Episódico/Epidêmico;Episódico/Epidêmico;Se manteve
3121704;Sem transmissão;Episódico;Piorou
3121803;Episódico;Episódico/Epidêmico;Piorou
3121902;Episódico/Epidêmico;Episódico;Melhorou
3122009;Episódico;Episódico/Epidêmico;Piorou
3122108;Episódico/Epidêmico;Episódico/Epidêmico;Se manteve
3122207;Episódico;Episódico/Epidêmico;Piorou
3122306;Epidêmico;Epidêmico;Se manteve
3122355;Episódico/Epidêmico;Episódico;Melhorou
3122405;Episódico/Epidêmico;Episódico/Epidêmico;Se manteve
3122454;Episódico;Episódico/Epidêmico;Piorou
3122470;Episódico/Epidêmico;Episódico/Epidêmico;Se manteve
3122504;Episódico;Episódico;Se manteve
3122603;Episódico;Episódico;Se manteve
3122702;Episódico;Episódico;Se manteve
3122801;Episódico;Episódico;Se manteve
3122900;Episódico/Epidêmico;Episódico/Epidêmico;Se manteve
3123007;Episódico;Episódico;Se manteve
3123106;Episódico;Episódico;Se manteve
3123205;Episódico/Epidêmico;Episódico/Epidêmico;Se manteve
3123304;Episódico;Episódico;Se manteve
3123403;Episódico/Epidêmico;Episódico/Epidêmico;Se manteve
3123502;Episódico/Epidêmico;Episódico/Epidêmico;Se manteve
3123528;Episódico;Episódico;Se manteve
3123601;Episódico/Epidêmico;Episódico;Melhorou
3123700;Episódico/Epidêmico;Episódico/Epidêmico;Se manteve
3123809;Episódico/Epidêmico;Episódico/Epidêmico;Se manteve
3123858;Episódico;Episódico/Epidêmico;Piorou
3123908;Episódico/Epidêmico;Episódico/Epidêmico;Se manteve
3124005;Episódico/Epidêmico;Episódico;Melhorou
3124104;Episódico/Epidêmico;Epidêmico;Piorou
3124203;Episódico/Epidêmico;Episódico/Epidêmico;Se manteve
3124302;Episódico/Epidêmico;Episódico/Epidêmico;Se manteve
3124401;Episódico;Sem transmissão;Melhorou
3124500;Episódico;Episódico;Se manteve
3124609;Episódico;Episódico;Se manteve
3124708;Episódico/Epidêmico;Episódico/Epidêmico;Se manteve
3124807;Episódico;Episódico/Epidêmico;Piorou
3124906;Episódico/Epidêmico;Episódico/Epidêmico;Se manteve
3125002;Episódico;Episódico;Se manteve
3125101;Episódico;Episódico;Se manteve
3125200;Episódico/Epidêmico;Episódico;Melhorou
3125309;Episódico;Episódico;Se manteve
3125408;Episódico;Episódico;Se manteve
3125507;Episódico;Episódico;Se manteve
3125606;Episódico/Epidêmico;Episódico/Epidêmico;Se manteve
3125705;Epidêmico;Epidêmico;Se manteve
3125804;Episódico/Epidêmico;Episódico;Melhorou
3125903;Episódico;Episódico/Epidêmico;Piorou
3125952;Episódico/Epidêmico;Episódico;Melhorou
3126000;Episódico/Epidêmico;Episódico;Melhorou
3126109;Epidêmico;Epidêmico;Se manteve
3126208;Episódico;Episódico/Epidêmico;Piorou
3126307;Episódico/Epidêmico;Episódico/Epidêmico;Se manteve
3126406;Episódico/Epidêmico;Episódico/Epidêmico;Se manteve
3126505;Episódico;Episódico/Epidêmico;Piorou
3126604;Episódico/Epidêmico;Episódico/Epidêmico;Se manteve
3126703;Episódico/Epidêmico;Episódico/Epidêmico;Se manteve
3126752;Episódico/Epidêmico;Episódico/Epidêmico;Se manteve
3126802;Episódico/Epidêmico;Episódico/Epidêmico;Se manteve
3126901;Episódico;Episódico;Se manteve
3126950;Episódico;Episódico;Se manteve
3127008;Epidêmico;Episódico/Epidêmico;Melhorou
3127057;Episódico;Episódico/Epidêmico;Piorou
3127073;Episódico;Episódico/Epidêmico;Piorou
3127107;Epidêmico;Epidêmico;Se manteve
3127206;Episódico;Episódico/Epidêmico;Piorou
3127305;Episódico;Episódico/Epidêmico;Piorou
3127339;Episódico;Episódico/Epidêmico;Piorou
3127354;Episódico/Epidêmico;Episódico/Epidêmico;Se manteve
3127370;Episódico;Episódico;Se manteve
3127388;Episódico/Epidêmico;Episódico;Melhorou
3127404;Episódico;Episódico;Se manteve
3127503;Episódico;Episódico/Epidêmico;Piorou
3127602;Episódico/Epidêmico;Episódico/Epidêmico;Se manteve
3127701;Epidêmico;Epidêmico;Se manteve
3127800;Episódico;Episódico;Se manteve
3127909;Episódico/Epidêmico;Episódico/Epidêmico;Se manteve
3128006;Episódico/Epidêmico;Episódico/Epidêmico;Se manteve
3128105;Episódico/Epidêmico;Episódico/Epidêmico;Se manteve
3128204;Episódico;Episódico;Se manteve
3128253;Episódico/Epidêmico;Episódico/Epidêmico;Se manteve
3128303;Episódico/Epidêmico;Episódico/Epidêmico;Se manteve
3128402;Episódico/Epidêmico;Episódico/Epidêmico;Se manteve
3128501;Episódico/Epidêmico;Episódico/Epidêmico;Se manteve
3128600;Episódico/Epidêmico;Episódico/Epidêmico;Se manteve
3128709;Episódico/Epidêmico;Episódico/Epidêmico;Se manteve
3128808;Episódico/Epidêmico;Episódico/Epidêmico;Se manteve
3128907;Episódico/Epidêmico;Episódico/Epidêmico;Se manteve
3129004;Episódico/Epidêmico;Episódico/Epidêmico;Se manteve
3129103;Episódico/Epidêmico;Episódico/Epidêmico;Se manteve
3129202;Episódico/Epidêmico;Episódico;Melhorou
3129301;Episódico;Episódico;Se manteve
3129400;Episódico;Episódico;Se manteve
3129509;Episódico/Epidêmico;Epidêmico;Piorou
3129608;Episódico/Epidêmico;Episódico/Epidêmico;Se manteve
3129657;Episódico/Epidêmico;Episódico/Epidêmico;Se manteve
3129707;Episódico/Epidêmico;Episódico/Epidêmico;Se manteve
3129806;Epidêmico;Epidêmico;Se manteve
3129905;Episódico;Episódico;Se manteve
3130002;Episódico;Episódico;Se manteve
3130051;Episódico/Epidêmico;Episódico/Epidêmico;Se manteve
3130101;Episódico/Epidêmico;Episódico/Epidêmico;Se manteve
3130200;Episódico/Epidêmico;Episódico/Epidêmico;Se manteve
3130309;Episódico/Epidêmico;Episódico/Epidêmico;Se manteve
3130408;Episódico/Epidêmico;Episódico/Epidêmico;Se manteve
3130507;Episódico/Epidêmico;Episódico/Epidêmico;Se manteve
3130556;Episódico;Episódico/Epidêmico;Piorou
3130606;Episódico;Episódico/Epidêmico;Piorou
3130655;Episódico/Epidêmico;Episódico;Melhorou
3130705;Episódico/Epidêmico;Episódico/Epidêmico;Se manteve
3130804;Episódico;Episódico;Se manteve
3130903;Episódico/Epidêmico;Episódico/Epidêmico;Se manteve
3131000;Episódico/Epidêmico;Episódico/Epidêmico;Se manteve
3131109;Episódico/Epidêmico;Episódico/Epidêmico;Se manteve
3131158;Episódico/Epidêmico;Episódico/Epidêmico;Se manteve
3131208;Episódico/Epidêmico;Episódico/Epidêmico;Se manteve
3131307;Epidêmico;Epidêmico;Se manteve
3131406;Episódico/Epidêmico;Episódico/Epidêmico;Se manteve
3131505;Episódico;Episódico;Se manteve
3131604;Episódico/Epidêmico;Episódico/Epidêmico;Se manteve
3131703;Epidêmico;Epidêmico;Se manteve
3131802;Episódico/Epidêmico;Episódico/Epidêmico;Se manteve
3131901;Episódico/Epidêmico;Episódico/Epidêmico;Se manteve
3132008;Episódico;Episódico;Se manteve
3132107;Episódico/Epidêmico;Episódico/Epidêmico;Se manteve
3132206;Episódico/Epidêmico;Episódico/Epidêmico;Se manteve
3132305;Episódico/Epidêmico;Episódico/Epidêmico;Se manteve
3132404;Episódico/Epidêmico;Epidêmico;Piorou
3132503;Episódico/Epidêmico;Episódico/Epidêmico;Se manteve
3132602;Episódico/Epidêmico;Episódico/Epidêmico;Se manteve
3132701;Epidêmico;Episódico/Epidêmico;Melhorou
3132800;Episódico;Sem transmissão;Melhorou
3132909;Episódico/Epidêmico;Episódico/Epidêmico;Se manteve
3133006;Episódico/Epidêmico;Episódico/Epidêmico;Se manteve
3133105;Episódico/Epidêmico;Episódico/Epidêmico;Se manteve
3133204;Episódico/Epidêmico;Episódico;Melhorou
3133303;Episódico/Epidêmico;Episódico/Epidêmico;Se manteve
3133402;Episódico/Epidêmico;Epidêmico;Piorou
3133501;Episódico/Epidêmico;Episódico/Epidêmico;Se manteve
3133600;Episódico;Episódico;Se manteve
3133709;Episódico/Epidêmico;Episódico/Epidêmico;Se manteve
3133758;Episódico/Epidêmico;Episódico/Epidêmico;Se manteve
3133808;Epidêmico;Episódico/Epidêmico;Melhorou
3133907;Episódico;Episódico;Se manteve
3134004;Episódico/Epidêmico;Episódico/Epidêmico;Se manteve
3134103;Episódico/Epidêmico;Episódico/Epidêmico;Se manteve
3134202;Epidêmico;Epidêmico;Se manteve
3134301;Episódico;Episódico;Se manteve
3134400;Episódico/Epidêmico;Epidêmico;Piorou
3134509;Episódico;Episódico;Se manteve
3134608;Episódico/Epidêmico;Episódico/Epidêmico;Se manteve
3134707;Episódico/Epidêmico;Episódico/Epidêmico;Se manteve
3134806;Episódico/Epidêmico;Episódico/Epidêmico;Se manteve
3134905;Episódico/Epidêmico;Episódico/Epidêmico;Se manteve
3135001;Episódico/Epidêmico;Episódico;Melhorou
3135050;Episódico;Episódico/Epidêmico;Piorou
3135076;Episódico/Epidêmico;Episódico;Melhorou
3135100;Epidêmico;Epidêmico;Se manteve
3135209;Episódico/Epidêmico;Episódico/Epidêmico;Se manteve
3135308;Episódico/Epidêmico;Episódico;Melhorou
3135357;Episódico/Epidêmico;Episódico/Epidêmico;Se manteve
3135407;Episódico;Episódico;Se manteve
3135456;Episódico;Episódico/Epidêmico;Piorou
3135506;Episódico/Epidêmico;Episódico/Epidêmico;Se manteve
3135605;Episódico/Epidêmico;Episódico/Epidêmico;Se manteve
3135704;Episódico/Epidêmico;Episódico;Melhorou
3135803;Episódico/Epidêmico;Episódico/Epidêmico;Se manteve
3135902;Episódico;Episódico;Se manteve
3136009;Episódico;Episódico;Se manteve
3136108;Episódico/Epidêmico;Episódico/Epidêmico;Se manteve
3136207;Episódico/Epidêmico;Episódico/Epidêmico;Se manteve
3136306;Epidêmico;Epidêmico;Se manteve
3136405;Episódico;Episódico/Epidêmico;Piorou
3136504;Episódico/Epidêmico;Episódico;Melhorou
3136520;Episódico;Episódico;Se manteve
3136553;Episódico;Episódico/Epidêmico;Piorou
3136579;Episódico;Episódico;Se manteve
3136603;Episódico/Epidêmico;Episódico/Epidêmico;Se manteve
3136652;Episódico/Epidêmico;Episódico/Epidêmico;Se manteve
3136702;Epidêmico;Epidêmico;Se manteve
3136801;Episódico;Episódico;Se manteve
3136900;Episódico;Episódico/Epidêmico;Piorou
3136959;Episódico/Epidêmico;Episódico/Epidêmico;Se manteve
3137007;Episódico/Epidêmico;Episódico;Melhorou
3137106;Episódico/Epidêmico;Episódico/Epidêmico;Se manteve
3137205;Epidêmico;Epidêmico;Se manteve
3137304;Episódico/Epidêmico;Episódico;Melhorou
3137403;Episódico/Epidêmico;Episódico/Epidêmico;Se manteve
3137502;Episódico/Epidêmico;Episódico/Epidêmico;Se manteve
3137536;Episódico/Epidêmico;Epidêmico;Piorou
3137601;Epidêmico;Epidêmico;Se manteve
3137700;Episódico/Epidêmico;Episódico/Epidêmico;Se manteve
3137809;Episódico/Epidêmico;Episódico;Melhorou
3137908;Episódico;Episódico;Se manteve
3138005;Episódico/Epidêmico;Episódico/Epidêmico;Se manteve
3138104;Episódico/Epidêmico;Episódico/Epidêmico;Se manteve
3138203;Epidêmico;Episódico/Epidêmico;Melhorou
3138302;Episódico/Epidêmico;Episódico/Epidêmico;Se manteve
3138351;Episódico/Epidêmico;Episódico/Epidêmico;Se manteve
3138401;Epidêmico;Episódico/Epidêmico;Melhorou
3138500;Episódico;Episódico;Se manteve
3138609;Episódico/Epidêmico;Episódico/Epidêmico;Se manteve
3138625;Episódico/Epidêmico;Epidêmico;Piorou
3138658;Episódico/Epidêmico;Episódico/Epidêmico;Se manteve
3138674;Episódico;Episódico;Se manteve
3138682;Episódico;Episódico/Epidêmico;Piorou
3138708;Episódico;Episódico;Se manteve
3138807;Episódico/Epidêmico;Episódico/Epidêmico;Se manteve
3138906;Episódico/Epidêmico;Episódico/Epidêmico;Se manteve
3139003;Episódico/Epidêmico;Episódico/Epidêmico;Se manteve
3139102;Episódico;Episódico;Se manteve
3139201;Episódico/Epidêmico;Episódico/Epidêmico;Se manteve
3139250;Episódico/Epidêmico;Episódico/Epidêmico;Se manteve
3139300;Episódico/Epidêmico;Episódico/Epidêmico;Se manteve
3139409;Epidêmico;Epidêmico;Se manteve
3139508;Episódico/Epidêmico;Episódico/Epidêmico;Se manteve
3139607;Episódico/Epidêmico;Episódico/Epidêmico;Se manteve
3139706;Episódico/Epidêmico;Episódico/Epidêmico;Se manteve
3139805;Episódico/Epidêmico;Episódico/Epidêmico;Se manteve
3139904;Episódico;Episódico;Se manteve
3140001;Episódico/Epidêmico;Episódico/Epidêmico;Se manteve
3140100;Episódico/Epidêmico;Episódico/Epidêmico;Se manteve
3140159;Episódico/Epidêmico;Episódico/Epidêmico;Se manteve
3140209;Episódico/Epidêmico;Episódico;Melhorou
3140308;Episódico;Episódico/Epidêmico;Piorou
3140407;Episódico;Episódico;Se manteve
3140506;Episódico/Epidêmico;Episódico/Epidêmico;Se manteve
3140530;Episódico/Epidêmico;Episódico;Melhorou
3140555;Episódico/Epidêmico;Episódico/Epidêmico;Se manteve
3140605;Episódico;Episódico;Se manteve
3140704;Epidêmico;Episódico/Epidêmico;Melhorou
3140803;Episódico/Epidêmico;Episódico/Epidêmico;Se manteve
3140852;Episódico/Epidêmico;Episódico/Epidêmico;Se manteve
3140902;Episódico/Epidêmico;Episódico;Melhorou
3141009;Episódico/Epidêmico;Episódico/Epidêmico;Se manteve
3141108;Episódico/Epidêmico;Episódico/Epidêmico;Se manteve
3141207;Episódico/Epidêmico;Episódico/Epidêmico;Se manteve
3141306;Episódico;Episódico;Se manteve
3141405;Episódico/Epidêmico;Episódico/Epidêmico;Se manteve
3141504;Episódico;Episódico;Se manteve
3141603;Episódico;Episódico;Se manteve
3141702;Episódico/Epidêmico;Episódico/Epidêmico;Se manteve
3141801;Episódico/Epidêmico;Episódico/Epidêmico;Se manteve
3141900;Episódico;Episódico;Se manteve
3142007;Episódico/Epidêmico;Episódico/Epidêmico;Se manteve
3142106;Episódico/Epidêmico;Episódico/Epidêmico;Se manteve
3142205;Episódico/Epidêmico;Episódico/Epidêmico;Se manteve
3142254;Episódico;Episódico/Epidêmico;Piorou
3142304;Episódico/Epidêmico;Episódico/Epidêmico;Se manteve
3142403;Episódico/Epidêmico;Episódico;Melhorou
3142502;Episódico/Epidêmico;Episódico/Epidêmico;Se manteve
3142601;Episódico/Epidêmico;Episódico/Epidêmico;Se manteve
3142700;Epidêmico;Epidêmico;Se manteve
3142809;Episódico/Epidêmico;Episódico/Epidêmico;Se manteve
3142908;Episódico/Epidêmico;Episódico/Epidêmico;Se manteve
3143005;Episódico;Episódico/Epidêmico;Piorou
3143104;Epidêmico;Epidêmico;Se manteve
3143153;Episódico;Episódico;Se manteve
3143203;Episódico/Epidêmico;Episódico/Epidêmico;Se manteve
3143302;Epidêmico;Transmissão Persistente;Piorou
3143401;Episódico/Epidêmico;Episódico/Epidêmico;Se manteve
3143450;Episódico;Episódico;Se manteve
3143500;Episódico/Epidêmico;Epidêmico;Piorou
3143609;Episódico/Epidêmico;Episódico/Epidêmico;Se manteve
3143708;Episódico;Episódico;Se manteve
3143807;Episódico;Episódico;Se manteve
3143906;Epidêmico;Epidêmico;Se manteve
3144003;Episódico/Epidêmico;Episódico/Epidêmico;Se manteve
3144102;Episódico/Epidêmico;Episódico/Epidêmico;Se manteve
3144201;Episódico;Episódico;Se manteve
3144300;Episódico/Epidêmico;Episódico/Epidêmico;Se manteve
3144359;Episódico/Epidêmico;Episódico/Epidêmico;Se manteve
3144375;Episódico/Epidêmico;Episódico/Epidêmico;Se manteve
3144409;Episódico;Episódico;Se manteve
3144508;Episódico;Episódico/Epidêmico;Piorou
3144607;Episódico/Epidêmico;Episódico/Epidêmico;Se manteve
3144656;Episódico/Epidêmico;Episódico;Melhorou
3144672;Episódico;Episódico;Se manteve
3144706;Episódico/Epidêmico;Episódico/Epidêmico;Se manteve
3144805;Epidêmico;Epidêmico;Se manteve
3144904;Episódico;Episódico/Epidêmico;Piorou
3145000;Episódico/Epidêmico;Episódico/Epidêmico;Se manteve
3145059;Episódico/Epidêmico;Episódico/Epidêmico;Se manteve
3145109;Episódico;Episódico;Se manteve
3145208;Epidêmico;Epidêmico;Se manteve
3145307;Episódico/Epidêmico;Episódico/Epidêmico;Se manteve
3145356;Episódico/Epidêmico;Episódico/Epidêmico;Se manteve
3145372;Episódico;Episódico;Se manteve
3145406;Episódico;Episódico;Se manteve
3145455;Episódico;Episódico/Epidêmico;Piorou
3145505;Sem transmissão;Episódico;Piorou
3145604;Episódico/Epidêmico;Episódico/Epidêmico;Se manteve
3145703;Episódico;Episódico;Se manteve
3145802;Episódico;Episódico/Epidêmico;Piorou
3145851;Episódico;Episódico;Se manteve
3145877;Episódico;Episódico;Se manteve
3145901;Episódico/Epidêmico;Episódico/Epidêmico;Se manteve
3146008;Episódico;Episódico/Epidêmico;Piorou
3146107;Episódico/Epidêmico;Episódico/Epidêmico;Se manteve
3146206;Episódico/Epidêmico;Episódico/Epidêmico;Se manteve
3146255;Episódico/Epidêmico;Episódico/Epidêmico;Se manteve
3146305;Episódico/Epidêmico;Episódico/Epidêmico;Se manteve
3146404;Episódico/Epidêmico;Episódico/Epidêmico;Se manteve
3146503;Episódico/Epidêmico;Episódico/Epidêmico;Se manteve
3146552;Episódico;Episódico/Epidêmico;Piorou
3146602;Episódico;Episódico;Se manteve
3146701;Episódico/Epidêmico;Episódico/Epidêmico;Se manteve
3146750;Episódico;Episódico;Se manteve
3146909;Episódico/Epidêmico;Episódico/Epidêmico;Se manteve
3147006;Epidêmico;Epidêmico;Se manteve
3147105;Epidêmico;Epidêmico;Se manteve
3147204;Episódico/Epidêmico;Episódico/Epidêmico;Se manteve
3147303;Episódico/Epidêmico;Episódico/Epidêmico;Se manteve
3147402;Epidêmico;Epidêmico;Se manteve
3147501;Episódico;Episódico;Se manteve
3147600;Episódico/Epidêmico;Episódico/Epidêmico;Se manteve
3147709;Episódico/Epidêmico;Episódico/Epidêmico;Se manteve
3147808;Episódico;Episódico;Se manteve
3147907;Epidêmico;Epidêmico;Se manteve
3147956;Episódico;Episódico;Se manteve
3148004;Epidêmico;Epidêmico;Se manteve
3148103;Episódico/Epidêmico;Epidêmico;Piorou
3148202;Episódico/Epidêmico;Episódico;Melhorou
3148301;Episódico;Episódico;Se manteve
3148400;Episódico;Episódico;Se manteve
3148509;Episódico/Epidêmico;Episódico;Melhorou
3148608;Episódico;Episódico/Epidêmico;Piorou
3148707;Episódico/Epidêmico;Episódico/Epidêmico;Se manteve
3148756;Episódico;Episódico;Se manteve
3148806;Episódico;Episódico/Epidêmico;Piorou
3148905;Episódico/Epidêmico;Episódico/Epidêmico;Se manteve
3149002;Episódico;Episódico;Se manteve
3149101;Episódico/Epidêmico;Episódico;Melhorou
3149150;Episódico/Epidêmico;Episódico;Melhorou
3149200;Episódico/Epidêmico;Episódico/Epidêmico;Se manteve
3149309;Episódico/Epidêmico;Epidêmico;Piorou
3149408;Episódico;Episódico;Se manteve
3149507;Episódico/Epidêmico;Episódico/Epidêmico;Se manteve
3149606;Episódico/Epidêmico;Episódico/Epidêmico;Se manteve
3149705;Episódico/Epidêmico;Episódico/Epidêmico;Se manteve
3149804;Episódico/Epidêmico;Episódico/Epidêmico;Se manteve
3149903;Episódico/Epidêmico;Episódico/Epidêmico;Se manteve
3149952;Episódico/Epidêmico;Episódico;Melhorou
3150000;Episódico/Epidêmico;Episódico/Epidêmico;Se manteve
3150109;Episódico;Episódico/Epidêmico;Piorou
3150158;Episódico/Epidêmico;Episódico/Epidêmico;Se manteve
3150208;Episódico;Episódico;Se manteve
3150307;Episódico;Episódico;Se manteve
3150406;Episódico;Episódico;Se manteve
3150505;Episódico/Epidêmico;Episódico/Epidêmico;Se manteve
3150539;Episódico/Epidêmico;Episódico/Epidêmico;Se manteve
3150570;Episódico;Episódico;Se manteve
3150604;Episódico;Episódico;Se manteve
3150703;Episódico/Epidêmico;Epidêmico;Piorou
3150802;Episódico;Episódico;Se manteve
3150901;Episódico;Episódico;Se manteve
3151008;Episódico;Episódico;Se manteve
3151107;Episódico/Epidêmico;Episódico/Epidêmico;Se manteve
3151206;Episódico/Epidêmico;Episódico/Epidêmico;Se manteve
3151305;Episódico/Epidêmico;Episódico/Epidêmico;Se manteve
3151404;Episódico/Epidêmico;Episódico/Epidêmico;Se manteve
3151503;Episódico/Epidêmico;Epidêmico;Piorou
3151602;Episódico/Epidêmico;Epidêmico;Piorou
3151701;Episódico/Epidêmico;Episódico;Melhorou
3151800;Episódico/Epidêmico;Episódico/Epidêmico;Se manteve
3151909;Episódico;Episódico/Epidêmico;Piorou
3152006;Epidêmico;Episódico/Epidêmico;Melhorou
3152105;Episódico/Epidêmico;Epidêmico;Piorou
3152131;Sem transmissão;Sem transmissão;Se manteve
3152170;Episódico/Epidêmico;Episódico/Epidêmico;Se manteve
3152204;Episódico/Epidêmico;Epidêmico;Piorou
3152303;Episódico;Episódico;Se manteve
3152402;Episódico/Epidêmico;Episódico/Epidêmico;Se manteve
3152501;Episódico/Epidêmico;Episódico/Epidêmico;Se manteve
3152600;Episódico;Episódico;Se manteve
3152709;Episódico/Epidêmico;Episódico/Epidêmico;Se manteve
3152808;Episódico/Epidêmico;Epidêmico;Piorou
3152907;Episódico/Epidêmico;Episódico/Epidêmico;Se manteve
3153004;Episódico/Epidêmico;Episódico/Epidêmico;Se manteve
3153103;Episódico;Episódico;Se manteve
3153202;Episódico/Epidêmico;Episódico/Epidêmico;Se manteve
3153301;Episódico;Episódico;Se manteve
3153400;Episódico/Epidêmico;Episódico/Epidêmico;Se manteve
3153509;Episódico;Episódico/Epidêmico;Piorou
3153608;Episódico/Epidêmico;Episódico/Epidêmico;Se manteve
3153707;Episódico/Epidêmico;Episódico/Epidêmico;Se manteve
3153806;Episódico;Episódico;Se manteve
3153905;Episódico;Episódico/Epidêmico;Piorou
3154002;Episódico/Epidêmico;Episódico/Epidêmico;Se manteve
3154101;Epidêmico;Episódico/Epidêmico;Melhorou
3154150;Episódico;Episódico;Se manteve
3154200;Episódico;Episódico;Se manteve
3154309;Episódico/Epidêmico;Episódico/Epidêmico;Se manteve
3154408;Episódico;Sem transmissão;Melhorou
3154457;Episódico;Episódico/Epidêmico;Piorou
3154507;Episódico/Epidêmico;Episódico/Epidêmico;Se manteve
3154606;Epidêmico;Epidêmico;Se manteve
3154705;Episódico/Epidêmico;Episódico/Epidêmico;Se manteve
3154804;Episódico/Epidêmico;Episódico/Epidêmico;Se manteve
3154903;Episódico/Epidêmico;Episódico/Epidêmico;Se manteve
3155009;Episódico;Episódico;Se manteve
3155108;Episódico;Episódico/Epidêmico;Piorou
3155207;Episódico;Episódico;Se manteve
3155306;Episódico;Episódico/Epidêmico;Piorou
3155405;Episódico/Epidêmico;Episódico/Epidêmico;Se manteve
3155504;Episódico/Epidêmico;Episódico/Epidêmico;Se manteve
3155603;Episódico/Epidêmico;Episódico/Epidêmico;Se manteve
3155702;Episódico;Episódico/Epidêmico;Piorou
3155801;Episódico/Epidêmico;Episódico/Epidêmico;Se manteve
3155900;Episódico;Episódico;Se manteve
3156007;Episódico;Episódico;Se manteve
3156106;Episódico;Episódico/Epidêmico;Piorou
3156205;Episódico;Episódico;Se manteve
3156304;Episódico;Episódico/Epidêmico;Piorou
3156403;Episódico/Epidêmico;Episódico/Epidêmico;Se manteve
3156452;Episódico;Episódico;Se manteve
3156502;Episódico/Epidêmico;Episódico/Epidêmico;Se manteve
3156601;Episódico/Epidêmico;Episódico;Melhorou
3156700;Epidêmico;Epidêmico;Se manteve
3156809;Episódico;Episódico/Epidêmico;Piorou
3156908;Epidêmico;Epidêmico;Se manteve
3157005;Episódico/Epidêmico;Episódico/Epidêmico;Se manteve
3157104;Episódico/Epidêmico;Episódico/Epidêmico;Se manteve
3157203;Episódico/Epidêmico;Episódico/Epidêmico;Se manteve
3157252;Episódico;Episódico;Se manteve
3157278;Episódico;Episódico;Se manteve
3157302;Episódico;Episódico;Se manteve
3157336;Episódico/Epidêmico;Episódico/Epidêmico;Se manteve
3157377;Episódico;Episódico/Epidêmico;Piorou
3157401;Episódico;Episódico;Se manteve
3157500;Episódico;Episódico;Se manteve
3157609;Episódico/Epidêmico;Episódico/Epidêmico;Se manteve
3157658;Episódico;Episódico/Epidêmico;Piorou
3157708;Episódico/Epidêmico;Episódico/Epidêmico;Se manteve
3157807;Epidêmico;Epidêmico;Se manteve
3157906;Episódico/Epidêmico;Episódico;Melhorou
3158003;Episódico;Episódico;Se manteve
3158102;Episódico;Episódico;Se manteve
3158201;Episódico/Epidêmico;Episódico/Epidêmico;Se manteve
3158300;Episódico;Episódico/Epidêmico;Piorou
3158409;Episódico/Epidêmico;Episódico/Epidêmico;Se manteve
3158508;Episódico/Epidêmico;Episódico/Epidêmico;Se manteve
3158607;Episódico;Episódico;Se manteve
3158706;Episódico;Sem transmissão;Melhorou
3158805;Episódico/Epidêmico;Episódico;Melhorou
3158904;Episódico;Episódico/Epidêmico;Piorou
3158953;Episódico/Epidêmico;Episódico/Epidêmico;Se manteve
3159001;Episódico/Epidêmico;Episódico/Epidêmico;Se manteve
3159100;Sem transmissão;Episódico;Piorou
3159209;Episódico;Episódico;Se manteve
3159308;Episódico;Episódico;Se manteve
3159357;Episódico;Episódico;Se manteve
3159407;Episódico;Sem transmissão;Melhorou
3159506;Episódico;Episódico;Se manteve
3159605;Episódico/Epidêmico;Episódico/Epidêmico;Se manteve
3159704;Episódico/Epidêmico;Episódico/Epidêmico;Se manteve
3159803;Epidêmico;Epidêmico;Se manteve
3159902;Episódico/Epidêmico;Episódico/Epidêmico;Se manteve
3160009;Episódico;Episódico;Se manteve
3160108;Episódico/Epidêmico;Episódico/Epidêmico;Se manteve
3160207;Sem transmissão;Episódico/Epidêmico;Piorou
3160306;Episódico/Epidêmico;Episódico/Epidêmico;Se manteve
3160405;Episódico/Epidêmico;Epidêmico;Piorou
3160454;Episódico;Episódico;Se manteve
3160504;Sem transmissão;Sem transmissão;Se manteve
3160603;Episódico;Episódico;Se manteve
3160702;Episódico/Epidêmico;Episódico/Epidêmico;Se manteve
3160801;Episódico;Sem transmissão;Melhorou
3160900;Episódico;Episódico;Se manteve
3160959;Episódico;Episódico;Se manteve
3161007;Episódico/Epidêmico;Episódico;Melhorou
3161056;Episódico;Episódico;Se manteve
3161106;Epidêmico;Episódico/Epidêmico;Melhorou
3161205;Episódico/Epidêmico;Episódico;Melhorou
3161304;Episódico/Epidêmico;Episódico/Epidêmico;Se manteve
3161403;Episódico;Episódico;Se manteve
3161502;Episódico/Epidêmico;Episódico/Epidêmico;Se manteve
3161601;Episódico/Epidêmico;Episódico;Melhorou
3161650;Episódico;Episódico;Se manteve
3161700;Episódico/Epidêmico;Episódico/Epidêmico;Se manteve
3161809;Episódico/Epidêmico;Episódico/Epidêmico;Se manteve
3161908;Episódico;Epidêmico;Piorou
3162005;Episódico/Epidêmico;Episódico/Epidêmico;Se manteve
3162104;Episódico/Epidêmico;Episódico/Epidêmico;Se manteve
3162203;Episódico/Epidêmico;Episódico/Epidêmico;Se manteve
3162252;Episódico/Epidêmico;Episódico/Epidêmico;Se manteve
3162302;Episódico;Episódico;Se manteve
3162401;Episódico/Epidêmico;Episódico/Epidêmico;Se manteve
3162450;Episódico/Epidêmico;Episódico/Epidêmico;Se manteve
3162500;Episódico/Epidêmico;Epidêmico;Piorou
3162559;Episódico;Episódico;Se manteve
3162575;Episódico;Episódico/Epidêmico;Piorou
3162609;Episódico;Episódico;Se manteve
3162658;Episódico;Episódico/Epidêmico;Piorou
3162708;Episódico/Epidêmico;Episódico/Epidêmico;Se manteve
3162807;Episódico/Epidêmico;Episódico;Melhorou
3162906;Episódico/Epidêmico;Episódico/Epidêmico;Se manteve
3162922;Episódico/Epidêmico;Episódico/Epidêmico;Se manteve
3162948;Episódico/Epidêmico;Episódico/Epidêmico;Se manteve
3162955;Episódico;Episódico/Epidêmico;Piorou
3163003;Episódico/Epidêmico;Episódico/Epidêmico;Se manteve
3163102;Episódico;Episódico/Epidêmico;Piorou
3163201;Episódico;Episódico;Se manteve
3163300;Episódico;Episódico;Se manteve
3163409;Episódico/Epidêmico;Episódico/Epidêmico;Se manteve
3163508;Episódico;Episódico;Se manteve
3163607;Episódico;Episódico;Se manteve
3163706;Episódico/Epidêmico;Episódico/Epidêmico;Se manteve
3163805;Episódico;Episódico;Se manteve
3163904;Episódico/Epidêmico;Episódico/Epidêmico;Se manteve
3164001;Episódico/Epidêmico;Episódico/Epidêmico;Se manteve
3164100;Episódico;Episódico;Se manteve
3164209;Episódico/Epidêmico;Episódico;Melhorou
3164308;Episódico;Episódico/Epidêmico;Piorou
3164407;Episódico;Episódico;Se manteve
3164431;Episódico;Episódico;Se manteve
3164472;Episódico;Episódico;Se manteve
3164506;Episódico;Episódico;Se manteve
3164605;Episódico/Epidêmico;Episódico/Epidêmico;Se manteve
3164704;Epidêmico;Epidêmico;Se manteve
3164803;Sem transmissão;Sem transmissão;Se manteve
3164902;Episódico;Episódico;Se manteve
3165008;Episódico/Epidêmico;Episódico/Epidêmico;Se manteve
3165107;Episódico/Epidêmico;Episódico/Epidêmico;Se manteve
3165206;Episódico/Epidêmico;Episódico;Melhorou
3165305;Episódico;Episódico;Se manteve
3165404;Episódico;Episódico;Se manteve
3165503;Episódico;Episódico;Se manteve
3165537;Epidêmico;Epidêmico;Se manteve
3165552;Episódico/Epidêmico;Episódico/Epidêmico;Se manteve
3165560;Episódico;Episódico;Se manteve
3165578;Episódico;Episódico;Se manteve
3165602;Episódico;Episódico;Se manteve
3165701;Episódico;Episódico/Epidêmico;Piorou
3165800;Episódico;Episódico;Se manteve
3165909;Episódico;Episódico/Epidêmico;Piorou
3166006;Episódico;Episódico;Se manteve
3166105;Episódico;Episódico;Se manteve
3166204;Episódico/Epidêmico;Episódico;Melhorou
3166303;Episódico;Episódico;Se manteve
3166402;Episódico;Episódico;Se manteve
3166501;Episódico;Episódico;Se manteve
3166600;Episódico;Episódico/Epidêmico;Piorou
3166709;Episódico/Epidêmico;Episódico/Epidêmico;Se manteve
3166808;Episódico/Epidêmico;Episódico/Epidêmico;Se manteve
3166907;Episódico/Epidêmico;Episódico/Epidêmico;Se manteve
3166956;Episódico;Episódico/Epidêmico;Piorou
3167004;Episódico;Episódico;Se manteve
3167103;Episódico/Epidêmico;Episódico/Epidêmico;Se manteve
3167202;Epidêmico;Epidêmico;Se manteve
3167301;Episódico;Episódico;Se manteve
3167400;Episódico;Episódico;Se manteve
3167509;Episódico;Episódico;Se manteve
3167608;Episódico;Episódico/Epidêmico;Piorou
3167707;Episódico/Epidêmico;Episódico/Epidêmico;Se manteve
3167806;Episódico;Episódico;Se manteve
3167905;Episódico/Epidêmico;Episódico/Epidêmico;Se manteve
3168002;Episódico/Epidêmico;Episódico/Epidêmico;Se manteve
3168051;Episódico;Episódico/Epidêmico;Piorou
3168101;Episódico;Episódico;Se manteve
3168200;Episódico;Episódico;Se manteve
3168309;Episódico/Epidêmico;Episódico/Epidêmico;Se manteve
3168408;Episódico/Epidêmico;Episódico;Melhorou
3168507;Episódico;Episódico/Epidêmico;Piorou
3168606;Epidêmico;Epidêmico;Se manteve
3168705;Epidêmico;Epidêmico;Se manteve
3168804;Episódico;Episódico;Se manteve
3168903;Episódico/Epidêmico;Episódico/Epidêmico;Se manteve
3169000;Episódico/Epidêmico;Epidêmico;Piorou
3169059;Episódico;Episódico;Se manteve
3169109;Episódico;Episódico;Se manteve
3169208;Episódico/Epidêmico;Episódico/Epidêmico;Se manteve
3169307;Epidêmico;Episódico/Epidêmico;Melhorou
3169356;Episódico/Epidêmico;Epidêmico;Piorou
3169406;Episódico/Epidêmico;Episódico/Epidêmico;Se manteve
3169505;Episódico/Epidêmico;Episódico/Epidêmico;Se manteve
3169604;Episódico/Epidêmico;Episódico/Epidêmico;Se manteve
3169703;Episódico/Epidêmico;Epidêmico;Piorou
3169802;Episódico;Episódico;Se manteve
3169901;Epidêmico;Epidêmico;Se manteve
3170008;Episódico;Episódico/Epidêmico;Piorou
3170057;Episódico/Epidêmico;Episódico/Epidêmico;Se manteve
3170107;Epidêmico;Transmissão Persistente;Piorou
3170206;Epidêmico;Transmissão Persistente;Piorou
3170305;Episódico/Epidêmico;Episódico;Melhorou
3170404;Epidêmico;Epidêmico;Se manteve
3170438;Episódico/Epidêmico;Episódico/Epidêmico;Se manteve
3170479;Episódico/Epidêmico;Episódico/Epidêmico;Se manteve
3170503;Episódico/Epidêmico;Episódico;Melhorou
3170529;Episódico/Epidêmico;Episódico/Epidêmico;Se manteve
3170578;Episódico;Episódico/Epidêmico;Piorou
3170602;Episódico;Episódico/Epidêmico;Piorou
3170651;Episódico;Episódico;Se manteve
3170701;Epidêmico;Epidêmico;Se manteve
3170750;Episódico;Episódico/Epidêmico;Piorou
3170800;Episódico/Epidêmico;Epidêmico;Piorou
3170909;Episódico/Epidêmico;Episódico/Epidêmico;Se manteve
3171006;Episódico/Epidêmico;Episódico/Epidêmico;Se manteve
3171030;Episódico/Epidêmico;Episódico/Epidêmico;Se manteve
3171071;Episódico;Episódico;Se manteve
3171105;Episódico/Epidêmico;Episódico/Epidêmico;Se manteve
3171154;Episódico;Episódico;Se manteve
3171204;Epidêmico;Epidêmico;Se manteve
3171303;Episódico/Epidêmico;Episódico/Epidêmico;Se manteve
3171402;Episódico;Episódico;Se manteve
3171501;Episódico/Epidêmico;Episódico;Melhorou
3171600;Episódico/Epidêmico;Episódico/Epidêmico;Se manteve
3171709;Episódico;Episódico;Se manteve
3171808;Episódico/Epidêmico;Episódico;Melhorou
3171907;Episódico/Epidêmico;Episódico;Melhorou
3172004;Epidêmico;Epidêmico;Se manteve
3172103;Episódico/Epidêmico;Episódico/Epidêmico;Se manteve
3172202;Episódico;Episódico;Se manteve
3200102;Episódico/Epidêmico;Epidêmico;Piorou
3200136;Episódico/Epidêmico;Episódico/Epidêmico;Se manteve
3200169;Episódico;Episódico/Epidêmico;Piorou
3200201;Epidêmico;Episódico/Epidêmico;Melhorou
3200300;Epidêmico;Episódico/Epidêmico;Melhorou
3200359;Episódico/Epidêmico;Episódico/Epidêmico;Se manteve
3200409;Epidêmico;Episódico/Epidêmico;Melhorou
3200508;Episódico/Epidêmico;Episódico/Epidêmico;Se manteve
3200607;Epidêmico;Epidêmico;Se manteve
3200706;Episódico/Epidêmico;Episódico/Epidêmico;Se manteve
3200805;Epidêmico;Episódico/Epidêmico;Melhorou
3200904;Episódico/Epidêmico;Epidêmico;Piorou
3201001;Episódico/Epidêmico;Episódico/Epidêmico;Se manteve
3201100;Episódico/Epidêmico;Episódico/Epidêmico;Se manteve
3201159;Episódico;Episódico/Epidêmico;Piorou
3201209;Epidêmico;Epidêmico;Se manteve
3201308;Epidêmico;Epidêmico;Se manteve
3201407;Episódico/Epidêmico;Epidêmico;Piorou
3201506;Epidêmico;Epidêmico;Se manteve
3201605;Epidêmico;Episódico/Epidêmico;Melhorou
3201704;Episódico/Epidêmico;Episódico/Epidêmico;Se manteve
3201803;Episódico;Episódico;Se manteve
3201902;Episódico/Epidêmico;Episódico/Epidêmico;Se manteve
3202009;Episódico;Episódico;Se manteve
3202108;Episódico/Epidêmico;Episódico/Epidêmico;Se manteve
3202207;Episódico/Epidêmico;Episódico/Epidêmico;Se manteve
3202256;Episódico/Epidêmico;Episódico;Melhorou
3202306;Episódico/Epidêmico;Episódico/Epidêmico;Se manteve
3202405;Epidêmico;Epidêmico;Se manteve
3202454;Episódico/Epidêmico;Episódico/Epidêmico;Se manteve
3202504;Episódico/Epidêmico;Episódico/Epidêmico;Se manteve
3202553;Episódico;Episódico;Se manteve
3202603;Episódico/Epidêmico;Episódico/Epidêmico;Se manteve
3202652;Episódico/Epidêmico;Episódico/Epidêmico;Se manteve
3202702;Episódico/Epidêmico;Epidêmico;Piorou
3202801;Epidêmico;Epidêmico;Se manteve
3202900;Episódico/Epidêmico;Episódico/Epidêmico;Se manteve
3203007;Episódico/Epidêmico;Episódico/Epidêmico;Se manteve
3203056;Episódico/Epidêmico;Epidêmico;Piorou
3203106;Episódico/Epidêmico;Episódico/Epidêmico;Se manteve
3203130;Episódico/Epidêmico;Episódico/Epidêmico;Se manteve
3203163;Episódico/Epidêmico;Episódico/Epidêmico;Se manteve
3203205;Epidêmico;Epidêmico;Se manteve
3203304;Episódico/Epidêmico;Episódico/Epidêmico;Se manteve
3203320;Episódico/Epidêmico;Episódico/Epidêmico;Se manteve
3203346;Episódico/Epidêmico;Episódico/Epidêmico;Se manteve
3203353;Episódico/Epidêmico;Episódico/Epidêmico;Se manteve
3203403;Episódico/Epidêmico;Episódico/Epidêmico;Se manteve
3203502;Epidêmico;Episódico/Epidêmico;Melhorou
3203601;Episódico/Epidêmico;Episódico/Epidêmico;Se manteve
3203700;Episódico/Epidêmico;Episódico/Epidêmico;Se manteve
3203809;Epidêmico;Episódico/Epidêmico;Melhorou
3203908;Epidêmico;Epidêmico;Se manteve
3204005;Episódico/Epidêmico;Episódico/Epidêmico;Se manteve
3204054;Epidêmico;Epidêmico;Se manteve
3204104;Epidêmico;Episódico/Epidêmico;Melhorou
3204203;Epidêmico;Episódico/Epidêmico;Melhorou
3204252;Episódico/Epidêmico;Episódico/Epidêmico;Se manteve
3204302;Episódico/Epidêmico;Episódico/Epidêmico;Se manteve
3204351;Episódico/Epidêmico;Episódico/Epidêmico;Se manteve
3204401;Episódico/Epidêmico;Episódico/Epidêmico;Se manteve
3204500;Episódico/Epidêmico;Episódico;Melhorou
3204559;Episódico/Epidêmico;Episódico/Epidêmico;Se manteve
3204609;Episódico/Epidêmico;Epidêmico;Piorou
3204658;Episódico/Epidêmico;Episódico/Epidêmico;Se manteve
3204708;Epidêmico;Epidêmico;Se manteve
3204807;Episódico/Epidêmico;Episódico/Epidêmico;Se manteve
3204906;Epidêmico;Epidêmico;Se manteve
3204955;Episódico/Epidêmico;Episódico/Epidêmico;Se manteve
3205002;Epidêmico;Transmissão Persistente;Piorou
3205010;Epidêmico;Epidêmico;Se manteve
3205036;Episódico/Epidêmico;Episódico/Epidêmico;Se manteve
3205069;Episódico/Epidêmico;Episódico/Epidêmico;Se manteve
3205101;Epidêmico;Epidêmico;Se manteve
3205150;Episódico/Epidêmico;Episódico/Epidêmico;Se manteve
3205176;Episódico/Epidêmico;Episódico/Epidêmico;Se manteve
3205200;Epidêmico;Epidêmico;Se manteve
3205309;Epidêmico;Transmissão Persistente;Piorou
3300100;Epidêmico;Epidêmico;Se manteve
3300159;Episódico/Epidêmico;Episódico/Epidêmico;Se manteve
3300209;Epidêmico;Episódico/Epidêmico;Melhorou
3300225;Episódico/Epidêmico;Episódico;Melhorou
3300233;Episódico/Epidêmico;Episódico/Epidêmico;Se manteve
3300258;Episódico/Epidêmico;Episódico/Epidêmico;Se manteve
3300308;Epidêmico;Episódico/Epidêmico;Melhorou
3300407;Epidêmico;Episódico/Epidêmico;Melhorou
3300456;Epidêmico;Epidêmico;Se manteve
3300506;Episódico/Epidêmico;Episódico;Melhorou
3300605;Epidêmico;Episódico/Epidêmico;Melhorou
3300704;Epidêmico;Epidêmico;Se manteve
3300803;Episódico/Epidêmico;Episódico/Epidêmico;Se manteve
3300902;Episódico;Episódico;Se manteve
3300936;Episódico/Epidêmico;Episódico/Epidêmico;Se manteve
3300951;Episódico;Episódico;Se manteve
3301009;Epidêmico;Epidêmico;Se manteve
3301108;Episódico/Epidêmico;Episódico/Epidêmico;Se manteve
3301157;Episódico/Epidêmico;Episódico/Epidêmico;Se manteve
3301207;Episódico/Epidêmico;Episódico/Epidêmico;Se manteve
3301306;Epidêmico;Episódico/Epidêmico;Melhorou
3301405;Episódico/Epidêmico;Episódico/Epidêmico;Se manteve
3301504;Episódico/Epidêmico;Episódico/Epidêmico;Se manteve
3301603;Episódico;Episódico;Se manteve
3301702;Epidêmico;Epidêmico;Se manteve
3301801;Episódico/Epidêmico;Episódico/Epidêmico;Se manteve
3301850;Episódico/Epidêmico;Episódico/Epidêmico;Se manteve
3301876;Epidêmico;Epidêmico;Se manteve
3301900;Epidêmico;Epidêmico;Se manteve
3302007;Epidêmico;Episódico/Epidêmico;Melhorou
3302056;Episódico/Epidêmico;Episódico/Epidêmico;Se manteve
3302106;Episódico/Epidêmico;Episódico/Epidêmico;Se manteve
3302205;Epidêmico;Epidêmico;Se manteve
3302254;Episódico/Epidêmico;Episódico/Epidêmico;Se manteve
3302270;Episódico/Epidêmico;Episódico/Epidêmico;Se manteve
3302304;Episódico;Episódico;Se manteve
3302403;Epidêmico;Epidêmico;Se manteve
3302452;Episódico/Epidêmico;Episódico;Melhorou
3302502;Epidêmico;Episódico/Epidêmico;Melhorou
3302601;Epidêmico;Episódico/Epidêmico;Melhorou
3302700;Epidêmico;Epidêmico;Se manteve
3302809;Episódico/Epidêmico;Episódico;Melhorou
3302858;Episódico/Epidêmico;Episódico/Epidêmico;Se manteve
3302908;Episódico/Epidêmico;Episódico/Epidêmico;Se manteve
3303005;Episódico/Epidêmico;Episódico/Epidêmico;Se manteve
3303104;Episódico/Epidêmico;Episódico/Epidêmico;Se manteve
3303203;Episódico/Epidêmico;Episódico/Epidêmico;Se manteve
3303302;Epidêmico;Epidêmico;Se manteve
3303401;Epidêmico;Epidêmico;Se manteve
3303500;Epidêmico;Epidêmico;Se manteve
3303609;Episódico/Epidêmico;Episódico/Epidêmico;Se manteve
3303708;Episódico/Epidêmico;Episódico/Epidêmico;Se manteve
3303807;Episódico/Epidêmico;Epidêmico;Piorou
3303856;Episódico/Epidêmico;Episódico/Epidêmico;Se manteve
3303906;Epidêmico;Episódico/Epidêmico;Melhorou
3303955;Episódico/Epidêmico;Episódico/Epidêmico;Se manteve
3304003;Epidêmico;Epidêmico;Se manteve
3304102;Episódico/Epidêmico;Episódico/Epidêmico;Se manteve
3304110;Episódico/Epidêmico;Episódico/Epidêmico;Se manteve
3304128;Episódico/Epidêmico;Episódico/Epidêmico;Se manteve
3304144;Episódico/Epidêmico;Episódico/Epidêmico;Se manteve
3304151;Episódico/Epidêmico;Episódico/Epidêmico;Se manteve
3304201;Epidêmico;Epidêmico;Se manteve
3304300;Epidêmico;Episódico/Epidêmico;Melhorou
3304409;Episódico/Epidêmico;Episódico/Epidêmico;Se manteve
3304508;Episódico/Epidêmico;Episódico;Melhorou
3304524;Epidêmico;Epidêmico;Se manteve
3304557;Transmissão Persistente;Transmissão Persistente;Se manteve
3304607;Episódico;Episódico;Se manteve
3304706;Epidêmico;Episódico/Epidêmico;Melhorou
3304755;Epidêmico;Episódico/Epidêmico;Melhorou
3304805;Epidêmico;Episódico/Epidêmico;Melhorou
3304904;Epidêmico;Epidêmico;Se manteve
3305000;Episódico/Epidêmico;Episódico;Melhorou
3305109;Epidêmico;Epidêmico;Se manteve
3305133;Episódico/Epidêmico;Episódico/Epidêmico;Se manteve
3305158;Episódico/Epidêmico;Episódico;Melhorou
3305208;Episódico/Epidêmico;Episódico/Epidêmico;Se manteve
3305307;Episódico;Episódico;Se manteve
3305406;Episódico/Epidêmico;Episódico/Epidêmico;Se manteve
3305505;Epidêmico;Epidêmico;Se manteve
3305554;Epidêmico;Episódico/Epidêmico;Melhorou
3305604;Episódico/Epidêmico;Episódico;Melhorou
3305703;Episódico;Episódico;Se manteve
3305752;Episódico/Epidêmico;Episódico/Epidêmico;Se manteve
3305802;Episódico/Epidêmico;Episódico/Epidêmico;Se manteve
3305901;Episódico/Epidêmico;Episódico;Melhorou
3306008;Episódico/Epidêmico;Episódico/Epidêmico;Se manteve
3306107;Epidêmico;Episódico/Epidêmico;Melhorou
3306156;Episódico;Episódico/Epidêmico;Piorou
3306206;Episódico/Epidêmico;Episódico/Epidêmico;Se manteve
3306305;Epidêmico;Epidêmico;Se manteve
3500105;Epidêmico;Epidêmico;Se manteve
3500204;Episódico/Epidêmico;Episódico/Epidêmico;Se manteve
3500303;Episódico/Epidêmico;Episódico/Epidêmico;Se manteve
3500402;Episódico/Epidêmico;Episódico/Epidêmico;Se manteve
3500501;Episódico/Epidêmico;Episódico/Epidêmico;Se manteve
3500550;Episódico/Epidêmico;Episódico/Epidêmico;Se manteve
3500600;Episódico/Epidêmico;Episódico/Epidêmico;Se manteve
3500709;Episódico/Epidêmico;Episódico/Epidêmico;Se manteve
3500758;Episódico/Epidêmico;Episódico;Melhorou
3500808;Episódico/Epidêmico;Episódico/Epidêmico;Se manteve
3500907;Episódico/Epidêmico;Episódico/Epidêmico;Se manteve
3501004;Episódico/Epidêmico;Episódico/Epidêmico;Se manteve
3501103;Episódico/Epidêmico;Episódico/Epidêmico;Se manteve
3501152;Episódico/Epidêmico;Episódico/Epidêmico;Se manteve
3501202;Episódico/Epidêmico;Epidêmico;Piorou
3501301;Episódico/Epidêmico;Epidêmico;Piorou
3501400;Episódico/Epidêmico;Episódico/Epidêmico;Se manteve
3501509;Episódico/Epidêmico;Episódico/Epidêmico;Se manteve
3501608;Epidêmico;Epidêmico;Se manteve
3501707;Epidêmico;Epidêmico;Se manteve
3501806;Episódico/Epidêmico;Episódico/Epidêmico;Se manteve
3501905;Epidêmico;Epidêmico;Se manteve
3502002;Episódico;Episódico/Epidêmico;Piorou
3502101;Epidêmico;Epidêmico;Se manteve
3502200;Episódico/Epidêmico;Episódico/Epidêmico;Se manteve
3502309;Episódico/Epidêmico;Episódico/Epidêmico;Se manteve
3502408;Episódico/Epidêmico;Episódico/Epidêmico;Se manteve
3502507;Episódico/Epidêmico;Episódico/Epidêmico;Se manteve
3502606;Episódico/Epidêmico;Episódico/Epidêmico;Se manteve
3502705;Episódico;Episódico/Epidêmico;Piorou
3502754;Episódico/Epidêmico;Episódico/Epidêmico;Se manteve
3502804;Epidêmico;Epidêmico;Se manteve
3502903;Episódico/Epidêmico;Episódico/Epidêmico;Se manteve
3503000;Episódico/Epidêmico;Episódico;Melhorou
3503109;Episódico/Epidêmico;Episódico/Epidêmico;Se manteve
3503158;Episódico;Episódico;Se manteve
3503208;Epidêmico;Transmissão Persistente;Piorou
3503307;Epidêmico;Epidêmico;Se manteve
3503356;Episódico/Epidêmico;Episódico/Epidêmico;Se manteve
3503406;Episódico/Epidêmico;Episódico/Epidêmico;Se manteve
3503505;Episódico;Episódico/Epidêmico;Piorou
3503604;Episódico/Epidêmico;Episódico/Epidêmico;Se manteve
3503703;Episódico/Epidêmico;Episódico/Epidêmico;Se manteve
3503802;Episódico/Epidêmico;Epidêmico;Piorou
3503901;Epidêmico;Epidêmico;Se manteve
3503950;Episódico/Epidêmico;Episódico/Epidêmico;Se manteve
3504008;Epidêmico;Epidêmico;Se manteve
3504107;Epidêmico;Epidêmico;Se manteve
3504206;Episódico/Epidêmico;Episódico/Epidêmico;Se manteve
3504305;Episódico/Epidêmico;Episódico/Epidêmico;Se manteve
3504404;Episódico/Epidêmico;Episódico/Epidêmico;Se manteve
3504503;Episódico/Epidêmico;Episódico/Epidêmico;Se manteve
3504602;Episódico/Epidêmico;Epidêmico;Piorou
3504701;Episódico/Epidêmico;Episódico/Epidêmico;Se manteve
3504800;Episódico/Epidêmico;Episódico/Epidêmico;Se manteve
3504909;Episódico/Epidêmico;Episódico/Epidêmico;Se manteve
3505005;Episódico;Episódico/Epidêmico;Piorou
3505104;Episódico/Epidêmico;Epidêmico;Piorou
3505203;Episódico/Epidêmico;Episódico/Epidêmico;Se manteve
3505302;Episódico/Epidêmico;Episódico/Epidêmico;Se manteve
3505351;Episódico;Episódico;Se manteve
3505401;Episódico;Episódico;Se manteve
3505500;Epidêmico;Epidêmico;Se manteve
3505609;Episódico/Epidêmico;Epidêmico;Piorou
3505708;Epidêmico;Epidêmico;Se manteve
3505807;Episódico/Epidêmico;Epidêmico;Piorou
3505906;Episódico/Epidêmico;Epidêmico;Piorou
3506003;Epidêmico;Transmissão Persistente;Piorou
3506102;Epidêmico;Epidêmico;Se manteve
3506201;Episódico/Epidêmico;Episódico/Epidêmico;Se manteve
3506300;Episódico/Epidêmico;Episódico/Epidêmico;Se manteve
3506359;Epidêmico;Epidêmico;Se manteve
3506409;Episódico/Epidêmico;Episódico/Epidêmico;Se manteve
3506508;Epidêmico;Epidêmico;Se manteve
3506607;Episódico/Epidêmico;Episódico/Epidêmico;Se manteve
3506706;Episódico/Epidêmico;Epidêmico;Piorou
3506805;Episódico/Epidêmico;Episódico/Epidêmico;Se manteve
3506904;Episódico/Epidêmico;Episódico/Epidêmico;Se manteve
3507001;Episódico/Epidêmico;Episódico/Epidêmico;Se manteve
3507100;Episódico/Epidêmico;Episódico;Melhorou
3507159;Episódico;Episódico;Se manteve
3507209;Episódico/Epidêmico;Episódico/Epidêmico;Se manteve
3507308;Episódico/Epidêmico;Episódico/Epidêmico;Se manteve
3507407;Episódico/Epidêmico;Epidêmico;Piorou
3507456;Episódico/Epidêmico;Episódico/Epidêmico;Se manteve
3507506;Epidêmico;Epidêmico;Se manteve
3507605;Epidêmico;Epidêmico;Se manteve
3507704;Episódico/Epidêmico;Episódico/Epidêmico;Se manteve
3507753;Episódico/Epidêmico;Episódico/Epidêmico;Se manteve
3507803;Episódico/Epidêmico;Episódico/Epidêmico;Se manteve
3507902;Episódico/Epidêmico;Epidêmico;Piorou
3508009;Episódico/Epidêmico;Episódico/Epidêmico;Se manteve
3508108;Epidêmico;Epidêmico;Se manteve
3508207;Episódico/Epidêmico;Episódico/Epidêmico;Se manteve
3508306;Episódico;Episódico/Epidêmico;Piorou
3508405;Episódico/Epidêmico;Episódico/Epidêmico;Se manteve
3508504;Epidêmico;Epidêmico;Se manteve
3508603;Episódico/Epidêmico;Epidêmico;Piorou
3508702;Episódico/Epidêmico;Episódico/Epidêmico;Se manteve
3508801;Episódico/Epidêmico;Episódico/Epidêmico;Se manteve
3508900;Episódico/Epidêmico;Episódico/Epidêmico;Se manteve
3509007;Episódico/Epidêmico;Episódico/Epidêmico;Se manteve
3509106;Episódico/Epidêmico;Episódico/Epidêmico;Se manteve
3509205;Episódico/Epidêmico;Episódico/Epidêmico;Se manteve
3509254;Episódico/Epidêmico;Episódico/Epidêmico;Se manteve
3509304;Episódico/Epidêmico;Episódico/Epidêmico;Se manteve
3509403;Episódico/Epidêmico;Episódico/Epidêmico;Se manteve
3509452;Episódico;Episódico;Se manteve
3509502;Transmissão Persistente;Transmissão Persistente;Se manteve
3509601;Episódico/Epidêmico;Episódico/Epidêmico;Se manteve
3509700;Episódico/Epidêmico;Episódico/Epidêmico;Se manteve
3509809;Episódico/Epidêmico;Episódico/Epidêmico;Se manteve
3509908;Episódico/Epidêmico;Episódico/Epidêmico;Se manteve
3509957;Episódico/Epidêmico;Episódico/Epidêmico;Se manteve
3510005;Epidêmico;Epidêmico;Se manteve
3510104;Episódico/Epidêmico;Episódico/Epidêmico;Se manteve
3510153;Episódico;Episódico/Epidêmico;Piorou
3510203;Episódico/Epidêmico;Episódico/Epidêmico;Se manteve
3510302;Episódico/Epidêmico;Epidêmico;Piorou
3510401;Episódico/Epidêmico;Epidêmico;Piorou
3510500;Epidêmico;Epidêmico;Se manteve
3510609;Episódico/Epidêmico;Episódico/Epidêmico;Se manteve
3510708;Episódico/Epidêmico;Episódico/Epidêmico;Se manteve
3510807;Episódico/Epidêmico;Episódico/Epidêmico;Se manteve
3510906;Episódico;Episódico/Epidêmico;Piorou
3511003;Epidêmico;Epidêmico;Se manteve
3511102;Epidêmico;Epidêmico;Se manteve
3511201;Episódico/Epidêmico;Episódico/Epidêmico;Se manteve
3511300;Episódico/Epidêmico;Epidêmico;Piorou
3511409;Episódico/Epidêmico;Episódico/Epidêmico;Se manteve
3511508;Episódico/Epidêmico;Episódico/Epidêmico;Se manteve
3511607;Episódico/Epidêmico;Episódico/Epidêmico;Se manteve
3511706;Episódico/Epidêmico;Epidêmico;Piorou
3511904;Episódico/Epidêmico;Episódico/Epidêmico;Se manteve
3512001;Episódico/Epidêmico;Episódico/Epidêmico;Se manteve
3512100;Episódico/Epidêmico;Episódico/Epidêmico;Se manteve
3512209;Episódico/Epidêmico;Epidêmico;Piorou
3512308;Episódico/Epidêmico;Episódico/Epidêmico;Se manteve
3512407;Epidêmico;Epidêmico;Se manteve
3512506;Episódico/Epidêmico;Epidêmico;Piorou
3512605;Episódico;Episódico;Se manteve
3512704;Episódico/Epidêmico;Episódico/Epidêmico;Se manteve
3512803;Episódico/Epidêmico;Episódico/Epidêmico;Se manteve
3512902;Episódico/Epidêmico;Episódico/Epidêmico;Se manteve
3513009;Episódico/Epidêmico;Epidêmico;Piorou
3513108;Episódico/Epidêmico;Episódico/Epidêmico;Se manteve
3513207;Episódico/Epidêmico;Episódico/Epidêmico;Se manteve
3513306;Episódico/Epidêmico;Episódico/Epidêmico;Se manteve
3513405;Epidêmico;Episódico/Epidêmico;Melhorou
3513504;Epidêmico;Epidêmico;Se manteve
3513603;Episódico;Episódico;Se manteve
3513702;Episódico/Epidêmico;Epidêmico;Piorou
3513801;Epidêmico;Epidêmico;Se manteve
3513850;Episódico/Epidêmico;Episódico/Epidêmico;Se manteve
3513900;Episódico/Epidêmico;Episódico/Epidêmico;Se manteve
3514007;Episódico/Epidêmico;Episódico/Epidêmico;Se manteve
3514106;Episódico/Epidêmico;Episódico/Epidêmico;Se manteve
3514205;Episódico/Epidêmico;Episódico/Epidêmico;Se manteve
3514304;Episódico/Epidêmico;Episódico/Epidêmico;Se manteve
3514403;Epidêmico;Epidêmico;Se manteve
3514502;Episódico/Epidêmico;Episódico/Epidêmico;Se manteve
3514601;Episódico/Epidêmico;Episódico/Epidêmico;Se manteve
3514700;Episódico/Epidêmico;Episódico/Epidêmico;Se manteve
3514809;Episódico;Episódico/Epidêmico;Piorou
3514908;Episódico/Epidêmico;Episódico/Epidêmico;Se manteve
3514924;Episódico/Epidêmico;Episódico/Epidêmico;Se manteve
3514957;Episódico/Epidêmico;Episódico/Epidêmico;Se manteve
3515004;Epidêmico;Episódico/Epidêmico;Melhorou
3515103;Episódico/Epidêmico;Episódico/Epidêmico;Se manteve
3515129;Episódico/Epidêmico;Episódico/Epidêmico;Se manteve
3515152;Episódico/Epidêmico;Epidêmico;Piorou
3515186;Episódico/Epidêmico;Epidêmico;Piorou
3515194;Episódico/Epidêmico;Episódico/Epidêmico;Se manteve
3515202;Epidêmico;Epidêmico;Se manteve
3515301;Episódico/Epidêmico;Episódico/Epidêmico;Se manteve
3515350;Episódico/Epidêmico;Episódico/Epidêmico;Se manteve
3515400;Episódico/Epidêmico;Episódico/Epidêmico;Se manteve
3515509;Epidêmico;Epidêmico;Se manteve
3515608;Episódico/Epidêmico;Episódico/Epidêmico;Se manteve
3515657;Episódico;Episódico/Epidêmico;Piorou
3515707;Episódico/Epidêmico;Episódico/Epidêmico;Se manteve
3515806;Episódico/Epidêmico;Episódico;Melhorou
3515905;Episódico/Epidêmico;Episódico/Epidêmico;Se manteve
3516002;Episódico/Epidêmico;Episódico/Epidêmico;Se manteve
3516101;Episódico/Epidêmico;Episódico/Epidêmico;Se manteve
3516200;Epidêmico;Epidêmico;Se manteve
3516309;Episódico/Epidêmico;Episódico/Epidêmico;Se manteve
3516408;Epidêmico;Episódico/Epidêmico;Melhorou
3516507;Episódico/Epidêmico;Episódico/Epidêmico;Se manteve
3516606;Episódico/Epidêmico;Episódico/Epidêmico;Se manteve
3516705;Epidêmico;Epidêmico;Se manteve
3516804;Episódico/Epidêmico;Episódico/Epidêmico;Se manteve
3516853;Episódico/Epidêmico;Epidêmico;Piorou
3516903;Episódico/Epidêmico;Episódico/Epidêmico;Se manteve
3517000;Episódico/Epidêmico;Episódico/Epidêmico;Se manteve
3517109;Episódico/Epidêmico;Episódico/Epidêmico;Se manteve
3517208;Episódico/Epidêmico;Episódico/Epidêmico;Se manteve
3517307;Episódico/Epidêmico;Episódico/Epidêmico;Se manteve
3517406;Epidêmico;Epidêmico;Se manteve
3517505;Episódico/Epidêmico;Epidêmico;Piorou
3517604;Episódico/Epidêmico;Episódico/Epidêmico;Se manteve
3517703;Episódico/Epidêmico;Episódico/Epidêmico;Se manteve
3517802;Epidêmico;Epidêmico;Se manteve
3517901;Episódico/Epidêmico;Episódico/Epidêmico;Se manteve
3518008;Episódico/Epidêmico;Episódico/Epidêmico;Se manteve
3518107;Episódico/Epidêmico;Episódico/Epidêmico;Se manteve
3518206;Epidêmico;Epidêmico;Se manteve
3518305;Episódico/Epidêmico;Epidêmico;Piorou
3518404;Epidêmico;Epidêmico;Se manteve
3518503;Episódico;Episódico/Epidêmico;Piorou
3518602;Episódico/Epidêmico;Episódico/Epidêmico;Se manteve
3518701;Epidêmico;Epidêmico;Se manteve
3518800;Epidêmico;Epidêmico;Se manteve
3518859;Episódico/Epidêmico;Episódico/Epidêmico;Se manteve
3518909;Episódico/Epidêmico;Episódico/Epidêmico;Se manteve
3519006;Episódico/Epidêmico;Epidêmico;Piorou
3519055;Episódico/Epidêmico;Epidêmico;Piorou
3519071;Epidêmico;Epidêmico;Se manteve
3519105;Episódico/Epidêmico;Episódico/Epidêmico;Se manteve
3519204;Episódico/Epidêmico;Episódico/Epidêmico;Se manteve
3519253;Episódico;Episódico/Epidêmico;Piorou
3519303;Episódico/Epidêmico;Episódico/Epidêmico;Se manteve
3519402;Epidêmico;Epidêmico;Se manteve
3519501;Episódico/Epidêmico;Episódico/Epidêmico;Se manteve
3519600;Epidêmico;Epidêmico;Se manteve
3519709;Episódico/Epidêmico;Episódico/Epidêmico;Se manteve
3519808;Episódico/Epidêmico;Episódico/Epidêmico;Se manteve
3519907;Episódico/Epidêmico;Epidêmico;Piorou
3520004;Episódico/Epidêmico;Episódico/Epidêmico;Se manteve
3520103;Episódico/Epidêmico;Episódico/Epidêmico;Se manteve
3520202;Episódico/Epidêmico;Episódico/Epidêmico;Se manteve
3520301;Episódico/Epidêmico;Episódico/Epidêmico;Se manteve
3520400;Epidêmico;Epidêmico;Se manteve
3520426;Episódico/Epidêmico;Episódico/Epidêmico;Se manteve
3520442;Epidêmico;Epidêmico;Se manteve
3520509;Epidêmico;Epidêmico;Se manteve
3520608;Episódico/Epidêmico;Episódico/Epidêmico;Se manteve
3520707;Episódico/Epidêmico;Epidêmico;Piorou
3520806;Episódico/Epidêmico;Episódico/Epidêmico;Se manteve
3520905;Episódico/Epidêmico;Episódico/Epidêmico;Se manteve
3521002;Epidêmico;Epidêmico;Se manteve
3521101;Episódico/Epidêmico;Episódico/Epidêmico;Se manteve
3521150;Episódico/Epidêmico;Epidêmico;Piorou
3521200;Episódico;Episódico;Se manteve
3521309;Episódico/Epidêmico;Episódico/Epidêmico;Se manteve
3521408;Episódico/Epidêmico;Episódico/Epidêmico;Se manteve
3521507;Episódico/Epidêmico;Episódico/Epidêmico;Se manteve
3521606;Episódico/Epidêmico;Epidêmico;Piorou
3521705;Episódico/Epidêmico;Episódico/Epidêmico;Se manteve
3521804;Episódico/Epidêmico;Episódico/Epidêmico;Se manteve
3521903;Episódico/Epidêmico;Epidêmico;Piorou
3522000;Episódico/Epidêmico;Episódico/Epidêmico;Se manteve
3522109;Epidêmico;Epidêmico;Se manteve
3522158;Episódico;Episódico;Se manteve
3522208;Episódico/Epidêmico;Episódico/Epidêmico;Se manteve
3522307;Epidêmico;Epidêmico;Se manteve
3522406;Episódico/Epidêmico;Epidêmico;Piorou
3522505;Epidêmico;Episódico/Epidêmico;Melhorou
3522604;Epidêmico;Epidêmico;Se manteve
3522653;Episódico;Episódico;Se manteve
3522703;Epidêmico;Epidêmico;Se manteve
3522802;Episódico/Epidêmico;Episódico/Epidêmico;Se manteve
3522901;Episódico/Epidêmico;Episódico/Epidêmico;Se manteve
3523008;Episódico/Epidêmico;Episódico/Epidêmico;Se manteve
3523107;Episódico/Epidêmico;Epidêmico;Piorou
3523206;Episódico/Epidêmico;Episódico/Epidêmico;Se manteve
3523305;Episódico/Epidêmico;Episódico/Epidêmico;Se manteve
3523404;Epidêmico;Episódico/Epidêmico;Melhorou
3523503;Episódico/Epidêmico;Episódico/Epidêmico;Se manteve
3523602;Episódico/Epidêmico;Episódico/Epidêmico;Se manteve
3523701;Episódico;Episódico/Epidêmico;Piorou
3523800;Episódico/Epidêmico;Episódico/Epidêmico;Se manteve
3523909;Epidêmico;Epidêmico;Se manteve
3524006;Episódico/Epidêmico;Episódico/Epidêmico;Se manteve
3524105;Epidêmico;Episódico/Epidêmico;Melhorou
3524204;Episódico/Epidêmico;Episódico/Epidêmico;Se manteve
3524303;Epidêmico;Epidêmico;Se manteve
3524402;Epidêmico;Epidêmico;Se manteve
3524501;Episódico/Epidêmico;Epidêmico;Piorou
3524600;Episódico/Epidêmico;Episódico/Epidêmico;Se manteve
3524709;Epidêmico;Epidêmico;Se manteve
3524808;Epidêmico;Epidêmico;Se manteve
3524907;Episódico/Epidêmico;Episódico;Melhorou
3525003;Episódico/Epidêmico;Episódico/Epidêmico;Se manteve
3525102;Epidêmico;Episódico/Epidêmico;Melhorou
3525201;Episódico/Epidêmico;Episódico/Epidêmico;Se manteve
3525300;Epidêmico;Epidêmico;Se manteve
3525409;Episódico;Episódico/Epidêmico;Piorou
3525508;Episódico;Episódico/Epidêmico;Piorou
3525607;Episódico/Epidêmico;Episódico/Epidêmico;Se manteve
3525706;Epidêmico;Epidêmico;Se manteve
3525805;Episódico/Epidêmico;Episódico/Epidêmico;Se manteve
3525854;Episódico/Epidêmico;Episódico/Epidêmico;Se manteve
3525904;Epidêmico;Epidêmico;Se manteve
3526001;Epidêmico;Epidêmico;Se manteve
3526100;Episódico/Epidêmico;Episódico/Epidêmico;Se manteve
3526209;Episódico;Episódico;Se manteve
3526308;Episódico/Epidêmico;Episódico/Epidêmico;Se manteve
3526407;Episódico/Epidêmico;Episódico/Epidêmico;Se manteve
3526506;Episódico/Epidêmico;Episódico/Epidêmico;Se manteve
3526605;Episódico/Epidêmico;Episódico/Epidêmico;Se manteve
3526704;Epidêmico;Epidêmico;Se manteve
3526803;Episódico/Epidêmico;Episódico/Epidêmico;Se manteve
3526902;Epidêmico;Epidêmico;Se manteve
3527009;Episódico;Episódico/Epidêmico;Piorou
3527108;Epidêmico;Epidêmico;Se manteve
3527207;Epidêmico;Epidêmico;Se manteve
3527256;Episódico/Epidêmico;Episódico/Epidêmico;Se manteve
3527306;Episódico/Epidêmico;Episódico/Epidêmico;Se manteve
3527405;Episódico/Epidêmico;Epidêmico;Piorou
3527504;Episódico/Epidêmico;Episódico/Epidêmico;Se manteve
3527603;Episódico/Epidêmico;Episódico/Epidêmico;Se manteve
3527702;Episódico/Epidêmico;Episódico/Epidêmico;Se manteve
3527801;Episódico/Epidêmico;Episódico/Epidêmico;Se manteve
3527900;Episódico;Episódico/Epidêmico;Piorou
3528007;Episódico/Epidêmico;Episódico/Epidêmico;Se manteve
3528106;Episódico/Epidêmico;Episódico/Epidêmico;Se manteve
3528205;Episódico/Epidêmico;Episódico/Epidêmico;Se manteve
3528304;Episódico/Epidêmico;Episódico/Epidêmico;Se manteve
3528403;Episódico/Epidêmico;Episódico/Epidêmico;Se manteve
3528502;Episódico/Epidêmico;Epidêmico;Piorou
3528601;Episódico/Epidêmico;Episódico;Melhorou
3528700;Episódico/Epidêmico;Episódico/Epidêmico;Se manteve
3528809;Episódico/Epidêmico;Episódico/Epidêmico;Se manteve
3528858;Episódico/Epidêmico;Episódico/Epidêmico;Se manteve
3528908;Episódico/Epidêmico;Episódico/Epidêmico;Se manteve
3529005;Epidêmico;Epidêmico;Se manteve
3529104;Episódico/Epidêmico;Episódico/Epidêmico;Se manteve
3529203;Episódico/Epidêmico;Episódico/Epidêmico;Se manteve
3529302;Epidêmico;Epidêmico;Se manteve
3529401;Epidêmico;Epidêmico;Se manteve
3529500;Episódico/Epidêmico;Epidêmico;Piorou
3529609;Episódico/Epidêmico;Episódico/Epidêmico;Se manteve
3529658;Episódico/Epidêmico;Episódico/Epidêmico;Se manteve
3529708;Episódico/Epidêmico;Episódico/Epidêmico;Se manteve
3529807;Episódico/Epidêmico;Episódico/Epidêmico;Se manteve
3529906;Episódico/Epidêmico;Episódico/Epidêmico;Se manteve
3530003;Episódico/Epidêmico;Episódico/Epidêmico;Se manteve
3530102;Epidêmico;Epidêmico;Se manteve
3530201;Epidêmico;Epidêmico;Se manteve
3530300;Epidêmico;Epidêmico;Se manteve
3530409;Episódico/Epidêmico;Episódico/Epidêmico;Se manteve
3530508;Epidêmico;Epidêmico;Se manteve
3530607;Epidêmico;Epidêmico;Se manteve
3530706;Epidêmico;Epidêmico;Se manteve
3530805;Epidêmico;Epidêmico;Se manteve
3530904;Episódico;Episódico/Epidêmico;Piorou
3531001;Episódico/Epidêmico;Episódico/Epidêmico;Se manteve
3531100;Episódico/Epidêmico;Epidêmico;Piorou
3531209;Episódico;Episódico/Epidêmico;Piorou
3531308;Episódico/Epidêmico;Epidêmico;Piorou
3531407;Episódico/Epidêmico;Epidêmico;Piorou
3531506;Epidêmico;Episódico/Epidêmico;Melhorou
3531605;Episódico/Epidêmico;Episódico/Epidêmico;Se manteve
3531704;Episódico;Episódico;Se manteve
3531803;Episódico/Epidêmico;Episódico/Epidêmico;Se manteve
3531902;Epidêmico;Epidêmico;Se manteve
3532009;Episódico/Epidêmico;Episódico/Epidêmico;Se manteve
3532058;Episódico/Epidêmico;Episódico/Epidêmico;Se manteve
3532108;Episódico/Epidêmico;Episódico/Epidêmico;Se manteve
3532157;Episódico/Epidêmico;Episódico/Epidêmico;Se manteve
3532207;Episódico/Epidêmico;Epidêmico;Piorou
3532306;Episódico;Episódico;Se manteve
3532405;Episódico;Episódico/Epidêmico;Piorou
3532504;Episódico/Epidêmico;Episódico/Epidêmico;Se manteve
3532603;Episódico/Epidêmico;Epidêmico;Piorou
3532702;Episódico/Epidêmico;Episódico/Epidêmico;Se manteve
3532801;Episódico/Epidêmico;Epidêmico;Piorou
3532827;Episódico;Episódico;Se manteve
3532843;Episódico/Epidêmico;Episódico/Epidêmico;Se manteve
3532868;Episódico;Episódico/Epidêmico;Piorou
3532900;Episódico/Epidêmico;Episódico/Epidêmico;Se manteve
3533007;Episódico/Epidêmico;Epidêmico;Piorou
3533106;Episódico/Epidêmico;Episódico/Epidêmico;Se manteve
3533205;Episódico/Epidêmico;Epidêmico;Piorou
3533254;Episódico/Epidêmico;Episódico/Epidêmico;Se manteve
3533304;Episódico/Epidêmico;Episódico/Epidêmico;Se manteve
3533403;Episódico/Epidêmico;Episódico/Epidêmico;Se manteve
3533502;Episódico/Epidêmico;Epidêmico;Piorou
3533601;Episódico/Epidêmico;Episódico/Epidêmico;Se manteve
3533700;Episódico/Epidêmico;Episódico/Epidêmico;Se manteve
3533809;Episódico;Episódico;Se manteve
3533908;Epidêmico;Epidêmico;Se manteve
3534005;Episódico/Epidêmico;Episódico/Epidêmico;Se manteve
3534104;Episódico/Epidêmico;Episódico/Epidêmico;Se manteve
3534203;Episódico/Epidêmico;Epidêmico;Piorou
3534302;Epidêmico;Epidêmico;Se manteve
3534401;Epidêmico;Epidêmico;Se manteve
3534500;Episódico/Epidêmico;Episódico/Epidêmico;Se manteve
3534609;Episódico/Epidêmico;Epidêmico;Piorou
3534708;Epidêmico;Epidêmico;Se manteve
3534757;Episódico/Epidêmico;Epidêmico;Piorou
3534807;Episódico/Epidêmico;Epidêmico;Piorou
3534906;Episódico/Epidêmico;Epidêmico;Piorou
3535002;Episódico/Epidêmico;Epidêmico;Piorou
3535101;Episódico/Epidêmico;Epidêmico;Piorou
3535200;Episódico/Epidêmico;Epidêmico;Piorou
3535309;Epidêmico;Epidêmico;Se manteve
3535408;Epidêmico;Epidêmico;Se manteve
3535507;Epidêmico;Epidêmico;Se manteve
3535606;Episódico/Epidêmico;Episódico/Epidêmico;Se manteve
3535705;Episódico/Epidêmico;Episódico/Epidêmico;Se manteve
3535804;Episódico;Episódico/Epidêmico;Piorou
3535903;Episódico/Epidêmico;Episódico/Epidêmico;Se manteve
3536000;Episódico/Epidêmico;Epidêmico;Piorou
3536109;Episódico;Episódico/Epidêmico;Piorou
3536208;Epidêmico;Episódico/Epidêmico;Melhorou
3536257;Episódico/Epidêmico;Episódico/Epidêmico;Se manteve
3536307;Episódico/Epidêmico;Episódico/Epidêmico;Se manteve
3536406;Episódico/Epidêmico;Epidêmico;Piorou
3536505;Epidêmico;Epidêmico;Se manteve
3536570;Episódico;Episódico;Se manteve
3536604;Episódico/Epidêmico;Epidêmico;Piorou
3536703;Episódico/Epidêmico;Epidêmico;Piorou
3536802;Episódico;Episódico;Se manteve
3536901;Episódico/Epidêmico;Epidêmico;Piorou
3537008;Episódico/Epidêmico;Episódico/Epidêmico;Se manteve
3537107;Episódico/Epidêmico;Epidêmico;Piorou
3537156;Episódico/Epidêmico;Episódico/Epidêmico;Se manteve
3537206;Episódico/Epidêmico;Episódico/Epidêmico;Se manteve
3537305;Epidêmico;Epidêmico;Se manteve
3537404;Epidêmico;Epidêmico;Se manteve
3537503;Episódico/Epidêmico;Episódico/Epidêmico;Se manteve
3537602;Epidêmico;Epidêmico;Se manteve
3537701;Episódico/Epidêmico;Episódico/Epidêmico;Se manteve
3537800;Episódico/Epidêmico;Episódico/Epidêmico;Se manteve
3537909;Episódico/Epidêmico;Episódico/Epidêmico;Se manteve
3538006;Epidêmico;Epidêmico;Se manteve
3538105;Episódico/Epidêmico;Epidêmico;Piorou
3538204;Episódico;Episódico;Se manteve
3538303;Episódico/Epidêmico;Episódico/Epidêmico;Se manteve
3538501;Episódico/Epidêmico;Episódico/Epidêmico;Se manteve
3538600;Episódico/Epidêmico;Episódico;Melhorou
3538709;Epidêmico;Epidêmico;Se manteve
3538808;Episódico/Epidêmico;Episódico/Epidêmico;Se manteve
3538907;Episódico/Epidêmico;Episódico/Epidêmico;Se manteve
3539004;Episódico/Epidêmico;Epidêmico;Piorou
3539103;Episódico/Epidêmico;Episódico;Melhorou
3539202;Episódico/Epidêmico;Epidêmico;Piorou
3539301;Epidêmico;Episódico/Epidêmico;Melhorou
3539400;Episódico/Epidêmico;Episódico/Epidêmico;Se manteve
3539509;Episódico/Epidêmico;Epidêmico;Piorou
3539608;Episódico/Epidêmico;Episódico/Epidêmico;Se manteve
3539707;Episódico/Epidêmico;Episódico/Epidêmico;Se manteve
3539806;Episódico/Epidêmico;Episódico/Epidêmico;Se manteve
3539905;Episódico/Epidêmico;Episódico/Epidêmico;Se manteve
3540002;Episódico/Epidêmico;Episódico/Epidêmico;Se manteve
3540101;Episódico;Episódico/Epidêmico;Piorou
3540200;Epidêmico;Epidêmico;Se manteve
3540259;Episódico/Epidêmico;Episódico/Epidêmico;Se manteve
3540309;Episódico/Epidêmico;Episódico/Epidêmico;Se manteve
3540408;Episódico/Epidêmico;Episódico/Epidêmico;Se manteve
3540507;Episódico;Episódico;Se manteve
3540606;Epidêmico;Epidêmico;Se manteve
3540705;Epidêmico;Epidêmico;Se manteve
3540754;Epidêmico;Epidêmico;Se manteve
3540804;Episódico/Epidêmico;Epidêmico;Piorou
3540853;Episódico/Epidêmico;Episódico/Epidêmico;Se manteve
3540903;Episódico/Epidêmico;Episódico/Epidêmico;Se manteve
3541000;Epidêmico;Epidêmico;Se manteve
3541059;Episódico/Epidêmico;Episódico/Epidêmico;Se manteve
3541109;Episódico/Epidêmico;Episódico/Epidêmico;Se manteve
3541208;Episódico/Epidêmico;Episódico/Epidêmico;Se manteve
3541307;Epidêmico;Epidêmico;Se manteve
3541406;Epidêmico;Transmissão Persistente;Piorou
3541505;Episódico/Epidêmico;Epidêmico;Piorou
3541604;Episódico/Epidêmico;Episódico/Epidêmico;Se manteve
3541653;Episódico;Episódico;Se manteve
3541703;Episódico/Epidêmico;Epidêmico;Piorou
3541802;Episódico/Epidêmico;Epidêmico;Piorou
3541901;Episódico/Epidêmico;Episódico/Epidêmico;Se manteve
3542008;Episódico/Epidêmico;Episódico/Epidêmico;Se manteve
3542107;Episódico/Epidêmico;Episódico/Epidêmico;Se manteve
3542206;Epidêmico;Epidêmico;Se manteve
3542305;Episódico;Episódico;Se manteve
3542404;Episódico/Epidêmico;Epidêmico;Piorou
3542503;Episódico/Epidêmico;Episódico/Epidêmico;Se manteve
3542602;Episódico/Epidêmico;Episódico/Epidêmico;Se manteve
3542701;Episódico;Episódico/Epidêmico;Piorou
3542800;Episódico;Episódico;Se manteve
3542909;Episódico/Epidêmico;Episódico/Epidêmico;Se manteve
3543006;Episódico;Episódico;Se manteve
3543105;Episódico;Episódico;Se manteve
3543204;Episódico/Epidêmico;Episódico/Epidêmico;Se manteve
3543238;Episódico/Epidêmico;Episódico/Epidêmico;Se manteve
3543253;Episódico;Episódico;Se manteve
3543303;Episódico/Epidêmico;Epidêmico;Piorou
3543402;Transmissão Persistente;Transmissão Persistente;Se manteve
3543501;Episódico;Episódico/Epidêmico;Piorou
3543600;Episódico/Epidêmico;Episódico;Melhorou
3543709;Episódico/Epidêmico;Episódico/Epidêmico;Se manteve
3543808;Episódico/Epidêmico;Episódico/Epidêmico;Se manteve
3543907;Epidêmico;Epidêmico;Se manteve
3544004;Episódico/Epidêmico;Episódico/Epidêmico;Se manteve
3544103;Episódico/Epidêmico;Episódico;Melhorou
3544202;Episódico/Epidêmico;Episódico/Epidêmico;Se manteve
3544251;Epidêmico;Epidêmico;Se manteve
3544301;Episódico/Epidêmico;Episódico/Epidêmico;Se manteve
3544400;Episódico/Epidêmico;Episódico/Epidêmico;Se manteve
3544509;Episódico/Epidêmico;Episódico/Epidêmico;Se manteve
3544608;Episódico/Epidêmico;Episódico/Epidêmico;Se manteve
3544707;Episódico/Epidêmico;Episódico/Epidêmico;Se manteve
3544806;Episódico/Epidêmico;Episódico/Epidêmico;Se manteve
3544905;Episódico/Epidêmico;Episódico/Epidêmico;Se manteve
3545001;Episódico;Episódico;Se manteve
3545100;Episódico/Epidêmico;Episódico/Epidêmico;Se manteve
3545159;Episódico/Epidêmico;Episódico/Epidêmico;Se manteve
3545209;Epidêmico;Epidêmico;Se manteve
3545308;Episódico/Epidêmico;Episódico/Epidêmico;Se manteve
3545407;Episódico/Epidêmico;Episódico/Epidêmico;Se manteve
3545506;Episódico/Epidêmico;Episódico/Epidêmico;Se manteve
3545605;Episódico/Epidêmico;Epidêmico;Piorou
3545704;Episódico/Epidêmico;Episódico/Epidêmico;Se manteve
3545803;Epidêmico;Epidêmico;Se manteve
3546009;Episódico/Epidêmico;Episódico/Epidêmico;Se manteve
3546108;Episódico/Epidêmico;Episódico/Epidêmico;Se manteve
3546207;Episódico/Epidêmico;Episódico/Epidêmico;Se manteve
3546256;Episódico;Episódico/Epidêmico;Piorou
3546306;Episódico/Epidêmico;Episódico/Epidêmico;Se manteve
3546405;Episódico/Epidêmico;Epidêmico;Piorou
3546504;Episódico/Epidêmico;Episódico/Epidêmico;Se manteve
3546603;Epidêmico;Epidêmico;Se manteve
3546702;Epidêmico;Epidêmico;Se manteve
3546801;Episódico/Epidêmico;Episódico/Epidêmico;Se manteve
3546900;Episódico/Epidêmico;Episódico/Epidêmico;Se manteve
3547007;Episódico/Epidêmico;Episódico/Epidêmico;Se manteve
3547106;Episódico/Epidêmico;Epidêmico;Piorou
3547205;Episódico/Epidêmico;Episódico/Epidêmico;Se manteve
3547304;Epidêmico;Epidêmico;Se manteve
3547403;Episódico/Epidêmico;Episódico/Epidêmico;Se manteve
3547502;Episódico/Epidêmico;Episódico/Epidêmico;Se manteve
3547601;Epidêmico;Episódico/Epidêmico;Melhorou
3547650;Episódico/Epidêmico;Epidêmico;Piorou
3547700;Episódico/Epidêmico;Episódico/Epidêmico;Se manteve
3547809;Epidêmico;Epidêmico;Se manteve
3547908;Episódico/Epidêmico;Episódico/Epidêmico;Se manteve
3548005;Epidêmico;Epidêmico;Se manteve
3548054;Episódico/Epidêmico;Episódico/Epidêmico;Se manteve
3548104;Episódico/Epidêmico;Episódico;Melhorou
3548203;Episódico;Episódico;Se manteve
3548302;Episódico/Epidêmico;Episódico/Epidêmico;Se manteve
3548401;Episódico/Epidêmico;Episódico/Epidêmico;Se manteve
3548500;Epidêmico;Epidêmico;Se manteve
3548609;Episódico/Epidêmico;Episódico;Melhorou
3548708;Epidêmico;Epidêmico;Se manteve
3548807;Epidêmico;Epidêmico;Se manteve
3548906;Epidêmico;Epidêmico;Se manteve
3549003;Episódico/Epidêmico;Episódico/Epidêmico;Se manteve
3549102;Epidêmico;Epidêmico;Se manteve
3549201;Episódico/Epidêmico;Episódico/Epidêmico;Se manteve
3549250;Episódico/Epidêmico;Episódico/Epidêmico;Se manteve
3549300;Episódico/Epidêmico;Epidêmico;Piorou
3549409;Episódico/Epidêmico;Epidêmico;Piorou
3549508;Episódico/Epidêmico;Episódico;Melhorou
3549607;Episódico;Episódico;Se manteve
3549706;Episódico/Epidêmico;Episódico/Epidêmico;Se manteve
3549805;Transmissão Persistente;Transmissão Persistente;Se manteve
3549904;Epidêmico;Epidêmico;Se manteve
3549953;Episódico/Epidêmico;Episódico;Melhorou
3550001;Episódico/Epidêmico;Episódico;Melhorou
3550100;Episódico/Epidêmico;Episódico/Epidêmico;Se manteve
3550209;Episódico/Epidêmico;Episódico/Epidêmico;Se manteve
3550308;Transmissão Persistente;Transmissão Persistente;Se manteve
3550407;Episódico/Epidêmico;Epidêmico;Piorou
3550506;Episódico/Epidêmico;Episódico/Epidêmico;Se manteve
3550605;Episódico/Epidêmico;Episódico/Epidêmico;Se manteve
3550704;Epidêmico;Epidêmico;Se manteve
3550803;Episódico/Epidêmico;Episódico/Epidêmico;Se manteve
3550902;Episódico/Epidêmico;Episódico/Epidêmico;Se manteve
3551009;Epidêmico;Epidêmico;Se manteve
3551108;Episódico/Epidêmico;Episódico/Epidêmico;Se manteve
3551207;Episódico;Episódico;Se manteve
3551306;Episódico/Epidêmico;Episódico/Epidêmico;Se manteve
3551405;Episódico/Epidêmico;Episódico/Epidêmico;Se manteve
3551504;Epidêmico;Episódico/Epidêmico;Melhorou
3551603;Episódico/Epidêmico;Episódico/Epidêmico;Se manteve
3551702;Epidêmico;Epidêmico;Se manteve
3551801;Episódico/Epidêmico;Episódico/Epidêmico;Se manteve
3551900;Episódico/Epidêmico;Epidêmico;Piorou
3552007;Episódico/Epidêmico;Episódico;Melhorou
3552106;Episódico/Epidêmico;Episódico/Epidêmico;Se manteve
3552205;Transmissão Persistente;Transmissão Persistente;Se manteve
3552304;Episódico/Epidêmico;Epidêmico;Piorou
3552403;Epidêmico;Epidêmico;Se manteve
3552502;Episódico/Epidêmico;Epidêmico;Piorou
3552551;Episódico/Epidêmico;Episódico/Epidêmico;Se manteve
3552601;Episódico/Epidêmico;Epidêmico;Piorou
3552700;Episódico/Epidêmico;Episódico/Epidêmico;Se manteve
3552809;Epidêmico;Episódico/Epidêmico;Melhorou
3552908;Episódico/Epidêmico;Episódico/Epidêmico;Se manteve
3553005;Episódico/Epidêmico;Episódico/Epidêmico;Se manteve
3553104;Episódico/Epidêmico;Episódico/Epidêmico;Se manteve
3553203;Episódico/Epidêmico;Episódico/Epidêmico;Se manteve
3553302;Episódico/Epidêmico;Episódico/Epidêmico;Se manteve
3553401;Epidêmico;Epidêmico;Se manteve
3553500;Episódico;Episódico;Se manteve
3553609;Episódico/Epidêmico;Episódico;Melhorou
3553658;Episódico/Epidêmico;Episódico/Epidêmico;Se manteve
3553708;Epidêmico;Epidêmico;Se manteve
3553807;Episódico/Epidêmico;Episódico/Epidêmico;Se manteve
3553856;Episódico;Episódico/Epidêmico;Piorou
3553906;Episódico/Epidêmico;Epidêmico;Piorou
3553955;Episódico/Epidêmico;Episódico/Epidêmico;Se manteve
3554003;Epidêmico;Epidêmico;Se manteve
3554102;Epidêmico;Epidêmico;Se manteve
3554201;Episódico;Episódico;Se manteve
3554300;Episódico/Epidêmico;Epidêmico;Piorou
3554409;Episódico/Epidêmico;Episódico/Epidêmico;Se manteve
3554508;Episódico/Epidêmico;Episódico/Epidêmico;Se manteve
3554607;Episódico;Episódico/Epidêmico;Piorou
3554656;Episódico;Episódico;Se manteve
3554706;Episódico/Epidêmico;Episódico/Epidêmico;Se manteve
3554755;Episódico/Epidêmico;Episódico/Epidêmico;Se manteve
3554805;Epidêmico;Episódico/Epidêmico;Melhorou
3554904;Episódico/Epidêmico;Episódico/Epidêmico;Se manteve
3554953;Episódico;Episódico;Se manteve
3555000;Epidêmico;Epidêmico;Se manteve
3555109;Episódico/Epidêmico;Epidêmico;Piorou
3555208;Episódico/Epidêmico;Episódico/Epidêmico;Se manteve
3555307;Episódico/Epidêmico;Episódico/Epidêmico;Se manteve
3555356;Episódico/Epidêmico;Episódico/Epidêmico;Se manteve
3555406;Epidêmico;Epidêmico;Se manteve
3555505;Episódico/Epidêmico;Episódico;Melhorou
3555604;Episódico/Epidêmico;Epidêmico;Piorou
3555703;Episódico/Epidêmico;Episódico/Epidêmico;Se manteve
3555802;Episódico/Epidêmico;Epidêmico;Piorou
3555901;Episódico;Episódico/Epidêmico;Piorou
3556008;Episódico/Epidêmico;Episódico/Epidêmico;Se manteve
3556107;Episódico/Epidêmico;Epidêmico;Piorou
3556206;Epidêmico;Epidêmico;Se manteve
3556305;Episódico/Epidêmico;Epidêmico;Piorou
3556354;Episódico;Episódico;Se manteve
3556404;Episódico/Epidêmico;Episódico/Epidêmico;Se manteve
3556453;Episódico/Epidêmico;Episódico/Epidêmico;Se manteve
3556503;Episódico/Epidêmico;Epidêmico;Piorou
3556602;Episódico/Epidêmico;Episódico/Epidêmico;Se manteve
3556701;Epidêmico;Epidêmico;Se manteve
3556800;Episódico/Epidêmico;Episódico/Epidêmico;Se manteve
3556909;Episódico/Epidêmico;Episódico/Epidêmico;Se manteve
3556958;Episódico/Epidêmico;Episódico/Epidêmico;Se manteve
3557006;Epidêmico;Epidêmico;Se manteve
3557105;Epidêmico;Transmissão Persistente;Piorou
3557154;Episódico/Epidêmico;Episódico/Epidêmico;Se manteve
3557204;Episódico/Epidêmico;Episódico/Epidêmico;Se manteve
3557303;Episódico/Epidêmico;Episódico/Epidêmico;Se manteve
4100103;Episódico/Epidêmico;Episódico/Epidêmico;Se manteve
4100202;Episódico;Episódico;Se manteve
4100301;Sem transmissão;Sem transmissão;Se manteve
4100400;Episódico/Epidêmico;Episódico/Epidêmico;Se manteve
4100459;Episódico;Episódico/Epidêmico;Piorou
4100509;Episódico/Epidêmico;Epidêmico;Piorou
4100608;Episódico/Epidêmico;Epidêmico;Piorou
4100707;Episódico/Epidêmico;Episódico/Epidêmico;Se manteve
4100806;Epidêmico;Episódico/Epidêmico;Melhorou
4100905;Episódico/Epidêmico;Episódico/Epidêmico;Se manteve
4101002;Episódico/Epidêmico;Episódico/Epidêmico;Se manteve
4101051;Episódico/Epidêmico;Episódico/Epidêmico;Se manteve
4101101;Episódico/Epidêmico;Epidêmico;Piorou
4101150;Episódico/Epidêmico;Episódico/Epidêmico;Se manteve
4101200;Episódico/Epidêmico;Episódico/Epidêmico;Se manteve
4101309;Episódico;Episódico;Se manteve
4101408;Epidêmico;Epidêmico;Se manteve
4101507;Epidêmico;Epidêmico;Se manteve
4101606;Episódico/Epidêmico;Episódico/Epidêmico;Se manteve
4101655;Episódico;Episódico/Epidêmico;Piorou
4101705;Episódico/Epidêmico;Episódico/Epidêmico;Se manteve
4101804;Episódico/Epidêmico;Episódico/Epidêmico;Se manteve
4101853;Episódico;Episódico/Epidêmico;Piorou
4101903;Epidêmico;Epidêmico;Se manteve
4102000;Epidêmico;Epidêmico;Se manteve
4102109;Episódico/Epidêmico;Epidêmico;Piorou
4102208;Episódico/Epidêmico;Episódico/Epidêmico;Se manteve
4102307;Episódico;Episódico;Se manteve
4102406;Epidêmico;Epidêmico;Se manteve
4102505;Epidêmico;Epidêmico;Se manteve
4102604;Episódico;Episódico/Epidêmico;Piorou
4102703;Episódico/Epidêmico;Episódico/Epidêmico;Se manteve
4102752;Episódico;Episódico/Epidêmico;Piorou
4102802;Epidêmico;Epidêmico;Se manteve
4102901;Episódico;Episódico/Epidêmico;Piorou
4103008;Episódico/Epidêmico;Episódico/Epidêmico;Se manteve
4103024;Episódico;Episódico/Epidêmico;Piorou
4103040;Episódico;Episódico;Se manteve
4103057;Episódico/Epidêmico;Episódico/Epidêmico;Se manteve
4103107;Episódico;Episódico;Se manteve
4103156;Episódico;Episódico/Epidêmico;Piorou
4103206;Episódico;Episódico/Epidêmico;Piorou
4103222;Episódico;Episódico;Se manteve
4103305;Episódico/Epidêmico;Episódico/Epidêmico;Se manteve
4103354;Episódico;Episódico/Epidêmico;Piorou
4103370;Episódico/Epidêmico;Episódico/Epidêmico;Se manteve
4103404;Episódico/Epidêmico;Episódico/Epidêmico;Se manteve
4103453;Episódico/Epidêmico;Epidêmico;Piorou
4103479;Episódico;Episódico/Epidêmico;Piorou
4103503;Episódico/Epidêmico;Episódico/Epidêmico;Se manteve
4103602;Episódico/Epidêmico;Epidêmico;Piorou
4103701;Epidêmico;Epidêmico;Se manteve
4103800;Episódico/Epidêmico;Episódico/Epidêmico;Se manteve
4103909;Episódico/Epidêmico;Epidêmico;Piorou
4103958;Episódico;Episódico;Se manteve
4104006;Episódico/Epidêmico;Episódico/Epidêmico;Se manteve
4104055;Episódico;Episódico/Epidêmico;Piorou
4104105;Sem transmissão;Episódico;Piorou
4104204;Episódico/Epidêmico;Episódico/Epidêmico;Se manteve
4104253;Episódico;Episódico/Epidêmico;Piorou
4104303;Epidêmico;Epidêmico;Se manteve
4104402;Episódico;Episódico;Se manteve
4104428;Episódico;Episódico;Se manteve
4104451;Episódico;Episódico/Epidêmico;Piorou
4104501;Episódico/Epidêmico;Epidêmico;Piorou
4104600;Episódico/Epidêmico;Episódico/Epidêmico;Se manteve
4104659;Episódico;Episódico/Epidêmico;Piorou
4104709;Episódico;Episódico/Epidêmico;Piorou
4104808;Epidêmico;Epidêmico;Se manteve
4104907;Episódico;Episódico/Epidêmico;Piorou
4105003;Episódico/Epidêmico;Episódico/Epidêmico;Se manteve
4105102;Epidêmico;Epidêmico;Se manteve
4105201;Episódico;Episódico;Se manteve
4105300;Episódico/Epidêmico;Epidêmico;Piorou
4105409;Episódico;Episódico/Epidêmico;Piorou
4105508;Epidêmico;Epidêmico;Se manteve
4105607;Episódico/Epidêmico;Episódico/Epidêmico;Se manteve
4105706;Episódico;Episódico;Se manteve
4105805;Episódico/Epidêmico;Episódico/Epidêmico;Se manteve
4105904;Episódico/Epidêmico;Epidêmico;Piorou
4106001;Episódico/Epidêmico;Episódico/Epidêmico;Se manteve
4106100;Sem transmissão;Episódico;Piorou
4106209;Episódico;Episódico;Se manteve
4106308;Episódico/Epidêmico;Epidêmico;Piorou
4106407;Epidêmico;Epidêmico;Se manteve
4106456;Episódico;Episódico;Se manteve
4106506;Episódico/Epidêmico;Episódico/Epidêmico;Se manteve
4106555;Episódico/Epidêmico;Episódico/Epidêmico;Se manteve
4106571;Episódico;Episódico/Epidêmico;Piorou
4106605;Episódico/Epidêmico;Episódico/Epidêmico;Se manteve
4106704;Episódico/Epidêmico;Episódico/Epidêmico;Se manteve
4106803;Episódico;Episódico;Se manteve
4106852;Episódico;Episódico/Epidêmico;Piorou
4106902;Epidêmico;Epidêmico;Se manteve
4107009;Episódico;Episódico;Se manteve
4107108;Episódico/Epidêmico;Episódico/Epidêmico;Se manteve
4107124;Episódico;Episódico/Epidêmico;Piorou
4107157;Episódico/Epidêmico;Episódico/Epidêmico;Se manteve
4107207;Episódico/Epidêmico;Episódico/Epidêmico;Se manteve
4107256;Episódico/Epidêmico;Episódico/Epidêmico;Se manteve
4107306;Episódico/Epidêmico;Episódico/Epidêmico;Se manteve
4107405;Episódico;Episódico/Epidêmico;Piorou
4107504;Episódico/Epidêmico;Epidêmico;Piorou
4107520;Episódico/Epidêmico;Episódico/Epidêmico;Se manteve
4107538;Episódico/Epidêmico;Episódico/Epidêmico;Se manteve
4107546;Episódico;Episódico/Epidêmico;Piorou
4107553;Episódico/Epidêmico;Episódico/Epidêmico;Se manteve
4107603;Episódico/Epidêmico;Epidêmico;Piorou
4107652;Episódico;Episódico/Epidêmico;Piorou
4107702;Episódico/Epidêmico;Episódico/Epidêmico;Se manteve
4107736;Episódico;Episódico;Se manteve
4107751;Episódico;Episódico/Epidêmico;Piorou
4107801;Episódico/Epidêmico;Epidêmico;Piorou
4107850;Episódico;Episódico;Se manteve
4107900;Episódico/Epidêmico;Epidêmico;Piorou
4108007;Epidêmico;Epidêmico;Se manteve
4108106;Episódico/Epidêmico;Episódico/Epidêmico;Se manteve
4108205;Episódico/Epidêmico;Episódico/Epidêmico;Se manteve
4108304;Epidêmico;Transmissão Persistente;Piorou
4108320;Episódico/Epidêmico;Episódico/Epidêmico;Se manteve
4108403;Epidêmico;Epidêmico;Se manteve
4108452;Episódico;Episódico;Se manteve
4108502;Episódico;Episódico;Se manteve
4108551;Episódico/Epidêmico;Episódico/Epidêmico;Se manteve
4108601;Epidêmico;Epidêmico;Se manteve
4108650;Episódico;Episódico;Se manteve
4108700;Episódico/Epidêmico;Episódico/Epidêmico;Se manteve
4108809;Epidêmico;Epidêmico;Se manteve
4108908;Episódico/Epidêmico;Episódico/Epidêmico;Se manteve
4108957;Episódico;Episódico;Se manteve
4109005;Episódico;Episódico;Se manteve
4109104;Episódico/Epidêmico;Episódico/Epidêmico;Se manteve
4109203;Epidêmico;Epidêmico;Se manteve
4109302;Episódico/Epidêmico;Episódico/Epidêmico;Se manteve
4109401;Episódico/Epidêmico;Episódico/Epidêmico;Se manteve
4109500;Episódico;Episódico/Epidêmico;Piorou
4109609;Episódico/Epidêmico;Epidêmico;Piorou
4109658;Episódico;Episódico;Se manteve
4109708;Episódico/Epidêmico;Episódico/Epidêmico;Se manteve
4109757;Episódico;Episódico/Epidêmico;Piorou
4109807;Epidêmico;Epidêmico;Se manteve
4109906;Episódico/Epidêmico;Episódico/Epidêmico;Se manteve
4110003;Episódico/Epidêmico;Episódico/Epidêmico;Se manteve
4110052;Episódico;Episódico/Epidêmico;Piorou
4110078;Episódico;Episódico;Se manteve
4110102;Episódico/Epidêmico;Episódico/Epidêmico;Se manteve
4110201;Episódico;Episódico;Se manteve
4110300;Episódico/Epidêmico;Episódico/Epidêmico;Se manteve
4110409;Episódico/Epidêmico;Episódico/Epidêmico;Se manteve
4110508;Episódico;Episódico;Se manteve
4110607;Episódico/Epidêmico;Episódico/Epidêmico;Se manteve
4110656;Episódico/Epidêmico;Episódico/Epidêmico;Se manteve
4110706;Episódico/Epidêmico;Episódico/Epidêmico;Se manteve
4110805;Episódico/Epidêmico;Episódico/Epidêmico;Se manteve
4110904;Episódico/Epidêmico;Episódico/Epidêmico;Se manteve
4110953;Episódico/Epidêmico;Epidêmico;Piorou
4111001;Episódico/Epidêmico;Episódico/Epidêmico;Se manteve
4111100;Episódico/Epidêmico;Episódico/Epidêmico;Se manteve
4111209;Episódico/Epidêmico;Episódico/Epidêmico;Se manteve
4111258;Episódico;Episódico;Se manteve
4111308;Episódico/Epidêmico;Episódico/Epidêmico;Se manteve
4111407;Episódico;Episódico;Se manteve
4111506;Episódico/Epidêmico;Epidêmico;Piorou
4111555;Episódico/Epidêmico;Episódico/Epidêmico;Se manteve
4111605;Episódico/Epidêmico;Episódico/Epidêmico;Se manteve
4111704;Episódico;Episódico;Se manteve
4111803;Epidêmico;Epidêmico;Se manteve
4111902;Epidêmico;Epidêmico;Se manteve
4112009;Episódico/Epidêmico;Episódico/Epidêmico;Se manteve
4112108;Epidêmico;Epidêmico;Se manteve
4112207;Episódico/Epidêmico;Episódico/Epidêmico;Se manteve
4112306;Episódico;Episódico;Se manteve
4112405;Episódico/Epidêmico;Episódico/Epidêmico;Se manteve
4112504;Episódico/Epidêmico;Episódico/Epidêmico;Se manteve
4112603;Episódico;Episódico/Epidêmico;Piorou
4112702;Epidêmico;Epidêmico;Se manteve
4112751;Episódico/Epidêmico;Episódico/Epidêmico;Se manteve
4112801;Episódico/Epidêmico;Episódico/Epidêmico;Se manteve
4112900;Episódico;Episódico/Epidêmico;Piorou
4112959;Episódico/Epidêmico;Epidêmico;Piorou
4113007;Episódico/Epidêmico;Episódico/Epidêmico;Se manteve
4113106;Episódico/Epidêmico;Episódico/Epidêmico;Se manteve
4113205;Episódico;Episódico;Se manteve
4113254;Episódico;Episódico;Se manteve
4113304;Episódico/Epidêmico;Episódico/Epidêmico;Se manteve
4113403;Episódico/Epidêmico;Episódico/Epidêmico;Se manteve
4113429;Episódico;Episódico/Epidêmico;Piorou
4113452;Episódico/Epidêmico;Episódico/Epidêmico;Se manteve
4113502;Epidêmico;Epidêmico;Se manteve
4113601;Episódico/Epidêmico;Episódico/Epidêmico;Se manteve
4113700;Epidêmico;Transmissão Persistente;Piorou
4113734;Episódico/Epidêmico;Episódico/Epidêmico;Se manteve
4113759;Episódico/Epidêmico;Episódico/Epidêmico;Se manteve
4113809;Epidêmico;Epidêmico;Se manteve
4113908;Episódico;Episódico/Epidêmico;Piorou
4114005;Episódico/Epidêmico;Episódico/Epidêmico;Se manteve
4114104;Episódico/Epidêmico;Epidêmico;Piorou
4114203;Epidêmico;Epidêmico;Se manteve
4114302;Episódico;Episódico;Se manteve
4114351;Episódico;Episódico;Se manteve
4114401;Episódico;Episódico/Epidêmico;Piorou
4114500;Episódico;Episódico/Epidêmico;Piorou
4114609;Episódico/Epidêmico;Epidêmico;Piorou
4114708;Episódico/Epidêmico;Episódico/Epidêmico;Se manteve
4114807;Epidêmico;Epidêmico;Se manteve
4114906;Episódico/Epidêmico;Episódico/Epidêmico;Se manteve
4115002;Epidêmico;Epidêmico;Se manteve
4115101;Episódico/Epidêmico;Episódico/Epidêmico;Se manteve
4115200;Epidêmico;Transmissão Persistente;Piorou
4115309;Episódico;Episódico;Se manteve
4115358;Episódico/Epidêmico;Episódico/Epidêmico;Se manteve
4115408;Episódico/Epidêmico;Episódico/Epidêmico;Se manteve
4115457;Episódico;Episódico;Se manteve
4115507;Episódico/Epidêmico;Episódico/Epidêmico;Se manteve
4115606;Episódico/Epidêmico;Epidêmico;Piorou
4115705;Episódico;Episódico/Epidêmico;Piorou
4115739;Episódico;Episódico;Se manteve
4115754;Episódico/Epidêmico;Episódico/Epidêmico;Se manteve
4115804;Epidêmico;Epidêmico;Se manteve
4115853;Episódico/Epidêmico;Episódico/Epidêmico;Se manteve
4115903;Episódico/Epidêmico;Episódico/Epidêmico;Se manteve
4116000;Episódico/Epidêmico;Episódico/Epidêmico;Se manteve
4116059;Episódico/Epidêmico;Epidêmico;Piorou
4116109;Episódico/Epidêmico;Episódico/Epidêmico;Se manteve
4116208;Episódico/Epidêmico;Episódico/Epidêmico;Se manteve
4116307;Episódico/Epidêmico;Episódico/Epidêmico;Se manteve
4116406;Episódico/Epidêmico;Episódico/Epidêmico;Se manteve
4116505;Episódico/Epidêmico;Episódico/Epidêmico;Se manteve
4116604;Episódico/Epidêmico;Episódico/Epidêmico;Se manteve
4116703;Episódico/Epidêmico;Epidêmico;Piorou
4116802;Episódico;Episódico/Epidêmico;Piorou
4116901;Epidêmico;Epidêmico;Se manteve
4116950;Episódico;Episódico/Epidêmico;Piorou
4117008;Episódico/Epidêmico;Episódico/Epidêmico;Se manteve
4117057;Episódico/Epidêmico;Episódico/Epidêmico;Se manteve
4117107;Episódico/Epidêmico;Epidêmico;Piorou
4117206;Episódico/Epidêmico;Epidêmico;Piorou
4117214;Episódico/Epidêmico;Episódico/Epidêmico;Se manteve
4117222;Episódico/Epidêmico;Episódico/Epidêmico;Se manteve
4117255;Episódico/Epidêmico;Episódico/Epidêmico;Se manteve
4117271;Episódico;Episódico/Epidêmico;Piorou
4117297;Episódico/Epidêmico;Episódico/Epidêmico;Se manteve
4117305;Episódico;Episódico/Epidêmico;Piorou
4117404;Episódico/Epidêmico;Episódico/Epidêmico;Se manteve
4117453;Episódico/Epidêmico;Episódico/Epidêmico;Se manteve
4117503;Episódico/Epidêmico;Epidêmico;Piorou
4117602;Episódico/Epidêmico;Episódico/Epidêmico;Se manteve
4117701;Episódico;Episódico/Epidêmico;Piorou
4117800;Episódico;Episódico;Se manteve
4117909;Episódico/Epidêmico;Epidêmico;Piorou
4118006;Episódico/Epidêmico;Episódico/Epidêmico;Se manteve
4118105;Episódico/Epidêmico;Epidêmico;Piorou
4118204;Epidêmico;Epidêmico;Se manteve
4118303;Episódico/Epidêmico;Episódico/Epidêmico;Se manteve
4118402;Epidêmico;Epidêmico;Se manteve
4118451;Episódico/Epidêmico;Episódico/Epidêmico;Se manteve
4118501;Episódico/Epidêmico;Epidêmico;Piorou
4118600;Episódico;Episódico;Se manteve
4118709;Episódico;Episódico;Se manteve
4118808;Epidêmico;Epidêmico;Se manteve
4118857;Episódico/Epidêmico;Epidêmico;Piorou
4118907;Episódico/Epidêmico;Epidêmico;Piorou
4119004;Episódico;Episódico;Se manteve
4119103;Episódico;Episódico;Se manteve
4119152;Episódico/Epidêmico;Episódico/Epidêmico;Se manteve
4119202;Episódico;Episódico;Se manteve
4119251;Episódico;Episódico/Epidêmico;Piorou
4119301;Episódico/Epidêmico;Episódico/Epidêmico;Se manteve
4119400;Episódico;Episódico;Se manteve
4119509;Episódico;Episódico/Epidêmico;Piorou
4119608;Episódico/Epidêmico;Episódico/Epidêmico;Se manteve
4119657;Episódico/Epidêmico;Episódico/Epidêmico;Se manteve
4119707;Episódico/Epidêmico;Episódico/Epidêmico;Se manteve
4119806;Episódico/Epidêmico;Episódico/Epidêmico;Se manteve
4119905;Episódico/Epidêmico;Epidêmico;Piorou
4119954;Episódico;Episódico/Epidêmico;Piorou
4120002;Epidêmico;Epidêmico;Se manteve
4120101;Sem transmissão;Episódico;Piorou
4120150;Episódico/Epidêmico;Episódico;Melhorou
4120200;Episódico/Epidêmico;Epidêmico;Piorou
4120309;Sem transmissão;Episódico;Piorou
4120333;Episódico/Epidêmico;Episódico/Epidêmico;Se manteve
4120358;Episódico/Epidêmico;Episódico/Epidêmico;Se manteve
4120408;Episódico/Epidêmico;Episódico/Epidêmico;Se manteve
4120507;Epidêmico;Epidêmico;Se manteve
4120606;Episódico/Epidêmico;Episódico/Epidêmico;Se manteve
4120655;Episódico/Epidêmico;Episódico/Epidêmico;Se manteve
4120705;Episódico/Epidêmico;Episódico/Epidêmico;Se manteve
4120804;Episódico;Episódico/Epidêmico;Piorou
4120853;Episódico/Epidêmico;Episódico/Epidêmico;Se manteve
4120903;Episódico/Epidêmico;Episódico/Epidêmico;Se manteve
4121000;Episódico/Epidêmico;Epidêmico;Piorou
4121109;Episódico/Epidêmico;Epidêmico;Piorou
4121208;Episódico;Episódico;Se manteve
4121257;Episódico/Epidêmico;Episódico/Epidêmico;Se manteve
4121307;Episódico/Epidêmico;Episódico/Epidêmico;Se manteve
4121356;Episódico/Epidêmico;Episódico/Epidêmico;Se manteve
4121406;Episódico/Epidêmico;Epidêmico;Piorou
4121505;Episódico;Episódico;Se manteve
4121604;Episódico;Episódico/Epidêmico;Piorou
4121703;Episódico;Episódico;Se manteve
4121752;Sem transmissão;Episódico;Piorou
4121802;Episódico/Epidêmico;Episódico/Epidêmico;Se manteve
4121901;Episódico/Epidêmico;Episódico/Epidêmico;Se manteve
4122008;Episódico;Episódico;Se manteve
4122107;Episódico;Episódico/Epidêmico;Piorou
4122156;Episódico/Epidêmico;Episódico/Epidêmico;Se manteve
4122172;Episódico;Episódico;Se manteve
4122206;Episódico;Episódico;Se manteve
4122305;Episódico;Episódico;Se manteve
4122404;Epidêmico;Epidêmico;Se manteve
4122503;Episódico/Epidêmico;Episódico/Epidêmico;Se manteve
4122602;Episódico/Epidêmico;Episódico/Epidêmico;Se manteve
4122651;Episódico;Episódico/Epidêmico;Piorou
4122701;Episódico/Epidêmico;Episódico/Epidêmico;Se manteve
4122800;Episódico;Episódico/Epidêmico;Piorou
4122909;Episódico;Episódico;Se manteve
4123006;Episódico/Epidêmico;Episódico/Epidêmico;Se manteve
4123105;Episódico/Epidêmico;Episódico/Epidêmico;Se manteve
4123204;Episódico/Epidêmico;Episódico/Epidêmico;Se manteve
4123303;Episódico/Epidêmico;Epidêmico;Piorou
4123402;Episódico/Epidêmico;Epidêmico;Piorou
4123501;Epidêmico;Epidêmico;Se manteve
4123600;Episódico;Episódico/Epidêmico;Piorou
4123709;Episódico/Epidêmico;Epidêmico;Piorou
4123808;Episódico/Epidêmico;Episódico/Epidêmico;Se manteve
4123824;Episódico/Epidêmico;Episódico/Epidêmico;Se manteve
4123857;Episódico;Episódico;Se manteve
4123907;Episódico/Epidêmico;Episódico/Epidêmico;Se manteve
4123956;Episódico/Epidêmico;Episódico/Epidêmico;Se manteve
4124004;Episódico;Episódico;Se manteve
4124020;Episódico/Epidêmico;Episódico/Epidêmico;Se manteve
4124053;Epidêmico;Epidêmico;Se manteve
4124103;Epidêmico;Epidêmico;Se manteve
4124202;Episódico/Epidêmico;Episódico/Epidêmico;Se manteve
4124301;Episódico;Episódico/Epidêmico;Piorou
4124400;Episódico/Epidêmico;Episódico/Epidêmico;Se manteve
4124509;Episódico/Epidêmico;Epidêmico;Piorou
4124608;Episódico/Epidêmico;Episódico/Epidêmico;Se manteve
4124707;Episódico/Epidêmico;Episódico/Epidêmico;Se manteve
4124806;Episódico;Episódico/Epidêmico;Piorou
4124905;Episódico/Epidêmico;Episódico/Epidêmico;Se manteve
4125001;Episódico/Epidêmico;Episódico/Epidêmico;Se manteve
4125100;Episódico;Episódico;Se manteve
4125209;Episódico/Epidêmico;Episódico/Epidêmico;Se manteve
4125308;Episódico/Epidêmico;Episódico/Epidêmico;Se manteve
4125357;Episódico/Epidêmico;Episódico/Epidêmico;Se manteve
4125407;Episódico;Episódico;Se manteve
4125456;Episódico/Epidêmico;Episódico/Epidêmico;Se manteve
4125506;Episódico/Epidêmico;Epidêmico;Piorou
4125555;Episódico/Epidêmico;Episódico/Epidêmico;Se manteve
4125605;Episódico;Episódico/Epidêmico;Piorou
4125704;Epidêmico;Epidêmico;Se manteve
4125753;Episódico/Epidêmico;Episódico/Epidêmico;Se manteve
4125803;Episódico/Epidêmico;Episódico/Epidêmico;Se manteve
4125902;Episódico/Epidêmico;Episódico/Epidêmico;Se manteve
4126009;Episódico/Epidêmico;Epidêmico;Piorou
4126108;Episódico/Epidêmico;Episódico/Epidêmico;Se manteve
4126207;Episódico;Episódico;Se manteve
4126256;Epidêmico;Epidêmico;Se manteve
4126272;Episódico;Episódico/Epidêmico;Piorou
4126306;Episódico;Episódico/Epidêmico;Piorou
4126355;Episódico/Epidêmico;Epidêmico;Piorou
4126405;Episódico/Epidêmico;Epidêmico;Piorou
4126504;Epidêmico;Epidêmico;Se manteve
4126603;Episódico/Epidêmico;Episódico/Epidêmico;Se manteve
4126652;Episódico;Episódico;Se manteve
4126678;Epidêmico;Epidêmico;Se manteve
4126702;Episódico/Epidêmico;Episódico/Epidêmico;Se manteve
4126801;Episódico/Epidêmico;Episódico/Epidêmico;Se manteve
4126900;Episódico/Epidêmico;Episódico/Epidêmico;Se manteve
4127007;Episódico;Episódico;Se manteve
4127106;Episódico/Epidêmico;Epidêmico;Piorou
4127205;Episódico/Epidêmico;Episódico/Epidêmico;Se manteve
4127304;Episódico/Epidêmico;Episódico/Epidêmico;Se manteve
4127403;Episódico/Epidêmico;Epidêmico;Piorou
4127502;Episódico;Episódico/Epidêmico;Piorou
4127601;Episódico;Episódico;Se manteve
4127700;Epidêmico;Epidêmico;Se manteve
4127809;Episódico;Episódico/Epidêmico;Piorou
4127858;Episódico/Epidêmico;Episódico/Epidêmico;Se manteve
4127882;Sem transmissão;Sem transmissão;Se manteve
4127908;Episódico/Epidêmico;Episódico/Epidêmico;Se manteve
4127957;Episódico/Epidêmico;Episódico/Epidêmico;Se manteve
4127965;Episódico;Episódico;Se manteve
4128005;Episódico/Epidêmico;Epidêmico;Piorou
4128104;Epidêmico;Epidêmico;Se manteve
4128203;Episódico;Episódico/Epidêmico;Piorou
4128302;Episódico/Epidêmico;Episódico/Epidêmico;Se manteve
4128401;Episódico/Epidêmico;Epidêmico;Piorou
4128500;Episódico;Episódico/Epidêmico;Piorou
4128534;Episódico;Episódico;Se manteve
4128559;Episódico/Epidêmico;Episódico/Epidêmico;Se manteve
4128609;Episódico/Epidêmico;Episódico/Epidêmico;Se manteve
4128625;Episódico;Episódico/Epidêmico;Piorou
4128633;Episódico;Sem transmissão;Melhorou
4128658;Episódico;Episódico;Se manteve
4128708;Episódico;Episódico;Se manteve
4128807;Episódico/Epidêmico;Episódico/Epidêmico;Se manteve
4200051;Sem transmissão;Sem transmissão;Se manteve
4200101;Episódico;Episódico/Epidêmico;Piorou
4200200;Episódico;Episódico;Se manteve
4200309;Episódico;Episódico;Se manteve
4200408;Episódico;Episódico;Se manteve
4200507;Episódico;Episódico;Se manteve
4200556;Episódico;Episódico;Se manteve
4200606;Sem transmissão;Episódico;Piorou
4200705;Episódico;Episódico;Se manteve
4200754;Sem transmissão;Episódico;Piorou
4200804;Episódico;Episódico/Epidêmico;Piorou
4200903;Sem transmissão;Episódico;Piorou
4201000;Sem transmissão;Sem transmissão;Se manteve
4201109;Sem transmissão;Episódico;Piorou
4201208;Episódico;Episódico/Epidêmico;Piorou
4201257;Episódico;Episódico;Se manteve
4201273;Episódico;Episódico;Se manteve
4201307;Episódico;Episódico/Epidêmico;Piorou
4201406;Episódico/Epidêmico;Episódico/Epidêmico;Se manteve
4201505;Sem transmissão;Episódico;Piorou
4201604;Episódico;Episódico;Se manteve
4201653;Episódico;Episódico;Se manteve
4201703;Episódico;Episódico;Se manteve
4201802;Episódico;Episódico;Se manteve
4201901;Sem transmissão;Episódico;Piorou
4201950;Episódico;Episódico;Se manteve
4202008;Episódico/Epidêmico;Epidêmico;Piorou
4202057;Episódico;Episódico/Epidêmico;Piorou
4202073;Episódico;Episódico;Se manteve
4202081;Sem transmissão;Episódico;Piorou
4202099;Episódico;Episódico;Se manteve
4202107;Sem transmissão;Episódico;Piorou
4202131;Episódico;Sem transmissão;Melhorou
4202156;Episódico;Episódico/Epidêmico;Piorou
4202206;Episódico;Episódico;Se manteve
4202305;Episódico/Epidêmico;Episódico/Epidêmico;Se manteve
4202404;Episódico/Epidêmico;Epidêmico;Piorou
4202438;Sem transmissão;Sem transmissão;Se manteve
4202453;Episódico/Epidêmico;Episódico/Epidêmico;Se manteve
4202503;Episódico;Episódico;Se manteve
4202537;Episódico;Episódico;Se manteve
4202578;Episódico;Episódico;Se manteve
4202602;Episódico;Episódico;Se manteve
4202701;Episódico;Episódico/Epidêmico;Piorou
4202800;Episódico;Episódico/Epidêmico;Piorou
4202859;Sem transmissão;Episódico;Piorou
4202875;Sem transmissão;Sem transmissão;Se manteve
4202909;Episódico/Epidêmico;Epidêmico;Piorou
4203006;Episódico;Episódico/Epidêmico;Piorou
4203105;Episódico;Episódico/Epidêmico;Piorou
4203154;Sem transmissão;Sem transmissão;Se manteve
4203204;Episódico;Epidêmico;Piorou
4203253;Sem transmissão;Sem transmissão;Se manteve
4203303;Episódico;Episódico/Epidêmico;Piorou
4203402;Sem transmissão;Episódico;Piorou
4203501;Episódico;Episódico/Epidêmico;Piorou
4203600;Episódico;Episódico;Se manteve
4203709;Episódico;Episódico/Epidêmico;Piorou
4203808;Episódico;Episódico/Epidêmico;Piorou
4203907;Episódico;Episódico;Se manteve
4203956;Episódico;Episódico;Se manteve
4204004;Episódico;Episódico;Se manteve
4204103;Episódico;Episódico/Epidêmico;Piorou
4204152;Sem transmissão;Sem transmissão;Se manteve
4204178;Sem transmissão;Sem transmissão;Se manteve
4204194;Sem transmissão;Episódico;Piorou
4204202;Episódico/Epidêmico;Epidêmico;Piorou
4204251;Episódico;Episódico;Se manteve
4204301;Episódico/Epidêmico;Episódico/Epidêmico;Se manteve
4204350;Episódico;Episódico/Epidêmico;Piorou
4204400;Episódico/Epidêmico;Episódico/Epidêmico;Se manteve
4204459;Episódico;Episódico;Se manteve
4204509;Episódico;Episódico;Se manteve
4204558;Sem transmissão;Episódico;Piorou
4204608;Episódico/Epidêmico;Episódico/Epidêmico;Se manteve
4204707;Episódico;Episódico/Epidêmico;Piorou
4204756;Episódico;Episódico;Se manteve
4204806;Episódico;Episódico;Se manteve
4204905;Episódico;Episódico/Epidêmico;Piorou
4205001;Episódico;Episódico/Epidêmico;Piorou
4205100;Sem transmissão;Episódico;Piorou
4205159;Episódico;Sem transmissão;Melhorou
4205175;Sem transmissão;Episódico;Piorou
4205191;Episódico;Episódico;Se manteve
4205209;Episódico;Episódico;Se manteve
4205308;Episódico;Episódico;Se manteve
4205357;Episódico;Episódico/Epidêmico;Piorou
4205407;Epidêmico;Transmissão Persistente;Piorou
4205431;Episódico;Episódico/Epidêmico;Piorou
4205456;Episódico;Episódico;Se manteve
4205506;Episódico;Episódico/Epidêmico;Piorou
4205555;Sem transmissão;Sem transmissão;Se manteve
4205605;Episódico;Episódico;Se manteve
4205704;Episódico;Episódico/Epidêmico;Piorou
4205803;Episódico;Episódico/Epidêmico;Piorou
4205902;Episódico/Epidêmico;Episódico/Epidêmico;Se manteve
4206009;Episódico;Episódico;Se manteve
4206108;Episódico;Episódico;Se manteve
4206207;Episódico;Episódico;Se manteve
4206306;Episódico;Episódico/Epidêmico;Piorou
4206405;Episódico/Epidêmico;Episódico/Epidêmico;Se manteve
4206504;Episódico;Episódico/Epidêmico;Piorou
4206603;Episódico;Episódico/Epidêmico;Piorou
4206652;Episódico;Episódico/Epidêmico;Piorou
4206702;Episódico;Episódico;Se manteve
4206751;Sem transmissão;Episódico;Piorou
4206801;Episódico;Episódico;Se manteve
4206900;Episódico;Episódico;Se manteve
4207007;Episódico;Episódico/Epidêmico;Piorou
4207106;Episódico;Episódico/Epidêmico;Piorou
4207205;Sem transmissão;Episódico;Piorou
4207304;Episódico/Epidêmico;Episódico/Epidêmico;Se manteve
4207403;Episódico;Episódico;Se manteve
4207502;Episódico/Epidêmico;Episódico/Epidêmico;Se manteve
4207577;Sem transmissão;Sem transmissão;Se manteve
4207601;Episódico;Episódico;Se manteve
4207650;Episódico;Episódico/Epidêmico;Piorou
4207684;Episódico;Episódico/Epidêmico;Piorou
4207700;Episódico;Episódico;Se manteve
4207759;Episódico;Episódico;Se manteve
4207809;Episódico;Episódico;Se manteve
4207858;Sem transmissão;Episódico;Piorou
4207908;Episódico;Episódico;Se manteve
4208005;Episódico;Episódico;Se manteve
4208104;Episódico;Episódico;Se manteve
4208203;Episódico/Epidêmico;Epidêmico;Piorou
4208302;Episódico/Epidêmico;Epidêmico;Piorou
4208401;Episódico;Episódico/Epidêmico;Piorou
4208450;Episódico;Episódico/Epidêmico;Piorou
4208500;Episódico;Episódico/Epidêmico;Piorou
4208609;Episódico;Episódico;Se manteve
4208708;Episódico;Episódico;Se manteve
4208807;Episódico;Episódico;Se manteve
4208906;Episódico/Epidêmico;Episódico/Epidêmico;Se manteve
4208955;Episódico;Episódico;Se manteve
4209003;Episódico;Episódico/Epidêmico;Piorou
4209102;Epidêmico;Transmissão Persistente;Piorou
4209151;Episódico;Episódico;Se manteve
4209177;Episódico;Episódico;Se manteve
4209201;Episódico;Sem transmissão;Melhorou
4209300;Episódico/Epidêmico;Episódico/Epidêmico;Se manteve
4209409;Episódico/Epidêmico;Episódico/Epidêmico;Se manteve
4209458;Sem transmissão;Episódico;Piorou
4209508;Episódico;Episódico;Se manteve
4209607;Episódico;Episódico;Se manteve
4209706;Sem transmissão;Sem transmissão;Se manteve
4209805;Sem transmissão;Sem transmissão;Se manteve
4209854;Episódico;Episódico;Se manteve
4209904;Episódico;Episódico;Se manteve
4210001;Episódico;Episódico;Se manteve
4210035;Episódico;Episódico;Se manteve
4210050;Sem transmissão;Episódico;Piorou
4210100;Episódico;Episódico/Epidêmico;Piorou
4210209;Episódico;Episódico;Se manteve
4210308;Episódico;Sem transmissão;Melhorou
4210407;Sem transmissão;Episódico;Piorou
4210506;Episódico/Epidêmico;Episódico/Epidêmico;Se manteve
4210555;Episódico;Episódico;Se manteve
4210605;Episódico;Episódico;Se manteve
4210704;Sem transmissão;Sem transmissão;Se manteve
4210803;Sem transmissão;Episódico;Piorou
4210852;Sem transmissão;Sem transmissão;Se manteve
4210902;Episódico;Episódico/Epidêmico;Piorou
4211009;Episódico;Episódico/Epidêmico;Piorou
4211058;Sem transmissão;Sem transmissão;Se manteve
4211108;Episódico;Episódico;Se manteve
4211207;Episódico;Episódico;Se manteve
4211256;Sem transmissão;Sem transmissão;Se manteve
4211306;Episódico/Epidêmico;Epidêmico;Piorou
4211405;Episódico;Episódico;Se manteve
4211454;Episódico;Episódico/Epidêmico;Piorou
4211504;Episódico;Episódico/Epidêmico;Piorou
4211603;Episódico;Episódico;Se manteve
4211652;Episódico;Episódico;Se manteve
4211702;Episódico/Epidêmico;Episódico;Melhorou
4211751;Episódico;Episódico;Se manteve
4211801;Episódico;Episódico;Se manteve
4211850;Episódico;Episódico;Se manteve
4211876;Episódico;Episódico;Se manteve
4211892;Sem transmissão;Sem transmissão;Se manteve
4211900;Episódico/Epidêmico;Episódico/Epidêmico;Se manteve
4212007;Episódico;Episódico/Epidêmico;Piorou
4212056;Sem transmissão;Sem transmissão;Se manteve
4212106;Episódico;Episódico/Epidêmico;Piorou
4212205;Episódico;Episódico;Se manteve
4212239;Episódico;Episódico;Se manteve
4212254;Episódico;Episódico;Se manteve
4212270;Sem transmissão;Episódico;Piorou
4212304;Episódico;Episódico;Se manteve
4212403;Sem transmissão;Episódico;Piorou
4212502;Episódico/Epidêmico;Episódico/Epidêmico;Se manteve
4212601;Episódico;Episódico;Se manteve
4212650;Sem transmissão;Episódico;Piorou
4212700;Episódico;Episódico;Se manteve
4212809;Episódico;Episódico/Epidêmico;Piorou
4212908;Episódico/Epidêmico;Episódico/Epidêmico;Se manteve
4213005;Episódico;Episódico;Se manteve
4213104;Episódico;Episódico;Se manteve
4213153;Episódico;Episódico/Epidêmico;Piorou
4213203;Episódico/Epidêmico;Episódico/Epidêmico;Se manteve
4213302;Sem transmissão;Sem transmissão;Se manteve
4213351;Episódico;Sem transmissão;Melhorou
4213401;Episódico;Episódico;Se manteve
4213500;Episódico;Episódico/Epidêmico;Piorou
4213609;Episódico/Epidêmico;Episódico/Epidêmico;Se manteve
4213708;Episódico;Episódico;Se manteve
4213807;Episódico;Episódico;Se manteve
4213906;Sem transmissão;Episódico;Piorou
4214003;Episódico;Episódico;Se manteve
4214102;Sem transmissão;Episódico;Piorou
4214151;Episódico;Episódico/Epidêmico;Piorou
4214201;Episódico;Episódico/Epidêmico;Piorou
4214300;Sem transmissão;Sem transmissão;Se manteve
4214409;Sem transmissão;Sem transmissão;Se manteve
4214508;Sem transmissão;Episódico;Piorou
4214607;Episódico;Episódico;Se manteve
4214706;Episódico;Episódico;Se manteve
4214805;Episódico/Epidêmico;Episódico/Epidêmico;Se manteve
4214904;Episódico;Episódico/Epidêmico;Piorou
4215000;Episódico/Epidêmico;Episódico/Epidêmico;Se manteve
4215059;Sem transmissão;Sem transmissão;Se manteve
4215075;Episódico;Episódico/Epidêmico;Piorou
4215109;Episódico;Episódico/Epidêmico;Piorou
4215208;Episódico;Episódico;Se manteve
4215307;Episódico;Episódico;Se manteve
4215356;Episódico;Episódico;Se manteve
4215406;Episódico;Episódico;Se manteve
4215455;Episódico;Episódico;Se manteve
4215505;Episódico;Episódico;Se manteve
4215554;Episódico;Episódico/Epidêmico;Piorou
4215604;Episódico;Episódico;Se manteve
4215653;Episódico;Episódico;Se manteve
4215679;Episódico;Episódico;Se manteve
4215687;Episódico;Episódico;Se manteve
4215695;Sem transmissão;Episódico;Piorou
4215703;Episódico;Episódico/Epidêmico;Piorou
4215752;Episódico;Episódico;Se manteve
4215802;Episódico/Epidêmico;Episódico/Epidêmico;Se manteve
4215901;Episódico;Episódico;Se manteve
4216008;Episódico;Episódico/Epidêmico;Piorou
4216057;Episódico;Sem transmissão;Melhorou
4216107;Episódico;Episódico;Se manteve
4216206;Episódico/Epidêmico;Episódico/Epidêmico;Se manteve
4216255;Episódico;Episódico/Epidêmico;Piorou
4216305;Episódico;Episódico/Epidêmico;Piorou
4216354;Sem transmissão;Episódico;Piorou
4216404;Episódico;Episódico;Se manteve
4216503;Episódico;Episódico;Se manteve
4216602;Episódico/Epidêmico;Epidêmico;Piorou
4216701;Episódico/Epidêmico;Episódico/Epidêmico;Se manteve
4216800;Episódico;Sem transmissão;Melhorou
4216909;Episódico;Episódico;Se manteve
4217006;Episódico;Episódico;Se manteve
4217105;Episódico;Episódico;Se manteve
4217154;Episódico;Episódico;Se manteve
4217204;Episódico/Epidêmico;Episódico/Epidêmico;Se manteve
4217253;Episódico;Episódico;Se manteve
4217303;Episódico;Episódico/Epidêmico;Piorou
4217402;Episódico;Episódico/Epidêmico;Piorou
4217501;Episódico/Epidêmico;Episódico/Epidêmico;Se manteve
4217550;Episódico;Episódico;Se manteve
4217600;Episódico;Episódico;Se manteve
4217709;Episódico;Episódico;Se manteve
4217758;Episódico;Episódico;Se manteve
4217808;Episódico;Episódico;Se manteve
4217907;Episódico;Episódico;Se manteve
4217956;Episódico;Episódico;Se manteve
4218004;Episódico/Epidêmico;Episódico/Epidêmico;Se manteve
4218103;Sem transmissão;Sem transmissão;Se manteve
4218202;Episódico/Epidêmico;Episódico/Epidêmico;Se manteve
4218251;Sem transmissão;Sem transmissão;Se manteve
4218301;Episódico;Episódico;Se manteve
4218350;Episódico;Sem transmissão;Melhorou
4218400;Episódico;Episódico;Se manteve
4218509;Episódico;Episódico;Se manteve
4218608;Episódico;Episódico/Epidêmico;Piorou
4218707;Episódico/Epidêmico;Episódico/Epidêmico;Se manteve
4218756;Episódico;Episódico/Epidêmico;Piorou
4218806;Episódico;Episódico;Se manteve
4218855;Episódico;Episódico;Se manteve
4218905;Episódico;Episódico;Se manteve
4218954;Sem transmissão;Sem transmissão;Se manteve
4219002;Episódico;Episódico;Se manteve
4219101;Episódico;Episódico;Se manteve
4219150;Episódico;Episódico;Se manteve
4219176;Episódico;Episódico;Se manteve
4219200;Episódico;Episódico;Se manteve
4219309;Episódico/Epidêmico;Episódico/Epidêmico;Se manteve
4219358;Sem transmissão;Episódico;Piorou
4219408;Episódico;Episódico;Se manteve
4219507;Episódico/Epidêmico;Episódico/Epidêmico;Se manteve
4219606;Episódico;Episódico/Epidêmico;Piorou
4219705;Episódico/Epidêmico;Episódico/Epidêmico;Se manteve
4219853;Sem transmissão;Episódico;Piorou
4220000;Episódico;Episódico;Se manteve
4300034;Episódico;Episódico;Se manteve
4300059;Episódico;Episódico;Se manteve
4300109;Sem transmissão;Episódico;Piorou
4300208;Episódico;Episódico/Epidêmico;Piorou
4300307;Episódico;Episódico;Se manteve
4300406;Episódico/Epidêmico;Episódico;Melhorou
4300455;Episódico;Episódico;Se manteve
4300471;Sem transmissão;Episódico;Piorou
4300505;Episódico;Episódico;Se manteve
4300554;Sem transmissão;Episódico;Piorou
4300570;Sem transmissão;Episódico;Piorou
4300604;Episódico/Epidêmico;Episódico/Epidêmico;Se manteve
4300638;Sem transmissão;Sem transmissão;Se manteve
4300646;Episódico;Episódico;Se manteve
4300661;Sem transmissão;Sem transmissão;Se manteve
4300703;Sem transmissão;Episódico;Piorou
4300802;Episódico;Episódico;Se manteve
4300851;Sem transmissão;Sem transmissão;Se manteve
4300877;Episódico;Episódico;Se manteve
4300901;Sem transmissão;Episódico;Piorou
4301008;Episódico;Episódico;Se manteve
4301057;Episódico;Episódico;Se manteve
4301073;Sem transmissão;Episódico;Piorou
4301107;Episódico;Episódico;Se manteve
4301206;Episódico;Episódico;Se manteve
4301305;Sem transmissão;Episódico;Piorou
4301404;Episódico;Episódico;Se manteve
4301503;Episódico;Episódico;Se manteve
4301552;Sem transmissão;Episódico;Piorou
4301602;Episódico/Epidêmico;Episódico;Melhorou
4301636;Episódico;Episódico;Se manteve
4301651;Episódico;Sem transmissão;Melhorou
4301701;Episódico;Episódico;Se manteve
4301750;Sem transmissão;Sem transmissão;Se manteve
4301800;Episódico;Episódico;Se manteve
4301859;Episódico;Episódico;Se manteve
4301875;Sem transmissão;Sem transmissão;Se manteve
4301909;Episódico;Episódico;Se manteve
4301925;Sem transmissão;Sem transmissão;Se manteve
4301958;Sem transmissão;Episódico;Piorou
4302006;Sem transmissão;Episódico;Piorou
4302055;Sem transmissão;Episódico;Piorou
4302105;Episódico/Epidêmico;Episódico/Epidêmico;Se manteve
4302154;Episódico;Episódico;Se manteve
4302204;Episódico;Episódico;Se manteve
4302220;Episódico;Episódico;Se manteve
4302238;Episódico;Sem transmissão;Melhorou
4302253;Episódico;Episódico;Se manteve
4302303;Episódico;Episódico;Se manteve
4302352;Episódico;Episódico;Se manteve
4302378;Sem transmissão;Episódico;Piorou
4302402;Episódico;Episódico;Se manteve
4302451;Sem transmissão;Episódico;Piorou
4302501;Episódico;Episódico;Se manteve
4302584;Episódico;Episódico/Epidêmico;Piorou
4302600;Episódico;Episódico;Se manteve
4302659;Sem transmissão;Sem transmissão;Se manteve
4302709;Episódico;Episódico;Se manteve
4302808;Episódico;Episódico;Se manteve
4302907;Sem transmissão;Episódico;Piorou
4303004;Episódico/Epidêmico;Episódico/Epidêmico;Se manteve
4303103;Episódico;Episódico/Epidêmico;Piorou
4303202;Episódico;Episódico;Se manteve
4303301;Episódico;Episódico;Se manteve
4303400;Episódico;Episódico;Se manteve
4303509;Episódico;Episódico;Se manteve
4303558;Episódico;Episódico;Se manteve
4303608;Sem transmissão;Episódico;Piorou
4303673;Episódico;Sem transmissão;Melhorou
4303707;Episódico;Episódico;Se manteve
4303806;Episódico;Episódico;Se manteve
4303905;Episódico;Episódico/Epidêmico;Piorou
4304002;Episódico;Episódico/Epidêmico;Piorou
4304101;Episódico;Sem transmissão;Melhorou
4304200;Episódico;Episódico/Epidêmico;Piorou
4304309;Episódico/Epidêmico;Episódico/Epidêmico;Se manteve
4304358;Sem transmissão;Sem transmissão;Se manteve
4304408;Episódico;Episódico;Se manteve
4304507;Episódico;Episódico;Se manteve
4304606;Episódico/Epidêmico;Episódico/Epidêmico;Se manteve
4304614;Episódico;Episódico;Se manteve
4304622;Sem transmissão;Episódico;Piorou
4304630;Episódico;Episódico;Se manteve
4304655;Sem transmissão;Sem transmissão;Se manteve
4304663;Episódico;Episódico;Se manteve
4304671;Episódico;Sem transmissão;Melhorou
4304689;Sem transmissão;Episódico;Piorou
4304697;Sem transmissão;Episódico;Piorou
4304705;Episódico/Epidêmico;Episódico/Epidêmico;Se manteve
4304713;Episódico;Episódico;Se manteve
4304804;Episódico;Episódico;Se manteve
4304853;Sem transmissão;Sem transmissão;Se manteve
4304903;Episódico;Episódico;Se manteve
4304952;Sem transmissão;Episódico;Piorou
4305009;Episódico;Episódico/Epidêmico;Piorou
4305108;Episódico/Epidêmico;Episódico/Epidêmico;Se manteve
4305116;Sem transmissão;Episódico;Piorou
4305124;Sem transmissão;Sem transmissão;Se manteve
4305132;Episódico;Episódico;Se manteve
4305157;Sem transmissão;Episódico;Piorou
4305173;Episódico;Sem transmissão;Melhorou
4305207;Episódico;Episódico/Epidêmico;Piorou
4305306;Episódico;Episódico;Se manteve
4305355;Episódico;Episódico;Se manteve
4305371;Sem transmissão;Episódico;Piorou
4305405;Episódico;Episódico;Se manteve
4305439;Sem transmissão;Sem transmissão;Se manteve
4305447;Sem transmissão;Episódico;Piorou
4305454;Episódico;Episódico;Se manteve
4305504;Sem transmissão;Sem transmissão;Se manteve
4305587;Episódico;Episódico;Se manteve
4305603;Episódico;Episódico;Se manteve
4305702;Episódico;Episódico/Epidêmico;Piorou
4305801;Episódico;Episódico;Se manteve
4305835;Sem transmissão;Episódico;Piorou
4305850;Sem transmissão;Sem transmissão;Se manteve
4305871;Sem transmissão;Sem transmissão;Se manteve
4305900;Episódico;Episódico;Se manteve
4305934;Sem transmissão;Episódico;Piorou
4305959;Episódico;Episódico;Se manteve
4305975;Episódico;Episódico;Se manteve
4306007;Episódico;Episódico/Epidêmico;Piorou
4306056;Sem transmissão;Episódico;Piorou
4306072;Sem transmissão;Episódico;Piorou
4306106;Episódico/Epidêmico;Episódico/Epidêmico;Se manteve
4306130;Episódico;Episódico;Se manteve
4306205;Sem transmissão;Episódico;Piorou
4306304;Sem transmissão;Episódico;Piorou
4306320;Episódico;Episódico;Se manteve
4306353;Episódico;Episódico;Se manteve
4306379;Sem transmissão;Episódico;Piorou
4306403;Episódico;Episódico/Epidêmico;Piorou
4306429;Episódico;Episódico;Se manteve
4306452;Sem transmissão;Episódico;Piorou
4306502;Sem transmissão;Sem transmissão;Se manteve
4306551;Sem transmissão;Episódico;Piorou
4306601;Episódico;Episódico/Epidêmico;Piorou
4306700;Sem transmissão;Sem transmissão;Se manteve
4306734;Episódico;Episódico;Se manteve
4306759;Episódico;Episódico;Se manteve
4306767;Episódico;Episódico/Epidêmico;Piorou
4306809;Episódico;Episódico;Se manteve
4306908;Episódico;Episódico/Epidêmico;Piorou
4306924;Episódico;Episódico;Se manteve
4306932;Episódico;Episódico/Epidêmico;Piorou
4306957;Sem transmissão;Episódico;Piorou
4306973;Episódico;Episódico;Se manteve
4307005;Episódico/Epidêmico;Epidêmico;Piorou
4307054;Episódico;Episódico;Se manteve
4307104;Sem transmissão;Episódico;Piorou
4307203;Episódico;Episódico;Se manteve
4307302;Episódico;Episódico;Se manteve
4307401;Sem transmissão;Sem transmissão;Se manteve
4307450;Episódico;Episódico;Se manteve
4307500;Episódico;Episódico/Epidêmico;Piorou
4307559;Episódico;Episódico;Se manteve
4307609;Episódico/Epidêmico;Episódico/Epidêmico;Se manteve
4307708;Episódico;Episódico/Epidêmico;Piorou
4307807;Episódico;Episódico/Epidêmico;Piorou
4307815;Sem transmissão;Episódico;Piorou
4307831;Episódico;Episódico;Se manteve
4307864;Sem transmissão;Episódico;Piorou
4307906;Episódico/Epidêmico;Episódico;Melhorou
4308003;Episódico;Episódico;Se manteve
4308052;Sem transmissão;Episódico;Piorou
4308078;Episódico;Episódico;Se manteve
4308102;Episódico;Episódico;Se manteve
4308201;Episódico;Episódico/Epidêmico;Piorou
4308250;Sem transmissão;Episódico;Piorou
4308300;Sem transmissão;Episódico;Piorou
4308409;Sem transmissão;Episódico;Piorou
4308433;Sem transmissão;Episódico;Piorou
4308458;Episódico;Episódico;Se manteve
4308508;Episódico/Epidêmico;Episódico/Epidêmico;Se manteve
4308607;Episódico;Episódico;Se manteve
4308656;Sem transmissão;Sem transmissão;Se manteve
4308706;Episódico;Episódico;Se manteve
4308805;Episódico;Episódico;Se manteve
4308854;Sem transmissão;Episódico;Piorou
4308904;Episódico;Episódico/Epidêmico;Piorou
4309001;Episódico;Episódico/Epidêmico;Piorou
4309050;Episódico;Episódico;Se manteve
4309100;Episódico;Episódico/Epidêmico;Piorou
4309126;Sem transmissão;Episódico;Piorou
4309159;Episódico;Episódico;Se manteve
4309209;Episódico/Epidêmico;Episódico/Epidêmico;Se manteve
4309258;Episódico;Episódico;Se manteve
4309308;Episódico/Epidêmico;Episódico/Epidêmico;Se manteve
4309407;Episódico;Episódico/Epidêmico;Piorou
4309506;Episódico;Episódico;Se manteve
4309555;Episódico;Sem transmissão;Melhorou
4309571;Sem transmissão;Episódico;Piorou
4309605;Episódico/Epidêmico;Episódico/Epidêmico;Se manteve
4309654;Sem transmissão;Episódico;Piorou
4309704;Episódico;Episódico;Se manteve
4309753;Sem transmissão;Episódico;Piorou
4309803;Episódico;Episódico;Se manteve
4309902;Sem transmissão;Episódico;Piorou
4309951;Sem transmissão;Episódico;Piorou
4310009;Episódico;Episódico/Epidêmico;Piorou
4310108;Episódico;Episódico;Se manteve
4310207;Episódico/Epidêmico;Epidêmico;Piorou
4310306;Episódico;Episódico;Se manteve
4310330;Episódico;Episódico;Se manteve
4310363;Episódico;Episódico;Se manteve
4310405;Episódico;Episódico;Se manteve
4310413;Sem transmissão;Episódico;Piorou
4310439;Sem transmissão;Episódico;Piorou
4310462;Episódico;Episódico;Se manteve
4310504;Episódico;Episódico;Se manteve
4310538;Sem transmissão;Episódico;Piorou
4310553;Episódico;Episódico;Se manteve
4310579;Sem transmissão;Episódico;Piorou
4310603;Episódico;Episódico;Se manteve
4310652;Sem transmissão;Sem transmissão;Se manteve
4310702;Sem transmissão;Episódico;Piorou
4310751;Sem transmissão;Sem transmissão;Se manteve
4310801;Episódico;Episódico/Epidêmico;Piorou
4310850;Episódico;Episódico;Se manteve
4310876;Sem transmissão;Sem transmissão;Se manteve
4310900;Episódico;Episódico/Epidêmico;Piorou
4311007;Episódico;Episódico;Se manteve
4311106;Episódico;Episódico;Se manteve
4311122;Sem transmissão;Sem transmissão;Se manteve
4311130;Sem transmissão;Sem transmissão;Se manteve
4311155;Sem transmissão;Episódico;Piorou
4311205;Episódico;Episódico;Se manteve
4311239;Sem transmissão;Episódico;Piorou
4311254;Sem transmissão;Episódico;Piorou
4311270;Sem transmissão;Episódico;Piorou
4311304;Episódico;Episódico/Epidêmico;Piorou
4311403;Episódico/Epidêmico;Episódico/Epidêmico;Se manteve
4311429;Sem transmissão;Episódico;Piorou
4311502;Sem transmissão;Episódico;Piorou
4311601;Sem transmissão;Episódico;Piorou
4311627;Episódico;Episódico;Se manteve
4311643;Episódico;Episódico;Se manteve
4311700;Sem transmissão;Episódico;Piorou
4311718;Sem transmissão;Episódico;Piorou
4311734;Sem transmissão;Sem transmissão;Se manteve
4311759;Sem transmissão;Episódico;Piorou
4311775;Episódico;Episódico;Se manteve
4311791;Sem transmissão;Episódico;Piorou
4311809;Episódico/Epidêmico;Episódico/Epidêmico;Se manteve
4311908;Sem transmissão;Episódico;Piorou
4311981;Episódico;Episódico;Se manteve
4312005;Sem transmissão;Episódico;Piorou
4312054;Sem transmissão;Episódico;Piorou
4312104;Sem transmissão;Episódico;Piorou
4312138;Episódico;Episódico;Se manteve
4312153;Episódico;Episódico/Epidêmico;Piorou
4312179;Episódico;Episódico;Se manteve
4312203;Episódico;Episódico;Se manteve
4312252;Episódico;Episódico;Se manteve
4312302;Episódico;Episódico;Se manteve
4312351;Episódico;Episódico;Se manteve
4312377;Episódico;Sem transmissão;Melhorou
4312385;Sem transmissão;Episódico;Piorou
4312401;Episódico/Epidêmico;Episódico/Epidêmico;Se manteve
4312427;Episódico;Episódico;Se manteve
4312443;Episódico;Episódico;Se manteve
4312450;Sem transmissão;Episódico;Piorou
4312476;Episódico;Episódico;Se manteve
4312500;Episódico;Episódico;Se manteve
4312609;Episódico;Episódico;Se manteve
4312617;Sem transmissão;Sem transmissão;Se manteve
4312625;Episódico;Sem transmissão;Melhorou
4312658;Episódico;Episódico/Epidêmico;Piorou
4312674;Sem transmissão;Episódico;Piorou
4312708;Episódico;Episódico;Se manteve
4312757;Episódico;Episódico;Se manteve
4312807;Episódico;Episódico;Se manteve
4312906;Episódico;Episódico;Se manteve
4312955;Episódico;Episódico;Se manteve
4313003;Sem transmissão;Episódico;Piorou
4313011;Episódico;Episódico;Se manteve
4313037;Episódico;Episódico;Se manteve
4313060;Episódico;Episódico;Se manteve
4313086;Episódico;Episódico;Se manteve
4313102;Episódico;Episódico;Se manteve
4313201;Episódico;Episódico;Se manteve
4313300;Episódico;Episódico;Se manteve
4313334;Episódico;Episódico;Se manteve
4313359;Episódico;Sem transmissão;Melhorou
4313375;Episódico;Episódico;Se manteve
4313391;Episódico;Episódico;Se manteve
4313409;Episódico/Epidêmico;Episódico/Epidêmico;Se manteve
4313425;Episódico;Episódico/Epidêmico;Piorou
4313441;Episódico;Episódico;Se manteve
4313466;Sem transmissão;Episódico;Piorou
4313490;Episódico;Episódico;Se manteve
4313508;Episódico/Epidêmico;Episódico;Melhorou
4313607;Episódico;Episódico;Se manteve
4313656;Episódico;Episódico;Se manteve
4313706;Episódico;Episódico/Epidêmico;Piorou
4313805;Episódico;Episódico;Se manteve
4313904;Episódico;Episódico/Epidêmico;Piorou
4313953;Sem transmissão;Episódico;Piorou
4314001;Episódico;Episódico;Se manteve
4314027;Sem transmissão;Episódico;Piorou
4314035;Sem transmissão;Episódico;Piorou
4314050;Episódico;Episódico/Epidêmico;Piorou
4314068;Sem transmissão;Episódico;Piorou
4314076;Sem transmissão;Episódico;Piorou
4314100;Episódico/Epidêmico;Episódico/Epidêmico;Se manteve
4314134;Episódico;Episódico;Se manteve
4314159;Episódico;Episódico;Se manteve
4314175;Sem transmissão;Sem transmissão;Se manteve
4314209;Sem transmissão;Episódico;Piorou
4314308;Episódico;Episódico;Se manteve
4314407;Episódico/Epidêmico;Episódico/Epidêmico;Se manteve
4314423;Episódico;Episódico/Epidêmico;Piorou
4314456;Sem transmissão;Episódico;Piorou
4314464;Sem transmissão;Episódico;Piorou
4314472;Sem transmissão;Episódico;Piorou
4314498;Episódico;Episódico;Se manteve
4314506;Sem transmissão;Episódico;Piorou
4314548;Sem transmissão;Sem transmissão;Se manteve
4314555;Episódico;Episódico;Se manteve
4314605;Sem transmissão;Episódico;Piorou
4314704;Episódico;Episódico;Se manteve
4314753;Episódico;Episódico;Se manteve
4314779;Sem transmissão;Episódico;Piorou
4314787;Sem transmissão;Episódico;Piorou
4314803;Episódico;Episódico;Se manteve
4314902;Epidêmico;Epidêmico;Se manteve
4315008;Episódico;Episódico;Se manteve
4315057;Episódico;Episódico/Epidêmico;Piorou
4315073;Episódico;Episódico;Se manteve
4315107;Episódico;Episódico;Se manteve
4315131;Episódico;Episódico;Se manteve
4315149;Episódico;Episódico;Se manteve
4315156;Sem transmissão;Episódico;Piorou
4315172;Episódico;Sem transmissão;Melhorou
4315206;Sem transmissão;Episódico;Piorou
4315305;Sem transmissão;Episódico;Piorou
4315313;Sem transmissão;Episódico;Piorou
4315321;Episódico;Episódico;Se manteve
4315354;Episódico;Episódico/Epidêmico;Piorou
4315404;Episódico;Episódico;Se manteve
4315453;Sem transmissão;Episódico;Piorou
4315503;Sem transmissão;Episódico;Piorou
4315552;Sem transmissão;Episódico;Piorou
4315602;Episódico/Epidêmico;Episódico/Epidêmico;Se manteve
4315701;Episódico;Episódico;Se manteve
4315750;Sem transmissão;Sem transmissão;Se manteve
4315800;Episódico;Episódico;Se manteve
4315909;Episódico;Episódico;Se manteve
4315958;Episódico;Episódico;Se manteve
4316006;Episódico;Episódico;Se manteve
4316105;Episódico;Episódico;Se manteve
4316204;Episódico;Episódico;Se manteve
4316303;Episódico/Epidêmico;Episódico;Melhorou
4316402;Episódico;Episódico;Se manteve
4316428;Sem transmissão;Episódico;Piorou
4316436;Episódico;Episódico;Se manteve
4316451;Episódico;Episódico/Epidêmico;Piorou
4316477;Episódico;Episódico;Se manteve
4316501;Episódico;Episódico;Se manteve
4316600;Episódico;Episódico/Epidêmico;Piorou
4316709;Episódico;Episódico/Epidêmico;Piorou
4316733;Sem transmissão;Episódico;Piorou
4316758;Sem transmissão;Episódico;Piorou
4316808;Episódico/Epidêmico;Epidêmico;Piorou
4316907;Episódico/Epidêmico;Episódico/Epidêmico;Se manteve
4316956;Sem transmissão;Episódico;Piorou
4316972;Sem transmissão;Sem transmissão;Se manteve
4317004;Sem transmissão;Episódico;Piorou
4317103;Episódico;Episódico/Epidêmico;Piorou
4317202;Episódico/Epidêmico;Episódico/Epidêmico;Se manteve
4317251;Sem transmissão;Sem transmissão;Se manteve
4317301;Episódico;Episódico;Se manteve
4317400;Episódico;Episódico/Epidêmico;Piorou
4317509;Episódico/Epidêmico;Episódico/Epidêmico;Se manteve
4317558;Sem transmissão;Sem transmissão;Se manteve
4317608;Episódico;Episódico/Epidêmico;Piorou
4317707;Episódico;Episódico;Se manteve
4317756;Episódico;Episódico;Se manteve
4317806;Episódico;Episódico;Se manteve
4317905;Episódico/Epidêmico;Episódico/Epidêmico;Se manteve
4317954;Sem transmissão;Sem transmissão;Se manteve
4318002;Episódico/Epidêmico;Episódico/Epidêmico;Se manteve
4318051;Sem transmissão;Episódico;Piorou
4318101;Episódico;Episódico/Epidêmico;Piorou
4318200;Sem transmissão;Episódico;Piorou
4318309;Episódico;Episódico/Epidêmico;Piorou
4318408;Episódico;Episódico;Se manteve
4318424;Episódico;Episódico;Se manteve
4318432;Sem transmissão;Episódico;Piorou
4318440;Sem transmissão;Episódico;Piorou
4318457;Sem transmissão;Episódico;Piorou
4318465;Sem transmissão;Sem transmissão;Se manteve
4318481;Episódico;Episódico;Se manteve
4318499;Episódico;Episódico;Se manteve
4318507;Sem transmissão;Episódico;Piorou
4318606;Episódico;Episódico;Se manteve
4318614;Sem transmissão;Sem transmissão;Se manteve
4318622;Episódico;Sem transmissão;Melhorou
4318705;Episódico/Epidêmico;Episódico/Epidêmico;Se manteve
4318804;Episódico;Episódico;Se manteve
4318903;Episódico/Epidêmico;Episódico/Epidêmico;Se manteve
4319000;Episódico;Episódico;Se manteve
4319109;Episódico;Episódico/Epidêmico;Piorou
4319125;Sem transmissão;Episódico;Piorou
4319158;Episódico;Episódico;Se manteve
4319208;Episódico;Episódico;Se manteve
4319307;Episódico;Episódico;Se manteve
4319356;Episódico;Episódico;Se manteve
4319364;Sem transmissão;Sem transmissão;Se manteve
4319372;Sem transmissão;Episódico;Piorou
4319406;Sem transmissão;Episódico;Piorou
4319505;Episódico;Episódico;Se manteve
4319604;Episódico;Episódico;Se manteve
4319703;Sem transmissão;Episódico;Piorou
4319711;Sem transmissão;Episódico;Piorou
4319737;Sem transmissão;Episódico;Piorou
4319752;Sem transmissão;Sem transmissão;Se manteve
4319802;Sem transmissão;Episódico;Piorou
4319901;Episódico/Epidêmico;Episódico/Epidêmico;Se manteve
4320008;Episódico/Epidêmico;Episódico/Epidêmico;Se manteve
4320107;Episódico;Episódico/Epidêmico;Piorou
4320206;Episódico;Episódico;Se manteve
4320230;Sem transmissão;Episódico;Piorou
4320263;Episódico;Sem transmissão;Melhorou
4320305;Episódico/Epidêmico;Episódico/Epidêmico;Se manteve
4320321;Episódico/Epidêmico;Episódico/Epidêmico;Se manteve
4320354;Sem transmissão;Sem transmissão;Se manteve
4320404;Episódico;Episódico;Se manteve
4320453;Sem transmissão;Episódico;Piorou
4320503;Episódico;Episódico;Se manteve
4320552;Sem transmissão;Sem transmissão;Se manteve
4320578;Episódico;Episódico;Se manteve
4320602;Episódico;Episódico;Se manteve
4320651;Sem transmissão;Episódico;Piorou
4320677;Episódico;Episódico;Se manteve
4320701;Episódico;Episódico;Se manteve
4320800;Episódico;Episódico/Epidêmico;Piorou
4320859;Sem transmissão;Episódico;Piorou
4320909;Episódico;Episódico;Se manteve
4321006;Episódico;Episódico;Se manteve
4321105;Sem transmissão;Episódico;Piorou
4321204;Episódico;Episódico;Se manteve
4321303;Episódico;Episódico;Se manteve
4321329;Episódico;Episódico/Epidêmico;Piorou
4321352;Sem transmissão;Sem transmissão;Se manteve
4321402;Episódico/Epidêmico;Episódico/Epidêmico;Se manteve
4321436;Episódico;Episódico;Se manteve
4321451;Episódico/Epidêmico;Episódico/Epidêmico;Se manteve
4321469;Episódico;Episódico;Se manteve
4321477;Episódico;Episódico;Se manteve
4321493;Episódico;Episódico;Se manteve
4321501;Episódico/Epidêmico;Episódico/Epidêmico;Se manteve
4321600;Episódico;Episódico/Epidêmico;Piorou
4321626;Sem transmissão;Episódico;Piorou
4321634;Sem transmissão;Episódico;Piorou
4321667;Episódico;Episódico;Se manteve
4321709;Episódico;Episódico;Se manteve
4321808;Episódico/Epidêmico;Episódico/Epidêmico;Se manteve
4321832;Episódico;Episódico;Se manteve
4321857;Episódico;Episódico;Se manteve
4321907;Episódico;Episódico/Epidêmico;Piorou
4321956;Sem transmissão;Episódico;Piorou
4322004;Episódico;Episódico;Se manteve
4322103;Episódico/Epidêmico;Episódico/Epidêmico;Se manteve
4322152;Episódico;Episódico;Se manteve
4322186;Episódico;Sem transmissão;Melhorou
4322202;Episódico;Episódico;Se manteve
4322251;Sem transmissão;Episódico;Piorou
4322301;Episódico/Epidêmico;Episódico/Epidêmico;Se manteve
4322327;Sem transmissão;Episódico;Piorou
4322343;Episódico;Episódico;Se manteve
4322350;Episódico;Episódico;Se manteve
4322376;Sem transmissão;Episódico;Piorou
4322400;Episódico/Epidêmico;Episódico;Melhorou
4322509;Episódico;Episódico;Se manteve
4322525;Sem transmissão;Episódico;Piorou
4322533;Sem transmissão;Episódico;Piorou
4322541;Episódico;Episódico;Se manteve
4322558;Sem transmissão;Episódico;Piorou
4322608;Episódico;Episódico/Epidêmico;Piorou
4322707;Episódico;Episódico;Se manteve
4322806;Episódico;Episódico;Se manteve
4322855;Sem transmissão;Episódico;Piorou
4322905;Sem transmissão;Episódico;Piorou
4323002;Episódico/Epidêmico;Episódico/Epidêmico;Se manteve
4323101;Episódico;Episódico;Se manteve
4323200;Episódico;Episódico;Se manteve
4323309;Episódico;Episódico;Se manteve
4323358;Episódico;Sem transmissão;Melhorou
4323408;Sem transmissão;Episódico;Piorou
4323457;Sem transmissão;Sem transmissão;Se manteve
4323507;Episódico;Episódico;Se manteve
4323606;Episódico;Episódico;Se manteve
4323705;Episódico;Episódico;Se manteve
4323754;Episódico;Episódico;Se manteve
4323770;Sem transmissão;Episódico;Piorou
4323804;Episódico;Episódico;Se manteve
5000203;Episódico/Epidêmico;Epidêmico;Piorou
5000252;Episódico/Epidêmico;Episódico/Epidêmico;Se manteve
5000609;Epidêmico;Epidêmico;Se manteve
5000708;Episódico/Epidêmico;Episódico/Epidêmico;Se manteve
5000807;Episódico;Episódico/Epidêmico;Piorou
5000856;Episódico/Epidêmico;Epidêmico;Piorou
5000906;Episódico/Epidêmico;Epidêmico;Piorou
5001003;Episódico/Epidêmico;Episódico/Epidêmico;Se manteve
5001102;Episódico/Epidêmico;Epidêmico;Piorou
5001243;Episódico/Epidêmico;Episódico/Epidêmico;Se manteve
5001508;Episódico/Epidêmico;Episódico/Epidêmico;Se manteve
5001904;Episódico/Epidêmico;Epidêmico;Piorou
5002001;Episódico;Episódico/Epidêmico;Piorou
5002100;Episódico/Epidêmico;Episódico/Epidêmico;Se manteve
5002159;Episódico/Epidêmico;Episódico/Epidêmico;Se manteve
5002209;Episódico/Epidêmico;Episódico/Epidêmico;Se manteve
5002308;Episódico/Epidêmico;Epidêmico;Piorou
5002407;Episódico/Epidêmico;Epidêmico;Piorou
5002605;Episódico/Epidêmico;Episódico/Epidêmico;Se manteve
5002704;Transmissão Persistente;Transmissão Persistente;Se manteve
5002803;Episódico/Epidêmico;Episódico/Epidêmico;Se manteve
5002902;Episódico/Epidêmico;Episódico/Epidêmico;Se manteve
5002951;Epidêmico;Epidêmico;Se manteve
5003108;Episódico;Episódico/Epidêmico;Piorou
5003157;Episódico/Epidêmico;Epidêmico;Piorou
5003207;Epidêmico;Epidêmico;Se manteve
5003256;Episódico/Epidêmico;Epidêmico;Piorou
5003306;Epidêmico;Epidêmico;Se manteve
5003454;Episódico/Epidêmico;Episódico/Epidêmico;Se manteve
5003488;Episódico/Epidêmico;Epidêmico;Piorou
5003504;Episódico/Epidêmico;Episódico/Epidêmico;Se manteve
5003702;Epidêmico;Epidêmico;Se manteve
5003751;Episódico/Epidêmico;Episódico/Epidêmico;Se manteve
5003801;Episódico/Epidêmico;Episódico/Epidêmico;Se manteve
5003900;Episódico/Epidêmico;Episódico/Epidêmico;Se manteve
5004007;Episódico/Epidêmico;Episódico/Epidêmico;Se manteve
5004106;Episódico/Epidêmico;Episódico/Epidêmico;Se manteve
5004304;Episódico/Epidêmico;Episódico/Epidêmico;Se manteve
5004403;Episódico/Epidêmico;Episódico/Epidêmico;Se manteve
5004502;Episódico/Epidêmico;Epidêmico;Piorou
5004601;Episódico/Epidêmico;Epidêmico;Piorou
5004700;Epidêmico;Epidêmico;Se manteve
5004809;Episódico/Epidêmico;Episódico/Epidêmico;Se manteve
5004908;Episódico/Epidêmico;Episódico/Epidêmico;Se manteve
5005004;Episódico/Epidêmico;Epidêmico;Piorou
5005103;Episódico/Epidêmico;Episódico/Epidêmico;Se manteve
5005152;Episódico;Episódico/Epidêmico;Piorou
5005202;Episódico/Epidêmico;Epidêmico;Piorou
5005251;Episódico/Epidêmico;Epidêmico;Piorou
5005400;Episódico/Epidêmico;Epidêmico;Piorou
5005608;Episódico/Epidêmico;Epidêmico;Piorou
5005681;Episódico/Epidêmico;Episódico/Epidêmico;Se manteve
5005707;Epidêmico;Epidêmico;Se manteve
5005806;Episódico/Epidêmico;Episódico/Epidêmico;Se manteve
5006002;Episódico/Epidêmico;Epidêmico;Piorou
5006200;Episódico/Epidêmico;Epidêmico;Piorou
5006259;Episódico/Epidêmico;Episódico/Epidêmico;Se manteve
5006275;Episódico/Epidêmico;Episódico/Epidêmico;Se manteve
5006309;Epidêmico;Epidêmico;Se manteve
5006358;Episódico/Epidêmico;Episódico/Epidêmico;Se manteve
5006408;Episódico/Epidêmico;Episódico/Epidêmico;Se manteve
5006606;Epidêmico;Epidêmico;Se manteve
5006903;Episódico/Epidêmico;Episódico/Epidêmico;Se manteve
5007109;Epidêmico;Episódico/Epidêmico;Melhorou
5007208;Episódico/Epidêmico;Epidêmico;Piorou
5007307;Episódico/Epidêmico;Episódico/Epidêmico;Se manteve
5007406;Episódico/Epidêmico;Epidêmico;Piorou
5007505;Episódico/Epidêmico;Episódico/Epidêmico;Se manteve
5007554;Episódico/Epidêmico;Epidêmico;Piorou
5007695;Epidêmico;Epidêmico;Se manteve
5007703;Episódico/Epidêmico;Episódico/Epidêmico;Se manteve
5007802;Episódico/Epidêmico;Episódico/Epidêmico;Se manteve
5007901;Epidêmico;Epidêmico;Se manteve
5007935;Episódico/Epidêmico;Episódico/Epidêmico;Se manteve
5007950;Episódico/Epidêmico;Episódico/Epidêmico;Se manteve
5007976;Episódico/Epidêmico;Episódico/Epidêmico;Se manteve
5008008;Episódico/Epidêmico;Episódico/Epidêmico;Se manteve
5008305;Epidêmico;Epidêmico;Se manteve
5008404;Episódico/Epidêmico;Episódico/Epidêmico;Se manteve
5100102;Episódico/Epidêmico;Episódico;Melhorou
5100201;Episódico/Epidêmico;Epidêmico;Piorou
5100250;Epidêmico;Epidêmico;Se manteve
5100300;Episódico/Epidêmico;Episódico/Epidêmico;Se manteve
5100359;Episódico;Episódico;Se manteve
5100409;Episódico;Episódico/Epidêmico;Piorou
5100508;Episódico/Epidêmico;Episódico;Melhorou
5100607;Episódico/Epidêmico;Episódico/Epidêmico;Se manteve
5100805;Episódico;Episódico/Epidêmico;Piorou
5101001;Episódico/Epidêmico;Episódico/Epidêmico;Se manteve
5101209;Episódico;Episódico/Epidêmico;Piorou
5101258;Episódico/Epidêmico;Episódico/Epidêmico;Se manteve
5101308;Episódico/Epidêmico;Episódico/Epidêmico;Se manteve
5101407;Epidêmico;Episódico/Epidêmico;Melhorou
5101605;Episódico;Episódico;Se manteve
5101704;Episódico/Epidêmico;Episódico/Epidêmico;Se manteve
5101803;Epidêmico;Epidêmico;Se manteve
5101852;Episódico;Episódico/Epidêmico;Piorou
5101902;Episódico/Epidêmico;Episódico/Epidêmico;Se manteve
5102504;Epidêmico;Epidêmico;Se manteve
5102603;Episódico/Epidêmico;Episódico/Epidêmico;Se manteve
5102637;Epidêmico;Epidêmico;Se manteve
5102678;Epidêmico;Epidêmico;Se manteve
5102686;Episódico/Epidêmico;Episódico/Epidêmico;Se manteve
5102694;Episódico/Epidêmico;Episódico/Epidêmico;Se manteve
5102702;Epidêmico;Epidêmico;Se manteve
5102793;Episódico/Epidêmico;Episódico/Epidêmico;Se manteve
5102850;Episódico/Epidêmico;Episódico;Melhorou
5103007;Episódico/Epidêmico;Episódico/Epidêmico;Se manteve
5103056;Episódico/Epidêmico;Epidêmico;Piorou
5103106;Episódico;Episódico/Epidêmico;Piorou
5103205;Epidêmico;Epidêmico;Se manteve
5103254;Epidêmico;Epidêmico;Se manteve
5103304;Episódico/Epidêmico;Episódico/Epidêmico;Se manteve
5103353;Episódico/Epidêmico;Epidêmico;Piorou
5103361;Episódico;Episódico/Epidêmico;Piorou
5103379;Episódico/Epidêmico;Episódico/Epidêmico;Se manteve
5103403;Epidêmico;Epidêmico;Se manteve
5103437;Episódico;Episódico;Se manteve
5103452;Episódico;Sem transmissão;Melhorou
5103502;Episódico/Epidêmico;Epidêmico;Piorou
5103601;Episódico/Epidêmico;Episódico/Epidêmico;Se manteve
5103700;Episódico/Epidêmico;Epidêmico;Piorou
5103809;Episódico;Episódico;Se manteve
5103858;Episódico/Epidêmico;Epidêmico;Piorou
5103908;Episódico/Epidêmico;Episódico/Epidêmico;Se manteve
5103957;Episódico;Episódico;Se manteve
5104104;Epidêmico;Episódico/Epidêmico;Melhorou
5104203;Episódico/Epidêmico;Episódico/Epidêmico;Se manteve
5104500;Episódico/Epidêmico;Episódico/Epidêmico;Se manteve
5104526;Episódico/Epidêmico;Episódico/Epidêmico;Se manteve
5104542;Episódico/Epidêmico;Episódico/Epidêmico;Se manteve
5104559;Episódico/Epidêmico;Epidêmico;Piorou
5104609;Episódico/Epidêmico;Episódico/Epidêmico;Se manteve
5104807;Episódico/Epidêmico;Episódico/Epidêmico;Se manteve
5104906;Episódico;Episódico/Epidêmico;Piorou
5105002;Episódico/Epidêmico;Episódico;Melhorou
5105101;Episódico/Epidêmico;Episódico/Epidêmico;Se manteve
5105150;Epidêmico;Epidêmico;Se manteve
5105176;Episódico;Episódico;Se manteve
5105200;Episódico/Epidêmico;Episódico/Epidêmico;Se manteve
5105234;Episódico/Epidêmico;Episódico/Epidêmico;Se manteve
5105259;Epidêmico;Epidêmico;Se manteve
5105309;Episódico;Sem transmissão;Melhorou
5105507;Episódico/Epidêmico;Episódico/Epidêmico;Se manteve
5105580;Episódico/Epidêmico;Episódico/Epidêmico;Se manteve
5105606;Epidêmico;Episódico/Epidêmico;Melhorou
5105622;Episódico/Epidêmico;Episódico/Epidêmico;Se manteve
5105903;Episódico/Epidêmico;Episódico/Epidêmico;Se manteve
5106000;Episódico/Epidêmico;Episódico/Epidêmico;Se manteve
5106109;Episódico/Epidêmico;Episódico/Epidêmico;Se manteve
5106158;Episódico/Epidêmico;Episódico/Epidêmico;Se manteve
5106174;Episódico;Episódico/Epidêmico;Piorou
5106182;Episódico/Epidêmico;Episódico/Epidêmico;Se manteve
5106190;Episódico/Epidêmico;Epidêmico;Piorou
5106208;Episódico/Epidêmico;Episódico/Epidêmico;Se manteve
5106216;Episódico/Epidêmico;Episódico/Epidêmico;Se manteve
5106224;Epidêmico;Epidêmico;Se manteve
5106232;Episódico/Epidêmico;Episódico/Epidêmico;Se manteve
5106240;Epidêmico;Epidêmico;Se manteve
5106257;Episódico/Epidêmico;Episódico/Epidêmico;Se manteve
5106265;Episódico/Epidêmico;Episódico/Epidêmico;Se manteve
5106273;Episódico/Epidêmico;Episódico/Epidêmico;Se manteve
5106281;Episódico/Epidêmico;Episódico/Epidêmico;Se manteve
5106299;Epidêmico;Epidêmico;Se manteve
5106307;Episódico/Epidêmico;Episódico/Epidêmico;Se manteve
5106315;Episódico;Episódico;Se manteve
5106372;Episódico/Epidêmico;Episódico/Epidêmico;Se manteve
5106422;Epidêmico;Epidêmico;Se manteve
5106455;Episódico;Episódico/Epidêmico;Piorou
5106505;Episódico/Epidêmico;Episódico/Epidêmico;Se manteve
5106653;Episódico/Epidêmico;Episódico/Epidêmico;Se manteve
5106703;Episódico/Epidêmico;Episódico/Epidêmico;Se manteve
5106752;Epidêmico;Episódico/Epidêmico;Melhorou
5106778;Episódico/Epidêmico;Episódico/Epidêmico;Se manteve
5106802;Episódico/Epidêmico;Episódico/Epidêmico;Se manteve
5106828;Episódico;Episódico/Epidêmico;Piorou
5106851;Episódico;Episódico;Se manteve
5107008;Episódico/Epidêmico;Episódico;Melhorou
5107040;Epidêmico;Epidêmico;Se manteve
5107065;Episódico/Epidêmico;Episódico/Epidêmico;Se manteve
5107107;Episódico/Epidêmico;Episódico/Epidêmico;Se manteve
5107156;Episódico/Epidêmico;Episódico/Epidêmico;Se manteve
5107180;Episódico/Epidêmico;Episódico/Epidêmico;Se manteve
5107198;Episódico/Epidêmico;Episódico/Epidêmico;Se manteve
5107206;Episódico/Epidêmico;Episódico/Epidêmico;Se manteve
5107248;Episódico/Epidêmico;Episódico/Epidêmico;Se manteve
5107263;Episódico;Episódico/Epidêmico;Piorou
5107297;Episódico;Episódico;Se manteve
5107305;Episódico/Epidêmico;Episódico/Epidêmico;Se manteve
5107354;Episódico/Epidêmico;Episódico/Epidêmico;Se manteve
5107404;Episódico;Episódico;Se manteve
5107578;Episódico/Epidêmico;Episódico;Melhorou
5107602;Epidêmico;Epidêmico;Se manteve
5107701;Episódico/Epidêmico;Episódico/Epidêmico;Se manteve
5107743;Episódico;Episódico/Epidêmico;Piorou
5107750;Episódico/Epidêmico;Episódico;Melhorou
5107768;Episódico/Epidêmico;Episódico/Epidêmico;Se manteve
5107776;Episódico;Sem transmissão;Melhorou
5107792;Episódico/Epidêmico;Episódico/Epidêmico;Se manteve
5107800;Episódico/Epidêmico;Episódico/Epidêmico;Se manteve
5107859;Episódico/Epidêmico;Episódico/Epidêmico;Se manteve
5107875;Episódico/Epidêmico;Epidêmico;Piorou
5107883;Episódico;Episódico;Se manteve
5107909;Epidêmico;Epidêmico;Se manteve
5107925;Epidêmico;Epidêmico;Se manteve
5107941;Episódico/Epidêmico;Episódico/Epidêmico;Se manteve
5107958;Epidêmico;Epidêmico;Se manteve
5108006;Episódico/Epidêmico;Episódico/Epidêmico;Se manteve
5108055;Episódico/Epidêmico;Episódico/Epidêmico;Se manteve
5108105;Episódico/Epidêmico;Episódico/Epidêmico;Se manteve
5108204;Epidêmico;Episódico/Epidêmico;Melhorou
5108303;Episódico/Epidêmico;Episódico/Epidêmico;Se manteve
5108352;Episódico/Epidêmico;Episódico/Epidêmico;Se manteve
5108402;Epidêmico;Epidêmico;Se manteve
5108501;Episódico/Epidêmico;Episódico/Epidêmico;Se manteve
5108600;Episódico/Epidêmico;Episódico/Epidêmico;Se manteve
5108808;Episódico/Epidêmico;Episódico/Epidêmico;Se manteve
5108857;Episódico/Epidêmico;Episódico/Epidêmico;Se manteve
5108907;Episódico/Epidêmico;Episódico/Epidêmico;Se manteve
5108956;Episódico/Epidêmico;Episódico/Epidêmico;Se manteve
5200050;Episódico/Epidêmico;Episódico/Epidêmico;Se manteve
5200100;Episódico/Epidêmico;Episódico/Epidêmico;Se manteve
5200134;Episódico/Epidêmico;Epidêmico;Piorou
5200159;Episódico/Epidêmico;Episódico/Epidêmico;Se manteve
5200175;Episódico/Epidêmico;Episódico/Epidêmico;Se manteve
5200209;Episódico/Epidêmico;Episódico/Epidêmico;Se manteve
5200258;Epidêmico;Epidêmico;Se manteve
5200308;Episódico/Epidêmico;Episódico/Epidêmico;Se manteve
5200506;Episódico;Episódico/Epidêmico;Piorou
5200555;Episódico/Epidêmico;Episódico/Epidêmico;Se manteve
5200605;Episódico/Epidêmico;Episódico/Epidêmico;Se manteve
5200803;Episódico/Epidêmico;Episódico/Epidêmico;Se manteve
5200829;Episódico;Episódico/Epidêmico;Piorou
5200852;Episódico/Epidêmico;Episódico/Epidêmico;Se manteve
5200902;Episódico/Epidêmico;Episódico/Epidêmico;Se manteve
5201108;Epidêmico;Transmissão Persistente;Piorou
5201207;Episódico;Episódico/Epidêmico;Piorou
5201306;Episódico/Epidêmico;Episódico/Epidêmico;Se manteve
5201405;Epidêmico;Transmissão Persistente;Piorou
5201454;Episódico/Epidêmico;Episódico/Epidêmico;Se manteve
5201504;Episódico/Epidêmico;Episódico/Epidêmico;Se manteve
5201603;Episódico/Epidêmico;Episódico/Epidêmico;Se manteve
5201702;Episódico/Epidêmico;Episódico/Epidêmico;Se manteve
5201801;Episódico/Epidêmico;Episódico/Epidêmico;Se manteve
5202155;Episódico/Epidêmico;Episódico/Epidêmico;Se manteve
5202353;Episódico/Epidêmico;Episódico/Epidêmico;Se manteve
5202502;Episódico/Epidêmico;Episódico/Epidêmico;Se manteve
5202601;Episódico/Epidêmico;Episódico/Epidêmico;Se manteve
5202809;Episódico;Episódico/Epidêmico;Piorou
5203104;Episódico/Epidêmico;Episódico/Epidêmico;Se manteve
5203203;Epidêmico;Epidêmico;Se manteve
5203302;Epidêmico;Epidêmico;Se manteve
5203401;Episódico/Epidêmico;Episódico/Epidêmico;Se manteve
5203500;Episódico/Epidêmico;Episódico/Epidêmico;Se manteve
5203559;Episódico/Epidêmico;Episódico;Melhorou
5203575;Episódico/Epidêmico;Episódico/Epidêmico;Se manteve
5203609;Episódico/Epidêmico;Episódico/Epidêmico;Se manteve
5203807;Episódico/Epidêmico;Episódico/Epidêmico;Se manteve
5203906;Episódico/Epidêmico;Episódico/Epidêmico;Se manteve
5203939;Sem transmissão;Sem transmissão;Se manteve
5203962;Sem transmissão;Sem transmissão;Se manteve
5204003;Episódico/Epidêmico;Episódico/Epidêmico;Se manteve
5204102;Episódico/Epidêmico;Episódico/Epidêmico;Se manteve
5204201;Episódico;Episódico/Epidêmico;Piorou
5204250;Epidêmico;Episódico/Epidêmico;Melhorou
5204300;Episódico/Epidêmico;Epidêmico;Piorou
5204409;Episódico/Epidêmico;Epidêmico;Piorou
5204508;Epidêmico;Epidêmico;Se manteve
5204557;Episódico/Epidêmico;Episódico/Epidêmico;Se manteve
5204607;Episódico/Epidêmico;Episódico/Epidêmico;Se manteve
5204656;Episódico;Episódico;Se manteve
5204706;Episódico/Epidêmico;Episódico/Epidêmico;Se manteve
5204805;Episódico/Epidêmico;Episódico/Epidêmico;Se manteve
5204854;Episódico/Epidêmico;Episódico/Epidêmico;Se manteve
5204904;Episódico/Epidêmico;Epidêmico;Piorou
5204953;Episódico/Epidêmico;Episódico;Melhorou
5205000;Episódico/Epidêmico;Episódico/Epidêmico;Se manteve
5205059;Episódico/Epidêmico;Episódico/Epidêmico;Se manteve
5205109;Epidêmico;Epidêmico;Se manteve
5205208;Episódico/Epidêmico;Episódico/Epidêmico;Se manteve
5205307;Episódico/Epidêmico;Episódico/Epidêmico;Se manteve
5205406;Epidêmico;Epidêmico;Se manteve
5205455;Epidêmico;Episódico/Epidêmico;Melhorou
5205471;Episódico/Epidêmico;Episódico/Epidêmico;Se manteve
5205497;Epidêmico;Epidêmico;Se manteve
5205513;Epidêmico;Epidêmico;Se manteve
5205521;Episódico/Epidêmico;Episódico/Epidêmico;Se manteve
5205703;Episódico/Epidêmico;Episódico/Epidêmico;Se manteve
5205802;Episódico/Epidêmico;Episódico/Epidêmico;Se manteve
5205901;Episódico/Epidêmico;Epidêmico;Piorou
5206206;Episódico/Epidêmico;Epidêmico;Piorou
5206305;Episódico/Epidêmico;Episódico/Epidêmico;Se manteve
5206404;Epidêmico;Epidêmico;Se manteve
5206503;Episódico/Epidêmico;Episódico/Epidêmico;Se manteve
5206602;Episódico/Epidêmico;Episódico/Epidêmico;Se manteve
5206701;Episódico;Episódico;Se manteve
5206800;Episódico/Epidêmico;Episódico/Epidêmico;Se manteve
5206909;Episódico;Episódico;Se manteve
5207105;Episódico/Epidêmico;Episódico/Epidêmico;Se manteve
5207253;Episódico/Epidêmico;Episódico/Epidêmico;Se manteve
5207352;Episódico/Epidêmico;Episódico/Epidêmico;Se manteve
5207402;Episódico/Epidêmico;Epidêmico;Piorou
5207501;Episódico/Epidêmico;Episódico/Epidêmico;Se manteve
5207535;Episódico/Epidêmico;Episódico/Epidêmico;Se manteve
5207600;Episódico/Epidêmico;Episódico/Epidêmico;Se manteve
5207808;Episódico/Epidêmico;Epidêmico;Piorou
5207907;Episódico/Epidêmico;Episódico/Epidêmico;Se manteve
5208004;Epidêmico;Epidêmico;Se manteve
5208103;Episódico/Epidêmico;Episódico/Epidêmico;Se manteve
5208152;Episódico/Epidêmico;Episódico/Epidêmico;Se manteve
5208301;Episódico/Epidêmico;Episódico/Epidêmico;Se manteve
5208400;Episódico/Epidêmico;Epidêmico;Piorou
5208509;Episódico/Epidêmico;Episódico/Epidêmico;Se manteve
5208608;Epidêmico;Epidêmico;Se manteve
5208707;Transmissão Persistente;Transmissão Persistente;Se manteve
5208806;Epidêmico;Epidêmico;Se manteve
5208905;Episódico/Epidêmico;Epidêmico;Piorou
5209101;Epidêmico;Epidêmico;Se manteve
5209150;Episódico/Epidêmico;Episódico/Epidêmico;Se manteve
5209200;Episódico/Epidêmico;Episódico/Epidêmico;Se manteve
5209291;Episódico;Episódico/Epidêmico;Piorou
5209408;Episódico/Epidêmico;Episódico/Epidêmico;Se manteve
5209457;Episódico/Epidêmico;Episódico/Epidêmico;Se manteve
5209606;Episódico/Epidêmico;Episódico/Epidêmico;Se manteve
5209705;Epidêmico;Epidêmico;Se manteve
5209804;Episódico/Epidêmico;Episódico;Melhorou
5209903;Episódico/Epidêmico;Episódico/Epidêmico;Se manteve
5209937;Episódico/Epidêmico;Episódico/Epidêmico;Se manteve
5209952;Episódico/Epidêmico;Episódico/Epidêmico;Se manteve
5210000;Epidêmico;Epidêmico;Se manteve
5210109;Episódico/Epidêmico;Epidêmico;Piorou
5210158;Episódico/Epidêmico;Episódico/Epidêmico;Se manteve
5210208;Epidêmico;Epidêmico;Se manteve
5210307;Episódico/Epidêmico;Episódico/Epidêmico;Se manteve
5210406;Epidêmico;Epidêmico;Se manteve
5210562;Episódico/Epidêmico;Episódico/Epidêmico;Se manteve
5210604;Episódico/Epidêmico;Episódico/Epidêmico;Se manteve
5210802;Episódico/Epidêmico;Episódico/Epidêmico;Se manteve
5210901;Epidêmico;Epidêmico;Se manteve
5211008;Episódico/Epidêmico;Episódico/Epidêmico;Se manteve
5211206;Episódico/Epidêmico;Episódico/Epidêmico;Se manteve
5211305;Episódico/Epidêmico;Episódico/Epidêmico;Se manteve
5211404;Episódico/Epidêmico;Episódico/Epidêmico;Se manteve
5211503;Epidêmico;Epidêmico;Se manteve
5211602;Episódico/Epidêmico;Episódico/Epidêmico;Se manteve
5211701;Episódico/Epidêmico;Episódico/Epidêmico;Se manteve
5211800;Epidêmico;Epidêmico;Se manteve
5211909;Epidêmico;Epidêmico;Se manteve
5212006;Episódico/Epidêmico;Episódico;Melhorou
5212055;Episódico;Episódico;Se manteve
5212105;Episódico/Epidêmico;Episódico/Epidêmico;Se manteve
5212204;Episódico/Epidêmico;Episódico/Epidêmico;Se manteve
5212253;Episódico;Episódico;Se manteve
5212303;Episódico/Epidêmico;Episódico/Epidêmico;Se manteve
5212501;Epidêmico;Epidêmico;Se manteve
5212600;Episódico/Epidêmico;Episódico/Epidêmico;Se manteve
5212709;Episódico;Episódico/Epidêmico;Piorou
5212808;Episódico/Epidêmico;Episódico/Epidêmico;Se manteve
5212907;Episódico/Epidêmico;Episódico/Epidêmico;Se manteve
5212956;Episódico;Episódico;Se manteve
5213004;Episódico/Epidêmico;Episódico/Epidêmico;Se manteve
5213053;Episódico/Epidêmico;Episódico;Melhorou
5213087;Epidêmico;Episódico/Epidêmico;Melhorou
5213103;Epidêmico;Epidêmico;Se manteve
5213400;Episódico/Epidêmico;Episódico;Melhorou
5213509;Episódico/Epidêmico;Episódico/Epidêmico;Se manteve
5213707;Episódico/Epidêmico;Epidêmico;Piorou
5213756;Episódico/Epidêmico;Episódico/Epidêmico;Se manteve
5213772;Episódico;Episódico;Se manteve
5213806;Epidêmico;Epidêmico;Se manteve
5213855;Episódico/Epidêmico;Episódico/Epidêmico;Se manteve
5213905;Episódico/Epidêmico;Episódico/Epidêmico;Se manteve
5214002;Episódico/Epidêmico;Episódico/Epidêmico;Se manteve
5214051;Episódico/Epidêmico;Episódico/Epidêmico;Se manteve
5214101;Episódico/Epidêmico;Episódico/Epidêmico;Se manteve
5214408;Episódico/Epidêmico;Episódico/Epidêmico;Se manteve
5214507;Episódico/Epidêmico;Episódico/Epidêmico;Se manteve
5214606;Episódico/Epidêmico;Episódico/Epidêmico;Se manteve
5214705;Episódico/Epidêmico;Episódico;Melhorou
5214804;Episódico/Epidêmico;Episódico/Epidêmico;Se manteve
5214838;Episódico/Epidêmico;Episódico/Epidêmico;Se manteve
5214861;Episódico/Epidêmico;Episódico/Epidêmico;Se manteve
5214879;Episódico/Epidêmico;Episódico/Epidêmico;Se manteve
5214903;Episódico/Epidêmico;Episódico/Epidêmico;Se manteve
5215009;Episódico/Epidêmico;Episódico/Epidêmico;Se manteve
5215207;Episódico/Epidêmico;Episódico/Epidêmico;Se manteve
5215231;Epidêmico;Epidêmico;Se manteve
5215256;Episódico;Episódico;Se manteve
5215306;Episódico/Epidêmico;Episódico/Epidêmico;Se manteve
5215405;Episódico/Epidêmico;Episódico/Epidêmico;Se manteve
5215504;Episódico/Epidêmico;Epidêmico;Piorou
5215603;Epidêmico;Episódico/Epidêmico;Melhorou
5215652;Episódico/Epidêmico;Episódico/Epidêmico;Se manteve
5215702;Epidêmico;Epidêmico;Se manteve
5215801;Episódico/Epidêmico;Episódico;Melhorou
5215900;Episódico/Epidêmico;Episódico/Epidêmico;Se manteve
5216007;Episódico/Epidêmico;Episódico/Epidêmico;Se manteve
5216304;Episódico/Epidêmico;Episódico/Epidêmico;Se manteve
5216403;Episódico/Epidêmico;Epidêmico;Piorou
5216452;Episódico/Epidêmico;Episódico/Epidêmico;Se manteve
5216809;Episódico/Epidêmico;Episódico/Epidêmico;Se manteve
5216908;Episódico;Episódico;Se manteve
5217104;Episódico/Epidêmico;Episódico/Epidêmico;Se manteve
5217203;Episódico/Epidêmico;Episódico/Epidêmico;Se manteve
5217302;Epidêmico;Epidêmico;Se manteve
5217401;Epidêmico;Epidêmico;Se manteve
5217609;Epidêmico;Epidêmico;Se manteve
5217708;Episódico/Epidêmico;Episódico/Epidêmico;Se manteve
5218003;Epidêmico;Episódico/Epidêmico;Melhorou
5218052;Episódico/Epidêmico;Episódico/Epidêmico;Se manteve
5218102;Episódico/Epidêmico;Episódico/Epidêmico;Se manteve
5218300;Epidêmico;Epidêmico;Se manteve
5218391;Episódico/Epidêmico;Episódico/Epidêmico;Se manteve
5218508;Episódico/Epidêmico;Epidêmico;Piorou
5218607;Episódico/Epidêmico;Episódico/Epidêmico;Se manteve
5218706;Episódico/Epidêmico;Episódico/Epidêmico;Se manteve
5218789;Episódico/Epidêmico;Episódico/Epidêmico;Se manteve
5218805;Epidêmico;Epidêmico;Se manteve
5218904;Episódico/Epidêmico;Episódico/Epidêmico;Se manteve
5219001;Episódico/Epidêmico;Episódico/Epidêmico;Se manteve
5219100;Episódico/Epidêmico;Epidêmico;Piorou
5219209;Episódico/Epidêmico;Episódico/Epidêmico;Se manteve
5219258;Episódico/Epidêmico;Episódico/Epidêmico;Se manteve
5219308;Episódico/Epidêmico;Epidêmico;Piorou
5219357;Episódico/Epidêmico;Episódico/Epidêmico;Se manteve
5219407;Episódico/Epidêmico;Episódico/Epidêmico;Se manteve
5219456;Episódico/Epidêmico;Episódico/Epidêmico;Se manteve
5219506;Episódico/Epidêmico;Episódico/Epidêmico;Se manteve
5219605;Episódico/Epidêmico;Episódico/Epidêmico;Se manteve
5219704;Episódico/Epidêmico;Episódico/Epidêmico;Se manteve
5219712;Episódico/Epidêmico;Episódico/Epidêmico;Se manteve
5219738;Episódico/Epidêmico;Epidêmico;Piorou
5219753;Epidêmico;Epidêmico;Se manteve
5219803;Episódico/Epidêmico;Episódico/Epidêmico;Se manteve
5219902;Episódico/Epidêmico;Episódico/Epidêmico;Se manteve
5220009;Episódico/Epidêmico;Episódico/Epidêmico;Se manteve
5220058;Episódico/Epidêmico;Episódico/Epidêmico;Se manteve
5220108;Epidêmico;Epidêmico;Se manteve
5220157;Episódico/Epidêmico;Episódico/Epidêmico;Se manteve
5220207;Episódico/Epidêmico;Episódico/Epidêmico;Se manteve
5220264;Episódico/Epidêmico;Episódico/Epidêmico;Se manteve
5220280;Episódico;Episódico;Se manteve
5220405;Epidêmico;Epidêmico;Se manteve
5220454;Epidêmico;Epidêmico;Se manteve
5220504;Episódico/Epidêmico;Episódico/Epidêmico;Se manteve
5220603;Episódico/Epidêmico;Episódico/Epidêmico;Se manteve
5220686;Episódico/Epidêmico;Episódico/Epidêmico;Se manteve
5220702;Episódico;Episódico;Se manteve
5221007;Episódico/Epidêmico;Episódico/Epidêmico;Se manteve
5221080;Episódico/Epidêmico;Episódico/Epidêmico;Se manteve
5221197;Episódico/Epidêmico;Episódico/Epidêmico;Se manteve
5221304;Episódico/Epidêmico;Episódico/Epidêmico;Se manteve
5221403;Epidêmico;Epidêmico;Se manteve
5221452;Episódico/Epidêmico;Episódico/Epidêmico;Se manteve
5221502;Epidêmico;Epidêmico;Se manteve
5221551;Episódico/Epidêmico;Episódico/Epidêmico;Se manteve
5221577;Episódico;Episódico/Epidêmico;Piorou
5221601;Epidêmico;Epidêmico;Se manteve
5221700;Episódico/Epidêmico;Episódico/Epidêmico;Se manteve
5221809;Episódico/Epidêmico;Episódico/Epidêmico;Se manteve
5221858;Epidêmico;Epidêmico;Se manteve
5221908;Episódico/Epidêmico;Episódico/Epidêmico;Se manteve
5222005;Episódico/Epidêmico;Episódico/Epidêmico;Se manteve
5222054;Episódico/Epidêmico;Episódico/Epidêmico;Se manteve
5222203;Episódico/Epidêmico;Episódico/Epidêmico;Se manteve
5222302;Episódico/Epidêmico;Episódico/Epidêmico;Se manteve
5300108;Epidêmico;Transmissão Persistente;Piorou
