CD_UF;municipio_geocodigo;class_cluster_2010_2019;class_cluster_2020_2022;transition
11;1100015;Episódico/Epidêmico;Epidêmico;Piorou
11;1100023;Epidêmico;Epidêmico;Se manteve
11;1100031;Episódico/Epidêmico;Episódico/Epidêmico;Se manteve
11;1100049;Epidêmico;Epidêmico;Se manteve
11;1100056;Episódico/Epidêmico;Episódico/Epidêmico;Se manteve
11;1100064;Episódico/Epidêmico;Episódico/Epidêmico;Se manteve
11;1100072;Episódico/Epidêmico;Episódico/Epidêmico;Se manteve
11;1100080;Episódico/Epidêmico;Episódico/Epidêmico;Se manteve
11;1100098;Episódico/Epidêmico;Episódico/Epidêmico;Se manteve
11;1100106;Episódico/Epidêmico;Episódico/Epidêmico;Se manteve
11;1100114;Episódico/Epidêmico;Epidêmico;Piorou
11;1100122;Epidêmico;Epidêmico;Se manteve
11;1100130;Episódico/Epidêmico;Epidêmico;Piorou
11;1100148;Epidêmico;Epidêmico;Se manteve
11;1100155;Episódico/Epidêmico;Episódico/Epidêmico;Se manteve
11;1100189;Epidêmico;Epidêmico;Se manteve
11;1100205;Epidêmico;Epidêmico;Se manteve
11;1100254;Episódico/Epidêmico;Epidêmico;Piorou
11;1100262;Episódico/Epidêmico;Episódico/Epidêmico;Se manteve
11;1100288;Episódico/Epidêmico;Episódico/Epidêmico;Se manteve
11;1100296;Episódico/Epidêmico;Episódico/Epidêmico;Se manteve
11;1100304;Epidêmico;Epidêmico;Se manteve
11;1100320;Episódico/Epidêmico;Episódico/Epidêmico;Se manteve
11;1100338;Episódico/Epidêmico;Episódico/Epidêmico;Se manteve
11;1100346;Episódico/Epidêmico;Episódico/Epidêmico;Se manteve
11;1100379;Episódico/Epidêmico;Episódico/Epidêmico;Se manteve
11;1100403;Episódico/Epidêmico;Episódico/Epidêmico;Se manteve
11;1100452;Epidêmico;Epidêmico;Se manteve
11;1100502;Episódico/Epidêmico;Episódico;Melhorou
11;1100601;Episódico;Episódico/Epidêmico;Piorou
11;1100700;Episódico/Epidêmico;Episódico/Epidêmico;Se manteve
11;1100809;Episódico/Epidêmico;Episódico/Epidêmico;Se manteve
11;1100908;Episódico;Episódico/Epidêmico;Piorou
11;1100924;Episódico;Epidêmico;Piorou
11;1100940;Episódico/Epidêmico;Epidêmico;Piorou
11;1101005;Episódico/Epidêmico;Episódico;Melhorou
11;1101104;Episódico/Epidêmico;Episódico;Melhorou
11;1101203;Episódico/Epidêmico;Episódico/Epidêmico;Se manteve
11;1101302;Episódico;Episódico;Se manteve
11;1101401;Episódico/Epidêmico;Episódico/Epidêmico;Se manteve
11;1101435;Episódico/Epidêmico;Episódico/Epidêmico;Se manteve
11;1101450;Episódico/Epidêmico;Episódico/Epidêmico;Se manteve
11;1101468;Episódico/Epidêmico;Episódico;Melhorou
11;1101476;Episódico/Epidêmico;Episódico/Epidêmico;Se manteve
11;1101484;Episódico/Epidêmico;Episódico/Epidêmico;Se manteve
11;1101492;Episódico/Epidêmico;Episódico/Epidêmico;Se manteve
11;1101500;Episódico/Epidêmico;Episódico/Epidêmico;Se manteve
11;1101559;Episódico;Episódico/Epidêmico;Piorou
11;1101609;Episódico;Episódico/Epidêmico;Piorou
11;1101708;Episódico/Epidêmico;Episódico/Epidêmico;Se manteve
11;1101757;Episódico;Episódico/Epidêmico;Piorou
11;1101807;Episódico/Epidêmico;Episódico/Epidêmico;Se manteve
12;1200013;Episódico/Epidêmico;Episódico/Epidêmico;Se manteve
12;1200054;Episódico/Epidêmico;Epidêmico;Piorou
12;1200104;Epidêmico;Epidêmico;Se manteve
12;1200138;Episódico;Episódico/Epidêmico;Piorou
12;1200179;Episódico/Epidêmico;Episódico/Epidêmico;Se manteve
12;1200203;Epidêmico;Epidêmico;Se manteve
12;1200252;Episódico/Epidêmico;Episódico/Epidêmico;Se manteve
12;1200302;Episódico/Epidêmico;Epidêmico;Piorou
12;1200328;Episódico;Episódico;Se manteve
12;1200336;Episódico/Epidêmico;Epidêmico;Piorou
12;1200344;Episódico;Episódico/Epidêmico;Piorou
12;1200351;Episódico;Epidêmico;Piorou
12;1200385;Episódico/Epidêmico;Episódico/Epidêmico;Se manteve
12;1200393;Episódico;Episódico/Epidêmico;Piorou
12;1200401;Epidêmico;Epidêmico;Se manteve
12;1200427;Episódico/Epidêmico;Epidêmico;Piorou
12;1200435;Episódico;Sem transmissão;Melhorou
12;1200450;Episódico/Epidêmico;Episódico/Epidêmico;Se manteve
12;1200500;Episódico/Epidêmico;Epidêmico;Piorou
12;1200609;Episódico;Epidêmico;Piorou
12;1200708;Epidêmico;Episódico/Epidêmico;Melhorou
12;1200807;Episódico;Episódico/Epidêmico;Piorou
13;1300029;Episódico;Episódico/Epidêmico;Piorou
13;1300060;Episódico;Episódico;Se manteve
13;1300086;Episódico;Sem transmissão;Melhorou
13;1300102;Episódico;Episódico/Epidêmico;Piorou
13;1300144;Episódico;Episódico;Se manteve
13;1300201;Episódico;Episódico/Epidêmico;Piorou
13;1300300;Episódico;Episódico;Se manteve
13;1300409;Episódico/Epidêmico;Episódico/Epidêmico;Se manteve
13;1300508;Episódico;Sem transmissão;Melhorou
13;1300607;Episódico;Epidêmico;Piorou
13;1300631;Episódico;Episódico/Epidêmico;Piorou
13;1300680;Episódico;Episódico;Se manteve
13;1300706;Episódico/Epidêmico;Episódico;Melhorou
13;1300805;Epidêmico;Episódico/Epidêmico;Melhorou
13;1300839;Episódico;Episódico;Se manteve
13;1300904;Episódico;Sem transmissão;Melhorou
13;1301001;Episódico;Episódico/Epidêmico;Piorou
13;1301100;Episódico/Epidêmico;Episódico;Melhorou
13;1301159;Episódico;Episódico;Se manteve
13;1301209;Episódico/Epidêmico;Episódico/Epidêmico;Se manteve
13;1301308;Episódico;Episódico/Epidêmico;Piorou
13;1301407;Episódico;Episódico/Epidêmico;Piorou
13;1301506;Episódico;Epidêmico;Piorou
13;1301605;Episódico;Episódico;Se manteve
13;1301654;Epidêmico;Epidêmico;Se manteve
13;1301704;Epidêmico;Epidêmico;Se manteve
13;1301803;Episódico;Epidêmico;Piorou
13;1301852;Episódico;Epidêmico;Piorou
13;1301902;Epidêmico;Episódico/Epidêmico;Melhorou
13;1301951;Episódico;Sem transmissão;Melhorou
13;1302009;Episódico;Sem transmissão;Melhorou
13;1302108;Episódico;Episódico/Epidêmico;Piorou
13;1302207;Episódico;Episódico;Se manteve
13;1302306;Episódico;Epidêmico;Piorou
13;1302405;Episódico/Epidêmico;Epidêmico;Piorou
13;1302504;Episódico/Epidêmico;Epidêmico;Piorou
13;1302553;Episódico;Sem transmissão;Melhorou
13;1302603;Epidêmico;Epidêmico;Se manteve
13;1302702;Episódico;Epidêmico;Piorou
13;1302801;Episódico;Episódico;Se manteve
13;1302900;Episódico/Epidêmico;Episódico/Epidêmico;Se manteve
13;1303007;Episódico;Sem transmissão;Melhorou
13;1303106;Episódico/Epidêmico;Sem transmissão;Melhorou
13;1303205;Episódico/Epidêmico;Episódico/Epidêmico;Se manteve
13;1303304;Episódico/Epidêmico;Episódico/Epidêmico;Se manteve
13;1303403;Episódico/Epidêmico;Epidêmico;Piorou
13;1303502;Episódico;Episódico;Se manteve
13;1303536;Episódico/Epidêmico;Epidêmico;Piorou
13;1303569;Episódico;Episódico/Epidêmico;Piorou
13;1303601;Episódico;Episódico/Epidêmico;Piorou
13;1303700;Episódico;Episódico/Epidêmico;Piorou
13;1303809;Epidêmico;Episódico/Epidêmico;Melhorou
13;1303908;Episódico;Epidêmico;Piorou
13;1303957;Sem transmissão;Episódico;Piorou
13;1304005;Episódico;Sem transmissão;Melhorou
13;1304062;Epidêmico;Epidêmico;Se manteve
13;1304104;Episódico/Epidêmico;Epidêmico;Piorou
13;1304203;Epidêmico;Epidêmico;Se manteve
13;1304237;Episódico;Episódico/Epidêmico;Piorou
13;1304260;Episódico;Episódico;Se manteve
13;1304302;Episódico;Episódico;Se manteve
13;1304401;Episódico;Episódico;Se manteve
14;1400027;Episódico/Epidêmico;Episódico;Melhorou
14;1400050;Episódico/Epidêmico;Episódico/Epidêmico;Se manteve
14;1400100;Epidêmico;Epidêmico;Se manteve
14;1400159;Episódico/Epidêmico;Episódico/Epidêmico;Se manteve
14;1400175;Episódico/Epidêmico;Episódico/Epidêmico;Se manteve
14;1400209;Epidêmico;Episódico/Epidêmico;Melhorou
14;1400233;Episódico/Epidêmico;Episódico/Epidêmico;Se manteve
14;1400282;Episódico/Epidêmico;Episódico/Epidêmico;Se manteve
14;1400308;Episódico/Epidêmico;Episódico/Epidêmico;Se manteve
14;1400407;Episódico/Epidêmico;Episódico;Melhorou
14;1400456;Episódico/Epidêmico;Episódico/Epidêmico;Se manteve
14;1400472;Epidêmico;Epidêmico;Se manteve
14;1400506;Episódico/Epidêmico;Epidêmico;Piorou
14;1400605;Episódico/Epidêmico;Episódico;Melhorou
14;1400704;Episódico;Episódico;Se manteve
15;1500107;Epidêmico;Episódico/Epidêmico;Melhorou
15;1500131;Episódico/Epidêmico;Episódico;Melhorou
15;1500206;Episódico/Epidêmico;Episódico/Epidêmico;Se manteve
15;1500305;Episódico;Episódico;Se manteve
15;1500347;Episódico/Epidêmico;Episódico/Epidêmico;Se manteve
15;1500404;Episódico/Epidêmico;Episódico/Epidêmico;Se manteve
15;1500503;Episódico;Sem transmissão;Melhorou
15;1500602;Epidêmico;Epidêmico;Se manteve
15;1500701;Episódico;Episódico;Se manteve
15;1500800;Epidêmico;Episódico/Epidêmico;Melhorou
15;1500859;Episódico/Epidêmico;Episódico/Epidêmico;Se manteve
15;1500909;Episódico/Epidêmico;Episódico/Epidêmico;Se manteve
15;1500958;Episódico/Epidêmico;Episódico/Epidêmico;Se manteve
15;1501006;Episódico;Sem transmissão;Melhorou
15;1501105;Episódico;Episódico;Se manteve
15;1501204;Episódico/Epidêmico;Episódico;Melhorou
15;1501253;Episódico/Epidêmico;Episódico/Epidêmico;Se manteve
15;1501303;Epidêmico;Episódico/Epidêmico;Melhorou
15;1501402;Epidêmico;Epidêmico;Se manteve
15;1501451;Episódico/Epidêmico;Episódico;Melhorou
15;1501501;Episódico/Epidêmico;Episódico/Epidêmico;Se manteve
15;1501576;Episódico;Episódico;Se manteve
15;1501600;Episódico;Sem transmissão;Melhorou
15;1501709;Episódico/Epidêmico;Episódico/Epidêmico;Se manteve
15;1501725;Episódico/Epidêmico;Episódico/Epidêmico;Se manteve
15;1501758;Episódico/Epidêmico;Episódico/Epidêmico;Se manteve
15;1501782;Episódico/Epidêmico;Episódico;Melhorou
15;1501808;Episódico/Epidêmico;Episódico;Melhorou
15;1501907;Episódico;Episódico;Se manteve
15;1501956;Episódico;Episódico;Se manteve
15;1502004;Sem transmissão;Sem transmissão;Se manteve
15;1502103;Episódico/Epidêmico;Episódico/Epidêmico;Se manteve
15;1502152;Episódico/Epidêmico;Epidêmico;Piorou
15;1502202;Episódico/Epidêmico;Episódico/Epidêmico;Se manteve
15;1502301;Episódico/Epidêmico;Episódico;Melhorou
15;1502400;Epidêmico;Epidêmico;Se manteve
15;1502509;Episódico;Sem transmissão;Melhorou
15;1502608;Episódico;Episódico;Se manteve
15;1502707;Epidêmico;Epidêmico;Se manteve
15;1502756;Episódico;Episódico;Se manteve
15;1502764;Episódico/Epidêmico;Episódico/Epidêmico;Se manteve
15;1502772;Episódico/Epidêmico;Episódico;Melhorou
15;1502806;Episódico;Episódico;Se manteve
15;1502855;Episódico;Episódico;Se manteve
15;1502905;Episódico/Epidêmico;Episódico;Melhorou
15;1502939;Episódico/Epidêmico;Episódico/Epidêmico;Se manteve
15;1502954;Episódico;Episódico;Se manteve
15;1503002;Episódico;Sem transmissão;Melhorou
15;1503044;Episódico;Episódico/Epidêmico;Piorou
15;1503077;Episódico;Episódico;Se manteve
15;1503093;Episódico/Epidêmico;Episódico;Melhorou
15;1503101;Episódico;Sem transmissão;Melhorou
15;1503200;Episódico/Epidêmico;Episódico/Epidêmico;Se manteve
15;1503309;Episódico/Epidêmico;Episódico/Epidêmico;Se manteve
15;1503408;Episódico/Epidêmico;Episódico/Epidêmico;Se manteve
15;1503457;Episódico/Epidêmico;Episódico/Epidêmico;Se manteve
15;1503507;Episódico/Epidêmico;Episódico/Epidêmico;Se manteve
15;1503606;Epidêmico;Epidêmico;Se manteve
15;1503705;Episódico/Epidêmico;Episódico;Melhorou
15;1503754;Episódico;Episódico;Se manteve
15;1503804;Episódico/Epidêmico;Episódico/Epidêmico;Se manteve
15;1503903;Episódico/Epidêmico;Episódico/Epidêmico;Se manteve
15;1504000;Episódico/Epidêmico;Episódico;Melhorou
15;1504059;Episódico/Epidêmico;Episódico/Epidêmico;Se manteve
15;1504109;Episódico;Episódico/Epidêmico;Piorou
15;1504208;Epidêmico;Epidêmico;Se manteve
15;1504307;Episódico/Epidêmico;Episódico;Melhorou
15;1504406;Episódico;Episódico;Se manteve
15;1504422;Epidêmico;Epidêmico;Se manteve
15;1504455;Episódico/Epidêmico;Episódico/Epidêmico;Se manteve
15;1504505;Sem transmissão;Episódico;Piorou
15;1504604;Episódico/Epidêmico;Episódico/Epidêmico;Se manteve
15;1504703;Episódico/Epidêmico;Episódico/Epidêmico;Se manteve
15;1504752;Episódico;Episódico/Epidêmico;Piorou
15;1504802;Episódico/Epidêmico;Episódico/Epidêmico;Se manteve
15;1504901;Episódico;Episódico;Se manteve
15;1504950;Episódico/Epidêmico;Episódico;Melhorou
15;1504976;Episódico/Epidêmico;Episódico/Epidêmico;Se manteve
15;1505007;Episódico;Sem transmissão;Melhorou
15;1505031;Episódico/Epidêmico;Episódico/Epidêmico;Se manteve
15;1505064;Episódico/Epidêmico;Episódico/Epidêmico;Se manteve
15;1505106;Episódico/Epidêmico;Episódico/Epidêmico;Se manteve
15;1505205;Episódico;Episódico;Se manteve
15;1505304;Episódico/Epidêmico;Episódico/Epidêmico;Se manteve
15;1505403;Episódico;Episódico;Se manteve
15;1505437;Episódico/Epidêmico;Episódico/Epidêmico;Se manteve
15;1505486;Episódico/Epidêmico;Episódico/Epidêmico;Se manteve
15;1505494;Episódico;Episódico;Se manteve
15;1505502;Episódico/Epidêmico;Episódico/Epidêmico;Se manteve
15;1505536;Epidêmico;Epidêmico;Se manteve
15;1505551;Episódico/Epidêmico;Episódico/Epidêmico;Se manteve
15;1505601;Episódico;Episódico/Epidêmico;Piorou
15;1505635;Episódico;Episódico;Se manteve
15;1505650;Episódico/Epidêmico;Episódico/Epidêmico;Se manteve
15;1505700;Episódico/Epidêmico;Episódico/Epidêmico;Se manteve
15;1505809;Episódico/Epidêmico;Episódico/Epidêmico;Se manteve
15;1505908;Episódico;Episódico;Se manteve
15;1506005;Episódico/Epidêmico;Episódico/Epidêmico;Se manteve
15;1506104;Episódico;Episódico;Se manteve
15;1506112;Episódico;Episódico;Se manteve
15;1506138;Episódico/Epidêmico;Epidêmico;Piorou
15;1506161;Episódico/Epidêmico;Episódico;Melhorou
15;1506187;Episódico/Epidêmico;Episódico/Epidêmico;Se manteve
15;1506195;Episódico/Epidêmico;Epidêmico;Piorou
15;1506203;Episódico/Epidêmico;Episódico/Epidêmico;Se manteve
15;1506302;Episódico/Epidêmico;Episódico;Melhorou
15;1506351;Episódico/Epidêmico;Episódico/Epidêmico;Se manteve
15;1506401;Sem transmissão;Sem transmissão;Se manteve
15;1506500;Episódico/Epidêmico;Episódico/Epidêmico;Se manteve
15;1506559;Episódico/Epidêmico;Episódico/Epidêmico;Se manteve
15;1506583;Episódico/Epidêmico;Episódico;Melhorou
15;1506609;Episódico/Epidêmico;Episódico;Melhorou
15;1506708;Episódico/Epidêmico;Episódico/Epidêmico;Se manteve
15;1506807;Epidêmico;Epidêmico;Se manteve
15;1506906;Episódico/Epidêmico;Episódico;Melhorou
15;1507003;Episódico/Epidêmico;Episódico;Melhorou
15;1507102;Episódico/Epidêmico;Episódico/Epidêmico;Se manteve
15;1507151;Episódico/Epidêmico;Episódico;Melhorou
15;1507201;Episódico/Epidêmico;Episódico/Epidêmico;Se manteve
15;1507300;Epidêmico;Episódico/Epidêmico;Melhorou
15;1507409;Episódico/Epidêmico;Episódico;Melhorou
15;1507458;Episódico/Epidêmico;Episódico/Epidêmico;Se manteve
15;1507466;Episódico;Episódico/Epidêmico;Piorou
15;1507474;Episódico/Epidêmico;Episódico/Epidêmico;Se manteve
15;1507508;Episódico/Epidêmico;Episódico/Epidêmico;Se manteve
15;1507607;Episódico/Epidêmico;Episódico;Melhorou
15;1507706;Episódico;Sem transmissão;Melhorou
15;1507755;Episódico;Episódico/Epidêmico;Piorou
15;1507805;Episódico/Epidêmico;Episódico/Epidêmico;Se manteve
15;1507904;Episódico/Epidêmico;Episódico/Epidêmico;Se manteve
15;1507953;Episódico/Epidêmico;Episódico/Epidêmico;Se manteve
15;1507961;Episódico/Epidêmico;Episódico/Epidêmico;Se manteve
15;1507979;Episódico;Episódico;Se manteve
15;1508001;Episódico/Epidêmico;Episódico/Epidêmico;Se manteve
15;1508035;Episódico/Epidêmico;Episódico/Epidêmico;Se manteve
15;1508050;Episódico;Episódico/Epidêmico;Piorou
15;1508084;Episódico/Epidêmico;Epidêmico;Piorou
15;1508100;Epidêmico;Episódico/Epidêmico;Melhorou
15;1508126;Episódico/Epidêmico;Episódico;Melhorou
15;1508159;Episódico/Epidêmico;Episódico/Epidêmico;Se manteve
15;1508209;Episódico/Epidêmico;Episódico;Melhorou
15;1508308;Episódico/Epidêmico;Episódico/Epidêmico;Se manteve
15;1508357;Episódico/Epidêmico;Epidêmico;Piorou
15;1508407;Episódico/Epidêmico;Episódico/Epidêmico;Se manteve
16;1600055;Episódico/Epidêmico;Sem transmissão;Melhorou
16;1600105;Episódico;Sem transmissão;Melhorou
16;1600154;Episódico/Epidêmico;Episódico;Melhorou
16;1600204;Episódico/Epidêmico;Episódico;Melhorou
16;1600212;Sem transmissão;Sem transmissão;Se manteve
16;1600238;Episódico/Epidêmico;Sem transmissão;Melhorou
16;1600253;Episódico;Sem transmissão;Melhorou
16;1600279;Episódico/Epidêmico;Episódico/Epidêmico;Se manteve
16;1600303;Epidêmico;Epidêmico;Se manteve
16;1600402;Episódico/Epidêmico;Episódico;Melhorou
16;1600501;Episódico/Epidêmico;Episódico/Epidêmico;Se manteve
16;1600535;Episódico/Epidêmico;Episódico;Melhorou
16;1600550;Sem transmissão;Sem transmissão;Se manteve
16;1600600;Epidêmico;Episódico/Epidêmico;Melhorou
16;1600709;Episódico/Epidêmico;Episódico;Melhorou
16;1600808;Episódico;Sem transmissão;Melhorou
17;1700251;Episódico/Epidêmico;Episódico;Melhorou
17;1700301;Episódico/Epidêmico;Episódico/Epidêmico;Se manteve
17;1700350;Episódico/Epidêmico;Episódico;Melhorou
17;1700400;Episódico;Episódico;Se manteve
17;1700707;Episódico/Epidêmico;Episódico;Melhorou
17;1701002;Episódico/Epidêmico;Episódico/Epidêmico;Se manteve
17;1701051;Episódico;Episódico;Se manteve
17;1701101;Episódico/Epidêmico;Episódico/Epidêmico;Se manteve
17;1701309;Episódico/Epidêmico;Episódico/Epidêmico;Se manteve
17;1701903;Episódico/Epidêmico;Episódico/Epidêmico;Se manteve
17;1702000;Epidêmico;Episódico/Epidêmico;Melhorou
17;1702109;Epidêmico;Epidêmico;Se manteve
17;1702158;Episódico/Epidêmico;Episódico;Melhorou
17;1702208;Episódico/Epidêmico;Episódico/Epidêmico;Se manteve
17;1702307;Episódico/Epidêmico;Episódico/Epidêmico;Se manteve
17;1702406;Episódico/Epidêmico;Episódico/Epidêmico;Se manteve
17;1702554;Episódico/Epidêmico;Episódico/Epidêmico;Se manteve
17;1702703;Episódico;Episódico;Se manteve
17;1702901;Episódico;Episódico;Se manteve
17;1703008;Episódico/Epidêmico;Episódico/Epidêmico;Se manteve
17;1703057;Episódico;Episódico;Se manteve
17;1703073;Episódico;Episódico;Se manteve
17;1703107;Episódico/Epidêmico;Episódico/Epidêmico;Se manteve
17;1703206;Episódico/Epidêmico;Episódico;Melhorou
17;1703305;Episódico;Episódico;Se manteve
17;1703602;Episódico/Epidêmico;Episódico/Epidêmico;Se manteve
17;1703701;Episódico;Episódico/Epidêmico;Piorou
17;1703800;Episódico/Epidêmico;Episódico/Epidêmico;Se manteve
17;1703826;Episódico;Episódico;Se manteve
17;1703842;Episódico;Episódico;Se manteve
17;1703867;Episódico/Epidêmico;Episódico/Epidêmico;Se manteve
17;1703883;Episódico/Epidêmico;Episódico/Epidêmico;Se manteve
17;1703891;Episódico;Sem transmissão;Melhorou
17;1703909;Episódico;Episódico;Se manteve
17;1704105;Episódico/Epidêmico;Episódico/Epidêmico;Se manteve
17;1704600;Episódico;Episódico;Se manteve
17;1705102;Episódico/Epidêmico;Episódico/Epidêmico;Se manteve
17;1705508;Epidêmico;Epidêmico;Se manteve
17;1705557;Episódico/Epidêmico;Episódico/Epidêmico;Se manteve
17;1705607;Episódico/Epidêmico;Episódico;Melhorou
17;1706001;Episódico/Epidêmico;Episódico/Epidêmico;Se manteve
17;1706100;Episódico/Epidêmico;Episódico;Melhorou
17;1706258;Episódico;Episódico;Se manteve
17;1706506;Episódico/Epidêmico;Episódico;Melhorou
17;1707009;Epidêmico;Epidêmico;Se manteve
17;1707108;Episódico/Epidêmico;Episódico/Epidêmico;Se manteve
17;1707207;Episódico/Epidêmico;Episódico/Epidêmico;Se manteve
17;1707306;Episódico/Epidêmico;Episódico;Melhorou
17;1707405;Episódico/Epidêmico;Episódico;Melhorou
17;1707553;Episódico;Episódico;Se manteve
17;1707652;Episódico/Epidêmico;Episódico;Melhorou
17;1707702;Episódico/Epidêmico;Episódico/Epidêmico;Se manteve
17;1708205;Epidêmico;Episódico/Epidêmico;Melhorou
17;1708254;Episódico;Episódico/Epidêmico;Piorou
17;1708304;Episódico/Epidêmico;Episódico;Melhorou
17;1709005;Episódico/Epidêmico;Episódico/Epidêmico;Se manteve
17;1709302;Epidêmico;Epidêmico;Se manteve
17;1709500;Epidêmico;Epidêmico;Se manteve
17;1709807;Episódico;Episódico;Se manteve
17;1710508;Episódico/Epidêmico;Episódico/Epidêmico;Se manteve
17;1710706;Episódico/Epidêmico;Episódico/Epidêmico;Se manteve
17;1710904;Episódico;Episódico;Se manteve
17;1711100;Episódico/Epidêmico;Episódico/Epidêmico;Se manteve
17;1711506;Episódico/Epidêmico;Episódico/Epidêmico;Se manteve
17;1711803;Episódico;Episódico;Se manteve
17;1711902;Episódico/Epidêmico;Episódico/Epidêmico;Se manteve
17;1711951;Episódico;Episódico;Se manteve
17;1712009;Episódico/Epidêmico;Episódico;Melhorou
17;1712157;Episódico/Epidêmico;Episódico;Melhorou
17;1712405;Episódico;Episódico;Se manteve
17;1712454;Episódico;Episódico/Epidêmico;Piorou
17;1712504;Episódico/Epidêmico;Episódico/Epidêmico;Se manteve
17;1712702;Episódico;Episódico;Se manteve
17;1712801;Episódico/Epidêmico;Episódico;Melhorou
17;1713205;Epidêmico;Epidêmico;Se manteve
17;1713304;Episódico/Epidêmico;Episódico;Melhorou
17;1713601;Episódico/Epidêmico;Episódico/Epidêmico;Se manteve
17;1713700;Episódico;Episódico;Se manteve
17;1713809;Episódico/Epidêmico;Episódico;Melhorou
17;1713957;Episódico/Epidêmico;Episódico;Melhorou
17;1714203;Episódico/Epidêmico;Episódico/Epidêmico;Se manteve
17;1714302;Episódico;Episódico;Se manteve
17;1714880;Episódico/Epidêmico;Episódico/Epidêmico;Se manteve
17;1715002;Episódico/Epidêmico;Episódico;Melhorou
17;1715101;Episódico/Epidêmico;Sem transmissão;Melhorou
17;1715150;Episódico/Epidêmico;Episódico/Epidêmico;Se manteve
17;1715259;Episódico;Episódico/Epidêmico;Piorou
17;1715507;Episódico;Episódico;Se manteve
17;1715705;Episódico;Episódico;Se manteve
17;1715754;Episódico/Epidêmico;Episódico/Epidêmico;Se manteve
17;1716109;Epidêmico;Epidêmico;Se manteve
17;1716208;Episódico/Epidêmico;Episódico;Melhorou
17;1716307;Episódico;Episódico;Se manteve
17;1716505;Episódico/Epidêmico;Episódico/Epidêmico;Se manteve
17;1716604;Episódico/Epidêmico;Episódico/Epidêmico;Se manteve
17;1716653;Episódico/Epidêmico;Episódico/Epidêmico;Se manteve
17;1716703;Episódico/Epidêmico;Episódico;Melhorou
17;1717008;Episódico;Episódico;Se manteve
17;1717206;Episódico;Episódico/Epidêmico;Piorou
17;1717503;Episódico/Epidêmico;Episódico/Epidêmico;Se manteve
17;1717800;Episódico;Episódico/Epidêmico;Piorou
17;1717909;Episódico/Epidêmico;Episódico/Epidêmico;Se manteve
17;1718006;Episódico;Episódico/Epidêmico;Piorou
17;1718204;Epidêmico;Epidêmico;Se manteve
17;1718303;Episódico/Epidêmico;Episódico;Melhorou
17;1718402;Episódico/Epidêmico;Episódico/Epidêmico;Se manteve
17;1718451;Episódico;Episódico/Epidêmico;Piorou
17;1718501;Episódico;Episódico;Se manteve
17;1718550;Episódico/Epidêmico;Episódico/Epidêmico;Se manteve
17;1718659;Episódico;Episódico;Se manteve
17;1718709;Episódico/Epidêmico;Episódico/Epidêmico;Se manteve
17;1718758;Episódico;Episódico/Epidêmico;Piorou
17;1718808;Episódico/Epidêmico;Episódico;Melhorou
17;1718840;Episódico/Epidêmico;Episódico;Melhorou
17;1718865;Episódico/Epidêmico;Episódico;Melhorou
17;1718881;Episódico/Epidêmico;Episódico;Melhorou
17;1718899;Episódico;Episódico/Epidêmico;Piorou
17;1718907;Episódico/Epidêmico;Episódico/Epidêmico;Se manteve
17;1719004;Episódico;Episódico/Epidêmico;Piorou
17;1720002;Episódico;Episódico;Se manteve
17;1720101;Episódico/Epidêmico;Episódico/Epidêmico;Se manteve
17;1720150;Episódico;Episódico;Se manteve
17;1720200;Episódico/Epidêmico;Episódico;Melhorou
17;1720259;Episódico/Epidêmico;Episódico/Epidêmico;Se manteve
17;1720309;Episódico/Epidêmico;Episódico;Melhorou
17;1720499;Episódico/Epidêmico;Episódico/Epidêmico;Se manteve
17;1720655;Episódico/Epidêmico;Episódico/Epidêmico;Se manteve
17;1720804;Episódico/Epidêmico;Episódico/Epidêmico;Se manteve
17;1720853;Episódico;Episódico;Se manteve
17;1720903;Episódico/Epidêmico;Epidêmico;Piorou
17;1720937;Episódico;Episódico/Epidêmico;Piorou
17;1720978;Episódico/Epidêmico;Episódico/Epidêmico;Se manteve
17;1721000;Epidêmico;Transmissão Persistente;Piorou
17;1721109;Episódico/Epidêmico;Episódico/Epidêmico;Se manteve
17;1721208;Epidêmico;Episódico/Epidêmico;Melhorou
17;1721257;Episódico;Episódico/Epidêmico;Piorou
17;1721307;Episódico;Episódico/Epidêmico;Piorou
17;1722081;Episódico/Epidêmico;Episódico/Epidêmico;Se manteve
17;1722107;Episódico/Epidêmico;Episódico/Epidêmico;Se manteve
21;2100055;Episódico/Epidêmico;Episódico/Epidêmico;Se manteve
21;2100105;Episódico;Episódico;Se manteve
21;2100154;Episódico;Episódico;Se manteve
21;2100204;Episódico;Episódico;Se manteve
21;2100303;Episódico/Epidêmico;Episódico/Epidêmico;Se manteve
21;2100402;Episódico;Sem transmissão;Melhorou
21;2100436;Episódico;Sem transmissão;Melhorou
21;2100477;Episódico/Epidêmico;Episódico/Epidêmico;Se manteve
21;2100501;Episódico/Epidêmico;Episódico/Epidêmico;Se manteve
21;2100550;Episódico;Episódico;Se manteve
21;2100600;Episódico/Epidêmico;Episódico/Epidêmico;Se manteve
21;2100709;Episódico;Episódico;Se manteve
21;2100808;Episódico/Epidêmico;Episódico;Melhorou
21;2100832;Episódico;Episódico/Epidêmico;Piorou
21;2100873;Episódico;Episódico;Se manteve
21;2100907;Episódico;Episódico;Se manteve
21;2100956;Episódico/Epidêmico;Episódico/Epidêmico;Se manteve
21;2101004;Episódico;Episódico/Epidêmico;Piorou
21;2101103;Episódico;Episódico/Epidêmico;Piorou
21;2101202;Episódico/Epidêmico;Episódico/Epidêmico;Se manteve
21;2101251;Episódico/Epidêmico;Episódico/Epidêmico;Se manteve
21;2101301;Episódico;Episódico;Se manteve
21;2101350;Episódico;Sem transmissão;Melhorou
21;2101400;Episódico/Epidêmico;Epidêmico;Piorou
21;2101509;Episódico/Epidêmico;Episódico/Epidêmico;Se manteve
21;2101608;Epidêmico;Epidêmico;Se manteve
21;2101707;Episódico;Episódico;Se manteve
21;2101731;Episódico;Episódico;Se manteve
21;2101772;Episódico;Episódico/Epidêmico;Piorou
21;2101806;Episódico;Episódico;Se manteve
21;2101905;Episódico/Epidêmico;Episódico;Melhorou
21;2101939;Episódico;Sem transmissão;Melhorou
21;2101970;Episódico;Episódico;Se manteve
21;2102002;Episódico/Epidêmico;Episódico;Melhorou
21;2102036;Episódico;Episódico/Epidêmico;Piorou
21;2102077;Episódico;Episódico/Epidêmico;Piorou
21;2102101;Episódico/Epidêmico;Episódico;Melhorou
21;2102150;Episódico;Episódico;Se manteve
21;2102200;Episódico;Episódico;Se manteve
21;2102309;Episódico;Episódico;Se manteve
21;2102325;Episódico/Epidêmico;Episódico;Melhorou
21;2102358;Episódico;Episódico;Se manteve
21;2102374;Episódico;Episódico;Se manteve
21;2102408;Sem transmissão;Sem transmissão;Se manteve
21;2102507;Episódico;Episódico;Se manteve
21;2102556;Episódico/Epidêmico;Episódico;Melhorou
21;2102606;Episódico;Episódico;Se manteve
21;2102705;Episódico;Episódico/Epidêmico;Piorou
21;2102754;Episódico;Episódico;Se manteve
21;2102804;Episódico/Epidêmico;Episódico;Melhorou
21;2102903;Episódico;Episódico;Se manteve
21;2103000;Epidêmico;Episódico/Epidêmico;Melhorou
21;2103109;Sem transmissão;Sem transmissão;Se manteve
21;2103125;Episódico;Episódico;Se manteve
21;2103158;Episódico;Episódico;Se manteve
21;2103174;Episódico;Episódico;Se manteve
21;2103208;Episódico/Epidêmico;Episódico/Epidêmico;Se manteve
21;2103257;Episódico/Epidêmico;Episódico;Melhorou
21;2103307;Episódico/Epidêmico;Episódico/Epidêmico;Se manteve
21;2103406;Episódico/Epidêmico;Episódico/Epidêmico;Se manteve
21;2103505;Episódico/Epidêmico;Episódico;Melhorou
21;2103554;Episódico;Episódico;Se manteve
21;2103604;Episódico/Epidêmico;Episódico;Melhorou
21;2103703;Episódico/Epidêmico;Episódico/Epidêmico;Se manteve
21;2103752;Episódico;Episódico;Se manteve
21;2103802;Episódico;Episódico;Se manteve
21;2103901;Episódico/Epidêmico;Episódico;Melhorou
21;2104008;Episódico;Episódico;Se manteve
21;2104057;Episódico/Epidêmico;Episódico/Epidêmico;Se manteve
21;2104073;Episódico/Epidêmico;Episódico;Melhorou
21;2104081;Episódico;Episódico;Se manteve
21;2104099;Episódico/Epidêmico;Episódico/Epidêmico;Se manteve
21;2104107;Episódico/Epidêmico;Episódico;Melhorou
21;2104206;Episódico/Epidêmico;Episódico;Melhorou
21;2104305;Episódico;Episódico;Se manteve
21;2104404;Episódico;Episódico;Se manteve
21;2104503;Episódico;Episódico;Se manteve
21;2104552;Episódico/Epidêmico;Episódico/Epidêmico;Se manteve
21;2104602;Episódico;Episódico;Se manteve
21;2104628;Episódico;Episódico;Se manteve
21;2104651;Episódico;Episódico/Epidêmico;Piorou
21;2104677;Episódico;Episódico;Se manteve
21;2104701;Episódico;Episódico;Se manteve
21;2104800;Episódico/Epidêmico;Episódico/Epidêmico;Se manteve
21;2104909;Episódico;Sem transmissão;Melhorou
21;2105005;Episódico/Epidêmico;Episódico/Epidêmico;Se manteve
21;2105104;Episódico;Episódico;Se manteve
21;2105153;Episódico/Epidêmico;Episódico/Epidêmico;Se manteve
21;2105203;Episódico;Episódico/Epidêmico;Piorou
21;2105302;Episódico/Epidêmico;Epidêmico;Piorou
21;2105351;Episódico;Episódico;Se manteve
21;2105401;Episódico/Epidêmico;Episódico/Epidêmico;Se manteve
21;2105427;Episódico;Episódico/Epidêmico;Piorou
21;2105450;Episódico;Episódico;Se manteve
21;2105476;Episódico;Episódico;Se manteve
21;2105500;Episódico/Epidêmico;Episódico;Melhorou
21;2105609;Episódico;Episódico;Se manteve
21;2105658;Episódico/Epidêmico;Episódico;Melhorou
21;2105708;Episódico/Epidêmico;Episódico/Epidêmico;Se manteve
21;2105807;Episódico;Episódico;Se manteve
21;2105906;Episódico;Episódico;Se manteve
21;2105922;Episódico;Episódico;Se manteve
21;2105948;Episódico;Episódico;Se manteve
21;2105963;Episódico/Epidêmico;Episódico;Melhorou
21;2105989;Episódico/Epidêmico;Episódico/Epidêmico;Se manteve
21;2106003;Episódico;Episódico;Se manteve
21;2106102;Episódico;Episódico/Epidêmico;Piorou
21;2106201;Episódico;Sem transmissão;Melhorou
21;2106300;Episódico;Episódico;Se manteve
21;2106326;Episódico;Episódico/Epidêmico;Piorou
21;2106359;Sem transmissão;Sem transmissão;Se manteve
21;2106375;Episódico;Episódico;Se manteve
21;2106409;Episódico;Episódico;Se manteve
21;2106508;Episódico;Episódico;Se manteve
21;2106607;Episódico/Epidêmico;Episódico/Epidêmico;Se manteve
21;2106631;Episódico;Episódico;Se manteve
21;2106672;Episódico;Episódico;Se manteve
21;2106706;Episódico;Episódico;Se manteve
21;2106755;Episódico/Epidêmico;Episódico/Epidêmico;Se manteve
21;2106805;Episódico;Episódico;Se manteve
21;2106904;Episódico/Epidêmico;Episódico;Melhorou
21;2107001;Episódico;Episódico;Se manteve
21;2107100;Episódico;Episódico;Se manteve
21;2107209;Episódico;Episódico;Se manteve
21;2107258;Episódico;Episódico;Se manteve
21;2107308;Episódico;Episódico;Se manteve
21;2107357;Episódico;Episódico;Se manteve
21;2107407;Episódico;Episódico;Se manteve
21;2107456;Episódico;Episódico;Se manteve
21;2107506;Episódico/Epidêmico;Episódico/Epidêmico;Se manteve
21;2107605;Episódico;Episódico;Se manteve
21;2107704;Episódico/Epidêmico;Episódico/Epidêmico;Se manteve
21;2107803;Episódico;Episódico;Se manteve
21;2107902;Episódico;Episódico/Epidêmico;Piorou
21;2108009;Episódico/Epidêmico;Episódico;Melhorou
21;2108058;Episódico/Epidêmico;Episódico;Melhorou
21;2108108;Episódico;Episódico/Epidêmico;Piorou
21;2108207;Episódico/Epidêmico;Episódico/Epidêmico;Se manteve
21;2108256;Episódico;Episódico;Se manteve
21;2108306;Episódico;Episódico;Se manteve
21;2108405;Episódico;Episódico;Se manteve
21;2108454;Episódico;Episódico;Se manteve
21;2108504;Episódico;Episódico/Epidêmico;Piorou
21;2108603;Episódico/Epidêmico;Episódico/Epidêmico;Se manteve
21;2108702;Episódico/Epidêmico;Episódico/Epidêmico;Se manteve
21;2108801;Episódico;Episódico/Epidêmico;Piorou
21;2108900;Episódico;Episódico;Se manteve
21;2109007;Episódico/Epidêmico;Episódico/Epidêmico;Se manteve
21;2109056;Episódico;Episódico;Se manteve
21;2109106;Episódico/Epidêmico;Episódico/Epidêmico;Se manteve
21;2109205;Episódico;Episódico;Se manteve
21;2109239;Episódico;Sem transmissão;Melhorou
21;2109270;Episódico;Episódico;Se manteve
21;2109304;Episódico;Episódico;Se manteve
21;2109403;Episódico;Episódico;Se manteve
21;2109452;Episódico;Episódico;Se manteve
21;2109502;Episódico/Epidêmico;Episódico;Melhorou
21;2109551;Episódico;Episódico/Epidêmico;Piorou
21;2109601;Episódico/Epidêmico;Episódico;Melhorou
21;2109700;Episódico;Episódico;Se manteve
21;2109759;Episódico;Episódico;Se manteve
21;2109809;Episódico/Epidêmico;Episódico;Melhorou
21;2109908;Episódico/Epidêmico;Epidêmico;Piorou
21;2110005;Episódico;Episódico/Epidêmico;Piorou
21;2110039;Episódico;Episódico;Se manteve
21;2110104;Episódico;Episódico;Se manteve
21;2110203;Episódico;Episódico/Epidêmico;Piorou
21;2110237;Episódico;Episódico;Se manteve
21;2110278;Episódico;Sem transmissão;Melhorou
21;2110302;Episódico;Sem transmissão;Melhorou
21;2110401;Episódico;Episódico;Se manteve
21;2110500;Episódico;Episódico;Se manteve
21;2110609;Episódico/Epidêmico;Episódico;Melhorou
21;2110658;Episódico;Episódico;Se manteve
21;2110708;Episódico/Epidêmico;Episódico;Melhorou
21;2110807;Episódico;Episódico;Se manteve
21;2110856;Episódico/Epidêmico;Episódico;Melhorou
21;2110906;Episódico;Episódico;Se manteve
21;2111003;Episódico;Episódico;Se manteve
21;2111029;Episódico;Episódico;Se manteve
21;2111052;Episódico/Epidêmico;Episódico/Epidêmico;Se manteve
21;2111078;Episódico;Episódico;Se manteve
21;2111102;Episódico/Epidêmico;Episódico/Epidêmico;Se manteve
21;2111201;Episódico/Epidêmico;Epidêmico;Piorou
21;2111250;Episódico;Episódico;Se manteve
21;2111300;Epidêmico;Epidêmico;Se manteve
21;2111409;Episódico;Episódico;Se manteve
21;2111508;Episódico;Episódico/Epidêmico;Piorou
21;2111532;Episódico/Epidêmico;Episódico;Melhorou
21;2111573;Episódico/Epidêmico;Episódico/Epidêmico;Se manteve
21;2111607;Episódico;Episódico;Se manteve
21;2111631;Episódico;Episódico;Se manteve
21;2111672;Episódico;Episódico;Se manteve
21;2111706;Episódico;Episódico;Se manteve
21;2111722;Episódico;Episódico/Epidêmico;Piorou
21;2111748;Episódico;Episódico;Se manteve
21;2111763;Episódico;Episódico;Se manteve
21;2111789;Sem transmissão;Sem transmissão;Se manteve
21;2111805;Episódico/Epidêmico;Episódico/Epidêmico;Se manteve
21;2111904;Episódico;Episódico;Se manteve
21;2111953;Episódico;Episódico/Epidêmico;Piorou
21;2112001;Episódico/Epidêmico;Episódico/Epidêmico;Se manteve
21;2112100;Episódico;Episódico;Se manteve
21;2112209;Episódico/Epidêmico;Episódico;Melhorou
21;2112233;Episódico/Epidêmico;Episódico/Epidêmico;Se manteve
21;2112274;Episódico;Episódico;Se manteve
21;2112308;Episódico/Epidêmico;Episódico;Melhorou
21;2112407;Episódico;Episódico;Se manteve
21;2112456;Episódico;Episódico;Se manteve
21;2112506;Episódico/Epidêmico;Episódico;Melhorou
21;2112605;Episódico;Episódico;Se manteve
21;2112704;Episódico/Epidêmico;Episódico/Epidêmico;Se manteve
21;2112803;Episódico/Epidêmico;Episódico;Melhorou
21;2112852;Episódico;Episódico;Se manteve
21;2112902;Episódico;Episódico/Epidêmico;Piorou
21;2113009;Episódico/Epidêmico;Episódico;Melhorou
21;2114007;Episódico/Epidêmico;Episódico;Melhorou
22;2200053;Episódico;Episódico;Se manteve
22;2200103;Episódico/Epidêmico;Episódico;Melhorou
22;2200202;Episódico/Epidêmico;Episódico/Epidêmico;Se manteve
22;2200251;Episódico/Epidêmico;Episódico/Epidêmico;Se manteve
22;2200277;Episódico;Episódico;Se manteve
22;2200301;Episódico/Epidêmico;Episódico;Melhorou
22;2200400;Episódico/Epidêmico;Episódico/Epidêmico;Se manteve
22;2200459;Episódico/Epidêmico;Episódico/Epidêmico;Se manteve
22;2200509;Episódico;Episódico;Se manteve
22;2200608;Episódico/Epidêmico;Episódico;Melhorou
22;2200707;Episódico;Episódico;Se manteve
22;2200806;Episódico;Episódico/Epidêmico;Piorou
22;2200905;Episódico;Episódico/Epidêmico;Piorou
22;2200954;Episódico;Episódico;Se manteve
22;2201002;Episódico;Episódico;Se manteve
22;2201051;Episódico;Episódico;Se manteve
22;2201101;Episódico;Episódico;Se manteve
22;2201150;Episódico/Epidêmico;Episódico/Epidêmico;Se manteve
22;2201176;Episódico;Episódico/Epidêmico;Piorou
22;2201200;Episódico/Epidêmico;Episódico;Melhorou
22;2201309;Episódico;Episódico;Se manteve
22;2201408;Episódico/Epidêmico;Episódico;Melhorou
22;2201507;Episódico/Epidêmico;Episódico;Melhorou
22;2201556;Episódico;Episódico;Se manteve
22;2201572;Episódico;Episódico;Se manteve
22;2201606;Episódico/Epidêmico;Episódico/Epidêmico;Se manteve
22;2201705;Episódico;Episódico;Se manteve
22;2201739;Episódico;Episódico;Se manteve
22;2201770;Episódico;Episódico;Se manteve
22;2201804;Episódico;Episódico;Se manteve
22;2201903;Episódico/Epidêmico;Episódico/Epidêmico;Se manteve
22;2201919;Sem transmissão;Sem transmissão;Se manteve
22;2201929;Episódico;Episódico;Se manteve
22;2201945;Episódico;Sem transmissão;Melhorou
22;2201960;Episódico/Epidêmico;Episódico;Melhorou
22;2201988;Sem transmissão;Sem transmissão;Se manteve
22;2202000;Episódico;Episódico;Se manteve
22;2202026;Episódico/Epidêmico;Episódico/Epidêmico;Se manteve
22;2202059;Episódico;Sem transmissão;Melhorou
22;2202075;Episódico;Episódico;Se manteve
22;2202083;Episódico/Epidêmico;Episódico/Epidêmico;Se manteve
22;2202091;Episódico;Sem transmissão;Melhorou
22;2202109;Episódico;Episódico;Se manteve
22;2202117;Episódico;Episódico;Se manteve
22;2202133;Episódico/Epidêmico;Episódico;Melhorou
22;2202174;Episódico;Sem transmissão;Melhorou
22;2202208;Episódico/Epidêmico;Episódico/Epidêmico;Se manteve
22;2202251;Sem transmissão;Sem transmissão;Se manteve
22;2202307;Episódico/Epidêmico;Episódico/Epidêmico;Se manteve
22;2202406;Episódico/Epidêmico;Episódico;Melhorou
22;2202455;Episódico;Episódico;Se manteve
22;2202505;Episódico;Sem transmissão;Melhorou
22;2202539;Episódico;Episódico;Se manteve
22;2202554;Episódico;Episódico;Se manteve
22;2202604;Episódico/Epidêmico;Episódico;Melhorou
22;2202653;Episódico;Episódico;Se manteve
22;2202703;Episódico/Epidêmico;Episódico/Epidêmico;Se manteve
22;2202711;Episódico/Epidêmico;Episódico;Melhorou
22;2202729;Episódico/Epidêmico;Episódico;Melhorou
22;2202737;Episódico/Epidêmico;Episódico;Melhorou
22;2202752;Episódico;Episódico;Se manteve
22;2202778;Episódico;Episódico;Se manteve
22;2202802;Episódico;Episódico;Se manteve
22;2202851;Episódico;Episódico;Se manteve
22;2202901;Episódico/Epidêmico;Episódico/Epidêmico;Se manteve
22;2203008;Episódico;Episódico;Se manteve
22;2203107;Episódico/Epidêmico;Episódico/Epidêmico;Se manteve
22;2203206;Episódico/Epidêmico;Episódico/Epidêmico;Se manteve
22;2203230;Episódico;Sem transmissão;Melhorou
22;2203255;Episódico;Episódico;Se manteve
22;2203271;Episódico;Episódico;Se manteve
22;2203305;Episódico/Epidêmico;Episódico/Epidêmico;Se manteve
22;2203354;Episódico;Episódico;Se manteve
22;2203404;Episódico;Episódico;Se manteve
22;2203420;Episódico;Episódico;Se manteve
22;2203453;Episódico/Epidêmico;Episódico/Epidêmico;Se manteve
22;2203503;Episódico/Epidêmico;Episódico;Melhorou
22;2203602;Episódico;Episódico;Se manteve
22;2203701;Episódico/Epidêmico;Episódico/Epidêmico;Se manteve
22;2203750;Episódico;Episódico;Se manteve
22;2203800;Episódico;Episódico;Se manteve
22;2203859;Episódico;Sem transmissão;Melhorou
22;2203909;Episódico/Epidêmico;Episódico/Epidêmico;Se manteve
22;2204006;Episódico;Sem transmissão;Melhorou
22;2204105;Episódico/Epidêmico;Episódico;Melhorou
22;2204154;Episódico;Episódico/Epidêmico;Piorou
22;2204204;Episódico;Episódico;Se manteve
22;2204303;Episódico/Epidêmico;Episódico;Melhorou
22;2204352;Episódico;Episódico;Se manteve
22;2204402;Episódico/Epidêmico;Episódico;Melhorou
22;2204501;Episódico/Epidêmico;Episódico;Melhorou
22;2204550;Episódico;Episódico/Epidêmico;Piorou
22;2204600;Episódico;Episódico;Se manteve
22;2204659;Episódico;Episódico/Epidêmico;Piorou
22;2204709;Episódico/Epidêmico;Episódico;Melhorou
22;2204808;Episódico/Epidêmico;Episódico/Epidêmico;Se manteve
22;2204907;Episódico;Episódico;Se manteve
22;2205003;Episódico;Episódico/Epidêmico;Piorou
22;2205102;Episódico;Episódico;Se manteve
22;2205151;Episódico;Episódico;Se manteve
22;2205201;Episódico/Epidêmico;Episódico/Epidêmico;Se manteve
22;2205250;Episódico;Episódico;Se manteve
22;2205276;Episódico;Episódico;Se manteve
22;2205300;Episódico;Episódico;Se manteve
22;2205359;Episódico;Episódico;Se manteve
22;2205409;Episódico;Episódico;Se manteve
22;2205458;Episódico;Sem transmissão;Melhorou
22;2205508;Episódico/Epidêmico;Episódico/Epidêmico;Se manteve
22;2205516;Episódico;Episódico;Se manteve
22;2205524;Episódico/Epidêmico;Episódico;Melhorou
22;2205532;Episódico/Epidêmico;Episódico/Epidêmico;Se manteve
22;2205540;Episódico;Episódico;Se manteve
22;2205557;Episódico;Episódico;Se manteve
22;2205565;Episódico;Episódico;Se manteve
22;2205573;Episódico/Epidêmico;Episódico/Epidêmico;Se manteve
22;2205581;Episódico;Episódico;Se manteve
22;2205599;Episódico;Episódico;Se manteve
22;2205607;Episódico;Episódico/Epidêmico;Piorou
22;2205706;Episódico/Epidêmico;Episódico/Epidêmico;Se manteve
22;2205805;Episódico;Episódico;Se manteve
22;2205854;Episódico;Episódico;Se manteve
22;2205904;Episódico;Episódico;Se manteve
22;2205953;Episódico;Episódico;Se manteve
22;2206001;Episódico/Epidêmico;Episódico/Epidêmico;Se manteve
22;2206050;Episódico;Episódico;Se manteve
22;2206100;Episódico/Epidêmico;Episódico;Melhorou
22;2206209;Episódico/Epidêmico;Episódico/Epidêmico;Se manteve
22;2206308;Episódico/Epidêmico;Episódico/Epidêmico;Se manteve
22;2206357;Episódico/Epidêmico;Episódico/Epidêmico;Se manteve
22;2206407;Episódico/Epidêmico;Episódico/Epidêmico;Se manteve
22;2206506;Episódico/Epidêmico;Episódico;Melhorou
22;2206605;Episódico;Episódico;Se manteve
22;2206654;Episódico;Episódico/Epidêmico;Piorou
22;2206670;Episódico/Epidêmico;Episódico;Melhorou
22;2206696;Episódico;Episódico;Se manteve
22;2206704;Episódico;Episódico;Se manteve
22;2206720;Episódico;Episódico;Se manteve
22;2206753;Episódico;Episódico;Se manteve
22;2206803;Episódico/Epidêmico;Episódico/Epidêmico;Se manteve
22;2206902;Episódico/Epidêmico;Episódico/Epidêmico;Se manteve
22;2206951;Episódico;Episódico;Se manteve
22;2207009;Episódico/Epidêmico;Episódico/Epidêmico;Se manteve
22;2207108;Episódico;Episódico;Se manteve
22;2207207;Episódico;Episódico;Se manteve
22;2207306;Episódico;Episódico;Se manteve
22;2207355;Episódico;Episódico;Se manteve
22;2207405;Episódico;Episódico;Se manteve
22;2207504;Episódico;Episódico;Se manteve
22;2207553;Episódico;Episódico/Epidêmico;Piorou
22;2207603;Episódico/Epidêmico;Episódico/Epidêmico;Se manteve
22;2207702;Epidêmico;Epidêmico;Se manteve
22;2207751;Episódico;Episódico;Se manteve
22;2207777;Episódico/Epidêmico;Episódico;Melhorou
22;2207793;Episódico;Episódico;Se manteve
22;2207801;Episódico/Epidêmico;Episódico;Melhorou
22;2207850;Episódico;Episódico;Se manteve
22;2207900;Episódico/Epidêmico;Episódico/Epidêmico;Se manteve
22;2207934;Episódico;Episódico;Se manteve
22;2207959;Sem transmissão;Episódico;Piorou
22;2208007;Epidêmico;Episódico/Epidêmico;Melhorou
22;2208106;Episódico/Epidêmico;Episódico;Melhorou
22;2208205;Episódico/Epidêmico;Episódico/Epidêmico;Se manteve
22;2208304;Episódico/Epidêmico;Episódico/Epidêmico;Se manteve
22;2208403;Episódico/Epidêmico;Episódico/Epidêmico;Se manteve
22;2208502;Episódico;Sem transmissão;Melhorou
22;2208551;Episódico;Episódico;Se manteve
22;2208601;Episódico;Episódico;Se manteve
22;2208650;Episódico;Episódico;Se manteve
22;2208700;Episódico;Episódico;Se manteve
22;2208809;Episódico/Epidêmico;Episódico;Melhorou
22;2208858;Episódico;Episódico;Se manteve
22;2208874;Episódico;Episódico;Se manteve
22;2208908;Episódico/Epidêmico;Episódico/Epidêmico;Se manteve
22;2209005;Episódico;Episódico;Se manteve
22;2209104;Episódico;Episódico;Se manteve
22;2209153;Episódico;Episódico;Se manteve
22;2209203;Episódico;Episódico;Se manteve
22;2209302;Episódico;Episódico;Se manteve
22;2209351;Episódico;Episódico;Se manteve
22;2209377;Episódico;Episódico;Se manteve
22;2209401;Episódico;Episódico;Se manteve
22;2209450;Episódico;Episódico;Se manteve
22;2209500;Episódico;Episódico;Se manteve
22;2209559;Episódico;Episódico;Se manteve
22;2209609;Episódico;Episódico;Se manteve
22;2209658;Episódico;Episódico;Se manteve
22;2209708;Episódico;Sem transmissão;Melhorou
22;2209757;Episódico;Episódico;Se manteve
22;2209807;Episódico;Episódico;Se manteve
22;2209856;Episódico;Episódico;Se manteve
22;2209872;Episódico;Episódico;Se manteve
22;2209906;Episódico;Episódico;Se manteve
22;2209955;Episódico;Episódico;Se manteve
22;2209971;Episódico/Epidêmico;Episódico;Melhorou
22;2210003;Episódico/Epidêmico;Episódico/Epidêmico;Se manteve
22;2210052;Episódico/Epidêmico;Episódico/Epidêmico;Se manteve
22;2210102;Sem transmissão;Episódico;Piorou
22;2210201;Episódico;Episódico;Se manteve
22;2210300;Episódico;Episódico;Se manteve
22;2210359;Episódico;Episódico;Se manteve
22;2210375;Episódico;Sem transmissão;Melhorou
22;2210383;Episódico;Episódico;Se manteve
22;2210391;Episódico;Sem transmissão;Melhorou
22;2210409;Episódico/Epidêmico;Episódico;Melhorou
22;2210508;Episódico/Epidêmico;Episódico/Epidêmico;Se manteve
22;2210607;Episódico/Epidêmico;Episódico/Epidêmico;Se manteve
22;2210623;Episódico;Sem transmissão;Melhorou
22;2210631;Episódico/Epidêmico;Episódico;Melhorou
22;2210656;Episódico;Sem transmissão;Melhorou
22;2210706;Episódico/Epidêmico;Episódico/Epidêmico;Se manteve
22;2210805;Episódico/Epidêmico;Episódico/Epidêmico;Se manteve
22;2210904;Episódico;Episódico;Se manteve
22;2210938;Episódico;Sem transmissão;Melhorou
22;2210953;Episódico;Episódico;Se manteve
22;2210979;Episódico;Episódico;Se manteve
22;2211001;Epidêmico;Transmissão Persistente;Piorou
22;2211100;Episódico/Epidêmico;Episódico/Epidêmico;Se manteve
22;2211209;Episódico/Epidêmico;Episódico/Epidêmico;Se manteve
22;2211308;Episódico/Epidêmico;Episódico;Melhorou
22;2211357;Episódico;Episódico;Se manteve
22;2211407;Episódico/Epidêmico;Episódico;Melhorou
22;2211506;Episódico;Episódico/Epidêmico;Piorou
22;2211605;Episódico;Episódico;Se manteve
22;2211704;Sem transmissão;Episódico;Piorou
23;2300101;Episódico/Epidêmico;Episódico/Epidêmico;Se manteve
23;2300150;Episódico/Epidêmico;Episódico/Epidêmico;Se manteve
23;2300200;Episódico/Epidêmico;Epidêmico;Piorou
23;2300309;Episódico/Epidêmico;Episódico/Epidêmico;Se manteve
23;2300408;Episódico/Epidêmico;Episódico/Epidêmico;Se manteve
23;2300507;Episódico/Epidêmico;Episódico/Epidêmico;Se manteve
23;2300606;Episódico/Epidêmico;Episódico;Melhorou
23;2300705;Episódico/Epidêmico;Episódico/Epidêmico;Se manteve
23;2300754;Episódico/Epidêmico;Episódico/Epidêmico;Se manteve
23;2300804;Episódico/Epidêmico;Episódico/Epidêmico;Se manteve
23;2300903;Episódico/Epidêmico;Episódico/Epidêmico;Se manteve
23;2301000;Episódico/Epidêmico;Episódico/Epidêmico;Se manteve
23;2301109;Epidêmico;Epidêmico;Se manteve
23;2301208;Episódico/Epidêmico;Episódico/Epidêmico;Se manteve
23;2301257;Episódico/Epidêmico;Episódico/Epidêmico;Se manteve
23;2301307;Episódico/Epidêmico;Episódico/Epidêmico;Se manteve
23;2301406;Episódico/Epidêmico;Epidêmico;Piorou
23;2301505;Episódico/Epidêmico;Episódico/Epidêmico;Se manteve
23;2301604;Episódico/Epidêmico;Episódico/Epidêmico;Se manteve
23;2301703;Episódico/Epidêmico;Episódico/Epidêmico;Se manteve
23;2301802;Episódico/Epidêmico;Episódico/Epidêmico;Se manteve
23;2301851;Episódico/Epidêmico;Episódico/Epidêmico;Se manteve
23;2301901;Epidêmico;Epidêmico;Se manteve
23;2301950;Episódico/Epidêmico;Episódico;Melhorou
23;2302008;Episódico/Epidêmico;Episódico/Epidêmico;Se manteve
23;2302057;Episódico/Epidêmico;Episódico/Epidêmico;Se manteve
23;2302107;Episódico/Epidêmico;Episódico/Epidêmico;Se manteve
23;2302206;Epidêmico;Epidêmico;Se manteve
23;2302305;Episódico/Epidêmico;Epidêmico;Piorou
23;2302404;Episódico/Epidêmico;Episódico/Epidêmico;Se manteve
23;2302503;Epidêmico;Epidêmico;Se manteve
23;2302602;Episódico/Epidêmico;Epidêmico;Piorou
23;2302701;Episódico/Epidêmico;Episódico/Epidêmico;Se manteve
23;2302800;Epidêmico;Epidêmico;Se manteve
23;2302909;Episódico/Epidêmico;Episódico/Epidêmico;Se manteve
23;2303006;Episódico/Epidêmico;Episódico/Epidêmico;Se manteve
23;2303105;Episódico/Epidêmico;Episódico/Epidêmico;Se manteve
23;2303204;Episódico/Epidêmico;Episódico/Epidêmico;Se manteve
23;2303303;Episódico/Epidêmico;Episódico/Epidêmico;Se manteve
23;2303402;Episódico/Epidêmico;Episódico/Epidêmico;Se manteve
23;2303501;Epidêmico;Epidêmico;Se manteve
23;2303600;Episódico/Epidêmico;Episódico/Epidêmico;Se manteve
23;2303659;Episódico/Epidêmico;Episódico/Epidêmico;Se manteve
23;2303709;Epidêmico;Epidêmico;Se manteve
23;2303808;Episódico/Epidêmico;Episódico/Epidêmico;Se manteve
23;2303907;Episódico/Epidêmico;Episódico/Epidêmico;Se manteve
23;2303931;Episódico/Epidêmico;Episódico/Epidêmico;Se manteve
23;2303956;Episódico/Epidêmico;Episódico/Epidêmico;Se manteve
23;2304004;Episódico/Epidêmico;Episódico/Epidêmico;Se manteve
23;2304103;Epidêmico;Episódico/Epidêmico;Melhorou
23;2304202;Epidêmico;Epidêmico;Se manteve
23;2304236;Episódico/Epidêmico;Episódico/Epidêmico;Se manteve
23;2304251;Episódico/Epidêmico;Episódico/Epidêmico;Se manteve
23;2304269;Episódico;Episódico;Se manteve
23;2304277;Episódico/Epidêmico;Episódico/Epidêmico;Se manteve
23;2304285;Episódico/Epidêmico;Episódico/Epidêmico;Se manteve
23;2304301;Episódico/Epidêmico;Episódico/Epidêmico;Se manteve
23;2304350;Episódico/Epidêmico;Episódico/Epidêmico;Se manteve
23;2304400;Transmissão Persistente;Transmissão Persistente;Se manteve
23;2304459;Episódico/Epidêmico;Episódico/Epidêmico;Se manteve
23;2304509;Episódico/Epidêmico;Episódico/Epidêmico;Se manteve
23;2304608;Episódico/Epidêmico;Episódico/Epidêmico;Se manteve
23;2304657;Episódico/Epidêmico;Episódico;Melhorou
23;2304707;Episódico/Epidêmico;Episódico/Epidêmico;Se manteve
23;2304806;Episódico;Episódico/Epidêmico;Piorou
23;2304905;Episódico/Epidêmico;Episódico/Epidêmico;Se manteve
23;2304954;Episódico/Epidêmico;Episódico/Epidêmico;Se manteve
23;2305001;Episódico/Epidêmico;Episódico/Epidêmico;Se manteve
23;2305100;Episódico/Epidêmico;Episódico/Epidêmico;Se manteve
23;2305209;Episódico/Epidêmico;Episódico/Epidêmico;Se manteve
23;2305233;Epidêmico;Epidêmico;Se manteve
23;2305266;Episódico/Epidêmico;Episódico/Epidêmico;Se manteve
23;2305308;Episódico/Epidêmico;Episódico/Epidêmico;Se manteve
23;2305332;Episódico/Epidêmico;Episódico/Epidêmico;Se manteve
23;2305357;Episódico/Epidêmico;Epidêmico;Piorou
23;2305407;Epidêmico;Epidêmico;Se manteve
23;2305506;Epidêmico;Episódico/Epidêmico;Melhorou
23;2305605;Episódico/Epidêmico;Episódico/Epidêmico;Se manteve
23;2305654;Episódico/Epidêmico;Episódico/Epidêmico;Se manteve
23;2305704;Episódico/Epidêmico;Episódico/Epidêmico;Se manteve
23;2305803;Episódico/Epidêmico;Episódico/Epidêmico;Se manteve
23;2305902;Episódico/Epidêmico;Episódico/Epidêmico;Se manteve
23;2306009;Episódico/Epidêmico;Episódico/Epidêmico;Se manteve
23;2306108;Episódico/Epidêmico;Episódico/Epidêmico;Se manteve
23;2306207;Episódico/Epidêmico;Epidêmico;Piorou
23;2306256;Episódico/Epidêmico;Episódico/Epidêmico;Se manteve
23;2306306;Episódico/Epidêmico;Episódico/Epidêmico;Se manteve
23;2306405;Epidêmico;Epidêmico;Se manteve
23;2306504;Episódico/Epidêmico;Episódico/Epidêmico;Se manteve
23;2306553;Episódico/Epidêmico;Episódico/Epidêmico;Se manteve
23;2306603;Episódico/Epidêmico;Episódico/Epidêmico;Se manteve
23;2306702;Episódico/Epidêmico;Epidêmico;Piorou
23;2306801;Episódico/Epidêmico;Epidêmico;Piorou
23;2306900;Epidêmico;Epidêmico;Se manteve
23;2307007;Epidêmico;Epidêmico;Se manteve
23;2307106;Episódico/Epidêmico;Episódico/Epidêmico;Se manteve
23;2307205;Episódico/Epidêmico;Episódico/Epidêmico;Se manteve
23;2307254;Episódico/Epidêmico;Epidêmico;Piorou
23;2307304;Epidêmico;Epidêmico;Se manteve
23;2307403;Episódico/Epidêmico;Episódico/Epidêmico;Se manteve
23;2307502;Episódico/Epidêmico;Episódico/Epidêmico;Se manteve
23;2307601;Epidêmico;Epidêmico;Se manteve
23;2307635;Episódico/Epidêmico;Episódico/Epidêmico;Se manteve
23;2307650;Epidêmico;Epidêmico;Se manteve
23;2307700;Epidêmico;Epidêmico;Se manteve
23;2307809;Episódico/Epidêmico;Epidêmico;Piorou
23;2307908;Episódico/Epidêmico;Episódico;Melhorou
23;2308005;Episódico/Epidêmico;Episódico/Epidêmico;Se manteve
23;2308104;Epidêmico;Episódico/Epidêmico;Melhorou
23;2308203;Episódico/Epidêmico;Epidêmico;Piorou
23;2308302;Episódico/Epidêmico;Episódico/Epidêmico;Se manteve
23;2308351;Episódico/Epidêmico;Episódico/Epidêmico;Se manteve
23;2308377;Episódico/Epidêmico;Episódico/Epidêmico;Se manteve
23;2308401;Episódico/Epidêmico;Episódico/Epidêmico;Se manteve
23;2308500;Episódico/Epidêmico;Episódico/Epidêmico;Se manteve
23;2308609;Episódico/Epidêmico;Episódico/Epidêmico;Se manteve
23;2308708;Episódico/Epidêmico;Epidêmico;Piorou
23;2308807;Episódico/Epidêmico;Episódico/Epidêmico;Se manteve
23;2308906;Episódico/Epidêmico;Episódico/Epidêmico;Se manteve
23;2309003;Episódico/Epidêmico;Episódico/Epidêmico;Se manteve
23;2309102;Episódico/Epidêmico;Episódico/Epidêmico;Se manteve
23;2309201;Episódico/Epidêmico;Episódico/Epidêmico;Se manteve
23;2309300;Episódico/Epidêmico;Episódico/Epidêmico;Se manteve
23;2309409;Episódico/Epidêmico;Episódico/Epidêmico;Se manteve
23;2309458;Epidêmico;Epidêmico;Se manteve
23;2309508;Episódico/Epidêmico;Episódico/Epidêmico;Se manteve
23;2309607;Episódico/Epidêmico;Episódico/Epidêmico;Se manteve
23;2309706;Epidêmico;Epidêmico;Se manteve
23;2309805;Epidêmico;Episódico/Epidêmico;Melhorou
23;2309904;Episódico/Epidêmico;Episódico/Epidêmico;Se manteve
23;2310001;Episódico/Epidêmico;Episódico/Epidêmico;Se manteve
23;2310100;Episódico/Epidêmico;Episódico/Epidêmico;Se manteve
23;2310209;Episódico/Epidêmico;Episódico/Epidêmico;Se manteve
23;2310258;Episódico/Epidêmico;Episódico/Epidêmico;Se manteve
23;2310308;Episódico/Epidêmico;Episódico/Epidêmico;Se manteve
23;2310407;Episódico/Epidêmico;Episódico/Epidêmico;Se manteve
23;2310506;Episódico/Epidêmico;Epidêmico;Piorou
23;2310605;Episódico/Epidêmico;Episódico/Epidêmico;Se manteve
23;2310704;Episódico/Epidêmico;Episódico/Epidêmico;Se manteve
23;2310803;Episódico/Epidêmico;Epidêmico;Piorou
23;2310852;Episódico/Epidêmico;Episódico/Epidêmico;Se manteve
23;2310902;Episódico/Epidêmico;Episódico/Epidêmico;Se manteve
23;2310951;Episódico;Episódico/Epidêmico;Piorou
23;2311009;Episódico/Epidêmico;Episódico/Epidêmico;Se manteve
23;2311108;Episódico/Epidêmico;Episódico/Epidêmico;Se manteve
23;2311207;Episódico/Epidêmico;Episódico/Epidêmico;Se manteve
23;2311231;Episódico/Epidêmico;Episódico/Epidêmico;Se manteve
23;2311264;Episódico/Epidêmico;Episódico/Epidêmico;Se manteve
23;2311306;Epidêmico;Epidêmico;Se manteve
23;2311355;Episódico/Epidêmico;Episódico/Epidêmico;Se manteve
23;2311405;Epidêmico;Epidêmico;Se manteve
23;2311504;Epidêmico;Epidêmico;Se manteve
23;2311603;Episódico/Epidêmico;Episódico/Epidêmico;Se manteve
23;2311702;Epidêmico;Episódico/Epidêmico;Melhorou
23;2311801;Epidêmico;Epidêmico;Se manteve
23;2311900;Episódico;Episódico;Se manteve
23;2311959;Episódico/Epidêmico;Episódico/Epidêmico;Se manteve
23;2312007;Episódico/Epidêmico;Episódico/Epidêmico;Se manteve
23;2312106;Episódico/Epidêmico;Episódico/Epidêmico;Se manteve
23;2312205;Episódico/Epidêmico;Episódico/Epidêmico;Se manteve
23;2312304;Episódico/Epidêmico;Episódico/Epidêmico;Se manteve
23;2312403;Epidêmico;Epidêmico;Se manteve
23;2312502;Episódico/Epidêmico;Episódico/Epidêmico;Se manteve
23;2312601;Episódico/Epidêmico;Episódico;Melhorou
23;2312700;Episódico/Epidêmico;Episódico/Epidêmico;Se manteve
23;2312809;Episódico/Epidêmico;Episódico/Epidêmico;Se manteve
23;2312908;Epidêmico;Epidêmico;Se manteve
23;2313005;Episódico/Epidêmico;Episódico/Epidêmico;Se manteve
23;2313104;Episódico/Epidêmico;Epidêmico;Piorou
23;2313203;Episódico/Epidêmico;Episódico/Epidêmico;Se manteve
23;2313252;Episódico;Episódico;Se manteve
23;2313302;Epidêmico;Epidêmico;Se manteve
23;2313351;Episódico/Epidêmico;Episódico/Epidêmico;Se manteve
23;2313401;Episódico/Epidêmico;Epidêmico;Piorou
23;2313500;Episódico/Epidêmico;Episódico/Epidêmico;Se manteve
23;2313559;Episódico/Epidêmico;Episódico/Epidêmico;Se manteve
23;2313609;Episódico/Epidêmico;Episódico/Epidêmico;Se manteve
23;2313708;Episódico/Epidêmico;Episódico/Epidêmico;Se manteve
23;2313757;Episódico/Epidêmico;Episódico/Epidêmico;Se manteve
23;2313807;Episódico/Epidêmico;Episódico/Epidêmico;Se manteve
23;2313906;Episódico/Epidêmico;Episódico/Epidêmico;Se manteve
23;2313955;Episódico/Epidêmico;Episódico/Epidêmico;Se manteve
23;2314003;Episódico/Epidêmico;Episódico/Epidêmico;Se manteve
23;2314102;Episódico/Epidêmico;Epidêmico;Piorou
24;2400109;Episódico/Epidêmico;Episódico/Epidêmico;Se manteve
24;2400208;Episódico/Epidêmico;Episódico/Epidêmico;Se manteve
24;2400307;Episódico/Epidêmico;Episódico/Epidêmico;Se manteve
24;2400406;Episódico/Epidêmico;Episódico/Epidêmico;Se manteve
24;2400505;Episódico/Epidêmico;Episódico;Melhorou
24;2400604;Episódico;Sem transmissão;Melhorou
24;2400703;Episódico/Epidêmico;Episódico;Melhorou
24;2400802;Episódico/Epidêmico;Episódico/Epidêmico;Se manteve
24;2400901;Episódico;Episódico;Se manteve
24;2401008;Episódico/Epidêmico;Episódico/Epidêmico;Se manteve
24;2401107;Episódico/Epidêmico;Episódico/Epidêmico;Se manteve
24;2401206;Episódico/Epidêmico;Episódico/Epidêmico;Se manteve
24;2401305;Episódico/Epidêmico;Episódico;Melhorou
24;2401404;Episódico/Epidêmico;Episódico/Epidêmico;Se manteve
24;2401453;Episódico/Epidêmico;Episódico/Epidêmico;Se manteve
24;2401503;Episódico/Epidêmico;Episódico/Epidêmico;Se manteve
24;2401602;Episódico/Epidêmico;Episódico;Melhorou
24;2401651;Episódico/Epidêmico;Episódico;Melhorou
24;2401701;Episódico;Episódico/Epidêmico;Piorou
24;2401800;Episódico/Epidêmico;Episódico/Epidêmico;Se manteve
24;2401859;Episódico/Epidêmico;Episódico/Epidêmico;Se manteve
24;2401909;Episódico/Epidêmico;Episódico/Epidêmico;Se manteve
24;2402006;Epidêmico;Episódico/Epidêmico;Melhorou
24;2402105;Episódico/Epidêmico;Episódico/Epidêmico;Se manteve
24;2402204;Episódico/Epidêmico;Episódico/Epidêmico;Se manteve
24;2402303;Episódico/Epidêmico;Episódico/Epidêmico;Se manteve
24;2402402;Episódico/Epidêmico;Episódico/Epidêmico;Se manteve
24;2402501;Episódico;Episódico;Se manteve
24;2402600;Episódico/Epidêmico;Episódico/Epidêmico;Se manteve
24;2402709;Episódico/Epidêmico;Episódico;Melhorou
24;2402808;Episódico;Episódico/Epidêmico;Piorou
24;2402907;Episódico/Epidêmico;Episódico;Melhorou
24;2403004;Episódico/Epidêmico;Episódico;Melhorou
24;2403103;Epidêmico;Episódico/Epidêmico;Melhorou
24;2403202;Episódico/Epidêmico;Episódico/Epidêmico;Se manteve
24;2403251;Epidêmico;Epidêmico;Se manteve
24;2403301;Episódico;Sem transmissão;Melhorou
24;2403400;Episódico/Epidêmico;Episódico/Epidêmico;Se manteve
24;2403509;Episódico;Episódico/Epidêmico;Piorou
24;2403608;Episódico/Epidêmico;Epidêmico;Piorou
24;2403707;Episódico;Episódico/Epidêmico;Piorou
24;2403756;Episódico/Epidêmico;Episódico/Epidêmico;Se manteve
24;2403806;Episódico/Epidêmico;Episódico/Epidêmico;Se manteve
24;2403905;Episódico/Epidêmico;Episódico;Melhorou
24;2404002;Episódico;Episódico;Se manteve
24;2404101;Episódico/Epidêmico;Episódico/Epidêmico;Se manteve
24;2404200;Episódico/Epidêmico;Episódico/Epidêmico;Se manteve
24;2404309;Episódico/Epidêmico;Episódico;Melhorou
24;2404408;Episódico/Epidêmico;Episódico;Melhorou
24;2404507;Epidêmico;Episódico/Epidêmico;Melhorou
24;2404606;Episódico/Epidêmico;Episódico/Epidêmico;Se manteve
24;2404705;Episódico;Episódico;Se manteve
24;2404804;Episódico/Epidêmico;Episódico;Melhorou
24;2404853;Episódico;Episódico;Se manteve
24;2404903;Episódico;Episódico;Se manteve
24;2405009;Episódico/Epidêmico;Episódico/Epidêmico;Se manteve
24;2405108;Episódico/Epidêmico;Episódico/Epidêmico;Se manteve
24;2405207;Episódico/Epidêmico;Episódico/Epidêmico;Se manteve
24;2405306;Episódico/Epidêmico;Episódico;Melhorou
24;2405405;Episódico/Epidêmico;Episódico;Melhorou
24;2405504;Episódico;Episódico/Epidêmico;Piorou
24;2405603;Episódico/Epidêmico;Episódico/Epidêmico;Se manteve
24;2405702;Episódico/Epidêmico;Episódico/Epidêmico;Se manteve
24;2405801;Episódico/Epidêmico;Episódico/Epidêmico;Se manteve
24;2405900;Episódico;Episódico;Se manteve
24;2406007;Episódico/Epidêmico;Episódico/Epidêmico;Se manteve
24;2406106;Episódico/Epidêmico;Episódico/Epidêmico;Se manteve
24;2406155;Episódico;Episódico/Epidêmico;Piorou
24;2406205;Episódico/Epidêmico;Episódico;Melhorou
24;2406304;Episódico/Epidêmico;Episódico;Melhorou
24;2406403;Episódico/Epidêmico;Episódico/Epidêmico;Se manteve
24;2406502;Episódico/Epidêmico;Episódico/Epidêmico;Se manteve
24;2406601;Episódico;Episódico;Se manteve
24;2406700;Episódico/Epidêmico;Episódico/Epidêmico;Se manteve
24;2406809;Episódico/Epidêmico;Episódico/Epidêmico;Se manteve
24;2406908;Episódico/Epidêmico;Episódico;Melhorou
24;2407005;Episódico/Epidêmico;Episódico/Epidêmico;Se manteve
24;2407104;Epidêmico;Epidêmico;Se manteve
24;2407203;Episódico/Epidêmico;Episódico/Epidêmico;Se manteve
24;2407252;Episódico;Episódico/Epidêmico;Piorou
24;2407302;Episódico/Epidêmico;Episódico/Epidêmico;Se manteve
24;2407401;Episódico;Episódico;Se manteve
24;2407500;Episódico/Epidêmico;Episódico;Melhorou
24;2407609;Episódico/Epidêmico;Episódico;Melhorou
24;2407708;Episódico;Episódico/Epidêmico;Piorou
24;2407807;Episódico/Epidêmico;Episódico;Melhorou
24;2407906;Episódico;Episódico;Se manteve
24;2408003;Epidêmico;Epidêmico;Se manteve
24;2408102;Epidêmico;Transmissão Persistente;Piorou
24;2408201;Episódico/Epidêmico;Episódico/Epidêmico;Se manteve
24;2408300;Epidêmico;Epidêmico;Se manteve
24;2408409;Episódico;Episódico;Se manteve
24;2408508;Episódico/Epidêmico;Episódico/Epidêmico;Se manteve
24;2408607;Episódico/Epidêmico;Episódico;Melhorou
24;2408706;Episódico;Episódico;Se manteve
24;2408805;Episódico/Epidêmico;Episódico/Epidêmico;Se manteve
24;2408904;Epidêmico;Epidêmico;Se manteve
24;2408953;Episódico/Epidêmico;Episódico/Epidêmico;Se manteve
24;2409100;Episódico/Epidêmico;Episódico/Epidêmico;Se manteve
24;2409209;Episódico;Episódico/Epidêmico;Piorou
24;2409308;Episódico/Epidêmico;Episódico/Epidêmico;Se manteve
24;2409332;Episódico/Epidêmico;Episódico/Epidêmico;Se manteve
24;2409407;Epidêmico;Episódico/Epidêmico;Melhorou
24;2409506;Episódico/Epidêmico;Episódico/Epidêmico;Se manteve
24;2409605;Episódico/Epidêmico;Episódico/Epidêmico;Se manteve
24;2409704;Episódico/Epidêmico;Episódico;Melhorou
24;2409803;Episódico;Episódico/Epidêmico;Piorou
24;2409902;Episódico/Epidêmico;Episódico/Epidêmico;Se manteve
24;2410009;Episódico/Epidêmico;Episódico/Epidêmico;Se manteve
24;2410108;Episódico/Epidêmico;Episódico;Melhorou
24;2410207;Episódico;Episódico;Se manteve
24;2410256;Episódico/Epidêmico;Episódico;Melhorou
24;2410306;Episódico/Epidêmico;Episódico/Epidêmico;Se manteve
24;2410405;Episódico/Epidêmico;Episódico/Epidêmico;Se manteve
24;2410504;Episódico/Epidêmico;Episódico/Epidêmico;Se manteve
24;2410603;Episódico;Episódico;Se manteve
24;2410702;Episódico;Episódico;Se manteve
24;2410801;Episódico/Epidêmico;Episódico;Melhorou
24;2410900;Episódico/Epidêmico;Episódico;Melhorou
24;2411007;Episódico/Epidêmico;Episódico;Melhorou
24;2411056;Episódico/Epidêmico;Episódico;Melhorou
24;2411106;Episódico/Epidêmico;Episódico/Epidêmico;Se manteve
24;2411205;Epidêmico;Epidêmico;Se manteve
24;2411403;Episódico/Epidêmico;Episódico/Epidêmico;Se manteve
24;2411429;Episódico/Epidêmico;Episódico/Epidêmico;Se manteve
24;2411502;Episódico/Epidêmico;Episódico/Epidêmico;Se manteve
24;2411601;Episódico/Epidêmico;Episódico/Epidêmico;Se manteve
24;2411700;Episódico/Epidêmico;Episódico/Epidêmico;Se manteve
24;2411809;Episódico/Epidêmico;Episódico/Epidêmico;Se manteve
24;2411908;Episódico;Episódico;Se manteve
24;2412005;Episódico/Epidêmico;Episódico/Epidêmico;Se manteve
24;2412104;Episódico/Epidêmico;Episódico;Melhorou
24;2412203;Episódico/Epidêmico;Episódico/Epidêmico;Se manteve
24;2412302;Episódico/Epidêmico;Episódico/Epidêmico;Se manteve
24;2412401;Episódico/Epidêmico;Episódico;Melhorou
24;2412500;Episódico;Episódico/Epidêmico;Piorou
24;2412559;Episódico/Epidêmico;Episódico/Epidêmico;Se manteve
24;2412609;Episódico/Epidêmico;Episódico/Epidêmico;Se manteve
24;2412708;Episódico;Episódico;Se manteve
24;2412807;Episódico/Epidêmico;Episódico/Epidêmico;Se manteve
24;2412906;Episódico/Epidêmico;Episódico/Epidêmico;Se manteve
24;2413003;Episódico/Epidêmico;Episódico/Epidêmico;Se manteve
24;2413102;Episódico/Epidêmico;Episódico;Melhorou
24;2413201;Episódico/Epidêmico;Episódico;Melhorou
24;2413300;Episódico/Epidêmico;Episódico;Melhorou
24;2413359;Episódico/Epidêmico;Episódico/Epidêmico;Se manteve
24;2413409;Episódico/Epidêmico;Episódico/Epidêmico;Se manteve
24;2413508;Episódico/Epidêmico;Episódico/Epidêmico;Se manteve
24;2413557;Episódico;Episódico;Se manteve
24;2413607;Episódico;Episódico/Epidêmico;Piorou
24;2413706;Episódico/Epidêmico;Episódico/Epidêmico;Se manteve
24;2413805;Episódico/Epidêmico;Episódico/Epidêmico;Se manteve
24;2413904;Episódico/Epidêmico;Episódico/Epidêmico;Se manteve
24;2414001;Episódico/Epidêmico;Episódico/Epidêmico;Se manteve
24;2414100;Episódico/Epidêmico;Episódico;Melhorou
24;2414159;Episódico/Epidêmico;Episódico/Epidêmico;Se manteve
24;2414209;Episódico/Epidêmico;Episódico/Epidêmico;Se manteve
24;2414308;Episódico/Epidêmico;Episódico/Epidêmico;Se manteve
24;2414407;Episódico/Epidêmico;Episódico/Epidêmico;Se manteve
24;2414456;Episódico;Episódico/Epidêmico;Piorou
24;2414506;Episódico;Episódico;Se manteve
24;2414605;Episódico/Epidêmico;Episódico/Epidêmico;Se manteve
24;2414704;Episódico/Epidêmico;Episódico;Melhorou
24;2414753;Episódico;Episódico;Se manteve
24;2414803;Episódico/Epidêmico;Episódico/Epidêmico;Se manteve
24;2414902;Episódico;Episódico;Se manteve
24;2415008;Episódico;Episódico/Epidêmico;Piorou
25;2500106;Episódico/Epidêmico;Episódico/Epidêmico;Se manteve
25;2500205;Episódico;Episódico/Epidêmico;Piorou
25;2500304;Episódico/Epidêmico;Episódico/Epidêmico;Se manteve
25;2500403;Episódico/Epidêmico;Episódico/Epidêmico;Se manteve
25;2500502;Episódico/Epidêmico;Episódico/Epidêmico;Se manteve
25;2500536;Episódico;Episódico/Epidêmico;Piorou
25;2500577;Episódico/Epidêmico;Episódico/Epidêmico;Se manteve
25;2500601;Episódico/Epidêmico;Episódico/Epidêmico;Se manteve
25;2500700;Episódico/Epidêmico;Episódico/Epidêmico;Se manteve
25;2500734;Episódico;Episódico/Epidêmico;Piorou
25;2500775;Episódico/Epidêmico;Episódico/Epidêmico;Se manteve
25;2500809;Episódico;Episódico/Epidêmico;Piorou
25;2500908;Episódico/Epidêmico;Episódico/Epidêmico;Se manteve
25;2501005;Episódico/Epidêmico;Episódico/Epidêmico;Se manteve
25;2501104;Episódico/Epidêmico;Episódico/Epidêmico;Se manteve
25;2501153;Episódico;Episódico/Epidêmico;Piorou
25;2501203;Episódico/Epidêmico;Episódico/Epidêmico;Se manteve
25;2501302;Episódico/Epidêmico;Episódico/Epidêmico;Se manteve
25;2501351;Episódico;Episódico/Epidêmico;Piorou
25;2501401;Episódico;Episódico;Se manteve
25;2501500;Episódico/Epidêmico;Episódico/Epidêmico;Se manteve
25;2501534;Episódico/Epidêmico;Episódico/Epidêmico;Se manteve
25;2501575;Episódico/Epidêmico;Episódico/Epidêmico;Se manteve
25;2501609;Episódico/Epidêmico;Episódico/Epidêmico;Se manteve
25;2501708;Episódico;Episódico/Epidêmico;Piorou
25;2501807;Episódico/Epidêmico;Episódico/Epidêmico;Se manteve
25;2501906;Episódico/Epidêmico;Episódico;Melhorou
25;2502003;Episódico;Episódico;Se manteve
25;2502052;Episódico/Epidêmico;Episódico/Epidêmico;Se manteve
25;2502102;Episódico;Episódico/Epidêmico;Piorou
25;2502151;Episódico/Epidêmico;Episódico/Epidêmico;Se manteve
25;2502201;Episódico/Epidêmico;Episódico;Melhorou
25;2502300;Episódico/Epidêmico;Episódico/Epidêmico;Se manteve
25;2502409;Episódico/Epidêmico;Episódico;Melhorou
25;2502508;Episódico/Epidêmico;Episódico/Epidêmico;Se manteve
25;2502607;Episódico;Episódico;Se manteve
25;2502706;Episódico;Episódico;Se manteve
25;2502805;Episódico/Epidêmico;Episódico/Epidêmico;Se manteve
25;2502904;Episódico/Epidêmico;Episódico/Epidêmico;Se manteve
25;2503001;Episódico/Epidêmico;Episódico/Epidêmico;Se manteve
25;2503100;Episódico/Epidêmico;Episódico/Epidêmico;Se manteve
25;2503209;Epidêmico;Epidêmico;Se manteve
25;2503308;Episódico/Epidêmico;Episódico/Epidêmico;Se manteve
25;2503407;Episódico;Episódico;Se manteve
25;2503506;Episódico;Episódico;Se manteve
25;2503555;Episódico/Epidêmico;Episódico/Epidêmico;Se manteve
25;2503605;Episódico;Episódico;Se manteve
25;2503704;Epidêmico;Episódico/Epidêmico;Melhorou
25;2503753;Episódico;Episódico;Se manteve
25;2503803;Episódico;Episódico/Epidêmico;Piorou
25;2503902;Episódico;Episódico/Epidêmico;Piorou
25;2504009;Epidêmico;Epidêmico;Se manteve
25;2504033;Episódico;Episódico;Se manteve
25;2504074;Episódico;Episódico;Se manteve
25;2504108;Episódico;Episódico/Epidêmico;Piorou
25;2504157;Episódico/Epidêmico;Episódico/Epidêmico;Se manteve
25;2504207;Episódico/Epidêmico;Episódico/Epidêmico;Se manteve
25;2504306;Episódico/Epidêmico;Episódico/Epidêmico;Se manteve
25;2504355;Episódico/Epidêmico;Episódico/Epidêmico;Se manteve
25;2504405;Episódico;Episódico;Se manteve
25;2504504;Episódico/Epidêmico;Episódico/Epidêmico;Se manteve
25;2504603;Episódico/Epidêmico;Episódico/Epidêmico;Se manteve
25;2504702;Episódico;Episódico/Epidêmico;Piorou
25;2504801;Episódico/Epidêmico;Episódico/Epidêmico;Se manteve
25;2504850;Episódico;Episódico;Se manteve
25;2504900;Episódico;Episódico/Epidêmico;Piorou
25;2505006;Episódico/Epidêmico;Episódico/Epidêmico;Se manteve
25;2505105;Episódico/Epidêmico;Episódico/Epidêmico;Se manteve
25;2505204;Episódico;Episódico;Se manteve
25;2505238;Episódico;Episódico;Se manteve
25;2505279;Episódico;Episódico/Epidêmico;Piorou
25;2505303;Episódico;Episódico;Se manteve
25;2505352;Episódico;Episódico;Se manteve
25;2505402;Episódico;Episódico;Se manteve
25;2505501;Episódico/Epidêmico;Episódico;Melhorou
25;2505600;Episódico;Sem transmissão;Melhorou
25;2505709;Episódico/Epidêmico;Epidêmico;Piorou
25;2505808;Episódico;Episódico;Se manteve
25;2505907;Episódico;Episódico/Epidêmico;Piorou
25;2506004;Episódico/Epidêmico;Epidêmico;Piorou
25;2506103;Episódico;Episódico/Epidêmico;Piorou
25;2506202;Episódico;Episódico/Epidêmico;Piorou
25;2506251;Episódico;Episódico;Se manteve
25;2506301;Epidêmico;Episódico/Epidêmico;Melhorou
25;2506400;Episódico/Epidêmico;Episódico;Melhorou
25;2506509;Episódico/Epidêmico;Episódico;Melhorou
25;2506608;Episódico;Episódico;Se manteve
25;2506707;Episódico/Epidêmico;Episódico/Epidêmico;Se manteve
25;2506806;Episódico/Epidêmico;Episódico/Epidêmico;Se manteve
25;2506905;Episódico/Epidêmico;Episódico/Epidêmico;Se manteve
25;2507002;Episódico/Epidêmico;Episódico/Epidêmico;Se manteve
25;2507101;Episódico;Episódico/Epidêmico;Piorou
25;2507200;Episódico;Episódico/Epidêmico;Piorou
25;2507309;Episódico;Episódico;Se manteve
25;2507408;Episódico/Epidêmico;Episódico;Melhorou
25;2507507;Epidêmico;Transmissão Persistente;Piorou
25;2507606;Episódico;Episódico/Epidêmico;Piorou
25;2507705;Episódico/Epidêmico;Epidêmico;Piorou
25;2507804;Episódico;Episódico/Epidêmico;Piorou
25;2507903;Episódico;Episódico;Se manteve
25;2508000;Episódico/Epidêmico;Episódico/Epidêmico;Se manteve
25;2508109;Episódico;Episódico;Se manteve
25;2508208;Episódico;Episódico;Se manteve
25;2508307;Episódico/Epidêmico;Episódico/Epidêmico;Se manteve
25;2508406;Episódico;Episódico;Se manteve
25;2508505;Episódico;Episódico;Se manteve
25;2508554;Episódico;Episódico;Se manteve
25;2508604;Episódico/Epidêmico;Episódico;Melhorou
25;2508703;Episódico/Epidêmico;Episódico;Melhorou
25;2508802;Episódico/Epidêmico;Episódico/Epidêmico;Se manteve
25;2508901;Episódico/Epidêmico;Episódico/Epidêmico;Se manteve
25;2509008;Episódico/Epidêmico;Episódico/Epidêmico;Se manteve
25;2509057;Episódico;Episódico;Se manteve
25;2509107;Episódico/Epidêmico;Sem transmissão;Melhorou
25;2509156;Episódico;Episódico/Epidêmico;Piorou
25;2509206;Episódico;Epidêmico;Piorou
25;2509305;Episódico/Epidêmico;Episódico;Melhorou
25;2509339;Episódico;Episódico;Se manteve
25;2509370;Episódico;Episódico;Se manteve
25;2509396;Episódico/Epidêmico;Episódico/Epidêmico;Se manteve
25;2509404;Episódico/Epidêmico;Episódico;Melhorou
25;2509503;Episódico/Epidêmico;Episódico/Epidêmico;Se manteve
25;2509602;Episódico;Episódico;Se manteve
25;2509701;Epidêmico;Epidêmico;Se manteve
25;2509800;Episódico;Episódico;Se manteve
25;2509909;Episódico/Epidêmico;Episódico/Epidêmico;Se manteve
25;2510006;Episódico/Epidêmico;Episódico;Melhorou
25;2510105;Episódico/Epidêmico;Episódico/Epidêmico;Se manteve
25;2510204;Episódico;Episódico;Se manteve
25;2510303;Episódico/Epidêmico;Episódico/Epidêmico;Se manteve
25;2510402;Episódico;Episódico;Se manteve
25;2510501;Episódico/Epidêmico;Episódico/Epidêmico;Se manteve
25;2510600;Episódico;Episódico;Se manteve
25;2510659;Episódico/Epidêmico;Episódico;Melhorou
25;2510709;Episódico/Epidêmico;Episódico;Melhorou
25;2510808;Episódico/Epidêmico;Episódico/Epidêmico;Se manteve
25;2510907;Episódico;Episódico;Se manteve
25;2511004;Episódico;Episódico/Epidêmico;Piorou
25;2511103;Episódico/Epidêmico;Episódico/Epidêmico;Se manteve
25;2511202;Episódico/Epidêmico;Episódico/Epidêmico;Se manteve
25;2511301;Episódico/Epidêmico;Episódico/Epidêmico;Se manteve
25;2511400;Episódico/Epidêmico;Epidêmico;Piorou
25;2511509;Episódico/Epidêmico;Episódico/Epidêmico;Se manteve
25;2511608;Episódico;Episódico;Se manteve
25;2511707;Episódico;Episódico;Se manteve
25;2511806;Episódico/Epidêmico;Sem transmissão;Melhorou
25;2511905;Episódico;Episódico/Epidêmico;Piorou
25;2512002;Episódico/Epidêmico;Episódico/Epidêmico;Se manteve
25;2512036;Episódico;Episódico;Se manteve
25;2512077;Episódico;Episódico;Se manteve
25;2512101;Episódico/Epidêmico;Episódico/Epidêmico;Se manteve
25;2512200;Episódico/Epidêmico;Episódico/Epidêmico;Se manteve
25;2512309;Episódico/Epidêmico;Episódico/Epidêmico;Se manteve
25;2512408;Episódico;Episódico;Se manteve
25;2512507;Episódico/Epidêmico;Epidêmico;Piorou
25;2512606;Episódico;Episódico/Epidêmico;Piorou
25;2512705;Episódico/Epidêmico;Episódico/Epidêmico;Se manteve
25;2512721;Episódico/Epidêmico;Episódico/Epidêmico;Se manteve
25;2512747;Episódico/Epidêmico;Episódico;Melhorou
25;2512754;Episódico;Episódico/Epidêmico;Piorou
25;2512762;Episódico;Episódico;Se manteve
25;2512788;Episódico;Episódico/Epidêmico;Piorou
25;2512804;Episódico/Epidêmico;Episódico;Melhorou
25;2512903;Episódico/Epidêmico;Episódico/Epidêmico;Se manteve
25;2513000;Episódico;Episódico;Se manteve
25;2513109;Episódico/Epidêmico;Episódico/Epidêmico;Se manteve
25;2513158;Episódico;Episódico/Epidêmico;Piorou
25;2513208;Episódico/Epidêmico;Episódico;Melhorou
25;2513307;Episódico;Episódico;Se manteve
25;2513356;Episódico;Sem transmissão;Melhorou
25;2513406;Episódico/Epidêmico;Episódico/Epidêmico;Se manteve
25;2513505;Episódico;Episódico;Se manteve
25;2513604;Episódico;Episódico;Se manteve
25;2513653;Episódico/Epidêmico;Episódico;Melhorou
25;2513703;Epidêmico;Epidêmico;Se manteve
25;2513802;Episódico/Epidêmico;Episódico;Melhorou
25;2513851;Episódico;Episódico/Epidêmico;Piorou
25;2513901;Episódico/Epidêmico;Episódico/Epidêmico;Se manteve
25;2513927;Episódico;Episódico;Se manteve
25;2513943;Episódico;Episódico;Se manteve
25;2513968;Episódico;Episódico;Se manteve
25;2513984;Episódico;Episódico;Se manteve
25;2514008;Episódico;Episódico/Epidêmico;Piorou
25;2514107;Episódico/Epidêmico;Episódico/Epidêmico;Se manteve
25;2514206;Episódico/Epidêmico;Episódico;Melhorou
25;2514305;Episódico;Episódico;Se manteve
25;2514404;Episódico/Epidêmico;Episódico/Epidêmico;Se manteve
25;2514453;Episódico/Epidêmico;Episódico/Epidêmico;Se manteve
25;2514503;Episódico/Epidêmico;Episódico;Melhorou
25;2514552;Episódico;Episódico;Se manteve
25;2514602;Episódico;Episódico/Epidêmico;Piorou
25;2514651;Episódico;Episódico;Se manteve
25;2514701;Episódico/Epidêmico;Episódico/Epidêmico;Se manteve
25;2514800;Episódico;Episódico;Se manteve
25;2514909;Episódico/Epidêmico;Episódico;Melhorou
25;2515005;Episódico;Episódico;Se manteve
25;2515104;Episódico/Epidêmico;Episódico/Epidêmico;Se manteve
25;2515203;Episódico;Episódico;Se manteve
25;2515302;Episódico;Episódico/Epidêmico;Piorou
25;2515401;Episódico;Episódico/Epidêmico;Piorou
25;2515500;Episódico/Epidêmico;Episódico/Epidêmico;Se manteve
25;2515609;Episódico;Episódico;Se manteve
25;2515708;Episódico;Episódico;Se manteve
25;2515807;Episódico;Episódico;Se manteve
25;2515906;Episódico;Episódico/Epidêmico;Piorou
25;2515930;Episódico/Epidêmico;Episódico;Melhorou
25;2515971;Episódico;Sem transmissão;Melhorou
25;2516003;Episódico/Epidêmico;Episódico/Epidêmico;Se manteve
25;2516102;Episódico/Epidêmico;Episódico/Epidêmico;Se manteve
25;2516151;Episódico;Episódico/Epidêmico;Piorou
25;2516201;Epidêmico;Episódico/Epidêmico;Melhorou
25;2516300;Episódico/Epidêmico;Episódico/Epidêmico;Se manteve
25;2516409;Episódico;Episódico;Se manteve
25;2516508;Episódico;Episódico/Epidêmico;Piorou
25;2516607;Episódico;Episódico;Se manteve
25;2516706;Episódico/Epidêmico;Episódico/Epidêmico;Se manteve
25;2516755;Episódico;Episódico/Epidêmico;Piorou
25;2516805;Episódico/Epidêmico;Episódico;Melhorou
25;2516904;Episódico/Epidêmico;Episódico/Epidêmico;Se manteve
25;2517001;Episódico/Epidêmico;Episódico/Epidêmico;Se manteve
25;2517100;Episódico/Epidêmico;Episódico/Epidêmico;Se manteve
25;2517209;Episódico/Epidêmico;Episódico;Melhorou
25;2517407;Episódico/Epidêmico;Episódico;Melhorou
26;2600054;Epidêmico;Episódico/Epidêmico;Melhorou
26;2600104;Epidêmico;Epidêmico;Se manteve
26;2600203;Episódico/Epidêmico;Episódico/Epidêmico;Se manteve
26;2600302;Episódico/Epidêmico;Episódico/Epidêmico;Se manteve
26;2600401;Episódico/Epidêmico;Episódico/Epidêmico;Se manteve
26;2600500;Episódico/Epidêmico;Episódico/Epidêmico;Se manteve
26;2600609;Episódico/Epidêmico;Episódico/Epidêmico;Se manteve
26;2600708;Episódico;Episódico/Epidêmico;Piorou
26;2600807;Episódico/Epidêmico;Episódico/Epidêmico;Se manteve
26;2600906;Episódico/Epidêmico;Episódico/Epidêmico;Se manteve
26;2601003;Episódico/Epidêmico;Episódico;Melhorou
26;2601052;Episódico;Epidêmico;Piorou
26;2601102;Episódico/Epidêmico;Episódico/Epidêmico;Se manteve
26;2601201;Epidêmico;Epidêmico;Se manteve
26;2601300;Episódico/Epidêmico;Episódico/Epidêmico;Se manteve
26;2601409;Episódico/Epidêmico;Episódico/Epidêmico;Se manteve
26;2601508;Episódico;Episódico;Se manteve
26;2601607;Episódico/Epidêmico;Episódico/Epidêmico;Se manteve
26;2601706;Epidêmico;Epidêmico;Se manteve
26;2601805;Episódico/Epidêmico;Episódico/Epidêmico;Se manteve
26;2601904;Episódico/Epidêmico;Episódico/Epidêmico;Se manteve
26;2602001;Episódico/Epidêmico;Episódico/Epidêmico;Se manteve
26;2602100;Episódico/Epidêmico;Episódico/Epidêmico;Se manteve
26;2602209;Episódico/Epidêmico;Episódico/Epidêmico;Se manteve
26;2602308;Episódico/Epidêmico;Episódico/Epidêmico;Se manteve
26;2602407;Episódico;Episódico;Se manteve
26;2602506;Episódico/Epidêmico;Episódico/Epidêmico;Se manteve
26;2602605;Epidêmico;Epidêmico;Se manteve
26;2602704;Episódico/Epidêmico;Episódico;Melhorou
26;2602803;Episódico/Epidêmico;Epidêmico;Piorou
26;2602902;Epidêmico;Epidêmico;Se manteve
26;2603009;Episódico/Epidêmico;Episódico/Epidêmico;Se manteve
26;2603108;Episódico;Episódico;Se manteve
26;2603207;Episódico/Epidêmico;Episódico;Melhorou
26;2603306;Episódico/Epidêmico;Episódico;Melhorou
26;2603405;Episódico/Epidêmico;Episódico/Epidêmico;Se manteve
26;2603454;Epidêmico;Episódico/Epidêmico;Melhorou
26;2603504;Episódico/Epidêmico;Episódico/Epidêmico;Se manteve
26;2603603;Episódico/Epidêmico;Episódico/Epidêmico;Se manteve
26;2603702;Episódico/Epidêmico;Episódico/Epidêmico;Se manteve
26;2603801;Episódico/Epidêmico;Episódico/Epidêmico;Se manteve
26;2603900;Episódico/Epidêmico;Episódico/Epidêmico;Se manteve
26;2603926;Episódico;Episódico/Epidêmico;Piorou
26;2604007;Epidêmico;Episódico/Epidêmico;Melhorou
26;2604106;Epidêmico;Epidêmico;Se manteve
26;2604155;Episódico/Epidêmico;Episódico;Melhorou
26;2604205;Episódico;Episódico;Se manteve
26;2604304;Episódico/Epidêmico;Episódico/Epidêmico;Se manteve
26;2604403;Episódico;Episódico/Epidêmico;Piorou
26;2604502;Episódico/Epidêmico;Episódico/Epidêmico;Se manteve
26;2604601;Episódico/Epidêmico;Episódico/Epidêmico;Se manteve
26;2604700;Episódico/Epidêmico;Episódico;Melhorou
26;2604809;Episódico/Epidêmico;Episódico/Epidêmico;Se manteve
26;2604908;Episódico/Epidêmico;Episódico/Epidêmico;Se manteve
26;2605004;Episódico/Epidêmico;Episódico/Epidêmico;Se manteve
26;2605103;Episódico/Epidêmico;Episódico/Epidêmico;Se manteve
26;2605152;Episódico/Epidêmico;Epidêmico;Piorou
26;2605202;Episódico/Epidêmico;Episódico/Epidêmico;Se manteve
26;2605301;Episódico/Epidêmico;Episódico/Epidêmico;Se manteve
26;2605400;Episódico/Epidêmico;Episódico/Epidêmico;Se manteve
26;2605459;Episódico/Epidêmico;Epidêmico;Piorou
26;2605509;Episódico;Episódico/Epidêmico;Piorou
26;2605608;Episódico;Episódico;Se manteve
26;2605707;Episódico/Epidêmico;Episódico/Epidêmico;Se manteve
26;2605806;Episódico/Epidêmico;Episódico/Epidêmico;Se manteve
26;2605905;Episódico/Epidêmico;Episódico/Epidêmico;Se manteve
26;2606002;Epidêmico;Epidêmico;Se manteve
26;2606101;Episódico/Epidêmico;Episódico;Melhorou
26;2606200;Epidêmico;Epidêmico;Se manteve
26;2606309;Episódico/Epidêmico;Episódico/Epidêmico;Se manteve
26;2606408;Epidêmico;Epidêmico;Se manteve
26;2606507;Episódico/Epidêmico;Episódico;Melhorou
26;2606606;Episódico/Epidêmico;Episódico/Epidêmico;Se manteve
26;2606705;Episódico/Epidêmico;Episódico/Epidêmico;Se manteve
26;2606804;Epidêmico;Epidêmico;Se manteve
26;2606903;Episódico/Epidêmico;Episódico/Epidêmico;Se manteve
26;2607000;Episódico/Epidêmico;Episódico/Epidêmico;Se manteve
26;2607109;Episódico/Epidêmico;Episódico/Epidêmico;Se manteve
26;2607208;Epidêmico;Epidêmico;Se manteve
26;2607307;Episódico/Epidêmico;Episódico/Epidêmico;Se manteve
26;2607406;Episódico/Epidêmico;Episódico/Epidêmico;Se manteve
26;2607505;Episódico/Epidêmico;Episódico/Epidêmico;Se manteve
26;2607604;Episódico/Epidêmico;Episódico/Epidêmico;Se manteve
26;2607653;Episódico/Epidêmico;Episódico/Epidêmico;Se manteve
26;2607703;Episódico/Epidêmico;Episódico/Epidêmico;Se manteve
26;2607752;Episódico/Epidêmico;Episódico/Epidêmico;Se manteve
26;2607802;Episódico/Epidêmico;Episódico/Epidêmico;Se manteve
26;2607901;Epidêmico;Epidêmico;Se manteve
26;2607950;Episódico/Epidêmico;Episódico/Epidêmico;Se manteve
26;2608008;Epidêmico;Epidêmico;Se manteve
26;2608057;Episódico/Epidêmico;Episódico/Epidêmico;Se manteve
26;2608107;Episódico/Epidêmico;Episódico/Epidêmico;Se manteve
26;2608206;Episódico;Episódico;Se manteve
26;2608255;Episódico/Epidêmico;Episódico/Epidêmico;Se manteve
26;2608305;Episódico/Epidêmico;Episódico;Melhorou
26;2608404;Episódico/Epidêmico;Episódico/Epidêmico;Se manteve
26;2608453;Episódico/Epidêmico;Episódico/Epidêmico;Se manteve
26;2608503;Episódico/Epidêmico;Episódico;Melhorou
26;2608602;Episódico/Epidêmico;Episódico/Epidêmico;Se manteve
26;2608701;Episódico;Episódico/Epidêmico;Piorou
26;2608750;Episódico/Epidêmico;Episódico/Epidêmico;Se manteve
26;2608800;Episódico/Epidêmico;Episódico/Epidêmico;Se manteve
26;2608909;Epidêmico;Epidêmico;Se manteve
26;2609006;Episódico/Epidêmico;Episódico/Epidêmico;Se manteve
26;2609105;Episódico/Epidêmico;Episódico/Epidêmico;Se manteve
26;2609154;Episódico;Episódico/Epidêmico;Piorou
26;2609204;Episódico;Sem transmissão;Melhorou
26;2609303;Episódico/Epidêmico;Episódico/Epidêmico;Se manteve
26;2609402;Epidêmico;Episódico/Epidêmico;Melhorou
26;2609501;Episódico/Epidêmico;Epidêmico;Piorou
26;2609600;Epidêmico;Epidêmico;Se manteve
26;2609709;Episódico/Epidêmico;Episódico/Epidêmico;Se manteve
26;2609808;Episódico/Epidêmico;Episódico/Epidêmico;Se manteve
26;2609907;Epidêmico;Episódico/Epidêmico;Melhorou
26;2610004;Epidêmico;Epidêmico;Se manteve
26;2610103;Episódico/Epidêmico;Episódico;Melhorou
26;2610202;Episódico/Epidêmico;Episódico/Epidêmico;Se manteve
26;2610301;Episódico/Epidêmico;Episódico/Epidêmico;Se manteve
26;2610400;Episódico/Epidêmico;Episódico/Epidêmico;Se manteve
26;2610509;Epidêmico;Epidêmico;Se manteve
26;2610608;Episódico/Epidêmico;Epidêmico;Piorou
26;2610707;Epidêmico;Epidêmico;Se manteve
26;2610806;Episódico/Epidêmico;Episódico/Epidêmico;Se manteve
26;2610905;Episódico/Epidêmico;Episódico/Epidêmico;Se manteve
26;2611002;Episódico/Epidêmico;Episódico/Epidêmico;Se manteve
26;2611101;Epidêmico;Epidêmico;Se manteve
26;2611200;Episódico/Epidêmico;Episódico/Epidêmico;Se manteve
26;2611309;Episódico/Epidêmico;Episódico;Melhorou
26;2611408;Episódico/Epidêmico;Episódico/Epidêmico;Se manteve
26;2611507;Episódico/Epidêmico;Episódico/Epidêmico;Se manteve
26;2611533;Sem transmissão;Sem transmissão;Se manteve
26;2611606;Transmissão Persistente;Transmissão Persistente;Se manteve
26;2611705;Episódico;Episódico/Epidêmico;Piorou
26;2611804;Episódico/Epidêmico;Episódico;Melhorou
26;2611903;Episódico/Epidêmico;Episódico/Epidêmico;Se manteve
26;2612000;Episódico;Episódico/Epidêmico;Piorou
26;2612109;Episódico/Epidêmico;Episódico;Melhorou
26;2612208;Epidêmico;Epidêmico;Se manteve
26;2612307;Episódico/Epidêmico;Episódico/Epidêmico;Se manteve
26;2612406;Episódico/Epidêmico;Episódico/Epidêmico;Se manteve
26;2612455;Episódico/Epidêmico;Episódico/Epidêmico;Se manteve
26;2612471;Episódico/Epidêmico;Episódico/Epidêmico;Se manteve
26;2612505;Epidêmico;Epidêmico;Se manteve
26;2612554;Episódico/Epidêmico;Episódico/Epidêmico;Se manteve
26;2612604;Episódico/Epidêmico;Episódico/Epidêmico;Se manteve
26;2612703;Episódico/Epidêmico;Episódico;Melhorou
26;2612802;Episódico/Epidêmico;Episódico/Epidêmico;Se manteve
26;2612901;Episódico;Episódico;Se manteve
26;2613008;Episódico/Epidêmico;Episódico/Epidêmico;Se manteve
26;2613107;Epidêmico;Episódico/Epidêmico;Melhorou
26;2613206;Episódico/Epidêmico;Episódico;Melhorou
26;2613305;Episódico/Epidêmico;Episódico/Epidêmico;Se manteve
26;2613404;Episódico/Epidêmico;Episódico/Epidêmico;Se manteve
26;2613503;Episódico/Epidêmico;Episódico/Epidêmico;Se manteve
26;2613602;Epidêmico;Episódico/Epidêmico;Melhorou
26;2613701;Epidêmico;Episódico/Epidêmico;Melhorou
26;2613800;Episódico/Epidêmico;Epidêmico;Piorou
26;2613909;Episódico/Epidêmico;Epidêmico;Piorou
26;2614006;Episódico/Epidêmico;Episódico/Epidêmico;Se manteve
26;2614105;Episódico/Epidêmico;Episódico/Epidêmico;Se manteve
26;2614204;Episódico/Epidêmico;Episódico/Epidêmico;Se manteve
26;2614303;Episódico/Epidêmico;Episódico/Epidêmico;Se manteve
26;2614402;Episódico/Epidêmico;Episódico/Epidêmico;Se manteve
26;2614501;Episódico/Epidêmico;Epidêmico;Piorou
26;2614600;Episódico/Epidêmico;Episódico/Epidêmico;Se manteve
26;2614709;Episódico/Epidêmico;Episódico/Epidêmico;Se manteve
26;2614808;Episódico/Epidêmico;Episódico;Melhorou
26;2614857;Episódico;Episódico/Epidêmico;Piorou
26;2615003;Episódico/Epidêmico;Episódico;Melhorou
26;2615102;Episódico/Epidêmico;Episódico/Epidêmico;Se manteve
26;2615201;Episódico/Epidêmico;Episódico/Epidêmico;Se manteve
26;2615300;Epidêmico;Epidêmico;Se manteve
26;2615409;Episódico/Epidêmico;Episódico/Epidêmico;Se manteve
26;2615508;Episódico/Epidêmico;Episódico/Epidêmico;Se manteve
26;2615607;Episódico/Epidêmico;Episódico/Epidêmico;Se manteve
26;2615706;Episódico/Epidêmico;Episódico/Epidêmico;Se manteve
26;2615805;Episódico/Epidêmico;Episódico/Epidêmico;Se manteve
26;2615904;Episódico/Epidêmico;Episódico/Epidêmico;Se manteve
26;2616001;Episódico/Epidêmico;Episódico/Epidêmico;Se manteve
26;2616100;Episódico/Epidêmico;Episódico/Epidêmico;Se manteve
26;2616183;Episódico/Epidêmico;Episódico/Epidêmico;Se manteve
26;2616209;Episódico/Epidêmico;Episódico/Epidêmico;Se manteve
26;2616308;Episódico/Epidêmico;Episódico/Epidêmico;Se manteve
26;2616407;Epidêmico;Epidêmico;Se manteve
26;2616506;Episódico;Episódico/Epidêmico;Piorou
27;2700102;Episódico/Epidêmico;Episódico/Epidêmico;Se manteve
27;2700201;Episódico/Epidêmico;Episódico/Epidêmico;Se manteve
27;2700300;Epidêmico;Epidêmico;Se manteve
27;2700409;Episódico/Epidêmico;Episódico/Epidêmico;Se manteve
27;2700508;Episódico;Episódico;Se manteve
27;2700607;Episódico/Epidêmico;Episódico/Epidêmico;Se manteve
27;2700706;Episódico;Episódico;Se manteve
27;2700805;Episódico;Episódico;Se manteve
27;2700904;Episódico;Episódico;Se manteve
27;2701001;Episódico/Epidêmico;Episódico/Epidêmico;Se manteve
27;2701100;Episódico/Epidêmico;Episódico/Epidêmico;Se manteve
27;2701209;Episódico/Epidêmico;Episódico/Epidêmico;Se manteve
27;2701308;Episódico/Epidêmico;Episódico/Epidêmico;Se manteve
27;2701357;Episódico;Episódico;Se manteve
27;2701407;Episódico/Epidêmico;Epidêmico;Piorou
27;2701506;Episódico;Episódico;Se manteve
27;2701605;Episódico/Epidêmico;Episódico;Melhorou
27;2701704;Episódico;Episódico/Epidêmico;Piorou
27;2701803;Episódico/Epidêmico;Episódico;Melhorou
27;2701902;Episódico;Episódico;Se manteve
27;2702009;Episódico/Epidêmico;Episódico/Epidêmico;Se manteve
27;2702108;Episódico/Epidêmico;Epidêmico;Piorou
27;2702207;Episódico/Epidêmico;Episódico/Epidêmico;Se manteve
27;2702306;Episódico/Epidêmico;Episódico/Epidêmico;Se manteve
27;2702355;Episódico/Epidêmico;Episódico/Epidêmico;Se manteve
27;2702405;Episódico/Epidêmico;Episódico/Epidêmico;Se manteve
27;2702504;Episódico/Epidêmico;Episódico;Melhorou
27;2702553;Episódico;Episódico;Se manteve
27;2702603;Episódico/Epidêmico;Episódico/Epidêmico;Se manteve
27;2702702;Episódico;Episódico/Epidêmico;Piorou
27;2702801;Episódico/Epidêmico;Episódico;Melhorou
27;2702900;Episódico/Epidêmico;Episódico/Epidêmico;Se manteve
27;2703007;Episódico/Epidêmico;Episódico/Epidêmico;Se manteve
27;2703106;Episódico/Epidêmico;Episódico;Melhorou
27;2703205;Episódico/Epidêmico;Episódico/Epidêmico;Se manteve
27;2703304;Episódico/Epidêmico;Episódico;Melhorou
27;2703403;Episódico/Epidêmico;Episódico/Epidêmico;Se manteve
27;2703502;Episódico;Episódico;Se manteve
27;2703601;Episódico;Episódico/Epidêmico;Piorou
27;2703700;Episódico;Episódico;Se manteve
27;2703759;Episódico/Epidêmico;Episódico/Epidêmico;Se manteve
27;2703809;Episódico/Epidêmico;Episódico/Epidêmico;Se manteve
27;2703908;Episódico;Episódico;Se manteve
27;2704005;Episódico/Epidêmico;Episódico/Epidêmico;Se manteve
27;2704104;Episódico/Epidêmico;Episódico;Melhorou
27;2704203;Episódico/Epidêmico;Episódico/Epidêmico;Se manteve
27;2704302;Epidêmico;Transmissão Persistente;Piorou
27;2704401;Episódico/Epidêmico;Episódico/Epidêmico;Se manteve
27;2704500;Epidêmico;Episódico/Epidêmico;Melhorou
27;2704609;Episódico/Epidêmico;Episódico;Melhorou
27;2704708;Epidêmico;Epidêmico;Se manteve
27;2704807;Episódico/Epidêmico;Episódico;Melhorou
27;2704906;Episódico;Episódico;Se manteve
27;2705002;Episódico/Epidêmico;Episódico/Epidêmico;Se manteve
27;2705101;Episódico/Epidêmico;Episódico/Epidêmico;Se manteve
27;2705200;Episódico/Epidêmico;Episódico/Epidêmico;Se manteve
27;2705309;Episódico;Episódico;Se manteve
27;2705408;Episódico/Epidêmico;Episódico;Melhorou
27;2705507;Episódico/Epidêmico;Episódico/Epidêmico;Se manteve
27;2705606;Episódico;Episódico;Se manteve
27;2705705;Episódico/Epidêmico;Episódico;Melhorou
27;2705804;Episódico;Episódico;Se manteve
27;2705903;Episódico;Episódico;Se manteve
27;2706000;Episódico/Epidêmico;Episódico;Melhorou
27;2706109;Episódico;Episódico/Epidêmico;Piorou
27;2706208;Episódico;Episódico;Se manteve
27;2706307;Epidêmico;Episódico/Epidêmico;Melhorou
27;2706406;Episódico/Epidêmico;Episódico;Melhorou
27;2706422;Episódico/Epidêmico;Episódico/Epidêmico;Se manteve
27;2706448;Episódico/Epidêmico;Episódico/Epidêmico;Se manteve
27;2706505;Episódico;Episódico;Se manteve
27;2706604;Episódico;Episódico;Se manteve
27;2706703;Epidêmico;Episódico/Epidêmico;Melhorou
27;2706802;Episódico/Epidêmico;Episódico/Epidêmico;Se manteve
27;2706901;Episódico/Epidêmico;Episódico/Epidêmico;Se manteve
27;2707008;Episódico;Episódico;Se manteve
27;2707107;Episódico/Epidêmico;Episódico/Epidêmico;Se manteve
27;2707206;Episódico/Epidêmico;Episódico;Melhorou
27;2707305;Episódico/Epidêmico;Episódico/Epidêmico;Se manteve
27;2707404;Episódico;Episódico;Se manteve
27;2707503;Episódico;Episódico;Se manteve
27;2707602;Episódico/Epidêmico;Episódico/Epidêmico;Se manteve
27;2707701;Epidêmico;Episódico/Epidêmico;Melhorou
27;2707800;Episódico;Episódico;Se manteve
27;2707909;Episódico/Epidêmico;Episódico/Epidêmico;Se manteve
27;2708006;Epidêmico;Episódico/Epidêmico;Melhorou
27;2708105;Episódico/Epidêmico;Episódico/Epidêmico;Se manteve
27;2708204;Episódico;Sem transmissão;Melhorou
27;2708303;Episódico/Epidêmico;Episódico/Epidêmico;Se manteve
27;2708402;Episódico/Epidêmico;Episódico/Epidêmico;Se manteve
27;2708501;Episódico/Epidêmico;Episódico;Melhorou
27;2708600;Episódico/Epidêmico;Epidêmico;Piorou
27;2708709;Episódico;Episódico;Se manteve
27;2708808;Episódico/Epidêmico;Episódico/Epidêmico;Se manteve
27;2708907;Episódico/Epidêmico;Episódico/Epidêmico;Se manteve
27;2708956;Episódico/Epidêmico;Episódico;Melhorou
27;2709004;Episódico;Sem transmissão;Melhorou
27;2709103;Episódico/Epidêmico;Episódico/Epidêmico;Se manteve
27;2709152;Episódico/Epidêmico;Episódico/Epidêmico;Se manteve
27;2709202;Episódico/Epidêmico;Episódico/Epidêmico;Se manteve
27;2709301;Epidêmico;Epidêmico;Se manteve
27;2709400;Episódico/Epidêmico;Episódico/Epidêmico;Se manteve
28;2800100;Sem transmissão;Sem transmissão;Se manteve
28;2800209;Episódico/Epidêmico;Episódico/Epidêmico;Se manteve
28;2800308;Epidêmico;Epidêmico;Se manteve
28;2800407;Episódico/Epidêmico;Episódico/Epidêmico;Se manteve
28;2800506;Episódico/Epidêmico;Episódico/Epidêmico;Se manteve
28;2800605;Epidêmico;Episódico/Epidêmico;Melhorou
28;2800670;Episódico/Epidêmico;Episódico/Epidêmico;Se manteve
28;2800704;Episódico;Episódico;Se manteve
28;2801009;Episódico;Episódico/Epidêmico;Piorou
28;2801108;Episódico;Episódico;Se manteve
28;2801207;Episódico/Epidêmico;Episódico/Epidêmico;Se manteve
28;2801306;Episódico;Episódico/Epidêmico;Piorou
28;2801405;Episódico/Epidêmico;Episódico/Epidêmico;Se manteve
28;2801504;Episódico/Epidêmico;Episódico/Epidêmico;Se manteve
28;2801603;Episódico;Episódico/Epidêmico;Piorou
28;2801702;Episódico/Epidêmico;Episódico/Epidêmico;Se manteve
28;2801900;Episódico;Episódico/Epidêmico;Piorou
28;2802007;Episódico;Episódico;Se manteve
28;2802106;Epidêmico;Epidêmico;Se manteve
28;2802205;Episódico;Sem transmissão;Melhorou
28;2802304;Episódico;Episódico/Epidêmico;Piorou
28;2802403;Episódico/Epidêmico;Episódico/Epidêmico;Se manteve
28;2802502;Episódico;Episódico/Epidêmico;Piorou
28;2802601;Episódico;Episódico;Se manteve
28;2802700;Episódico/Epidêmico;Episódico/Epidêmico;Se manteve
28;2802809;Episódico;Episódico/Epidêmico;Piorou
28;2802908;Episódico/Epidêmico;Epidêmico;Piorou
28;2803005;Episódico/Epidêmico;Episódico/Epidêmico;Se manteve
28;2803104;Episódico;Sem transmissão;Melhorou
28;2803203;Episódico/Epidêmico;Episódico/Epidêmico;Se manteve
28;2803302;Episódico;Episódico;Se manteve
28;2803401;Episódico;Episódico/Epidêmico;Piorou
28;2803500;Episódico/Epidêmico;Epidêmico;Piorou
28;2803609;Episódico/Epidêmico;Episódico/Epidêmico;Se manteve
28;2803708;Episódico;Episódico;Se manteve
28;2803807;Episódico;Episódico/Epidêmico;Piorou
28;2803906;Episódico/Epidêmico;Episódico/Epidêmico;Se manteve
28;2804003;Episódico;Episódico;Se manteve
28;2804102;Episódico/Epidêmico;Episódico/Epidêmico;Se manteve
28;2804201;Episódico/Epidêmico;Episódico/Epidêmico;Se manteve
28;2804300;Episódico/Epidêmico;Episódico;Melhorou
28;2804409;Episódico/Epidêmico;Episódico/Epidêmico;Se manteve
28;2804458;Episódico;Episódico;Se manteve
28;2804508;Episódico/Epidêmico;Epidêmico;Piorou
28;2804607;Episódico;Episódico/Epidêmico;Piorou
28;2804706;Episódico;Episódico;Se manteve
28;2804805;Episódico/Epidêmico;Epidêmico;Piorou
28;2804904;Episódico/Epidêmico;Episódico/Epidêmico;Se manteve
28;2805000;Episódico;Episódico;Se manteve
28;2805109;Episódico;Sem transmissão;Melhorou
28;2805208;Episódico/Epidêmico;Episódico/Epidêmico;Se manteve
28;2805307;Episódico;Episódico/Epidêmico;Piorou
28;2805406;Episódico;Episódico;Se manteve
28;2805505;Episódico;Episódico;Se manteve
28;2805604;Episódico;Episódico/Epidêmico;Piorou
28;2805703;Episódico/Epidêmico;Epidêmico;Piorou
28;2805802;Episódico;Episódico/Epidêmico;Piorou
28;2805901;Episódico;Episódico;Se manteve
28;2806008;Episódico;Episódico/Epidêmico;Piorou
28;2806107;Episódico;Episódico/Epidêmico;Piorou
28;2806206;Episódico;Episódico/Epidêmico;Piorou
28;2806305;Episódico;Episódico;Se manteve
28;2806404;Episódico;Episódico;Se manteve
28;2806503;Episódico;Episódico;Se manteve
28;2806602;Episódico;Episódico/Epidêmico;Piorou
28;2806701;Episódico/Epidêmico;Epidêmico;Piorou
28;2806800;Episódico;Episódico;Se manteve
28;2806909;Episódico;Episódico;Se manteve
28;2807006;Episódico;Episódico;Se manteve
28;2807105;Episódico/Epidêmico;Episódico/Epidêmico;Se manteve
28;2807204;Episódico;Episódico/Epidêmico;Piorou
28;2807303;Episódico;Episódico;Se manteve
28;2807402;Episódico/Epidêmico;Episódico/Epidêmico;Se manteve
28;2807501;Episódico;Episódico/Epidêmico;Piorou
28;2807600;Episódico/Epidêmico;Episódico/Epidêmico;Se manteve
29;2900108;Episódico;Episódico;Se manteve
29;2900207;Episódico/Epidêmico;Episódico/Epidêmico;Se manteve
29;2900306;Episódico/Epidêmico;Episódico/Epidêmico;Se manteve
29;2900355;Episódico/Epidêmico;Episódico/Epidêmico;Se manteve
29;2900405;Episódico/Epidêmico;Episódico;Melhorou
29;2900504;Episódico;Episódico/Epidêmico;Piorou
29;2900603;Episódico;Episódico/Epidêmico;Piorou
29;2900702;Episódico/Epidêmico;Epidêmico;Piorou
29;2900801;Episódico/Epidêmico;Episódico/Epidêmico;Se manteve
29;2900900;Episódico;Episódico;Se manteve
29;2901007;Episódico/Epidêmico;Episódico/Epidêmico;Se manteve
29;2901106;Episódico/Epidêmico;Episódico;Melhorou
29;2901155;Episódico/Epidêmico;Episódico/Epidêmico;Se manteve
29;2901205;Episódico;Episódico/Epidêmico;Piorou
29;2901304;Episódico/Epidêmico;Episódico;Melhorou
29;2901353;Episódico/Epidêmico;Episódico/Epidêmico;Se manteve
29;2901403;Episódico/Epidêmico;Episódico/Epidêmico;Se manteve
29;2901502;Episódico/Epidêmico;Episódico;Melhorou
29;2901601;Episódico/Epidêmico;Episódico;Melhorou
29;2901700;Episódico/Epidêmico;Episódico/Epidêmico;Se manteve
29;2901809;Episódico/Epidêmico;Episódico;Melhorou
29;2901908;Episódico;Episódico;Se manteve
29;2901957;Episódico/Epidêmico;Episódico;Melhorou
29;2902005;Episódico/Epidêmico;Episódico;Melhorou
29;2902054;Episódico;Episódico;Se manteve
29;2902104;Episódico/Epidêmico;Episódico/Epidêmico;Se manteve
29;2902203;Episódico;Episódico;Se manteve
29;2902252;Episódico;Sem transmissão;Melhorou
29;2902302;Episódico;Episódico;Se manteve
29;2902401;Episódico;Episódico/Epidêmico;Piorou
29;2902500;Episódico;Episódico;Se manteve
29;2902609;Episódico/Epidêmico;Episódico;Melhorou
29;2902658;Episódico/Epidêmico;Episódico;Melhorou
29;2902708;Episódico/Epidêmico;Episódico/Epidêmico;Se manteve
29;2902807;Episódico/Epidêmico;Episódico/Epidêmico;Se manteve
29;2902906;Episódico/Epidêmico;Episódico/Epidêmico;Se manteve
29;2903003;Episódico/Epidêmico;Episódico/Epidêmico;Se manteve
29;2903102;Episódico/Epidêmico;Episódico/Epidêmico;Se manteve
29;2903201;Epidêmico;Epidêmico;Se manteve
29;2903235;Episódico;Episódico/Epidêmico;Piorou
29;2903276;Episódico/Epidêmico;Episódico/Epidêmico;Se manteve
29;2903300;Episódico/Epidêmico;Episódico/Epidêmico;Se manteve
29;2903409;Episódico/Epidêmico;Episódico/Epidêmico;Se manteve
29;2903508;Episódico/Epidêmico;Episódico/Epidêmico;Se manteve
29;2903607;Episódico/Epidêmico;Episódico;Melhorou
29;2903706;Episódico/Epidêmico;Episódico/Epidêmico;Se manteve
29;2903805;Episódico/Epidêmico;Sem transmissão;Melhorou
29;2903904;Episódico/Epidêmico;Episódico/Epidêmico;Se manteve
29;2903953;Episódico;Episódico/Epidêmico;Piorou
29;2904001;Episódico;Episódico/Epidêmico;Piorou
29;2904050;Episódico/Epidêmico;Episódico/Epidêmico;Se manteve
29;2904100;Episódico/Epidêmico;Episódico/Epidêmico;Se manteve
29;2904209;Episódico/Epidêmico;Episódico/Epidêmico;Se manteve
29;2904308;Episódico/Epidêmico;Episódico/Epidêmico;Se manteve
29;2904407;Episódico/Epidêmico;Episódico/Epidêmico;Se manteve
29;2904506;Episódico/Epidêmico;Episódico/Epidêmico;Se manteve
29;2904605;Epidêmico;Epidêmico;Se manteve
29;2904704;Episódico/Epidêmico;Episódico/Epidêmico;Se manteve
29;2904753;Episódico/Epidêmico;Episódico/Epidêmico;Se manteve
29;2904803;Episódico/Epidêmico;Episódico/Epidêmico;Se manteve
29;2904852;Episódico/Epidêmico;Episódico;Melhorou
29;2904902;Episódico/Epidêmico;Episódico;Melhorou
29;2905008;Episódico/Epidêmico;Episódico;Melhorou
29;2905107;Episódico/Epidêmico;Episódico/Epidêmico;Se manteve
29;2905156;Episódico;Episódico/Epidêmico;Piorou
29;2905206;Episódico/Epidêmico;Episódico/Epidêmico;Se manteve
29;2905305;Episódico/Epidêmico;Episódico/Epidêmico;Se manteve
29;2905404;Episódico;Episódico;Se manteve
29;2905503;Episódico/Epidêmico;Episódico;Melhorou
29;2905602;Episódico/Epidêmico;Episódico/Epidêmico;Se manteve
29;2905701;Epidêmico;Epidêmico;Se manteve
29;2905800;Episódico;Episódico/Epidêmico;Piorou
29;2905909;Episódico/Epidêmico;Episódico/Epidêmico;Se manteve
29;2906006;Episódico/Epidêmico;Episódico/Epidêmico;Se manteve
29;2906105;Episódico/Epidêmico;Episódico/Epidêmico;Se manteve
29;2906204;Episódico/Epidêmico;Episódico/Epidêmico;Se manteve
29;2906303;Episódico/Epidêmico;Episódico;Melhorou
29;2906402;Episódico/Epidêmico;Episódico/Epidêmico;Se manteve
29;2906501;Episódico/Epidêmico;Episódico/Epidêmico;Se manteve
29;2906600;Episódico;Episódico/Epidêmico;Piorou
29;2906709;Episódico/Epidêmico;Episódico/Epidêmico;Se manteve
29;2906808;Episódico/Epidêmico;Episódico;Melhorou
29;2906824;Episódico/Epidêmico;Episódico;Melhorou
29;2906857;Episódico/Epidêmico;Episódico/Epidêmico;Se manteve
29;2906873;Episódico/Epidêmico;Episódico;Melhorou
29;2906899;Episódico;Episódico/Epidêmico;Piorou
29;2906907;Episódico/Epidêmico;Episódico;Melhorou
29;2907004;Episódico/Epidêmico;Episódico;Melhorou
29;2907103;Episódico/Epidêmico;Episódico/Epidêmico;Se manteve
29;2907202;Episódico/Epidêmico;Episódico/Epidêmico;Se manteve
29;2907301;Episódico/Epidêmico;Episódico;Melhorou
29;2907400;Episódico;Episódico;Se manteve
29;2907509;Episódico/Epidêmico;Episódico/Epidêmico;Se manteve
29;2907558;Episódico/Epidêmico;Episódico/Epidêmico;Se manteve
29;2907608;Episódico/Epidêmico;Episódico;Melhorou
29;2907707;Episódico/Epidêmico;Episódico;Melhorou
29;2907806;Episódico/Epidêmico;Episódico/Epidêmico;Se manteve
29;2907905;Episódico;Sem transmissão;Melhorou
29;2908002;Episódico/Epidêmico;Episódico/Epidêmico;Se manteve
29;2908101;Episódico;Episódico/Epidêmico;Piorou
29;2908200;Episódico/Epidêmico;Episódico/Epidêmico;Se manteve
29;2908309;Episódico;Episódico/Epidêmico;Piorou
29;2908408;Episódico/Epidêmico;Episódico/Epidêmico;Se manteve
29;2908507;Episódico/Epidêmico;Episódico/Epidêmico;Se manteve
29;2908606;Episódico/Epidêmico;Episódico;Melhorou
29;2908705;Episódico/Epidêmico;Episódico/Epidêmico;Se manteve
29;2908804;Episódico/Epidêmico;Episódico/Epidêmico;Se manteve
29;2908903;Episódico/Epidêmico;Episódico;Melhorou
29;2909000;Episódico;Episódico;Se manteve
29;2909109;Episódico/Epidêmico;Episódico/Epidêmico;Se manteve
29;2909208;Episódico/Epidêmico;Episódico;Melhorou
29;2909307;Episódico/Epidêmico;Episódico/Epidêmico;Se manteve
29;2909406;Episódico/Epidêmico;Episódico/Epidêmico;Se manteve
29;2909505;Episódico;Sem transmissão;Melhorou
29;2909604;Episódico;Episódico;Se manteve
29;2909703;Episódico/Epidêmico;Episódico/Epidêmico;Se manteve
29;2909802;Episódico/Epidêmico;Episódico/Epidêmico;Se manteve
29;2909901;Episódico/Epidêmico;Episódico/Epidêmico;Se manteve
29;2910008;Episódico/Epidêmico;Episódico/Epidêmico;Se manteve
29;2910057;Episódico/Epidêmico;Episódico/Epidêmico;Se manteve
29;2910107;Episódico/Epidêmico;Episódico/Epidêmico;Se manteve
29;2910206;Episódico/Epidêmico;Sem transmissão;Melhorou
29;2910305;Episódico;Episódico;Se manteve
29;2910404;Episódico/Epidêmico;Episódico/Epidêmico;Se manteve
29;2910503;Episódico/Epidêmico;Episódico;Melhorou
29;2910602;Episódico/Epidêmico;Episódico/Epidêmico;Se manteve
29;2910701;Episódico/Epidêmico;Episódico;Melhorou
29;2910727;Epidêmico;Epidêmico;Se manteve
29;2910750;Episódico/Epidêmico;Episódico;Melhorou
29;2910776;Episódico/Epidêmico;Episódico;Melhorou
29;2910800;Epidêmico;Epidêmico;Se manteve
29;2910859;Episódico/Epidêmico;Episódico;Melhorou
29;2910909;Episódico;Episódico;Se manteve
29;2911006;Episódico/Epidêmico;Episódico;Melhorou
29;2911105;Episódico;Episódico/Epidêmico;Piorou
29;2911204;Episódico/Epidêmico;Episódico/Epidêmico;Se manteve
29;2911253;Episódico/Epidêmico;Episódico;Melhorou
29;2911303;Episódico;Episódico/Epidêmico;Piorou
29;2911402;Episódico/Epidêmico;Episódico;Melhorou
29;2911501;Episódico;Episódico;Se manteve
29;2911600;Episódico/Epidêmico;Episódico/Epidêmico;Se manteve
29;2911659;Episódico;Episódico/Epidêmico;Piorou
29;2911709;Episódico/Epidêmico;Epidêmico;Piorou
29;2911808;Episódico/Epidêmico;Episódico;Melhorou
29;2911857;Episódico;Episódico;Se manteve
29;2911907;Episódico/Epidêmico;Episódico/Epidêmico;Se manteve
29;2912004;Episódico/Epidêmico;Episódico/Epidêmico;Se manteve
29;2912103;Epidêmico;Episódico/Epidêmico;Melhorou
29;2912202;Episódico;Episódico/Epidêmico;Piorou
29;2912301;Episódico/Epidêmico;Episódico/Epidêmico;Se manteve
29;2912400;Episódico/Epidêmico;Episódico/Epidêmico;Se manteve
29;2912509;Episódico/Epidêmico;Episódico/Epidêmico;Se manteve
29;2912608;Episódico/Epidêmico;Episódico;Melhorou
29;2912707;Episódico;Episódico/Epidêmico;Piorou
29;2912806;Episódico/Epidêmico;Episódico;Melhorou
29;2912905;Episódico/Epidêmico;Episódico/Epidêmico;Se manteve
29;2913002;Episódico/Epidêmico;Episódico/Epidêmico;Se manteve
29;2913101;Episódico;Episódico/Epidêmico;Piorou
29;2913200;Episódico/Epidêmico;Episódico/Epidêmico;Se manteve
29;2913309;Episódico/Epidêmico;Episódico;Melhorou
29;2913408;Episódico/Epidêmico;Episódico/Epidêmico;Se manteve
29;2913457;Episódico/Epidêmico;Episódico;Melhorou
29;2913507;Episódico;Episódico/Epidêmico;Piorou
29;2913606;Epidêmico;Epidêmico;Se manteve
29;2913705;Episódico/Epidêmico;Episódico/Epidêmico;Se manteve
29;2913804;Episódico/Epidêmico;Episódico;Melhorou
29;2913903;Epidêmico;Epidêmico;Se manteve
29;2914000;Episódico/Epidêmico;Episódico/Epidêmico;Se manteve
29;2914109;Episódico/Epidêmico;Episódico/Epidêmico;Se manteve
29;2914208;Episódico;Sem transmissão;Melhorou
29;2914307;Episódico;Episódico;Se manteve
29;2914406;Episódico/Epidêmico;Episódico/Epidêmico;Se manteve
29;2914505;Episódico/Epidêmico;Episódico/Epidêmico;Se manteve
29;2914604;Episódico/Epidêmico;Epidêmico;Piorou
29;2914653;Episódico/Epidêmico;Episódico/Epidêmico;Se manteve
29;2914703;Epidêmico;Epidêmico;Se manteve
29;2914802;Epidêmico;Epidêmico;Se manteve
29;2914901;Episódico/Epidêmico;Episódico/Epidêmico;Se manteve
29;2915007;Episódico/Epidêmico;Episódico;Melhorou
29;2915106;Episódico/Epidêmico;Episódico/Epidêmico;Se manteve
29;2915205;Episódico/Epidêmico;Episódico/Epidêmico;Se manteve
29;2915304;Episódico;Episódico;Se manteve
29;2915353;Episódico;Episódico/Epidêmico;Piorou
29;2915403;Episódico;Episódico;Se manteve
29;2915502;Episódico/Epidêmico;Epidêmico;Piorou
29;2915601;Episódico/Epidêmico;Episódico/Epidêmico;Se manteve
29;2915700;Episódico;Episódico/Epidêmico;Piorou
29;2915809;Episódico/Epidêmico;Episódico/Epidêmico;Se manteve
29;2915908;Episódico;Episódico/Epidêmico;Piorou
29;2916005;Episódico/Epidêmico;Episódico;Melhorou
29;2916104;Episódico/Epidêmico;Episódico/Epidêmico;Se manteve
29;2916203;Episódico;Episódico/Epidêmico;Piorou
29;2916302;Episódico/Epidêmico;Episódico;Melhorou
29;2916401;Episódico/Epidêmico;Episódico/Epidêmico;Se manteve
29;2916500;Episódico;Episódico/Epidêmico;Piorou
29;2916609;Episódico;Episódico/Epidêmico;Piorou
29;2916708;Episódico;Episódico;Se manteve
29;2916807;Episódico;Episódico;Se manteve
29;2916856;Episódico/Epidêmico;Episódico/Epidêmico;Se manteve
29;2916906;Episódico/Epidêmico;Episódico/Epidêmico;Se manteve
29;2917003;Episódico/Epidêmico;Episódico;Melhorou
29;2917102;Episódico/Epidêmico;Episódico/Epidêmico;Se manteve
29;2917201;Episódico/Epidêmico;Episódico/Epidêmico;Se manteve
29;2917300;Episódico/Epidêmico;Episódico/Epidêmico;Se manteve
29;2917334;Episódico/Epidêmico;Episódico/Epidêmico;Se manteve
29;2917359;Episódico/Epidêmico;Episódico/Epidêmico;Se manteve
29;2917409;Episódico/Epidêmico;Episódico/Epidêmico;Se manteve
29;2917508;Epidêmico;Epidêmico;Se manteve
29;2917607;Episódico/Epidêmico;Episódico/Epidêmico;Se manteve
29;2917706;Episódico/Epidêmico;Episódico/Epidêmico;Se manteve
29;2917805;Episódico;Episódico;Se manteve
29;2917904;Episódico;Episódico;Se manteve
29;2918001;Epidêmico;Epidêmico;Se manteve
29;2918100;Episódico/Epidêmico;Episódico/Epidêmico;Se manteve
29;2918209;Episódico;Episódico;Se manteve
29;2918308;Episódico/Epidêmico;Episódico;Melhorou
29;2918357;Episódico/Epidêmico;Episódico/Epidêmico;Se manteve
29;2918407;Epidêmico;Epidêmico;Se manteve
29;2918456;Episódico;Episódico;Se manteve
29;2918506;Episódico/Epidêmico;Episódico/Epidêmico;Se manteve
29;2918555;Episódico/Epidêmico;Episódico/Epidêmico;Se manteve
29;2918605;Episódico;Episódico;Se manteve
29;2918704;Episódico/Epidêmico;Episódico;Melhorou
29;2918753;Episódico/Epidêmico;Episódico/Epidêmico;Se manteve
29;2918803;Episódico/Epidêmico;Episódico;Melhorou
29;2918902;Episódico/Epidêmico;Episódico;Melhorou
29;2919009;Episódico/Epidêmico;Sem transmissão;Melhorou
29;2919058;Episódico/Epidêmico;Episódico/Epidêmico;Se manteve
29;2919108;Episódico/Epidêmico;Sem transmissão;Melhorou
29;2919157;Episódico/Epidêmico;Episódico/Epidêmico;Se manteve
29;2919207;Epidêmico;Episódico/Epidêmico;Melhorou
29;2919306;Episódico/Epidêmico;Episódico/Epidêmico;Se manteve
29;2919405;Episódico;Episódico;Se manteve
29;2919504;Episódico/Epidêmico;Episódico/Epidêmico;Se manteve
29;2919553;Epidêmico;Epidêmico;Se manteve
29;2919603;Episódico/Epidêmico;Episódico/Epidêmico;Se manteve
29;2919702;Episódico;Episódico/Epidêmico;Piorou
29;2919801;Episódico/Epidêmico;Epidêmico;Piorou
29;2919900;Episódico;Episódico;Se manteve
29;2919926;Episódico/Epidêmico;Episódico/Epidêmico;Se manteve
29;2919959;Episódico;Episódico;Se manteve
29;2920007;Episódico/Epidêmico;Episódico/Epidêmico;Se manteve
29;2920106;Episódico/Epidêmico;Episódico/Epidêmico;Se manteve
29;2920205;Episódico;Episódico;Se manteve
29;2920304;Episódico/Epidêmico;Episódico/Epidêmico;Se manteve
29;2920403;Episódico/Epidêmico;Episódico;Melhorou
29;2920452;Episódico;Episódico;Se manteve
29;2920502;Episódico/Epidêmico;Epidêmico;Piorou
29;2920601;Episódico/Epidêmico;Episódico/Epidêmico;Se manteve
29;2920700;Episódico;Episódico;Se manteve
29;2920809;Episódico/Epidêmico;Episódico;Melhorou
29;2920908;Episódico/Epidêmico;Episódico;Melhorou
29;2921005;Episódico/Epidêmico;Episódico;Melhorou
29;2921054;Episódico;Episódico/Epidêmico;Piorou
29;2921104;Episódico/Epidêmico;Episódico;Melhorou
29;2921203;Episódico/Epidêmico;Episódico/Epidêmico;Se manteve
29;2921302;Episódico/Epidêmico;Episódico;Melhorou
29;2921401;Episódico/Epidêmico;Episódico/Epidêmico;Se manteve
29;2921450;Episódico/Epidêmico;Episódico/Epidêmico;Se manteve
29;2921500;Episódico/Epidêmico;Sem transmissão;Melhorou
29;2921609;Episódico;Episódico/Epidêmico;Piorou
29;2921708;Episódico/Epidêmico;Episódico/Epidêmico;Se manteve
29;2921807;Episódico;Episódico;Se manteve
29;2921906;Episódico;Episódico;Se manteve
29;2922003;Epidêmico;Epidêmico;Se manteve
29;2922052;Episódico/Epidêmico;Episódico/Epidêmico;Se manteve
29;2922102;Episódico/Epidêmico;Episódico;Melhorou
29;2922201;Episódico/Epidêmico;Episódico;Melhorou
29;2922250;Episódico;Episódico/Epidêmico;Piorou
29;2922300;Episódico/Epidêmico;Episódico/Epidêmico;Se manteve
29;2922409;Episódico/Epidêmico;Episódico;Melhorou
29;2922508;Episódico;Episódico;Se manteve
29;2922607;Episódico/Epidêmico;Episódico;Melhorou
29;2922656;Episódico/Epidêmico;Episódico;Melhorou
29;2922706;Episódico;Episódico/Epidêmico;Piorou
29;2922730;Episódico/Epidêmico;Episódico/Epidêmico;Se manteve
29;2922755;Episódico/Epidêmico;Episódico/Epidêmico;Se manteve
29;2922805;Episódico;Episódico;Se manteve
29;2922854;Episódico/Epidêmico;Episódico;Melhorou
29;2922904;Episódico/Epidêmico;Episódico;Melhorou
29;2923001;Episódico/Epidêmico;Episódico/Epidêmico;Se manteve
29;2923035;Episódico/Epidêmico;Episódico/Epidêmico;Se manteve
29;2923050;Episódico;Episódico;Se manteve
29;2923100;Episódico/Epidêmico;Episódico;Melhorou
29;2923209;Episódico/Epidêmico;Episódico/Epidêmico;Se manteve
29;2923308;Episódico;Episódico;Se manteve
29;2923357;Episódico/Epidêmico;Episódico/Epidêmico;Se manteve
29;2923407;Episódico/Epidêmico;Episódico/Epidêmico;Se manteve
29;2923506;Episódico/Epidêmico;Episódico/Epidêmico;Se manteve
29;2923605;Episódico/Epidêmico;Episódico/Epidêmico;Se manteve
29;2923704;Episódico/Epidêmico;Episódico/Epidêmico;Se manteve
29;2923803;Episódico/Epidêmico;Episódico;Melhorou
29;2923902;Episódico/Epidêmico;Episódico/Epidêmico;Se manteve
29;2924009;Epidêmico;Epidêmico;Se manteve
29;2924058;Episódico/Epidêmico;Episódico/Epidêmico;Se manteve
29;2924108;Episódico;Episódico;Se manteve
29;2924207;Episódico;Episódico;Se manteve
29;2924306;Episódico;Episódico/Epidêmico;Piorou
29;2924405;Episódico/Epidêmico;Episódico;Melhorou
29;2924504;Episódico;Episódico/Epidêmico;Piorou
29;2924603;Episódico/Epidêmico;Episódico;Melhorou
29;2924652;Episódico/Epidêmico;Episódico;Melhorou
29;2924678;Episódico;Episódico;Se manteve
29;2924702;Episódico/Epidêmico;Episódico/Epidêmico;Se manteve
29;2924801;Episódico/Epidêmico;Episódico;Melhorou
29;2924900;Episódico;Episódico/Epidêmico;Piorou
29;2925006;Episódico;Episódico/Epidêmico;Piorou
29;2925105;Episódico/Epidêmico;Episódico/Epidêmico;Se manteve
29;2925204;Episódico/Epidêmico;Epidêmico;Piorou
29;2925253;Episódico/Epidêmico;Episódico;Melhorou
29;2925303;Epidêmico;Epidêmico;Se manteve
29;2925402;Episódico;Episódico/Epidêmico;Piorou
29;2925501;Episódico/Epidêmico;Episódico/Epidêmico;Se manteve
29;2925600;Episódico/Epidêmico;Episódico/Epidêmico;Se manteve
29;2925709;Episódico/Epidêmico;Episódico/Epidêmico;Se manteve
29;2925758;Episódico/Epidêmico;Episódico/Epidêmico;Se manteve
29;2925808;Episódico/Epidêmico;Sem transmissão;Melhorou
29;2925907;Episódico/Epidêmico;Episódico;Melhorou
29;2925931;Episódico/Epidêmico;Episódico;Melhorou
29;2925956;Episódico/Epidêmico;Episódico;Melhorou
29;2926004;Episódico/Epidêmico;Episódico/Epidêmico;Se manteve
29;2926103;Episódico/Epidêmico;Episódico;Melhorou
29;2926202;Episódico/Epidêmico;Episódico;Melhorou
29;2926301;Episódico/Epidêmico;Episódico/Epidêmico;Se manteve
29;2926400;Episódico/Epidêmico;Episódico/Epidêmico;Se manteve
29;2926509;Episódico/Epidêmico;Sem transmissão;Melhorou
29;2926608;Episódico/Epidêmico;Episódico/Epidêmico;Se manteve
29;2926657;Episódico;Episódico/Epidêmico;Piorou
29;2926707;Episódico/Epidêmico;Episódico;Melhorou
29;2926806;Episódico/Epidêmico;Episódico;Melhorou
29;2926905;Episódico/Epidêmico;Episódico/Epidêmico;Se manteve
29;2927002;Episódico/Epidêmico;Episódico/Epidêmico;Se manteve
29;2927101;Episódico;Episódico/Epidêmico;Piorou
29;2927200;Episódico/Epidêmico;Episódico/Epidêmico;Se manteve
29;2927309;Episódico;Sem transmissão;Melhorou
29;2927408;Epidêmico;Transmissão Persistente;Piorou
29;2927507;Episódico/Epidêmico;Episódico;Melhorou
29;2927606;Episódico;Episódico/Epidêmico;Piorou
29;2927705;Episódico/Epidêmico;Epidêmico;Piorou
29;2927804;Episódico/Epidêmico;Episódico;Melhorou
29;2927903;Episódico;Episódico;Se manteve
29;2928000;Episódico/Epidêmico;Episódico/Epidêmico;Se manteve
29;2928059;Episódico/Epidêmico;Episódico;Melhorou
29;2928109;Episódico/Epidêmico;Epidêmico;Piorou
29;2928208;Episódico/Epidêmico;Episódico/Epidêmico;Se manteve
29;2928307;Episódico;Episódico;Se manteve
29;2928406;Episódico/Epidêmico;Episódico/Epidêmico;Se manteve
29;2928505;Episódico/Epidêmico;Episódico;Melhorou
29;2928604;Episódico/Epidêmico;Episódico;Melhorou
29;2928703;Episódico/Epidêmico;Episódico/Epidêmico;Se manteve
29;2928802;Episódico/Epidêmico;Episódico/Epidêmico;Se manteve
29;2928901;Episódico/Epidêmico;Episódico/Epidêmico;Se manteve
29;2928950;Episódico/Epidêmico;Episódico/Epidêmico;Se manteve
29;2929008;Episódico/Epidêmico;Episódico;Melhorou
29;2929057;Episódico/Epidêmico;Episódico/Epidêmico;Se manteve
29;2929107;Episódico/Epidêmico;Episódico;Melhorou
29;2929206;Episódico/Epidêmico;Episódico/Epidêmico;Se manteve
29;2929255;Episódico/Epidêmico;Episódico/Epidêmico;Se manteve
29;2929305;Episódico/Epidêmico;Episódico/Epidêmico;Se manteve
29;2929354;Episódico/Epidêmico;Episódico/Epidêmico;Se manteve
29;2929370;Episódico/Epidêmico;Episódico;Melhorou
29;2929404;Episódico;Episódico;Se manteve
29;2929503;Episódico/Epidêmico;Episódico/Epidêmico;Se manteve
29;2929602;Episódico/Epidêmico;Episódico/Epidêmico;Se manteve
29;2929701;Episódico;Episódico;Se manteve
29;2929750;Episódico;Sem transmissão;Melhorou
29;2929800;Episódico/Epidêmico;Episódico;Melhorou
29;2929909;Episódico/Epidêmico;Episódico/Epidêmico;Se manteve
29;2930006;Episódico/Epidêmico;Episódico/Epidêmico;Se manteve
29;2930105;Epidêmico;Episódico/Epidêmico;Melhorou
29;2930154;Episódico/Epidêmico;Episódico/Epidêmico;Se manteve
29;2930204;Episódico/Epidêmico;Episódico;Melhorou
29;2930303;Episódico/Epidêmico;Episódico/Epidêmico;Se manteve
29;2930402;Episódico/Epidêmico;Episódico;Melhorou
29;2930501;Epidêmico;Episódico/Epidêmico;Melhorou
29;2930600;Episódico/Epidêmico;Episódico/Epidêmico;Se manteve
29;2930709;Epidêmico;Episódico/Epidêmico;Melhorou
29;2930758;Episódico/Epidêmico;Episódico/Epidêmico;Se manteve
29;2930766;Episódico/Epidêmico;Episódico;Melhorou
29;2930774;Episódico/Epidêmico;Episódico/Epidêmico;Se manteve
29;2930808;Episódico/Epidêmico;Episódico/Epidêmico;Se manteve
29;2930907;Episódico/Epidêmico;Episódico;Melhorou
29;2931004;Episódico/Epidêmico;Episódico;Melhorou
29;2931053;Episódico/Epidêmico;Episódico;Melhorou
29;2931103;Episódico/Epidêmico;Episódico/Epidêmico;Se manteve
29;2931202;Episódico/Epidêmico;Episódico;Melhorou
29;2931301;Episódico/Epidêmico;Episódico;Melhorou
29;2931350;Epidêmico;Epidêmico;Se manteve
29;2931400;Episódico/Epidêmico;Episódico/Epidêmico;Se manteve
29;2931509;Episódico/Epidêmico;Sem transmissão;Melhorou
29;2931608;Episódico/Epidêmico;Episódico/Epidêmico;Se manteve
29;2931707;Episódico/Epidêmico;Episódico/Epidêmico;Se manteve
29;2931806;Episódico/Epidêmico;Episódico/Epidêmico;Se manteve
29;2931905;Episódico/Epidêmico;Episódico/Epidêmico;Se manteve
29;2932002;Episódico/Epidêmico;Episódico/Epidêmico;Se manteve
29;2932101;Episódico/Epidêmico;Episódico;Melhorou
29;2932200;Episódico;Episódico/Epidêmico;Piorou
29;2932309;Episódico/Epidêmico;Episódico;Melhorou
29;2932408;Episódico/Epidêmico;Episódico/Epidêmico;Se manteve
29;2932457;Episódico/Epidêmico;Episódico;Melhorou
29;2932507;Episódico/Epidêmico;Epidêmico;Piorou
29;2932606;Episódico;Episódico/Epidêmico;Piorou
29;2932705;Episódico/Epidêmico;Episódico/Epidêmico;Se manteve
29;2932804;Episódico/Epidêmico;Episódico/Epidêmico;Se manteve
29;2932903;Episódico/Epidêmico;Episódico/Epidêmico;Se manteve
29;2933000;Episódico/Epidêmico;Episódico/Epidêmico;Se manteve
29;2933059;Episódico/Epidêmico;Episódico;Melhorou
29;2933109;Episódico/Epidêmico;Episódico;Melhorou
29;2933158;Episódico/Epidêmico;Episódico/Epidêmico;Se manteve
29;2933174;Episódico/Epidêmico;Episódico;Melhorou
29;2933208;Epidêmico;Episódico/Epidêmico;Melhorou
29;2933257;Episódico;Episódico/Epidêmico;Piorou
29;2933307;Epidêmico;Epidêmico;Se manteve
29;2933406;Episódico/Epidêmico;Episódico/Epidêmico;Se manteve
29;2933455;Episódico/Epidêmico;Episódico/Epidêmico;Se manteve
29;2933505;Episódico/Epidêmico;Episódico;Melhorou
29;2933604;Episódico/Epidêmico;Episódico/Epidêmico;Se manteve
31;3100104;Episódico/Epidêmico;Episódico/Epidêmico;Se manteve
31;3100203;Episódico/Epidêmico;Episódico/Epidêmico;Se manteve
31;3100302;Episódico/Epidêmico;Episódico/Epidêmico;Se manteve
31;3100401;Episódico;Episódico;Se manteve
31;3100500;Episódico/Epidêmico;Episódico/Epidêmico;Se manteve
31;3100609;Episódico/Epidêmico;Episódico/Epidêmico;Se manteve
31;3100708;Episódico/Epidêmico;Episódico/Epidêmico;Se manteve
31;3100807;Episódico/Epidêmico;Episódico/Epidêmico;Se manteve
31;3100906;Episódico/Epidêmico;Episódico/Epidêmico;Se manteve
31;3101003;Episódico;Episódico;Se manteve
31;3101102;Epidêmico;Episódico/Epidêmico;Melhorou
31;3101201;Episódico;Sem transmissão;Melhorou
31;3101300;Episódico;Sem transmissão;Melhorou
31;3101409;Episódico;Sem transmissão;Melhorou
31;3101508;Episódico/Epidêmico;Episódico/Epidêmico;Se manteve
31;3101607;Epidêmico;Epidêmico;Se manteve
31;3101631;Episódico;Episódico;Se manteve
31;3101706;Episódico/Epidêmico;Episódico/Epidêmico;Se manteve
31;3101805;Episódico;Episódico;Se manteve
31;3101904;Episódico/Epidêmico;Episódico/Epidêmico;Se manteve
31;3102001;Episódico/Epidêmico;Episódico/Epidêmico;Se manteve
31;3102050;Episódico;Episódico;Se manteve
31;3102100;Episódico;Episódico;Se manteve
31;3102209;Episódico/Epidêmico;Episódico/Epidêmico;Se manteve
31;3102308;Episódico/Epidêmico;Episódico/Epidêmico;Se manteve
31;3102407;Episódico;Episódico;Se manteve
31;3102506;Episódico;Episódico;Se manteve
31;3102605;Episódico/Epidêmico;Episódico/Epidêmico;Se manteve
31;3102704;Episódico/Epidêmico;Episódico/Epidêmico;Se manteve
31;3102803;Episódico/Epidêmico;Episódico;Melhorou
31;3102852;Episódico;Episódico;Se manteve
31;3102902;Episódico;Episódico/Epidêmico;Piorou
31;3103009;Episódico/Epidêmico;Episódico/Epidêmico;Se manteve
31;3103108;Episódico;Episódico;Se manteve
31;3103207;Episódico;Episódico;Se manteve
31;3103306;Episódico;Episódico;Se manteve
31;3103405;Epidêmico;Epidêmico;Se manteve
31;3103504;Epidêmico;Epidêmico;Se manteve
31;3103603;Episódico;Sem transmissão;Melhorou
31;3103702;Episódico;Episódico;Se manteve
31;3103751;Episódico/Epidêmico;Epidêmico;Piorou
31;3103801;Episódico;Episódico;Se manteve
31;3103900;Episódico/Epidêmico;Episódico/Epidêmico;Se manteve
31;3104007;Epidêmico;Epidêmico;Se manteve
31;3104106;Episódico/Epidêmico;Episódico/Epidêmico;Se manteve
31;3104205;Episódico/Epidêmico;Epidêmico;Piorou
31;3104304;Episódico/Epidêmico;Episódico;Melhorou
31;3104403;Episódico;Episódico/Epidêmico;Piorou
31;3104452;Episódico;Episódico;Se manteve
31;3104502;Episódico/Epidêmico;Epidêmico;Piorou
31;3104601;Episódico/Epidêmico;Episódico/Epidêmico;Se manteve
31;3104700;Episódico/Epidêmico;Episódico;Melhorou
31;3104809;Episódico/Epidêmico;Episódico;Melhorou
31;3104908;Episódico/Epidêmico;Episódico/Epidêmico;Se manteve
31;3105004;Episódico/Epidêmico;Episódico;Melhorou
31;3105103;Episódico/Epidêmico;Episódico;Melhorou
31;3105202;Episódico/Epidêmico;Episódico;Melhorou
31;3105301;Episódico;Episódico;Se manteve
31;3105400;Episódico/Epidêmico;Epidêmico;Piorou
31;3105509;Episódico;Episódico;Se manteve
31;3105608;Episódico/Epidêmico;Episódico/Epidêmico;Se manteve
31;3105707;Episódico;Episódico;Se manteve
31;3105905;Episódico/Epidêmico;Episódico/Epidêmico;Se manteve
31;3106002;Episódico/Epidêmico;Episódico/Epidêmico;Se manteve
31;3106101;Episódico;Episódico;Se manteve
31;3106200;Transmissão Persistente;Transmissão Persistente;Se manteve
31;3106309;Episódico/Epidêmico;Episódico/Epidêmico;Se manteve
31;3106408;Episódico/Epidêmico;Episódico/Epidêmico;Se manteve
31;3106507;Episódico;Episódico/Epidêmico;Piorou
31;3106606;Episódico;Episódico;Se manteve
31;3106655;Episódico;Episódico;Se manteve
31;3106705;Transmissão Persistente;Epidêmico;Melhorou
31;3106804;Sem transmissão;Sem transmissão;Se manteve
31;3106903;Episódico/Epidêmico;Episódico/Epidêmico;Se manteve
31;3107000;Episódico/Epidêmico;Episódico/Epidêmico;Se manteve
31;3107109;Episódico/Epidêmico;Episódico/Epidêmico;Se manteve
31;3107208;Sem transmissão;Sem transmissão;Se manteve
31;3107307;Epidêmico;Epidêmico;Se manteve
31;3107406;Epidêmico;Epidêmico;Se manteve
31;3107505;Episódico;Episódico;Se manteve
31;3107604;Episódico;Episódico/Epidêmico;Piorou
31;3107703;Episódico;Episódico;Se manteve
31;3107802;Episódico;Episódico;Se manteve
31;3107901;Episódico;Episódico;Se manteve
31;3108008;Episódico/Epidêmico;Episódico;Melhorou
31;3108107;Episódico;Episódico/Epidêmico;Piorou
31;3108206;Episódico/Epidêmico;Episódico;Melhorou
31;3108255;Episódico;Episódico/Epidêmico;Piorou
31;3108305;Episódico;Episódico/Epidêmico;Piorou
31;3108404;Episódico;Episódico/Epidêmico;Piorou
31;3108503;Episódico;Episódico;Se manteve
31;3108552;Episódico/Epidêmico;Episódico/Epidêmico;Se manteve
31;3108602;Episódico/Epidêmico;Episódico/Epidêmico;Se manteve
31;3108701;Episódico;Episódico;Se manteve
31;3108800;Episódico/Epidêmico;Episódico/Epidêmico;Se manteve
31;3108909;Episódico/Epidêmico;Episódico/Epidêmico;Se manteve
31;3109006;Epidêmico;Epidêmico;Se manteve
31;3109105;Episódico;Episódico;Se manteve
31;3109204;Episódico/Epidêmico;Episódico;Melhorou
31;3109253;Episódico;Episódico/Epidêmico;Piorou
31;3109303;Episódico/Epidêmico;Epidêmico;Piorou
31;3109402;Episódico/Epidêmico;Episódico/Epidêmico;Se manteve
31;3109451;Episódico/Epidêmico;Episódico/Epidêmico;Se manteve
31;3109501;Episódico;Episódico;Se manteve
31;3109600;Episódico/Epidêmico;Episódico/Epidêmico;Se manteve
31;3109709;Episódico/Epidêmico;Episódico/Epidêmico;Se manteve
31;3109808;Episódico/Epidêmico;Episódico/Epidêmico;Se manteve
31;3109907;Episódico/Epidêmico;Epidêmico;Piorou
31;3110004;Episódico/Epidêmico;Episódico/Epidêmico;Se manteve
31;3110103;Episódico;Episódico;Se manteve
31;3110202;Episódico;Episódico/Epidêmico;Piorou
31;3110301;Episódico;Episódico/Epidêmico;Piorou
31;3110400;Episódico;Episódico;Se manteve
31;3110509;Episódico;Episódico;Se manteve
31;3110608;Episódico/Epidêmico;Episódico;Melhorou
31;3110707;Episódico/Epidêmico;Episódico;Melhorou
31;3110806;Episódico/Epidêmico;Episódico;Melhorou
31;3110905;Episódico/Epidêmico;Episódico/Epidêmico;Se manteve
31;3111002;Episódico;Episódico;Se manteve
31;3111101;Episódico/Epidêmico;Episódico/Epidêmico;Se manteve
31;3111150;Episódico/Epidêmico;Episódico/Epidêmico;Se manteve
31;3111200;Episódico/Epidêmico;Episódico/Epidêmico;Se manteve
31;3111309;Episódico/Epidêmico;Episódico;Melhorou
31;3111408;Episódico/Epidêmico;Episódico/Epidêmico;Se manteve
31;3111507;Episódico/Epidêmico;Episódico/Epidêmico;Se manteve
31;3111606;Episódico/Epidêmico;Episódico/Epidêmico;Se manteve
31;3111705;Episódico;Episódico;Se manteve
31;3111804;Episódico/Epidêmico;Episódico/Epidêmico;Se manteve
31;3111903;Episódico/Epidêmico;Episódico/Epidêmico;Se manteve
31;3112000;Episódico/Epidêmico;Episódico/Epidêmico;Se manteve
31;3112059;Episódico;Episódico;Se manteve
31;3112109;Episódico;Episódico;Se manteve
31;3112208;Episódico;Sem transmissão;Melhorou
31;3112307;Episódico/Epidêmico;Episódico/Epidêmico;Se manteve
31;3112406;Episódico/Epidêmico;Episódico/Epidêmico;Se manteve
31;3112505;Episódico/Epidêmico;Episódico/Epidêmico;Se manteve
31;3112604;Epidêmico;Episódico/Epidêmico;Melhorou
31;3112653;Episódico/Epidêmico;Episódico/Epidêmico;Se manteve
31;3112703;Episódico/Epidêmico;Episódico/Epidêmico;Se manteve
31;3112802;Episódico/Epidêmico;Epidêmico;Piorou
31;3112901;Episódico;Episódico;Se manteve
31;3113008;Episódico/Epidêmico;Episódico/Epidêmico;Se manteve
31;3113107;Episódico;Sem transmissão;Melhorou
31;3113206;Episódico/Epidêmico;Episódico/Epidêmico;Se manteve
31;3113305;Episódico/Epidêmico;Episódico/Epidêmico;Se manteve
31;3113404;Episódico/Epidêmico;Episódico/Epidêmico;Se manteve
31;3113503;Episódico;Episódico/Epidêmico;Piorou
31;3113602;Episódico;Episódico;Se manteve
31;3113701;Episódico/Epidêmico;Episódico/Epidêmico;Se manteve
31;3113800;Episódico;Episódico;Se manteve
31;3113909;Episódico;Episódico;Se manteve
31;3114006;Episódico/Epidêmico;Episódico/Epidêmico;Se manteve
31;3114105;Episódico;Episódico;Se manteve
31;3114204;Episódico/Epidêmico;Episódico/Epidêmico;Se manteve
31;3114303;Episódico/Epidêmico;Episódico/Epidêmico;Se manteve
31;3114402;Episódico/Epidêmico;Episódico/Epidêmico;Se manteve
31;3114501;Episódico/Epidêmico;Episódico/Epidêmico;Se manteve
31;3114550;Episódico/Epidêmico;Epidêmico;Piorou
31;3114600;Episódico;Episódico;Se manteve
31;3114709;Episódico/Epidêmico;Episódico/Epidêmico;Se manteve
31;3114808;Episódico;Sem transmissão;Melhorou
31;3114907;Episódico;Episódico;Se manteve
31;3115003;Episódico;Episódico/Epidêmico;Piorou
31;3115102;Episódico/Epidêmico;Epidêmico;Piorou
31;3115201;Episódico;Episódico;Se manteve
31;3115300;Epidêmico;Epidêmico;Se manteve
31;3115359;Episódico;Episódico;Se manteve
31;3115409;Episódico;Sem transmissão;Melhorou
31;3115458;Episódico/Epidêmico;Episódico;Melhorou
31;3115474;Episódico/Epidêmico;Episódico/Epidêmico;Se manteve
31;3115508;Episódico/Epidêmico;Episódico/Epidêmico;Se manteve
31;3115607;Episódico;Episódico;Se manteve
31;3115706;Episódico/Epidêmico;Episódico/Epidêmico;Se manteve
31;3115805;Episódico/Epidêmico;Episódico/Epidêmico;Se manteve
31;3115904;Episódico;Episódico/Epidêmico;Piorou
31;3116001;Episódico;Episódico/Epidêmico;Piorou
31;3116100;Episódico/Epidêmico;Episódico/Epidêmico;Se manteve
31;3116159;Episódico/Epidêmico;Epidêmico;Piorou
31;3116209;Episódico;Episódico;Se manteve
31;3116308;Episódico;Episódico;Se manteve
31;3116407;Episódico/Epidêmico;Episódico/Epidêmico;Se manteve
31;3116506;Episódico/Epidêmico;Episódico/Epidêmico;Se manteve
31;3116605;Episódico/Epidêmico;Episódico/Epidêmico;Se manteve
31;3116704;Episódico;Episódico;Se manteve
31;3116803;Episódico/Epidêmico;Episódico;Melhorou
31;3116902;Episódico/Epidêmico;Episódico/Epidêmico;Se manteve
31;3117009;Episódico;Episódico;Se manteve
31;3117108;Episódico/Epidêmico;Episódico/Epidêmico;Se manteve
31;3117207;Episódico;Episódico;Se manteve
31;3117306;Episódico/Epidêmico;Epidêmico;Piorou
31;3117405;Episódico;Episódico;Se manteve
31;3117504;Episódico/Epidêmico;Epidêmico;Piorou
31;3117603;Episódico/Epidêmico;Episódico/Epidêmico;Se manteve
31;3117702;Episódico;Episódico;Se manteve
31;3117801;Episódico;Episódico;Se manteve
31;3117836;Sem transmissão;Sem transmissão;Se manteve
31;3117876;Episódico/Epidêmico;Episódico;Melhorou
31;3117900;Episódico;Episódico/Epidêmico;Piorou
31;3118007;Episódico/Epidêmico;Epidêmico;Piorou
31;3118106;Episódico;Episódico;Se manteve
31;3118205;Episódico/Epidêmico;Episódico/Epidêmico;Se manteve
31;3118304;Episódico/Epidêmico;Epidêmico;Piorou
31;3118403;Episódico/Epidêmico;Episódico/Epidêmico;Se manteve
31;3118502;Sem transmissão;Sem transmissão;Se manteve
31;3118601;Transmissão Persistente;Transmissão Persistente;Se manteve
31;3118700;Episódico;Episódico;Se manteve
31;3118809;Episódico/Epidêmico;Episódico/Epidêmico;Se manteve
31;3118908;Episódico/Epidêmico;Episódico/Epidêmico;Se manteve
31;3119005;Episódico;Episódico;Se manteve
31;3119104;Epidêmico;Episódico/Epidêmico;Melhorou
31;3119203;Episódico/Epidêmico;Episódico/Epidêmico;Se manteve
31;3119302;Episódico/Epidêmico;Episódico/Epidêmico;Se manteve
31;3119401;Epidêmico;Epidêmico;Se manteve
31;3119500;Episódico;Episódico;Se manteve
31;3119609;Episódico;Episódico;Se manteve
31;3119708;Episódico;Episódico;Se manteve
31;3119807;Episódico;Episódico;Se manteve
31;3119906;Episódico;Episódico;Se manteve
31;3119955;Episódico/Epidêmico;Episódico/Epidêmico;Se manteve
31;3120003;Episódico;Episódico;Se manteve
31;3120102;Episódico;Episódico;Se manteve
31;3120151;Episódico/Epidêmico;Episódico;Melhorou
31;3120201;Episódico/Epidêmico;Episódico/Epidêmico;Se manteve
31;3120300;Episódico;Episódico;Se manteve
31;3120409;Episódico;Episódico;Se manteve
31;3120508;Episódico/Epidêmico;Sem transmissão;Melhorou
31;3120607;Episódico/Epidêmico;Episódico/Epidêmico;Se manteve
31;3120706;Episódico;Episódico/Epidêmico;Piorou
31;3120805;Episódico/Epidêmico;Episódico/Epidêmico;Se manteve
31;3120839;Episódico/Epidêmico;Episódico/Epidêmico;Se manteve
31;3120870;Episódico/Epidêmico;Episódico;Melhorou
31;3120904;Epidêmico;Epidêmico;Se manteve
31;3121001;Episódico;Episódico/Epidêmico;Piorou
31;3121100;Episódico;Episódico;Se manteve
31;3121209;Episódico/Epidêmico;Episódico/Epidêmico;Se manteve
31;3121258;Episódico/Epidêmico;Episódico/Epidêmico;Se manteve
31;3121308;Episódico;Episódico/Epidêmico;Piorou
31;3121407;Episódico;Episódico/Epidêmico;Piorou
31;3121506;Episódico;Episódico;Se manteve
31;3121605;Episódico/Epidêmico;Episódico/Epidêmico;Se manteve
31;3121704;Sem transmissão;Episódico;Piorou
31;3121803;Episódico/Epidêmico;Episódico;Melhorou
31;3121902;Episódico/Epidêmico;Episódico;Melhorou
31;3122009;Episódico;Episódico/Epidêmico;Piorou
31;3122108;Episódico/Epidêmico;Episódico/Epidêmico;Se manteve
31;3122207;Episódico;Episódico/Epidêmico;Piorou
31;3122306;Epidêmico;Epidêmico;Se manteve
31;3122355;Episódico/Epidêmico;Episódico;Melhorou
31;3122405;Episódico/Epidêmico;Episódico;Melhorou
31;3122454;Episódico;Episódico/Epidêmico;Piorou
31;3122470;Episódico/Epidêmico;Episódico/Epidêmico;Se manteve
31;3122504;Episódico/Epidêmico;Episódico;Melhorou
31;3122603;Episódico;Sem transmissão;Melhorou
31;3122702;Episódico;Episódico;Se manteve
31;3122801;Episódico;Sem transmissão;Melhorou
31;3122900;Episódico/Epidêmico;Episódico/Epidêmico;Se manteve
31;3123007;Episódico;Episódico;Se manteve
31;3123106;Episódico;Episódico;Se manteve
31;3123205;Episódico/Epidêmico;Episódico/Epidêmico;Se manteve
31;3123304;Episódico;Episódico;Se manteve
31;3123403;Episódico/Epidêmico;Episódico/Epidêmico;Se manteve
31;3123502;Episódico/Epidêmico;Episódico/Epidêmico;Se manteve
31;3123528;Episódico;Episódico;Se manteve
31;3123601;Episódico/Epidêmico;Episódico/Epidêmico;Se manteve
31;3123700;Episódico/Epidêmico;Episódico;Melhorou
31;3123809;Episódico/Epidêmico;Episódico/Epidêmico;Se manteve
31;3123858;Episódico/Epidêmico;Episódico;Melhorou
31;3123908;Episódico/Epidêmico;Episódico;Melhorou
31;3124005;Episódico/Epidêmico;Episódico;Melhorou
31;3124104;Episódico/Epidêmico;Epidêmico;Piorou
31;3124203;Episódico/Epidêmico;Episódico/Epidêmico;Se manteve
31;3124302;Episódico/Epidêmico;Epidêmico;Piorou
31;3124401;Episódico;Sem transmissão;Melhorou
31;3124500;Episódico;Episódico;Se manteve
31;3124609;Episódico;Episódico;Se manteve
31;3124708;Episódico/Epidêmico;Episódico/Epidêmico;Se manteve
31;3124807;Episódico;Episódico/Epidêmico;Piorou
31;3124906;Episódico/Epidêmico;Episódico/Epidêmico;Se manteve
31;3125002;Episódico;Episódico/Epidêmico;Piorou
31;3125101;Episódico;Episódico/Epidêmico;Piorou
31;3125200;Episódico/Epidêmico;Episódico;Melhorou
31;3125309;Episódico;Episódico;Se manteve
31;3125408;Episódico;Episódico;Se manteve
31;3125507;Episódico;Episódico;Se manteve
31;3125606;Episódico/Epidêmico;Episódico/Epidêmico;Se manteve
31;3125705;Epidêmico;Epidêmico;Se manteve
31;3125804;Episódico/Epidêmico;Episódico;Melhorou
31;3125903;Episódico/Epidêmico;Episódico;Melhorou
31;3125952;Episódico/Epidêmico;Episódico;Melhorou
31;3126000;Episódico/Epidêmico;Episódico;Melhorou
31;3126109;Epidêmico;Epidêmico;Se manteve
31;3126208;Episódico;Episódico/Epidêmico;Piorou
31;3126307;Episódico/Epidêmico;Episódico/Epidêmico;Se manteve
31;3126406;Episódico/Epidêmico;Episódico/Epidêmico;Se manteve
31;3126505;Episódico;Episódico/Epidêmico;Piorou
31;3126604;Episódico/Epidêmico;Episódico;Melhorou
31;3126703;Episódico/Epidêmico;Episódico/Epidêmico;Se manteve
31;3126752;Episódico/Epidêmico;Episódico/Epidêmico;Se manteve
31;3126802;Episódico/Epidêmico;Episódico/Epidêmico;Se manteve
31;3126901;Episódico;Episódico/Epidêmico;Piorou
31;3126950;Episódico;Episódico;Se manteve
31;3127008;Episódico/Epidêmico;Episódico/Epidêmico;Se manteve
31;3127057;Episódico/Epidêmico;Episódico;Melhorou
31;3127073;Episódico/Epidêmico;Episódico/Epidêmico;Se manteve
31;3127107;Epidêmico;Epidêmico;Se manteve
31;3127206;Episódico/Epidêmico;Episódico/Epidêmico;Se manteve
31;3127305;Episódico;Episódico/Epidêmico;Piorou
31;3127339;Episódico/Epidêmico;Episódico/Epidêmico;Se manteve
31;3127354;Episódico/Epidêmico;Episódico/Epidêmico;Se manteve
31;3127370;Episódico;Episódico;Se manteve
31;3127388;Episódico;Episódico;Se manteve
31;3127404;Episódico;Sem transmissão;Melhorou
31;3127503;Episódico;Episódico/Epidêmico;Piorou
31;3127602;Episódico/Epidêmico;Episódico/Epidêmico;Se manteve
31;3127701;Epidêmico;Epidêmico;Se manteve
31;3127800;Episódico;Episódico;Se manteve
31;3127909;Episódico/Epidêmico;Episódico/Epidêmico;Se manteve
31;3128006;Episódico/Epidêmico;Episódico/Epidêmico;Se manteve
31;3128105;Episódico/Epidêmico;Episódico/Epidêmico;Se manteve
31;3128204;Episódico;Episódico;Se manteve
31;3128253;Episódico/Epidêmico;Episódico/Epidêmico;Se manteve
31;3128303;Episódico/Epidêmico;Episódico/Epidêmico;Se manteve
31;3128402;Episódico/Epidêmico;Episódico/Epidêmico;Se manteve
31;3128501;Episódico/Epidêmico;Episódico/Epidêmico;Se manteve
31;3128600;Episódico/Epidêmico;Episódico/Epidêmico;Se manteve
31;3128709;Episódico/Epidêmico;Episódico/Epidêmico;Se manteve
31;3128808;Episódico/Epidêmico;Episódico/Epidêmico;Se manteve
31;3128907;Episódico/Epidêmico;Episódico;Melhorou
31;3129004;Episódico/Epidêmico;Episódico/Epidêmico;Se manteve
31;3129103;Episódico/Epidêmico;Episódico/Epidêmico;Se manteve
31;3129202;Episódico;Episódico;Se manteve
31;3129301;Episódico;Episódico;Se manteve
31;3129400;Episódico;Episódico;Se manteve
31;3129509;Episódico/Epidêmico;Epidêmico;Piorou
31;3129608;Episódico/Epidêmico;Episódico/Epidêmico;Se manteve
31;3129657;Episódico/Epidêmico;Episódico;Melhorou
31;3129707;Episódico/Epidêmico;Episódico/Epidêmico;Se manteve
31;3129806;Epidêmico;Epidêmico;Se manteve
31;3129905;Episódico;Episódico;Se manteve
31;3130002;Episódico;Episódico;Se manteve
31;3130051;Episódico/Epidêmico;Episódico/Epidêmico;Se manteve
31;3130101;Episódico/Epidêmico;Epidêmico;Piorou
31;3130200;Episódico/Epidêmico;Episódico/Epidêmico;Se manteve
31;3130309;Episódico/Epidêmico;Episódico/Epidêmico;Se manteve
31;3130408;Episódico/Epidêmico;Episódico/Epidêmico;Se manteve
31;3130507;Episódico/Epidêmico;Episódico/Epidêmico;Se manteve
31;3130556;Episódico;Episódico;Se manteve
31;3130606;Episódico;Episódico/Epidêmico;Piorou
31;3130655;Episódico;Episódico;Se manteve
31;3130705;Episódico/Epidêmico;Episódico/Epidêmico;Se manteve
31;3130804;Episódico;Episódico/Epidêmico;Piorou
31;3130903;Episódico/Epidêmico;Episódico/Epidêmico;Se manteve
31;3131000;Episódico/Epidêmico;Episódico/Epidêmico;Se manteve
31;3131109;Episódico/Epidêmico;Episódico;Melhorou
31;3131158;Episódico/Epidêmico;Episódico/Epidêmico;Se manteve
31;3131208;Episódico/Epidêmico;Episódico/Epidêmico;Se manteve
31;3131307;Epidêmico;Epidêmico;Se manteve
31;3131406;Episódico/Epidêmico;Episódico/Epidêmico;Se manteve
31;3131505;Episódico;Sem transmissão;Melhorou
31;3131604;Episódico/Epidêmico;Episódico/Epidêmico;Se manteve
31;3131703;Epidêmico;Epidêmico;Se manteve
31;3131802;Episódico/Epidêmico;Episódico/Epidêmico;Se manteve
31;3131901;Episódico/Epidêmico;Episódico/Epidêmico;Se manteve
31;3132008;Episódico;Episódico;Se manteve
31;3132107;Episódico/Epidêmico;Episódico/Epidêmico;Se manteve
31;3132206;Episódico/Epidêmico;Episódico/Epidêmico;Se manteve
31;3132305;Episódico/Epidêmico;Episódico;Melhorou
31;3132404;Episódico/Epidêmico;Epidêmico;Piorou
31;3132503;Episódico/Epidêmico;Episódico/Epidêmico;Se manteve
31;3132602;Episódico/Epidêmico;Episódico/Epidêmico;Se manteve
31;3132701;Epidêmico;Episódico/Epidêmico;Melhorou
31;3132800;Episódico;Sem transmissão;Melhorou
31;3132909;Episódico/Epidêmico;Episódico/Epidêmico;Se manteve
31;3133006;Episódico/Epidêmico;Episódico/Epidêmico;Se manteve
31;3133105;Episódico/Epidêmico;Episódico/Epidêmico;Se manteve
31;3133204;Episódico/Epidêmico;Episódico;Melhorou
31;3133303;Episódico/Epidêmico;Episódico/Epidêmico;Se manteve
31;3133402;Episódico/Epidêmico;Epidêmico;Piorou
31;3133501;Episódico/Epidêmico;Episódico/Epidêmico;Se manteve
31;3133600;Episódico;Episódico;Se manteve
31;3133709;Episódico/Epidêmico;Episódico/Epidêmico;Se manteve
31;3133758;Episódico/Epidêmico;Episódico/Epidêmico;Se manteve
31;3133808;Episódico/Epidêmico;Episódico/Epidêmico;Se manteve
31;3133907;Episódico;Sem transmissão;Melhorou
31;3134004;Episódico/Epidêmico;Episódico;Melhorou
31;3134103;Episódico/Epidêmico;Episódico;Melhorou
31;3134202;Epidêmico;Epidêmico;Se manteve
31;3134301;Episódico;Episódico;Se manteve
31;3134400;Episódico/Epidêmico;Epidêmico;Piorou
31;3134509;Episódico;Sem transmissão;Melhorou
31;3134608;Episódico/Epidêmico;Epidêmico;Piorou
31;3134707;Episódico/Epidêmico;Episódico;Melhorou
31;3134806;Episódico/Epidêmico;Episódico/Epidêmico;Se manteve
31;3134905;Episódico/Epidêmico;Episódico/Epidêmico;Se manteve
31;3135001;Episódico/Epidêmico;Episódico;Melhorou
31;3135050;Episódico/Epidêmico;Episódico/Epidêmico;Se manteve
31;3135076;Episódico/Epidêmico;Episódico;Melhorou
31;3135100;Epidêmico;Epidêmico;Se manteve
31;3135209;Episódico/Epidêmico;Episódico/Epidêmico;Se manteve
31;3135308;Episódico/Epidêmico;Episódico;Melhorou
31;3135357;Episódico/Epidêmico;Episódico/Epidêmico;Se manteve
31;3135407;Episódico;Episódico;Se manteve
31;3135456;Episódico;Episódico/Epidêmico;Piorou
31;3135506;Episódico/Epidêmico;Episódico/Epidêmico;Se manteve
31;3135605;Episódico/Epidêmico;Episódico;Melhorou
31;3135704;Episódico/Epidêmico;Episódico;Melhorou
31;3135803;Episódico/Epidêmico;Episódico;Melhorou
31;3135902;Episódico;Sem transmissão;Melhorou
31;3136009;Episódico;Episódico;Se manteve
31;3136108;Episódico/Epidêmico;Episódico/Epidêmico;Se manteve
31;3136207;Episódico/Epidêmico;Episódico/Epidêmico;Se manteve
31;3136306;Epidêmico;Epidêmico;Se manteve
31;3136405;Episódico;Episódico/Epidêmico;Piorou
31;3136504;Episódico/Epidêmico;Episódico;Melhorou
31;3136520;Episódico;Episódico;Se manteve
31;3136553;Episódico;Episódico/Epidêmico;Piorou
31;3136579;Episódico;Episódico;Se manteve
31;3136603;Episódico/Epidêmico;Episódico;Melhorou
31;3136652;Episódico/Epidêmico;Episódico/Epidêmico;Se manteve
31;3136702;Epidêmico;Epidêmico;Se manteve
31;3136801;Episódico;Episódico;Se manteve
31;3136900;Episódico/Epidêmico;Episódico/Epidêmico;Se manteve
31;3136959;Episódico/Epidêmico;Episódico/Epidêmico;Se manteve
31;3137007;Episódico/Epidêmico;Episódico;Melhorou
31;3137106;Episódico/Epidêmico;Episódico/Epidêmico;Se manteve
31;3137205;Epidêmico;Epidêmico;Se manteve
31;3137304;Episódico/Epidêmico;Episódico;Melhorou
31;3137403;Episódico/Epidêmico;Episódico/Epidêmico;Se manteve
31;3137502;Episódico/Epidêmico;Episódico/Epidêmico;Se manteve
31;3137536;Episódico/Epidêmico;Epidêmico;Piorou
31;3137601;Epidêmico;Epidêmico;Se manteve
31;3137700;Episódico/Epidêmico;Episódico/Epidêmico;Se manteve
31;3137809;Episódico;Episódico;Se manteve
31;3137908;Episódico;Episódico;Se manteve
31;3138005;Episódico/Epidêmico;Episódico/Epidêmico;Se manteve
31;3138104;Episódico/Epidêmico;Episódico/Epidêmico;Se manteve
31;3138203;Episódico/Epidêmico;Epidêmico;Piorou
31;3138302;Episódico/Epidêmico;Episódico;Melhorou
31;3138351;Episódico/Epidêmico;Episódico/Epidêmico;Se manteve
31;3138401;Episódico/Epidêmico;Epidêmico;Piorou
31;3138500;Episódico;Episódico;Se manteve
31;3138609;Episódico/Epidêmico;Episódico/Epidêmico;Se manteve
31;3138625;Episódico/Epidêmico;Epidêmico;Piorou
31;3138658;Episódico/Epidêmico;Episódico/Epidêmico;Se manteve
31;3138674;Episódico;Episódico;Se manteve
31;3138682;Episódico/Epidêmico;Episódico/Epidêmico;Se manteve
31;3138708;Episódico;Episódico;Se manteve
31;3138807;Episódico/Epidêmico;Episódico/Epidêmico;Se manteve
31;3138906;Episódico/Epidêmico;Episódico/Epidêmico;Se manteve
31;3139003;Episódico/Epidêmico;Episódico/Epidêmico;Se manteve
31;3139102;Episódico;Episódico;Se manteve
31;3139201;Episódico/Epidêmico;Episódico/Epidêmico;Se manteve
31;3139250;Episódico/Epidêmico;Episódico/Epidêmico;Se manteve
31;3139300;Episódico/Epidêmico;Episódico/Epidêmico;Se manteve
31;3139409;Epidêmico;Epidêmico;Se manteve
31;3139508;Episódico/Epidêmico;Episódico/Epidêmico;Se manteve
31;3139607;Episódico/Epidêmico;Episódico/Epidêmico;Se manteve
31;3139706;Episódico/Epidêmico;Episódico/Epidêmico;Se manteve
31;3139805;Episódico/Epidêmico;Episódico/Epidêmico;Se manteve
31;3139904;Episódico;Episódico;Se manteve
31;3140001;Episódico/Epidêmico;Episódico/Epidêmico;Se manteve
31;3140100;Episódico/Epidêmico;Episódico;Melhorou
31;3140159;Episódico/Epidêmico;Episódico/Epidêmico;Se manteve
31;3140209;Episódico;Episódico/Epidêmico;Piorou
31;3140308;Episódico/Epidêmico;Episódico/Epidêmico;Se manteve
31;3140407;Episódico;Sem transmissão;Melhorou
31;3140506;Episódico/Epidêmico;Episódico/Epidêmico;Se manteve
31;3140530;Episódico;Episódico;Se manteve
31;3140555;Episódico/Epidêmico;Episódico/Epidêmico;Se manteve
31;3140605;Episódico;Episódico;Se manteve
31;3140704;Epidêmico;Episódico/Epidêmico;Melhorou
31;3140803;Episódico/Epidêmico;Episódico/Epidêmico;Se manteve
31;3140852;Episódico/Epidêmico;Episódico/Epidêmico;Se manteve
31;3140902;Episódico/Epidêmico;Episódico;Melhorou
31;3141009;Episódico/Epidêmico;Episódico/Epidêmico;Se manteve
31;3141108;Episódico/Epidêmico;Episódico/Epidêmico;Se manteve
31;3141207;Episódico/Epidêmico;Episódico/Epidêmico;Se manteve
31;3141306;Episódico;Episódico;Se manteve
31;3141405;Episódico/Epidêmico;Episódico/Epidêmico;Se manteve
31;3141504;Episódico;Episódico;Se manteve
31;3141603;Episódico;Episódico;Se manteve
31;3141702;Episódico/Epidêmico;Episódico/Epidêmico;Se manteve
31;3141801;Episódico/Epidêmico;Episódico/Epidêmico;Se manteve
31;3141900;Episódico;Episódico;Se manteve
31;3142007;Episódico/Epidêmico;Epidêmico;Piorou
31;3142106;Episódico/Epidêmico;Episódico/Epidêmico;Se manteve
31;3142205;Episódico/Epidêmico;Episódico/Epidêmico;Se manteve
31;3142254;Episódico;Episódico/Epidêmico;Piorou
31;3142304;Episódico/Epidêmico;Episódico/Epidêmico;Se manteve
31;3142403;Episódico/Epidêmico;Episódico;Melhorou
31;3142502;Episódico/Epidêmico;Episódico/Epidêmico;Se manteve
31;3142601;Episódico/Epidêmico;Episódico;Melhorou
31;3142700;Epidêmico;Epidêmico;Se manteve
31;3142809;Episódico/Epidêmico;Epidêmico;Piorou
31;3142908;Episódico/Epidêmico;Episódico/Epidêmico;Se manteve
31;3143005;Episódico;Episódico/Epidêmico;Piorou
31;3143104;Epidêmico;Epidêmico;Se manteve
31;3143153;Episódico;Episódico;Se manteve
31;3143203;Episódico/Epidêmico;Episódico/Epidêmico;Se manteve
31;3143302;Epidêmico;Transmissão Persistente;Piorou
31;3143401;Episódico/Epidêmico;Episódico;Melhorou
31;3143450;Episódico;Episódico;Se manteve
31;3143500;Episódico/Epidêmico;Epidêmico;Piorou
31;3143609;Episódico/Epidêmico;Episódico;Melhorou
31;3143708;Episódico;Episódico;Se manteve
31;3143807;Episódico;Episódico;Se manteve
31;3143906;Epidêmico;Epidêmico;Se manteve
31;3144003;Episódico/Epidêmico;Episódico/Epidêmico;Se manteve
31;3144102;Episódico/Epidêmico;Episódico/Epidêmico;Se manteve
31;3144201;Episódico;Episódico;Se manteve
31;3144300;Episódico/Epidêmico;Episódico/Epidêmico;Se manteve
31;3144359;Episódico/Epidêmico;Episódico/Epidêmico;Se manteve
31;3144375;Episódico/Epidêmico;Epidêmico;Piorou
31;3144409;Episódico;Episódico;Se manteve
31;3144508;Episódico;Episódico/Epidêmico;Piorou
31;3144607;Episódico/Epidêmico;Episódico/Epidêmico;Se manteve
31;3144656;Episódico/Epidêmico;Episódico;Melhorou
31;3144672;Episódico;Episódico;Se manteve
31;3144706;Episódico/Epidêmico;Episódico/Epidêmico;Se manteve
31;3144805;Epidêmico;Epidêmico;Se manteve
31;3144904;Episódico;Episódico/Epidêmico;Piorou
31;3145000;Episódico/Epidêmico;Episódico/Epidêmico;Se manteve
31;3145059;Episódico/Epidêmico;Episódico/Epidêmico;Se manteve
31;3145109;Episódico;Episódico/Epidêmico;Piorou
31;3145208;Epidêmico;Epidêmico;Se manteve
31;3145307;Episódico/Epidêmico;Episódico/Epidêmico;Se manteve
31;3145356;Episódico/Epidêmico;Episódico/Epidêmico;Se manteve
31;3145372;Episódico;Episódico;Se manteve
31;3145406;Episódico;Episódico;Se manteve
31;3145455;Episódico/Epidêmico;Episódico/Epidêmico;Se manteve
31;3145505;Episódico;Sem transmissão;Melhorou
31;3145604;Episódico/Epidêmico;Episódico/Epidêmico;Se manteve
31;3145703;Episódico;Episódico;Se manteve
31;3145802;Episódico/Epidêmico;Episódico/Epidêmico;Se manteve
31;3145851;Episódico;Episódico;Se manteve
31;3145877;Episódico;Episódico;Se manteve
31;3145901;Episódico/Epidêmico;Episódico/Epidêmico;Se manteve
31;3146008;Episódico/Epidêmico;Episódico/Epidêmico;Se manteve
31;3146107;Episódico/Epidêmico;Episódico/Epidêmico;Se manteve
31;3146206;Episódico/Epidêmico;Episódico;Melhorou
31;3146255;Episódico/Epidêmico;Episódico/Epidêmico;Se manteve
31;3146305;Episódico/Epidêmico;Episódico/Epidêmico;Se manteve
31;3146404;Episódico/Epidêmico;Episódico/Epidêmico;Se manteve
31;3146503;Episódico/Epidêmico;Episódico/Epidêmico;Se manteve
31;3146552;Episódico/Epidêmico;Episódico/Epidêmico;Se manteve
31;3146602;Episódico;Episódico;Se manteve
31;3146701;Episódico/Epidêmico;Episódico/Epidêmico;Se manteve
31;3146750;Episódico;Episódico;Se manteve
31;3146909;Episódico/Epidêmico;Episódico/Epidêmico;Se manteve
31;3147006;Epidêmico;Epidêmico;Se manteve
31;3147105;Epidêmico;Epidêmico;Se manteve
31;3147204;Episódico/Epidêmico;Episódico/Epidêmico;Se manteve
31;3147303;Episódico/Epidêmico;Episódico;Melhorou
31;3147402;Episódico/Epidêmico;Epidêmico;Piorou
31;3147501;Episódico;Episódico;Se manteve
31;3147600;Episódico/Epidêmico;Episódico;Melhorou
31;3147709;Episódico/Epidêmico;Episódico/Epidêmico;Se manteve
31;3147808;Episódico;Episódico/Epidêmico;Piorou
31;3147907;Epidêmico;Epidêmico;Se manteve
31;3147956;Episódico;Episódico;Se manteve
31;3148004;Epidêmico;Epidêmico;Se manteve
31;3148103;Episódico/Epidêmico;Epidêmico;Piorou
31;3148202;Episódico;Episódico;Se manteve
31;3148301;Episódico;Episódico;Se manteve
31;3148400;Episódico;Episódico;Se manteve
31;3148509;Episódico/Epidêmico;Episódico;Melhorou
31;3148608;Episódico;Episódico/Epidêmico;Piorou
31;3148707;Episódico/Epidêmico;Episódico/Epidêmico;Se manteve
31;3148756;Episódico;Episódico;Se manteve
31;3148806;Episódico;Episódico;Se manteve
31;3148905;Episódico/Epidêmico;Episódico/Epidêmico;Se manteve
31;3149002;Episódico;Episódico;Se manteve
31;3149101;Episódico/Epidêmico;Episódico;Melhorou
31;3149150;Episódico;Episódico;Se manteve
31;3149200;Episódico/Epidêmico;Episódico/Epidêmico;Se manteve
31;3149309;Episódico/Epidêmico;Epidêmico;Piorou
31;3149408;Episódico;Sem transmissão;Melhorou
31;3149507;Episódico/Epidêmico;Episódico;Melhorou
31;3149606;Episódico/Epidêmico;Episódico/Epidêmico;Se manteve
31;3149705;Episódico/Epidêmico;Episódico/Epidêmico;Se manteve
31;3149804;Episódico/Epidêmico;Episódico/Epidêmico;Se manteve
31;3149903;Episódico/Epidêmico;Episódico/Epidêmico;Se manteve
31;3149952;Episódico;Episódico;Se manteve
31;3150000;Episódico/Epidêmico;Episódico/Epidêmico;Se manteve
31;3150109;Episódico;Episódico;Se manteve
31;3150158;Episódico/Epidêmico;Episódico/Epidêmico;Se manteve
31;3150208;Episódico;Episódico;Se manteve
31;3150307;Episódico;Episódico;Se manteve
31;3150406;Episódico;Episódico;Se manteve
31;3150505;Episódico/Epidêmico;Epidêmico;Piorou
31;3150539;Episódico/Epidêmico;Episódico/Epidêmico;Se manteve
31;3150570;Episódico;Episódico;Se manteve
31;3150604;Episódico;Episódico;Se manteve
31;3150703;Episódico/Epidêmico;Epidêmico;Piorou
31;3150802;Episódico;Episódico;Se manteve
31;3150901;Episódico;Episódico;Se manteve
31;3151008;Episódico;Episódico;Se manteve
31;3151107;Episódico/Epidêmico;Episódico/Epidêmico;Se manteve
31;3151206;Episódico/Epidêmico;Epidêmico;Piorou
31;3151305;Episódico/Epidêmico;Episódico/Epidêmico;Se manteve
31;3151404;Episódico/Epidêmico;Episódico/Epidêmico;Se manteve
31;3151503;Episódico/Epidêmico;Epidêmico;Piorou
31;3151602;Episódico/Epidêmico;Epidêmico;Piorou
31;3151701;Episódico/Epidêmico;Episódico;Melhorou
31;3151800;Episódico/Epidêmico;Episódico/Epidêmico;Se manteve
31;3151909;Episódico;Episódico/Epidêmico;Piorou
31;3152006;Epidêmico;Episódico/Epidêmico;Melhorou
31;3152105;Episódico/Epidêmico;Epidêmico;Piorou
31;3152131;Sem transmissão;Sem transmissão;Se manteve
31;3152170;Episódico/Epidêmico;Episódico/Epidêmico;Se manteve
31;3152204;Episódico/Epidêmico;Epidêmico;Piorou
31;3152303;Episódico/Epidêmico;Episódico;Melhorou
31;3152402;Episódico/Epidêmico;Episódico/Epidêmico;Se manteve
31;3152501;Episódico/Epidêmico;Epidêmico;Piorou
31;3152600;Episódico;Episódico;Se manteve
31;3152709;Episódico/Epidêmico;Episódico/Epidêmico;Se manteve
31;3152808;Episódico/Epidêmico;Epidêmico;Piorou
31;3152907;Episódico/Epidêmico;Episódico/Epidêmico;Se manteve
31;3153004;Episódico/Epidêmico;Episódico;Melhorou
31;3153103;Episódico;Episódico;Se manteve
31;3153202;Episódico/Epidêmico;Episódico/Epidêmico;Se manteve
31;3153301;Episódico;Episódico;Se manteve
31;3153400;Episódico/Epidêmico;Episódico/Epidêmico;Se manteve
31;3153509;Episódico;Episódico/Epidêmico;Piorou
31;3153608;Episódico/Epidêmico;Episódico/Epidêmico;Se manteve
31;3153707;Episódico/Epidêmico;Episódico/Epidêmico;Se manteve
31;3153806;Episódico;Sem transmissão;Melhorou
31;3153905;Episódico/Epidêmico;Episódico/Epidêmico;Se manteve
31;3154002;Episódico/Epidêmico;Episódico/Epidêmico;Se manteve
31;3154101;Episódico/Epidêmico;Episódico/Epidêmico;Se manteve
31;3154150;Episódico;Episódico;Se manteve
31;3154200;Episódico;Episódico/Epidêmico;Piorou
31;3154309;Episódico/Epidêmico;Episódico/Epidêmico;Se manteve
31;3154408;Episódico;Sem transmissão;Melhorou
31;3154457;Episódico;Episódico/Epidêmico;Piorou
31;3154507;Episódico/Epidêmico;Episódico/Epidêmico;Se manteve
31;3154606;Epidêmico;Epidêmico;Se manteve
31;3154705;Episódico/Epidêmico;Episódico/Epidêmico;Se manteve
31;3154804;Episódico/Epidêmico;Episódico/Epidêmico;Se manteve
31;3154903;Episódico/Epidêmico;Episódico/Epidêmico;Se manteve
31;3155009;Episódico;Episódico;Se manteve
31;3155108;Episódico;Episódico/Epidêmico;Piorou
31;3155207;Episódico;Episódico;Se manteve
31;3155306;Episódico/Epidêmico;Episódico/Epidêmico;Se manteve
31;3155405;Episódico/Epidêmico;Episódico/Epidêmico;Se manteve
31;3155504;Episódico/Epidêmico;Episódico/Epidêmico;Se manteve
31;3155603;Episódico/Epidêmico;Episódico/Epidêmico;Se manteve
31;3155702;Episódico;Episódico/Epidêmico;Piorou
31;3155801;Episódico/Epidêmico;Episódico/Epidêmico;Se manteve
31;3155900;Episódico;Episódico/Epidêmico;Piorou
31;3156007;Episódico;Episódico;Se manteve
31;3156106;Episódico;Episódico/Epidêmico;Piorou
31;3156205;Episódico;Episódico;Se manteve
31;3156304;Episódico/Epidêmico;Episódico/Epidêmico;Se manteve
31;3156403;Episódico/Epidêmico;Episódico/Epidêmico;Se manteve
31;3156452;Episódico;Episódico;Se manteve
31;3156502;Episódico/Epidêmico;Episódico;Melhorou
31;3156601;Episódico/Epidêmico;Episódico;Melhorou
31;3156700;Epidêmico;Epidêmico;Se manteve
31;3156809;Episódico/Epidêmico;Episódico/Epidêmico;Se manteve
31;3156908;Epidêmico;Epidêmico;Se manteve
31;3157005;Episódico/Epidêmico;Episódico/Epidêmico;Se manteve
31;3157104;Episódico/Epidêmico;Episódico/Epidêmico;Se manteve
31;3157203;Episódico/Epidêmico;Episódico/Epidêmico;Se manteve
31;3157252;Episódico;Episódico;Se manteve
31;3157278;Episódico;Episódico;Se manteve
31;3157302;Episódico;Episódico;Se manteve
31;3157336;Episódico/Epidêmico;Episódico/Epidêmico;Se manteve
31;3157377;Episódico;Episódico/Epidêmico;Piorou
31;3157401;Episódico;Episódico;Se manteve
31;3157500;Episódico;Episódico/Epidêmico;Piorou
31;3157609;Episódico/Epidêmico;Episódico/Epidêmico;Se manteve
31;3157658;Episódico/Epidêmico;Episódico/Epidêmico;Se manteve
31;3157708;Episódico/Epidêmico;Episódico/Epidêmico;Se manteve
31;3157807;Epidêmico;Epidêmico;Se manteve
31;3157906;Episódico/Epidêmico;Episódico;Melhorou
31;3158003;Episódico;Episódico;Se manteve
31;3158102;Episódico;Episódico;Se manteve
31;3158201;Episódico/Epidêmico;Episódico/Epidêmico;Se manteve
31;3158300;Episódico/Epidêmico;Episódico/Epidêmico;Se manteve
31;3158409;Episódico;Episódico/Epidêmico;Piorou
31;3158508;Episódico/Epidêmico;Episódico/Epidêmico;Se manteve
31;3158607;Episódico;Episódico;Se manteve
31;3158706;Episódico;Sem transmissão;Melhorou
31;3158805;Episódico/Epidêmico;Episódico;Melhorou
31;3158904;Episódico;Episódico/Epidêmico;Piorou
31;3158953;Episódico/Epidêmico;Episódico/Epidêmico;Se manteve
31;3159001;Episódico/Epidêmico;Episódico;Melhorou
31;3159100;Episódico;Sem transmissão;Melhorou
31;3159209;Episódico;Episódico;Se manteve
31;3159308;Episódico;Episódico;Se manteve
31;3159357;Episódico;Episódico;Se manteve
31;3159407;Episódico;Sem transmissão;Melhorou
31;3159506;Episódico;Episódico;Se manteve
31;3159605;Episódico/Epidêmico;Episódico/Epidêmico;Se manteve
31;3159704;Episódico/Epidêmico;Episódico/Epidêmico;Se manteve
31;3159803;Epidêmico;Epidêmico;Se manteve
31;3159902;Episódico/Epidêmico;Episódico/Epidêmico;Se manteve
31;3160009;Episódico;Episódico;Se manteve
31;3160108;Episódico/Epidêmico;Episódico/Epidêmico;Se manteve
31;3160207;Episódico;Episódico/Epidêmico;Piorou
31;3160306;Episódico/Epidêmico;Episódico;Melhorou
31;3160405;Episódico/Epidêmico;Epidêmico;Piorou
31;3160454;Episódico;Episódico;Se manteve
31;3160504;Sem transmissão;Sem transmissão;Se manteve
31;3160603;Episódico;Episódico/Epidêmico;Piorou
31;3160702;Episódico/Epidêmico;Episódico;Melhorou
31;3160801;Episódico;Sem transmissão;Melhorou
31;3160900;Episódico;Episódico;Se manteve
31;3160959;Episódico;Episódico;Se manteve
31;3161007;Episódico/Epidêmico;Episódico;Melhorou
31;3161056;Episódico;Episódico;Se manteve
31;3161106;Epidêmico;Episódico/Epidêmico;Melhorou
31;3161205;Episódico;Episódico;Se manteve
31;3161304;Episódico/Epidêmico;Episódico/Epidêmico;Se manteve
31;3161403;Episódico;Episódico;Se manteve
31;3161502;Episódico/Epidêmico;Episódico/Epidêmico;Se manteve
31;3161601;Episódico/Epidêmico;Sem transmissão;Melhorou
31;3161650;Episódico;Episódico;Se manteve
31;3161700;Episódico/Epidêmico;Episódico/Epidêmico;Se manteve
31;3161809;Episódico/Epidêmico;Episódico/Epidêmico;Se manteve
31;3161908;Episódico/Epidêmico;Epidêmico;Piorou
31;3162005;Episódico/Epidêmico;Episódico/Epidêmico;Se manteve
31;3162104;Episódico/Epidêmico;Episódico/Epidêmico;Se manteve
31;3162203;Episódico/Epidêmico;Episódico/Epidêmico;Se manteve
31;3162252;Episódico/Epidêmico;Episódico/Epidêmico;Se manteve
31;3162302;Episódico;Episódico;Se manteve
31;3162401;Episódico/Epidêmico;Episódico/Epidêmico;Se manteve
31;3162450;Episódico/Epidêmico;Episódico/Epidêmico;Se manteve
31;3162500;Episódico/Epidêmico;Epidêmico;Piorou
31;3162559;Episódico;Episódico;Se manteve
31;3162575;Episódico;Episódico/Epidêmico;Piorou
31;3162609;Episódico;Episódico;Se manteve
31;3162658;Episódico/Epidêmico;Episódico/Epidêmico;Se manteve
31;3162708;Episódico/Epidêmico;Episódico;Melhorou
31;3162807;Episódico;Episódico;Se manteve
31;3162906;Episódico/Epidêmico;Episódico/Epidêmico;Se manteve
31;3162922;Episódico/Epidêmico;Episódico/Epidêmico;Se manteve
31;3162948;Episódico/Epidêmico;Episódico/Epidêmico;Se manteve
31;3162955;Episódico/Epidêmico;Episódico/Epidêmico;Se manteve
31;3163003;Episódico/Epidêmico;Episódico/Epidêmico;Se manteve
31;3163102;Episódico/Epidêmico;Episódico/Epidêmico;Se manteve
31;3163201;Episódico;Episódico/Epidêmico;Piorou
31;3163300;Episódico;Episódico;Se manteve
31;3163409;Episódico/Epidêmico;Episódico/Epidêmico;Se manteve
31;3163508;Episódico;Episódico;Se manteve
31;3163607;Episódico;Episódico;Se manteve
31;3163706;Episódico/Epidêmico;Episódico/Epidêmico;Se manteve
31;3163805;Episódico;Episódico;Se manteve
31;3163904;Episódico/Epidêmico;Episódico;Melhorou
31;3164001;Episódico/Epidêmico;Episódico;Melhorou
31;3164100;Episódico;Episódico/Epidêmico;Piorou
31;3164209;Episódico/Epidêmico;Episódico;Melhorou
31;3164308;Episódico/Epidêmico;Episódico/Epidêmico;Se manteve
31;3164407;Episódico;Episódico;Se manteve
31;3164431;Episódico;Episódico;Se manteve
31;3164472;Episódico;Sem transmissão;Melhorou
31;3164506;Episódico;Episódico;Se manteve
31;3164605;Episódico/Epidêmico;Episódico/Epidêmico;Se manteve
31;3164704;Epidêmico;Epidêmico;Se manteve
31;3164803;Sem transmissão;Sem transmissão;Se manteve
31;3164902;Episódico;Episódico;Se manteve
31;3165008;Episódico/Epidêmico;Episódico/Epidêmico;Se manteve
31;3165107;Episódico/Epidêmico;Epidêmico;Piorou
31;3165206;Episódico;Episódico;Se manteve
31;3165305;Episódico;Episódico;Se manteve
31;3165404;Episódico;Episódico;Se manteve
31;3165503;Episódico;Episódico;Se manteve
31;3165537;Epidêmico;Episódico/Epidêmico;Melhorou
31;3165552;Episódico/Epidêmico;Episódico/Epidêmico;Se manteve
31;3165560;Episódico;Episódico;Se manteve
31;3165578;Episódico;Episódico;Se manteve
31;3165602;Episódico;Episódico/Epidêmico;Piorou
31;3165701;Episódico/Epidêmico;Episódico;Melhorou
31;3165800;Episódico;Episódico;Se manteve
31;3165909;Episódico;Episódico/Epidêmico;Piorou
31;3166006;Episódico;Episódico;Se manteve
31;3166105;Episódico;Episódico;Se manteve
31;3166204;Episódico/Epidêmico;Sem transmissão;Melhorou
31;3166303;Episódico;Episódico;Se manteve
31;3166402;Episódico;Episódico;Se manteve
31;3166501;Episódico;Sem transmissão;Melhorou
31;3166600;Episódico;Episódico/Epidêmico;Piorou
31;3166709;Episódico/Epidêmico;Episódico/Epidêmico;Se manteve
31;3166808;Episódico/Epidêmico;Episódico/Epidêmico;Se manteve
31;3166907;Episódico/Epidêmico;Episódico/Epidêmico;Se manteve
31;3166956;Episódico;Episódico/Epidêmico;Piorou
31;3167004;Episódico;Episódico;Se manteve
31;3167103;Episódico/Epidêmico;Episódico/Epidêmico;Se manteve
31;3167202;Epidêmico;Epidêmico;Se manteve
31;3167301;Episódico;Episódico;Se manteve
31;3167400;Episódico;Sem transmissão;Melhorou
31;3167509;Episódico;Episódico;Se manteve
31;3167608;Episódico;Episódico/Epidêmico;Piorou
31;3167707;Episódico/Epidêmico;Episódico/Epidêmico;Se manteve
31;3167806;Episódico;Episódico;Se manteve
31;3167905;Episódico/Epidêmico;Episódico/Epidêmico;Se manteve
31;3168002;Episódico/Epidêmico;Episódico/Epidêmico;Se manteve
31;3168051;Episódico/Epidêmico;Episódico/Epidêmico;Se manteve
31;3168101;Episódico;Episódico;Se manteve
31;3168200;Episódico;Sem transmissão;Melhorou
31;3168309;Episódico/Epidêmico;Episódico/Epidêmico;Se manteve
31;3168408;Episódico/Epidêmico;Episódico;Melhorou
31;3168507;Episódico;Episódico;Se manteve
31;3168606;Epidêmico;Epidêmico;Se manteve
31;3168705;Epidêmico;Epidêmico;Se manteve
31;3168804;Episódico;Episódico;Se manteve
31;3168903;Episódico/Epidêmico;Episódico/Epidêmico;Se manteve
31;3169000;Episódico/Epidêmico;Episódico/Epidêmico;Se manteve
31;3169059;Episódico;Episódico;Se manteve
31;3169109;Episódico;Episódico;Se manteve
31;3169208;Episódico/Epidêmico;Episódico/Epidêmico;Se manteve
31;3169307;Episódico/Epidêmico;Episódico/Epidêmico;Se manteve
31;3169356;Episódico/Epidêmico;Episódico/Epidêmico;Se manteve
31;3169406;Episódico/Epidêmico;Episódico/Epidêmico;Se manteve
31;3169505;Episódico/Epidêmico;Episódico/Epidêmico;Se manteve
31;3169604;Episódico/Epidêmico;Epidêmico;Piorou
31;3169703;Episódico/Epidêmico;Epidêmico;Piorou
31;3169802;Episódico;Episódico;Se manteve
31;3169901;Epidêmico;Epidêmico;Se manteve
31;3170008;Episódico/Epidêmico;Episódico/Epidêmico;Se manteve
31;3170057;Episódico/Epidêmico;Episódico/Epidêmico;Se manteve
31;3170107;Epidêmico;Transmissão Persistente;Piorou
31;3170206;Epidêmico;Transmissão Persistente;Piorou
31;3170305;Episódico;Episódico;Se manteve
31;3170404;Epidêmico;Epidêmico;Se manteve
31;3170438;Episódico/Epidêmico;Episódico/Epidêmico;Se manteve
31;3170479;Episódico/Epidêmico;Episódico/Epidêmico;Se manteve
31;3170503;Episódico/Epidêmico;Episódico/Epidêmico;Se manteve
31;3170529;Episódico/Epidêmico;Episódico/Epidêmico;Se manteve
31;3170578;Episódico/Epidêmico;Episódico;Melhorou
31;3170602;Episódico;Episódico/Epidêmico;Piorou
31;3170651;Episódico;Episódico;Se manteve
31;3170701;Epidêmico;Epidêmico;Se manteve
31;3170750;Episódico/Epidêmico;Episódico/Epidêmico;Se manteve
31;3170800;Epidêmico;Epidêmico;Se manteve
31;3170909;Episódico/Epidêmico;Episódico/Epidêmico;Se manteve
31;3171006;Episódico/Epidêmico;Episódico/Epidêmico;Se manteve
31;3171030;Episódico/Epidêmico;Episódico;Melhorou
31;3171071;Episódico;Episódico;Se manteve
31;3171105;Episódico/Epidêmico;Episódico/Epidêmico;Se manteve
31;3171154;Episódico;Episódico;Se manteve
31;3171204;Epidêmico;Epidêmico;Se manteve
31;3171303;Episódico/Epidêmico;Episódico/Epidêmico;Se manteve
31;3171402;Episódico;Episódico;Se manteve
31;3171501;Episódico;Episódico;Se manteve
31;3171600;Episódico/Epidêmico;Episódico/Epidêmico;Se manteve
31;3171709;Episódico;Episódico;Se manteve
31;3171808;Episódico;Episódico/Epidêmico;Piorou
31;3171907;Episódico/Epidêmico;Episódico;Melhorou
31;3172004;Epidêmico;Epidêmico;Se manteve
31;3172103;Episódico/Epidêmico;Episódico/Epidêmico;Se manteve
31;3172202;Episódico;Sem transmissão;Melhorou
32;3200102;Episódico/Epidêmico;Episódico/Epidêmico;Se manteve
32;3200136;Episódico/Epidêmico;Episódico;Melhorou
32;3200169;Episódico/Epidêmico;Episódico;Melhorou
32;3200201;Epidêmico;Episódico;Melhorou
32;3200300;Epidêmico;Episódico/Epidêmico;Melhorou
32;3200359;Episódico/Epidêmico;Episódico;Melhorou
32;3200409;Epidêmico;Episódico/Epidêmico;Melhorou
32;3200508;Episódico/Epidêmico;Episódico/Epidêmico;Se manteve
32;3200607;Epidêmico;Epidêmico;Se manteve
32;3200706;Episódico/Epidêmico;Episódico/Epidêmico;Se manteve
32;3200805;Epidêmico;Epidêmico;Se manteve
32;3200904;Epidêmico;Episódico/Epidêmico;Melhorou
32;3201001;Episódico/Epidêmico;Episódico/Epidêmico;Se manteve
32;3201100;Episódico/Epidêmico;Episódico;Melhorou
32;3201159;Episódico;Episódico/Epidêmico;Piorou
32;3201209;Epidêmico;Epidêmico;Se manteve
32;3201308;Epidêmico;Epidêmico;Se manteve
32;3201407;Episódico/Epidêmico;Epidêmico;Piorou
32;3201506;Epidêmico;Epidêmico;Se manteve
32;3201605;Epidêmico;Episódico/Epidêmico;Melhorou
32;3201704;Episódico/Epidêmico;Episódico/Epidêmico;Se manteve
32;3201803;Episódico;Episódico;Se manteve
32;3201902;Episódico/Epidêmico;Episódico/Epidêmico;Se manteve
32;3202009;Episódico;Episódico;Se manteve
32;3202108;Episódico/Epidêmico;Episódico/Epidêmico;Se manteve
32;3202207;Episódico/Epidêmico;Epidêmico;Piorou
32;3202256;Episódico/Epidêmico;Episódico;Melhorou
32;3202306;Episódico/Epidêmico;Episódico/Epidêmico;Se manteve
32;3202405;Epidêmico;Epidêmico;Se manteve
32;3202454;Episódico/Epidêmico;Episódico/Epidêmico;Se manteve
32;3202504;Episódico/Epidêmico;Episódico/Epidêmico;Se manteve
32;3202553;Episódico;Episódico;Se manteve
32;3202603;Episódico/Epidêmico;Episódico/Epidêmico;Se manteve
32;3202652;Episódico/Epidêmico;Episódico/Epidêmico;Se manteve
32;3202702;Episódico/Epidêmico;Epidêmico;Piorou
32;3202801;Epidêmico;Episódico/Epidêmico;Melhorou
32;3202900;Episódico/Epidêmico;Episódico/Epidêmico;Se manteve
32;3203007;Episódico/Epidêmico;Episódico/Epidêmico;Se manteve
32;3203056;Epidêmico;Epidêmico;Se manteve
32;3203106;Episódico/Epidêmico;Episódico;Melhorou
32;3203130;Episódico/Epidêmico;Episódico;Melhorou
32;3203163;Episódico/Epidêmico;Episódico;Melhorou
32;3203205;Epidêmico;Epidêmico;Se manteve
32;3203304;Episódico/Epidêmico;Episódico;Melhorou
32;3203320;Episódico/Epidêmico;Epidêmico;Piorou
32;3203346;Episódico/Epidêmico;Episódico/Epidêmico;Se manteve
32;3203353;Episódico/Epidêmico;Episódico/Epidêmico;Se manteve
32;3203403;Episódico/Epidêmico;Epidêmico;Piorou
32;3203502;Episódico/Epidêmico;Episódico/Epidêmico;Se manteve
32;3203601;Episódico/Epidêmico;Episódico/Epidêmico;Se manteve
32;3203700;Episódico/Epidêmico;Episódico/Epidêmico;Se manteve
32;3203809;Episódico/Epidêmico;Episódico/Epidêmico;Se manteve
32;3203908;Epidêmico;Episódico/Epidêmico;Melhorou
32;3204005;Episódico/Epidêmico;Episódico;Melhorou
32;3204054;Epidêmico;Epidêmico;Se manteve
32;3204104;Episódico/Epidêmico;Epidêmico;Piorou
32;3204203;Epidêmico;Episódico;Melhorou
32;3204252;Episódico/Epidêmico;Episódico/Epidêmico;Se manteve
32;3204302;Episódico/Epidêmico;Episódico/Epidêmico;Se manteve
32;3204351;Episódico/Epidêmico;Episódico/Epidêmico;Se manteve
32;3204401;Episódico/Epidêmico;Episódico;Melhorou
32;3204500;Episódico/Epidêmico;Episódico;Melhorou
32;3204559;Episódico/Epidêmico;Episódico;Melhorou
32;3204609;Episódico/Epidêmico;Epidêmico;Piorou
32;3204658;Episódico/Epidêmico;Episódico;Melhorou
32;3204708;Epidêmico;Epidêmico;Se manteve
32;3204807;Episódico/Epidêmico;Episódico;Melhorou
32;3204906;Epidêmico;Epidêmico;Se manteve
32;3204955;Episódico/Epidêmico;Episódico/Epidêmico;Se manteve
32;3205002;Epidêmico;Transmissão Persistente;Piorou
32;3205010;Epidêmico;Episódico/Epidêmico;Melhorou
32;3205036;Episódico/Epidêmico;Episódico;Melhorou
32;3205069;Episódico/Epidêmico;Episódico/Epidêmico;Se manteve
32;3205101;Epidêmico;Epidêmico;Se manteve
32;3205150;Episódico/Epidêmico;Episódico/Epidêmico;Se manteve
32;3205176;Episódico/Epidêmico;Episódico;Melhorou
32;3205200;Epidêmico;Epidêmico;Se manteve
32;3205309;Epidêmico;Transmissão Persistente;Piorou
33;3300100;Epidêmico;Epidêmico;Se manteve
33;3300159;Episódico/Epidêmico;Episódico/Epidêmico;Se manteve
33;3300209;Epidêmico;Episódico/Epidêmico;Melhorou
33;3300225;Episódico/Epidêmico;Episódico/Epidêmico;Se manteve
33;3300233;Episódico/Epidêmico;Episódico/Epidêmico;Se manteve
33;3300258;Episódico/Epidêmico;Episódico/Epidêmico;Se manteve
33;3300308;Epidêmico;Episódico/Epidêmico;Melhorou
33;3300407;Episódico/Epidêmico;Episódico/Epidêmico;Se manteve
33;3300456;Epidêmico;Epidêmico;Se manteve
33;3300506;Episódico/Epidêmico;Episódico;Melhorou
33;3300605;Epidêmico;Episódico/Epidêmico;Melhorou
33;3300704;Epidêmico;Epidêmico;Se manteve
33;3300803;Episódico/Epidêmico;Episódico/Epidêmico;Se manteve
33;3300902;Episódico/Epidêmico;Episódico;Melhorou
33;3300936;Episódico/Epidêmico;Episódico;Melhorou
33;3300951;Episódico;Episódico;Se manteve
33;3301009;Epidêmico;Epidêmico;Se manteve
33;3301108;Episódico/Epidêmico;Episódico/Epidêmico;Se manteve
33;3301157;Episódico/Epidêmico;Episódico/Epidêmico;Se manteve
33;3301207;Episódico/Epidêmico;Episódico;Melhorou
33;3301306;Episódico/Epidêmico;Epidêmico;Piorou
33;3301405;Episódico/Epidêmico;Episódico;Melhorou
33;3301504;Episódico/Epidêmico;Episódico/Epidêmico;Se manteve
33;3301603;Episódico;Episódico;Se manteve
33;3301702;Epidêmico;Epidêmico;Se manteve
33;3301801;Episódico/Epidêmico;Episódico/Epidêmico;Se manteve
33;3301850;Episódico/Epidêmico;Episódico/Epidêmico;Se manteve
33;3301876;Episódico/Epidêmico;Epidêmico;Piorou
33;3301900;Epidêmico;Epidêmico;Se manteve
33;3302007;Episódico/Epidêmico;Episódico/Epidêmico;Se manteve
33;3302056;Episódico/Epidêmico;Episódico/Epidêmico;Se manteve
33;3302106;Episódico/Epidêmico;Episódico/Epidêmico;Se manteve
33;3302205;Epidêmico;Epidêmico;Se manteve
33;3302254;Episódico/Epidêmico;Episódico/Epidêmico;Se manteve
33;3302270;Episódico/Epidêmico;Episódico/Epidêmico;Se manteve
33;3302304;Episódico;Episódico;Se manteve
33;3302403;Epidêmico;Epidêmico;Se manteve
33;3302452;Episódico/Epidêmico;Episódico;Melhorou
33;3302502;Epidêmico;Episódico/Epidêmico;Melhorou
33;3302601;Episódico/Epidêmico;Episódico/Epidêmico;Se manteve
33;3302700;Epidêmico;Episódico/Epidêmico;Melhorou
33;3302809;Episódico/Epidêmico;Episódico;Melhorou
33;3302858;Episódico/Epidêmico;Episódico/Epidêmico;Se manteve
33;3302908;Episódico/Epidêmico;Episódico/Epidêmico;Se manteve
33;3303005;Episódico/Epidêmico;Episódico/Epidêmico;Se manteve
33;3303104;Episódico/Epidêmico;Episódico/Epidêmico;Se manteve
33;3303203;Episódico/Epidêmico;Episódico/Epidêmico;Se manteve
33;3303302;Epidêmico;Episódico/Epidêmico;Melhorou
33;3303401;Epidêmico;Epidêmico;Se manteve
33;3303500;Epidêmico;Epidêmico;Se manteve
33;3303609;Episódico/Epidêmico;Episódico/Epidêmico;Se manteve
33;3303708;Episódico/Epidêmico;Episódico/Epidêmico;Se manteve
33;3303807;Episódico/Epidêmico;Epidêmico;Piorou
33;3303856;Episódico/Epidêmico;Episódico/Epidêmico;Se manteve
33;3303906;Episódico/Epidêmico;Episódico/Epidêmico;Se manteve
33;3303955;Episódico/Epidêmico;Episódico/Epidêmico;Se manteve
33;3304003;Epidêmico;Epidêmico;Se manteve
33;3304102;Episódico/Epidêmico;Episódico/Epidêmico;Se manteve
33;3304110;Episódico/Epidêmico;Episódico/Epidêmico;Se manteve
33;3304128;Episódico/Epidêmico;Episódico/Epidêmico;Se manteve
33;3304144;Episódico/Epidêmico;Episódico/Epidêmico;Se manteve
33;3304151;Episódico/Epidêmico;Episódico;Melhorou
33;3304201;Epidêmico;Epidêmico;Se manteve
33;3304300;Episódico/Epidêmico;Episódico/Epidêmico;Se manteve
33;3304409;Episódico/Epidêmico;Episódico;Melhorou
33;3304508;Episódico/Epidêmico;Episódico;Melhorou
33;3304524;Epidêmico;Epidêmico;Se manteve
33;3304557;Transmissão Persistente;Transmissão Persistente;Se manteve
33;3304607;Episódico;Episódico;Se manteve
33;3304706;Episódico/Epidêmico;Episódico/Epidêmico;Se manteve
33;3304755;Epidêmico;Episódico;Melhorou
33;3304805;Episódico/Epidêmico;Episódico/Epidêmico;Se manteve
33;3304904;Epidêmico;Epidêmico;Se manteve
33;3305000;Episódico/Epidêmico;Episódico;Melhorou
33;3305109;Epidêmico;Episódico/Epidêmico;Melhorou
33;3305133;Episódico/Epidêmico;Episódico/Epidêmico;Se manteve
33;3305158;Episódico/Epidêmico;Episódico;Melhorou
33;3305208;Episódico/Epidêmico;Episódico/Epidêmico;Se manteve
33;3305307;Episódico;Episódico;Se manteve
33;3305406;Episódico/Epidêmico;Episódico/Epidêmico;Se manteve
33;3305505;Epidêmico;Epidêmico;Se manteve
33;3305554;Episódico/Epidêmico;Episódico/Epidêmico;Se manteve
33;3305604;Episódico/Epidêmico;Episódico/Epidêmico;Se manteve
33;3305703;Episódico;Episódico;Se manteve
33;3305752;Episódico/Epidêmico;Episódico/Epidêmico;Se manteve
33;3305802;Episódico/Epidêmico;Episódico/Epidêmico;Se manteve
33;3305901;Episódico;Episódico;Se manteve
33;3306008;Episódico/Epidêmico;Episódico/Epidêmico;Se manteve
33;3306107;Epidêmico;Episódico/Epidêmico;Melhorou
33;3306156;Episódico/Epidêmico;Episódico;Melhorou
33;3306206;Episódico/Epidêmico;Episódico/Epidêmico;Se manteve
33;3306305;Epidêmico;Episódico/Epidêmico;Melhorou
35;3500105;Epidêmico;Epidêmico;Se manteve
35;3500204;Episódico/Epidêmico;Episódico/Epidêmico;Se manteve
35;3500303;Episódico/Epidêmico;Episódico/Epidêmico;Se manteve
35;3500402;Episódico/Epidêmico;Episódico/Epidêmico;Se manteve
35;3500501;Episódico/Epidêmico;Episódico/Epidêmico;Se manteve
35;3500550;Episódico/Epidêmico;Episódico/Epidêmico;Se manteve
35;3500600;Episódico/Epidêmico;Episódico/Epidêmico;Se manteve
35;3500709;Episódico/Epidêmico;Episódico/Epidêmico;Se manteve
35;3500758;Episódico/Epidêmico;Episódico/Epidêmico;Se manteve
35;3500808;Episódico/Epidêmico;Epidêmico;Piorou
35;3500907;Episódico/Epidêmico;Episódico/Epidêmico;Se manteve
35;3501004;Episódico/Epidêmico;Episódico/Epidêmico;Se manteve
35;3501103;Episódico/Epidêmico;Episódico/Epidêmico;Se manteve
35;3501152;Episódico/Epidêmico;Episódico/Epidêmico;Se manteve
35;3501202;Episódico/Epidêmico;Epidêmico;Piorou
35;3501301;Episódico/Epidêmico;Epidêmico;Piorou
35;3501400;Episódico/Epidêmico;Episódico/Epidêmico;Se manteve
35;3501509;Episódico/Epidêmico;Episódico/Epidêmico;Se manteve
35;3501608;Epidêmico;Epidêmico;Se manteve
35;3501707;Epidêmico;Epidêmico;Se manteve
35;3501806;Episódico/Epidêmico;Episódico/Epidêmico;Se manteve
35;3501905;Epidêmico;Epidêmico;Se manteve
35;3502002;Episódico;Episódico/Epidêmico;Piorou
35;3502101;Epidêmico;Epidêmico;Se manteve
35;3502200;Episódico/Epidêmico;Episódico/Epidêmico;Se manteve
35;3502309;Episódico/Epidêmico;Episódico/Epidêmico;Se manteve
35;3502408;Episódico/Epidêmico;Episódico/Epidêmico;Se manteve
35;3502507;Episódico/Epidêmico;Episódico/Epidêmico;Se manteve
35;3502606;Episódico/Epidêmico;Episódico/Epidêmico;Se manteve
35;3502705;Episódico/Epidêmico;Episódico/Epidêmico;Se manteve
35;3502754;Episódico/Epidêmico;Episódico/Epidêmico;Se manteve
35;3502804;Epidêmico;Epidêmico;Se manteve
35;3502903;Episódico/Epidêmico;Episódico/Epidêmico;Se manteve
35;3503000;Episódico/Epidêmico;Episódico;Melhorou
35;3503109;Episódico/Epidêmico;Episódico/Epidêmico;Se manteve
35;3503158;Episódico;Sem transmissão;Melhorou
35;3503208;Epidêmico;Transmissão Persistente;Piorou
35;3503307;Epidêmico;Epidêmico;Se manteve
35;3503356;Episódico/Epidêmico;Epidêmico;Piorou
35;3503406;Episódico/Epidêmico;Episódico/Epidêmico;Se manteve
35;3503505;Episódico/Epidêmico;Episódico/Epidêmico;Se manteve
35;3503604;Episódico/Epidêmico;Episódico/Epidêmico;Se manteve
35;3503703;Episódico/Epidêmico;Episódico/Epidêmico;Se manteve
35;3503802;Episódico/Epidêmico;Epidêmico;Piorou
35;3503901;Epidêmico;Epidêmico;Se manteve
35;3503950;Episódico/Epidêmico;Episódico/Epidêmico;Se manteve
35;3504008;Epidêmico;Epidêmico;Se manteve
35;3504107;Epidêmico;Epidêmico;Se manteve
35;3504206;Episódico/Epidêmico;Episódico/Epidêmico;Se manteve
35;3504305;Episódico/Epidêmico;Episódico/Epidêmico;Se manteve
35;3504404;Episódico/Epidêmico;Episódico/Epidêmico;Se manteve
35;3504503;Episódico/Epidêmico;Epidêmico;Piorou
35;3504602;Episódico/Epidêmico;Epidêmico;Piorou
35;3504701;Episódico/Epidêmico;Episódico/Epidêmico;Se manteve
35;3504800;Episódico/Epidêmico;Episódico/Epidêmico;Se manteve
35;3504909;Episódico/Epidêmico;Episódico/Epidêmico;Se manteve
35;3505005;Episódico;Episódico/Epidêmico;Piorou
35;3505104;Episódico/Epidêmico;Epidêmico;Piorou
35;3505203;Episódico/Epidêmico;Episódico/Epidêmico;Se manteve
35;3505302;Episódico/Epidêmico;Episódico/Epidêmico;Se manteve
35;3505351;Episódico;Episódico;Se manteve
35;3505401;Episódico;Episódico;Se manteve
35;3505500;Epidêmico;Epidêmico;Se manteve
35;3505609;Epidêmico;Epidêmico;Se manteve
35;3505708;Epidêmico;Epidêmico;Se manteve
35;3505807;Epidêmico;Epidêmico;Se manteve
35;3505906;Episódico/Epidêmico;Epidêmico;Piorou
35;3506003;Epidêmico;Transmissão Persistente;Piorou
35;3506102;Epidêmico;Epidêmico;Se manteve
35;3506201;Episódico/Epidêmico;Episódico/Epidêmico;Se manteve
35;3506300;Episódico/Epidêmico;Episódico/Epidêmico;Se manteve
35;3506359;Epidêmico;Epidêmico;Se manteve
35;3506409;Episódico/Epidêmico;Episódico/Epidêmico;Se manteve
35;3506508;Epidêmico;Epidêmico;Se manteve
35;3506607;Episódico/Epidêmico;Episódico/Epidêmico;Se manteve
35;3506706;Episódico/Epidêmico;Epidêmico;Piorou
35;3506805;Episódico/Epidêmico;Episódico/Epidêmico;Se manteve
35;3506904;Episódico/Epidêmico;Episódico/Epidêmico;Se manteve
35;3507001;Episódico/Epidêmico;Epidêmico;Piorou
35;3507100;Episódico/Epidêmico;Episódico;Melhorou
35;3507159;Episódico;Episódico;Se manteve
35;3507209;Episódico/Epidêmico;Episódico/Epidêmico;Se manteve
35;3507308;Episódico/Epidêmico;Episódico/Epidêmico;Se manteve
35;3507407;Epidêmico;Epidêmico;Se manteve
35;3507456;Episódico/Epidêmico;Episódico/Epidêmico;Se manteve
35;3507506;Epidêmico;Epidêmico;Se manteve
35;3507605;Epidêmico;Epidêmico;Se manteve
35;3507704;Episódico/Epidêmico;Episódico/Epidêmico;Se manteve
35;3507753;Episódico/Epidêmico;Episódico/Epidêmico;Se manteve
35;3507803;Episódico/Epidêmico;Episódico/Epidêmico;Se manteve
35;3507902;Episódico/Epidêmico;Epidêmico;Piorou
35;3508009;Episódico/Epidêmico;Episódico/Epidêmico;Se manteve
35;3508108;Epidêmico;Epidêmico;Se manteve
35;3508207;Episódico/Epidêmico;Episódico/Epidêmico;Se manteve
35;3508306;Episódico;Episódico/Epidêmico;Piorou
35;3508405;Episódico/Epidêmico;Episódico/Epidêmico;Se manteve
35;3508504;Epidêmico;Epidêmico;Se manteve
35;3508603;Episódico/Epidêmico;Epidêmico;Piorou
35;3508702;Episódico/Epidêmico;Episódico/Epidêmico;Se manteve
35;3508801;Episódico/Epidêmico;Episódico/Epidêmico;Se manteve
35;3508900;Episódico/Epidêmico;Episódico;Melhorou
35;3509007;Episódico/Epidêmico;Epidêmico;Piorou
35;3509106;Episódico/Epidêmico;Episódico/Epidêmico;Se manteve
35;3509205;Episódico/Epidêmico;Epidêmico;Piorou
35;3509254;Episódico/Epidêmico;Episódico/Epidêmico;Se manteve
35;3509304;Episódico/Epidêmico;Episódico/Epidêmico;Se manteve
35;3509403;Episódico/Epidêmico;Episódico/Epidêmico;Se manteve
35;3509452;Episódico;Episódico;Se manteve
35;3509502;Transmissão Persistente;Transmissão Persistente;Se manteve
35;3509601;Episódico/Epidêmico;Episódico/Epidêmico;Se manteve
35;3509700;Episódico/Epidêmico;Episódico/Epidêmico;Se manteve
35;3509809;Episódico/Epidêmico;Episódico/Epidêmico;Se manteve
35;3509908;Episódico/Epidêmico;Episódico;Melhorou
35;3509957;Episódico/Epidêmico;Episódico;Melhorou
35;3510005;Epidêmico;Epidêmico;Se manteve
35;3510104;Episódico/Epidêmico;Episódico;Melhorou
35;3510153;Episódico/Epidêmico;Epidêmico;Piorou
35;3510203;Episódico/Epidêmico;Epidêmico;Piorou
35;3510302;Episódico/Epidêmico;Epidêmico;Piorou
35;3510401;Episódico/Epidêmico;Epidêmico;Piorou
35;3510500;Epidêmico;Epidêmico;Se manteve
35;3510609;Episódico/Epidêmico;Episódico/Epidêmico;Se manteve
35;3510708;Episódico/Epidêmico;Episódico/Epidêmico;Se manteve
35;3510807;Episódico/Epidêmico;Episódico/Epidêmico;Se manteve
35;3510906;Episódico;Episódico/Epidêmico;Piorou
35;3511003;Epidêmico;Epidêmico;Se manteve
35;3511102;Epidêmico;Epidêmico;Se manteve
35;3511201;Episódico/Epidêmico;Episódico;Melhorou
35;3511300;Episódico/Epidêmico;Epidêmico;Piorou
35;3511409;Episódico/Epidêmico;Episódico/Epidêmico;Se manteve
35;3511508;Episódico/Epidêmico;Epidêmico;Piorou
35;3511607;Episódico/Epidêmico;Epidêmico;Piorou
35;3511706;Episódico/Epidêmico;Epidêmico;Piorou
35;3511904;Episódico/Epidêmico;Episódico/Epidêmico;Se manteve
35;3512001;Episódico/Epidêmico;Epidêmico;Piorou
35;3512100;Episódico/Epidêmico;Episódico/Epidêmico;Se manteve
35;3512209;Episódico/Epidêmico;Episódico/Epidêmico;Se manteve
35;3512308;Episódico/Epidêmico;Episódico/Epidêmico;Se manteve
35;3512407;Episódico/Epidêmico;Epidêmico;Piorou
35;3512506;Episódico/Epidêmico;Epidêmico;Piorou
35;3512605;Episódico;Episódico;Se manteve
35;3512704;Episódico/Epidêmico;Episódico/Epidêmico;Se manteve
35;3512803;Episódico/Epidêmico;Episódico/Epidêmico;Se manteve
35;3512902;Episódico/Epidêmico;Epidêmico;Piorou
35;3513009;Epidêmico;Epidêmico;Se manteve
35;3513108;Episódico/Epidêmico;Episódico/Epidêmico;Se manteve
35;3513207;Episódico/Epidêmico;Episódico/Epidêmico;Se manteve
35;3513306;Episódico/Epidêmico;Episódico/Epidêmico;Se manteve
35;3513405;Epidêmico;Episódico/Epidêmico;Melhorou
35;3513504;Epidêmico;Epidêmico;Se manteve
35;3513603;Episódico;Episódico;Se manteve
35;3513702;Episódico/Epidêmico;Epidêmico;Piorou
35;3513801;Epidêmico;Epidêmico;Se manteve
35;3513850;Episódico/Epidêmico;Episódico/Epidêmico;Se manteve
35;3513900;Episódico/Epidêmico;Episódico/Epidêmico;Se manteve
35;3514007;Episódico/Epidêmico;Epidêmico;Piorou
35;3514106;Episódico/Epidêmico;Episódico/Epidêmico;Se manteve
35;3514205;Episódico/Epidêmico;Episódico/Epidêmico;Se manteve
35;3514304;Episódico/Epidêmico;Episódico/Epidêmico;Se manteve
35;3514403;Epidêmico;Epidêmico;Se manteve
35;3514502;Episódico/Epidêmico;Episódico/Epidêmico;Se manteve
35;3514601;Episódico/Epidêmico;Episódico/Epidêmico;Se manteve
35;3514700;Episódico/Epidêmico;Episódico/Epidêmico;Se manteve
35;3514809;Episódico/Epidêmico;Episódico/Epidêmico;Se manteve
35;3514908;Episódico/Epidêmico;Episódico/Epidêmico;Se manteve
35;3514924;Episódico/Epidêmico;Episódico/Epidêmico;Se manteve
35;3514957;Episódico/Epidêmico;Episódico/Epidêmico;Se manteve
35;3515004;Episódico/Epidêmico;Epidêmico;Piorou
35;3515103;Episódico/Epidêmico;Episódico/Epidêmico;Se manteve
35;3515129;Episódico/Epidêmico;Episódico/Epidêmico;Se manteve
35;3515152;Episódico/Epidêmico;Epidêmico;Piorou
35;3515186;Episódico/Epidêmico;Epidêmico;Piorou
35;3515194;Episódico/Epidêmico;Episódico/Epidêmico;Se manteve
35;3515202;Epidêmico;Episódico/Epidêmico;Melhorou
35;3515301;Episódico/Epidêmico;Episódico/Epidêmico;Se manteve
35;3515350;Episódico/Epidêmico;Epidêmico;Piorou
35;3515400;Episódico/Epidêmico;Episódico/Epidêmico;Se manteve
35;3515509;Epidêmico;Epidêmico;Se manteve
35;3515608;Episódico/Epidêmico;Episódico/Epidêmico;Se manteve
35;3515657;Episódico;Episódico/Epidêmico;Piorou
35;3515707;Episódico/Epidêmico;Episódico/Epidêmico;Se manteve
35;3515806;Episódico;Episódico;Se manteve
35;3515905;Episódico/Epidêmico;Episódico/Epidêmico;Se manteve
35;3516002;Episódico/Epidêmico;Episódico/Epidêmico;Se manteve
35;3516101;Episódico/Epidêmico;Episódico/Epidêmico;Se manteve
35;3516200;Epidêmico;Epidêmico;Se manteve
35;3516309;Episódico/Epidêmico;Episódico/Epidêmico;Se manteve
35;3516408;Epidêmico;Episódico/Epidêmico;Melhorou
35;3516507;Episódico/Epidêmico;Episódico/Epidêmico;Se manteve
35;3516606;Episódico/Epidêmico;Episódico/Epidêmico;Se manteve
35;3516705;Epidêmico;Epidêmico;Se manteve
35;3516804;Episódico/Epidêmico;Episódico/Epidêmico;Se manteve
35;3516853;Episódico/Epidêmico;Epidêmico;Piorou
35;3516903;Episódico/Epidêmico;Episódico/Epidêmico;Se manteve
35;3517000;Episódico/Epidêmico;Epidêmico;Piorou
35;3517109;Episódico/Epidêmico;Episódico/Epidêmico;Se manteve
35;3517208;Episódico/Epidêmico;Epidêmico;Piorou
35;3517307;Episódico/Epidêmico;Episódico/Epidêmico;Se manteve
35;3517406;Epidêmico;Epidêmico;Se manteve
35;3517505;Episódico/Epidêmico;Epidêmico;Piorou
35;3517604;Episódico/Epidêmico;Episódico/Epidêmico;Se manteve
35;3517703;Episódico/Epidêmico;Episódico/Epidêmico;Se manteve
35;3517802;Epidêmico;Epidêmico;Se manteve
35;3517901;Episódico/Epidêmico;Episódico/Epidêmico;Se manteve
35;3518008;Episódico/Epidêmico;Episódico/Epidêmico;Se manteve
35;3518107;Episódico/Epidêmico;Epidêmico;Piorou
35;3518206;Epidêmico;Epidêmico;Se manteve
35;3518305;Episódico/Epidêmico;Epidêmico;Piorou
35;3518404;Epidêmico;Epidêmico;Se manteve
35;3518503;Episódico/Epidêmico;Episódico/Epidêmico;Se manteve
35;3518602;Episódico/Epidêmico;Epidêmico;Piorou
35;3518701;Epidêmico;Epidêmico;Se manteve
35;3518800;Epidêmico;Epidêmico;Se manteve
35;3518859;Episódico/Epidêmico;Epidêmico;Piorou
35;3518909;Episódico/Epidêmico;Episódico/Epidêmico;Se manteve
35;3519006;Episódico/Epidêmico;Epidêmico;Piorou
35;3519055;Episódico/Epidêmico;Epidêmico;Piorou
35;3519071;Epidêmico;Epidêmico;Se manteve
35;3519105;Episódico/Epidêmico;Episódico/Epidêmico;Se manteve
35;3519204;Episódico/Epidêmico;Epidêmico;Piorou
35;3519253;Episódico/Epidêmico;Episódico/Epidêmico;Se manteve
35;3519303;Episódico/Epidêmico;Epidêmico;Piorou
35;3519402;Epidêmico;Episódico/Epidêmico;Melhorou
35;3519501;Episódico/Epidêmico;Episódico/Epidêmico;Se manteve
35;3519600;Epidêmico;Epidêmico;Se manteve
35;3519709;Episódico/Epidêmico;Episódico/Epidêmico;Se manteve
35;3519808;Episódico/Epidêmico;Episódico/Epidêmico;Se manteve
35;3519907;Episódico/Epidêmico;Epidêmico;Piorou
35;3520004;Episódico/Epidêmico;Episódico/Epidêmico;Se manteve
35;3520103;Episódico/Epidêmico;Episódico/Epidêmico;Se manteve
35;3520202;Episódico/Epidêmico;Episódico/Epidêmico;Se manteve
35;3520301;Episódico/Epidêmico;Episódico/Epidêmico;Se manteve
35;3520400;Epidêmico;Epidêmico;Se manteve
35;3520426;Episódico/Epidêmico;Episódico/Epidêmico;Se manteve
35;3520442;Epidêmico;Epidêmico;Se manteve
35;3520509;Epidêmico;Epidêmico;Se manteve
35;3520608;Episódico/Epidêmico;Episódico/Epidêmico;Se manteve
35;3520707;Episódico/Epidêmico;Epidêmico;Piorou
35;3520806;Episódico/Epidêmico;Episódico/Epidêmico;Se manteve
35;3520905;Episódico/Epidêmico;Episódico/Epidêmico;Se manteve
35;3521002;Epidêmico;Epidêmico;Se manteve
35;3521101;Episódico/Epidêmico;Episódico/Epidêmico;Se manteve
35;3521150;Episódico/Epidêmico;Epidêmico;Piorou
35;3521200;Episódico;Episódico;Se manteve
35;3521309;Episódico/Epidêmico;Episódico/Epidêmico;Se manteve
35;3521408;Episódico/Epidêmico;Epidêmico;Piorou
35;3521507;Episódico/Epidêmico;Episódico/Epidêmico;Se manteve
35;3521606;Episódico/Epidêmico;Epidêmico;Piorou
35;3521705;Episódico/Epidêmico;Episódico/Epidêmico;Se manteve
35;3521804;Episódico/Epidêmico;Episódico/Epidêmico;Se manteve
35;3521903;Episódico/Epidêmico;Epidêmico;Piorou
35;3522000;Episódico/Epidêmico;Episódico/Epidêmico;Se manteve
35;3522109;Epidêmico;Epidêmico;Se manteve
35;3522158;Episódico;Episódico;Se manteve
35;3522208;Episódico/Epidêmico;Episódico/Epidêmico;Se manteve
35;3522307;Epidêmico;Epidêmico;Se manteve
35;3522406;Episódico/Epidêmico;Epidêmico;Piorou
35;3522505;Epidêmico;Episódico/Epidêmico;Melhorou
35;3522604;Epidêmico;Epidêmico;Se manteve
35;3522653;Episódico;Episódico;Se manteve
35;3522703;Epidêmico;Epidêmico;Se manteve
35;3522802;Episódico/Epidêmico;Episódico/Epidêmico;Se manteve
35;3522901;Episódico/Epidêmico;Epidêmico;Piorou
35;3523008;Episódico/Epidêmico;Episódico/Epidêmico;Se manteve
35;3523107;Episódico/Epidêmico;Epidêmico;Piorou
35;3523206;Episódico/Epidêmico;Epidêmico;Piorou
35;3523305;Episódico/Epidêmico;Episódico;Melhorou
35;3523404;Epidêmico;Epidêmico;Se manteve
35;3523503;Episódico/Epidêmico;Episódico/Epidêmico;Se manteve
35;3523602;Episódico/Epidêmico;Episódico/Epidêmico;Se manteve
35;3523701;Episódico/Epidêmico;Episódico;Melhorou
35;3523800;Episódico/Epidêmico;Episódico/Epidêmico;Se manteve
35;3523909;Epidêmico;Epidêmico;Se manteve
35;3524006;Episódico/Epidêmico;Episódico/Epidêmico;Se manteve
35;3524105;Epidêmico;Epidêmico;Se manteve
35;3524204;Episódico/Epidêmico;Episódico/Epidêmico;Se manteve
35;3524303;Epidêmico;Epidêmico;Se manteve
35;3524402;Epidêmico;Epidêmico;Se manteve
35;3524501;Episódico/Epidêmico;Epidêmico;Piorou
35;3524600;Episódico/Epidêmico;Episódico;Melhorou
35;3524709;Epidêmico;Epidêmico;Se manteve
35;3524808;Epidêmico;Epidêmico;Se manteve
35;3524907;Episódico;Episódico;Se manteve
35;3525003;Episódico/Epidêmico;Episódico/Epidêmico;Se manteve
35;3525102;Epidêmico;Episódico/Epidêmico;Melhorou
35;3525201;Episódico/Epidêmico;Episódico/Epidêmico;Se manteve
35;3525300;Epidêmico;Epidêmico;Se manteve
35;3525409;Episódico;Episódico/Epidêmico;Piorou
35;3525508;Episódico/Epidêmico;Episódico/Epidêmico;Se manteve
35;3525607;Episódico/Epidêmico;Episódico/Epidêmico;Se manteve
35;3525706;Epidêmico;Epidêmico;Se manteve
35;3525805;Episódico/Epidêmico;Episódico/Epidêmico;Se manteve
35;3525854;Episódico/Epidêmico;Episódico/Epidêmico;Se manteve
35;3525904;Epidêmico;Epidêmico;Se manteve
35;3526001;Epidêmico;Epidêmico;Se manteve
35;3526100;Episódico/Epidêmico;Episódico/Epidêmico;Se manteve
35;3526209;Episódico;Episódico;Se manteve
35;3526308;Episódico/Epidêmico;Episódico/Epidêmico;Se manteve
35;3526407;Episódico/Epidêmico;Epidêmico;Piorou
35;3526506;Episódico/Epidêmico;Epidêmico;Piorou
35;3526605;Episódico/Epidêmico;Episódico/Epidêmico;Se manteve
35;3526704;Epidêmico;Epidêmico;Se manteve
35;3526803;Episódico/Epidêmico;Epidêmico;Piorou
35;3526902;Epidêmico;Epidêmico;Se manteve
35;3527009;Episódico;Episódico/Epidêmico;Piorou
35;3527108;Epidêmico;Epidêmico;Se manteve
35;3527207;Epidêmico;Epidêmico;Se manteve
35;3527256;Episódico/Epidêmico;Episódico/Epidêmico;Se manteve
35;3527306;Episódico/Epidêmico;Epidêmico;Piorou
35;3527405;Episódico/Epidêmico;Episódico/Epidêmico;Se manteve
35;3527504;Episódico/Epidêmico;Episódico/Epidêmico;Se manteve
35;3527603;Episódico/Epidêmico;Episódico/Epidêmico;Se manteve
35;3527702;Episódico/Epidêmico;Episódico/Epidêmico;Se manteve
35;3527801;Episódico/Epidêmico;Episódico/Epidêmico;Se manteve
35;3527900;Episódico/Epidêmico;Episódico/Epidêmico;Se manteve
35;3528007;Episódico/Epidêmico;Episódico/Epidêmico;Se manteve
35;3528106;Episódico/Epidêmico;Episódico/Epidêmico;Se manteve
35;3528205;Episódico/Epidêmico;Episódico/Epidêmico;Se manteve
35;3528304;Episódico/Epidêmico;Episódico/Epidêmico;Se manteve
35;3528403;Episódico/Epidêmico;Episódico/Epidêmico;Se manteve
35;3528502;Epidêmico;Epidêmico;Se manteve
35;3528601;Episódico;Episódico/Epidêmico;Piorou
35;3528700;Episódico/Epidêmico;Episódico/Epidêmico;Se manteve
35;3528809;Episódico/Epidêmico;Episódico/Epidêmico;Se manteve
35;3528858;Episódico/Epidêmico;Episódico/Epidêmico;Se manteve
35;3528908;Episódico/Epidêmico;Epidêmico;Piorou
35;3529005;Epidêmico;Epidêmico;Se manteve
35;3529104;Episódico/Epidêmico;Episódico/Epidêmico;Se manteve
35;3529203;Episódico/Epidêmico;Epidêmico;Piorou
35;3529302;Epidêmico;Epidêmico;Se manteve
35;3529401;Epidêmico;Epidêmico;Se manteve
35;3529500;Episódico/Epidêmico;Epidêmico;Piorou
35;3529609;Episódico/Epidêmico;Epidêmico;Piorou
35;3529658;Episódico/Epidêmico;Epidêmico;Piorou
35;3529708;Episódico/Epidêmico;Episódico;Melhorou
35;3529807;Episódico/Epidêmico;Episódico/Epidêmico;Se manteve
35;3529906;Episódico/Epidêmico;Episódico/Epidêmico;Se manteve
35;3530003;Episódico/Epidêmico;Epidêmico;Piorou
35;3530102;Epidêmico;Epidêmico;Se manteve
35;3530201;Epidêmico;Epidêmico;Se manteve
35;3530300;Epidêmico;Episódico/Epidêmico;Melhorou
35;3530409;Episódico/Epidêmico;Episódico/Epidêmico;Se manteve
35;3530508;Epidêmico;Episódico/Epidêmico;Melhorou
35;3530607;Epidêmico;Epidêmico;Se manteve
35;3530706;Epidêmico;Epidêmico;Se manteve
35;3530805;Epidêmico;Epidêmico;Se manteve
35;3530904;Episódico/Epidêmico;Episódico/Epidêmico;Se manteve
35;3531001;Episódico/Epidêmico;Episódico/Epidêmico;Se manteve
35;3531100;Episódico/Epidêmico;Epidêmico;Piorou
35;3531209;Episódico/Epidêmico;Episódico;Melhorou
35;3531308;Episódico/Epidêmico;Epidêmico;Piorou
35;3531407;Epidêmico;Episódico/Epidêmico;Melhorou
35;3531506;Episódico/Epidêmico;Episódico/Epidêmico;Se manteve
35;3531605;Episódico/Epidêmico;Epidêmico;Piorou
35;3531704;Episódico;Episódico;Se manteve
35;3531803;Episódico/Epidêmico;Episódico/Epidêmico;Se manteve
35;3531902;Epidêmico;Epidêmico;Se manteve
35;3532009;Episódico/Epidêmico;Episódico/Epidêmico;Se manteve
35;3532058;Episódico/Epidêmico;Episódico/Epidêmico;Se manteve
35;3532108;Episódico/Epidêmico;Episódico/Epidêmico;Se manteve
35;3532157;Episódico/Epidêmico;Episódico/Epidêmico;Se manteve
35;3532207;Episódico/Epidêmico;Epidêmico;Piorou
35;3532306;Episódico;Episódico;Se manteve
35;3532405;Episódico/Epidêmico;Episódico;Melhorou
35;3532504;Episódico/Epidêmico;Episódico/Epidêmico;Se manteve
35;3532603;Episódico/Epidêmico;Episódico/Epidêmico;Se manteve
35;3532702;Episódico/Epidêmico;Episódico/Epidêmico;Se manteve
35;3532801;Episódico/Epidêmico;Epidêmico;Piorou
35;3532827;Episódico;Episódico;Se manteve
35;3532843;Episódico/Epidêmico;Episódico/Epidêmico;Se manteve
35;3532868;Episódico;Episódico/Epidêmico;Piorou
35;3532900;Episódico/Epidêmico;Epidêmico;Piorou
35;3533007;Episódico/Epidêmico;Epidêmico;Piorou
35;3533106;Episódico/Epidêmico;Epidêmico;Piorou
35;3533205;Episódico/Epidêmico;Epidêmico;Piorou
35;3533254;Episódico/Epidêmico;Episódico/Epidêmico;Se manteve
35;3533304;Episódico/Epidêmico;Episódico/Epidêmico;Se manteve
35;3533403;Episódico/Epidêmico;Epidêmico;Piorou
35;3533502;Episódico/Epidêmico;Epidêmico;Piorou
35;3533601;Episódico/Epidêmico;Episódico/Epidêmico;Se manteve
35;3533700;Episódico/Epidêmico;Episódico/Epidêmico;Se manteve
35;3533809;Episódico;Episódico;Se manteve
35;3533908;Epidêmico;Epidêmico;Se manteve
35;3534005;Episódico/Epidêmico;Episódico/Epidêmico;Se manteve
35;3534104;Episódico/Epidêmico;Epidêmico;Piorou
35;3534203;Episódico/Epidêmico;Epidêmico;Piorou
35;3534302;Epidêmico;Epidêmico;Se manteve
35;3534401;Epidêmico;Epidêmico;Se manteve
35;3534500;Episódico/Epidêmico;Epidêmico;Piorou
35;3534609;Episódico/Epidêmico;Epidêmico;Piorou
35;3534708;Epidêmico;Epidêmico;Se manteve
35;3534757;Episódico/Epidêmico;Epidêmico;Piorou
35;3534807;Episódico/Epidêmico;Epidêmico;Piorou
35;3534906;Episódico/Epidêmico;Epidêmico;Piorou
35;3535002;Episódico/Epidêmico;Epidêmico;Piorou
35;3535101;Episódico/Epidêmico;Epidêmico;Piorou
35;3535200;Episódico/Epidêmico;Epidêmico;Piorou
35;3535309;Epidêmico;Epidêmico;Se manteve
35;3535408;Epidêmico;Epidêmico;Se manteve
35;3535507;Epidêmico;Epidêmico;Se manteve
35;3535606;Episódico/Epidêmico;Episódico/Epidêmico;Se manteve
35;3535705;Episódico/Epidêmico;Episódico/Epidêmico;Se manteve
35;3535804;Episódico;Episódico/Epidêmico;Piorou
35;3535903;Episódico/Epidêmico;Episódico/Epidêmico;Se manteve
35;3536000;Episódico/Epidêmico;Epidêmico;Piorou
35;3536109;Episódico;Episódico/Epidêmico;Piorou
35;3536208;Epidêmico;Episódico/Epidêmico;Melhorou
35;3536257;Episódico/Epidêmico;Episódico/Epidêmico;Se manteve
35;3536307;Episódico/Epidêmico;Episódico/Epidêmico;Se manteve
35;3536406;Episódico/Epidêmico;Epidêmico;Piorou
35;3536505;Epidêmico;Epidêmico;Se manteve
35;3536570;Episódico;Episódico;Se manteve
35;3536604;Episódico/Epidêmico;Epidêmico;Piorou
35;3536703;Episódico/Epidêmico;Epidêmico;Piorou
35;3536802;Episódico;Episódico;Se manteve
35;3536901;Episódico/Epidêmico;Epidêmico;Piorou
35;3537008;Episódico/Epidêmico;Episódico/Epidêmico;Se manteve
35;3537107;Epidêmico;Episódico/Epidêmico;Melhorou
35;3537156;Episódico/Epidêmico;Episódico/Epidêmico;Se manteve
35;3537206;Episódico/Epidêmico;Episódico/Epidêmico;Se manteve
35;3537305;Epidêmico;Epidêmico;Se manteve
35;3537404;Epidêmico;Epidêmico;Se manteve
35;3537503;Episódico/Epidêmico;Episódico/Epidêmico;Se manteve
35;3537602;Epidêmico;Epidêmico;Se manteve
35;3537701;Episódico/Epidêmico;Episódico/Epidêmico;Se manteve
35;3537800;Episódico/Epidêmico;Episódico/Epidêmico;Se manteve
35;3537909;Episódico/Epidêmico;Episódico/Epidêmico;Se manteve
35;3538006;Epidêmico;Epidêmico;Se manteve
35;3538105;Episódico/Epidêmico;Epidêmico;Piorou
35;3538204;Episódico;Episódico;Se manteve
35;3538303;Episódico/Epidêmico;Episódico/Epidêmico;Se manteve
35;3538501;Episódico/Epidêmico;Episódico/Epidêmico;Se manteve
35;3538600;Episódico/Epidêmico;Episódico;Melhorou
35;3538709;Epidêmico;Transmissão Persistente;Piorou
35;3538808;Episódico/Epidêmico;Episódico/Epidêmico;Se manteve
35;3538907;Episódico/Epidêmico;Epidêmico;Piorou
35;3539004;Episódico/Epidêmico;Epidêmico;Piorou
35;3539103;Episódico/Epidêmico;Episódico;Melhorou
35;3539202;Episódico/Epidêmico;Epidêmico;Piorou
35;3539301;Epidêmico;Episódico/Epidêmico;Melhorou
35;3539400;Episódico/Epidêmico;Episódico/Epidêmico;Se manteve
35;3539509;Epidêmico;Epidêmico;Se manteve
35;3539608;Episódico/Epidêmico;Epidêmico;Piorou
35;3539707;Episódico/Epidêmico;Episódico/Epidêmico;Se manteve
35;3539806;Episódico/Epidêmico;Episódico/Epidêmico;Se manteve
35;3539905;Episódico/Epidêmico;Episódico/Epidêmico;Se manteve
35;3540002;Episódico/Epidêmico;Episódico/Epidêmico;Se manteve
35;3540101;Episódico;Episódico/Epidêmico;Piorou
35;3540200;Epidêmico;Epidêmico;Se manteve
35;3540259;Episódico/Epidêmico;Episódico/Epidêmico;Se manteve
35;3540309;Episódico/Epidêmico;Epidêmico;Piorou
35;3540408;Episódico/Epidêmico;Episódico/Epidêmico;Se manteve
35;3540507;Episódico;Episódico/Epidêmico;Piorou
35;3540606;Epidêmico;Epidêmico;Se manteve
35;3540705;Epidêmico;Epidêmico;Se manteve
35;3540754;Epidêmico;Epidêmico;Se manteve
35;3540804;Episódico/Epidêmico;Epidêmico;Piorou
35;3540853;Episódico/Epidêmico;Episódico;Melhorou
35;3540903;Episódico/Epidêmico;Episódico/Epidêmico;Se manteve
35;3541000;Epidêmico;Epidêmico;Se manteve
35;3541059;Episódico/Epidêmico;Episódico/Epidêmico;Se manteve
35;3541109;Episódico/Epidêmico;Episódico;Melhorou
35;3541208;Episódico/Epidêmico;Epidêmico;Piorou
35;3541307;Epidêmico;Epidêmico;Se manteve
35;3541406;Epidêmico;Transmissão Persistente;Piorou
35;3541505;Episódico/Epidêmico;Epidêmico;Piorou
35;3541604;Episódico/Epidêmico;Epidêmico;Piorou
35;3541653;Episódico;Episódico/Epidêmico;Piorou
35;3541703;Episódico/Epidêmico;Epidêmico;Piorou
35;3541802;Episódico/Epidêmico;Epidêmico;Piorou
35;3541901;Episódico/Epidêmico;Episódico/Epidêmico;Se manteve
35;3542008;Episódico/Epidêmico;Epidêmico;Piorou
35;3542107;Episódico/Epidêmico;Episódico/Epidêmico;Se manteve
35;3542206;Epidêmico;Epidêmico;Se manteve
35;3542305;Episódico;Episódico;Se manteve
35;3542404;Episódico/Epidêmico;Epidêmico;Piorou
35;3542503;Episódico/Epidêmico;Episódico/Epidêmico;Se manteve
35;3542602;Episódico/Epidêmico;Episódico/Epidêmico;Se manteve
35;3542701;Episódico;Episódico/Epidêmico;Piorou
35;3542800;Episódico;Episódico;Se manteve
35;3542909;Episódico/Epidêmico;Episódico/Epidêmico;Se manteve
35;3543006;Episódico;Episódico/Epidêmico;Piorou
35;3543105;Episódico;Episódico/Epidêmico;Piorou
35;3543204;Episódico/Epidêmico;Epidêmico;Piorou
35;3543238;Episódico/Epidêmico;Episódico/Epidêmico;Se manteve
35;3543253;Episódico;Episódico;Se manteve
35;3543303;Episódico/Epidêmico;Epidêmico;Piorou
35;3543402;Transmissão Persistente;Transmissão Persistente;Se manteve
35;3543501;Episódico;Episódico/Epidêmico;Piorou
35;3543600;Episódico/Epidêmico;Episódico;Melhorou
35;3543709;Episódico/Epidêmico;Epidêmico;Piorou
35;3543808;Episódico/Epidêmico;Episódico/Epidêmico;Se manteve
35;3543907;Epidêmico;Epidêmico;Se manteve
35;3544004;Episódico/Epidêmico;Episódico/Epidêmico;Se manteve
35;3544103;Episódico/Epidêmico;Episódico;Melhorou
35;3544202;Episódico/Epidêmico;Epidêmico;Piorou
35;3544251;Epidêmico;Epidêmico;Se manteve
35;3544301;Episódico/Epidêmico;Episódico/Epidêmico;Se manteve
35;3544400;Episódico/Epidêmico;Episódico/Epidêmico;Se manteve
35;3544509;Episódico/Epidêmico;Episódico/Epidêmico;Se manteve
35;3544608;Episódico/Epidêmico;Episódico/Epidêmico;Se manteve
35;3544707;Episódico/Epidêmico;Episódico/Epidêmico;Se manteve
35;3544806;Episódico/Epidêmico;Episódico/Epidêmico;Se manteve
35;3544905;Episódico/Epidêmico;Episódico/Epidêmico;Se manteve
35;3545001;Episódico;Episódico;Se manteve
35;3545100;Episódico/Epidêmico;Episódico/Epidêmico;Se manteve
35;3545159;Episódico/Epidêmico;Epidêmico;Piorou
35;3545209;Epidêmico;Epidêmico;Se manteve
35;3545308;Episódico/Epidêmico;Episódico/Epidêmico;Se manteve
35;3545407;Episódico/Epidêmico;Epidêmico;Piorou
35;3545506;Episódico/Epidêmico;Episódico/Epidêmico;Se manteve
35;3545605;Episódico/Epidêmico;Epidêmico;Piorou
35;3545704;Episódico/Epidêmico;Episódico/Epidêmico;Se manteve
35;3545803;Epidêmico;Epidêmico;Se manteve
35;3546009;Episódico/Epidêmico;Episódico;Melhorou
35;3546108;Episódico/Epidêmico;Episódico/Epidêmico;Se manteve
35;3546207;Episódico/Epidêmico;Episódico/Epidêmico;Se manteve
35;3546256;Episódico;Episódico/Epidêmico;Piorou
35;3546306;Episódico/Epidêmico;Episódico/Epidêmico;Se manteve
35;3546405;Episódico/Epidêmico;Epidêmico;Piorou
35;3546504;Episódico/Epidêmico;Episódico/Epidêmico;Se manteve
35;3546603;Epidêmico;Epidêmico;Se manteve
35;3546702;Epidêmico;Epidêmico;Se manteve
35;3546801;Episódico/Epidêmico;Episódico/Epidêmico;Se manteve
35;3546900;Episódico/Epidêmico;Episódico/Epidêmico;Se manteve
35;3547007;Episódico/Epidêmico;Episódico/Epidêmico;Se manteve
35;3547106;Episódico/Epidêmico;Epidêmico;Piorou
35;3547205;Episódico/Epidêmico;Episódico/Epidêmico;Se manteve
35;3547304;Epidêmico;Epidêmico;Se manteve
35;3547403;Episódico/Epidêmico;Epidêmico;Piorou
35;3547502;Episódico/Epidêmico;Episódico/Epidêmico;Se manteve
35;3547601;Epidêmico;Episódico/Epidêmico;Melhorou
35;3547650;Episódico/Epidêmico;Epidêmico;Piorou
35;3547700;Episódico/Epidêmico;Episódico/Epidêmico;Se manteve
35;3547809;Epidêmico;Epidêmico;Se manteve
35;3547908;Episódico/Epidêmico;Episódico/Epidêmico;Se manteve
35;3548005;Epidêmico;Episódico/Epidêmico;Melhorou
35;3548054;Episódico/Epidêmico;Episódico/Epidêmico;Se manteve
35;3548104;Episódico/Epidêmico;Episódico;Melhorou
35;3548203;Episódico;Episódico/Epidêmico;Piorou
35;3548302;Episódico/Epidêmico;Episódico/Epidêmico;Se manteve
35;3548401;Episódico/Epidêmico;Epidêmico;Piorou
35;3548500;Epidêmico;Epidêmico;Se manteve
35;3548609;Episódico/Epidêmico;Episódico;Melhorou
35;3548708;Epidêmico;Epidêmico;Se manteve
35;3548807;Epidêmico;Epidêmico;Se manteve
35;3548906;Epidêmico;Epidêmico;Se manteve
35;3549003;Episódico/Epidêmico;Episódico/Epidêmico;Se manteve
35;3549102;Epidêmico;Epidêmico;Se manteve
35;3549201;Episódico/Epidêmico;Episódico/Epidêmico;Se manteve
35;3549250;Episódico/Epidêmico;Episódico/Epidêmico;Se manteve
35;3549300;Episódico/Epidêmico;Epidêmico;Piorou
35;3549409;Epidêmico;Epidêmico;Se manteve
35;3549508;Episódico/Epidêmico;Episódico;Melhorou
35;3549607;Episódico;Episódico;Se manteve
35;3549706;Episódico/Epidêmico;Episódico/Epidêmico;Se manteve
35;3549805;Transmissão Persistente;Transmissão Persistente;Se manteve
35;3549904;Epidêmico;Epidêmico;Se manteve
35;3549953;Episódico;Episódico;Se manteve
35;3550001;Episódico/Epidêmico;Episódico;Melhorou
35;3550100;Episódico/Epidêmico;Episódico/Epidêmico;Se manteve
35;3550209;Episódico/Epidêmico;Episódico/Epidêmico;Se manteve
35;3550308;Transmissão Persistente;Transmissão Persistente;Se manteve
35;3550407;Episódico/Epidêmico;Epidêmico;Piorou
35;3550506;Episódico/Epidêmico;Episódico/Epidêmico;Se manteve
35;3550605;Episódico/Epidêmico;Episódico/Epidêmico;Se manteve
35;3550704;Epidêmico;Epidêmico;Se manteve
35;3550803;Episódico/Epidêmico;Episódico/Epidêmico;Se manteve
35;3550902;Episódico/Epidêmico;Episódico/Epidêmico;Se manteve
35;3551009;Epidêmico;Epidêmico;Se manteve
35;3551108;Episódico/Epidêmico;Episódico;Melhorou
35;3551207;Episódico;Episódico/Epidêmico;Piorou
35;3551306;Episódico/Epidêmico;Episódico/Epidêmico;Se manteve
35;3551405;Episódico/Epidêmico;Epidêmico;Piorou
35;3551504;Epidêmico;Episódico/Epidêmico;Melhorou
35;3551603;Episódico/Epidêmico;Episódico/Epidêmico;Se manteve
35;3551702;Epidêmico;Epidêmico;Se manteve
35;3551801;Episódico/Epidêmico;Episódico/Epidêmico;Se manteve
35;3551900;Episódico/Epidêmico;Epidêmico;Piorou
35;3552007;Episódico/Epidêmico;Episódico;Melhorou
35;3552106;Episódico/Epidêmico;Episódico/Epidêmico;Se manteve
35;3552205;Transmissão Persistente;Transmissão Persistente;Se manteve
35;3552304;Episódico/Epidêmico;Epidêmico;Piorou
35;3552403;Epidêmico;Epidêmico;Se manteve
35;3552502;Episódico/Epidêmico;Epidêmico;Piorou
35;3552551;Episódico/Epidêmico;Epidêmico;Piorou
35;3552601;Episódico/Epidêmico;Epidêmico;Piorou
35;3552700;Episódico/Epidêmico;Episódico/Epidêmico;Se manteve
35;3552809;Epidêmico;Episódico/Epidêmico;Melhorou
35;3552908;Episódico/Epidêmico;Episódico/Epidêmico;Se manteve
35;3553005;Episódico/Epidêmico;Episódico/Epidêmico;Se manteve
35;3553104;Episódico/Epidêmico;Episódico/Epidêmico;Se manteve
35;3553203;Episódico/Epidêmico;Episódico/Epidêmico;Se manteve
35;3553302;Episódico/Epidêmico;Episódico/Epidêmico;Se manteve
35;3553401;Epidêmico;Epidêmico;Se manteve
35;3553500;Episódico;Episódico/Epidêmico;Piorou
35;3553609;Episódico/Epidêmico;Episódico;Melhorou
35;3553658;Episódico/Epidêmico;Episódico/Epidêmico;Se manteve
35;3553708;Epidêmico;Epidêmico;Se manteve
35;3553807;Episódico/Epidêmico;Episódico/Epidêmico;Se manteve
35;3553856;Episódico;Episódico/Epidêmico;Piorou
35;3553906;Episódico/Epidêmico;Epidêmico;Piorou
35;3553955;Episódico/Epidêmico;Episódico/Epidêmico;Se manteve
35;3554003;Epidêmico;Transmissão Persistente;Piorou
35;3554102;Epidêmico;Epidêmico;Se manteve
35;3554201;Episódico;Episódico;Se manteve
35;3554300;Episódico/Epidêmico;Epidêmico;Piorou
35;3554409;Episódico/Epidêmico;Episódico/Epidêmico;Se manteve
35;3554508;Episódico/Epidêmico;Epidêmico;Piorou
35;3554607;Episódico;Episódico/Epidêmico;Piorou
35;3554656;Episódico;Episódico;Se manteve
35;3554706;Episódico/Epidêmico;Episódico/Epidêmico;Se manteve
35;3554755;Episódico/Epidêmico;Episódico/Epidêmico;Se manteve
35;3554805;Epidêmico;Epidêmico;Se manteve
35;3554904;Episódico/Epidêmico;Episódico/Epidêmico;Se manteve
35;3554953;Episódico;Episódico;Se manteve
35;3555000;Epidêmico;Epidêmico;Se manteve
35;3555109;Episódico/Epidêmico;Epidêmico;Piorou
35;3555208;Episódico/Epidêmico;Episódico/Epidêmico;Se manteve
35;3555307;Episódico/Epidêmico;Episódico/Epidêmico;Se manteve
35;3555356;Episódico/Epidêmico;Episódico/Epidêmico;Se manteve
35;3555406;Epidêmico;Epidêmico;Se manteve
35;3555505;Episódico;Episódico;Se manteve
35;3555604;Episódico/Epidêmico;Epidêmico;Piorou
35;3555703;Episódico/Epidêmico;Episódico/Epidêmico;Se manteve
35;3555802;Epidêmico;Epidêmico;Se manteve
35;3555901;Episódico;Episódico/Epidêmico;Piorou
35;3556008;Episódico/Epidêmico;Episódico/Epidêmico;Se manteve
35;3556107;Episódico/Epidêmico;Episódico/Epidêmico;Se manteve
35;3556206;Epidêmico;Epidêmico;Se manteve
35;3556305;Episódico/Epidêmico;Epidêmico;Piorou
35;3556354;Episódico;Episódico;Se manteve
35;3556404;Episódico/Epidêmico;Episódico/Epidêmico;Se manteve
35;3556453;Episódico/Epidêmico;Episódico/Epidêmico;Se manteve
35;3556503;Epidêmico;Epidêmico;Se manteve
35;3556602;Episódico/Epidêmico;Epidêmico;Piorou
35;3556701;Epidêmico;Epidêmico;Se manteve
35;3556800;Episódico/Epidêmico;Epidêmico;Piorou
35;3556909;Episódico/Epidêmico;Episódico/Epidêmico;Se manteve
35;3556958;Episódico/Epidêmico;Episódico/Epidêmico;Se manteve
35;3557006;Epidêmico;Epidêmico;Se manteve
35;3557105;Epidêmico;Epidêmico;Se manteve
35;3557154;Episódico/Epidêmico;Episódico/Epidêmico;Se manteve
35;3557204;Episódico/Epidêmico;Episódico/Epidêmico;Se manteve
35;3557303;Episódico/Epidêmico;Episódico/Epidêmico;Se manteve
41;4100103;Episódico/Epidêmico;Episódico/Epidêmico;Se manteve
41;4100202;Episódico;Episódico;Se manteve
41;4100301;Sem transmissão;Sem transmissão;Se manteve
41;4100400;Episódico/Epidêmico;Episódico/Epidêmico;Se manteve
41;4100459;Episódico/Epidêmico;Episódico/Epidêmico;Se manteve
41;4100509;Episódico/Epidêmico;Epidêmico;Piorou
41;4100608;Episódico/Epidêmico;Epidêmico;Piorou
41;4100707;Episódico/Epidêmico;Episódico/Epidêmico;Se manteve
41;4100806;Epidêmico;Episódico/Epidêmico;Melhorou
41;4100905;Episódico/Epidêmico;Episódico/Epidêmico;Se manteve
41;4101002;Episódico/Epidêmico;Epidêmico;Piorou
41;4101051;Episódico/Epidêmico;Epidêmico;Piorou
41;4101101;Episódico/Epidêmico;Epidêmico;Piorou
41;4101150;Episódico/Epidêmico;Episódico/Epidêmico;Se manteve
41;4101200;Episódico/Epidêmico;Episódico/Epidêmico;Se manteve
41;4101309;Episódico;Episódico;Se manteve
41;4101408;Epidêmico;Epidêmico;Se manteve
41;4101507;Epidêmico;Epidêmico;Se manteve
41;4101606;Episódico/Epidêmico;Episódico/Epidêmico;Se manteve
41;4101655;Episódico/Epidêmico;Episódico/Epidêmico;Se manteve
41;4101705;Episódico/Epidêmico;Episódico/Epidêmico;Se manteve
41;4101804;Episódico/Epidêmico;Episódico/Epidêmico;Se manteve
41;4101853;Episódico;Episódico/Epidêmico;Piorou
41;4101903;Epidêmico;Epidêmico;Se manteve
41;4102000;Epidêmico;Epidêmico;Se manteve
41;4102109;Episódico/Epidêmico;Epidêmico;Piorou
41;4102208;Episódico/Epidêmico;Episódico/Epidêmico;Se manteve
41;4102307;Episódico;Episódico;Se manteve
41;4102406;Epidêmico;Epidêmico;Se manteve
41;4102505;Epidêmico;Epidêmico;Se manteve
41;4102604;Episódico/Epidêmico;Episódico/Epidêmico;Se manteve
41;4102703;Episódico/Epidêmico;Episódico/Epidêmico;Se manteve
41;4102752;Episódico;Episódico/Epidêmico;Piorou
41;4102802;Epidêmico;Epidêmico;Se manteve
41;4102901;Episódico;Episódico/Epidêmico;Piorou
41;4103008;Episódico/Epidêmico;Episódico/Epidêmico;Se manteve
41;4103024;Episódico;Episódico;Se manteve
41;4103040;Episódico;Episódico;Se manteve
41;4103057;Episódico/Epidêmico;Episódico/Epidêmico;Se manteve
41;4103107;Episódico;Episódico;Se manteve
41;4103156;Episódico;Episódico/Epidêmico;Piorou
41;4103206;Episódico/Epidêmico;Epidêmico;Piorou
41;4103222;Episódico;Episódico;Se manteve
41;4103305;Episódico/Epidêmico;Episódico/Epidêmico;Se manteve
41;4103354;Episódico/Epidêmico;Episódico/Epidêmico;Se manteve
41;4103370;Episódico/Epidêmico;Episódico/Epidêmico;Se manteve
41;4103404;Episódico/Epidêmico;Epidêmico;Piorou
41;4103453;Episódico/Epidêmico;Epidêmico;Piorou
41;4103479;Episódico/Epidêmico;Epidêmico;Piorou
41;4103503;Episódico/Epidêmico;Episódico/Epidêmico;Se manteve
41;4103602;Episódico/Epidêmico;Epidêmico;Piorou
41;4103701;Epidêmico;Epidêmico;Se manteve
41;4103800;Episódico/Epidêmico;Episódico/Epidêmico;Se manteve
41;4103909;Episódico/Epidêmico;Epidêmico;Piorou
41;4103958;Episódico;Episódico;Se manteve
41;4104006;Episódico/Epidêmico;Episódico/Epidêmico;Se manteve
41;4104055;Episódico;Episódico/Epidêmico;Piorou
41;4104105;Sem transmissão;Episódico;Piorou
41;4104204;Episódico/Epidêmico;Episódico/Epidêmico;Se manteve
41;4104253;Episódico;Episódico/Epidêmico;Piorou
41;4104303;Epidêmico;Epidêmico;Se manteve
41;4104402;Episódico;Episódico/Epidêmico;Piorou
41;4104428;Episódico;Episódico;Se manteve
41;4104451;Episódico;Episódico/Epidêmico;Piorou
41;4104501;Episódico/Epidêmico;Epidêmico;Piorou
41;4104600;Episódico/Epidêmico;Episódico/Epidêmico;Se manteve
41;4104659;Episódico;Episódico/Epidêmico;Piorou
41;4104709;Episódico/Epidêmico;Episódico/Epidêmico;Se manteve
41;4104808;Epidêmico;Transmissão Persistente;Piorou
41;4104907;Episódico;Episódico/Epidêmico;Piorou
41;4105003;Episódico/Epidêmico;Episódico/Epidêmico;Se manteve
41;4105102;Epidêmico;Epidêmico;Se manteve
41;4105201;Episódico;Episódico;Se manteve
41;4105300;Episódico/Epidêmico;Epidêmico;Piorou
41;4105409;Episódico/Epidêmico;Episódico/Epidêmico;Se manteve
41;4105508;Epidêmico;Epidêmico;Se manteve
41;4105607;Episódico/Epidêmico;Episódico/Epidêmico;Se manteve
41;4105706;Episódico;Episódico;Se manteve
41;4105805;Episódico/Epidêmico;Episódico/Epidêmico;Se manteve
41;4105904;Episódico/Epidêmico;Epidêmico;Piorou
41;4106001;Episódico/Epidêmico;Episódico/Epidêmico;Se manteve
41;4106100;Episódico;Episódico/Epidêmico;Piorou
41;4106209;Episódico;Episódico;Se manteve
41;4106308;Episódico/Epidêmico;Epidêmico;Piorou
41;4106407;Epidêmico;Epidêmico;Se manteve
41;4106456;Episódico;Episódico;Se manteve
41;4106506;Episódico/Epidêmico;Episódico/Epidêmico;Se manteve
41;4106555;Episódico/Epidêmico;Episódico/Epidêmico;Se manteve
41;4106571;Episódico;Episódico/Epidêmico;Piorou
41;4106605;Episódico/Epidêmico;Epidêmico;Piorou
41;4106704;Episódico/Epidêmico;Episódico/Epidêmico;Se manteve
41;4106803;Episódico;Episódico;Se manteve
41;4106852;Episódico;Episódico/Epidêmico;Piorou
41;4106902;Epidêmico;Epidêmico;Se manteve
41;4107009;Episódico;Episódico;Se manteve
41;4107108;Episódico/Epidêmico;Epidêmico;Piorou
41;4107124;Episódico;Episódico/Epidêmico;Piorou
41;4107157;Episódico/Epidêmico;Episódico/Epidêmico;Se manteve
41;4107207;Episódico/Epidêmico;Episódico/Epidêmico;Se manteve
41;4107256;Episódico/Epidêmico;Episódico/Epidêmico;Se manteve
41;4107306;Episódico/Epidêmico;Episódico/Epidêmico;Se manteve
41;4107405;Episódico;Episódico/Epidêmico;Piorou
41;4107504;Episódico/Epidêmico;Epidêmico;Piorou
41;4107520;Episódico/Epidêmico;Episódico/Epidêmico;Se manteve
41;4107538;Episódico/Epidêmico;Episódico/Epidêmico;Se manteve
41;4107546;Episódico;Episódico/Epidêmico;Piorou
41;4107553;Episódico/Epidêmico;Episódico;Melhorou
41;4107603;Episódico/Epidêmico;Epidêmico;Piorou
41;4107652;Episódico;Episódico/Epidêmico;Piorou
41;4107702;Episódico/Epidêmico;Episódico/Epidêmico;Se manteve
41;4107736;Episódico;Episódico;Se manteve
41;4107751;Episódico;Episódico/Epidêmico;Piorou
41;4107801;Episódico/Epidêmico;Epidêmico;Piorou
41;4107850;Episódico;Episódico;Se manteve
41;4107900;Episódico/Epidêmico;Epidêmico;Piorou
41;4108007;Epidêmico;Epidêmico;Se manteve
41;4108106;Episódico/Epidêmico;Episódico/Epidêmico;Se manteve
41;4108205;Episódico/Epidêmico;Episódico/Epidêmico;Se manteve
41;4108304;Epidêmico;Transmissão Persistente;Piorou
41;4108320;Episódico/Epidêmico;Episódico/Epidêmico;Se manteve
41;4108403;Epidêmico;Transmissão Persistente;Piorou
41;4108452;Episódico;Episódico;Se manteve
41;4108502;Episódico;Episódico;Se manteve
41;4108551;Episódico/Epidêmico;Episódico/Epidêmico;Se manteve
41;4108601;Epidêmico;Epidêmico;Se manteve
41;4108650;Episódico;Episódico;Se manteve
41;4108700;Episódico/Epidêmico;Episódico/Epidêmico;Se manteve
41;4108809;Epidêmico;Epidêmico;Se manteve
41;4108908;Episódico/Epidêmico;Episódico/Epidêmico;Se manteve
41;4108957;Episódico;Episódico/Epidêmico;Piorou
41;4109005;Episódico;Episódico;Se manteve
41;4109104;Episódico/Epidêmico;Episódico/Epidêmico;Se manteve
41;4109203;Epidêmico;Epidêmico;Se manteve
41;4109302;Episódico/Epidêmico;Episódico/Epidêmico;Se manteve
41;4109401;Episódico/Epidêmico;Episódico/Epidêmico;Se manteve
41;4109500;Episódico;Episódico/Epidêmico;Piorou
41;4109609;Episódico/Epidêmico;Epidêmico;Piorou
41;4109658;Episódico;Episódico;Se manteve
41;4109708;Episódico/Epidêmico;Episódico/Epidêmico;Se manteve
41;4109757;Episódico/Epidêmico;Episódico/Epidêmico;Se manteve
41;4109807;Epidêmico;Epidêmico;Se manteve
41;4109906;Episódico/Epidêmico;Episódico/Epidêmico;Se manteve
41;4110003;Episódico/Epidêmico;Episódico/Epidêmico;Se manteve
41;4110052;Episódico/Epidêmico;Episódico/Epidêmico;Se manteve
41;4110078;Episódico;Episódico;Se manteve
41;4110102;Episódico/Epidêmico;Episódico/Epidêmico;Se manteve
41;4110201;Episódico;Sem transmissão;Melhorou
41;4110300;Episódico/Epidêmico;Episódico/Epidêmico;Se manteve
41;4110409;Episódico/Epidêmico;Episódico/Epidêmico;Se manteve
41;4110508;Episódico;Episódico;Se manteve
41;4110607;Episódico/Epidêmico;Epidêmico;Piorou
41;4110656;Episódico/Epidêmico;Episódico/Epidêmico;Se manteve
41;4110706;Episódico/Epidêmico;Episódico/Epidêmico;Se manteve
41;4110805;Episódico/Epidêmico;Episódico/Epidêmico;Se manteve
41;4110904;Episódico/Epidêmico;Episódico/Epidêmico;Se manteve
41;4110953;Episódico/Epidêmico;Epidêmico;Piorou
41;4111001;Episódico/Epidêmico;Episódico/Epidêmico;Se manteve
41;4111100;Episódico/Epidêmico;Episódico/Epidêmico;Se manteve
41;4111209;Episódico/Epidêmico;Episódico/Epidêmico;Se manteve
41;4111258;Episódico;Episódico;Se manteve
41;4111308;Episódico/Epidêmico;Episódico/Epidêmico;Se manteve
41;4111407;Episódico;Episódico;Se manteve
41;4111506;Episódico/Epidêmico;Epidêmico;Piorou
41;4111555;Episódico/Epidêmico;Episódico/Epidêmico;Se manteve
41;4111605;Episódico/Epidêmico;Episódico/Epidêmico;Se manteve
41;4111704;Episódico;Episódico;Se manteve
41;4111803;Epidêmico;Epidêmico;Se manteve
41;4111902;Epidêmico;Epidêmico;Se manteve
41;4112009;Episódico/Epidêmico;Episódico/Epidêmico;Se manteve
41;4112108;Epidêmico;Epidêmico;Se manteve
41;4112207;Episódico/Epidêmico;Episódico/Epidêmico;Se manteve
41;4112306;Episódico;Episódico;Se manteve
41;4112405;Episódico/Epidêmico;Episódico/Epidêmico;Se manteve
41;4112504;Episódico/Epidêmico;Episódico/Epidêmico;Se manteve
41;4112603;Episódico;Episódico/Epidêmico;Piorou
41;4112702;Epidêmico;Epidêmico;Se manteve
41;4112751;Episódico/Epidêmico;Episódico/Epidêmico;Se manteve
41;4112801;Episódico/Epidêmico;Episódico/Epidêmico;Se manteve
41;4112900;Episódico;Episódico;Se manteve
41;4112959;Episódico/Epidêmico;Epidêmico;Piorou
41;4113007;Episódico/Epidêmico;Episódico/Epidêmico;Se manteve
41;4113106;Episódico/Epidêmico;Episódico/Epidêmico;Se manteve
41;4113205;Episódico;Episódico;Se manteve
41;4113254;Episódico;Episódico;Se manteve
41;4113304;Episódico/Epidêmico;Episódico/Epidêmico;Se manteve
41;4113403;Episódico/Epidêmico;Episódico/Epidêmico;Se manteve
41;4113429;Episódico/Epidêmico;Episódico/Epidêmico;Se manteve
41;4113452;Episódico/Epidêmico;Episódico/Epidêmico;Se manteve
41;4113502;Epidêmico;Epidêmico;Se manteve
41;4113601;Episódico/Epidêmico;Episódico/Epidêmico;Se manteve
41;4113700;Epidêmico;Transmissão Persistente;Piorou
41;4113734;Episódico/Epidêmico;Episódico/Epidêmico;Se manteve
41;4113759;Episódico/Epidêmico;Episódico/Epidêmico;Se manteve
41;4113809;Epidêmico;Epidêmico;Se manteve
41;4113908;Episódico;Episódico/Epidêmico;Piorou
41;4114005;Episódico/Epidêmico;Episódico/Epidêmico;Se manteve
41;4114104;Episódico/Epidêmico;Epidêmico;Piorou
41;4114203;Episódico/Epidêmico;Epidêmico;Piorou
41;4114302;Episódico;Sem transmissão;Melhorou
41;4114351;Episódico;Episódico;Se manteve
41;4114401;Episódico;Episódico/Epidêmico;Piorou
41;4114500;Episódico;Episódico/Epidêmico;Piorou
41;4114609;Episódico/Epidêmico;Epidêmico;Piorou
41;4114708;Episódico/Epidêmico;Epidêmico;Piorou
41;4114807;Epidêmico;Epidêmico;Se manteve
41;4114906;Episódico/Epidêmico;Episódico/Epidêmico;Se manteve
41;4115002;Epidêmico;Epidêmico;Se manteve
41;4115101;Episódico/Epidêmico;Epidêmico;Piorou
41;4115200;Epidêmico;Transmissão Persistente;Piorou
41;4115309;Episódico;Episódico;Se manteve
41;4115358;Episódico/Epidêmico;Episódico/Epidêmico;Se manteve
41;4115408;Episódico/Epidêmico;Episódico/Epidêmico;Se manteve
41;4115457;Episódico;Episódico;Se manteve
41;4115507;Episódico/Epidêmico;Epidêmico;Piorou
41;4115606;Episódico/Epidêmico;Epidêmico;Piorou
41;4115705;Episódico/Epidêmico;Epidêmico;Piorou
41;4115739;Episódico;Episódico/Epidêmico;Piorou
41;4115754;Episódico/Epidêmico;Episódico/Epidêmico;Se manteve
41;4115804;Epidêmico;Epidêmico;Se manteve
41;4115853;Episódico/Epidêmico;Epidêmico;Piorou
41;4115903;Episódico/Epidêmico;Episódico/Epidêmico;Se manteve
41;4116000;Episódico/Epidêmico;Episódico/Epidêmico;Se manteve
41;4116059;Episódico/Epidêmico;Epidêmico;Piorou
41;4116109;Episódico/Epidêmico;Episódico/Epidêmico;Se manteve
41;4116208;Episódico/Epidêmico;Episódico/Epidêmico;Se manteve
41;4116307;Episódico/Epidêmico;Episódico/Epidêmico;Se manteve
41;4116406;Episódico/Epidêmico;Epidêmico;Piorou
41;4116505;Episódico/Epidêmico;Episódico/Epidêmico;Se manteve
41;4116604;Episódico/Epidêmico;Episódico/Epidêmico;Se manteve
41;4116703;Episódico/Epidêmico;Epidêmico;Piorou
41;4116802;Episódico/Epidêmico;Episódico/Epidêmico;Se manteve
41;4116901;Epidêmico;Epidêmico;Se manteve
41;4116950;Episódico;Episódico/Epidêmico;Piorou
41;4117008;Episódico/Epidêmico;Epidêmico;Piorou
41;4117057;Episódico/Epidêmico;Episódico/Epidêmico;Se manteve
41;4117107;Epidêmico;Epidêmico;Se manteve
41;4117206;Episódico/Epidêmico;Epidêmico;Piorou
41;4117214;Episódico/Epidêmico;Episódico/Epidêmico;Se manteve
41;4117222;Episódico/Epidêmico;Epidêmico;Piorou
41;4117255;Episódico/Epidêmico;Episódico/Epidêmico;Se manteve
41;4117271;Episódico;Episódico/Epidêmico;Piorou
41;4117297;Episódico/Epidêmico;Episódico/Epidêmico;Se manteve
41;4117305;Episódico;Episódico/Epidêmico;Piorou
41;4117404;Episódico/Epidêmico;Epidêmico;Piorou
41;4117453;Episódico/Epidêmico;Episódico/Epidêmico;Se manteve
41;4117503;Episódico/Epidêmico;Epidêmico;Piorou
41;4117602;Episódico/Epidêmico;Episódico/Epidêmico;Se manteve
41;4117701;Episódico/Epidêmico;Episódico/Epidêmico;Se manteve
41;4117800;Episódico;Episódico;Se manteve
41;4117909;Episódico/Epidêmico;Epidêmico;Piorou
41;4118006;Episódico/Epidêmico;Episódico/Epidêmico;Se manteve
41;4118105;Episódico/Epidêmico;Epidêmico;Piorou
41;4118204;Epidêmico;Epidêmico;Se manteve
41;4118303;Episódico/Epidêmico;Epidêmico;Piorou
41;4118402;Epidêmico;Epidêmico;Se manteve
41;4118451;Episódico/Epidêmico;Episódico/Epidêmico;Se manteve
41;4118501;Episódico/Epidêmico;Epidêmico;Piorou
41;4118600;Episódico;Episódico;Se manteve
41;4118709;Episódico;Episódico;Se manteve
41;4118808;Epidêmico;Episódico/Epidêmico;Melhorou
41;4118857;Episódico/Epidêmico;Epidêmico;Piorou
41;4118907;Episódico/Epidêmico;Epidêmico;Piorou
41;4119004;Episódico;Episódico/Epidêmico;Piorou
41;4119103;Episódico;Episódico;Se manteve
41;4119152;Episódico/Epidêmico;Episódico/Epidêmico;Se manteve
41;4119202;Episódico;Episódico/Epidêmico;Piorou
41;4119251;Episódico;Episódico/Epidêmico;Piorou
41;4119301;Episódico/Epidêmico;Episódico/Epidêmico;Se manteve
41;4119400;Episódico;Episódico/Epidêmico;Piorou
41;4119509;Episódico;Episódico;Se manteve
41;4119608;Episódico/Epidêmico;Episódico/Epidêmico;Se manteve
41;4119657;Episódico/Epidêmico;Episódico/Epidêmico;Se manteve
41;4119707;Episódico/Epidêmico;Episódico/Epidêmico;Se manteve
41;4119806;Episódico/Epidêmico;Episódico/Epidêmico;Se manteve
41;4119905;Episódico/Epidêmico;Epidêmico;Piorou
41;4119954;Episódico/Epidêmico;Epidêmico;Piorou
41;4120002;Epidêmico;Epidêmico;Se manteve
41;4120101;Episódico;Sem transmissão;Melhorou
41;4120150;Episódico/Epidêmico;Episódico;Melhorou
41;4120200;Episódico/Epidêmico;Epidêmico;Piorou
41;4120309;Sem transmissão;Episódico;Piorou
41;4120333;Episódico/Epidêmico;Episódico/Epidêmico;Se manteve
41;4120358;Episódico/Epidêmico;Episódico/Epidêmico;Se manteve
41;4120408;Episódico/Epidêmico;Episódico/Epidêmico;Se manteve
41;4120507;Epidêmico;Epidêmico;Se manteve
41;4120606;Episódico/Epidêmico;Episódico/Epidêmico;Se manteve
41;4120655;Episódico/Epidêmico;Episódico/Epidêmico;Se manteve
41;4120705;Episódico/Epidêmico;Episódico/Epidêmico;Se manteve
41;4120804;Episódico;Episódico/Epidêmico;Piorou
41;4120853;Episódico/Epidêmico;Episódico/Epidêmico;Se manteve
41;4120903;Episódico/Epidêmico;Epidêmico;Piorou
41;4121000;Episódico/Epidêmico;Epidêmico;Piorou
41;4121109;Episódico/Epidêmico;Episódico/Epidêmico;Se manteve
41;4121208;Episódico;Episódico;Se manteve
41;4121257;Episódico/Epidêmico;Episódico/Epidêmico;Se manteve
41;4121307;Episódico/Epidêmico;Episódico/Epidêmico;Se manteve
41;4121356;Episódico/Epidêmico;Episódico/Epidêmico;Se manteve
41;4121406;Episódico/Epidêmico;Epidêmico;Piorou
41;4121505;Episódico;Episódico;Se manteve
41;4121604;Episódico/Epidêmico;Episódico/Epidêmico;Se manteve
41;4121703;Episódico;Episódico/Epidêmico;Piorou
41;4121752;Sem transmissão;Episódico;Piorou
41;4121802;Episódico/Epidêmico;Episódico/Epidêmico;Se manteve
41;4121901;Episódico/Epidêmico;Episódico/Epidêmico;Se manteve
41;4122008;Episódico;Episódico;Se manteve
41;4122107;Episódico/Epidêmico;Episódico/Epidêmico;Se manteve
41;4122156;Episódico/Epidêmico;Episódico/Epidêmico;Se manteve
41;4122172;Episódico;Episódico;Se manteve
41;4122206;Episódico;Episódico;Se manteve
41;4122305;Episódico;Episódico/Epidêmico;Piorou
41;4122404;Epidêmico;Epidêmico;Se manteve
41;4122503;Episódico/Epidêmico;Epidêmico;Piorou
41;4122602;Episódico/Epidêmico;Epidêmico;Piorou
41;4122651;Episódico;Episódico/Epidêmico;Piorou
41;4122701;Episódico/Epidêmico;Episódico/Epidêmico;Se manteve
41;4122800;Episódico;Episódico;Se manteve
41;4122909;Episódico;Episódico/Epidêmico;Piorou
41;4123006;Episódico/Epidêmico;Episódico;Melhorou
41;4123105;Episódico/Epidêmico;Episódico/Epidêmico;Se manteve
41;4123204;Episódico/Epidêmico;Episódico/Epidêmico;Se manteve
41;4123303;Episódico/Epidêmico;Epidêmico;Piorou
41;4123402;Episódico/Epidêmico;Epidêmico;Piorou
41;4123501;Epidêmico;Epidêmico;Se manteve
41;4123600;Episódico/Epidêmico;Episódico/Epidêmico;Se manteve
41;4123709;Epidêmico;Epidêmico;Se manteve
41;4123808;Episódico/Epidêmico;Episódico/Epidêmico;Se manteve
41;4123824;Episódico/Epidêmico;Episódico/Epidêmico;Se manteve
41;4123857;Episódico;Episódico;Se manteve
41;4123907;Episódico/Epidêmico;Episódico/Epidêmico;Se manteve
41;4123956;Episódico/Epidêmico;Episódico/Epidêmico;Se manteve
41;4124004;Episódico;Episódico;Se manteve
41;4124020;Episódico/Epidêmico;Epidêmico;Piorou
41;4124053;Epidêmico;Epidêmico;Se manteve
41;4124103;Epidêmico;Epidêmico;Se manteve
41;4124202;Episódico/Epidêmico;Episódico/Epidêmico;Se manteve
41;4124301;Episódico;Episódico/Epidêmico;Piorou
41;4124400;Episódico/Epidêmico;Epidêmico;Piorou
41;4124509;Episódico/Epidêmico;Epidêmico;Piorou
41;4124608;Episódico/Epidêmico;Episódico/Epidêmico;Se manteve
41;4124707;Episódico/Epidêmico;Episódico/Epidêmico;Se manteve
41;4124806;Episódico;Episódico/Epidêmico;Piorou
41;4124905;Episódico/Epidêmico;Epidêmico;Piorou
41;4125001;Episódico/Epidêmico;Episódico/Epidêmico;Se manteve
41;4125100;Episódico;Episódico;Se manteve
41;4125209;Episódico/Epidêmico;Episódico/Epidêmico;Se manteve
41;4125308;Episódico/Epidêmico;Epidêmico;Piorou
41;4125357;Episódico/Epidêmico;Epidêmico;Piorou
41;4125407;Episódico;Episódico/Epidêmico;Piorou
41;4125456;Episódico/Epidêmico;Episódico/Epidêmico;Se manteve
41;4125506;Episódico/Epidêmico;Epidêmico;Piorou
41;4125555;Episódico/Epidêmico;Episódico/Epidêmico;Se manteve
41;4125605;Episódico/Epidêmico;Episódico;Melhorou
41;4125704;Epidêmico;Epidêmico;Se manteve
41;4125753;Episódico/Epidêmico;Episódico/Epidêmico;Se manteve
41;4125803;Episódico/Epidêmico;Episódico/Epidêmico;Se manteve
41;4125902;Episódico/Epidêmico;Episódico;Melhorou
41;4126009;Episódico/Epidêmico;Epidêmico;Piorou
41;4126108;Episódico/Epidêmico;Episódico/Epidêmico;Se manteve
41;4126207;Episódico;Episódico/Epidêmico;Piorou
41;4126256;Epidêmico;Epidêmico;Se manteve
41;4126272;Episódico;Episódico/Epidêmico;Piorou
41;4126306;Episódico;Episódico/Epidêmico;Piorou
41;4126355;Episódico/Epidêmico;Epidêmico;Piorou
41;4126405;Episódico/Epidêmico;Epidêmico;Piorou
41;4126504;Epidêmico;Epidêmico;Se manteve
41;4126603;Episódico/Epidêmico;Episódico/Epidêmico;Se manteve
41;4126652;Episódico;Episódico;Se manteve
41;4126678;Epidêmico;Epidêmico;Se manteve
41;4126702;Episódico/Epidêmico;Episódico/Epidêmico;Se manteve
41;4126801;Episódico/Epidêmico;Episódico/Epidêmico;Se manteve
41;4126900;Episódico/Epidêmico;Epidêmico;Piorou
41;4127007;Episódico;Episódico/Epidêmico;Piorou
41;4127106;Episódico/Epidêmico;Epidêmico;Piorou
41;4127205;Episódico/Epidêmico;Episódico/Epidêmico;Se manteve
41;4127304;Episódico/Epidêmico;Epidêmico;Piorou
41;4127403;Episódico/Epidêmico;Epidêmico;Piorou
41;4127502;Episódico;Episódico/Epidêmico;Piorou
41;4127601;Episódico;Episódico;Se manteve
41;4127700;Epidêmico;Epidêmico;Se manteve
41;4127809;Episódico/Epidêmico;Episódico/Epidêmico;Se manteve
41;4127858;Episódico/Epidêmico;Epidêmico;Piorou
41;4127882;Sem transmissão;Sem transmissão;Se manteve
41;4127908;Episódico/Epidêmico;Episódico/Epidêmico;Se manteve
41;4127957;Episódico/Epidêmico;Episódico/Epidêmico;Se manteve
41;4127965;Episódico;Episódico;Se manteve
41;4128005;Episódico/Epidêmico;Epidêmico;Piorou
41;4128104;Epidêmico;Epidêmico;Se manteve
41;4128203;Episódico/Epidêmico;Episódico/Epidêmico;Se manteve
41;4128302;Episódico/Epidêmico;Episódico/Epidêmico;Se manteve
41;4128401;Episódico/Epidêmico;Episódico/Epidêmico;Se manteve
41;4128500;Episódico;Episódico/Epidêmico;Piorou
41;4128534;Episódico;Episódico/Epidêmico;Piorou
41;4128559;Episódico/Epidêmico;Episódico/Epidêmico;Se manteve
41;4128609;Episódico/Epidêmico;Episódico/Epidêmico;Se manteve
41;4128625;Episódico;Episódico/Epidêmico;Piorou
41;4128633;Episódico;Sem transmissão;Melhorou
41;4128658;Episódico;Episódico/Epidêmico;Piorou
41;4128708;Episódico;Episódico/Epidêmico;Piorou
41;4128807;Episódico/Epidêmico;Episódico/Epidêmico;Se manteve
42;4200051;Sem transmissão;Sem transmissão;Se manteve
42;4200101;Episódico;Episódico/Epidêmico;Piorou
42;4200200;Episódico;Episódico;Se manteve
42;4200309;Episódico;Episódico;Se manteve
42;4200408;Episódico;Episódico;Se manteve
42;4200507;Episódico;Episódico/Epidêmico;Piorou
42;4200556;Episódico;Episódico;Se manteve
42;4200606;Sem transmissão;Episódico;Piorou
42;4200705;Episódico;Episódico;Se manteve
42;4200754;Sem transmissão;Episódico/Epidêmico;Piorou
42;4200804;Episódico;Episódico/Epidêmico;Piorou
42;4200903;Episódico;Episódico;Se manteve
42;4201000;Sem transmissão;Sem transmissão;Se manteve
42;4201109;Sem transmissão;Episódico;Piorou
42;4201208;Episódico;Episódico/Epidêmico;Piorou
42;4201257;Episódico;Episódico;Se manteve
42;4201273;Episódico;Episódico;Se manteve
42;4201307;Episódico;Epidêmico;Piorou
42;4201406;Episódico/Epidêmico;Episódico/Epidêmico;Se manteve
42;4201505;Sem transmissão;Episódico;Piorou
42;4201604;Episódico;Episódico;Se manteve
42;4201653;Episódico;Episódico;Se manteve
42;4201703;Episódico;Episódico;Se manteve
42;4201802;Episódico;Episódico;Se manteve
42;4201901;Episódico;Episódico/Epidêmico;Piorou
42;4201950;Episódico;Episódico;Se manteve
42;4202008;Epidêmico;Epidêmico;Se manteve
42;4202057;Episódico;Episódico/Epidêmico;Piorou
42;4202073;Episódico;Episódico/Epidêmico;Piorou
42;4202081;Episódico;Episódico;Se manteve
42;4202099;Episódico;Episódico/Epidêmico;Piorou
42;4202107;Episódico;Episódico/Epidêmico;Piorou
42;4202131;Episódico;Sem transmissão;Melhorou
42;4202156;Episódico;Episódico/Epidêmico;Piorou
42;4202206;Episódico;Episódico;Se manteve
42;4202305;Episódico/Epidêmico;Epidêmico;Piorou
42;4202404;Episódico/Epidêmico;Transmissão Persistente;Piorou
42;4202438;Sem transmissão;Sem transmissão;Se manteve
42;4202453;Episódico/Epidêmico;Epidêmico;Piorou
42;4202503;Episódico;Episódico;Se manteve
42;4202537;Episódico;Episódico;Se manteve
42;4202578;Episódico;Episódico/Epidêmico;Piorou
42;4202602;Episódico;Episódico;Se manteve
42;4202701;Episódico;Episódico/Epidêmico;Piorou
42;4202800;Episódico;Episódico/Epidêmico;Piorou
42;4202859;Episódico;Episódico;Se manteve
42;4202875;Sem transmissão;Sem transmissão;Se manteve
42;4202909;Episódico/Epidêmico;Epidêmico;Piorou
42;4203006;Episódico/Epidêmico;Episódico/Epidêmico;Se manteve
42;4203105;Episódico/Epidêmico;Episódico/Epidêmico;Se manteve
42;4203154;Sem transmissão;Sem transmissão;Se manteve
42;4203204;Episódico/Epidêmico;Epidêmico;Piorou
42;4203253;Sem transmissão;Sem transmissão;Se manteve
42;4203303;Episódico;Episódico/Epidêmico;Piorou
42;4203402;Sem transmissão;Episódico;Piorou
42;4203501;Episódico;Episódico/Epidêmico;Piorou
42;4203600;Episódico;Episódico;Se manteve
42;4203709;Episódico;Episódico/Epidêmico;Piorou
42;4203808;Episódico;Episódico/Epidêmico;Piorou
42;4203907;Episódico;Episódico;Se manteve
42;4203956;Episódico;Episódico/Epidêmico;Piorou
42;4204004;Episódico;Episódico;Se manteve
42;4204103;Episódico;Episódico/Epidêmico;Piorou
42;4204152;Sem transmissão;Sem transmissão;Se manteve
42;4204178;Sem transmissão;Sem transmissão;Se manteve
42;4204194;Sem transmissão;Episódico;Piorou
42;4204202;Epidêmico;Epidêmico;Se manteve
42;4204251;Episódico;Episódico;Se manteve
42;4204301;Episódico/Epidêmico;Epidêmico;Piorou
42;4204350;Episódico;Episódico/Epidêmico;Piorou
42;4204400;Episódico/Epidêmico;Epidêmico;Piorou
42;4204459;Episódico;Episódico;Se manteve
42;4204509;Episódico;Episódico;Se manteve
42;4204558;Sem transmissão;Episódico;Piorou
42;4204608;Episódico/Epidêmico;Episódico/Epidêmico;Se manteve
42;4204707;Episódico/Epidêmico;Episódico/Epidêmico;Se manteve
42;4204756;Episódico;Episódico;Se manteve
42;4204806;Episódico;Episódico;Se manteve
42;4204905;Episódico;Episódico/Epidêmico;Piorou
42;4205001;Episódico;Episódico/Epidêmico;Piorou
42;4205100;Sem transmissão;Episódico;Piorou
42;4205159;Episódico;Sem transmissão;Melhorou
42;4205175;Episódico;Episódico/Epidêmico;Piorou
42;4205191;Episódico;Episódico;Se manteve
42;4205209;Episódico;Episódico;Se manteve
42;4205308;Episódico;Episódico;Se manteve
42;4205357;Episódico;Episódico;Se manteve
42;4205407;Epidêmico;Transmissão Persistente;Piorou
42;4205431;Episódico;Episódico/Epidêmico;Piorou
42;4205456;Episódico;Episódico;Se manteve
42;4205506;Episódico;Episódico/Epidêmico;Piorou
42;4205555;Sem transmissão;Sem transmissão;Se manteve
42;4205605;Episódico;Episódico;Se manteve
42;4205704;Episódico/Epidêmico;Episódico/Epidêmico;Se manteve
42;4205803;Episódico;Epidêmico;Piorou
42;4205902;Episódico/Epidêmico;Episódico/Epidêmico;Se manteve
42;4206009;Episódico;Episódico;Se manteve
42;4206108;Episódico;Episódico;Se manteve
42;4206207;Episódico;Episódico;Se manteve
42;4206306;Episódico;Episódico/Epidêmico;Piorou
42;4206405;Episódico/Epidêmico;Episódico/Epidêmico;Se manteve
42;4206504;Episódico/Epidêmico;Episódico/Epidêmico;Se manteve
42;4206603;Episódico;Episódico/Epidêmico;Piorou
42;4206652;Episódico;Episódico/Epidêmico;Piorou
42;4206702;Episódico;Episódico;Se manteve
42;4206751;Sem transmissão;Episódico;Piorou
42;4206801;Episódico;Episódico;Se manteve
42;4206900;Episódico;Episódico/Epidêmico;Piorou
42;4207007;Episódico;Episódico/Epidêmico;Piorou
42;4207106;Episódico;Episódico/Epidêmico;Piorou
42;4207205;Episódico;Episódico;Se manteve
42;4207304;Episódico/Epidêmico;Episódico/Epidêmico;Se manteve
42;4207403;Episódico;Episódico;Se manteve
42;4207502;Episódico/Epidêmico;Epidêmico;Piorou
42;4207577;Sem transmissão;Sem transmissão;Se manteve
42;4207601;Episódico;Episódico/Epidêmico;Piorou
42;4207650;Episódico/Epidêmico;Episódico/Epidêmico;Se manteve
42;4207684;Episódico;Episódico/Epidêmico;Piorou
42;4207700;Episódico;Episódico/Epidêmico;Piorou
42;4207759;Episódico;Episódico;Se manteve
42;4207809;Episódico;Episódico;Se manteve
42;4207858;Episódico;Episódico;Se manteve
42;4207908;Episódico;Episódico;Se manteve
42;4208005;Episódico;Episódico/Epidêmico;Piorou
42;4208104;Episódico;Episódico;Se manteve
42;4208203;Epidêmico;Epidêmico;Se manteve
42;4208302;Episódico/Epidêmico;Epidêmico;Piorou
42;4208401;Episódico;Episódico/Epidêmico;Piorou
42;4208450;Episódico;Episódico/Epidêmico;Piorou
42;4208500;Episódico;Episódico/Epidêmico;Piorou
42;4208609;Episódico;Episódico;Se manteve
42;4208708;Episódico;Episódico;Se manteve
42;4208807;Episódico;Episódico;Se manteve
42;4208906;Episódico/Epidêmico;Epidêmico;Piorou
42;4208955;Episódico;Episódico;Se manteve
42;4209003;Episódico/Epidêmico;Episódico/Epidêmico;Se manteve
42;4209102;Epidêmico;Transmissão Persistente;Piorou
42;4209151;Episódico;Episódico;Se manteve
42;4209177;Episódico;Episódico;Se manteve
42;4209201;Episódico;Sem transmissão;Melhorou
42;4209300;Episódico/Epidêmico;Episódico/Epidêmico;Se manteve
42;4209409;Episódico/Epidêmico;Episódico/Epidêmico;Se manteve
42;4209458;Sem transmissão;Episódico;Piorou
42;4209508;Episódico;Episódico;Se manteve
42;4209607;Episódico;Episódico;Se manteve
42;4209706;Sem transmissão;Sem transmissão;Se manteve
42;4209805;Sem transmissão;Sem transmissão;Se manteve
42;4209854;Episódico;Episódico;Se manteve
42;4209904;Episódico;Episódico/Epidêmico;Piorou
42;4210001;Episódico;Episódico;Se manteve
42;4210035;Episódico;Episódico;Se manteve
42;4210050;Sem transmissão;Episódico;Piorou
42;4210100;Episódico/Epidêmico;Episódico/Epidêmico;Se manteve
42;4210209;Episódico;Episódico;Se manteve
42;4210308;Episódico;Sem transmissão;Melhorou
42;4210407;Episódico;Episódico;Se manteve
42;4210506;Episódico/Epidêmico;Epidêmico;Piorou
42;4210555;Episódico;Episódico;Se manteve
42;4210605;Episódico;Episódico/Epidêmico;Piorou
42;4210704;Sem transmissão;Sem transmissão;Se manteve
42;4210803;Sem transmissão;Episódico;Piorou
42;4210852;Sem transmissão;Sem transmissão;Se manteve
42;4210902;Episódico;Episódico/Epidêmico;Piorou
42;4211009;Episódico;Epidêmico;Piorou
42;4211058;Sem transmissão;Sem transmissão;Se manteve
42;4211108;Episódico;Episódico;Se manteve
42;4211207;Episódico;Episódico;Se manteve
42;4211256;Sem transmissão;Sem transmissão;Se manteve
42;4211306;Episódico/Epidêmico;Epidêmico;Piorou
42;4211405;Episódico;Episódico/Epidêmico;Piorou
42;4211454;Episódico;Episódico/Epidêmico;Piorou
42;4211504;Episódico;Episódico/Epidêmico;Piorou
42;4211603;Episódico;Episódico;Se manteve
42;4211652;Episódico;Episódico/Epidêmico;Piorou
42;4211702;Episódico;Episódico;Se manteve
42;4211751;Episódico;Episódico;Se manteve
42;4211801;Episódico;Episódico;Se manteve
42;4211850;Episódico;Episódico;Se manteve
42;4211876;Episódico;Episódico;Se manteve
42;4211892;Sem transmissão;Sem transmissão;Se manteve
42;4211900;Episódico/Epidêmico;Epidêmico;Piorou
42;4212007;Episódico;Episódico/Epidêmico;Piorou
42;4212056;Sem transmissão;Sem transmissão;Se manteve
42;4212106;Episódico;Epidêmico;Piorou
42;4212205;Episódico;Episódico/Epidêmico;Piorou
42;4212239;Episódico;Episódico;Se manteve
42;4212254;Episódico;Episódico;Se manteve
42;4212270;Sem transmissão;Episódico;Piorou
42;4212304;Episódico;Episódico;Se manteve
42;4212403;Sem transmissão;Episódico;Piorou
42;4212502;Episódico/Epidêmico;Epidêmico;Piorou
42;4212601;Episódico;Episódico;Se manteve
42;4212650;Episódico;Episódico/Epidêmico;Piorou
42;4212700;Episódico;Episódico;Se manteve
42;4212809;Episódico/Epidêmico;Epidêmico;Piorou
42;4212908;Episódico/Epidêmico;Episódico/Epidêmico;Se manteve
42;4213005;Episódico;Sem transmissão;Melhorou
42;4213104;Episódico;Episódico;Se manteve
42;4213153;Episódico;Episódico/Epidêmico;Piorou
42;4213203;Episódico/Epidêmico;Episódico/Epidêmico;Se manteve
42;4213302;Sem transmissão;Sem transmissão;Se manteve
42;4213351;Episódico;Sem transmissão;Melhorou
42;4213401;Episódico;Episódico;Se manteve
42;4213500;Episódico/Epidêmico;Epidêmico;Piorou
42;4213609;Episódico/Epidêmico;Episódico/Epidêmico;Se manteve
42;4213708;Episódico;Episódico/Epidêmico;Piorou
42;4213807;Episódico;Episódico;Se manteve
42;4213906;Sem transmissão;Episódico/Epidêmico;Piorou
42;4214003;Episódico;Episódico;Se manteve
42;4214102;Sem transmissão;Episódico;Piorou
42;4214151;Episódico;Episódico;Se manteve
42;4214201;Episódico;Episódico/Epidêmico;Piorou
42;4214300;Sem transmissão;Sem transmissão;Se manteve
42;4214409;Sem transmissão;Sem transmissão;Se manteve
42;4214508;Sem transmissão;Episódico;Piorou
42;4214607;Episódico;Sem transmissão;Melhorou
42;4214706;Episódico;Episódico;Se manteve
42;4214805;Episódico/Epidêmico;Episódico/Epidêmico;Se manteve
42;4214904;Episódico;Episódico/Epidêmico;Piorou
42;4215000;Episódico/Epidêmico;Episódico/Epidêmico;Se manteve
42;4215059;Sem transmissão;Sem transmissão;Se manteve
42;4215075;Episódico;Episódico/Epidêmico;Piorou
42;4215109;Episódico;Episódico/Epidêmico;Piorou
42;4215208;Episódico;Episódico;Se manteve
42;4215307;Episódico;Episódico/Epidêmico;Piorou
42;4215356;Episódico;Episódico;Se manteve
42;4215406;Episódico;Episódico;Se manteve
42;4215455;Episódico;Episódico;Se manteve
42;4215505;Episódico;Episódico;Se manteve
42;4215554;Episódico;Episódico/Epidêmico;Piorou
42;4215604;Episódico;Episódico;Se manteve
42;4215653;Episódico;Episódico;Se manteve
42;4215679;Episódico;Sem transmissão;Melhorou
42;4215687;Episódico;Episódico;Se manteve
42;4215695;Episódico;Episódico/Epidêmico;Piorou
42;4215703;Episódico;Episódico/Epidêmico;Piorou
42;4215752;Episódico;Episódico;Se manteve
42;4215802;Episódico/Epidêmico;Episódico/Epidêmico;Se manteve
42;4215901;Episódico;Episódico/Epidêmico;Piorou
42;4216008;Episódico;Episódico/Epidêmico;Piorou
42;4216057;Episódico;Sem transmissão;Melhorou
42;4216107;Episódico;Episódico;Se manteve
42;4216206;Episódico/Epidêmico;Epidêmico;Piorou
42;4216255;Episódico;Episódico/Epidêmico;Piorou
42;4216305;Episódico;Episódico/Epidêmico;Piorou
42;4216354;Episódico;Episódico;Se manteve
42;4216404;Episódico;Episódico;Se manteve
42;4216503;Episódico;Episódico;Se manteve
42;4216602;Episódico/Epidêmico;Epidêmico;Piorou
42;4216701;Episódico/Epidêmico;Episódico/Epidêmico;Se manteve
42;4216800;Episódico;Sem transmissão;Melhorou
42;4216909;Episódico;Episódico/Epidêmico;Piorou
42;4217006;Episódico;Episódico;Se manteve
42;4217105;Episódico;Episódico;Se manteve
42;4217154;Episódico;Episódico;Se manteve
42;4217204;Episódico/Epidêmico;Epidêmico;Piorou
42;4217253;Episódico;Episódico/Epidêmico;Piorou
42;4217303;Episódico;Episódico/Epidêmico;Piorou
42;4217402;Episódico;Episódico/Epidêmico;Piorou
42;4217501;Episódico/Epidêmico;Epidêmico;Piorou
42;4217550;Episódico;Episódico;Se manteve
42;4217600;Episódico;Episódico;Se manteve
42;4217709;Episódico;Episódico;Se manteve
42;4217758;Episódico;Episódico/Epidêmico;Piorou
42;4217808;Episódico;Episódico/Epidêmico;Piorou
42;4217907;Episódico;Episódico;Se manteve
42;4217956;Episódico;Episódico;Se manteve
42;4218004;Episódico/Epidêmico;Epidêmico;Piorou
42;4218103;Sem transmissão;Sem transmissão;Se manteve
42;4218202;Episódico/Epidêmico;Episódico/Epidêmico;Se manteve
42;4218251;Sem transmissão;Sem transmissão;Se manteve
42;4218301;Episódico/Epidêmico;Episódico;Melhorou
42;4218350;Episódico;Sem transmissão;Melhorou
42;4218400;Episódico;Episódico;Se manteve
42;4218509;Episódico;Episódico;Se manteve
42;4218608;Episódico;Episódico/Epidêmico;Piorou
42;4218707;Episódico/Epidêmico;Episódico/Epidêmico;Se manteve
42;4218756;Episódico;Episódico/Epidêmico;Piorou
42;4218806;Episódico;Episódico;Se manteve
42;4218855;Episódico;Episódico;Se manteve
42;4218905;Episódico;Episódico;Se manteve
42;4218954;Sem transmissão;Sem transmissão;Se manteve
42;4219002;Episódico;Episódico;Se manteve
42;4219101;Episódico;Episódico;Se manteve
42;4219150;Episódico;Episódico;Se manteve
42;4219176;Episódico;Episódico;Se manteve
42;4219200;Episódico;Episódico/Epidêmico;Piorou
42;4219309;Episódico/Epidêmico;Episódico/Epidêmico;Se manteve
42;4219358;Episódico;Episódico;Se manteve
42;4219408;Episódico;Episódico;Se manteve
42;4219507;Episódico/Epidêmico;Epidêmico;Piorou
42;4219606;Episódico;Episódico/Epidêmico;Piorou
42;4219705;Episódico/Epidêmico;Episódico/Epidêmico;Se manteve
42;4219853;Sem transmissão;Episódico;Piorou
42;4220000;Episódico;Episódico;Se manteve
43;4300034;Episódico;Episódico;Se manteve
43;4300059;Episódico;Episódico/Epidêmico;Piorou
43;4300109;Episódico;Episódico/Epidêmico;Piorou
43;4300208;Episódico;Episódico/Epidêmico;Piorou
43;4300307;Episódico;Episódico/Epidêmico;Piorou
43;4300406;Episódico/Epidêmico;Episódico;Melhorou
43;4300455;Episódico;Episódico;Se manteve
43;4300471;Sem transmissão;Episódico;Piorou
43;4300505;Episódico;Episódico/Epidêmico;Piorou
43;4300554;Sem transmissão;Episódico;Piorou
43;4300570;Sem transmissão;Episódico;Piorou
43;4300604;Episódico/Epidêmico;Episódico/Epidêmico;Se manteve
43;4300638;Sem transmissão;Sem transmissão;Se manteve
43;4300646;Episódico;Episódico/Epidêmico;Piorou
43;4300661;Sem transmissão;Sem transmissão;Se manteve
43;4300703;Episódico;Episódico;Se manteve
43;4300802;Episódico;Episódico/Epidêmico;Piorou
43;4300851;Sem transmissão;Sem transmissão;Se manteve
43;4300877;Episódico;Episódico;Se manteve
43;4300901;Sem transmissão;Episódico/Epidêmico;Piorou
43;4301008;Episódico;Episódico/Epidêmico;Piorou
43;4301057;Episódico;Episódico;Se manteve
43;4301073;Sem transmissão;Episódico;Piorou
43;4301107;Episódico;Episódico;Se manteve
43;4301206;Episódico;Episódico/Epidêmico;Piorou
43;4301305;Sem transmissão;Episódico;Piorou
43;4301404;Episódico;Episódico/Epidêmico;Piorou
43;4301503;Episódico;Episódico;Se manteve
43;4301552;Sem transmissão;Episódico;Piorou
43;4301602;Episódico;Episódico;Se manteve
43;4301636;Episódico;Episódico/Epidêmico;Piorou
43;4301651;Episódico;Sem transmissão;Melhorou
43;4301701;Episódico;Episódico/Epidêmico;Piorou
43;4301750;Sem transmissão;Sem transmissão;Se manteve
43;4301800;Episódico;Episódico;Se manteve
43;4301859;Episódico;Episódico;Se manteve
43;4301875;Sem transmissão;Sem transmissão;Se manteve
43;4301909;Episódico;Episódico;Se manteve
43;4301925;Sem transmissão;Sem transmissão;Se manteve
43;4301958;Episódico;Episódico;Se manteve
43;4302006;Sem transmissão;Episódico/Epidêmico;Piorou
43;4302055;Sem transmissão;Episódico;Piorou
43;4302105;Episódico/Epidêmico;Episódico/Epidêmico;Se manteve
43;4302154;Episódico;Episódico;Se manteve
43;4302204;Episódico;Episódico;Se manteve
43;4302220;Episódico;Episódico;Se manteve
43;4302238;Episódico;Sem transmissão;Melhorou
43;4302253;Episódico;Episódico;Se manteve
43;4302303;Episódico;Episódico;Se manteve
43;4302352;Episódico;Episódico;Se manteve
43;4302378;Episódico;Episódico;Se manteve
43;4302402;Episódico;Episódico/Epidêmico;Piorou
43;4302451;Sem transmissão;Episódico;Piorou
43;4302501;Episódico;Episódico;Se manteve
43;4302584;Episódico;Episódico/Epidêmico;Piorou
43;4302600;Episódico;Episódico;Se manteve
43;4302659;Sem transmissão;Sem transmissão;Se manteve
43;4302709;Episódico;Sem transmissão;Melhorou
43;4302808;Episódico;Episódico;Se manteve
43;4302907;Episódico;Episódico;Se manteve
43;4303004;Episódico/Epidêmico;Episódico/Epidêmico;Se manteve
43;4303103;Episódico/Epidêmico;Episódico/Epidêmico;Se manteve
43;4303202;Episódico;Episódico;Se manteve
43;4303301;Episódico;Episódico;Se manteve
43;4303400;Episódico;Episódico;Se manteve
43;4303509;Episódico;Episódico;Se manteve
43;4303558;Episódico;Episódico;Se manteve
43;4303608;Episódico;Sem transmissão;Melhorou
43;4303673;Episódico;Sem transmissão;Melhorou
43;4303707;Episódico;Episódico;Se manteve
43;4303806;Episódico;Episódico/Epidêmico;Piorou
43;4303905;Episódico;Episódico/Epidêmico;Piorou
43;4304002;Episódico;Episódico/Epidêmico;Piorou
43;4304101;Episódico;Sem transmissão;Melhorou
43;4304200;Episódico;Episódico/Epidêmico;Piorou
43;4304309;Episódico/Epidêmico;Episódico/Epidêmico;Se manteve
43;4304358;Sem transmissão;Sem transmissão;Se manteve
43;4304408;Episódico;Episódico/Epidêmico;Piorou
43;4304507;Episódico;Episódico;Se manteve
43;4304606;Episódico/Epidêmico;Epidêmico;Piorou
43;4304614;Episódico;Episódico;Se manteve
43;4304622;Sem transmissão;Episódico;Piorou
43;4304630;Episódico;Episódico;Se manteve
43;4304655;Sem transmissão;Sem transmissão;Se manteve
43;4304663;Episódico;Episódico/Epidêmico;Piorou
43;4304671;Episódico;Sem transmissão;Melhorou
43;4304689;Episódico;Sem transmissão;Melhorou
43;4304697;Sem transmissão;Episódico;Piorou
43;4304705;Episódico/Epidêmico;Episódico/Epidêmico;Se manteve
43;4304713;Episódico;Episódico;Se manteve
43;4304804;Episódico;Episódico;Se manteve
43;4304853;Sem transmissão;Sem transmissão;Se manteve
43;4304903;Episódico;Episódico;Se manteve
43;4304952;Sem transmissão;Episódico;Piorou
43;4305009;Episódico/Epidêmico;Episódico/Epidêmico;Se manteve
43;4305108;Episódico/Epidêmico;Episódico/Epidêmico;Se manteve
43;4305116;Sem transmissão;Episódico;Piorou
43;4305124;Sem transmissão;Sem transmissão;Se manteve
43;4305132;Episódico;Episódico;Se manteve
43;4305157;Sem transmissão;Episódico;Piorou
43;4305173;Episódico;Sem transmissão;Melhorou
43;4305207;Episódico;Episódico/Epidêmico;Piorou
43;4305306;Episódico;Episódico/Epidêmico;Piorou
43;4305355;Episódico;Episódico;Se manteve
43;4305371;Episódico;Episódico;Se manteve
43;4305405;Episódico;Episódico;Se manteve
43;4305439;Sem transmissão;Sem transmissão;Se manteve
43;4305447;Sem transmissão;Episódico;Piorou
43;4305454;Episódico;Episódico;Se manteve
43;4305504;Sem transmissão;Sem transmissão;Se manteve
43;4305587;Episódico;Episódico;Se manteve
43;4305603;Episódico;Episódico/Epidêmico;Piorou
43;4305702;Episódico;Episódico/Epidêmico;Piorou
43;4305801;Episódico;Episódico/Epidêmico;Piorou
43;4305835;Sem transmissão;Episódico;Piorou
43;4305850;Sem transmissão;Sem transmissão;Se manteve
43;4305871;Sem transmissão;Sem transmissão;Se manteve
43;4305900;Episódico;Episódico/Epidêmico;Piorou
43;4305934;Sem transmissão;Episódico;Piorou
43;4305959;Episódico;Episódico;Se manteve
43;4305975;Episódico;Episódico;Se manteve
43;4306007;Episódico;Episódico/Epidêmico;Piorou
43;4306056;Sem transmissão;Episódico;Piorou
43;4306072;Sem transmissão;Episódico;Piorou
43;4306106;Episódico/Epidêmico;Episódico/Epidêmico;Se manteve
43;4306130;Episódico;Episódico;Se manteve
43;4306205;Episódico;Episódico/Epidêmico;Piorou
43;4306304;Sem transmissão;Episódico;Piorou
43;4306320;Episódico;Episódico;Se manteve
43;4306353;Episódico;Sem transmissão;Melhorou
43;4306379;Episódico;Episódico;Se manteve
43;4306403;Episódico;Epidêmico;Piorou
43;4306429;Episódico;Episódico;Se manteve
43;4306452;Sem transmissão;Episódico;Piorou
43;4306502;Sem transmissão;Sem transmissão;Se manteve
43;4306551;Episódico;Sem transmissão;Melhorou
43;4306601;Episódico;Episódico/Epidêmico;Piorou
43;4306700;Sem transmissão;Sem transmissão;Se manteve
43;4306734;Episódico;Episódico;Se manteve
43;4306759;Episódico;Episódico;Se manteve
43;4306767;Episódico;Episódico;Se manteve
43;4306809;Episódico;Episódico/Epidêmico;Piorou
43;4306908;Episódico;Episódico/Epidêmico;Piorou
43;4306924;Episódico;Episódico;Se manteve
43;4306932;Episódico;Episódico/Epidêmico;Piorou
43;4306957;Sem transmissão;Episódico/Epidêmico;Piorou
43;4306973;Episódico;Episódico;Se manteve
43;4307005;Episódico/Epidêmico;Epidêmico;Piorou
43;4307054;Episódico;Episódico;Se manteve
43;4307104;Sem transmissão;Episódico;Piorou
43;4307203;Episódico;Episódico;Se manteve
43;4307302;Episódico;Episódico;Se manteve
43;4307401;Sem transmissão;Sem transmissão;Se manteve
43;4307450;Episódico;Episódico;Se manteve
43;4307500;Episódico;Episódico/Epidêmico;Piorou
43;4307559;Episódico;Episódico/Epidêmico;Piorou
43;4307609;Episódico/Epidêmico;Episódico/Epidêmico;Se manteve
43;4307708;Episódico;Episódico/Epidêmico;Piorou
43;4307807;Episódico;Episódico/Epidêmico;Piorou
43;4307815;Sem transmissão;Episódico;Piorou
43;4307831;Episódico;Episódico;Se manteve
43;4307864;Sem transmissão;Episódico;Piorou
43;4307906;Episódico/Epidêmico;Episódico;Melhorou
43;4308003;Episódico;Episódico;Se manteve
43;4308052;Sem transmissão;Episódico;Piorou
43;4308078;Episódico;Episódico/Epidêmico;Piorou
43;4308102;Episódico;Episódico/Epidêmico;Piorou
43;4308201;Episódico;Episódico/Epidêmico;Piorou
43;4308250;Sem transmissão;Episódico;Piorou
43;4308300;Sem transmissão;Episódico;Piorou
43;4308409;Episódico;Episódico;Se manteve
43;4308433;Sem transmissão;Episódico;Piorou
43;4308458;Episódico;Episódico;Se manteve
43;4308508;Episódico/Epidêmico;Episódico/Epidêmico;Se manteve
43;4308607;Episódico;Episódico/Epidêmico;Piorou
43;4308656;Sem transmissão;Sem transmissão;Se manteve
43;4308706;Episódico;Episódico/Epidêmico;Piorou
43;4308805;Episódico;Episódico/Epidêmico;Piorou
43;4308854;Sem transmissão;Episódico;Piorou
43;4308904;Episódico;Episódico/Epidêmico;Piorou
43;4309001;Episódico/Epidêmico;Episódico/Epidêmico;Se manteve
43;4309050;Episódico;Episódico;Se manteve
43;4309100;Episódico;Episódico/Epidêmico;Piorou
43;4309126;Sem transmissão;Episódico;Piorou
43;4309159;Episódico;Episódico;Se manteve
43;4309209;Episódico/Epidêmico;Episódico/Epidêmico;Se manteve
43;4309258;Episódico;Episódico;Se manteve
43;4309308;Episódico/Epidêmico;Episódico/Epidêmico;Se manteve
43;4309407;Episódico;Episódico/Epidêmico;Piorou
43;4309506;Episódico;Episódico;Se manteve
43;4309555;Episódico;Sem transmissão;Melhorou
43;4309571;Sem transmissão;Episódico;Piorou
43;4309605;Episódico/Epidêmico;Episódico/Epidêmico;Se manteve
43;4309654;Sem transmissão;Episódico;Piorou
43;4309704;Episódico;Episódico/Epidêmico;Piorou
43;4309753;Sem transmissão;Episódico;Piorou
43;4309803;Episódico;Episódico;Se manteve
43;4309902;Sem transmissão;Episódico/Epidêmico;Piorou
43;4309951;Sem transmissão;Episódico;Piorou
43;4310009;Episódico;Episódico/Epidêmico;Piorou
43;4310108;Episódico;Epidêmico;Piorou
43;4310207;Episódico/Epidêmico;Epidêmico;Piorou
43;4310306;Episódico;Episódico;Se manteve
43;4310330;Episódico;Episódico/Epidêmico;Piorou
43;4310363;Episódico;Episódico;Se manteve
43;4310405;Episódico;Episódico;Se manteve
43;4310413;Sem transmissão;Episódico;Piorou
43;4310439;Sem transmissão;Episódico/Epidêmico;Piorou
43;4310462;Episódico;Episódico;Se manteve
43;4310504;Episódico;Episódico;Se manteve
43;4310538;Episódico;Episódico;Se manteve
43;4310553;Episódico;Episódico;Se manteve
43;4310579;Episódico;Episódico;Se manteve
43;4310603;Episódico;Episódico;Se manteve
43;4310652;Sem transmissão;Sem transmissão;Se manteve
43;4310702;Episódico;Episódico;Se manteve
43;4310751;Sem transmissão;Sem transmissão;Se manteve
43;4310801;Episódico;Episódico/Epidêmico;Piorou
43;4310850;Episódico;Episódico;Se manteve
43;4310876;Sem transmissão;Sem transmissão;Se manteve
43;4310900;Episódico;Episódico/Epidêmico;Piorou
43;4311007;Episódico;Episódico;Se manteve
43;4311106;Episódico;Episódico;Se manteve
43;4311122;Sem transmissão;Sem transmissão;Se manteve
43;4311130;Sem transmissão;Sem transmissão;Se manteve
43;4311155;Episódico;Episódico;Se manteve
43;4311205;Episódico;Episódico;Se manteve
43;4311239;Sem transmissão;Episódico;Piorou
43;4311254;Sem transmissão;Episódico;Piorou
43;4311270;Episódico;Episódico/Epidêmico;Piorou
43;4311304;Episódico;Episódico/Epidêmico;Piorou
43;4311403;Episódico/Epidêmico;Epidêmico;Piorou
43;4311429;Episódico;Episódico;Se manteve
43;4311502;Sem transmissão;Episódico;Piorou
43;4311601;Episódico;Episódico;Se manteve
43;4311627;Episódico;Episódico;Se manteve
43;4311643;Episódico;Episódico;Se manteve
43;4311700;Episódico;Episódico/Epidêmico;Piorou
43;4311718;Sem transmissão;Episódico;Piorou
43;4311734;Sem transmissão;Sem transmissão;Se manteve
43;4311759;Sem transmissão;Episódico;Piorou
43;4311775;Episódico;Episódico;Se manteve
43;4311791;Sem transmissão;Episódico;Piorou
43;4311809;Episódico/Epidêmico;Episódico/Epidêmico;Se manteve
43;4311908;Episódico;Episódico/Epidêmico;Piorou
43;4311981;Episódico;Episódico;Se manteve
43;4312005;Sem transmissão;Episódico/Epidêmico;Piorou
43;4312054;Sem transmissão;Episódico/Epidêmico;Piorou
43;4312104;Sem transmissão;Episódico;Piorou
43;4312138;Episódico;Episódico;Se manteve
43;4312153;Episódico;Episódico/Epidêmico;Piorou
43;4312179;Episódico;Episódico;Se manteve
43;4312203;Episódico;Episódico;Se manteve
43;4312252;Episódico;Episódico;Se manteve
43;4312302;Episódico;Episódico/Epidêmico;Piorou
43;4312351;Episódico;Episódico;Se manteve
43;4312377;Episódico;Sem transmissão;Melhorou
43;4312385;Episódico;Episódico;Se manteve
43;4312401;Episódico/Epidêmico;Episódico/Epidêmico;Se manteve
43;4312427;Episódico;Episódico;Se manteve
43;4312443;Episódico;Episódico;Se manteve
43;4312450;Sem transmissão;Episódico;Piorou
43;4312476;Episódico;Episódico;Se manteve
43;4312500;Episódico;Episódico;Se manteve
43;4312609;Episódico;Episódico/Epidêmico;Piorou
43;4312617;Sem transmissão;Sem transmissão;Se manteve
43;4312625;Episódico;Sem transmissão;Melhorou
43;4312658;Episódico;Episódico/Epidêmico;Piorou
43;4312674;Episódico;Episódico;Se manteve
43;4312708;Episódico;Episódico/Epidêmico;Piorou
43;4312757;Episódico;Episódico;Se manteve
43;4312807;Episódico;Episódico;Se manteve
43;4312906;Episódico;Episódico;Se manteve
43;4312955;Episódico;Episódico;Se manteve
43;4313003;Sem transmissão;Episódico;Piorou
43;4313011;Episódico;Episódico/Epidêmico;Piorou
43;4313037;Episódico;Episódico/Epidêmico;Piorou
43;4313060;Episódico;Episódico/Epidêmico;Piorou
43;4313086;Episódico;Episódico;Se manteve
43;4313102;Episódico;Episódico;Se manteve
43;4313201;Episódico;Episódico/Epidêmico;Piorou
43;4313300;Episódico;Episódico/Epidêmico;Piorou
43;4313334;Episódico;Episódico;Se manteve
43;4313359;Episódico;Sem transmissão;Melhorou
43;4313375;Episódico;Episódico/Epidêmico;Piorou
43;4313391;Episódico;Episódico;Se manteve
43;4313409;Episódico/Epidêmico;Epidêmico;Piorou
43;4313425;Episódico;Episódico/Epidêmico;Piorou
43;4313441;Episódico;Episódico;Se manteve
43;4313466;Episódico;Episódico/Epidêmico;Piorou
43;4313490;Episódico;Episódico;Se manteve
43;4313508;Episódico;Episódico;Se manteve
43;4313607;Episódico;Episódico;Se manteve
43;4313656;Episódico;Episódico;Se manteve
43;4313706;Episódico;Episódico/Epidêmico;Piorou
43;4313805;Episódico;Episódico;Se manteve
43;4313904;Episódico/Epidêmico;Episódico/Epidêmico;Se manteve
43;4313953;Episódico;Episódico;Se manteve
43;4314001;Episódico;Episódico;Se manteve
43;4314027;Sem transmissão;Episódico;Piorou
43;4314035;Sem transmissão;Episódico;Piorou
43;4314050;Episódico;Epidêmico;Piorou
43;4314068;Sem transmissão;Episódico;Piorou
43;4314076;Sem transmissão;Episódico/Epidêmico;Piorou
43;4314100;Episódico/Epidêmico;Epidêmico;Piorou
43;4314134;Episódico;Episódico;Se manteve
43;4314159;Episódico;Episódico/Epidêmico;Piorou
43;4314175;Sem transmissão;Sem transmissão;Se manteve
43;4314209;Sem transmissão;Episódico;Piorou
43;4314308;Episódico;Episódico;Se manteve
43;4314407;Episódico/Epidêmico;Episódico/Epidêmico;Se manteve
43;4314423;Episódico;Episódico;Se manteve
43;4314456;Sem transmissão;Episódico;Piorou
43;4314464;Sem transmissão;Episódico;Piorou
43;4314472;Sem transmissão;Episódico;Piorou
43;4314498;Episódico;Episódico;Se manteve
43;4314506;Episódico;Episódico;Se manteve
43;4314548;Sem transmissão;Sem transmissão;Se manteve
43;4314555;Episódico;Episódico;Se manteve
43;4314605;Sem transmissão;Episódico;Piorou
43;4314704;Episódico;Episódico/Epidêmico;Piorou
43;4314753;Episódico;Episódico;Se manteve
43;4314779;Episódico;Sem transmissão;Melhorou
43;4314787;Episódico;Episódico;Se manteve
43;4314803;Episódico;Episódico;Se manteve
43;4314902;Epidêmico;Epidêmico;Se manteve
43;4315008;Episódico;Episódico;Se manteve
43;4315057;Episódico;Episódico;Se manteve
43;4315073;Episódico;Episódico;Se manteve
43;4315107;Episódico;Episódico;Se manteve
43;4315131;Episódico;Episódico;Se manteve
43;4315149;Episódico;Episódico;Se manteve
43;4315156;Sem transmissão;Episódico/Epidêmico;Piorou
43;4315172;Episódico;Sem transmissão;Melhorou
43;4315206;Sem transmissão;Episódico;Piorou
43;4315305;Sem transmissão;Episódico;Piorou
43;4315313;Sem transmissão;Episódico/Epidêmico;Piorou
43;4315321;Episódico;Episódico;Se manteve
43;4315354;Episódico;Episódico/Epidêmico;Piorou
43;4315404;Episódico;Episódico/Epidêmico;Piorou
43;4315453;Sem transmissão;Episódico;Piorou
43;4315503;Sem transmissão;Episódico;Piorou
43;4315552;Sem transmissão;Episódico/Epidêmico;Piorou
43;4315602;Episódico/Epidêmico;Episódico/Epidêmico;Se manteve
43;4315701;Episódico;Episódico/Epidêmico;Piorou
43;4315750;Sem transmissão;Sem transmissão;Se manteve
43;4315800;Episódico;Episódico/Epidêmico;Piorou
43;4315909;Episódico;Episódico;Se manteve
43;4315958;Episódico;Episódico/Epidêmico;Piorou
43;4316006;Episódico;Episódico/Epidêmico;Piorou
43;4316105;Episódico;Episódico/Epidêmico;Piorou
43;4316204;Episódico;Episódico;Se manteve
43;4316303;Episódico;Episódico/Epidêmico;Piorou
43;4316402;Episódico;Episódico/Epidêmico;Piorou
43;4316428;Sem transmissão;Episódico;Piorou
43;4316436;Episódico;Episódico;Se manteve
43;4316451;Episódico;Episódico/Epidêmico;Piorou
43;4316477;Episódico;Episódico;Se manteve
43;4316501;Episódico;Episódico;Se manteve
43;4316600;Episódico;Episódico/Epidêmico;Piorou
43;4316709;Episódico/Epidêmico;Episódico/Epidêmico;Se manteve
43;4316733;Sem transmissão;Episódico;Piorou
43;4316758;Sem transmissão;Episódico/Epidêmico;Piorou
43;4316808;Episódico/Epidêmico;Epidêmico;Piorou
43;4316907;Episódico/Epidêmico;Epidêmico;Piorou
43;4316956;Sem transmissão;Episódico;Piorou
43;4316972;Sem transmissão;Sem transmissão;Se manteve
43;4317004;Episódico;Episódico/Epidêmico;Piorou
43;4317103;Episódico;Episódico/Epidêmico;Piorou
43;4317202;Episódico/Epidêmico;Episódico/Epidêmico;Se manteve
43;4317251;Sem transmissão;Sem transmissão;Se manteve
43;4317301;Episódico;Episódico/Epidêmico;Piorou
43;4317400;Episódico/Epidêmico;Episódico/Epidêmico;Se manteve
43;4317509;Episódico/Epidêmico;Episódico/Epidêmico;Se manteve
43;4317558;Sem transmissão;Sem transmissão;Se manteve
43;4317608;Episódico;Episódico/Epidêmico;Piorou
43;4317707;Episódico;Episódico;Se manteve
43;4317756;Episódico;Episódico;Se manteve
43;4317806;Episódico;Episódico;Se manteve
43;4317905;Episódico/Epidêmico;Episódico/Epidêmico;Se manteve
43;4317954;Sem transmissão;Sem transmissão;Se manteve
43;4318002;Episódico/Epidêmico;Episódico/Epidêmico;Se manteve
43;4318051;Episódico;Episódico;Se manteve
43;4318101;Episódico;Episódico/Epidêmico;Piorou
43;4318200;Sem transmissão;Episódico;Piorou
43;4318309;Episódico;Episódico/Epidêmico;Piorou
43;4318408;Episódico;Episódico;Se manteve
43;4318424;Episódico;Episódico;Se manteve
43;4318432;Episódico;Episódico;Se manteve
43;4318440;Sem transmissão;Episódico;Piorou
43;4318457;Sem transmissão;Episódico;Piorou
43;4318465;Sem transmissão;Sem transmissão;Se manteve
43;4318481;Episódico;Episódico/Epidêmico;Piorou
43;4318499;Episódico;Episódico/Epidêmico;Piorou
43;4318507;Episódico;Episódico/Epidêmico;Piorou
43;4318606;Episódico;Episódico;Se manteve
43;4318614;Sem transmissão;Sem transmissão;Se manteve
43;4318622;Episódico;Sem transmissão;Melhorou
43;4318705;Episódico/Epidêmico;Episódico/Epidêmico;Se manteve
43;4318804;Episódico;Episódico/Epidêmico;Piorou
43;4318903;Episódico/Epidêmico;Episódico/Epidêmico;Se manteve
43;4319000;Episódico;Episódico;Se manteve
43;4319109;Episódico;Episódico/Epidêmico;Piorou
43;4319125;Episódico;Episódico/Epidêmico;Piorou
43;4319158;Episódico;Episódico/Epidêmico;Piorou
43;4319208;Episódico;Episódico/Epidêmico;Piorou
43;4319307;Episódico;Episódico/Epidêmico;Piorou
43;4319356;Episódico;Episódico;Se manteve
43;4319364;Sem transmissão;Sem transmissão;Se manteve
43;4319372;Episódico;Episódico;Se manteve
43;4319406;Episódico;Episódico;Se manteve
43;4319505;Episódico;Episódico/Epidêmico;Piorou
43;4319604;Episódico;Episódico;Se manteve
43;4319703;Sem transmissão;Episódico/Epidêmico;Piorou
43;4319711;Sem transmissão;Episódico;Piorou
43;4319737;Sem transmissão;Episódico;Piorou
43;4319752;Sem transmissão;Sem transmissão;Se manteve
43;4319802;Sem transmissão;Episódico;Piorou
43;4319901;Episódico/Epidêmico;Episódico;Melhorou
43;4320008;Episódico/Epidêmico;Episódico/Epidêmico;Se manteve
43;4320107;Episódico;Episódico/Epidêmico;Piorou
43;4320206;Episódico;Episódico;Se manteve
43;4320230;Episódico;Episódico/Epidêmico;Piorou
43;4320263;Episódico;Sem transmissão;Melhorou
43;4320305;Episódico/Epidêmico;Episódico/Epidêmico;Se manteve
43;4320321;Episódico/Epidêmico;Episódico/Epidêmico;Se manteve
43;4320354;Sem transmissão;Sem transmissão;Se manteve
43;4320404;Episódico;Episódico;Se manteve
43;4320453;Sem transmissão;Episódico;Piorou
43;4320503;Episódico;Episódico;Se manteve
43;4320552;Sem transmissão;Sem transmissão;Se manteve
43;4320578;Episódico;Sem transmissão;Melhorou
43;4320602;Episódico;Episódico/Epidêmico;Piorou
43;4320651;Sem transmissão;Episódico;Piorou
43;4320677;Episódico;Episódico/Epidêmico;Piorou
43;4320701;Episódico;Episódico/Epidêmico;Piorou
43;4320800;Episódico;Episódico/Epidêmico;Piorou
43;4320859;Sem transmissão;Episódico;Piorou
43;4320909;Episódico;Episódico/Epidêmico;Piorou
43;4321006;Episódico;Episódico;Se manteve
43;4321105;Sem transmissão;Episódico;Piorou
43;4321204;Episódico;Episódico/Epidêmico;Piorou
43;4321303;Episódico;Episódico;Se manteve
43;4321329;Episódico;Episódico/Epidêmico;Piorou
43;4321352;Sem transmissão;Sem transmissão;Se manteve
43;4321402;Episódico/Epidêmico;Episódico/Epidêmico;Se manteve
43;4321436;Episódico;Episódico;Se manteve
43;4321451;Episódico/Epidêmico;Episódico/Epidêmico;Se manteve
43;4321469;Episódico;Episódico/Epidêmico;Piorou
43;4321477;Episódico;Episódico;Se manteve
43;4321493;Episódico;Episódico;Se manteve
43;4321501;Episódico/Epidêmico;Episódico/Epidêmico;Se manteve
43;4321600;Episódico;Episódico/Epidêmico;Piorou
43;4321626;Sem transmissão;Episódico;Piorou
43;4321634;Sem transmissão;Episódico;Piorou
43;4321667;Episódico;Episódico;Se manteve
43;4321709;Episódico;Episódico;Se manteve
43;4321808;Episódico/Epidêmico;Episódico/Epidêmico;Se manteve
43;4321832;Episódico;Episódico;Se manteve
43;4321857;Episódico;Episódico;Se manteve
43;4321907;Episódico;Episódico/Epidêmico;Piorou
43;4321956;Episódico;Episódico;Se manteve
43;4322004;Episódico;Episódico;Se manteve
43;4322103;Episódico;Episódico/Epidêmico;Piorou
43;4322152;Episódico;Episódico;Se manteve
43;4322186;Episódico;Sem transmissão;Melhorou
43;4322202;Episódico;Episódico/Epidêmico;Piorou
43;4322251;Sem transmissão;Episódico;Piorou
43;4322301;Episódico/Epidêmico;Episódico/Epidêmico;Se manteve
43;4322327;Sem transmissão;Episódico;Piorou
43;4322343;Episódico;Episódico;Se manteve
43;4322350;Episódico;Episódico;Se manteve
43;4322376;Sem transmissão;Episódico;Piorou
43;4322400;Episódico;Episódico/Epidêmico;Piorou
43;4322509;Episódico;Episódico;Se manteve
43;4322525;Sem transmissão;Episódico;Piorou
43;4322533;Episódico;Episódico;Se manteve
43;4322541;Episódico;Episódico;Se manteve
43;4322558;Episódico;Episódico;Se manteve
43;4322608;Episódico/Epidêmico;Epidêmico;Piorou
43;4322707;Episódico;Episódico/Epidêmico;Piorou
43;4322806;Episódico;Episódico;Se manteve
43;4322855;Sem transmissão;Episódico;Piorou
43;4322905;Sem transmissão;Episódico/Epidêmico;Piorou
43;4323002;Episódico/Epidêmico;Episódico/Epidêmico;Se manteve
43;4323101;Episódico;Episódico;Se manteve
43;4323200;Episódico;Episódico;Se manteve
43;4323309;Episódico;Episódico;Se manteve
43;4323358;Episódico;Sem transmissão;Melhorou
43;4323408;Sem transmissão;Episódico;Piorou
43;4323457;Sem transmissão;Sem transmissão;Se manteve
43;4323507;Episódico;Episódico;Se manteve
43;4323606;Episódico;Episódico;Se manteve
43;4323705;Episódico;Episódico;Se manteve
43;4323754;Episódico;Episódico/Epidêmico;Piorou
43;4323770;Sem transmissão;Episódico;Piorou
43;4323804;Episódico;Episódico;Se manteve
50;5000203;Episódico/Epidêmico;Epidêmico;Piorou
50;5000252;Episódico/Epidêmico;Episódico/Epidêmico;Se manteve
50;5000609;Epidêmico;Epidêmico;Se manteve
50;5000708;Episódico/Epidêmico;Episódico/Epidêmico;Se manteve
50;5000807;Episódico;Epidêmico;Piorou
50;5000856;Episódico/Epidêmico;Epidêmico;Piorou
50;5000906;Episódico/Epidêmico;Epidêmico;Piorou
50;5001003;Episódico/Epidêmico;Epidêmico;Piorou
50;5001102;Episódico/Epidêmico;Epidêmico;Piorou
50;5001243;Episódico/Epidêmico;Episódico/Epidêmico;Se manteve
50;5001508;Episódico/Epidêmico;Episódico/Epidêmico;Se manteve
50;5001904;Episódico/Epidêmico;Epidêmico;Piorou
50;5002001;Episódico/Epidêmico;Epidêmico;Piorou
50;5002100;Episódico/Epidêmico;Epidêmico;Piorou
50;5002159;Episódico/Epidêmico;Episódico/Epidêmico;Se manteve
50;5002209;Episódico/Epidêmico;Episódico/Epidêmico;Se manteve
50;5002308;Episódico/Epidêmico;Epidêmico;Piorou
50;5002407;Episódico/Epidêmico;Epidêmico;Piorou
50;5002605;Episódico/Epidêmico;Epidêmico;Piorou
50;5002704;Transmissão Persistente;Transmissão Persistente;Se manteve
50;5002803;Episódico/Epidêmico;Episódico/Epidêmico;Se manteve
50;5002902;Episódico/Epidêmico;Epidêmico;Piorou
50;5002951;Epidêmico;Epidêmico;Se manteve
50;5003108;Episódico;Episódico/Epidêmico;Piorou
50;5003157;Episódico/Epidêmico;Epidêmico;Piorou
50;5003207;Epidêmico;Epidêmico;Se manteve
50;5003256;Epidêmico;Epidêmico;Se manteve
50;5003306;Epidêmico;Epidêmico;Se manteve
50;5003454;Episódico/Epidêmico;Epidêmico;Piorou
50;5003488;Episódico/Epidêmico;Epidêmico;Piorou
50;5003504;Episódico/Epidêmico;Episódico/Epidêmico;Se manteve
50;5003702;Epidêmico;Epidêmico;Se manteve
50;5003751;Episódico/Epidêmico;Episódico/Epidêmico;Se manteve
50;5003801;Episódico/Epidêmico;Episódico/Epidêmico;Se manteve
50;5003900;Episódico/Epidêmico;Episódico/Epidêmico;Se manteve
50;5004007;Episódico/Epidêmico;Episódico/Epidêmico;Se manteve
50;5004106;Episódico/Epidêmico;Epidêmico;Piorou
50;5004304;Episódico/Epidêmico;Episódico/Epidêmico;Se manteve
50;5004403;Episódico/Epidêmico;Episódico/Epidêmico;Se manteve
50;5004502;Episódico/Epidêmico;Epidêmico;Piorou
50;5004601;Episódico/Epidêmico;Epidêmico;Piorou
50;5004700;Epidêmico;Epidêmico;Se manteve
50;5004809;Episódico/Epidêmico;Episódico/Epidêmico;Se manteve
50;5004908;Episódico/Epidêmico;Episódico/Epidêmico;Se manteve
50;5005004;Episódico/Epidêmico;Epidêmico;Piorou
50;5005103;Episódico/Epidêmico;Episódico/Epidêmico;Se manteve
50;5005152;Episódico/Epidêmico;Episódico/Epidêmico;Se manteve
50;5005202;Episódico/Epidêmico;Epidêmico;Piorou
50;5005251;Episódico/Epidêmico;Epidêmico;Piorou
50;5005400;Episódico/Epidêmico;Epidêmico;Piorou
50;5005608;Episódico/Epidêmico;Epidêmico;Piorou
50;5005681;Episódico/Epidêmico;Episódico/Epidêmico;Se manteve
50;5005707;Epidêmico;Epidêmico;Se manteve
50;5005806;Episódico/Epidêmico;Epidêmico;Piorou
50;5006002;Episódico/Epidêmico;Epidêmico;Piorou
50;5006200;Episódico/Epidêmico;Epidêmico;Piorou
50;5006259;Episódico/Epidêmico;Episódico/Epidêmico;Se manteve
50;5006275;Episódico/Epidêmico;Epidêmico;Piorou
50;5006309;Epidêmico;Epidêmico;Se manteve
50;5006358;Episódico/Epidêmico;Episódico/Epidêmico;Se manteve
50;5006408;Episódico/Epidêmico;Episódico/Epidêmico;Se manteve
50;5006606;Epidêmico;Epidêmico;Se manteve
50;5006903;Episódico/Epidêmico;Episódico/Epidêmico;Se manteve
50;5007109;Episódico/Epidêmico;Epidêmico;Piorou
50;5007208;Episódico/Epidêmico;Epidêmico;Piorou
50;5007307;Episódico/Epidêmico;Episódico/Epidêmico;Se manteve
50;5007406;Episódico/Epidêmico;Episódico/Epidêmico;Se manteve
50;5007505;Episódico/Epidêmico;Episódico/Epidêmico;Se manteve
50;5007554;Episódico/Epidêmico;Epidêmico;Piorou
50;5007695;Epidêmico;Epidêmico;Se manteve
50;5007703;Episódico/Epidêmico;Episódico/Epidêmico;Se manteve
50;5007802;Episódico/Epidêmico;Episódico/Epidêmico;Se manteve
50;5007901;Epidêmico;Epidêmico;Se manteve
50;5007935;Episódico/Epidêmico;Epidêmico;Piorou
50;5007950;Episódico/Epidêmico;Episódico/Epidêmico;Se manteve
50;5007976;Episódico/Epidêmico;Episódico/Epidêmico;Se manteve
50;5008008;Episódico/Epidêmico;Episódico/Epidêmico;Se manteve
50;5008305;Epidêmico;Epidêmico;Se manteve
50;5008404;Episódico/Epidêmico;Episódico/Epidêmico;Se manteve
51;5100102;Episódico;Episódico;Se manteve
51;5100201;Episódico/Epidêmico;Epidêmico;Piorou
51;5100250;Epidêmico;Epidêmico;Se manteve
51;5100300;Episódico/Epidêmico;Episódico/Epidêmico;Se manteve
51;5100359;Episódico;Episódico/Epidêmico;Piorou
51;5100409;Episódico/Epidêmico;Episódico/Epidêmico;Se manteve
51;5100508;Episódico;Episódico/Epidêmico;Piorou
51;5100607;Episódico/Epidêmico;Episódico/Epidêmico;Se manteve
51;5100805;Episódico;Episódico/Epidêmico;Piorou
51;5101001;Episódico/Epidêmico;Episódico/Epidêmico;Se manteve
51;5101209;Episódico;Episódico/Epidêmico;Piorou
51;5101258;Episódico/Epidêmico;Episódico/Epidêmico;Se manteve
51;5101308;Episódico/Epidêmico;Episódico/Epidêmico;Se manteve
51;5101407;Epidêmico;Episódico/Epidêmico;Melhorou
51;5101605;Episódico;Episódico;Se manteve
51;5101704;Episódico/Epidêmico;Episódico/Epidêmico;Se manteve
51;5101803;Epidêmico;Epidêmico;Se manteve
51;5101852;Episódico/Epidêmico;Episódico;Melhorou
51;5101902;Episódico/Epidêmico;Episódico/Epidêmico;Se manteve
51;5102504;Epidêmico;Epidêmico;Se manteve
51;5102603;Episódico/Epidêmico;Episódico/Epidêmico;Se manteve
51;5102637;Epidêmico;Epidêmico;Se manteve
51;5102678;Epidêmico;Epidêmico;Se manteve
51;5102686;Episódico/Epidêmico;Episódico/Epidêmico;Se manteve
51;5102694;Episódico/Epidêmico;Episódico/Epidêmico;Se manteve
51;5102702;Epidêmico;Epidêmico;Se manteve
51;5102793;Episódico/Epidêmico;Episódico/Epidêmico;Se manteve
51;5102850;Episódico/Epidêmico;Episódico/Epidêmico;Se manteve
51;5103007;Episódico/Epidêmico;Epidêmico;Piorou
51;5103056;Episódico/Epidêmico;Epidêmico;Piorou
51;5103106;Episódico/Epidêmico;Episódico/Epidêmico;Se manteve
51;5103205;Epidêmico;Epidêmico;Se manteve
51;5103254;Epidêmico;Epidêmico;Se manteve
51;5103304;Episódico/Epidêmico;Episódico/Epidêmico;Se manteve
51;5103353;Episódico/Epidêmico;Epidêmico;Piorou
51;5103361;Episódico;Episódico/Epidêmico;Piorou
51;5103379;Episódico/Epidêmico;Episódico/Epidêmico;Se manteve
51;5103403;Epidêmico;Epidêmico;Se manteve
51;5103437;Episódico;Episódico;Se manteve
51;5103452;Episódico;Sem transmissão;Melhorou
51;5103502;Episódico/Epidêmico;Epidêmico;Piorou
51;5103601;Episódico/Epidêmico;Epidêmico;Piorou
51;5103700;Episódico/Epidêmico;Epidêmico;Piorou
51;5103809;Episódico;Episódico;Se manteve
51;5103858;Episódico/Epidêmico;Epidêmico;Piorou
51;5103908;Episódico/Epidêmico;Episódico/Epidêmico;Se manteve
51;5103957;Episódico;Episódico/Epidêmico;Piorou
51;5104104;Epidêmico;Epidêmico;Se manteve
51;5104203;Episódico/Epidêmico;Episódico/Epidêmico;Se manteve
51;5104500;Episódico/Epidêmico;Episódico/Epidêmico;Se manteve
51;5104526;Episódico/Epidêmico;Episódico/Epidêmico;Se manteve
51;5104542;Episódico/Epidêmico;Episódico/Epidêmico;Se manteve
51;5104559;Episódico/Epidêmico;Epidêmico;Piorou
51;5104609;Episódico/Epidêmico;Episódico/Epidêmico;Se manteve
51;5104807;Episódico/Epidêmico;Epidêmico;Piorou
51;5104906;Episódico;Episódico/Epidêmico;Piorou
51;5105002;Episódico/Epidêmico;Episódico/Epidêmico;Se manteve
51;5105101;Episódico/Epidêmico;Episódico/Epidêmico;Se manteve
51;5105150;Epidêmico;Epidêmico;Se manteve
51;5105176;Episódico;Episódico/Epidêmico;Piorou
51;5105200;Episódico/Epidêmico;Episódico/Epidêmico;Se manteve
51;5105234;Episódico/Epidêmico;Episódico/Epidêmico;Se manteve
51;5105259;Epidêmico;Epidêmico;Se manteve
51;5105309;Episódico;Sem transmissão;Melhorou
51;5105507;Episódico/Epidêmico;Episódico/Epidêmico;Se manteve
51;5105580;Episódico/Epidêmico;Epidêmico;Piorou
51;5105606;Episódico/Epidêmico;Epidêmico;Piorou
51;5105622;Episódico/Epidêmico;Epidêmico;Piorou
51;5105903;Episódico/Epidêmico;Episódico/Epidêmico;Se manteve
51;5106000;Episódico/Epidêmico;Episódico/Epidêmico;Se manteve
51;5106109;Episódico/Epidêmico;Episódico/Epidêmico;Se manteve
51;5106158;Episódico/Epidêmico;Episódico/Epidêmico;Se manteve
51;5106174;Episódico;Episódico/Epidêmico;Piorou
51;5106182;Episódico/Epidêmico;Episódico/Epidêmico;Se manteve
51;5106190;Episódico/Epidêmico;Epidêmico;Piorou
51;5106208;Episódico/Epidêmico;Episódico/Epidêmico;Se manteve
51;5106216;Episódico/Epidêmico;Episódico/Epidêmico;Se manteve
51;5106224;Epidêmico;Epidêmico;Se manteve
51;5106232;Episódico/Epidêmico;Episódico/Epidêmico;Se manteve
51;5106240;Epidêmico;Epidêmico;Se manteve
51;5106257;Episódico/Epidêmico;Epidêmico;Piorou
51;5106265;Episódico/Epidêmico;Episódico/Epidêmico;Se manteve
51;5106273;Episódico/Epidêmico;Episódico/Epidêmico;Se manteve
51;5106281;Episódico/Epidêmico;Episódico/Epidêmico;Se manteve
51;5106299;Epidêmico;Epidêmico;Se manteve
51;5106307;Episódico/Epidêmico;Epidêmico;Piorou
51;5106315;Episódico;Sem transmissão;Melhorou
51;5106372;Episódico/Epidêmico;Episódico/Epidêmico;Se manteve
51;5106422;Episódico/Epidêmico;Epidêmico;Piorou
51;5106455;Episódico/Epidêmico;Episódico/Epidêmico;Se manteve
51;5106505;Episódico/Epidêmico;Episódico/Epidêmico;Se manteve
51;5106653;Episódico/Epidêmico;Epidêmico;Piorou
51;5106703;Episódico/Epidêmico;Episódico/Epidêmico;Se manteve
51;5106752;Epidêmico;Epidêmico;Se manteve
51;5106778;Episódico/Epidêmico;Episódico/Epidêmico;Se manteve
51;5106802;Episódico/Epidêmico;Episódico/Epidêmico;Se manteve
51;5106828;Episódico/Epidêmico;Episódico/Epidêmico;Se manteve
51;5106851;Episódico;Episódico/Epidêmico;Piorou
51;5107008;Episódico/Epidêmico;Episódico/Epidêmico;Se manteve
51;5107040;Epidêmico;Epidêmico;Se manteve
51;5107065;Episódico/Epidêmico;Episódico/Epidêmico;Se manteve
51;5107107;Episódico/Epidêmico;Episódico/Epidêmico;Se manteve
51;5107156;Episódico/Epidêmico;Episódico/Epidêmico;Se manteve
51;5107180;Episódico/Epidêmico;Episódico/Epidêmico;Se manteve
51;5107198;Episódico/Epidêmico;Episódico;Melhorou
51;5107206;Episódico/Epidêmico;Episódico/Epidêmico;Se manteve
51;5107248;Episódico/Epidêmico;Episódico/Epidêmico;Se manteve
51;5107263;Episódico/Epidêmico;Episódico/Epidêmico;Se manteve
51;5107297;Episódico;Episódico;Se manteve
51;5107305;Episódico/Epidêmico;Episódico/Epidêmico;Se manteve
51;5107354;Episódico/Epidêmico;Episódico/Epidêmico;Se manteve
51;5107404;Episódico;Episódico;Se manteve
51;5107578;Episódico;Episódico/Epidêmico;Piorou
51;5107602;Epidêmico;Epidêmico;Se manteve
51;5107701;Episódico/Epidêmico;Episódico/Epidêmico;Se manteve
51;5107743;Episódico;Episódico/Epidêmico;Piorou
51;5107750;Episódico/Epidêmico;Sem transmissão;Melhorou
51;5107768;Episódico/Epidêmico;Episódico/Epidêmico;Se manteve
51;5107776;Episódico;Sem transmissão;Melhorou
51;5107792;Episódico/Epidêmico;Episódico/Epidêmico;Se manteve
51;5107800;Episódico/Epidêmico;Episódico/Epidêmico;Se manteve
51;5107859;Episódico/Epidêmico;Episódico/Epidêmico;Se manteve
51;5107875;Episódico/Epidêmico;Epidêmico;Piorou
51;5107883;Episódico;Episódico/Epidêmico;Piorou
51;5107909;Epidêmico;Epidêmico;Se manteve
51;5107925;Epidêmico;Epidêmico;Se manteve
51;5107941;Episódico/Epidêmico;Episódico/Epidêmico;Se manteve
51;5107958;Epidêmico;Epidêmico;Se manteve
51;5108006;Episódico/Epidêmico;Episódico/Epidêmico;Se manteve
51;5108055;Episódico/Epidêmico;Episódico/Epidêmico;Se manteve
51;5108105;Episódico/Epidêmico;Episódico/Epidêmico;Se manteve
51;5108204;Episódico/Epidêmico;Episódico/Epidêmico;Se manteve
51;5108303;Episódico/Epidêmico;Episódico/Epidêmico;Se manteve
51;5108352;Episódico/Epidêmico;Episódico/Epidêmico;Se manteve
51;5108402;Epidêmico;Epidêmico;Se manteve
51;5108501;Episódico/Epidêmico;Episódico/Epidêmico;Se manteve
51;5108600;Episódico/Epidêmico;Episódico/Epidêmico;Se manteve
51;5108808;Episódico/Epidêmico;Episódico/Epidêmico;Se manteve
51;5108857;Episódico/Epidêmico;Episódico/Epidêmico;Se manteve
51;5108907;Episódico/Epidêmico;Episódico/Epidêmico;Se manteve
51;5108956;Episódico/Epidêmico;Episódico/Epidêmico;Se manteve
52;5200050;Episódico/Epidêmico;Episódico/Epidêmico;Se manteve
52;5200100;Episódico/Epidêmico;Episódico/Epidêmico;Se manteve
52;5200134;Episódico/Epidêmico;Epidêmico;Piorou
52;5200159;Episódico/Epidêmico;Episódico/Epidêmico;Se manteve
52;5200175;Episódico/Epidêmico;Episódico/Epidêmico;Se manteve
52;5200209;Episódico/Epidêmico;Episódico/Epidêmico;Se manteve
52;5200258;Epidêmico;Epidêmico;Se manteve
52;5200308;Episódico/Epidêmico;Episódico/Epidêmico;Se manteve
52;5200506;Episódico/Epidêmico;Episódico/Epidêmico;Se manteve
52;5200555;Episódico/Epidêmico;Episódico/Epidêmico;Se manteve
52;5200605;Episódico/Epidêmico;Epidêmico;Piorou
52;5200803;Episódico/Epidêmico;Episódico/Epidêmico;Se manteve
52;5200829;Episódico;Episódico/Epidêmico;Piorou
52;5200852;Episódico/Epidêmico;Episódico/Epidêmico;Se manteve
52;5200902;Episódico/Epidêmico;Episódico/Epidêmico;Se manteve
52;5201108;Epidêmico;Transmissão Persistente;Piorou
52;5201207;Episódico/Epidêmico;Episódico/Epidêmico;Se manteve
52;5201306;Episódico/Epidêmico;Episódico/Epidêmico;Se manteve
52;5201405;Epidêmico;Transmissão Persistente;Piorou
52;5201454;Episódico/Epidêmico;Episódico/Epidêmico;Se manteve
52;5201504;Episódico/Epidêmico;Episódico/Epidêmico;Se manteve
52;5201603;Episódico/Epidêmico;Episódico/Epidêmico;Se manteve
52;5201702;Episódico/Epidêmico;Episódico/Epidêmico;Se manteve
52;5201801;Episódico/Epidêmico;Episódico/Epidêmico;Se manteve
52;5202155;Episódico/Epidêmico;Episódico/Epidêmico;Se manteve
52;5202353;Episódico/Epidêmico;Episódico/Epidêmico;Se manteve
52;5202502;Episódico/Epidêmico;Episódico/Epidêmico;Se manteve
52;5202601;Episódico/Epidêmico;Episódico/Epidêmico;Se manteve
52;5202809;Episódico/Epidêmico;Episódico/Epidêmico;Se manteve
52;5203104;Episódico/Epidêmico;Episódico;Melhorou
52;5203203;Epidêmico;Epidêmico;Se manteve
52;5203302;Epidêmico;Episódico/Epidêmico;Melhorou
52;5203401;Epidêmico;Episódico/Epidêmico;Melhorou
52;5203500;Episódico/Epidêmico;Episódico/Epidêmico;Se manteve
52;5203559;Episódico;Episódico;Se manteve
52;5203575;Episódico/Epidêmico;Episódico/Epidêmico;Se manteve
52;5203609;Episódico/Epidêmico;Episódico;Melhorou
52;5203807;Episódico/Epidêmico;Episódico/Epidêmico;Se manteve
52;5203906;Episódico/Epidêmico;Episódico/Epidêmico;Se manteve
52;5203939;Sem transmissão;Sem transmissão;Se manteve
52;5203962;Sem transmissão;Sem transmissão;Se manteve
52;5204003;Episódico/Epidêmico;Episódico/Epidêmico;Se manteve
52;5204102;Episódico/Epidêmico;Episódico/Epidêmico;Se manteve
52;5204201;Episódico;Episódico/Epidêmico;Piorou
52;5204250;Episódico/Epidêmico;Episódico/Epidêmico;Se manteve
52;5204300;Episódico/Epidêmico;Episódico/Epidêmico;Se manteve
52;5204409;Episódico/Epidêmico;Episódico/Epidêmico;Se manteve
52;5204508;Epidêmico;Epidêmico;Se manteve
52;5204557;Episódico/Epidêmico;Episódico/Epidêmico;Se manteve
52;5204607;Episódico/Epidêmico;Episódico/Epidêmico;Se manteve
52;5204656;Episódico;Episódico;Se manteve
52;5204706;Episódico/Epidêmico;Episódico/Epidêmico;Se manteve
52;5204805;Episódico/Epidêmico;Episódico/Epidêmico;Se manteve
52;5204854;Episódico/Epidêmico;Episódico/Epidêmico;Se manteve
52;5204904;Epidêmico;Epidêmico;Se manteve
52;5204953;Episódico/Epidêmico;Episódico;Melhorou
52;5205000;Episódico/Epidêmico;Episódico/Epidêmico;Se manteve
52;5205059;Episódico/Epidêmico;Episódico/Epidêmico;Se manteve
52;5205109;Epidêmico;Epidêmico;Se manteve
52;5205208;Episódico/Epidêmico;Episódico/Epidêmico;Se manteve
52;5205307;Episódico/Epidêmico;Episódico/Epidêmico;Se manteve
52;5205406;Epidêmico;Epidêmico;Se manteve
52;5205455;Epidêmico;Episódico/Epidêmico;Melhorou
52;5205471;Episódico/Epidêmico;Epidêmico;Piorou
52;5205497;Epidêmico;Epidêmico;Se manteve
52;5205513;Epidêmico;Epidêmico;Se manteve
52;5205521;Episódico/Epidêmico;Episódico/Epidêmico;Se manteve
52;5205703;Episódico/Epidêmico;Episódico/Epidêmico;Se manteve
52;5205802;Episódico/Epidêmico;Epidêmico;Piorou
52;5205901;Epidêmico;Epidêmico;Se manteve
52;5206206;Epidêmico;Epidêmico;Se manteve
52;5206305;Episódico/Epidêmico;Episódico;Melhorou
52;5206404;Epidêmico;Epidêmico;Se manteve
52;5206503;Episódico/Epidêmico;Episódico/Epidêmico;Se manteve
52;5206602;Episódico/Epidêmico;Episódico/Epidêmico;Se manteve
52;5206701;Episódico;Episódico;Se manteve
52;5206800;Episódico/Epidêmico;Episódico/Epidêmico;Se manteve
52;5206909;Episódico;Episódico;Se manteve
52;5207105;Episódico/Epidêmico;Episódico/Epidêmico;Se manteve
52;5207253;Episódico/Epidêmico;Episódico/Epidêmico;Se manteve
52;5207352;Episódico/Epidêmico;Episódico/Epidêmico;Se manteve
52;5207402;Epidêmico;Episódico/Epidêmico;Melhorou
52;5207501;Episódico/Epidêmico;Episódico/Epidêmico;Se manteve
52;5207535;Episódico/Epidêmico;Episódico/Epidêmico;Se manteve
52;5207600;Episódico/Epidêmico;Episódico/Epidêmico;Se manteve
52;5207808;Episódico/Epidêmico;Epidêmico;Piorou
52;5207907;Episódico/Epidêmico;Episódico/Epidêmico;Se manteve
52;5208004;Epidêmico;Epidêmico;Se manteve
52;5208103;Episódico/Epidêmico;Episódico/Epidêmico;Se manteve
52;5208152;Episódico/Epidêmico;Episódico/Epidêmico;Se manteve
52;5208301;Episódico/Epidêmico;Episódico/Epidêmico;Se manteve
52;5208400;Episódico/Epidêmico;Epidêmico;Piorou
52;5208509;Episódico/Epidêmico;Episódico;Melhorou
52;5208608;Epidêmico;Epidêmico;Se manteve
52;5208707;Transmissão Persistente;Transmissão Persistente;Se manteve
52;5208806;Epidêmico;Epidêmico;Se manteve
52;5208905;Episódico/Epidêmico;Episódico/Epidêmico;Se manteve
52;5209101;Epidêmico;Epidêmico;Se manteve
52;5209150;Episódico/Epidêmico;Episódico/Epidêmico;Se manteve
52;5209200;Episódico/Epidêmico;Episódico/Epidêmico;Se manteve
52;5209291;Episódico;Episódico/Epidêmico;Piorou
52;5209408;Episódico/Epidêmico;Episódico/Epidêmico;Se manteve
52;5209457;Episódico/Epidêmico;Episódico/Epidêmico;Se manteve
52;5209606;Episódico/Epidêmico;Episódico/Epidêmico;Se manteve
52;5209705;Epidêmico;Epidêmico;Se manteve
52;5209804;Episódico/Epidêmico;Episódico;Melhorou
52;5209903;Episódico/Epidêmico;Episódico/Epidêmico;Se manteve
52;5209937;Episódico/Epidêmico;Episódico/Epidêmico;Se manteve
52;5209952;Episódico/Epidêmico;Episódico/Epidêmico;Se manteve
52;5210000;Epidêmico;Epidêmico;Se manteve
52;5210109;Episódico/Epidêmico;Epidêmico;Piorou
52;5210158;Episódico/Epidêmico;Episódico/Epidêmico;Se manteve
52;5210208;Epidêmico;Epidêmico;Se manteve
52;5210307;Episódico/Epidêmico;Episódico/Epidêmico;Se manteve
52;5210406;Epidêmico;Epidêmico;Se manteve
52;5210562;Episódico/Epidêmico;Episódico/Epidêmico;Se manteve
52;5210604;Episódico/Epidêmico;Episódico/Epidêmico;Se manteve
52;5210802;Episódico/Epidêmico;Episódico/Epidêmico;Se manteve
52;5210901;Epidêmico;Episódico/Epidêmico;Melhorou
52;5211008;Episódico/Epidêmico;Episódico/Epidêmico;Se manteve
52;5211206;Episódico/Epidêmico;Episódico/Epidêmico;Se manteve
52;5211305;Episódico/Epidêmico;Episódico/Epidêmico;Se manteve
52;5211404;Episódico/Epidêmico;Episódico/Epidêmico;Se manteve
52;5211503;Epidêmico;Epidêmico;Se manteve
52;5211602;Episódico/Epidêmico;Episódico/Epidêmico;Se manteve
52;5211701;Episódico/Epidêmico;Episódico/Epidêmico;Se manteve
52;5211800;Epidêmico;Epidêmico;Se manteve
52;5211909;Epidêmico;Epidêmico;Se manteve
52;5212006;Episódico;Episódico;Se manteve
52;5212055;Episódico;Episódico;Se manteve
52;5212105;Episódico/Epidêmico;Episódico/Epidêmico;Se manteve
52;5212204;Episódico/Epidêmico;Episódico/Epidêmico;Se manteve
52;5212253;Episódico;Episódico;Se manteve
52;5212303;Episódico/Epidêmico;Episódico/Epidêmico;Se manteve
52;5212501;Epidêmico;Epidêmico;Se manteve
52;5212600;Episódico/Epidêmico;Episódico/Epidêmico;Se manteve
52;5212709;Episódico;Episódico/Epidêmico;Piorou
52;5212808;Episódico/Epidêmico;Episódico/Epidêmico;Se manteve
52;5212907;Episódico/Epidêmico;Episódico/Epidêmico;Se manteve
52;5212956;Episódico;Episódico;Se manteve
52;5213004;Episódico/Epidêmico;Episódico/Epidêmico;Se manteve
52;5213053;Episódico/Epidêmico;Episódico;Melhorou
52;5213087;Epidêmico;Episódico/Epidêmico;Melhorou
52;5213103;Epidêmico;Epidêmico;Se manteve
52;5213400;Episódico/Epidêmico;Episódico;Melhorou
52;5213509;Episódico/Epidêmico;Episódico/Epidêmico;Se manteve
52;5213707;Episódico/Epidêmico;Epidêmico;Piorou
52;5213756;Episódico/Epidêmico;Episódico/Epidêmico;Se manteve
52;5213772;Episódico;Episódico/Epidêmico;Piorou
52;5213806;Epidêmico;Epidêmico;Se manteve
52;5213855;Episódico/Epidêmico;Episódico/Epidêmico;Se manteve
52;5213905;Episódico/Epidêmico;Episódico/Epidêmico;Se manteve
52;5214002;Episódico/Epidêmico;Episódico/Epidêmico;Se manteve
52;5214051;Episódico/Epidêmico;Episódico/Epidêmico;Se manteve
52;5214101;Episódico/Epidêmico;Episódico/Epidêmico;Se manteve
52;5214408;Episódico/Epidêmico;Episódico/Epidêmico;Se manteve
52;5214507;Episódico/Epidêmico;Episódico/Epidêmico;Se manteve
52;5214606;Episódico/Epidêmico;Episódico/Epidêmico;Se manteve
52;5214705;Episódico;Episódico;Se manteve
52;5214804;Episódico/Epidêmico;Episódico/Epidêmico;Se manteve
52;5214838;Episódico/Epidêmico;Episódico/Epidêmico;Se manteve
52;5214861;Episódico/Epidêmico;Episódico;Melhorou
52;5214879;Episódico/Epidêmico;Episódico/Epidêmico;Se manteve
52;5214903;Episódico/Epidêmico;Episódico/Epidêmico;Se manteve
52;5215009;Episódico/Epidêmico;Epidêmico;Piorou
52;5215207;Episódico/Epidêmico;Episódico;Melhorou
52;5215231;Epidêmico;Epidêmico;Se manteve
52;5215256;Episódico;Episódico/Epidêmico;Piorou
52;5215306;Episódico/Epidêmico;Episódico/Epidêmico;Se manteve
52;5215405;Episódico/Epidêmico;Episódico/Epidêmico;Se manteve
52;5215504;Episódico/Epidêmico;Epidêmico;Piorou
52;5215603;Epidêmico;Episódico/Epidêmico;Melhorou
52;5215652;Episódico/Epidêmico;Epidêmico;Piorou
52;5215702;Epidêmico;Epidêmico;Se manteve
52;5215801;Episódico/Epidêmico;Episódico;Melhorou
52;5215900;Episódico/Epidêmico;Episódico/Epidêmico;Se manteve
52;5216007;Episódico/Epidêmico;Episódico/Epidêmico;Se manteve
52;5216304;Episódico/Epidêmico;Episódico/Epidêmico;Se manteve
52;5216403;Episódico/Epidêmico;Epidêmico;Piorou
52;5216452;Episódico/Epidêmico;Episódico/Epidêmico;Se manteve
52;5216809;Episódico/Epidêmico;Episódico/Epidêmico;Se manteve
52;5216908;Episódico;Episódico;Se manteve
52;5217104;Episódico/Epidêmico;Epidêmico;Piorou
52;5217203;Episódico/Epidêmico;Episódico/Epidêmico;Se manteve
52;5217302;Epidêmico;Epidêmico;Se manteve
52;5217401;Epidêmico;Episódico/Epidêmico;Melhorou
52;5217609;Epidêmico;Epidêmico;Se manteve
52;5217708;Episódico/Epidêmico;Episódico/Epidêmico;Se manteve
52;5218003;Epidêmico;Episódico/Epidêmico;Melhorou
52;5218052;Episódico/Epidêmico;Episódico/Epidêmico;Se manteve
52;5218102;Episódico/Epidêmico;Episódico/Epidêmico;Se manteve
52;5218300;Epidêmico;Epidêmico;Se manteve
52;5218391;Episódico/Epidêmico;Epidêmico;Piorou
52;5218508;Episódico/Epidêmico;Epidêmico;Piorou
52;5218607;Episódico/Epidêmico;Episódico/Epidêmico;Se manteve
52;5218706;Episódico/Epidêmico;Episódico/Epidêmico;Se manteve
52;5218789;Episódico/Epidêmico;Epidêmico;Piorou
52;5218805;Epidêmico;Epidêmico;Se manteve
52;5218904;Episódico/Epidêmico;Episódico/Epidêmico;Se manteve
52;5219001;Episódico/Epidêmico;Epidêmico;Piorou
52;5219100;Episódico/Epidêmico;Epidêmico;Piorou
52;5219209;Episódico;Episódico/Epidêmico;Piorou
52;5219258;Episódico/Epidêmico;Episódico/Epidêmico;Se manteve
52;5219308;Epidêmico;Epidêmico;Se manteve
52;5219357;Episódico/Epidêmico;Episódico/Epidêmico;Se manteve
52;5219407;Episódico/Epidêmico;Episódico/Epidêmico;Se manteve
52;5219456;Episódico/Epidêmico;Episódico;Melhorou
52;5219506;Episódico/Epidêmico;Episódico/Epidêmico;Se manteve
52;5219605;Episódico/Epidêmico;Episódico/Epidêmico;Se manteve
52;5219704;Episódico/Epidêmico;Episódico/Epidêmico;Se manteve
52;5219712;Episódico/Epidêmico;Episódico/Epidêmico;Se manteve
52;5219738;Episódico/Epidêmico;Epidêmico;Piorou
52;5219753;Epidêmico;Epidêmico;Se manteve
52;5219803;Episódico/Epidêmico;Episódico/Epidêmico;Se manteve
52;5219902;Episódico/Epidêmico;Episódico/Epidêmico;Se manteve
52;5220009;Episódico/Epidêmico;Episódico/Epidêmico;Se manteve
52;5220058;Episódico/Epidêmico;Epidêmico;Piorou
52;5220108;Epidêmico;Epidêmico;Se manteve
52;5220157;Episódico/Epidêmico;Episódico;Melhorou
52;5220207;Episódico/Epidêmico;Episódico/Epidêmico;Se manteve
52;5220264;Episódico/Epidêmico;Episódico/Epidêmico;Se manteve
52;5220280;Episódico;Episódico;Se manteve
52;5220405;Epidêmico;Epidêmico;Se manteve
52;5220454;Epidêmico;Epidêmico;Se manteve
52;5220504;Episódico/Epidêmico;Episódico/Epidêmico;Se manteve
52;5220603;Episódico/Epidêmico;Episódico/Epidêmico;Se manteve
52;5220686;Episódico/Epidêmico;Episódico;Melhorou
52;5220702;Episódico;Episódico;Se manteve
52;5221007;Episódico/Epidêmico;Episódico/Epidêmico;Se manteve
52;5221080;Episódico/Epidêmico;Episódico/Epidêmico;Se manteve
52;5221197;Episódico/Epidêmico;Episódico/Epidêmico;Se manteve
52;5221304;Episódico/Epidêmico;Episódico/Epidêmico;Se manteve
52;5221403;Epidêmico;Epidêmico;Se manteve
52;5221452;Episódico/Epidêmico;Episódico/Epidêmico;Se manteve
52;5221502;Epidêmico;Epidêmico;Se manteve
52;5221551;Episódico/Epidêmico;Episódico/Epidêmico;Se manteve
52;5221577;Episódico/Epidêmico;Episódico/Epidêmico;Se manteve
52;5221601;Epidêmico;Epidêmico;Se manteve
52;5221700;Episódico/Epidêmico;Episódico/Epidêmico;Se manteve
52;5221809;Episódico/Epidêmico;Episódico/Epidêmico;Se manteve
52;5221858;Epidêmico;Epidêmico;Se manteve
52;5221908;Episódico/Epidêmico;Episódico/Epidêmico;Se manteve
52;5222005;Episódico/Epidêmico;Episódico/Epidêmico;Se manteve
52;5222054;Episódico/Epidêmico;Episódico/Epidêmico;Se manteve
52;5222203;Episódico/Epidêmico;Episódico/Epidêmico;Se manteve
52;5222302;Episódico/Epidêmico;Episódico/Epidêmico;Se manteve
53;5300108;Transmissão Persistente;Transmissão Persistente;Se manteve
