muni_code;dengue_pattern_10_19;dengue_pattern_20_22;Transition;temp_med;umid_med;precip_tot;thr_temp;thr_umid;thr_prec;thr_temp_umid;muni_name;uf_code;uf_acr;tipo_regiao;bioma;altitude;koppen;pop22;prop_esgot;prop_abast;prop_residuo
1100015;Episódico/Epidêmico;Epidêmico;Piorou;25,5;75,7;591,3;361;307,7;5;305,3;Alta Floresta D'oeste;11;RO;nao metropolitana;amazonia;246,08;Am;21558;2,24;93,68;56,86
1100023;Epidêmico;Epidêmico;Se manteve;26,1;78,1;625,5;365;324,7;5;324;Ariquemes;11;RO;nao metropolitana;amazonia;165,9;Am;100896;8,91;98,57;85,14
1100031;Episódico/Epidêmico;Episódico/Epidêmico;Se manteve;25,3;75,9;479,8;356,7;319,7;3;314;Cabixi;11;RO;nao metropolitana;amazonia;224,18;Am;5107;21,01;95,49;49,77
1100049;Epidêmico;Epidêmico;Se manteve;25,8;76,7;639,2;363;319,7;6,3;317,7;Cacoal;11;RO;metropolitana;amazonia;229,95;Am;92202;54,03;98,16;78,94
1100056;Episódico/Epidêmico;Episódico/Epidêmico;Se manteve;25,4;75,7;505,2;357;317,3;4;311,7;Cerejeiras;11;RO;nao metropolitana;amazonia;192,22;Am;15237;16,73;98,62;78,35
1100064;Episódico/Epidêmico;Episódico/Epidêmico;Se manteve;25,1;75,6;542,1;357;312,7;5;307,7;Colorado Do Oeste;11;RO;nao metropolitana;amazonia;359,62;Am;15747;5,17;95,54;69,11
1100072;Episódico/Epidêmico;Episódico/Epidêmico;Se manteve;25,2;76,2;545,8;358;317;4;312,3;Corumbiara;11;RO;nao metropolitana;amazonia;266,89;Am;7503;11,55;93,4;37,83
1100080;Episódico/Epidêmico;Episódico/Epidêmico;Se manteve;26;79,3;572,2;359,3;350,3;4,3;345,3;Costa Marques;11;RO;nao metropolitana;amazonia;190,01;Am;12633;7,91;96,38;55,74
1100098;Episódico/Epidêmico;Episódico/Epidêmico;Se manteve;25,7;76,8;596,2;362,7;324,7;4;322,7;Espigão D'oeste;11;RO;nao metropolitana;amazonia;296,94;Am;29722;13,77;94,23;66,43
1100106;Episódico/Epidêmico;Episódico/Epidêmico;Se manteve;26,2;80;608,6;362,7;347,3;5;344,7;Guajará-Mirim;11;RO;nao metropolitana;amazonia;197,96;Am;39396;22,19;93,34;79,55
1100114;Episódico/Epidêmico;Epidêmico;Piorou;26;77,6;610,8;365;324,3;7;323,7;Jaru;11;RO;nao metropolitana;amazonia;209,76;Am;52090;3,36;97,09;71,63
1100122;Epidêmico;Epidêmico;Se manteve;26;77,1;619,8;363,7;322,7;7,3;321;Ji-Paraná;11;RO;metropolitana;amazonia;193,68;Am;136825;20,43;97,82;86,94
1100130;Episódico/Epidêmico;Epidêmico;Piorou;26,2;79,7;670,5;365,3;337,7;5,3;337;Machadinho D'oeste;11;RO;nao metropolitana;amazonia;136,83;Am;30626;2,12;94,67;50,74
1100148;Epidêmico;Epidêmico;Se manteve;25,3;76,4;627,6;360,7;310,3;5;307,7;Nova Brasilândia D'oeste;11;RO;nao metropolitana;amazonia;249,3;Am;17355;3,84;94,07;42,43
1100155;Episódico/Epidêmico;Episódico/Epidêmico;Se manteve;26;76,7;600,7;364;319;5,7;317,7;Ouro Preto Do Oeste;11;RO;nao metropolitana;amazonia;220,01;Am;36753;10,17;97,8;75,12
1100189;Epidêmico;Epidêmico;Se manteve;25,7;76,8;596,2;362,7;324,7;4;322,7;Pimenta Bueno;11;RO;nao metropolitana;amazonia;286,28;Am;37464;38,34;97,21;85,35
1100205;Epidêmico;Epidêmico;Se manteve;26,5;81,5;712,8;365,3;359;6;358;Porto Velho;11;RO;metropolitana;amazonia;120,26;Am;461748;43,41;92,92;89,54
1100254;Episódico/Epidêmico;Epidêmico;Piorou;26;76,8;623;363,3;321,3;7;319,7;Presidente Médici;11;RO;nao metropolitana;amazonia;210,79;Am;19316;1,64;94,6;56,8
1100262;Episódico/Epidêmico;Episódico/Epidêmico;Se manteve;26,2;78,9;672,9;365;329,7;6;328,7;Rio Crespo;11;RO;nao metropolitana;amazonia;153,27;Am;3476;22,57;97,99;34,3
1100288;Episódico/Epidêmico;Episódico/Epidêmico;Se manteve;25,6;75,7;566,5;361,7;315;5;312,7;Rolim De Moura;11;RO;nao metropolitana;amazonia;242,23;Am;57180;14,98;97,4;82,94
1100296;Episódico/Epidêmico;Episódico/Epidêmico;Se manteve;25,3;76,1;587,7;360,3;312,3;5,7;309,3;Santa Luzia D'oeste;11;RO;nao metropolitana;amazonia;341,63;Am;7394;1,97;93,08;41,8
1100304;Epidêmico;Epidêmico;Se manteve;24,7;75,2;583,7;356,7;306,3;4,7;300,7;Vilhena;11;RO;nao metropolitana;amazonia;409,37;Am;95599;13,51;98,15;93,6
1100320;Episódico/Epidêmico;Episódico/Epidêmico;Se manteve;25,8;77,1;618,9;361,3;320;6;317,7;São Miguel Do Guaporé;11;RO;nao metropolitana;amazonia;236,82;Am;21612;9,98;97,43;45,48
1100338;Episódico/Epidêmico;Episódico/Epidêmico;Se manteve;26,1;79,8;635,8;363,3;344,7;4,7;342,3;Nova Mamoré;11;RO;nao metropolitana;amazonia;205,24;Am;25452;7,88;94,91;47,01
1100346;Episódico/Epidêmico;Episódico/Epidêmico;Se manteve;25,8;76,6;621,8;363,3;317,7;7,3;316,3;Alvorada D'oeste;11;RO;nao metropolitana;amazonia;248,65;Am;13092;35,84;94,67;51,11
1100379;Episódico/Epidêmico;Episódico/Epidêmico;Se manteve;25,1;76,9;651,8;358;317,3;6,3;312;Alto Alegre Dos Parecis;11;RO;nao metropolitana;amazonia;255,49;Am;13023;0,54;93,58;37,36
1100403;Episódico/Epidêmico;Episódico/Epidêmico;Se manteve;26,2;78,7;631,4;365;329;5,7;328,3;Alto Paraíso;11;RO;nao metropolitana;amazonia;134,69;Am;17140;10,83;95,28;42,52
1100452;Epidêmico;Epidêmico;Se manteve;25,8;78,5;610,8;364;330;4,3;328,7;Buritis;11;RO;nao metropolitana;amazonia;170,1;Am;28178;1,82;90,12;64,54
1100502;Episódico/Epidêmico;Episódico;Melhorou;25,9;75,6;579,1;363,3;314,3;5,3;312,7;Novo Horizonte Do Oeste;11;RO;nao metropolitana;amazonia;252,89;Am;7653;9,45;92,65;33,79
1100601;Episódico;Episódico/Epidêmico;Piorou;25,9;78,4;605,7;364;328,3;5,3;327;Cacaulândia;11;RO;nao metropolitana;amazonia;191,55;Am;4157;21,81;93,68;35,7
1100700;Episódico/Epidêmico;Episódico/Epidêmico;Se manteve;25,3;78,8;683,9;361,7;325;2,7;322,3;Campo Novo De Rondônia;11;RO;nao metropolitana;amazonia;248,65;Am;8840;19,87;91,75;27,08
1100809;Episódico/Epidêmico;Episódico/Epidêmico;Se manteve;26,5;80,7;700,2;365,3;354;5,3;353;Candeias Do Jamari;11;RO;nao metropolitana;amazonia;103,22;Am;22564;9,02;95,9;55,51
1100908;Episódico;Episódico/Epidêmico;Piorou;26;76,3;609,8;363,7;321;6;319,7;Castanheiras;11;RO;nao metropolitana;amazonia;201,43;Am;3269;1,44;95,21;25,63
1100924;Episódico;Epidêmico;Piorou;25,2;76,5;570,1;359;320,3;5,7;316;Chupinguaia;11;RO;nao metropolitana;amazonia;329,97;Am;9351;2,69;85,16;58,97
1100940;Episódico/Epidêmico;Epidêmico;Piorou;26,2;79;706,8;365,3;332,7;4,7;332;Cujubim;11;RO;nao metropolitana;amazonia;128,98;Am;14338;7,37;94,27;60,25
1101005;Episódico/Epidêmico;Episódico;Melhorou;25,7;78;607,7;363,7;325;6;323,3;Governador Jorge Teixeira;11;RO;nao metropolitana;amazonia;279,41;Am;8012;30,96;95,18;27,44
1101104;Episódico/Epidêmico;Episódico;Melhorou;26,5;79,2;674,4;365,3;334,3;4,3;333,7;Itapuã Do Oeste;11;RO;nao metropolitana;amazonia;115,7;Am;9465;3,2;94,44;56,18
1101203;Episódico/Epidêmico;Episódico/Epidêmico;Se manteve;25,8;76,7;639,1;363;319,7;6,3;317,7;Ministro Andreazza;11;RO;nao metropolitana;amazonia;304,56;Am;6440;4,55;92,13;38,29
1101302;Episódico;Episódico;Se manteve;25,5;78,2;644,7;362;325,3;6;323,3;Mirante Da Serra;11;RO;nao metropolitana;amazonia;271,69;Am;9200;1,34;96,64;48,62
1101401;Episódico/Epidêmico;Episódico/Epidêmico;Se manteve;25,9;78,4;605,6;364;328,3;5,3;327;Monte Negro;11;RO;nao metropolitana;amazonia;201,29;Am;11966;1,3;98,33;46,67
1101435;Episódico/Epidêmico;Episódico/Epidêmico;Se manteve;25,8;76,7;610,2;363,3;317,3;6,3;316;Nova União;11;RO;nao metropolitana;amazonia;276,91;Am;6194;1,1;90,86;23,38
1101450;Episódico/Epidêmico;Episódico/Epidêmico;Se manteve;25,1;76,5;620,1;358,7;315,7;6,7;311;Parecis;11;RO;nao metropolitana;amazonia;329,49;Am;3953;0,65;87,25;38,44
1101468;Episódico/Epidêmico;Episódico;Melhorou;25,5;75,3;500,5;357,7;311,7;3,3;307;Pimenteiras Do Oeste;11;RO;nao metropolitana;amazonia;186,31;Am;2180;18,71;97,57;50,43
1101476;Episódico/Epidêmico;Episódico/Epidêmico;Se manteve;25,7;76,1;611,2;361,7;318,7;6,3;316,3;Primavera De Rondônia;11;RO;nao metropolitana;amazonia;233,73;Am;3071;1,94;96,29;44,11
1101484;Episódico/Epidêmico;Episódico/Epidêmico;Se manteve;25,5;75,9;557,2;361;314,3;5,7;312;São Felipe D'oeste;11;RO;nao metropolitana;amazonia;251,28;Am;5259;16,02;92,1;33,15
1101492;Episódico/Epidêmico;Episódico/Epidêmico;Se manteve;25,9;78,7;565,8;360,3;342,7;4,7;339;São Francisco Do Guaporé;11;RO;nao metropolitana;amazonia;173,21;Am;16302;3,85;96,28;47,04
1101500;Episódico/Epidêmico;Episódico/Epidêmico;Se manteve;25,9;78,1;582,9;361;335,7;5;332,7;Seringueiras;11;RO;nao metropolitana;amazonia;211,42;Am;11183;19,63;97,53;39,47
1101559;Episódico;Episódico/Epidêmico;Piorou;26;76,7;600,7;364;319;5,7;317,7;Teixeirópolis;11;RO;nao metropolitana;amazonia;219,42;Am;4284;2,04;95,05;34,51
1101609;Episódico;Episódico/Epidêmico;Piorou;26,1;77,9;640;365;326,7;6,7;326;Theobroma;11;RO;nao metropolitana;amazonia;178,32;Am;9253;11,02;96,15;24,29
1101708;Episódico/Epidêmico;Episódico/Epidêmico;Se manteve;26;76,3;592;363,7;318,7;6,7;317,3;Urupá;11;RO;nao metropolitana;amazonia;223,46;Am;10828;11,53;93,24;39,05
1101757;Episódico;Episódico/Epidêmico;Piorou;26,1;78,1;679,9;365;325;6,7;324;Vale Do Anari;11;RO;nao metropolitana;amazonia;159,34;Am;7806;0,68;94,15;33,64
1101807;Episódico/Epidêmico;Episódico/Epidêmico;Se manteve;26,1;77,9;640;365;326,7;6,7;326;Vale Do Paraíso;11;RO;nao metropolitana;amazonia;182,73;Am;6487;0,29;96,71;33,59
1200013;Episódico/Epidêmico;Episódico/Epidêmico;Se manteve;25,9;81,3;633,3;361,7;357;5,7;353;Acrelândia;12;AC;nao metropolitana;amazonia;165,47;Am;12707;11,7;93,87;48,83
1200054;Episódico/Epidêmico;Epidêmico;Piorou;25,5;80;611,4;358,7;353,7;6,3;347,7;Assis Brasil;12;AC;nao metropolitana;amazonia;305,21;Af;8157;24,82;81,68;61,4
1200104;Epidêmico;Epidêmico;Se manteve;25,6;81,3;618,3;359;355,3;4;349,7;Brasiléia;12;AC;nao metropolitana;amazonia;273,61;Af;25786;29,63;91,66;67,91
1200138;Episódico;Episódico/Epidêmico;Piorou;25,7;82,2;642,4;361;360,7;6;356,3;Bujari;12;AC;nao metropolitana;amazonia;189,97;Am;11962;19,35;81,89;47
1200179;Episódico/Epidêmico;Episódico/Epidêmico;Se manteve;25,7;81,5;627;360;357;6,7;351,7;Capixaba;12;AC;nao metropolitana;amazonia;197,4;Am;9737;34;86,57;44,24
1200203;Epidêmico;Epidêmico;Se manteve;26;83,2;731,3;364,3;363,3;6,3;361,7;Cruzeiro Do Sul;12;AC;nao metropolitana;amazonia;226,06;Af;94345;13,9;79,14;68,32
1200252;Episódico/Epidêmico;Episódico/Epidêmico;Se manteve;25,7;80,2;617,6;358,7;351,7;4,3;345,7;Epitaciolândia;12;AC;nao metropolitana;amazonia;243,8;Am;18697;21,2;89,66;68,59
1200302;Episódico/Epidêmico;Epidêmico;Piorou;25,5;83,9;673,1;363;361,7;5;359;Feijó;12;AC;nao metropolitana;amazonia;251,14;Af;35035;10,3;69,53;51,27
1200328;Episódico;Episódico;Se manteve;25,2;82,4;694,8;362;359,7;6,3;356;Jordão;12;AC;nao metropolitana;amazonia;330,41;Af;11105;5,29;46,28;38,3
1200336;Episódico/Epidêmico;Epidêmico;Piorou;25,9;82,5;751,5;364;361;7;359;Mâncio Lima;12;AC;nao metropolitana;amazonia;257,6;Af;19172;6,75;80,26;50,9
1200344;Episódico;Episódico/Epidêmico;Piorou;25,5;84;636,2;363;361,7;4;359;Manoel Urbano;12;AC;nao metropolitana;amazonia;233,58;Af;12246;12,92;80,41;52,96
1200351;Episódico;Epidêmico;Piorou;25,6;83;749,6;363,3;363,7;7;361,3;Marechal Thaumaturgo;12;AC;nao metropolitana;amazonia;282,43;Af;16825;8,36;50,77;32,58
1200385;Episódico/Epidêmico;Episódico/Epidêmico;Se manteve;25,9;80,8;620;361,3;353;7;348,7;Plácido De Castro;12;AC;nao metropolitana;amazonia;179,76;Am;16313;14,63;91,46;55,38
1200393;Episódico;Episódico/Epidêmico;Piorou;25,9;83,1;778;363,7;361,7;6,7;359,3;Porto Walter;12;AC;nao metropolitana;amazonia;244,35;Af;10706;0,71;44,36;20,57
1200401;Epidêmico;Epidêmico;Se manteve;25,8;81,4;615,1;360,7;357,7;7,7;352,7;Rio Branco;12;AC;metropolitana;amazonia;209,03;Am;364368;57,97;94,1;92,98
1200427;Episódico/Epidêmico;Epidêmico;Piorou;26;83,2;731,3;364,3;363,3;6,3;361,7;Rodrigues Alves;12;AC;nao metropolitana;amazonia;250,56;Af;16072;9,23;71,48;38,52
1200435;Episódico;Sem transmissão;Melhorou;25,5;82,8;658,7;362,7;360,7;5,7;357,7;Santa Rosa Do Purus;12;AC;nao metropolitana;amazonia;251,66;Af;7672;4,78;66,29;47,19
1200450;Episódico/Epidêmico;Episódico/Epidêmico;Se manteve;25,8;81,4;615,1;360,7;357,7;7,7;352,7;Senador Guiomard;12;AC;nao metropolitana;amazonia;177,03;Am;21658;24,13;92,4;64,22
1200500;Episódico/Epidêmico;Epidêmico;Piorou;25,7;83,2;627,2;363;361;3,7;358,3;Sena Madureira;12;AC;nao metropolitana;amazonia;231,54;Am;39746;13,29;82,57;63,33
1200609;Episódico;Epidêmico;Piorou;25,6;83,5;659,5;362,7;362;4,3;359;Tarauacá;12;AC;nao metropolitana;amazonia;252,67;Af;43072;10,93;60,4;49,22
1200708;Epidêmico;Episódico/Epidêmico;Melhorou;25,6;82;627,6;359,7;357;5;351,7;Xapuri;12;AC;nao metropolitana;amazonia;227,59;Am;18181;29,33;86,75;64,17
1200807;Episódico;Episódico/Epidêmico;Piorou;25,8;82;621,4;363;359;4;356;Porto Acre;12;AC;nao metropolitana;amazonia;172,78;Am;16218;11,96;84,46;51,12
1300029;Episódico;Episódico/Epidêmico;Piorou;26,7;85,2;844,1;366,3;366;6;366;Alvarães;13;AM;nao metropolitana;amazonia;78,54;Af;15916;31,36;48,93;49,29
1300060;Episódico;Episódico;Se manteve;26;87,3;989,4;366,3;366,3;10,3;366,3;Amaturá;13;AM;nao metropolitana;amazonia;83,74;Af;10814;7,69;66,64;42,25
1300086;Episódico;Sem transmissão;Melhorou;26,5;85,4;858,8;366,3;365,7;6;365,7;Anamã;13;AM;nao metropolitana;amazonia;40,78;Af;9927;4,62;58,47;41,91
1300102;Episódico;Episódico/Epidêmico;Piorou;26,5;85,4;858,8;366,3;365,7;6;365,7;Anori;13;AM;nao metropolitana;amazonia;35,18;Af;17052;2,16;66,86;51,63
1300144;Episódico;Episódico;Se manteve;26,1;82,1;791,1;366,3;348,7;8,3;348,7;Apuí;13;AM;nao metropolitana;amazonia;154,7;Am;21403;9,53;86,82;53,56
1300201;Episódico;Episódico/Epidêmico;Piorou;25,7;87,8;928,1;365,3;366,3;10,7;365,3;Atalaia Do Norte;13;AM;nao metropolitana;amazonia;157,3;Af;15440;0,97;36,29;26,65
1300300;Episódico;Episódico;Se manteve;27,1;81,6;835,8;366,3;362;11,3;362;Autazes;13;AM;metropolitana;amazonia;30,93;Af;41672;20,38;57,01;46,8
1300409;Episódico/Epidêmico;Episódico/Epidêmico;Se manteve;26,7;85,1;833,6;366,3;366,3;6,3;366,3;Barcelos;13;AM;nao metropolitana;amazonia;91,99;Af;18399;15,48;50,28;50,22
1300508;Episódico;Sem transmissão;Melhorou;27;84,9;915,3;366,3;366,3;12,3;366,3;Barreirinha;13;AM;nao metropolitana;amazonia;35,36;Af;30990;4,15;55,14;30,08
1300607;Episódico;Epidêmico;Piorou;25,6;87,6;922,8;365,3;366,3;11;365,3;Benjamin Constant;13;AM;nao metropolitana;amazonia;139,73;Af;37436;14,6;53,48;53,4
1300631;Episódico;Episódico/Epidêmico;Piorou;26,5;83,2;850,7;366,3;361,7;9,3;361,7;Beruri;13;AM;nao metropolitana;amazonia;47,19;Af;20807;27,69;54,61;39,61
1300680;Episódico;Episódico;Se manteve;26,6;86;878,4;366,3;366,3;10,3;366,3;Boa Vista Do Ramos;13;AM;nao metropolitana;amazonia;27,15;Af;24018;31,99;58,8;46,23
1300706;Episódico/Epidêmico;Episódico;Melhorou;25,9;83;647,2;364;360,7;5;358,3;Boca Do Acre;13;AM;nao metropolitana;amazonia;170,74;Am;35964;6,33;69,39;49,61
1300805;Epidêmico;Episódico/Epidêmico;Melhorou;26,7;83,1;844,1;366,3;362;9;362;Borba;13;AM;nao metropolitana;amazonia;60,79;Af;33209;8,62;54,66;50,28
1300839;Episódico;Episódico;Se manteve;26,5;84,9;912,2;366,3;365,7;7,3;365,7;Caapiranga;13;AM;nao metropolitana;amazonia;47,75;Af;13851;33,01;29,69;41,7
1300904;Episódico;Sem transmissão;Melhorou;26,5;82,5;785,1;365;361,7;7,3;360,3;Canutama;13;AM;nao metropolitana;amazonia;83,37;Am;17362;10,42;73,78;35,23
1301001;Episódico;Episódico/Epidêmico;Piorou;26,1;85,4;856,7;366;363,7;7,3;363,3;Carauari;13;AM;nao metropolitana;amazonia;108,75;Af;29176;25,71;64,62;72,31
1301100;Episódico/Epidêmico;Episódico;Melhorou;26,5;84,6;962;366,3;364;11;364;Careiro;13;AM;metropolitana;amazonia;34,96;Af;30819;15,04;57,11;38,9
1301159;Episódico;Episódico;Se manteve;27,2;81;837,2;366,3;363;10,7;363;Careiro Da Várzea;13;AM;metropolitana;amazonia;22,84;Af;19615;5,62;14,95;12,49
1301209;Episódico/Epidêmico;Episódico/Epidêmico;Se manteve;27;84;832,8;366;366;6,3;365,7;Coari;13;AM;nao metropolitana;amazonia;67,58;Af;71130;41,08;32,3;60,33
1301308;Episódico;Episódico/Epidêmico;Piorou;26,7;84,5;844,5;366;365,7;7,7;365,3;Codajás;13;AM;nao metropolitana;amazonia;48,4;Af;24071;26,09;63,71;61,24
1301407;Episódico;Episódico/Epidêmico;Piorou;25,7;85,9;808,3;364;365,7;7,3;363,3;Eirunepé;13;AM;nao metropolitana;amazonia;176,14;Af;33173;13,27;52,28;33,47
1301506;Episódico;Epidêmico;Piorou;25,6;84,8;731,1;363,7;364,7;6,3;362,3;Envira;13;AM;nao metropolitana;amazonia;183,76;Af;17034;7,65;44,82;62,83
1301605;Episódico;Episódico;Se manteve;26,4;86,5;967,9;366,3;366,3;7,7;366,3;Fonte Boa;13;AM;nao metropolitana;amazonia;60,73;Af;27692;2,25;67,65;49,85
1301654;Epidêmico;Epidêmico;Se manteve;26;83,2;731,3;364,3;363,3;6,3;361,7;Guajará;13;AM;nao metropolitana;amazonia;211,38;Af;13809;8,22;62,11;44,79
1301704;Epidêmico;Epidêmico;Se manteve;26,6;82,2;751,6;365,7;361;9;360,3;Humaitá;13;AM;nao metropolitana;amazonia;71,92;Am;59504;16,26;78,16;67,84
1301803;Episódico;Epidêmico;Piorou;25,8;83,8;742,9;365;364,3;6,3;363;Ipixuna;13;AM;nao metropolitana;amazonia;191,5;Af;24387;1,51;41,52;34,27
1301852;Episódico;Epidêmico;Piorou;26,8;84,6;971,3;366,3;366;9,3;366;Iranduba;13;AM;metropolitana;amazonia;45,99;Af;59767;14,38;70,95;78,41
1301902;Epidêmico;Episódico/Epidêmico;Melhorou;27,5;80,6;865,4;366,3;364,7;12,3;364,7;Itacoatiara;13;AM;metropolitana;amazonia;35,97;Af;103826;20,77;78,88;72,49
1301951;Episódico;Sem transmissão;Melhorou;25,9;84,3;766,5;365,3;365,3;6,7;364,3;Itamarati;13;AM;nao metropolitana;amazonia;138,89;Af;10783;5,8;52,1;34,65
1302009;Episódico;Sem transmissão;Melhorou;27,2;83;871,1;366,3;366,3;10;366,3;Itapiranga;13;AM;metropolitana;amazonia;80,5;Af;10183;6,63;82,83;69,3
1302108;Episódico;Episódico/Epidêmico;Piorou;26,2;86,9;1066,4;366,3;366;13,3;366;Japurá;13;AM;nao metropolitana;amazonia;107,63;Af;9281;16,6;48,07;30,43
1302207;Episódico;Episódico;Se manteve;26,2;85,8;870,3;366,3;365;7;365;Juruá;13;AM;nao metropolitana;amazonia;78,1;Af;10501;14,1;47,97;41,61
1302306;Episódico;Epidêmico;Piorou;26,3;86,7;964,6;366,3;366;8;366;Jutaí;13;AM;nao metropolitana;amazonia;123,74;Af;25048;0,98;63,73;11,98
1302405;Episódico/Epidêmico;Epidêmico;Piorou;26,4;82,8;774,7;365,3;363,7;7;362,7;Lábrea;13;AM;nao metropolitana;amazonia;122,89;Am;47003;19,96;48,21;53
1302504;Episódico/Epidêmico;Epidêmico;Piorou;26,9;84,3;938,3;366,3;366;8,3;366;Manacapuru;13;AM;metropolitana;amazonia;33,69;Af;102736;24,62;70,32;70,56
1302553;Episódico;Sem transmissão;Melhorou;26,8;84,6;971,3;366,3;366;9,3;366;Manaquiri;13;AM;metropolitana;amazonia;35,23;Af;17333;7,92;41,08;30,57
1302603;Epidêmico;Epidêmico;Se manteve;27;82,1;927,9;366,3;364;10,3;364;Manaus;13;AM;metropolitana;amazonia;66,97;Af;2054731;63,33;89,78;98
1302702;Episódico;Epidêmico;Piorou;26,5;83,9;791,2;366,3;364,3;9;364,3;Manicoré;13;AM;nao metropolitana;amazonia;71,65;Am;59225;8,34;61,75;46,26
1302801;Episódico;Episódico;Se manteve;26,5;86,2;916,7;366,3;366,3;9,3;366,3;Maraã;13;AM;nao metropolitana;amazonia;51,36;Af;15706;22,6;49,73;42,39
1302900;Episódico/Epidêmico;Episódico/Epidêmico;Se manteve;26,7;85,2;858,9;366,3;366;8;366;Maués;13;AM;nao metropolitana;amazonia;101,45;Af;61167;29,19;53,86;49,57
1303007;Episódico;Sem transmissão;Melhorou;27;83,4;959;366,3;366,3;13,7;366,3;Nhamundá;13;AM;nao metropolitana;amazonia;104,95;Af;20249;17,6;47,52;34,25
1303106;Episódico/Epidêmico;Sem transmissão;Melhorou;26,9;84,3;873,8;366,3;365;7,7;365;Nova Olinda Do Norte;13;AM;nao metropolitana;amazonia;37,73;Af;27088;15,05;55,94;49,1
1303205;Episódico/Epidêmico;Episódico/Epidêmico;Se manteve;26,8;83,5;923,4;366,3;366;10,3;366;Novo Airão;13;AM;metropolitana;amazonia;57,76;Af;15819;16,43;65,45;65,35
1303304;Episódico/Epidêmico;Episódico/Epidêmico;Se manteve;26,8;82;897,6;366,3;358,3;10,7;358,3;Novo Aripuanã;13;AM;nao metropolitana;amazonia;87,97;Am;24251;14,95;62,63;26,68
1303403;Episódico/Epidêmico;Epidêmico;Piorou;27;83,9;926,4;366,3;366,3;12,3;366,3;Parintins;13;AM;nao metropolitana;amazonia;25,22;Af;96251;20,52;73,24;62,59
1303502;Episódico;Episódico;Se manteve;26,1;83;677,4;364,7;361,7;3,7;360;Pauini;13;AM;nao metropolitana;amazonia;161,94;Af;20351;26,47;49,56;28,96
1303536;Episódico/Epidêmico;Epidêmico;Piorou;26,1;82,5;941,2;366,3;362;9;362;Presidente Figueiredo;13;AM;metropolitana;amazonia;98,07;Af;30762;37,54;83,42;66,99
1303569;Episódico;Episódico/Epidêmico;Piorou;26,3;81,9;783,4;366,3;357;7,7;357;Rio Preto Da Eva;13;AM;metropolitana;amazonia;92,65;Af;24807;10,01;79,17;46,47
1303601;Episódico;Episódico/Epidêmico;Piorou;26,4;86,1;928,8;366,3;366,3;10;366,3;Santa Isabel Do Rio Negro;13;AM;nao metropolitana;amazonia;124,36;Af;14305;8,25;45,24;44,01
1303700;Episódico;Episódico/Epidêmico;Piorou;26,2;87;974,1;366,3;366,3;10;366,3;Santo Antônio Do Içá;13;AM;nao metropolitana;amazonia;94,86;Af;28233;3,83;50,65;38,3
1303809;Epidêmico;Episódico/Epidêmico;Melhorou;26;87,4;1143,7;366,3;366,3;13;366,3;São Gabriel Da Cachoeira;13;AM;nao metropolitana;amazonia;116,7;Af;51921;13,11;43,43;51,38
1303908;Episódico;Epidêmico;Piorou;25,9;87,7;1070,6;366,3;366,3;13,7;366,3;São Paulo De Olivença;13;AM;nao metropolitana;amazonia;126,81;Af;32727;5,05;38,51;0,15
1303957;Sem transmissão;Episódico;Piorou;27;83,6;856,3;366,3;366,3;9,3;366,3;São Sebastião Do Uatumã;13;AM;nao metropolitana;amazonia;94,09;Af;11697;1,8;68,33;57,99
1304005;Episódico;Sem transmissão;Melhorou;27,1;80,8;874,9;366,3;362;12;362;Silves;13;AM;metropolitana;amazonia;60,65;Af;11572;4,95;54,15;50,23
1304062;Epidêmico;Epidêmico;Se manteve;25,8;87,7;978,6;365,7;366,3;12,7;365,7;Tabatinga;13;AM;nao metropolitana;amazonia;97,02;Af;66837;25,75;73,55;70,74
1304104;Episódico/Epidêmico;Epidêmico;Piorou;26,7;83,7;796,2;366;365,7;7,3;365,3;Tapauá;13;AM;nao metropolitana;amazonia;85,84;Af;21914;18,74;47,22;50,33
1304203;Epidêmico;Epidêmico;Se manteve;26,6;85,4;877,3;366,3;366;6,7;366;Tefé;13;AM;nao metropolitana;amazonia;86,29;Af;74142;32,65;79,14;68,47
1304237;Episódico;Episódico/Epidêmico;Piorou;26;87,1;960,5;366,3;366,3;9,3;366,3;Tonantins;13;AM;nao metropolitana;amazonia;88,05;Af;20180;9,34;32,38;29,51
1304260;Episódico;Episódico;Se manteve;26,7;85,5;896,1;366,3;366;7;366;Uarini;13;AM;nao metropolitana;amazonia;70,76;Af;14597;12,96;60,95;46,03
1304302;Episódico;Episódico;Se manteve;27;83,6;856,3;366,3;366,3;9,3;366,3;Urucará;13;AM;nao metropolitana;amazonia;131,71;Af;18582;10,59;80,65;64,11
1304401;Episódico;Episódico;Se manteve;27,4;80,9;877,5;366,3;363,7;12,3;363,7;Urucurituba;13;AM;nao metropolitana;amazonia;13;Af;24017;22,7;64,7;52,29
1400027;Episódico/Epidêmico;Episódico;Melhorou;27,1;78,2;792,7;366,3;342,7;13;342,7;Amajari;14;RR;nao metropolitana;amazonia;396,94;Am;16994;10,72;55,89;22,96
1400050;Episódico/Epidêmico;Episódico/Epidêmico;Se manteve;26,9;78,7;775,4;366,3;351,7;11,7;351,7;Alto Alegre;14;RR;metropolitana;amazonia;445,62;Am;23582;18,7;65,25;36,24
1400100;Epidêmico;Epidêmico;Se manteve;27,5;75,4;670,4;366,3;329,3;8,7;329,3;Boa Vista;14;RR;metropolitana;amazonia;87,63;Am;408157;55,38;99,16;96,36
1400159;Episódico/Epidêmico;Episódico/Epidêmico;Se manteve;25,9;78,6;844,3;366,3;362,3;11,3;362,3;Bonfim;14;RR;metropolitana;amazonia;125,7;Am;16169;39,93;91,78;34,74
1400175;Episódico/Epidêmico;Episódico/Epidêmico;Se manteve;26,4;79,5;783,9;366,3;359,7;11;359,7;Cantá;14;RR;metropolitana;amazonia;146,81;Am;18030;11,26;93,4;23,86
1400209;Epidêmico;Episódico/Epidêmico;Melhorou;26,8;82,1;830,1;366,3;362;11;362;Caracaraí;14;RR;nao metropolitana;amazonia;107,84;Af;20780;58,03;88,53;61,18
1400233;Episódico/Epidêmico;Episódico/Epidêmico;Se manteve;26;83,5;885;366,3;362,3;11,7;362,3;Caroebe;14;RR;nao metropolitana;amazonia;219,43;Af;10555;15,59;94,48;44,68
1400282;Episódico/Epidêmico;Episódico/Epidêmico;Se manteve;26,7;81,6;787,3;366,3;362;9,7;362;Iracema;14;RR;nao metropolitana;amazonia;313,08;Am;11000;51,16;80,99;45,7
1400308;Episódico/Epidêmico;Episódico/Epidêmico;Se manteve;26,7;80,4;775,1;366,3;358,7;10;358,7;Mucajaí;14;RR;metropolitana;amazonia;217,67;Am;17058;3,95;94,38;56,09
1400407;Episódico/Epidêmico;Episódico;Melhorou;26,9;74,1;584,4;366,3;339;8,7;339;Normandia;14;RR;nao metropolitana;amazonia;179,46;Am;15264;16,46;65,16;22,44
1400456;Episódico/Epidêmico;Episódico/Epidêmico;Se manteve;23,7;81,7;921,8;366,3;363,3;10;363,3;Pacaraima;14;RR;nao metropolitana;amazonia;349,74;Am;19317;25,99;79,57;54,07
1400472;Epidêmico;Epidêmico;Se manteve;26,3;83,9;879,4;366,3;364,7;11,7;364,7;Rorainópolis;14;RR;nao metropolitana;amazonia;64,26;Af;29932;11,66;87,92;56,06
1400506;Episódico/Epidêmico;Epidêmico;Piorou;26,1;83,4;841,6;366,3;362,7;9,7;362,7;São João Da Baliza;14;RR;nao metropolitana;amazonia;147,2;Af;8011;25,84;95,45;65,4
1400605;Episódico/Epidêmico;Episódico;Melhorou;26;83,5;885;366,3;362,3;11,7;362,3;São Luiz;14;RR;nao metropolitana;amazonia;121,64;Af;6192;44,23;94,86;65,86
1400704;Episódico;Episódico;Se manteve;23,9;76,6;544,4;366,3;362,7;4,7;362,7;Uiramutã;14;RR;nao metropolitana;amazonia;759,87;Am;13764;5,61;47,3;11,01
1500107;Epidêmico;Episódico/Epidêmico;Melhorou;27,1;81,7;804,7;366,3;366,3;10,3;366,3;Abaetetuba;15;PA;nao metropolitana;amazonia;13,29;Af;158042;17,63;68,85;63,13
1500131;Episódico/Epidêmico;Episódico;Melhorou;26,8;75,7;544,8;366,3;329;6,3;329;Abel Figueiredo;15;PA;nao metropolitana;amazonia;212,29;Aw;6119;9,79;91,75;81,63
1500206;Episódico/Epidêmico;Episódico/Epidêmico;Se manteve;26,8;82;688,5;366,3;366,3;7;366,3;Acará;15;PA;nao metropolitana;amazonia;34,87;Af;63268;6,4;64,02;25,89
1500305;Episódico;Episódico;Se manteve;27;85,1;1124,8;366,3;366,3;14,3;366,3;Afuá;15;PA;nao metropolitana;amazonia;11,92;Am;38020;3,61;26,56;29,64
1500347;Episódico/Epidêmico;Episódico/Epidêmico;Se manteve;25,4;77,5;528,4;366,3;330,7;5,3;330,7;Água Azul Do Norte;15;PA;nao metropolitana;amazonia;313,6;Am;16672;20,37;94,37;31,57
1500404;Episódico/Epidêmico;Episódico/Epidêmico;Se manteve;27,1;81,7;805,8;366,3;364,7;10;364,7;Alenquer;15;PA;nao metropolitana;amazonia;316,49;Am;86096;20,31;79,14;45,45
1500503;Episódico;Sem transmissão;Melhorou;27,3;83,1;736,3;366,3;366,3;7,3;366,3;Almeirim;15;PA;nao metropolitana;amazonia;271,02;Am;38843;34,88;78,53;64,8
1500602;Epidêmico;Epidêmico;Se manteve;26,9;82,4;677,3;366,3;366,3;7,7;366,3;Altamira;15;PA;nao metropolitana;amazonia;266,33;Am;135067;18,75;86,98;79,6
1500701;Episódico;Episódico;Se manteve;26,7;84,4;898,2;366,3;366,3;9,7;366,3;Anajás;15;PA;nao metropolitana;amazonia;19,92;Am;34065;9,37;21,06;35,89
1500800;Epidêmico;Episódico/Epidêmico;Melhorou;26,9;82,7;896,3;366,3;366,3;10,7;366,3;Ananindeua;15;PA;metropolitana;amazonia;15,77;Af;515745;55,45;92,1;97,75
1500859;Episódico/Epidêmico;Episódico/Epidêmico;Se manteve;26,7;82,1;727,3;366,3;365,3;10,3;365,3;Anapu;15;PA;nao metropolitana;amazonia;144,96;Am;33566;1,75;85,26;41,42
1500909;Episódico/Epidêmico;Episódico/Epidêmico;Se manteve;26,4;84,6;923,3;366,3;366,3;15;366,3;Augusto Corrêa;15;PA;nao metropolitana;amazonia;26,43;Am;43691;26,8;82,76;28,12
1500958;Episódico/Epidêmico;Episódico/Epidêmico;Se manteve;26,6;80,6;618,2;366,3;366,3;6,7;366,3;Aurora Do Pará;15;PA;nao metropolitana;amazonia;47,52;Am;32772;18,41;83,67;30,18
1501006;Episódico;Sem transmissão;Melhorou;26,7;85,2;882,2;366,3;366,3;11,3;366,3;Aveiro;15;PA;nao metropolitana;amazonia;97,51;Af;18343;8,55;67,11;19
1501105;Episódico;Episódico;Se manteve;27,3;83,5;820,1;366,3;366,3;12,3;366,3;Bagre;15;PA;nao metropolitana;amazonia;30,93;Af;35265;2,96;43,17;37,99
1501204;Episódico/Epidêmico;Episódico;Melhorou;27,4;81;723,9;366,3;366,3;10;366,3;Baião;15;PA;nao metropolitana;amazonia;40,53;Am;51844;24,24;80,15;34,88
1501253;Episódico/Epidêmico;Episódico/Epidêmico;Se manteve;25,4;75,9;567,2;366,3;318,3;6,3;318,3;Bannach;15;PA;nao metropolitana;amazonia;420,97;Am;3730;1,83;87,7;34,65
1501303;Epidêmico;Episódico/Epidêmico;Melhorou;27;82,5;802,8;366,3;366,3;9;366,3;Barcarena;15;PA;nao metropolitana;amazonia;13,55;Af;126733;29,4;82;82,96
1501402;Epidêmico;Epidêmico;Se manteve;26,9;82,7;896,3;366,3;366,3;10,7;366,3;Belém;15;PA;metropolitana;amazonia;8,21;Am;1367336;68,41;96,09;96,72
1501451;Episódico/Epidêmico;Episódico;Melhorou;27,2;80,1;1065,6;366,3;366,3;18,3;366,3;Belterra;15;PA;nao metropolitana;amazonia;129,83;Am;18060;21,24;68,7;39,76
1501501;Episódico/Epidêmico;Episódico/Epidêmico;Se manteve;26,9;82,7;896,3;366,3;366,3;10,7;366,3;Benevides;15;PA;metropolitana;amazonia;24,53;Af;56152;17,4;94,01;85,42
1501576;Episódico;Episódico;Se manteve;27;76,6;523,1;366,3;341,3;5;341,3;Bom Jesus Do Tocantins;15;PA;nao metropolitana;amazonia;155,19;Aw;14511;13,23;88,43;54,85
1501600;Episódico;Sem transmissão;Melhorou;26,6;81,7;742,3;366,3;366,3;5;366,3;Bonito;15;PA;nao metropolitana;amazonia;53,59;Am;12892;13,94;88,71;33,57
1501709;Episódico/Epidêmico;Episódico/Epidêmico;Se manteve;26,4;84,1;809,1;366,3;366,3;9;366,3;Bragança;15;PA;nao metropolitana;amazonia;39,13;Am;121793;14,75;73,89;61,48
1501725;Episódico/Epidêmico;Episódico/Epidêmico;Se manteve;26,5;81,4;657,4;366,3;366;7,3;366;Brasil Novo;15;PA;nao metropolitana;amazonia;161,73;Am;30214;2,52;81,02;45,85
1501758;Episódico/Epidêmico;Episódico/Epidêmico;Se manteve;27,1;76,7;472,9;366,3;339,3;3,3;339,3;Brejo Grande Do Araguaia;15;PA;nao metropolitana;amazonia;170,68;Aw;6791;7,63;93,52;43,75
1501782;Episódico/Epidêmico;Episódico;Melhorou;27,4;79,9;779,9;366,3;366,3;12,7;366,3;Breu Branco;15;PA;nao metropolitana;amazonia;80,19;Am;40157;5,48;88,19;64,26
1501808;Episódico/Epidêmico;Episódico;Melhorou;27,2;83,4;789,1;366,3;366,3;11;366,3;Breves;15;PA;nao metropolitana;amazonia;18,54;Af;114628;7,6;45,63;53,87
1501907;Episódico;Episódico;Se manteve;26,9;82;744,6;366,3;366,3;6;366,3;Bujaru;15;PA;nao metropolitana;amazonia;30,73;Af;27049;10,62;73,37;31,05
1501956;Episódico;Episódico;Se manteve;26,4;82,3;679,9;366,3;366,3;5;366,3;Cachoeira Do Piriá;15;PA;nao metropolitana;amazonia;53,36;Am;26510;2,94;71,33;18,85
1502004;Sem transmissão;Sem transmissão;Se manteve;27;83;881,1;366,3;366,3;10,7;366,3;Cachoeira Do Arari;15;PA;nao metropolitana;amazonia;5,62;Am;22950;39,01;76,66;32,6
1502103;Episódico/Epidêmico;Episódico/Epidêmico;Se manteve;27,4;82,4;862,6;366,3;366,3;11,3;366,3;Cametá;15;PA;nao metropolitana;amazonia;14,32;Af;134734;11,43;62,33;44,61
1502152;Episódico/Epidêmico;Epidêmico;Piorou;25,9;77,5;499,5;366,3;331,7;6;331,7;Canaã Dos Carajás;15;PA;nao metropolitana;amazonia;356,43;Am;75433;36,85;94,89;84,2
1502202;Episódico/Epidêmico;Episódico/Epidêmico;Se manteve;26,5;83,3;756,8;366,3;366,3;7,7;366,3;Capanema;15;PA;nao metropolitana;amazonia;33,62;Am;70321;65,76;90,45;82,88
1502301;Episódico/Epidêmico;Episódico;Melhorou;26,5;81,7;649,2;366,3;366,3;7,3;366,3;Capitão Poço;15;PA;nao metropolitana;amazonia;74,23;Am;56331;3,31;86,79;49,22
1502400;Epidêmico;Epidêmico;Se manteve;26,8;82,3;887,4;366,3;366,3;10,3;366,3;Castanhal;15;PA;metropolitana;amazonia;38,74;Am;200003;36,39;92,91;90,27
1502509;Episódico;Sem transmissão;Melhorou;26,8;84,1;1112,7;366,3;366,3;17,3;366,3;Chaves;15;PA;nao metropolitana;amazonia;7,81;Am;20630;2;27,88;13,65
1502608;Episódico;Episódico;Se manteve;26,7;82,6;976,5;366,3;366,3;13,7;366,3;Colares;15;PA;nao metropolitana;amazonia;7,28;Am;11923;2,01;88,59;32,04
1502707;Epidêmico;Epidêmico;Se manteve;27;73,1;505,4;366,3;297,3;4,3;297,3;Conceição Do Araguaia;15;PA;nao metropolitana;amazonia;200,42;Aw;44765;4,77;93,66;66,66
1502756;Episódico;Episódico;Se manteve;26,8;81,5;671,6;366,3;366,3;6;366,3;Concórdia Do Pará;15;PA;nao metropolitana;amazonia;41,38;Af;26869;6,81;82,49;56,71
1502764;Episódico/Epidêmico;Episódico/Epidêmico;Se manteve;25,4;77,6;576,3;366,3;325;5,7;325;Cumaru Do Norte;15;PA;nao metropolitana;amazonia;356,77;Am;12397;1,66;80,99;26,67
1502772;Episódico/Epidêmico;Episódico;Melhorou;26,2;78,3;495,9;366,3;341;5,7;341;Curionópolis;15;PA;nao metropolitana;amazonia;254,67;Am;19929;4,51;69,93;46,46
1502806;Episódico;Episódico;Se manteve;27,4;83,5;842,5;366,3;366,3;10,7;366,3;Curralinho;15;PA;nao metropolitana;amazonia;18,13;Af;38060;1,52;33,84;31,25
1502855;Episódico;Episódico;Se manteve;27,6;79,9;1045;366,3;366,3;18,3;366,3;Curuá;15;PA;nao metropolitana;amazonia;18,58;Am;14126;1,18;78,43;18,09
1502905;Episódico/Epidêmico;Episódico;Melhorou;26,7;83,8;819,1;366,3;366,3;9,3;366,3;Curuçá;15;PA;nao metropolitana;amazonia;20,54;Am;44493;23,11;92,5;51,89
1502939;Episódico/Epidêmico;Episódico/Epidêmico;Se manteve;26,4;77;476,6;366,3;345,3;4,7;345,3;Dom Eliseu;15;PA;nao metropolitana;amazonia;202,8;Aw;58444;7,15;83,71;71,34
1502954;Episódico;Episódico;Se manteve;26,5;78,6;484,8;366,3;346;5;346;Eldorado Do Carajás;15;PA;nao metropolitana;amazonia;152,43;Am;30264;7,63;91,16;32,12
1503002;Episódico;Sem transmissão;Melhorou;27;83,4;959;366,3;366,3;13,7;366,3;Faro;15;PA;nao metropolitana;amazonia;130,55;Af;8728;2,11;76,32;38,01
1503044;Episódico;Episódico/Epidêmico;Piorou;26,5;75,2;496,7;366,3;317,3;4,3;317,3;Floresta Do Araguaia;15;PA;nao metropolitana;amazonia;188,68;Aw;17896;1,22;68,61;27,91
1503077;Episódico;Episódico;Se manteve;26,4;81,7;618,5;366,3;366,3;4,7;366,3;Garrafão Do Norte;15;PA;nao metropolitana;amazonia;81,84;Am;24716;1,12;80,5;29,82
1503093;Episódico/Epidêmico;Episódico;Melhorou;27,1;79;741;366,3;357,7;11;357,7;Goianésia Do Pará;15;PA;nao metropolitana;amazonia;109,41;Am;23806;8,68;85,42;61,92
1503101;Episódico;Sem transmissão;Melhorou;27,2;84,9;808,6;366,3;366,3;10;366,3;Gurupá;15;PA;nao metropolitana;amazonia;18,85;Am;31945;5,47;39,19;35,87
1503200;Episódico/Epidêmico;Episódico/Epidêmico;Se manteve;26,6;82,6;812,1;366,3;366,3;8,3;366,3;Igarapé-Açu;15;PA;nao metropolitana;amazonia;39,23;Am;35788;1,71;85,97;65,59
1503309;Episódico/Epidêmico;Episódico/Epidêmico;Se manteve;26,9;82,6;825,9;366,3;366,3;10,3;366,3;Igarapé-Miri;15;PA;nao metropolitana;amazonia;14,75;Af;66369;3,55;47,69;45,42
1503408;Episódico/Epidêmico;Episódico/Epidêmico;Se manteve;26,8;81,6;805,6;366,3;366,3;6,7;366,3;Inhangapi;15;PA;nao metropolitana;amazonia;23,49;Am;10334;21,1;77,37;34,08
1503457;Episódico/Epidêmico;Episódico/Epidêmico;Se manteve;26,8;80,3;611,1;366,3;366,3;5,7;366,3;Ipixuna Do Pará;15;PA;nao metropolitana;amazonia;68,67;Am;29116;26,76;76,56;46,24
1503507;Episódico/Epidêmico;Episódico/Epidêmico;Se manteve;26,9;80,6;633,4;366,3;366,3;6,7;366,3;Irituia;15;PA;nao metropolitana;amazonia;38,35;Am;30627;3,09;82,58;29,69
1503606;Epidêmico;Epidêmico;Se manteve;27;82,8;714,3;366,3;366;8;366;Itaituba;15;PA;nao metropolitana;amazonia;202,82;Am;137170;20,9;85,42;76,45
1503705;Episódico/Epidêmico;Episódico;Melhorou;26,9;79,7;537,3;366,3;361;5,3;361;Itupiranga;15;PA;nao metropolitana;amazonia;158,83;Am;53873;9,05;83,72;47,21
1503754;Episódico;Episódico;Se manteve;26,8;80,5;808,9;366,3;345,3;7,7;345,3;Jacareacanga;15;PA;nao metropolitana;amazonia;218,46;Am;24742;2,62;68,44;35,13
1503804;Episódico/Epidêmico;Episódico/Epidêmico;Se manteve;26,6;79,2;629,5;366,3;350;6,3;350;Jacundá;15;PA;nao metropolitana;amazonia;103,85;Am;36184;15,85;91,29;80,21
1503903;Episódico/Epidêmico;Episódico/Epidêmico;Se manteve;26,9;82;973,9;366,3;366,3;16;366,3;Juruti;15;PA;nao metropolitana;amazonia;62,04;Am;57837;3,21;68,2;51,32
1504000;Episódico/Epidêmico;Episódico;Melhorou;27,4;82,1;851,1;366,3;366,3;12;366,3;Limoeiro Do Ajuru;15;PA;nao metropolitana;amazonia;10,74;Af;29617;6,45;24,73;25,17
1504059;Episódico/Epidêmico;Episódico/Epidêmico;Se manteve;26,8;80,6;607,5;366,3;366,3;5,3;366,3;Mãe Do Rio;15;PA;nao metropolitana;amazonia;48,24;Am;34566;42,39;90,17;83,69
1504109;Episódico;Episódico/Epidêmico;Piorou;26,7;83,8;819,1;366,3;366,3;9,3;366,3;Magalhães Barata;15;PA;nao metropolitana;amazonia;24,3;Am;8090;50,7;93,51;37,51
1504208;Epidêmico;Epidêmico;Se manteve;26,9;79,7;537,3;366,3;361;5,3;361;Marabá;15;PA;metropolitana;amazonia;202,81;Am;271321;32,98;91,19;78,53
1504307;Episódico/Epidêmico;Episódico;Melhorou;26,7;83,8;819,1;366,3;366,3;9,3;366,3;Maracanã;15;PA;nao metropolitana;amazonia;21,09;Am;25929;43,68;80,26;29,98
1504406;Episódico;Episódico;Se manteve;26,9;83,5;876,4;366,3;366,3;11,7;366,3;Marapanim;15;PA;nao metropolitana;amazonia;22,97;Am;30867;2,6;88,6;57,38
1504422;Epidêmico;Epidêmico;Se manteve;26,9;82,7;896,3;366,3;366,3;10,7;366,3;Marituba;15;PA;metropolitana;amazonia;18,74;Af;123890;19,13;89,79;89,35
1504455;Episódico/Epidêmico;Episódico/Epidêmico;Se manteve;26,4;81,2;644,6;366,3;365;5,3;365;Medicilândia;15;PA;nao metropolitana;amazonia;166,02;Am;26438;19,89;76,29;30,94
1504505;Sem transmissão;Episódico;Piorou;27,2;83,4;741,6;366,3;366,3;10,7;366,3;Melgaço;15;PA;nao metropolitana;amazonia;24,69;Af;26770;4,05;21,93;24,06
1504604;Episódico/Epidêmico;Episódico/Epidêmico;Se manteve;27,3;82,5;765;366,3;366,3;9,7;366,3;Mocajuba;15;PA;nao metropolitana;amazonia;22,41;Af;27265;32,04;76,1;64,16
1504703;Episódico/Epidêmico;Episódico/Epidêmico;Se manteve;26,8;82,5;728,4;366,3;366,3;9,7;366,3;Moju;15;PA;nao metropolitana;amazonia;45,17;Af;81364;6,07;81,69;35,9
1504752;Episódico;Episódico/Epidêmico;Piorou;26,9;82,4;945,1;366,3;366,3;13,3;366,3;Mojuí Dos Campos;15;PA;nao metropolitana;amazonia;125;Af;22845;0;0;0
1504802;Episódico/Epidêmico;Episódico/Epidêmico;Se manteve;27,3;82,9;754,3;366,3;366,3;12;366,3;Monte Alegre;15;PA;nao metropolitana;amazonia;265,69;Am;59890;17,97;79,98;37,36
1504901;Episódico;Episódico;Se manteve;27,2;82,9;843,5;366,3;366,3;13;366,3;Muaná;15;PA;nao metropolitana;amazonia;10,98;Af;60117;2,65;51,5;42,72
1504950;Episódico/Epidêmico;Episódico;Melhorou;26,4;81,2;624,9;366,3;366,3;6,3;366,3;Nova Esperança Do Piriá;15;PA;nao metropolitana;amazonia;97,34;Am;21132;4,47;81,75;51,58
1504976;Episódico/Epidêmico;Episódico/Epidêmico;Se manteve;26,9;78,4;576,8;366,3;351,7;4,7;351,7;Nova Ipixuna;15;PA;nao metropolitana;amazonia;107,2;Aw;13318;2,56;87,59;46,86
1505007;Episódico;Sem transmissão;Melhorou;26,5;82,8;771,1;366,3;366,3;7,7;366,3;Nova Timboteua;15;PA;nao metropolitana;amazonia;34,55;Am;12737;11,98;90,57;63,03
1505031;Episódico/Epidêmico;Episódico/Epidêmico;Se manteve;26,1;78,6;703,4;366,3;317;6,7;317;Novo Progresso;15;PA;nao metropolitana;amazonia;337,02;Am;33636;1,43;92,51;76,6
1505064;Episódico/Epidêmico;Episódico/Epidêmico;Se manteve;27,2;80;798,9;366,3;364,7;12,3;364,7;Novo Repartimento;15;PA;nao metropolitana;amazonia;153,68;Am;60438;15,76;78,96;48,21
1505106;Episódico/Epidêmico;Episódico/Epidêmico;Se manteve;27,4;80;1016,9;366,3;366,3;17,3;366,3;Óbidos;15;PA;nao metropolitana;amazonia;259,62;Am;58121;1,92;63,34;44,5
1505205;Episódico;Episódico;Se manteve;27,2;83,4;819;366,3;366,3;10,3;366,3;Oeiras Do Pará;15;PA;nao metropolitana;amazonia;23,84;Af;33886;4,46;67,95;40,44
1505304;Episódico/Epidêmico;Episódico/Epidêmico;Se manteve;27,5;80,8;854;366,3;366,3;14;366,3;Oriximiná;15;PA;nao metropolitana;amazonia;230,51;Af;76140;37,76;54,63;57,93
1505403;Episódico;Episódico;Se manteve;26,6;81,5;703,7;366,3;366,3;7,7;366,3;Ourém;15;PA;nao metropolitana;amazonia;56,98;Am;17836;12,99;87,5;61,61
1505437;Episódico/Epidêmico;Episódico/Epidêmico;Se manteve;25,6;77,7;563;366,3;331,3;6;331,3;Ourilândia Do Norte;15;PA;nao metropolitana;amazonia;361,53;Am;26570;33,78;93,28;75,31
1505486;Episódico/Epidêmico;Episódico/Epidêmico;Se manteve;26,7;79,8;664;366,3;359,7;8,3;359,7;Pacajá;15;PA;nao metropolitana;amazonia;115,17;Am;43527;11,53;79,89;29,49
1505494;Episódico;Episódico;Se manteve;27,2;74,5;506,7;366,3;315;5,7;315;Palestina Do Pará;15;PA;nao metropolitana;amazonia;160,31;Aw;6872;0,45;89,34;38,57
1505502;Episódico/Epidêmico;Episódico/Epidêmico;Se manteve;26,7;78,7;552,5;366,3;364,3;5,7;364,3;Paragominas;15;PA;nao metropolitana;amazonia;115,81;Am;104883;12,96;93,23;87,66
1505536;Epidêmico;Epidêmico;Se manteve;25,2;78,5;562,6;366,3;334;5,7;334;Parauapebas;15;PA;nao metropolitana;amazonia;341,77;Am;271577;46,63;93,58;95,6
1505551;Episódico/Epidêmico;Episódico/Epidêmico;Se manteve;26,6;81,5;703,7;366,3;366,3;7,7;366,3;Pau D'arco;15;PA;nao metropolitana;amazonia;265,31;Am;6772;0,85;70,6;43,8
1505601;Episódico;Episódico/Epidêmico;Piorou;26,5;82,4;752,5;366,3;366,3;6,7;366,3;Peixe-Boi;15;PA;nao metropolitana;amazonia;29,71;Am;8315;35,72;90,31;49,8
1505635;Episódico;Episódico;Se manteve;26,9;75,9;500,8;366,3;325,7;6;325,7;Piçarra;15;PA;nao metropolitana;amazonia;178,97;Aw;12794;3,03;85,84;38,77
1505650;Episódico/Epidêmico;Episódico/Epidêmico;Se manteve;26,2;81,8;640,7;366,3;364,7;5,7;364,7;Placas;15;PA;nao metropolitana;amazonia;201,28;Af;18602;1,51;76,47;29,8
1505700;Episódico/Epidêmico;Episódico/Epidêmico;Se manteve;27;82,5;802,8;366,3;366,3;9;366,3;Ponta De Pedras;15;PA;nao metropolitana;amazonia;7,28;Am;24913;21,93;67,32;41,01
1505809;Episódico/Epidêmico;Episódico/Epidêmico;Se manteve;27,2;83,5;779,4;366,3;366,3;9,7;366,3;Portel;15;PA;nao metropolitana;amazonia;52,81;Af;67288;11,37;62,51;47,25
1505908;Episódico;Episódico;Se manteve;27,3;83,8;772,6;366,3;366,3;9,3;366,3;Porto De Moz;15;PA;nao metropolitana;amazonia;55,24;Am;40709;12,99;60,63;25
1506005;Episódico/Epidêmico;Episódico/Epidêmico;Se manteve;27,3;83;773;366,3;365,7;11;365,7;Prainha;15;PA;nao metropolitana;amazonia;102,02;Am;35655;4,99;62,85;22,23
1506104;Episódico;Episódico;Se manteve;26,6;83,7;829,1;366,3;366,3;12;366,3;Primavera;15;PA;nao metropolitana;amazonia;26,58;Am;10700;40,24;92,36;52,72
1506112;Episódico;Episódico;Se manteve;26,4;84,1;809,1;366,3;366,3;9;366,3;Quatipuru;15;PA;nao metropolitana;amazonia;13,1;Am;11534;41,64;78,66;60,2
1506138;Episódico/Epidêmico;Epidêmico;Piorou;26,3;74,9;492,2;366,3;313,7;3,7;313,7;Redenção;15;PA;nao metropolitana;amazonia;251,51;Am;91227;10,19;90,25;81,4
1506161;Episódico/Epidêmico;Episódico;Melhorou;26,1;75,3;501,7;366,3;319;4,7;319;Rio Maria;15;PA;nao metropolitana;amazonia;240,35;Am;17965;9,37;91,21;69,12
1506187;Episódico/Epidêmico;Episódico/Epidêmico;Se manteve;26,6;75,9;537,1;366,3;329;6,3;329;Rondon Do Pará;15;PA;nao metropolitana;amazonia;203,37;Aw;35182;3,35;84,44;72,53
1506195;Episódico/Epidêmico;Epidêmico;Piorou;26,1;83,7;756,8;366,3;364,3;8;364,3;Rurópolis;15;PA;nao metropolitana;amazonia;190,51;Af;41975;6,12;79,87;34,9
1506203;Episódico/Epidêmico;Episódico/Epidêmico;Se manteve;26,6;83,7;829,1;366,3;366,3;12;366,3;Salinópolis;15;PA;nao metropolitana;amazonia;17,49;Am;44451;48,57;91,51;79,79
1506302;Episódico/Epidêmico;Episódico;Melhorou;27;83,4;954;366,3;366,3;11,3;366,3;Salvaterra;15;PA;nao metropolitana;amazonia;6,57;Am;24701;5,35;96,2;37,04
1506351;Episódico/Epidêmico;Episódico/Epidêmico;Se manteve;26,7;82,6;976,5;366,3;366,3;13,7;366,3;Santa Bárbara Do Pará;15;PA;metropolitana;amazonia;23,31;Am;21089;10,23;92,87;52,55
1506401;Sem transmissão;Sem transmissão;Se manteve;27;83,3;986,7;366,3;366,3;14,7;366,3;Santa Cruz Do Arari;15;PA;nao metropolitana;amazonia;5,3;Am;6820;12,46;84,54;64,02
1506500;Episódico/Epidêmico;Episódico/Epidêmico;Se manteve;26,9;82,7;896,3;366,3;366,3;10,7;366,3;Santa Izabel Do Pará;15;PA;metropolitana;amazonia;29,02;Am;68963;11,05;91,57;74,45
1506559;Episódico/Epidêmico;Episódico/Epidêmico;Se manteve;26,6;81,5;703,7;366,3;366,3;7,7;366,3;Santa Luzia Do Pará;15;PA;nao metropolitana;amazonia;60,59;Am;20341;23,08;84,67;49,84
1506583;Episódico/Epidêmico;Episódico;Melhorou;26,6;75,1;541;366,3;305,3;6;305,3;Santa Maria Das Barreiras;15;PA;nao metropolitana;amazonia;234,3;Aw;17639;16,24;88,49;30,57
1506609;Episódico/Epidêmico;Episódico;Melhorou;26,7;81,5;745,4;366,3;366,3;5,7;366,3;Santa Maria Do Pará;15;PA;nao metropolitana;amazonia;42,37;Am;24583;5;89,74;66,94
1506708;Episódico/Epidêmico;Episódico/Epidêmico;Se manteve;26,3;75,7;528,1;366,3;302,7;5,7;302,7;Santana Do Araguaia;15;PA;nao metropolitana;amazonia;237,95;Aw;44526;16,43;89,53;55,52
1506807;Epidêmico;Epidêmico;Se manteve;27,4;80,9;1017,8;366,3;366,3;17,7;366,3;Santarém;15;PA;metropolitana;amazonia;80,83;Am;351220;40,29;79,65;75,65
1506906;Episódico/Epidêmico;Episódico;Melhorou;26,6;84,2;808,1;366,3;366,3;11,7;366,3;Santarém Novo;15;PA;nao metropolitana;amazonia;28,97;Am;6116;43,57;85,65;55,72
1507003;Episódico/Epidêmico;Episódico;Melhorou;26,7;82,6;976,5;366,3;366,3;13,7;366,3;Santo Antônio Do Tauá;15;PA;nao metropolitana;amazonia;23,63;Am;28282;10,57;93,45;60,17
1507102;Episódico/Epidêmico;Episódico/Epidêmico;Se manteve;26,7;83,2;890,2;366,3;366,3;13,3;366,3;São Caetano De Odivelas;15;PA;nao metropolitana;amazonia;14,93;Am;15226;6,72;90,23;47,84
1507151;Episódico/Epidêmico;Episódico;Melhorou;26,7;79,5;530,9;366,3;355,3;6;355,3;São Domingos Do Araguaia;15;PA;nao metropolitana;amazonia;160,61;Aw;20970;9,93;94,05;57,9
1507201;Episódico/Epidêmico;Episódico/Epidêmico;Se manteve;26,9;80,6;633,4;366,3;366,3;6,7;366,3;São Domingos Do Capim;15;PA;nao metropolitana;amazonia;39,37;Am;30144;7,84;68,9;40,92
1507300;Epidêmico;Episódico/Epidêmico;Melhorou;25,7;80,4;551,4;366,3;340;5,7;340;São Félix Do Xingu;15;PA;nao metropolitana;amazonia;287,95;Am;81161;22,18;89,01;49,26
1507409;Episódico/Epidêmico;Episódico;Melhorou;26,7;81,5;745,4;366,3;366,3;5,7;366,3;São Francisco Do Pará;15;PA;nao metropolitana;amazonia;41,54;Am;14912;38,5;87,26;49,33
1507458;Episódico/Epidêmico;Episódico/Epidêmico;Se manteve;26,9;74,8;489,7;366,3;317;6;317;São Geraldo Do Araguaia;15;PA;nao metropolitana;amazonia;189,49;Aw;24243;24,37;88,13;61,57
1507466;Episódico;Episódico/Epidêmico;Piorou;26,8;82,4;914,7;366,3;366,3;11;366,3;São João Da Ponta;15;PA;nao metropolitana;amazonia;25,45;Am;4264;22,52;89,56;73,34
1507474;Episódico/Epidêmico;Episódico/Epidêmico;Se manteve;26,6;84,2;808,1;366,3;366,3;11,7;366,3;São João De Pirabas;15;PA;nao metropolitana;amazonia;20,45;Am;20593;10,29;86,42;40,9
1507508;Episódico/Epidêmico;Episódico/Epidêmico;Se manteve;27;78,5;493;366,3;356,3;5,3;356,3;São João Do Araguaia;15;PA;nao metropolitana;amazonia;125,93;Aw;13446;15,3;80,31;10,87
1507607;Episódico/Epidêmico;Episódico;Melhorou;26,9;80,8;684;366,3;366,3;6;366,3;São Miguel Do Guamá;15;PA;nao metropolitana;amazonia;30,52;Am;52810;8,65;74,15;55,13
1507706;Episódico;Sem transmissão;Melhorou;27,4;82,1;851,1;366,3;366,3;12;366,3;São Sebastião Da Boa Vista;15;PA;nao metropolitana;amazonia;17,55;Af;31336;3,26;36,59;41,64
1507755;Episódico;Episódico/Epidêmico;Piorou;26,4;76,8;481,5;366,3;333;3,7;333;Sapucaia;15;PA;nao metropolitana;amazonia;202,2;Am;5295;2,78;91,95;74,13
1507805;Episódico/Epidêmico;Episódico/Epidêmico;Se manteve;26,3;80,2;627,5;366,3;355;10,7;355;Senador José Porfírio;15;PA;nao metropolitana;amazonia;169,41;Am;22651;6,53;75,41;43,49
1507904;Episódico/Epidêmico;Episódico/Epidêmico;Se manteve;26,9;82,5;927,3;366,3;366,3;11;366,3;Soure;15;PA;nao metropolitana;amazonia;3,97;Am;24183;65,55;89,8;76,38
1507953;Episódico/Epidêmico;Episódico/Epidêmico;Se manteve;27;80,4;657,1;366,3;365;8;365;Tailândia;15;PA;nao metropolitana;amazonia;59,97;Am;84206;5,66;95,47;85,61
1507961;Episódico/Epidêmico;Episódico/Epidêmico;Se manteve;26,7;82,6;976,5;366,3;366,3;13,7;366,3;Terra Alta;15;PA;nao metropolitana;amazonia;36,7;Am;10404;0,73;94,06;67,17
1507979;Episódico;Episódico;Se manteve;27;83,4;959;366,3;366,3;13,7;366,3;Terra Santa;15;PA;nao metropolitana;amazonia;44,71;Am;18804;12,5;85,35;74,23
1508001;Episódico/Epidêmico;Episódico/Epidêmico;Se manteve;26,9;81,1;635,2;366,3;366;5;366;Tomé-Açu;15;PA;nao metropolitana;amazonia;54,38;Af;76055;2,84;87,73;61,21
1508035;Episódico/Epidêmico;Episódico/Epidêmico;Se manteve;26,5;83,3;756,8;366,3;366,3;7,7;366,3;Tracuateua;15;PA;nao metropolitana;amazonia;25;Am;28015;0,83;73,92;32,7
1508050;Episódico;Episódico/Epidêmico;Piorou;26,9;83;777,2;366,3;365;6,3;365;Trairão;15;PA;nao metropolitana;amazonia;169,96;Af;18924;1,47;77,05;49,34
1508084;Episódico/Epidêmico;Epidêmico;Piorou;25,5;78,7;532,1;366,3;338;5,7;338;Tucumã;15;PA;nao metropolitana;amazonia;244,83;Am;34812;32,68;90,09;66,08
1508100;Epidêmico;Episódico/Epidêmico;Melhorou;27,2;80;775,1;366,3;365,3;11,3;365,3;Tucuruí;15;PA;nao metropolitana;amazonia;102,65;Am;90232;16,04;94,34;92,3
1508126;Episódico/Epidêmico;Episódico;Melhorou;26,8;77,3;553,6;366,3;350,7;8,3;350,7;Ulianópolis;15;PA;nao metropolitana;amazonia;154,7;Aw;56562;10,02;85,58;69,34
1508159;Episódico/Epidêmico;Episódico/Epidêmico;Se manteve;26,1;83,1;643,6;366,3;366;8,7;366;Uruará;15;PA;nao metropolitana;amazonia;198,48;Af;48511;3,09;79,56;51,8
1508209;Episódico/Epidêmico;Episódico;Melhorou;26,9;82,5;927,3;366,3;366,3;11;366,3;Vigia;15;PA;nao metropolitana;amazonia;16,94;Am;49096;7,61;90,41;70,66
1508308;Episódico/Epidêmico;Episódico/Epidêmico;Se manteve;26,7;83,1;893,8;366,3;366,3;16,3;366,3;Viseu;15;PA;nao metropolitana;amazonia;36,62;Am;58095;19,58;77,74;18,91
1508357;Episódico/Epidêmico;Epidêmico;Piorou;27,1;82,2;700,1;366,3;366,3;7,3;366,3;Vitória Do Xingu;15;PA;nao metropolitana;amazonia;93,31;Am;15104;28,22;80,48;18,78
1508407;Episódico/Epidêmico;Episódico/Epidêmico;Se manteve;26;76,2;501;366,3;327,7;5,3;327,7;Xinguara;15;PA;nao metropolitana;amazonia;226,83;Am;56127;14,77;88,12;79,26
1600055;Episódico/Epidêmico;Sem transmissão;Melhorou;26,2;82,3;750,9;366,3;363,3;6;363,3;Serra Do Navio;16;AP;nao metropolitana;amazonia;175,51;Am;4744;50,26;94,59;87,7
1600105;Episódico;Sem transmissão;Melhorou;26,6;84,6;1260,8;366,3;366,3;20,7;366,3;Amapá;16;AP;nao metropolitana;amazonia;32,98;Am;7944;36,18;81,05;82,73
1600154;Episódico/Epidêmico;Episódico;Melhorou;26,2;83,1;808,4;366,3;365,3;7,7;365,3;Pedra Branca Do Amapari;16;AP;nao metropolitana;amazonia;197,59;Am;12365;23,21;80,68;62,8
1600204;Episódico/Epidêmico;Episódico;Melhorou;26,7;85,2;1332,1;366,3;366,3;26,7;366,3;Calçoene;16;AP;nao metropolitana;amazonia;95,17;Am;10613;12,11;87;73,42
1600212;Sem transmissão;Sem transmissão;Se manteve;26,5;85,2;979,5;366,3;366,3;10,3;366,3;Cutias;16;AP;nao metropolitana;amazonia;11,38;Am;4388;0,77;73,84;65,31
1600238;Episódico/Epidêmico;Sem transmissão;Melhorou;26,4;85;921,1;366,3;366,3;8,7;366,3;Ferreira Gomes;16;AP;nao metropolitana;amazonia;98,46;Am;6689;7,37;84,81;74,13
1600253;Episódico;Sem transmissão;Melhorou;26,8;85;994,4;366,3;366,3;13;366,3;Itaubal;16;AP;nao metropolitana;amazonia;11,97;Am;5477;18,04;68,46;59,71
1600279;Episódico/Epidêmico;Episódico/Epidêmico;Se manteve;26,6;82,4;685,4;366,3;366,3;8;366,3;Laranjal Do Jari;16;AP;nao metropolitana;amazonia;262,66;Am;35038;10,48;91,8;86,35
1600303;Epidêmico;Epidêmico;Se manteve;27,2;83,4;989,1;366,3;366,3;12,7;366,3;Macapá;16;AP;metropolitana;amazonia;16,71;Am;478448;28,16;95,07;95,88
1600402;Episódico/Epidêmico;Episódico;Melhorou;27,1;83,9;829,6;366,3;366,3;8,7;366,3;Mazagão;16;AP;nao metropolitana;amazonia;113,18;Am;22105;5,9;62,42;38,17
1600501;Episódico/Epidêmico;Episódico/Epidêmico;Se manteve;26,1;86,2;1074,9;366,3;366,3;14;366,3;Oiapoque;16;AP;nao metropolitana;amazonia;103,18;Am;27778;28;84,3;74,45
1600535;Episódico/Epidêmico;Episódico;Melhorou;26,4;83,2;816,7;366,3;366,3;7,7;366,3;Porto Grande;16;AP;nao metropolitana;amazonia;108,91;Am;17923;23,9;84,51;67,02
1600550;Sem transmissão;Sem transmissão;Se manteve;26,4;85,5;1057,9;366,3;366,3;11,7;366,3;Pracuúba;16;AP;nao metropolitana;amazonia;100,62;Am;3803;2,24;95,26;69,79
1600600;Epidêmico;Episódico/Epidêmico;Melhorou;27,1;83,9;829,6;366,3;366,3;8,7;366,3;Santana;16;AP;metropolitana;amazonia;24,21;Am;114995;16,26;92,9;93,27
1600709;Episódico/Epidêmico;Episódico;Melhorou;26,4;85,5;1057,9;366,3;366,3;11,7;366,3;Tartarugalzinho;16;AP;nao metropolitana;amazonia;61,16;Am;10511;12,18;81,57;48,9
1600808;Episódico;Sem transmissão;Melhorou;26,7;82,7;713,1;366,3;366,3;10,3;366,3;Vitória Do Jari;16;AP;nao metropolitana;amazonia;42,23;Am;11447;13,73;67,54;88,06
1700251;Episódico/Epidêmico;Episódico;Melhorou;26,6;72,5;521,9;366,3;282;4,7;282;Abreulândia;17;TO;nao metropolitana;cerrado;226,69;Aw;2463;14,61;60,52;56,71
1700301;Episódico/Epidêmico;Episódico/Epidêmico;Se manteve;27;71;414,9;366,3;281,7;3;281,7;Aguiarnópolis;17;TO;nao metropolitana;cerrado;218,41;Aw;4787;32,75;93,34;78,9
1700350;Episódico/Epidêmico;Episódico;Melhorou;26,3;69,4;508;366,3;253,7;5,7;253,7;Aliança Do Tocantins;17;TO;nao metropolitana;cerrado;274,66;Aw;4932;21,05;98,72;79
1700400;Episódico;Episódico;Se manteve;25,7;67,8;458,5;366,3;244;3,7;244;Almas;17;TO;nao metropolitana;cerrado;462,3;Aw;9044;30,97;93,41;58,44
1700707;Episódico/Epidêmico;Episódico;Melhorou;26,1;67,3;443,2;365,7;246;6;246;Alvorada;17;TO;nao metropolitana;cerrado;269,73;Aw;8821;6,77;97,22;90,83
1701002;Episódico/Epidêmico;Episódico/Epidêmico;Se manteve;27;73,5;494,3;366,3;304;5,7;304;Ananás;17;TO;nao metropolitana;amazonia;175,77;Aw;10368;30,3;95,42;72,65
1701051;Episódico;Episódico;Se manteve;27;71;414,9;366,3;281,7;3;281,7;Angico;17;TO;nao metropolitana;cerrado;296,39;Aw;3062;1,19;89,55;51,9
1701101;Episódico/Epidêmico;Episódico/Epidêmico;Se manteve;26,2;69,6;456;366,3;261;6;261;Aparecida Do Rio Negro;17;TO;metropolitana;cerrado;379,23;Aw;4965;2,16;92,8;73,52
1701309;Episódico/Epidêmico;Episódico/Epidêmico;Se manteve;26,7;72,9;528,2;366,3;297,3;7,3;297,3;Aragominas;17;TO;nao metropolitana;amazonia;220,28;Aw;6914;13,24;79,42;41,34
1701903;Episódico/Epidêmico;Episódico/Epidêmico;Se manteve;26,9;73,6;518,8;366,3;299,3;7;299,3;Araguacema;17;TO;nao metropolitana;cerrado;194,6;Aw;5913;21,99;93,49;45,9
1702000;Epidêmico;Episódico/Epidêmico;Melhorou;26,2;68;430,3;365,3;248,3;5;248,3;Araguaçu;17;TO;nao metropolitana;cerrado;268,85;Aw;8666;2,22;99,65;67,76
1702109;Epidêmico;Epidêmico;Se manteve;26,7;73,2;513,6;366,3;301,3;6,3;301,3;Araguaína;17;TO;metropolitana;amazonia;239,27;Aw;186867;16,33;97,76;91,99
1702158;Episódico/Epidêmico;Episódico;Melhorou;26,8;77;514;366,3;335,7;5,3;335,7;Araguanã;17;TO;nao metropolitana;amazonia;194,39;Aw;4316;39,77;97,27;78,46
1702208;Episódico/Epidêmico;Episódico/Epidêmico;Se manteve;27,2;72,9;468,9;366,3;293;4,7;293;Araguatins;17;TO;nao metropolitana;cerrado;152,34;Aw;31719;1,86;88,74;61,33
1702307;Episódico/Epidêmico;Episódico/Epidêmico;Se manteve;26,7;73,9;522,1;366,3;304,3;6;304,3;Arapoema;17;TO;nao metropolitana;amazonia;190,96;Aw;5443;11,81;97,45;75,52
1702406;Episódico/Epidêmico;Episódico/Epidêmico;Se manteve;25,2;64,2;413,1;366;214;5;214;Arraias;17;TO;nao metropolitana;cerrado;484,43;Aw;10253;25,8;80,34;62,33
1702554;Episódico/Epidêmico;Episódico/Epidêmico;Se manteve;27,2;74,5;412,7;366,3;319,3;2,7;319,3;Augustinópolis;17;TO;nao metropolitana;amazonia;157,88;Aw;17471;9,71;94,03;73,99
1702703;Episódico;Episódico;Se manteve;24,8;63,8;408,1;366;213;5;213;Aurora Do Tocantins;17;TO;nao metropolitana;cerrado;530,04;Aw;3338;2,26;89,32;62,53
1702901;Episódico;Episódico;Se manteve;27,1;74,5;425,9;366,3;318,3;3,7;318,3;Axixá Do Tocantins;17;TO;nao metropolitana;cerrado;232,97;Aw;10267;28,14;97,96;67,99
1703008;Episódico/Epidêmico;Episódico/Epidêmico;Se manteve;27,2;71,2;435,9;366,3;283,3;4;283,3;Babaçulândia;17;TO;nao metropolitana;cerrado;249,48;Aw;8218;21,64;81,18;46,08
1703057;Episódico;Episódico;Se manteve;26,4;73,4;512,8;366,3;299;5,3;299;Bandeirantes Do Tocantins;17;TO;nao metropolitana;amazonia;283,55;Aw;3548;2,19;83,72;53,45
1703073;Episódico;Episódico;Se manteve;27,3;70,5;427,6;366,3;276;4,3;276;Barra Do Ouro;17;TO;nao metropolitana;cerrado;204,13;Aw;4643;14,2;87,18;57,98
1703107;Episódico/Epidêmico;Episódico/Epidêmico;Se manteve;26,5;70,4;510,8;366,3;258,7;5,3;258,7;Barrolândia;17;TO;metropolitana;cerrado;363,77;Aw;4875;23,53;98,28;82,44
1703206;Episódico/Epidêmico;Episódico;Melhorou;27,1;74,2;484,4;366,3;310,7;6,3;310,7;Bernardo Sayão;17;TO;nao metropolitana;amazonia;190,72;Aw;4217;14,21;96,73;61,98
1703305;Episódico;Episódico;Se manteve;27;70;477;366,3;265;4,7;265;Bom Jesus Do Tocantins;17;TO;nao metropolitana;cerrado;260,91;Aw;4087;27,81;93,15;62,86
1703602;Episódico/Epidêmico;Episódico/Epidêmico;Se manteve;26,7;71,2;437,8;366,3;278,7;4;278,7;Brasilândia Do Tocantins;17;TO;nao metropolitana;cerrado;264,51;Aw;1947;5,08;98,69;67,38
1703701;Episódico;Episódico/Epidêmico;Piorou;26,3;69,8;458,8;366,3;260,7;3,7;260,7;Brejinho De Nazaré;17;TO;metropolitana;cerrado;278,92;Aw;4753;10,02;89,66;75,5
1703800;Episódico/Epidêmico;Episódico/Epidêmico;Se manteve;27,4;75,8;437,9;366,3;338;3,7;338;Buriti Do Tocantins;17;TO;nao metropolitana;amazonia;131,59;Aw;10346;20,68;98,33;57,54
1703826;Episódico;Episódico;Se manteve;27,2;73,6;500,4;366,3;302;6;302;Cachoeirinha;17;TO;nao metropolitana;cerrado;244,52;Aw;1964;17,5;90,53;33,75
1703842;Episódico;Episódico;Se manteve;26,6;67;406,1;366,3;238,3;4,7;238,3;Campos Lindos;17;TO;nao metropolitana;cerrado;369,34;Aw;8661;9,51;89,54;51,91
1703867;Episódico/Epidêmico;Episódico/Epidêmico;Se manteve;26,2;68,5;494,4;365,7;249,3;4,7;249,3;Cariri Do Tocantins;17;TO;nao metropolitana;cerrado;282,18;Aw;3555;24,67;97,67;59,03
1703883;Episódico/Epidêmico;Episódico/Epidêmico;Se manteve;26,9;73,9;525,6;366,3;306,3;6,3;306,3;Carmolândia;17;TO;nao metropolitana;amazonia;240,68;Aw;2203;51,35;98,19;77,41
1703891;Episódico;Sem transmissão;Melhorou;27,4;74,5;429;366,3;321,3;3,7;321,3;Carrasco Bonito;17;TO;nao metropolitana;amazonia;128,18;Aw;3343;32,2;92,75;74,52
1703909;Episódico;Episódico;Se manteve;26,6;75;499,2;366,3;302;5;302;Caseara;17;TO;nao metropolitana;cerrado;188,26;Aw;4764;6,41;95,45;56,45
1704105;Episódico/Epidêmico;Episódico/Epidêmico;Se manteve;26,5;68,3;474;366,3;246,7;6;246,7;Centenário;17;TO;nao metropolitana;cerrado;285,01;Aw;2133;26,21;98,43;56,41
1704600;Episódico;Episódico;Se manteve;26,3;71,7;522,6;366,3;272;6,3;272;Chapada De Areia;17;TO;nao metropolitana;cerrado;252,08;Aw;1358;2,86;94,71;52,64
1705102;Episódico/Epidêmico;Episódico/Epidêmico;Se manteve;26,1;67,6;457,5;366,3;244;4,7;244;Chapada Da Natividade;17;TO;nao metropolitana;cerrado;345,71;Aw;3118;44,87;95,15;46,92
1705508;Epidêmico;Epidêmico;Se manteve;26,5;72,3;506,3;366,3;286;6;286;Colinas Do Tocantins;17;TO;nao metropolitana;cerrado;303,17;Aw;33967;31,32;98,51;93,52
1705557;Episódico/Epidêmico;Episódico/Epidêmico;Se manteve;25,1;63,8;364,3;366;212;4,3;212;Combinado;17;TO;nao metropolitana;cerrado;522,43;Aw;4751;11,41;93,18;66,46
1705607;Episódico/Epidêmico;Episódico;Melhorou;26,2;64,6;381,1;366,3;222;3,7;222;Conceição Do Tocantins;17;TO;nao metropolitana;cerrado;360,9;Aw;3891;7,95;91,62;61,23
1706001;Episódico/Epidêmico;Episódico/Epidêmico;Se manteve;27;73,1;505,4;366,3;297,3;4,3;297,3;Couto Magalhães;17;TO;nao metropolitana;cerrado;193,45;Aw;5254;31,59;90,21;44,26
1706100;Episódico/Epidêmico;Episódico;Melhorou;26,5;71,1;510,6;366,3;268;5,7;268;Cristalândia;17;TO;nao metropolitana;cerrado;244,65;Aw;6331;6,53;98,76;80,88
1706258;Episódico;Episódico;Se manteve;26,4;69,8;500;366,3;256;5;256;Crixás Do Tocantins;17;TO;nao metropolitana;cerrado;262,73;Aw;1411;30,61;98,98;54,7
1706506;Episódico/Epidêmico;Episódico;Melhorou;26,9;71,3;422,3;366,3;284,3;3,3;284,3;Darcinópolis;17;TO;nao metropolitana;cerrado;294;Aw;6357;45,86;85,12;62,08
1707009;Epidêmico;Epidêmico;Se manteve;25,1;67,5;472,2;366,3;242,7;7,7;242,7;Dianópolis;17;TO;nao metropolitana;cerrado;531,04;Aw;17658;15,37;93,95;84,46
1707108;Episódico/Epidêmico;Episódico/Epidêmico;Se manteve;26,5;72,9;505,2;366,3;284,3;5;284,3;Divinópolis Do Tocantins;17;TO;nao metropolitana;cerrado;225,65;Aw;7065;6,73;98,92;67,29
1707207;Episódico/Epidêmico;Episódico/Epidêmico;Se manteve;26,8;70,4;556;366,3;258;6;258;Dois Irmãos Do Tocantins;17;TO;nao metropolitana;cerrado;265,77;Aw;6735;16,61;83,69;39,56
1707306;Episódico/Epidêmico;Episódico;Melhorou;26,5;69,7;524,9;366,3;255,3;7,3;255,3;Dueré;17;TO;nao metropolitana;cerrado;243,55;Aw;4284;14,38;98,34;61,2
1707405;Episódico/Epidêmico;Episódico;Melhorou;27,2;77,2;453,4;366,3;352,3;4,3;352,3;Esperantina;17;TO;nao metropolitana;amazonia;102,2;Aw;7510;19,05;94,89;40,1
1707553;Episódico;Episódico;Se manteve;26,4;70,3;514,5;366,3;258,3;5;258,3;Fátima;17;TO;metropolitana;cerrado;314,61;Aw;3445;54,4;99,03;80,32
1707652;Episódico/Epidêmico;Episódico;Melhorou;26,3;68,1;482;365,7;249;4,3;249;Figueirópolis;17;TO;nao metropolitana;cerrado;261,12;Aw;5185;56,46;99,31;72,26
1707702;Episódico/Epidêmico;Episódico/Epidêmico;Se manteve;27,2;71,2;435,9;366,3;283,3;4;283,3;Filadélfia;17;TO;nao metropolitana;cerrado;218,08;Aw;10590;8,11;86,11;53,16
1708205;Epidêmico;Episódico/Epidêmico;Melhorou;26,6;69,2;479,5;366;255,3;6;255,3;Formoso Do Araguaia;17;TO;nao metropolitana;cerrado;205,39;Aw;20471;18,16;97,77;70,23
1708254;Episódico;Episódico/Epidêmico;Piorou;26,7;69,2;497,5;366,3;252,3;6,3;252,3;Fortaleza Do Tabocão;17;TO;nao metropolitana;cerrado;310,86;Aw;3458;2,32;93,17;87,64
1708304;Episódico/Epidêmico;Episódico;Melhorou;27;70,9;537,7;366,3;267;5,7;267;Goianorte;17;TO;nao metropolitana;cerrado;248,31;Aw;4779;9,7;93,32;52,69
1709005;Episódico/Epidêmico;Episódico/Epidêmico;Se manteve;27,5;67,4;390,3;366,3;246;4,3;246;Goiatins;17;TO;nao metropolitana;cerrado;259,42;Aw;12798;8,63;82,78;37,49
1709302;Epidêmico;Epidêmico;Se manteve;26,6;69,6;505;366,3;258;5,7;258;Guaraí;17;TO;nao metropolitana;cerrado;303,46;Aw;26444;23,75;95,4;89,4
1709500;Epidêmico;Epidêmico;Se manteve;26,3;68,4;469,9;366,3;250,7;5;250,7;Gurupi;17;TO;nao metropolitana;cerrado;284,27;Aw;83817;42,85;99,18;95,76
1709807;Episódico;Episódico;Se manteve;26,3;69,5;469,1;366,3;259,3;4,3;259,3;Ipueiras;17;TO;metropolitana;cerrado;289;Aw;1597;81,66;96,72;68,53
1710508;Episódico/Epidêmico;Episódico/Epidêmico;Se manteve;26,8;69,6;444,3;366,3;262,7;4,7;262,7;Itacajá;17;TO;nao metropolitana;cerrado;267,61;Aw;6780;39,36;89,95;65,42
1710706;Episódico/Epidêmico;Episódico/Epidêmico;Se manteve;27,3;72,3;399;366,3;290,3;4;290,3;Itaguatins;17;TO;nao metropolitana;cerrado;210,73;Aw;5187;26,05;88,27;49,19
1710904;Episódico;Episódico;Se manteve;27;70,2;470,8;366,3;267,7;4,7;267,7;Itapiratins;17;TO;nao metropolitana;cerrado;224,13;Aw;3936;0,19;80,98;52,51
1711100;Episódico/Epidêmico;Episódico/Epidêmico;Se manteve;26,8;70,7;564,3;366,3;271;5;271;Itaporã Do Tocantins;17;TO;nao metropolitana;amazonia;316,24;Aw;2407;2,55;97,05;61,93
1711506;Episódico/Epidêmico;Episódico/Epidêmico;Se manteve;25,4;67,1;466,7;365,7;241,7;6,3;241,7;Jaú Do Tocantins;17;TO;nao metropolitana;cerrado;383,14;Aw;3475;0,7;93,69;49,52
1711803;Episódico;Episódico;Se manteve;27,2;73,1;495;366,3;300,3;6,7;300,3;Juarina;17;TO;nao metropolitana;cerrado;184,98;Aw;2240;18,88;92,77;49,12
1711902;Episódico/Epidêmico;Episódico/Epidêmico;Se manteve;26,9;70,3;513,1;366,3;260;6,3;260;Lagoa Da Confusão;17;TO;nao metropolitana;cerrado;187,22;Aw;16117;5,9;89,44;68,52
1711951;Episódico;Episódico;Se manteve;26,3;68,1;409,9;366,3;250;4;250;Lagoa Do Tocantins;17;TO;nao metropolitana;cerrado;328,52;Aw;3501;28,92;94,44;65,96
1712009;Episódico/Epidêmico;Episódico;Melhorou;26,2;70,5;515;366,3;267,3;6,7;267,3;Lajeado;17;TO;metropolitana;cerrado;418,91;Aw;3652;40,08;91,88;78,9
1712157;Episódico/Epidêmico;Episódico;Melhorou;25,1;63,8;364,3;366;212;4,3;212;Lavandeira;17;TO;nao metropolitana;cerrado;559,72;Aw;1625;23,27;75,92;57,14
1712405;Episódico;Episódico;Se manteve;26,1;68,3;441,2;366,3;247,7;5,3;247,7;Lizarda;17;TO;nao metropolitana;cerrado;365,52;Aw;2994;52,56;79,69;23,28
1712454;Episódico;Episódico/Epidêmico;Piorou;27,1;70,9;409;366,3;279,3;3,7;279,3;Luzinópolis;17;TO;nao metropolitana;cerrado;245,64;Aw;2989;0,14;83,63;70,98
1712504;Episódico/Epidêmico;Episódico/Epidêmico;Se manteve;26,8;73,1;509,9;366,3;286;6,3;286;Marianópolis Do Tocantins;17;TO;nao metropolitana;cerrado;196,82;Aw;4460;12,17;98,58;51,61
1712702;Episódico;Episódico;Se manteve;25,3;67,9;398,6;366,3;250,3;3,3;250,3;Mateiros;17;TO;nao metropolitana;cerrado;582,57;Aw;2076;11,87;83,63;62,05
1712801;Episódico/Epidêmico;Episódico;Melhorou;27,3;71,3;383,5;366,3;283,7;4,3;283,7;Maurilândia Do Tocantins;17;TO;nao metropolitana;cerrado;203,83;Aw;3234;16;88,71;51,06
1713205;Epidêmico;Epidêmico;Se manteve;26,8;69,3;458,9;366,3;254,3;5;254,3;Miracema Do Tocantins;17;TO;metropolitana;cerrado;276,6;Aw;19561;13,9;96,1;84,61
1713304;Episódico/Epidêmico;Episódico;Melhorou;26,8;69,3;458,9;366,3;254,3;5;254,3;Miranorte;17;TO;metropolitana;cerrado;335,58;Aw;13027;2,22;97,1;86,81
1713601;Episódico/Epidêmico;Episódico/Epidêmico;Se manteve;26,3;69;501,3;366,3;254,7;4,3;254,7;Monte Do Carmo;17;TO;metropolitana;cerrado;403,97;Aw;5874;19,41;88,64;42,23
1713700;Episódico;Episódico;Se manteve;26,3;71,7;522,6;366,3;272;6,3;272;Monte Santo Do Tocantins;17;TO;nao metropolitana;cerrado;285,04;Aw;2290;14,73;90,96;51,16
1713809;Episódico/Epidêmico;Episódico;Melhorou;27;71;414,9;366,3;281,7;3;281,7;Palmeiras Do Tocantins;17;TO;nao metropolitana;cerrado;248,77;Aw;5359;1,07;84,09;48,94
1713957;Episódico/Epidêmico;Episódico;Melhorou;26,7;72,9;528,2;366,3;297,3;7,3;297,3;Muricilândia;17;TO;nao metropolitana;amazonia;190,7;Aw;3722;15,54;88,57;55,77
1714203;Episódico/Epidêmico;Episódico/Epidêmico;Se manteve;25,8;67,6;494,1;366,3;241,3;5;241,3;Natividade;17;TO;nao metropolitana;cerrado;382,58;Aw;8643;34,86;88,87;72,6
1714302;Episódico;Episódico;Se manteve;26,9;71,8;482,9;366,3;284,7;4;284,7;Nazaré;17;TO;nao metropolitana;cerrado;265,28;Aw;4664;1,88;92,65;40,31
1714880;Episódico/Epidêmico;Episódico/Epidêmico;Se manteve;26,5;73,3;513,9;366,3;298;7;298;Nova Olinda;17;TO;nao metropolitana;cerrado;268,42;Aw;10353;7,39;95,05;64,07
1715002;Episódico/Epidêmico;Episódico;Melhorou;26,3;70,9;521,1;366,3;264;3,7;264;Nova Rosalândia;17;TO;nao metropolitana;cerrado;312,87;Aw;3334;1,93;98,78;73,31
1715101;Episódico/Epidêmico;Sem transmissão;Melhorou;26,5;69,3;456;366,3;262,7;6,7;262,7;Novo Acordo;17;TO;nao metropolitana;cerrado;312,26;Aw;3828;33,49;93,58;74,81
1715150;Episódico/Epidêmico;Episódico/Epidêmico;Se manteve;23,8;65,4;438,7;365;225,3;4,7;225,3;Novo Alegre;17;TO;nao metropolitana;cerrado;584,14;Aw;1845;17,71;84,62;74,89
1715259;Episódico;Episódico/Epidêmico;Piorou;25,6;66,4;419,2;366,3;236,7;6;236,7;Novo Jardim;17;TO;nao metropolitana;cerrado;626,48;Aw;2235;27,83;88,38;80,13
1715507;Episódico;Episódico;Se manteve;26,2;70,5;520;366,3;260,7;3,7;260,7;Oliveira De Fátima;17;TO;metropolitana;cerrado;310,81;Aw;1172;8,77;98,74;73,04
1715705;Episódico;Episódico;Se manteve;26,9;72,5;451,5;366,3;292,3;5;292,3;Palmeirante;17;TO;nao metropolitana;cerrado;219,72;Aw;4947;6,34;77,59;16,29
1715754;Episódico/Epidêmico;Episódico/Epidêmico;Se manteve;25,3;67,3;482,7;365,7;244;6,7;244;Palmeirópolis;17;TO;nao metropolitana;cerrado;456,07;Aw;7262;9,95;93,53;76,42
1716109;Epidêmico;Epidêmico;Se manteve;26,4;70,5;498,7;366,3;260,3;5,7;260,3;Paraíso Do Tocantins;17;TO;metropolitana;cerrado;333,33;Aw;51494;19,57;99,44;94,73
1716208;Episódico/Epidêmico;Episódico;Melhorou;25,8;66,8;394;366,3;246;6;246;Paranã;17;TO;nao metropolitana;cerrado;404,86;Aw;10492;1,11;66,91;48,79
1716307;Episódico;Episódico;Se manteve;26,9;75,2;497;366,3;319;5,3;319;Pau D'arco;17;TO;nao metropolitana;amazonia;212,13;Aw;4017;12,77;92,35;52,37
1716505;Episódico/Epidêmico;Episódico/Epidêmico;Se manteve;27;70;477;366,3;265;4,7;265;Pedro Afonso;17;TO;nao metropolitana;cerrado;262,09;Aw;14675;52,24;96,98;85,31
1716604;Episódico/Epidêmico;Episódico/Epidêmico;Se manteve;26,5;67,3;454,5;366,3;245,3;5,3;245,3;Peixe;17;TO;nao metropolitana;cerrado;271,04;Aw;9431;21,22;95,75;50,72
1716653;Episódico/Epidêmico;Episódico/Epidêmico;Se manteve;27,1;71,3;525,8;366,3;277;5,7;277;Pequizeiro;17;TO;nao metropolitana;amazonia;224,26;Aw;4893;26,29;89,44;48,15
1716703;Episódico/Epidêmico;Episódico;Melhorou;26,6;69,6;505;366,3;258;5,7;258;Colméia;17;TO;nao metropolitana;amazonia;330,97;Aw;8476;44,83;93,95;72,67
1717008;Episódico;Episódico;Se manteve;25,6;68;487,2;366,3;243;5,7;243;Pindorama Do Tocantins;17;TO;nao metropolitana;cerrado;480,34;Aw;4128;24,02;94,69;64,06
1717206;Episódico;Episódico/Epidêmico;Piorou;26,8;74,3;508,1;366,3;311,3;7,3;311,3;Piraquê;17;TO;nao metropolitana;amazonia;198,93;Aw;2278;0,46;88,53;35,57
1717503;Episódico/Epidêmico;Episódico/Epidêmico;Se manteve;26,3;71,3;515,1;366,3;269;5,7;269;Pium;17;TO;nao metropolitana;cerrado;192,32;Aw;7132;18,76;93,04;57,52
1717800;Episódico;Episódico/Epidêmico;Piorou;25,4;65;404;366,3;225;4,3;225;Ponte Alta Do Bom Jesus;17;TO;nao metropolitana;cerrado;504,72;Aw;4222;1,67;62,29;41,65
1717909;Episódico/Epidêmico;Episódico/Epidêmico;Se manteve;26;67,8;398,5;366,3;247,7;3;247,7;Ponte Alta Do Tocantins;17;TO;nao metropolitana;cerrado;394,14;Aw;7284;3,01;89,5;59,41
1718006;Episódico;Episódico/Epidêmico;Piorou;25,6;67,9;431,3;366,3;246,7;5,3;246,7;Porto Alegre Do Tocantins;17;TO;nao metropolitana;cerrado;451,95;Aw;2869;5,29;85,75;68,12
1718204;Epidêmico;Epidêmico;Se manteve;26,6;69,1;471,3;366,3;254,3;2,7;254,3;Porto Nacional;17;TO;metropolitana;cerrado;302,54;Aw;71101;65,04;94,22;83,92
1718303;Episódico/Epidêmico;Episódico;Melhorou;27,1;73,9;449,2;366;310,7;3,7;310,7;Praia Norte;17;TO;nao metropolitana;cerrado;154,36;Aw;8808;19,89;96,18;37,88
1718402;Episódico/Epidêmico;Episódico/Epidêmico;Se manteve;26,6;70,3;514,5;366,3;267;6,3;267;Presidente Kennedy;17;TO;nao metropolitana;cerrado;283,02;Aw;2963;18,22;91,73;82,62
1718451;Episódico;Episódico/Epidêmico;Piorou;26,3;70,3;501,4;366,3;258,7;5;258,7;Pugmil;17;TO;metropolitana;cerrado;297,08;Aw;2185;1,39;98,61;82,06
1718501;Episódico;Episódico;Se manteve;26,5;68,8;439,4;366,3;250,7;4;250,7;Recursolândia;17;TO;nao metropolitana;cerrado;346,23;Aw;3380;13,18;70,76;51,83
1718550;Episódico/Epidêmico;Episódico/Epidêmico;Se manteve;27;73,5;494,3;366,3;304;5,7;304;Riachinho;17;TO;nao metropolitana;amazonia;174,21;Aw;3962;2,43;91,3;35,74
1718659;Episódico;Episódico;Se manteve;25,1;67,3;486,6;366,3;238;6,7;238;Rio Da Conceição;17;TO;nao metropolitana;cerrado;630,69;Aw;1747;40,84;88,08;91,39
1718709;Episódico/Epidêmico;Episódico/Epidêmico;Se manteve;26,7;69,2;484,8;366,3;252,3;5,3;252,3;Rio Dos Bois;17;TO;nao metropolitana;cerrado;242,71;Aw;2737;2,93;82,34;53,75
1718758;Episódico;Episódico/Epidêmico;Piorou;26,7;70;507,8;366,3;262,7;7,3;262,7;Rio Sono;17;TO;nao metropolitana;cerrado;289,6;Aw;5600;3,33;88,03;38,93
1718808;Episódico/Epidêmico;Episódico;Melhorou;27,4;74,5;429;366,3;321,3;3,7;321,3;Sampaio;17;TO;nao metropolitana;amazonia;122,27;Aw;4203;19,96;95,59;66,5
1718840;Episódico/Epidêmico;Episódico;Melhorou;26,8;67,8;471,4;365,7;247;6;247;Sandolândia;17;TO;nao metropolitana;cerrado;238,78;Aw;4631;4,01;75,69;60,01
1718865;Episódico/Epidêmico;Episódico;Melhorou;26,9;73,9;525,6;366,3;306,3;6,3;306,3;Santa Fé Do Araguaia;17;TO;nao metropolitana;amazonia;194,68;Aw;7919;27;93,85;71,84
1718881;Episódico/Epidêmico;Episódico;Melhorou;27;69,4;502;366,3;256,3;6;256,3;Santa Maria Do Tocantins;17;TO;nao metropolitana;cerrado;260,37;Aw;2557;12,87;84,31;61,76
1718899;Episódico;Episódico/Epidêmico;Piorou;26,4;70,3;514,5;366,3;258,3;5;258,3;Santa Rita Do Tocantins;17;TO;nao metropolitana;cerrado;242,41;Aw;2177;39,34;90,24;39,49
1718907;Episódico/Epidêmico;Episódico/Epidêmico;Se manteve;26,1;67,6;457,5;366,3;244;4,7;244;Santa Rosa Do Tocantins;17;TO;nao metropolitana;cerrado;287,71;Aw;4701;34,28;89,39;45,33
1719004;Episódico;Episódico/Epidêmico;Piorou;26,1;68,8;483,9;366,3;250,7;5,3;250,7;Santa Tereza Do Tocantins;17;TO;nao metropolitana;cerrado;333,4;Aw;2715;1,81;93,95;64,29
1720002;Episódico;Episódico;Se manteve;27,1;70,9;409;366,3;279,3;3,7;279,3;Santa Terezinha Do Tocantins;17;TO;nao metropolitana;cerrado;304,25;Aw;2560;0,44;87,26;61,93
1720101;Episódico/Epidêmico;Episódico/Epidêmico;Se manteve;27,2;73,6;500,4;366,3;302;6;302;São Bento Do Tocantins;17;TO;nao metropolitana;cerrado;210,34;Aw;5387;3,6;84,56;50,52
1720150;Episódico;Episódico;Se manteve;25,7;68,2;393,4;366,3;251;4;251;São Félix Do Tocantins;17;TO;nao metropolitana;cerrado;444,33;Aw;1780;68,41;82,31;60
1720200;Episódico/Epidêmico;Episódico;Melhorou;27,2;74;382,6;366,3;312;2,7;312;São Miguel Do Tocantins;17;TO;nao metropolitana;cerrado;161,65;Aw;14103;0,26;89,63;56,63
1720259;Episódico/Epidêmico;Episódico/Epidêmico;Se manteve;25,8;66,8;408,9;366,3;245;6,7;245;São Salvador Do Tocantins;17;TO;nao metropolitana;cerrado;352,71;Aw;2481;16,71;92,01;66,34
1720309;Episódico/Epidêmico;Episódico;Melhorou;27,4;75,8;437,9;366,3;338;3,7;338;São Sebastião Do Tocantins;17;TO;nao metropolitana;amazonia;114,67;Aw;4100;4,17;82,67;54,13
1720499;Episódico/Epidêmico;Episódico/Epidêmico;Se manteve;26,1;67,6;424,7;366,3;243,3;4,7;243,3;São Valério;17;TO;nao metropolitana;cerrado;320,48;Aw;4399;5,35;93,9;56,73
1720655;Episódico/Epidêmico;Episódico/Epidêmico;Se manteve;26,4;68,7;467,6;366,3;254;4,3;254;Silvanópolis;17;TO;metropolitana;cerrado;338,5;Aw;5126;0,84;96,05;70,08
1720804;Episódico/Epidêmico;Episódico/Epidêmico;Se manteve;27,1;74,5;425,9;366,3;318,3;3,7;318,3;Sítio Novo Do Tocantins;17;TO;nao metropolitana;cerrado;207,49;Aw;10830;12,54;96,23;41,47
1720853;Episódico;Episódico;Se manteve;26,3;68,4;469,9;366,3;250,7;5;250,7;Sucupira;17;TO;nao metropolitana;cerrado;274,39;Aw;1576;0,91;97,64;57,72
1720903;Episódico/Epidêmico;Epidêmico;Piorou;24,6;64,8;448,1;366,3;217,3;5,7;217,3;Taguatinga;17;TO;nao metropolitana;cerrado;478,35;Aw;13986;12,67;80,05;62,79
1720937;Episódico;Episódico/Epidêmico;Piorou;26;65;390,9;366,3;226,3;3,3;226,3;Taipas Do Tocantins;17;TO;nao metropolitana;cerrado;393,17;Aw;2023;64,46;80,9;71,65
1720978;Episódico/Epidêmico;Episódico/Epidêmico;Se manteve;26,1;68;450,5;365,7;251,3;6;251,3;Talismã;17;TO;nao metropolitana;cerrado;281,96;Aw;2661;28,5;99,5;47
1721000;Epidêmico;Transmissão Persistente;Piorou;26,1;69,7;553,6;366,3;259,7;5,3;259,7;Palmas;17;TO;metropolitana;cerrado;409,91;Aw;334454;68,76;99,17;96,99
1721109;Episódico/Epidêmico;Episódico/Epidêmico;Se manteve;26,7;70,1;467,7;366,3;264,7;4,7;264,7;Tocantínia;17;TO;metropolitana;cerrado;315,55;Aw;8518;21,73;81,94;48,64
1721208;Epidêmico;Episódico/Epidêmico;Melhorou;27,1;70,9;409;366,3;279,3;3,7;279,3;Tocantinópolis;17;TO;nao metropolitana;cerrado;223,05;Aw;23847;5,31;93,82;80,61
1721257;Episódico;Episódico/Epidêmico;Piorou;27;70;477;366,3;265;4,7;265;Tupirama;17;TO;nao metropolitana;cerrado;229,54;Aw;1803;25,31;83,89;58,79
1721307;Episódico;Episódico/Epidêmico;Piorou;26,9;71,5;439,3;366,3;283,3;5;283,3;Tupiratins;17;TO;nao metropolitana;cerrado;222,51;Aw;1861;49,69;97,21;50,15
1722081;Episódico/Epidêmico;Episódico/Epidêmico;Se manteve;26,6;73,7;521,5;366,3;302,7;6,3;302,7;Wanderlândia;17;TO;nao metropolitana;cerrado;281,35;Aw;11586;0,72;92,38;58,56
1722107;Episódico/Epidêmico;Episódico/Epidêmico;Se manteve;26,9;74,8;489,7;366,3;317;6;317;Xambioá;17;TO;nao metropolitana;amazonia;207,92;Aw;10519;6,62;94,85;82,74
2100055;Episódico/Epidêmico;Episódico/Epidêmico;Se manteve;26,4;74,9;447,6;366,3;316;2;316;Açailândia;21;MA;nao metropolitana;amazonia;274,54;Aw;107263;13,06;89,57;84,24
2100105;Episódico;Episódico;Se manteve;27,4;74,8;453,4;366,3;347,7;5,7;347,7;Afonso Cunha;21;MA;nao metropolitana;cerrado;104,7;Aw;6144;2,61;67,76;36,07
2100154;Episódico;Episódico;Se manteve;27,4;77,6;517;366,3;366,3;7;366,3;Água Doce Do Maranhão;21;MA;nao metropolitana;cerrado;40,47;As;12154;1,5;86,73;15,61
2100204;Episódico;Episódico;Se manteve;27;81,6;755,1;366,3;366,3;10;366,3;Alcântara;21;MA;metropolitana;amazonia;18,55;As;18446;6,59;73,62;22,23
2100303;Episódico/Epidêmico;Episódico/Epidêmico;Se manteve;27,5;74;436,8;366,3;322,3;4,7;322,3;Aldeias Altas;21;MA;nao metropolitana;cerrado;104,05;Aw;22549;8,88;77,26;29,55
2100402;Episódico;Sem transmissão;Melhorou;27,4;77,6;469,2;366,3;360,7;3,7;360,7;Altamira Do Maranhão;21;MA;nao metropolitana;amazonia;64,79;Aw;6451;4,21;88,23;24,48
2100436;Episódico;Sem transmissão;Melhorou;27,4;77,2;498,2;366,3;360,3;6,3;360,3;Alto Alegre Do Maranhão;21;MA;nao metropolitana;cerrado;54,78;Aw;23270;21,37;84,36;49,03
2100477;Episódico/Epidêmico;Episódico/Epidêmico;Se manteve;27,3;78,7;500,6;366,3;364,7;6;364,7;Alto Alegre Do Pindaré;21;MA;nao metropolitana;amazonia;94,55;Aw;25673;9,53;92,98;32,07
2100501;Episódico/Epidêmico;Episódico/Epidêmico;Se manteve;26,6;64,9;329;366,3;231,3;2;231,3;Alto Parnaíba;21;MA;nao metropolitana;cerrado;469,63;Aw;11076;2,46;85,59;47,53
2100550;Episódico;Episódico;Se manteve;26,3;83,2;697,6;366,3;366,3;5,7;366,3;Amapá Do Maranhão;21;MA;nao metropolitana;amazonia;44,73;Am;7162;29,47;86,03;27,87
2100600;Episódico/Epidêmico;Episódico/Epidêmico;Se manteve;26,6;73,3;371,3;366,3;302,7;2,3;302,7;Amarante Do Maranhão;21;MA;nao metropolitana;amazonia;272,33;Aw;36266;4,12;83,12;44,44
2100709;Episódico;Episódico;Se manteve;27,6;78,5;565,3;366,3;366;5,7;366;Anajatuba;21;MA;nao metropolitana;amazonia;8;Am;23968;11,05;77,24;20,2
2100808;Episódico/Epidêmico;Episódico;Melhorou;27,6;74,6;467,9;366,3;353,7;5,3;353,7;Anapurus;21;MA;nao metropolitana;cerrado;89,89;Aw;13795;4,93;93,29;19,79
2100832;Episódico;Episódico/Epidêmico;Piorou;26,7;83,8;737,4;366,3;366,3;10;366,3;Apicum-Açu;21;MA;nao metropolitana;amazonia;12,26;As;17533;0,8;86,43;5,67
2100873;Episódico;Episódico;Se manteve;26,9;80,8;646,8;366,3;366,3;8,7;366,3;Araguanã;21;MA;nao metropolitana;amazonia;48,73;Am;11169;14,87;82,38;37,7
2100907;Episódico;Episódico;Se manteve;27,5;77,3;491,9;366,3;366,3;8;366,3;Araioses;21;MA;nao metropolitana;cerrado;30,93;As;38980;15,39;62,6;24,68
2100956;Episódico/Epidêmico;Episódico/Epidêmico;Se manteve;26,5;76;382,8;366,3;331,3;1,7;331,3;Arame;21;MA;nao metropolitana;amazonia;234,6;Aw;25646;13,44;76,33;37,83
2101004;Episódico;Episódico/Epidêmico;Piorou;27,6;77,7;527,1;366,3;365;6,7;365;Arari;21;MA;nao metropolitana;amazonia;10,43;Am;29302;50,2;73,63;49,5
2101103;Episódico;Episódico/Epidêmico;Piorou;27,1;80,5;742;366,3;366,3;11,7;366,3;Axixá;21;MA;metropolitana;amazonia;24,18;As;11797;33,52;73,08;10,88
2101202;Episódico/Epidêmico;Episódico/Epidêmico;Se manteve;27,3;77,5;473,8;366,3;359;5,3;359;Bacabal;21;MA;nao metropolitana;amazonia;28,97;Aw;104352;31,12;90,82;71,18
2101251;Episódico/Epidêmico;Episódico/Epidêmico;Se manteve;27,1;79,3;657,4;366,3;366,3;9,3;366,3;Bacabeira;21;MA;metropolitana;amazonia;11,17;Aw;17073;31,22;69,48;51,95
2101301;Episódico;Episódico;Se manteve;26,8;83,2;717,2;366,3;366,3;10,7;366,3;Bacuri;21;MA;nao metropolitana;amazonia;16,39;As;16206;13,51;71,09;12,88
2101350;Episódico;Sem transmissão;Melhorou;27,1;81,5;632,3;366,3;366,3;8,7;366,3;Bacurituba;21;MA;nao metropolitana;amazonia;2,93;As;5196;0,57;77,17;0,43
2101400;Episódico/Epidêmico;Epidêmico;Piorou;27,2;65,9;326,1;366,3;236,3;1,7;236,3;Balsas;21;MA;nao metropolitana;cerrado;418,75;Aw;100257;18,43;93,01;82,97
2101509;Episódico/Epidêmico;Episódico/Epidêmico;Se manteve;28;63,5;277,1;366,3;212,7;4;212,7;Barão De Grajaú;21;MA;nao metropolitana;cerrado;222,51;Aw;19310;5,1;81,42;47,32
2101608;Epidêmico;Epidêmico;Se manteve;26,9;74,4;314,7;366,3;314;2;314;Barra Do Corda;21;MA;nao metropolitana;cerrado;212,37;Aw;84708;14,11;73,48;51,07
2101707;Episódico;Episódico;Se manteve;27,1;79,3;509;366,3;366,3;6,7;366,3;Barreirinhas;21;MA;nao metropolitana;cerrado;44,67;As;69312;16,54;81,35;35,92
2101731;Episódico;Episódico;Se manteve;27,3;76,2;466,5;366,3;363;4;363;Belágua;21;MA;nao metropolitana;cerrado;85,49;As;8504;3,72;58,89;0,4
2101772;Episódico;Episódico/Epidêmico;Piorou;27,6;78,2;499,4;366,3;365;6;365;Bela Vista Do Maranhão;21;MA;nao metropolitana;amazonia;26,25;Aw;11911;6,65;94,22;28,85
2101806;Episódico;Episódico;Se manteve;26,9;64,7;316,4;366,3;219,7;3;219,7;Benedito Leite;21;MA;nao metropolitana;cerrado;275,07;Aw;5472;34,18;81,18;27,06
2101905;Episódico/Epidêmico;Episódico;Melhorou;27,1;81,5;632,3;366,3;366,3;8,7;366,3;Bequimão;21;MA;nao metropolitana;amazonia;15,32;As;19572;5,23;78,62;7,04
2101939;Episódico;Sem transmissão;Melhorou;27,2;76,3;418,2;366,3;338;5;338;Bernardo Do Mearim;21;MA;nao metropolitana;cerrado;76,76;Aw;5842;27,87;84,83;49,6
2101970;Episódico;Episódico;Se manteve;26,4;82,7;711,8;366,3;366,3;6,7;366,3;Boa Vista Do Gurupi;21;MA;nao metropolitana;amazonia;27,09;Am;7622;4,68;93,5;59,33
2102002;Episódico/Epidêmico;Episódico;Melhorou;27,2;79,3;531,2;366,3;366;5,7;366;Bom Jardim;21;MA;nao metropolitana;amazonia;150,31;Aw;32894;3,94;78,49;33,28
2102036;Episódico;Episódico/Epidêmico;Piorou;26,4;76,6;444,1;366,3;347,7;2,7;347,7;Bom Jesus Das Selvas;21;MA;nao metropolitana;amazonia;227,39;Aw;28589;22,66;68,73;47,71
2102077;Episódico;Episódico/Epidêmico;Piorou;27,4;76,8;413,9;366,3;357,7;4,7;357,7;Bom Lugar;21;MA;nao metropolitana;amazonia;40,55;Aw;11675;1,79;90,28;15,8
2102101;Episódico/Epidêmico;Episódico;Melhorou;27,7;73,9;486,6;366,3;349;6,3;349;Brejo;21;MA;nao metropolitana;cerrado;83,23;Aw;34116;19,14;65,48;17,35
2102150;Episódico;Episódico;Se manteve;26,7;78,1;481;366,3;359,7;5,7;359,7;Brejo De Areia;21;MA;nao metropolitana;amazonia;126,4;Aw;9224;0,31;56,36;8,55
2102200;Episódico;Episódico;Se manteve;27,6;74,6;467,9;366,3;353,7;5,3;353,7;Buriti;21;MA;nao metropolitana;cerrado;92,62;Aw;29693;5,67;69,12;15,12
2102309;Episódico;Episódico;Se manteve;26,7;72,2;362,9;366,3;275,3;4,3;275,3;Buriti Bravo;21;MA;nao metropolitana;cerrado;198;Aw;22427;6,53;80,14;27,89
2102325;Episódico/Epidêmico;Episódico;Melhorou;26,5;76,9;439,8;366,3;351,3;3,3;351,3;Buriticupu;21;MA;nao metropolitana;amazonia;239,19;Aw;52395;6,74;69,77;52,76
2102358;Episódico;Episódico;Se manteve;26,9;72,9;400,5;366,3;291;3,7;291;Buritirana;21;MA;nao metropolitana;cerrado;260,21;Aw;12870;4,4;94,17;32,85
2102374;Episódico;Episódico;Se manteve;27;78,9;616,9;366,3;366,3;9,7;366,3;Cachoeira Grande;21;MA;metropolitana;cerrado;59,86;Am;10227;2,55;50;22,26
2102408;Sem transmissão;Sem transmissão;Se manteve;27,2;81,1;615;366,3;366,3;7,7;366,3;Cajapió;21;MA;nao metropolitana;amazonia;5,62;Aw;10032;31,28;67,92;5,14
2102507;Episódico;Episódico;Se manteve;27,5;79,9;582,4;366,3;366,3;7,7;366,3;Cajari;21;MA;nao metropolitana;amazonia;10,22;Am;16296;4,29;56,61;16,25
2102556;Episódico/Epidêmico;Episódico;Melhorou;27,1;70,6;435,9;366,3;278;5;278;Campestre Do Maranhão;21;MA;nao metropolitana;cerrado;180,93;Aw;12185;2,04;96,93;74,48
2102606;Episódico;Episódico;Se manteve;26,7;83,3;864,9;366,3;366,3;13;366,3;Cândido Mendes;21;MA;nao metropolitana;amazonia;34,07;Am;19805;18,87;79,4;29,32
2102705;Episódico;Episódico/Epidêmico;Piorou;27,5;77,2;514,3;366,3;364,3;7;364,3;Cantanhede;21;MA;nao metropolitana;cerrado;46,89;Aw;17355;34,23;74,46;34,12
2102754;Episódico;Episódico;Se manteve;26,9;76,5;436;366,3;336,3;4,7;336,3;Capinzal Do Norte;21;MA;nao metropolitana;cerrado;116,48;Aw;11372;9,06;89,3;23,2
2102804;Episódico/Epidêmico;Episódico;Melhorou;27,2;71,2;435,9;366,3;283,3;4;283,3;Carolina;21;MA;nao metropolitana;cerrado;270,71;Aw;24056;30,03;82,9;64,08
2102903;Episódico;Episódico;Se manteve;26,5;84,1;853,5;366,3;366,3;10,7;366,3;Carutapera;21;MA;nao metropolitana;amazonia;22,87;As;24263;20,34;80,06;53,71
2103000;Epidêmico;Episódico/Epidêmico;Melhorou;27,4;73,8;440,9;366,3;310;5,7;310;Caxias;21;MA;nao metropolitana;cerrado;114,73;Aw;153634;26,84;85;60,97
2103109;Sem transmissão;Sem transmissão;Se manteve;26,7;83,3;762,5;366,3;366,3;9,7;366,3;Cedral;21;MA;nao metropolitana;amazonia;24,47;As;10214;1,73;91,45;20,41
2103125;Episódico;Episódico;Se manteve;26,9;82,4;702,5;366,3;366,3;9,3;366,3;Central Do Maranhão;21;MA;nao metropolitana;amazonia;24,93;As;7086;7,18;78,93;14,9
2103158;Episódico;Episódico;Se manteve;26,7;81,2;639,4;366,3;366,3;6;366,3;Centro Do Guilherme;21;MA;nao metropolitana;amazonia;67,26;Am;12384;6,74;77,02;32,66
2103174;Episódico;Episódico;Se manteve;26,7;81,2;618,6;366,3;366,3;6,3;366,3;Centro Novo Do Maranhão;21;MA;nao metropolitana;amazonia;111,7;Am;16254;10,92;78,99;22,23
2103208;Episódico/Epidêmico;Episódico/Epidêmico;Se manteve;27,5;75,2;487,3;366,3;356,7;6,3;356,7;Chapadinha;21;MA;nao metropolitana;cerrado;81,98;Aw;81339;16,57;71,34;50,8
2103257;Episódico/Epidêmico;Episódico;Melhorou;27;74,6;414,6;366,3;319;2,7;319;Cidelândia;21;MA;nao metropolitana;amazonia;256,09;Aw;12857;0,77;92,43;41,02
2103307;Episódico/Epidêmico;Episódico/Epidêmico;Se manteve;27;77,9;463,8;366,3;358;6,7;358;Codó;21;MA;nao metropolitana;cerrado;96,4;Aw;112110;24,88;87,21;62,93
2103406;Episódico/Epidêmico;Episódico/Epidêmico;Se manteve;27,4;74,8;453,4;366,3;347,7;5,7;347,7;Coelho Neto;21;MA;nao metropolitana;cerrado;93,4;Aw;41353;7,12;93,95;52,58
2103505;Episódico/Epidêmico;Episódico;Melhorou;26,3;72,3;386,3;366,3;275,3;4;275,3;Colinas;21;MA;nao metropolitana;cerrado;262,91;Aw;40322;4,64;72,78;39,6
2103554;Episódico;Episódico;Se manteve;27,6;78,2;499,4;366,3;365;6;365;Conceição Do Lago-Açu;21;MA;nao metropolitana;amazonia;11,67;Aw;14921;2,49;57,75;30,85
2103604;Episódico/Epidêmico;Episódico;Melhorou;27;77,9;463,8;366,3;358;6,7;358;Coroatá;21;MA;nao metropolitana;cerrado;67,18;Aw;59563;20,64;91,37;51,75
2103703;Episódico/Epidêmico;Episódico/Epidêmico;Se manteve;26,5;84,4;724,6;366,3;366,3;9,7;366,3;Cururupu;21;MA;nao metropolitana;amazonia;15,47;As;31662;2,66;81,3;33,74
2103752;Episódico;Episódico;Se manteve;27,2;74;382,6;366,3;312;2,7;312;Davinópolis;21;MA;nao metropolitana;cerrado;195,12;Aw;14467;20,95;97,77;35,8
2103802;Episódico;Episódico;Se manteve;27,1;75,4;364,9;366,3;323;4,7;323;Dom Pedro;21;MA;nao metropolitana;cerrado;155,22;Aw;23111;17,54;94,21;63,65
2103901;Episódico/Epidêmico;Episódico;Melhorou;27,6;74,4;477,6;366,3;347,3;7,3;347,3;Duque Bacelar;21;MA;nao metropolitana;cerrado;77,33;Aw;10223;38,39;76,62;27,37
2104008;Episódico;Episódico;Se manteve;27,2;76,3;418,2;366,3;338;5;338;Esperantinópolis;21;MA;nao metropolitana;cerrado;119,96;Aw;18355;13,39;85,3;52,24
2104057;Episódico/Epidêmico;Episódico/Epidêmico;Se manteve;27;71;414,9;366,3;281,7;3;281,7;Estreito;21;MA;nao metropolitana;cerrado;259,78;Aw;33245;9,04;95,08;74,06
2104073;Episódico/Epidêmico;Episódico;Melhorou;26,6;68,2;460,2;366,3;252,3;5,7;252,3;Feira Nova Do Maranhão;21;MA;nao metropolitana;cerrado;381,02;Aw;8048;9,96;89,12;32,36
2104081;Episódico;Episódico;Se manteve;26,8;70;362;366,3;268,7;4,3;268,7;Fernando Falcão;21;MA;nao metropolitana;cerrado;339,24;Aw;10875;0,05;58,69;6,22
2104099;Episódico/Epidêmico;Episódico/Epidêmico;Se manteve;26,6;70,5;398,2;366,3;280;3,3;280;Formosa Da Serra Negra;21;MA;nao metropolitana;cerrado;365,33;Aw;17758;1,75;74,46;25,23
2104107;Episódico/Epidêmico;Episódico;Melhorou;26,3;68,8;425,6;366,3;258,7;3,3;258,7;Fortaleza Dos Nogueiras;21;MA;nao metropolitana;cerrado;448,36;Aw;12642;3,34;87,72;55,4
2104206;Episódico/Epidêmico;Episódico;Melhorou;26,8;73,3;391,6;366,3;288;5,3;288;Fortuna;21;MA;nao metropolitana;cerrado;182,01;Aw;17075;3,59;75,37;41,8
2104305;Episódico;Episódico;Se manteve;26,3;84,2;855,8;366,3;366,3;12;366,3;Godofredo Viana;21;MA;nao metropolitana;amazonia;19,7;Am;9894;27,49;71,38;16,43
2104404;Episódico;Episódico;Se manteve;26,9;74,4;410,4;366,3;305,7;5;305,7;Gonçalves Dias;21;MA;nao metropolitana;cerrado;144,83;Aw;17432;3,29;85,06;40,31
2104503;Episódico;Episódico;Se manteve;27;75,4;401,4;366,3;319,3;3,7;319,3;Governador Archer;21;MA;nao metropolitana;cerrado;128,63;Aw;10294;8,89;89,25;57,35
2104552;Episódico/Epidêmico;Episódico/Epidêmico;Se manteve;27,2;71;406,9;366,3;279,3;3,3;279,3;Governador Edison Lobão;21;MA;nao metropolitana;cerrado;192,26;Aw;18375;33,45;93,83;66,9
2104602;Episódico;Episódico;Se manteve;26,9;74,2;396,5;366,3;301,3;4,3;301,3;Governador Eugênio Barros;21;MA;nao metropolitana;cerrado;150,95;Aw;13918;2,18;91,19;35,33
2104628;Episódico;Episódico;Se manteve;26,8;73,5;391,4;366,3;289,7;5;289,7;Governador Luiz Rocha;21;MA;nao metropolitana;cerrado;183,63;Aw;7061;19,23;94,39;18,97
2104651;Episódico;Episódico/Epidêmico;Piorou;27,1;80,1;559,8;366,3;366,3;7,3;366,3;Governador Newton Bello;21;MA;nao metropolitana;amazonia;56,19;Am;10708;2,83;82,95;28,06
2104677;Episódico;Episódico;Se manteve;26,5;82;629,7;366,3;366,3;5,7;366,3;Governador Nunes Freire;21;MA;nao metropolitana;amazonia;53,28;Am;22754;39,91;90,37;54,66
2104701;Episódico;Episódico;Se manteve;26,8;73,3;391,6;366,3;288;5,3;288;Graça Aranha;21;MA;nao metropolitana;cerrado;190,29;Aw;6012;3,48;96,06;31,27
2104800;Episódico/Epidêmico;Episódico/Epidêmico;Se manteve;26,9;71,7;336,4;366,3;291,7;2,7;291,7;Grajaú;21;MA;nao metropolitana;cerrado;241,87;Aw;73942;5,06;81,4;57,88
2104909;Episódico;Sem transmissão;Melhorou;27;81,6;755,1;366,3;366,3;10;366,3;Guimarães;21;MA;nao metropolitana;amazonia;19,9;As;10285;2,52;84,81;16,38
2105005;Episódico/Epidêmico;Episódico/Epidêmico;Se manteve;27;80,8;678,9;366,3;366,3;8,7;366,3;Humberto De Campos;21;MA;nao metropolitana;cerrado;27,56;As;25656;9,66;75,93;18,58
2105104;Episódico;Episódico;Se manteve;27,1;80,5;742;366,3;366,3;11,7;366,3;Icatu;21;MA;metropolitana;amazonia;24,07;As;24719;4,83;54,36;15,36
2105153;Episódico/Epidêmico;Episódico/Epidêmico;Se manteve;27,6;78,9;538,4;366,3;366;7;366;Igarapé Do Meio;21;MA;nao metropolitana;amazonia;19,26;Am;13483;1,3;92,54;11,5
2105203;Episódico;Episódico/Epidêmico;Piorou;27,2;76,3;418,2;366,3;338;5;338;Igarapé Grande;21;MA;nao metropolitana;cerrado;59,88;Aw;10222;17,76;88,37;60,25
2105302;Episódico/Epidêmico;Epidêmico;Piorou;27,2;74;382,6;366,3;312;2,7;312;Imperatriz;21;MA;nao metropolitana;cerrado;159,1;Aw;273027;49,95;96,58;91,94
2105351;Episódico;Episódico;Se manteve;26,9;73,8;342;366,3;311,7;3;311,7;Itaipava Do Grajaú;21;MA;nao metropolitana;cerrado;204;Aw;13847;3,05;82,81;21,13
2105401;Episódico/Epidêmico;Episódico/Epidêmico;Se manteve;27,5;76,6;493,3;366,3;361,7;7,3;361,7;Itapecuru Mirim;21;MA;nao metropolitana;cerrado;40,97;Am;65721;31,87;76,9;51,06
2105427;Episódico;Episódico/Epidêmico;Piorou;26,3;76,6;444,9;366,3;340;3,3;340;Itinga Do Maranhão;21;MA;nao metropolitana;amazonia;204,65;Aw;23904;8,38;93,96;75,38
2105450;Episódico;Episódico;Se manteve;26,5;72,9;383,7;366,3;284;4,7;284;Jatobá;21;MA;nao metropolitana;cerrado;267,27;Aw;8239;31,38;94,44;4,59
2105476;Episódico;Episódico;Se manteve;26,8;74,3;334;366,3;320;1,3;320;Jenipapo Dos Vieiras;21;MA;nao metropolitana;cerrado;230,18;Aw;17066;2,64;75,4;13,55
2105500;Episódico/Epidêmico;Episódico;Melhorou;26,8;74,2;418,9;366,3;308;2,7;308;João Lisboa;21;MA;nao metropolitana;amazonia;250,19;Aw;24609;7,2;94,3;49,82
2105609;Episódico;Episódico;Se manteve;27,2;76,3;418,2;366,3;338;5;338;Joselândia;21;MA;nao metropolitana;cerrado;116,29;Aw;14942;2,86;88,04;23,1
2105658;Episódico/Epidêmico;Episódico;Melhorou;26,4;82,9;703,9;366,3;366,3;5,3;366,3;Junco Do Maranhão;21;MA;nao metropolitana;amazonia;38,53;Am;5146;51,42;94,12;30,33
2105708;Episódico/Epidêmico;Episódico/Epidêmico;Se manteve;26,7;77,6;430,7;366,3;356;4,3;356;Lago Da Pedra;21;MA;nao metropolitana;cerrado;168,15;Aw;44422;18,16;80,59;65,63
2105807;Episódico;Episódico;Se manteve;27;77,4;409,8;366,3;354,3;3,3;354,3;Lago Do Junco;21;MA;nao metropolitana;cerrado;68,73;Aw;9491;20,4;87,74;38,29
2105906;Episódico;Episódico;Se manteve;27,6;77,1;481,4;366,3;360,3;6;360,3;Lago Verde;21;MA;nao metropolitana;amazonia;19,69;Aw;14678;12,22;75,05;17,8
2105922;Episódico;Episódico;Se manteve;26,5;71,4;381,5;366,3;264;5,7;264;Lagoa Do Mato;21;MA;nao metropolitana;cerrado;252,99;Aw;10583;1,27;81,93;32,52
2105948;Episódico;Episódico;Se manteve;27;77,4;409,8;366,3;354,3;3,3;354,3;Lago Dos Rodrigues;21;MA;nao metropolitana;cerrado;67,62;Aw;8755;0,92;94,57;67,05
2105963;Episódico/Epidêmico;Episódico;Melhorou;26,6;76,9;416;366,3;345,3;4;345,3;Lagoa Grande Do Maranhão;21;MA;nao metropolitana;cerrado;209,74;Aw;11417;3,99;76,33;45,88
2105989;Episódico/Epidêmico;Episódico/Epidêmico;Se manteve;27;70;443,4;366,3;271;5,3;271;Lajeado Novo;21;MA;nao metropolitana;cerrado;234,58;Aw;7051;5,85;82,14;57,12
2106003;Episódico;Episódico;Se manteve;27,1;77,3;458,3;366,3;353,3;5,3;353,3;Lima Campos;21;MA;nao metropolitana;cerrado;66,29;Aw;11320;9,19;88,46;55,81
2106102;Episódico;Episódico/Epidêmico;Piorou;27;65,9;324,5;366,3;233,7;2,3;233,7;Loreto;21;MA;nao metropolitana;cerrado;309,31;Aw;11526;13,97;70,6;58,46
2106201;Episódico;Sem transmissão;Melhorou;26,5;84,1;853,5;366,3;366,3;10,7;366,3;Luís Domingues;21;MA;nao metropolitana;amazonia;30,98;Am;7159;35,86;80,59;0
2106300;Episódico;Episódico;Se manteve;27,9;73,2;444;366,3;343;4,7;343;Magalhães De Almeida;21;MA;nao metropolitana;cerrado;37,67;As;13747;20,53;87,66;32,79
2106326;Episódico;Episódico/Epidêmico;Piorou;26,5;81,9;640,3;366,3;366,3;6,3;366,3;Maracaçumé;21;MA;nao metropolitana;amazonia;46,93;Am;21106;41,24;85,93;52,36
2106359;Sem transmissão;Sem transmissão;Se manteve;26,7;77,6;430,7;366,3;356;4,3;356;Marajá Do Sena;21;MA;nao metropolitana;cerrado;208,82;Aw;7200;7,39;58,67;12,11
2106375;Episódico;Episódico;Se manteve;26,8;81,4;634;366,3;366,3;6;366,3;Maranhãozinho;21;MA;nao metropolitana;amazonia;71,87;Am;13797;44,13;88,43;45,49
2106409;Episódico;Episódico;Se manteve;27,5;75,3;453,8;366,3;358,3;5,3;358,3;Mata Roma;21;MA;nao metropolitana;cerrado;86,94;Aw;16919;15,53;81,51;16,91
2106508;Episódico;Episódico;Se manteve;27,2;80,9;640,7;366,3;366,3;8;366,3;Matinha;21;MA;nao metropolitana;amazonia;17,83;Am;21808;10,15;80,62;28,36
2106607;Episódico/Epidêmico;Episódico/Epidêmico;Se manteve;26,9;72,8;383,2;366,3;278,3;6,7;278,3;Matões;21;MA;nao metropolitana;cerrado;171,84;Aw;31954;4,67;85,1;18,35
2106631;Episódico;Episódico;Se manteve;27,6;77,7;527,1;366,3;365;6,7;365;Matões Do Norte;21;MA;nao metropolitana;cerrado;40,94;Aw;17582;2,41;57,89;27,68
2106672;Episódico;Episódico;Se manteve;27,8;73,8;420,5;366,3;349,7;4,7;349,7;Milagres Do Maranhão;21;MA;nao metropolitana;cerrado;82,34;As;8812;9,9;76,32;7,89
2106706;Episódico;Episódico;Se manteve;26,4;70,9;384,2;366,3;266,7;3,3;266,7;Mirador;21;MA;nao metropolitana;cerrado;377,87;Aw;20998;2,53;56,15;26,9
2106755;Episódico/Epidêmico;Episódico/Epidêmico;Se manteve;27,6;77,7;527,1;366,3;365;6,7;365;Miranda Do Norte;21;MA;nao metropolitana;cerrado;38,96;Aw;20562;6,5;81,35;66,27
2106805;Episódico;Episódico;Se manteve;26,5;83,6;689,9;366,3;366,3;8,3;366,3;Mirinzal;21;MA;nao metropolitana;amazonia;36,38;As;13958;3,67;86,61;30,37
2106904;Episódico/Epidêmico;Episódico;Melhorou;27,5;79,9;582,4;366,3;366,3;7,7;366,3;Monção;21;MA;nao metropolitana;amazonia;19,78;Am;27620;7,61;81,12;7,62
2107001;Episódico;Episódico;Se manteve;27,2;71;406,9;366,3;279,3;3,3;279,3;Montes Altos;21;MA;nao metropolitana;cerrado;242,13;Aw;10286;5,62;87,35;44,01
2107100;Episódico;Episódico;Se manteve;27,1;80,5;742;366,3;366,3;11,7;366,3;Morros;21;MA;metropolitana;cerrado;70,6;As;18054;3,29;56,42;30,01
2107209;Episódico;Episódico;Se manteve;27,4;77;505,1;366,3;365;5,7;365;Nina Rodrigues;21;MA;nao metropolitana;cerrado;46,28;Am;12477;7,12;65,24;19,64
2107258;Episódico;Episódico;Se manteve;26,5;67,9;436,7;366,3;250,3;4,7;250,3;Nova Colinas;21;MA;nao metropolitana;cerrado;426,33;Aw;5021;0,59;75,08;42,34
2107308;Episódico;Episódico;Se manteve;27,4;66,1;287,7;366,3;229,3;4,3;229,3;Nova Iorque;21;MA;nao metropolitana;cerrado;216,52;Aw;4308;15,08;63,79;55,17
2107357;Episódico;Episódico;Se manteve;26,7;81;625,4;366,3;366,3;8,7;366,3;Nova Olinda Do Maranhão;21;MA;nao metropolitana;amazonia;72,42;Am;14277;2,47;88,27;56,4
2107407;Episódico;Episódico;Se manteve;27,4;77,2;442,2;366,3;357,7;4,7;357,7;Olho D'água Das Cunhãs;21;MA;nao metropolitana;amazonia;33,51;Aw;17937;12,99;82,66;45,59
2107456;Episódico;Episódico;Se manteve;27,2;81,1;615;366,3;366,3;7,7;366,3;Olinda Nova Do Maranhão;21;MA;nao metropolitana;amazonia;23,92;Am;13320;7,89;85,14;24,34
2107506;Episódico/Epidêmico;Episódico/Epidêmico;Se manteve;27,1;81;753,7;366,3;366,3;11;366,3;Paço Do Lumiar;21;MA;metropolitana;amazonia;25,14;As;145752;55,19;73,69;61,52
2107605;Episódico;Episódico;Se manteve;27;81,9;643,1;366,3;366,3;9,3;366,3;Palmeirândia;21;MA;nao metropolitana;amazonia;22,31;As;21056;3,47;86,76;6,18
2107704;Episódico/Epidêmico;Episódico/Epidêmico;Se manteve;26,4;71;400;366,3;263,3;5,7;263,3;Paraibano;21;MA;nao metropolitana;cerrado;308,8;Aw;19530;5,86;73,94;67,81
2107803;Episódico;Episódico;Se manteve;27,1;70,7;407,6;366,3;265,3;6;265,3;Parnarama;21;MA;nao metropolitana;cerrado;183,58;Aw;31179;1,36;85,61;26,77
2107902;Episódico;Episódico/Epidêmico;Piorou;26,6;70,5;398,7;366,3;257,3;5;257,3;Passagem Franca;21;MA;nao metropolitana;cerrado;285,79;Aw;17244;1,75;83,54;42,64
2108009;Episódico/Epidêmico;Episódico;Melhorou;26,8;69;340,1;366,3;252,7;4,3;252,7;Pastos Bons;21;MA;nao metropolitana;cerrado;340,27;Aw;18724;4,86;89,25;49
2108058;Episódico/Epidêmico;Episódico;Melhorou;27,3;78,2;548,4;366,3;366,3;8,3;366,3;Paulino Neves;21;MA;nao metropolitana;cerrado;35,96;As;17054;16,81;79,02;22,97
2108108;Episódico;Episódico/Epidêmico;Piorou;27,4;76,8;413,9;366,3;357,7;4,7;357,7;Paulo Ramos;21;MA;nao metropolitana;amazonia;123,07;Aw;20183;2,5;80,85;49,66
2108207;Episódico/Epidêmico;Episódico/Epidêmico;Se manteve;27,1;77,3;458,3;366,3;353,3;5,3;353,3;Pedreiras;21;MA;nao metropolitana;cerrado;53,89;Aw;36980;41,33;89,48;80,45
2108256;Episódico;Episódico;Se manteve;27,2;80,9;640,7;366,3;366,3;8;366,3;Pedro Do Rosário;21;MA;nao metropolitana;amazonia;38,04;Am;24260;4,07;77,99;15,5
2108306;Episódico;Episódico;Se manteve;27,2;80,6;582;366,3;366,3;8;366,3;Penalva;21;MA;nao metropolitana;amazonia;16,75;Am;32436;5,27;73,89;30,58
2108405;Episódico;Episódico;Se manteve;27;81,9;643,1;366,3;366,3;9,3;366,3;Peri Mirim;21;MA;nao metropolitana;amazonia;15,24;As;11093;13,2;78,07;16,71
2108454;Episódico;Episódico;Se manteve;27,1;77,8;487,7;366,3;358,7;6,3;358,7;Peritoró;21;MA;nao metropolitana;cerrado;87,61;Aw;20471;10,33;73,65;30,6
2108504;Episódico;Episódico/Epidêmico;Piorou;27,4;79,4;539,5;366,3;366;6,7;366;Pindaré-Mirim;21;MA;nao metropolitana;amazonia;22,07;Am;29440;7,38;86,35;53,75
2108603;Episódico/Epidêmico;Episódico/Epidêmico;Se manteve;26,8;81,8;668,2;366,3;366,3;9,3;366,3;Pinheiro;21;MA;nao metropolitana;amazonia;26,73;Am;85054;50,72;81,11;53,54
2108702;Episódico/Epidêmico;Episódico/Epidêmico;Se manteve;27,6;78,2;499,4;366,3;365;6;365;Pio Xii;21;MA;nao metropolitana;amazonia;22,5;Aw;21941;1,99;84,79;47,74
2108801;Episódico;Episódico/Epidêmico;Piorou;27,5;76,6;493,3;366,3;361,7;7,3;361,7;Pirapemas;21;MA;nao metropolitana;cerrado;46,62;Aw;14819;13,61;75,56;33,09
2108900;Episódico;Episódico;Se manteve;27,1;77,3;426,9;366,3;354,3;4,3;354,3;Poção De Pedras;21;MA;nao metropolitana;cerrado;100,7;Aw;17133;23,6;80,43;41,36
2109007;Episódico/Epidêmico;Episódico/Epidêmico;Se manteve;27,1;70,9;409;366,3;279,3;3,7;279,3;Porto Franco;21;MA;nao metropolitana;cerrado;210,79;Aw;23565;3,12;91,58;75,72
2109056;Episódico;Episódico;Se manteve;26,7;83,8;751,5;366,3;366,3;9,7;366,3;Porto Rico Do Maranhão;21;MA;nao metropolitana;amazonia;17,6;As;5961;31,15;93,2;31,92
2109106;Episódico/Epidêmico;Episódico/Epidêmico;Se manteve;26,9;74,6;358,3;366,3;308,3;3;308,3;Presidente Dutra;21;MA;nao metropolitana;cerrado;139,52;Aw;45102;23,29;87,26;62,82
2109205;Episódico;Episódico;Se manteve;27;78,9;616,9;366,3;366,3;9,7;366,3;Presidente Juscelino;21;MA;metropolitana;amazonia;41,11;Am;11293;19,04;44,07;17,44
2109239;Episódico;Sem transmissão;Melhorou;26,8;81;656,2;366,3;366,3;8;366,3;Presidente Médici;21;MA;nao metropolitana;amazonia;41,78;Am;4575;51,52;93,48;59,6
2109270;Episódico;Episódico;Se manteve;26,8;81,4;676,4;366,3;366,3;8,3;366,3;Presidente Sarney;21;MA;nao metropolitana;amazonia;30,41;Am;17542;2,24;85,73;11,9
2109304;Episódico;Episódico;Se manteve;27,5;76,2;483,1;366,3;359,7;6,3;359,7;Presidente Vargas;21;MA;nao metropolitana;cerrado;52,17;Am;9616;4,94;51,25;21,47
2109403;Episódico;Episódico;Se manteve;27;80,8;678,9;366,3;366,3;8,7;366,3;Primeira Cruz;21;MA;nao metropolitana;cerrado;42,51;As;13095;7,28;71,65;12,71
2109452;Episódico;Episódico;Se manteve;27;81,2;739,9;366,3;366,3;10,7;366,3;Raposa;21;MA;metropolitana;amazonia;10,47;As;31667;17,46;85,28;50,64
2109502;Episódico/Epidêmico;Episódico;Melhorou;26,9;67,3;421;366,3;245,3;3,3;245,3;Riachão;21;MA;nao metropolitana;cerrado;342,22;Aw;22153;10,29;81,83;54,16
2109551;Episódico;Episódico/Epidêmico;Piorou;27,4;71,5;386,6;366,3;284,3;4,3;284,3;Ribamar Fiquene;21;MA;nao metropolitana;cerrado;164,41;Aw;7424;20,83;89,98;46,83
2109601;Episódico/Epidêmico;Episódico;Melhorou;27,1;79,3;657,4;366,3;366,3;9,3;366,3;Rosário;21;MA;metropolitana;amazonia;24,68;Am;36688;7,51;79,81;56,84
2109700;Episódico;Episódico;Se manteve;27,1;65,2;317,8;366,3;227,7;3;227,7;Sambaíba;21;MA;nao metropolitana;cerrado;321,53;Aw;5568;16,22;68,52;23,66
2109759;Episódico;Episódico;Se manteve;26,6;73,4;404,3;366,3;291;4,3;291;Santa Filomena Do Maranhão;21;MA;nao metropolitana;cerrado;179,99;Aw;6698;10,67;95,44;25,57
2109809;Episódico/Epidêmico;Episódico;Melhorou;26,7;82,2;656,3;366,3;366,3;9;366,3;Santa Helena;21;MA;nao metropolitana;amazonia;23,64;Am;41221;4,51;71,59;49,99
2109908;Episódico/Epidêmico;Epidêmico;Piorou;27,4;79,4;539,5;366,3;366;6,7;366;Santa Inês;21;MA;nao metropolitana;amazonia;38,9;Aw;85261;36,06;96,74;86,55
2110005;Episódico;Episódico/Epidêmico;Piorou;26,8;78,6;469,1;366,3;361,7;6;361,7;Santa Luzia;21;MA;nao metropolitana;amazonia;168,12;Aw;57189;9,72;78,2;32,13
2110039;Episódico;Episódico;Se manteve;26,7;81,2;639,4;366,3;366,3;6;366,3;Santa Luzia Do Paruá;21;MA;nao metropolitana;amazonia;39,8;Am;23413;14,63;94,73;54,66
2110104;Episódico;Episódico;Se manteve;27,9;73,1;419;366,3;342,3;6;342,3;Santa Quitéria Do Maranhão;21;MA;nao metropolitana;cerrado;83,68;As;23782;3,21;74,44;27,64
2110203;Episódico;Episódico/Epidêmico;Piorou;27,4;77,6;527,7;366,3;365,7;5,3;365,7;Santa Rita;21;MA;metropolitana;amazonia;22,69;Am;35231;13,71;77,57;31,31
2110237;Episódico;Episódico;Se manteve;27,3;76,8;508,4;366,3;364,7;6,7;364,7;Santana Do Maranhão;21;MA;nao metropolitana;cerrado;88,67;As;10325;8,15;88,71;12,12
2110278;Episódico;Sem transmissão;Melhorou;27;81;642,6;366,3;366,3;10;366,3;Santo Amaro Do Maranhão;21;MA;nao metropolitana;cerrado;28,44;As;13193;0,92;80,52;13,33
2110302;Episódico;Sem transmissão;Melhorou;27;76,5;436,9;366,3;337,7;5,7;337,7;Santo Antônio Dos Lopes;21;MA;nao metropolitana;cerrado;101,09;Aw;14298;5,17;80,82;39,6
2110401;Episódico;Episódico;Se manteve;27,4;76,5;489,1;366,3;364;5,3;364;São Benedito Do Rio Preto;21;MA;nao metropolitana;cerrado;71,38;Am;18306;21,64;76,86;2,53
2110500;Episódico;Episódico;Se manteve;27,4;80,7;616,8;366,3;366,3;7;366,3;São Bento;21;MA;nao metropolitana;amazonia;22,22;Am;46307;10,26;81,08;38,32
2110609;Episódico/Epidêmico;Episódico;Melhorou;27,5;75;437,6;366,3;360,3;5;360,3;São Bernardo;21;MA;nao metropolitana;cerrado;71,05;As;26899;11,43;54,07;29,71
2110658;Episódico;Episódico;Se manteve;26,8;66,9;342;366,3;243;4,7;243;São Domingos Do Azeitão;21;MA;nao metropolitana;cerrado;368,95;Aw;7937;1,19;87,55;49,67
2110708;Episódico/Epidêmico;Episódico;Melhorou;26,7;73,8;401,1;366,3;295;3;295;São Domingos Do Maranhão;21;MA;nao metropolitana;cerrado;224,74;Aw;33837;19,86;91,46;47,61
2110807;Episódico;Episódico;Se manteve;27;66,2;318,3;366,3;235,3;4,7;235,3;São Félix De Balsas;21;MA;nao metropolitana;cerrado;299,27;Aw;4402;0,99;24,58;14,61
2110856;Episódico/Epidêmico;Episódico;Melhorou;26,4;74,9;447,6;366,3;316;2;316;São Francisco Do Brejão;21;MA;nao metropolitana;amazonia;322,88;Aw;8837;9,08;83,27;55,21
2110906;Episódico;Episódico;Se manteve;27,7;66,3;302,2;366,3;235,3;4;235,3;São Francisco Do Maranhão;21;MA;nao metropolitana;cerrado;205,34;Aw;12049;1,16;58,05;24,34
2111003;Episódico;Episódico;Se manteve;27,5;79,9;612,7;366,3;366,3;5;366,3;São João Batista;21;MA;nao metropolitana;amazonia;6,35;Am;18559;23,05;65,75;11,62
2111029;Episódico;Episódico;Se manteve;26,6;79,2;526,8;366,3;365,3;6,3;365,3;São João Do Carú;21;MA;nao metropolitana;amazonia;97,05;Am;12297;1,23;81,87;37,75
2111052;Episódico/Epidêmico;Episódico/Epidêmico;Se manteve;26,8;69,3;465,6;366,3;262;5,3;262;São João Do Paraíso;21;MA;nao metropolitana;cerrado;315,54;Aw;9622;2,51;81,1;39,74
2111078;Episódico;Episódico;Se manteve;26,9;75,4;422,5;366,3;316,7;5;316,7;São João Do Soter;21;MA;nao metropolitana;cerrado;130,43;Aw;16083;2,7;82,77;12,3
2111102;Episódico/Epidêmico;Episódico/Epidêmico;Se manteve;26,6;70,5;398,7;366,3;257,3;5;257,3;São João Dos Patos;21;MA;nao metropolitana;cerrado;305,2;Aw;25452;1,21;93,15;63,11
2111201;Episódico/Epidêmico;Epidêmico;Piorou;27,1;81;753,7;366,3;366,3;11;366,3;São José De Ribamar;21;MA;metropolitana;amazonia;11,38;As;269657;45,72;74,61;81,05
2111250;Episódico;Episódico;Se manteve;27,1;75,4;364,9;366,3;323;4,7;323;São José Dos Basílios;21;MA;nao metropolitana;cerrado;86,61;Aw;6977;1,98;90,1;25,27
2111300;Epidêmico;Epidêmico;Se manteve;27,1;80,9;686,6;366,3;366,3;9;366,3;São Luís;21;MA;metropolitana;amazonia;15,09;Aw;1061374;66,45;83,19;91,16
2111409;Episódico;Episódico;Se manteve;27,3;77,5;473,8;366,3;359;5,3;359;São Luís Gonzaga Do Maranhão;21;MA;nao metropolitana;cerrado;51,89;Aw;17870;8,99;80,72;30,51
2111508;Episódico;Episódico/Epidêmico;Piorou;27,6;77,1;481,4;366,3;360,3;6;360,3;São Mateus Do Maranhão;21;MA;nao metropolitana;cerrado;31,49;Aw;38902;7,49;82,21;60,39
2111532;Episódico/Epidêmico;Episódico;Melhorou;27;76,6;523,1;366,3;341,3;5;341,3;São Pedro Da Água Branca;21;MA;nao metropolitana;amazonia;137,29;Aw;14379;3,98;91,89;67,4
2111573;Episódico/Epidêmico;Episódico/Epidêmico;Se manteve;26,6;68,2;460,2;366,3;252,3;5,7;252,3;São Pedro Dos Crentes;21;MA;nao metropolitana;cerrado;361,78;Aw;5764;0,27;84,25;54,21
2111607;Episódico;Episódico;Se manteve;26,9;66,6;324,1;366,3;236,7;2;236,7;São Raimundo Das Mangabeiras;21;MA;nao metropolitana;cerrado;358,71;Aw;18593;5,54;76,97;69,29
2111631;Episódico;Episódico;Se manteve;26,8;75,4;357;366,3;324;2,3;324;São Raimundo Do Doca Bezerra;21;MA;nao metropolitana;cerrado;188,7;Aw;5646;13,9;77,94;56,31
2111672;Episódico;Episódico;Se manteve;26,8;75,4;357;366,3;324;2,3;324;São Roberto;21;MA;nao metropolitana;cerrado;157,06;Aw;4548;24,31;71,12;46,81
2111706;Episódico;Episódico;Se manteve;27,5;79,9;612,7;366,3;366,3;5;366,3;São Vicente Ferrer;21;MA;nao metropolitana;amazonia;22;Aw;19446;4,34;68,63;10,32
2111722;Episódico;Episódico/Epidêmico;Piorou;27,4;77,6;469,2;366,3;360,7;3,7;360,7;Satubinha;21;MA;nao metropolitana;amazonia;31,49;Aw;8821;4;91,43;14,7
2111748;Episódico;Episódico;Se manteve;26,9;74,4;410,4;366,3;305,7;5;305,7;Senador Alexandre Costa;21;MA;nao metropolitana;cerrado;143,24;Aw;10087;2,25;69,62;26,58
2111763;Episódico;Episódico;Se manteve;26,9;72,9;400,5;366,3;291;3,7;291;Senador La Rocque;21;MA;nao metropolitana;amazonia;248,12;Aw;14688;18,31;94,94;49,07
2111789;Sem transmissão;Sem transmissão;Se manteve;26,6;83,5;693,7;366,3;366,3;7,7;366,3;Serrano Do Maranhão;21;MA;nao metropolitana;amazonia;26,2;As;10194;0,66;76,9;0,55
2111805;Episódico/Epidêmico;Episódico/Epidêmico;Se manteve;26,9;71,7;347,1;366,3;290;2,3;290;Sítio Novo;21;MA;nao metropolitana;cerrado;311,83;Aw;16626;3,56;81,75;30,16
2111904;Episódico;Episódico;Se manteve;26,2;71,5;404,2;366,3;267,7;4,7;267,7;Sucupira Do Norte;21;MA;nao metropolitana;cerrado;319,44;Aw;10247;1,22;77,03;19,59
2111953;Episódico;Episódico/Epidêmico;Piorou;27,2;67,1;319,3;366,3;236,3;3,3;236,3;Sucupira Do Riachão;21;MA;nao metropolitana;cerrado;312,86;Aw;4966;0,91;91,67;0,08
2112001;Episódico/Epidêmico;Episódico/Epidêmico;Se manteve;26,6;64,6;353,8;366,3;228,3;4,3;228,3;Tasso Fragoso;21;MA;nao metropolitana;cerrado;417,23;Aw;8891;1,91;87,14;59,55
2112100;Episódico;Episódico;Se manteve;27;78,4;478,2;366,3;360,7;6,3;360,7;Timbiras;21;MA;nao metropolitana;cerrado;86,32;Aw;26501;14,88;77,92;35,71
2112209;Episódico/Epidêmico;Episódico;Melhorou;27,5;72,5;399,3;366,3;288,7;4,7;288,7;Timon;21;MA;metropolitana;cerrado;140,18;Aw;175044;38,25;89,98;68,39
2112233;Episódico/Epidêmico;Episódico/Epidêmico;Se manteve;27,1;77,3;426,9;366,3;354,3;4,3;354,3;Trizidela Do Vale;21;MA;nao metropolitana;cerrado;56,7;Aw;22438;15,47;92,02;81,52
2112274;Episódico;Episódico;Se manteve;27,5;78,4;503,2;366,3;364,3;6,7;364,3;Tufilândia;21;MA;nao metropolitana;amazonia;27,94;Aw;5502;5,24;95,92;15,95
2112308;Episódico/Epidêmico;Episódico;Melhorou;27;74,8;315,5;366,3;316;1,7;316;Tuntum;21;MA;nao metropolitana;cerrado;194,1;Aw;34411;12,04;87,82;42,5
2112407;Episódico;Episódico;Se manteve;26,6;83,2;778,6;366,3;366,3;11;366,3;Turiaçu;21;MA;nao metropolitana;amazonia;33,97;Am;37522;7,31;49,79;20,28
2112456;Episódico;Episódico;Se manteve;26,7;82,2;656,3;366,3;366,3;9;366,3;Turilândia;21;MA;nao metropolitana;amazonia;25,61;Am;31875;6,42;82,37;37,47
2112506;Episódico/Epidêmico;Episódico;Melhorou;27,3;78,2;548,3;366,3;366,3;8,3;366,3;Tutóia;21;MA;nao metropolitana;cerrado;45,59;As;53346;3,53;76,36;25,94
2112605;Episódico;Episódico;Se manteve;27;78,3;537,1;366,3;366;4,3;366;Urbano Santos;21;MA;nao metropolitana;cerrado;83,28;Aw;32792;19,5;74,57;19,19
2112704;Episódico/Epidêmico;Episódico/Epidêmico;Se manteve;27,5;76,6;493,3;366,3;361,7;7,3;361,7;Vargem Grande;21;MA;nao metropolitana;cerrado;58,13;Aw;48430;20,03;63,03;28,05
2112803;Episódico/Epidêmico;Episódico;Melhorou;27,5;80,3;607,2;366,3;366,3;7,7;366,3;Viana;21;MA;nao metropolitana;amazonia;15,95;Am;51449;29,77;76,31;44
2112852;Episódico;Episódico;Se manteve;27,2;74,3;483,5;366,3;310,3;4,7;310,3;Vila Nova Dos Martírios;21;MA;nao metropolitana;amazonia;198,92;Aw;10138;0,98;88,37;67,77
2112902;Episódico;Episódico/Epidêmico;Piorou;27,6;77,7;527,1;366,3;365;6,7;365;Vitória Do Mearim;21;MA;nao metropolitana;amazonia;13,17;Am;30478;19,27;86,51;54,11
2113009;Episódico/Epidêmico;Episódico;Melhorou;27,1;77,4;445,4;366,3;358,7;5,3;358,7;Vitorino Freire;21;MA;nao metropolitana;amazonia;52,65;Aw;30067;10,83;83,12;42,78
2114007;Episódico/Epidêmico;Episódico;Melhorou;26,9;79,9;544,8;366,3;366;5;366;Zé Doca;21;MA;nao metropolitana;amazonia;72,66;Am;40786;9,68;89,28;58,61
2200053;Episódico;Episódico;Se manteve;26,4;61,3;159,1;366,3;199,3;2,3;199,3;Acauã;22;PI;nao metropolitana;caatinga;471,59;BSh;6422;1,44;25,58;20,09
2200103;Episódico/Epidêmico;Episódico;Melhorou;27,1;70,7;407,6;366,3;265,3;6;265,3;Agricolândia;22;PI;nao metropolitana;cerrado;297,59;Aw;4962;56,04;97,2;42,4
2200202;Episódico/Epidêmico;Episódico/Epidêmico;Se manteve;27,2;69,8;387,1;366,3;260;4,7;260;Água Branca;22;PI;nao metropolitana;cerrado;233,07;Aw;17642;2,12;92,8;87,64
2200251;Episódico/Epidêmico;Episódico/Epidêmico;Se manteve;27,5;59,4;167,7;366,3;185,3;2,3;185,3;Alagoinha Do Piauí;22;PI;nao metropolitana;caatinga;444,92;BSh;6819;7,38;47,65;48,92
2200277;Episódico;Episódico;Se manteve;25,5;63,7;181,5;366,3;221,7;1,7;221,7;Alegrete Do Piauí;22;PI;nao metropolitana;caatinga;486,82;BSh;4571;2,21;89,99;64,18
2200301;Episódico/Epidêmico;Episódico;Melhorou;28,3;66,5;341,4;366,3;239;5,3;239;Alto Longá;22;PI;nao metropolitana;cerrado;163,68;Aw;13185;4,29;90,24;42,59
2200400;Episódico/Epidêmico;Episódico/Epidêmico;Se manteve;27,7;71,2;403;366,3;278;5,3;278;Altos;22;PI;metropolitana;cerrado;172,39;Aw;46826;7,41;84,33;44,71
2200459;Episódico/Epidêmico;Episódico/Epidêmico;Se manteve;26,5;62;262,6;366,3;207,3;2,3;207,3;Alvorada Do Gurguéia;22;PI;nao metropolitana;caatinga;375,75;Aw;5327;1,09;88,17;27,3
2200509;Episódico;Episódico;Se manteve;27,6;66,1;317,1;366,3;233;4,7;233;Amarante;22;PI;nao metropolitana;cerrado;164,11;Aw;17194;9,53;73,7;41,33
2200608;Episódico/Epidêmico;Episódico;Melhorou;27,4;68,4;335,6;366,3;250,3;3,7;250,3;Angical Do Piauí;22;PI;nao metropolitana;cerrado;217,49;Aw;6827;7,9;96,01;60,64
2200707;Episódico;Episódico;Se manteve;26,3;62,8;203,6;366,3;225,3;4;225,3;Anísio De Abreu;22;PI;nao metropolitana;caatinga;490,81;Aw;9401;18,26;57,9;38,67
2200806;Episódico;Episódico/Epidêmico;Piorou;27,1;65,3;292,8;366,3;223,3;3,3;223,3;Antônio Almeida;22;PI;nao metropolitana;cerrado;339,9;Aw;3155;13,38;90,89;67,12
2200905;Episódico;Episódico/Epidêmico;Piorou;28,2;61,8;268,9;366,3;203;3,7;203;Aroazes;22;PI;nao metropolitana;cerrado;246,97;Aw;5369;1,42;78,14;50,18
2200954;Episódico;Episódico;Se manteve;28,2;58;161,6;366,3;173,7;2;173,7;Aroeiras Do Itaim;22;PI;nao metropolitana;caatinga;264,97;BSh;2709;10,47;55,76;10,76
2201002;Episódico;Episódico;Se manteve;28,1;62,2;232,7;366,3;206,7;3,3;206,7;Arraial;22;PI;nao metropolitana;caatinga;189,93;Aw;4519;10,08;75,68;53,12
2201051;Episódico;Episódico;Se manteve;26,4;62,8;231,9;366,3;197,3;2,7;197,3;Assunção Do Piauí;22;PI;nao metropolitana;caatinga;611,51;As;7467;13,46;79,34;31,15
2201101;Episódico;Episódico;Se manteve;26,6;60,5;210,1;366,3;189,3;2,7;189,3;Avelino Lopes;22;PI;nao metropolitana;caatinga;495,11;Aw;10806;1,32;70,09;58,05
2201150;Episódico/Epidêmico;Episódico/Epidêmico;Se manteve;27;64,1;362,3;366,3;224,7;3;224,7;Baixa Grande Do Ribeiro;22;PI;nao metropolitana;cerrado;476,51;Aw;13273;2,18;89,17;58,05
2201176;Episódico;Episódico/Epidêmico;Piorou;27,5;63,7;277,2;366,3;219,7;3,3;219,7;Barra D'alcântara;22;PI;nao metropolitana;cerrado;344,46;Aw;3998;0,76;95,16;53,44
2201200;Episódico/Epidêmico;Episódico;Melhorou;28,3;68,1;463,8;366,3;246,7;7;246,7;Barras;22;PI;nao metropolitana;cerrado;103,01;As;47909;24,57;80,9;40,86
2201309;Episódico;Episódico;Se manteve;26,1;63,7;269,7;366,3;222;2,7;222;Barreiras Do Piauí;22;PI;nao metropolitana;cerrado;468,49;Aw;3271;0,5;90,71;30,02
2201408;Episódico/Epidêmico;Episódico;Melhorou;27,2;69,8;387,1;366,3;260;4,7;260;Barro Duro;22;PI;nao metropolitana;cerrado;197,54;Aw;6641;66;82,24;59,75
2201507;Episódico/Epidêmico;Episódico;Melhorou;28,1;69,7;481;366,3;269,3;8,7;269,3;Batalha;22;PI;nao metropolitana;cerrado;92,88;As;26300;25,65;84,84;34,91
2201556;Episódico;Episódico;Se manteve;27,5;59,4;162,4;366,3;178,7;1,3;178,7;Bela Vista Do Piauí;22;PI;nao metropolitana;caatinga;321,97;BSh;4093;33,44;91,45;41,14
2201572;Episódico;Episódico;Se manteve;27,7;58,7;160,3;366,3;178,7;1,3;178,7;Belém Do Piauí;22;PI;nao metropolitana;caatinga;366,67;BSh;3425;26,91;54,34;46,41
2201606;Episódico/Epidêmico;Episódico/Epidêmico;Se manteve;28,6;63,8;306,5;366,3;213;4;213;Beneditinos;22;PI;metropolitana;cerrado;117,71;Aw;9803;38,54;86,96;55,56
2201705;Episódico;Episódico;Se manteve;27,3;62,4;258,2;366,3;207;3;207;Bertolínia;22;PI;nao metropolitana;cerrado;313,78;Aw;5579;1,24;85,87;22,84
2201739;Episódico;Episódico;Se manteve;26,1;62,2;162,7;366,3;209,7;2,3;209,7;Betânia Do Piauí;22;PI;nao metropolitana;caatinga;476,74;BSh;6222;0,06;6,33;27,93
2201770;Episódico;Episódico;Se manteve;28,3;68,1;463,8;366,3;246,7;7;246,7;Boa Hora;22;PI;nao metropolitana;cerrado;115,27;As;6989;19,94;85,59;7,17
2201804;Episódico;Episódico;Se manteve;27,5;59,4;167,7;366,3;185,3;2,3;185,3;Bocaina;22;PI;nao metropolitana;caatinga;320,95;BSh;4078;23,14;95,81;39,05
2201903;Episódico/Epidêmico;Episódico/Epidêmico;Se manteve;26,7;61,8;232,6;366,3;210,7;1;210,7;Bom Jesus;22;PI;nao metropolitana;cerrado;504,51;Aw;28857;9,42;92,81;70,67
2201919;Sem transmissão;Sem transmissão;Se manteve;27,7;73,7;404,4;366,3;356,7;4,3;356,7;Bom Princípio Do Piauí;22;PI;nao metropolitana;caatinga;61,84;As;5636;20,86;83,9;33,23
2201929;Episódico;Episódico;Se manteve;26,1;63;214,4;366,3;222;4;222;Bonfim Do Piauí;22;PI;nao metropolitana;caatinga;438,01;BSh;5918;4,15;17,78;26,81
2201945;Episódico;Sem transmissão;Melhorou;28,2;65,3;428,8;366,3;221;7,3;221;Boqueirão Do Piauí;22;PI;nao metropolitana;cerrado;123,57;As;6594;9,05;88,09;28,16
2201960;Episódico/Epidêmico;Episódico;Melhorou;27,7;65,5;459;366,3;215;9,7;215;Brasileira;22;PI;nao metropolitana;cerrado;137,56;As;8438;26,87;82,59;41,3
2201988;Sem transmissão;Sem transmissão;Se manteve;27,3;60,3;209,4;366,3;195;3;195;Brejo Do Piauí;22;PI;nao metropolitana;caatinga;391,65;Aw;3899;0;59,2;37,76
2202000;Episódico;Episódico;Se manteve;27,6;71,5;459,9;366,3;313,3;6,3;313,3;Buriti Dos Lopes;22;PI;nao metropolitana;cerrado;52,2;As;19545;32,07;78,48;39,92
2202026;Episódico/Epidêmico;Episódico/Epidêmico;Se manteve;26,6;63,1;244,1;366,3;190,7;3,3;190,7;Buriti Dos Montes;22;PI;nao metropolitana;caatinga;391,76;As;7440;42,7;83,66;28,7
2202059;Episódico;Sem transmissão;Melhorou;28,4;66,5;414,5;366,3;229,7;5;229,7;Cabeceiras Do Piauí;22;PI;nao metropolitana;cerrado;110,73;As;10001;32,32;83,88;16,39
2202075;Episódico;Episódico;Se manteve;28,1;62,6;251,3;366,3;207,3;3,3;207,3;Cajazeiras Do Piauí;22;PI;nao metropolitana;caatinga;173,63;Aw;3113;46,88;85,59;33,44
2202083;Episódico/Epidêmico;Episódico/Epidêmico;Se manteve;27,6;73;336,2;366,3;355;2,7;355;Cajueiro Da Praia;22;PI;nao metropolitana;caatinga;12,66;As;7963;14,18;62,23;45,57
2202091;Episódico;Sem transmissão;Melhorou;26,8;60,7;171,6;366,3;196;2;196;Caldeirão Grande Do Piauí;22;PI;nao metropolitana;caatinga;652,91;BSh;5503;0,12;7;31,54
2202109;Episódico;Episódico;Se manteve;28,3;58,5;185,5;366,3;177,3;2;177,3;Campinas Do Piauí;22;PI;nao metropolitana;caatinga;268,68;BSh;4948;1,22;51,37;34,67
2202117;Episódico;Episódico;Se manteve;26,6;61;180,9;366,3;198;2,7;198;Campo Alegre Do Fidalgo;22;PI;nao metropolitana;caatinga;380,78;BSh;4605;0,16;34,66;26,23
2202133;Episódico/Epidêmico;Episódico;Melhorou;26,8;60,7;171,6;366,3;196;2;196;Campo Grande Do Piauí;22;PI;nao metropolitana;caatinga;388,07;BSh;6011;12,81;43,53;39,43
2202174;Episódico;Sem transmissão;Melhorou;27,6;74,6;467,9;366,3;353,7;5,3;353,7;Campo Largo Do Piauí;22;PI;nao metropolitana;cerrado;84,29;Aw;7422;0,89;73,7;15,03
2202208;Episódico/Epidêmico;Episódico/Epidêmico;Se manteve;28,1;68,2;404,1;366,3;251;6;251;Campo Maior;22;PI;nao metropolitana;cerrado;147,29;As;45252;29,28;91,85;71,79
2202251;Sem transmissão;Sem transmissão;Se manteve;27,5;62,3;259,8;366,3;207,7;3,7;207,7;Canavieira;22;PI;nao metropolitana;caatinga;260,39;Aw;3409;9,92;78,7;22,5
2202307;Episódico/Epidêmico;Episódico/Epidêmico;Se manteve;27;61,5;238,2;366,3;201,7;4,3;201,7;Canto Do Buriti;22;PI;nao metropolitana;caatinga;453,61;Aw;19355;2,99;66,95;53,64
2202406;Episódico/Epidêmico;Episódico;Melhorou;28,1;66,8;485,7;366,3;232,3;8;232,3;Capitão De Campos;22;PI;nao metropolitana;cerrado;176,55;As;11108;7,74;76,15;32,2
2202455;Episódico;Episódico;Se manteve;26,6;61;180,9;366,3;198;2,7;198;Capitão Gervásio Oliveira;22;PI;nao metropolitana;caatinga;354,66;BSh;3974;4,55;47,02;30,77
2202505;Episódico;Sem transmissão;Melhorou;25,7;63,4;235,9;366,3;227,3;1,3;227,3;Caracol;22;PI;nao metropolitana;caatinga;602,06;Aw;10326;35,87;39,41;30,04
2202539;Episódico;Episódico;Se manteve;27,8;69,1;442,6;366,3;258;7,3;258;Caraúbas Do Piauí;22;PI;nao metropolitana;cerrado;66,05;As;5626;28,15;66,49;24,91
2202554;Episódico;Episódico;Se manteve;26,6;61,2;170,5;366,3;202,7;2;202,7;Caridade Do Piauí;22;PI;nao metropolitana;caatinga;401,25;BSh;5040;0,08;48,93;33,52
2202604;Episódico/Epidêmico;Episódico;Melhorou;28,3;61,4;279,4;366,3;187,3;3,7;187,3;Castelo Do Piauí;22;PI;nao metropolitana;cerrado;262,19;As;19266;17,62;83,74;60,48
2202653;Episódico;Episódico;Se manteve;28;72,1;464,9;366,3;324,7;6,7;324,7;Caxingó;22;PI;nao metropolitana;cerrado;52,87;As;5497;28,57;55,96;22,97
2202703;Episódico/Epidêmico;Episódico/Epidêmico;Se manteve;26,8;70;442,4;366,3;277;8,7;277;Cocal;22;PI;nao metropolitana;caatinga;183,27;As;28121;0,68;58,34;39,02
2202711;Episódico/Epidêmico;Episódico;Melhorou;28,4;66,5;414,5;366,3;229,7;5;229,7;Cocal De Telha;22;PI;nao metropolitana;cerrado;148,25;As;4927;33,96;87,65;45,93
2202729;Episódico/Epidêmico;Episódico;Melhorou;27,8;69,1;442,6;366,3;258;7,3;258;Cocal Dos Alves;22;PI;nao metropolitana;caatinga;230,05;As;6362;12,03;77,36;12,29
2202737;Episódico/Epidêmico;Episódico;Melhorou;28,1;68;380,3;366,3;248,3;5,3;248,3;Coivaras;22;PI;metropolitana;cerrado;174,22;Aw;4110;5,23;89,55;23,25
2202752;Episódico;Episódico;Se manteve;26,8;61,8;245,6;366,3;205,7;2;205,7;Colônia Do Gurguéia;22;PI;nao metropolitana;caatinga;306,57;Aw;6157;1,83;95,39;43,06
2202778;Episódico;Episódico;Se manteve;28,1;61,1;207,3;366,3;200;2,3;200;Colônia Do Piauí;22;PI;nao metropolitana;caatinga;253,09;Aw;6991;0,9;93,47;32,6
2202802;Episódico;Episódico;Se manteve;27,4;59,2;154;366,3;177,3;1,7;177,3;Conceição Do Canindé;22;PI;nao metropolitana;caatinga;319,27;BSh;4943;51,56;63,54;51,18
2202851;Episódico;Episódico;Se manteve;26,5;61,9;218,5;366,3;207,7;3;207,7;Coronel José Dias;22;PI;nao metropolitana;caatinga;411,36;BSh;4243;19,57;34,14;37,32
2202901;Episódico/Epidêmico;Episódico/Epidêmico;Se manteve;26;63,3;285,1;366,3;216,7;3,7;216,7;Corrente;22;PI;nao metropolitana;cerrado;535,84;Aw;27419;12,89;78,25;60,57
2203008;Episódico;Episódico;Se manteve;25,9;63,5;283,5;366,3;215,3;3,3;215,3;Cristalândia Do Piauí;22;PI;nao metropolitana;cerrado;554,74;Aw;7369;1,29;80,58;37,36
2203107;Episódico/Epidêmico;Episódico/Epidêmico;Se manteve;26,6;62,3;242,6;366,3;214,3;2,3;214,3;Cristino Castro;22;PI;nao metropolitana;cerrado;381,01;Aw;10509;1,91;89,41;57,79
2203206;Episódico/Epidêmico;Episódico/Epidêmico;Se manteve;27;60,5;217,4;366,3;190;1,7;190;Curimatá;22;PI;nao metropolitana;caatinga;447,77;Aw;11044;5,01;84,27;55,65
2203230;Episódico;Sem transmissão;Melhorou;26,3;62,6;266,7;366,3;215,7;3,7;215,7;Currais;22;PI;nao metropolitana;cerrado;482,37;Aw;4832;0,44;78,16;17,24
2203255;Episódico;Episódico;Se manteve;27,1;71,9;424,2;366,3;274;6,7;274;Curralinhos;22;PI;metropolitana;cerrado;180,2;Aw;4396;41,92;95,83;17,33
2203271;Episódico;Episódico;Se manteve;27,5;59,2;158;366,3;182,3;2,3;182,3;Curral Novo Do Piauí;22;PI;nao metropolitana;caatinga;510,24;BSh;5073;0,5;39,76;36,78
2203305;Episódico/Epidêmico;Episódico/Epidêmico;Se manteve;27,4;72;387,9;366,3;278;5;278;Demerval Lobão;22;PI;metropolitana;cerrado;112,56;Aw;16359;2,3;90,24;60,49
2203354;Episódico;Episódico;Se manteve;26,5;62,3;197,5;366,3;215;3,7;215;Dirceu Arcoverde;22;PI;nao metropolitana;caatinga;443,83;BSh;7061;0,76;39,17;26,2
2203404;Episódico;Episódico;Se manteve;27,2;61,7;223,6;366,3;203,7;2;203,7;Dom Expedito Lopes;22;PI;nao metropolitana;caatinga;454,57;As;6315;3,59;92,3;83,35
2203420;Episódico;Episódico;Se manteve;26;67,1;336;366,3;234,7;6;234,7;Domingos Mourão;22;PI;nao metropolitana;caatinga;236,68;As;4071;44,33;69,09;33,73
2203453;Episódico/Epidêmico;Episódico/Epidêmico;Se manteve;27;60,3;208,5;366,3;186;2,7;186;Dom Inocêncio;22;PI;nao metropolitana;caatinga;405,14;BSh;9036;6,45;21,51;22,09
2203503;Episódico/Epidêmico;Episódico;Melhorou;28,1;63,1;276,7;366,3;215,3;3,7;215,3;Elesbão Veloso;22;PI;nao metropolitana;cerrado;232,67;Aw;13574;54,26;91,88;67
2203602;Episódico;Episódico;Se manteve;26,9;62,4;229;366,3;206;2,7;206;Eliseu Martins;22;PI;nao metropolitana;caatinga;324,75;Aw;4377;37;90,96;71,67
2203701;Episódico/Epidêmico;Episódico/Epidêmico;Se manteve;28,1;70,8;433,6;366,3;290,7;6,7;290,7;Esperantina;22;PI;nao metropolitana;cerrado;84,36;Aw;40968;4,07;82,34;53,7
2203750;Episódico;Episódico;Se manteve;26,4;63,1;204,2;366,3;227,3;3;227,3;Fartura Do Piauí;22;PI;nao metropolitana;caatinga;447,66;BSh;5284;1,59;28,11;18,33
2203800;Episódico;Episódico;Se manteve;27,1;61,8;258,8;366,3;202,3;3,7;202,3;Flores Do Piauí;22;PI;nao metropolitana;caatinga;326,69;Aw;4415;33,62;72,92;58,23
2203859;Episódico;Sem transmissão;Melhorou;28,3;58,1;178,8;366,3;171,7;3;171,7;Floresta Do Piauí;22;PI;nao metropolitana;caatinga;258,47;BSh;2334;1,48;73,86;37,47
2203909;Episódico/Epidêmico;Episódico/Epidêmico;Se manteve;27,9;64;280,1;366,3;216;3;216;Floriano;22;PI;nao metropolitana;cerrado;211,47;Aw;62593;33,07;92,3;81,3
2204006;Episódico;Sem transmissão;Melhorou;27,5;63,7;277,2;366,3;219,7;3,3;219,7;Francinópolis;22;PI;nao metropolitana;cerrado;297,64;Aw;4506;0,85;90,14;67,62
2204105;Episódico/Epidêmico;Episódico;Melhorou;28;63,9;279,4;366,3;218,7;3,7;218,7;Francisco Ayres;22;PI;nao metropolitana;caatinga;181,26;Aw;4407;30,61;82,77;48,6
2204154;Episódico;Episódico/Epidêmico;Piorou;26,8;60,7;171,6;366,3;196;2;196;Francisco Macedo;22;PI;nao metropolitana;caatinga;458,42;BSh;2921;2,29;41,86;40,84
2204204;Episódico;Episódico;Se manteve;26,9;61,1;191,7;366,3;197,7;2,3;197,7;Francisco Santos;22;PI;nao metropolitana;caatinga;399,62;BSh;8257;8,1;63;51,91
2204303;Episódico/Epidêmico;Episódico;Melhorou;26;62,3;162,5;366,3;204;2;204;Fronteiras;22;PI;nao metropolitana;caatinga;517,51;BSh;10293;44,53;71,04;58,48
2204352;Episódico;Episódico;Se manteve;27,7;58,7;160,3;366,3;178,7;1,3;178,7;Geminiano;22;PI;nao metropolitana;caatinga;306,6;BSh;5447;8,05;60,75;41,37
2204402;Episódico/Epidêmico;Episódico;Melhorou;26,1;63,7;269,7;366,3;222;2,7;222;Gilbués;22;PI;nao metropolitana;cerrado;467,09;Aw;10926;3,37;81,54;41,95
2204501;Episódico/Epidêmico;Episódico;Melhorou;27,6;65,4;293,1;366,3;223,7;3,3;223,7;Guadalupe;22;PI;nao metropolitana;cerrado;200,44;Aw;10305;29,77;94,02;85,37
2204550;Episódico;Episódico/Epidêmico;Piorou;25,7;63,2;247,3;366,3;221,3;3;221,3;Guaribas;22;PI;nao metropolitana;caatinga;560,9;Aw;4281;30,6;54,76;26,03
2204600;Episódico;Episódico;Se manteve;27,6;66;312,1;366,3;235;4;235;Hugo Napoleão;22;PI;nao metropolitana;cerrado;224,86;Aw;3526;44,3;82,21;73,22
2204659;Episódico;Episódico/Epidêmico;Piorou;27,5;77,3;491,9;366,3;366,3;8;366,3;Ilha Grande;22;PI;nao metropolitana;caatinga;4,27;As;9207;5,05;86,86;61,64
2204709;Episódico/Epidêmico;Episódico;Melhorou;27;62,6;249,7;366,3;210,3;2,3;210,3;Inhuma;22;PI;nao metropolitana;caatinga;466,21;As;14803;5,2;83,49;55,31
2204808;Episódico/Epidêmico;Episódico/Epidêmico;Se manteve;27,3;62,6;248,1;366,3;211,3;3;211,3;Ipiranga Do Piauí;22;PI;nao metropolitana;caatinga;444,61;As;9275;1,79;86,32;59,11
2204907;Episódico;Episódico;Se manteve;28,3;58,1;178,8;366,3;171,7;3;171,7;Isaías Coelho;22;PI;nao metropolitana;caatinga;296,82;Aw;7782;2,14;40,99;29,73
2205003;Episódico;Episódico/Epidêmico;Piorou;28,2;58;161,6;366,3;173,7;2;173,7;Itainópolis;22;PI;nao metropolitana;caatinga;278,11;BSh;10614;5,9;57,98;24,3
2205102;Episódico;Episódico;Se manteve;27,4;61,8;268,8;366,3;200,3;3,7;200,3;Itaueira;22;PI;nao metropolitana;cerrado;314,91;Aw;9939;17,39;84,93;54,91
2205151;Episódico;Episódico;Se manteve;27,5;59,2;158;366,3;182,3;2,3;182,3;Jacobina Do Piauí;22;PI;nao metropolitana;caatinga;335,87;BSh;5630;14,61;45,58;29,84
2205201;Episódico/Epidêmico;Episódico/Epidêmico;Se manteve;28,2;58;161,6;366,3;173,7;2;173,7;Jaicós;22;PI;nao metropolitana;caatinga;337,3;BSh;17408;7,43;60,3;45,95
2205250;Episódico;Episódico;Se manteve;27,4;68,4;335,6;366,3;250,3;3,7;250,3;Jardim Do Mulato;22;PI;nao metropolitana;cerrado;248,29;Aw;4178;0,4;96,6;22,04
2205276;Episódico;Episódico;Se manteve;28,3;63,9;356,2;366,3;211,7;5;211,7;Jatobá Do Piauí;22;PI;nao metropolitana;cerrado;177,17;As;4495;11,63;83,91;19,55
2205300;Episódico;Episódico;Se manteve;27,7;63,6;272,2;366,3;211,7;3;211,7;Jerumenha;22;PI;nao metropolitana;cerrado;215,34;Aw;4435;37,79;96,51;20,84
2205359;Episódico;Episódico;Se manteve;26,7;61,5;220,9;366,3;203,3;4;203,3;João Costa;22;PI;nao metropolitana;caatinga;403,93;BSh;2971;18,53;34,6;15,1
2205409;Episódico;Episódico;Se manteve;27,9;73,1;419;366,3;342,3;6;342,3;Joaquim Pires;22;PI;nao metropolitana;cerrado;50,73;As;13893;10,12;83,29;31,16
2205458;Episódico;Sem transmissão;Melhorou;27,7;74,3;432,7;366,3;354,7;6;354,7;Joca Marques;22;PI;nao metropolitana;cerrado;58,39;As;5390;6,63;69,67;28,83
2205508;Episódico/Epidêmico;Episódico/Epidêmico;Se manteve;27,7;71,5;438;366,3;285,7;5,3;285,7;José De Freitas;22;PI;metropolitana;cerrado;122,15;Aw;42575;39,77;81,54;26,83
2205516;Episódico;Episódico;Se manteve;28,3;61,6;292,9;366,3;187,7;4;187,7;Juazeiro Do Piauí;22;PI;nao metropolitana;cerrado;228,57;As;5215;23,53;75,73;23,86
2205524;Episódico/Epidêmico;Episódico;Melhorou;26,5;61,5;241,8;366,3;198,7;1,3;198,7;Júlio Borges;22;PI;nao metropolitana;caatinga;545,78;Aw;5388;5,15;50,04;27,37
2205532;Episódico/Epidêmico;Episódico/Epidêmico;Se manteve;25,7;63,6;230,6;366,3;225,7;3,7;225,7;Jurema;22;PI;nao metropolitana;caatinga;549,57;Aw;4426;15,4;58,97;33,33
2205540;Episódico;Episódico;Se manteve;27,2;69,8;387,1;366,3;260;4,7;260;Lagoinha Do Piauí;22;PI;nao metropolitana;cerrado;255,72;Aw;2934;2,33;99,49;59,22
2205557;Episódico;Episódico;Se manteve;27,6;73,5;456,4;366,3;316;6,7;316;Lagoa Alegre;22;PI;metropolitana;cerrado;117,87;Aw;8263;41,78;77,43;16,35
2205565;Episódico;Episódico;Se manteve;26,3;61,7;166,8;366,3;204,7;1,7;204,7;Lagoa Do Barro Do Piauí;22;PI;nao metropolitana;caatinga;444,65;BSh;4997;0,69;24,5;19,01
2205573;Episódico/Epidêmico;Episódico/Epidêmico;Se manteve;27,3;63,5;320,6;366,3;198,3;6,3;198,3;Lagoa De São Francisco;22;PI;nao metropolitana;caatinga;354,42;As;6329;3,07;42,81;19,02
2205581;Episódico;Episódico;Se manteve;27,8;69,8;367,9;366,3;267;5,3;267;Lagoa Do Piauí;22;PI;metropolitana;cerrado;139,54;Aw;4805;0,66;70,43;38,79
2205599;Episódico;Episódico;Se manteve;27;62,6;249,7;366,3;210,3;2,3;210,3;Lagoa Do Sítio;22;PI;nao metropolitana;caatinga;464,65;As;4529;7,94;87,88;29,3
2205607;Episódico;Episódico/Epidêmico;Piorou;26,9;64,1;315,6;366,3;214,7;3;214,7;Landri Sales;22;PI;nao metropolitana;cerrado;328,46;Aw;5315;2,86;93,71;55,04
2205706;Episódico/Epidêmico;Episódico/Epidêmico;Se manteve;27,5;77;456,7;366,3;366,3;6,7;366,3;Luís Correia;22;PI;nao metropolitana;caatinga;39,76;As;30701;16,41;64,22;34,9
2205805;Episódico;Episódico;Se manteve;28,1;71,6;414,5;366,3;317,7;5,3;317,7;Luzilândia;22;PI;nao metropolitana;cerrado;58,38;Aw;25382;15,66;69,34;46,04
2205854;Episódico;Episódico;Se manteve;27,7;74,3;432,7;366,3;354,7;6;354,7;Madeiro;22;PI;nao metropolitana;cerrado;56,66;Aw;8046;32,95;78,87;24,57
2205904;Episódico;Episódico;Se manteve;26,5;62,9;254,7;366,3;209,3;1,7;209,3;Manoel Emídio;22;PI;nao metropolitana;cerrado;404,95;Aw;5212;0,57;83,44;47,95
2205953;Episódico;Episódico;Se manteve;25,5;63,7;181,5;366,3;221,7;1,7;221,7;Marcolândia;22;PI;nao metropolitana;caatinga;658,62;BSh;8541;0,23;0,5;81,38
2206001;Episódico/Epidêmico;Episódico/Epidêmico;Se manteve;27,1;65,3;292,8;366,3;223,3;3,3;223,3;Marcos Parente;22;PI;nao metropolitana;cerrado;287,65;Aw;4729;4,45;96,59;78,22
2206050;Episódico;Episódico;Se manteve;26,6;61,2;170,5;366,3;202,7;2;202,7;Massapê Do Piauí;22;PI;nao metropolitana;caatinga;302,68;BSh;5233;0,12;32,14;18,63
2206100;Episódico/Epidêmico;Episódico;Melhorou;27,8;72,9;480,7;366,3;332,7;7;332,7;Matias Olímpio;22;PI;nao metropolitana;cerrado;74,1;Aw;10712;17,36;67,89;33,57
2206209;Episódico/Epidêmico;Episódico/Epidêmico;Se manteve;27,6;74,4;477,6;366,3;347,3;7,3;347,3;Miguel Alves;22;PI;nao metropolitana;cerrado;81,96;Aw;32151;10,49;74,71;16,76
2206308;Episódico/Epidêmico;Episódico/Epidêmico;Se manteve;27,5;69,6;384,1;366,3;264,3;5;264,3;Miguel Leão;22;PI;metropolitana;cerrado;266,55;Aw;1318;0,3;83,9;39,21
2206357;Episódico/Epidêmico;Episódico/Epidêmico;Se manteve;27,3;63,5;320,6;366,3;198,3;6,3;198,3;Milton Brandão;22;PI;nao metropolitana;caatinga;317,14;As;6543;2,22;69,92;24,01
2206407;Episódico/Epidêmico;Episódico/Epidêmico;Se manteve;27,5;69,6;384,1;366,3;264,3;5;264,3;Monsenhor Gil;22;PI;metropolitana;cerrado;195,2;Aw;10260;25,23;87,8;43,94
2206506;Episódico/Epidêmico;Episódico;Melhorou;26,8;60,5;166,6;366,3;194;2,3;194;Monsenhor Hipólito;22;PI;nao metropolitana;caatinga;466,62;BSh;7550;24,39;61,07;47,66
2206605;Episódico;Episódico;Se manteve;26,1;63,7;269,7;366,3;222;2,7;222;Monte Alegre Do Piauí;22;PI;nao metropolitana;cerrado;444,03;Aw;10683;2,23;88,93;26,39
2206654;Episódico;Episódico/Epidêmico;Piorou;25,9;62,7;272,6;366,3;214,3;3,3;214,3;Morro Cabeça No Tempo;22;PI;nao metropolitana;caatinga;520,85;Aw;4361;2,85;65,28;39,82
2206670;Episódico/Epidêmico;Episódico;Melhorou;28,1;70,8;433,6;366,3;290,7;6,7;290,7;Morro Do Chapéu Do Piauí;22;PI;nao metropolitana;cerrado;79,5;Aw;6422;35,82;86,09;28,95
2206696;Episódico;Episódico;Se manteve;27,9;73,2;444;366,3;343;4,7;343;Murici Dos Portelas;22;PI;nao metropolitana;cerrado;46,31;As;9841;10,15;58,32;16,3
2206704;Episódico;Episódico;Se manteve;28,1;62,6;251,3;366,3;207,3;3,3;207,3;Nazaré Do Piauí;22;PI;nao metropolitana;cerrado;212,05;Aw;6660;1,71;69,44;29,12
2206720;Episódico;Episódico;Se manteve;27,4;72;387,9;366,3;278;5;278;Nazária;22;PI;metropolitana;cerrado;74;Aw;10278;25,53;81,09;38,38
2206753;Episódico;Episódico;Se manteve;28,4;66,5;414,5;366,3;229,7;5;229,7;Nossa Senhora De Nazaré;22;PI;nao metropolitana;cerrado;117,09;As;5195;23,07;83,1;18,61
2206803;Episódico/Epidêmico;Episódico/Epidêmico;Se manteve;27,8;72,3;524,4;366,3;309,3;8,7;309,3;Nossa Senhora Dos Remédios;22;PI;nao metropolitana;cerrado;87,41;Aw;8523;39,34;70,3;24,81
2206902;Episódico/Epidêmico;Episódico/Epidêmico;Se manteve;27,8;62,1;261,5;366,3;206,3;3,3;206,3;Novo Oriente Do Piauí;22;PI;nao metropolitana;cerrado;324,64;Aw;6081;14,36;76,59;51,57
2206951;Episódico;Episódico;Se manteve;28,5;64,2;322;366,3;217,7;4,3;217,7;Novo Santo Antônio;22;PI;nao metropolitana;cerrado;170,73;As;2820;4,49;65,39;29,24
2207009;Episódico/Epidêmico;Episódico/Epidêmico;Se manteve;28,3;61,3;213,5;366,3;199,7;2,3;199,7;Oeiras;22;PI;nao metropolitana;caatinga;238,48;Aw;38192;20,93;75,83;54,4
2207108;Episódico;Episódico;Se manteve;27,2;69,8;387,1;366,3;260;4,7;260;Olho D'água Do Piauí;22;PI;nao metropolitana;cerrado;245,28;Aw;2646;62,83;93,65;30,29
2207207;Episódico;Episódico;Se manteve;27,7;58,7;160,3;366,3;178,7;1,3;178,7;Padre Marcos;22;PI;nao metropolitana;caatinga;395,59;BSh;6379;19,48;58,79;43,35
2207306;Episódico;Episódico;Se manteve;28;59,9;216,5;366,3;190,3;3;190,3;Paes Landim;22;PI;nao metropolitana;caatinga;259,37;BSh;4100;8,52;67,19;62,93
2207355;Episódico;Episódico;Se manteve;27,5;61,3;249;366,3;199,3;4;199,3;Pajeú Do Piauí;22;PI;nao metropolitana;caatinga;328,37;Aw;3001;22,45;65,79;44,12
2207405;Episódico;Episódico;Se manteve;26,8;62,3;233,3;366,3;214,3;2;214,3;Palmeira Do Piauí;22;PI;nao metropolitana;cerrado;470,08;Aw;4954;12,97;88,32;25,73
2207504;Episódico;Episódico;Se manteve;27,4;68,4;335,6;366,3;250,3;3,7;250,3;Palmeirais;22;PI;nao metropolitana;cerrado;170,31;Aw;13156;13,12;83,25;35,6
2207553;Episódico;Episódico/Epidêmico;Piorou;27,9;60,6;203,7;366,3;199,7;2,3;199,7;Paquetá;22;PI;nao metropolitana;caatinga;299,15;As;3818;31,08;64,55;19,95
2207603;Episódico/Epidêmico;Episódico/Epidêmico;Se manteve;26,8;62;232,4;366,3;206;1,3;206;Parnaguá;22;PI;nao metropolitana;caatinga;453,41;Aw;9429;3,28;71,44;36,71
2207702;Epidêmico;Epidêmico;Se manteve;27,7;73,7;404,4;366,3;356,7;4,3;356,7;Parnaíba;22;PI;nao metropolitana;caatinga;19,61;As;163087;24,27;93,81;84,54
2207751;Episódico;Episódico;Se manteve;27,2;69,8;387,1;366,3;260;4,7;260;Passagem Franca Do Piauí;22;PI;nao metropolitana;cerrado;186,8;Aw;4144;9,08;76,62;46,13
2207777;Episódico/Epidêmico;Episódico;Melhorou;27,7;58,8;158,6;366,3;178,7;2;178,7;Patos Do Piauí;22;PI;nao metropolitana;caatinga;311,42;BSh;5425;19,49;63,64;30,17
2207793;Episódico;Episódico;Se manteve;27,8;69,8;367,9;366,3;267;5,3;267;Pau D'arco Do Piauí;22;PI;nao metropolitana;cerrado;129,44;Aw;3879;6,21;77,2;0,29
2207801;Episódico/Epidêmico;Episódico;Melhorou;27,2;59,5;153,8;366,3;183,3;2;183,3;Paulistana;22;PI;nao metropolitana;caatinga;386,74;BSh;21080;1,03;61,66;51,7
2207850;Episódico;Episódico;Se manteve;27,1;61,8;258,8;366,3;202,3;3,7;202,3;Pavussu;22;PI;nao metropolitana;caatinga;408,95;Aw;3620;13,9;65,41;47,17
2207900;Episódico/Epidêmico;Episódico/Epidêmico;Se manteve;27,2;65,1;396,3;366,3;206;7,7;206;Pedro Ii;22;PI;nao metropolitana;caatinga;427,69;As;37945;9,4;74,33;58,29
2207934;Episódico;Episódico;Se manteve;27,9;59,6;206,4;366,3;188,3;3;188,3;Pedro Laurentino;22;PI;nao metropolitana;caatinga;298,96;BSh;2458;2,75;88,1;36,03
2207959;Sem transmissão;Episódico;Piorou;27,8;59,6;192,9;366,3;184;2,3;184;Nova Santa Rita;22;PI;nao metropolitana;caatinga;325,66;BSh;4059;46,92;52,55;19,99
2208007;Epidêmico;Episódico/Epidêmico;Melhorou;27,9;59,7;184,1;366,3;191;1,7;191;Picos;22;PI;nao metropolitana;caatinga;322,02;BSh;82028;40,52;89,39;91,51
2208106;Episódico/Epidêmico;Episódico;Melhorou;27,3;61,4;221;366,3;193,7;1,7;193,7;Pimenteiras;22;PI;nao metropolitana;caatinga;520,7;As;11172;5,21;73,84;39,82
2208205;Episódico/Epidêmico;Episódico/Epidêmico;Se manteve;26;62,8;158,8;366,3;205,7;2;205,7;Pio Ix;22;PI;nao metropolitana;caatinga;578,04;BSh;17586;16,34;45,3;35,88
2208304;Episódico/Epidêmico;Episódico/Epidêmico;Se manteve;28,3;66,8;374,7;366,3;230,3;5,7;230,3;Piracuruca;22;PI;nao metropolitana;cerrado;118,42;As;28906;10,04;79,11;59,11
2208403;Episódico/Epidêmico;Episódico/Epidêmico;Se manteve;28,1;66,8;485,7;366,3;232,3;8;232,3;Piripiri;22;PI;nao metropolitana;cerrado;185,04;As;65762;19,23;84,08;67,42
2208502;Episódico;Sem transmissão;Melhorou;27,7;73,9;486,6;366,3;349;6,3;349;Porto;22;PI;nao metropolitana;cerrado;56,43;Aw;12122;35,05;69,69;37,63
2208551;Episódico;Episódico;Se manteve;27,2;66,8;283,2;366,3;237;3,7;237;Porto Alegre Do Piauí;22;PI;nao metropolitana;cerrado;260,08;Aw;2342;0,45;91,05;64,38
2208601;Episódico;Episódico;Se manteve;28,6;63,8;306,5;366,3;213;4;213;Prata Do Piauí;22;PI;nao metropolitana;cerrado;134,13;Aw;3042;15,11;84,22;74,63
2208650;Episódico;Episódico;Se manteve;26,6;61;180,9;366,3;198;2,7;198;Queimada Nova;22;PI;nao metropolitana;caatinga;478,66;BSh;8734;1,69;15,52;16,16
2208700;Episódico;Episódico;Se manteve;26,5;62,4;286,7;366,3;210,3;2;210,3;Redenção Do Gurguéia;22;PI;nao metropolitana;cerrado;440,81;Aw;8393;40,04;87,75;37,45
2208809;Episódico/Epidêmico;Episódico;Melhorou;27,3;68,4;349,4;366,3;250;4,7;250;Regeneração;22;PI;nao metropolitana;cerrado;280,29;Aw;17108;15,14;61,21;59,86
2208858;Episódico;Episódico;Se manteve;26;63,4;278,1;366,3;220,3;2,3;220,3;Riacho Frio;22;PI;nao metropolitana;cerrado;416,46;Aw;4112;3,48;76,53;49,95
2208874;Episódico;Episódico;Se manteve;28;61;238,8;366,3;196;3,7;196;Ribeira Do Piauí;22;PI;nao metropolitana;caatinga;234,47;BSh;4043;10,13;85,67;31,96
2208908;Episódico/Epidêmico;Episódico/Epidêmico;Se manteve;27,2;64,4;353,8;366,3;224;2,7;224;Ribeiro Gonçalves;22;PI;nao metropolitana;cerrado;389,28;Aw;6164;10,41;77,77;54,26
2209005;Episódico;Episódico;Se manteve;27;62,5;270,9;366,3;207,3;3,3;207,3;Rio Grande Do Piauí;22;PI;nao metropolitana;caatinga;358,14;Aw;5789;66,68;66,9;61,85
2209104;Episódico;Episódico;Se manteve;28,3;58,4;172,9;366,3;177,7;2;177,7;Santa Cruz Do Piauí;22;PI;nao metropolitana;caatinga;260,11;As;5834;26,3;91,67;64,46
2209153;Episódico;Episódico;Se manteve;28,4;63,6;296,2;366,3;216,3;2,7;216,3;Santa Cruz Dos Milagres;22;PI;nao metropolitana;cerrado;198,86;Aw;3432;3,53;93,23;62,83
2209203;Episódico;Episódico;Se manteve;26,6;64,9;329;366,3;231,3;2;231,3;Santa Filomena;22;PI;nao metropolitana;cerrado;435,02;Aw;6084;34,86;53,04;30,55
2209302;Episódico;Episódico;Se manteve;26,8;61,9;236,8;366,3;211,7;2,3;211,7;Santa Luz;22;PI;nao metropolitana;cerrado;431,95;Aw;5339;0,61;73,66;39,13
2209351;Episódico;Episódico;Se manteve;27,9;59,1;169;366,3;184,3;1,7;184,3;Santana Do Piauí;22;PI;nao metropolitana;caatinga;451,33;As;4124;4,93;95,77;42,31
2209377;Episódico;Episódico;Se manteve;28,1;62,2;232,7;366,3;206,7;3,3;206,7;Santa Rosa Do Piauí;22;PI;nao metropolitana;caatinga;191,35;Aw;4645;19,89;76,22;70,41
2209401;Episódico;Episódico;Se manteve;26,9;61,1;191,7;366,3;197,7;2,3;197,7;Santo Antônio De Lisboa;22;PI;nao metropolitana;caatinga;381,49;BSh;5842;10,19;84,35;58,61
2209450;Episódico;Episódico;Se manteve;27,4;68,4;335,6;366,3;250,3;3,7;250,3;Santo Antônio Dos Milagres;22;PI;nao metropolitana;cerrado;236,89;Aw;2141;5,27;38,42;22,6
2209500;Episódico;Episódico;Se manteve;28,3;59,1;185,7;366,3;186,7;1,7;186,7;Santo Inácio Do Piauí;22;PI;nao metropolitana;caatinga;262,34;BSh;3645;0,09;91,47;60,65
2209559;Episódico;Episódico;Se manteve;25,7;63,6;230,6;366,3;225,7;3,7;225,7;São Braz Do Piauí;22;PI;nao metropolitana;caatinga;577,16;Aw;4359;2,11;6,99;21,47
2209609;Episódico;Episódico;Se manteve;28,2;61,8;268,9;366,3;203;3,7;203;São Félix Do Piauí;22;PI;nao metropolitana;cerrado;170,72;Aw;2842;0,83;92,04;73,61
2209658;Episódico;Episódico;Se manteve;27,5;59,4;162,4;366,3;178,7;1,3;178,7;São Francisco De Assis Do Piauí;22;PI;nao metropolitana;caatinga;383,63;BSh;5561;3,29;24,66;29,36
2209708;Episódico;Sem transmissão;Melhorou;28,2;60,9;218,3;366,3;196,3;2;196,3;São Francisco Do Piauí;22;PI;nao metropolitana;caatinga;213,18;Aw;5386;2,6;66,32;27,01
2209757;Episódico;Episódico;Se manteve;25,5;64,2;305,4;366,3;223,7;2,7;223,7;São Gonçalo Do Gurguéia;22;PI;nao metropolitana;cerrado;541,57;Aw;2960;1,11;78,78;42,72
2209807;Episódico;Episódico;Se manteve;27,2;69,8;387,1;366,3;260;4,7;260;São Gonçalo Do Piauí;22;PI;nao metropolitana;cerrado;239,93;Aw;4842;7,09;96,86;71,91
2209856;Episódico;Episódico;Se manteve;27,2;60,9;198,8;366,3;196,7;2;196,7;São João Da Canabrava;22;PI;nao metropolitana;caatinga;471,06;As;4190;30,02;85,68;42,87
2209872;Episódico;Episódico;Se manteve;25,8;68,7;375,5;366,3;261,3;7;261,3;São João Da Fronteira;22;PI;nao metropolitana;caatinga;204,12;As;5525;13,9;81,73;35,54
2209906;Episódico;Episódico;Se manteve;28,6;63,8;306,5;366,3;213;4;213;São João Da Serra;22;PI;nao metropolitana;cerrado;175,54;As;6118;39,21;73,95;52,38
2209955;Episódico;Episódico;Se manteve;27,3;62,6;248,1;366,3;211,3;3;211,3;São João Da Varjota;22;PI;nao metropolitana;caatinga;354,93;As;4375;21,62;43,31;27,95
2209971;Episódico/Epidêmico;Episódico;Melhorou;27,7;73,9;486,6;366,3;349;6,3;349;São João Do Arraial;22;PI;nao metropolitana;cerrado;100;Aw;8202;25,37;91,63;19,13
2210003;Episódico/Epidêmico;Episódico/Epidêmico;Se manteve;27,6;59,8;199,1;366,3;190,7;2,7;190,7;São João Do Piauí;22;PI;nao metropolitana;caatinga;292,09;BSh;21506;8,42;83,51;65,89
2210052;Episódico/Epidêmico;Episódico/Epidêmico;Se manteve;28,3;68,5;403,1;366,3;253,3;7;253,3;São José Do Divino;22;PI;nao metropolitana;cerrado;56,07;As;4842;1,15;76,62;51,37
2210102;Sem transmissão;Episódico;Piorou;28,1;60,3;219,2;366,3;190,3;2,3;190,3;São José Do Peixe;22;PI;nao metropolitana;caatinga;236,99;Aw;3288;3,39;93,88;43,88
2210201;Episódico;Episódico;Se manteve;27,2;61,7;223,6;366,3;203,7;2;203,7;São José Do Piauí;22;PI;nao metropolitana;caatinga;523;As;6600;32,07;90,2;57,04
2210300;Episódico;Episódico;Se manteve;26,8;60,5;166,6;366,3;194;2,3;194;São Julião;22;PI;nao metropolitana;caatinga;402,19;BSh;5998;2,7;71,13;67,44
2210359;Episódico;Episódico;Se manteve;26,7;61,7;195,5;366,3;204,3;3,3;204,3;São Lourenço Do Piauí;22;PI;nao metropolitana;caatinga;386,45;BSh;4411;0,31;26,29;19,66
2210375;Episódico;Sem transmissão;Melhorou;27,2;60,9;198,8;366,3;196,7;2;196,7;São Luis Do Piauí;22;PI;nao metropolitana;caatinga;403,91;As;2279;1,75;95,29;27,59
2210383;Episódico;Episódico;Se manteve;27,8;66,4;309;366,3;240,3;3;240,3;São Miguel Da Baixa Grande;22;PI;nao metropolitana;cerrado;185,96;Aw;2269;1,12;89,06;68,65
2210391;Episódico;Sem transmissão;Melhorou;28,1;60,3;219,2;366,3;190,3;2,3;190,3;São Miguel Do Fidalgo;22;PI;nao metropolitana;caatinga;244,34;BSh;2824;0,85;76,62;30,48
2210409;Episódico/Epidêmico;Episódico;Melhorou;26,4;63,2;245,5;366,3;197;3;197;São Miguel Do Tapuio;22;PI;nao metropolitana;cerrado;370,61;As;17544;20,06;85,46;41,79
2210508;Episódico/Epidêmico;Episódico/Epidêmico;Se manteve;27,2;69,8;387,1;366,3;260;4,7;260;São Pedro Do Piauí;22;PI;nao metropolitana;cerrado;257,86;Aw;13776;10,37;78,06;37,17
2210607;Episódico/Epidêmico;Episódico/Epidêmico;Se manteve;26,1;63;214,4;366,3;222;4;222;São Raimundo Nonato;22;PI;nao metropolitana;caatinga;462,03;BSh;39036;4,34;67,75;61,06
2210623;Episódico;Sem transmissão;Melhorou;25,8;63,7;303,2;366,3;217,3;3,7;217,3;Sebastião Barros;22;PI;nao metropolitana;cerrado;478,07;Aw;3187;1,35;66,26;24,18
2210631;Episódico/Epidêmico;Episódico;Melhorou;26,8;63,5;299,6;366,3;211,3;2,7;211,3;Sebastião Leal;22;PI;nao metropolitana;cerrado;421,99;Aw;4427;6,54;86,03;26,79
2210656;Episódico;Sem transmissão;Melhorou;28,1;62,4;318;366,3;195,3;5,7;195,3;Sigefredo Pacheco;22;PI;nao metropolitana;cerrado;228,63;As;9465;27,59;89,5;40,42
2210706;Episódico/Epidêmico;Episódico/Epidêmico;Se manteve;26,6;61,2;170,5;366,3;202,7;2;202,7;Simões;22;PI;nao metropolitana;caatinga;542,85;BSh;14344;33,67;47,01;45,91
2210805;Episódico/Epidêmico;Episódico/Epidêmico;Se manteve;28;59,2;191,9;366,3;182;1,7;182;Simplício Mendes;22;PI;nao metropolitana;caatinga;285,66;BSh;13842;24,54;86,06;68,3
2210904;Episódico;Episódico;Se manteve;27,9;60,7;237,9;366,3;193;3,3;193;Socorro Do Piauí;22;PI;nao metropolitana;caatinga;284,6;BSh;4151;2,5;66,95;32,42
2210938;Episódico;Sem transmissão;Melhorou;27,9;59,7;184,1;366,3;191;1,7;191;Sussuapara;22;PI;nao metropolitana;caatinga;293,27;BSh;6221;21,9;97,73;43,71
2210953;Episódico;Episódico;Se manteve;27;60,9;217,6;366,3;199,7;2,7;199,7;Tamboril Do Piauí;22;PI;nao metropolitana;caatinga;426,1;Aw;2949;54,29;65,21;49,67
2210979;Episódico;Episódico;Se manteve;27,7;64;279;366,3;221;4,7;221;Tanque Do Piauí;22;PI;nao metropolitana;cerrado;301,84;Aw;2294;80;92,5;65,88
2211001;Epidêmico;Transmissão Persistente;Piorou;27,5;72,5;399,3;366,3;288,7;4,7;288,7;Teresina;22;PI;metropolitana;cerrado;113,31;Aw;868523;61,8;96,37;92,9
2211100;Episódico/Epidêmico;Episódico/Epidêmico;Se manteve;27,6;73,5;456,4;366,3;316;6,7;316;União;22;PI;metropolitana;cerrado;85,68;Aw;46136;26,81;83,07;33,43
2211209;Episódico/Epidêmico;Episódico/Epidêmico;Se manteve;26,9;64,7;316,4;366,3;219,7;3;219,7;Uruçuí;22;PI;nao metropolitana;cerrado;411,67;Aw;25166;16,96;90,62;71,56
2211308;Episódico/Epidêmico;Episódico;Melhorou;27,4;61,8;241,7;366,3;203,3;3,7;203,3;Valença Do Piauí;22;PI;nao metropolitana;cerrado;314,65;Aw;22316;5,39;95,15;77,33
2211357;Episódico;Episódico;Se manteve;26,1;63;214,4;366,3;222;4;222;Várzea Branca;22;PI;nao metropolitana;caatinga;469,07;BSh;5055;4,08;27,21;21,8
2211407;Episódico/Epidêmico;Episódico;Melhorou;27,7;64;279;366,3;221;4,7;221;Várzea Grande;22;PI;nao metropolitana;cerrado;342,51;Aw;4418;70,43;95,94;56,96
2211506;Episódico;Episódico/Epidêmico;Piorou;28,3;58,1;178,8;366,3;171,7;3;171,7;Vera Mendes;22;PI;nao metropolitana;caatinga;311,49;Aw;3084;37,7;67,93;29,03
2211605;Episódico;Episódico;Se manteve;26,8;60,5;166,6;366,3;194;2,3;194;Vila Nova Do Piauí;22;PI;nao metropolitana;caatinga;413,86;BSh;2764;21,28;21,39;32,09
2211704;Sem transmissão;Episódico;Piorou;27,9;60,6;203,7;366,3;199,7;2,3;199,7;Wall Ferraz;22;PI;nao metropolitana;caatinga;239,7;As;4020;0,35;35,07;30,2
2300101;Episódico/Epidêmico;Episódico/Epidêmico;Se manteve;25,7;64,6;195;366,3;229;2;229;Abaiara;23;CE;nao metropolitana;caatinga;475,84;As;9670;7,98;73,63;40,23
2300150;Episódico/Epidêmico;Episódico/Epidêmico;Se manteve;26,8;75,7;307,3;366,3;362,7;1,7;362,7;Acarape;23;CE;nao metropolitana;caatinga;143,97;As;13553;40,82;76,96;61,95
2300200;Episódico/Epidêmico;Epidêmico;Piorou;27,3;75,8;328,7;366,3;366;1,7;366;Acaraú;23;CE;nao metropolitana;caatinga;30,58;As;64551;17,22;86,16;45,38
2300309;Episódico/Epidêmico;Episódico/Epidêmico;Se manteve;27;64,1;195;366,3;202,3;2;202,3;Acopiara;23;CE;nao metropolitana;caatinga;347,06;As;44601;19,77;62,48;48,44
2300408;Episódico/Epidêmico;Episódico/Epidêmico;Se manteve;26,6;63;175,4;366,3;201,7;2,7;201,7;Aiuaba;23;CE;nao metropolitana;caatinga;522,56;BSh;13661;10,91;55,84;51,35
2300507;Episódico/Epidêmico;Episódico/Epidêmico;Se manteve;26,8;72,1;377,8;366,3;344,7;4,3;344,7;Alcântaras;23;CE;nao metropolitana;caatinga;641,36;As;11359;21,91;62,58;46,39
2300606;Episódico/Epidêmico;Episódico;Melhorou;26,4;63,5;216,8;366,3;210,7;3,7;210,7;Altaneira;23;CE;nao metropolitana;caatinga;569,56;As;6782;14,6;95,55;77,5
2300705;Episódico/Epidêmico;Episódico/Epidêmico;Se manteve;28,5;62,6;187,2;366,3;186;2,3;186;Alto Santo;23;CE;nao metropolitana;caatinga;121,78;As;14157;12,98;67,44;41,69
2300754;Episódico/Epidêmico;Episódico/Epidêmico;Se manteve;27,3;73,7;335,5;366,3;362;0,7;362;Amontada;23;CE;nao metropolitana;caatinga;41,3;As;47486;10,03;77,08;33,96
2300804;Episódico/Epidêmico;Episódico/Epidêmico;Se manteve;26;63,8;178,1;366,3;215,3;2,7;215,3;Antonina Do Norte;23;CE;nao metropolitana;caatinga;423,03;BSh;7054;40,51;79,62;64,49
2300903;Episódico/Epidêmico;Episódico/Epidêmico;Se manteve;27,3;71,9;250,6;366,3;347,7;1;347,7;Apuiarés;23;CE;nao metropolitana;caatinga;106,91;BSh;12974;2,7;83,42;50,45
2301000;Episódico/Epidêmico;Episódico/Epidêmico;Se manteve;27;78,2;390,2;366,3;366,3;2,7;366,3;Aquiraz;23;CE;metropolitana;caatinga;35,62;As;92281;36,77;77,93;75,23
2301109;Epidêmico;Epidêmico;Se manteve;27,6;73;250,2;366,3;357,3;2,3;357,3;Aracati;23;CE;nao metropolitana;caatinga;34,35;As;82476;4,54;82,01;73,22
2301208;Episódico/Epidêmico;Episódico/Epidêmico;Se manteve;26,5;73,8;272,2;366,3;351,7;2,3;351,7;Aracoiaba;23;CE;nao metropolitana;caatinga;116,69;As;25522;18,29;65,96;51,96
2301257;Episódico/Epidêmico;Episódico/Epidêmico;Se manteve;26,8;65,6;214,9;366,3;220;2,3;220;Ararendá;23;CE;nao metropolitana;caatinga;366,03;As;11096;15,86;82,78;45,52
2301307;Episódico/Epidêmico;Episódico/Epidêmico;Se manteve;25;65,7;197,5;366,3;238,7;3;238,7;Araripe;23;CE;nao metropolitana;caatinga;756,98;BSh;19791;15,06;68,42;60,42
2301406;Episódico/Epidêmico;Epidêmico;Piorou;27;71,2;238,4;366,3;324,7;2;324,7;Aratuba;23;CE;nao metropolitana;caatinga;570,53;As;12110;19,32;82,06;35,06
2301505;Episódico/Epidêmico;Episódico/Epidêmico;Se manteve;26,3;63,5;174,6;366,3;201,3;2;201,3;Arneiroz;23;CE;nao metropolitana;caatinga;428,67;BSh;7304;24,85;59,74;58,6
2301604;Episódico/Epidêmico;Episódico/Epidêmico;Se manteve;26,2;63,8;200,6;366,3;217,3;3,7;217,3;Assaré;23;CE;nao metropolitana;caatinga;499,02;As;21703;21,74;79,51;54,88
2301703;Episódico/Epidêmico;Episódico/Epidêmico;Se manteve;27,7;60,6;199,5;366,3;176;2,7;176;Aurora;23;CE;nao metropolitana;caatinga;332,74;As;23173;12,52;69,24;48,21
2301802;Episódico/Epidêmico;Episódico/Epidêmico;Se manteve;27,7;60,5;190,8;366,3;174;2,3;174;Baixio;23;CE;nao metropolitana;caatinga;275,46;As;5697;1,76;83,46;57,48
2301851;Episódico/Epidêmico;Episódico/Epidêmico;Se manteve;27,9;65,1;199,7;366,3;216;2;216;Banabuiú;23;CE;nao metropolitana;caatinga;156,91;BSh;16447;18,56;66,1;48,73
2301901;Epidêmico;Epidêmico;Se manteve;24,7;67;232,7;366,3;253,7;3;253,7;Barbalha;23;CE;nao metropolitana;caatinga;765,33;As;72700;18,41;83,92;71,02
2301950;Episódico/Epidêmico;Episódico;Melhorou;26,5;73,8;272,2;366,3;351,7;2,3;351,7;Barreira;23;CE;nao metropolitana;caatinga;99,6;As;22412;13,43;70,01;46,15
2302008;Episódico/Epidêmico;Episódico/Epidêmico;Se manteve;26,5;62,4;182,4;366,3;201;1,7;201;Barro;23;CE;nao metropolitana;caatinga;409,05;As;19313;11,25;84,68;54,37
2302057;Episódico/Epidêmico;Episódico/Epidêmico;Se manteve;27,7;73,3;358,1;366,3;355,7;3,7;355,7;Barroquinha;23;CE;nao metropolitana;caatinga;18,71;As;14563;21,4;86,26;51,36
2302107;Episódico/Epidêmico;Episódico/Epidêmico;Se manteve;26,7;71,5;239,1;366,3;330,7;1,7;330,7;Baturité;23;CE;nao metropolitana;caatinga;231,88;As;33335;46,16;75,59;73,38
2302206;Epidêmico;Epidêmico;Se manteve;27,1;77,8;377,2;366,3;366,3;3;366,3;Beberibe;23;CE;nao metropolitana;caatinga;44,12;As;52726;11,55;75,77;59,58
2302305;Episódico/Epidêmico;Epidêmico;Piorou;27,3;74,4;350,2;366,3;365;2,3;365;Bela Cruz;23;CE;nao metropolitana;caatinga;50,2;As;30050;20,8;82,39;44,01
2302404;Episódico/Epidêmico;Episódico/Epidêmico;Se manteve;26,2;66,9;181,4;366,3;240,3;1,7;240,3;Boa Viagem;23;CE;nao metropolitana;caatinga;413,8;BSh;48213;40,46;75,84;45,99
2302503;Epidêmico;Epidêmico;Se manteve;26,4;62,8;178,5;366,3;204;2,7;204;Brejo Santo;23;CE;nao metropolitana;caatinga;475;As;51034;62,17;84,96;70,9
2302602;Episódico/Epidêmico;Epidêmico;Piorou;27,4;74;388,8;366,3;363;3,3;363;Camocim;23;CE;nao metropolitana;caatinga;21,84;As;62419;31,44;93,62;72,66
2302701;Episódico/Epidêmico;Episódico/Epidêmico;Se manteve;25,4;64,3;169,9;366,3;226,3;2,3;226,3;Campos Sales;23;CE;nao metropolitana;caatinga;559,07;BSh;25132;23,62;71,86;70,98
2302800;Epidêmico;Epidêmico;Se manteve;26,6;69,9;206,8;366,3;308,3;1,3;308,3;Canindé;23;CE;nao metropolitana;caatinga;304,7;BSh;73969;25,22;73,87;61,83
2302909;Episódico/Epidêmico;Episódico/Epidêmico;Se manteve;26,5;73,8;272,2;366,3;351,7;2,3;351,7;Capistrano;23;CE;nao metropolitana;caatinga;238,66;As;16005;15,95;55,16;37,26
2303006;Episódico/Epidêmico;Episódico/Epidêmico;Se manteve;26,9;72,2;264,5;366,3;342,3;1,3;342,3;Caridade;23;CE;nao metropolitana;caatinga;185,14;As;15898;10,26;81,04;56,52
2303105;Episódico/Epidêmico;Episódico/Epidêmico;Se manteve;27,3;70,4;318,8;366,3;309,3;3;309,3;Cariré;23;CE;nao metropolitana;caatinga;136,81;As;17633;6,47;81,42;51,69
2303204;Episódico/Epidêmico;Episódico/Epidêmico;Se manteve;25,9;64,1;210;366,3;217,3;3;217,3;Caririaçu;23;CE;nao metropolitana;caatinga;487,15;As;26236;15,72;85,88;54,17
2303303;Episódico/Epidêmico;Episódico/Epidêmico;Se manteve;27,1;62,4;195,9;366,3;193,7;3;193,7;Cariús;23;CE;nao metropolitana;caatinga;332,75;As;16398;12,06;62,25;53,33
2303402;Episódico/Epidêmico;Episódico/Epidêmico;Se manteve;25;71,2;280,4;366,3;324,7;3,3;324,7;Carnaubal;23;CE;nao metropolitana;caatinga;759,79;As;17211;2,67;75,16;56,44
2303501;Epidêmico;Epidêmico;Se manteve;27,1;77,8;377,2;366,3;366,3;3;366,3;Cascavel;23;CE;metropolitana;caatinga;48,94;As;70498;14,52;79,4;66,17
2303600;Episódico/Epidêmico;Episódico/Epidêmico;Se manteve;26,5;64,4;190,5;366,3;205,3;2;205,3;Catarina;23;CE;nao metropolitana;caatinga;478,36;BSh;9950;18,72;58,68;52,01
2303659;Episódico/Epidêmico;Episódico/Epidêmico;Se manteve;26,6;66,6;240,6;366,3;228;3,7;228;Catunda;23;CE;nao metropolitana;caatinga;390,13;BSh;10425;1,53;75,83;51,66
2303709;Epidêmico;Epidêmico;Se manteve;26,9;78,3;361,9;366,3;366,3;2,3;366,3;Caucaia;23;CE;metropolitana;caatinga;75,58;As;372413;57,15;91,68;82,48
2303808;Episódico/Epidêmico;Episódico/Epidêmico;Se manteve;27,9;60,9;197,6;366,3;181;3;181;Cedro;23;CE;nao metropolitana;caatinga;270,1;As;22216;8,93;81,71;57,45
2303907;Episódico/Epidêmico;Episódico/Epidêmico;Se manteve;27,7;73,3;358,1;366,3;355,7;3,7;355,7;Chaval;23;CE;nao metropolitana;caatinga;30,51;As;12443;7,22;73,54;63,1
2303931;Episódico/Epidêmico;Episódico/Epidêmico;Se manteve;26,8;68,6;211;366,3;273;1,7;273;Choró;23;CE;nao metropolitana;caatinga;270,99;BSh;11414;11,27;38,92;22,64
2303956;Episódico/Epidêmico;Episódico/Epidêmico;Se manteve;26,9;74;282;366,3;354,7;2,7;354,7;Chorozinho;23;CE;metropolitana;caatinga;71,3;As;20174;4,84;59,3;61,64
2304004;Episódico/Epidêmico;Episódico/Epidêmico;Se manteve;26,2;71,4;285;366,3;337,7;1,7;337,7;Coreaú;23;CE;nao metropolitana;caatinga;132,75;As;20944;17,68;71,21;44,89
2304103;Epidêmico;Episódico/Epidêmico;Melhorou;27,2;63,6;203,1;366,3;198,3;2,7;198,3;Crateús;23;CE;nao metropolitana;caatinga;353,28;As;75394;49,37;77,61;62,38
2304202;Epidêmico;Epidêmico;Se manteve;25,9;64,1;210;366,3;217,3;3;217,3;Crato;23;CE;nao metropolitana;caatinga;716,19;As;130858;44,1;90,1;84,11
2304236;Episódico/Epidêmico;Episódico/Epidêmico;Se manteve;25,2;69,8;267;366,3;295,3;3,7;295,3;Croatá;23;CE;nao metropolitana;caatinga;640,63;As;17492;23,9;97,31;60,77
2304251;Episódico/Epidêmico;Episódico/Epidêmico;Se manteve;27,2;77,4;360,9;366,3;366,3;2,7;366,3;Cruz;23;CE;nao metropolitana;caatinga;23,87;As;29360;6,84;90,21;57,47
2304269;Episódico;Episódico;Se manteve;28;62,4;209,4;366,3;188,3;2,7;188,3;Deputado Irapuan Pinheiro;23;CE;nao metropolitana;caatinga;270,04;As;8470;2,06;80,2;45,87
2304277;Episódico/Epidêmico;Episódico/Epidêmico;Se manteve;27,3;62,9;189,5;366,3;192,3;3;192,3;Ererê;23;CE;nao metropolitana;caatinga;232,42;As;6466;20,05;79,31;51,83
2304285;Episódico/Epidêmico;Episódico/Epidêmico;Se manteve;27;78,2;390,2;366,3;366,3;2,7;366,3;Eusébio;23;CE;metropolitana;caatinga;28,13;As;73667;32,35;87,34;94,05
2304301;Episódico/Epidêmico;Episódico/Epidêmico;Se manteve;25,9;64,1;210;366,3;217,3;3;217,3;Farias Brito;23;CE;nao metropolitana;caatinga;412,01;As;18226;12,64;78,91;66,01
2304350;Episódico/Epidêmico;Episódico/Epidêmico;Se manteve;27,3;70,4;318,8;366,3;309,3;3;309,3;Forquilha;23;CE;nao metropolitana;caatinga;130,33;As;22848;72,3;92,19;70,99
2304400;Transmissão Persistente;Transmissão Persistente;Se manteve;27;78,2;390,2;366,3;366,3;2,7;366,3;Fortaleza;23;CE;metropolitana;caatinga;25,34;As;2596157;74,66;98,75;98,75
2304459;Episódico/Epidêmico;Episódico/Epidêmico;Se manteve;27,2;75,5;296,6;366,3;366;3;366;Fortim;23;CE;nao metropolitana;caatinga;27,1;As;17308;2,05;84,84;73,48
2304509;Episódico/Epidêmico;Episódico/Epidêmico;Se manteve;25,4;71,4;273,6;366,3;336;3;336;Frecheirinha;23;CE;nao metropolitana;caatinga;159,49;As;15660;12,49;70,28;65,58
2304608;Episódico/Epidêmico;Episódico/Epidêmico;Se manteve;26,9;69,8;219,7;366,3;311,7;1,3;311,7;General Sampaio;23;CE;nao metropolitana;caatinga;145,65;BSh;6734;4;75,02;74,12
2304657;Episódico/Epidêmico;Episódico;Melhorou;25;71,2;280,4;366,3;324,7;3,3;324,7;Graça;23;CE;nao metropolitana;caatinga;391,19;As;13805;6,53;65,87;42,96
2304707;Episódico/Epidêmico;Episódico/Epidêmico;Se manteve;27;73,3;434,1;366,3;354,3;6;354,3;Granja;23;CE;nao metropolitana;caatinga;108,69;As;53352;12,73;70,73;35,24
2304806;Episódico;Episódico/Epidêmico;Piorou;27,4;61,5;205,4;366,3;185;4,3;185;Granjeiro;23;CE;nao metropolitana;caatinga;458,2;As;4843;26,05;86,42;37,66
2304905;Episódico/Epidêmico;Episódico/Epidêmico;Se manteve;27,3;70,4;318,8;366,3;309,3;3;309,3;Groaíras;23;CE;nao metropolitana;caatinga;102,41;As;10889;29,51;86,81;68,56
2304954;Episódico/Epidêmico;Episódico/Epidêmico;Se manteve;26,6;74,7;290,6;366,3;359,3;1,7;359,3;Guaiúba;23;CE;metropolitana;caatinga;131,41;As;22283;19,21;87,12;69,44
2305001;Episódico/Epidêmico;Episódico/Epidêmico;Se manteve;26,3;70,2;247,1;366,3;312,7;1,7;312,7;Guaraciaba Do Norte;23;CE;nao metropolitana;caatinga;774;As;42063;8,1;87,07;47,09
2305100;Episódico/Epidêmico;Episódico/Epidêmico;Se manteve;26,7;71,5;239,1;366,3;330,7;1,7;330,7;Guaramiranga;23;CE;nao metropolitana;caatinga;799,73;As;5676;73,9;81,24;85,76
2305209;Episódico/Epidêmico;Episódico/Epidêmico;Se manteve;27,4;67,1;249,2;366,3;238,3;2,3;238,3;Hidrolândia;23;CE;nao metropolitana;caatinga;229,5;As;17854;6,49;75,34;58,72
2305233;Epidêmico;Epidêmico;Se manteve;26,8;75,7;307,2;366,3;362,7;1,7;362,7;Horizonte;23;CE;metropolitana;caatinga;62,91;As;69999;13,99;93,98;91,04
2305266;Episódico/Epidêmico;Episódico/Epidêmico;Se manteve;27,5;68,7;220,2;366,3;283,7;2,7;283,7;Ibaretama;23;CE;nao metropolitana;caatinga;147,67;As;11927;2,99;25,5;36,99
2305308;Episódico/Epidêmico;Episódico/Epidêmico;Se manteve;25,4;71,4;273,6;366,3;336;3;336;Ibiapina;23;CE;nao metropolitana;caatinga;662,25;As;23966;18,6;84,38;51,26
2305332;Episódico/Epidêmico;Episódico/Epidêmico;Se manteve;27,7;68,9;234,5;366,3;293,3;2,3;293,3;Ibicuitinga;23;CE;nao metropolitana;caatinga;142;As;11582;15,75;75,54;50,54
2305357;Episódico/Epidêmico;Epidêmico;Piorou;26,9;76,8;256,6;366,3;366,3;3;366,3;Icapuí;23;CE;nao metropolitana;caatinga;49,18;As;21400;14,98;87,64;82,44
2305407;Epidêmico;Epidêmico;Se manteve;27,7;60,5;190,8;366,3;174;2,3;174;Icó;23;CE;nao metropolitana;caatinga;306,03;BSh;62125;35,81;78,49;49,2
2305506;Epidêmico;Episódico/Epidêmico;Melhorou;27,7;62,2;194,4;366,3;190,7;2,3;190,7;Iguatu;23;CE;nao metropolitana;caatinga;245,54;As;97733;27,8;88,7;76,88
2305605;Episódico/Epidêmico;Episódico/Epidêmico;Se manteve;26,2;65,5;202;366,3;213,3;2;213,3;Independência;23;CE;nao metropolitana;caatinga;383,94;BSh;24047;32,37;66,8;44,07
2305654;Episódico/Epidêmico;Episódico/Epidêmico;Se manteve;27,2;63,6;203,1;366,3;198,3;2,7;198,3;Ipaporanga;23;CE;nao metropolitana;caatinga;424,64;As;11575;2,01;86,79;32,65
2305704;Episódico/Epidêmico;Episódico/Epidêmico;Se manteve;27,7;60,6;199,5;366,3;176;2,7;176;Ipaumirim;23;CE;nao metropolitana;caatinga;318,57;As;12204;16,76;77,75;64,63
2305803;Episódico/Epidêmico;Episódico/Epidêmico;Se manteve;25,2;69,8;267;366,3;295,3;3,7;295,3;Ipu;23;CE;nao metropolitana;caatinga;356,52;As;41083;7,54;82,06;60,4
2305902;Episódico/Epidêmico;Episódico/Epidêmico;Se manteve;25,8;67,6;240,2;366,3;251,7;3,3;251,7;Ipueiras;23;CE;nao metropolitana;caatinga;505,79;As;36751;21,08;89,15;42,97
2306009;Episódico/Epidêmico;Episódico/Epidêmico;Se manteve;28;62,5;188,9;366,3;187;2,7;187;Iracema;23;CE;nao metropolitana;caatinga;217,76;As;13993;22,49;83,88;72,11
2306108;Episódico/Epidêmico;Episódico/Epidêmico;Se manteve;27;71,6;262,1;366,3;341,7;1;341,7;Irauçuba;23;CE;nao metropolitana;caatinga;234,64;BSh;23944;36,83;76,14;65,99
2306207;Episódico/Epidêmico;Epidêmico;Piorou;27,6;71,5;234,4;366,3;347,3;1,3;347,3;Itaiçaba;23;CE;nao metropolitana;caatinga;29,5;As;7532;3,32;88,18;72,73
2306256;Episódico/Epidêmico;Episódico/Epidêmico;Se manteve;27,2;76,2;341,6;366,3;365;3;365;Itaitinga;23;CE;metropolitana;caatinga;58,11;As;60706;5,8;96,23;94,15
2306306;Episódico/Epidêmico;Episódico/Epidêmico;Se manteve;27,3;71,9;250,6;366,3;347,7;1;347,7;Itapajé;23;CE;nao metropolitana;caatinga;323,54;As;46495;26,62;79,82;75,96
2306405;Epidêmico;Epidêmico;Se manteve;27,1;74,3;289,6;366,3;363,3;1,3;363,3;Itapipoca;23;CE;nao metropolitana;caatinga;144,69;As;132711;34,72;78,52;54,55
2306504;Episódico/Epidêmico;Episódico/Epidêmico;Se manteve;26,9;70,1;215,2;366,3;308,3;1,3;308,3;Itapiúna;23;CE;nao metropolitana;caatinga;169,42;As;17211;15,19;61,26;47,76
2306553;Episódico/Epidêmico;Episódico/Epidêmico;Se manteve;27,1;78,7;383,7;366,3;366,3;3;366,3;Itarema;23;CE;nao metropolitana;caatinga;31,18;As;42698;12,51;83,03;44,9
2306603;Episódico/Epidêmico;Episódico/Epidêmico;Se manteve;26;69,7;224,4;366,3;292;2,3;292;Itatira;23;CE;nao metropolitana;caatinga;466,67;BSh;20444;5,72;53,92;41,97
2306702;Episódico/Epidêmico;Epidêmico;Piorou;28,3;63,3;199,6;366,3;196,7;3,7;196,7;Jaguaretama;23;CE;nao metropolitana;caatinga;144,87;As;17255;5,77;62,13;48,21
2306801;Episódico/Epidêmico;Epidêmico;Piorou;28;62,5;188,9;366,3;187;2,7;187;Jaguaribara;23;CE;nao metropolitana;caatinga;116,77;BSh;10344;57,15;87,98;75,16
2306900;Epidêmico;Epidêmico;Se manteve;27,3;62,9;189,5;366,3;192,3;3;192,3;Jaguaribe;23;CE;nao metropolitana;caatinga;180,31;BSh;32945;54,08;83,81;66,18
2307007;Epidêmico;Epidêmico;Se manteve;27,9;70;219,7;366,3;330,3;2;330,3;Jaguaruana;23;CE;nao metropolitana;caatinga;43,62;As;30181;13,7;84,47;74,89
2307106;Episódico/Epidêmico;Episódico/Epidêmico;Se manteve;24,9;66,7;210,6;366,3;251,3;2,3;251,3;Jardim;23;CE;nao metropolitana;caatinga;743,32;As;27335;38,3;49,5;40,13
2307205;Episódico/Epidêmico;Episódico/Epidêmico;Se manteve;26,1;63,2;143,4;366,3;214,7;1;214,7;Jati;23;CE;nao metropolitana;caatinga;501,53;BSh;7821;18,39;80,7;54,6
2307254;Episódico/Epidêmico;Epidêmico;Piorou;27,4;76,4;382,5;366,3;366,3;3,7;366,3;Jijoca De Jericoacoara;23;CE;nao metropolitana;caatinga;21,38;As;29472;14,35;93,71;56,22
2307304;Epidêmico;Epidêmico;Se manteve;25,7;64,6;195;366,3;229;2;229;Juazeiro Do Norte;23;CE;metropolitana;caatinga;406,64;As;269435;47,7;95,36;94,22
2307403;Episódico/Epidêmico;Episódico/Epidêmico;Se manteve;27,1;62,4;195,9;366,3;193,7;3;193,7;Jucás;23;CE;nao metropolitana;caatinga;328,97;As;22926;27,56;77,21;56,57
2307502;Episódico/Epidêmico;Episódico/Epidêmico;Se manteve;27,9;60,4;198,7;366,3;174;2,7;174;Lavras Da Mangabeira;23;CE;nao metropolitana;caatinga;281,15;As;30693;28,43;70,74;58,56
2307601;Epidêmico;Epidêmico;Se manteve;28,3;64,6;184,3;366,3;224,3;1;224,3;Limoeiro Do Norte;23;CE;nao metropolitana;caatinga;90,15;As;59515;21,78;95,81;81,84
2307635;Episódico/Epidêmico;Episódico/Epidêmico;Se manteve;26,2;68,6;205,1;366,3;269,3;1,3;269,3;Madalena;23;CE;nao metropolitana;caatinga;331,55;BSh;16127;11,77;68,65;53,77
2307650;Epidêmico;Epidêmico;Se manteve;27,1;74,3;281,7;366,3;361,7;1;361,7;Maracanaú;23;CE;metropolitana;caatinga;95,52;As;231121;69,48;98,39;95,95
2307700;Epidêmico;Epidêmico;Se manteve;27;76,3;310,8;366,3;365,7;1;365,7;Maranguape;23;CE;metropolitana;caatinga;198,38;As;93155;32,33;86,24;84,08
2307809;Episódico/Epidêmico;Epidêmico;Piorou;27,4;74,8;311,2;366,3;365,7;1,3;365,7;Marco;23;CE;nao metropolitana;caatinga;70,21;As;25790;8,39;83,32;57,86
2307908;Episódico/Epidêmico;Episódico;Melhorou;27,4;74;388,8;366,3;363;3,3;363;Martinópole;23;CE;nao metropolitana;caatinga;61,33;As;10846;4,14;81,16;71,8
2308005;Episódico/Epidêmico;Episódico/Epidêmico;Se manteve;26,9;72,8;392,2;366,3;348;3,7;348;Massapê;23;CE;nao metropolitana;caatinga;168,66;As;37717;38,55;77,76;71,1
2308104;Epidêmico;Episódico/Epidêmico;Melhorou;26,1;63;163,6;366,3;208,7;1,3;208,7;Mauriti;23;CE;nao metropolitana;caatinga;490,31;As;45365;19,33;74,53;54,14
2308203;Episódico/Epidêmico;Epidêmico;Piorou;26,8;72,1;377,8;366,3;344,7;4,3;344,7;Meruoca;23;CE;nao metropolitana;caatinga;672,51;As;15164;8,58;77,06;53,63
2308302;Episódico/Epidêmico;Episódico/Epidêmico;Se manteve;25,7;64,6;195;366,3;229;2;229;Milagres;23;CE;nao metropolitana;caatinga;390,37;As;25761;12,86;69,83;45,52
2308351;Episódico/Epidêmico;Episódico/Epidêmico;Se manteve;28;63,9;201,9;366,3;205;3,3;205;Milhã;23;CE;nao metropolitana;caatinga;229,44;BSh;14135;22,16;71,93;50,01
2308377;Episódico/Epidêmico;Episódico/Epidêmico;Se manteve;27,4;71,5;298;366,3;332;2;332;Miraíma;23;CE;nao metropolitana;caatinga;105,69;As;14260;20,48;68,86;50,94
2308401;Episódico/Epidêmico;Episódico/Epidêmico;Se manteve;26,6;62,6;195,6;366,3;203,3;3,3;203,3;Missão Velha;23;CE;nao metropolitana;caatinga;555,31;As;36719;10,61;85,95;46,61
2308500;Episódico/Epidêmico;Episódico/Epidêmico;Se manteve;26,8;65,8;194,9;366,3;218,7;2;218,7;Mombaça;23;CE;nao metropolitana;caatinga;372,56;BSh;37707;28,83;67,55;39,78
2308609;Episódico/Epidêmico;Episódico/Epidêmico;Se manteve;26,2;66,7;220,8;366,3;225,7;2,7;225,7;Monsenhor Tabosa;23;CE;nao metropolitana;caatinga;577,88;BSh;17171;6,23;75,51;59,63
2308708;Episódico/Epidêmico;Epidêmico;Piorou;28,3;66;203,9;366,3;244;1,7;244;Morada Nova;23;CE;nao metropolitana;caatinga;98,4;As;60940;9,6;78,29;55,97
2308807;Episódico/Epidêmico;Episódico/Epidêmico;Se manteve;27;73,3;434,1;366,3;354,3;6;354,3;Moraújo;23;CE;nao metropolitana;caatinga;95,28;As;8264;7,31;67,56;53,37
2308906;Episódico/Epidêmico;Episódico/Epidêmico;Se manteve;27,3;73,7;335,5;366,3;362;0,7;362;Morrinhos;23;CE;nao metropolitana;caatinga;90,75;As;22311;23,33;78,64;56,18
2309003;Episódico/Epidêmico;Episódico/Epidêmico;Se manteve;26,6;70,8;285,1;366,3;328,7;2;328,7;Mucambo;23;CE;nao metropolitana;caatinga;194,72;As;13670;18,12;72,53;65,69
2309102;Episódico/Epidêmico;Episódico/Epidêmico;Se manteve;26,7;71,5;239,1;366,3;330,7;1,7;330,7;Mulungu;23;CE;nao metropolitana;caatinga;725,1;As;9851;30,03;63,53;61,82
2309201;Episódico/Epidêmico;Episódico/Epidêmico;Se manteve;24,9;66,4;225,5;366,3;244;4;244;Nova Olinda;23;CE;nao metropolitana;caatinga;603,88;As;15437;44,16;80,99;68,35
2309300;Episódico/Epidêmico;Episódico/Epidêmico;Se manteve;26,7;65,8;243,3;366,3;214;2,7;214;Nova Russas;23;CE;nao metropolitana;caatinga;271,99;As;30518;20,92;92,46;69,64
2309409;Episódico/Epidêmico;Episódico/Epidêmico;Se manteve;26,1;63,9;192,8;366,3;202;3;202;Novo Oriente;23;CE;nao metropolitana;caatinga;453,33;BSh;27566;26,38;78,68;44,7
2309458;Epidêmico;Epidêmico;Se manteve;27,5;71,5;269,9;366,3;339;3;339;Ocara;23;CE;nao metropolitana;caatinga;92,69;As;24483;11,57;53,9;43,12
2309508;Episódico/Epidêmico;Episódico/Epidêmico;Se manteve;28,2;61,3;192,8;366,3;181,7;3,3;181,7;Orós;23;CE;nao metropolitana;caatinga;232,76;BSh;19675;37,65;88,29;74,1
2309607;Episódico/Epidêmico;Episódico/Epidêmico;Se manteve;27,2;76,2;341,6;366,3;365;3;365;Pacajus;23;CE;metropolitana;caatinga;72,76;As;67168;7,07;80,04;82,22
2309706;Epidêmico;Epidêmico;Se manteve;27,2;76,2;341,6;366,3;365;3;365;Pacatuba;23;CE;metropolitana;caatinga;124,57;As;82432;77,56;97,76;93,96
2309805;Epidêmico;Episódico/Epidêmico;Melhorou;26,6;74,7;290,6;366,3;359,3;1,7;359,3;Pacoti;23;CE;nao metropolitana;caatinga;624,32;As;10467;45,55;79,02;67,88
2309904;Episódico/Epidêmico;Episódico/Epidêmico;Se manteve;26,6;70,8;285,1;366,3;328,7;2;328,7;Pacujá;23;CE;nao metropolitana;caatinga;203,23;As;6136;46,71;72,55;68,96
2310001;Episódico/Epidêmico;Episódico/Epidêmico;Se manteve;27,6;73;250,2;366,3;357,3;2,3;357,3;Palhano;23;CE;nao metropolitana;caatinga;51,3;As;9335;16,08;72,01;54,11
2310100;Episódico/Epidêmico;Episódico/Epidêmico;Se manteve;26,9;74;282;366,3;354,7;2,7;354,7;Palmácia;23;CE;nao metropolitana;caatinga;350,95;As;10173;14,12;60,64;53,31
2310209;Episódico/Epidêmico;Episódico/Epidêmico;Se manteve;27,1;76,3;319;366,3;366;1;366;Paracuru;23;CE;metropolitana;caatinga;32,64;As;40046;31,92;94,64;76,45
2310258;Episódico/Epidêmico;Episódico/Epidêmico;Se manteve;27;77,8;357,2;366,3;366,3;1,7;366,3;Paraipaba;23;CE;metropolitana;caatinga;41,42;As;32278;29,24;89,13;53,97
2310308;Episódico/Epidêmico;Episódico/Epidêmico;Se manteve;25,8;64,5;182,9;366,3;207,3;1,7;207,3;Parambu;23;CE;nao metropolitana;caatinga;546,87;BSh;31066;30,65;63,79;48,2
2310407;Episódico/Epidêmico;Episódico/Epidêmico;Se manteve;27;70,5;224,2;366,3;325,3;1,3;325,3;Paramoti;23;CE;nao metropolitana;caatinga;164,04;BSh;10369;10,46;69,21;52,19
2310506;Episódico/Epidêmico;Epidêmico;Piorou;26,7;66,6;200,6;366,3;234,3;1,7;234,3;Pedra Branca;23;CE;nao metropolitana;caatinga;523,67;BSh;37661;36,59;73,48;59,81
2310605;Episódico/Epidêmico;Episódico/Epidêmico;Se manteve;26,1;63,1;147,4;366,3;216,3;1,7;216,3;Penaforte;23;CE;nao metropolitana;caatinga;511,77;BSh;8839;57,1;79,25;71,17
2310704;Episódico/Epidêmico;Episódico/Epidêmico;Se manteve;27,3;71,9;250,6;366,3;347,7;1;347,7;Pentecoste;23;CE;nao metropolitana;caatinga;84,51;As;37853;28,05;80,2;62,26
2310803;Episódico/Epidêmico;Epidêmico;Piorou;27,5;63,1;236,1;366,3;194,7;3,7;194,7;Pereiro;23;CE;nao metropolitana;caatinga;520,92;As;15279;13,09;78,53;39,85
2310852;Episódico/Epidêmico;Episódico/Epidêmico;Se manteve;27,2;76,2;341,6;366,3;365;3;365;Pindoretama;23;CE;metropolitana;caatinga;34,45;As;24329;1,23;87,36;69,55
2310902;Episódico/Epidêmico;Episódico/Epidêmico;Se manteve;27;64,8;194,4;366,3;207,7;2;207,7;Piquet Carneiro;23;CE;nao metropolitana;caatinga;304,15;As;16926;5,23;66,51;54,86
2310951;Episódico;Episódico/Epidêmico;Piorou;26,3;70,2;247,1;366,3;312,7;1,7;312,7;Pires Ferreira;23;CE;nao metropolitana;caatinga;193,73;As;10603;5,67;72,28;34,8
2311009;Episódico/Epidêmico;Episódico/Epidêmico;Se manteve;25,8;67,6;240,2;366,3;251,7;3,3;251,7;Poranga;23;CE;nao metropolitana;caatinga;452,24;As;11742;11,74;80,72;42,67
2311108;Episódico/Epidêmico;Episódico/Epidêmico;Se manteve;25,4;65;181;366,3;230,7;2;230,7;Porteiras;23;CE;nao metropolitana;caatinga;617,24;As;17060;30,35;65,43;44,12
2311207;Episódico/Epidêmico;Episódico/Epidêmico;Se manteve;25;65,7;197,5;366,3;238,7;3;238,7;Potengi;23;CE;nao metropolitana;caatinga;568,02;BSh;9637;7,99;67,4;57,28
2311231;Episódico/Epidêmico;Episódico/Epidêmico;Se manteve;28,3;63,1;184,8;366,3;194,7;1;194,7;Potiretama;23;CE;nao metropolitana;caatinga;162,82;As;5977;0,82;52,2;55,25
2311264;Episódico/Epidêmico;Episódico/Epidêmico;Se manteve;25,8;64,3;196,3;366,3;204,3;2,7;204,3;Quiterianópolis;23;CE;nao metropolitana;caatinga;557,7;BSh;19624;15,34;61,07;34,41
2311306;Epidêmico;Epidêmico;Se manteve;27,8;66,5;206;366,3;246,3;1,7;246,3;Quixadá;23;CE;nao metropolitana;caatinga;201,72;As;80701;54,11;73,26;69,87
2311355;Episódico/Epidêmico;Episódico/Epidêmico;Se manteve;28;62,4;209,4;366,3;188,3;2,7;188,3;Quixelô;23;CE;nao metropolitana;caatinga;244,17;BSh;15896;23,43;82,61;35,83
2311405;Epidêmico;Epidêmico;Se manteve;27,9;65,1;199,7;366,3;216;2;216;Quixeramobim;23;CE;nao metropolitana;caatinga;245,53;BSh;78502;43,94;78,72;56,16
2311504;Epidêmico;Epidêmico;Se manteve;28,3;66,4;207,1;366,3;252;2;252;Quixeré;23;CE;nao metropolitana;caatinga;111,35;As;20863;2,84;89,21;77,64
2311603;Episódico/Epidêmico;Episódico/Epidêmico;Se manteve;26,8;75,7;307,2;366,3;362,7;1,7;362,7;Redenção;23;CE;nao metropolitana;caatinga;285,86;As;25813;17,02;72,84;63,29
2311702;Epidêmico;Episódico/Epidêmico;Melhorou;27,4;67,1;249,2;366,3;238,3;2,3;238,3;Reriutaba;23;CE;nao metropolitana;caatinga;259,64;As;18603;5,84;77,73;52,03
2311801;Epidêmico;Epidêmico;Se manteve;27,9;70;219,7;366,3;330,3;2;330,3;Russas;23;CE;nao metropolitana;caatinga;65,52;As;72609;28,88;88,01;72,3
2311900;Episódico;Episódico;Se manteve;26,6;63;175,4;366,3;201,7;2,7;201,7;Saboeiro;23;CE;nao metropolitana;caatinga;399,2;BSh;13755;9,1;62,66;54
2311959;Episódico/Epidêmico;Episódico/Epidêmico;Se manteve;25,5;63,7;181,5;366,3;221,7;1,7;221,7;Salitre;23;CE;nao metropolitana;caatinga;686,89;BSh;16635;11,73;13,54;34,17
2312007;Episódico/Epidêmico;Episódico/Epidêmico;Se manteve;27,4;73;310,2;366,3;356,3;1,7;356,3;Santana Do Acaraú;23;CE;nao metropolitana;caatinga;86,82;As;28436;36,22;62,21;46,98
2312106;Episódico/Epidêmico;Episódico/Epidêmico;Se manteve;25,2;65,7;228,1;366,3;239,3;4;239,3;Santana Do Cariri;23;CE;nao metropolitana;caatinga;773,57;As;16981;21,95;61,11;54,67
2312205;Episódico/Epidêmico;Episódico/Epidêmico;Se manteve;27,4;67,1;249,2;366,3;238,3;2,3;238,3;Santa Quitéria;23;CE;nao metropolitana;caatinga;289,59;BSh;40239;23,66;70,39;42,57
2312304;Episódico/Epidêmico;Episódico/Epidêmico;Se manteve;25;71,2;280,4;366,3;324,7;3,3;324,7;São Benedito;23;CE;nao metropolitana;caatinga;775,92;As;47657;28,1;86,71;53,32
2312403;Epidêmico;Epidêmico;Se manteve;27,3;74,6;287,5;366,3;365,3;1,3;365,3;São Gonçalo Do Amarante;23;CE;metropolitana;caatinga;42,24;As;60126;26,06;84,32;70,89
2312502;Episódico/Epidêmico;Episódico/Epidêmico;Se manteve;28,6;63,6;184;366,3;196,3;1,7;196,3;São João Do Jaguaribe;23;CE;nao metropolitana;caatinga;71,79;BSh;5855;24,17;96,16;43,02
2312601;Episódico/Epidêmico;Episódico;Melhorou;27,3;74,6;287,5;366,3;365,3;1,3;365,3;São Luís Do Curu;23;CE;metropolitana;caatinga;52,76;As;10856;4,05;69,29;59,84
2312700;Episódico/Epidêmico;Episódico/Epidêmico;Se manteve;27,5;64,8;204,8;366,3;210,7;2,7;210,7;Senador Pompeu;23;CE;nao metropolitana;caatinga;260,86;As;24256;36,83;76,89;56,81
2312809;Episódico/Epidêmico;Episódico/Epidêmico;Se manteve;27;73,3;434,1;366,3;354,3;6;354,3;Senador Sá;23;CE;nao metropolitana;caatinga;85,52;As;7262;7,84;82,46;41,06
2312908;Epidêmico;Epidêmico;Se manteve;27,4;69,8;279,8;366,3;302,3;2;302,3;Sobral;23;CE;nao metropolitana;caatinga;165,53;As;219030;75,69;95;88,54
2313005;Episódico/Epidêmico;Episódico/Epidêmico;Se manteve;28,2;62,6;218,3;366,3;192,7;4,7;192,7;Solonópole;23;CE;nao metropolitana;caatinga;201,88;BSh;18083;12,98;75,99;53,39
2313104;Episódico/Epidêmico;Epidêmico;Piorou;28,3;66,4;207,1;366,3;252;2;252;Tabuleiro Do Norte;23;CE;nao metropolitana;caatinga;101,72;BSh;30655;24,61;77,81;66,33
2313203;Episódico/Epidêmico;Episódico/Epidêmico;Se manteve;26,7;65,8;243,3;366,3;214;2,7;214;Tamboril;23;CE;nao metropolitana;caatinga;390,53;BSh;24812;11,91;83,42;50,08
2313252;Episódico;Episódico;Se manteve;26,4;63,5;216,8;366,3;210,7;3,7;210,7;Tarrafas;23;CE;nao metropolitana;caatinga;408,12;As;7530;2,41;77,41;42,88
2313302;Epidêmico;Epidêmico;Se manteve;26,4;64,1;196,3;366,3;202,7;2,3;202,7;Tauá;23;CE;nao metropolitana;caatinga;489,2;BSh;56086;33,5;78,52;61,97
2313351;Episódico/Epidêmico;Episódico/Epidêmico;Se manteve;27;70,5;224,2;366,3;325,3;1,3;325,3;Tejuçuoca;23;CE;nao metropolitana;caatinga;188,98;BSh;17149;2,73;60,04;43,3
2313401;Episódico/Epidêmico;Epidêmico;Piorou;26,2;71,4;285;366,3;337,7;1,7;337,7;Tianguá;23;CE;nao metropolitana;caatinga;591,26;As;81656;40,36;89,94;61,58
2313500;Episódico/Epidêmico;Episódico/Epidêmico;Se manteve;27;76,6;312,6;366,3;366;1;366;Trairi;23;CE;metropolitana;caatinga;43,37;As;58122;6,34;75,99;38,41
2313559;Episódico/Epidêmico;Episódico/Epidêmico;Se manteve;26,8;74;324,5;366,3;360,7;1,3;360,7;Tururu;23;CE;nao metropolitana;caatinga;95,83;As;15432;1,65;79,47;52,92
2313609;Episódico/Epidêmico;Episódico/Epidêmico;Se manteve;25,7;70,3;382;366,3;291,7;8,3;291,7;Ubajara;23;CE;nao metropolitana;caatinga;614,67;As;32778;8,25;80,74;59,54
2313708;Episódico/Epidêmico;Episódico/Epidêmico;Se manteve;27,7;60,5;190,8;366,3;174;2,3;174;Umari;23;CE;nao metropolitana;caatinga;305,01;As;6874;14,52;80,47;40,33
2313757;Episódico/Epidêmico;Episódico/Epidêmico;Se manteve;27,3;72,6;266,1;366,3;352,7;1;352,7;Umirim;23;CE;nao metropolitana;caatinga;108,89;As;17491;7,21;79,83;57,52
2313807;Episódico/Epidêmico;Episódico/Epidêmico;Se manteve;26,8;74;324,5;366,3;360,7;1,3;360,7;Uruburetama;23;CE;nao metropolitana;caatinga;378,36;As;20259;19,16;76,89;77,15
2313906;Episódico/Epidêmico;Episódico/Epidêmico;Se manteve;27;73,3;434,1;366,3;354,3;6;354,3;Uruoca;23;CE;nao metropolitana;caatinga;90,06;As;13651;24,9;71,33;54,38
2313955;Episódico/Epidêmico;Episódico/Epidêmico;Se manteve;27,5;68,5;275,8;366,3;270,3;2,3;270,3;Varjota;23;CE;nao metropolitana;caatinga;166,54;As;18105;25,26;91,82;75,64
2314003;Episódico/Epidêmico;Episódico/Epidêmico;Se manteve;26,9;62,5;212,7;366,3;197,3;3,3;197,3;Várzea Alegre;23;CE;nao metropolitana;caatinga;368,67;As;38825;18,43;85,21;57,91
2314102;Episódico/Epidêmico;Epidêmico;Piorou;25,9;71,7;372,1;366,3;324,7;6,3;324,7;Viçosa Do Ceará;23;CE;nao metropolitana;caatinga;460,78;As;59470;9,58;65,81;31,94
2400109;Episódico/Epidêmico;Episódico/Epidêmico;Se manteve;26,3;66,8;130,7;366,3;290,7;0,7;290,7;Acari;24;RN;nao metropolitana;caatinga;338,81;BSh;10589;82,24;94,5;89,43
2400208;Episódico/Epidêmico;Episódico/Epidêmico;Se manteve;28,4;63,6;159,9;366,3;197,3;1,7;197,3;Açu;24;RN;nao metropolitana;caatinga;86,9;BSh;56482;13,63;88,83;86,38
2400307;Episódico/Epidêmico;Episódico/Epidêmico;Se manteve;27,1;68,5;185,9;366,3;332,7;2;332,7;Afonso Bezerra;24;RN;nao metropolitana;caatinga;76,77;BSh;10838;51,82;76,2;58,46
2400406;Episódico/Epidêmico;Episódico/Epidêmico;Se manteve;27,4;62,2;174,1;366,3;183,3;2,7;183,3;Água Nova;24;RN;nao metropolitana;caatinga;304,44;As;2951;7,07;86,49;65,66
2400505;Episódico/Epidêmico;Episódico;Melhorou;27,8;60,9;168,1;366,3;170,3;1,7;170,3;Alexandria;24;RN;nao metropolitana;caatinga;346,08;As;13211;57,25;84,87;68,74
2400604;Episódico;Sem transmissão;Melhorou;28;60,9;159,4;366,3;164,7;1,7;164,7;Almino Afonso;24;RN;nao metropolitana;caatinga;293,27;As;4689;12,61;73,19;67,83
2400703;Episódico/Epidêmico;Episódico;Melhorou;28,1;66,3;185,1;366,3;257,7;1,7;257,7;Alto Do Rodrigues;24;RN;nao metropolitana;caatinga;38,51;BSh;12538;8,2;85,86;95,89
2400802;Episódico/Epidêmico;Episódico/Epidêmico;Se manteve;26,2;70,2;171,4;366,3;357;2;357;Angicos;24;RN;nao metropolitana;caatinga;123,98;BSh;11641;38,29;90,47;81,49
2400901;Episódico;Episódico;Se manteve;27,6;62,8;192,9;366,3;188,7;3,3;188,7;Antônio Martins;24;RN;nao metropolitana;caatinga;341,03;As;6577;24,82;84,71;52,9
2401008;Episódico/Epidêmico;Episódico/Epidêmico;Se manteve;28,2;62,2;170,2;366,3;181,3;1,3;181,3;Apodi;24;RN;nao metropolitana;caatinga;126,04;As;36118;10,29;71,44;62,35
2401107;Episódico/Epidêmico;Episódico/Epidêmico;Se manteve;26,9;76,8;256,7;366,3;366,3;3;366,3;Areia Branca;24;RN;nao metropolitana;caatinga;82,73;BSh;24076;29,05;86,47;93,81
2401206;Episódico/Epidêmico;Episódico/Epidêmico;Se manteve;26,2;80,2;361,1;366,3;366,3;3,7;366,3;Arês;24;RN;nao metropolitana;mata atlantica;66,03;As;13268;20,16;86,96;81,79
2401305;Episódico/Epidêmico;Episódico;Melhorou;28,3;62,4;179,4;366,3;180,3;2;180,3;Augusto Severo;24;RN;nao metropolitana;caatinga;158,74;BSh;10319;17,49;55,02;52,41
2401404;Episódico/Epidêmico;Episódico/Epidêmico;Se manteve;26;80;354;366,3;366,3;2,3;366,3;Baía Formosa;24;RN;nao metropolitana;mata atlantica;35,55;As;8825;10,36;90,93;93,41
2401453;Episódico/Epidêmico;Episódico/Epidêmico;Se manteve;28;67,8;200,8;366,3;290,7;1,7;290,7;Baraúna;24;RN;nao metropolitana;caatinga;99,83;As;26949;9,68;80,07;70,68
2401503;Episódico/Epidêmico;Episódico/Epidêmico;Se manteve;26,2;74,1;186,5;366,3;366;2,3;366;Barcelona;24;RN;nao metropolitana;caatinga;163,82;BSh;4003;25,33;80,12;57,52
2401602;Episódico/Epidêmico;Episódico;Melhorou;26,3;76;225,5;366,3;366,3;2,3;366,3;Bento Fernandes;24;RN;nao metropolitana;caatinga;133,51;As;4796;13,78;75,37;65,05
2401651;Episódico/Epidêmico;Episódico;Melhorou;26,2;70,2;171,4;366,3;357;2;357;Bodó;24;RN;nao metropolitana;caatinga;484,61;BSh;2309;40,57;76,84;58,56
2401701;Episódico;Episódico/Epidêmico;Piorou;26,2;78;257;366,3;366,3;2,7;366,3;Bom Jesus;24;RN;nao metropolitana;caatinga;115,81;As;9713;10,51;87,55;76,14
2401800;Episódico/Epidêmico;Episódico/Epidêmico;Se manteve;26;80;354;366,3;366,3;2,3;366,3;Brejinho;24;RN;nao metropolitana;caatinga;113;As;12205;31,56;87;79,13
2401859;Episódico/Epidêmico;Episódico/Epidêmico;Se manteve;27,2;73;211;366,3;366;1,7;366;Caiçara Do Norte;24;RN;nao metropolitana;caatinga;34,48;BSh;6282;40,41;92,21;96,38
2401909;Episódico/Epidêmico;Episódico/Epidêmico;Se manteve;25,9;72,9;162,3;366,3;366;1,7;366;Caiçara Do Rio Do Vento;24;RN;nao metropolitana;caatinga;232,15;BSh;3274;58,52;89,46;83,08
2402006;Epidêmico;Episódico/Epidêmico;Melhorou;27,2;63,1;125,7;366,3;205,3;0,7;205,3;Caicó;24;RN;nao metropolitana;caatinga;228,69;BSh;61160;76,84;93,35;88,4
2402105;Episódico/Epidêmico;Episódico/Epidêmico;Se manteve;25,5;73,1;143,7;366,3;365,7;1;365,7;Campo Redondo;24;RN;nao metropolitana;caatinga;482,79;As;10217;45,58;50,77;60,78
2402204;Episódico/Epidêmico;Episódico/Epidêmico;Se manteve;25,9;78,1;243,3;366,3;366,3;1,7;366,3;Canguaretama;24;RN;nao metropolitana;mata atlantica;56,44;As;29377;5,29;92,08;83,12
2402303;Episódico/Epidêmico;Episódico/Epidêmico;Se manteve;28,2;62,2;170,2;366,3;181,3;1,3;181,3;Caraúbas;24;RN;nao metropolitana;caatinga;126,87;BSh;19766;12,79;78,78;72,47
2402402;Episódico/Epidêmico;Episódico/Epidêmico;Se manteve;26,1;66,9;128,1;366,3;294,7;1;294,7;Carnaúba Dos Dantas;24;RN;nao metropolitana;caatinga;459,7;BSh;7949;16,75;79,09;91,76
2402501;Episódico;Episódico;Se manteve;28,1;66,3;185,1;366,3;257,7;1,7;257,7;Carnaubais;24;RN;nao metropolitana;caatinga;46,37;BSh;9704;45,28;87,53;78,71
2402600;Episódico/Epidêmico;Episódico/Epidêmico;Se manteve;26,3;78,6;344,9;366,3;366,3;3,3;366,3;Ceará-Mirim;24;RN;metropolitana;caatinga;45,88;As;78486;55,11;81,18;62,48
2402709;Episódico/Epidêmico;Episódico;Melhorou;25,4;71,7;157,7;366,3;363,7;1;363,7;Cerro Corá;24;RN;nao metropolitana;caatinga;497,27;BSh;11002;4,75;67,07;54,79
2402808;Episódico;Episódico/Epidêmico;Piorou;25,2;71,5;137,3;366,3;364,3;0,7;364,3;Coronel Ezequiel;24;RN;nao metropolitana;caatinga;513;As;5092;20,22;51,3;56,65
2402907;Episódico/Epidêmico;Episódico;Melhorou;27,3;62,9;189,5;366,3;192,3;3;192,3;Coronel João Pessoa;24;RN;nao metropolitana;caatinga;517,4;As;4237;0,32;86,01;50,66
2403004;Episódico/Epidêmico;Episódico;Melhorou;26,1;66,9;128,1;366,3;294,7;1;294,7;Cruzeta;24;RN;nao metropolitana;caatinga;277,75;BSh;8008;66,19;85,02;80,64
2403103;Epidêmico;Episódico/Epidêmico;Melhorou;26,3;66,8;130,7;366,3;290,7;0,7;290,7;Currais Novos;24;RN;nao metropolitana;caatinga;419,31;BSh;41341;83,43;89,85;90,63
2403202;Episódico/Epidêmico;Episódico/Epidêmico;Se manteve;27,5;63,1;236,1;366,3;194,7;3,7;194,7;Doutor Severiano;24;RN;nao metropolitana;caatinga;509,29;As;7049;25,41;90,91;47,09
2403251;Epidêmico;Epidêmico;Se manteve;26,2;80,2;361,1;366,3;366,3;3,7;366,3;Parnamirim;24;RN;metropolitana;caatinga;41,69;As;252950;57,58;98,72;98,9
2403301;Episódico;Sem transmissão;Melhorou;27,3;62,9;189,5;366,3;192,3;3;192,3;Encanto;24;RN;nao metropolitana;caatinga;280,51;As;6017;16,07;78,59;65,83
2403400;Episódico/Epidêmico;Episódico/Epidêmico;Se manteve;25,4;68,6;131;366,3;325,3;1;325,3;Equador;24;RN;nao metropolitana;caatinga;526,9;BSh;5355;50,43;78,86;78,57
2403509;Episódico;Episódico/Epidêmico;Piorou;25,9;78,1;243,3;366,3;366,3;1,7;366,3;Espírito Santo;24;RN;nao metropolitana;mata atlantica;97,71;As;10622;19,89;89,32;70,54
2403608;Episódico/Epidêmico;Epidêmico;Piorou;26,3;80,6;415,6;366,3;366,3;4;366,3;Extremoz;24;RN;metropolitana;caatinga;27,56;As;61381;37,81;93,88;77,27
2403707;Episódico;Episódico/Epidêmico;Piorou;28,3;63,1;171;366,3;199;1,3;199;Felipe Guerra;24;RN;nao metropolitana;caatinga;74,73;BSh;5970;4,91;77,06;61,2
2403756;Episódico/Epidêmico;Episódico/Epidêmico;Se manteve;26,2;70,2;171,4;366,3;357;2;357;Fernando Pedroza;24;RN;nao metropolitana;caatinga;220,35;BSh;2937;7,05;79,69;81,1
2403806;Episódico/Epidêmico;Episódico/Epidêmico;Se manteve;27,4;64;159,5;366,3;209,3;1,3;209,3;Florânia;24;RN;nao metropolitana;caatinga;346,47;BSh;10199;73,5;83,2;77,08
2403905;Episódico/Epidêmico;Episódico;Melhorou;27,6;62,7;184,5;366,3;188;2,7;188;Francisco Dantas;24;RN;nao metropolitana;caatinga;265,96;As;2700;1,08;80;64,43
2404002;Episódico;Episódico;Se manteve;28;60,9;159,4;366,3;164,7;1,7;164,7;Frutuoso Gomes;24;RN;nao metropolitana;caatinga;287,02;As;4122;1,62;81,23;65,79
2404101;Episódico/Epidêmico;Episódico/Epidêmico;Se manteve;27,5;72;211,3;366,3;365,3;2;365,3;Galinhos;24;RN;nao metropolitana;caatinga;21,23;BSh;2105;0,9;74,02;91,04
2404200;Episódico/Epidêmico;Episódico/Epidêmico;Se manteve;25,9;78,1;243,3;366,3;366,3;1,7;366,3;Goianinha;24;RN;nao metropolitana;mata atlantica;66,66;As;27079;43,25;80,35;89,56
2404309;Episódico/Epidêmico;Episódico;Melhorou;28,5;63,1;163,5;366,3;194,3;2,3;194,3;Governador Dix-Sept Rosado;24;RN;nao metropolitana;caatinga;77,02;BSh;11926;31,58;59,72;53,21
2404408;Episódico/Epidêmico;Episódico;Melhorou;26,9;76,8;256,6;366,3;366,3;3;366,3;Grossos;24;RN;nao metropolitana;caatinga;14,91;BSh;9742;17,68;87,02;86,91
2404507;Epidêmico;Episódico/Epidêmico;Melhorou;27,5;72;211,3;366,3;365,3;2;365,3;Guamaré;24;RN;nao metropolitana;caatinga;22,57;BSh;15312;37,31;87,74;95,16
2404606;Episódico/Epidêmico;Episódico/Epidêmico;Se manteve;26,3;76;225,5;366,3;366,3;2,3;366,3;Ielmo Marinho;24;RN;nao metropolitana;caatinga;78,99;As;11614;18,96;51,89;40,79
2404705;Episódico;Episódico;Se manteve;28;65,3;177,1;366,3;239,7;2;239,7;Ipanguaçu;24;RN;nao metropolitana;caatinga;43,25;BSh;14164;18,44;74,92;70,34
2404804;Episódico/Epidêmico;Episódico;Melhorou;27,8;59,9;135,4;366,3;157,3;1,3;157,3;Ipueira;24;RN;nao metropolitana;caatinga;232,7;BSh;2035;1,88;94,38;91,25
2404853;Episódico;Episódico;Se manteve;27,1;66,5;177;366,3;273,7;2,7;273,7;Itajá;24;RN;nao metropolitana;caatinga;77,22;BSh;7298;15,58;88,62;86,87
2404903;Episódico;Episódico;Se manteve;28;62,9;190,9;366,3;191,7;2,7;191,7;Itaú;24;RN;nao metropolitana;caatinga;140,59;As;5317;3,29;89,12;84,57
2405009;Episódico/Epidêmico;Episódico/Epidêmico;Se manteve;25,1;73,6;133,2;366,3;366,3;1;366,3;Jaçanã;24;RN;nao metropolitana;caatinga;627,02;As;10247;0,73;64,86;78,39
2405108;Episódico/Epidêmico;Episódico/Epidêmico;Se manteve;27,6;68,7;205,6;366,3;331;1;331;Jandaíra;24;RN;nao metropolitana;caatinga;124,59;BSh;6570;14,87;71,66;78,99
2405207;Episódico/Epidêmico;Episódico/Epidêmico;Se manteve;28;61,7;166,4;366,3;175,7;1,3;175,7;Janduís;24;RN;nao metropolitana;caatinga;161,98;BSh;4767;41,76;77,69;79,48
2405306;Episódico/Epidêmico;Episódico;Melhorou;25,9;78,1;243,3;366,3;366,3;1,7;366,3;Januário Cicco;24;RN;nao metropolitana;caatinga;126,56;As;9054;12,02;76,74;44,68
2405405;Episódico/Epidêmico;Episódico;Melhorou;25,5;74,3;152,7;366,3;366,3;1;366,3;Japi;24;RN;nao metropolitana;caatinga;312,77;BSh;5123;52,98;58,06;74,11
2405504;Episódico;Episódico/Epidêmico;Piorou;26,2;74,9;216,9;366,3;366,3;2,7;366,3;Jardim De Angicos;24;RN;nao metropolitana;caatinga;161,69;BSh;2436;9,04;45,06;34,93
2405603;Episódico/Epidêmico;Episódico/Epidêmico;Se manteve;28;60,6;132,1;366,3;162,3;1,3;162,3;Jardim De Piranhas;24;RN;nao metropolitana;caatinga;141,84;BSh;13969;21,13;82,66;77,73
2405702;Episódico/Epidêmico;Episódico/Epidêmico;Se manteve;27,2;63,1;125,7;366,3;205,3;0,7;205,3;Jardim Do Seridó;24;RN;nao metropolitana;caatinga;240,41;BSh;11623;73,74;91,01;84,82
2405801;Episódico/Epidêmico;Episódico/Epidêmico;Se manteve;26,2;74,9;216,9;366,3;366,3;2,7;366,3;João Câmara;24;RN;nao metropolitana;caatinga;167,84;BSh;33191;17,54;78,63;74,56
2405900;Episódico;Episódico;Se manteve;27,5;62,1;181,5;366,3;181,7;2,3;181,7;João Dias;24;RN;nao metropolitana;caatinga;452;As;2076;37,63;79,66;51,47
2406007;Episódico/Epidêmico;Episódico/Epidêmico;Se manteve;27,1;62,5;183,9;366,3;185,7;3;185,7;José Da Penha;24;RN;nao metropolitana;caatinga;316,85;As;5799;21,69;93,85;62,92
2406106;Episódico/Epidêmico;Episódico/Epidêmico;Se manteve;28;62,1;172,6;366,3;178;1,3;178;Jucurutu;24;RN;nao metropolitana;caatinga;172,83;BSh;17779;31,86;86,84;68,51
2406155;Episódico;Episódico/Epidêmico;Piorou;25,9;78,1;243,3;366,3;366,3;1,7;366,3;Jundiá;24;RN;nao metropolitana;caatinga;106,87;As;3737;6,75;71,24;71,82
2406205;Episódico/Epidêmico;Episódico;Melhorou;25,5;79,2;252,2;366,3;366,3;1;366,3;Lagoa D'anta;24;RN;nao metropolitana;caatinga;154,73;As;6680;6,65;87,41;74,27
2406304;Episódico/Epidêmico;Episódico;Melhorou;26,2;78;257;366,3;366,3;2,7;366,3;Lagoa De Pedras;24;RN;nao metropolitana;caatinga;101,1;As;7340;8,48;62,66;49,95
2406403;Episódico/Epidêmico;Episódico/Epidêmico;Se manteve;26,1;73,4;161,8;366,3;366,3;2;366,3;Lagoa De Velhos;24;RN;nao metropolitana;caatinga;147,37;BSh;2569;18,69;87,5;69,48
2406502;Episódico/Epidêmico;Episódico/Epidêmico;Se manteve;26,3;67,7;162;366,3;304,7;0,7;304,7;Lagoa Nova;24;RN;nao metropolitana;caatinga;661,49;BSh;15584;46,39;85,06;55,13
2406601;Episódico;Episódico;Se manteve;26,3;75,1;198,7;366,3;366,3;2;366,3;Lagoa Salgada;24;RN;nao metropolitana;caatinga;102,58;As;8334;2,25;77,91;62,38
2406700;Episódico/Epidêmico;Episódico/Epidêmico;Se manteve;26,4;72,3;190,6;366,3;365,7;1,7;365,7;Lajes;24;RN;nao metropolitana;caatinga;251,86;BSh;9866;61,07;78,74;77,72
2406809;Episódico/Epidêmico;Episódico/Epidêmico;Se manteve;25,5;74,3;152,7;366,3;366,3;1;366,3;Lajes Pintadas;24;RN;nao metropolitana;caatinga;388,93;As;4779;34,55;68,64;67,5
2406908;Episódico/Epidêmico;Episódico;Melhorou;27,6;62,8;192,9;366,3;188,7;3,3;188,7;Lucrécia;24;RN;nao metropolitana;caatinga;262,68;As;3490;72,95;80,68;93,96
2407005;Episódico/Epidêmico;Episódico/Epidêmico;Se manteve;27,1;62,5;183,9;366,3;185,7;3;185,7;Luís Gomes;24;RN;nao metropolitana;caatinga;487,82;As;9083;3,88;85;68,58
2407104;Epidêmico;Epidêmico;Se manteve;26,2;78,6;305,3;366,3;366,3;2,7;366,3;Macaíba;24;RN;metropolitana;caatinga;78,71;As;81584;19,55;86,5;80,6
2407203;Episódico/Epidêmico;Episódico/Epidêmico;Se manteve;27,4;71,5;216,1;366,3;354,3;2,3;354,3;Macau;24;RN;nao metropolitana;caatinga;27,54;BSh;27395;70,66;90,16;92,55
2407252;Episódico;Episódico/Epidêmico;Piorou;27,6;60,9;162;366,3;172;1;172;Major Sales;24;RN;nao metropolitana;caatinga;312,25;As;3924;20,83;98,81;88,24
2407302;Episódico/Epidêmico;Episódico/Epidêmico;Se manteve;27,1;62,5;183,9;366,3;185,7;3;185,7;Marcelino Vieira;24;RN;nao metropolitana;caatinga;259,95;As;7896;31,01;88,64;55,62
2407401;Episódico;Episódico;Se manteve;27,6;62,7;184,5;366,3;188;2,7;188;Martins;24;RN;nao metropolitana;caatinga;442,54;As;8178;0,29;76,2;67,66
2407500;Episódico/Epidêmico;Episódico;Melhorou;26,3;78,6;344,9;366,3;366,3;3,3;366,3;Maxaranguape;24;RN;metropolitana;caatinga;29,28;As;10262;5,51;96;69,82
2407609;Episódico/Epidêmico;Episódico;Melhorou;28;61,7;166,4;366,3;175,7;1,3;175,7;Messias Targino;24;RN;nao metropolitana;caatinga;179,74;As;4283;17,52;76,87;86,73
2407708;Episódico;Episódico/Epidêmico;Piorou;25,9;80,2;358,5;366,3;366,3;2,3;366,3;Montanhas;24;RN;nao metropolitana;caatinga;86,05;As;11459;5,33;92,37;82,16
2407807;Episódico/Epidêmico;Episódico;Melhorou;26,2;78;257;366,3;366,3;2,7;366,3;Monte Alegre;24;RN;metropolitana;caatinga;86,18;As;22950;23,59;92,77;67,48
2407906;Episódico;Episódico;Se manteve;25;78,3;209,4;366,3;366,3;0,7;366,3;Monte Das Gameleiras;24;RN;nao metropolitana;caatinga;341,77;As;2277;25,23;74,32;71,1
2408003;Epidêmico;Epidêmico;Se manteve;28,1;65,9;181,2;366,3;245,7;1,3;245,7;Mossoró;24;RN;nao metropolitana;caatinga;55,03;BSh;264181;64,9;92,76;92,91
2408102;Epidêmico;Transmissão Persistente;Piorou;26,2;78,6;305,3;366,3;366,3;2,7;366,3;Natal;24;RN;metropolitana;mata atlantica;40,89;As;751932;62,77;99,08;98,91
2408201;Episódico/Epidêmico;Episódico/Epidêmico;Se manteve;26,2;78;257;366,3;366,3;2,7;366,3;Nísia Floresta;24;RN;metropolitana;mata atlantica;41,37;As;30952;21,49;85,23;85,46
2408300;Epidêmico;Epidêmico;Se manteve;25,9;78,1;243,3;366,3;366,3;1,7;366,3;Nova Cruz;24;RN;nao metropolitana;caatinga;100,14;As;34252;14,13;81,96;77,06
2408409;Episódico;Episódico;Se manteve;28,2;62,2;170,2;366,3;181,3;1,3;181,3;Olho D'água Do Borges;24;RN;nao metropolitana;caatinga;170,66;As;3896;2,41;80,53;75
2408508;Episódico/Epidêmico;Episódico/Epidêmico;Se manteve;27,2;63,1;125,7;366,3;205,3;0,7;205,3;Ouro Branco;24;RN;nao metropolitana;caatinga;242,16;BSh;4912;16,85;83,3;70,91
2408607;Episódico/Epidêmico;Episódico;Melhorou;27,6;60,9;162;366,3;172;1;172;Paraná;24;RN;nao metropolitana;caatinga;342,39;As;3934;1,15;88,95;57,13
2408706;Episódico;Episódico;Se manteve;28,2;63;178,7;366,3;187;1,7;187;Paraú;24;RN;nao metropolitana;caatinga;110,24;BSh;3589;18,63;85;83,28
2408805;Episódico/Epidêmico;Episódico/Epidêmico;Se manteve;26,4;77;283,3;366,3;366,3;2;366,3;Parazinho;24;RN;nao metropolitana;caatinga;109,63;BSh;4796;44,85;86,5;71,36
2408904;Epidêmico;Epidêmico;Se manteve;26,1;66,9;128,1;366,3;294,7;1;294,7;Parelhas;24;RN;nao metropolitana;caatinga;368,37;BSh;21464;70,95;90,72;88,67
2408953;Episódico/Epidêmico;Episódico/Epidêmico;Se manteve;26,4;77;283,3;366,3;366,3;2;366,3;Rio Do Fogo;24;RN;nao metropolitana;caatinga;27,63;As;10268;0,9;95,91;82,48
2409100;Episódico/Epidêmico;Episódico/Epidêmico;Se manteve;25,8;75,9;187,3;366,3;366,3;1,3;366,3;Passa E Fica;24;RN;nao metropolitana;caatinga;159,04;As;10892;59,58;87,26;83,75
2409209;Episódico;Episódico/Epidêmico;Piorou;25,9;78,1;243,3;366,3;366,3;1,7;366,3;Passagem;24;RN;nao metropolitana;caatinga;78,68;As;3119;6,16;77,22;64,88
2409308;Episódico/Epidêmico;Episódico/Epidêmico;Se manteve;27,6;62,8;192,9;366,3;188,7;3,3;188,7;Patu;24;RN;nao metropolitana;caatinga;236,77;As;11001;21,85;62,71;84,32
2409332;Episódico/Epidêmico;Episódico/Epidêmico;Se manteve;26,2;74,1;186,5;366,3;366;2,3;366;Santa Maria;24;RN;nao metropolitana;caatinga;103,5;As;4843;0,91;72,64;71,42
2409407;Epidêmico;Episódico/Epidêmico;Melhorou;27,3;62,9;189,5;366,3;192,3;3;192,3;Pau Dos Ferros;24;RN;nao metropolitana;caatinga;222,32;As;30403;57,56;96,87;91,57
2409506;Episódico/Epidêmico;Episódico/Epidêmico;Se manteve;26,9;75,4;247,7;366,3;366,3;1,7;366,3;Pedra Grande;24;RN;nao metropolitana;caatinga;36,97;As;3611;3,1;67;75,86
2409605;Episódico/Epidêmico;Episódico/Epidêmico;Se manteve;26,4;72,3;190,6;366,3;365,7;1,7;365,7;Pedra Preta;24;RN;nao metropolitana;caatinga;203,38;BSh;2450;4,08;41,54;40,93
2409704;Episódico/Epidêmico;Episódico;Melhorou;28;65,3;177,1;366,3;239,7;2;239,7;Pedro Avelino;24;RN;nao metropolitana;caatinga;128,85;BSh;6241;49,43;71,22;64,14
2409803;Episódico;Episódico/Epidêmico;Piorou;26;80;354;366,3;366,3;2,3;366,3;Pedro Velho;24;RN;nao metropolitana;caatinga;80,65;As;13860;36,4;96,69;70,97
2409902;Episódico/Epidêmico;Episódico/Epidêmico;Se manteve;28,1;66,3;185,1;366,3;257,7;1,7;257,7;Pendências;24;RN;nao metropolitana;caatinga;34,37;BSh;12273;61,74;91,99;95,44
2410009;Episódico/Epidêmico;Episódico/Epidêmico;Se manteve;27,4;62,2;174,1;366,3;183,3;2,7;183,3;Pilões;24;RN;nao metropolitana;caatinga;270,62;As;2963;21,98;88,64;83,02
2410108;Episódico/Epidêmico;Episódico;Melhorou;26,2;74,9;216,9;366,3;366,3;2,7;366,3;Poço Branco;24;RN;nao metropolitana;caatinga;104,16;As;12389;9,46;91,48;64,37
2410207;Episódico;Episódico;Se manteve;27,6;62,7;184,5;366,3;188;2,7;188;Portalegre;24;RN;nao metropolitana;caatinga;534,4;As;7601;1,12;62,07;53,34
2410256;Episódico/Epidêmico;Episódico;Melhorou;27,4;71,5;216,1;366,3;354,3;2,3;354,3;Porto Do Mangue;24;RN;nao metropolitana;caatinga;50,71;BSh;5253;0,28;58,44;77,66
2410306;Episódico/Epidêmico;Episódico/Epidêmico;Se manteve;26,1;73,4;161,8;366,3;366,3;2;366,3;Serra Caiada;24;RN;nao metropolitana;caatinga;158,43;BSh;9964;27,51;85,23;64,08
2410405;Episódico/Epidêmico;Episódico/Epidêmico;Se manteve;26,3;78,6;344,9;366,3;366,3;3,3;366,3;Pureza;24;RN;nao metropolitana;caatinga;97,06;As;9358;1,44;57,74;40,4
2410504;Episódico/Epidêmico;Episódico/Epidêmico;Se manteve;27,6;62,7;184,5;366,3;188;2,7;188;Rafael Fernandes;24;RN;nao metropolitana;caatinga;236,55;As;5432;20,83;51;58,12
2410603;Episódico;Episódico;Se manteve;27,6;62,8;192,9;366,3;188,7;3,3;188,7;Rafael Godeiro;24;RN;nao metropolitana;caatinga;204,8;As;2931;3,56;72,74;58,28
2410702;Episódico;Episódico;Se manteve;27,9;63;191,9;366,3;193,7;2;193,7;Riacho Da Cruz;24;RN;nao metropolitana;caatinga;185,23;As;2693;59,5;87,81;87,82
2410801;Episódico/Epidêmico;Episódico;Melhorou;27,1;62,5;183,9;366,3;185,7;3;185,7;Riacho De Santana;24;RN;nao metropolitana;caatinga;354,32;As;4134;15,27;79,51;45,64
2410900;Episódico/Epidêmico;Episódico;Melhorou;26,2;74,1;186,5;366,3;366;2,3;366;Riachuelo;24;RN;nao metropolitana;caatinga;161,94;BSh;7389;60,89;80,72;80,06
2411007;Episódico/Epidêmico;Episódico;Melhorou;28;62,9;190,9;366,3;191,7;2,7;191,7;Rodolfo Fernandes;24;RN;nao metropolitana;caatinga;191,94;As;4234;21,69;88,43;87,95
2411056;Episódico/Epidêmico;Episódico;Melhorou;27,2;74,3;254,3;366,3;365,3;2,7;365,3;Tibau;24;RN;nao metropolitana;caatinga;30,26;As;5389;31,65;88,82;82,39
2411106;Episódico/Epidêmico;Episódico/Epidêmico;Se manteve;26,2;74,1;186,5;366,3;366;2,3;366;Ruy Barbosa;24;RN;nao metropolitana;caatinga;240,16;BSh;3203;0,72;57,59;55,52
2411205;Epidêmico;Epidêmico;Se manteve;25,5;74,3;152,7;366,3;366,3;1;366,3;Santa Cruz;24;RN;nao metropolitana;caatinga;263,9;BSh;37232;81,47;86,96;83,96
2411403;Episódico/Epidêmico;Episódico/Epidêmico;Se manteve;27,1;66,5;177;366,3;273,7;2,7;273,7;Santana Do Matos;24;RN;nao metropolitana;caatinga;206,13;BSh;12460;58,54;65,75;52,55
2411429;Episódico/Epidêmico;Episódico/Epidêmico;Se manteve;26,4;64,8;131,4;366,3;239;1,3;239;Santana Do Seridó;24;RN;nao metropolitana;caatinga;323,4;BSh;2696;65,56;82,57;75,66
2411502;Episódico/Epidêmico;Episódico/Epidêmico;Se manteve;25,8;75,9;187,3;366,3;366,3;1,3;366,3;Santo Antônio;24;RN;nao metropolitana;caatinga;105,04;As;22150;21,08;80,55;72,47
2411601;Episódico/Epidêmico;Episódico/Epidêmico;Se manteve;27,2;73;211;366,3;366;1,7;366;São Bento Do Norte;24;RN;nao metropolitana;caatinga;31,73;BSh;3252;66;78,08;35,52
2411700;Episódico/Epidêmico;Episódico/Epidêmico;Se manteve;25,1;73,6;133,2;366,3;366,3;1;366,3;São Bento Do Trairí;24;RN;nao metropolitana;caatinga;307,03;BSh;3788;70,5;71,08;58,13
2411809;Episódico/Epidêmico;Episódico/Epidêmico;Se manteve;28,2;60,8;139;366,3;162,7;1,7;162,7;São Fernando;24;RN;nao metropolitana;caatinga;156,39;BSh;3480;37,39;82,95;70,48
2411908;Episódico;Episódico;Se manteve;28;62,9;190,9;366,3;191,7;2,7;191,7;São Francisco Do Oeste;24;RN;nao metropolitana;caatinga;204,57;As;4172;0,51;92,24;83,36
2412005;Episódico/Epidêmico;Episódico/Epidêmico;Se manteve;26,2;78,6;305,3;366,3;366,3;2,7;366,3;São Gonçalo Do Amarante;24;RN;metropolitana;caatinga;44,63;As;115467;65,63;97;91,29
2412104;Episódico/Epidêmico;Episódico;Melhorou;28;60,6;132,1;366,3;162,3;1,3;162,3;São João Do Sabugi;24;RN;nao metropolitana;caatinga;215,31;BSh;5956;4,29;84,23;83,53
2412203;Episódico/Epidêmico;Episódico/Epidêmico;Se manteve;26,2;78;257;366,3;366,3;2,7;366,3;São José De Mipibu;24;RN;metropolitana;caatinga;70,59;As;47279;19,28;77,09;77,8
2412302;Episódico/Epidêmico;Episódico/Epidêmico;Se manteve;25,5;74,3;152,7;366,3;366,3;1;366,3;São José Do Campestre;24;RN;nao metropolitana;caatinga;195,22;BSh;13691;43,7;84,14;83,15
2412401;Episódico/Epidêmico;Episódico;Melhorou;26,1;66,9;128,1;366,3;294,7;1;294,7;São José Do Seridó;24;RN;nao metropolitana;caatinga;224,75;BSh;4548;66,64;92,65;84,33
2412500;Episódico;Episódico/Epidêmico;Piorou;27,3;62,9;189,5;366,3;192,3;3;192,3;São Miguel;24;RN;nao metropolitana;caatinga;588,28;As;23494;3,82;89,68;67,95
2412559;Episódico/Epidêmico;Episódico/Epidêmico;Se manteve;26,9;75,4;247,7;366,3;366,3;1,7;366,3;São Miguel Do Gostoso;24;RN;nao metropolitana;caatinga;50,16;As;10250;2,96;88,21;47,48
2412609;Episódico/Epidêmico;Episódico/Epidêmico;Se manteve;26,3;75,1;198,7;366,3;366,3;2;366,3;São Paulo Do Potengi;24;RN;nao metropolitana;caatinga;113,06;BSh;16586;59,66;84,56;80,51
2412708;Episódico;Episódico;Se manteve;26,3;76;225,5;366,3;366,3;2,3;366,3;São Pedro;24;RN;nao metropolitana;caatinga;92,62;As;5786;2,85;66,34;70,17
2412807;Episódico/Epidêmico;Episódico/Epidêmico;Se manteve;28,2;63;178,7;366,3;187;1,7;187;São Rafael;24;RN;nao metropolitana;caatinga;85,82;BSh;7707;60,83;82,94;73,74
2412906;Episódico/Epidêmico;Episódico/Epidêmico;Se manteve;26,1;73,4;161,8;366,3;366,3;2;366,3;São Tomé;24;RN;nao metropolitana;caatinga;289,1;BSh;9720;27,34;63,39;58,08
2413003;Episódico/Epidêmico;Episódico/Epidêmico;Se manteve;26,3;67,7;162;366,3;304,7;0,7;304,7;São Vicente;24;RN;nao metropolitana;caatinga;401,13;BSh;6311;61,02;93,93;67,37
2413102;Episódico/Epidêmico;Episódico;Melhorou;26,1;73,4;161,8;366,3;366,3;2;366,3;Senador Elói De Souza;24;RN;nao metropolitana;caatinga;135,24;As;5964;17,87;83,74;50,58
2413201;Episódico/Epidêmico;Episódico;Melhorou;26,2;80,2;361,1;366,3;366,3;3,7;366,3;Senador Georgino Avelino;24;RN;nao metropolitana;mata atlantica;15,35;As;4064;1,83;92,61;90,12
2413300;Episódico/Epidêmico;Episódico;Melhorou;25,8;75,9;187,3;366,3;366,3;1,3;366,3;Serra De São Bento;24;RN;nao metropolitana;caatinga;348,92;As;5706;11,42;61,87;62,12
2413359;Episódico/Epidêmico;Episódico/Epidêmico;Se manteve;28,1;66,3;185,1;366,3;257,7;1,7;257,7;Serra Do Mel;24;RN;nao metropolitana;caatinga;177,11;BSh;13110;1,43;83,29;29,3
2413409;Episódico/Epidêmico;Episódico/Epidêmico;Se manteve;28,3;59,7;144,8;366,3;149,7;1,7;149,7;Serra Negra Do Norte;24;RN;nao metropolitana;caatinga;206,7;BSh;7593;74,33;77,22;68,39
2413508;Episódico/Epidêmico;Episódico/Epidêmico;Se manteve;25,8;75,9;187,3;366,3;366,3;1,3;366,3;Serrinha;24;RN;nao metropolitana;caatinga;116,61;As;6444;3,54;56,45;53,76
2413557;Episódico;Episódico;Se manteve;27,6;62,7;184,5;366,3;188;2,7;188;Serrinha Dos Pintos;24;RN;nao metropolitana;caatinga;389,78;As;4659;0,66;93,52;58,09
2413607;Episódico;Episódico/Epidêmico;Piorou;28;62,9;190,9;366,3;191,7;2,7;191,7;Severiano Melo;24;RN;nao metropolitana;caatinga;178,08;As;5497;9,97;69,5;58,55
2413706;Episódico/Epidêmico;Episódico/Epidêmico;Se manteve;25,5;73,1;143,7;366,3;365,7;1;365,7;Sítio Novo;24;RN;nao metropolitana;caatinga;250,43;BSh;4662;13,24;72,25;60,34
2413805;Episódico/Epidêmico;Episódico/Epidêmico;Se manteve;27,6;62,8;192,9;366,3;188,7;3,3;188,7;Taboleiro Grande;24;RN;nao metropolitana;caatinga;197,74;As;2333;1,16;59,57;81,59
2413904;Episódico/Epidêmico;Episódico/Epidêmico;Se manteve;26,2;78,6;305,3;366,3;366,3;2,7;366,3;Taipu;24;RN;nao metropolitana;caatinga;75,16;As;11438;5,81;76,98;50,78
2414001;Episódico/Epidêmico;Episódico/Epidêmico;Se manteve;25,8;75,9;187,3;366,3;366,3;1,3;366,3;Tangará;24;RN;nao metropolitana;caatinga;196,17;BSh;13266;77,32;88,89;78,7
2414100;Episódico/Epidêmico;Episódico;Melhorou;27,4;62,2;174,1;366,3;183,3;2,7;183,3;Tenente Ananias;24;RN;nao metropolitana;caatinga;357,55;As;10262;28,76;73,71;71,27
2414159;Episódico/Epidêmico;Episódico/Epidêmico;Se manteve;26,3;67,7;162;366,3;304,7;0,7;304,7;Tenente Laurentino Cruz;24;RN;nao metropolitana;caatinga;588,28;BSh;5892;6,23;93,64;65,48
2414209;Episódico/Epidêmico;Episódico/Epidêmico;Se manteve;26,2;80,4;446,1;366,3;366,3;4,3;366,3;Tibau Do Sul;24;RN;nao metropolitana;mata atlantica;35,71;As;17210;23,66;89,67;94,1
2414308;Episódico/Epidêmico;Episódico/Epidêmico;Se manteve;28;60,6;132,1;366,3;162,3;1,3;162,3;Timbaúba Dos Batistas;24;RN;nao metropolitana;caatinga;186,94;BSh;2336;97,33;88,59;85,92
2414407;Episódico/Epidêmico;Episódico/Epidêmico;Se manteve;26,5;80;431,1;366,3;366,3;3,3;366,3;Touros;24;RN;nao metropolitana;caatinga;83,09;As;33008;19,63;81,79;56,96
2414456;Episódico;Episódico/Epidêmico;Piorou;28,3;62,4;179,4;366,3;180,3;2;180,3;Triunfo Potiguar;24;RN;nao metropolitana;caatinga;227,18;BSh;3358;1,31;80,8;68,16
2414506;Episódico;Episódico;Se manteve;28;61,7;166,4;366,3;175,7;1,3;175,7;Umarizal;24;RN;nao metropolitana;caatinga;193,25;As;9972;5;90,32;79,09
2414605;Episódico/Epidêmico;Episódico/Epidêmico;Se manteve;28,2;63;178,7;366,3;187;1,7;187;Upanema;24;RN;nao metropolitana;caatinga;93,18;BSh;13434;1,45;72,46;55,24
2414704;Episódico/Epidêmico;Episódico;Melhorou;25,9;78,1;243,3;366,3;366,3;1,7;366,3;Várzea;24;RN;nao metropolitana;caatinga;82,45;As;5232;13,51;87,84;83,31
2414753;Episódico;Episódico;Se manteve;27,3;62,4;222,5;366,3;188;3;188;Venha-Ver;24;RN;nao metropolitana;caatinga;604,34;As;3013;3,76;94,85;31,36
2414803;Episódico/Epidêmico;Episódico/Epidêmico;Se manteve;26,3;75,1;198,7;366,3;366,3;2;366,3;Vera Cruz;24;RN;metropolitana;caatinga;102,44;As;10487;3,54;85,21;88,82
2414902;Episódico;Episódico;Se manteve;27,9;63;191,9;366,3;193,7;2;193,7;Viçosa;24;RN;nao metropolitana;caatinga;281,92;As;1822;73,8;91,27;96,05
2415008;Episódico;Episódico/Epidêmico;Piorou;26;80;354;366,3;366,3;2,3;366,3;Vila Flor;24;RN;nao metropolitana;mata atlantica;37,19;As;3174;1,74;97,96;93,74
2500106;Episódico/Epidêmico;Episódico/Epidêmico;Se manteve;25,7;63,7;132,2;366;211,7;1;211,3;Água Branca;25;PB;nao metropolitana;caatinga;715,2;As;9308;26,5;62,95;56,39
2500205;Episódico;Episódico/Epidêmico;Piorou;27,2;60,7;165,2;366,3;176;2;176;Aguiar;25;PB;nao metropolitana;caatinga;378,16;As;5011;20,19;61,9;50,15
2500304;Episódico/Epidêmico;Episódico/Epidêmico;Se manteve;24,8;78,7;226,6;366,3;366,3;1;366,3;Alagoa Grande;25;PB;nao metropolitana;caatinga;189,45;As;26081;51,69;81,83;74,66
2500403;Episódico/Epidêmico;Episódico/Epidêmico;Se manteve;23,9;78,8;208;366;366,3;1,7;366;Alagoa Nova;25;PB;nao metropolitana;caatinga;471,08;As;21009;39,59;62,44;54,31
2500502;Episódico/Epidêmico;Episódico/Epidêmico;Se manteve;25,6;78,3;246,5;366,3;366,3;2;366,3;Alagoinha;25;PB;nao metropolitana;caatinga;157,53;As;13698;8,6;79,22;65,58
2500536;Episódico;Episódico/Epidêmico;Piorou;24,6;76,2;170,7;366,3;366,3;0,7;366,3;Alcantil;25;PB;nao metropolitana;caatinga;440,04;BSh;5578;4,54;2,94;58,79
2500577;Episódico/Epidêmico;Episódico/Epidêmico;Se manteve;23,9;78,8;208;366;366,3;1,7;366;Algodão De Jandaíra;25;PB;nao metropolitana;caatinga;493,01;BSh;2953;44,73;22,59;49,48
2500601;Episódico/Epidêmico;Episódico/Epidêmico;Se manteve;26;81,2;346,1;366,3;366,3;1,3;366,3;Alhandra;25;PB;metropolitana;mata atlantica;62,32;Am;21632;9,61;89,62;78,59
2500700;Episódico/Epidêmico;Episódico/Epidêmico;Se manteve;27,5;60,7;164,1;366,3;173,3;1,7;173,3;São João Do Rio Do Peixe;25;PB;nao metropolitana;caatinga;281,41;As;17560;33,07;73,6;51,1
2500734;Episódico;Episódico/Epidêmico;Piorou;24,7;68;117,7;366;297,7;1,7;297,3;Amparo;25;PB;nao metropolitana;caatinga;634,99;BSh;2166;10,38;58,64;52,83
2500775;Episódico/Epidêmico;Episódico/Epidêmico;Se manteve;27,9;59,9;152,5;366,3;166;2;166;Aparecida;25;PB;nao metropolitana;caatinga;250,12;As;7962;4,9;81,74;51,93
2500809;Episódico;Episódico/Epidêmico;Piorou;25,5;79,1;257,6;366,3;366,3;1,7;366,3;Araçagi;25;PB;nao metropolitana;caatinga;90,58;As;16589;12,69;61,37;49,76
2500908;Episódico/Epidêmico;Episódico/Epidêmico;Se manteve;23,9;79;205,4;366;366,3;1,3;366;Arara;25;PB;nao metropolitana;caatinga;466,9;As;11408;52,01;76,4;69,54
2501005;Episódico/Epidêmico;Episódico/Epidêmico;Se manteve;24,5;76,9;175,5;366,3;366,3;1;366,3;Araruna;25;PB;nao metropolitana;caatinga;440,65;As;17203;43,85;64,38;58,22
2501104;Episódico/Epidêmico;Episódico/Epidêmico;Se manteve;24,5;79,6;233,6;366,3;366,3;1,3;366,3;Areia;25;PB;nao metropolitana;caatinga;479,04;As;22634;43,1;79,97;63,45
2501153;Episódico;Episódico/Epidêmico;Piorou;26,2;64,2;119,4;366,3;230,3;1,3;230,3;Areia De Baraúnas;25;PB;nao metropolitana;caatinga;536,1;BSh;2005;43,44;56,76;50,82
2501203;Episódico/Epidêmico;Episódico/Epidêmico;Se manteve;24;76,2;162,5;366;366,3;1,3;366;Areial;25;PB;nao metropolitana;caatinga;693,91;As;7139;59,45;61,97;74,06
2501302;Episódico/Epidêmico;Episódico/Epidêmico;Se manteve;24,7;75,9;172,5;366,3;366,3;0,7;366,3;Aroeiras;25;PB;nao metropolitana;caatinga;332,82;As;18702;24,92;40,27;47,65
2501351;Episódico;Episódico/Epidêmico;Piorou;25,5;67,1;121,4;366;288,7;1;288,3;Assunção;25;PB;nao metropolitana;caatinga;574,34;BSh;4152;48,75;0,77;81,76
2501401;Episódico;Episódico;Se manteve;26,1;80,5;451,4;366,3;366,3;3;366,3;Baía Da Traição;25;PB;nao metropolitana;mata atlantica;43,69;Aw;9147;12,26;91,84;43,9
2501500;Episódico/Epidêmico;Episódico/Epidêmico;Se manteve;25,5;79,1;257,6;366,3;366,3;1,7;366,3;Bananeiras;25;PB;nao metropolitana;caatinga;363,59;As;23107;26,9;63,27;50,37
2501534;Episódico/Epidêmico;Episódico/Epidêmico;Se manteve;24;76,2;157,8;366;366,3;1,3;366;Baraúna;25;PB;nao metropolitana;caatinga;598,85;BSh;4754;41,07;0,16;76,93
2501575;Episódico/Epidêmico;Episódico/Epidêmico;Se manteve;24,8;73,6;148,1;366,3;366,3;1;366,3;Barra De Santana;25;PB;nao metropolitana;caatinga;379,3;BSh;8062;5,17;16,77;13,22
2501609;Episódico/Epidêmico;Episódico/Epidêmico;Se manteve;23,9;79;205,4;366;366,3;1,3;366;Barra De Santa Rosa;25;PB;nao metropolitana;caatinga;505,53;BSh;12894;54,71;57,58;62,92
2501708;Episódico;Episódico/Epidêmico;Piorou;24,6;74;149,8;366,3;366,3;1;366,3;Barra De São Miguel;25;PB;nao metropolitana;caatinga;486,11;BSh;5893;12,19;69,87;60,44
2501807;Episódico/Epidêmico;Episódico/Epidêmico;Se manteve;25,9;79,9;294,1;366,3;366,3;1,7;366,3;Bayeux;25;PB;metropolitana;mata atlantica;37,31;As;81932;46,13;98,46;95,41
2501906;Episódico/Epidêmico;Episódico;Melhorou;25,5;79,1;257,6;366,3;366,3;1,7;366,3;Belém;25;PB;nao metropolitana;caatinga;216,79;As;16189;82,71;85,4;84
2502003;Episódico;Episódico;Se manteve;28,3;60,2;150,3;366,3;154;1,7;154;Belém Do Brejo Do Cruz;25;PB;nao metropolitana;caatinga;177,39;As;6268;56,51;74,41;72,02
2502052;Episódico/Epidêmico;Episódico/Epidêmico;Se manteve;27,5;60,7;164,1;366,3;173,3;1,7;173,3;Bernardino Batista;25;PB;nao metropolitana;caatinga;532,87;As;3504;1,01;47,43;34,17
2502102;Episódico;Episódico/Epidêmico;Piorou;27,2;60,3;134,4;366,3;175,7;1,7;175,7;Boa Ventura;25;PB;nao metropolitana;caatinga;338,22;As;5210;10,73;74,6;60,86
2502151;Episódico/Epidêmico;Episódico/Epidêmico;Se manteve;24,8;72;124,4;366;364;1;363,7;Boa Vista;25;PB;nao metropolitana;caatinga;493,62;BSh;6356;14,62;61,5;56,3
2502201;Episódico/Epidêmico;Episódico;Melhorou;27,7;60,6;199,5;366,3;176;2,7;176;Bom Jesus;25;PB;nao metropolitana;caatinga;314,45;As;2286;0,86;74,82;67,52
2502300;Episódico/Epidêmico;Episódico/Epidêmico;Se manteve;27,5;62,1;181,5;366,3;181,7;2,3;181,7;Bom Sucesso;25;PB;nao metropolitana;caatinga;319,37;As;4660;20,75;90,68;45,87
2502409;Episódico/Epidêmico;Episódico;Melhorou;26,5;62,4;182,4;366,3;201;1,7;201;Bonito De Santa Fé;25;PB;nao metropolitana;caatinga;634,17;As;9880;46,37;76,22;70,41
2502508;Episódico/Epidêmico;Episódico/Epidêmico;Se manteve;24,5;74,8;156,1;366;366,3;1;366;Boqueirão;25;PB;nao metropolitana;caatinga;424,5;BSh;17599;52,44;73,46;72,84
2502607;Episódico;Episódico;Se manteve;27,7;59,8;146,2;366,3;164,3;2;164,3;Igaracy;25;PB;nao metropolitana;caatinga;327,15;As;5650;33,24;77,28;68,55
2502706;Episódico;Episódico;Se manteve;24,5;79,6;233,6;366,3;366,3;1,3;366,3;Borborema;25;PB;nao metropolitana;caatinga;386,04;As;4211;63,95;84,3;67,67
2502805;Episódico/Epidêmico;Episódico/Epidêmico;Se manteve;28;60,9;159,4;366,3;164,7;1,7;164,7;Brejo Do Cruz;25;PB;nao metropolitana;caatinga;194,07;As;13613;66,11;75,92;74,62
2502904;Episódico/Epidêmico;Episódico/Epidêmico;Se manteve;27,5;62,1;181,5;366,3;181,7;2,3;181,7;Brejo Dos Santos;25;PB;nao metropolitana;caatinga;341,54;As;5977;9,2;87,29;74,59
2503001;Episódico/Epidêmico;Episódico/Epidêmico;Se manteve;25,5;81,5;298,1;366,3;366,3;0,7;366,3;Caaporã;25;PB;metropolitana;mata atlantica;42,67;Am;21290;16,04;86,11;81,17
2503100;Episódico/Epidêmico;Episódico/Epidêmico;Se manteve;24,8;73,6;148,1;366,3;366,3;1;366,3;Cabaceiras;25;PB;nao metropolitana;caatinga;444,13;BSh;5325;28,25;74,6;45,23
2503209;Epidêmico;Epidêmico;Se manteve;26,3;79,9;386,5;366,3;366,3;2,3;366,3;Cabedelo;25;PB;metropolitana;mata atlantica;5,75;As;68744;52,1;97,91;96,79
2503308;Episódico/Epidêmico;Episódico/Epidêmico;Se manteve;27,7;60,1;182,3;366,3;169,7;2,3;169,7;Cachoeira Dos Índios;25;PB;nao metropolitana;caatinga;371,21;As;8944;25,49;74,4;42,05
2503407;Episódico;Episódico;Se manteve;26,8;62;125,4;366,3;188,7;2;188,7;Cacimba De Areia;25;PB;nao metropolitana;caatinga;377,44;BSh;3292;41,9;58,39;48,11
2503506;Episódico;Episódico;Se manteve;24,5;79,6;233,6;366,3;366,3;1,3;366,3;Cacimba De Dentro;25;PB;nao metropolitana;caatinga;467,32;As;15975;13,43;72,18;66,04
2503555;Episódico/Epidêmico;Episódico/Epidêmico;Se manteve;24,9;69;118,3;366;322,3;1;322;Cacimbas;25;PB;nao metropolitana;caatinga;695,02;BSh;7225;32,14;55,09;36,45
2503605;Episódico;Episódico;Se manteve;25;78,3;209,4;366,3;366,3;0,7;366,3;Caiçara;25;PB;nao metropolitana;caatinga;142,73;As;6615;52,9;72,24;73
2503704;Epidêmico;Episódico/Epidêmico;Melhorou;27,2;60,7;165,2;366,3;176;2;176;Cajazeiras;25;PB;nao metropolitana;caatinga;341,41;As;63118;56,44;86,37;79,07
2503753;Episódico;Episódico;Se manteve;27,4;60,3;135,4;366,3;161,7;1,7;161,7;Cajazeirinhas;25;PB;nao metropolitana;caatinga;287,14;As;2740;30,58;53,28;33,98
2503803;Episódico;Episódico/Epidêmico;Piorou;25,6;78,3;246,5;366,3;366,3;2;366,3;Caldas Brandão;25;PB;nao metropolitana;caatinga;90,86;As;5755;5,82;78,92;79,45
2503902;Episódico;Episódico/Epidêmico;Piorou;23,6;73;137,2;362;362,7;0,7;358,3;Camalaú;25;PB;nao metropolitana;caatinga;554,24;BSh;6031;18,47;57,78;50,78
2504009;Epidêmico;Epidêmico;Se manteve;25;77,7;213,4;366,3;366,3;1;366,3;Campina Grande;25;PB;nao metropolitana;caatinga;477,74;As;418140;84,82;97,87;94,84
2504033;Episódico;Episódico;Se manteve;25,9;79,8;333;366,3;366,3;2,3;366,3;Capim;25;PB;nao metropolitana;mata atlantica;80,03;As;6976;5,75;89,87;70,5
2504074;Episódico;Episódico;Se manteve;25;71,3;125,4;366;363;0,7;362,7;Caraúbas;25;PB;nao metropolitana;caatinga;499,24;BSh;3948;38,87;65,75;53,15
2504108;Episódico;Episódico/Epidêmico;Piorou;27,2;60,7;165,2;366,3;176;2;176;Carrapateira;25;PB;nao metropolitana;caatinga;462,62;As;2311;17,12;71,53;77,8
2504157;Episódico/Epidêmico;Episódico/Epidêmico;Se manteve;23,9;79;205,4;366;366,3;1,3;366;Casserengue;25;PB;nao metropolitana;caatinga;451,74;As;6889;31,74;48,9;50,44
2504207;Episódico/Epidêmico;Episódico/Epidêmico;Se manteve;27,4;60,3;135,4;366,3;161,7;1,7;161,7;Catingueira;25;PB;nao metropolitana;caatinga;364,51;As;4492;17,37;74,3;58,84
2504306;Episódico/Epidêmico;Episódico/Epidêmico;Se manteve;27,5;62,1;181,5;366,3;181,7;2,3;181,7;Catolé Do Rocha;25;PB;nao metropolitana;caatinga;280,17;As;30656;38,21;85,15;74,44
2504355;Episódico/Epidêmico;Episódico/Epidêmico;Se manteve;24,7;75,9;172,5;366,3;366,3;0,7;366,3;Caturité;25;PB;nao metropolitana;caatinga;437,16;BSh;5253;20,92;44,84;58,62
2504405;Episódico;Episódico;Se manteve;26,1;63;163,6;366,3;208,7;1,3;208,7;Conceição;25;PB;nao metropolitana;caatinga;516,69;As;18239;23,9;78,06;60,46
2504504;Episódico/Epidêmico;Episódico/Epidêmico;Se manteve;26,8;62;125,4;366,3;188,7;2;188,7;Condado;25;PB;nao metropolitana;caatinga;269,61;As;6449;37,81;81,54;67,84
2504603;Episódico/Epidêmico;Episódico/Epidêmico;Se manteve;25,6;80,8;289;366,3;366,3;1;366,3;Conde;25;PB;metropolitana;mata atlantica;48,8;Am;27344;17,21;66,66;61,27
2504702;Episódico;Episódico/Epidêmico;Piorou;24,8;68,1;108,3;366;307,3;0,3;307;Congo;25;PB;nao metropolitana;caatinga;516,17;BSh;4936;46,68;69,14;63,67
2504801;Episódico/Epidêmico;Episódico/Epidêmico;Se manteve;27,7;59,8;146,2;366,3;164,3;2;164,3;Coremas;25;PB;nao metropolitana;caatinga;265,64;As;14680;53,64;85,04;74,25
2504850;Episódico;Episódico;Se manteve;25;69,6;112,9;366;343,7;0,7;343,3;Coxixola;25;PB;nao metropolitana;caatinga;501,18;BSh;1823;32,99;93,2;44,05
2504900;Episódico;Episódico/Epidêmico;Piorou;26;81,2;346,1;366,3;366,3;1,3;366,3;Cruz Do Espírito Santo;25;PB;metropolitana;mata atlantica;63,26;As;16828;22,3;73,18;44,77
2505006;Episódico/Epidêmico;Episódico/Epidêmico;Se manteve;24,6;72,6;134,4;366;365,7;0,7;365,3;Cubati;25;PB;nao metropolitana;caatinga;595,09;BSh;7579;22,05;70,7;67,2
2505105;Episódico/Epidêmico;Episódico/Epidêmico;Se manteve;25,1;73,6;133,2;366,3;366,3;1;366,3;Cuité;25;PB;nao metropolitana;caatinga;490,56;BSh;19718;15,56;67,24;68,82
2505204;Episódico;Episódico;Se manteve;25,6;78,3;246,5;366,3;366,3;2;366,3;Cuitegi;25;PB;nao metropolitana;caatinga;150,59;As;6730;4,74;90,57;78,87
2505238;Episódico;Episódico;Se manteve;25,9;79,9;294,1;366,3;366,3;1,7;366,3;Cuité De Mamanguape;25;PB;nao metropolitana;caatinga;82,57;As;6261;2,2;64,26;29,9
2505279;Episódico;Episódico/Epidêmico;Piorou;25,9;79,8;333;366,3;366,3;2,3;366,3;Curral De Cima;25;PB;nao metropolitana;caatinga;107,62;As;5303;3,35;34,41;19,87
2505303;Episódico;Episódico;Se manteve;26;63,1;152,5;366,3;207;1;207;Curral Velho;25;PB;nao metropolitana;caatinga;411,57;As;2198;32,72;77,32;52,47
2505352;Episódico;Episódico;Se manteve;24,5;76,9;175,5;366,3;366,3;1;366,3;Damião;25;PB;nao metropolitana;caatinga;485,02;BSh;4980;1,53;29,65;49,13
2505402;Episódico;Episódico;Se manteve;25;67,3;120,6;366;286;1,3;285,7;Desterro;25;PB;nao metropolitana;caatinga;647,85;BSh;8067;37,93;63,11;60,34
2505501;Episódico/Epidêmico;Episódico;Melhorou;27,8;59,9;135,4;366,3;157,3;1,3;157,3;Vista Serrana;25;PB;nao metropolitana;caatinga;268,75;BSh;3644;37,01;56,66;49,78
2505600;Episódico;Sem transmissão;Melhorou;26,1;62,7;137,7;366,3;202,7;1,3;202,7;Diamante;25;PB;nao metropolitana;caatinga;421,42;As;6291;24,38;73,25;54,36
2505709;Episódico/Epidêmico;Epidêmico;Piorou;25;78,3;209,4;366,3;366,3;0,7;366,3;Dona Inês;25;PB;nao metropolitana;caatinga;319,08;As;10374;19,48;45,3;47,3
2505808;Episódico;Episódico;Se manteve;25,5;79,2;252,2;366,3;366,3;1;366,3;Duas Estradas;25;PB;nao metropolitana;caatinga;122,38;As;3340;26,17;77,28;78,96
2505907;Episódico;Episódico/Epidêmico;Piorou;27,8;59,6;143;366,3;154,3;1,7;154,3;Emas;25;PB;nao metropolitana;caatinga;293,92;As;3014;57,76;78,75;68,38
2506004;Episódico/Epidêmico;Epidêmico;Piorou;23,9;78,8;207,9;366;366,3;1,7;366;Esperança;25;PB;nao metropolitana;caatinga;594,83;As;31241;64,78;70,98;78,36
2506103;Episódico;Episódico/Epidêmico;Piorou;24,5;77,1;189,7;366,3;366,3;1,3;366,3;Fagundes;25;PB;nao metropolitana;caatinga;333,03;As;11051;11,24;56,07;49,1
2506202;Episódico;Episódico/Epidêmico;Piorou;25,2;71,5;137,3;366,3;364,3;0,7;364,3;Frei Martinho;25;PB;nao metropolitana;caatinga;432,1;BSh;2846;63,23;80,93;60,94
2506251;Episódico;Episódico;Se manteve;24,7;75,9;172,5;366,3;366,3;0,7;366,3;Gado Bravo;25;PB;nao metropolitana;caatinga;349,51;As;8179;1,84;18,85;11,26
2506301;Epidêmico;Episódico/Epidêmico;Melhorou;24,5;79,6;233,6;366,3;366,3;1,3;366,3;Guarabira;25;PB;nao metropolitana;caatinga;103,72;As;57661;69,61;96,08;93,25
2506400;Episódico/Epidêmico;Episódico;Melhorou;24,8;78,7;226,6;366,3;366,3;1;366,3;Gurinhém;25;PB;nao metropolitana;caatinga;130,16;As;13767;7,33;60,02;66,13
2506509;Episódico/Epidêmico;Episódico;Melhorou;24,5;72,9;129,1;366;365,7;0,7;365,3;Gurjão;25;PB;nao metropolitana;caatinga;500,11;BSh;3242;43,1;71,02;69,11
2506608;Episódico;Episódico;Se manteve;26,6;61,6;155,9;366,3;186,3;1,7;186,3;Ibiara;25;PB;nao metropolitana;caatinga;419,89;As;5633;5,79;74,07;61,13
2506707;Episódico/Epidêmico;Episódico/Epidêmico;Se manteve;24,8;67;118,7;366;265;1,3;264,7;Imaculada;25;PB;nao metropolitana;caatinga;730,81;As;9656;25,64;59,39;46,53
2506806;Episódico/Epidêmico;Episódico/Epidêmico;Se manteve;25;77,7;213,4;366,3;366,3;1;366,3;Ingá;25;PB;nao metropolitana;caatinga;228,18;As;17664;5,2;70,12;68,62
2506905;Episódico/Epidêmico;Episódico/Epidêmico;Se manteve;25,4;78,9;247,8;366,3;366,3;0,7;366,3;Itabaiana;25;PB;nao metropolitana;caatinga;121,17;As;23187;35,72;76,26;78,96
2507002;Episódico/Epidêmico;Episódico/Epidêmico;Se manteve;26,6;61,6;155,9;366,3;186,3;1,7;186,3;Itaporanga;25;PB;nao metropolitana;caatinga;369,62;As;23623;67,86;81,47;75,56
2507101;Episódico;Episódico/Epidêmico;Piorou;25,5;79,1;257,6;366,3;366,3;1,7;366,3;Itapororoca;25;PB;nao metropolitana;caatinga;83,26;As;18461;10,81;76,24;65,31
2507200;Episódico;Episódico/Epidêmico;Piorou;25;77,7;213,4;366,3;366,3;1;366,3;Itatuba;25;PB;nao metropolitana;caatinga;163,99;As;10385;19,43;57,25;55,84
2507309;Episódico;Episódico;Se manteve;25,5;79,2;252,2;366,3;366,3;1;366,3;Jacaraú;25;PB;nao metropolitana;caatinga;128,44;As;14719;8,68;83,99;58,5
2507408;Episódico/Epidêmico;Episódico;Melhorou;27,8;60,9;168,1;366,3;170,3;1,7;170,3;Jericó;25;PB;nao metropolitana;caatinga;259,91;As;7396;42,24;82,39;61,46
2507507;Epidêmico;Transmissão Persistente;Piorou;26,1;80,7;349,5;366,3;366,3;1,7;366,3;João Pessoa;25;PB;metropolitana;mata atlantica;31,38;As;889618;71,76;99,58;99,2
2507606;Episódico;Episódico/Epidêmico;Piorou;25,4;78,9;247,8;366,3;366,3;0,7;366,3;Juarez Távora;25;PB;nao metropolitana;caatinga;176,3;As;7792;10,74;83,22;78,69
2507705;Episódico/Epidêmico;Epidêmico;Piorou;24,9;70,1;122,6;366;349,3;0,7;349;Juazeirinho;25;PB;nao metropolitana;caatinga;574,51;BSh;17004;60,3;57,57;54,66
2507804;Episódico;Episódico/Epidêmico;Piorou;25,4;68,6;131;366,3;325,3;1;325,3;Junco Do Seridó;25;PB;nao metropolitana;caatinga;675,25;BSh;6792;64,96;76,31;73,19
2507903;Episódico;Episódico;Se manteve;25,4;78,9;247,8;366,3;366,3;0,7;366,3;Juripiranga;25;PB;nao metropolitana;mata atlantica;114,04;As;9741;7,23;76,41;92,01
2508000;Episódico/Epidêmico;Episódico/Epidêmico;Se manteve;25,7;63,7;132,2;366;211,7;1;211,3;Juru;25;PB;nao metropolitana;caatinga;624,63;As;9237;24,79;67,92;53,19
2508109;Episódico;Episódico;Se manteve;27,6;60,9;162;366,3;172;1;172;Lagoa;25;PB;nao metropolitana;caatinga;341,57;As;4417;17,94;66,08;48,13
2508208;Episódico;Episódico;Se manteve;25,9;79,8;333;366,3;366,3;2,3;366,3;Lagoa De Dentro;25;PB;nao metropolitana;caatinga;124,05;As;7819;20,74;58,46;58,78
2508307;Episódico/Epidêmico;Episódico/Epidêmico;Se manteve;25;77,7;213,4;366,3;366,3;1;366,3;Lagoa Seca;25;PB;nao metropolitana;caatinga;596,64;As;27739;52,66;53,52;64,84
2508406;Episódico;Episódico;Se manteve;27,5;60,7;164,1;366,3;173,3;1,7;173,3;Lastro;25;PB;nao metropolitana;caatinga;332,29;As;3162;12,41;53,38;42,62
2508505;Episódico;Episódico;Se manteve;25;67,3;120,6;366;286;1,3;285,7;Livramento;25;PB;nao metropolitana;caatinga;591,48;BSh;6881;36,81;44,69;55,56
2508554;Episódico;Episódico;Se manteve;25;78,3;209,4;366,3;366,3;0,7;366,3;Logradouro;25;PB;nao metropolitana;caatinga;111,75;As;4807;36,78;66,57;74,46
2508604;Episódico/Epidêmico;Episódico;Melhorou;26,3;79,9;386,5;366,3;366,3;2,3;366,3;Lucena;25;PB;metropolitana;mata atlantica;38,45;Aw;12910;29,08;88,52;84,4
2508703;Episódico/Epidêmico;Episódico;Melhorou;26,1;63,1;131,8;366;205,3;1,7;205;Mãe D'água;25;PB;nao metropolitana;caatinga;588,61;As;3583;42,31;78,08;59,55
2508802;Episódico/Epidêmico;Episódico/Epidêmico;Se manteve;26,8;62;125,4;366,3;188,7;2;188,7;Malta;25;PB;nao metropolitana;caatinga;281,7;BSh;6045;76,89;88,84;85,49
2508901;Episódico/Epidêmico;Episódico/Epidêmico;Se manteve;25,9;79,8;333;366,3;366,3;2,3;366,3;Mamanguape;25;PB;nao metropolitana;mata atlantica;98,51;As;44599;8,59;81,02;80,21
2509008;Episódico/Epidêmico;Episódico/Epidêmico;Se manteve;26,1;62,7;137,7;366,3;202,7;1,3;202,7;Manaíra;25;PB;nao metropolitana;caatinga;722,4;As;10447;14,31;69,27;52,33
2509057;Episódico;Episódico;Se manteve;25,9;79,8;333;366,3;366,3;2,3;366,3;Marcação;25;PB;nao metropolitana;mata atlantica;65,54;Aw;9807;22,36;96,72;34,32
2509107;Episódico/Epidêmico;Sem transmissão;Melhorou;25,6;78,3;246,5;366,3;366,3;2;366,3;Mari;25;PB;nao metropolitana;caatinga;120,43;As;21251;1,77;90,83;85,28
2509156;Episódico;Episódico/Epidêmico;Piorou;27,7;59,9;159,1;366,3;166,3;2;166,3;Marizópolis;25;PB;nao metropolitana;caatinga;253,28;As;6711;16,77;92,64;75,94
2509206;Episódico;Epidêmico;Piorou;25;77,7;213,4;366,3;366,3;1;366,3;Massaranduba;25;PB;nao metropolitana;caatinga;391,87;As;14145;30,86;52,65;51,22
2509305;Episódico/Epidêmico;Episódico;Melhorou;25,9;80,2;358,5;366,3;366,3;2,3;366,3;Mataraca;25;PB;nao metropolitana;mata atlantica;57,61;Aw;8324;3,99;95,5;86,25
2509339;Episódico;Episódico;Se manteve;23,9;78,8;208;366;366,3;1,7;366;Matinhas;25;PB;nao metropolitana;caatinga;464,37;As;4567;12,41;35,04;16,38
2509370;Episódico;Episódico;Se manteve;27,8;60,9;168,1;366,3;170,3;1,7;170,3;Mato Grosso;25;PB;nao metropolitana;caatinga;262,48;As;2538;55,49;79,42;45,07
2509396;Episódico/Epidêmico;Episódico/Epidêmico;Se manteve;25,3;65,5;124,2;366;247,7;1,3;247,3;Maturéia;25;PB;nao metropolitana;caatinga;802,13;As;6431;21,69;66,01;67,68
2509404;Episódico/Epidêmico;Episódico;Melhorou;25;77,7;213,4;366,3;366,3;1;366,3;Mogeiro;25;PB;nao metropolitana;caatinga;154,86;As;14381;6,22;33,45;61,99
2509503;Episódico/Epidêmico;Episódico/Epidêmico;Se manteve;24;76,2;162,5;366;366,3;1,3;366;Montadas;25;PB;nao metropolitana;caatinga;680,15;As;5818;37,71;62,15;64,5
2509602;Episódico;Episódico;Se manteve;26,6;61,6;155,9;366,3;186,3;1,7;186,3;Monte Horebe;25;PB;nao metropolitana;caatinga;686,2;As;4338;53,26;66,18;59,53
2509701;Epidêmico;Epidêmico;Se manteve;24;70,2;128,5;365,3;331,7;1;330,7;Monteiro;25;PB;nao metropolitana;caatinga;632,52;BSh;32266;57,71;72,45;66,78
2509800;Episódico;Episódico;Se manteve;24,8;78,7;226,6;366,3;366,3;1;366,3;Mulungu;25;PB;nao metropolitana;caatinga;106,6;As;8812;6,45;68,07;57,43
2509909;Episódico/Epidêmico;Episódico/Epidêmico;Se manteve;25;79,8;243;366,3;366,3;0,7;366,3;Natuba;25;PB;nao metropolitana;caatinga;394,85;As;8937;16,92;48,61;33,1
2510006;Episódico/Epidêmico;Episódico;Melhorou;27,7;59,8;146,2;366,3;164,3;2;164,3;Nazarezinho;25;PB;nao metropolitana;caatinga;327,95;As;7218;19,05;50,48;43,65
2510105;Episódico/Epidêmico;Episódico/Epidêmico;Se manteve;25,1;73,6;133,2;366,3;366,3;1;366,3;Nova Floresta;25;PB;nao metropolitana;caatinga;620,7;As;9539;2,22;86,1;90,33
2510204;Episódico;Episódico;Se manteve;25,7;63,7;132,2;366;211,7;1;211,3;Nova Olinda;25;PB;nao metropolitana;caatinga;366,39;As;5787;26,67;78,52;58,59
2510303;Episódico/Epidêmico;Episódico/Epidêmico;Se manteve;24,9;71,6;132,9;366;364,7;0,3;364,3;Nova Palmeira;25;PB;nao metropolitana;caatinga;547,73;BSh;4267;62,52;59,16;60,54
2510402;Episódico;Episódico;Se manteve;27,4;60,3;135,4;366,3;161,7;1,7;161,7;Olho D'água;25;PB;nao metropolitana;caatinga;350,68;As;6061;43,22;63,19;52,42
2510501;Episódico/Epidêmico;Episódico/Epidêmico;Se manteve;24;76,2;157,8;366;366,3;1,3;366;Olivedos;25;PB;nao metropolitana;caatinga;580,98;BSh;3579;43,06;53,54;52,97
2510600;Episódico;Episódico;Se manteve;24,8;67;118,7;366;265;1,3;264,7;Ouro Velho;25;PB;nao metropolitana;caatinga;618,21;BSh;2910;2,44;73,44;67,91
2510659;Episódico/Epidêmico;Episódico;Melhorou;24,9;69;118,3;366;322,3;1;322;Parari;25;PB;nao metropolitana;caatinga;497,81;BSh;1720;55,97;60,7;54,48
2510709;Episódico/Epidêmico;Episódico;Melhorou;24,9;69;118,3;366;322,3;1;322;Passagem;25;PB;nao metropolitana;caatinga;417,32;BSh;2463;57,3;58,78;68,01
2510808;Episódico/Epidêmico;Episódico/Epidêmico;Se manteve;26,8;62;125,4;366,3;188,7;2;188,7;Patos;25;PB;nao metropolitana;caatinga;268,07;BSh;103199;86,3;96,02;94,48
2510907;Episódico;Episódico;Se manteve;28;60,2;157,6;366,3;158,3;2;158,3;Paulista;25;PB;nao metropolitana;caatinga;224,54;BSh;11829;35,94;57,2;49,87
2511004;Episódico;Episódico/Epidêmico;Piorou;25,7;63,7;132,2;366;211,7;1;211,3;Pedra Branca;25;PB;nao metropolitana;caatinga;357,23;As;3739;68,55;80,24;65,62
2511103;Episódico/Epidêmico;Episódico/Epidêmico;Se manteve;24,9;71,6;132,9;366;364,7;0,3;364,3;Pedra Lavrada;25;PB;nao metropolitana;caatinga;567,31;BSh;6859;41,18;45,91;42,74
2511202;Episódico/Epidêmico;Episódico/Epidêmico;Se manteve;25,9;81,8;353,1;366,3;366,3;0,7;366,3;Pedras De Fogo;25;PB;metropolitana;mata atlantica;111,37;As;29625;27,02;82,67;68,38
2511301;Episódico/Epidêmico;Episódico/Epidêmico;Se manteve;27,8;59,6;143;366,3;154,3;1,7;154,3;Piancó;25;PB;nao metropolitana;caatinga;293,15;As;16471;48,98;76,67;68,95
2511400;Episódico/Epidêmico;Epidêmico;Piorou;24,9;71,6;132,9;366;364,7;0,3;364,3;Picuí;25;PB;nao metropolitana;caatinga;531,39;BSh;18361;62,37;70,7;73,93
2511509;Episódico/Epidêmico;Episódico/Epidêmico;Se manteve;25,4;78,9;247,8;366,3;366,3;0,7;366,3;Pilar;25;PB;nao metropolitana;caatinga;77,83;As;12213;16,31;69,71;70,12
2511608;Episódico;Episódico;Se manteve;24,5;79,6;233,6;366,3;366,3;1,3;366,3;Pilões;25;PB;nao metropolitana;caatinga;346,57;As;6818;11,01;69,76;50,52
2511707;Episódico;Episódico;Se manteve;24,5;79,6;233,6;366,3;366,3;1,3;366,3;Pilõezinhos;25;PB;nao metropolitana;caatinga;277,73;As;5320;40,14;75,36;58,53
2511806;Episódico/Epidêmico;Sem transmissão;Melhorou;24,5;79,6;233,6;366,3;366,3;1,3;366,3;Pirpirituba;25;PB;nao metropolitana;caatinga;159,43;As;9229;49,8;82,42;77,07
2511905;Episódico;Episódico/Epidêmico;Piorou;26,2;80,2;393,5;366,3;366,3;1,3;366,3;Pitimbu;25;PB;metropolitana;mata atlantica;33,41;Am;17696;16,87;74,78;57,68
2512002;Episódico/Epidêmico;Episódico/Epidêmico;Se manteve;24;76,2;162,5;366;366,3;1,3;366;Pocinhos;25;PB;nao metropolitana;caatinga;587,97;BSh;17428;39,62;59,59;59,88
2512036;Episódico;Episódico;Se manteve;27,1;62,5;183,9;366,3;185,7;3;185,7;Poço Dantas;25;PB;nao metropolitana;caatinga;580,65;As;3830;13,82;79,92;51,16
2512077;Episódico;Episódico;Se manteve;27,7;60,5;190,8;366,3;174;2,3;174;Poço De José De Moura;25;PB;nao metropolitana;caatinga;289,69;As;4006;36,31;69,08;48,44
2512101;Episódico/Epidêmico;Episódico/Epidêmico;Se manteve;28;59,7;149,7;366,3;157,3;1,3;157,3;Pombal;25;PB;nao metropolitana;caatinga;243,88;As;32499;62;82,43;78,54
2512200;Episódico/Epidêmico;Episódico/Epidêmico;Se manteve;24,8;68,1;108,3;366;307,3;0,3;307;Prata;25;PB;nao metropolitana;caatinga;610,87;BSh;3916;1,3;76,55;63,47
2512309;Episódico/Epidêmico;Episódico/Epidêmico;Se manteve;25,7;63,7;132,2;366;211,7;1;211,3;Princesa Isabel;25;PB;nao metropolitana;caatinga;649,22;As;21148;58,89;77,96;73,6
2512408;Episódico;Episódico;Se manteve;23,9;78,8;208;366;366,3;1,7;366;Puxinanã;25;PB;nao metropolitana;caatinga;662,48;As;14279;76,05;61,75;66,56
2512507;Episódico/Epidêmico;Epidêmico;Piorou;24,5;74,8;156,1;366;366,3;1;366;Queimadas;25;PB;nao metropolitana;caatinga;407,08;As;47665;47,74;73,22;69,17
2512606;Episódico;Episódico/Epidêmico;Piorou;26,8;62;125,4;366,3;188,7;2;188,7;Quixaba;25;PB;nao metropolitana;caatinga;343,99;BSh;1745;37,67;47,67;41,63
2512705;Episódico/Epidêmico;Episódico/Epidêmico;Se manteve;24,8;78,7;226,6;366,3;366,3;1;366,3;Remígio;25;PB;nao metropolitana;caatinga;542,1;As;17888;54,97;78,76;77,42
2512721;Episódico/Epidêmico;Episódico/Epidêmico;Se manteve;25,9;79,8;333;366,3;366,3;2,3;366,3;Pedro Régis;25;PB;nao metropolitana;caatinga;119,81;As;5719;1,45;64,97;30,34
2512747;Episódico/Epidêmico;Episódico;Melhorou;24,5;76,9;175,5;366,3;366,3;1;366,3;Riachão;25;PB;nao metropolitana;caatinga;208,92;As;2927;26,13;70,43;58,5
2512754;Episódico;Episódico/Epidêmico;Piorou;24,5;77,1;189,7;366,3;366,3;1,3;366,3;Riachão Do Bacamarte;25;PB;nao metropolitana;caatinga;225,7;As;4685;19,54;58,48;65,52
2512762;Episódico;Episódico;Se manteve;25,6;80,8;289;366,3;366,3;1;366,3;Riachão Do Poço;25;PB;nao metropolitana;caatinga;84,75;As;4706;18,8;39,74;24,35
2512788;Episódico;Episódico/Epidêmico;Piorou;24,8;73,6;148,1;366,3;366,3;1;366,3;Riacho De Santo Antônio;25;PB;nao metropolitana;caatinga;475,44;BSh;1956;38,05;61,52;69,13
2512804;Episódico/Epidêmico;Episódico;Melhorou;28;60,9;159,4;366,3;164,7;1,7;164,7;Riacho Dos Cavalos;25;PB;nao metropolitana;caatinga;207,87;As;8498;50,7;61,03;45,12
2512903;Episódico/Epidêmico;Episódico/Epidêmico;Se manteve;25,9;79,8;333;366,3;366,3;2,3;366,3;Rio Tinto;25;PB;metropolitana;mata atlantica;62,4;As;27352;27,46;60,38;58,25
2513000;Episódico;Episódico;Se manteve;25,5;67,1;121,4;366;288,7;1;288,3;Salgadinho;25;PB;nao metropolitana;caatinga;565,92;BSh;3358;16,51;34,59;28
2513109;Episódico/Epidêmico;Episódico/Epidêmico;Se manteve;25;77,7;213,4;366,3;366,3;1;366,3;Salgado De São Félix;25;PB;nao metropolitana;caatinga;214,47;As;12318;3,23;63,81;48,02
2513158;Episódico;Episódico/Epidêmico;Piorou;24,7;75,9;172,5;366,3;366,3;0,7;366,3;Santa Cecília;25;PB;nao metropolitana;caatinga;449,16;As;7678;5,42;1,22;26,49
2513208;Episódico/Epidêmico;Episódico;Melhorou;27,6;60,9;162;366,3;172;1;172;Santa Cruz;25;PB;nao metropolitana;caatinga;363,51;As;5947;27,56;86,85;65,2
2513307;Episódico;Episódico;Se manteve;27,7;60,5;190,8;366,3;174;2,3;174;Santa Helena;25;PB;nao metropolitana;caatinga;290,26;As;5869;25;76,2;60,09
2513356;Episódico;Sem transmissão;Melhorou;26,1;63;163,6;366,3;208,7;1,3;208,7;Santa Inês;25;PB;nao metropolitana;caatinga;570,43;As;3230;4,88;62,69;39,15
2513406;Episódico/Epidêmico;Episódico/Epidêmico;Se manteve;27,3;61,8;129,8;366,3;184,7;1,3;184,7;Santa Luzia;25;PB;nao metropolitana;caatinga;434,9;BSh;14954;86,13;93;90,05
2513505;Episódico;Episódico;Se manteve;26;63,1;152,5;366,3;207;1;207;Santana De Mangueira;25;PB;nao metropolitana;caatinga;493,74;As;5010;5,32;71,34;45,46
2513604;Episódico;Episódico;Se manteve;27;60,9;138,3;366,3;174;1,3;174;Santana Dos Garrotes;25;PB;nao metropolitana;caatinga;347,68;As;6577;13,63;75,24;38,94
2513653;Episódico/Epidêmico;Episódico;Melhorou;27,1;62,5;183,9;366,3;185,7;3;185,7;Joca Claudino;25;PB;nao metropolitana;caatinga;391,73;As;2543;0,67;81,2;71,86
2513703;Epidêmico;Epidêmico;Se manteve;25,9;79,9;294,1;366,3;366,3;1,7;366,3;Santa Rita;25;PB;metropolitana;mata atlantica;70,32;As;148479;21,72;88,41;90,51
2513802;Episódico/Epidêmico;Episódico;Melhorou;27,4;60,3;135,4;366,3;161,7;1,7;161,7;Santa Teresinha;25;PB;nao metropolitana;caatinga;336,38;As;4402;91,61;69,78;51,19
2513851;Episódico;Episódico/Epidêmico;Piorou;24,8;72;124,4;366;364;1;363,7;Santo André;25;PB;nao metropolitana;caatinga;512,47;BSh;2622;9,45;2,14;33,88
2513901;Episódico/Epidêmico;Episódico/Epidêmico;Se manteve;28,3;60,2;150,3;366,3;154;1,7;154;São Bento;25;PB;nao metropolitana;caatinga;168,75;BSh;32252;58,62;84,7;84,64
2513927;Episódico;Episódico;Se manteve;28;59,5;143,4;366,3;150;1;150;São Bentinho;25;PB;nao metropolitana;caatinga;249,29;As;4330;38,28;76,23;67,06
2513943;Episódico;Episódico;Se manteve;25;71,3;125,4;366;363;0,7;362,7;São Domingos Do Cariri;25;PB;nao metropolitana;caatinga;447,45;BSh;2585;34,73;62,21;50,48
2513968;Episódico;Episódico;Se manteve;27,9;59,9;152,5;366,3;166;2;166;São Domingos;25;PB;nao metropolitana;caatinga;220,88;As;2595;26,55;49,57;34,42
2513984;Episódico;Episódico;Se manteve;27,6;60,9;162;366,3;172;1;172;São Francisco;25;PB;nao metropolitana;caatinga;327,12;As;3137;13,55;88,65;53,49
2514008;Episódico;Episódico/Epidêmico;Piorou;25;71,3;125,4;366;363;0,7;362,7;São João Do Cariri;25;PB;nao metropolitana;caatinga;485,43;BSh;4221;57,75;68,7;61,63
2514107;Episódico/Epidêmico;Episódico/Epidêmico;Se manteve;24;70,2;128,5;365,3;331,7;1;330,7;São João Do Tigre;25;PB;nao metropolitana;caatinga;718,88;As;4233;27,68;27,47;44,22
2514206;Episódico/Epidêmico;Episódico;Melhorou;27,9;59,9;152,5;366,3;166;2;166;São José Da Lagoa Tapada;25;PB;nao metropolitana;caatinga;300,3;As;7119;19,99;65,25;39,99
2514305;Episódico;Episódico;Se manteve;27,2;60,3;134,4;366,3;175,7;1,7;175,7;São José De Caiana;25;PB;nao metropolitana;caatinga;581,67;As;5037;0,69;46,44;46,99
2514404;Episódico/Epidêmico;Episódico/Epidêmico;Se manteve;27,8;59,9;135,4;366,3;157,3;1,3;157,3;São José De Espinharas;25;PB;nao metropolitana;caatinga;242,03;BSh;4072;33,21;49,23;36,59
2514453;Episódico/Epidêmico;Episódico/Epidêmico;Se manteve;25,4;78,9;247,8;366,3;366,3;0,7;366,3;São José Dos Ramos;25;PB;nao metropolitana;caatinga;94,51;As;5880;5,17;45,1;44,7
2514503;Episódico/Epidêmico;Episódico;Melhorou;27;61,4;192,1;366,3;186,7;2;186,7;São José De Piranhas;25;PB;nao metropolitana;caatinga;436,99;As;19116;50,49;74,09;57,66
2514552;Episódico;Episódico;Se manteve;25,2;65,4;129,4;366;228;1;227,7;São José De Princesa;25;PB;nao metropolitana;caatinga;763,57;As;3423;0,91;49,36;16,67
2514602;Episódico;Episódico/Epidêmico;Piorou;25;67,3;120,6;366;286;1,3;285,7;São José Do Bonfim;25;PB;nao metropolitana;caatinga;318,15;BSh;3242;74,58;62,32;48,01
2514651;Episódico;Episódico;Se manteve;28,2;60,8;139;366,3;162,7;1,7;162,7;São José Do Brejo Do Cruz;25;PB;nao metropolitana;caatinga;158,11;As;1699;13,51;8,29;57,11
2514701;Episódico/Epidêmico;Episódico/Epidêmico;Se manteve;26,4;64,8;131,4;366,3;239;1,3;239;São José Do Sabugi;25;PB;nao metropolitana;caatinga;417,41;BSh;4139;83,33;79,01;69,32
2514800;Episódico;Episódico;Se manteve;25;69,6;112,9;366;343,7;0,7;343,3;São José Dos Cordeiros;25;PB;nao metropolitana;caatinga;587,77;BSh;3411;52,34;49,41;42,32
2514909;Episódico/Epidêmico;Episódico;Melhorou;25,5;67,1;121,4;366;288,7;1;288,3;São Mamede;25;PB;nao metropolitana;caatinga;315,65;BSh;7469;74,38;86,88;77,66
2515005;Episódico;Episódico;Se manteve;25,9;79,9;294,1;366,3;366,3;1,7;366,3;São Miguel De Taipu;25;PB;nao metropolitana;mata atlantica;62,84;As;7751;33,67;60,23;40,49
2515104;Episódico/Epidêmico;Episódico/Epidêmico;Se manteve;23,9;78,8;208;366;366,3;1,7;366;São Sebastião De Lagoa De Roça;25;PB;nao metropolitana;caatinga;598,55;As;11046;31,74;54,79;30,66
2515203;Episódico;Episódico;Se manteve;23,6;72,3;142,2;356,3;349;0,7;339;São Sebastião Do Umbuzeiro;25;PB;nao metropolitana;caatinga;657,09;BSh;3279;33,72;71,07;66,48
2515302;Episódico;Episódico/Epidêmico;Piorou;25,6;78,3;246,5;366,3;366,3;2;366,3;Sapé;25;PB;nao metropolitana;caatinga;93,05;As;51142;28,3;81,53;78,76
2515401;Episódico;Episódico/Epidêmico;Piorou;25,4;68,6;131;366,3;325,3;1;325,3;São Vicente Do Seridó;25;PB;nao metropolitana;caatinga;573,8;BSh;10298;2,59;47,1;40,58
2515500;Episódico/Epidêmico;Episódico/Epidêmico;Se manteve;24,8;70,4;117,1;366;351;1;350,7;Serra Branca;25;PB;nao metropolitana;caatinga;540,1;BSh;13614;24,65;78,65;69,03
2515609;Episódico;Episódico;Se manteve;25,5;79,2;252,2;366,3;366,3;1;366,3;Serra Da Raiz;25;PB;nao metropolitana;caatinga;216,03;As;3094;9,71;82,71;71,87
2515708;Episódico;Episódico;Se manteve;27,2;60,3;134,4;366,3;175,7;1,7;175,7;Serra Grande;25;PB;nao metropolitana;caatinga;600,97;As;2942;34,15;64,23;56,91
2515807;Episódico;Episódico;Se manteve;24,8;78,7;226,6;366,3;366,3;1;366,3;Serra Redonda;25;PB;nao metropolitana;caatinga;347,33;As;6829;31,47;55,68;58,27
2515906;Episódico;Episódico/Epidêmico;Piorou;23,9;79;205,4;366;366,3;1,3;366;Serraria;25;PB;nao metropolitana;caatinga;417,74;As;4885;27,81;68,9;54,52
2515930;Episódico/Epidêmico;Episódico;Melhorou;24,5;79,6;233,6;366,3;366,3;1,3;366,3;Sertãozinho;25;PB;nao metropolitana;caatinga;128,75;As;5099;55,8;64,67;76,34
2515971;Episódico;Sem transmissão;Melhorou;25,9;79,9;294,1;366,3;366,3;1,7;366,3;Sobrado;25;PB;nao metropolitana;caatinga;76,44;As;8230;1,28;68,78;18,56
2516003;Episódico/Epidêmico;Episódico/Epidêmico;Se manteve;23,9;79;205,4;366;366,3;1,3;366;Solânea;25;PB;nao metropolitana;caatinga;448,79;As;26777;21,05;75,88;70,73
2516102;Episódico/Epidêmico;Episódico/Epidêmico;Se manteve;24,5;72,9;129,1;366;365,7;0,7;365,3;Soledade;25;PB;nao metropolitana;caatinga;541,05;BSh;13955;56,82;72,86;73,62
2516151;Episódico;Episódico/Epidêmico;Piorou;24,6;72,6;134,4;366;365,7;0,7;365,3;Sossêgo;25;PB;nao metropolitana;caatinga;557,67;BSh;3337;27,64;1,2;51,47
2516201;Epidêmico;Episódico/Epidêmico;Melhorou;27,7;59,9;159,1;366,3;166,3;2;166,3;Sousa;25;PB;nao metropolitana;caatinga;265,07;As;67425;67,35;93,4;82,65
2516300;Episódico/Epidêmico;Episódico/Epidêmico;Se manteve;24,8;68,8;112,5;366;320,7;0,7;320,3;Sumé;25;PB;nao metropolitana;caatinga;567,87;BSh;16539;24,43;79,64;76,34
2516409;Episódico;Episódico;Se manteve;25,8;75,9;187,3;366,3;366,3;1,3;366,3;Tacima;25;PB;nao metropolitana;caatinga;139,67;As;7967;12,22;64,89;67,86
2516508;Episódico;Episódico/Epidêmico;Piorou;24,8;70,4;117,1;366;351;1;350,7;Taperoá;25;PB;nao metropolitana;caatinga;563,03;BSh;14093;59,08;66,23;60,86
2516607;Episódico;Episódico;Se manteve;25,1;65,8;124,6;366;235;0,7;234,7;Tavares;25;PB;nao metropolitana;caatinga;658,48;As;14141;27,03;59,06;53,82
2516706;Episódico/Epidêmico;Episódico/Epidêmico;Se manteve;25;67,3;120,6;366;286;1,3;285,7;Teixeira;25;PB;nao metropolitana;caatinga;730,78;BSh;14630;33,3;69,57;63,1
2516755;Episódico;Episódico/Epidêmico;Piorou;25,4;68,6;131;366,3;325,3;1;325,3;Tenório;25;PB;nao metropolitana;caatinga;592,35;BSh;2966;2,49;1,83;60,55
2516805;Episódico/Epidêmico;Episódico;Melhorou;27,7;60,5;190,8;366,3;174;2,3;174;Triunfo;25;PB;nao metropolitana;caatinga;315,98;As;9868;23,89;75,37;45,73
2516904;Episódico/Epidêmico;Episódico/Epidêmico;Se manteve;27,7;60,5;190,8;366,3;174;2,3;174;Uiraúna;25;PB;nao metropolitana;caatinga;374,03;As;14943;57,38;84,41;72,74
2517001;Episódico/Epidêmico;Episódico/Epidêmico;Se manteve;24,8;78,1;208,2;366,3;366,3;0,7;366,3;Umbuzeiro;25;PB;nao metropolitana;caatinga;425,95;As;9124;31,56;23,9;48,15
2517100;Episódico/Epidêmico;Episódico/Epidêmico;Se manteve;27,3;61,8;129,8;366,3;184,7;1,3;184,7;Várzea;25;PB;nao metropolitana;caatinga;286,51;BSh;2668;68,47;79,15;74,12
2517209;Episódico/Epidêmico;Episódico;Melhorou;27,5;60,7;164,1;366,3;173,3;1,7;173,3;Vieirópolis;25;PB;nao metropolitana;caatinga;347,93;As;4864;1,76;69,56;39,05
2517407;Episódico/Epidêmico;Episódico;Melhorou;24,6;67,9;127,8;365,3;283,3;1,7;282,3;Zabelê;25;PB;nao metropolitana;caatinga;649,3;BSh;2229;53,35;80,03;74,22
2600054;Epidêmico;Episódico/Epidêmico;Melhorou;26;80,5;357,8;366,3;366,3;1;366,3;Abreu E Lima;26;PE;metropolitana;mata atlantica;108,64;As;99331;44,55;96,57;94,09
2600104;Epidêmico;Epidêmico;Se manteve;25,2;65,4;121,3;366;238;1,3;237,7;Afogados Da Ingazeira;26;PE;nao metropolitana;caatinga;587,3;BSh;40120;72,94;84,92;78,79
2600203;Episódico/Epidêmico;Episódico/Epidêmico;Se manteve;26,2;61,8;156,9;366,3;206,7;1,7;206,7;Afrânio;26;PE;nao metropolitana;caatinga;520,53;BSh;16486;25,54;43,04;34,61
2600302;Episódico/Epidêmico;Episódico/Epidêmico;Se manteve;23,1;82,6;255,7;362;366,3;1;362;Agrestina;26;PE;nao metropolitana;caatinga;458,31;As;23739;68,31;82,68;83,44
2600401;Episódico/Epidêmico;Episódico/Epidêmico;Se manteve;25,4;81;396,3;366,3;366,3;2;366,3;Água Preta;26;PE;nao metropolitana;mata atlantica;131,84;Am;26473;43,26;77,8;57,4
2600500;Episódico/Epidêmico;Episódico/Epidêmico;Se manteve;25,1;72,2;171,8;366,3;322,7;1,7;322,7;Águas Belas;26;PE;nao metropolitana;caatinga;432,48;As;41549;31,36;65,39;56,92
2600609;Episódico/Epidêmico;Episódico/Epidêmico;Se manteve;23;76,4;165,6;346,3;364,7;0,3;344,7;Alagoinha;26;PE;nao metropolitana;caatinga;716,57;As;13256;49,55;38,3;66,47
2600708;Episódico;Episódico/Epidêmico;Piorou;25;80;254,5;366,3;366,3;0,7;366,3;Aliança;26;PE;nao metropolitana;mata atlantica;93,65;As;35245;56,05;88,99;79,93
2600807;Episódico/Epidêmico;Episódico/Epidêmico;Se manteve;23,2;84,1;314,7;362;366,3;0,7;362;Altinho;26;PE;nao metropolitana;caatinga;529,89;As;20657;54,78;66,1;59,09
2600906;Episódico/Epidêmico;Episódico/Epidêmico;Se manteve;24,3;83,9;350,6;366,3;366,3;1;366,3;Amaraji;26;PE;nao metropolitana;mata atlantica;385,81;Am;18236;51,87;86,88;69,96
2601003;Episódico/Epidêmico;Episódico;Melhorou;23,4;84,1;353,1;363,7;366,3;2,3;363,7;Angelim;26;PE;nao metropolitana;caatinga;655,05;As;9965;55,5;74,85;62,24
2601052;Episódico;Epidêmico;Piorou;25,5;80,7;301,4;366,3;366,3;0,7;366,3;Araçoiaba;26;PE;metropolitana;mata atlantica;110,24;As;19314;9,57;80,12;65,91
2601102;Episódico/Epidêmico;Episódico/Epidêmico;Se manteve;25,3;64,4;179,1;366,3;233,3;1,7;233,3;Araripina;26;PE;nao metropolitana;caatinga;687,72;BSh;85135;48;57,12;61,09
2601201;Epidêmico;Epidêmico;Se manteve;23,8;72,7;150,1;358,7;347,3;0,7;339,7;Arcoverde;26;PE;nao metropolitana;caatinga;793,97;As;77660;87,69;88,63;89,73
2601300;Episódico/Epidêmico;Episódico/Epidêmico;Se manteve;23,4;84,1;312,5;365,7;366,3;1,3;365,7;Barra De Guabiraba;26;PE;nao metropolitana;mata atlantica;543,64;As;12299;74,38;95,85;90,01
2601409;Episódico/Epidêmico;Episódico/Epidêmico;Se manteve;25,4;81;396,3;366,3;366,3;2;366,3;Barreiros;26;PE;nao metropolitana;mata atlantica;69,81;Am;39993;45,43;82,06;73,36
2601508;Episódico;Episódico;Se manteve;24,5;82,9;384,6;366,3;366,3;1,3;366,3;Belém De Maria;26;PE;nao metropolitana;mata atlantica;323,21;As;10339;44,07;66,87;71,16
2601607;Episódico/Epidêmico;Episódico/Epidêmico;Se manteve;26,8;63;115,6;366,3;224;1,3;224;Belém Do São Francisco;26;PE;nao metropolitana;caatinga;362;BSh;18321;43,6;65,45;54,69
2601706;Epidêmico;Epidêmico;Se manteve;23,1;75,4;151,7;349;364,7;0,7;347,3;Belo Jardim;26;PE;nao metropolitana;caatinga;726,61;As;79143;72,25;88,92;87,24
2601805;Episódico/Epidêmico;Episódico/Epidêmico;Se manteve;26,1;64,2;138,9;366,3;217,3;1,7;217,3;Betânia;26;PE;nao metropolitana;caatinga;498,78;BSh;11320;34,5;70,46;32,96
2601904;Episódico/Epidêmico;Episódico/Epidêmico;Se manteve;23,4;84,1;312,5;365,7;366,3;1,3;365,7;Bezerros;26;PE;nao metropolitana;caatinga;553,09;As;61398;74,14;83,81;84,58
2602001;Episódico/Epidêmico;Episódico/Epidêmico;Se manteve;25,9;63,6;159,3;366,3;226,7;1,7;226,7;Bodocó;26;PE;nao metropolitana;caatinga;627,36;As;34469;26,56;47,85;41,18
2602100;Episódico/Epidêmico;Episódico/Epidêmico;Se manteve;23,5;78,9;247,2;358;364,7;1,3;356,3;Bom Conselho;26;PE;nao metropolitana;mata atlantica;561,29;As;43577;56,86;68,93;70,21
2602209;Episódico/Epidêmico;Episódico/Epidêmico;Se manteve;24,7;78,3;197,7;366,3;366,3;0,7;366,3;Bom Jardim;26;PE;nao metropolitana;caatinga;338,26;As;37190;22,74;68,62;40,32
2602308;Episódico/Epidêmico;Episódico/Epidêmico;Se manteve;23,4;84,1;312,5;365,7;366,3;1,3;365,7;Bonito;26;PE;nao metropolitana;mata atlantica;488,29;As;37953;67,91;88,36;77,72
2602407;Episódico;Episódico;Se manteve;23,5;78,9;247,2;358;364,7;1,3;356,3;Brejão;26;PE;nao metropolitana;mata atlantica;705,35;As;9084;31,18;83,9;44,82
2602506;Episódico/Epidêmico;Episódico/Epidêmico;Se manteve;25,3;65,5;124,2;366;247,7;1,3;247,3;Brejinho;26;PE;nao metropolitana;caatinga;789,61;BSh;7706;47,92;50,4;63,03
2602605;Epidêmico;Epidêmico;Se manteve;23,2;79,8;186,8;358,7;366,3;0,3;358,7;Brejo Da Madre De Deus;26;PE;nao metropolitana;caatinga;555,68;BSh;48313;57,11;54,9;77,75
2602704;Episódico/Epidêmico;Episódico;Melhorou;25,5;80,7;301,4;366,3;366,3;0,7;366,3;Buenos Aires;26;PE;nao metropolitana;mata atlantica;165,67;As;12818;15,3;83,65;63,36
2602803;Episódico/Epidêmico;Epidêmico;Piorou;24,6;69,7;150,8;365;282;2,3;280,7;Buíque;26;PE;nao metropolitana;caatinga;615,96;As;49786;32,81;49,8;45,02
2602902;Epidêmico;Epidêmico;Se manteve;25,2;82,1;409;366,3;366,3;1;366,3;Cabo De Santo Agostinho;26;PE;metropolitana;mata atlantica;82,25;As;203084;50,88;94,59;92,29
2603009;Episódico/Epidêmico;Episódico/Epidêmico;Se manteve;27;61,7;113,8;366,3;205,3;0,7;205,3;Cabrobó;26;PE;nao metropolitana;caatinga;382,04;BSh;30695;65,07;79,12;63,72
2603108;Episódico;Episódico;Se manteve;23,2;79,8;186,8;358,7;366,3;0,3;358,7;Cachoeirinha;26;PE;nao metropolitana;caatinga;572,46;As;19789;73,58;68,18;80,6
2603207;Episódico/Epidêmico;Episódico;Melhorou;24,1;73,3;170,7;361,3;347,3;1;342,3;Caetés;26;PE;nao metropolitana;caatinga;813,73;As;28848;26,71;26,91;31,82
2603306;Episódico/Epidêmico;Episódico;Melhorou;22,8;84,4;325,2;351,3;366,3;1,7;351,3;Calçado;26;PE;nao metropolitana;caatinga;683,27;As;11113;43,67;46,16;50,56
2603405;Episódico/Epidêmico;Episódico/Epidêmico;Se manteve;25,5;64,6;138,9;366;221;2;220,7;Calumbi;26;PE;nao metropolitana;caatinga;533,32;BSh;5241;46,94;81,56;32,02
2603454;Epidêmico;Episódico/Epidêmico;Melhorou;25,3;81;361,2;366,3;366,3;1;366,3;Camaragibe;26;PE;metropolitana;mata atlantica;84,32;As;146912;41,12;95,27;94,77
2603504;Episódico/Epidêmico;Episódico/Epidêmico;Se manteve;23,1;82,6;255,7;362;366,3;1;362;Camocim De São Félix;26;PE;nao metropolitana;mata atlantica;672,25;As;17362;76,02;88,55;89,65
2603603;Episódico/Epidêmico;Episódico/Epidêmico;Se manteve;25,5;81,5;298,1;366,3;366,3;0,7;366,3;Camutanga;26;PE;nao metropolitana;mata atlantica;212,67;As;7764;28,36;89,45;72,21
2603702;Episódico/Epidêmico;Episódico/Epidêmico;Se manteve;22,8;84,4;325,1;351,3;366,3;1,7;351,3;Canhotinho;26;PE;nao metropolitana;mata atlantica;571,59;As;24340;56,37;78,6;60,23
2603801;Episódico/Epidêmico;Episódico/Epidêmico;Se manteve;23;76,4;165,6;346,3;364,7;0,3;344,7;Capoeiras;26;PE;nao metropolitana;caatinga;834,36;As;18445;34,46;38,87;37,78
2603900;Episódico/Epidêmico;Episódico/Epidêmico;Se manteve;25,2;65,4;129,4;366;228;1;227,7;Carnaíba;26;PE;nao metropolitana;caatinga;610,26;BSh;18437;43,44;60,89;51,5
2603926;Episódico;Episódico/Epidêmico;Piorou;26,3;64,4;145,2;366,3;228,7;1;228,7;Carnaubeira Da Penha;26;PE;nao metropolitana;caatinga;474,98;BSh;12226;15,91;42,11;16,91
2604007;Epidêmico;Episódico/Epidêmico;Melhorou;25;79,8;243;366,3;366,3;0,7;366,3;Carpina;26;PE;nao metropolitana;mata atlantica;134,06;As;78865;15,43;90,13;84,46
2604106;Epidêmico;Epidêmico;Se manteve;23,2;79,8;186,8;358,7;366,3;0,3;358,7;Caruaru;26;PE;metropolitana;caatinga;538,64;BSh;378180;81,97;89,21;95,53
2604155;Episódico/Epidêmico;Episódico;Melhorou;24,8;78,1;208,2;366,3;366,3;0,7;366,3;Casinhas;26;PE;nao metropolitana;caatinga;436,27;As;12629;12,17;23,16;20,74
2604205;Episódico;Episódico;Se manteve;24;83,6;340,6;366,3;366,3;1;366,3;Catende;26;PE;nao metropolitana;mata atlantica;255,97;As;31975;64,27;84,24;74,77
2604304;Episódico/Epidêmico;Episódico/Epidêmico;Se manteve;25,4;65;181;366,3;230,7;2;230,7;Cedro;26;PE;nao metropolitana;caatinga;523,16;BSh;10512;57,37;65,57;62,23
2604403;Episódico;Episódico/Epidêmico;Piorou;24,6;81,7;292,4;366,3;366,3;1;366,3;Chã De Alegria;26;PE;nao metropolitana;mata atlantica;135,7;As;12387;19,55;70,63;80,8
2604502;Episódico/Epidêmico;Episódico/Epidêmico;Se manteve;24,6;81,7;292,4;366,3;366,3;1;366,3;Chã Grande;26;PE;nao metropolitana;mata atlantica;465,56;As;20494;46,08;76,02;66,49
2604601;Episódico/Epidêmico;Episódico/Epidêmico;Se manteve;25,5;81,5;298,1;366,3;366,3;0,7;366,3;Condado;26;PE;nao metropolitana;mata atlantica;79;As;24586;3,89;79,41;93,75
2604700;Episódico/Epidêmico;Episódico;Melhorou;22,9;83,1;302,4;350,7;366,3;1,7;350,7;Correntes;26;PE;nao metropolitana;mata atlantica;536,01;As;17153;48,46;77,69;63,78
2604809;Episódico/Epidêmico;Episódico/Epidêmico;Se manteve;24,9;82,5;359,9;366,3;366,3;1,3;366,3;Cortês;26;PE;nao metropolitana;mata atlantica;409,02;Am;10361;55,6;82,16;76,89
2604908;Episódico/Epidêmico;Episódico/Epidêmico;Se manteve;23,8;79,1;208,7;366,3;366,3;0,7;366,3;Cumaru;26;PE;nao metropolitana;caatinga;360,46;As;15824;21,39;32,13;46,68
2605004;Episódico/Epidêmico;Episódico/Epidêmico;Se manteve;22,8;82,5;246,3;350,7;366,3;0,7;350,7;Cupira;26;PE;nao metropolitana;caatinga;448,79;As;23474;81,27;86,28;90,42
2605103;Episódico/Epidêmico;Episódico/Epidêmico;Se manteve;25,6;64,8;125,3;366;222,3;1,7;222;Custódia;26;PE;nao metropolitana;caatinga;545,61;BSh;35915;53,31;61,54;51,99
2605152;Episódico/Epidêmico;Epidêmico;Piorou;26,4;61,3;151,7;366,3;197,3;2,3;197,3;Dormentes;26;PE;nao metropolitana;caatinga;489,84;BSh;16159;73,02;49,97;28,04
2605202;Episódico/Epidêmico;Episódico/Epidêmico;Se manteve;24,3;83,9;350,6;366,3;366,3;1;366,3;Escada;26;PE;nao metropolitana;mata atlantica;144,63;Am;59526;38,47;88,13;76,47
2605301;Episódico/Epidêmico;Episódico/Epidêmico;Se manteve;24,7;66,9;202,2;366,3;259;2,7;259;Exu;26;PE;nao metropolitana;caatinga;695,42;As;31803;17,62;51,59;49,11
2605400;Episódico/Epidêmico;Episódico/Epidêmico;Se manteve;25;79,8;243;366,3;366,3;0,7;366,3;Feira Nova;26;PE;nao metropolitana;mata atlantica;158,53;As;21362;21,8;72,18;80,56
2605459;Episódico/Epidêmico;Epidêmico;Piorou;26,4;80,9;430,4;366,3;366,3;3;366,3;Fernando de Noronha;26;PE;metropolitana;mata atlantica;323;As;2947;81,36;99,32;100
2605509;Episódico;Episódico/Epidêmico;Piorou;25,6;80,8;289;366,3;366,3;1;366,3;Ferreiros;26;PE;nao metropolitana;mata atlantica;97,64;As;15040;50,19;84,48;82,13
2605608;Episódico;Episódico;Se manteve;25,5;64,6;138,9;366;221;2;220,7;Flores;26;PE;nao metropolitana;caatinga;562,54;BSh;20213;33,48;57,55;43,54
2605707;Episódico/Epidêmico;Episódico/Epidêmico;Se manteve;26,6;64,8;124,5;366,3;234,3;1,3;234,3;Floresta;26;PE;nao metropolitana;caatinga;394,89;BSh;30110;42,14;66,79;64,22
2605806;Episódico/Epidêmico;Episódico/Epidêmico;Se manteve;24,6;76,2;170,7;366,3;366,3;0,7;366,3;Frei Miguelinho;26;PE;nao metropolitana;caatinga;385,45;As;13666;13,67;33,96;52,08
2605905;Episódico/Epidêmico;Episódico/Epidêmico;Se manteve;24;83,6;340,6;366,3;366,3;1;366,3;Gameleira;26;PE;nao metropolitana;mata atlantica;126,76;Am;18012;54,56;70,37;65,2
2606002;Epidêmico;Epidêmico;Se manteve;22,4;82,6;255,1;333,7;366,3;1;333,7;Garanhuns;26;PE;nao metropolitana;caatinga;759,67;As;142286;53,8;90,06;89,09
2606101;Episódico/Epidêmico;Episódico;Melhorou;24,6;81,7;292,4;366,3;366,3;1;366,3;Glória Do Goitá;26;PE;nao metropolitana;mata atlantica;186,23;As;29123;35,65;58,04;62,44
2606200;Epidêmico;Epidêmico;Se manteve;25,5;81,5;298,1;366,3;366,3;0,7;366,3;Goiana;26;PE;nao metropolitana;mata atlantica;44,96;Am;80983;34,47;85,85;84,99
2606309;Episódico/Epidêmico;Episódico/Epidêmico;Se manteve;26,2;63,1;153,1;366,3;218,3;1,7;218,3;Granito;26;PE;nao metropolitana;caatinga;474,71;BSh;6971;30,42;58,19;50,12
2606408;Epidêmico;Epidêmico;Se manteve;24,3;83,9;350,6;366,3;366,3;1;366,3;Gravatá;26;PE;nao metropolitana;caatinga;459,72;As;85983;66,15;87,35;84,82
2606507;Episódico/Epidêmico;Episódico;Melhorou;24,5;74,2;193,5;364,7;352;1,3;350,3;Iati;26;PE;nao metropolitana;caatinga;425,31;As;17118;37,76;52,34;50,52
2606606;Episódico/Epidêmico;Episódico/Epidêmico;Se manteve;25,6;66,8;131,1;366,3;245,3;2;245,3;Ibimirim;26;PE;nao metropolitana;caatinga;498,87;BSh;27406;35,12;63,33;65,06
2606705;Episódico/Epidêmico;Episódico/Epidêmico;Se manteve;22,6;80;183,4;341,3;366,3;0,3;341,3;Ibirajuba;26;PE;nao metropolitana;caatinga;580,36;As;7127;48,7;48,69;58,5
2606804;Epidêmico;Epidêmico;Se manteve;25,5;80,7;301,4;366,3;366,3;0,7;366,3;Igarassu;26;PE;metropolitana;mata atlantica;69,89;Am;115281;20,48;91,49;85,51
2606903;Episódico/Epidêmico;Episódico/Epidêmico;Se manteve;25,1;65,8;124,6;366;235;0,7;234,7;Iguaracy;26;PE;nao metropolitana;caatinga;631,25;BSh;10950;37,48;63;51,03
2607000;Episódico/Epidêmico;Episódico/Epidêmico;Se manteve;25,4;70,6;162,5;366,3;291;2;291;Inajá;26;PE;nao metropolitana;caatinga;483,93;BSh;23871;27,09;52,01;39,44
2607109;Episódico/Epidêmico;Episódico/Epidêmico;Se manteve;24,8;67;118,7;366;265;1,3;264,7;Ingazeira;26;PE;nao metropolitana;caatinga;575,14;BSh;4750;43,65;60,39;46,12
2607208;Epidêmico;Epidêmico;Se manteve;26;79,6;412,5;366,3;366,3;1,7;366,3;Ipojuca;26;PE;metropolitana;mata atlantica;62,21;Am;98762;51,32;81,19;84,1
2607307;Episódico/Epidêmico;Episódico/Epidêmico;Se manteve;24,6;66,9;194,1;366,3;257,3;2;257,3;Ipubi;26;PE;nao metropolitana;caatinga;760,42;As;28838;21,82;45,3;61,32
2607406;Episódico/Epidêmico;Episódico/Epidêmico;Se manteve;26,6;65,2;116,1;366,3;249,7;1,7;249,7;Itacuruba;26;PE;nao metropolitana;caatinga;319,14;BSh;4394;82,93;85,38;85,46
2607505;Episódico/Epidêmico;Episódico/Epidêmico;Se manteve;24,9;70,7;155,4;365,7;297;2;296,3;Itaíba;26;PE;nao metropolitana;caatinga;448,89;As;33498;33,22;58,64;44,9
2607604;Episódico/Epidêmico;Episódico/Epidêmico;Se manteve;26,3;79,5;384;366,3;366,3;1;366,3;Ilha De Itamaracá;26;PE;metropolitana;mata atlantica;20;Am;22879;20,31;86,45;69,95
2607653;Episódico/Epidêmico;Episódico/Epidêmico;Se manteve;25,9;81,8;353,1;366,3;366,3;0,7;366,3;Itambé;26;PE;nao metropolitana;mata atlantica;100,11;As;34925;18,78;92,12;88,45
2607703;Episódico/Epidêmico;Episódico/Epidêmico;Se manteve;25,3;65,5;124,2;366;247,7;1,3;247,3;Itapetim;26;PE;nao metropolitana;caatinga;667,15;BSh;13492;54,06;66,28;65,17
2607752;Episódico/Epidêmico;Episódico/Epidêmico;Se manteve;25,5;80,7;301,4;366,3;366,3;0,7;366,3;Itapissuma;26;PE;metropolitana;mata atlantica;23,04;Am;27565;25,37;89,87;93,24
2607802;Episódico/Epidêmico;Episódico/Epidêmico;Se manteve;26;80,5;357,8;366,3;366,3;1;366,3;Itaquitinga;26;PE;nao metropolitana;mata atlantica;96,78;As;16562;9,63;77,26;86,78
2607901;Epidêmico;Epidêmico;Se manteve;25,3;81;361,2;366,3;366,3;1;366,3;Jaboatão Dos Guararapes;26;PE;metropolitana;mata atlantica;63,09;As;653793;46,75;92,41;94,03
2607950;Episódico/Epidêmico;Episódico/Epidêmico;Se manteve;24,5;82,9;384,6;366,3;366,3;1,3;366,3;Jaqueira;26;PE;nao metropolitana;mata atlantica;301,56;As;10237;34,23;62,56;56,78
2608008;Epidêmico;Epidêmico;Se manteve;24,6;72,1;129,3;366;365;0,7;364,7;Jataúba;26;PE;nao metropolitana;caatinga;650,71;BSh;15419;56,47;31,09;50,6
2608057;Episódico/Epidêmico;Episódico/Epidêmico;Se manteve;26,1;69,2;140,2;366,3;285,7;0,7;285,7;Jatobá;26;PE;nao metropolitana;caatinga;311,14;BSh;14002;70,27;77,95;67,71
2608107;Episódico/Epidêmico;Episódico/Epidêmico;Se manteve;24,7;78,3;197,7;366,3;366,3;0,7;366,3;João Alfredo;26;PE;nao metropolitana;caatinga;296,59;As;27710;17,67;63,54;45,43
2608206;Episódico;Episódico;Se manteve;24;83,6;340,6;366,3;366,3;1;366,3;Joaquim Nabuco;26;PE;nao metropolitana;mata atlantica;235,99;Am;13099;51,55;77,56;71,52
2608255;Episódico/Epidêmico;Episódico/Epidêmico;Se manteve;22,6;80;183,4;341,3;366,3;0,3;341,3;Jucati;26;PE;nao metropolitana;caatinga;759,06;As;11536;49,35;47,07;47,23
2608305;Episódico/Epidêmico;Episódico;Melhorou;22,6;80;183,4;341,3;366,3;0,3;341,3;Jupi;26;PE;nao metropolitana;caatinga;741,07;As;15336;52,58;44,72;66,55
2608404;Episódico/Epidêmico;Episódico/Epidêmico;Se manteve;22,8;82,5;246,3;350,7;366,3;0,7;350,7;Jurema;26;PE;nao metropolitana;mata atlantica;713,95;As;12713;65,21;77,25;67,02
2608453;Episódico/Epidêmico;Episódico/Epidêmico;Se manteve;25;79,8;243;366,3;366,3;0,7;366,3;Lagoa Do Carro;26;PE;nao metropolitana;mata atlantica;126,89;As;17368;10,23;65,59;74,41
2608503;Episódico/Epidêmico;Episódico;Melhorou;25,3;81;361,2;366,3;366,3;1;366,3;Lagoa De Itaenga;26;PE;nao metropolitana;mata atlantica;139,08;As;18813;15,17;73,89;81,87
2608602;Episódico/Epidêmico;Episódico/Epidêmico;Se manteve;22,9;83,1;302,4;350,7;366,3;1,7;350,7;Lagoa Do Ouro;26;PE;nao metropolitana;mata atlantica;637,87;As;11859;53,44;92,12;54,62
2608701;Episódico;Episódico/Epidêmico;Piorou;23,2;84,1;314,7;362;366,3;0,7;362;Lagoa Dos Gatos;26;PE;nao metropolitana;mata atlantica;561;As;14139;47,52;63,75;58,33
2608750;Episódico/Epidêmico;Episódico/Epidêmico;Se manteve;27,1;60,3;136,7;366,3;184,7;1,7;184,7;Lagoa Grande;26;PE;nao metropolitana;caatinga;429,87;BSh;23580;40,54;76,41;66,97
2608800;Episódico/Epidêmico;Episódico/Epidêmico;Se manteve;22,8;84,4;325,2;351,3;366,3;1,7;351,3;Lajedo;26;PE;nao metropolitana;caatinga;644,75;As;39436;65,24;81,58;82,14
2608909;Epidêmico;Epidêmico;Se manteve;24,7;78,3;197,7;366,3;366,3;0,7;366,3;Limoeiro;26;PE;nao metropolitana;mata atlantica;168,92;As;55917;46,19;72,74;84,14
2609006;Episódico/Epidêmico;Episódico/Epidêmico;Se manteve;24,8;78,1;208,2;366,3;366,3;0,7;366,3;Macaparana;26;PE;nao metropolitana;mata atlantica;459,7;As;23187;62,08;91,93;70,02
2609105;Episódico/Epidêmico;Episódico/Epidêmico;Se manteve;25;79,8;243;366,3;366,3;0,7;366,3;Machados;26;PE;nao metropolitana;mata atlantica;291,14;As;11068;23,57;79,83;58,55
2609154;Episódico;Episódico/Epidêmico;Piorou;25,1;69,8;150,1;366,3;283;1,7;283;Manari;26;PE;nao metropolitana;caatinga;576,35;BSh;24255;5,71;30,95;30,23
2609204;Episódico;Sem transmissão;Melhorou;23,5;84,5;380,5;366;366,3;2;366;Maraial;26;PE;nao metropolitana;mata atlantica;305,2;As;8935;22,07;73,85;70,39
2609303;Episódico/Epidêmico;Episódico/Epidêmico;Se manteve;26;64;145,9;366,3;222;1,3;222;Mirandiba;26;PE;nao metropolitana;caatinga;503,59;BSh;13359;56,08;67,01;57,67
2609402;Epidêmico;Episódico/Epidêmico;Melhorou;25,3;81;361,2;366,3;366,3;1;366,3;Moreno;26;PE;metropolitana;mata atlantica;158,72;As;54637;52,66;91,34;78,41
2609501;Episódico/Epidêmico;Epidêmico;Piorou;25,5;81,5;298,1;366,3;366,3;0,7;366,3;Nazaré Da Mata;26;PE;nao metropolitana;mata atlantica;90,71;As;30589;78,04;86,3;85,8
2609600;Epidêmico;Epidêmico;Se manteve;26;79,6;415,2;366,3;366,3;1,3;366,3;Olinda;26;PE;metropolitana;mata atlantica;20,36;Am;349920;57,95;97,51;96,42
2609709;Episódico/Epidêmico;Episódico/Epidêmico;Se manteve;25;79,8;243;366,3;366,3;0,7;366,3;Orobó;26;PE;nao metropolitana;mata atlantica;421,27;As;21173;21,9;53,87;48,64
2609808;Episódico/Epidêmico;Episódico/Epidêmico;Se manteve;27;61,2;118,2;366,3;198,7;1;198,7;Orocó;26;PE;nao metropolitana;caatinga;374,18;BSh;13670;38,87;84,23;49,59
2609907;Epidêmico;Episódico/Epidêmico;Melhorou;26,7;62,2;155,8;366,3;210;1,3;210;Ouricuri;26;PE;nao metropolitana;caatinga;483,96;BSh;65200;61,06;60,18;45,64
2610004;Epidêmico;Epidêmico;Se manteve;25,4;81;396,3;366,3;366,3;2;366,3;Palmares;26;PE;nao metropolitana;mata atlantica;195,65;As;53987;57,42;88,52;80,33
2610103;Episódico/Epidêmico;Episódico;Melhorou;22,9;83,1;302,4;350,7;366,3;1,7;350,7;Palmeirina;26;PE;nao metropolitana;mata atlantica;590,83;As;7032;54,03;73,76;69,47
2610202;Episódico/Epidêmico;Episódico/Epidêmico;Se manteve;23,5;84,5;380,6;366;366,3;2;366;Panelas;26;PE;nao metropolitana;caatinga;646,74;As;22412;57,83;62,99;61,65
2610301;Episódico/Epidêmico;Episódico/Epidêmico;Se manteve;23;78,1;209,9;345,7;365,3;0,3;344,7;Paranatama;26;PE;nao metropolitana;caatinga;780,67;As;12181;4,74;42,28;34,01
2610400;Episódico/Epidêmico;Episódico/Epidêmico;Se manteve;26,8;61,8;144,8;366,3;204;1,3;204;Parnamirim;26;PE;nao metropolitana;caatinga;418,58;BSh;18563;36,26;57,61;39,59
2610509;Epidêmico;Epidêmico;Se manteve;24,6;81,7;292,4;366,3;366,3;1;366,3;Passira;26;PE;nao metropolitana;caatinga;207,16;As;28235;17,68;63,85;58,6
2610608;Episódico/Epidêmico;Epidêmico;Piorou;25,5;80,7;301,4;366,3;366,3;0,7;366,3;Paudalho;26;PE;nao metropolitana;mata atlantica;116,25;As;55072;32,08;81,26;64,67
2610707;Epidêmico;Epidêmico;Se manteve;26,3;78,9;396,6;366,3;366;1,7;366;Paulista;26;PE;metropolitana;mata atlantica;38,85;Am;348253;61,51;98,07;91,04
2610806;Episódico/Epidêmico;Episódico/Epidêmico;Se manteve;23,6;72,3;142,2;356,3;349;0,7;339;Pedra;26;PE;nao metropolitana;caatinga;536,62;BSh;22884;43,61;60,29;54,54
2610905;Episódico/Epidêmico;Episódico/Epidêmico;Se manteve;23,6;72,3;142,2;356,3;349;0,7;339;Pesqueira;26;PE;nao metropolitana;caatinga;790,95;As;60853;63,49;71,5;72,7
2611002;Episódico/Epidêmico;Episódico/Epidêmico;Se manteve;25,8;68,9;122,5;366,3;290;0,7;290;Petrolândia;26;PE;nao metropolitana;caatinga;365,83;BSh;34302;70,43;90,13;72,27
2611101;Epidêmico;Epidêmico;Se manteve;26,7;60,5;113,2;366,3;186;1,7;186;Petrolina;26;PE;nao metropolitana;caatinga;420,6;BSh;388145;73,92;92,03;88,69
2611200;Episódico/Epidêmico;Episódico/Epidêmico;Se manteve;23,6;73;137,2;362;362,7;0,7;358,3;Poção;26;PE;nao metropolitana;caatinga;903,53;As;10499;46,77;53,8;63,81
2611309;Episódico/Epidêmico;Episódico;Melhorou;24,6;81,7;292,4;366,3;366,3;1;366,3;Pombos;26;PE;nao metropolitana;mata atlantica;340,64;As;29499;67,06;70,64;65,46
2611408;Episódico/Epidêmico;Episódico/Epidêmico;Se manteve;24,3;83,9;350,6;366,3;366,3;1;366,3;Primavera;26;PE;nao metropolitana;mata atlantica;367,43;As;13536;45,57;68,62;67,91
2611507;Episódico/Epidêmico;Episódico/Epidêmico;Se manteve;22,8;84,4;325,2;351,3;366,3;1,7;351,3;Quipapá;26;PE;nao metropolitana;mata atlantica;555,49;As;17873;50,59;78,48;59,07
2611533;Sem transmissão;Sem transmissão;Se manteve;25,1;65,8;124,6;366;235;0,7;234,7;Quixaba;26;PE;nao metropolitana;caatinga;628,46;As;6508;28,99;50,78;42,46
2611606;Transmissão Persistente;Transmissão Persistente;Se manteve;25,3;81;361,2;366,3;366,3;1;366,3;Recife;26;PE;metropolitana;mata atlantica;32,92;Am;1494586;70,58;97,5;97,86
2611705;Episódico;Episódico/Epidêmico;Piorou;23,4;84,1;312,5;365,7;366,3;1,3;365,7;Riacho Das Almas;26;PE;nao metropolitana;caatinga;442,83;As;20307;50,67;49,95;53,16
2611804;Episódico/Epidêmico;Episódico;Melhorou;24,9;82,5;359,9;366,3;366,3;1,3;366,3;Ribeirão;26;PE;nao metropolitana;mata atlantica;151,08;Am;33484;66,81;88,59;80,08
2611903;Episódico/Epidêmico;Episódico/Epidêmico;Se manteve;25,6;81,1;394,4;366,3;366,3;1,3;366,3;Rio Formoso;26;PE;nao metropolitana;mata atlantica;86,04;Am;19905;34,7;81,68;60,27
2612000;Episódico;Episódico/Epidêmico;Piorou;23,1;82,6;255,7;362;366,3;1;362;Sairé;26;PE;nao metropolitana;mata atlantica;628,12;As;10910;29,85;74,78;58,9
2612109;Episódico/Epidêmico;Episódico;Melhorou;24,7;78,3;197,7;366,3;366,3;0,7;366,3;Salgadinho;26;PE;nao metropolitana;caatinga;253,68;As;5733;13,08;44,47;33,1
2612208;Epidêmico;Epidêmico;Se manteve;26,5;62,8;139,1;366,3;217,3;1,7;217,3;Salgueiro;26;PE;nao metropolitana;caatinga;481,48;BSh;62206;64,16;87,64;81,76
2612307;Episódico/Epidêmico;Episódico/Epidêmico;Se manteve;23;78,1;209,9;345,7;365,3;0,3;344,7;Saloá;26;PE;nao metropolitana;caatinga;694,29;As;13530;38,02;54,79;54,27
2612406;Episódico/Epidêmico;Episódico/Epidêmico;Se manteve;23,1;75,4;151,7;349;364,7;0,7;347,3;Sanharó;26;PE;nao metropolitana;caatinga;725,58;As;18606;52,2;81,06;71,01
2612455;Episódico/Epidêmico;Episódico/Epidêmico;Se manteve;26,5;61,9;150,2;366,3;205;2,7;205;Santa Cruz;26;PE;nao metropolitana;caatinga;490,52;BSh;14178;27,64;41,67;32,3
2612471;Episódico/Epidêmico;Episódico/Epidêmico;Se manteve;25,8;64;145,6;366,3;214,3;2;214,3;Santa Cruz Da Baixa Verde;26;PE;nao metropolitana;caatinga;801,21;As;11598;45,67;65,79;52,93
2612505;Epidêmico;Epidêmico;Se manteve;24,6;74;149,8;366,3;366,3;1;366,3;Santa Cruz Do Capibaribe;26;PE;nao metropolitana;caatinga;511,22;BSh;97386;87,6;79,68;95,68
2612554;Episódico/Epidêmico;Episódico/Epidêmico;Se manteve;26,2;62,4;159,1;366,3;209;2,3;209;Santa Filomena;26;PE;nao metropolitana;caatinga;573,37;BSh;11613;9,15;36,57;29,47
2612604;Episódico/Epidêmico;Episódico/Epidêmico;Se manteve;27;60,8;133,1;366,3;189,3;1,7;189,3;Santa Maria Da Boa Vista;26;PE;nao metropolitana;caatinga;398,62;BSh;40464;41,32;76,59;36,18
2612703;Episódico/Epidêmico;Episódico;Melhorou;24,6;74;149,8;366,3;366,3;1;366,3;Santa Maria Do Cambucá;26;PE;nao metropolitana;caatinga;477,56;As;13715;24,57;33,56;42,56
2612802;Episódico/Epidêmico;Episódico/Epidêmico;Se manteve;25,3;65,5;124,2;366;247,7;1,3;247,3;Santa Terezinha;26;PE;nao metropolitana;caatinga;728,97;BSh;10164;52,46;69,63;63,76
2612901;Episódico;Episódico;Se manteve;22,8;84,4;325,2;351,3;366,3;1,7;351,3;São Benedito Do Sul;26;PE;nao metropolitana;mata atlantica;459,54;As;15605;24,36;65,47;57,13
2613008;Episódico/Epidêmico;Episódico/Epidêmico;Se manteve;23;76,4;165,6;346,3;364,7;0,3;344,7;São Bento Do Una;26;PE;nao metropolitana;caatinga;661,99;As;48621;48,05;58,05;59,26
2613107;Epidêmico;Episódico/Epidêmico;Melhorou;23;77,7;153,2;352,7;366,3;0,7;352,7;São Caitano;26;PE;nao metropolitana;caatinga;638,68;BSh;36982;51,33;66,51;76,4
2613206;Episódico/Epidêmico;Episódico;Melhorou;23,4;84,1;353,1;363,7;366,3;2,3;363,7;São João;26;PE;nao metropolitana;caatinga;736,05;As;23411;26,93;62,37;48,08
2613305;Episódico/Epidêmico;Episódico/Epidêmico;Se manteve;24;83,6;340,6;366,3;366,3;1;366,3;São Joaquim Do Monte;26;PE;nao metropolitana;caatinga;485,25;As;20098;67,13;81,57;75,62
2613404;Episódico/Epidêmico;Episódico/Epidêmico;Se manteve;25,8;80;417,9;366,3;366,3;2;366,3;São José Da Coroa Grande;26;PE;nao metropolitana;mata atlantica;47,13;Am;18802;5,19;88,52;83,88
2613503;Episódico/Epidêmico;Episódico/Epidêmico;Se manteve;26,1;63,2;143,4;366,3;214,7;1;214,7;São José Do Belmonte;26;PE;nao metropolitana;caatinga;543,26;BSh;34836;35,96;68,29;56,29
2613602;Epidêmico;Episódico/Epidêmico;Melhorou;24,7;68;117,7;366;297,7;1,7;297,3;São José Do Egito;26;PE;nao metropolitana;caatinga;616,36;BSh;31154;64,55;76,41;66,9
2613701;Epidêmico;Episódico/Epidêmico;Melhorou;25,3;81;361,2;366,3;366,3;1;366,3;São Lourenço Da Mata;26;PE;metropolitana;mata atlantica;105,22;As;110765;38,89;88,47;82,51
2613800;Episódico/Epidêmico;Epidêmico;Piorou;24,8;78,1;208,2;366,3;366,3;0,7;366,3;São Vicente Férrer;26;PE;nao metropolitana;mata atlantica;443,87;As;16331;56,55;68,83;65,4
2613909;Episódico/Epidêmico;Epidêmico;Piorou;26;64;130,7;366,3;218,3;1,3;218,3;Serra Talhada;26;PE;nao metropolitana;caatinga;488,96;BSh;91624;71,84;83,64;70,92
2614006;Episódico/Epidêmico;Episódico/Epidêmico;Se manteve;26,5;62,8;139,1;366,3;217,3;1,7;217,3;Serrita;26;PE;nao metropolitana;caatinga;482,36;BSh;18204;35,79;47;37,91
2614105;Episódico/Epidêmico;Episódico/Epidêmico;Se manteve;25,2;66,1;132,7;366;241,3;1,3;241;Sertânia;26;PE;nao metropolitana;caatinga;575,29;BSh;31593;59,15;64,92;62,07
2614204;Episódico/Epidêmico;Episódico/Epidêmico;Se manteve;25,6;81,1;394,4;366,3;366,3;1,3;366,3;Sirinhaém;26;PE;nao metropolitana;mata atlantica;60,47;Am;37503;34,33;79,36;74,99
2614303;Episódico/Epidêmico;Episódico/Epidêmico;Se manteve;24,8;67;209,2;366,3;256,7;2,7;256,7;Moreilândia;26;PE;nao metropolitana;caatinga;601,74;As;10503;12,48;65,13;57,03
2614402;Episódico/Epidêmico;Episódico/Epidêmico;Se manteve;25,7;63,7;132,2;366;211,7;1;211,3;Solidão;26;PE;nao metropolitana;caatinga;672,89;As;5246;36,89;42,52;38,9
2614501;Episódico/Epidêmico;Epidêmico;Piorou;24,6;76,2;170,7;366,3;366,3;0,7;366,3;Surubim;26;PE;nao metropolitana;caatinga;366,64;As;63979;58,83;82,12;76,72
2614600;Episódico/Epidêmico;Episódico/Epidêmico;Se manteve;25,2;65,4;121,3;366;238;1,3;237,7;Tabira;26;PE;nao metropolitana;caatinga;613,84;BSh;27505;72,11;75,86;78,11
2614709;Episódico/Epidêmico;Episódico/Epidêmico;Se manteve;23;77,7;153,2;352,7;366,3;0,7;352,7;Tacaimbó;26;PE;nao metropolitana;caatinga;620,57;As;13608;54,46;51,97;60,29
2614808;Episódico/Epidêmico;Episódico;Melhorou;25,8;68,9;122,5;366,3;290;0,7;290;Tacaratu;26;PE;nao metropolitana;caatinga;464,53;BSh;23166;22,15;43,09;42,5
2614857;Episódico;Episódico/Epidêmico;Piorou;25,8;80;417,9;366,3;366,3;2;366,3;Tamandaré;26;PE;nao metropolitana;mata atlantica;65,96;Am;23494;19,35;82,97;72,43
2615003;Episódico/Epidêmico;Episódico;Melhorou;23,8;79,1;208,7;366,3;366,3;0,7;366,3;Taquaritinga Do Norte;26;PE;nao metropolitana;caatinga;527,74;BSh;24335;44,16;44,38;81,12
2615102;Episódico/Epidêmico;Episódico/Epidêmico;Se manteve;24,5;74,2;193,5;364,7;352;1,3;350,3;Terezinha;26;PE;nao metropolitana;mata atlantica;665,01;As;6646;57,16;54,4;44,3
2615201;Episódico/Epidêmico;Episódico/Epidêmico;Se manteve;26,8;61,9;135,5;366,3;205;1,3;205;Terra Nova;26;PE;nao metropolitana;caatinga;402,13;BSh;8832;47,67;77,7;60,1
2615300;Epidêmico;Epidêmico;Se manteve;25;80;254,5;366,3;366,3;0,7;366,3;Timbaúba;26;PE;nao metropolitana;mata atlantica;215,77;As;46004;67,59;83,87;88,79
2615409;Episódico/Epidêmico;Episódico/Epidêmico;Se manteve;23,9;76,5;167,2;365,7;366,3;1;365,7;Toritama;26;PE;nao metropolitana;caatinga;383,86;BSh;40375;79,92;80,18;96,82
2615508;Episódico/Epidêmico;Episódico/Epidêmico;Se manteve;25;79,8;243;366,3;366,3;0,7;366,3;Tracunhaém;26;PE;nao metropolitana;mata atlantica;112,23;As;13874;24,07;79,13;80,23
2615607;Episódico/Epidêmico;Episódico/Epidêmico;Se manteve;25,6;64,1;161;366,3;227,3;2,7;227,3;Trindade;26;PE;nao metropolitana;caatinga;521,52;BSh;30231;44,18;85,71;74,36
2615706;Episódico/Epidêmico;Episódico/Epidêmico;Se manteve;25,5;64,6;138,9;366;221;2;220,7;Triunfo;26;PE;nao metropolitana;caatinga;728,57;As;14647;21,77;65,93;56,35
2615805;Episódico/Epidêmico;Episódico/Epidêmico;Se manteve;24,7;71,2;154,7;364,7;309,3;1,3;307,7;Tupanatinga;26;PE;nao metropolitana;caatinga;627,69;BSh;28352;32,73;45,89;38,04
2615904;Episódico/Epidêmico;Episódico/Epidêmico;Se manteve;24,8;67;118,7;366;265;1,3;264,7;Tuparetama;26;PE;nao metropolitana;caatinga;613,02;BSh;8018;60,65;81,29;79,28
2616001;Episódico/Epidêmico;Episódico/Epidêmico;Se manteve;23,8;72,7;150,1;358,7;347,3;0,7;339,7;Venturosa;26;PE;nao metropolitana;caatinga;638,03;As;17676;56,54;60,94;66,18
2616100;Episódico/Epidêmico;Episódico/Epidêmico;Se manteve;26,1;63,2;143,4;366,3;214,7;1;214,7;Verdejante;26;PE;nao metropolitana;caatinga;508,35;BSh;9170;41,3;75,41;38,99
2616183;Episódico/Epidêmico;Episódico/Epidêmico;Se manteve;24,6;76,2;170,7;366,3;366,3;0,7;366,3;Vertente Do Lério;26;PE;nao metropolitana;caatinga;466,45;As;7549;15,71;2,38;41,86
2616209;Episódico/Epidêmico;Episódico/Epidêmico;Se manteve;24,6;76,2;170,7;366,3;366,3;0,7;366,3;Vertentes;26;PE;nao metropolitana;caatinga;450,21;As;21393;39,81;62,58;71,95
2616308;Episódico/Epidêmico;Episódico/Epidêmico;Se manteve;25,5;80,7;301,4;366,3;366,3;0,7;366,3;Vicência;26;PE;nao metropolitana;mata atlantica;176,45;As;26254;58,8;89,32;69,52
2616407;Epidêmico;Epidêmico;Se manteve;25,2;82,1;409;366,3;366,3;1;366,3;Vitória De Santo Antão;26;PE;nao metropolitana;mata atlantica;252,78;As;135182;64,43;83,69;87,57
2616506;Episódico;Episódico/Epidêmico;Piorou;24,5;82,9;384,6;366,3;366,3;1,3;366,3;Xexéu;26;PE;nao metropolitana;mata atlantica;166,71;As;11288;56,08;87,8;76,05
2700102;Episódico/Epidêmico;Episódico/Epidêmico;Se manteve;26,1;69,2;140,2;366,3;285,7;0,7;285,7;Água Branca;27;AL;nao metropolitana;caatinga;368,41;As;19011;29,88;61,78;36,32
2700201;Episódico/Epidêmico;Episódico/Epidêmico;Se manteve;25,7;79,9;374,7;366,3;366,3;3,7;366,3;Anadia;27;AL;nao metropolitana;mata atlantica;189,35;As;13960;19,07;61,62;81,66
2700300;Epidêmico;Epidêmico;Se manteve;25,8;75,5;216,7;366,3;364,3;0,7;364,3;Arapiraca;27;AL;nao metropolitana;caatinga;244,27;As;235085;19,21;94,67;91,27
2700409;Episódico/Epidêmico;Episódico/Epidêmico;Se manteve;25;81,5;369,7;366,3;366,3;3;366,3;Atalaia;27;AL;metropolitana;mata atlantica;142,86;As;37356;24,29;82,49;76,75
2700508;Episódico;Episódico;Se manteve;26;79,4;453,8;366,3;366,3;4,7;366,3;Barra De Santo Antônio;27;AL;metropolitana;mata atlantica;43,37;Am;16405;23,61;91,16;88,03
2700607;Episódico/Epidêmico;Episódico/Epidêmico;Se manteve;25,7;79,9;374,7;366,3;366,3;3,7;366,3;Barra De São Miguel;27;AL;metropolitana;mata atlantica;46,87;As;7952;53,92;90,49;94,72
2700706;Episódico;Episódico;Se manteve;26,1;72,6;183,1;366,3;347,7;0,7;347,7;Batalha;27;AL;nao metropolitana;caatinga;163,55;BSh;16016;21,48;70,94;63,6
2700805;Episódico;Episódico;Se manteve;25;78,1;259,4;366,3;366;2;366;Belém;27;AL;nao metropolitana;caatinga;317,13;As;4589;18,27;62,17;58,86
2700904;Episódico;Episódico;Se manteve;26,5;71,2;158,9;366,3;338,7;0,3;338,7;Belo Monte;27;AL;nao metropolitana;caatinga;127,84;BSh;5935;35,71;40,14;29,74
2701001;Episódico/Epidêmico;Episódico/Epidêmico;Se manteve;25;81,5;369,7;366,3;366,3;3;366,3;Boca Da Mata;27;AL;nao metropolitana;mata atlantica;142,24;As;21175;66,35;87,43;85,58
2701100;Episódico/Epidêmico;Episódico/Epidêmico;Se manteve;24,9;82,4;428,6;366,3;366,3;2,7;366,3;Branquinha;27;AL;nao metropolitana;mata atlantica;230,36;As;9474;36,64;81,88;61,38
2701209;Episódico/Epidêmico;Episódico/Epidêmico;Se manteve;25,1;74,8;210,8;366,3;357,3;1;357,3;Cacimbinhas;27;AL;nao metropolitana;caatinga;245,95;As;10387;0,27;21,47;55,78
2701308;Episódico/Epidêmico;Episódico/Epidêmico;Se manteve;24,3;82,7;358,9;366,3;366,3;2,7;366,3;Cajueiro;27;AL;nao metropolitana;mata atlantica;167,7;As;16035;9,81;90,12;79,37
2701357;Episódico;Episódico;Se manteve;24,5;82,9;384,6;366,3;366,3;1,3;366,3;Campestre;27;AL;nao metropolitana;mata atlantica;138,39;Am;6656;57,2;85,25;75,48
2701407;Episódico/Epidêmico;Epidêmico;Piorou;25,3;79,9;320;366,3;366,3;2,3;366,3;Campo Alegre;27;AL;nao metropolitana;mata atlantica;146,09;As;32020;23,32;67,11;96,71
2701506;Episódico;Episódico;Se manteve;25,7;78,9;279,9;366,3;366,3;1,7;366,3;Campo Grande;27;AL;nao metropolitana;caatinga;150,82;As;8138;7,61;84,83;51,73
2701605;Episódico/Epidêmico;Episódico;Melhorou;25,4;70,6;162,5;366,3;291;2;291;Canapi;27;AL;nao metropolitana;caatinga;356,95;As;15434;6,11;28,02;34,13
2701704;Episódico;Episódico/Epidêmico;Piorou;25,5;81,1;463,1;366,3;366,3;3,3;366,3;Capela;27;AL;nao metropolitana;mata atlantica;188,28;As;15023;56,43;84,91;78,89
2701803;Episódico/Epidêmico;Episódico;Melhorou;25,8;71,4;169,2;366,3;316,3;1,3;316,3;Carneiros;27;AL;nao metropolitana;caatinga;332,18;As;8992;0,24;60,09;56,56
2701902;Episódico;Episódico;Se manteve;23,9;81,9;311,1;365,7;366,3;1,7;365,7;Chã Preta;27;AL;nao metropolitana;mata atlantica;449,14;As;5908;6,11;91,37;62,68
2702009;Episódico/Epidêmico;Episódico/Epidêmico;Se manteve;25,3;79,9;320;366,3;366,3;2,3;366,3;Coité Do Nóia;27;AL;nao metropolitana;caatinga;254,33;As;10791;1,75;43,62;34,43
2702108;Episódico/Epidêmico;Epidêmico;Piorou;24,5;82,9;384,6;366,3;366,3;1,3;366,3;Colônia Leopoldina;27;AL;nao metropolitana;mata atlantica;314,7;As;15673;68,18;74,62;80,54
2702207;Episódico/Epidêmico;Episódico/Epidêmico;Se manteve;26;79,3;451,1;366,3;366,3;3,7;366,3;Coqueiro Seco;27;AL;metropolitana;mata atlantica;55,42;Am;5579;15,02;89,52;87,62
2702306;Episódico/Epidêmico;Episódico/Epidêmico;Se manteve;26;79,7;376,2;366,3;366,3;2,7;366,3;Coruripe;27;AL;nao metropolitana;mata atlantica;62,46;As;49951;16,68;91,82;87,8
2702355;Episódico/Epidêmico;Episódico/Epidêmico;Se manteve;25,6;75;215,2;366,3;363,3;1;363,3;Craíbas;27;AL;nao metropolitana;caatinga;234,88;BSh;25330;7,46;63,6;49,63
2702405;Episódico/Epidêmico;Episódico/Epidêmico;Se manteve;26,2;69,3;156,1;366,3;281,3;1;281,3;Delmiro Gouveia;27;AL;nao metropolitana;caatinga;250,26;BSh;51215;73,93;90,47;88,05
2702504;Episódico/Epidêmico;Episódico;Melhorou;25,6;75;215,2;366,3;363,3;1;363,3;Dois Riachos;27;AL;nao metropolitana;caatinga;264,57;As;9754;0,82;34,56;52,95
2702553;Episódico;Episódico;Se manteve;25;78,1;259,4;366,3;366;2;366;Estrela De Alagoas;27;AL;nao metropolitana;caatinga;299,33;As;15322;6,35;33,69;24,18
2702603;Episódico/Epidêmico;Episódico/Epidêmico;Se manteve;25,4;78,2;264,3;366,3;366,3;1,3;366,3;Feira Grande;27;AL;nao metropolitana;caatinga;196,03;As;22701;7,74;77,69;32,58
2702702;Episódico;Episódico/Epidêmico;Piorou;26;80,1;334,8;366,3;366,3;1,7;366,3;Feliz Deserto;27;AL;nao metropolitana;mata atlantica;18,86;As;3947;1,5;32,7;88,93
2702801;Episódico/Epidêmico;Episódico;Melhorou;24,9;82,4;428,6;366,3;366,3;2,7;366,3;Flexeiras;27;AL;nao metropolitana;mata atlantica;169,97;As;9520;57,05;66,76;63,05
2702900;Episódico/Epidêmico;Episódico/Epidêmico;Se manteve;25,7;78,9;279,9;366,3;366,3;1,7;366,3;Girau Do Ponciano;27;AL;nao metropolitana;caatinga;226,6;As;35899;2,43;50,24;42,74
2703007;Episódico/Epidêmico;Episódico/Epidêmico;Se manteve;23,5;84,5;380,5;366;366,3;2;366;Ibateguara;27;AL;nao metropolitana;mata atlantica;488,28;As;13699;58,86;82,28;83,68
2703106;Episódico/Epidêmico;Episódico;Melhorou;25,6;75;215,2;366,3;363,3;1;363,3;Igaci;27;AL;nao metropolitana;caatinga;250,31;As;23996;6,06;48,49;42,79
2703205;Episódico/Epidêmico;Episódico/Epidêmico;Se manteve;25,9;77;232,5;366,3;365,7;0,7;365,7;Igreja Nova;27;AL;nao metropolitana;mata atlantica;63,2;As;21227;6,95;80,07;39,41
2703304;Episódico/Epidêmico;Episódico;Melhorou;26;70,3;161,9;366,3;294,7;2;294,7;Inhapi;27;AL;nao metropolitana;caatinga;309,94;As;15158;13,79;42,16;46,74
2703403;Episódico/Epidêmico;Episódico/Epidêmico;Se manteve;26,1;72,6;183,1;366,3;347,7;0,7;347,7;Jacaré Dos Homens;27;AL;nao metropolitana;caatinga;154,13;BSh;5071;6,43;81,42;75,85
2703502;Episódico;Episódico;Se manteve;24,5;82,9;384,6;366,3;366,3;1,3;366,3;Jacuípe;27;AL;nao metropolitana;mata atlantica;112,11;Am;5340;26,77;68,66;63,69
2703601;Episódico;Episódico/Epidêmico;Piorou;25,6;80,5;457,9;366,3;366,3;2,7;366,3;Japaratinga;27;AL;nao metropolitana;mata atlantica;37,24;Am;9307;12,04;79,03;57,81
2703700;Episódico;Episódico;Se manteve;25,8;75,5;216,7;366,3;364,3;0,7;364,3;Jaramataia;27;AL;nao metropolitana;caatinga;176,75;BSh;4992;1,29;64,73;65,52
2703759;Episódico/Epidêmico;Episódico/Epidêmico;Se manteve;26;79,7;376,2;366,3;366,3;2,7;366,3;Jequiá Da Praia;27;AL;nao metropolitana;mata atlantica;65,26;As;9480;2,05;87,62;76,77
2703809;Episódico/Epidêmico;Episódico/Epidêmico;Se manteve;25;82,4;432,7;366,3;366,3;2;366,3;Joaquim Gomes;27;AL;nao metropolitana;mata atlantica;211,61;As;17080;15,69;73,62;58,91
2703908;Episódico;Episódico;Se manteve;25,6;80,5;457,9;366,3;366,3;2,7;366,3;Jundiá;27;AL;nao metropolitana;mata atlantica;116,23;Am;4088;4,18;77,94;65,75
2704005;Episódico/Epidêmico;Episódico/Epidêmico;Se manteve;25,3;79,9;320;366,3;366,3;2,3;366,3;Junqueiro;27;AL;nao metropolitana;mata atlantica;170,04;As;23902;1,15;91,27;59,11
2704104;Episódico/Epidêmico;Episódico;Melhorou;25,8;75,5;216,7;366,3;364,3;0,7;364,3;Lagoa Da Canoa;27;AL;nao metropolitana;caatinga;265,85;As;18480;5,3;75,33;62,13
2704203;Episódico/Epidêmico;Episódico/Epidêmico;Se manteve;25,3;79,9;320;366,3;366,3;2,3;366,3;Limoeiro De Anadia;27;AL;nao metropolitana;mata atlantica;201,49;As;24698;11,6;71,72;46,08
2704302;Epidêmico;Transmissão Persistente;Piorou;25,7;80,2;505,4;366,3;366,3;5;366,3;Maceió;27;AL;metropolitana;mata atlantica;58,91;Am;960667;48,42;80,44;97,63
2704401;Episódico/Epidêmico;Episódico/Epidêmico;Se manteve;26,1;72,6;183,1;366,3;347,7;0,7;347,7;Major Isidoro;27;AL;nao metropolitana;caatinga;203,08;As;18081;23,97;43,93;53,69
2704500;Epidêmico;Episódico/Epidêmico;Melhorou;25,6;80,5;457,9;366,3;366,3;2,7;366,3;Maragogi;27;AL;nao metropolitana;mata atlantica;63,48;Am;32540;38,24;75,43;65,4
2704609;Episódico/Epidêmico;Episódico;Melhorou;25,5;72,8;186;366,3;339,7;0,7;339,7;Maravilha;27;AL;nao metropolitana;caatinga;343,01;As;9515;13,61;46,19;52,47
2704708;Epidêmico;Epidêmico;Se manteve;25,5;81,1;463,1;366,3;366,3;3,3;366,3;Marechal Deodoro;27;AL;metropolitana;mata atlantica;48,37;Am;61177;28,39;97,24;92,39
2704807;Episódico/Epidêmico;Episódico;Melhorou;24,7;80,7;308,3;366,3;366,3;2,3;366,3;Maribondo;27;AL;nao metropolitana;mata atlantica;255,82;As;13677;69,28;64,59;83,05
2704906;Episódico;Episódico;Se manteve;23,9;81,9;311,1;365,7;366,3;1,7;365,7;Mar Vermelho;27;AL;nao metropolitana;mata atlantica;435,62;As;3155;15,99;74,28;51,93
2705002;Episódico/Epidêmico;Episódico/Epidêmico;Se manteve;25,7;69,7;162,3;366,3;281;2;281;Mata Grande;27;AL;nao metropolitana;caatinga;451,58;As;21627;21,79;43,05;32,42
2705101;Episódico/Epidêmico;Episódico/Epidêmico;Se manteve;25,8;80;489,3;366,3;366,3;4,3;366,3;Matriz De Camaragibe;27;AL;nao metropolitana;mata atlantica;89,91;Aw;23871;9,81;84,98;87,29
2705200;Episódico/Epidêmico;Episódico/Epidêmico;Se manteve;25,7;80,2;505,4;366,3;366,3;5;366,3;Messias;27;AL;metropolitana;mata atlantica;129,35;As;15418;31,81;90,41;88,62
2705309;Episódico;Episódico;Se manteve;25,1;74,8;210,8;366,3;357,3;1;357,3;Minador Do Negrão;27;AL;nao metropolitana;caatinga;291,95;As;4838;0,75;32,95;42,48
2705408;Episódico/Epidêmico;Episódico;Melhorou;26,4;70,7;158,7;366,3;320;1,3;320;Monteirópolis;27;AL;nao metropolitana;caatinga;228,51;BSh;7201;0,89;61,09;58,73
2705507;Episódico/Epidêmico;Episódico/Epidêmico;Se manteve;24,3;82,7;358,9;366,3;366,3;2,7;366,3;Murici;27;AL;nao metropolitana;mata atlantica;186,32;As;25221;66,93;77;75
2705606;Episódico;Episódico;Se manteve;24,5;82,9;384,6;366,3;366,3;1,3;366,3;Novo Lino;27;AL;nao metropolitana;mata atlantica;158,25;Aw;10011;35,21;73,43;43,86
2705705;Episódico/Epidêmico;Episódico;Melhorou;26,4;70,7;158,7;366,3;320;1,3;320;Olho D'água Das Flores;27;AL;nao metropolitana;caatinga;260,07;As;20702;2,29;84,25;76,41
2705804;Episódico;Episódico;Se manteve;26,4;69;148,9;366,3;293;1,3;293;Olho D'água Do Casado;27;AL;nao metropolitana;caatinga;266,26;As;8345;12,86;69,65;56,79
2705903;Episódico;Episódico;Se manteve;25,9;77;232,5;366,3;365,7;0,7;365,7;Olho D'água Grande;27;AL;nao metropolitana;caatinga;115,58;As;4333;0,69;50,66;25,48
2706000;Episódico/Epidêmico;Episódico;Melhorou;26,4;70,7;158,7;366,3;320;1,3;320;Olivença;27;AL;nao metropolitana;caatinga;230,03;As;10744;0,76;45,1;43,89
2706109;Episódico;Episódico/Epidêmico;Piorou;25,5;72,8;186;366,3;339,7;0,7;339,7;Ouro Branco;27;AL;nao metropolitana;caatinga;367,52;As;11382;3,02;37,82;60,63
2706208;Episódico;Episódico;Se manteve;26,3;73;179;366,3;357,3;0,7;357,3;Palestina;27;AL;nao metropolitana;caatinga;154,59;BSh;4328;5,58;82,31;81,91
2706307;Epidêmico;Episódico/Epidêmico;Melhorou;24,3;78,5;260,4;365,3;364,7;1,3;363,7;Palmeira Dos Índios;27;AL;nao metropolitana;caatinga;360,56;As;68534;13,75;80,3;69,14
2706406;Episódico/Epidêmico;Episódico;Melhorou;26,4;70,7;158,7;366,3;320;1,3;320;Pão De Açúcar;27;AL;nao metropolitana;caatinga;139,09;BSh;23721;19,12;76,86;66,11
2706422;Episódico/Epidêmico;Episódico/Epidêmico;Se manteve;26,1;69,2;140,2;366,3;285,7;0,7;285,7;Pariconha;27;AL;nao metropolitana;caatinga;362,33;As;10573;3,96;61,52;59,13
2706448;Episódico/Epidêmico;Episódico/Epidêmico;Se manteve;26;79,4;453,8;366,3;366,3;4,7;366,3;Paripueira;27;AL;metropolitana;mata atlantica;42,98;Am;13991;12,89;92,48;82,15
2706505;Episódico;Episódico;Se manteve;25,6;80,5;457,9;366,3;366,3;2,7;366,3;Passo De Camaragibe;27;AL;nao metropolitana;mata atlantica;33,19;Am;13870;3,09;75,59;70,89
2706604;Episódico;Episódico;Se manteve;23,9;81,9;311,1;365,7;366,3;1,7;365,7;Paulo Jacinto;27;AL;nao metropolitana;mata atlantica;414,2;As;6570;11,27;84,47;81,01
2706703;Epidêmico;Episódico/Epidêmico;Melhorou;26,1;78,3;300,7;366,3;366,3;1,3;366,3;Penedo;27;AL;nao metropolitana;mata atlantica;52,09;As;58654;31,11;95,07;86,69
2706802;Episódico/Epidêmico;Episódico/Epidêmico;Se manteve;26;80,1;334,8;366,3;366,3;1,7;366,3;Piaçabuçu;27;AL;nao metropolitana;mata atlantica;7,18;As;15834;42,11;84,15;92,28
2706901;Episódico/Epidêmico;Episódico/Epidêmico;Se manteve;25;81,5;369,7;366,3;366,3;3;366,3;Pilar;27;AL;metropolitana;mata atlantica;91,36;As;35433;26,84;90,02;95
2707008;Episódico;Episódico;Se manteve;25;81,5;369,7;366,3;366,3;3;366,3;Pindoba;27;AL;nao metropolitana;mata atlantica;348,93;As;2734;0,27;85,15;58,09
2707107;Episódico/Epidêmico;Episódico/Epidêmico;Se manteve;26,4;69;148,9;366,3;293;1,3;293;Piranhas;27;AL;nao metropolitana;caatinga;213,52;BSh;22589;51,79;71,92;79,2
2707206;Episódico/Epidêmico;Episódico;Melhorou;25,8;71,4;169,2;366,3;316,3;1,3;316,3;Poço Das Trincheiras;27;AL;nao metropolitana;caatinga;385,24;As;12480;2,82;23,79;35,38
2707305;Episódico/Epidêmico;Episódico/Epidêmico;Se manteve;25;82,4;432,7;366,3;366,3;2;366,3;Porto Calvo;27;AL;nao metropolitana;mata atlantica;52,5;Am;23708;16,07;86,25;80,12
2707404;Episódico;Episódico;Se manteve;26;79,1;431,3;366,3;366,3;4;366,3;Porto De Pedras;27;AL;nao metropolitana;mata atlantica;49,93;Am;9373;4,63;72,2;45,89
2707503;Episódico;Episódico;Se manteve;26,1;78,3;300,7;366,3;366,3;1,3;366,3;Porto Real Do Colégio;27;AL;nao metropolitana;caatinga;72,34;As;20048;38,65;71,37;42,83
2707602;Episódico/Epidêmico;Episódico/Epidêmico;Se manteve;24,3;78,5;260,4;365,3;364,7;1,3;363,7;Quebrangulo;27;AL;nao metropolitana;mata atlantica;469,23;As;11069;12,48;76,59;64,39
2707701;Epidêmico;Episódico/Epidêmico;Melhorou;25,7;80,2;505,4;366,3;366,3;5;366,3;Rio Largo;27;AL;metropolitana;mata atlantica;104,91;As;93729;34,33;77,66;86,88
2707800;Episódico;Episódico;Se manteve;25,7;79,9;374,7;366,3;366,3;3,7;366,3;Roteiro;27;AL;nao metropolitana;mata atlantica;62,61;As;6482;6,9;87,83;70,94
2707909;Episódico/Epidêmico;Episódico/Epidêmico;Se manteve;25,5;81,1;463,1;366,3;366,3;3,3;366,3;Santa Luzia Do Norte;27;AL;metropolitana;mata atlantica;54,13;Am;6946;3,2;71,35;93,06
2708006;Epidêmico;Episódico/Epidêmico;Melhorou;25,8;71,4;169,2;366,3;316,3;1,3;316,3;Santana Do Ipanema;27;AL;nao metropolitana;caatinga;336,77;As;46258;6,3;71,05;67,32
2708105;Episódico/Epidêmico;Episódico/Epidêmico;Se manteve;23,4;84,1;353,1;363,7;366,3;2,3;363,7;Santana Do Mundaú;27;AL;nao metropolitana;mata atlantica;356,2;As;11307;7,12;78,5;50,48
2708204;Episódico;Sem transmissão;Melhorou;25,9;77;232,5;366,3;365,7;0,7;365,7;São Brás;27;AL;nao metropolitana;caatinga;49,67;As;6463;15,14;89,74;82,01
2708303;Episódico/Epidêmico;Episódico/Epidêmico;Se manteve;23,4;84,1;353,1;363,7;366,3;2,3;363,7;São José Da Laje;27;AL;nao metropolitana;mata atlantica;382,58;As;20742;68,98;87,25;66,66
2708402;Episódico/Epidêmico;Episódico/Epidêmico;Se manteve;26,5;69,6;148,9;366,3;301,7;1;301,7;São José Da Tapera;27;AL;nao metropolitana;caatinga;236,34;BSh;30359;4,61;48,62;49,06
2708501;Episódico/Epidêmico;Episódico;Melhorou;25,4;81,3;486;366,3;366,3;4;366,3;São Luís Do Quitunde;27;AL;nao metropolitana;mata atlantica;89,95;Am;30922;13,61;52,48;64,13
2708600;Episódico/Epidêmico;Epidêmico;Piorou;25,7;79,9;374,7;366,3;366,3;3,7;366,3;São Miguel Dos Campos;27;AL;nao metropolitana;mata atlantica;100,2;As;51978;63,64;96,17;96,82
2708709;Episódico;Episódico;Se manteve;25,4;81,3;486;366,3;366,3;4;366,3;São Miguel Dos Milagres;27;AL;nao metropolitana;mata atlantica;44,78;Am;8711;7,73;91,14;67,56
2708808;Episódico/Epidêmico;Episódico/Epidêmico;Se manteve;25,8;80,5;327,2;366,3;366,3;1,7;366,3;São Sebastião;27;AL;nao metropolitana;mata atlantica;154,49;As;31788;1,95;78,04;44,79
2708907;Episódico/Epidêmico;Episódico/Epidêmico;Se manteve;25,5;81,1;463,1;366,3;366,3;3,3;366,3;Satuba;27;AL;metropolitana;mata atlantica;56,5;Am;24087;72,2;88,46;97,65
2708956;Episódico/Epidêmico;Episódico;Melhorou;25,8;71,4;169,2;366,3;316,3;1,3;316,3;Senador Rui Palmeira;27;AL;nao metropolitana;caatinga;304,76;As;12300;6,51;25,57;40,71
2709004;Episódico;Sem transmissão;Melhorou;25;78,1;259,4;366,3;366;2;366;Tanque D'arca;27;AL;nao metropolitana;mata atlantica;274,66;As;5746;2,79;68,02;55,63
2709103;Episódico/Epidêmico;Episódico/Epidêmico;Se manteve;24,7;80,7;308,3;366,3;366,3;2,3;366,3;Taquarana;27;AL;nao metropolitana;caatinga;252,71;As;19004;9,41;74,19;44
2709152;Episódico/Epidêmico;Episódico/Epidêmico;Se manteve;26;79,7;376,2;366,3;366,3;2,7;366,3;Teotônio Vilela;27;AL;nao metropolitana;mata atlantica;124,1;As;37999;47,49;83,77;91,23
2709202;Episódico/Epidêmico;Episódico/Epidêmico;Se manteve;25,9;77;232,5;366,3;365,7;0,7;365,7;Traipu;27;AL;nao metropolitana;caatinga;149,32;As;23486;10,29;37,18;28,55
2709301;Epidêmico;Epidêmico;Se manteve;24,9;82,4;428,6;366,3;366,3;2,7;366,3;União Dos Palmares;27;AL;nao metropolitana;mata atlantica;280,02;As;59093;65,3;90,59;79,58
2709400;Episódico/Epidêmico;Episódico/Epidêmico;Se manteve;23,9;81,9;311,1;365,7;366,3;1,7;365,7;Viçosa;27;AL;nao metropolitana;mata atlantica;341,79;As;24089;31,9;83,52;79,27
2800100;Sem transmissão;Sem transmissão;Se manteve;25,9;77;232,5;366,3;365,7;0,7;365,7;Amparo De São Francisco;28;SE;nao metropolitana;caatinga;67,37;As;2174;18,62;80,65;79,47
2800209;Episódico/Epidêmico;Episódico/Epidêmico;Se manteve;25,6;77,7;255,2;366,3;366;0,7;366;Aquidabã;28;SE;nao metropolitana;caatinga;169,5;As;20126;37,11;88,82;73,8
2800308;Epidêmico;Epidêmico;Se manteve;25,8;79,6;355,3;366,3;366;1,3;366;Aracaju;28;SE;metropolitana;mata atlantica;7,91;Am;605309;87,82;99,4;99,03
2800407;Episódico/Epidêmico;Episódico/Epidêmico;Se manteve;25,4;80,4;323,1;366,3;366,3;1;366,3;Arauá;28;SE;nao metropolitana;mata atlantica;97,71;As;10338;12,8;80,1;65,01
2800506;Episódico/Epidêmico;Episódico/Epidêmico;Se manteve;25,3;80,3;326,9;366,3;366,3;1,3;366,3;Areia Branca;28;SE;nao metropolitana;mata atlantica;184,75;As;18101;9,01;85,15;81,53
2800605;Epidêmico;Episódico/Epidêmico;Melhorou;25,8;79,6;355,3;366,3;366;1,3;366;Barra Dos Coqueiros;28;SE;metropolitana;mata atlantica;6,11;Am;41644;63,6;96,04;95,53
2800670;Episódico/Epidêmico;Episódico/Epidêmico;Se manteve;25,7;80,7;358,2;366,3;366,3;1;366,3;Boquim;28;SE;nao metropolitana;mata atlantica;121,38;As;24669;0,94;86,91;73,85
2800704;Episódico;Episódico;Se manteve;26;80,1;334,8;366,3;366,3;1,7;366,3;Brejo Grande;28;SE;nao metropolitana;mata atlantica;6,31;As;7838;1,28;74,77;62,83
2801009;Episódico;Episódico/Epidêmico;Piorou;25,2;79,1;274,6;366,3;366,3;0,7;366,3;Campo Do Brito;28;SE;nao metropolitana;caatinga;165,6;As;18151;15,52;88,94;82,06
2801108;Episódico;Episódico;Se manteve;25,9;77;232,5;366,3;365,7;0,7;365,7;Canhoba;28;SE;nao metropolitana;caatinga;85,51;As;3792;4,12;86,88;45,88
2801207;Episódico/Epidêmico;Episódico/Epidêmico;Se manteve;26,3;70,7;159,9;366,3;329,3;0,7;329,3;Canindé De São Francisco;28;SE;nao metropolitana;caatinga;250,24;BSh;26871;45,87;79,23;79,67
2801306;Episódico;Episódico/Epidêmico;Piorou;25,5;79,3;314,7;366,3;366,3;0,7;366,3;Capela;28;SE;nao metropolitana;mata atlantica;120,64;As;31674;14,21;90,38;60,58
2801405;Episódico/Epidêmico;Episódico/Epidêmico;Se manteve;25,5;73,7;173;366,3;360,7;0,3;360,7;Carira;28;SE;nao metropolitana;caatinga;278,33;As;19935;16,57;69,26;67,58
2801504;Episódico/Epidêmico;Episódico/Epidêmico;Se manteve;25,9;78,5;334,2;366,3;366,3;1;366,3;Carmópolis;28;SE;nao metropolitana;mata atlantica;27,89;As;13904;82,87;99,04;97,89
2801603;Episódico;Episódico/Epidêmico;Piorou;25,6;77,7;255,2;366,3;366;0,7;366;Cedro De São João;28;SE;nao metropolitana;caatinga;46,74;As;5384;40,86;96,57;97,64
2801702;Episódico/Epidêmico;Episódico/Epidêmico;Se manteve;25,4;80,3;354,4;366,3;366,3;0,7;366,3;Cristinápolis;28;SE;nao metropolitana;mata atlantica;111,2;Am;17002;2,01;87,97;58,57
2801900;Episódico;Episódico/Epidêmico;Piorou;25,4;77;232,5;366,3;365,7;0,7;365,7;Cumbe;28;SE;nao metropolitana;mata atlantica;195,12;As;3829;11,47;94,86;79,11
2802007;Episódico;Episódico;Se manteve;25,5;79,3;314,7;366,3;366,3;0,7;366,3;Divina Pastora;28;SE;nao metropolitana;mata atlantica;54,39;As;4359;12,37;84,19;91,93
2802106;Epidêmico;Epidêmico;Se manteve;25,4;80,4;323,1;366,3;366,3;1;366,3;Estância;28;SE;nao metropolitana;mata atlantica;39,47;Am;64771;18,12;92,31;81,78
2802205;Episódico;Sem transmissão;Melhorou;25,4;77;232,5;366,3;365,7;0,7;365,7;Feira Nova;28;SE;nao metropolitana;caatinga;196,94;As;5978;22,99;89,31;68,14
2802304;Episódico;Episódico/Epidêmico;Piorou;25,1;77,8;229,2;366,3;366,3;0,7;366,3;Frei Paulo;28;SE;nao metropolitana;caatinga;226,19;As;14561;9,16;84,73;86,48
2802403;Episódico/Epidêmico;Episódico/Epidêmico;Se manteve;25,9;77;232,5;366,3;365,7;0,7;365,7;Gararu;28;SE;nao metropolitana;caatinga;137,92;As;11089;28,96;73,65;38,73
2802502;Episódico;Episódico/Epidêmico;Piorou;25,9;78,5;334,2;366,3;366,3;1;366,3;General Maynard;28;SE;nao metropolitana;mata atlantica;30,61;As;3035;38,09;89,69;88,21
2802601;Episódico;Episódico;Se manteve;26;75,2;201,2;366,3;364,3;0;364,3;Gracho Cardoso;28;SE;nao metropolitana;caatinga;214,81;As;5835;23,55;91,36;53,2
2802700;Episódico/Epidêmico;Episódico/Epidêmico;Se manteve;26,1;78,6;340,8;366,3;366,3;2,7;366,3;Ilha Das Flores;28;SE;nao metropolitana;mata atlantica;6,05;As;8289;12,13;85,63;90,47
2802809;Episódico;Episódico/Epidêmico;Piorou;25,4;80,3;354,4;366,3;366,3;0,7;366,3;Indiaroba;28;SE;nao metropolitana;mata atlantica;49,71;Am;16082;2,62;80,33;55,73
2802908;Episódico/Epidêmico;Epidêmico;Piorou;25,2;79,1;274,6;366,3;366,3;0,7;366,3;Itabaiana;28;SE;nao metropolitana;caatinga;194,62;As;103620;59,48;91,31;89,81
2803005;Episódico/Epidêmico;Episódico/Epidêmico;Se manteve;25,1;79,1;266,8;366,3;366,3;0,7;366,3;Itabaianinha;28;SE;nao metropolitana;caatinga;163,83;As;40313;42,76;75,94;66,52
2803104;Episódico;Sem transmissão;Melhorou;26;75,2;201,2;366,3;364,3;0;364,3;Itabi;28;SE;nao metropolitana;caatinga;168,76;As;4746;25,99;92,34;72,48
2803203;Episódico/Epidêmico;Episódico/Epidêmico;Se manteve;25,7;80,3;395,3;366,3;366,3;1;366,3;Itaporanga D'ajuda;28;SE;nao metropolitana;mata atlantica;58,1;Am;34414;23,14;78,4;65,72
2803302;Episódico;Episódico;Se manteve;25,5;79,3;314,7;366,3;366,3;0,7;366,3;Japaratuba;28;SE;nao metropolitana;mata atlantica;65,44;As;15848;8,23;81,96;80,49
2803401;Episódico;Episódico/Epidêmico;Piorou;25,9;77,8;274,5;366,3;366,3;0,7;366,3;Japoatã;28;SE;nao metropolitana;mata atlantica;112,43;As;13416;2,51;74,61;57,21
2803500;Episódico/Epidêmico;Epidêmico;Piorou;25;79,8;273,4;366,3;366,3;1,3;366,3;Lagarto;28;SE;nao metropolitana;caatinga;180,94;As;101642;28,64;81,83;76,98
2803609;Episódico/Epidêmico;Episódico/Epidêmico;Se manteve;25,3;80,3;326,9;366,3;366,3;1,3;366,3;Laranjeiras;28;SE;nao metropolitana;mata atlantica;41,11;As;24003;34,93;85,89;91,87
2803708;Episódico;Episódico;Se manteve;25,3;80,3;326,9;366,3;366,3;1,3;366,3;Macambira;28;SE;nao metropolitana;caatinga;186,5;As;6839;40,04;68,65;67,67
2803807;Episódico;Episódico/Epidêmico;Piorou;25,6;77,7;255,2;366,3;366;0,7;366;Malhada Dos Bois;28;SE;nao metropolitana;caatinga;109,63;As;3580;10,77;96,66;85,58
2803906;Episódico/Epidêmico;Episódico/Epidêmico;Se manteve;25,5;80,2;373,1;366,3;366,3;1;366,3;Malhador;28;SE;nao metropolitana;mata atlantica;148,64;As;11532;4,16;88,62;81,27
2804003;Episódico;Episódico;Se manteve;25,8;79,6;371;366,3;366,3;1,3;366,3;Maruim;28;SE;nao metropolitana;mata atlantica;30,48;As;15783;58,29;83,69;89,25
2804102;Episódico/Epidêmico;Episódico/Epidêmico;Se manteve;25,2;79,1;274,6;366,3;366,3;0,7;366,3;Moita Bonita;28;SE;nao metropolitana;caatinga;211,89;As;11061;27,51;69,15;67,42
2804201;Episódico/Epidêmico;Episódico/Epidêmico;Se manteve;25,7;73,3;187,7;366,3;356,3;0,7;356,3;Monte Alegre De Sergipe;28;SE;nao metropolitana;caatinga;241,16;As;14346;46,33;75,25;60,06
2804300;Episódico/Epidêmico;Episódico;Melhorou;25,9;77,8;274,5;366,3;366,3;0,7;366,3;Muribeca;28;SE;nao metropolitana;mata atlantica;124,74;As;7821;15,01;93,41;81,09
2804409;Episódico/Epidêmico;Episódico/Epidêmico;Se manteve;26,1;78,3;300,7;366,3;366,3;1,3;366,3;Neópolis;28;SE;nao metropolitana;mata atlantica;60,2;As;16450;22,85;75,13;74,75
2804458;Episódico;Episódico;Se manteve;25,4;77;232,5;366,3;365,7;0,7;365,7;Nossa Senhora Aparecida;28;SE;nao metropolitana;caatinga;231,98;As;9243;41,43;91,2;63,2
2804508;Episódico/Epidêmico;Epidêmico;Piorou;25,9;74;191,1;366,3;362,3;0,3;362,3;Nossa Senhora Da Glória;28;SE;nao metropolitana;caatinga;240,77;As;41267;34,94;90,52;72,3
2804607;Episódico;Episódico/Epidêmico;Piorou;25,6;77,7;255,2;366,3;366;0,7;366;Nossa Senhora Das Dores;28;SE;nao metropolitana;mata atlantica;169,64;As;25000;8,25;89,21;67,26
2804706;Episódico;Episódico;Se manteve;26;75,2;201,2;366,3;364,3;0;364,3;Nossa Senhora De Lourdes;28;SE;nao metropolitana;caatinga;123,52;As;6263;14,53;91,41;82,48
2804805;Episódico/Epidêmico;Epidêmico;Piorou;25,5;80,2;373,1;366,3;366,3;1;366,3;Nossa Senhora Do Socorro;28;SE;metropolitana;mata atlantica;27,61;Am;192375;61,55;97,54;94,23
2804904;Episódico/Epidêmico;Episódico/Epidêmico;Se manteve;26,1;78,3;300,7;366,3;366,3;1,3;366,3;Pacatuba;28;SE;nao metropolitana;mata atlantica;34,85;As;12493;8,92;63,54;23,52
2805000;Episódico;Episódico;Se manteve;25;76,6;202,8;366,3;366,3;0,3;366,3;Pedra Mole;28;SE;nao metropolitana;caatinga;187,48;As;2787;48,39;85,05;63,57
2805109;Episódico;Sem transmissão;Melhorou;25,1;80,4;298,8;366,3;366,3;1;366,3;Pedrinhas;28;SE;nao metropolitana;mata atlantica;134,85;As;7393;14,83;85,21;79,45
2805208;Episódico/Epidêmico;Episódico/Epidêmico;Se manteve;25;76,6;202,8;366,3;366,3;0,3;366,3;Pinhão;28;SE;nao metropolitana;caatinga;215,46;As;5674;39,34;65,4;62,83
2805307;Episódico;Episódico/Epidêmico;Piorou;26;78,9;336,4;366,3;366,3;1,7;366,3;Pirambu;28;SE;nao metropolitana;mata atlantica;37,64;As;7908;14,97;90,35;69,84
2805406;Episódico;Episódico;Se manteve;26;70,7;169,1;366,3;328,7;1,7;328,7;Poço Redondo;28;SE;nao metropolitana;caatinga;234,04;BSh;33462;42,62;73,96;51,63
2805505;Episódico;Episódico;Se manteve;25;75,3;186,4;366,3;364,7;0,3;364,7;Poço Verde;28;SE;nao metropolitana;caatinga;295,67;As;21776;45,24;75,96;65,31
2805604;Episódico;Episódico/Epidêmico;Piorou;26;75,2;201,2;366,3;364,3;0;364,3;Porto Da Folha;28;SE;nao metropolitana;caatinga;169,8;BSh;26630;37,88;79,7;68,32
2805703;Episódico/Epidêmico;Epidêmico;Piorou;26,1;78,3;300,7;366,3;366,3;1,3;366,3;Propriá;28;SE;nao metropolitana;mata atlantica;22,83;As;26648;74,31;93,54;95,32
2805802;Episódico;Episódico/Epidêmico;Piorou;24,9;79,2;253,1;366,3;366,3;1;366,3;Riachão Do Dantas;28;SE;nao metropolitana;caatinga;256,35;As;18321;4,11;61,81;47,25
2805901;Episódico;Episódico;Se manteve;25,5;79,3;314,7;366,3;366,3;0,7;366,3;Riachuelo;28;SE;nao metropolitana;mata atlantica;52,03;As;8744;58,6;81,97;89,04
2806008;Episódico;Episódico/Epidêmico;Piorou;25,1;77,8;229,2;366,3;366,3;0,7;366,3;Ribeirópolis;28;SE;nao metropolitana;caatinga;235,5;As;17032;56,76;82,49;81,01
2806107;Episódico;Episódico/Epidêmico;Piorou;25,8;79,6;371;366,3;366,3;1,3;366,3;Rosário Do Catete;28;SE;nao metropolitana;mata atlantica;38,61;As;9315;40,82;83,68;95,34
2806206;Episódico;Episódico/Epidêmico;Piorou;25,1;80,4;298,8;366,3;366,3;1;366,3;Salgado;28;SE;nao metropolitana;mata atlantica;109,67;As;20294;2,03;80,84;49,24
2806305;Episódico;Episódico;Se manteve;25,4;80,4;323,1;366,3;366,3;1;366,3;Santa Luzia Do Itanhy;28;SE;nao metropolitana;mata atlantica;60,51;Am;13480;13,66;72,67;48,56
2806404;Episódico;Episódico;Se manteve;26,1;78,3;300,7;366,3;366,3;1,3;366,3;Santana Do São Francisco;28;SE;nao metropolitana;mata atlantica;61,74;As;7347;55,08;83,32;93,68
2806503;Episódico;Episódico;Se manteve;25,5;79,3;314,7;366,3;366,3;0,7;366,3;Santa Rosa De Lima;28;SE;nao metropolitana;mata atlantica;110,68;As;3940;13,99;88,03;88,51
2806602;Episódico;Episódico/Epidêmico;Piorou;25,5;80,2;373,1;366,3;366,3;1;366,3;Santo Amaro Das Brotas;28;SE;nao metropolitana;mata atlantica;21,02;As;11128;8,05;89,04;74,92
2806701;Episódico/Epidêmico;Epidêmico;Piorou;25,4;80,7;359,6;366,3;366,3;1,3;366,3;São Cristóvão;28;SE;metropolitana;mata atlantica;43,2;Am;95700;38,63;93,22;81,1
2806800;Episódico;Episódico;Se manteve;25;79,8;273,4;366,3;366,3;1,3;366,3;São Domingos;28;SE;nao metropolitana;mata atlantica;178,52;As;10332;1,35;97,4;75,97
2806909;Episódico;Episódico;Se manteve;25,6;77,7;255,2;366,3;366;0,7;366;São Francisco;28;SE;nao metropolitana;mata atlantica;88,75;As;3246;6,78;88,7;94,01
2807006;Episódico;Episódico;Se manteve;25,4;77;232,5;366,3;365,7;0,7;365,7;São Miguel Do Aleixo;28;SE;nao metropolitana;mata atlantica;183,57;As;3433;38,95;67,23;50,48
2807105;Episódico/Epidêmico;Episódico/Epidêmico;Se manteve;25;79,8;273,4;366,3;366,3;1,3;366,3;Simão Dias;28;SE;nao metropolitana;caatinga;291,29;As;42712;49,04;58,28;67,3
2807204;Episódico;Episódico/Epidêmico;Piorou;25,5;79,3;314,7;366,3;366,3;0,7;366,3;Siriri;28;SE;nao metropolitana;mata atlantica;115,24;As;7841;28,07;82,2;55,85
2807303;Episódico;Episódico;Se manteve;25,9;77;232,5;366,3;365,7;0,7;365,7;Telha;28;SE;nao metropolitana;mata atlantica;40,33;As;3279;68,34;91,76;95,46
2807402;Episódico/Epidêmico;Episódico/Epidêmico;Se manteve;24,9;79,2;253,1;366,3;366,3;1;366,3;Tobias Barreto;28;SE;nao metropolitana;caatinga;245,03;As;50583;65,28;79,29;80,23
2807501;Episódico;Episódico/Epidêmico;Piorou;25,1;79,1;266,8;366,3;366,3;0,7;366,3;Tomar Do Geru;28;SE;nao metropolitana;caatinga;155,3;As;12029;4,81;71,71;51,95
2807600;Episódico/Epidêmico;Episódico/Epidêmico;Se manteve;25,4;80,4;323,1;366,3;366,3;1;366,3;Umbaúba;28;SE;nao metropolitana;mata atlantica;116,33;Am;24039;1,16;90,72;81,16
2900108;Episódico;Episódico;Se manteve;20,2;76,3;360,4;228,7;352,7;3,7;217,3;Abaíra;29;BA;nao metropolitana;caatinga;960,54;Aw;7290;13,01;91,69;54,86
2900207;Episódico/Epidêmico;Episódico/Epidêmico;Se manteve;26,6;65,2;116,1;366,3;249,7;1,7;249,7;Abaré;29;BA;nao metropolitana;caatinga;367,37;BSh;18766;46,25;77,56;54,33
2900306;Episódico/Epidêmico;Episódico/Epidêmico;Se manteve;25,2;80,3;314,5;366,3;366,3;1;366,3;Acajutiba;29;BA;nao metropolitana;mata atlantica;144,59;Am;13715;8,55;95,78;57,49
2900355;Episódico/Epidêmico;Episódico/Epidêmico;Se manteve;25;75,3;186,4;366,3;364,7;0,3;364,7;Adustina;29;BA;nao metropolitana;caatinga;305,92;As;14166;25,01;54,14;44,98
2900405;Episódico/Epidêmico;Episódico;Melhorou;24,8;76,1;231,6;365;362,7;0,7;361,3;Água Fria;29;BA;nao metropolitana;mata atlantica;318,52;As;17398;2,59;52,85;42,08
2900504;Episódico;Episódico/Epidêmico;Piorou;22,5;67,2;335,1;332;268,7;4,3;240;Érico Cardoso;29;BA;nao metropolitana;caatinga;1075,64;Cwb;10581;0,64;77,19;30,54
2900603;Episódico;Episódico/Epidêmico;Piorou;23,1;81,4;338,6;346,3;366,3;3;346,3;Aiquara;29;BA;nao metropolitana;mata atlantica;210,19;Af;4566;62,84;75,28;70,12
2900702;Episódico/Epidêmico;Epidêmico;Piorou;24,8;79,5;264,7;366,3;366,3;0;366,3;Alagoinhas;29;BA;nao metropolitana;mata atlantica;186,94;Af;157864;55,78;95,22;88,81
2900801;Episódico/Epidêmico;Episódico/Epidêmico;Se manteve;24,7;78,8;390,7;365,7;366;6,7;365,3;Alcobaça;29;BA;nao metropolitana;mata atlantica;47,46;Af;23633;31,82;81,55;56,83
2900900;Episódico;Episódico;Se manteve;23,2;82,7;380;354;366,3;4;354;Almadina;29;BA;nao metropolitana;mata atlantica;470,57;Aw;5195;71,49;90,56;78,08
2901007;Episódico/Epidêmico;Episódico/Epidêmico;Se manteve;22,6;83,6;314;334;366,3;2;334;Amargosa;29;BA;nao metropolitana;mata atlantica;456,89;Aw;36260;22,16;86,97;73,13
2901106;Episódico/Epidêmico;Episódico;Melhorou;25;82;434,3;366,3;366,3;2;366,3;Amélia Rodrigues;29;BA;nao metropolitana;mata atlantica;137,69;Af;23639;10,33;87,81;80,48
2901155;Episódico/Epidêmico;Episódico/Epidêmico;Se manteve;22,9;69,7;177;343;311,3;2;288;América Dourada;29;BA;nao metropolitana;caatinga;769,84;BSh;15104;2,77;84,27;71,61
2901205;Episódico;Episódico/Epidêmico;Piorou;24;66,6;210,4;359;287,3;2;281,3;Anagé;29;BA;nao metropolitana;caatinga;639,67;BSh;25452;20;34,19;23,69
2901304;Episódico/Epidêmico;Episódico;Melhorou;21,4;76,1;339,3;283;358;3,3;274,7;Andaraí;29;BA;nao metropolitana;caatinga;602,55;Aw;13406;13,95;70;59,78
2901353;Episódico/Epidêmico;Episódico/Epidêmico;Se manteve;24,8;69,7;173,8;365,3;297;1;296;Andorinha;29;BA;nao metropolitana;caatinga;461,71;As;15011;35,95;64,54;51,05
2901403;Episódico/Epidêmico;Episódico/Epidêmico;Se manteve;25,2;62,7;301;366,3;202,3;4,3;202,3;Angical;29;BA;nao metropolitana;caatinga;548,63;Aw;14973;19,28;43,06;44,62
2901502;Episódico/Epidêmico;Episódico;Melhorou;24,9;77;228,2;365;364;0,7;362,7;Anguera;29;BA;nao metropolitana;mata atlantica;213,21;As;11019;26,3;61,68;52,8
2901601;Episódico/Epidêmico;Episódico;Melhorou;25;75,3;186,4;366,3;364,7;0,3;364,7;Antas;29;BA;nao metropolitana;caatinga;363,99;As;14453;52,2;85,66;71,41
2901700;Episódico/Epidêmico;Episódico/Epidêmico;Se manteve;24,6;83,7;411,6;365,7;366,3;2,3;365,7;Antônio Cardoso;29;BA;nao metropolitana;mata atlantica;170,41;As;11268;12,84;61,7;30,45
2901809;Episódico/Epidêmico;Episódico;Melhorou;23;75;251,6;343,3;339,7;1,7;316,7;Antônio Gonçalves;29;BA;nao metropolitana;caatinga;672,05;As;11921;12,84;82,1;54,5
2901908;Episódico;Episódico;Se manteve;25,2;80,3;314,5;366,3;366,3;1;366,3;Aporá;29;BA;nao metropolitana;mata atlantica;192,74;As;16909;1,1;89,64;44,63
2901957;Episódico/Epidêmico;Episódico;Melhorou;22,5;83,4;369,4;323,7;366,3;2,3;323,7;Apuarema;29;BA;nao metropolitana;mata atlantica;353,74;Af;6900;43,55;79,67;70,73
2902005;Episódico/Epidêmico;Episódico;Melhorou;24,4;66,2;208,1;362;279;2;275;Aracatu;29;BA;nao metropolitana;caatinga;555,58;BSh;13819;1,26;39,73;29,21
2902054;Episódico;Episódico;Se manteve;25;80,5;295,3;366,3;366,3;0,3;366,3;Araçás;29;BA;nao metropolitana;mata atlantica;114,67;Af;12605;2,79;90,8;55,34
2902104;Episódico/Epidêmico;Episódico/Epidêmico;Se manteve;25,2;72,5;192,1;366;336,7;0,7;336,3;Araci;29;BA;nao metropolitana;caatinga;286,97;BSh;51377;34,69;48,98;46,88
2902203;Episódico;Episódico;Se manteve;24,6;79,2;269,8;365,7;365,7;0,3;365;Aramari;29;BA;nao metropolitana;mata atlantica;244,05;Am;9781;8,48;73,38;50,77
2902252;Episódico;Sem transmissão;Melhorou;23,3;81,3;372;346,3;366;4,7;346;Arataca;29;BA;nao metropolitana;mata atlantica;355,35;Af;8219;18;79,53;65,37
2902302;Episódico;Episódico;Se manteve;24,2;84;446,2;365;366,3;2;365;Aratuípe;29;BA;nao metropolitana;mata atlantica;109,86;Af;10006;21,81;79,86;60,65
2902401;Episódico;Episódico/Epidêmico;Piorou;23,5;84,9;424,8;360;366,3;3,3;360;Aurelino Leal;29;BA;nao metropolitana;mata atlantica;164,33;Af;11782;50,78;82,9;74,73
2902500;Episódico;Episódico;Se manteve;24,3;63,4;355;366;203,3;5,3;203,3;Baianópolis;29;BA;nao metropolitana;cerrado;773,56;Aw;13618;10,7;89,4;20,96
2902609;Episódico/Epidêmico;Episódico;Melhorou;24,4;74,6;237,7;364;349;2;346,7;Baixa Grande;29;BA;nao metropolitana;caatinga;354,53;As;17880;36,69;51,63;53,49
2902658;Episódico/Epidêmico;Episódico;Melhorou;24,7;74,5;193,9;365,7;357,7;0,3;357;Banzaê;29;BA;nao metropolitana;caatinga;333,95;As;11869;18,82;97,56;74,89
2902708;Episódico/Epidêmico;Episódico/Epidêmico;Se manteve;27,1;58;201,9;366,3;157,7;2,3;157,7;Barra;29;BA;nao metropolitana;caatinga;479,48;Aw;50543;17,56;72,35;53,95
2902807;Episódico/Epidêmico;Episódico/Epidêmico;Se manteve;21,7;74,6;385,4;286,7;351,3;4,7;272,7;Barra Da Estiva;29;BA;nao metropolitana;caatinga;726,6;BSh;26031;50,51;80,18;55,17
2902906;Episódico/Epidêmico;Episódico/Epidêmico;Se manteve;21;79,3;344,2;256,3;363,3;3;253,7;Barra Do Choça;29;BA;nao metropolitana;mata atlantica;849,08;Cfa;40025;29,11;84,74;81,65
2903003;Episódico/Epidêmico;Episódico/Epidêmico;Se manteve;22,4;69,1;238,8;329,7;302,3;4,3;267;Barra Do Mendes;29;BA;nao metropolitana;caatinga;990,73;BSh;13852;2,43;83,03;51,74
2903102;Episódico/Epidêmico;Episódico/Epidêmico;Se manteve;23,5;84,9;424,8;360;366,3;3,3;360;Barra Do Rocha;29;BA;nao metropolitana;mata atlantica;233,83;Af;6682;54,68;79,98;61,17
2903201;Epidêmico;Epidêmico;Se manteve;25,2;62,7;301;366,3;202,3;4,3;202,3;Barreiras;29;BA;nao metropolitana;cerrado;724,75;Aw;165413;35,15;92,31;90,77
2903235;Episódico;Episódico/Epidêmico;Piorou;22,4;69,1;238,8;329,7;302,3;4,3;267;Barro Alto;29;BA;nao metropolitana;caatinga;784,73;BSh;13761;7,16;94,61;52,2
2903276;Episódico/Epidêmico;Episódico/Epidêmico;Se manteve;25,1;73,7;207;365;338,3;1;337;Barrocas;29;BA;nao metropolitana;caatinga;357,45;As;15396;27,65;75,69;67,09
2903300;Episódico/Epidêmico;Episódico/Epidêmico;Se manteve;23,2;82,2;370,2;351,7;366;3,7;351,3;Barro Preto;29;BA;nao metropolitana;mata atlantica;176,67;Af;5820;71,99;88,79;75,42
2903409;Episódico/Epidêmico;Episódico/Epidêmico;Se manteve;24,2;82,6;461,5;364,3;366,3;5,3;364,3;Belmonte;29;BA;nao metropolitana;mata atlantica;73,67;Af;20565;57,38;88,68;80,66
2903508;Episódico/Epidêmico;Episódico/Epidêmico;Se manteve;22,5;70,1;255,1;322,3;323,3;3;281,7;Belo Campo;29;BA;nao metropolitana;mata atlantica;704,97;Cwa;18399;2,47;64,56;56,35
2903607;Episódico/Epidêmico;Episódico;Melhorou;24,9;74,8;213,9;365,3;359;0,7;358;Biritinga;29;BA;nao metropolitana;caatinga;323,77;As;15151;16,79;87,91;30,58
2903706;Episódico/Epidêmico;Episódico/Epidêmico;Se manteve;21,7;78,7;305,6;294,3;365,3;4,3;293,7;Boa Nova;29;BA;nao metropolitana;mata atlantica;690,44;BSh;14160;34,85;71,59;51,51
2903805;Episódico/Epidêmico;Sem transmissão;Melhorou;24,5;70,6;198,4;365;347,3;2,7;346;Boa Vista Do Tupim;29;BA;nao metropolitana;caatinga;411,79;BSh;19320;5,63;60,35;59,26
2903904;Episódico/Epidêmico;Episódico/Epidêmico;Se manteve;26,5;58,8;267,3;366,3;153;4,7;153;Bom Jesus Da Lapa;29;BA;nao metropolitana;caatinga;466,06;As;74040;37,52;79,72;62,27
2903953;Episódico;Episódico/Epidêmico;Piorou;22,8;72,8;229,7;341;355,7;3;330,3;Bom Jesus Da Serra;29;BA;nao metropolitana;caatinga;725,18;BSh;9572;1,48;35,18;29,23
2904001;Episódico;Episódico/Epidêmico;Piorou;20,3;76,7;319;232,3;354,3;3,3;221,7;Boninal;29;BA;nao metropolitana;caatinga;1135;Cwb;13653;16,19;86,62;38,71
2904050;Episódico/Epidêmico;Episódico/Epidêmico;Se manteve;22,1;76,8;283,6;307,7;362,3;3;303,7;Bonito;29;BA;nao metropolitana;caatinga;961,52;As;15837;6,62;91,14;68,6
2904100;Episódico/Epidêmico;Episódico/Epidêmico;Se manteve;25,3;60,2;265,1;366;172,7;4,3;172,3;Boquira;29;BA;nao metropolitana;caatinga;668,35;As;20588;3,36;61,36;39,94
2904209;Episódico/Epidêmico;Episódico/Epidêmico;Se manteve;23;66;294,2;343;253,3;4,7;234;Botuporã;29;BA;nao metropolitana;caatinga;745,57;As;11040;32,78;52,31;41,89
2904308;Episódico/Epidêmico;Episódico/Epidêmico;Se manteve;22,2;81,5;269,9;313,7;366,3;2;313,7;Brejões;29;BA;nao metropolitana;mata atlantica;698,99;As;12914;32,03;75,54;69,88
2904407;Episódico/Epidêmico;Episódico/Epidêmico;Se manteve;25,3;61,5;305,5;366,3;190;5;190;Brejolândia;29;BA;nao metropolitana;caatinga;558,63;Aw;9114;1,18;42,41;30,45
2904506;Episódico/Epidêmico;Episódico/Epidêmico;Se manteve;23,7;64,3;292,5;364,3;236,3;4;234,3;Brotas De Macaúbas;29;BA;nao metropolitana;caatinga;959,25;As;12467;22,6;35,51;47,26
2904605;Epidêmico;Epidêmico;Se manteve;24,4;65,4;216,3;362,7;260,7;2,3;258;Brumado;29;BA;nao metropolitana;caatinga;538,81;BSh;70268;63,39;78,07;74,06
2904704;Episódico/Epidêmico;Episódico/Epidêmico;Se manteve;24;84,1;497;364,3;366,3;5;364,3;Buerarema;29;BA;nao metropolitana;mata atlantica;202,58;Af;16880;65,84;91,84;78,74
2904753;Episódico/Epidêmico;Episódico/Epidêmico;Se manteve;26;61,4;238,1;366,3;194,7;3;194,7;Buritirama;29;BA;nao metropolitana;caatinga;579,69;Aw;19514;3,55;57,59;42,31
2904803;Episódico/Epidêmico;Episódico/Epidêmico;Se manteve;21,4;81,1;400,8;264;366;4,7;263,7;Caatiba;29;BA;nao metropolitana;mata atlantica;503,99;Aw;6915;59,47;78,35;62,96
2904852;Episódico/Epidêmico;Episódico;Melhorou;24,3;80,1;257;364,7;366,3;1,7;364,7;Cabaceiras Do Paraguaçu;29;BA;nao metropolitana;mata atlantica;177,86;Aw;19432;6,35;65,71;36,03
2904902;Episódico/Epidêmico;Episódico;Melhorou;24,3;82,9;336,2;364,3;366,3;1,7;364,3;Cachoeira;29;BA;nao metropolitana;mata atlantica;99,45;Af;31982;52,51;82,73;67,09
2905008;Episódico/Epidêmico;Episódico;Melhorou;23,2;66,1;262;347;256,7;3;245,3;Caculé;29;BA;nao metropolitana;caatinga;687,01;As;22412;18,62;87,93;63,9
2905107;Episódico/Epidêmico;Episódico/Epidêmico;Se manteve;22,8;74,9;233,4;338,3;345;1,3;317;Caém;29;BA;nao metropolitana;caatinga;460,73;Aw;10360;8,66;61,23;54,58
2905156;Episódico;Episódico/Epidêmico;Piorou;24,6;66,3;200,8;363,3;288;2;285;Caetanos;29;BA;nao metropolitana;caatinga;482,21;BSh;13242;10,5;6,88;27,32
2905206;Episódico/Epidêmico;Episódico/Epidêmico;Se manteve;23,7;64,5;279,1;356,3;234,3;3,7;230,3;Caetité;29;BA;nao metropolitana;cerrado;888,44;As;52099;34,76;69,55;59,95
2905305;Episódico/Epidêmico;Episódico/Epidêmico;Se manteve;22,3;71,9;201,1;318,3;330,7;2,3;282,7;Cafarnaum;29;BA;nao metropolitana;caatinga;825,39;BSh;17975;4,71;80,76;63,89
2905404;Episódico;Episódico;Se manteve;25,1;81,4;560,9;366,3;366,3;4;366,3;Cairu;29;BA;nao metropolitana;mata atlantica;15,3;Af;17591;45,47;94,37;95,94
2905503;Episódico/Epidêmico;Episódico;Melhorou;23,5;74,7;249;355,7;339,3;2,7;328,7;Caldeirão Grande;29;BA;nao metropolitana;caatinga;445,5;Aw;13063;7,6;76,85;64,62
2905602;Episódico/Epidêmico;Episódico/Epidêmico;Se manteve;23,4;83,5;425,8;353,3;366,3;5,7;353,3;Camacan;29;BA;nao metropolitana;mata atlantica;284,23;Af;22460;74,57;85,28;82,7
2905701;Epidêmico;Epidêmico;Se manteve;25,6;80;366,5;366,3;366,3;1,7;366,3;Camaçari;29;BA;metropolitana;mata atlantica;33,81;Af;334195;65,33;96,46;93,75
2905800;Episódico;Episódico/Epidêmico;Piorou;25;81,5;538,4;366,3;366,3;5;366,3;Camamu;29;BA;nao metropolitana;mata atlantica;127,03;Af;30480;33,42;84,08;63,58
2905909;Episódico/Epidêmico;Episódico/Epidêmico;Se manteve;26,3;62,4;209,3;366,3;217,3;2,3;217,3;Campo Alegre De Lourdes;29;BA;nao metropolitana;caatinga;499,96;BSh;30659;5,84;5,9;25,26
2906006;Episódico/Epidêmico;Episódico/Epidêmico;Se manteve;23;75;251,6;343,3;339,7;1,7;316,7;Campo Formoso;29;BA;nao metropolitana;caatinga;690,39;BSh;68571;13,26;67,07;55,33
2906105;Episódico/Epidêmico;Episódico/Epidêmico;Se manteve;24,8;62,2;332,8;365,3;193;4,3;192,7;Canápolis;29;BA;nao metropolitana;caatinga;690,36;Aw;10225;19,73;84,46;45,71
2906204;Episódico/Epidêmico;Episódico/Epidêmico;Se manteve;22,6;70,5;202,6;330,7;320;3;284,3;Canarana;29;BA;nao metropolitana;caatinga;775,99;BSh;23491;1,57;79,55;61,62
2906303;Episódico/Epidêmico;Episódico;Melhorou;24,8;80,8;524,7;366,3;365,7;6;365,7;Canavieiras;29;BA;nao metropolitana;mata atlantica;52,27;Af;33080;55,3;87,8;79,15
2906402;Episódico/Epidêmico;Episódico/Epidêmico;Se manteve;25,1;74,7;213,9;365;348;1;346,7;Candeal;29;BA;nao metropolitana;caatinga;239,87;As;7785;0,67;59,5;43,76
2906501;Episódico/Epidêmico;Episódico/Epidêmico;Se manteve;25,5;80,3;419,9;366,3;366,3;2;366,3;Candeias;29;BA;metropolitana;mata atlantica;46,05;Af;77026;74,09;96,01;87,77
2906600;Episódico;Episódico/Epidêmico;Piorou;23,7;64;230,9;355,7;228,3;2;225;Candiba;29;BA;nao metropolitana;caatinga;660,96;As;13007;1,14;76,3;59,92
2906709;Episódico/Epidêmico;Episódico/Epidêmico;Se manteve;21,9;73,6;278,1;289;346,7;4;270;Cândido Sales;29;BA;nao metropolitana;mata atlantica;812,1;Cwa;25278;7,78;68,2;68,98
2906808;Episódico/Epidêmico;Episódico;Melhorou;25,1;70,5;163,5;366;311;0;310,7;Cansanção;29;BA;nao metropolitana;caatinga;352,16;BSh;39475;32,48;60,6;29,85
2906824;Episódico/Epidêmico;Episódico;Melhorou;25,5;66,9;113,8;366,3;279,3;0,7;279,3;Canudos;29;BA;nao metropolitana;caatinga;500,03;BSh;15906;17,56;66,09;53,91
2906857;Episódico/Epidêmico;Episódico/Epidêmico;Se manteve;25,1;73,5;199,8;365,3;334,7;1,7;333,7;Capela Do Alto Alegre;29;BA;nao metropolitana;caatinga;331,61;BSh;10754;32,51;72,12;73,98
2906873;Episódico/Epidêmico;Episódico;Melhorou;24,7;73,3;218,5;365;331,3;1,7;330;Capim Grosso;29;BA;nao metropolitana;caatinga;395,73;BSh;33344;12,16;89,28;89,12
2906899;Episódico;Episódico/Epidêmico;Piorou;23;69,7;220,7;336;324;2,7;294,7;Caraíbas;29;BA;nao metropolitana;caatinga;524,25;BSh;9938;3,99;34,36;24,91
2906907;Episódico/Epidêmico;Episódico;Melhorou;24,9;79,4;402,8;366,3;365,3;7,3;365,3;Caravelas;29;BA;nao metropolitana;mata atlantica;86,48;Af;21612;24,72;84,4;75,54
2907004;Episódico/Epidêmico;Episódico;Melhorou;25,2;80,3;314,4;366,3;366,3;1;366,3;Cardeal Da Silva;29;BA;nao metropolitana;mata atlantica;111,04;Af;8376;16,51;77,18;69,64
2907103;Episódico/Epidêmico;Episódico/Epidêmico;Se manteve;26;59,8;270,9;366;161,7;3,3;161,7;Carinhanha;29;BA;nao metropolitana;caatinga;477,31;As;28869;6,16;70,13;53,54
2907202;Episódico/Epidêmico;Episódico/Epidêmico;Se manteve;26,5;61,7;145,1;366,3;203,7;1,7;203,7;Casa Nova;29;BA;nao metropolitana;caatinga;461,19;BSh;71572;38,14;61,76;55,07
2907301;Episódico/Epidêmico;Episódico;Melhorou;23,5;79,8;251,5;360,3;366,3;1,7;360,3;Castro Alves;29;BA;nao metropolitana;mata atlantica;230,94;As;24700;56,83;72,4;61,77
2907400;Episódico;Episódico;Se manteve;24,6;63,4;326,3;366;207,7;4,3;207,7;Catolândia;29;BA;nao metropolitana;cerrado;709,02;Aw;3480;10,41;67,85;33,47
2907509;Episódico/Epidêmico;Episódico/Epidêmico;Se manteve;24,7;80,8;333,5;366,3;366,3;1,3;366,3;Catu;29;BA;nao metropolitana;mata atlantica;131,07;Af;48137;71,02;93,48;82,45
2907558;Episódico/Epidêmico;Episódico/Epidêmico;Se manteve;23,8;63,4;266,6;359,7;224,7;4,3;220;Caturama;29;BA;nao metropolitana;caatinga;644,43;As;8847;16,93;60,21;37,3
2907608;Episódico/Epidêmico;Episódico;Melhorou;24,2;64,7;209,7;364,3;253;3,3;251;Central;29;BA;nao metropolitana;caatinga;621,7;BSh;16223;9,95;86,02;49,09
2907707;Episódico/Epidêmico;Episódico;Melhorou;26,1;65,7;116,7;366,3;258;1,7;258;Chorrochó;29;BA;nao metropolitana;caatinga;409,18;BSh;10587;28,41;54,11;43,67
2907806;Episódico/Epidêmico;Episódico/Epidêmico;Se manteve;24,7;74,5;193,9;365,7;357,7;0,3;357;Cícero Dantas;29;BA;nao metropolitana;caatinga;401,26;As;30836;44,25;81,56;60,01
2907905;Episódico;Sem transmissão;Melhorou;25,6;72,4;169,8;366,3;357,7;0,3;357,7;Cipó;29;BA;nao metropolitana;caatinga;178,37;As;17246;6,43;83,31;71,76
2908002;Episódico/Epidêmico;Episódico/Epidêmico;Se manteve;23,5;84,2;418,6;358,7;366,3;4,7;358,7;Coaraci;29;BA;nao metropolitana;mata atlantica;354,3;Aw;17949;83,77;90,98;90,22
2908101;Episódico;Episódico/Epidêmico;Piorou;25,2;60,8;277,3;365;170,3;3,7;170;Cocos;29;BA;nao metropolitana;cerrado;740,35;Aw;19156;3,24;61,65;48,18
2908200;Episódico/Epidêmico;Episódico/Epidêmico;Se manteve;24,3;82,9;336,2;364,3;366,3;1,7;364,3;Conceição Da Feira;29;BA;nao metropolitana;mata atlantica;183,88;Aw;22936;5,81;88,84;71,72
2908309;Episódico;Episódico/Epidêmico;Piorou;23,8;82,4;311,1;362,7;366,3;2,3;362,7;Conceição Do Almeida;29;BA;nao metropolitana;mata atlantica;192,5;Af;15401;29,35;63,54;54,37
2908408;Episódico/Epidêmico;Episódico/Epidêmico;Se manteve;25,2;72,6;194,9;365,3;324,3;1,3;323,3;Conceição Do Coité;29;BA;nao metropolitana;caatinga;326,08;BSh;70202;32,01;76,08;74,63
2908507;Episódico/Epidêmico;Episódico/Epidêmico;Se manteve;24,5;81,1;315,6;365;366,3;1;365;Conceição Do Jacuípe;29;BA;nao metropolitana;mata atlantica;187,13;Af;34994;6,79;87,93;86,23
2908606;Episódico/Epidêmico;Episódico;Melhorou;25,5;80;363,1;366,3;366,3;1,3;366,3;Conde;29;BA;nao metropolitana;mata atlantica;54,06;Af;24433;13,48;75,73;58,68
2908705;Episódico/Epidêmico;Episódico/Epidêmico;Se manteve;22,8;67,8;253;337,7;291,7;2,7;268;Condeúba;29;BA;nao metropolitana;caatinga;786,02;As;17059;8,63;74,01;46,46
2908804;Episódico/Epidêmico;Episódico/Epidêmico;Se manteve;23,7;70,9;328,8;355,3;341;6;330;Contendas Do Sincorá;29;BA;nao metropolitana;caatinga;463,61;BSh;4750;11,58;67,81;50,78
2908903;Episódico/Epidêmico;Episódico;Melhorou;24,6;79,2;269,8;365,7;365,7;0,3;365;Coração De Maria;29;BA;nao metropolitana;mata atlantica;216,12;Aw;28340;4,03;61,19;42,51
2909000;Episódico;Episódico;Se manteve;22,2;68,6;267,6;311,3;298;2,7;252;Cordeiros;29;BA;nao metropolitana;caatinga;842,06;As;7555;0,5;72,95;37,22
2909109;Episódico/Epidêmico;Episódico/Epidêmico;Se manteve;24,2;62,7;311,6;362;194,3;3,7;194;Coribe;29;BA;nao metropolitana;cerrado;687,87;Aw;14158;2,96;83,18;50,12
2909208;Episódico/Epidêmico;Episódico;Melhorou;25,4;73,1;165,2;366,3;358,3;0,7;358,3;Coronel João Sá;29;BA;nao metropolitana;caatinga;249,34;BSh;17000;30,81;54,41;49,89
2909307;Episódico/Epidêmico;Episódico/Epidêmico;Se manteve;24;63,4;322,7;360,7;207;4;206,3;Correntina;29;BA;nao metropolitana;cerrado;773,25;Aw;32709;17,35;62,36;51,61
2909406;Episódico/Epidêmico;Episódico/Epidêmico;Se manteve;25,2;61,2;309;366,3;188,7;3,3;188,7;Cotegipe;29;BA;nao metropolitana;cerrado;454,32;Aw;13059;5,83;64,71;44,66
2909505;Episódico;Sem transmissão;Melhorou;21,7;83,7;309,4;289,3;366,3;3;289,3;Cravolândia;29;BA;nao metropolitana;mata atlantica;649,96;Aw;4445;60,04;84,36;72,88
2909604;Episódico;Episódico;Se manteve;25;76,5;218,1;366,3;366,3;0,3;366,3;Crisópolis;29;BA;nao metropolitana;caatinga;174,3;As;19720;6,43;80,31;44,91
2909703;Episódico/Epidêmico;Episódico/Epidêmico;Se manteve;25,2;61,2;309;366,3;188,7;3,3;188,7;Cristópolis;29;BA;nao metropolitana;cerrado;769,91;Aw;14002;19,92;81,82;32,55
2909802;Episódico/Epidêmico;Episódico/Epidêmico;Se manteve;24,8;84,6;475,5;366;366,3;1,7;366;Cruz Das Almas;29;BA;nao metropolitana;mata atlantica;209,54;Af;60633;17,76;95,78;83,91
2909901;Episódico/Epidêmico;Episódico/Epidêmico;Se manteve;27;60,8;133,1;366,3;189,3;1,7;189,3;Curaçá;29;BA;nao metropolitana;caatinga;437,75;BSh;33603;37,21;67,09;43,97
2910008;Episódico/Epidêmico;Episódico/Epidêmico;Se manteve;23,2;80,7;334,6;349,3;366,3;3,3;349,3;Dário Meira;29;BA;nao metropolitana;mata atlantica;371,67;Aw;10025;48,5;82,91;57,68
2910057;Episódico/Epidêmico;Episódico/Epidêmico;Se manteve;25,2;80,9;410,6;366,3;366,3;2,3;366,3;Dias D'ávila;29;BA;metropolitana;mata atlantica;49,72;Af;69211;60,07;95,11;89,47
2910107;Episódico/Epidêmico;Episódico/Epidêmico;Se manteve;23,8;65,9;258,7;355;261,3;3,7;251,3;Dom Basílio;29;BA;nao metropolitana;caatinga;557,02;BSh;11905;0,44;61,73;22,39
2910206;Episódico/Epidêmico;Sem transmissão;Melhorou;24,2;84,1;399;364,7;366,3;2;364,7;Dom Macedo Costa;29;BA;nao metropolitana;mata atlantica;155,01;Af;4418;6,78;78,54;53,01
2910305;Episódico;Episódico;Se manteve;23,4;84,2;365;359,7;366,3;2,3;359,7;Elísio Medrado;29;BA;nao metropolitana;mata atlantica;361,7;Aw;7782;0,94;82,56;40,73
2910404;Episódico/Epidêmico;Episódico/Epidêmico;Se manteve;21,8;73,9;283,2;284,3;349;4,3;268,3;Encruzilhada;29;BA;nao metropolitana;mata atlantica;792,19;Cwa;19111;20,39;72,08;57,51
2910503;Episódico/Epidêmico;Episódico;Melhorou;25,2;80,8;352,3;366,3;366,3;1,3;366,3;Entre Rios;29;BA;nao metropolitana;mata atlantica;111,58;Af;38880;11,39;84,11;77,59
2910602;Episódico/Epidêmico;Episódico/Epidêmico;Se manteve;25;79,3;263,5;366,3;366,3;0;366,3;Esplanada;29;BA;nao metropolitana;mata atlantica;96,88;Af;34033;14,19;88,76;65,48
2910701;Episódico/Epidêmico;Episódico;Melhorou;24,9;71,8;169,7;365,7;330;0;329,3;Euclides Da Cunha;29;BA;nao metropolitana;caatinga;472,36;As;65187;12,04;84;52,83
2910727;Epidêmico;Epidêmico;Se manteve;23,7;79,8;357,6;354,7;365,7;4,7;354,3;Eunápolis;29;BA;nao metropolitana;mata atlantica;199,19;Aw;112477;38,7;95,91;94,7
2910750;Episódico/Epidêmico;Episódico;Melhorou;24,9;74,6;187;366,3;363,7;0;363,7;Fátima;29;BA;nao metropolitana;caatinga;305,02;As;17899;45,82;74,54;56,75
2910776;Episódico/Epidêmico;Episódico;Melhorou;25,7;60,2;271,1;365,7;163,7;3,3;163,7;Feira Da Mata;29;BA;nao metropolitana;caatinga;574,32;Aw;5618;2,29;66,41;48,4
2910800;Epidêmico;Epidêmico;Se manteve;24,6;80,2;266,6;364,7;366,3;0,7;364,7;Feira De Santana;29;BA;metropolitana;mata atlantica;204,08;As;652592;60,58;95,87;93,06
2910859;Episódico/Epidêmico;Episódico;Melhorou;24,1;72,8;224,5;361;321,3;1,3;316;Filadélfia;29;BA;nao metropolitana;caatinga;422,33;As;17892;9,71;78,57;63,6
2910909;Episódico;Episódico;Se manteve;23,1;80,4;350;343;366;3,7;342,7;Firmino Alves;29;BA;nao metropolitana;mata atlantica;369,93;Aw;5925;74,16;72,91;88,76
2911006;Episódico/Epidêmico;Episódico;Melhorou;23,1;80,4;350;343;366;3,7;342,7;Floresta Azul;29;BA;nao metropolitana;mata atlantica;284,38;Aw;11068;70,26;88,82;78,88
2911105;Episódico;Episódico/Epidêmico;Piorou;24,7;66;290,7;366,3;237;3,3;237;Formosa Do Rio Preto;29;BA;nao metropolitana;cerrado;721,24;Aw;25185;3,32;73,62;57,34
2911204;Episódico/Epidêmico;Episódico/Epidêmico;Se manteve;23,3;85,6;428,4;358,3;366,3;5,7;358,3;Gandu;29;BA;nao metropolitana;mata atlantica;275,8;Af;29776;54,8;88,01;77,65
2911253;Episódico/Epidêmico;Episódico;Melhorou;25,1;72,4;197,9;365,3;323,3;1,7;322,3;Gavião;29;BA;nao metropolitana;caatinga;318,91;BSh;4357;14,76;72,62;59,26
2911303;Episódico;Episódico/Epidêmico;Piorou;23;66,8;267,8;352,3;273;5,3;259;Gentio Do Ouro;29;BA;nao metropolitana;caatinga;865,66;Aw;11896;2,62;79,27;41,93
2911402;Episódico/Epidêmico;Episódico;Melhorou;25,6;69,8;127,5;366,3;305,7;1,3;305,7;Glória;29;BA;nao metropolitana;caatinga;375,9;BSh;16698;19,6;61,35;27,32
2911501;Episódico;Episódico;Se manteve;23,5;82;355,8;358,3;366,3;3,3;358,3;Gongogi;29;BA;nao metropolitana;mata atlantica;163,11;Af;5549;63,09;74,52;71,26
2911600;Episódico/Epidêmico;Episódico/Epidêmico;Se manteve;24,3;82,9;336,2;364,3;366,3;1,7;364,3;Governador Mangabeira;29;BA;nao metropolitana;mata atlantica;196,25;Aw;20604;7,98;88,15;43,39
2911659;Episódico;Episódico/Epidêmico;Piorou;23,4;66,2;251,3;350;259,7;3,3;249,7;Guajeru;29;BA;nao metropolitana;caatinga;665,57;BSh;8054;1,05;50,65;22,19
2911709;Episódico/Epidêmico;Epidêmico;Piorou;23,7;64,5;251,4;356;235,3;2,7;232,3;Guanambi;29;BA;nao metropolitana;caatinga;597,63;As;87580;53,06;86,59;79,22
2911808;Episódico/Epidêmico;Episódico;Melhorou;23,1;79,3;372,9;333,7;365,3;5,3;333;Guaratinga;29;BA;nao metropolitana;mata atlantica;345,6;Aw;20338;42,36;83,4;60,7
2911857;Episódico;Episódico;Se manteve;24,8;76,9;206,2;366,3;366,3;0,3;366,3;Heliópolis;29;BA;nao metropolitana;caatinga;277,84;As;12301;8,2;87,07;55,73
2911907;Episódico/Epidêmico;Episódico/Epidêmico;Se manteve;24,5;70,6;198,4;365;347,3;2,7;346;Iaçu;29;BA;nao metropolitana;caatinga;376,11;BSh;25178;28,76;79,69;74,98
2912004;Episódico/Epidêmico;Episódico/Epidêmico;Se manteve;23,3;66,4;275,9;350;260,3;3,7;251;Ibiassucê;29;BA;nao metropolitana;caatinga;658,09;As;10426;2,39;90,78;53,43
2912103;Epidêmico;Episódico/Epidêmico;Melhorou;23,2;82,2;370,2;351,7;366;3,7;351,3;Ibicaraí;29;BA;nao metropolitana;mata atlantica;232;Af;21688;63,99;93,58;89,24
2912202;Episódico;Episódico/Epidêmico;Piorou;22,7;73,8;380,8;330;353;8;316,7;Ibicoara;29;BA;nao metropolitana;caatinga;1041,5;Cfb;20874;17,66;83,08;77,17
2912301;Episódico/Epidêmico;Episódico/Epidêmico;Se manteve;22,4;80,5;392;309,7;366;4,7;309,3;Ibicuí;29;BA;nao metropolitana;mata atlantica;315,63;Aw;13791;62,07;78,5;74,98
2912400;Episódico/Epidêmico;Episódico/Epidêmico;Se manteve;22,7;69;202;338,3;305,3;3,3;277,3;Ibipeba;29;BA;nao metropolitana;caatinga;717,78;BSh;18540;6,71;86,5;51,77
2912509;Episódico/Epidêmico;Episódico/Epidêmico;Se manteve;25;60,2;201,3;366;182;2;181,7;Ibipitanga;29;BA;nao metropolitana;caatinga;582,82;BSh;13905;1,96;64,48;40,37
2912608;Episódico/Epidêmico;Episódico;Melhorou;23,7;73,9;279,9;361,3;360;3,3;355;Ibiquera;29;BA;nao metropolitana;caatinga;563,78;BSh;3722;7,79;53,21;50,72
2912707;Episódico;Episódico/Epidêmico;Piorou;23,5;85,2;427,5;359,7;366,3;3,7;359,7;Ibirapitanga;29;BA;nao metropolitana;mata atlantica;246,42;Af;27341;47,98;79,88;64,71
2912806;Episódico/Epidêmico;Episódico;Melhorou;24,4;76,8;367,4;359,7;364,7;5,3;358,3;Ibirapuã;29;BA;nao metropolitana;mata atlantica;146,04;Am;8331;49,39;85,45;63,36
2912905;Episódico/Epidêmico;Episódico/Epidêmico;Se manteve;23,1;81,4;338,6;346,3;366,3;3;346,3;Ibirataia;29;BA;nao metropolitana;mata atlantica;296,32;Af;19613;71,61;90,79;81,18
2913002;Episódico/Epidêmico;Episódico/Epidêmico;Se manteve;22,2;68,3;238;326;297,3;1,7;259,3;Ibitiara;29;BA;nao metropolitana;caatinga;853,99;BSh;14622;15,81;70,09;36,56
2913101;Episódico;Episódico/Epidêmico;Piorou;23,3;66,5;222,9;358;277,7;4,7;269,3;Ibititá;29;BA;nao metropolitana;caatinga;756,22;BSh;17954;1,5;93,83;64,45
2913200;Episódico/Epidêmico;Episódico/Epidêmico;Se manteve;26,4;59;219,2;366,3;159,3;2,3;159,3;Ibotirama;29;BA;nao metropolitana;caatinga;502,54;Aw;26611;30,56;82,88;75
2913309;Episódico/Epidêmico;Episódico;Melhorou;25,1;73,7;207;365;338,3;1;337;Ichu;29;BA;nao metropolitana;caatinga;280,17;As;6192;1,09;69,71;63,21
2913408;Episódico/Epidêmico;Episódico/Epidêmico;Se manteve;25;60,1;257,1;365,3;171;3;170,7;Igaporã;29;BA;nao metropolitana;cerrado;792,71;As;17022;21,42;73,84;54,18
2913457;Episódico/Epidêmico;Episódico;Melhorou;23,3;85,8;439,7;358,7;366,3;4,7;358,7;Igrapiúna;29;BA;nao metropolitana;mata atlantica;121,14;Af;13077;25,72;66,46;50,25
2913507;Episódico;Episódico/Epidêmico;Piorou;22,4;80,5;392;309,7;366;4,7;309,3;Iguaí;29;BA;nao metropolitana;mata atlantica;528,5;Aw;25114;57,76;81,36;61,14
2913606;Epidêmico;Epidêmico;Se manteve;24,2;84,2;481,5;365,7;366,3;5;365,7;Ilhéus;29;BA;nao metropolitana;mata atlantica;110,16;Af;197163;66,5;90,92;84,18
2913705;Episódico/Epidêmico;Episódico/Epidêmico;Se manteve;24,8;78,1;239,8;366,3;366,3;0,3;366,3;Inhambupe;29;BA;nao metropolitana;mata atlantica;232,97;As;33771;32,05;78,44;49,8
2913804;Episódico/Epidêmico;Episódico;Melhorou;24,7;78,2;225,6;364,7;366,3;1,3;364,7;Ipecaetá;29;BA;nao metropolitana;caatinga;211,97;As;16230;4,69;61,54;20,46
2913903;Epidêmico;Epidêmico;Se manteve;23,1;81,4;338,6;346,3;366,3;3;346,3;Ipiaú;29;BA;nao metropolitana;mata atlantica;224,98;Af;43078;66,63;93,49;90,77
2914000;Episódico/Epidêmico;Episódico/Epidêmico;Se manteve;24,9;74,9;203,1;365,3;356,3;1,3;355,3;Ipirá;29;BA;nao metropolitana;caatinga;268,11;As;58094;51,24;62,02;59,78
2914109;Episódico/Epidêmico;Episódico/Epidêmico;Se manteve;23,7;64,3;292,5;364,3;236,3;4;234,3;Ipupiara;29;BA;nao metropolitana;caatinga;917,2;As;9925;1,94;79,23;73,04
2914208;Episódico;Sem transmissão;Melhorou;21,7;80,9;273,3;289,3;366,3;2,3;289,3;Irajuba;29;BA;nao metropolitana;mata atlantica;656,16;As;6100;3,22;63,61;61,48
2914307;Episódico;Episódico;Se manteve;22,3;74,7;375,6;317,7;356;8,7;307,3;Iramaia;29;BA;nao metropolitana;caatinga;503,18;BSh;10755;1,39;58,72;47,92
2914406;Episódico/Epidêmico;Episódico/Epidêmico;Se manteve;22,4;74,8;267,4;320;358;3;311,7;Iraquara;29;BA;nao metropolitana;caatinga;802,2;Aw;25590;10,05;76,98;36,02
2914505;Episódico/Epidêmico;Episódico/Epidêmico;Se manteve;24,7;78,3;257,2;365;365,3;0,7;364;Irará;29;BA;nao metropolitana;mata atlantica;260,8;Aw;27984;2,75;58,36;43,22
2914604;Episódico/Epidêmico;Epidêmico;Piorou;24,2;64,7;209,7;364,3;253;3,3;251;Irecê;29;BA;nao metropolitana;caatinga;757,29;BSh;76491;29,15;98,97;94,02
2914653;Episódico/Epidêmico;Episódico/Epidêmico;Se manteve;23,7;79,9;371,2;353,3;365,3;4,7;352,7;Itabela;29;BA;nao metropolitana;mata atlantica;148,26;Af;27691;4,29;95,16;89,04
2914703;Epidêmico;Epidêmico;Se manteve;24,9;70,8;208,6;366;351;3;350,7;Itaberaba;29;BA;nao metropolitana;caatinga;305,05;BSh;67605;69,01;86,84;78,8
2914802;Epidêmico;Epidêmico;Se manteve;23,5;84,2;418,6;358,7;366,3;4,7;358,7;Itabuna;29;BA;metropolitana;mata atlantica;128,85;Af;185500;81,7;95,36;92,77
2914901;Episódico/Epidêmico;Episódico/Epidêmico;Se manteve;24;85,1;487,1;365,3;366,3;5;365,3;Itacaré;29;BA;nao metropolitana;mata atlantica;114,28;Af;28214;39,26;79,17;58,35
2915007;Episódico/Epidêmico;Episódico;Melhorou;24,4;70,8;260,3;364,7;342,7;3,7;341;Itaeté;29;BA;nao metropolitana;caatinga;450,22;Aw;14031;9,36;77,57;51,78
2915106;Episódico/Epidêmico;Episódico/Epidêmico;Se manteve;23,2;80,7;334,6;349,3;366,3;3,3;349,3;Itagi;29;BA;nao metropolitana;mata atlantica;507,14;Aw;13925;56,84;86,32;76,53
2915205;Episódico/Epidêmico;Episódico/Epidêmico;Se manteve;23,2;80,7;334,6;349,3;366,3;3,3;349,3;Itagibá;29;BA;nao metropolitana;mata atlantica;229,23;Af;15556;64,72;86,23;71,54
2915304;Episódico;Episódico;Se manteve;23,8;79,5;349,2;356,3;365,7;3,7;356;Itagimirim;29;BA;nao metropolitana;mata atlantica;253,55;Aw;7037;76,64;93,21;85,28
2915353;Episódico;Episódico/Epidêmico;Piorou;25,8;59,5;232,4;366,3;161,3;3,3;161,3;Itaguaçu Da Bahia;29;BA;nao metropolitana;caatinga;469;BSh;13116;10,77;85,1;42,76
2915403;Episódico;Episódico;Se manteve;23,2;81,6;362;348;366;4;347,7;Itaju Do Colônia;29;BA;nao metropolitana;mata atlantica;254,1;Aw;6033;67,89;77,98;76,74
2915502;Episódico/Epidêmico;Epidêmico;Piorou;24,2;84,2;481,5;365,7;366,3;5;365,7;Itajuípe;29;BA;nao metropolitana;mata atlantica;243,69;Af;19913;59,5;91,03;86,01
2915601;Episódico/Epidêmico;Episódico/Epidêmico;Se manteve;24,1;78,4;367,1;356,3;365,3;5,3;355,7;Itamaraju;29;BA;nao metropolitana;mata atlantica;179,66;Am;60831;55,79;92,76;79,51
2915700;Episódico;Episódico/Epidêmico;Piorou;22,5;83,4;369,4;323,7;366,3;2,3;323,7;Itamari;29;BA;nao metropolitana;mata atlantica;307,29;Af;7050;41,6;83,37;73,4
2915809;Episódico/Epidêmico;Episódico/Epidêmico;Se manteve;21,8;78,5;346,5;279,3;362,3;3;276;Itambé;29;BA;nao metropolitana;mata atlantica;458,33;As;26420;83,54;85,36;83,62
2915908;Episódico;Episódico/Epidêmico;Piorou;25,1;80,7;355,6;366,3;366,3;2,3;366,3;Itanagra;29;BA;nao metropolitana;mata atlantica;79,55;Af;5814;21,11;79,96;63,77
2916005;Episódico/Epidêmico;Episódico;Melhorou;24,1;74,6;326,6;348,7;360,3;5,3;343;Itanhém;29;BA;nao metropolitana;mata atlantica;352,83;Aw;19025;65,68;89,74;72,97
2916104;Episódico/Epidêmico;Episódico/Epidêmico;Se manteve;25,3;82,2;486,6;366,3;366,3;2;366,3;Itaparica;29;BA;metropolitana;mata atlantica;6,28;Af;19738;48;91,6;78,14
2916203;Episódico;Episódico/Epidêmico;Piorou;23,5;84,2;418,6;358,7;366,3;4,7;358,7;Itapé;29;BA;nao metropolitana;mata atlantica;163,32;Am;10327;60,17;77,37;78,27
2916302;Episódico/Epidêmico;Episódico;Melhorou;23,8;81,7;394,9;358,3;366,3;5,3;358,3;Itapebi;29;BA;nao metropolitana;mata atlantica;221,64;Aw;9779;5,37;88,15;76,51
2916401;Episódico/Epidêmico;Episódico/Epidêmico;Se manteve;23,3;77,6;344,1;342,7;365,3;3,7;342;Itapetinga;29;BA;nao metropolitana;mata atlantica;280,6;Aw;68704;92,36;96,03;96,4
2916500;Episódico;Episódico/Epidêmico;Piorou;25,3;75,1;197,1;366,3;365,7;0;365,7;Itapicuru;29;BA;nao metropolitana;caatinga;222,98;As;32793;11,85;78,72;37,57
2916609;Episódico;Episódico/Epidêmico;Piorou;23,4;85;438,5;359;366,3;4,3;359;Itapitanga;29;BA;nao metropolitana;mata atlantica;261,51;Af;10320;77,54;84,01;79,39
2916708;Episódico;Episódico;Se manteve;21,7;83,7;309,4;289,3;366,3;3;289,3;Itaquara;29;BA;nao metropolitana;mata atlantica;682,94;Aw;8175;61,92;85,21;71,53
2916807;Episódico;Episódico;Se manteve;24;77,3;330,7;357,3;365;4,3;356,3;Itarantim;29;BA;nao metropolitana;mata atlantica;273,05;Aw;17035;75,08;88,31;80,13
2916856;Episódico/Epidêmico;Episódico/Epidêmico;Se manteve;24,6;76,5;202,9;365;366,3;1;365;Itatim;29;BA;nao metropolitana;caatinga;308,89;BSh;15749;2,59;86,34;72,99
2916906;Episódico/Epidêmico;Episódico/Epidêmico;Se manteve;22,4;77,4;292;321,7;365;3;320,3;Itiruçu;29;BA;nao metropolitana;mata atlantica;727,28;As;11016;52,27;86,44;83,73
2917003;Episódico/Epidêmico;Episódico;Melhorou;25,4;69,6;176,9;366,3;299,3;0,7;299,3;Itiúba;29;BA;nao metropolitana;caatinga;377,34;As;33671;21,28;53,33;42,6
2917102;Episódico/Epidêmico;Episódico/Epidêmico;Se manteve;23,3;77,6;344,1;342,7;365,3;3,7;342;Itororó;29;BA;nao metropolitana;mata atlantica;336,28;Aw;17729;71,91;90,3;82,65
2917201;Episódico/Epidêmico;Episódico/Epidêmico;Se manteve;23,2;70,5;315,7;346,7;328,7;4,7;309;Ituaçu;29;BA;nao metropolitana;caatinga;726,51;BSh;18992;8,27;54,7;41,3
2917300;Episódico/Epidêmico;Episódico/Epidêmico;Se manteve;24,2;84,1;482,5;365,7;366,3;4,3;365,7;Ituberá;29;BA;nao metropolitana;mata atlantica;115,13;Af;21974;37,94;69,79;76,5
2917334;Episódico/Epidêmico;Episódico/Epidêmico;Se manteve;25,9;58,5;248,6;365,3;141;4;140,7;Iuiu;29;BA;nao metropolitana;caatinga;530,42;As;11101;13,19;57,76;62,72
2917359;Episódico/Epidêmico;Episódico/Epidêmico;Se manteve;24,4;62,5;304,5;363,3;194,7;3,3;194,3;Jaborandi;29;BA;nao metropolitana;cerrado;796,09;Aw;9269;46,05;76,8;43,53
2917409;Episódico/Epidêmico;Episódico/Epidêmico;Se manteve;23,3;64,3;227,5;347,7;234,3;2;224,7;Jacaraci;29;BA;nao metropolitana;caatinga;817,37;As;14625;6,47;88,42;40,7
2917508;Epidêmico;Epidêmico;Se manteve;23,5;75,3;249,1;355;345,7;1,7;334,3;Jacobina;29;BA;nao metropolitana;caatinga;604,63;BSh;88296;54,57;85,24;86,21
2917607;Episódico/Epidêmico;Episódico/Epidêmico;Se manteve;22;81,3;307,9;299;366,3;3;299;Jaguaquara;29;BA;nao metropolitana;mata atlantica;640,24;Aw;46026;29,87;87,55;79,33
2917706;Episódico/Epidêmico;Episódico/Epidêmico;Se manteve;22,9;73,7;216,4;343;335,7;1,3;312,3;Jaguarari;29;BA;nao metropolitana;caatinga;527,01;BSh;32495;58,72;80,59;68,5
2917805;Episódico;Episódico;Se manteve;24,2;84;446,2;365;366,3;2;365;Jaguaripe;29;BA;nao metropolitana;mata atlantica;64,51;Af;20237;8,4;80,39;42,65
2917904;Episódico;Episódico;Se manteve;25,2;79,6;293,9;366,3;366,3;0,3;366,3;Jandaíra;29;BA;nao metropolitana;mata atlantica;56,08;Am;9112;3,82;77,02;63,87
2918001;Epidêmico;Epidêmico;Se manteve;22,5;80,2;309,5;325,7;366;3;325,3;Jequié;29;BA;nao metropolitana;caatinga;498,52;BSh;156408;78,1;92,69;90,83
2918100;Episódico/Epidêmico;Episódico/Epidêmico;Se manteve;24,6;73,8;166,8;365,7;354,7;0,3;354;Jeremoabo;29;BA;nao metropolitana;caatinga;477,16;BSh;37519;33,36;65,38;52,95
2918209;Episódico;Episódico;Se manteve;22,3;85;354,8;320,7;366,3;4,7;320,7;Jiquiriçá;29;BA;nao metropolitana;mata atlantica;507,28;Af;13623;30,34;58,24;43,89
2918308;Episódico/Epidêmico;Episódico;Melhorou;22,6;79,9;308,3;334,3;366;3,7;334;Jitaúna;29;BA;nao metropolitana;mata atlantica;368,29;Af;14614;50,75;74,03;71,58
2918357;Episódico/Epidêmico;Episódico/Epidêmico;Se manteve;24,2;64,7;209,7;364,3;253;3,3;251;João Dourado;29;BA;nao metropolitana;caatinga;782,14;BSh;26186;4,55;93,07;77,12
2918407;Epidêmico;Epidêmico;Se manteve;26,7;60,5;113,2;366,3;186;1,7;186;Juazeiro;29;BA;nao metropolitana;caatinga;431,92;BSh;244406;65,21;91,06;83,7
2918456;Episódico;Episódico;Se manteve;22,4;77,1;371,2;298,7;361,3;6;294,3;Jucuruçu;29;BA;nao metropolitana;mata atlantica;448,88;Am;9971;37,12;72,63;44,88
2918506;Episódico/Epidêmico;Episódico/Epidêmico;Se manteve;25,6;60,3;192,5;366,3;178,7;3;178,7;Jussara;29;BA;nao metropolitana;caatinga;584,09;BSh;16922;2,94;92,58;58,94
2918555;Episódico/Epidêmico;Episódico/Epidêmico;Se manteve;23,3;83,9;415,3;353,3;366,3;3,7;353,3;Jussari;29;BA;nao metropolitana;mata atlantica;277,26;Af;5902;66,52;88,46;79,61
2918605;Episódico;Episódico;Se manteve;22,2;70,8;315,6;313,3;320,7;5;270,7;Jussiape;29;BA;nao metropolitana;caatinga;863,98;BSh;7381;21,67;86,61;38,96
2918704;Episódico/Epidêmico;Episódico;Melhorou;22;81,3;307,9;299;366,3;3;299;Lafaiete Coutinho;29;BA;nao metropolitana;mata atlantica;666,27;As;4044;39,58;73,46;70,47
2918753;Episódico/Epidêmico;Episódico/Epidêmico;Se manteve;23,1;67,3;300,1;343,3;275,3;4;258,3;Lagoa Real;29;BA;nao metropolitana;caatinga;703,04;As;13990;5,62;46,3;22,53
2918803;Episódico/Epidêmico;Episódico;Melhorou;23,4;84,2;365;359,7;366,3;2,3;359,7;Laje;29;BA;nao metropolitana;mata atlantica;216,73;Af;23198;25,74;77,27;40,63
2918902;Episódico/Epidêmico;Episódico;Melhorou;24,3;72,9;297,4;353,7;350,3;4,3;338,3;Lajedão;29;BA;nao metropolitana;mata atlantica;241,99;Aw;4550;67,65;92,18;64,86
2919009;Episódico/Epidêmico;Sem transmissão;Melhorou;22,9;75,1;274,6;342,3;362;2,7;338;Lajedinho;29;BA;nao metropolitana;caatinga;593,86;BSh;4102;20,56;61,22;32,68
2919058;Episódico/Epidêmico;Episódico/Epidêmico;Se manteve;21,7;80,9;273,3;289,3;366,3;2,3;289,3;Lajedo Do Tabocal;29;BA;nao metropolitana;mata atlantica;759,17;As;7486;0,66;83,59;64,55
2919108;Episódico/Epidêmico;Sem transmissão;Melhorou;25,1;74,7;213,9;365;348;1;346,7;Lamarão;29;BA;nao metropolitana;caatinga;267,45;As;9062;21,5;42,7;18,97
2919157;Episódico/Epidêmico;Episódico/Epidêmico;Se manteve;23,2;68;188,2;352,7;294,3;3;280,7;Lapão;29;BA;nao metropolitana;caatinga;771,32;BSh;25713;10,67;93,12;57,58
2919207;Epidêmico;Episódico/Epidêmico;Melhorou;25,7;79,3;367,5;366,3;365,7;2,3;365,7;Lauro De Freitas;29;BA;metropolitana;mata atlantica;34,14;Af;220437;80,89;98,96;98,75
2919306;Episódico/Epidêmico;Episódico/Epidêmico;Se manteve;21,2;75,1;255;273;350;2,7;257,3;Lençóis;29;BA;nao metropolitana;caatinga;692,99;Aw;11022;56,2;82,57;74,1
2919405;Episódico;Episódico;Se manteve;22,7;66,7;253,7;335;269,7;2,3;248;Licínio De Almeida;29;BA;nao metropolitana;caatinga;805,24;As;11848;4,6;72;54,23
2919504;Episódico/Epidêmico;Episódico/Epidêmico;Se manteve;23,6;67,3;264,2;352,3;287,7;3;274,7;Livramento De Nossa Senhora;29;BA;nao metropolitana;caatinga;622,27;BSh;43898;32,58;72,62;49,61
2919553;Epidêmico;Epidêmico;Se manteve;23,6;65,7;353,9;362;225;4;223,7;Luís Eduardo Magalhães;29;BA;nao metropolitana;cerrado;810,51;Aw;108271;18,16;93,82;96,5
2919603;Episódico/Epidêmico;Episódico/Epidêmico;Se manteve;25,3;71,5;201,3;366;350,3;2,3;350;Macajuba;29;BA;nao metropolitana;caatinga;343,71;Aw;10463;43,86;63,93;64,29
2919702;Episódico;Episódico/Epidêmico;Piorou;22,1;78,3;389;293;364,3;6,3;291,3;Macarani;29;BA;nao metropolitana;mata atlantica;401,77;As;21556;78,17;88,93;82,74
2919801;Episódico/Epidêmico;Epidêmico;Piorou;24,8;60,9;285,8;366;181,7;4,3;181,3;Macaúbas;29;BA;nao metropolitana;caatinga;751,09;As;41631;27,01;89,63;41,86
2919900;Episódico;Episódico;Se manteve;25,7;66,6;123,8;366,3;272,3;2;272,3;Macururé;29;BA;nao metropolitana;caatinga;437,32;BSh;7600;1;54,06;14,83
2919926;Episódico/Epidêmico;Episódico/Epidêmico;Se manteve;25,5;80,3;419,9;366,3;366,3;2;366,3;Madre De Deus;29;BA;metropolitana;mata atlantica;4,2;Af;18767;91,98;99,71;99,33
2919959;Episódico;Episódico;Se manteve;24;66,6;210,4;359;287,3;2;281,3;Maetinga;29;BA;nao metropolitana;caatinga;679,51;BSh;6968;24,92;56,61;40,72
2920007;Episódico/Epidêmico;Episódico/Epidêmico;Se manteve;23,2;76,8;367,4;339,3;364,7;6,3;338;Maiquinique;29;BA;nao metropolitana;mata atlantica;371,02;Aw;9452;75,07;83,26;75,93
2920106;Episódico/Epidêmico;Episódico/Epidêmico;Se manteve;24,2;74,4;235;363;340,3;2,7;337;Mairi;29;BA;nao metropolitana;caatinga;431,87;As;16122;54,02;65,27;66,43
2920205;Episódico;Episódico;Se manteve;26;59,8;270,9;366;161,7;3,3;161,7;Malhada;29;BA;nao metropolitana;caatinga;455,64;As;15426;15,29;68,93;57,9
2920304;Episódico/Epidêmico;Episódico/Epidêmico;Se manteve;24,2;65;228,4;360,7;248,3;4;245;Malhada De Pedras;29;BA;nao metropolitana;caatinga;535,79;BSh;8673;10,02;48,1;38,93
2920403;Episódico/Epidêmico;Episódico;Melhorou;22,6;79,9;308,3;334,3;366;3,7;334;Manoel Vitorino;29;BA;nao metropolitana;caatinga;465,71;BSh;13327;3,17;57,3;53,73
2920452;Episódico;Episódico;Se manteve;26,4;60,8;245,9;366,3;184,7;2,7;184,7;Mansidão;29;BA;nao metropolitana;cerrado;472,33;Aw;13902;3,04;56,21;35,7
2920502;Episódico/Epidêmico;Epidêmico;Piorou;22,2;77,3;275,3;314,3;365,3;2,7;313,3;Maracás;29;BA;nao metropolitana;caatinga;600,03;BSh;27747;9,62;78,26;75,61
2920601;Episódico/Epidêmico;Episódico/Epidêmico;Se manteve;24,2;84,1;399;364,7;366,3;2;364,7;Maragogipe;29;BA;nao metropolitana;mata atlantica;103,09;Af;38394;40,91;82,72;61,7
2920700;Episódico;Episódico;Se manteve;24;85,2;485,1;365,3;366,3;4,7;365,3;Maraú;29;BA;nao metropolitana;mata atlantica;98,51;Af;24713;20,05;70,81;46,57
2920809;Episódico/Epidêmico;Episódico;Melhorou;24,4;69,7;223,1;364;330,3;2,3;328;Marcionílio Souza;29;BA;nao metropolitana;caatinga;394,49;BSh;9256;13,89;70,91;61,68
2920908;Episódico/Epidêmico;Episódico;Melhorou;23,7;82,3;403,7;357;366,3;5;357;Mascote;29;BA;nao metropolitana;mata atlantica;188,66;Af;11991;44,3;83,99;75,16
2921005;Episódico/Epidêmico;Episódico;Melhorou;25,2;80,9;410,6;366,3;366,3;2,3;366,3;Mata De São João;29;BA;metropolitana;mata atlantica;59,4;Af;48698;42,93;88,39;83,32
2921054;Episódico;Episódico/Epidêmico;Piorou;23,7;64,5;279,1;356,3;234,3;3,7;230,3;Matina;29;BA;nao metropolitana;caatinga;564,49;As;10338;3,25;65,57;33,47
2921104;Episódico/Epidêmico;Episódico;Melhorou;24,2;72,5;295,7;350;350;4,7;334;Medeiros Neto;29;BA;nao metropolitana;mata atlantica;238,61;Aw;23096;35,32;89,36;77,28
2921203;Episódico/Epidêmico;Episódico/Epidêmico;Se manteve;23,5;76;256,3;355,3;353;2,3;342;Miguel Calmon;29;BA;nao metropolitana;caatinga;657,71;BSh;27817;41,98;83,77;59,41
2921302;Episódico/Epidêmico;Episódico;Melhorou;23,6;76,8;218,9;361;366,3;1,7;361;Milagres;29;BA;nao metropolitana;caatinga;493,11;As;11076;5,23;85,44;77,17
2921401;Episódico/Epidêmico;Episódico/Epidêmico;Se manteve;23,5;74,7;249;355,7;339,3;2,7;328,7;Mirangaba;29;BA;nao metropolitana;caatinga;685,5;BSh;15050;18,82;66,73;49,6
2921450;Episódico/Epidêmico;Episódico/Epidêmico;Se manteve;22,8;72,8;229,7;341;355,7;3;330,3;Mirante;29;BA;nao metropolitana;caatinga;488,51;BSh;10072;21,96;25,7;22,82
2921500;Episódico/Epidêmico;Sem transmissão;Melhorou;24,9;71,8;169,7;365,7;330;0;329,3;Monte Santo;29;BA;nao metropolitana;caatinga;452,01;BSh;47758;12,04;28,17;30,67
2921609;Episódico;Episódico/Epidêmico;Piorou;27,2;58;214,2;366,3;155,3;2,7;155,3;Morpará;29;BA;nao metropolitana;caatinga;463,89;Aw;8303;4,56;70,04;61,26
2921708;Episódico/Epidêmico;Episódico/Epidêmico;Se manteve;22,3;71,9;201,1;318,3;330,7;2,3;282,7;Morro Do Chapéu;29;BA;nao metropolitana;caatinga;857,29;BSh;33389;9,6;74,89;59,43
2921807;Episódico;Episódico;Se manteve;22,2;67,6;263,9;309,3;282;1;235,7;Mortugaba;29;BA;nao metropolitana;caatinga;877,45;As;11131;1,83;83,83;50,76
2921906;Episódico;Episódico;Se manteve;20,8;77,3;392,8;256;361;5;251,3;Mucugê;29;BA;nao metropolitana;caatinga;1114,74;Cfb;12988;37,57;78,5;49,8
2922003;Epidêmico;Epidêmico;Se manteve;24,6;80;392,4;365,7;366;6,7;365,3;Mucuri;29;BA;nao metropolitana;mata atlantica;78;Af;38082;30,86;89,26;85,17
2922052;Episódico/Epidêmico;Episódico/Epidêmico;Se manteve;22,6;70,5;202,6;330,7;320;3;284,3;Mulungu Do Morro;29;BA;nao metropolitana;caatinga;917,71;BSh;13166;0,51;23,44;47,65
2922102;Episódico/Epidêmico;Episódico;Melhorou;22,8;77,7;281,1;335,3;364,7;2,7;333,7;Mundo Novo;29;BA;nao metropolitana;caatinga;541,99;As;20564;37,79;74,3;72,9
2922201;Episódico/Epidêmico;Episódico;Melhorou;24,2;84;446,2;365;366,3;2;365;Muniz Ferreira;29;BA;nao metropolitana;mata atlantica;120,55;Af;7165;26,42;76,97;68,12
2922250;Episódico;Episódico/Epidêmico;Piorou;26,4;59,3;248,3;366,3;171;3,3;171;Muquém Do São Francisco;29;BA;nao metropolitana;caatinga;517,21;Aw;11029;16,24;78,75;30,77
2922300;Episódico/Epidêmico;Episódico/Epidêmico;Se manteve;24,6;83,7;411,6;365,7;366,3;2,3;365,7;Muritiba;29;BA;nao metropolitana;mata atlantica;200,68;Af;28558;14,95;91,74;68,96
2922409;Episódico/Epidêmico;Episódico;Melhorou;23,3;85;400,3;359,3;366,3;4,7;359,3;Mutuípe;29;BA;nao metropolitana;mata atlantica;358,22;Af;20028;49,31;70,39;48,93
2922508;Episódico;Episódico;Se manteve;24,2;84;446,2;365;366,3;2;365;Nazaré;29;BA;nao metropolitana;mata atlantica;89,03;Af;28181;53,81;85,53;82,65
2922607;Episódico/Epidêmico;Episódico;Melhorou;24,2;84,1;482,5;365,7;366,3;4,3;365,7;Nilo Peçanha;29;BA;nao metropolitana;mata atlantica;111,01;Af;12032;32,4;68,17;56,86
2922656;Episódico/Epidêmico;Episódico;Melhorou;25,4;69,6;176,9;366,3;299,3;0,7;299,3;Nordestina;29;BA;nao metropolitana;caatinga;301,48;BSh;18536;3,91;48,2;37,68
2922706;Episódico;Episódico/Epidêmico;Piorou;21,4;81,1;400,8;264;366;4,7;263,7;Nova Canaã;29;BA;nao metropolitana;mata atlantica;602,95;Aw;15959;46,75;65,8;50,42
2922730;Episódico/Epidêmico;Episódico/Epidêmico;Se manteve;24,7;73,3;218,5;365;331,3;1,7;330;Nova Fátima;29;BA;nao metropolitana;caatinga;288,41;BSh;7958;63,91;86,13;79,78
2922755;Episódico/Epidêmico;Episódico/Epidêmico;Se manteve;22,9;84,6;397,3;343,3;366,3;4;343,3;Nova Ibiá;29;BA;nao metropolitana;mata atlantica;322,56;Af;8325;35,96;76,51;41,99
2922805;Episódico;Episódico;Se manteve;22,4;78,1;232,7;325;366;1,3;324,7;Nova Itarana;29;BA;nao metropolitana;caatinga;648,08;BSh;7820;6,53;77,05;73
2922854;Episódico/Epidêmico;Episódico;Melhorou;23,1;73,2;309,4;350,3;355,3;3,7;339,3;Nova Redenção;29;BA;nao metropolitana;caatinga;417,62;Aw;7525;10,28;77,54;66,23
2922904;Episódico/Epidêmico;Episódico;Melhorou;25,4;74,2;180,5;366,3;365;0;365;Nova Soure;29;BA;nao metropolitana;caatinga;258,6;As;24206;1,32;84,57;53,89
2923001;Episódico/Epidêmico;Episódico/Epidêmico;Se manteve;24,8;79,2;386,3;366,3;362,7;5,7;362,7;Nova Viçosa;29;BA;nao metropolitana;mata atlantica;61,83;Af;41089;19,09;93,75;81,47
2923035;Episódico/Epidêmico;Episódico/Epidêmico;Se manteve;25;60,2;201,3;366;182;2;181,7;Novo Horizonte;29;BA;nao metropolitana;caatinga;985,84;As;11163;10,55;78,82;33,92
2923050;Episódico;Episódico;Se manteve;24;75,7;208,1;362;360;0,3;355,7;Novo Triunfo;29;BA;nao metropolitana;caatinga;476,95;As;10666;55,13;71,54;60,19
2923100;Episódico/Epidêmico;Episódico;Melhorou;25,3;75,1;197,1;366,3;365,7;0;365,7;Olindina;29;BA;nao metropolitana;caatinga;197,93;As;22615;51,24;86,88;58,49
2923209;Episódico/Epidêmico;Episódico/Epidêmico;Se manteve;26,1;59,9;248,8;366,3;169,7;2,7;169,7;Oliveira Dos Brejinhos;29;BA;nao metropolitana;caatinga;583,63;As;22850;12,88;86,7;43,95
2923308;Episódico;Episódico;Se manteve;24,6;79,2;269,8;365,7;365,7;0,3;365;Ouriçangas;29;BA;nao metropolitana;mata atlantica;270,67;Am;7728;15,1;92,18;40,71
2923357;Episódico/Epidêmico;Episódico/Epidêmico;Se manteve;23,1;71,8;183,4;347,7;328,3;2;309,7;Ourolândia;29;BA;nao metropolitana;caatinga;630,92;BSh;19322;18,63;68,87;66,73
2923407;Episódico/Epidêmico;Episódico/Epidêmico;Se manteve;25,9;59;252,7;365,7;147,7;3,7;147,3;Palmas De Monte Alto;29;BA;nao metropolitana;caatinga;496,98;As;20091;16,53;63,34;44,1
2923506;Episódico/Epidêmico;Episódico/Epidêmico;Se manteve;21,2;75,1;255;273;350;2,7;257,3;Palmeiras;29;BA;nao metropolitana;caatinga;953,8;Aw;10383;29,66;87,79;73,33
2923605;Episódico/Epidêmico;Episódico/Epidêmico;Se manteve;22,5;67,2;335,1;332;268,7;4,3;240;Paramirim;29;BA;nao metropolitana;caatinga;756,83;As;20378;38,71;81,24;54,07
2923704;Episódico/Epidêmico;Episódico/Epidêmico;Se manteve;26,4;58,8;240;366,3;156,3;2,3;156,3;Paratinga;29;BA;nao metropolitana;caatinga;557,1;As;28947;3,16;66,04;33,68
2923803;Episódico/Epidêmico;Episódico;Melhorou;25;79,8;273,4;366,3;366,3;1,3;366,3;Paripiranga;29;BA;nao metropolitana;caatinga;327,72;As;26609;26,09;33,11;37,71
2923902;Episódico/Epidêmico;Episódico/Epidêmico;Se manteve;23,3;81,3;372;346,3;366;4,7;346;Pau Brasil;29;BA;nao metropolitana;mata atlantica;284,57;Aw;10669;65,04;75,06;70,78
2924009;Epidêmico;Epidêmico;Se manteve;26,1;69,2;140,2;366,3;285,7;0,7;285,7;Paulo Afonso;29;BA;nao metropolitana;caatinga;357,08;BSh;118412;83;89,1;86,57
2924058;Episódico/Epidêmico;Episódico/Epidêmico;Se manteve;25,1;73,5;199,8;365,3;334,7;1,7;333,7;Pé De Serra;29;BA;nao metropolitana;caatinga;272,88;BSh;13242;3,13;58,17;58,09
2924108;Episódico;Episódico;Se manteve;24,6;79,2;269,8;365,7;365,7;0,3;365;Pedrão;29;BA;nao metropolitana;mata atlantica;219,01;Am;6229;2,77;54,98;25,25
2924207;Episódico;Episódico;Se manteve;25,4;72,3;164,1;366,3;347,7;1;347,7;Pedro Alexandre;29;BA;nao metropolitana;caatinga;321,08;BSh;14056;2,83;32,19;29,43
2924306;Episódico;Episódico/Epidêmico;Piorou;21;73,8;340,7;265,7;341;4,7;243,3;Piatã;29;BA;nao metropolitana;caatinga;1243,92;Cwb;20098;5,19;67,41;43,97
2924405;Episódico/Epidêmico;Episódico;Melhorou;27,1;59,3;181,2;366,3;167,7;2,7;167,7;Pilão Arcado;29;BA;nao metropolitana;caatinga;467,06;BSh;35326;2;44,41;33,98
2924504;Episódico;Episódico/Epidêmico;Piorou;23,7;64,5;251,4;356;235,3;2,7;232,3;Pindaí;29;BA;nao metropolitana;caatinga;767,49;As;14740;3,27;59,63;28,99
2924603;Episódico/Epidêmico;Episódico;Melhorou;24,6;71,6;219,2;364,7;307;1,7;305,3;Pindobaçu;29;BA;nao metropolitana;caatinga;568,59;As;19133;42,25;73,64;76,81
2924652;Episódico/Epidêmico;Episódico;Melhorou;24,4;74,6;237,7;364;349;2;346,7;Pintadas;29;BA;nao metropolitana;caatinga;305;BSh;9805;54,22;61,06;67,94
2924678;Episódico;Episódico;Se manteve;22,9;84,6;397,3;343,3;366,3;4;343,3;Piraí Do Norte;29;BA;nao metropolitana;mata atlantica;282,3;Af;10200;26,59;75,92;46,45
2924702;Episódico/Epidêmico;Episódico/Epidêmico;Se manteve;23,2;67,5;239,6;344,3;296,3;3;277,7;Piripá;29;BA;nao metropolitana;caatinga;788,17;BSh;9158;4,84;66,44;50,85
2924801;Episódico/Epidêmico;Episódico;Melhorou;23,7;76,2;265,6;356,3;360,3;2,7;350,3;Piritiba;29;BA;nao metropolitana;caatinga;613;As;17549;36,61;83,53;75,86
2924900;Episódico;Episódico/Epidêmico;Piorou;22,2;77,3;275,3;314,3;365,3;2,7;313,3;Planaltino;29;BA;nao metropolitana;caatinga;738,39;As;8012;0,67;36,97;49,27
2925006;Episódico;Episódico/Epidêmico;Piorou;21;81;364,5;258,3;366;4,3;258;Planalto;29;BA;nao metropolitana;mata atlantica;823,4;BSh;23290;2,77;73,27;64,22
2925105;Episódico/Epidêmico;Episódico/Epidêmico;Se manteve;21;81;364,5;258,3;366;4,3;258;Poções;29;BA;nao metropolitana;caatinga;816,72;BSh;48197;64,6;83,71;81,72
2925204;Episódico/Epidêmico;Epidêmico;Piorou;25,4;80,3;381,8;366,3;366,3;2;366,3;Pojuca;29;BA;metropolitana;mata atlantica;90,05;Af;33079;87,2;91,5;90,48
2925253;Episódico/Epidêmico;Episódico;Melhorou;23,4;74,5;250,8;353,7;338;2,3;325,3;Ponto Novo;29;BA;nao metropolitana;caatinga;394,52;As;17941;10,38;81,36;75,67
2925303;Epidêmico;Epidêmico;Se manteve;24,9;80,2;434;366,3;365,7;5;365,7;Porto Seguro;29;BA;nao metropolitana;mata atlantica;74,28;Af;158736;69,19;87,33;90,52
2925402;Episódico;Episódico/Epidêmico;Piorou;23,8;77,8;337,2;357;365;4,7;356;Potiraguá;29;BA;nao metropolitana;mata atlantica;226,34;Aw;11524;75,64;89,53;89,63
2925501;Episódico/Epidêmico;Episódico/Epidêmico;Se manteve;24,5;78,6;387,5;364,7;365,7;5,3;364,3;Prado;29;BA;nao metropolitana;mata atlantica;57,89;Af;31715;14,7;84,71;69,36
2925600;Episódico/Epidêmico;Episódico/Epidêmico;Se manteve;24,3;64;220,3;364,3;242,3;3,7;240,3;Presidente Dutra;29;BA;nao metropolitana;caatinga;674,56;BSh;15133;6,93;96,11;80,72
2925709;Episódico/Epidêmico;Episódico/Epidêmico;Se manteve;23,7;66,7;229,4;355;278;3,7;269;Presidente Jânio Quadros;29;BA;nao metropolitana;caatinga;691,21;BSh;12627;31,99;42,14;35,2
2925758;Episódico/Epidêmico;Episódico/Epidêmico;Se manteve;23,3;85;400,3;359,3;366,3;4,7;359,3;Presidente Tancredo Neves;29;BA;nao metropolitana;mata atlantica;255,96;Af;27662;28,13;80,28;47,89
2925808;Episódico/Epidêmico;Sem transmissão;Melhorou;25,4;69,6;176,9;366,3;299,3;0,7;299,3;Queimadas;29;BA;nao metropolitana;caatinga;334,29;BSh;26027;37,91;63,12;61,66
2925907;Episódico/Epidêmico;Episódico;Melhorou;25,4;70,2;170,1;366,3;308;0,3;308;Quijingue;29;BA;nao metropolitana;caatinga;323,24;BSh;27317;13,15;58,11;42,61
2925931;Episódico/Epidêmico;Episódico;Melhorou;24,7;73,3;218,5;365;331,3;1,7;330;Quixabeira;29;BA;nao metropolitana;caatinga;415,95;BSh;9429;4,05;74,34;75,66
2925956;Episódico/Epidêmico;Episódico;Melhorou;24,3;80,1;257;364,7;366,3;1,7;364,7;Rafael Jambeiro;29;BA;nao metropolitana;caatinga;199,41;As;20242;11,7;58,66;39,86
2926004;Episódico/Epidêmico;Episódico/Epidêmico;Se manteve;26,7;63,9;195,2;366,3;238,3;3;238,3;Remanso;29;BA;nao metropolitana;caatinga;443,35;BSh;40531;49,99;65,62;61,25
2926103;Episódico/Epidêmico;Episódico;Melhorou;25,3;71,6;186,5;366;317,3;0,7;317;Retirolândia;29;BA;nao metropolitana;caatinga;322,44;BSh;13654;17,5;68,95;74,18
2926202;Episódico/Epidêmico;Episódico;Melhorou;24,9;64;297,1;366;211,3;3,3;211,3;Riachão Das Neves;29;BA;nao metropolitana;cerrado;643,07;Aw;22289;8,99;65,85;43,6
2926301;Episódico/Epidêmico;Episódico/Epidêmico;Se manteve;25,1;73,5;199,8;365,3;334,7;1,7;333,7;Riachão Do Jacuípe;29;BA;nao metropolitana;caatinga;240,1;BSh;33422;64,43;79,99;73,15
2926400;Episódico/Epidêmico;Episódico/Epidêmico;Se manteve;26,1;58;250,6;366;146,3;3,3;146;Riacho De Santana;29;BA;nao metropolitana;caatinga;565,39;As;39127;5,94;70,53;47,59
2926509;Episódico/Epidêmico;Sem transmissão;Melhorou;25,6;72,4;169,8;366,3;357,7;0,3;357,7;Ribeira Do Amparo;29;BA;nao metropolitana;caatinga;216,52;As;13831;1,12;82,33;38,85
2926608;Episódico/Epidêmico;Episódico/Epidêmico;Se manteve;25,4;72,5;167;366,3;353,7;0;353,7;Ribeira Do Pombal;29;BA;nao metropolitana;caatinga;277,55;As;53997;27,65;91;70,51
2926657;Episódico;Episódico/Epidêmico;Piorou;22,2;77,5;343,2;297;361,7;4;292,7;Ribeirão Do Largo;29;BA;nao metropolitana;mata atlantica;630,89;As;10382;30,72;72,57;54,82
2926707;Episódico/Epidêmico;Episódico;Melhorou;22,8;67,9;305;334;285,3;5;256;Rio De Contas;29;BA;nao metropolitana;caatinga;955,98;BSh;13634;22,87;75,52;59,2
2926806;Episódico/Epidêmico;Episódico;Melhorou;23,6;66,3;239,3;353,7;269,3;2,7;260,3;Rio Do Antônio;29;BA;nao metropolitana;caatinga;620,36;BSh;13098;16,02;63,56;43,4
2926905;Episódico/Epidêmico;Episódico/Epidêmico;Se manteve;24,7;60,9;230,4;365,3;190,7;3,3;190;Rio Do Pires;29;BA;nao metropolitana;caatinga;922,32;As;9585;2,89;70,82;51,65
2927002;Episódico/Epidêmico;Episódico/Epidêmico;Se manteve;25,1;79,1;266,8;366,3;366,3;0,7;366,3;Rio Real;29;BA;nao metropolitana;mata atlantica;135,23;As;35378;9,53;87,14;60,77
2927101;Episódico;Episódico/Epidêmico;Piorou;26,6;65,2;116,1;366,3;249,7;1,7;249,7;Rodelas;29;BA;nao metropolitana;caatinga;451,01;BSh;10303;86,58;95,04;86,3
2927200;Episódico/Epidêmico;Episódico/Epidêmico;Se manteve;23,6;74,8;252;360;364;3;357,7;Ruy Barbosa;29;BA;nao metropolitana;caatinga;519,63;As;30172;53,01;77,42;76,2
2927309;Episódico;Sem transmissão;Melhorou;24,8;84,6;475,5;366;366,3;1,7;366;Salinas Da Margarida;29;BA;nao metropolitana;mata atlantica;14,04;Af;14989;11,77;95,67;96,29
2927408;Epidêmico;Transmissão Persistente;Piorou;25,6;79,6;419,2;366,3;365,7;3;365,7;Salvador;29;BA;metropolitana;mata atlantica;17,68;Af;2610987;93,12;99,19;96,65
2927507;Episódico/Epidêmico;Episódico;Melhorou;24,8;76,1;231,6;365;362,7;0,7;361,3;Santa Bárbara;29;BA;nao metropolitana;caatinga;244,92;As;22446;6,02;69,5;52,54
2927606;Episódico;Episódico/Epidêmico;Piorou;26;70,7;169,1;366,3;328,7;1,7;328,7;Santa Brígida;29;BA;nao metropolitana;caatinga;338,41;BSh;14979;35,82;53,14;50,02
2927705;Episódico/Epidêmico;Epidêmico;Piorou;24,4;82,6;439,6;366;366,3;6,3;366;Santa Cruz Cabrália;29;BA;nao metropolitana;mata atlantica;84,16;Af;30385;49,39;84,56;80,89
2927804;Episódico/Epidêmico;Episódico;Melhorou;23,2;81,6;362;348;366;4;347,7;Santa Cruz Da Vitória;29;BA;nao metropolitana;mata atlantica;329,46;Aw;4672;76,49;84,5;75,69
2927903;Episódico;Episódico;Se manteve;21,7;83,7;309,4;289,3;366,3;3;289,3;Santa Inês;29;BA;nao metropolitana;mata atlantica;583,79;As;10293;66,27;87,04;88,96
2928000;Episódico/Epidêmico;Episódico/Epidêmico;Se manteve;25,3;71,1;188,5;365,3;309;1,7;308;Santaluz;29;BA;nao metropolitana;caatinga;339,33;BSh;37079;56,69;69,6;68,98
2928059;Episódico/Epidêmico;Episódico;Melhorou;24,1;82,9;476,2;364,3;366,3;5;364,3;Santa Luzia;29;BA;nao metropolitana;mata atlantica;126,06;Af;11776;43,82;80,18;57,29
2928109;Episódico/Epidêmico;Epidêmico;Piorou;25,3;61,1;295,3;366;180;3,7;179,7;Santa Maria Da Vitória;29;BA;nao metropolitana;caatinga;623,78;Aw;38686;13,32;81,73;61,4
2928208;Episódico/Epidêmico;Episódico/Epidêmico;Se manteve;26;60;290,1;366,3;169,7;3,7;169,7;Santana;29;BA;nao metropolitana;caatinga;541,07;Aw;24778;13,15;94,05;54,9
2928307;Episódico;Episódico;Se manteve;24,7;78,3;257,2;365;365,3;0,7;364;Santanópolis;29;BA;nao metropolitana;caatinga;238,27;As;9831;1,12;54,67;36,94
2928406;Episódico/Epidêmico;Episódico/Epidêmico;Se manteve;26,4;61,9;284,9;366,3;197;3;197;Santa Rita De Cássia;29;BA;nao metropolitana;cerrado;527,29;Aw;28084;14,3;74,65;60,01
2928505;Episódico/Epidêmico;Episódico;Melhorou;23,5;79,8;251,5;360,3;366,3;1,7;360,3;Santa Terezinha;29;BA;nao metropolitana;caatinga;298,32;As;9790;4,72;68,82;36,83
2928604;Episódico/Epidêmico;Episódico;Melhorou;24,6;83,7;411,6;365,7;366,3;2,3;365,7;Santo Amaro;29;BA;nao metropolitana;mata atlantica;95,85;Af;55935;59,03;85,22;81,51
2928703;Episódico/Epidêmico;Episódico/Epidêmico;Se manteve;24,2;84;446,2;365;366,3;2;365;Santo Antônio De Jesus;29;BA;nao metropolitana;mata atlantica;186,52;Af;103055;67,39;91,7;84,28
2928802;Episódico/Epidêmico;Episódico/Epidêmico;Se manteve;24,3;82,9;336,2;364,3;366,3;1,7;364,3;Santo Estêvão;29;BA;nao metropolitana;caatinga;173;As;55696;12,74;89,24;56,08
2928901;Episódico/Epidêmico;Episódico/Epidêmico;Se manteve;24,6;63,5;299,2;366;207,7;4,3;207,7;São Desidério;29;BA;nao metropolitana;cerrado;777,1;Aw;36793;8,48;64,03;48,8
2928950;Episódico/Epidêmico;Episódico/Epidêmico;Se manteve;25,2;72,6;194,9;365,3;324,3;1,3;323,3;São Domingos;29;BA;nao metropolitana;caatinga;288,02;BSh;8417;64,51;86,87;80,86
2929008;Episódico/Epidêmico;Episódico;Melhorou;24,3;82,9;336,2;364,3;366,3;1,7;364,3;São Félix;29;BA;nao metropolitana;mata atlantica;161,07;Af;10946;62,38;83,71;68,56
2929057;Episódico/Epidêmico;Episódico/Epidêmico;Se manteve;25,3;61,1;295,3;366;180;3,7;179,7;São Félix Do Coribe;29;BA;nao metropolitana;caatinga;596,17;Aw;15704;1,62;94,97;76,41
2929107;Episódico/Epidêmico;Episódico;Melhorou;24,2;84,1;399;364,7;366,3;2;364,7;São Felipe;29;BA;nao metropolitana;mata atlantica;175,16;Af;20286;9,8;86,54;51,04
2929206;Episódico/Epidêmico;Episódico/Epidêmico;Se manteve;24,6;83,7;411,6;365,7;366,3;2,3;365,7;São Francisco Do Conde;29;BA;metropolitana;mata atlantica;26,1;Af;37892;66,34;93,56;92,86
2929255;Episódico/Epidêmico;Episódico/Epidêmico;Se manteve;25,2;61,7;180,9;366,3;207,7;3,3;207,7;São Gabriel;29;BA;nao metropolitana;caatinga;694,54;BSh;18417;8,51;84,04;76,72
2929305;Episódico/Epidêmico;Episódico/Epidêmico;Se manteve;24,5;81,1;315,6;365;366,3;1;365;São Gonçalo Dos Campos;29;BA;nao metropolitana;mata atlantica;199,34;As;39570;7,72;86,94;69,39
2929354;Episódico/Epidêmico;Episódico/Epidêmico;Se manteve;23,3;83,9;415,3;353,3;366,3;3,7;353,3;São José Da Vitória;29;BA;nao metropolitana;mata atlantica;272,23;Af;5321;78,26;91,41;83,58
2929370;Episódico/Epidêmico;Episódico;Melhorou;25,1;72,4;197,9;365,3;323,3;1,7;322,3;São José Do Jacuípe;29;BA;nao metropolitana;caatinga;365,43;As;10195;31,99;76,61;76,48
2929404;Episódico;Episódico;Se manteve;22,6;83,6;314;334;366,3;2;334;São Miguel Das Matas;29;BA;nao metropolitana;mata atlantica;272,06;Aw;10334;17,14;72,79;33,86
2929503;Episódico/Epidêmico;Episódico/Epidêmico;Se manteve;25;82;434,3;366,3;366,3;2;366,3;São Sebastião Do Passé;29;BA;metropolitana;mata atlantica;81,33;Af;40376;66,48;77,6;82,49
2929602;Episódico/Epidêmico;Episódico/Epidêmico;Se manteve;24,3;82,9;336,2;364,3;366,3;1,7;364,3;Sapeaçu;29;BA;nao metropolitana;mata atlantica;214,75;Af;17993;4,52;78,34;54,49
2929701;Episódico;Episódico;Se manteve;24,9;75,6;215,4;366,3;365;1;365;Sátiro Dias;29;BA;nao metropolitana;caatinga;289,05;As;16021;29,19;87,33;38,67
2929750;Episódico;Sem transmissão;Melhorou;25,3;82,2;486,6;366,3;366,3;2;366,3;Saubara;29;BA;nao metropolitana;mata atlantica;31,87;Af;11433;27,59;97,46;87,68
2929800;Episódico/Epidêmico;Episódico;Melhorou;23,4;74,5;250,8;353,7;338;2,3;325,3;Saúde;29;BA;nao metropolitana;caatinga;544,77;Aw;10482;20,4;78,81;65,3
2929909;Episódico/Epidêmico;Episódico/Epidêmico;Se manteve;21,2;75,1;255;273;350;2,7;257,3;Seabra;29;BA;nao metropolitana;caatinga;1033,06;BSh;49587;4,14;74,31;55,61
2930006;Episódico/Epidêmico;Episódico/Epidêmico;Se manteve;25,4;59,3;242,4;365,3;149,3;3,7;149;Sebastião Laranjeiras;29;BA;nao metropolitana;caatinga;579,48;As;9373;12,71;70,39;46,69
2930105;Epidêmico;Episódico/Epidêmico;Melhorou;23,7;72,6;202,7;358;323,7;1;315,3;Senhor Do Bonfim;29;BA;nao metropolitana;caatinga;498,12;As;77514;55,72;90,06;86,15
2930154;Episódico/Epidêmico;Episódico/Epidêmico;Se manteve;26,3;59,2;276,8;366,3;156,3;4,7;156,3;Serra Do Ramalho;29;BA;nao metropolitana;caatinga;512,25;Aw;34270;2,39;84,93;19,01
2930204;Episódico/Epidêmico;Episódico;Melhorou;26,5;64,5;195,5;366,3;259,7;3;259,7;Sento Sé;29;BA;nao metropolitana;caatinga;565,53;BSh;37389;31,86;83,86;51,58
2930303;Episódico/Epidêmico;Episódico/Epidêmico;Se manteve;24,8;62,3;331,2;366;196;4,7;195,7;Serra Dourada;29;BA;nao metropolitana;caatinga;523,59;Aw;16691;4,93;67,93;40,42
2930402;Episódico/Epidêmico;Episódico;Melhorou;24,6;80,2;266,6;364,7;366,3;0,7;364,7;Serra Preta;29;BA;nao metropolitana;mata atlantica;255,8;As;18090;11,72;59,01;49,57
2930501;Epidêmico;Episódico/Epidêmico;Melhorou;24,8;76,1;231,6;365;362,7;0,7;361,3;Serrinha;29;BA;nao metropolitana;caatinga;320,96;As;85696;51,85;86,89;62,28
2930600;Episódico/Epidêmico;Episódico/Epidêmico;Se manteve;24,2;74,4;235;363;340,3;2,7;337;Serrolândia;29;BA;nao metropolitana;caatinga;437,42;BSh;13320;4,63;88,8;82,79
2930709;Epidêmico;Episódico/Epidêmico;Melhorou;25,3;82,2;486,6;366,3;366,3;2;366,3;Simões Filho;29;BA;metropolitana;mata atlantica;53,71;Af;127093;65,24;95,41;84,13
2930758;Episódico/Epidêmico;Episódico/Epidêmico;Se manteve;26,6;58,9;277,1;366,3;157;4;157;Sítio Do Mato;29;BA;nao metropolitana;caatinga;442,16;As;13408;13,09;74;54,87
2930766;Episódico/Epidêmico;Episódico;Melhorou;24,6;74,7;193,8;365,3;362;0,7;361;Sítio Do Quinto;29;BA;nao metropolitana;caatinga;279,56;As;14778;17,47;72,35;67,18
2930774;Episódico/Epidêmico;Episódico/Epidêmico;Se manteve;26,7;60;112,5;366,3;182,3;1;182,3;Sobradinho;29;BA;nao metropolitana;caatinga;497,94;BSh;24799;74,38;92,41;92
2930808;Episódico/Epidêmico;Episódico/Epidêmico;Se manteve;21,7;72,4;226,8;294;331;3,3;259,3;Souto Soares;29;BA;nao metropolitana;caatinga;885,91;BSh;16904;4,67;87,11;35,81
2930907;Episódico/Epidêmico;Episódico;Melhorou;25,9;60,6;290;366,3;178,7;5,7;178,7;Tabocas Do Brejo Velho;29;BA;nao metropolitana;cerrado;783,1;Aw;11990;6,04;91,83;30,34
2931004;Episódico/Epidêmico;Episódico;Melhorou;24,4;66,8;225,7;362,3;286,7;2;283,3;Tanhaçu;29;BA;nao metropolitana;caatinga;413,53;BSh;21407;12,29;53,56;47,61
2931053;Episódico/Epidêmico;Episódico;Melhorou;23,3;64,8;321,1;352;238,3;5,3;229,3;Tanque Novo;29;BA;nao metropolitana;caatinga;858,8;As;18459;1,97;66,67;45,86
2931103;Episódico/Epidêmico;Episódico/Epidêmico;Se manteve;24,7;78,3;257,2;365;365,3;0,7;364;Tanquinho;29;BA;nao metropolitana;mata atlantica;234,17;As;7729;44,78;77,32;77,86
2931202;Episódico/Epidêmico;Episódico;Melhorou;24,2;84,1;482,5;365,7;366,3;4,3;365,7;Taperoá;29;BA;nao metropolitana;mata atlantica;156,68;Af;18016;28,16;76,19;52,57
2931301;Episódico/Epidêmico;Episódico;Melhorou;22,1;77,9;272,2;305,7;364,3;3;303,7;Tapiramutá;29;BA;nao metropolitana;caatinga;702,31;As;15884;2,48;89,5;77,34
2931350;Epidêmico;Epidêmico;Se manteve;24,4;75,9;345,4;357,7;364,3;5,3;356;Teixeira De Freitas;29;BA;nao metropolitana;mata atlantica;134,67;Am;147454;76,08;96,94;94,62
2931400;Episódico/Epidêmico;Episódico/Epidêmico;Se manteve;24,5;81,1;315,6;365;366,3;1;365;Teodoro Sampaio;29;BA;nao metropolitana;mata atlantica;154,26;Af;7220;23,54;83,33;75,88
2931509;Episódico/Epidêmico;Sem transmissão;Melhorou;25,2;73,1;192;366,3;354;0,3;354;Teofilândia;29;BA;nao metropolitana;caatinga;315,65;As;21811;24,51;70,83;46,55
2931608;Episódico/Epidêmico;Episódico/Epidêmico;Se manteve;22,5;85,5;393,4;325,7;366,3;4,7;325,7;Teolândia;29;BA;nao metropolitana;mata atlantica;280,81;Af;15892;36,2;56,39;38,64
2931707;Episódico/Epidêmico;Episódico/Epidêmico;Se manteve;25,2;80,9;410,6;366,3;366,3;2,3;366,3;Terra Nova;29;BA;nao metropolitana;mata atlantica;110,33;Af;10802;64,45;74,79;87,14
2931806;Episódico/Epidêmico;Episódico/Epidêmico;Se manteve;23,5;67,5;215;349,7;298,3;2;283,7;Tremedal;29;BA;nao metropolitana;caatinga;692,59;BSh;17497;7,89;47,34;26,15
2931905;Episódico/Epidêmico;Episódico/Epidêmico;Se manteve;25,6;72,4;169,8;366,3;357,7;0,3;357,7;Tucano;29;BA;nao metropolitana;caatinga;291,66;As;48062;46,47;80,51;58,03
2932002;Episódico/Epidêmico;Episódico/Epidêmico;Se manteve;25,6;65,3;130;366,3;246,7;1;246,7;Uauá;29;BA;nao metropolitana;caatinga;483,58;BSh;24654;2,66;51,79;50,37
2932101;Episódico/Epidêmico;Episódico;Melhorou;21,7;83,7;309,4;289,3;366,3;3;289,3;Ubaíra;29;BA;nao metropolitana;mata atlantica;576,2;Aw;18605;37,68;69,9;53,89
2932200;Episódico;Episódico/Epidêmico;Piorou;23,5;84,9;424,8;360;366,3;3,3;360;Ubaitaba;29;BA;nao metropolitana;mata atlantica;126,02;Af;17626;67,07;87,43;83,92
2932309;Episódico/Epidêmico;Episódico;Melhorou;23,5;84,9;424,8;360;366,3;3,3;360;Ubatã;29;BA;nao metropolitana;mata atlantica;268,55;Af;18161;57,77;90,8;74,5
2932408;Episódico/Epidêmico;Episódico/Epidêmico;Se manteve;23,9;64,2;248,8;364,3;244;4,7;242;Uibaí;29;BA;nao metropolitana;caatinga;748,45;BSh;14844;2,02;93,04;90,76
2932457;Episódico/Epidêmico;Episódico;Melhorou;23,9;67,9;159,3;363;300;2;296,7;Umburanas;29;BA;nao metropolitana;caatinga;790,49;BSh;13511;6,49;56,72;50,15
2932507;Episódico/Epidêmico;Epidêmico;Piorou;24;83,8;500,8;364;366,3;5,3;364;Una;29;BA;nao metropolitana;mata atlantica;121,54;Af;17998;26,52;77,75;63,41
2932606;Episódico;Episódico/Epidêmico;Piorou;24,3;61,6;229,8;361;188;3;187;Urandi;29;BA;nao metropolitana;caatinga;726,3;As;15365;8,18;79,92;49,69
2932705;Episódico/Epidêmico;Episódico/Epidêmico;Se manteve;23,4;85;438,5;359;366,3;4,3;359;Uruçuca;29;BA;nao metropolitana;mata atlantica;154,62;Af;21365;65,94;90,07;74,64
2932804;Episódico/Epidêmico;Episódico/Epidêmico;Se manteve;22,1;76,8;283,6;307,7;362,3;3;303,7;Utinga;29;BA;nao metropolitana;caatinga;691,07;BSh;16285;2,34;86,14;76,74
2932903;Episódico/Epidêmico;Episódico/Epidêmico;Se manteve;24,2;83,9;477,2;365,7;366,3;3;365,7;Valença;29;BA;nao metropolitana;mata atlantica;142,85;Af;96226;61,44;85,18;73,46
2933000;Episódico/Epidêmico;Episódico/Epidêmico;Se manteve;25,3;71,6;186,5;366;317,3;0,7;317;Valente;29;BA;nao metropolitana;caatinga;357,18;BSh;23683;47,06;83,26;81,44
2933059;Episódico/Epidêmico;Episódico;Melhorou;23,5;76;256,3;355,3;353;2,3;342;Várzea Da Roça;29;BA;nao metropolitana;caatinga;410,7;As;13043;19,18;72,34;69,92
2933109;Episódico/Epidêmico;Episódico;Melhorou;23,5;76;256,3;355,3;353;2,3;342;Várzea Do Poço;29;BA;nao metropolitana;caatinga;463,93;As;8115;19,96;84,31;84,7
2933158;Episódico/Epidêmico;Episódico/Epidêmico;Se manteve;22,3;73;194,1;318,7;337,7;1,7;290;Várzea Nova;29;BA;nao metropolitana;caatinga;717,07;BSh;13369;34,75;68,79;73,82
2933174;Episódico/Epidêmico;Episódico;Melhorou;23,8;82,4;311,1;362,7;366,3;2,3;362,7;Varzedo;29;BA;nao metropolitana;mata atlantica;259,59;Aw;9913;28,22;71,71;36,64
2933208;Epidêmico;Episódico/Epidêmico;Melhorou;25,6;79,6;419,2;366,3;365,7;3;365,7;Vera Cruz;29;BA;metropolitana;mata atlantica;13,51;Af;40915;25,36;95,28;81,82
2933257;Episódico;Episódico/Epidêmico;Piorou;24,2;76;340,1;353;364,7;5,7;351,7;Vereda;29;BA;nao metropolitana;mata atlantica;255,71;Am;7072;29,8;89,65;60,52
2933307;Epidêmico;Epidêmico;Se manteve;21,8;74,7;278,3;285;353,7;1,3;273;Vitória Da Conquista;29;BA;metropolitana;mata atlantica;812,61;Cfa;387524;59,75;91,63;89,12
2933406;Episódico/Epidêmico;Episódico/Epidêmico;Se manteve;22,4;74,8;267,4;320;358;3;311,7;Wagner;29;BA;nao metropolitana;caatinga;559,61;Aw;8861;1,09;84,19;74,19
2933455;Episódico/Epidêmico;Episódico/Epidêmico;Se manteve;25,3;60,9;301,9;366,3;187,3;4;187,3;Wanderley;29;BA;nao metropolitana;caatinga;494,46;Aw;13071;1,34;78,3;50,2
2933505;Episódico/Epidêmico;Episódico;Melhorou;23,3;85,6;428,4;358,3;366,3;5,7;358,3;Wenceslau Guimarães;29;BA;nao metropolitana;mata atlantica;332,04;Af;26279;28,15;66,89;47,4
2933604;Episódico/Epidêmico;Episódico/Epidêmico;Se manteve;27,2;57,2;199,7;366,3;133,7;3;133,7;Xique-Xique;29;BA;nao metropolitana;caatinga;452,01;BSh;46328;37,84;85,08;68,82
3100104;Episódico/Epidêmico;Episódico/Epidêmico;Se manteve;22,5;63,8;345,2;315,3;219;4,3;205,7;Abadia Dos Dourados;31;MG;nao metropolitana;cerrado;775,81;Aw;6235;61,1;88,5;64,31
3100203;Episódico/Epidêmico;Episódico/Epidêmico;Se manteve;23,2;65,1;388,4;322,7;238,3;5,7;221;Abaeté;31;MG;nao metropolitana;cerrado;643,71;Aw;22492;84,67;98,4;86,58
3100302;Episódico/Epidêmico;Episódico/Epidêmico;Se manteve;21,7;71,8;369,8;269,3;339;5;246;Abre Campo;31;MG;nao metropolitana;mata atlantica;683,01;Cwa;13882;50,36;90,91;56,03
3100401;Episódico;Episódico;Se manteve;20,1;75,8;584,9;202;353;8,3;192,7;Acaiaca;31;MG;nao metropolitana;mata atlantica;620,31;Cwa;3920;63,52;89,06;71,29
3100500;Episódico/Epidêmico;Episódico/Epidêmico;Se manteve;22,3;72,6;458,3;290,7;337,7;8,7;265,7;Açucena;31;MG;nao metropolitana;mata atlantica;495,95;Aw;9229;44,93;78,01;26,39
3100609;Episódico/Epidêmico;Episódico/Epidêmico;Se manteve;21,8;72,8;385,3;270,7;339;5,3;245,3;Água Boa;31;MG;nao metropolitana;mata atlantica;520,71;Aw;12390;52,64;82,45;41,06
3100708;Episódico/Epidêmico;Episódico/Epidêmico;Se manteve;24,1;63,5;329,7;339,3;229,3;4;213;Água Comprida;31;MG;nao metropolitana;mata atlantica;562,82;Aw;2085;83,08;97,32;81,52
3100807;Episódico/Epidêmico;Episódico/Epidêmico;Se manteve;21;70,5;406,9;247;310;5;205,7;Aguanil;31;MG;nao metropolitana;mata atlantica;838,6;Cwb;4362;66,37;90,32;79,3
3100906;Episódico/Epidêmico;Episódico/Epidêmico;Se manteve;22,8;73,7;352;305;343,3;4,7;282,7;Águas Formosas;31;MG;nao metropolitana;mata atlantica;429,6;Aw;18430;72,38;90,41;76,08
3101003;Episódico;Episódico;Se manteve;22,1;71,7;270,5;295;338,3;3;269,3;Águas Vermelhas;31;MG;nao metropolitana;mata atlantica;826,73;Cwa;14026;37,07;90,51;74,43
3101102;Epidêmico;Episódico/Epidêmico;Melhorou;23,7;71,6;323,3;337,3;354,3;6;328;Aimorés;31;MG;nao metropolitana;mata atlantica;299,53;Aw;24934;80,68;95,45;76,34
3101201;Episódico;Sem transmissão;Melhorou;18,5;79,2;677,5;132;358,3;8,3;128;Aiuruoca;31;MG;nao metropolitana;mata atlantica;1264,65;Cwb;6225;45,95;70,74;65,19
3101300;Episódico;Sem transmissão;Melhorou;17,6;78,3;696,6;81,7;354;7,7;77,3;Alagoa;31;MG;nao metropolitana;mata atlantica;1505,91;Cwb;2646;49,54;71,01;72,05
3101409;Episódico;Sem transmissão;Melhorou;19,3;71,9;472,4;172,3;316,3;4,7;147,7;Albertina;31;MG;nao metropolitana;mata atlantica;1115,97;Cwb;2941;70,72;94,43;85,3
3101508;Episódico/Epidêmico;Episódico/Epidêmico;Se manteve;21,4;77,3;477,7;254,7;363,3;8,7;253;Além Paraíba;31;MG;nao metropolitana;mata atlantica;346,45;Cwa;30608;80,58;97,92;94,58
3101607;Epidêmico;Epidêmico;Se manteve;21;71,4;413,8;247;318,7;3,3;211,7;Alfenas;31;MG;nao metropolitana;mata atlantica;817,42;Cwb;79175;94,88;98,89;96,87
3101631;Episódico;Episódico;Se manteve;19,4;78,3;589,6;171,7;356,7;9,3;166;Alfredo Vasconcelos;31;MG;nao metropolitana;mata atlantica;1139,14;Cwb;6938;61,82;89,1;83,04
3101706;Episódico/Epidêmico;Episódico/Epidêmico;Se manteve;23,2;74,7;337,4;337,7;362,7;5,3;334,3;Almenara;31;MG;nao metropolitana;mata atlantica;488,58;As;39915;76,68;87,57;78,13
3101805;Episódico;Episódico;Se manteve;24,6;68,1;309;355,7;314,7;6,3;306,7;Alpercata;31;MG;nao metropolitana;mata atlantica;223,21;Aw;6403;74,35;96,7;66,88
3101904;Episódico/Epidêmico;Episódico/Epidêmico;Se manteve;20,7;70,9;455,1;240,7;301,3;5,3;195,3;Alpinópolis;31;MG;nao metropolitana;cerrado;890,27;Cwb;17883;81,71;93,35;88,59
3102001;Episódico/Epidêmico;Episódico/Epidêmico;Se manteve;20,9;72,6;482,7;240,3;323,3;6;207,7;Alterosa;31;MG;nao metropolitana;mata atlantica;836,7;Cwb;13697;74,27;93,6;77,17
3102050;Episódico;Episódico;Se manteve;20,6;77,1;466,7;217;360;8;211,7;Alto Caparaó;31;MG;nao metropolitana;mata atlantica;1367,41;Cwb;5796;66,12;92,1;88,26
3102100;Episódico;Episódico;Se manteve;19,5;77,8;554;177;355,3;7,7;170,7;Alto Rio Doce;31;MG;nao metropolitana;mata atlantica;784,39;Cwb;10894;38,57;81,48;48,72
3102209;Episódico/Epidêmico;Episódico/Epidêmico;Se manteve;23,2;71,8;346,9;323;346,3;5,7;306,3;Alvarenga;31;MG;nao metropolitana;mata atlantica;585,48;Cwa;3858;52,21;76,53;50
3102308;Episódico/Epidêmico;Episódico/Epidêmico;Se manteve;21,4;73,2;441,9;256,7;346,3;6,7;240,7;Alvinópolis;31;MG;nao metropolitana;mata atlantica;738;Cwa;15178;75,19;85,1;73,27
3102407;Episódico;Episódico;Se manteve;21,3;73,4;405,8;255;337,3;6;230,7;Alvorada De Minas;31;MG;nao metropolitana;mata atlantica;729,43;Cwa;4065;35,82;68,12;39,96
3102506;Episódico;Episódico;Se manteve;21,4;73,2;373;255,7;344,3;4,7;237;Amparo Do Serra;31;MG;nao metropolitana;mata atlantica;657,14;Cwa;4472;48,5;82,88;48,77
3102605;Episódico/Epidêmico;Episódico/Epidêmico;Se manteve;20,2;69,8;453,4;219;295,3;4,7;175;Andradas;31;MG;nao metropolitana;mata atlantica;1093,43;Cwb;40522;80,03;94,2;92,71
3102704;Episódico/Epidêmico;Episódico/Epidêmico;Se manteve;22;72,2;291,1;289,7;342,3;3,7;267,7;Cachoeira De Pajeú;31;MG;nao metropolitana;mata atlantica;814;Cwa;9020;26,7;62,09;54,69
3102803;Episódico/Epidêmico;Episódico;Melhorou;18,7;78,5;529,1;141,3;355,3;5,7;135;Andrelândia;31;MG;nao metropolitana;mata atlantica;1081,59;Cwb;11730;79,84;92,14;81,08
3102852;Episódico;Episódico;Se manteve;22,1;73,1;365;285;341,7;5,3;261;Angelândia;31;MG;nao metropolitana;mata atlantica;959,16;Cwb;7730;42,74;88,12;48,47
3102902;Episódico;Episódico/Epidêmico;Piorou;19;77,7;506,1;155;353,7;6,7;147;Antônio Carlos;31;MG;nao metropolitana;mata atlantica;1090,19;Cwb;11095;64,87;93,19;78,59
3103009;Episódico/Epidêmico;Episódico/Epidêmico;Se manteve;23;71,1;445;316,7;325;9;279,3;Antônio Dias;31;MG;nao metropolitana;mata atlantica;760,59;Cwb;9248;52,16;70,6;49,09
3103108;Episódico;Episódico;Se manteve;22,6;75,5;466,7;292;358,3;6,7;284,7;Antônio Prado De Minas;31;MG;nao metropolitana;mata atlantica;402,6;Cwa;1537;80,03;86,51;71,58
3103207;Episódico;Episódico;Se manteve;22,6;65,1;304,1;304;255;4;213,3;Araçaí;31;MG;nao metropolitana;cerrado;728,18;Cwa;2174;50,49;91,66;77,33
3103306;Episódico;Episódico;Se manteve;20,5;77,4;580,4;215;357,3;10,3;208,7;Aracitaba;31;MG;nao metropolitana;mata atlantica;735,19;Cwa;1804;66,43;91,85;82,86
3103405;Epidêmico;Epidêmico;Se manteve;24,4;63,7;232,7;350,3;241;2,3;229,3;Araçuaí;31;MG;nao metropolitana;mata atlantica;533,54;As;34807;38,89;75,35;65,54
3103504;Epidêmico;Epidêmico;Se manteve;23;64,2;305;326,7;225,3;1,7;209,7;Araguari;31;MG;nao metropolitana;cerrado;762,8;Aw;121424;84,53;98,89;93,49
3103603;Episódico;Sem transmissão;Melhorou;19,4;78,7;591,9;170,3;358;6,7;165;Arantina;31;MG;nao metropolitana;mata atlantica;1143,49;Cwb;2916;80,47;97,21;93,24
3103702;Episódico;Episódico;Se manteve;20,8;76,9;534,8;226;358;8,3;219,3;Araponga;31;MG;nao metropolitana;mata atlantica;1075,21;Cwb;8048;31,84;71,95;48,71
3103751;Episódico/Epidêmico;Epidêmico;Piorou;24,6;62,3;307;356,7;208;1,7;202,3;Araporã;31;MG;nao metropolitana;mata atlantica;520,53;Aw;8543;94,49;100;96,16
3103801;Episódico;Episódico;Se manteve;21,3;66,4;410,8;274,3;251,7;4;202,3;Arapuá;31;MG;nao metropolitana;cerrado;957,2;Cwb;2621;72,38;90,25;74,52
3103900;Episódico/Epidêmico;Episódico/Epidêmico;Se manteve;22,1;67;442,9;291;266,3;8,7;219,7;Araújos;31;MG;nao metropolitana;cerrado;800,24;Cwa;9192;84,58;93,9;92,06
3104007;Epidêmico;Epidêmico;Se manteve;20,9;67,3;418,5;248,7;256,3;4;184,3;Araxá;31;MG;nao metropolitana;cerrado;1033,74;Cwb;116561;96,73;99,05;98,26
3104106;Episódico/Epidêmico;Episódico/Epidêmico;Se manteve;21,8;67,4;389,9;270,3;270,7;2,7;200,3;Arceburgo;31;MG;nao metropolitana;mata atlantica;696,87;Cwa;9278;88,41;98,44;90,08
3104205;Episódico/Epidêmico;Epidêmico;Piorou;21,7;68,8;398,1;276,7;287,7;4,7;219,7;Arcos;31;MG;nao metropolitana;cerrado;757,36;Cwa;41635;95,48;97,04;94,99
3104304;Episódico/Epidêmico;Episódico;Melhorou;20,3;72,3;484,6;220,3;315;4,3;185;Areado;31;MG;nao metropolitana;mata atlantica;829,62;Cwb;13752;87,82;93,31;85,78
3104403;Episódico;Episódico/Epidêmico;Piorou;21,8;77;541,6;268,3;362,3;8;266;Argirita;31;MG;nao metropolitana;mata atlantica;485,84;Cwa;2717;68,84;94,98;79,62
3104452;Episódico;Episódico;Se manteve;21,3;72,8;377;254,3;336,3;4,7;228,7;Aricanduva;31;MG;nao metropolitana;mata atlantica;870,77;Cwb;4721;42,95;75,45;33,64
3104502;Episódico/Epidêmico;Epidêmico;Piorou;24,4;61,3;291,6;356;187,7;3,3;187,3;Arinos;31;MG;nao metropolitana;cerrado;631,81;Aw;18526;26,28;79,14;61,04
3104601;Episódico/Epidêmico;Episódico/Epidêmico;Se manteve;22,1;75,9;457,9;279;358,3;7;272,3;Astolfo Dutra;31;MG;nao metropolitana;mata atlantica;475,32;Cwa;14239;41,54;96,21;91,53
3104700;Episódico/Epidêmico;Episódico;Melhorou;23,6;72,6;307,6;339;349,7;5;324;Ataléia;31;MG;nao metropolitana;mata atlantica;362,46;Aw;13744;50,61;83,47;51,69
3104809;Episódico/Epidêmico;Episódico;Melhorou;22,7;64,6;333,8;310,3;242,3;2,7;214,7;Augusto De Lima;31;MG;nao metropolitana;cerrado;748,79;Aw;4507;19,01;66,66;64,46
3104908;Episódico/Epidêmico;Episódico/Epidêmico;Se manteve;19;73,8;410,7;159,7;339,3;4,3;146,7;Baependi;31;MG;nao metropolitana;mata atlantica;1210,44;Cwb;18261;80,23;86,83;77,36
3105004;Episódico/Epidêmico;Episódico;Melhorou;22,2;66,6;347,9;293;274,7;5,7;219;Baldim;31;MG;metropolitana;cerrado;775,56;Cwa;7336;55,33;92,09;74,56
3105103;Episódico/Epidêmico;Episódico;Melhorou;21,5;68,7;472,3;272;276,7;7;212,7;Bambuí;31;MG;nao metropolitana;cerrado;739,19;Cwa;23545;87,11;96,45;86,22
3105202;Episódico/Epidêmico;Episódico;Melhorou;23,9;74;319,7;354,3;362,3;6;350,7;Bandeira;31;MG;nao metropolitana;mata atlantica;443,66;As;4606;49,57;79,3;52,48
3105301;Episódico;Episódico;Se manteve;19,7;72,7;473,6;192,3;316,7;2,7;164;Bandeira Do Sul;31;MG;nao metropolitana;mata atlantica;1009,55;Cwb;5968;87,63;95,43;95,89
3105400;Episódico/Epidêmico;Epidêmico;Piorou;20,4;74,7;476,6;217;348,3;7,3;204,3;Barão De Cocais;31;MG;metropolitana;mata atlantica;885,46;Cwb;30643;84,84;91,22;95,69
3105509;Episódico;Episódico;Se manteve;22,6;75,5;466,7;292;358,3;6,7;284,7;Barão De Monte Alto;31;MG;nao metropolitana;mata atlantica;330,11;Aw;4965;78,3;97,06;82,66
3105608;Episódico/Epidêmico;Episódico/Epidêmico;Se manteve;19,4;78,3;589,6;171,7;356,7;9,3;166;Barbacena;31;MG;nao metropolitana;mata atlantica;1099,9;Cwb;122894;88,29;97,16;93,38
3105707;Episódico;Episódico;Se manteve;21,4;73;436,1;259;346;5,3;242,7;Barra Longa;31;MG;nao metropolitana;mata atlantica;567,31;Cwa;5678;62,39;73,72;49,36
3105905;Episódico/Epidêmico;Episódico/Epidêmico;Se manteve;19,2;77;497,4;163,7;351;6;154,7;Barroso;31;MG;nao metropolitana;mata atlantica;995,07;Cwb;19802;88,46;99,17;97,92
3106002;Episódico/Epidêmico;Episódico/Epidêmico;Se manteve;21,1;73,7;439,6;249;347;7;233,7;Bela Vista De Minas;31;MG;nao metropolitana;mata atlantica;755,65;Cwa;9505;86,78;94,47;94,91
3106101;Episódico;Episódico;Se manteve;20,8;77,5;546,4;227;359;8;221;Belmiro Braga;31;MG;nao metropolitana;mata atlantica;577,91;Cwa;2905;47,55;85,07;81,02
3106200;Transmissão Persistente;Transmissão Persistente;Se manteve;20,5;71,4;391,8;231;322,3;6;202,3;Belo Horizonte;31;MG;metropolitana;mata atlantica;909,06;Cwb;2392678;96,57;99,84;99,5
3106309;Episódico/Epidêmico;Episódico/Epidêmico;Se manteve;23,4;70,7;387,7;328,7;329,3;7,7;294,3;Belo Oriente;31;MG;nao metropolitana;mata atlantica;301,11;Aw;22149;75,89;94,78;86,06
3106408;Episódico/Epidêmico;Episódico/Epidêmico;Se manteve;19,4;75,8;479,2;175,3;346;5,3;164;Belo Vale;31;MG;metropolitana;mata atlantica;958,87;Cwb;8632;50,26;62,57;49,25
3106507;Episódico;Episódico/Epidêmico;Piorou;24;65,2;261,1;342,7;260;2,3;242,3;Berilo;31;MG;nao metropolitana;cerrado;577,47;As;9615;30,55;47,91;37,36
3106606;Episódico;Episódico;Se manteve;24;71,5;284,2;342,3;337;3;313,3;Bertópolis;31;MG;nao metropolitana;mata atlantica;365,44;Aw;4457;36,63;77,05;60,07
3106655;Episódico;Episódico;Se manteve;22,2;69,5;266,6;305,3;313,7;2,7;257,3;Berizal;31;MG;nao metropolitana;mata atlantica;836,43;As;4191;16,32;68,88;62,72
3106705;Transmissão Persistente;Epidêmico;Melhorou;21,1;69,9;408,2;253,7;307,3;7,3;211;Betim;31;MG;metropolitana;mata atlantica;819,76;Cwb;428956;86,27;99,03;98,52
3106804;Sem transmissão;Sem transmissão;Se manteve;19;78,1;520,5;157,7;356;6;151,3;Bias Fortes;31;MG;nao metropolitana;mata atlantica;898,83;Cwb;3357;37,44;81,6;66,78
3106903;Episódico/Epidêmico;Episódico/Epidêmico;Se manteve;21,1;78,1;540,8;239;363,7;9;237,7;Bicas;31;MG;nao metropolitana;mata atlantica;617,36;Cwa;13935;93,23;99,44;95,38
3107000;Episódico/Epidêmico;Episódico/Epidêmico;Se manteve;22,7;65,9;414;311,7;246,3;6;222,3;Biquinhas;31;MG;nao metropolitana;cerrado;688,94;Aw;2356;1,43;98,15;62,13
3107109;Episódico/Epidêmico;Episódico/Epidêmico;Se manteve;21;71,4;431,1;248;320,3;5,7;213;Boa Esperança;31;MG;nao metropolitana;cerrado;845,59;Cwb;41060;89,31;97,93;89,57
3107208;Sem transmissão;Sem transmissão;Se manteve;18,5;79,2;677,5;132;358,3;8,3;128;Bocaina De Minas;31;MG;nao metropolitana;mata atlantica;1347,5;Cwb;5316;44,71;72,8;76,05
3107307;Epidêmico;Epidêmico;Se manteve;22,5;65,1;313,6;309,7;254;2,7;217;Bocaiúva;31;MG;nao metropolitana;cerrado;826,72;Aw;50185;76,12;83,55;76,66
3107406;Epidêmico;Epidêmico;Se manteve;22,1;67;442,9;291;266,3;8,7;219,7;Bom Despacho;31;MG;nao metropolitana;cerrado;708,22;Cwa;53750;92,15;98,64;93,47
3107505;Episódico;Episódico;Se manteve;18,7;78,5;529,1;141,3;355,3;5,7;135;Bom Jardim De Minas;31;MG;nao metropolitana;mata atlantica;1173,68;Cwb;6771;83,54;94,68;86,52
3107604;Episódico;Episódico/Epidêmico;Piorou;20,3;71,6;528,2;222,7;305;5;183;Bom Jesus Da Penha;31;MG;nao metropolitana;mata atlantica;1026,65;Cwb;4479;80,35;96,54;83,13
3107703;Episódico;Episódico;Se manteve;20,5;74;481,6;226,7;344,7;8;211;Bom Jesus Do Amparo;31;MG;metropolitana;cerrado;766,92;Cwa;5592;58,45;74,96;70,9
3107802;Episódico;Episódico;Se manteve;22,8;71,2;361,5;305,3;331,7;7;275,3;Bom Jesus Do Galho;31;MG;nao metropolitana;mata atlantica;461,57;Cwa;14668;55,78;91,93;61,3
3107901;Episódico;Episódico;Se manteve;18,9;73,6;510,7;148,3;326,3;4,7;130,7;Bom Repouso;31;MG;nao metropolitana;mata atlantica;1375,16;Cwb;12645;56,57;73,92;87,7
3108008;Episódico/Epidêmico;Episódico;Melhorou;20,4;71,2;404,6;223,3;319;5;193,3;Bom Sucesso;31;MG;nao metropolitana;mata atlantica;938,92;Cwb;18045;87,84;96,33;85,23
3108107;Episódico;Episódico/Epidêmico;Piorou;20,4;71,5;443,6;225,3;319;7;195,7;Bonfim;31;MG;metropolitana;mata atlantica;924,68;Cwb;7377;39,58;87,55;60,72
3108206;Episódico/Epidêmico;Episódico;Melhorou;23,4;63;407,9;340,3;208;5;204,3;Bonfinópolis De Minas;31;MG;nao metropolitana;cerrado;816,59;Aw;5729;67,04;81,71;72,16
3108255;Episódico;Episódico/Epidêmico;Piorou;24,4;60,8;306,8;360,3;180;5,3;180;Bonito De Minas;31;MG;nao metropolitana;cerrado;717,21;Aw;9917;0,62;40,62;23,64
3108305;Episódico;Episódico/Epidêmico;Piorou;19,3;71,9;472,4;172,3;316,3;4,7;147,7;Borda Da Mata;31;MG;nao metropolitana;mata atlantica;961,34;Cfb;17581;85,34;96,13;89,45
3108404;Episódico;Episódico/Epidêmico;Piorou;19,7;72,7;473,6;192,3;316,7;2,7;164;Botelhos;31;MG;nao metropolitana;mata atlantica;970,29;Cwb;14703;80,06;94,05;90,97
3108503;Episódico;Episódico;Se manteve;21,6;68,7;367,1;279;294;7;221;Botumirim;31;MG;nao metropolitana;cerrado;820,5;Cwa;5760;16,74;80,32;44,08
3108552;Episódico/Epidêmico;Episódico/Epidêmico;Se manteve;24,3;61,4;319,1;352,7;191,7;4,3;189,7;Brasilândia De Minas;31;MG;nao metropolitana;cerrado;601,26;Aw;14696;22,06;95,15;84,34
3108602;Episódico/Epidêmico;Episódico/Epidêmico;Se manteve;23,6;61,6;315,3;348,7;190,3;3,3;188,7;Brasília De Minas;31;MG;nao metropolitana;cerrado;761,18;As;31246;53,55;74,17;56,92
3108701;Episódico;Episódico;Se manteve;20,3;76,5;506,2;209,7;353,3;7,3;200;Brás Pires;31;MG;nao metropolitana;mata atlantica;739,05;Cwa;4258;51,75;82,52;57,78
3108800;Episódico/Epidêmico;Episódico/Epidêmico;Se manteve;21,8;72,9;435,2;276,3;338;7;252;Braúnas;31;MG;nao metropolitana;mata atlantica;611,07;Cwa;4443;33,01;75,61;37
3108909;Episódico/Epidêmico;Episódico/Epidêmico;Se manteve;18,8;76,6;645,6;143;344;8,3;132;Brazópolis;31;MG;nao metropolitana;mata atlantica;1062,86;Cwb;13981;65,41;83,75;87,15
3109006;Epidêmico;Epidêmico;Se manteve;20,4;71,7;425,4;224,3;323;7,7;197,3;Brumadinho;31;MG;metropolitana;mata atlantica;900,81;Cwb;38640;65,21;82,7;95,92
3109105;Episódico;Episódico;Se manteve;18,2;75,5;557,9;115,7;336;5,7;103,7;Bueno Brandão;31;MG;nao metropolitana;mata atlantica;1227,71;Cwb;10761;58,57;77,65;73,85
3109204;Episódico/Epidêmico;Episódico;Melhorou;22,1;66,2;369,5;294;267,3;3,3;218,7;Buenópolis;31;MG;nao metropolitana;cerrado;910,53;Cwb;9058;32,14;78,9;74,78
3109253;Episódico;Episódico/Epidêmico;Piorou;22,3;72,4;387,9;290,3;348;6;275;Bugre;31;MG;nao metropolitana;mata atlantica;334,37;Aw;4041;9,03;95,73;57,26
3109303;Episódico/Epidêmico;Epidêmico;Piorou;23;64,4;315,4;326;227;2,7;211,3;Buritis;31;MG;metropolitana;cerrado;812,05;Aw;25223;26,05;82,61;71,46
3109402;Episódico/Epidêmico;Episódico/Epidêmico;Se manteve;23,7;62,1;353,7;342,3;197,3;3,3;194,3;Buritizeiro;31;MG;nao metropolitana;cerrado;658,11;Aw;23687;4,62;93,06;77,68
3109451;Episódico/Epidêmico;Episódico/Epidêmico;Se manteve;22,5;65,3;363,7;321;238,3;3,3;219,7;Cabeceira Grande;31;MG;nao metropolitana;cerrado;828,56;Aw;6485;10,22;92,97;82,24
3109501;Episódico;Episódico;Se manteve;20,3;72,3;484,6;220,3;315;4,3;185;Cabo Verde;31;MG;nao metropolitana;mata atlantica;927,21;Cwb;11276;69,49;86,18;83,8
3109600;Episódico/Epidêmico;Episódico/Epidêmico;Se manteve;22,2;66,5;366,1;294,7;264,7;5,7;221;Cachoeira Da Prata;31;MG;nao metropolitana;cerrado;746,38;Cwa;3707;96,06;98,92;98,39
3109709;Episódico/Epidêmico;Episódico/Epidêmico;Se manteve;19,3;72,8;442,5;174;325,3;3,7;153;Cachoeira De Minas;31;MG;nao metropolitana;mata atlantica;916,06;Cwb;11759;74,01;88,07;90,31
3109808;Episódico/Epidêmico;Episódico/Epidêmico;Se manteve;25,1;59,9;296,8;355;188,7;1,3;182;Cachoeira Dourada;31;MG;nao metropolitana;mata atlantica;485,62;Aw;2310;88,48;97,57;90,26
3109907;Episódico/Epidêmico;Epidêmico;Piorou;22,5;65,5;354,5;304;250;4,3;215,7;Caetanópolis;31;MG;nao metropolitana;cerrado;774,18;Cwa;11425;70,87;90,43;77,14
3110004;Episódico/Epidêmico;Episódico/Epidêmico;Se manteve;20;73,9;443,5;206,3;341;5,3;189,7;Caeté;31;MG;metropolitana;mata atlantica;1052,38;Cwb;39578;83,06;95,44;88,22
3110103;Episódico;Episódico;Se manteve;20,2;76,9;462,6;205,3;359,7;6,3;200,3;Caiana;31;MG;nao metropolitana;mata atlantica;811,39;Cwb;5307;57,12;87,48;62,2
3110202;Episódico;Episódico/Epidêmico;Piorou;21;75,6;443,1;241,7;353,7;6,7;232;Cajuri;31;MG;nao metropolitana;mata atlantica;761,99;Cwb;4080;75,82;97,66;70,22
3110301;Episódico;Episódico/Epidêmico;Piorou;18,8;73,8;575,2;143;322,3;5,3;122,7;Caldas;31;MG;nao metropolitana;mata atlantica;1189,12;Cwb;15082;64,63;79,75;71,86
3110400;Episódico;Episódico;Se manteve;20,7;70,1;480,6;237;303,7;7,3;194,3;Camacho;31;MG;nao metropolitana;mata atlantica;1016,7;Cwb;3028;73,58;86,54;52,73
3110509;Episódico;Episódico;Se manteve;18,8;75,9;507,1;153,3;341,3;5;139,7;Camanducaia;31;MG;nao metropolitana;mata atlantica;1382,46;Cwb;27942;66,14;84,63;95,33
3110608;Episódico/Epidêmico;Episódico;Melhorou;18,2;75,5;557,9;115,7;336;5,7;103,7;Cambuí;31;MG;nao metropolitana;mata atlantica;1042,5;Cwb;29584;85,37;94,08;97,6
3110707;Episódico/Epidêmico;Episódico;Melhorou;19,9;72,7;445,7;201,3;333,3;2,7;182,3;Cambuquira;31;MG;nao metropolitana;mata atlantica;945,65;Cwb;12309;79,05;94,13;86,47
3110806;Episódico/Epidêmico;Episódico;Melhorou;23,3;71,4;310,1;330,3;338,3;5,3;303,7;Campanário;31;MG;nao metropolitana;mata atlantica;354,06;Aw;2737;65,22;94,78;73,33
3110905;Episódico/Epidêmico;Episódico/Epidêmico;Se manteve;20,1;72,2;426,7;210;324,7;2;185;Campanha;31;MG;nao metropolitana;mata atlantica;979,05;Cwb;15856;81,23;95,9;87,93
3111002;Episódico;Episódico;Se manteve;20,1;72,1;438,9;211,3;317;3,3;181,3;Campestre;31;MG;nao metropolitana;mata atlantica;1092,1;Cwb;21585;59,54;83,4;71,97
3111101;Episódico/Epidêmico;Episódico/Epidêmico;Se manteve;24,4;61,8;326,8;341;204,7;2,7;189,3;Campina Verde;31;MG;nao metropolitana;cerrado;521,89;Aw;17817;78,12;96,65;77,35
3111150;Episódico/Epidêmico;Episódico/Epidêmico;Se manteve;24,5;60,7;284,5;359,3;182;3,7;181,7;Campo Azul;31;MG;nao metropolitana;cerrado;623,2;As;3615;15,1;68,83;45,2
3111200;Episódico/Epidêmico;Episódico/Epidêmico;Se manteve;20,7;70,6;404,5;233,3;314,7;4;197,7;Campo Belo;31;MG;nao metropolitana;mata atlantica;858,8;Cwb;52318;94,42;97,82;96,06
3111309;Episódico/Epidêmico;Episódico;Melhorou;21,1;72,2;444;249,3;325;3,7;215,7;Campo Do Meio;31;MG;nao metropolitana;cerrado;818,82;Cwa;11268;88,33;98,15;88,95
3111408;Episódico/Epidêmico;Episódico/Epidêmico;Se manteve;23,9;62,9;343,4;336;222,7;2,7;205;Campo Florido;31;MG;nao metropolitana;cerrado;645,8;Aw;8181;72,16;96,22;75,07
3111507;Episódico/Epidêmico;Episódico/Epidêmico;Se manteve;20,9;68,4;497,2;248;269,7;6,7;191;Campos Altos;31;MG;nao metropolitana;cerrado;1069,38;Cwb;13359;92,34;97,83;90,75
3111606;Episódico/Epidêmico;Episódico/Epidêmico;Se manteve;20,9;70,5;413,3;244;309,7;4,3;204,7;Campos Gerais;31;MG;nao metropolitana;cerrado;844,64;Cwb;25972;74;95,86;71,74
3111705;Episódico;Episódico;Se manteve;20,8;76,9;534,8;226;358;8,3;219,3;Canaã;31;MG;nao metropolitana;mata atlantica;724,97;Cwa;4715;41,18;88,38;46,85
3111804;Episódico/Epidêmico;Episódico/Epidêmico;Se manteve;24,5;60,9;288,1;354;194;1,3;186,3;Canápolis;31;MG;nao metropolitana;cerrado;613,91;Aw;9844;89,42;97,53;89,85
3111903;Episódico/Epidêmico;Episódico/Epidêmico;Se manteve;20,9;70,6;419,1;242,7;313,7;6,3;204;Cana Verde;31;MG;nao metropolitana;mata atlantica;832,16;Cwb;5272;76,32;96,31;86,92
3112000;Episódico/Epidêmico;Episódico/Epidêmico;Se manteve;21;70,5;406,9;247;310;5;205,7;Candeias;31;MG;nao metropolitana;mata atlantica;933,52;Cwb;14017;73,86;92,75;72,82
3112059;Episódico;Episódico;Se manteve;21,5;73,2;405,4;263,7;343;6;244,7;Cantagalo;31;MG;nao metropolitana;mata atlantica;703,09;Cwa;3937;50,88;90,22;51,47
3112109;Episódico;Episódico;Se manteve;20,1;76,4;470,5;202,3;358;8;196,3;Caparaó;31;MG;nao metropolitana;mata atlantica;1006,88;Cwb;4978;43,92;72,59;63,77
3112208;Episódico;Sem transmissão;Melhorou;20,4;77,3;558,8;211,3;355,7;8,7;204,3;Capela Nova;31;MG;nao metropolitana;mata atlantica;790,41;Cwb;4369;36,19;92,26;47,93
3112307;Episódico/Epidêmico;Episódico/Epidêmico;Se manteve;21,8;72,8;385,3;270,7;339;5,3;245,3;Capelinha;31;MG;nao metropolitana;cerrado;893,22;Cwb;39472;59,81;91,34;71,88
3112406;Episódico/Epidêmico;Episódico/Epidêmico;Se manteve;21,5;69,3;395;265,7;291;2,7;208;Capetinga;31;MG;nao metropolitana;mata atlantica;902,07;Cwa;6473;97,16;99,43;91,81
3112505;Episódico/Epidêmico;Episódico/Epidêmico;Se manteve;21,8;67,8;394,2;283;283,3;6,3;220;Capim Branco;31;MG;metropolitana;cerrado;871,35;Cwb;10706;24,4;98,49;93,88
3112604;Epidêmico;Episódico/Epidêmico;Melhorou;24,6;59,6;296,4;353;182,7;1,3;175,3;Capinópolis;31;MG;nao metropolitana;mata atlantica;543,89;Aw;14392;94,86;97,97;93,32
3112653;Episódico/Epidêmico;Episódico/Epidêmico;Se manteve;24,1;68,7;294,3;348,7;320,7;5;306,3;Capitão Andrade;31;MG;nao metropolitana;mata atlantica;280,53;Aw;4483;73,1;97,22;73,73
3112703;Episódico/Epidêmico;Episódico/Epidêmico;Se manteve;23,7;62,2;296,2;344,3;206,3;4,7;200;Capitão Enéas;31;MG;nao metropolitana;caatinga;575,03;As;14633;20,25;83,08;70,89
3112802;Episódico/Epidêmico;Epidêmico;Piorou;21,2;71,8;467,7;258,7;317;5,3;220,3;Capitólio;31;MG;nao metropolitana;cerrado;926,11;Cwb;9794;86,22;90,76;89,26
3112901;Episódico;Episódico;Se manteve;20;75,5;427,5;198;359,3;5,3;192,7;Caputira;31;MG;nao metropolitana;mata atlantica;710,48;Cwa;8976;51,91;94,86;59,31
3113008;Episódico/Epidêmico;Episódico/Epidêmico;Se manteve;21,5;74,1;345,9;261,3;342,7;4;239,3;Caraí;31;MG;nao metropolitana;mata atlantica;737,18;Cwa;19251;37,74;60,54;43,93
3113107;Episódico;Sem transmissão;Melhorou;19,4;76,3;466,3;176,3;347,7;4,7;165;Caranaíba;31;MG;nao metropolitana;mata atlantica;872,18;Cwb;2937;40,92;77,89;45,43
3113206;Episódico/Epidêmico;Episódico/Epidêmico;Se manteve;19,5;77,8;554;177;355,3;7,7;170,7;Carandaí;31;MG;nao metropolitana;mata atlantica;1081,34;Cwb;23826;70,58;91,78;89,41
3113305;Episódico/Epidêmico;Episódico/Epidêmico;Se manteve;21,3;76,4;482,3;249,3;356,3;7,7;240,3;Carangola;31;MG;nao metropolitana;mata atlantica;747,49;Cwb;30778;71,38;95,63;85,92
3113404;Episódico/Epidêmico;Episódico/Epidêmico;Se manteve;22,8;71,2;361,5;305,3;331,7;7;275,3;Caratinga;31;MG;nao metropolitana;mata atlantica;604,13;Cwa;88311;71,82;95,98;84,25
3113503;Episódico;Episódico/Epidêmico;Piorou;21,8;69,1;301,2;280;306,7;4,3;229,3;Carbonita;31;MG;nao metropolitana;cerrado;796,42;Cwa;8480;65,33;88,56;80,07
3113602;Episódico;Episódico;Se manteve;19,8;72,3;467,9;197;323,3;3;172,7;Careaçu;31;MG;nao metropolitana;mata atlantica;886,98;Cwb;6739;75,61;93,5;87,68
3113701;Episódico/Epidêmico;Episódico/Epidêmico;Se manteve;24,3;72;289;354,3;345,3;5;334;Carlos Chagas;31;MG;nao metropolitana;mata atlantica;284,03;Aw;18531;64,69;94;72,32
3113800;Episódico;Episódico;Se manteve;20,8;73,9;475,3;238,3;336,3;6,7;217,3;Carmésia;31;MG;nao metropolitana;mata atlantica;758,23;Cwa;2614;66,26;84,47;64,12
3113909;Episódico;Episódico;Se manteve;20,3;71,5;427,7;218,7;320,7;4,3;190,3;Carmo Da Cachoeira;31;MG;nao metropolitana;mata atlantica;980,75;Cwb;11537;82,6;95,96;79,22
3114006;Episódico/Epidêmico;Episódico/Epidêmico;Se manteve;20,7;70,2;462,9;233;306,7;6,3;194,7;Carmo Da Mata;31;MG;nao metropolitana;mata atlantica;904,33;Cwb;10940;79,8;96,14;82,67
3114105;Episódico;Episódico;Se manteve;19,3;73,8;501,8;171;336,3;4,3;156,7;Carmo De Minas;31;MG;nao metropolitana;mata atlantica;1021,93;Cwb;13286;76,84;91,4;85,5
3114204;Episódico/Epidêmico;Episódico/Epidêmico;Se manteve;20,9;69,7;419;247,3;303;7,7;204,3;Carmo Do Cajuru;31;MG;nao metropolitana;cerrado;831,61;Cwa;23374;86,92;97,16;92,51
3114303;Episódico/Epidêmico;Episódico/Epidêmico;Se manteve;21,3;66,5;446,8;272,3;249,7;5,3;198,7;Carmo Do Paranaíba;31;MG;nao metropolitana;cerrado;912,14;Cwa;28883;89,1;94,98;84,71
3114402;Episódico/Epidêmico;Episódico/Epidêmico;Se manteve;21,1;72,2;444;249,3;325;3,7;215,7;Carmo Do Rio Claro;31;MG;nao metropolitana;mata atlantica;854,38;Cwa;20725;75,79;92,28;89,24
3114501;Episódico/Epidêmico;Episódico/Epidêmico;Se manteve;20,7;70,2;462,9;233;306,7;6,3;194,7;Carmópolis De Minas;31;MG;nao metropolitana;mata atlantica;918,44;Cwb;17596;73,04;96,96;87,21
3114550;Episódico/Epidêmico;Epidêmico;Piorou;24,9;62,8;301,5;347;218,7;3,7;205;Carneirinho;31;MG;nao metropolitana;cerrado;390,97;Aw;9401;63,2;98,03;76,94
3114600;Episódico;Episódico;Se manteve;19,7;73,7;441,9;192,7;338;6,3;175,3;Carrancas;31;MG;nao metropolitana;mata atlantica;1060,16;Cwb;4049;75,04;83,72;71,24
3114709;Episódico/Epidêmico;Episódico/Epidêmico;Se manteve;19,8;72,7;473,8;196,3;324,7;3;172,3;Carvalhópolis;31;MG;nao metropolitana;mata atlantica;881,45;Cwb;3333;74,19;91,61;93,46
3114808;Episódico;Sem transmissão;Melhorou;17,6;78,3;696,6;81,7;354;7,7;77,3;Carvalhos;31;MG;nao metropolitana;mata atlantica;1279,89;Cwb;4374;47,63;70,75;68,57
3114907;Episódico;Episódico;Se manteve;19,5;75;469,6;179,3;340;5;163,3;Casa Grande;31;MG;nao metropolitana;mata atlantica;1013,14;Cwb;2210;64,55;82,6;64,55
3115003;Episódico;Episódico/Epidêmico;Piorou;22,7;65,1;323,8;323;236,7;3;218,3;Cascalho Rico;31;MG;nao metropolitana;cerrado;756,55;Aw;2705;37,94;90,59;68,01
3115102;Episódico/Epidêmico;Epidêmico;Piorou;21,5;69,3;395;265,7;291;2,7;208;Cássia;31;MG;nao metropolitana;cerrado;783,88;Cwa;16923;81,77;97,12;92,92
3115201;Episódico;Episódico;Se manteve;19,7;73,6;452,1;192;336,7;6,7;174;Conceição Da Barra De Minas;31;MG;nao metropolitana;mata atlantica;942,34;Cwb;3588;38,98;85,25;72,5
3115300;Epidêmico;Epidêmico;Se manteve;22,6;75,8;467,2;293;360,3;7;288,7;Cataguases;31;MG;nao metropolitana;mata atlantica;298,43;Aw;68214;86,13;99,51;95,95
3115359;Episódico;Episódico;Se manteve;19,4;75,8;555,5;172,7;350,7;7;163;Catas Altas;31;MG;nao metropolitana;mata atlantica;1010,36;Cwb;5486;88,57;92,29;88,15
3115409;Episódico;Sem transmissão;Melhorou;20,3;76;528,3;209;352,7;6,7;198,7;Catas Altas Da Noruega;31;MG;nao metropolitana;mata atlantica;832,81;Cwb;2918;45,21;74,14;43,89
3115458;Episódico/Epidêmico;Episódico;Melhorou;21,5;75,5;376;260,3;351;4,7;246,3;Catuji;31;MG;nao metropolitana;mata atlantica;652,98;Cwa;7035;41,71;59,07;34,38
3115474;Episódico/Epidêmico;Episódico/Epidêmico;Se manteve;25;59,1;252;362;160;4,3;159,3;Catuti;31;MG;nao metropolitana;caatinga;503,91;As;4730;3,03;89,23;59,83
3115508;Episódico/Epidêmico;Episódico/Epidêmico;Se manteve;19;73,8;410,7;159,7;339,3;4,3;146,7;Caxambu;31;MG;nao metropolitana;mata atlantica;963,39;Cwb;21011;98,27;98,77;98,51
3115607;Episódico;Episódico;Se manteve;22,5;65,9;442,3;307,3;243,7;6,7;219;Cedro Do Abaeté;31;MG;nao metropolitana;cerrado;801,67;Cwa;1072;27,64;95,5;81,35
3115706;Episódico/Epidêmico;Episódico/Epidêmico;Se manteve;23,8;70,6;288,5;342;342,7;4,3;320,3;Central De Minas;31;MG;nao metropolitana;mata atlantica;388,16;Aw;6149;71,93;97,25;78,24
3115805;Episódico/Epidêmico;Episódico/Epidêmico;Se manteve;24,9;59,9;283,9;356;184,3;2;178,7;Centralina;31;MG;nao metropolitana;mata atlantica;603,54;Aw;10207;39,08;98,17;90
3115904;Episódico;Episódico/Epidêmico;Piorou;21,1;77,6;581,6;242,7;361,3;10,3;239;Chácara;31;MG;nao metropolitana;mata atlantica;791,71;Cwb;3092;81,24;87,35;83,83
3116001;Episódico;Episódico/Epidêmico;Piorou;20,7;74,7;413;225,7;360;7,7;221,3;Chalé;31;MG;nao metropolitana;mata atlantica;582,86;Cwa;6079;43,4;84,26;56,83
3116100;Episódico/Epidêmico;Episódico/Epidêmico;Se manteve;23;67,3;280,7;321;289,3;3,7;250,3;Chapada Do Norte;31;MG;nao metropolitana;cerrado;648,75;As;9913;21,34;51,27;37,8
3116159;Episódico/Epidêmico;Epidêmico;Piorou;23,3;63,2;336,2;342;207,3;4,3;204,7;Chapada Gaúcha;31;MG;nao metropolitana;cerrado;692,73;Aw;12237;20,42;70,02;51,91
3116209;Episódico;Episódico;Se manteve;20;79,6;582,8;191,7;364;9,7;190,3;Chiador;31;MG;nao metropolitana;mata atlantica;373,62;Cwa;2800;67,8;96,14;79,02
3116308;Episódico;Episódico;Se manteve;21,3;76,3;504;248,3;356;8;240;Cipotânea;31;MG;nao metropolitana;mata atlantica;753,94;Cwa;5623;42,34;74,24;51,12
3116407;Episódico/Epidêmico;Episódico/Epidêmico;Se manteve;21,5;69,3;395;265,7;291;2,7;208;Claraval;31;MG;nao metropolitana;mata atlantica;855,15;Cwa;4658;48,29;79,9;69,64
3116506;Episódico/Epidêmico;Episódico/Epidêmico;Se manteve;23,3;62,7;303,4;329,7;209,3;2,7;197,7;Claro Dos Poções;31;MG;nao metropolitana;cerrado;748,6;Aw;7011;27,85;89,53;62,51
3116605;Episódico/Epidêmico;Episódico/Epidêmico;Se manteve;20,4;71,1;445,7;219,7;313;7;187,7;Cláudio;31;MG;nao metropolitana;cerrado;851,91;Cwb;31388;90,3;95,48;87,63
3116704;Episódico;Episódico;Se manteve;21;75,6;443,1;241,7;353,7;6,7;232;Coimbra;31;MG;nao metropolitana;mata atlantica;774,57;Cwb;7078;55,51;98,33;83,1
3116803;Episódico/Epidêmico;Episódico;Melhorou;22;71,9;354,2;279,7;335,7;4,7;253;Coluna;31;MG;nao metropolitana;mata atlantica;745,13;Cwa;8072;49,32;75,3;42,77
3116902;Episódico/Epidêmico;Episódico/Epidêmico;Se manteve;24;62,8;353,1;336,7;217,7;3,3;200,7;Comendador Gomes;31;MG;nao metropolitana;cerrado;606,98;Aw;2708;55,99;97,2;53,49
3117009;Episódico;Episódico;Se manteve;23,3;67,4;279,9;331,7;290,3;3,3;259,7;Comercinho;31;MG;nao metropolitana;mata atlantica;657,74;As;6681;30,76;73,99;39,49
3117108;Episódico/Epidêmico;Episódico/Epidêmico;Se manteve;20,4;72,4;524,6;226,3;315,7;7,7;191,7;Conceição Da Aparecida;31;MG;nao metropolitana;mata atlantica;961,4;Cwb;10408;65,47;87,74;71,9
3117207;Episódico;Episódico;Se manteve;19,3;73,8;501,8;171;336,3;4,3;156,7;Conceição Das Pedras;31;MG;nao metropolitana;mata atlantica;1273,61;Cwb;2752;72,63;83,28;85,38
3117306;Episódico/Epidêmico;Epidêmico;Piorou;23,8;63,2;354,7;335;228,3;3,3;210,3;Conceição Das Alagoas;31;MG;nao metropolitana;mata atlantica;548,35;Aw;26423;88,21;98,23;91,26
3117405;Episódico;Episódico;Se manteve;22,1;72,5;364,3;289;350,7;6;277,7;Conceição De Ipanema;31;MG;nao metropolitana;mata atlantica;472,25;Cwa;4366;46,7;83,72;41,35
3117504;Episódico/Epidêmico;Epidêmico;Piorou;20,7;71,6;426,4;240;320,7;4,7;209,3;Conceição Do Mato Dentro;31;MG;nao metropolitana;mata atlantica;886,06;Cwa;23345;46,81;81,23;59,66
3117603;Episódico/Epidêmico;Episódico/Epidêmico;Se manteve;22,5;66;396,6;304;257;7,3;222,3;Conceição Do Pará;31;MG;nao metropolitana;cerrado;717;Cwa;5303;50,75;94,47;84,03
3117702;Episódico;Episódico;Se manteve;18;75,8;513,3;104;348;4,7;97,7;Conceição Do Rio Verde;31;MG;nao metropolitana;mata atlantica;933,66;Cwb;12495;89,78;95,84;90,65
3117801;Episódico;Episódico;Se manteve;18,3;76,4;580,6;121,3;341,7;4,7;110,7;Conceição Dos Ouros;31;MG;nao metropolitana;mata atlantica;939,86;Cwb;10774;76,42;96,58;93,25
3117836;Sem transmissão;Sem transmissão;Se manteve;24,6;60,2;309,1;362;174;5,3;174;Cônego Marinho;31;MG;nao metropolitana;cerrado;742,17;Aw;7246;0,49;68,15;38,54
3117876;Episódico/Epidêmico;Episódico;Melhorou;21,3;69,4;362,8;261;306;5,7;216,3;Confins;31;MG;metropolitana;cerrado;762,21;Cwa;7428;2,53;98,94;98,17
3117900;Episódico;Episódico/Epidêmico;Piorou;19,3;72,8;442,5;174;325,3;3,7;153;Congonhal;31;MG;nao metropolitana;mata atlantica;1030,28;Cfb;10969;79,85;93,53;76,33
3118007;Episódico/Epidêmico;Epidêmico;Piorou;19,5;76,9;544,2;177,3;352,7;6;169;Congonhas;31;MG;nao metropolitana;mata atlantica;988,68;Cwb;55562;78,57;95,98;97,56
3118106;Episódico;Episódico;Se manteve;21,6;67,6;329,9;276,3;287,7;2;214,7;Congonhas Do Norte;31;MG;nao metropolitana;mata atlantica;1175,06;Cwb;4830;30,56;87,09;51,32
3118205;Episódico/Epidêmico;Episódico/Epidêmico;Se manteve;21,7;67,3;386,2;283;269;3;212;Conquista;31;MG;nao metropolitana;mata atlantica;703,17;Cwa;6679;85,45;95,78;89,53
3118304;Episódico/Epidêmico;Epidêmico;Piorou;19,7;76,9;488;185,7;353;6;178;Conselheiro Lafaiete;31;MG;nao metropolitana;mata atlantica;987,2;Cwb;134537;90,4;98,98;97,27
3118403;Episódico/Epidêmico;Episódico/Epidêmico;Se manteve;23,6;71,6;314,5;338;350,3;6,3;324,7;Conselheiro Pena;31;MG;nao metropolitana;mata atlantica;425,36;Aw;19998;77,78;95,42;75,46
3118502;Sem transmissão;Sem transmissão;Se manteve;18,2;75,5;557,9;115,7;336;5,7;103,7;Consolação;31;MG;nao metropolitana;mata atlantica;1032,92;Cwb;1552;54,65;77,86;88,21
3118601;Transmissão Persistente;Transmissão Persistente;Se manteve;19,7;73,7;462,6;192,3;336,3;6,3;174,3;Contagem;31;MG;metropolitana;cerrado;902,83;Cwb;615621;92,59;99,76;99,43
3118700;Episódico;Episódico;Se manteve;20,9;70,6;419,1;242,7;313,7;6,3;204;Coqueiral;31;MG;nao metropolitana;mata atlantica;855,84;Cwb;9002;70,74;94,87;75,48
3118809;Episódico/Epidêmico;Episódico/Epidêmico;Se manteve;22,6;64,1;330;315;236;3,7;211,7;Coração De Jesus;31;MG;nao metropolitana;cerrado;776,86;As;24951;17,71;62,06;30,61
3118908;Episódico/Epidêmico;Episódico/Epidêmico;Se manteve;22,5;65,5;357;304,7;254,3;6;217,7;Cordisburgo;31;MG;nao metropolitana;cerrado;713,41;Cwa;7548;31,08;90,52;63,56
3119005;Episódico;Episódico;Se manteve;19,8;72,7;473,8;196,3;324,7;3;172,3;Cordislândia;31;MG;nao metropolitana;mata atlantica;901,83;Cwb;3208;80,49;98,4;85,39
3119104;Epidêmico;Episódico/Epidêmico;Melhorou;22,9;64,3;371;316,7;227,7;5,7;209;Corinto;31;MG;nao metropolitana;cerrado;679,77;Aw;22992;84,6;91,82;83,04
3119203;Episódico/Epidêmico;Episódico/Epidêmico;Se manteve;22,3;72,6;425,5;291,7;342;7,3;271,7;Coroaci;31;MG;nao metropolitana;mata atlantica;620,31;Cwa;10870;53,59;86,82;47,48
3119302;Episódico/Epidêmico;Episódico/Epidêmico;Se manteve;22,2;64,7;366,9;306;231,7;4,7;213;Coromandel;31;MG;nao metropolitana;cerrado;881,52;Cwa;29233;75,11;89,28;76,33
3119401;Epidêmico;Epidêmico;Se manteve;21,7;73,5;512,3;267,7;342,3;9;247,3;Coronel Fabriciano;31;MG;nao metropolitana;mata atlantica;656,49;Cwb;96621;88,03;98,54;98,35
3119500;Episódico;Episódico;Se manteve;23,4;66,7;289,9;334,7;278,3;3;253,7;Coronel Murta;31;MG;nao metropolitana;mata atlantica;573,57;As;8128;47,47;78,87;66,16
3119609;Episódico;Episódico;Se manteve;20,5;77,6;601,2;218,7;357;10,3;212;Coronel Pacheco;31;MG;nao metropolitana;mata atlantica;696,41;Cwa;2702;64,69;90,28;88,12
3119708;Episódico;Episódico;Se manteve;19,7;73,6;452,1;192;336,7;6,7;174;Coronel Xavier Chaves;31;MG;nao metropolitana;mata atlantica;991,3;Cwb;3474;67,1;84,55;90,17
3119807;Episódico;Episódico;Se manteve;21,2;68,5;475;263,3;272,7;6;205,7;Córrego Danta;31;MG;nao metropolitana;cerrado;826,23;Cwa;3304;59,11;94,37;61,09
3119906;Episódico;Episódico;Se manteve;18,6;77,1;592,1;139,7;346;7,3;131,3;Córrego Do Bom Jesus;31;MG;nao metropolitana;mata atlantica;1200,39;Cwb;4263;45,14;71,33;91,34
3119955;Episódico/Epidêmico;Episódico/Epidêmico;Se manteve;21,1;69,9;415;252;304;4,7;205,7;Córrego Fundo;31;MG;nao metropolitana;cerrado;856,98;Cwb;6105;28,39;91,54;75,89
3120003;Episódico;Episódico;Se manteve;23;71,1;445;316,7;325;9;279,3;Córrego Novo;31;MG;nao metropolitana;mata atlantica;356,29;Aw;2876;66;91,17;66,4
3120102;Episódico;Episódico;Se manteve;19,9;72,4;399,4;209,3;325;4;182,7;Couto De Magalhães De Minas;31;MG;nao metropolitana;cerrado;975,91;Cwb;4217;72,5;90,89;83,17
3120151;Episódico/Epidêmico;Episódico;Melhorou;23,8;71,8;302,5;335,3;332;3,3;301,7;Crisólita;31;MG;nao metropolitana;mata atlantica;363,43;Aw;4979;48,52;83,89;54,78
3120201;Episódico/Epidêmico;Episódico/Epidêmico;Se manteve;21,2;71,6;406,4;255,3;322,7;4,3;221;Cristais;31;MG;nao metropolitana;cerrado;813,45;Cwa;12184;79,23;96,11;80,79
3120300;Episódico;Episódico;Se manteve;23,1;67,2;281;325;282,3;4;248,3;Cristália;31;MG;nao metropolitana;cerrado;720,12;As;4977;42,29;84,66;44,59
3120409;Episódico;Episódico;Se manteve;19,4;76,3;466,3;176,3;347,7;4,7;165;Cristiano Otoni;31;MG;nao metropolitana;mata atlantica;1046,59;Cwb;4671;69,69;93,99;87,63
3120508;Episódico/Epidêmico;Sem transmissão;Melhorou;18,6;76,2;584;135,3;347,7;6;126,7;Cristina;31;MG;nao metropolitana;mata atlantica;1243,35;Cwb;10379;54,66;83,5;77,5
3120607;Episódico/Epidêmico;Episódico/Epidêmico;Se manteve;19,8;74,1;448;191,7;336,7;6,3;174,3;Crucilândia;31;MG;nao metropolitana;mata atlantica;1000,78;Cwb;5779;59,98;88,58;64,39
3120706;Episódico;Episódico/Epidêmico;Piorou;21,3;66,9;425,1;276,7;256;4,3;204,3;Cruzeiro Da Fortaleza;31;MG;nao metropolitana;cerrado;919,16;Cwa;3492;92,75;97,74;92,59
3120805;Episódico/Epidêmico;Episódico/Epidêmico;Se manteve;19;73,8;410,7;159,7;339,3;4,3;146,7;Cruzília;31;MG;nao metropolitana;mata atlantica;1060,68;Cwb;15223;89,73;96,78;91,71
3120839;Episódico/Epidêmico;Episódico/Epidêmico;Se manteve;23,2;75,3;372,8;327;363,7;7,7;325,7;Cuparaque;31;MG;nao metropolitana;mata atlantica;316,74;Aw;3963;84,54;95,27;78,21
3120870;Episódico/Epidêmico;Episódico;Melhorou;22,4;70,5;314,3;306,3;325;4,3;267,7;Curral De Dentro;31;MG;nao metropolitana;mata atlantica;890,41;Cwa;7406;40,65;95,65;73,22
3120904;Epidêmico;Epidêmico;Se manteve;23;64,2;339,2;317;232;4,7;213,3;Curvelo;31;MG;nao metropolitana;cerrado;682,22;Cwa;82335;81,86;96,69;87,83
3121001;Episódico;Episódico/Epidêmico;Piorou;19,6;73,6;472,5;185,3;328,7;6;163,3;Datas;31;MG;nao metropolitana;cerrado;1188,51;Cwb;5459;70,77;80,79;71,13
3121100;Episódico;Episódico;Se manteve;18,8;76,6;645,6;143;344;8,3;132;Delfim Moreira;31;MG;nao metropolitana;mata atlantica;1489,39;Cwb;7820;55,95;67,68;77,39
3121209;Episódico/Epidêmico;Episódico/Epidêmico;Se manteve;21,3;70,9;411,1;262;311,7;3;217;Delfinópolis;31;MG;nao metropolitana;cerrado;852,98;Cwa;8343;79,18;97,74;90,66
3121258;Episódico/Epidêmico;Episódico/Epidêmico;Se manteve;22,8;64,7;347,7;313,7;240,7;2;210;Delta;31;MG;nao metropolitana;mata atlantica;572,09;Aw;9852;96,65;99,62;97,52
3121308;Episódico;Episódico/Epidêmico;Piorou;22,1;75,9;457,9;279;358,3;7;272,3;Descoberto;31;MG;nao metropolitana;mata atlantica;513,67;Cwa;4917;84,39;96,98;87,91
3121407;Episódico;Episódico/Epidêmico;Piorou;19,5;75;469,6;179,3;340;5;163,3;Desterro De Entre Rios;31;MG;nao metropolitana;mata atlantica;1099,05;Cwb;7633;48,93;81,84;53,43
3121506;Episódico;Episódico;Se manteve;20,5;77,4;580,4;215;357,3;10,3;208,7;Desterro Do Melo;31;MG;nao metropolitana;mata atlantica;908,92;Cwb;2997;38,91;76,67;55,65
3121605;Episódico/Epidêmico;Episódico/Epidêmico;Se manteve;20;74,3;446,3;210;336,7;4,7;190;Diamantina;31;MG;nao metropolitana;cerrado;998,45;Cwb;47798;76,69;92,83;78,61
3121704;Sem transmissão;Episódico;Piorou;21,4;73;436,1;259;346;5,3;242,7;Diogo De Vasconcelos;31;MG;nao metropolitana;mata atlantica;689,15;Cwa;3548;40,71;88,04;33,84
3121803;Episódico/Epidêmico;Episódico;Melhorou;22;72,9;488,5;278;340,3;8,3;256,3;Dionísio;31;MG;nao metropolitana;mata atlantica;399,79;Aw;7010;72,43;91,77;82,22
3121902;Episódico/Epidêmico;Episódico;Melhorou;21,6;76,2;466,9;260,3;357,3;7;253,3;Divinésia;31;MG;nao metropolitana;mata atlantica;699,02;Cwb;4190;47,84;99,04;74,98
3122009;Episódico;Episódico/Epidêmico;Piorou;20,1;76,1;474,5;203;358;6;196;Divino;31;MG;nao metropolitana;mata atlantica;857,99;Cwb;20705;54,2;85,77;64,26
3122108;Episódico/Epidêmico;Episódico/Epidêmico;Se manteve;24,5;68,4;280,8;354,3;319;5,3;309,7;Divino Das Laranjeiras;31;MG;nao metropolitana;mata atlantica;376,45;Aw;4128;73,73;93,75;73,48
3122207;Episódico;Episódico/Epidêmico;Piorou;21,4;73,9;492,3;258,7;346;8,7;241;Divinolândia De Minas;31;MG;nao metropolitana;mata atlantica;833,54;Cwa;6457;59,8;95,73;69,48
3122306;Epidêmico;Epidêmico;Se manteve;21,6;68,2;438,1;277,3;285,7;7,7;218,3;Divinópolis;31;MG;nao metropolitana;cerrado;783,62;Cwa;248581;90,52;99,18;98
3122355;Episódico/Epidêmico;Episódico;Melhorou;21,7;74,8;312,7;279,7;351,7;3,7;266;Divisa Alegre;31;MG;nao metropolitana;mata atlantica;858,14;Cwa;6321;2,31;96,48;94,42
3122405;Episódico/Epidêmico;Episódico;Melhorou;19,7;72,7;473,6;192,3;316,7;2,7;164;Divisa Nova;31;MG;nao metropolitana;mata atlantica;867,53;Cwb;5791;75,98;91,88;89,35
3122454;Episódico;Episódico/Epidêmico;Piorou;21,6;77,1;337,8;274;359,3;5,3;267,3;Divisópolis;31;MG;nao metropolitana;mata atlantica;748,15;As;10206;9,8;84,65;76,54
3122470;Episódico/Epidêmico;Episódico/Epidêmico;Se manteve;24,2;61,4;346,6;351,3;191,3;4;190;Dom Bosco;31;MG;nao metropolitana;cerrado;596,01;Aw;3698;42,29;75,32;68,97
3122504;Episódico/Epidêmico;Episódico;Melhorou;23,3;70,2;314,8;325;332,3;5;294,7;Dom Cavati;31;MG;nao metropolitana;mata atlantica;455,62;Aw;4904;78,13;96,29;87,42
3122603;Episódico;Sem transmissão;Melhorou;21,5;73;422,1;266,7;334;7;239,7;Dom Joaquim;31;MG;nao metropolitana;mata atlantica;682,5;Cwa;4920;58,51;87,62;64,22
3122702;Episódico;Episódico;Se manteve;22,3;71,5;417,5;290;333,3;7,3;261,3;Dom Silvério;31;MG;nao metropolitana;mata atlantica;665,57;Cwa;4991;46,8;89,26;82,21
3122801;Episódico;Sem transmissão;Melhorou;18,5;75,8;600,2;124,7;342,7;8,3;114,7;Dom Viçoso;31;MG;nao metropolitana;mata atlantica;1126,27;Cwb;3095;63,03;79,82;73,84
3122900;Episódico/Epidêmico;Episódico/Epidêmico;Se manteve;22,1;75,9;457,9;279;358,3;7;272,3;Dona Eusébia;31;MG;nao metropolitana;mata atlantica;354,15;Cwa;6122;56,75;95,64;87,67
3123007;Episódico;Episódico;Se manteve;19,4;75,2;455,4;175,3;341;7;159;Dores De Campos;31;MG;nao metropolitana;mata atlantica;1004,15;Cwb;9956;82,81;94,17;92,46
3123106;Episódico;Episódico;Se manteve;21,5;73;422,1;266,7;334;7;239,7;Dores De Guanhães;31;MG;nao metropolitana;mata atlantica;693,72;Cwa;4984;33,58;65;37,49
3123205;Episódico/Epidêmico;Episódico/Epidêmico;Se manteve;22,7;65,7;400,4;307,7;250;5,7;221,3;Dores Do Indaiá;31;MG;nao metropolitana;cerrado;668,41;Cwa;12534;88,9;99,23;94,76
3123304;Episódico;Episódico;Se manteve;20,9;75,8;479,3;236;351,7;6,3;225;Dores Do Turvo;31;MG;nao metropolitana;mata atlantica;789,69;Cwb;4988;35,22;89,82;52,71
3123403;Episódico/Epidêmico;Episódico/Epidêmico;Se manteve;21,4;70,1;487,9;265;293,7;4,7;215;Doresópolis;31;MG;nao metropolitana;cerrado;708,24;Cwa;1378;87,85;95,14;78,75
3123502;Episódico/Epidêmico;Episódico/Epidêmico;Se manteve;22,3;63,9;341,7;309,7;223;4;206;Douradoquara;31;MG;nao metropolitana;cerrado;720,23;Aw;1779;66,82;91,93;70,26
3123528;Episódico;Episódico;Se manteve;20,4;75,7;403,2;214,3;360,3;6;209,7;Durandé;31;MG;nao metropolitana;mata atlantica;687,51;Cwa;7832;38,07;84,73;52,37
3123601;Episódico/Epidêmico;Episódico/Epidêmico;Se manteve;20,5;71,1;393,4;229;312,3;3;195;Elói Mendes;31;MG;nao metropolitana;mata atlantica;868,05;Cwb;26283;87,72;97,22;85,29
3123700;Episódico/Epidêmico;Episódico;Melhorou;23,1;71,1;342,5;319,7;341,7;6;298;Engenheiro Caldas;31;MG;nao metropolitana;mata atlantica;292,93;Aw;13629;77,15;94,67;79,67
3123809;Episódico/Epidêmico;Episódico/Epidêmico;Se manteve;22,6;64,7;274,6;309,3;250,7;1,7;215,7;Engenheiro Navarro;31;MG;nao metropolitana;cerrado;685,1;Aw;6318;21,86;83,38;60,73
3123858;Episódico/Epidêmico;Episódico;Melhorou;23,1;71,4;350,9;321;334,3;5,7;291,7;Entre Folhas;31;MG;nao metropolitana;mata atlantica;551,31;Cwa;4862;56,59;95,51;73,77
3123908;Episódico/Epidêmico;Episódico;Melhorou;19,4;76,3;466,3;176,3;347,7;4,7;165;Entre Rios De Minas;31;MG;nao metropolitana;mata atlantica;972,91;Cwb;14952;66,29;93,52;77,71
3124005;Episódico/Epidêmico;Episódico;Melhorou;21;75,6;443,1;241,7;353,7;6,7;232;Ervália;31;MG;nao metropolitana;mata atlantica;892,87;Cwb;20028;53,39;90,23;65,61
3124104;Episódico/Epidêmico;Epidêmico;Piorou;21,4;69,2;423,8;269,3;301,3;7,7;219,7;Esmeraldas;31;MG;metropolitana;cerrado;814,4;Cwa;102608;25,1;94,01;84,61
3124203;Episódico/Epidêmico;Episódico/Epidêmico;Se manteve;20,2;76,9;462,6;205,3;359,7;6,3;200,3;Espera Feliz;31;MG;nao metropolitana;mata atlantica;982,38;Cwb;24081;56,71;90,44;76,38
3124302;Episódico/Epidêmico;Epidêmico;Piorou;22,5;66,1;267,8;320;263,3;3,3;231,3;Espinosa;31;MG;nao metropolitana;caatinga;675,5;As;29650;2,31;80,08;51,34
3124401;Episódico;Sem transmissão;Melhorou;19;73,7;560,7;156,7;327,3;5,3;137,3;Espírito Santo Do Dourado;31;MG;nao metropolitana;mata atlantica;1172,16;Cfb;5832;51,18;79,66;66,35
3124500;Episódico;Episódico;Se manteve;18,3;75,6;537;122;337;5;110,3;Estiva;31;MG;nao metropolitana;mata atlantica;999,57;Cwb;11520;53,89;84,65;82,93
3124609;Episódico;Episódico;Se manteve;23;75,1;423,6;308;360;6,3;302,7;Estrela Dalva;31;MG;nao metropolitana;mata atlantica;258,9;Aw;2142;71,92;89,22;79,42
3124708;Episódico/Epidêmico;Episódico/Epidêmico;Se manteve;21,7;67,5;488,8;282,7;263,3;6;215,7;Estrela Do Indaiá;31;MG;nao metropolitana;cerrado;724,92;Cwa;2764;55,84;91,02;79,35
3124807;Episódico;Episódico/Epidêmico;Piorou;22,5;64,7;338,6;315,7;229,3;3,3;212,7;Estrela Do Sul;31;MG;nao metropolitana;cerrado;883,41;Cwb;6717;73,6;92,76;79,15
3124906;Episódico/Epidêmico;Episódico/Epidêmico;Se manteve;22,1;76,3;506,9;275,3;358,7;7,7;268,7;Eugenópolis;31;MG;nao metropolitana;mata atlantica;503,7;Cwa;10805;73,81;94,47;75,32
3125002;Episódico;Episódico/Epidêmico;Piorou;19,7;78;576,5;184,7;356;8,3;178;Ewbank Da Câmara;31;MG;nao metropolitana;mata atlantica;826,05;Cwb;3863;92,25;99,45;95,21
3125101;Episódico;Episódico/Epidêmico;Piorou;18,8;75,9;507,1;153,3;341,3;5;139,7;Extrema;31;MG;nao metropolitana;mata atlantica;1069,12;Cfb;53520;76,61;89,87;97,99
3125200;Episódico/Epidêmico;Episódico;Melhorou;20,5;71,1;393,4;229;312,3;3;195;Fama;31;MG;nao metropolitana;mata atlantica;816,97;Cwb;2542;50,92;93,41;88,64
3125309;Episódico;Episódico;Se manteve;21,3;75,9;496,4;245,7;354,7;6,7;235;Faria Lemos;31;MG;nao metropolitana;mata atlantica;627,14;Cwa;3209;65,8;94,65;77,95
3125408;Episódico;Episódico;Se manteve;20,4;72,6;386,4;225,7;327;2,7;197,3;Felício Dos Santos;31;MG;nao metropolitana;cerrado;965,81;Cwb;5126;0,53;88,82;42,22
3125507;Episódico;Episódico;Se manteve;19,9;72,4;399,4;209,3;325;4;182,7;São Gonçalo Do Rio Preto;31;MG;nao metropolitana;cerrado;995,65;Cwb;3035;5,45;73,55;61,95
3125606;Episódico/Epidêmico;Episódico/Epidêmico;Se manteve;22,9;74,3;318,2;314,3;352,3;3,7;301;Felisburgo;31;MG;nao metropolitana;mata atlantica;692,65;Cfa;6424;66;91,88;68,19
3125705;Epidêmico;Epidêmico;Se manteve;23,7;64,8;345,4;340,7;240;5,7;230,3;Felixlândia;31;MG;nao metropolitana;cerrado;651,11;Aw;14084;13,52;89,07;80,74
3125804;Episódico/Epidêmico;Episódico;Melhorou;23,1;71,1;342,5;319,7;341,7;6;298;Fernandes Tourinho;31;MG;nao metropolitana;mata atlantica;269,29;Aw;2653;65,95;97,34;63,6
3125903;Episódico/Epidêmico;Episódico;Melhorou;21,9;72,7;454,4;276,3;337;7;251;Ferros;31;MG;nao metropolitana;mata atlantica;700,52;Cwa;9210;25,97;64,52;31,42
3125952;Episódico/Epidêmico;Episódico;Melhorou;21,3;75,9;496,4;245,7;354,7;6,7;235;Fervedouro;31;MG;nao metropolitana;mata atlantica;938,07;Cwb;10452;41,05;81,39;50,98
3126000;Episódico/Epidêmico;Episódico;Melhorou;21,4;69,2;423,8;269,3;301,3;7,7;219,7;Florestal;31;MG;metropolitana;cerrado;831,85;Cwa;8201;78,12;94,79;86,33
3126109;Epidêmico;Epidêmico;Se manteve;21,3;69;429,1;259,7;290;6,3;206;Formiga;31;MG;nao metropolitana;cerrado;852,48;Cwb;68099;89,45;97,16;91,96
3126208;Episódico;Episódico/Epidêmico;Piorou;22,6;64,9;324,9;329,7;226;2,7;215,7;Formoso;31;MG;nao metropolitana;cerrado;837,97;Aw;7801;11,73;84,09;58,2
3126307;Episódico/Epidêmico;Episódico/Epidêmico;Se manteve;20,9;69,8;446,2;245,7;291,3;5,3;194,7;Fortaleza De Minas;31;MG;nao metropolitana;mata atlantica;979,21;Cwb;3479;74,42;89,18;96,49
3126406;Episódico/Epidêmico;Episódico/Epidêmico;Se manteve;22,2;66,5;366,1;294,7;264,7;5,7;221;Fortuna De Minas;31;MG;metropolitana;cerrado;735,86;Cwa;3102;50,13;93,17;77,2
3126505;Episódico;Episódico/Epidêmico;Piorou;23,3;66,7;241,7;329,3;287,7;3;256;Francisco Badaró;31;MG;nao metropolitana;cerrado;471,48;As;8795;13,82;78,24;32,16
3126604;Episódico/Epidêmico;Episódico;Melhorou;23;63,6;284,2;319,3;228,3;2;208;Francisco Dumont;31;MG;nao metropolitana;cerrado;872,91;Cwb;4472;16,45;59,49;50,53
3126703;Episódico/Epidêmico;Episódico/Epidêmico;Se manteve;23,2;63,4;289,5;333,3;221;3,7;206,3;Francisco Sá;31;MG;nao metropolitana;caatinga;715,48;As;21504;47,05;76,66;55,18
3126752;Episódico/Epidêmico;Episódico/Epidêmico;Se manteve;23,3;70,9;319,5;330;332;5;297;Franciscópolis;31;MG;nao metropolitana;mata atlantica;458,24;Aw;5040;44,43;78,83;42,15
3126802;Episódico/Epidêmico;Episódico/Epidêmico;Se manteve;23,3;71,4;310,1;330,3;338,3;5,3;303,7;Frei Gaspar;31;MG;nao metropolitana;mata atlantica;484,81;Aw;5617;51,85;89,09;40,7
3126901;Episódico;Episódico/Epidêmico;Piorou;23,6;70,2;375,7;337;328;7;301,7;Frei Inocêncio;31;MG;nao metropolitana;mata atlantica;291,64;Aw;8190;68,09;88,63;76,11
3126950;Episódico;Episódico;Se manteve;22;71,9;354,2;279,7;335,7;4,7;253;Frei Lagonegro;31;MG;nao metropolitana;mata atlantica;748,31;Cwa;3391;19,73;78,27;19,74
3127008;Episódico/Epidêmico;Episódico/Epidêmico;Se manteve;24,2;62,8;318,3;337;215,3;3,3;198,7;Fronteira;31;MG;nao metropolitana;cerrado;463,05;Aw;13668;95,93;97,86;96,57
3127057;Episódico/Epidêmico;Episódico;Melhorou;23,1;73;300,7;316,7;344,3;3,7;295,7;Fronteira Dos Vales;31;MG;nao metropolitana;mata atlantica;491,43;Aw;4336;45,83;81,72;54,89
3127073;Episódico/Epidêmico;Episódico/Epidêmico;Se manteve;22,5;66,9;288,2;310,3;275;2,3;231;Fruta De Leite;31;MG;nao metropolitana;cerrado;770,3;As;4594;0,56;54,7;29,99
3127107;Epidêmico;Epidêmico;Se manteve;24,3;63,4;323,5;339,3;227,3;2,7;209;Frutal;31;MG;nao metropolitana;cerrado;513,11;Aw;63663;87,8;96,34;89,72
3127206;Episódico/Epidêmico;Episódico/Epidêmico;Se manteve;22,2;66,6;347,9;293;274,7;5,7;219;Funilândia;31;MG;metropolitana;cerrado;718,99;Cwa;4699;37,95;90,52;84,69
3127305;Episódico;Episódico/Epidêmico;Piorou;23,9;69,8;297,4;344,3;334,7;4,7;315,7;Galiléia;31;MG;nao metropolitana;mata atlantica;260,38;Aw;6168;75,08;95,75;68,04
3127339;Episódico/Epidêmico;Episódico/Epidêmico;Se manteve;25,8;58,6;263,5;363,7;151,3;4,3;151;Gameleiras;31;MG;nao metropolitana;caatinga;578,57;As;4782;0,82;87,72;25,01
3127354;Episódico/Epidêmico;Episódico/Epidêmico;Se manteve;22,5;64,9;313,9;312;251,7;3,3;217;Glaucilândia;31;MG;nao metropolitana;cerrado;731,07;As;2637;24,15;72,81;34,11
3127370;Episódico;Episódico;Se manteve;23,2;73,5;319,7;325;359,3;5,7;320;Goiabeira;31;MG;nao metropolitana;mata atlantica;227,93;Aw;2816;67,49;96,67;74,91
3127388;Episódico;Episódico;Se manteve;20,5;77,6;601,2;218,7;357;10,3;212;Goianá;31;MG;nao metropolitana;mata atlantica;523,86;Cwa;4064;81,39;96,86;92,48
3127404;Episódico;Sem transmissão;Melhorou;19;77;592,5;159;347,3;6,3;148;Gonçalves;31;MG;nao metropolitana;mata atlantica;1336,36;Cwb;4649;44,59;58,85;98,1
3127503;Episódico;Episódico/Epidêmico;Piorou;21,4;73,9;492,3;258,7;346;8,7;241;Gonzaga;31;MG;nao metropolitana;mata atlantica;731,7;Cwa;5189;48,68;86,15;54,92
3127602;Episódico/Epidêmico;Episódico/Epidêmico;Se manteve;19,6;73,6;472,5;185,3;328,7;6;163,3;Gouveia;31;MG;nao metropolitana;cerrado;1060,49;Cwb;11398;73,51;91,85;78,24
3127701;Epidêmico;Epidêmico;Se manteve;23,8;69,8;383,5;341,7;328;7;306;Governador Valadares;31;MG;nao metropolitana;mata atlantica;297,4;Aw;262499;93,13;99,13;94,85
3127800;Episódico;Episódico;Se manteve;21,8;67,6;337,3;286;280;4;217;Grão Mogol;31;MG;nao metropolitana;cerrado;858,01;Cwa;13094;35,15;57,38;48,35
3127909;Episódico/Epidêmico;Episódico/Epidêmico;Se manteve;22,7;65,1;323,8;323;236,7;3;218,3;Grupiara;31;MG;nao metropolitana;cerrado;687,02;Aw;1392;1,58;97,62;83,17
3128006;Episódico/Epidêmico;Episódico/Epidêmico;Se manteve;21,3;73,4;405,8;255;337,3;6;230,7;Guanhães;31;MG;nao metropolitana;mata atlantica;815,43;Cwa;31702;73,64;94,17;80,8
3128105;Episódico/Epidêmico;Episódico/Epidêmico;Se manteve;21;72,4;454,2;250,7;323;5,7;216;Guapé;31;MG;nao metropolitana;cerrado;875,12;Cwa;13781;70,33;90,05;70,46
3128204;Episódico;Episódico;Se manteve;21,2;74,1;436,3;247,3;348,7;5,3;233;Guaraciaba;31;MG;nao metropolitana;mata atlantica;649,53;Cwa;10487;38,49;84,88;40,22
3128253;Episódico/Epidêmico;Episódico/Epidêmico;Se manteve;22,5;65,1;313,6;309,7;254;2,7;217;Guaraciama;31;MG;nao metropolitana;cerrado;821,67;Cwa;5010;15,58;81,64;60,78
3128303;Episódico/Epidêmico;Episódico/Epidêmico;Se manteve;21,2;68,6;416,4;251,3;282,7;2;193,7;Guaranésia;31;MG;nao metropolitana;mata atlantica;844,24;Cwb;19209;96,57;98,93;93,6
3128402;Episódico/Epidêmico;Episódico/Epidêmico;Se manteve;21,5;76,4;497,5;255;357,3;8;248;Guarani;31;MG;nao metropolitana;mata atlantica;479,08;Cwa;7487;75,13;97,02;83,8
3128501;Episódico/Epidêmico;Episódico/Epidêmico;Se manteve;21,1;78,1;540,8;239;363,7;9;237,7;Guarará;31;MG;nao metropolitana;mata atlantica;561,84;Cwa;3070;88,4;98,18;92,82
3128600;Episódico/Epidêmico;Episódico/Epidêmico;Se manteve;22,6;65;395,2;316,7;229,3;4,3;211,7;Guarda-Mor;31;MG;nao metropolitana;cerrado;776,22;Aw;6539;53,99;81,22;59,84
3128709;Episódico/Epidêmico;Episódico/Epidêmico;Se manteve;21,2;68,6;416,4;251,3;282,7;2;193,7;Guaxupé;31;MG;nao metropolitana;mata atlantica;945,05;Cwb;51015;94,5;99,46;96,97
3128808;Episódico/Epidêmico;Episódico/Epidêmico;Se manteve;22,6;75,8;467,2;293;360,3;7;288,7;Guidoval;31;MG;nao metropolitana;mata atlantica;428,15;Cwa;7163;64,63;95,37;73,67
3128907;Episódico/Epidêmico;Episódico;Melhorou;21,2;66,9;429,2;272,3;254,7;4;201;Guimarânia;31;MG;nao metropolitana;cerrado;963,26;Cwb;8600;80,2;92,07;80,43
3129004;Episódico/Epidêmico;Episódico/Epidêmico;Se manteve;21,6;76,2;466,9;260,3;357,3;7;253,3;Guiricema;31;MG;nao metropolitana;mata atlantica;491,19;Cwa;7708;46,68;91,63;63,86
3129103;Episódico/Epidêmico;Episódico/Epidêmico;Se manteve;24,2;61,6;333;341,7;202,7;2;187,7;Gurinhatã;31;MG;nao metropolitana;cerrado;535,6;Aw;5140;46,17;87,62;46,77
3129202;Episódico;Episódico;Se manteve;19,8;72,3;438,2;198,3;325,3;3;175;Heliodora;31;MG;nao metropolitana;mata atlantica;946,92;Cwb;6325;75,21;88,98;97,55
3129301;Episódico;Episódico;Se manteve;23,3;70,2;314,8;325;332,3;5;294,7;Iapu;31;MG;nao metropolitana;mata atlantica;376,23;Aw;12012;63,45;95,89;70,07
3129400;Episódico;Episódico;Se manteve;19;77,7;506,1;155;353,7;6,7;147;Ibertioga;31;MG;nao metropolitana;mata atlantica;1099,41;Cwb;5204;71,3;90,95;78,31
3129509;Episódico/Epidêmico;Epidêmico;Piorou;20,6;68;423,7;236,7;266;4,3;179;Ibiá;31;MG;nao metropolitana;cerrado;997,59;Cwb;24271;84,64;96,78;85,29
3129608;Episódico/Epidêmico;Episódico/Epidêmico;Se manteve;24,4;61;299,4;357,3;187,3;3,3;186,7;Ibiaí;31;MG;nao metropolitana;cerrado;599,4;Aw;6314;1,84;81,32;60,62
3129657;Episódico/Epidêmico;Episódico;Melhorou;24,7;60,5;302,8;362;174;6;174;Ibiracatu;31;MG;nao metropolitana;caatinga;781,85;As;5409;22,02;83,59;62,25
3129707;Episódico/Epidêmico;Episódico/Epidêmico;Se manteve;21,4;70;378,3;263,3;301;3,7;211,7;Ibiraci;31;MG;nao metropolitana;cerrado;975,99;Cwb;10780;83,48;97,56;91,79
3129806;Epidêmico;Epidêmico;Se manteve;20,4;71,7;425,4;224,3;323;7,7;197,3;Ibirité;31;MG;metropolitana;mata atlantica;970,16;Cwb;181943;84,13;99,29;98,11
3129905;Episódico;Episódico;Se manteve;20,2;69,8;453,4;219;295,3;4,7;175;Ibitiúra De Minas;31;MG;nao metropolitana;mata atlantica;1069,85;Cwb;3368;82,67;86,28;86,97
3130002;Episódico;Episódico;Se manteve;20,1;72,4;434;207;329,7;5,7;184;Ibituruna;31;MG;nao metropolitana;mata atlantica;891,51;Cwb;2464;91,34;98,15;89,95
3130051;Episódico/Epidêmico;Episódico/Epidêmico;Se manteve;25,2;59,4;272,1;364;166;3,3;166;Icaraí De Minas;31;MG;nao metropolitana;cerrado;570,48;As;10682;59,07;79,83;37,95
3130101;Episódico/Epidêmico;Epidêmico;Piorou;20,9;70,5;441,4;246,7;311;8,7;207,7;Igarapé;31;MG;metropolitana;cerrado;867,07;Cwb;44920;64,71;97,1;93,23
3130200;Episódico/Epidêmico;Episódico/Epidêmico;Se manteve;21,8;67,8;399,3;279,7;282,3;7;218,7;Igaratinga;31;MG;nao metropolitana;cerrado;784,12;Cwa;11095;75,08;93,07;88,46
3130309;Episódico/Epidêmico;Episódico/Epidêmico;Se manteve;22,1;67,3;394,1;292,3;273;5,7;226,3;Iguatama;31;MG;nao metropolitana;cerrado;683,78;Cwa;6749;88,47;95,08;85,33
3130408;Episódico/Epidêmico;Episódico/Epidêmico;Se manteve;20,4;71,2;404,6;223,3;319;5;193,3;Ijaci;31;MG;nao metropolitana;mata atlantica;891,87;Cwb;6263;81,1;97,21;91,82
3130507;Episódico/Epidêmico;Episódico/Epidêmico;Se manteve;21;71,4;431,1;248;320,3;5,7;213;Ilicínea;31;MG;nao metropolitana;cerrado;972,16;Cwb;12741;79,34;90,94;79,48
3130556;Episódico;Episódico;Se manteve;22,3;72,4;387,9;290,3;348;6;275;Imbé De Minas;31;MG;nao metropolitana;mata atlantica;682,87;Cwa;6992;34,46;89,95;49,76
3130606;Episódico;Episódico/Epidêmico;Piorou;19,3;71,9;472,4;172,3;316,3;4,7;147,7;Inconfidentes;31;MG;nao metropolitana;mata atlantica;1033,39;Cwb;7274;65,21;80,01;96,36
3130655;Episódico;Episódico;Se manteve;22,1;68,9;269,7;304,3;302,7;2,7;248,7;Indaiabira;31;MG;nao metropolitana;cerrado;846,59;As;6346;18,05;71,76;40,22
3130705;Episódico/Epidêmico;Episódico/Epidêmico;Se manteve;22,2;64,5;349,8;311,3;231,7;1,3;207,7;Indianópolis;31;MG;nao metropolitana;cerrado;907,26;Cwb;6104;64,07;93,84;74,85
3130804;Episódico;Episódico/Epidêmico;Piorou;19,9;72,6;434,6;200,7;330,3;4,3;179,7;Ingaí;31;MG;nao metropolitana;mata atlantica;963,21;Cwb;2476;69,22;88,01;65,14
3130903;Episódico/Epidêmico;Episódico/Epidêmico;Se manteve;22,3;72,4;387,9;290,3;348;6;275;Inhapim;31;MG;nao metropolitana;mata atlantica;523,66;Cwa;22327;48,14;85,22;52,06
3131000;Episódico/Epidêmico;Episódico/Epidêmico;Se manteve;22,2;66,7;377,3;293,7;268;6,3;219;Inhaúma;31;MG;metropolitana;cerrado;760,74;Cwa;6213;30,2;93,58;89,47
3131109;Episódico/Epidêmico;Episódico;Melhorou;22,6;64,9;285,3;306,3;252;2;212,7;Inimutaba;31;MG;nao metropolitana;cerrado;625,75;Aw;7434;46,89;82,88;70,32
3131158;Episódico/Epidêmico;Episódico/Epidêmico;Se manteve;23,6;70,5;325,8;330,3;325,3;6,3;291;Ipaba;31;MG;nao metropolitana;mata atlantica;325,2;Aw;16552;75,14;95,27;93,38
3131208;Episódico/Epidêmico;Episódico/Epidêmico;Se manteve;21,6;73,7;431,6;265,7;355;9,7;258;Ipanema;31;MG;nao metropolitana;mata atlantica;449,05;Aw;19209;71,52;89,49;80,64
3131307;Epidêmico;Epidêmico;Se manteve;23,1;71,4;350,9;321;334,3;5,7;291,7;Ipatinga;31;MG;nao metropolitana;mata atlantica;497,19;Aw;211094;97,84;98,31;99,73
3131406;Episódico/Epidêmico;Episódico/Epidêmico;Se manteve;25,4;60;290,5;356;191;1,7;184,3;Ipiaçu;31;MG;nao metropolitana;mata atlantica;447,28;Aw;3715;91,98;99,57;90,78
3131505;Episódico;Sem transmissão;Melhorou;19;72,8;545,7;157,7;317;5;133;Ipuiúna;31;MG;nao metropolitana;mata atlantica;1267,65;Cfb;9104;61,62;86,22;84,5
3131604;Episódico/Epidêmico;Episódico/Epidêmico;Se manteve;21,8;65,4;372,9;297;242;3;210;Iraí De Minas;31;MG;nao metropolitana;cerrado;900,24;Cwa;7868;86,23;89,01;83,95
3131703;Epidêmico;Epidêmico;Se manteve;20,5;74;481,6;226,7;344,7;8;211;Itabira;31;MG;nao metropolitana;mata atlantica;824,16;Cwa;110335;91,57;95,94;92,96
3131802;Episódico/Epidêmico;Episódico/Epidêmico;Se manteve;23,7;70,8;291,1;338,3;342,7;4,3;317;Itabirinha;31;MG;nao metropolitana;mata atlantica;511,26;Aw;10112;69,1;94,44;76,45
3131901;Episódico/Epidêmico;Episódico/Epidêmico;Se manteve;19,4;74,9;499,7;176;344;6,3;164,3;Itabirito;31;MG;metropolitana;mata atlantica;1100,21;Cwb;58544;87,31;94,42;97,18
3132008;Episódico;Episódico;Se manteve;21,5;68,5;373,3;277,3;291;5;217,3;Itacambira;31;MG;nao metropolitana;cerrado;986,64;Cwb;3880;6,41;64,69;19,69
3132107;Episódico/Epidêmico;Episódico/Epidêmico;Se manteve;25,2;60,4;303,9;364,3;169,7;5;169,7;Itacarambi;31;MG;nao metropolitana;caatinga;576,69;As;16355;39,36;80,97;77
3132206;Episódico/Epidêmico;Episódico/Epidêmico;Se manteve;20,4;71,5;443,6;225,3;319;7;195,7;Itaguara;31;MG;metropolitana;mata atlantica;923,86;Cwb;14408;79,26;94,65;82,11
3132305;Episódico/Epidêmico;Episódico;Melhorou;21,5;75,5;376;260,3;351;4,7;246,3;Itaipé;31;MG;nao metropolitana;mata atlantica;776,14;Cwa;10302;36,99;82,6;44,79
3132404;Episódico/Epidêmico;Epidêmico;Piorou;18,5;75,8;600,2;124,7;342,7;8,3;114,7;Itajubá;31;MG;nao metropolitana;mata atlantica;1072,44;Cwb;90776;91,05;96,56;99,32
3132503;Episódico/Epidêmico;Episódico/Epidêmico;Se manteve;21;72,6;355,2;243,3;330,3;4;214,7;Itamarandiba;31;MG;nao metropolitana;cerrado;912,8;Cwb;32321;56,85;84,61;61,86
3132602;Episódico/Epidêmico;Episódico/Epidêmico;Se manteve;22,5;76;493,8;293,3;361,7;8,3;290,3;Itamarati De Minas;31;MG;nao metropolitana;mata atlantica;392,85;Cwa;3696;75,99;92,46;81,29
3132701;Epidêmico;Episódico/Epidêmico;Melhorou;23,3;70,9;319,5;330;332;5;297;Itambacuri;31;MG;nao metropolitana;mata atlantica;464,99;Aw;21080;60,15;91,65;62,19
3132800;Episódico;Sem transmissão;Melhorou;21,1;73,6;453,4;250,3;344;7;233;Itambé Do Mato Dentro;31;MG;nao metropolitana;cerrado;862,25;Cwa;2140;52,38;73,73;49,21
3132909;Episódico/Epidêmico;Episódico/Epidêmico;Se manteve;21,3;68,5;457,7;254,7;276,7;3,7;194,3;Itamogi;31;MG;nao metropolitana;mata atlantica;989,74;Cwb;10781;75,46;96,12;82,89
3133006;Episódico/Epidêmico;Episódico/Epidêmico;Se manteve;18,3;77,3;591,4;120,3;352;6;114,7;Itamonte;31;MG;nao metropolitana;mata atlantica;1592,1;Cwb;14569;74,37;74,24;94,71
3133105;Episódico/Epidêmico;Episódico/Epidêmico;Se manteve;18,6;76,2;584;135,3;347,7;6;126,7;Itanhandu;31;MG;nao metropolitana;mata atlantica;1148,36;Cwb;15226;85,5;94,94;98,72
3133204;Episódico/Epidêmico;Episódico;Melhorou;23,2;71,8;346,9;323;346,3;5,7;306,3;Itanhomi;31;MG;nao metropolitana;mata atlantica;351,44;Aw;11158;62,56;92,53;71,97
3133303;Episódico/Epidêmico;Episódico/Epidêmico;Se manteve;23,4;67;239;332,3;288,3;3;258;Itaobim;31;MG;nao metropolitana;mata atlantica;518,33;As;19025;23,1;85,01;77,59
3133402;Episódico/Epidêmico;Epidêmico;Piorou;24,4;61,9;337,1;341,3;208,7;3,3;193,3;Itapagipe;31;MG;nao metropolitana;cerrado;496,7;Aw;14896;74,51;96,12;71,06
3133501;Episódico/Epidêmico;Episódico/Epidêmico;Se manteve;21;69,5;491;251,3;297,3;8,3;204;Itapecerica;31;MG;nao metropolitana;mata atlantica;901,84;Cwb;21534;73,63;91,68;82,81
3133600;Episódico;Episódico;Se manteve;18,8;75,9;507,1;153,3;341,3;5;139,7;Itapeva;31;MG;nao metropolitana;mata atlantica;1169,16;Cfb;12305;70,88;89,84;94,88
3133709;Episódico/Epidêmico;Episódico/Epidêmico;Se manteve;20,9;70,5;441,4;246,7;311;8,7;207,7;Itatiaiuçu;31;MG;metropolitana;mata atlantica;1002,63;Cwb;16257;73,36;84,61;83,14
3133758;Episódico/Epidêmico;Episódico/Epidêmico;Se manteve;20,7;70,9;455,1;240,7;301,3;5,3;195,3;Itaú De Minas;31;MG;nao metropolitana;cerrado;795,93;Cwa;14293;96,52;99,31;98,87
3133808;Episódico/Epidêmico;Episódico/Epidêmico;Se manteve;21,4;68,8;416,6;267,3;295;8;214,3;Itaúna;31;MG;metropolitana;mata atlantica;898,05;Cwb;95967;96;99,32;98,22
3133907;Episódico;Sem transmissão;Melhorou;20,3;76,5;506,2;209,7;353,3;7,3;200;Itaverava;31;MG;nao metropolitana;mata atlantica;872,82;Cwb;5650;31,64;77,27;44,43
3134004;Episódico/Epidêmico;Episódico;Melhorou;24;65,1;242,1;343,3;259,3;3,7;240,7;Itinga;31;MG;nao metropolitana;mata atlantica;566,73;As;12569;46,27;77,77;55,16
3134103;Episódico/Epidêmico;Episódico;Melhorou;23,7;72,6;348,7;340;358,3;6;333,7;Itueta;31;MG;nao metropolitana;mata atlantica;239,42;Aw;5804;54,9;87,45;54,09
3134202;Epidêmico;Epidêmico;Se manteve;24,6;59,6;296,4;353;182,7;1,3;175,3;Ituiutaba;31;MG;nao metropolitana;cerrado;567,67;Aw;97409;93,83;98,83;95,16
3134301;Episódico;Episódico;Se manteve;19,9;72,6;434,6;200,7;330,3;4,3;179,7;Itumirim;31;MG;nao metropolitana;mata atlantica;928,68;Cwb;6642;58,04;96,61;89,4
3134400;Episódico/Epidêmico;Epidêmico;Piorou;24,7;62,9;308;345,7;219;2,7;204,7;Iturama;31;MG;nao metropolitana;cerrado;433,68;Aw;38172;88,99;94,2;95,74
3134509;Episódico;Sem transmissão;Melhorou;19,9;72,6;434,6;200,7;330,3;4,3;179,7;Itutinga;31;MG;nao metropolitana;mata atlantica;990,25;Cwb;4218;49,36;92,07;77,04
3134608;Episódico/Epidêmico;Epidêmico;Piorou;21,3;69,4;362,8;261;306;5,7;216,3;Jaboticatubas;31;MG;metropolitana;cerrado;905,96;Cwa;19697;47,2;87,74;64,19
3134707;Episódico/Epidêmico;Episódico;Melhorou;23,1;76,9;327,7;334,3;364;5;332,3;Jacinto;31;MG;nao metropolitana;mata atlantica;352,29;Aw;10793;45,45;89,14;64,07
3134806;Episódico/Epidêmico;Episódico/Epidêmico;Se manteve;20,7;70;502;238,7;292,3;5;190,7;Jacuí;31;MG;nao metropolitana;mata atlantica;1030,47;Cwb;7515;57,38;89,33;94,44
3134905;Episódico/Epidêmico;Episódico/Epidêmico;Se manteve;20,7;68,9;395,7;232;292;5,7;183;Jacutinga;31;MG;nao metropolitana;mata atlantica;888,07;Cwb;25538;89,73;97,91;93,1
3135001;Episódico/Epidêmico;Episódico;Melhorou;22,9;72,3;468,9;308,7;334;8;280;Jaguaraçu;31;MG;nao metropolitana;mata atlantica;564,01;Cwa;3106;79,51;92,01;89,3
3135050;Episódico/Epidêmico;Episódico/Epidêmico;Se manteve;25,5;59,3;289,2;364,7;160,3;6;160,3;Jaíba;31;MG;nao metropolitana;caatinga;491,37;As;36945;19,79;86,27;64,52
3135076;Episódico/Epidêmico;Episódico;Melhorou;24,3;68,8;289;351,3;322,7;5;310;Jampruca;31;MG;nao metropolitana;mata atlantica;310,89;Aw;4261;45,23;92,62;47,66
3135100;Epidêmico;Epidêmico;Se manteve;24,9;59,5;261,1;361,3;160,3;4,3;160,3;Janaúba;31;MG;nao metropolitana;caatinga;563,09;As;70001;16,3;95,84;84,89
3135209;Episódico/Epidêmico;Episódico/Epidêmico;Se manteve;24,7;60,5;302,8;362;174;6;174;Januária;31;MG;nao metropolitana;cerrado;642,8;Aw;65279;38,97;76;49,39
3135308;Episódico/Epidêmico;Episódico;Melhorou;21,3;69;429,1;259,7;290;6,3;206;Japaraíba;31;MG;nao metropolitana;cerrado;704,83;Cwa;4509;62,62;99,14;81,35
3135357;Episódico/Epidêmico;Episódico/Epidêmico;Se manteve;23,5;62,3;334,6;344,3;200,7;5,7;195,7;Japonvar;31;MG;nao metropolitana;cerrado;752,06;As;7861;0,91;94,84;41,81
3135407;Episódico;Episódico;Se manteve;19,8;74,1;448;191,7;336,7;6,3;174,3;Jeceaba;31;MG;nao metropolitana;mata atlantica;978,47;Cwb;6344;47,18;75,64;56,15
3135456;Episódico;Episódico/Epidêmico;Piorou;23,4;66,2;246,9;333;282,3;3,3;254,7;Jenipapo De Minas;31;MG;nao metropolitana;mata atlantica;590,79;As;6000;31,43;63,2;42,29
3135506;Episódico/Epidêmico;Episódico/Epidêmico;Se manteve;21,7;71,8;369,8;269,3;339;5;246;Jequeri;31;MG;nao metropolitana;mata atlantica;629,99;Cwa;12693;57,71;86,08;56,15
3135605;Episódico/Epidêmico;Episódico;Melhorou;23,3;62,7;303,4;329,7;209,3;2,7;197,7;Jequitaí;31;MG;nao metropolitana;cerrado;668,69;Aw;6449;1,75;76,17;52,77
3135704;Episódico/Epidêmico;Episódico;Melhorou;21,6;68;349,6;274,7;290,7;4,7;214,3;Jequitibá;31;MG;nao metropolitana;cerrado;700,01;Cwa;5900;24,35;84,21;37,7
3135803;Episódico/Epidêmico;Episódico;Melhorou;22,9;73;285,9;319;351;3;304,7;Jequitinhonha;31;MG;nao metropolitana;mata atlantica;603,55;As;22262;38,47;85,2;67,34
3135902;Episódico;Sem transmissão;Melhorou;18,8;74,5;472,7;149,3;342,7;4;138,7;Jesuânia;31;MG;nao metropolitana;mata atlantica;1004,2;Cwb;5138;76,85;92,24;69,23
3136009;Episódico;Episódico;Se manteve;23,1;73;300,7;316,7;344,3;3,7;295,7;Joaíma;31;MG;nao metropolitana;mata atlantica;595,44;As;12732;61,33;87,12;68,54
3136108;Episódico/Epidêmico;Episódico/Epidêmico;Se manteve;22,3;72,6;458,3;290,7;337,7;8,7;265,7;Joanésia;31;MG;nao metropolitana;mata atlantica;535,88;Aw;4333;26,58;90,07;40,93
3136207;Episódico/Epidêmico;Episódico/Epidêmico;Se manteve;20,4;74,7;476,6;217;348,3;7,3;204,3;João Monlevade;31;MG;nao metropolitana;mata atlantica;838,65;Cwb;75838;93,2;98,7;99,02
3136306;Epidêmico;Epidêmico;Se manteve;23,7;62;337;346,7;199,3;5,7;197;João Pinheiro;31;MG;nao metropolitana;cerrado;679,89;Aw;47702;79,48;90,71;84,13
3136405;Episódico;Episódico/Epidêmico;Piorou;22,1;66,2;369,5;294;267,3;3,3;218,7;Joaquim Felício;31;MG;nao metropolitana;cerrado;798,58;Aw;3778;27,43;69,82;55,17
3136504;Episódico/Epidêmico;Episódico;Melhorou;24;75,6;331,3;358;365;5,3;357;Jordânia;31;MG;nao metropolitana;mata atlantica;335,57;Aw;8866;63,73;83,8;73,18
3136520;Episódico;Episódico;Se manteve;23,4;66,2;246,9;333;282,3;3,3;254,7;José Gonçalves De Minas;31;MG;nao metropolitana;cerrado;731,09;As;3922;33,01;63,67;43,15
3136553;Episódico;Episódico/Epidêmico;Piorou;22,6;71,2;369,9;303;331,7;6,3;271;José Raydan;31;MG;nao metropolitana;mata atlantica;508,56;Aw;4267;32,95;78,78;44,21
3136579;Episódico;Episódico;Se manteve;22,8;67,6;282;319,7;284,7;2,3;246,3;Josenópolis;31;MG;nao metropolitana;cerrado;738,37;As;3607;51,28;67,94;48,22
3136603;Episódico/Epidêmico;Episódico;Melhorou;20,4;74,7;476,6;217;348,3;7,3;204,3;Nova União;31;MG;metropolitana;cerrado;1026,69;Cwb;5729;69,02;88,62;74,84
3136652;Episódico/Epidêmico;Episódico/Epidêmico;Se manteve;20,4;71,7;425,4;224,3;323;7,7;197,3;Juatuba;31;MG;metropolitana;cerrado;822,71;Cwa;31409;52,82;95,6;91,05
3136702;Epidêmico;Epidêmico;Se manteve;20,8;77,5;546,4;227;359;8;221;Juiz De Fora;31;MG;metropolitana;mata atlantica;761,34;Cwb;557777;94,48;98,27;99,11
3136801;Episódico;Episódico;Se manteve;22,3;65,7;304,5;304,3;261,7;3,3;219,3;Juramento;31;MG;nao metropolitana;cerrado;871,67;As;3585;39,2;61,8;62,05
3136900;Episódico/Epidêmico;Episódico/Epidêmico;Se manteve;20,3;72,3;484,6;220,3;315;4,3;185;Juruaia;31;MG;nao metropolitana;mata atlantica;932;Cwb;11000;52,68;69,25;79,75
3136959;Episódico/Epidêmico;Episódico/Epidêmico;Se manteve;25,2;60,8;277,3;365;170,3;3,7;170;Juvenília;31;MG;nao metropolitana;caatinga;502;As;5793;7,81;82,39;52,02
3137007;Episódico/Epidêmico;Episódico;Melhorou;22;74,8;362,7;278,3;350,7;4;263,3;Ladainha;31;MG;nao metropolitana;mata atlantica;690,32;Cwa;13868;20,49;81,64;27,42
3137106;Episódico/Epidêmico;Episódico/Epidêmico;Se manteve;22;65,6;380,7;299;242;5,7;213,7;Lagamar;31;MG;nao metropolitana;cerrado;730,5;Aw;7106;72,49;86,49;72,12
3137205;Epidêmico;Epidêmico;Se manteve;22,1;67,3;394,1;292,3;273;5,7;226,3;Lagoa Da Prata;31;MG;nao metropolitana;cerrado;705,62;Cwa;52051;95,98;99,44;97,33
3137304;Episódico/Epidêmico;Episódico;Melhorou;23,3;62,7;303,4;329,7;209,3;2,7;197,7;Lagoa Dos Patos;31;MG;nao metropolitana;cerrado;612,81;Aw;3293;1;77,98;68,15
3137403;Episódico/Epidêmico;Episódico/Epidêmico;Se manteve;19,2;77;497,4;163,7;351;6;154,7;Lagoa Dourada;31;MG;nao metropolitana;mata atlantica;1023,55;Cwb;12611;61,88;94,19;75,69
3137502;Episódico/Epidêmico;Episódico/Epidêmico;Se manteve;21,3;66,9;425,1;276,7;256;4,3;204,3;Lagoa Formosa;31;MG;nao metropolitana;cerrado;898,96;Cwa;19050;73,33;94,89;76,25
3137536;Episódico/Epidêmico;Epidêmico;Piorou;23,4;63,4;337,6;335,7;219,7;4,7;213;Lagoa Grande;31;MG;nao metropolitana;cerrado;578,81;Aw;9096;37,36;92,44;78,23
3137601;Epidêmico;Epidêmico;Se manteve;21,3;69,4;362,8;261;306;5,7;216,3;Lagoa Santa;31;MG;metropolitana;cerrado;754,94;Cwa;70678;54,78;98,46;97,36
3137700;Episódico/Epidêmico;Episódico/Epidêmico;Se manteve;20,7;75,4;386,9;223,7;358;6,7;217;Lajinha;31;MG;nao metropolitana;mata atlantica;725,17;Cwa;20667;42,68;87,25;64,86
3137809;Episódico;Episódico;Se manteve;18,8;74,5;472,7;149,3;342,7;4;138,7;Lambari;31;MG;nao metropolitana;mata atlantica;1053,73;Cwb;20449;76,33;89,29;91,79
3137908;Episódico;Episódico;Se manteve;19,7;76,9;488;185,7;353;6;178;Lamim;31;MG;nao metropolitana;mata atlantica;778,99;Cwb;3184;30,9;84,09;48,13
3138005;Episódico/Epidêmico;Episódico/Epidêmico;Se manteve;22,6;75,8;467,2;293;360,3;7;288,7;Laranjal;31;MG;nao metropolitana;mata atlantica;260,59;Aw;5806;82,61;94,12;81,61
3138104;Episódico/Epidêmico;Episódico/Epidêmico;Se manteve;22,7;64,6;333,8;310,3;242,3;2,7;214,7;Lassance;31;MG;nao metropolitana;cerrado;789,52;Aw;7089;3,79;83,79;69,65
3138203;Episódico/Epidêmico;Epidêmico;Piorou;19,9;72,6;434,6;200,7;330,3;4,3;179,7;Lavras;31;MG;nao metropolitana;mata atlantica;913,31;Cwb;98602;94,86;98,01;95,47
3138302;Episódico/Epidêmico;Episódico;Melhorou;22;67,2;421,1;288;272,3;8,3;219,3;Leandro Ferreira;31;MG;nao metropolitana;cerrado;723,2;Cwa;3121;71,98;94,75;73,67
3138351;Episódico/Epidêmico;Episódico/Epidêmico;Se manteve;22,3;68,3;331,4;298,7;298,7;5,7;238,7;Leme Do Prado;31;MG;nao metropolitana;cerrado;741,83;As;4312;60,48;81;67,35
3138401;Episódico/Epidêmico;Epidêmico;Piorou;21,8;77;541,6;268,3;362,3;8;266;Leopoldina;31;MG;nao metropolitana;mata atlantica;324,17;Aw;49020;87,08;96,48;91,11
3138500;Episódico;Episódico;Se manteve;18,5;79,2;677,5;132;358,3;8,3;128;Liberdade;31;MG;nao metropolitana;mata atlantica;1185,82;Cwb;4713;73,23;88,25;73,88
3138609;Episódico/Epidêmico;Episódico/Epidêmico;Se manteve;19,4;78,4;582,4;171;357,7;7,3;165,3;Lima Duarte;31;MG;nao metropolitana;mata atlantica;1000,52;Cwb;17248;72,97;89,01;88,99
3138625;Episódico/Epidêmico;Epidêmico;Piorou;24,9;62,8;301,5;347;218,7;3,7;205;Limeira Do Oeste;31;MG;nao metropolitana;cerrado;421,62;Aw;8582;63,33;90,3;70,45
3138658;Episódico/Epidêmico;Episódico/Epidêmico;Se manteve;23,5;62,3;334,6;344,3;200,7;5,7;195,7;Lontra;31;MG;nao metropolitana;cerrado;779,94;As;8778;1,25;91,84;57
3138674;Episódico;Episódico;Se manteve;20,2;76,9;462,6;205,3;359,7;6,3;200,3;Luisburgo;31;MG;nao metropolitana;mata atlantica;1075,97;Cwb;6961;28,24;76,88;40,37
3138682;Episódico/Epidêmico;Episódico/Epidêmico;Se manteve;24,4;60,1;285,2;361;174,3;3,7;174,3;Luislândia;31;MG;nao metropolitana;cerrado;724,98;As;6158;0,59;77,34;43,55
3138708;Episódico;Episódico;Se manteve;19,9;72,6;447,6;200,3;330;3,3;179;Luminárias;31;MG;nao metropolitana;mata atlantica;1027,29;Cwb;5586;74,76;94,34;79,63
3138807;Episódico/Epidêmico;Episódico/Epidêmico;Se manteve;22;67,7;455,3;290,3;271;5;225;Luz;31;MG;nao metropolitana;cerrado;677,76;Cwa;17972;87,58;95,68;90,03
3138906;Episódico/Epidêmico;Episódico/Epidêmico;Se manteve;23,8;71,8;302,5;335,3;332;3,3;301,7;Machacalis;31;MG;nao metropolitana;mata atlantica;321,18;Aw;6440;76,16;95,54;80,11
3139003;Episódico/Epidêmico;Episódico/Epidêmico;Se manteve;20,5;71,4;398,6;227,7;314,3;3;192,3;Machado;31;MG;nao metropolitana;mata atlantica;917,42;Cwb;36932;82,34;96,88;91,54
3139102;Episódico;Episódico;Se manteve;18,8;77,3;454;151,3;353;6;143,3;Madre De Deus De Minas;31;MG;nao metropolitana;mata atlantica;994,01;Cwb;5191;78,02;93,93;81,98
3139201;Episódico/Epidêmico;Episódico/Epidêmico;Se manteve;22,1;73,1;365;285;341,7;5,3;261;Malacacheta;31;MG;nao metropolitana;mata atlantica;677,51;Aw;16905;64,59;89,09;56,8
3139250;Episódico/Epidêmico;Episódico/Epidêmico;Se manteve;24,9;60;265,8;362;171;4;170,3;Mamonas;31;MG;nao metropolitana;caatinga;790,67;As;5993;5,05;86,86;41,13
3139300;Episódico/Epidêmico;Episódico/Epidêmico;Se manteve;25,2;60,4;282,3;364;166;4;165,7;Manga;31;MG;nao metropolitana;caatinga;517,72;As;18882;4,48;77,39;67,09
3139409;Epidêmico;Epidêmico;Se manteve;20;75,5;427,5;198;359,3;5,3;192,7;Manhuaçu;31;MG;nao metropolitana;mata atlantica;883,51;Cwb;88787;74;94,2;87,13
3139508;Episódico/Epidêmico;Episódico/Epidêmico;Se manteve;20;75,5;427,5;198;359,3;5,3;192,7;Manhumirim;31;MG;nao metropolitana;mata atlantica;817,56;Cwb;19812;70,27;95,16;83,54
3139607;Episódico/Epidêmico;Episódico/Epidêmico;Se manteve;23,2;73,5;319,7;325;359,3;5,7;320;Mantena;31;MG;nao metropolitana;mata atlantica;387,99;Aw;26352;78,44;95,47;78,65
3139706;Episódico/Epidêmico;Episódico/Epidêmico;Se manteve;22,5;66;396,6;304;257;7,3;222,3;Maravilhas;31;MG;nao metropolitana;mata atlantica;761,21;Cwa;7300;63,57;97,47;80,32
3139805;Episódico/Epidêmico;Episódico/Epidêmico;Se manteve;21;78;565,8;234;362,7;10;231,7;Mar De Espanha;31;MG;nao metropolitana;mata atlantica;550,46;Cwa;12400;86,37;98,33;91,62
3139904;Episódico;Episódico;Se manteve;19;73,8;473;154,7;329;3,3;137;Maria Da Fé;31;MG;nao metropolitana;mata atlantica;1273,39;Cwb;14241;66,23;79,51;82,62
3140001;Episódico/Epidêmico;Episódico/Epidêmico;Se manteve;20,1;75,8;584,9;202;353;8,3;192,7;Mariana;31;MG;nao metropolitana;mata atlantica;780,37;Cwa;64890;78,09;95,48;90,14
3140100;Episódico/Epidêmico;Episódico;Melhorou;23,6;70,2;375,7;337;328;7;301,7;Marilac;31;MG;nao metropolitana;mata atlantica;288,68;Aw;4044;80,12;98,01;63,83
3140159;Episódico/Epidêmico;Episódico/Epidêmico;Se manteve;20,9;70,5;441,4;246,7;311;8,7;207,7;Mário Campos;31;MG;metropolitana;mata atlantica;914,65;Cwb;15969;44,11;97,15;96,59
3140209;Episódico;Episódico/Epidêmico;Piorou;21,8;77;541,6;268,3;362,3;8;266;Maripá De Minas;31;MG;nao metropolitana;mata atlantica;593,3;Cwa;3383;62,3;95,49;88,82
3140308;Episódico/Epidêmico;Episódico/Epidêmico;Se manteve;22,9;72,3;468,9;308,7;334;8;280;Marliéria;31;MG;nao metropolitana;mata atlantica;384,32;Aw;4577;79,5;91,4;87,14
3140407;Episódico;Sem transmissão;Melhorou;18,6;76,2;584;135,3;347,7;6;126,7;Marmelópolis;31;MG;nao metropolitana;mata atlantica;1570,04;Cwb;3169;60,78;75,8;85,08
3140506;Episódico/Epidêmico;Episódico/Epidêmico;Se manteve;22,9;65,3;407,4;315,3;242;7;220,3;Martinho Campos;31;MG;nao metropolitana;cerrado;669,09;Cwa;13979;41,4;96,17;83,85
3140530;Episódico;Episódico;Se manteve;20;75,5;427,5;198;359,3;5,3;192,7;Martins Soares;31;MG;nao metropolitana;mata atlantica;797,73;Cwb;8267;51,59;82,33;64,13
3140555;Episódico/Epidêmico;Episódico/Epidêmico;Se manteve;22,1;78,3;389;293;364,3;6,3;291,3;Mata Verde;31;MG;nao metropolitana;mata atlantica;615,71;As;10096;72,22;91,73;80,23
3140605;Episódico;Episódico;Se manteve;21,3;72,9;368;256,7;338,7;4;232,7;Materlândia;31;MG;nao metropolitana;mata atlantica;791,5;Cwa;3845;38,75;90,23;40,39
3140704;Epidêmico;Episódico/Epidêmico;Melhorou;21,4;69,2;423,8;269,3;301,3;7,7;219,7;Mateus Leme;31;MG;metropolitana;cerrado;893,52;Cwb;43996;61,4;94,2;88,56
3140803;Episódico/Epidêmico;Episódico/Epidêmico;Se manteve;20,8;77,5;546,4;227;359;8;221;Matias Barbosa;31;MG;nao metropolitana;mata atlantica;609,73;Cwa;14019;71,91;97,05;96,03
3140852;Episódico/Epidêmico;Episódico/Epidêmico;Se manteve;25,2;60,4;282,3;364;166;4;165,7;Matias Cardoso;31;MG;nao metropolitana;caatinga;467,67;As;8879;20,89;70,41;40,34
3140902;Episódico/Epidêmico;Episódico;Melhorou;20,8;73,7;401,1;233;354,3;4,7;223,7;Matipó;31;MG;nao metropolitana;mata atlantica;754,7;Cwa;18506;71,27;96,03;75,61
3141009;Episódico/Epidêmico;Episódico/Epidêmico;Se manteve;22,1;67,2;302,7;300,3;273,3;3,7;220,7;Mato Verde;31;MG;nao metropolitana;caatinga;706,65;As;12045;1,53;92,05;70,55
3141108;Episódico/Epidêmico;Episódico/Epidêmico;Se manteve;21,7;68,2;378,7;281,3;294,7;7,3;223,3;Matozinhos;31;MG;metropolitana;cerrado;774,23;Cwa;36927;67,55;96,57;97,54
3141207;Episódico/Epidêmico;Episódico/Epidêmico;Se manteve;21,7;66,5;472,1;285;248;7,3;206,3;Matutina;31;MG;nao metropolitana;cerrado;1005,77;Cwb;3807;84,35;96,12;84,49
3141306;Episódico;Episódico;Se manteve;21,2;68,5;475;263,3;272,7;6;205,7;Medeiros;31;MG;nao metropolitana;cerrado;965,89;Cwb;3965;69,14;84,04;58,7
3141405;Episódico/Epidêmico;Episódico/Epidêmico;Se manteve;22,3;71,9;311;302;341,7;4;279;Medina;31;MG;nao metropolitana;mata atlantica;684,61;As;19199;69,27;90,64;72,15
3141504;Episódico;Episódico;Se manteve;23,7;70,8;291,1;338,3;342,7;4,3;317;Mendes Pimentel;31;MG;nao metropolitana;mata atlantica;398,05;Aw;5535;49,4;90,36;57,01
3141603;Episódico;Episódico;Se manteve;21,5;76,4;497,5;255;357,3;8;248;Mercês;31;MG;nao metropolitana;mata atlantica;674,26;Cwa;9865;67,43;85,79;74,8
3141702;Episódico/Epidêmico;Episódico/Epidêmico;Se manteve;23,6;70,5;325,8;330,3;325,3;6,3;291;Mesquita;31;MG;nao metropolitana;mata atlantica;555,86;Aw;5043;58,68;88,91;52,3
3141801;Episódico/Epidêmico;Episódico/Epidêmico;Se manteve;22;70;286,4;289,7;315,7;3,3;243,7;Minas Novas;31;MG;nao metropolitana;cerrado;796,69;Cwa;24117;18,62;55,44;39,49
3141900;Episódico;Episódico;Se manteve;18,4;77,8;499,3;127,3;352;4,7;120,3;Minduri;31;MG;nao metropolitana;mata atlantica;1043,06;Cwb;3690;88,47;95,57;89,45
3142007;Episódico/Epidêmico;Epidêmico;Piorou;23,3;62;295,2;338,3;199,7;2,3;194,3;Mirabela;31;MG;nao metropolitana;cerrado;822,03;As;13286;7,91;89,15;59,46
3142106;Episódico/Epidêmico;Episódico/Epidêmico;Se manteve;22,6;75,5;466,7;292;358,3;6,7;284,7;Miradouro;31;MG;nao metropolitana;mata atlantica;755,1;Cwb;8935;64,39;89,14;68,75
3142205;Episódico/Epidêmico;Episódico/Epidêmico;Se manteve;22,9;75,6;456,2;307;360;6,7;301,3;Miraí;31;MG;nao metropolitana;mata atlantica;571,69;Cwa;13630;86,25;96,54;87,06
3142254;Episódico;Episódico/Epidêmico;Piorou;24,8;60,9;281,2;363;171,3;3,7;171;Miravânia;31;MG;nao metropolitana;cerrado;699,41;As;3984;3,05;90,23;23,53
3142304;Episódico/Epidêmico;Episódico/Epidêmico;Se manteve;20,1;72,7;425,4;206,7;329,3;6,7;184,3;Moeda;31;MG;metropolitana;mata atlantica;996,1;Cwb;5186;34,14;60,18;79,31
3142403;Episódico/Epidêmico;Episódico;Melhorou;22,4;66,7;402,5;301;265,7;5,7;228,7;Moema;31;MG;nao metropolitana;cerrado;686,24;Cwa;8302;70,72;99,21;91,28
3142502;Episódico/Epidêmico;Episódico/Epidêmico;Se manteve;22,2;65,3;302,2;296,3;264;1;218;Monjolos;31;MG;nao metropolitana;cerrado;890,58;Cwb;2154;2,92;77,81;49,2
3142601;Episódico/Epidêmico;Episódico;Melhorou;20,1;72,2;426,7;210;324,7;2;185;Monsenhor Paulo;31;MG;nao metropolitana;mata atlantica;916,62;Cwb;8336;80,19;93,09;77,18
3142700;Epidêmico;Epidêmico;Se manteve;25,5;60,1;262,4;365,3;161;4,7;160,7;Montalvânia;31;MG;nao metropolitana;cerrado;621,14;Aw;14065;7,78;79,42;57,25
3142809;Episódico/Epidêmico;Epidêmico;Piorou;24;60,6;316,8;347,7;191;1,7;182,3;Monte Alegre De Minas;31;MG;nao metropolitana;cerrado;730,75;Aw;20004;73,64;98,4;76,61
3142908;Episódico/Epidêmico;Episódico/Epidêmico;Se manteve;22,1;67;288,7;306;274,7;3,7;226,7;Monte Azul;31;MG;nao metropolitana;caatinga;679,21;As;20345;9,54;87,33;58,22
3143005;Episódico;Episódico/Epidêmico;Piorou;20,3;72,3;484,6;220,3;315;4,3;185;Monte Belo;31;MG;nao metropolitana;mata atlantica;877,77;Cwb;13092;70,14;87,14;79,76
3143104;Epidêmico;Epidêmico;Se manteve;22,3;63,9;341,7;309,7;223;4;206;Monte Carmelo;31;MG;nao metropolitana;cerrado;872,55;Cwa;47267;89,28;97,93;91,47
3143153;Episódico;Episódico;Se manteve;22;73,1;316,4;279,3;339,7;2,7;254;Monte Formoso;31;MG;nao metropolitana;mata atlantica;801,08;Cwa;4381;35,08;75,55;39,17
3143203;Episódico/Epidêmico;Episódico/Epidêmico;Se manteve;20,7;70;502;238,7;292,3;5;190,7;Monte Santo De Minas;31;MG;nao metropolitana;mata atlantica;905,48;Cwb;20881;86,52;96,75;83,19
3143302;Epidêmico;Transmissão Persistente;Piorou;22,3;65,7;304,5;304,3;261,7;3,3;219,3;Montes Claros;31;MG;metropolitana;cerrado;780,58;As;436970;93,04;95,05;94,16
3143401;Episódico/Epidêmico;Episódico;Melhorou;18,9;73,4;483,6;156,7;324,7;5;137;Monte Sião;31;MG;nao metropolitana;mata atlantica;875,83;Cwb;23715;86,39;94,36;90,72
3143450;Episódico;Episódico;Se manteve;22,2;67,6;263,9;309,3;282;1;235,7;Montezuma;31;MG;nao metropolitana;cerrado;960,46;Cwb;6901;27,79;84,26;41,1
3143500;Episódico/Epidêmico;Epidêmico;Piorou;23,7;67;376,1;342,7;274,3;5,7;259,7;Morada Nova De Minas;31;MG;nao metropolitana;cerrado;631,36;Aw;8988;2,51;88,85;75,16
3143609;Episódico/Epidêmico;Episódico;Melhorou;23;64,3;346,7;319;232,7;4,3;215;Morro Da Garça;31;MG;nao metropolitana;cerrado;677,27;Aw;2593;41,71;74,25;54,33
3143708;Episódico;Episódico;Se manteve;20,8;73,9;475,3;238,3;336,3;6,7;217,3;Morro Do Pilar;31;MG;nao metropolitana;mata atlantica;828,42;Cwa;2977;48,83;90;61,74
3143807;Episódico;Episódico;Se manteve;18,9;73,4;483,6;156,7;324,7;5;137;Munhoz;31;MG;nao metropolitana;mata atlantica;1368,81;Cfb;7618;48,87;88,69;94,71
3143906;Epidêmico;Epidêmico;Se manteve;23,3;75,1;414,5;318,7;358,3;6,3;312;Muriaé;31;MG;nao metropolitana;mata atlantica;434,4;Cwa;103649;89;98,94;94,13
3144003;Episódico/Epidêmico;Episódico/Epidêmico;Se manteve;22,1;72,5;364,3;289;350,7;6;277,7;Mutum;31;MG;nao metropolitana;mata atlantica;483,64;Aw;27634;47,83;86,41;49,31
3144102;Episódico/Epidêmico;Episódico/Epidêmico;Se manteve;20,5;71,1;465,7;228,7;303;2,3;186;Muzambinho;31;MG;nao metropolitana;mata atlantica;1007,9;Cwb;21935;83,53;89,41;87,9
3144201;Episódico;Episódico;Se manteve;23,6;69,8;333;338;325,3;5,7;299;Nacip Raydan;31;MG;nao metropolitana;mata atlantica;447,4;Aw;2513;60,95;86,91;58,97
3144300;Episódico/Epidêmico;Episódico/Epidêmico;Se manteve;24,3;73,4;307,4;355,3;352,3;4;342;Nanuque;31;MG;nao metropolitana;mata atlantica;235,33;Aw;34668;79,39;98,14;88,23
3144359;Episódico/Epidêmico;Episódico/Epidêmico;Se manteve;23,3;70,2;314,8;325;332,3;5;294,7;Naque;31;MG;nao metropolitana;mata atlantica;251,26;Aw;6331;79,83;99,46;86,56
3144375;Episódico/Epidêmico;Epidêmico;Piorou;23,7;63,2;334,2;345,7;215,7;3;210,3;Natalândia;31;MG;nao metropolitana;cerrado;617,68;Aw;3514;55,76;81,1;74,28
3144409;Episódico;Episódico;Se manteve;19,8;72,3;438,2;198,3;325,3;3;175;Natércia;31;MG;nao metropolitana;mata atlantica;1065,67;Cwb;4580;50,99;81,39;96,12
3144508;Episódico;Episódico/Epidêmico;Piorou;19,6;74,6;422,6;186;344,3;5,7;170,7;Nazareno;31;MG;nao metropolitana;mata atlantica;935,12;Cwb;8192;68,13;95,71;84,55
3144607;Episódico/Epidêmico;Episódico/Epidêmico;Se manteve;20,7;70,6;404,5;233,3;314,7;4;197,7;Nepomuceno;31;MG;nao metropolitana;mata atlantica;876,56;Cwb;24869;80,15;95,07;79,18
3144656;Episódico/Epidêmico;Episódico;Melhorou;22,1;69,6;274,8;305;313,7;4;257,3;Ninheira;31;MG;nao metropolitana;mata atlantica;850,02;Cwa;9331;14,38;55,34;31,8
3144672;Episódico;Episódico;Se manteve;23,4;74,6;329;336,3;361,3;6,3;333;Nova Belém;31;MG;nao metropolitana;mata atlantica;647,5;Cfa;3049;44,89;88,08;35,61
3144706;Episódico/Epidêmico;Episódico/Epidêmico;Se manteve;21,1;73,7;439,6;249;347;7;233,7;Nova Era;31;MG;nao metropolitana;mata atlantica;715,78;Cwa;16920;84,1;88,35;96,61
3144805;Epidêmico;Epidêmico;Se manteve;19,4;75,8;555,5;172,7;350,7;7;163;Nova Lima;31;MG;metropolitana;mata atlantica;1119,45;Cwb;117819;94,17;94,79;99,5
3144904;Episódico;Episódico/Epidêmico;Piorou;23,5;71,6;300,1;334,7;344;6;314,3;Nova Módica;31;MG;nao metropolitana;mata atlantica;427,5;Aw;3614;53,9;94,43;63,76
3145000;Episódico/Epidêmico;Episódico/Epidêmico;Se manteve;21,5;66,7;384;288,3;254;2,7;209,7;Nova Ponte;31;MG;nao metropolitana;cerrado;939,77;Cwb;15731;85,68;96,82;86,65
3145059;Episódico/Epidêmico;Episódico/Epidêmico;Se manteve;24,9;59,5;261,1;361,3;160,3;4,3;160,3;Nova Porteirinha;31;MG;nao metropolitana;caatinga;550,22;As;6660;24,76;90,12;60,26
3145109;Episódico;Episódico/Epidêmico;Piorou;20,4;72,4;524,6;226,3;315,7;7,7;191,7;Nova Resende;31;MG;nao metropolitana;mata atlantica;1069,93;Cwb;16545;48,38;73,63;65,33
3145208;Epidêmico;Epidêmico;Se manteve;22,1;67;442,9;291;266,3;8,7;219,7;Nova Serrana;31;MG;nao metropolitana;cerrado;748,18;Cwa;114497;93,6;98,52;98,17
3145307;Episódico/Epidêmico;Episódico/Epidêmico;Se manteve;21,4;74,3;346,3;258;344,7;3,3;237,7;Novo Cruzeiro;31;MG;nao metropolitana;mata atlantica;850,51;Cwa;26850;35,6;72,51;31,69
3145356;Episódico/Epidêmico;Episódico/Epidêmico;Se manteve;23,6;72,2;328,6;333,7;335,3;4,3;303,3;Novo Oriente De Minas;31;MG;nao metropolitana;mata atlantica;516,98;Aw;10086;40,39;83,62;54,66
3145372;Episódico;Episódico;Se manteve;22,5;66,9;288,2;310,3;275;2,3;231;Novorizonte;31;MG;nao metropolitana;cerrado;797,79;As;4545;4,45;56,56;61,98
3145406;Episódico;Episódico;Se manteve;18,7;78,5;529,1;141,3;355,3;5,7;135;Olaria;31;MG;nao metropolitana;mata atlantica;1035,33;Cwb;1936;53,28;82,54;83,73
3145455;Episódico/Epidêmico;Episódico/Epidêmico;Se manteve;21,8;68,5;298,4;281;299;2,3;224,7;Olhos-D'água;31;MG;nao metropolitana;cerrado;865,84;Cwa;5340;16,97;72,21;54,37
3145505;Episódico;Sem transmissão;Melhorou;19,3;73,8;501,8;171;336,3;4,3;156,7;Olímpio Noronha;31;MG;nao metropolitana;mata atlantica;1022,95;Cwb;2555;93,86;98,49;88,97
3145604;Episódico/Epidêmico;Episódico/Epidêmico;Se manteve;20;72,2;471,2;205;322;6,7;178,3;Oliveira;31;MG;nao metropolitana;mata atlantica;1019,53;Cwb;39256;89,96;96,61;90,93
3145703;Episódico;Episódico;Se manteve;19,4;78,3;589,6;171,7;356,7;9,3;166;Oliveira Fortes;31;MG;nao metropolitana;mata atlantica;899,94;Cwb;1996;46,31;87,67;54,43
3145802;Episódico/Epidêmico;Episódico/Epidêmico;Se manteve;21,8;67,8;399,3;279,7;282,3;7;218,7;Onça De Pitangui;31;MG;nao metropolitana;mata atlantica;836,34;Cwa;2908;70,12;71,2;65,05
3145851;Episódico;Episódico;Se manteve;20,7;74,6;412,8;231;353;4,7;219,3;Oratórios;31;MG;nao metropolitana;mata atlantica;566,73;Cwa;4910;71,42;95,17;70,8
3145877;Episódico;Episódico;Se manteve;20,1;76,1;474,5;203;358;6;196;Orizânia;31;MG;nao metropolitana;mata atlantica;945,41;Cwb;8451;33,41;82,27;39,91
3145901;Episódico/Epidêmico;Episódico/Epidêmico;Se manteve;19,4;75,8;479,2;175,3;346;5,3;164;Ouro Branco;31;MG;nao metropolitana;mata atlantica;1128,89;Cwb;39206;90,8;93,94;93,59
3146008;Episódico/Epidêmico;Episódico/Epidêmico;Se manteve;19,3;71,9;472,4;172,3;316,3;4,7;147,7;Ouro Fino;31;MG;nao metropolitana;mata atlantica;983,68;Cwb;32131;75,2;93,58;93,03
3146107;Episódico/Epidêmico;Episódico/Epidêmico;Se manteve;20,3;76;528,3;209;352,7;6,7;198,7;Ouro Preto;31;MG;nao metropolitana;mata atlantica;1131,6;Cwb;76069;75,85;92,59;93,29
3146206;Episódico/Epidêmico;Episódico;Melhorou;23,3;72,3;306,9;329,7;344,7;5,3;309,3;Ouro Verde De Minas;31;MG;nao metropolitana;mata atlantica;572,17;Aw;5607;66,06;92,1;57,8
3146255;Episódico/Epidêmico;Episódico/Epidêmico;Se manteve;22,7;67,3;273,7;315,3;278,3;2,3;238,3;Padre Carvalho;31;MG;nao metropolitana;cerrado;800,12;As;5031;1,42;77,43;45,59
3146305;Episódico/Epidêmico;Episódico/Epidêmico;Se manteve;21,5;74,1;345,9;261,3;342,7;4;239,3;Padre Paraíso;31;MG;nao metropolitana;mata atlantica;823,84;Cwa;17163;64,12;75,73;61,21
3146404;Episódico/Epidêmico;Episódico/Epidêmico;Se manteve;23,2;65,1;388,4;322,7;238,3;5,7;221;Paineiras;31;MG;nao metropolitana;cerrado;642,48;Aw;4199;0,78;94,23;72,16
3146503;Episódico/Epidêmico;Episódico/Epidêmico;Se manteve;21,7;69,4;434,7;278,3;291,7;5,3;224,7;Pains;31;MG;nao metropolitana;cerrado;774,67;Cwa;7455;86,9;94,61;90,25
3146552;Episódico/Epidêmico;Episódico/Epidêmico;Se manteve;24,8;59,1;239,6;361;157,3;3;156,7;Pai Pedro;31;MG;nao metropolitana;caatinga;520,37;As;5568;1,16;58,34;34,8
3146602;Episódico;Episódico;Se manteve;19,4;78,3;589,6;171,7;356,7;9,3;166;Paiva;31;MG;nao metropolitana;mata atlantica;665,35;Cwa;1474;53,62;87,6;74,62
3146701;Episódico/Epidêmico;Episódico/Epidêmico;Se manteve;22,9;75,6;456,2;307;360;6,7;301,3;Palma;31;MG;nao metropolitana;mata atlantica;227,18;Aw;5692;77,45;96,93;78,37
3146750;Episódico;Episódico;Se manteve;22,2;77,2;346,1;297,7;364;5,7;296;Palmópolis;31;MG;nao metropolitana;mata atlantica;581,46;Aw;6307;37,91;86,02;67,6
3146909;Episódico/Epidêmico;Episódico/Epidêmico;Se manteve;22,5;65,5;354,5;304;250;4,3;215,7;Papagaios;31;MG;nao metropolitana;cerrado;716,85;Cwa;13724;29,77;97,42;86,97
3147006;Epidêmico;Epidêmico;Se manteve;24,1;62,8;346,6;350,3;212;3,7;208,3;Paracatu;31;MG;nao metropolitana;cerrado;699,86;Aw;94300;79,19;95,18;88,98
3147105;Epidêmico;Epidêmico;Se manteve;21,8;67,8;399,3;279,7;282,3;7;218,7;Pará De Minas;31;MG;metropolitana;mata atlantica;829,76;Cwa;97507;94,35;98,09;97,74
3147204;Episódico/Epidêmico;Episódico/Epidêmico;Se manteve;20,5;71,4;398,6;227,7;314,3;3;192,3;Paraguaçu;31;MG;nao metropolitana;mata atlantica;845,5;Cwb;21580;82,85;95,83;84,8
3147303;Episódico/Epidêmico;Episódico;Melhorou;18,3;75,6;537;122;337;5;110,3;Paraisópolis;31;MG;nao metropolitana;mata atlantica;1106,51;Cwb;20463;83,76;91,14;90,67
3147402;Episódico/Epidêmico;Epidêmico;Piorou;22,5;65,5;354,5;304;250;4,3;215,7;Paraopeba;31;MG;nao metropolitana;cerrado;752,56;Cwa;23776;77,77;93,54;85,35
3147501;Episódico;Episódico;Se manteve;20,7;73,7;503,7;233;336;9;213;Passabém;31;MG;nao metropolitana;mata atlantica;727,13;Cwa;1604;39,31;62,3;55,29
3147600;Episódico/Epidêmico;Episódico;Melhorou;18,3;77,3;591,4;120,3;352;6;114,7;Passa Quatro;31;MG;nao metropolitana;mata atlantica;1433,45;Cwb;15387;76,75;91,47;96,46
3147709;Episódico/Epidêmico;Episódico/Epidêmico;Se manteve;20;72,8;468,2;201,3;326;7;176,3;Passa Tempo;31;MG;nao metropolitana;mata atlantica;1003,14;Cwb;9204;72,94;92,37;77,56
3147808;Episódico;Episódico/Epidêmico;Piorou;19,4;78,7;591,9;170,3;358;6,7;165;Passa Vinte;31;MG;nao metropolitana;mata atlantica;968,89;Cwb;2232;60,35;88,51;72,84
3147907;Epidêmico;Epidêmico;Se manteve;20,8;71,8;461,9;245;311,3;5,7;203,7;Passos;31;MG;nao metropolitana;cerrado;817,75;Cwa;110555;96,75;99,13;97
3147956;Episódico;Episódico;Se manteve;23,5;62,3;334,6;344,3;200,7;5,7;195,7;Patis;31;MG;nao metropolitana;caatinga;772,55;As;5917;1,71;92,43;45,63
3148004;Epidêmico;Epidêmico;Se manteve;21,5;66,5;406,1;284,7;252;6;210,7;Patos De Minas;31;MG;nao metropolitana;cerrado;882,9;Cwa;159434;91,09;96,85;92,3
3148103;Episódico/Epidêmico;Epidêmico;Piorou;21,2;66,9;429,2;272,3;254,7;4;201;Patrocínio;31;MG;nao metropolitana;cerrado;946,8;Cwb;91901;87,15;96,51;89,26
3148202;Episódico;Episódico;Se manteve;22,6;75,5;466,7;292;358,3;6,7;284,7;Patrocínio Do Muriaé;31;MG;nao metropolitana;mata atlantica;245,28;Aw;5579;79,29;97,5;84,19
3148301;Episódico;Episódico;Se manteve;21;75,6;443,1;241,7;353,7;6,7;232;Paula Cândido;31;MG;nao metropolitana;mata atlantica;762,63;Cwb;8697;56,8;92,33;66,12
3148400;Episódico;Episódico;Se manteve;21,5;73,2;405,4;263,7;343;6;244,7;Paulistas;31;MG;nao metropolitana;mata atlantica;769,86;Cwa;4269;49,36;89,18;46,13
3148509;Episódico/Epidêmico;Episódico;Melhorou;24,2;71,4;294,3;351,7;340,3;4,3;326,7;Pavão;31;MG;nao metropolitana;mata atlantica;313,85;Aw;8044;62,15;92,77;60,66
3148608;Episódico;Episódico/Epidêmico;Piorou;21,5;73,2;405,4;263,7;343;6;244,7;Peçanha;31;MG;nao metropolitana;mata atlantica;728,39;Cwa;17358;35,12;88,34;45,64
3148707;Episódico/Epidêmico;Episódico/Epidêmico;Se manteve;22,3;71,9;311;302;341,7;4;279;Pedra Azul;31;MG;nao metropolitana;mata atlantica;729;As;24452;72,24;91,84;83,32
3148756;Episódico;Episódico;Se manteve;20,1;76,1;474,5;203;358;6;196;Pedra Bonita;31;MG;nao metropolitana;mata atlantica;1031,18;Cwb;7320;31,62;77,43;28,42
3148806;Episódico;Episódico;Se manteve;21,4;73,2;372,9;255,7;344,3;4,7;237;Pedra Do Anta;31;MG;nao metropolitana;mata atlantica;658,76;Cwa;3511;68,76;93,35;64,7
3148905;Episódico/Epidêmico;Episódico/Epidêmico;Se manteve;21,3;69;429,1;259,7;290;6,3;206;Pedra Do Indaiá;31;MG;nao metropolitana;mata atlantica;944,22;Cwb;3725;59,78;92,67;67,87
3149002;Episódico;Episódico;Se manteve;20,8;76,9;534,8;226;358;8,3;219,3;Pedra Dourada;31;MG;nao metropolitana;mata atlantica;853,62;Cwb;2752;74,93;80,68;67,99
3149101;Episódico/Epidêmico;Episódico;Melhorou;19,3;73,8;501,8;171;336,3;4,3;156,7;Pedralva;31;MG;nao metropolitana;mata atlantica;1048,82;Cwb;10750;51,81;75,31;86,3
3149150;Episódico;Episódico;Se manteve;25,2;58,9;263,7;364,3;160,3;4,3;160,3;Pedras De Maria Da Cruz;31;MG;nao metropolitana;caatinga;550,2;As;10445;5,04;75,56;52,37
3149200;Episódico/Epidêmico;Episódico/Epidêmico;Se manteve;21,6;67;374,3;290;259,7;3;214,3;Pedrinópolis;31;MG;nao metropolitana;cerrado;936,44;Cwb;3359;82,47;95,5;89,51
3149309;Episódico/Epidêmico;Epidêmico;Piorou;20,5;71,4;391,8;231;322,3;6;202,3;Pedro Leopoldo;31;MG;metropolitana;cerrado;804,38;Cwa;60154;67,27;98,56;95,98
3149408;Episódico;Sem transmissão;Melhorou;19,7;78;576,5;184,7;356;8,3;178;Pedro Teixeira;31;MG;nao metropolitana;mata atlantica;794,83;Cwb;1806;33,79;92,83;69,62
3149507;Episódico/Epidêmico;Episódico;Melhorou;21;78;565,8;234;362,7;10;231,7;Pequeri;31;MG;nao metropolitana;mata atlantica;621,59;Cwa;3351;73,38;98,38;94,63
3149606;Episódico/Epidêmico;Episódico/Epidêmico;Se manteve;22,2;66,5;366,1;294,7;264,7;5,7;221;Pequi;31;MG;nao metropolitana;cerrado;794,75;Cwa;4042;29,3;90,46;74
3149705;Episódico/Epidêmico;Episódico/Epidêmico;Se manteve;21,6;68,2;438,1;277,3;285,7;7,7;218,3;Perdigão;31;MG;nao metropolitana;cerrado;787,76;Cwa;12014;90,05;95,22;86,82
3149804;Episódico/Epidêmico;Episódico/Epidêmico;Se manteve;21,4;67,3;378,7;277,7;261,3;3;207;Perdizes;31;MG;nao metropolitana;cerrado;952,6;Cwb;17999;72,24;94,78;79,75
3149903;Episódico/Epidêmico;Episódico/Epidêmico;Se manteve;20,7;70,6;404,5;233,3;314,7;4;197,7;Perdões;31;MG;nao metropolitana;mata atlantica;876,98;Cwb;21329;90,85;97,3;92,5
3149952;Episódico;Episódico;Se manteve;24,1;68,9;318;342,7;318;5,3;297,3;Periquito;31;MG;nao metropolitana;mata atlantica;254,74;Aw;6566;72,31;99,1;67,03
3150000;Episódico/Epidêmico;Episódico/Epidêmico;Se manteve;23,9;69,8;293,9;346,3;327,3;4,7;309,3;Pescador;31;MG;nao metropolitana;mata atlantica;388,54;Aw;3537;71,35;95,95;77,1
3150109;Episódico;Episódico;Se manteve;20,5;77,6;601,2;218,7;357;10,3;212;Piau;31;MG;nao metropolitana;mata atlantica;576,58;Cwa;2530;57,67;88,06;81,88
3150158;Episódico/Epidêmico;Episódico/Epidêmico;Se manteve;21,6;73,3;426,1;267;354;7,3;258;Piedade De Caratinga;31;MG;nao metropolitana;mata atlantica;893,21;Cwb;8345;85,76;98,6;82,72
3150208;Episódico;Episódico;Se manteve;22,7;70,4;392;302;324;6,7;265,3;Piedade De Ponte Nova;31;MG;nao metropolitana;mata atlantica;462,67;Cwa;3941;83,39;97,74;83,3
3150307;Episódico;Episódico;Se manteve;19,2;75,9;431,3;166,7;347,3;5,7;154,7;Piedade Do Rio Grande;31;MG;nao metropolitana;mata atlantica;1021,23;Cwb;4560;50,43;91,32;71,37
3150406;Episódico;Episódico;Se manteve;20,1;72,7;425,4;206,7;329,3;6,7;184,3;Piedade Dos Gerais;31;MG;nao metropolitana;mata atlantica;1030,21;Cwb;5215;2,12;80,08;50,58
3150505;Episódico/Epidêmico;Epidêmico;Piorou;21,4;70,5;398,5;264;308,3;4;219,7;Pimenta;31;MG;nao metropolitana;cerrado;887,6;Cwa;8210;88,82;96,13;87,02
3150539;Episódico/Epidêmico;Episódico/Epidêmico;Se manteve;23,1;71,4;350,9;321;334,3;5,7;291,7;Pingo D'água;31;MG;nao metropolitana;mata atlantica;319,58;Aw;4714;89,31;98,62;91,78
3150570;Episódico;Episódico;Se manteve;24,8;60,2;297,9;360,3;175;3,3;175;Pintópolis;31;MG;nao metropolitana;cerrado;538,64;Aw;6922;15,87;69,16;34,55
3150604;Episódico;Episódico;Se manteve;20,4;71,1;445,7;219,7;313;7;187,7;Piracema;31;MG;nao metropolitana;mata atlantica;938,86;Cwb;7451;47,76;92,26;66,84
3150703;Episódico/Epidêmico;Epidêmico;Piorou;23,9;62,9;343,4;336;222,7;2,7;205;Pirajuba;31;MG;nao metropolitana;mata atlantica;516,22;Aw;5438;87,92;99,67;90,51
3150802;Episódico;Episódico;Se manteve;20,9;75,8;479,3;236;351,7;6,3;225;Piranga;31;MG;nao metropolitana;mata atlantica;753,92;Cwa;15308;32,95;73,54;37,49
3150901;Episódico;Episódico;Se manteve;18,3;76,4;580,6;121,3;341,7;4,7;110,7;Piranguçu;31;MG;nao metropolitana;mata atlantica;1242,76;Cwb;5848;51,03;71,29;82,47
3151008;Episódico;Episódico;Se manteve;18,8;76,6;645,6;143;344;8,3;132;Piranguinho;31;MG;nao metropolitana;mata atlantica;896,33;Cwb;9109;60,55;88,83;95,93
3151107;Episódico/Epidêmico;Episódico/Epidêmico;Se manteve;22;77,6;404,9;274,3;363,7;5,3;272,7;Pirapetinga;31;MG;nao metropolitana;mata atlantica;199,25;Aw;11110;87,02;98,63;88,66
3151206;Episódico/Epidêmico;Epidêmico;Piorou;23,7;62,1;353,7;342,3;197,3;3,3;194,3;Pirapora;31;MG;nao metropolitana;cerrado;548,11;Aw;55876;18,82;99,3;96
3151305;Episódico/Epidêmico;Episódico/Epidêmico;Se manteve;21,5;76,4;497,5;255;357,3;8;248;Piraúba;31;MG;nao metropolitana;mata atlantica;404,89;Cwa;11547;84,64;98,85;81,55
3151404;Episódico/Epidêmico;Episódico/Epidêmico;Se manteve;22,5;66;396,6;304;257;7,3;222,3;Pitangui;31;MG;nao metropolitana;cerrado;728,42;Cwa;26568;92,16;90,35;88,29
3151503;Episódico/Epidêmico;Epidêmico;Piorou;21,7;69,4;434,7;278,3;291,7;5,3;224,7;Piumhi;31;MG;nao metropolitana;cerrado;822,11;Cwa;34834;92,64;97,79;95,12
3151602;Episódico/Epidêmico;Epidêmico;Piorou;24,2;62,9;316,9;338;222,7;3;204,3;Planura;31;MG;nao metropolitana;cerrado;484,41;Aw;10503;95,37;99,27;96,28
3151701;Episódico/Epidêmico;Episódico;Melhorou;19,1;73,6;553;167,3;325;4,7;146,3;Poço Fundo;31;MG;nao metropolitana;mata atlantica;1021,46;Cfb;15831;58,73;79,73;73,11
3151800;Episódico/Epidêmico;Episódico/Epidêmico;Se manteve;19,6;71,6;505,9;192,7;306,3;4,7;159;Poços De Caldas;31;MG;nao metropolitana;mata atlantica;1234,02;Cwb;172869;98,23;99,08;99,05
3151909;Episódico;Episódico/Epidêmico;Piorou;22,2;72,9;411;289,7;352,7;7;279,7;Pocrane;31;MG;nao metropolitana;mata atlantica;324,6;Aw;8715;57,99;93,66;59,51
3152006;Epidêmico;Episódico/Epidêmico;Melhorou;22,8;64,9;384,8;315,3;236,7;6,3;214;Pompéu;31;MG;nao metropolitana;cerrado;676,73;Cwa;30493;73,93;96,34;87,41
3152105;Episódico/Epidêmico;Epidêmico;Piorou;22,1;71,4;363,9;281;335,7;5,7;254,7;Ponte Nova;31;MG;nao metropolitana;mata atlantica;542,88;Cwa;58779;85,9;97,02;92,1
3152131;Sem transmissão;Sem transmissão;Se manteve;24,2;61,3;295,6;354,7;191,3;3,3;190,3;Ponto Chique;31;MG;nao metropolitana;cerrado;529,69;As;3775;23,66;80,14;52,67
3152170;Episódico/Epidêmico;Episódico/Epidêmico;Se manteve;22;73,1;316,4;279,3;339,7;2,7;254;Ponto Dos Volantes;31;MG;nao metropolitana;mata atlantica;761,14;Cwa;10584;10,97;67,97;43,52
3152204;Episódico/Epidêmico;Epidêmico;Piorou;23;63,8;284;330,3;230;3;209,7;Porteirinha;31;MG;nao metropolitana;caatinga;655,13;As;37321;19,37;75,87;48,74
3152303;Episódico/Epidêmico;Episódico;Melhorou;21;75,6;443,1;241,7;353,7;6,7;232;Porto Firme;31;MG;nao metropolitana;mata atlantica;698,6;Cwa;10571;47,31;89,14;58,69
3152402;Episódico/Epidêmico;Episódico/Epidêmico;Se manteve;22,3;73,5;352;290,7;345;4,7;269,7;Poté;31;MG;nao metropolitana;mata atlantica;628,47;Cwa;13643;35,8;89,54;54,45
3152501;Episódico/Epidêmico;Epidêmico;Piorou;19,8;72,3;467,9;197;323,3;3;172,7;Pouso Alegre;31;MG;nao metropolitana;mata atlantica;876,71;Cfb;162028;92,14;98,35;96,85
3152600;Episódico;Episódico;Se manteve;18;75,8;513,3;104;348;4,7;97,7;Pouso Alto;31;MG;nao metropolitana;mata atlantica;1043,66;Cwb;6567;50,28;82,9;82,8
3152709;Episódico/Epidêmico;Episódico/Epidêmico;Se manteve;19,4;75,2;455,4;175,3;341;7;159;Prados;31;MG;nao metropolitana;mata atlantica;1013,72;Cwb;8964;81,32;89,75;82,98
3152808;Episódico/Epidêmico;Epidêmico;Piorou;23,9;61,3;330,3;340,7;200,7;1,7;186;Prata;31;MG;nao metropolitana;cerrado;655,75;Aw;28678;77,24;96,93;77,84
3152907;Episódico/Epidêmico;Episódico/Epidêmico;Se manteve;20,7;70,9;455,1;240,7;301,3;5,3;195,3;Pratápolis;31;MG;nao metropolitana;mata atlantica;795,03;Cwa;8416;89,12;97,4;92,9
3153004;Episódico/Epidêmico;Episódico;Melhorou;20,6;68;423,7;236,7;266;4,3;179;Pratinha;31;MG;nao metropolitana;cerrado;1096,17;Cwb;3566;61,23;90,84;61,58
3153103;Episódico;Episódico;Se manteve;20,3;76,5;506,2;209,7;353,3;7,3;200;Presidente Bernardes;31;MG;nao metropolitana;mata atlantica;709,6;Cwa;4845;46,47;71,21;40,48
3153202;Episódico/Epidêmico;Episódico/Epidêmico;Se manteve;21,6;67,6;329,9;276,3;287,7;2;214,7;Presidente Juscelino;31;MG;nao metropolitana;cerrado;646,13;Cwa;3630;39,25;64,24;42,99
3153301;Episódico;Episódico;Se manteve;19,8;73,5;497,6;201,3;331;7,3;179,3;Presidente Kubitschek;31;MG;nao metropolitana;mata atlantica;1160,52;Cwb;3075;74,61;90,13;71,84
3153400;Episódico/Epidêmico;Episódico/Epidêmico;Se manteve;22;65,8;386,4;298;244;6,3;213;Presidente Olegário;31;MG;nao metropolitana;cerrado;834,83;Cwa;19471;62,16;89,25;67,96
3153509;Episódico;Episódico/Epidêmico;Piorou;20;76,2;422,3;197,7;360,7;6,7;193,7;Alto Jequitibá;31;MG;nao metropolitana;mata atlantica;940,55;Cwb;8394;48,16;88,48;65,9
3153608;Episódico/Epidêmico;Episódico/Epidêmico;Se manteve;22,2;66,6;347,9;293;274,7;5,7;219;Prudente De Morais;31;MG;metropolitana;cerrado;777,68;Cwa;12224;52,05;97,08;96
3153707;Episódico/Epidêmico;Episódico/Epidêmico;Se manteve;22,4;66,3;451,4;302,3;251,3;7;220;Quartel Geral;31;MG;nao metropolitana;cerrado;712,26;Cwa;3150;41,56;96,5;77,83
3153806;Episódico;Sem transmissão;Melhorou;19,4;75,8;479,2;175,3;346;5,3;164;Queluzito;31;MG;nao metropolitana;mata atlantica;1000,73;Cwb;1778;49,34;81,89;57,65
3153905;Episódico/Epidêmico;Episódico/Epidêmico;Se manteve;19,4;75,8;555,5;172,7;350,7;7;163;Raposos;31;MG;metropolitana;mata atlantica;944,65;Cwb;16266;85,04;97,62;97,99
3154002;Episódico/Epidêmico;Episódico/Epidêmico;Se manteve;22,7;70,4;392;302;324;6,7;265,3;Raul Soares;31;MG;nao metropolitana;mata atlantica;505,34;Cwa;23387;56,77;92,38;65,11
3154101;Episódico/Epidêmico;Episódico/Epidêmico;Se manteve;22,5;76;493,8;293,3;361,7;8,3;290,3;Recreio;31;MG;nao metropolitana;mata atlantica;240,85;Aw;11016;80,99;99,12;88,51
3154150;Episódico;Episódico;Se manteve;20,7;74,7;413;225,7;360;7,7;221,3;Reduto;31;MG;nao metropolitana;mata atlantica;723,97;Cwa;7865;59,9;88,83;66,51
3154200;Episódico;Episódico/Epidêmico;Piorou;19,5;75;469,6;179,3;340;5;163,3;Resende Costa;31;MG;nao metropolitana;mata atlantica;1067,33;Cwb;11004;38,31;92,88;81,76
3154309;Episódico/Epidêmico;Episódico/Epidêmico;Se manteve;23,5;72,1;343,1;333,3;352,7;7,3;322,3;Resplendor;31;MG;nao metropolitana;mata atlantica;260,76;Aw;15775;72,49;94,9;76,08
3154408;Episódico;Sem transmissão;Melhorou;19,2;77;497,4;163,7;351;6;154,7;Ressaquinha;31;MG;nao metropolitana;mata atlantica;1136,13;Cwb;4548;28,25;78,03;72,59
3154457;Episódico;Episódico/Epidêmico;Piorou;24,4;61,3;291,6;356;187,7;3,3;187,3;Riachinho;31;MG;nao metropolitana;cerrado;643,23;Aw;8197;4,66;76,17;49,55
3154507;Episódico/Epidêmico;Episódico/Epidêmico;Se manteve;23,2;63;279,3;333,3;216;4;200;Riacho Dos Machados;31;MG;nao metropolitana;cerrado;825,57;As;8757;20,79;65,96;39,32
3154606;Epidêmico;Epidêmico;Se manteve;21,1;69,9;408,2;253,7;307,3;7,3;211;Ribeirão Das Neves;31;MG;metropolitana;cerrado;855,92;Cwb;327968;74,79;97,98;96,7
3154705;Episódico/Epidêmico;Episódico/Epidêmico;Se manteve;19,9;72,6;434,6;200,7;330,3;4,3;179,7;Ribeirão Vermelho;31;MG;nao metropolitana;mata atlantica;836,39;Cwb;3953;94,56;97,61;94,23
3154804;Episódico/Epidêmico;Episódico/Epidêmico;Se manteve;19,7;73,7;462,6;192,3;336,3;6,3;174,3;Rio Acima;31;MG;metropolitana;mata atlantica;1029,28;Cwb;10263;83,24;96,77;96,54
3154903;Episódico/Epidêmico;Episódico/Epidêmico;Se manteve;22,7;70,4;392;302;324;6,7;265,3;Rio Casca;31;MG;nao metropolitana;mata atlantica;390,99;Aw;12795;77,07;97,43;82,44
3155009;Episódico;Episódico;Se manteve;22,3;71,5;417,5;290;333,3;7,3;261,3;Rio Doce;31;MG;nao metropolitana;mata atlantica;483,17;Cwa;2121;75,62;90,58;88,64
3155108;Episódico;Episódico/Epidêmico;Piorou;22,6;75;313,4;311,3;359;4,7;305;Rio Do Prado;31;MG;nao metropolitana;mata atlantica;615,35;Aw;4631;55,66;82,84;67,96
3155207;Episódico;Episódico;Se manteve;19,7;76,9;488;185,7;353;6;178;Rio Espera;31;MG;nao metropolitana;mata atlantica;774,37;Cwb;5432;31,15;79,34;46,18
3155306;Episódico/Epidêmico;Episódico/Epidêmico;Se manteve;20,4;71,5;443,6;225,3;319;7;195,7;Rio Manso;31;MG;metropolitana;mata atlantica;938,1;Cwb;5527;3,2;87,92;71,41
3155405;Episódico/Epidêmico;Episódico/Epidêmico;Se manteve;21,8;77;541,6;268,3;362,3;8;266;Rio Novo;31;MG;nao metropolitana;mata atlantica;459,29;Cwa;8450;85,95;98,65;89,76
3155504;Episódico/Epidêmico;Episódico/Epidêmico;Se manteve;21,3;66,5;446,8;272,3;249,7;5,3;198,7;Rio Paranaíba;31;MG;nao metropolitana;cerrado;1021,47;Cwb;14602;69,46;89,34;68,12
3155603;Episódico/Epidêmico;Episódico/Epidêmico;Se manteve;22,1;67,2;302,7;300,3;273,3;3,7;220,7;Rio Pardo De Minas;31;MG;nao metropolitana;cerrado;899,56;Cwa;27708;9,27;78,72;41,19
3155702;Episódico;Episódico/Epidêmico;Piorou;21,1;73,7;439,6;249;347;7;233,7;Rio Piracicaba;31;MG;nao metropolitana;mata atlantica;753,28;Cwa;14120;72,96;95,45;86,49
3155801;Episódico/Epidêmico;Episódico/Epidêmico;Se manteve;20,5;77,4;580,4;215;357,3;10,3;208,7;Rio Pomba;31;MG;nao metropolitana;mata atlantica;519,67;Cwa;17721;82,73;97,48;85,8
3155900;Episódico;Episódico/Epidêmico;Piorou;20,1;78,6;620,8;195,7;358,3;10;189,3;Rio Preto;31;MG;nao metropolitana;mata atlantica;815,28;Cwb;5040;73,26;90,4;89,82
3156007;Episódico;Episódico;Se manteve;20,7;73,7;401,8;232,3;337,7;3,3;209,7;Rio Vermelho;31;MG;nao metropolitana;mata atlantica;819,38;Cwa;12457;36,58;66,71;36,23
3156106;Episódico;Episódico/Epidêmico;Piorou;19,7;73,6;452,1;192;336,7;6,7;174;Ritápolis;31;MG;nao metropolitana;mata atlantica;1007,38;Cwb;4984;32,01;82,37;67,87
3156205;Episódico;Episódico;Se manteve;21,1;78,1;540,8;239;363,7;9;237,7;Rochedo De Minas;31;MG;nao metropolitana;mata atlantica;461,3;Cwa;2292;76,52;87,63;91,32
3156304;Episódico/Epidêmico;Episódico/Epidêmico;Se manteve;22,6;75,8;467,2;293;360,3;7;288,7;Rodeiro;31;MG;nao metropolitana;mata atlantica;408,04;Cwa;8596;89,73;98,15;91,1
3156403;Episódico/Epidêmico;Episódico/Epidêmico;Se manteve;21,6;67;374,3;290;259,7;3;214,3;Romaria;31;MG;nao metropolitana;cerrado;980,99;Cwb;3104;78,54;96,83;82,32
3156452;Episódico;Episódico;Se manteve;22,1;76,3;506,9;275,3;358,7;7,7;268,7;Rosário Da Limeira;31;MG;nao metropolitana;mata atlantica;763,93;Cwb;4736;54,09;88,45;64,02
3156502;Episódico/Epidêmico;Episódico;Melhorou;24,1;65;268,3;345,7;256,7;3,7;240,3;Rubelita;31;MG;nao metropolitana;mata atlantica;650,23;As;5695;27,07;65,68;43,31
3156601;Episódico/Epidêmico;Episódico;Melhorou;22,2;77,2;346,1;297,7;364;5,7;296;Rubim;31;MG;nao metropolitana;mata atlantica;465,2;Aw;10321;66,04;88,15;73,48
3156700;Epidêmico;Epidêmico;Se manteve;19,4;75,8;555,5;172,7;350,7;7;163;Sabará;31;MG;metropolitana;mata atlantica;897,44;Cwb;131294;88,51;97,36;94,62
3156809;Episódico/Epidêmico;Episódico/Epidêmico;Se manteve;21,3;73,4;426,9;254,3;341,7;6,3;233,3;Sabinópolis;31;MG;nao metropolitana;mata atlantica;813,89;Cwa;13797;51,54;87,71;61,07
3156908;Epidêmico;Epidêmico;Se manteve;22,5;64,5;415,5;312;235,7;3,3;206,7;Sacramento;31;MG;nao metropolitana;cerrado;992,64;Cwb;25888;85,77;95,45;83,93
3157005;Episódico/Epidêmico;Episódico/Epidêmico;Se manteve;23,5;66,8;276,6;334,3;282,3;4;256;Salinas;31;MG;nao metropolitana;mata atlantica;687,03;As;39969;65,36;84,53;75,92
3157104;Episódico/Epidêmico;Episódico/Epidêmico;Se manteve;23,9;75,4;314,1;356;364,3;5,3;354,3;Salto Da Divisa;31;MG;nao metropolitana;mata atlantica;222,29;Aw;6015;59,24;86,37;72,58
3157203;Episódico/Epidêmico;Episódico/Epidêmico;Se manteve;20,4;74,7;476,6;217;348,3;7,3;204,3;Santa Bárbara;31;MG;metropolitana;mata atlantica;1011,95;Cwb;29491;85,34;93,93;92,31
3157252;Episódico;Episódico;Se manteve;21,6;73,3;426,1;267;354;7,3;258;Santa Bárbara Do Leste;31;MG;nao metropolitana;mata atlantica;942,06;Cwb;7990;37,31;84,78;62,31
3157278;Episódico;Episódico;Se manteve;20,2;77,7;561,6;205,7;357,7;7,7;199,7;Santa Bárbara Do Monte Verde;31;MG;nao metropolitana;mata atlantica;784,88;Cwb;2963;60,81;92,69;75,64
3157302;Episódico;Episódico;Se manteve;20,5;77,4;580,4;215;357,3;10,3;208,7;Santa Bárbara Do Tugúrio;31;MG;nao metropolitana;mata atlantica;846;Cwb;4204;47,51;76,53;53,93
3157336;Episódico/Epidêmico;Episódico/Epidêmico;Se manteve;19,7;73,6;452,1;192;336,7;6,7;174;Santa Cruz De Minas;31;MG;nao metropolitana;mata atlantica;925,33;Cwb;8074;98,37;99,37;99,88
3157377;Episódico;Episódico/Epidêmico;Piorou;22,7;68,8;292,6;317,3;307;3,3;262,3;Santa Cruz De Salinas;31;MG;nao metropolitana;mata atlantica;842,51;Cwa;3908;28,44;76,57;38,52
3157401;Episódico;Episódico;Se manteve;21,7;71,8;369,8;269,3;339;5;246;Santa Cruz Do Escalvado;31;MG;nao metropolitana;mata atlantica;468,97;Cwa;4852;44,01;95,16;69,11
3157500;Episódico;Episódico/Epidêmico;Piorou;21,4;73,9;492,3;258,7;346;8,7;241;Santa Efigênia De Minas;31;MG;nao metropolitana;mata atlantica;625,84;Cwa;4272;51,93;85,26;56,31
3157609;Episódico/Epidêmico;Episódico/Epidêmico;Se manteve;24,5;61;306,8;359;185,7;4,3;185,3;Santa Fé De Minas;31;MG;nao metropolitana;cerrado;613,24;Aw;3521;1,04;71,1;25,26
3157658;Episódico/Epidêmico;Episódico/Epidêmico;Se manteve;22,9;74,3;318,2;314,3;352,3;3,7;301;Santa Helena De Minas;31;MG;nao metropolitana;mata atlantica;460,85;Aw;5897;44,6;73,79;65,77
3157708;Episódico/Epidêmico;Episódico/Epidêmico;Se manteve;21,5;66,5;390,7;285,3;249;3;203,7;Santa Juliana;31;MG;nao metropolitana;cerrado;980,99;Cwb;15786;94,19;97,76;87,69
3157807;Epidêmico;Epidêmico;Se manteve;20,5;71,4;391,8;231;322,3;6;202,3;Santa Luzia;31;MG;metropolitana;cerrado;763,51;Cwa;213709;85,06;98,73;96,76
3157906;Episódico/Epidêmico;Episódico;Melhorou;20,1;76,4;470,5;202,3;358;8;196,3;Santa Margarida;31;MG;nao metropolitana;mata atlantica;900,72;Cwb;16414;52,41;88,89;70,77
3158003;Episódico;Episódico;Se manteve;21,7;73,5;512,3;267,7;342,3;9;247,3;Santa Maria De Itabira;31;MG;nao metropolitana;mata atlantica;775,48;Cwa;10133;57,99;76,47;67,16
3158102;Episódico;Episódico;Se manteve;23,9;75,4;314,1;356;364,3;5,3;354,3;Santa Maria Do Salto;31;MG;nao metropolitana;mata atlantica;518,02;Aw;4666;60,78;87,97;71,87
3158201;Episódico/Epidêmico;Episódico/Epidêmico;Se manteve;22,6;71,2;369,9;303;331,7;6,3;271;Santa Maria Do Suaçuí;31;MG;nao metropolitana;mata atlantica;492,1;Aw;12652;57,24;90,76;59,87
3158300;Episódico/Epidêmico;Episódico/Epidêmico;Se manteve;20,6;70,7;425,8;230,7;311,7;4,7;195;Santana Da Vargem;31;MG;nao metropolitana;mata atlantica;892,47;Cwb;6561;73,83;95,73;77,42
3158409;Episódico;Episódico/Epidêmico;Piorou;22,6;75,8;467,2;293;360,3;7;288,7;Santana De Cataguases;31;MG;nao metropolitana;mata atlantica;312,39;Aw;3503;84,74;94,89;80,61
3158508;Episódico/Epidêmico;Episódico/Epidêmico;Se manteve;21,8;66,9;313;282,3;279,3;3;212,3;Santana De Pirapama;31;MG;nao metropolitana;cerrado;795,15;Cwa;7014;35,2;74,33;39,84
3158607;Episódico;Episódico;Se manteve;21;78;565,8;234;362,7;10;231,7;Santana Do Deserto;31;MG;nao metropolitana;mata atlantica;489,23;Cwa;3732;66,52;97,34;91,27
3158706;Episódico;Sem transmissão;Melhorou;18,8;77,3;454;151,3;353;6;143,3;Santana Do Garambéu;31;MG;nao metropolitana;mata atlantica;1091,15;Cwb;2140;69,95;86,19;71,62
3158805;Episódico/Epidêmico;Episódico;Melhorou;20,7;70,4;444,7;234,7;309,3;6,7;195;Santana Do Jacaré;31;MG;nao metropolitana;mata atlantica;885,29;Cwb;4214;92,55;99,13;96,67
3158904;Episódico;Episódico/Epidêmico;Piorou;20,8;74,3;420,1;231,3;358;8;225,3;Santana Do Manhuaçu;31;MG;nao metropolitana;mata atlantica;666,37;Cwa;9010;50,96;79,22;54,61
3158953;Episódico/Epidêmico;Episódico/Epidêmico;Se manteve;22,8;72;430,6;306,7;332;7,3;276,7;Santana Do Paraíso;31;MG;nao metropolitana;mata atlantica;394,03;Aw;37113;77,47;96,72;95,05
3159001;Episódico/Epidêmico;Episódico;Melhorou;20,7;71,6;426,4;240;320,7;4,7;209,3;Santana Do Riacho;31;MG;nao metropolitana;cerrado;1058,99;Cwb;5754;38,15;78,32;71,57
3159100;Episódico;Sem transmissão;Melhorou;19,4;76,3;466,3;176,3;347,7;4,7;165;Santana Dos Montes;31;MG;nao metropolitana;mata atlantica;834,84;Cwb;3469;48,38;81,75;56,5
3159209;Episódico;Episódico;Se manteve;19;72,8;545,7;157,7;317;5;133;Santa Rita De Caldas;31;MG;nao metropolitana;mata atlantica;1220,5;Cwb;8400;62,13;88,05;67,08
3159308;Episódico;Episódico;Se manteve;20,9;78,8;586,8;226,3;356,3;9,3;217,3;Santa Rita De Jacutinga;31;MG;nao metropolitana;mata atlantica;826,21;Cwb;4768;82,22;91,76;75,94
3159357;Episódico;Episódico;Se manteve;21,6;73,3;426,1;267;354;7,3;258;Santa Rita De Minas;31;MG;nao metropolitana;mata atlantica;827,61;Cwb;6214;69,03;92,23;82,55
3159407;Episódico;Sem transmissão;Melhorou;18,8;77,3;454;151,3;353;6;143,3;Santa Rita De Ibitipoca;31;MG;nao metropolitana;mata atlantica;1109,6;Cwb;3303;63,08;77,85;66,27
3159506;Episódico;Episódico;Se manteve;23,2;71,8;346,9;323;346,3;5,7;306,3;Santa Rita Do Itueto;31;MG;nao metropolitana;mata atlantica;439,4;Aw;5831;35,08;84,16;47,06
3159605;Episódico/Epidêmico;Episódico/Epidêmico;Se manteve;19,8;72,3;438,2;198,3;325,3;3;175;Santa Rita Do Sapucaí;31;MG;nao metropolitana;mata atlantica;924,11;Cwb;40719;87,01;96,81;89,15
3159704;Episódico/Epidêmico;Episódico/Epidêmico;Se manteve;20,9;68,4;497,2;248;269,7;6,7;191;Santa Rosa Da Serra;31;MG;nao metropolitana;cerrado;991,91;Cwb;3414;54;97,18;82,35
3159803;Epidêmico;Epidêmico;Se manteve;25,2;61,6;289,9;353;206,3;1,7;198,7;Santa Vitória;31;MG;nao metropolitana;cerrado;459,42;Aw;20538;85,19;95,31;82,51
3159902;Episódico/Epidêmico;Episódico/Epidêmico;Se manteve;20,4;71,1;455,3;221;314,3;6,7;189;Santo Antônio Do Amparo;31;MG;nao metropolitana;mata atlantica;968,85;Cwb;16723;85,73;91,96;91,78
3160009;Episódico;Episódico;Se manteve;21,1;78,1;540,8;239;363,7;9;237,7;Santo Antônio Do Aventureiro;31;MG;nao metropolitana;mata atlantica;582,38;Cwa;3770;15,37;94,76;73,75
3160108;Episódico/Epidêmico;Episódico/Epidêmico;Se manteve;21,7;71,8;369,8;269,3;339;5;246;Santo Antônio Do Grama;31;MG;nao metropolitana;mata atlantica;540,47;Cwa;4229;80,53;99,43;82,15
3160207;Episódico;Episódico/Epidêmico;Piorou;21;73,3;387;244;337,7;3;219,3;Santo Antônio Do Itambé;31;MG;nao metropolitana;mata atlantica;852,27;Cwa;3846;37,31;75,44;32,47
3160306;Episódico/Epidêmico;Episódico;Melhorou;22,2;77,2;346,1;297,7;364;5,7;296;Santo Antônio Do Jacinto;31;MG;nao metropolitana;mata atlantica;634,92;Aw;10251;42,76;80,92;51,63
3160405;Episódico/Epidêmico;Epidêmico;Piorou;21,8;67,5;417,9;280,3;274,7;7,3;217,7;Santo Antônio Do Monte;31;MG;nao metropolitana;cerrado;854,03;Cwb;28345;87,23;97,84;88,91
3160454;Episódico;Episódico;Se manteve;22,1;67;288,7;306;274,7;3,7;226,7;Santo Antônio Do Retiro;31;MG;nao metropolitana;cerrado;972,5;Cwb;6621;28,37;62,34;31,92
3160504;Sem transmissão;Sem transmissão;Se manteve;21,4;72,9;443,6;261,3;336,3;8;237;Santo Antônio Do Rio Abaixo;31;MG;nao metropolitana;mata atlantica;604,93;Cwa;1808;32,89;76,7;56,39
3160603;Episódico;Episódico/Epidêmico;Piorou;23,3;63,4;300,2;320;223;3;206;Santo Hipólito;31;MG;nao metropolitana;cerrado;620,59;Aw;2593;12,16;81,56;54,44
3160702;Episódico/Epidêmico;Episódico;Melhorou;20,5;77,6;601,2;218,7;357;10,3;212;Santos Dumont;31;MG;nao metropolitana;mata atlantica;838,6;Cwb;44140;70,18;93,04;94,36
3160801;Episódico;Sem transmissão;Melhorou;19,9;72,6;447,6;200,3;330;3,3;179;São Bento Abade;31;MG;nao metropolitana;mata atlantica;995,24;Cwb;4710;91,02;97,72;92,77
3160900;Episódico;Episódico;Se manteve;19,8;74,1;448;191,7;336,7;6,3;174,3;São Brás Do Suaçuí;31;MG;nao metropolitana;mata atlantica;937,16;Cwb;3987;48,69;97,19;88,21
3160959;Episódico;Episódico;Se manteve;22,3;72,4;387,9;290,3;348;6;275;São Domingos Das Dores;31;MG;nao metropolitana;mata atlantica;765,17;Cwa;5621;65,09;86,61;93,53
3161007;Episódico/Epidêmico;Episódico;Melhorou;21,1;73,7;439,6;249;347;7;233,7;São Domingos Do Prata;31;MG;nao metropolitana;mata atlantica;720,19;Cwa;17399;54,14;86,76;63,39
3161056;Episódico;Episódico;Se manteve;24,3;68,8;289;351,3;322,7;5;310;São Félix De Minas;31;MG;nao metropolitana;mata atlantica;601,66;Cwa;3204;53,08;92,98;63,15
3161106;Epidêmico;Episódico/Epidêmico;Melhorou;24,4;60,1;285,2;361;174,3;3,7;174,3;São Francisco;31;MG;nao metropolitana;cerrado;558,79;As;51321;17,31;76,46;60,18
3161205;Episódico;Episódico;Se manteve;20,7;70,2;462,9;233;306,7;6,3;194,7;São Francisco De Paula;31;MG;nao metropolitana;mata atlantica;967,94;Cwb;6429;83,6;93,06;70,65
3161304;Episódico/Epidêmico;Episódico/Epidêmico;Se manteve;24,7;62,6;290,1;344,3;213,7;2;199,7;São Francisco De Sales;31;MG;nao metropolitana;cerrado;442,75;Aw;5532;72,61;94,37;77,71
3161403;Episódico;Episódico;Se manteve;20,8;76,9;534,8;226;358;8,3;219,3;São Francisco Do Glória;31;MG;nao metropolitana;mata atlantica;730,49;Cwa;4796;64,37;88,85;69,02
3161502;Episódico/Epidêmico;Episódico/Epidêmico;Se manteve;21,7;76,6;493,6;264,3;359;6,7;258;São Geraldo;31;MG;nao metropolitana;mata atlantica;564,92;Cwa;10270;71,5;94,59;75,1
3161601;Episódico/Epidêmico;Sem transmissão;Melhorou;22,5;72,7;472,3;296,3;341,7;8,3;275,3;São Geraldo Da Piedade;31;MG;nao metropolitana;mata atlantica;408,83;Aw;3307;50,36;90,88;47,3
3161650;Episódico;Episódico;Se manteve;23,3;73,6;346;329;360,3;7,3;325;São Geraldo Do Baixio;31;MG;nao metropolitana;mata atlantica;387,36;Aw;3104;61,75;92,66;66,46
3161700;Episódico/Epidêmico;Episódico/Epidêmico;Se manteve;22,3;66,1;378,5;305;245,3;5,3;218,3;São Gonçalo Do Abaeté;31;MG;nao metropolitana;cerrado;734,32;Cwa;7152;58;91,75;80,12
3161809;Episódico/Epidêmico;Episódico/Epidêmico;Se manteve;21,4;68,8;416,6;267,3;295;8;214,3;São Gonçalo Do Pará;31;MG;nao metropolitana;cerrado;738,53;Cwa;11688;72,63;97,89;94,45
3161908;Episódico/Epidêmico;Epidêmico;Piorou;20,4;74,7;476,6;217;348,3;7,3;204,3;São Gonçalo Do Rio Abaixo;31;MG;metropolitana;mata atlantica;764,27;Cwa;12466;66,71;91,39;90,33
3162005;Episódico/Epidêmico;Episódico/Epidêmico;Se manteve;19,3;73,8;501,8;171;336,3;4,3;156,7;São Gonçalo Do Sapucaí;31;MG;nao metropolitana;mata atlantica;941;Cwb;23792;86,46;92,61;90,7
3162104;Episódico/Epidêmico;Episódico/Epidêmico;Se manteve;20,9;67,7;489,9;251,7;259,3;6;185,3;São Gotardo;31;MG;nao metropolitana;cerrado;985,62;Cwb;41114;80,71;97,87;92,58
3162203;Episódico/Epidêmico;Episódico/Epidêmico;Se manteve;20,8;71,8;461,9;245;311,3;5,7;203,7;São João Batista Do Glória;31;MG;nao metropolitana;cerrado;880,4;Cwa;7455;81,79;99,26;96,8
3162252;Episódico/Epidêmico;Episódico/Epidêmico;Se manteve;23,1;62,7;319,4;328,7;210,7;3;199,3;São João Da Lagoa;31;MG;nao metropolitana;cerrado;823,3;Cwa;4818;0,49;69,42;46,6
3162302;Episódico;Episódico;Se manteve;19,8;72,7;473,8;196,3;324,7;3;172,3;São João Da Mata;31;MG;nao metropolitana;mata atlantica;1056,43;Cfb;2803;75,08;86,38;69,21
3162401;Episódico/Epidêmico;Episódico/Epidêmico;Se manteve;24,2;61,4;314,7;355;191,3;7;190,3;São João Da Ponte;31;MG;nao metropolitana;caatinga;648,05;As;23840;1,77;90,42;20,85
3162450;Episódico/Epidêmico;Episódico/Epidêmico;Se manteve;25,8;59,2;279,6;365,3;156;5,3;156;São João Das Missões;31;MG;nao metropolitana;caatinga;667,83;As;12986;2,68;56,98;22,75
3162500;Episódico/Epidêmico;Epidêmico;Piorou;19,2;75,9;431,3;166,7;347,3;5,7;154,7;São João Del Rei;31;MG;nao metropolitana;mata atlantica;1006,67;Cwb;93778;86,42;98,18;95,68
3162559;Episódico;Episódico;Se manteve;20;75,5;427,5;198;359,3;5,3;192,7;São João Do Manhuaçu;31;MG;nao metropolitana;mata atlantica;963,54;Cwb;11245;52,69;84,08;57,51
3162575;Episódico;Episódico/Epidêmico;Piorou;23,2;73,6;316,9;325;358;5,7;318,7;São João Do Manteninha;31;MG;nao metropolitana;mata atlantica;383,07;Aw;5329;89,21;93,72;80,69
3162609;Episódico;Episódico;Se manteve;23,6;70,5;325,8;330,3;325,3;6,3;291;São João Do Oriente;31;MG;nao metropolitana;mata atlantica;312,85;Aw;7049;76,47;98,81;82,92
3162658;Episódico/Epidêmico;Episódico/Epidêmico;Se manteve;23,9;61;276,4;350;191;2,7;189,7;São João Do Pacuí;31;MG;nao metropolitana;cerrado;692,34;As;3884;2,8;77,06;33,45
3162708;Episódico/Epidêmico;Episódico;Melhorou;22,1;68,9;269,7;304,3;302,7;2,7;248,7;São João Do Paraíso;31;MG;nao metropolitana;mata atlantica;885,22;Cwa;20502;19,1;82,31;54,93
3162807;Episódico;Episódico;Se manteve;21,3;72,9;368;256,7;338,7;4;232,7;São João Evangelista;31;MG;nao metropolitana;mata atlantica;748,63;Cwa;14864;64,81;91,97;65,07
3162906;Episódico/Epidêmico;Episódico/Epidêmico;Se manteve;21,1;77,6;581,6;242,7;361,3;10,3;239;São João Nepomuceno;31;MG;nao metropolitana;mata atlantica;500,75;Cwa;24970;89,43;95,98;95,67
3162922;Episódico/Epidêmico;Episódico/Epidêmico;Se manteve;20,9;70,5;441,4;246,7;311;8,7;207,7;São Joaquim De Bicas;31;MG;metropolitana;mata atlantica;838,79;Cwa;34677;70,28;94,02;86,44
3162948;Episódico/Epidêmico;Episódico/Epidêmico;Se manteve;21;72,4;454,2;250,7;323;5,7;216;São José Da Barra;31;MG;nao metropolitana;cerrado;800,53;Cwa;7862;88,42;89,54;91,7
3162955;Episódico/Epidêmico;Episódico/Epidêmico;Se manteve;21,3;69,4;362,8;261;306;5,7;216,3;São José Da Lapa;31;MG;metropolitana;cerrado;780,88;Cwa;27125;81,76;98,51;98,14
3163003;Episódico/Epidêmico;Episódico/Epidêmico;Se manteve;22,8;71;357,9;309,7;332,7;6;279,7;São José Da Safira;31;MG;nao metropolitana;mata atlantica;424,44;Aw;3769;66,55;89,68;63,63
3163102;Episódico/Epidêmico;Episódico/Epidêmico;Se manteve;21,4;69,2;423,8;269,3;301,3;7,7;219,7;São José Da Varginha;31;MG;metropolitana;cerrado;783,89;Cwa;4392;52,56;94,33;77,4
3163201;Episódico;Episódico/Epidêmico;Piorou;19;73,8;473;154,7;329;3,3;137;São José Do Alegre;31;MG;nao metropolitana;mata atlantica;883,13;Cwb;4125;71,69;92,59;80,52
3163300;Episódico;Episódico;Se manteve;23,5;71,6;300,1;334,7;344;6;314,3;São José Do Divino;31;MG;nao metropolitana;mata atlantica;418,2;Aw;3437;82,03;92,01;69,01
3163409;Episódico/Epidêmico;Episódico/Epidêmico;Se manteve;23;71,1;445;316,7;325;9;279,3;São José Do Goiabal;31;MG;nao metropolitana;mata atlantica;349,16;Aw;5400;74,41;87,93;75,33
3163508;Episódico;Episódico;Se manteve;21,3;73;371,5;254,7;338,7;5;230,7;São José Do Jacuri;31;MG;nao metropolitana;mata atlantica;656,78;Cwa;6098;37,92;76,69;34,21
3163607;Episódico;Episódico;Se manteve;20,7;74,7;413;225,7;360;7,7;221,3;São José Do Mantimento;31;MG;nao metropolitana;mata atlantica;531,2;Cwa;2768;86,04;78,42;61,17
3163706;Episódico/Epidêmico;Episódico/Epidêmico;Se manteve;18,8;74,5;472,7;149,3;342,7;4;138,7;São Lourenço;31;MG;nao metropolitana;mata atlantica;945,81;Cwb;44432;96,28;99,39;99,29
3163805;Episódico;Episódico;Se manteve;20,7;74,6;412,8;231;353;4,7;219,3;São Miguel Do Anta;31;MG;nao metropolitana;mata atlantica;742,28;Cwa;6219;49,61;91,31;67,01
3163904;Episódico/Epidêmico;Episódico;Melhorou;20,3;72,3;484,6;220,3;315;4,3;185;São Pedro Da União;31;MG;nao metropolitana;mata atlantica;1074,28;Cwb;4869;60,47;87,64;71,74
3164001;Episódico/Epidêmico;Episódico;Melhorou;20,8;73,7;401,1;233;354,3;4,7;223,7;São Pedro Dos Ferros;31;MG;nao metropolitana;mata atlantica;342,03;Aw;7122;82,62;98,62;83,01
3164100;Episódico;Episódico/Epidêmico;Piorou;22;71,9;354,2;279,7;335,7;4,7;253;São Pedro Do Suaçuí;31;MG;nao metropolitana;mata atlantica;591,37;Aw;5108;47,12;84,27;45,49
3164209;Episódico/Epidêmico;Episódico;Melhorou;25,2;59,6;277,9;363,3;171,7;3,7;171,3;São Romão;31;MG;nao metropolitana;cerrado;530,28;Aw;9783;18,69;76,27;57,09
3164308;Episódico/Epidêmico;Episódico/Epidêmico;Se manteve;21,4;70,1;487,9;265;293,7;4,7;215;São Roque De Minas;31;MG;nao metropolitana;cerrado;1048,04;Cwb;6893;64,3;85,77;70,7
3164407;Episódico;Episódico;Se manteve;19;73,8;473;154,7;329;3,3;137;São Sebastião Da Bela Vista;31;MG;nao metropolitana;mata atlantica;901,9;Cwb;6390;60,37;88,47;93,33
3164431;Episódico;Episódico;Se manteve;21,1;73,7;439,6;249;347;7;233,7;São Sebastião Da Vargem Alegre;31;MG;nao metropolitana;mata atlantica;814,37;Cwb;3113;49,04;88,95;58,8
3164472;Episódico;Sem transmissão;Melhorou;22,3;72,4;387,9;290,3;348;6;275;São Sebastião Do Anta;31;MG;nao metropolitana;mata atlantica;663,3;Cwa;6195;64,6;93,8;75,81
3164506;Episódico;Episódico;Se manteve;21,7;72,4;383,5;271,3;337,7;5;245,7;São Sebastião Do Maranhão;31;MG;nao metropolitana;mata atlantica;618,99;Aw;9918;30,48;80,99;25,21
3164605;Episódico/Epidêmico;Episódico/Epidêmico;Se manteve;21;69,5;491;251,3;297,3;8,3;204;São Sebastião Do Oeste;31;MG;nao metropolitana;cerrado;816,06;Cwa;8819;67,14;95,45;68
3164704;Epidêmico;Epidêmico;Se manteve;20,9;69,8;446,2;245,7;291,3;5,3;194,7;São Sebastião Do Paraíso;31;MG;nao metropolitana;mata atlantica;928,19;Cwb;70976;97,39;98,75;94,1
3164803;Sem transmissão;Sem transmissão;Se manteve;20,7;73,7;503,7;233;336;9;213;São Sebastião Do Rio Preto;31;MG;nao metropolitana;mata atlantica;637,43;Cwa;1231;15,53;76,7;54,37
3164902;Episódico;Episódico;Se manteve;18;75,8;513,3;104;348;4,7;97,7;São Sebastião Do Rio Verde;31;MG;nao metropolitana;mata atlantica;934,11;Cwb;2299;77,28;81,67;64,08
3165008;Episódico/Epidêmico;Episódico/Epidêmico;Se manteve;19,7;73,6;452,1;192;336,7;6,7;174;São Tiago;31;MG;nao metropolitana;mata atlantica;1007,32;Cwb;11741;71,78;94,4;83,17
3165107;Episódico/Epidêmico;Epidêmico;Piorou;21,2;68,7;434,9;255;277,7;4,3;196,3;São Tomás De Aquino;31;MG;nao metropolitana;mata atlantica;920;Cwb;6745;78,45;95,81;81,68
3165206;Episódico;Episódico;Se manteve;19,5;73,7;448,8;185,7;338,3;4,7;169,3;São Thomé Das Letras;31;MG;nao metropolitana;mata atlantica;1027,06;Cwb;6782;79,62;84,51;73,62
3165305;Episódico;Episódico;Se manteve;19;76,2;435,6;160,3;349,7;5,7;151;São Vicente De Minas;31;MG;nao metropolitana;mata atlantica;993,19;Cwb;6669;86,99;99,32;89,24
3165404;Episódico;Episódico;Se manteve;18,3;76,4;580,6;121,3;341,7;4,7;110,7;Sapucaí-Mirim;31;MG;nao metropolitana;mata atlantica;1390,98;Cwb;6288;69,3;78,59;96,38
3165503;Episódico;Episódico;Se manteve;22,5;72,7;472,3;296,3;341,7;8,3;275,3;Sardoá;31;MG;nao metropolitana;mata atlantica;783,36;Cwa;4774;27,7;91,62;35,68
3165537;Epidêmico;Episódico/Epidêmico;Melhorou;20,9;70,5;441,4;246,7;311;8,7;207,7;Sarzedo;31;MG;metropolitana;mata atlantica;954,49;Cwb;36581;85,61;97,36;98,42
3165552;Episódico/Epidêmico;Episódico/Epidêmico;Se manteve;21,3;72,8;346;256;334,3;4;227,7;Setubinha;31;MG;nao metropolitana;mata atlantica;921,55;Cwb;9797;18,2;68,39;21,14
3165560;Episódico;Episódico;Se manteve;22,3;71,5;417,5;290;333,3;7,3;261,3;Sem-Peixe;31;MG;nao metropolitana;mata atlantica;492,3;Aw;2382;45,16;80,22;48,81
3165578;Episódico;Episódico;Se manteve;18,9;73,4;483,6;156,7;324,7;5;137;Senador Amaral;31;MG;nao metropolitana;mata atlantica;1468,55;Cwb;6208;63,69;82,57;86,56
3165602;Episódico;Episódico/Epidêmico;Piorou;21;78;565,8;234;362,7;10;231,7;Senador Cortes;31;MG;nao metropolitana;mata atlantica;643,06;Cwa;2237;69,89;95,72;79,24
3165701;Episódico/Epidêmico;Episódico;Melhorou;21,6;76,2;466,9;260,3;357,3;7;253,3;Senador Firmino;31;MG;nao metropolitana;mata atlantica;740,04;Cwa;7716;51,58;93,22;78,36
3165800;Episódico;Episódico;Se manteve;19;73,7;560,7;156,7;327,3;5,3;137,3;Senador José Bento;31;MG;nao metropolitana;mata atlantica;965,91;Cfb;2071;37,05;78,38;73,93
3165909;Episódico;Episódico/Epidêmico;Piorou;21,2;71;332,3;255,3;321,3;3;219;Senador Modestino Gonçalves;31;MG;nao metropolitana;cerrado;845,87;Cwa;3926;49,09;80,57;41,13
3166006;Episódico;Episódico;Se manteve;20,3;76,5;506,2;209,7;353,3;7,3;200;Senhora De Oliveira;31;MG;nao metropolitana;mata atlantica;795,7;Cwb;5295;65,91;91,69;60,23
3166105;Episódico;Episódico;Se manteve;21,8;72,9;435,2;276,3;338;7;252;Senhora Do Porto;31;MG;nao metropolitana;mata atlantica;767,96;Cwa;3032;41,72;83,84;38,24
3166204;Episódico/Epidêmico;Sem transmissão;Melhorou;19,5;77,8;554;177;355,3;7,7;170,7;Senhora Dos Remédios;31;MG;nao metropolitana;mata atlantica;898,48;Cwb;9925;55,32;82,29;54,15
3166303;Episódico;Episódico;Se manteve;20,8;73,7;401,1;233;354,3;4,7;223,7;Sericita;31;MG;nao metropolitana;mata atlantica;985,5;Cwb;7345;46,58;86,46;54,66
3166402;Episódico;Episódico;Se manteve;18,5;79,2;677,5;132;358,3;8,3;128;Seritinga;31;MG;nao metropolitana;mata atlantica;1092,42;Cwb;1812;80,39;91,84;83,33
3166501;Episódico;Sem transmissão;Melhorou;20;74,3;446,3;210;336,7;4,7;190;Serra Azul De Minas;31;MG;nao metropolitana;mata atlantica;873,45;Cwa;3906;41,06;65,74;34,52
3166600;Episódico;Episódico/Epidêmico;Piorou;22,5;66,5;426,5;303,3;260;6;227;Serra Da Saudade;31;MG;nao metropolitana;cerrado;736,68;Cwa;836;53,29;94,11;81,31
3166709;Episódico/Epidêmico;Episódico/Epidêmico;Se manteve;24,3;73,4;307,4;355,3;352,3;4;342;Serra Dos Aimorés;31;MG;nao metropolitana;mata atlantica;203,21;Aw;6847;20,48;94,51;78,05
3166808;Episódico/Epidêmico;Episódico/Epidêmico;Se manteve;21,4;66,7;412;280,7;253;3,7;206;Serra Do Salitre;31;MG;nao metropolitana;cerrado;964,23;Cwb;13152;70,29;94,37;76,6
3166907;Episódico/Epidêmico;Episódico/Epidêmico;Se manteve;20,1;72,1;438,9;211,3;317;3,3;181,3;Serrania;31;MG;nao metropolitana;mata atlantica;884,69;Cwb;7518;94,3;98,88;88,78
3166956;Episódico;Episódico/Epidêmico;Piorou;23;63,8;284;330,3;230;3;209,7;Serranópolis De Minas;31;MG;nao metropolitana;caatinga;811,92;As;4398;0,39;53,73;41,68
3167004;Episódico;Episódico;Se manteve;18,5;79,2;677,5;132;358,3;8,3;128;Serranos;31;MG;nao metropolitana;mata atlantica;1067,65;Cwb;1952;68,82;91,66;79,84
3167103;Episódico/Epidêmico;Episódico/Epidêmico;Se manteve;20,2;74,4;471,9;221,3;337,3;6,7;201;Serro;31;MG;nao metropolitana;mata atlantica;977,57;Cwb;21813;39,73;78,11;52,95
3167202;Epidêmico;Epidêmico;Se manteve;22,2;66,6;347,9;293;274,7;5,7;219;Sete Lagoas;31;MG;metropolitana;cerrado;794,94;Cwa;233398;93,85;99;97,42
3167301;Episódico;Episódico;Se manteve;21,3;76,3;504;248,3;356;8;240;Silveirânia;31;MG;nao metropolitana;mata atlantica;670,55;Cwa;2322;67,53;92,94;66,58
3167400;Episódico;Sem transmissão;Melhorou;19,8;72,3;467,9;197;323,3;3;172,7;Silvianópolis;31;MG;nao metropolitana;mata atlantica;885,53;Cwb;6061;89,76;93,3;63,95
3167509;Episódico;Episódico;Se manteve;20,5;78,9;544,6;215,3;362,7;8,7;212,7;Simão Pereira;31;MG;nao metropolitana;mata atlantica;488,55;Cwa;2913;80,4;94,31;89,4
3167608;Episódico;Episódico/Epidêmico;Piorou;20;76,2;422,3;197,7;360,7;6,7;193,7;Simonésia;31;MG;nao metropolitana;mata atlantica;854,21;Cwb;19807;38,93;81,66;48,73
3167707;Episódico/Epidêmico;Episódico/Epidêmico;Se manteve;23,1;71,1;342,5;319,7;341,7;6;298;Sobrália;31;MG;nao metropolitana;mata atlantica;299,8;Aw;4893;58,26;97,48;68,54
3167806;Episódico;Episódico;Se manteve;18,8;74,5;472,7;149,3;342,7;4;138,7;Soledade De Minas;31;MG;nao metropolitana;mata atlantica;963,41;Cwb;5602;61,55;84,59;86,38
3167905;Episódico/Epidêmico;Episódico/Epidêmico;Se manteve;20,5;77,4;580,4;215;357,3;10,3;208,7;Tabuleiro;31;MG;nao metropolitana;mata atlantica;558,34;Cwa;3926;77,34;92,91;78,52
3168002;Episódico/Epidêmico;Episódico/Epidêmico;Se manteve;22,6;67,2;284,2;314,7;282,7;2,7;240,3;Taiobeiras;31;MG;nao metropolitana;cerrado;814,26;Cwa;33071;16,1;92,9;86,26
3168051;Episódico/Epidêmico;Episódico/Epidêmico;Se manteve;22,1;72,5;364,3;289;350,7;6;277,7;Taparuba;31;MG;nao metropolitana;mata atlantica;361,28;Aw;3390;59,93;89,85;67,06
3168101;Episódico;Episódico;Se manteve;20,2;70,4;544,6;212,3;288,7;4,7;170,3;Tapira;31;MG;nao metropolitana;cerrado;1150,67;Cwb;3975;65,14;91,69;62,89
3168200;Episódico;Sem transmissão;Melhorou;22;68;434,9;288;277,7;6,7;225,3;Tapiraí;31;MG;nao metropolitana;cerrado;949,99;Cwb;1689;64;86,6;64,15
3168309;Episódico/Epidêmico;Episódico/Epidêmico;Se manteve;20,5;72,6;434,7;227,3;333;7,7;206;Taquaraçu De Minas;31;MG;metropolitana;cerrado;864,32;Cwb;4135;42,77;75,47;56,54
3168408;Episódico/Epidêmico;Episódico;Melhorou;23,3;70,2;314,8;325;332,3;5;294,7;Tarumirim;31;MG;nao metropolitana;mata atlantica;410,51;Aw;11900;52;89,99;61,03
3168507;Episódico;Episódico;Se manteve;20,7;76,7;489,1;224;358;8;217,3;Teixeiras;31;MG;nao metropolitana;mata atlantica;709,99;Cwa;12105;70,03;96,77;75,51
3168606;Epidêmico;Epidêmico;Se manteve;22,6;73,4;338,6;308,3;344;4,3;286,7;Teófilo Otoni;31;MG;nao metropolitana;mata atlantica;447,81;Aw;142030;77,58;94,94;84,03
3168705;Epidêmico;Epidêmico;Se manteve;21,7;73,5;512,3;267,7;342,3;9;247,3;Timóteo;31;MG;nao metropolitana;mata atlantica;359,49;Aw;77856;93,56;97,61;99,06
3168804;Episódico;Episódico;Se manteve;19,7;73,6;452,1;192;336,7;6,7;174;Tiradentes;31;MG;nao metropolitana;mata atlantica;950,88;Cwb;7508;81,63;97,66;92,75
3168903;Episódico/Epidêmico;Episódico/Epidêmico;Se manteve;21,3;66,5;446,8;272,3;249,7;5,3;198,7;Tiros;31;MG;nao metropolitana;cerrado;869,05;Cwa;8152;74,48;89,63;69,5
3169000;Episódico/Epidêmico;Episódico/Epidêmico;Se manteve;22,1;75,9;457,9;279;358,3;7;272,3;Tocantins;31;MG;nao metropolitana;mata atlantica;408,98;Cwa;14912;81,04;98,13;83,7
3169059;Episódico;Episódico;Se manteve;18,9;73,6;510,7;148,3;326,3;4,7;130,7;Tocos Do Moji;31;MG;nao metropolitana;mata atlantica;1181,8;Cwb;4086;34,44;75,93;91,29
3169109;Episódico;Episódico;Se manteve;18,3;77,2;597,1;128,7;345,3;7,3;120;Toledo;31;MG;nao metropolitana;mata atlantica;1194,95;Cfb;7190;45,95;81,95;93,7
3169208;Episódico/Epidêmico;Episódico/Epidêmico;Se manteve;22,6;75,7;457,3;296,7;357,3;6,7;288,3;Tombos;31;MG;nao metropolitana;mata atlantica;479,65;Cwa;8621;71,14;93,47;87,77
3169307;Episódico/Epidêmico;Episódico/Epidêmico;Se manteve;19,7;72,9;413,9;190,7;337,3;3,7;174;Três Corações;31;MG;nao metropolitana;mata atlantica;912,13;Cwb;75313;92,01;98,67;92,9
3169356;Episódico/Epidêmico;Episódico/Epidêmico;Se manteve;23,3;64,7;349,6;332;236,7;4,3;225;Três Marias;31;MG;nao metropolitana;cerrado;735,34;Cwa;28320;84,13;97,88;92,59
3169406;Episódico/Epidêmico;Episódico/Epidêmico;Se manteve;20,9;70,5;413,3;244;309,7;4,3;204,7;Três Pontas;31;MG;nao metropolitana;mata atlantica;894,7;Cwb;53511;87,77;98,36;88,1
3169505;Episódico/Epidêmico;Episódico/Epidêmico;Se manteve;24,5;68,4;280,8;354,3;319;5,3;309,7;Tumiritinga;31;MG;nao metropolitana;mata atlantica;236,62;Aw;5611;34,88;94,25;69,6
3169604;Episódico/Epidêmico;Epidêmico;Piorou;23,9;63,2;317,2;350,3;221;2;212,7;Tupaciguara;31;MG;nao metropolitana;cerrado;719,46;Aw;25500;91,27;97,71;92,44
3169703;Episódico/Epidêmico;Epidêmico;Piorou;22,2;68,4;306,9;295;300,7;5;237,3;Turmalina;31;MG;nao metropolitana;cerrado;748,45;Cwa;19933;60,47;81,16;72,98
3169802;Episódico;Episódico;Se manteve;19,8;72,7;473,8;196,3;324,7;3;172,3;Turvolândia;31;MG;nao metropolitana;mata atlantica;893,33;Cwb;4859;61,76;89,93;76,96
3169901;Epidêmico;Epidêmico;Se manteve;21,3;76,3;504;248,3;356;8;240;Ubá;31;MG;nao metropolitana;mata atlantica;484,12;Cwa;98705;88,01;98,84;95,8
3170008;Episódico/Epidêmico;Episódico/Epidêmico;Se manteve;24,8;60,1;284,3;362,3;173,7;3,7;173,7;Ubaí;31;MG;nao metropolitana;cerrado;595;As;11606;0,97;90,46;41,58
3170057;Episódico/Epidêmico;Episódico/Epidêmico;Se manteve;21,6;73,7;431,6;265,7;355;9,7;258;Ubaporanga;31;MG;nao metropolitana;mata atlantica;718,45;Cwa;12805;52,38;83,36;58,81
3170107;Epidêmico;Transmissão Persistente;Piorou;22,4;64,1;439,1;313,7;224,3;4;200,3;Uberaba;31;MG;nao metropolitana;cerrado;811,23;Cwa;359090;97,04;99,18;98,1
3170206;Epidêmico;Transmissão Persistente;Piorou;22,2;64,5;349,8;311,3;231,7;1,3;207,7;Uberlândia;31;MG;metropolitana;cerrado;810,38;Cwa;725536;98,18;99,52;98,62
3170305;Episódico;Episódico;Se manteve;24,3;71,1;276,5;351;338;2,3;323,3;Umburatiba;31;MG;nao metropolitana;mata atlantica;308,06;Aw;2686;68,5;94,15;78,04
3170404;Epidêmico;Epidêmico;Se manteve;22,7;65;368,6;323,3;236,7;2,7;218;Unaí;31;MG;metropolitana;cerrado;760,89;Aw;86867;78,67;92,38;81,34
3170438;Episódico/Epidêmico;Episódico/Epidêmico;Se manteve;24,8;62,9;313,4;346,7;218,3;3,3;204,7;União De Minas;31;MG;nao metropolitana;cerrado;453,87;Aw;3671;72,38;86,09;61,88
3170479;Episódico/Epidêmico;Episódico/Epidêmico;Se manteve;23;64,1;386,4;328,7;220,3;4;208,3;Uruana De Minas;31;MG;nao metropolitana;cerrado;750,26;Aw;3268;9,98;76,75;68,41
3170503;Episódico/Epidêmico;Episódico/Epidêmico;Se manteve;22,1;71,4;363,9;281;335,7;5,7;254,7;Urucânia;31;MG;nao metropolitana;mata atlantica;471,19;Cwa;10480;85,44;88,09;76,03
3170529;Episódico/Epidêmico;Episódico/Epidêmico;Se manteve;24,4;61,3;291,6;356;187,7;3,3;187,3;Urucuia;31;MG;nao metropolitana;cerrado;578,44;Aw;17433;11,33;69,31;49,51
3170578;Episódico/Epidêmico;Episódico;Melhorou;23,1;71,4;350,9;321;334,3;5,7;291,7;Vargem Alegre;31;MG;nao metropolitana;mata atlantica;451,87;Aw;6195;73,16;92,83;79,89
3170602;Episódico;Episódico/Epidêmico;Piorou;20,9;70,4;523,5;248,7;294,7;6;201;Vargem Bonita;31;MG;nao metropolitana;cerrado;953,75;Cwb;1984;81,46;90,22;75,31
3170651;Episódico;Episódico;Se manteve;22,4;68,3;263,8;312,3;299,7;3;252;Vargem Grande Do Rio Pardo;31;MG;nao metropolitana;cerrado;954,42;Cwb;4631;1,34;61,05;50,84
3170701;Epidêmico;Epidêmico;Se manteve;20,5;71,1;393,4;229;312,3;3;195;Varginha;31;MG;nao metropolitana;mata atlantica;925,68;Cwb;137078;97,76;99,4;97,63
3170750;Episódico/Epidêmico;Episódico/Epidêmico;Se manteve;22;66;375,6;300;246;6,3;215,3;Varjão De Minas;31;MG;nao metropolitana;cerrado;843,05;Cwa;7023;75,78;92,21;87,87
3170800;Epidêmico;Epidêmico;Se manteve;23,9;62,3;288,5;340,3;199,3;3,3;194,7;Várzea Da Palma;31;MG;nao metropolitana;cerrado;600,63;Aw;32885;11,8;95,03;86,79
3170909;Episódico/Epidêmico;Episódico/Epidêmico;Se manteve;24,5;60,8;316,4;359,7;179;7;178,7;Varzelândia;31;MG;nao metropolitana;caatinga;652,86;As;18842;13,69;86,33;38,68
3171006;Episódico/Epidêmico;Episódico/Epidêmico;Se manteve;23,2;64,1;358,7;330,7;223;5;214,3;Vazante;31;MG;nao metropolitana;cerrado;679,53;Aw;20771;83,42;94,74;87,4
3171030;Episódico/Epidêmico;Episódico;Melhorou;25,4;58,9;278,2;364,3;158,7;6;158,7;Verdelândia;31;MG;nao metropolitana;caatinga;520,06;As;7348;20,25;81,63;55,48
3171071;Episódico;Episódico;Se manteve;22,2;68,8;285,6;295;308,7;3,7;242,3;Veredinha;31;MG;nao metropolitana;cerrado;778,68;Cwa;5148;58,13;76,96;66,93
3171105;Episódico/Epidêmico;Episódico/Epidêmico;Se manteve;23,5;63,5;379,3;332,3;228;3,7;209;Veríssimo;31;MG;nao metropolitana;cerrado;733,69;Cwa;3289;63,49;90,1;67,75
3171154;Episódico;Episódico;Se manteve;21,9;71,7;369,6;274,7;341;6,7;252,7;Vermelho Novo;31;MG;nao metropolitana;mata atlantica;686,17;Cwa;4916;35,74;87,9;45,08
3171204;Epidêmico;Epidêmico;Se manteve;21,3;69,4;362,8;261;306;5,7;216,3;Vespasiano;31;MG;metropolitana;cerrado;798,2;Cwa;137821;91,1;99,62;95,82
3171303;Episódico/Epidêmico;Episódico/Epidêmico;Se manteve;21;75,6;443,1;241,7;353,7;6,7;232;Viçosa;31;MG;nao metropolitana;mata atlantica;720,75;Cwa;85119;88,98;98,29;95,05
3171402;Episódico;Episódico;Se manteve;20,8;76,9;534,8;226;358;8,3;219,3;Vieiras;31;MG;nao metropolitana;mata atlantica;635,33;Cwa;3701;52,49;79,21;69,24
3171501;Episódico;Episódico;Se manteve;23,6;70,2;375,7;337;328;7;301,7;Mathias Lobato;31;MG;nao metropolitana;mata atlantica;264,82;Aw;2912;81,51;98,38;62,72
3171600;Episódico/Epidêmico;Episódico/Epidêmico;Se manteve;24;65,2;261,1;342,7;260;2,3;242,3;Virgem Da Lapa;31;MG;nao metropolitana;cerrado;530,08;As;11513;42,3;68,79;51,05
3171709;Episódico;Episódico;Se manteve;18,6;76,2;584;135,3;347,7;6;126,7;Virgínia;31;MG;nao metropolitana;mata atlantica;1245,93;Cwb;8933;54,04;78,69;50,55
3171808;Episódico;Episódico/Epidêmico;Piorou;21,3;73,4;426,9;254,3;341,7;6,3;233,3;Virginópolis;31;MG;nao metropolitana;mata atlantica;807,39;Cwa;10336;54,02;92,4;65,86
3171907;Episódico/Epidêmico;Episódico;Melhorou;23,6;70,2;375,7;337;328;7;301,7;Virgolândia;31;MG;nao metropolitana;mata atlantica;527,16;Aw;4848;69,5;82,14;50,34
3172004;Epidêmico;Epidêmico;Se manteve;21,6;76,2;466,9;260,3;357,3;7;253,3;Visconde Do Rio Branco;31;MG;nao metropolitana;mata atlantica;403,57;Cwa;38493;85,5;97,01;90,66
3172103;Episódico/Epidêmico;Episódico/Epidêmico;Se manteve;21,4;77,3;477,7;254,7;363,3;8,7;253;Volta Grande;31;MG;nao metropolitana;mata atlantica;270,48;Cwa;4367;71,53;97,13;86
3172202;Episódico;Sem transmissão;Melhorou;18,8;76,6;645,6;143;344;8,3;132;Wenceslau Braz;31;MG;nao metropolitana;mata atlantica;1234,78;Cwb;2279;18,14;44,96;97,45
3200102;Episódico/Epidêmico;Episódico/Epidêmico;Se manteve;21,1;74;343,1;247,7;359,3;5,3;243,7;Afonso Cláudio;32;ES;nao metropolitana;mata atlantica;681,82;Cfa;30603;53,92;87,73;59,39
3200136;Episódico/Epidêmico;Episódico;Melhorou;23,8;75;335;348;363;6;346;Águia Branca;32;ES;nao metropolitana;mata atlantica;290,2;Aw;9714;32,92;89,53;39,31
3200169;Episódico/Epidêmico;Episódico;Melhorou;23,2;73,6;316,9;325;358;5,7;318,7;Água Doce Do Norte;32;ES;nao metropolitana;mata atlantica;438,55;Aw;12038;41,83;88,18;59,68
3200201;Epidêmico;Episódico;Melhorou;21,3;78;523,2;247,7;359,7;11,3;241,7;Alegre;32;ES;nao metropolitana;mata atlantica;502,75;Cfa;26397;61,13;93,17;78,33
3200300;Epidêmico;Episódico/Epidêmico;Melhorou;23,3;81;415,4;349,7;365,7;8,7;349;Alfredo Chaves;32;ES;nao metropolitana;mata atlantica;657,45;Cfa;13303;72,73;80,21;84,37
3200359;Episódico/Epidêmico;Episódico;Melhorou;23,3;73,6;346,1;329;360,3;7,3;325;Alto Rio Novo;32;ES;nao metropolitana;mata atlantica;589,2;Cfa;7438;58,11;93,56;60,67
3200409;Epidêmico;Episódico/Epidêmico;Melhorou;23,1;78,7;439;319,7;364,3;8;318,3;Anchieta;32;ES;nao metropolitana;mata atlantica;70,04;Aw;29613;54,51;93,03;94,06
3200508;Episódico/Epidêmico;Episódico/Epidêmico;Se manteve;23,9;75,3;404,4;340,7;358;8;334,7;Apiacá;32;ES;nao metropolitana;mata atlantica;359,56;Cfa;7178;69,76;90,84;74,24
3200607;Epidêmico;Epidêmico;Se manteve;22,9;79,9;434;321,3;366;6,3;321,3;Aracruz;32;ES;nao metropolitana;mata atlantica;40,56;Aw;99336;82,58;97,56;93,74
3200706;Episódico/Epidêmico;Episódico/Epidêmico;Se manteve;22,8;77;424,1;303;360,3;8;297,7;Atílio Vivacqua;32;ES;nao metropolitana;mata atlantica;190,38;Aw;11218;73,6;94,18;85,69
3200805;Epidêmico;Epidêmico;Se manteve;23,7;71,6;323,3;337,3;354,3;6;328;Baixo Guandu;32;ES;nao metropolitana;mata atlantica;340,86;Aw;30676;77,8;94,81;80,54
3200904;Epidêmico;Episódico/Epidêmico;Melhorou;23,2;73,5;319,7;325;359,3;5,7;320;Barra De São Francisco;32;ES;nao metropolitana;mata atlantica;290,51;Aw;40753;57,75;96,39;70,01
3201001;Episódico/Epidêmico;Episódico/Epidêmico;Se manteve;24,3;74,8;332,9;356,7;360,7;5,3;351,7;Boa Esperança;32;ES;nao metropolitana;mata atlantica;132,53;Aw;13134;50,03;98,7;72,47
3201100;Episódico/Epidêmico;Episódico;Melhorou;22,6;75,7;457,3;296,7;357,3;6,7;288,3;Bom Jesus Do Norte;32;ES;nao metropolitana;mata atlantica;248,17;Aw;9832;80,15;97,96;93,1
3201159;Episódico;Episódico/Epidêmico;Piorou;20,4;77,4;452,5;211,3;362,7;6,7;208,7;Brejetuba;32;ES;nao metropolitana;mata atlantica;918,44;Cfb;12933;46,96;86,74;57,27
3201209;Epidêmico;Epidêmico;Se manteve;22,8;77;424,1;303;360,3;8;297,7;Cachoeiro De Itapemirim;32;ES;nao metropolitana;mata atlantica;191,94;Aw;196133;89,6;98,32;96,81
3201308;Epidêmico;Epidêmico;Se manteve;21,6;80,9;561,6;264,7;365,7;12,3;264,3;Cariacica;32;ES;metropolitana;mata atlantica;194,28;Am;375500;80,36;99,47;94,06
3201407;Episódico/Epidêmico;Epidêmico;Piorou;21,3;76,1;428,9;248;356,7;8;238,7;Castelo;32;ES;nao metropolitana;mata atlantica;575,03;Cfb;39372;67,56;93,37;78,99
3201506;Epidêmico;Epidêmico;Se manteve;23,6;73,2;317,4;337,3;361;6;334;Colatina;32;ES;nao metropolitana;mata atlantica;190,25;Aw;124575;85,9;97,96;91,65
3201605;Epidêmico;Episódico/Epidêmico;Melhorou;24,4;78,2;388,4;365,3;365;6,3;364;Conceição Da Barra;32;ES;nao metropolitana;mata atlantica;39,07;Af;27947;31,54;95,37;83,86
3201704;Episódico/Epidêmico;Episódico/Epidêmico;Se manteve;20,7;75,4;386,9;223,7;358;6,7;217;Conceição Do Castelo;32;ES;nao metropolitana;mata atlantica;801,62;Cfb;12219;49,8;88,84;71,68
3201803;Episódico;Episódico;Se manteve;20,2;76,9;462,6;205,3;359,7;6,3;200,3;Divino De São Lourenço;32;ES;nao metropolitana;mata atlantica;942,09;Cwb;5089;34,5;81,25;53,98
3201902;Episódico/Epidêmico;Episódico/Epidêmico;Se manteve;20,2;80,6;577,5;199,3;365,3;10,3;198,7;Domingos Martins;32;ES;nao metropolitana;mata atlantica;872,84;Cfb;35937;48,86;89,74;71,6
3202009;Episódico;Episódico;Se manteve;21,3;78;523,2;247,7;359,7;11,3;241,7;Dores Do Rio Preto;32;ES;nao metropolitana;mata atlantica;994,93;Cwb;6669;55,51;93,49;85,43
3202108;Episódico/Epidêmico;Episódico/Epidêmico;Se manteve;23,6;73,8;324,5;339,3;357,3;5,7;332;Ecoporanga;32;ES;nao metropolitana;mata atlantica;291,75;Aw;21995;44,92;95,05;60,65
3202207;Episódico/Epidêmico;Epidêmico;Piorou;22,9;79,9;434;321,3;366;6,3;321,3;Fundão;32;ES;metropolitana;mata atlantica;123,94;Am;17884;39,45;96,59;86,14
3202256;Episódico/Epidêmico;Episódico;Melhorou;23,8;76,9;378,8;349,3;364,3;6,3;348,3;Governador Lindenberg;32;ES;nao metropolitana;mata atlantica;232,98;Aw;11073;41,81;95,05;52,48
3202306;Episódico/Epidêmico;Episódico/Epidêmico;Se manteve;21,3;76,4;482,3;249,3;356,3;7,7;240,3;Guaçuí;32;ES;nao metropolitana;mata atlantica;726,86;Cfa;28727;73,29;93,13;83,67
3202405;Epidêmico;Epidêmico;Se manteve;23,7;82;372,6;364;365;9;362,7;Guarapari;32;ES;metropolitana;mata atlantica;188,47;Am;132915;66,09;97,29;95,12
3202454;Episódico/Epidêmico;Episódico/Epidêmico;Se manteve;20,7;75,4;386,9;223,7;358;6,7;217;Ibatiba;32;ES;nao metropolitana;mata atlantica;876,94;Cwb;25296;55,71;86,74;68,28
3202504;Episódico/Epidêmico;Episódico/Epidêmico;Se manteve;22,9;79,9;434;321,3;366;6,3;321,3;Ibiraçu;32;ES;nao metropolitana;mata atlantica;272,42;Aw;12561;77,39;96,84;90,91
3202553;Episódico;Episódico;Se manteve;20,2;76,9;462,6;205,3;359,7;6,3;200,3;Ibitirama;32;ES;nao metropolitana;mata atlantica;1144,55;Cwb;9550;39,4;81,62;58,63
3202603;Episódico/Epidêmico;Episódico/Epidêmico;Se manteve;23,1;78,7;439;319,7;364,3;8;318,3;Iconha;32;ES;nao metropolitana;mata atlantica;373,5;Cfa;12055;58,63;84,29;82,72
3202652;Episódico/Epidêmico;Episódico/Epidêmico;Se manteve;20;76,2;422,3;197,7;360,7;6,7;193,7;Irupi;32;ES;nao metropolitana;mata atlantica;863,89;Cwb;13328;34,05;79,57;51,45
3202702;Episódico/Epidêmico;Epidêmico;Piorou;22,1;75;341,1;292,3;362,7;4,3;290,3;Itaguaçu;32;ES;nao metropolitana;mata atlantica;331,17;Aw;14368;49,89;92,03;73,91
3202801;Epidêmico;Episódico/Epidêmico;Melhorou;23,6;80;355,7;352,7;365;8,3;352;Itapemirim;32;ES;nao metropolitana;mata atlantica;31,44;Aw;45801;22,28;95,27;90,15
3202900;Episódico/Epidêmico;Episódico/Epidêmico;Se manteve;22,1;75;341,1;292,3;362,7;4,3;290,3;Itarana;32;ES;nao metropolitana;mata atlantica;616,67;Cfb;12452;61,48;91,28;74,35
3203007;Episódico/Epidêmico;Episódico/Epidêmico;Se manteve;20,4;75,7;403,2;214,3;360,3;6;209,7;Iúna;32;ES;nao metropolitana;mata atlantica;967,83;Cwb;27846;64,62;83,83;67,13
3203056;Epidêmico;Epidêmico;Se manteve;24,3;78,4;395,8;364,3;365,3;7;363,3;Jaguaré;32;ES;nao metropolitana;mata atlantica;49,88;Aw;28911;61,55;97,49;76,51
3203106;Episódico/Epidêmico;Episódico;Melhorou;21,3;78;523,2;247,7;359,7;11,3;241,7;Jerônimo Monteiro;32;ES;nao metropolitana;mata atlantica;292,7;Aw;11627;76,77;95,17;79,27
3203130;Episódico/Epidêmico;Episódico;Melhorou;22,1;78,3;412,9;287,3;365,7;6,3;287,3;João Neiva;32;ES;nao metropolitana;mata atlantica;242,11;Aw;15431;81,25;98,57;91,49
3203163;Episódico/Epidêmico;Episódico;Melhorou;20,5;78,6;458,1;216;364,3;6,3;215;Laranja Da Terra;32;ES;nao metropolitana;mata atlantica;372,77;Aw;11068;52,22;88,11;45,72
3203205;Epidêmico;Epidêmico;Se manteve;24,3;79,7;415,6;364,7;365,3;8;363,7;Linhares;32;ES;nao metropolitana;mata atlantica;45,29;Aw;171265;68,29;97,96;88,76
3203304;Episódico/Epidêmico;Episódico;Melhorou;23,2;73,5;319,7;325;359,3;5,7;320;Mantenópolis;32;ES;nao metropolitana;mata atlantica;619,49;Cfa;12259;61,59;95,63;64,7
3203320;Episódico/Epidêmico;Epidêmico;Piorou;23,6;80;355,7;352,7;365;8,3;352;Marataízes;32;ES;nao metropolitana;mata atlantica;22,34;Aw;46198;53,47;98,78;84,78
3203346;Episódico/Epidêmico;Episódico/Epidêmico;Se manteve;21,6;80,9;561,6;264,7;365,7;12,3;264,3;Marechal Floriano;32;ES;nao metropolitana;mata atlantica;785,55;Cfb;19594;30,93;91,53;90,43
3203353;Episódico/Epidêmico;Episódico/Epidêmico;Se manteve;23,4;78,2;385,3;334,7;366;6,7;334,7;Marilândia;32;ES;nao metropolitana;mata atlantica;165,15;Aw;12975;58,92;94,83;70,74
3203403;Episódico/Epidêmico;Epidêmico;Piorou;22,8;77,9;497,7;307,7;362,7;11,7;305;Mimoso Do Sul;32;ES;nao metropolitana;mata atlantica;267,95;Aw;24769;50,9;91,03;67,14
3203502;Episódico/Epidêmico;Episódico/Epidêmico;Se manteve;24,4;75,8;346,3;360,7;363;5,3;357,7;Montanha;32;ES;nao metropolitana;mata atlantica;149,47;Am;18851;75,18;96,9;79,93
3203601;Episódico/Epidêmico;Episódico/Epidêmico;Se manteve;24,2;72,6;304;353,3;348,3;5,7;336,7;Mucurici;32;ES;nao metropolitana;mata atlantica;236,98;Aw;5467;62,76;92,11;66,1
3203700;Episódico/Epidêmico;Episódico/Epidêmico;Se manteve;20,7;75,4;386,9;223,7;358;6,7;217;Muniz Freire;32;ES;nao metropolitana;mata atlantica;758,62;Cfa;18169;44,28;87,06;62,33
3203809;Episódico/Epidêmico;Episódico/Epidêmico;Se manteve;23,4;78;409,7;334,7;363,3;9,7;333,7;Muqui;32;ES;nao metropolitana;mata atlantica;455,02;Cfa;15736;59,81;90,7;71,97
3203908;Epidêmico;Episódico/Epidêmico;Melhorou;24,3;74,8;332,9;356,7;360,7;5,3;351,7;Nova Venécia;32;ES;nao metropolitana;mata atlantica;180,56;Aw;48220;65,48;97,01;70,21
3204005;Episódico/Epidêmico;Episódico;Melhorou;23,5;76,3;378,4;334,3;364;8;333,7;Pancas;32;ES;nao metropolitana;mata atlantica;338,84;Aw;18923;47,89;91,62;49,82
3204054;Epidêmico;Epidêmico;Se manteve;24,4;75,8;346,3;360,7;363;5,3;357,7;Pedro Canário;32;ES;nao metropolitana;mata atlantica;80,75;Af;21343;52,45;97,47;90,24
3204104;Episódico/Epidêmico;Epidêmico;Piorou;24,4;75,8;346,3;360,7;363;5,3;357,7;Pinheiros;32;ES;nao metropolitana;mata atlantica;117,05;Am;23674;74,98;97,01;79,66
3204203;Epidêmico;Episódico;Melhorou;23,1;78,7;439;319,7;364,3;8;318,3;Piúma;32;ES;nao metropolitana;mata atlantica;19,65;Aw;21124;67,38;98,99;96,82
3204252;Episódico/Epidêmico;Episódico/Epidêmico;Se manteve;24,3;74,4;332;356;356,7;6,3;347;Ponto Belo;32;ES;nao metropolitana;mata atlantica;209,67;Aw;6486;71,27;97,37;80,2
3204302;Episódico/Epidêmico;Episódico/Epidêmico;Se manteve;23,4;78;409,7;334,7;363,3;9,7;333,7;Presidente Kennedy;32;ES;nao metropolitana;mata atlantica;39,38;Aw;14718;38,02;92,37;71,8
3204351;Episódico/Epidêmico;Episódico/Epidêmico;Se manteve;23,7;77,4;382,5;343,7;365,3;7,3;343;Rio Bananal;32;ES;nao metropolitana;mata atlantica;146,89;Aw;19035;34,28;95,79;56,74
3204401;Episódico/Epidêmico;Episódico;Melhorou;22,8;77;424,1;303;360,3;8;297,7;Rio Novo Do Sul;32;ES;nao metropolitana;mata atlantica;253,04;Aw;11017;47,12;88,37;89,78
3204500;Episódico/Epidêmico;Episódico;Melhorou;21,4;80,1;507,5;253;365,7;10;252,7;Santa Leopoldina;32;ES;nao metropolitana;mata atlantica;452,11;Cfa;15830;24,94;86,97;53,35
3204559;Episódico/Epidêmico;Episódico;Melhorou;20,5;78,6;458,1;216;364,3;6,3;215;Santa Maria De Jetibá;32;ES;nao metropolitana;mata atlantica;901,36;Cfb;46523;45,92;85,81;60,23
3204609;Episódico/Epidêmico;Epidêmico;Piorou;22,9;80,5;450,6;325;366;8;325;Santa Teresa;32;ES;nao metropolitana;mata atlantica;605,87;Cfb;25755;64,42;91,66;84,51
3204658;Episódico/Epidêmico;Episódico;Melhorou;23,4;76,4;383,9;335,3;364,3;7,3;334,7;São Domingos Do Norte;32;ES;nao metropolitana;mata atlantica;193,69;Aw;8588;46,94;95,18;51,67
3204708;Epidêmico;Epidêmico;Se manteve;23,4;76,4;383,9;335,3;364,3;7,3;334,7;São Gabriel Da Palha;32;ES;nao metropolitana;mata atlantica;176,73;Aw;34198;70,22;97,98;78,09
3204807;Episódico/Epidêmico;Episódico;Melhorou;22,6;75,7;457,3;296,7;357,3;6,7;288,3;São José Do Calçado;32;ES;nao metropolitana;mata atlantica;500,39;Cfa;10875;67,64;96,76;83,73
3204906;Epidêmico;Epidêmico;Se manteve;24,5;79,7;405,9;366,3;363,3;7;363,3;São Mateus;32;ES;nao metropolitana;mata atlantica;64,56;Aw;122386;62,15;96,7;83,25
3204955;Episódico/Epidêmico;Episódico/Epidêmico;Se manteve;23,2;76,4;356,1;324,7;364;6;323,7;São Roque Do Canaã;32;ES;nao metropolitana;mata atlantica;299,01;Aw;10594;41,8;95,36;70,28
3205002;Epidêmico;Transmissão Persistente;Piorou;22,9;80,5;450,6;325;366;8;325;Serra;32;ES;metropolitana;mata atlantica;44,52;Am;546405;85,66;99,22;98,15
3205010;Epidêmico;Episódico/Epidêmico;Melhorou;24,4;78,7;402,6;364,3;366;7,3;364;Sooretama;32;ES;nao metropolitana;mata atlantica;78,52;Aw;27255;46,53;97,08;69,45
3205036;Episódico/Epidêmico;Episódico;Melhorou;23,1;78,7;439;319,7;364,3;8;318,3;Vargem Alta;32;ES;nao metropolitana;mata atlantica;721,28;Cfb;22285;27,61;67,78;79,9
3205069;Episódico/Epidêmico;Episódico/Epidêmico;Se manteve;20,7;75,4;386,9;223,7;358;6,7;217;Venda Nova Do Imigrante;32;ES;nao metropolitana;mata atlantica;947,28;Cfb;23964;88,16;93,33;93,03
3205101;Epidêmico;Epidêmico;Se manteve;23,3;80,6;431,4;343,3;366;7,7;343,3;Viana;32;ES;metropolitana;mata atlantica;160,97;Am;71443;70,45;97,18;90,45
3205150;Episódico/Epidêmico;Episódico/Epidêmico;Se manteve;24;74,1;322,7;350,7;361;6;346,3;Vila Pavão;32;ES;nao metropolitana;mata atlantica;193,97;Aw;8890;30,14;92,64;45,5
3205176;Episódico/Epidêmico;Episódico;Melhorou;24,1;75,6;339,3;355,7;363;5,3;353,3;Vila Valério;32;ES;nao metropolitana;mata atlantica;142,74;Aw;14764;35,16;93,81;40,35
3205200;Epidêmico;Epidêmico;Se manteve;23,3;80,6;431,4;343,3;366;7,7;343,3;Vila Velha;32;ES;metropolitana;mata atlantica;15,85;Am;493242;86,46;99,78;99,1
3205309;Epidêmico;Transmissão Persistente;Piorou;23,3;80,6;431,4;343,3;366;7,7;343,3;Vitória;32;ES;metropolitana;mata atlantica;22,09;Am;331785;98,26;99,92;99,78
3300100;Epidêmico;Epidêmico;Se manteve;22;82,6;714,9;282,3;366;11;282,3;Angra Dos Reis;33;RJ;nao metropolitana;mata atlantica;243,68;Cfa;181228;85,44;92,53;98,91
3300159;Episódico/Epidêmico;Episódico/Epidêmico;Se manteve;22,3;78,5;460,8;288;365;6,3;287,3;Aperibé;33;RJ;nao metropolitana;mata atlantica;113,08;Aw;10893;78,59;96,85;87,75
3300209;Epidêmico;Episódico/Epidêmico;Melhorou;23,1;81,8;389,5;341,3;366,3;3,3;341,3;Araruama;33;RJ;nao metropolitana;mata atlantica;28,17;Aw;126726;64,85;96,13;93,62
3300225;Episódico/Epidêmico;Episódico/Epidêmico;Se manteve;20,1;81,5;725,5;193,7;365,3;12,3;192,7;Areal;33;RJ;nao metropolitana;mata atlantica;610,22;Cfa;11765;45,8;85,66;96,03
3300233;Episódico/Epidêmico;Episódico/Epidêmico;Se manteve;23,1;82;342,1;349;365;3,7;348,3;Armação Dos Búzios;33;RJ;nao metropolitana;mata atlantica;19,42;Aw;39033;90,06;83,53;98,46
3300258;Episódico/Epidêmico;Episódico/Epidêmico;Se manteve;23;82,5;280,5;357,3;357,3;3,7;350,3;Arraial Do Cabo;33;RJ;nao metropolitana;mata atlantica;3,8;Aw;31030;91,56;93,92;99,45
3300308;Epidêmico;Episódico/Epidêmico;Melhorou;22,2;79;535;271,7;357;8,7;262,7;Barra Do Piraí;33;RJ;nao metropolitana;mata atlantica;506,73;Cwa;91025;78,12;95,87;97,45
3300407;Episódico/Epidêmico;Episódico/Epidêmico;Se manteve;20,2;79,9;628,4;201,3;359,7;7;196;Barra Mansa;33;RJ;nao metropolitana;mata atlantica;507,96;Cwa;166654;82,21;98,35;98,86
3300456;Epidêmico;Epidêmico;Se manteve;23,1;78,9;477,3;314,3;361;7,3;309,3;Belford Roxo;33;RJ;metropolitana;mata atlantica;24,49;Am;446731;82,04;94,35;88,73
3300506;Episódico/Epidêmico;Episódico;Melhorou;20,2;80,2;590,6;199;364;9;198;Bom Jardim;33;RJ;nao metropolitana;mata atlantica;814,51;Cwb;28166;54,31;84,01;93,24
3300605;Epidêmico;Episódico/Epidêmico;Melhorou;22,4;77,4;515,6;291,3;361,3;9,7;287;Bom Jesus Do Itabapoana;33;RJ;nao metropolitana;mata atlantica;347,16;Aw;35797;81,41;96,35;90,62
3300704;Epidêmico;Epidêmico;Se manteve;23;82,5;280,5;357,3;357,3;3,7;350,3;Cabo Frio;33;RJ;nao metropolitana;mata atlantica;11,45;Aw;214057;82,97;90,23;97,41
3300803;Episódico/Epidêmico;Episódico/Epidêmico;Se manteve;19,9;81,9;774;186;365,3;15,3;185;Cachoeiras De Macacu;33;RJ;metropolitana;mata atlantica;272,92;Aw;53887;66,28;88,76;89,53
3300902;Episódico/Epidêmico;Episódico;Melhorou;23,1;75,1;386,1;313,7;359;5,7;307,3;Cambuci;33;RJ;nao metropolitana;mata atlantica;255,36;Aw;14245;59,53;89,49;76,37
3300936;Episódico/Epidêmico;Episódico;Melhorou;23,6;78,2;400,6;339,3;365;5;338,7;Carapebus;33;RJ;nao metropolitana;mata atlantica;25,48;Aw;13360;78,08;95,11;87,18
3300951;Episódico;Episódico;Se manteve;20,9;78;495,6;226,3;359,7;8;220,7;Comendador Levy Gasparian;33;RJ;nao metropolitana;mata atlantica;464,18;Cwa;8769;80,09;97,67;95,9
3301009;Epidêmico;Epidêmico;Se manteve;24,2;75,7;398,3;344,3;362,7;6,3;342,3;Campos Dos Goytacazes;33;RJ;nao metropolitana;mata atlantica;74,69;Aw;474667;58,17;97,69;95,75
3301108;Episódico/Epidêmico;Episódico/Epidêmico;Se manteve;21;80,5;551,1;230;365;6,7;229,7;Cantagalo;33;RJ;nao metropolitana;mata atlantica;392,26;Cwa;19443;72,48;94,49;87,78
3301157;Episódico/Epidêmico;Episódico/Epidêmico;Se manteve;24,2;74,6;389,1;343,7;359,3;6,3;338,7;Cardoso Moreira;33;RJ;nao metropolitana;mata atlantica;92,36;Aw;12686;60,31;91,41;77,81
3301207;Episódico/Epidêmico;Episódico;Melhorou;20,2;80,2;590,6;199;364;9;198;Carmo;33;RJ;nao metropolitana;mata atlantica;393,47;Cwa;17149;72,01;96,41;94,62
3301306;Episódico/Epidêmico;Epidêmico;Piorou;21,6;81;631;260,7;366;10;260,3;Casimiro De Abreu;33;RJ;nao metropolitana;mata atlantica;142,5;Aw;45570;75,42;98,14;98,37
3301405;Episódico/Epidêmico;Episódico;Melhorou;22,4;79,8;476,5;295,3;365,7;6,7;295;Conceição De Macabu;33;RJ;nao metropolitana;mata atlantica;158,6;Aw;20814;64,98;95,7;93,24
3301504;Episódico/Epidêmico;Episódico/Epidêmico;Se manteve;20,2;80,2;590,6;199;364;9;198;Cordeiro;33;RJ;nao metropolitana;mata atlantica;559,62;Cwa;20843;83,98;96,6;97,26
3301603;Episódico;Episódico;Se manteve;19,8;79,9;592,3;188,3;364,3;11,3;187,3;Duas Barras;33;RJ;nao metropolitana;mata atlantica;772,51;Cwb;11102;48,83;81,1;92,26
3301702;Epidêmico;Epidêmico;Se manteve;23,2;78,6;457,9;317,7;361;5;313;Duque De Caxias;33;RJ;metropolitana;mata atlantica;138,89;Af;782799;86,08;94,78;95,88
3301801;Episódico/Epidêmico;Episódico/Epidêmico;Se manteve;21,7;79,4;563,8;258;357;9;249;Engenheiro Paulo De Frontin;33;RJ;nao metropolitana;mata atlantica;515,62;Cfa;11822;62,36;88,92;98,59
3301850;Episódico/Epidêmico;Episódico/Epidêmico;Se manteve;22,2;80,4;620,4;275,7;363,7;8;273,3;Guapimirim;33;RJ;metropolitana;mata atlantica;148,77;Am;50409;69,44;89,71;93,22
3301876;Episódico/Epidêmico;Epidêmico;Piorou;23,1;81,8;389,5;341,3;366,3;3,3;341,3;Iguaba Grande;33;RJ;nao metropolitana;mata atlantica;21,37;Aw;27651;87,2;85,37;98,7
3301900;Epidêmico;Epidêmico;Se manteve;23,4;79,7;426;329,7;366;3;329,3;Itaboraí;33;RJ;metropolitana;mata atlantica;49,01;Aw;231004;65,88;89,43;92,91
3302007;Episódico/Epidêmico;Episódico/Epidêmico;Se manteve;22,5;80,1;557,8;294,7;360,7;8;289;Itaguaí;33;RJ;metropolitana;mata atlantica;1,67;Aw;132867;78,07;95,55;97,16
3302056;Episódico/Epidêmico;Episódico/Epidêmico;Se manteve;23,6;75,1;415,5;329;357,7;7;322,7;Italva;33;RJ;nao metropolitana;mata atlantica;117,75;Aw;13729;72,93;95,26;84,11
3302106;Episódico/Epidêmico;Episódico/Epidêmico;Se manteve;22,3;78,5;460,8;288;365;6,3;287,3;Itaocara;33;RJ;nao metropolitana;mata atlantica;144,59;Aw;22989;72,2;96,28;81,2
3302205;Epidêmico;Epidêmico;Se manteve;22,6;75,7;457,3;296,7;357,3;6,7;288,3;Itaperuna;33;RJ;nao metropolitana;mata atlantica;192,76;Aw;99300;88,26;96,62;93,18
3302254;Episódico/Epidêmico;Episódico/Epidêmico;Se manteve;20,2;79,9;628,4;201,3;359,7;7;196;Itatiaia;33;RJ;nao metropolitana;mata atlantica;985,57;Cwa;30766;88,64;93,42;97,72
3302270;Episódico/Epidêmico;Episódico/Epidêmico;Se manteve;22,2;79;535;271,7;357;8,7;262,7;Japeri;33;RJ;metropolitana;mata atlantica;43,83;Am;96595;68,99;95,7;85,32
3302304;Episódico;Episódico;Se manteve;22,6;75,5;466,7;292;358,3;6,7;284,7;Laje Do Muriaé;33;RJ;nao metropolitana;mata atlantica;328,62;Aw;6767;69,35;94,61;79,29
3302403;Epidêmico;Epidêmico;Se manteve;23;83;322,2;354,7;364,3;5;353;Macaé;33;RJ;nao metropolitana;mata atlantica;236,87;Aw;262692;82,8;94,18;97,99
3302452;Episódico/Epidêmico;Episódico;Melhorou;21;80,5;551,1;230;365;6,7;229,7;Macuco;33;RJ;nao metropolitana;mata atlantica;416,63;Cfa;5446;97,45;99,4;95,82
3302502;Epidêmico;Episódico/Epidêmico;Melhorou;23,4;79,7;426;329,7;366;3;329,3;Magé;33;RJ;metropolitana;mata atlantica;172,69;Am;248208;63,96;85,93;95,85
3302601;Episódico/Epidêmico;Episódico/Epidêmico;Se manteve;23;81,2;458,1;330;365,3;6,3;329,7;Mangaratiba;33;RJ;nao metropolitana;mata atlantica;101,13;Cfa;38953;78,3;63,92;97,76
3302700;Epidêmico;Episódico/Epidêmico;Melhorou;23,1;82,3;300,2;350;365,7;2,7;349,7;Maricá;33;RJ;metropolitana;mata atlantica;63,08;Aw;223938;64,26;93,08;93,17
3302809;Episódico/Epidêmico;Episódico;Melhorou;21,7;79,4;563,8;258;357;9;249;Mendes;33;RJ;nao metropolitana;mata atlantica;503,84;Cfa;17461;62,05;93,5;96,95
3302858;Episódico/Epidêmico;Episódico/Epidêmico;Se manteve;23,1;78,9;477,3;314,3;361;7,3;309,3;Mesquita;33;RJ;metropolitana;mata atlantica;194,7;Am;168849;93,75;96,47;98,76
3302908;Episódico/Epidêmico;Episódico/Epidêmico;Se manteve;21,1;79,6;568,5;233;361;8,3;228,3;Miguel Pereira;33;RJ;nao metropolitana;mata atlantica;679,82;Cfb;26301;69,97;90,41;96,9
3303005;Episódico/Epidêmico;Episódico/Epidêmico;Se manteve;23,3;75,1;414,5;318,7;358,3;6,3;312;Miracema;33;RJ;nao metropolitana;mata atlantica;243,87;Aw;26644;87,88;97,75;95,96
3303104;Episódico/Epidêmico;Episódico/Epidêmico;Se manteve;22,6;75,5;466,7;292;358,3;6,7;284,7;Natividade;33;RJ;nao metropolitana;mata atlantica;295,1;Aw;14938;76,7;97,53;89,04
3303203;Episódico/Epidêmico;Episódico/Epidêmico;Se manteve;23,1;78,9;477,3;314,3;361;7,3;309,3;Nilópolis;33;RJ;metropolitana;mata atlantica;25,74;Aw;150281;98,71;98,6;99,65
3303302;Epidêmico;Episódico/Epidêmico;Melhorou;23,2;81,4;307,9;347,3;365,7;2;347;Niterói;33;RJ;metropolitana;mata atlantica;74,72;Am;523664;92,1;99,05;98,98
3303401;Epidêmico;Epidêmico;Se manteve;19,9;81,9;774;186;365,3;15,3;185;Nova Friburgo;33;RJ;nao metropolitana;mata atlantica;1089,47;Cwb;204625;83,47;89,24;98,8
3303500;Epidêmico;Epidêmico;Se manteve;23,1;78,9;477,3;314,3;361;7,3;309,3;Nova Iguaçu;33;RJ;metropolitana;mata atlantica;214,83;Af;819134;83,89;96,55;94,7
3303609;Episódico/Epidêmico;Episódico/Epidêmico;Se manteve;21,7;79,4;563,8;258;357;9;249;Paracambi;33;RJ;metropolitana;mata atlantica;160,78;Aw;41146;83,04;89,26;94,43
3303708;Episódico/Epidêmico;Episódico/Epidêmico;Se manteve;20,6;80,9;657,6;211,3;364;11;209;Paraíba Do Sul;33;RJ;nao metropolitana;mata atlantica;522,27;Cwa;41786;82,54;97,22;94,25
3303807;Episódico/Epidêmico;Epidêmico;Piorou;21,2;83,3;950;237,7;365;20;236,7;Paraty;33;RJ;nao metropolitana;mata atlantica;561,45;Cfb;50592;57,01;81,92;92,74
3303856;Episódico/Epidêmico;Episódico/Epidêmico;Se manteve;21,1;79,6;568,5;233;361;8,3;228,3;Paty Do Alferes;33;RJ;nao metropolitana;mata atlantica;673,02;Cfa;29390;57,72;89,56;88,94
3303906;Episódico/Epidêmico;Episódico/Epidêmico;Se manteve;22,2;79,6;568,5;274;361;9;269;Petrópolis;33;RJ;nao metropolitana;mata atlantica;1001,38;Cfb;304758;82,89;77,38;99,12
3303955;Episódico/Epidêmico;Episódico/Epidêmico;Se manteve;21,1;79,5;552,7;234,3;358,3;6,7;226,7;Pinheiral;33;RJ;nao metropolitana;mata atlantica;441,39;Cwa;24553;91,85;97,47;98,03
3304003;Epidêmico;Epidêmico;Se manteve;21,1;79,5;552,7;234,3;358,3;6,7;226,7;Piraí;33;RJ;nao metropolitana;mata atlantica;448,32;Cfa;27996;80,36;96,34;93,99
3304102;Episódico/Epidêmico;Episódico/Epidêmico;Se manteve;22,6;75,7;457,3;296,7;357,3;6,7;288,3;Porciúncula;33;RJ;nao metropolitana;mata atlantica;541,79;Cwa;16958;75,49;93,13;82,82
3304110;Episódico/Epidêmico;Episódico/Epidêmico;Se manteve;21,1;79,5;552,7;234,3;358,3;6,7;226,7;Porto Real;33;RJ;nao metropolitana;mata atlantica;430,09;Cwa;20375;93,02;99,11;98,83
3304128;Episódico/Epidêmico;Episódico/Epidêmico;Se manteve;21,1;79,5;585,6;234;358;7;226,3;Quatis;33;RJ;nao metropolitana;mata atlantica;541,1;Cwa;12646;83,15;98,01;94,31
3304144;Episódico/Epidêmico;Episódico/Epidêmico;Se manteve;23,2;78,6;457,9;317,7;361;5;313;Queimados;33;RJ;metropolitana;mata atlantica;39,33;Am;139194;84,18;97,97;94,15
3304151;Episódico/Epidêmico;Episódico;Melhorou;23,6;78,2;400,6;339,3;365;5;338,7;Quissamã;33;RJ;nao metropolitana;mata atlantica;8,74;Aw;21749;85,43;95,54;94,87
3304201;Epidêmico;Epidêmico;Se manteve;19,5;79,4;731,2;172,3;359;11,7;167,7;Resende;33;RJ;nao metropolitana;mata atlantica;700,7;Cwa;128460;95,03;98,3;98,72
3304300;Episódico/Epidêmico;Episódico/Epidêmico;Se manteve;21,9;81,5;662,6;267,7;365,7;12,7;267;Rio Bonito;33;RJ;metropolitana;mata atlantica;156,22;Aw;55068;76,45;92,56;92,51
3304409;Episódico/Epidêmico;Episódico;Melhorou;21,1;79,5;552,7;234,3;358,3;6,7;226,7;Rio Claro;33;RJ;nao metropolitana;mata atlantica;676,9;Cwa;18544;65,22;82,14;88,67
3304508;Episódico/Epidêmico;Episódico;Melhorou;21,1;79,6;568,5;233;361;8,3;228,3;Rio Das Flores;33;RJ;nao metropolitana;mata atlantica;538,13;Cwa;9387;69,94;91,9;91,53
3304524;Epidêmico;Epidêmico;Se manteve;22,8;80,8;488,5;315;366;6;315;Rio Das Ostras;33;RJ;nao metropolitana;mata atlantica;36,21;Aw;149562;85,87;90,61;99,43
3304557;Transmissão Persistente;Transmissão Persistente;Se manteve;23,4;79;457,1;326,3;363,7;4;324;Rio De Janeiro;33;RJ;metropolitana;mata atlantica;13,58;Am;6625849;94,9;99,04;99,25
3304607;Episódico;Episódico;Se manteve;22,4;79,8;476,5;295,3;365,7;6,7;295;Santa Maria Madalena;33;RJ;nao metropolitana;mata atlantica;384,74;Aw;9704;54,65;71,55;84,43
3304706;Episódico/Epidêmico;Episódico/Epidêmico;Se manteve;23;75,1;423,6;308;360;6,3;302,7;Santo Antônio De Pádua;33;RJ;nao metropolitana;mata atlantica;175,28;Aw;40870;82,2;95,03;88,59
3304755;Epidêmico;Episódico;Melhorou;23,6;81;318,1;360,3;361,3;7,3;355,7;São Francisco De Itabapoana;33;RJ;nao metropolitana;mata atlantica;24,35;Aw;44939;13,06;95,88;76,13
3304805;Episódico/Epidêmico;Episódico/Epidêmico;Se manteve;23,2;77,5;475,5;317,3;365;9;316,7;São Fidélis;33;RJ;nao metropolitana;mata atlantica;281,82;Aw;38711;75,27;92,71;81,9
3304904;Epidêmico;Epidêmico;Se manteve;23,4;79;457,1;326,3;363,7;4;324;São Gonçalo;33;RJ;metropolitana;mata atlantica;57,39;Aw;929446;82,01;92,86;93,78
3305000;Episódico/Epidêmico;Episódico;Melhorou;23,6;80,9;313,6;361;361;5,7;356,3;São João Da Barra;33;RJ;nao metropolitana;mata atlantica;4,36;Aw;36518;36,76;98,17;93,64
3305109;Epidêmico;Episódico/Epidêmico;Melhorou;23,2;78,6;457,9;317,7;361;5;313;São João De Meriti;33;RJ;metropolitana;mata atlantica;29,74;Am;393773;94,44;97,72;98,17
3305133;Episódico/Epidêmico;Episódico/Epidêmico;Se manteve;23,3;75,1;414,5;318,7;358,3;6,3;312;São José De Ubá;33;RJ;nao metropolitana;mata atlantica;238,05;Aw;7070;65,6;88,01;82,72
3305158;Episódico/Epidêmico;Episódico;Melhorou;20;79,6;582,8;191,7;364;9,7;190,3;São José Do Vale Do Rio Preto;33;RJ;nao metropolitana;mata atlantica;788,56;Cwb;22125;40,22;90,17;96,77
3305208;Episódico/Epidêmico;Episódico/Epidêmico;Se manteve;23,1;82;342,1;349;365;3,7;348,3;São Pedro Da Aldeia;33;RJ;nao metropolitana;mata atlantica;21,63;Aw;102290;81,36;89,8;96,06
3305307;Episódico;Episódico;Se manteve;22;77,6;404,9;274,3;363,7;5,3;272,7;São Sebastião Do Alto;33;RJ;nao metropolitana;mata atlantica;250,73;Aw;7707;48,89;93,04;64,6
3305406;Episódico/Epidêmico;Episódico/Epidêmico;Se manteve;21,1;78,1;540,8;239;363,7;9;237,7;Sapucaia;33;RJ;nao metropolitana;mata atlantica;588,46;Cwa;18585;68,14;92,6;83,45
3305505;Epidêmico;Epidêmico;Se manteve;23;82,7;294,5;353;363,3;3;351,3;Saquarema;33;RJ;nao metropolitana;mata atlantica;56,67;Aw;88755;55,45;93,88;93,71
3305554;Episódico/Epidêmico;Episódico/Epidêmico;Se manteve;22,5;80,1;557,8;294,7;360,7;8;289;Seropédica;33;RJ;metropolitana;mata atlantica;40,04;Aw;85359;65,2;98,71;92,74
3305604;Episódico/Epidêmico;Episódico/Epidêmico;Se manteve;22,1;81,5;613,4;283,3;366;8,7;283,3;Silva Jardim;33;RJ;nao metropolitana;mata atlantica;140,05;Aw;21509;61,15;96,23;89,42
3305703;Episódico;Episódico;Se manteve;20;79,6;582,8;191,7;364;9,7;190,3;Sumidouro;33;RJ;nao metropolitana;mata atlantica;828,95;Cwb;18286;29,79;69,94;83,86
3305752;Episódico/Epidêmico;Episódico/Epidêmico;Se manteve;21,9;81,5;662,6;267,7;365,7;12,7;267;Tanguá;33;RJ;metropolitana;mata atlantica;145,04;Aw;31169;59,13;93,55;93,56
3305802;Episódico/Epidêmico;Episódico/Epidêmico;Se manteve;20,1;81,5;725,5;193,7;365,3;12,3;192,7;Teresópolis;33;RJ;nao metropolitana;mata atlantica;1055,44;Cfb;189036;69,27;83,96;96,98
3305901;Episódico;Episódico;Se manteve;21;80,5;551,1;230;365;6,7;229,7;Trajano De Moraes;33;RJ;nao metropolitana;mata atlantica;767,46;Cfb;10303;32,01;65,79;69,02
3306008;Episódico/Epidêmico;Episódico/Epidêmico;Se manteve;20,9;78;495,6;226,3;359,7;8;220,7;Três Rios;33;RJ;nao metropolitana;mata atlantica;424,86;Cwa;76789;82,96;98,45;97,3
3306107;Epidêmico;Episódico/Epidêmico;Melhorou;20,7;78,1;552,7;217,3;357;8;209,7;Valença;33;RJ;nao metropolitana;mata atlantica;638,59;Cwa;72264;73,4;94,92;94,68
3306156;Episódico/Epidêmico;Episódico;Melhorou;22,4;77,4;515,6;291,3;361,3;9,7;287;Varre-Sai;33;RJ;nao metropolitana;mata atlantica;680,6;Cfa;10209;65,95;91,38;75,28
3306206;Episódico/Epidêmico;Episódico/Epidêmico;Se manteve;21,2;78,8;555,6;235,3;355,3;7,7;225,7;Vassouras;33;RJ;nao metropolitana;mata atlantica;517,14;Cwa;38081;74,59;94,98;95,63
3306305;Epidêmico;Episódico/Epidêmico;Melhorou;21,1;79,5;552,7;234,3;358,3;6,7;226,7;Volta Redonda;33;RJ;nao metropolitana;mata atlantica;453,85;Cwa;270543;96,35;99,64;99,75
3500105;Epidêmico;Epidêmico;Se manteve;23,9;62,8;309,2;319,7;218,7;3;187;Adamantina;35;SP;nao metropolitana;mata atlantica;388,46;Aw;34357;95,94;99,67;95,99
3500204;Episódico/Epidêmico;Episódico/Epidêmico;Se manteve;23,9;64,1;325,7;329;233,3;3,7;207,7;Adolfo;35;SP;nao metropolitana;mata atlantica;401,09;Aw;4339;94,42;97,75;96
3500303;Episódico/Epidêmico;Episódico/Epidêmico;Se manteve;21,9;66,9;367;267,7;264,3;3,7;192;Aguaí;35;SP;nao metropolitana;mata atlantica;651,53;Cwa;31561;90,53;98,9;91,09
3500402;Episódico/Epidêmico;Episódico/Epidêmico;Se manteve;19,6;71,6;505,9;192,7;306,3;4,7;159;Águas Da Prata;35;SP;nao metropolitana;mata atlantica;1187,88;Cwb;7075;85,63;97,64;96,64
3500501;Episódico/Epidêmico;Episódico/Epidêmico;Se manteve;20,7;68,9;395,7;232;292;5,7;183;Águas De Lindóia;35;SP;nao metropolitana;mata atlantica;903,71;Cwb;18859;93,26;98,1;97,97
3500550;Episódico/Epidêmico;Episódico/Epidêmico;Se manteve;21,3;71,5;376;242;310,7;3,7;197,7;Águas De Santa Bárbara;35;SP;nao metropolitana;cerrado;634,69;Cfa;7118;75,57;91,61;87,55
3500600;Episódico/Epidêmico;Episódico/Epidêmico;Se manteve;22;68,6;376,1;266;286,3;4,7;205;Águas De São Pedro;35;SP;nao metropolitana;mata atlantica;494;Cfa;3097;97,98;100;99,9
3500709;Episódico/Epidêmico;Episódico/Epidêmico;Se manteve;22,4;68,1;354,6;280,3;284,7;4,7;213,3;Agudos;35;SP;nao metropolitana;cerrado;602,87;Cfa;37525;95,23;98,81;97,11
3500758;Episódico/Epidêmico;Episódico/Epidêmico;Se manteve;20,1;77,3;377,9;199,3;350,3;2,7;188;Alambari;35;SP;nao metropolitana;mata atlantica;606,72;Cfa;6086;58,49;97,9;92,33
3500808;Episódico/Epidêmico;Epidêmico;Piorou;24,2;62,3;323;324,7;210,3;4,7;183,3;Alfredo Marcondes;35;SP;nao metropolitana;mata atlantica;393,38;Aw;4458;84,5;99,04;86,65
3500907;Episódico/Epidêmico;Episódico/Epidêmico;Se manteve;24;62,8;308,3;333,7;212,7;3,7;194,7;Altair;35;SP;nao metropolitana;mata atlantica;501,13;Aw;3383;99,67;99,5;86,05
3501004;Episódico/Epidêmico;Episódico/Epidêmico;Se manteve;21,8;67,5;404,4;272,3;269,7;4,3;203,3;Altinópolis;35;SP;nao metropolitana;cerrado;741,13;Cwa;16845;88,65;97,71;91,2
3501103;Episódico/Epidêmico;Episódico/Epidêmico;Se manteve;23,8;63;310,4;321;217,7;2,7;187,7;Alto Alegre;35;SP;nao metropolitana;mata atlantica;434,27;Aw;3837;83,34;97,31;80
3501152;Episódico/Epidêmico;Episódico/Epidêmico;Se manteve;19,8;76;405,9;185;341,7;3;170;Alumínio;35;SP;nao metropolitana;mata atlantica;834,47;Cfb;17170;85,05;95,2;98,71
3501202;Episódico/Epidêmico;Epidêmico;Piorou;24,3;62,2;306,2;338,7;202,7;3;188;Álvares Florence;35;SP;nao metropolitana;mata atlantica;474,15;Aw;3881;82,57;98,18;71,64
3501301;Episódico/Epidêmico;Epidêmico;Piorou;24;63,5;345,3;317,7;221,3;4,3;186;Álvares Machado;35;SP;nao metropolitana;mata atlantica;402,3;Aw;27361;88,57;99,34;91,52
3501400;Episódico/Epidêmico;Episódico/Epidêmico;Se manteve;22,9;65,3;330,6;301,7;251;3,3;201;Álvaro De Carvalho;35;SP;nao metropolitana;mata atlantica;527,93;Cfa;4716;93,87;99,61;91,89
3501509;Episódico/Epidêmico;Episódico/Epidêmico;Se manteve;22,1;68,8;394;272;288,3;5;205,7;Alvinlândia;35;SP;nao metropolitana;mata atlantica;580,04;Cfa;2893;90;99,01;96,05
3501608;Epidêmico;Epidêmico;Se manteve;21,4;69,6;400,2;246,7;299,7;4,7;198;Americana;35;SP;nao metropolitana;mata atlantica;573,22;Cfa;243674;98,82;99,65;99,91
3501707;Epidêmico;Epidêmico;Se manteve;22;66,1;364,5;278,7;251,7;3,7;190,7;Américo Brasiliense;35;SP;nao metropolitana;cerrado;636,27;Cwa;31996;99,22;99,88;99,53
3501806;Episódico/Epidêmico;Episódico/Epidêmico;Se manteve;24,2;61,9;316,4;338,3;202;4,3;187,3;Américo De Campos;35;SP;nao metropolitana;mata atlantica;480,34;Aw;5790;87,2;98,38;87,24
3501905;Epidêmico;Epidêmico;Se manteve;19,9;73,8;438,3;198,3;334;5,7;177,7;Amparo;35;SP;nao metropolitana;mata atlantica;796,6;Cfb;69952;89,71;96,4;97,42
3502002;Episódico;Episódico/Epidêmico;Piorou;21,5;68,6;403,5;260,7;284,7;3,7;201;Analândia;35;SP;nao metropolitana;cerrado;793,5;Cwa;4577;77,51;97,74;86,39
3502101;Epidêmico;Epidêmico;Se manteve;24,7;63,8;291,3;339,7;227,3;3;211;Andradina;35;SP;nao metropolitana;mata atlantica;363,08;Aw;59464;91,18;98,86;94,16
3502200;Episódico/Epidêmico;Episódico/Epidêmico;Se manteve;20,5;75,3;395,3;214,3;339,7;3,7;195;Angatuba;35;SP;nao metropolitana;cerrado;648,49;Cfa;23928;84,49;95,16;90,25
3502309;Episódico/Epidêmico;Episódico/Epidêmico;Se manteve;21,3;71,8;373,8;243,7;317,3;3;205,3;Anhembi;35;SP;nao metropolitana;cerrado;517,08;Cfa;5659;90,01;95,93;92,1
3502408;Episódico/Epidêmico;Episódico/Epidêmico;Se manteve;23,7;65,3;362,9;309;239,7;4;195;Anhumas;35;SP;nao metropolitana;mata atlantica;424,18;Cfa;4005;87;98,18;83,54
3502507;Episódico/Epidêmico;Episódico/Epidêmico;Se manteve;19,6;76,2;554,6;181,7;347,7;5;169;Aparecida;35;SP;nao metropolitana;mata atlantica;773,48;Cwa;32927;96,79;99,52;98,15
3502606;Episódico/Epidêmico;Episódico/Epidêmico;Se manteve;24,9;62,1;276,5;345;206,3;2,3;194;Aparecida D'oeste;35;SP;nao metropolitana;mata atlantica;371,85;Aw;4030;82,04;99,61;85,19
3502705;Episódico/Epidêmico;Episódico/Epidêmico;Se manteve;18,7;84,5;537,3;146;364,7;3,3;145,3;Apiaí;35;SP;nao metropolitana;mata atlantica;867,29;Cfb;24978;55,47;90,53;88,93
3502754;Episódico/Epidêmico;Episódico/Epidêmico;Se manteve;19,3;80;512,8;164,3;354,7;4,3;156;Araçariguama;35;SP;nao metropolitana;mata atlantica;761,56;Cfb;22673;66,58;89,93;91,23
3502804;Epidêmico;Epidêmico;Se manteve;24,3;63,7;279;334,7;227,7;2;207,3;Araçatuba;35;SP;nao metropolitana;mata atlantica;380,05;Aw;213929;98;99,62;98,98
3502903;Episódico/Epidêmico;Episódico/Epidêmico;Se manteve;20,2;75,3;361;204,7;339,3;2,3;186,3;Araçoiaba Da Serra;35;SP;nao metropolitana;mata atlantica;618,04;Cfa;32922;53,73;96,22;97,61
3503000;Episódico/Epidêmico;Episódico;Melhorou;23,7;63,5;331,3;331,7;224;2,7;203;Aramina;35;SP;nao metropolitana;cerrado;571,37;Aw;5419;93,27;97,94;93,63
3503109;Episódico/Epidêmico;Episódico/Epidêmico;Se manteve;20,7;74,6;360,2;222,3;339;3,7;200,3;Arandu;35;SP;nao metropolitana;mata atlantica;621,75;Cfa;6654;87,89;96,37;90,2
3503158;Episódico;Sem transmissão;Melhorou;20,2;79,9;628,4;201,3;359,7;7;196;Arapeí;35;SP;nao metropolitana;mata atlantica;835,8;Cwa;2469;60,81;95,73;90,95
3503208;Epidêmico;Transmissão Persistente;Piorou;22,8;64,9;333,4;298;244,7;4,3;197,3;Araraquara;35;SP;nao metropolitana;cerrado;639,62;Cwa;250304;98,62;99,49;99,3
3503307;Epidêmico;Epidêmico;Se manteve;21,5;69,5;426,5;255,3;293,7;5,3;202,7;Araras;35;SP;nao metropolitana;mata atlantica;654,3;Cwa;131300;98,73;99,45;99,01
3503356;Episódico/Epidêmico;Epidêmico;Piorou;23,7;63,3;309,9;318,3;222;3;189,3;Arco-Íris;35;SP;nao metropolitana;mata atlantica;416,85;Aw;2044;67,49;96,58;72,63
3503406;Episódico/Epidêmico;Episódico/Epidêmico;Se manteve;22,9;65,9;322,9;299;260,7;3,7;207;Arealva;35;SP;nao metropolitana;cerrado;505,34;Cfa;8079;90,26;98,5;86,28
3503505;Episódico/Epidêmico;Episódico/Epidêmico;Se manteve;19,3;77,4;525,5;165,7;354,7;3,7;159;Areias;35;SP;nao metropolitana;mata atlantica;1030,95;Cwa;3616;65,44;96,67;81,79
3503604;Episódico/Epidêmico;Episódico/Epidêmico;Se manteve;21,6;70,3;375;257;304;3,7;207,7;Areiópolis;35;SP;nao metropolitana;mata atlantica;621,67;Cfa;9805;98,91;99,57;98,81
3503703;Episódico/Epidêmico;Episódico/Epidêmico;Se manteve;23,1;64,5;353,7;312;232,7;4,3;196,7;Ariranha;35;SP;nao metropolitana;mata atlantica;564,49;Cwa;7595;95,66;95,76;96,85
3503802;Episódico/Epidêmico;Epidêmico;Piorou;21,9;68,4;401,1;267,7;282;5,7;204;Artur Nogueira;35;SP;nao metropolitana;mata atlantica;614,73;Cwa;55352;90,93;96,64;98,29
3503901;Epidêmico;Epidêmico;Se manteve;20;82,7;690,3;187;362,7;10;184,3;Arujá;35;SP;metropolitana;mata atlantica;771,98;Cfb;97595;86,28;98,76;99,3
3503950;Episódico/Epidêmico;Episódico/Epidêmico;Se manteve;24,7;61,9;287,2;343,7;204,3;2,3;192,3;Aspásia;35;SP;nao metropolitana;mata atlantica;429,19;Aw;1860;74,21;99,18;79,01
3504008;Epidêmico;Epidêmico;Se manteve;22,8;67,3;384,1;291,7;269;4,7;205,3;Assis;35;SP;nao metropolitana;cerrado;534,54;Cfa;100447;97,99;99,76;98,59
3504107;Epidêmico;Epidêmico;Se manteve;19,6;76,7;458,2;183,7;350;4,7;171,3;Atibaia;35;SP;nao metropolitana;mata atlantica;844,97;Cfb;171672;81,52;97,97;98,18
3504206;Episódico/Epidêmico;Episódico/Epidêmico;Se manteve;24,3;63,2;286,7;335,7;221,7;2,3;203;Auriflama;35;SP;nao metropolitana;mata atlantica;407,51;Aw;13432;92,37;98,67;90,99
3504305;Episódico/Epidêmico;Episódico/Epidêmico;Se manteve;22,3;67,9;353,3;278,7;282;4;209,3;Avaí;35;SP;nao metropolitana;mata atlantica;500,09;Cfa;4553;76,12;89,12;86,68
3504404;Episódico/Epidêmico;Episódico/Epidêmico;Se manteve;24;64,8;289,6;326;238;3,3;209;Avanhandava;35;SP;nao metropolitana;mata atlantica;429,52;Aw;11257;94,17;99,8;95,24
3504503;Episódico/Epidêmico;Epidêmico;Piorou;21,1;73,4;372,2;232;327,7;3,7;200;Avaré;35;SP;nao metropolitana;cerrado;702,76;Cfa;92659;95,6;98,85;97,2
3504602;Episódico/Epidêmico;Epidêmico;Piorou;23,7;63,6;350,2;328;224,3;4,7;202;Bady Bassitt;35;SP;nao metropolitana;mata atlantica;488,22;Aw;26991;93,55;99,07;97,24
3504701;Episódico/Epidêmico;Episódico/Epidêmico;Se manteve;22,9;65,9;322,9;299;260,7;3,7;207;Balbinos;35;SP;nao metropolitana;mata atlantica;477,7;Cfa;3886;91,51;92,78;89,81
3504800;Episódico/Epidêmico;Episódico/Epidêmico;Se manteve;23,7;63,6;350,2;328;224,3;4,7;202;Bálsamo;35;SP;nao metropolitana;mata atlantica;536,28;Aw;9598;92,09;99,02;92,62
3504909;Episódico/Epidêmico;Episódico/Epidêmico;Se manteve;21,7;80,9;587,6;258,7;360,3;6,7;252,7;Bananal;35;SP;nao metropolitana;mata atlantica;934,72;Cfb;9690;85,59;92,36;90,92
3505005;Episódico;Episódico/Epidêmico;Piorou;20,6;72,5;347,5;219;327,7;3;188;Barão De Antonina;35;SP;nao metropolitana;mata atlantica;538,36;Cfa;3533;56;90,25;92,39
3505104;Episódico/Epidêmico;Epidêmico;Piorou;24;64,4;294,3;325,7;232,3;1,7;204,7;Barbosa;35;SP;nao metropolitana;mata atlantica;391,79;Aw;5623;89,96;98,58;90,15
3505203;Episódico/Epidêmico;Episódico/Epidêmico;Se manteve;22,9;66,1;326,2;300;264;3;212;Bariri;35;SP;nao metropolitana;mata atlantica;482,65;Cwa;31584;97,91;99,61;95,75
3505302;Episódico/Epidêmico;Episódico/Epidêmico;Se manteve;21,8;70,4;340;262,7;308,7;3,3;215,3;Barra Bonita;35;SP;nao metropolitana;mata atlantica;524,09;Cfa;34430;98,96;99,67;98,76
3505351;Episódico;Episódico;Se manteve;18,7;84,5;537,3;146;364,7;3,3;145,3;Barra Do Chapéu;35;SP;nao metropolitana;mata atlantica;816,03;Cfb;5135;25,59;80,21;77,53
3505401;Episódico;Episódico;Se manteve;19;85,7;614,3;154;365;7,3;154;Barra Do Turvo;35;SP;nao metropolitana;mata atlantica;630;Cfb;7318;45,09;59,86;80,45
3505500;Epidêmico;Epidêmico;Se manteve;23,8;62,9;324,9;329,3;215,3;3;196;Barretos;35;SP;nao metropolitana;cerrado;523,97;Aw;119427;96,59;99,61;96,87
3505609;Epidêmico;Epidêmico;Se manteve;23,2;64,1;333,3;312,7;230,7;2,7;195;Barrinha;35;SP;nao metropolitana;mata atlantica;552,67;Cwa;32465;98,38;99,51;98,75
3505708;Epidêmico;Epidêmico;Se manteve;19,3;78,3;471,9;165,7;348,7;3,3;154,7;Barueri;35;SP;metropolitana;mata atlantica;780,34;Cfb;342613;95,58;99,57;99,93
3505807;Epidêmico;Epidêmico;Se manteve;23,7;63,3;309,9;318,3;222;3;189,3;Bastos;35;SP;nao metropolitana;mata atlantica;426,49;Aw;21516;89,28;99,5;87,69
3505906;Episódico/Epidêmico;Epidêmico;Piorou;21,8;67,5;404,4;272,3;269,7;4,3;203,3;Batatais;35;SP;nao metropolitana;mata atlantica;802,86;Cwa;59342;97,29;99,74;96,85
3506003;Epidêmico;Transmissão Persistente;Piorou;22,3;67,9;353,3;278,7;282;4;209,3;Bauru;35;SP;metropolitana;cerrado;532,11;Cfa;388686;98,42;99,61;99,4
3506102;Epidêmico;Epidêmico;Se manteve;23,3;64,4;341,2;320,3;240;3,3;210;Bebedouro;35;SP;nao metropolitana;cerrado;575,24;Cwa;75709;96,63;99,86;96,38
3506201;Episódico/Epidêmico;Episódico/Epidêmico;Se manteve;24,2;62,5;309,4;325,7;213,7;4;187,7;Bento De Abreu;35;SP;nao metropolitana;mata atlantica;390,81;Aw;2606;97,91;99,88;92,69
3506300;Episódico/Epidêmico;Episódico/Epidêmico;Se manteve;21,6;72;401,8;250;316,7;4,7;206;Bernardino De Campos;35;SP;nao metropolitana;mata atlantica;608,23;Cfa;11623;93,15;99,31;93,16
3506359;Epidêmico;Epidêmico;Se manteve;20,9;83;760,7;221,7;364;12,7;219,7;Bertioga;35;SP;nao metropolitana;mata atlantica;249,04;Af;64018;78,62;90,88;99,67
3506409;Episódico/Epidêmico;Episódico/Epidêmico;Se manteve;24,1;63,2;297,8;326,3;219,3;2,3;193,3;Bilac;35;SP;nao metropolitana;mata atlantica;439,51;Aw;7310;91,34;99,71;92,02
3506508;Epidêmico;Epidêmico;Se manteve;24,1;63,2;297,8;326,3;219,3;2,3;193,3;Birigui;35;SP;nao metropolitana;mata atlantica;408,05;Aw;118365;97,63;99,46;97,85
3506607;Episódico/Epidêmico;Episódico/Epidêmico;Se manteve;20;82,7;690,3;187;362,7;10;184,3;Biritiba Mirim;35;SP;metropolitana;mata atlantica;794,64;Cfb;30195;80,35;97,9;94,49
3506706;Episódico/Epidêmico;Epidêmico;Piorou;22,8;64,9;333,4;298;244,7;4,3;197,3;Boa Esperança Do Sul;35;SP;nao metropolitana;cerrado;515,63;Cwa;12722;95,95;99,01;93,95
3506805;Episódico/Epidêmico;Episódico/Epidêmico;Se manteve;22;69;353,1;267,7;294,3;3,3;211;Bocaina;35;SP;nao metropolitana;mata atlantica;535,72;Cwa;11265;95,35;99,31;96,01
3506904;Episódico/Epidêmico;Episódico/Epidêmico;Se manteve;20,7;74;418,2;224,7;331,3;3,7;199,3;Bofete;35;SP;nao metropolitana;cerrado;617,26;Cfa;9943;72,09;95,51;92,13
3507001;Episódico/Epidêmico;Epidêmico;Piorou;21;72,9;370,4;231;328;2,7;203,3;Boituva;35;SP;nao metropolitana;mata atlantica;572,61;Cfa;64799;89,05;98,76;98,45
3507100;Episódico/Epidêmico;Episódico;Melhorou;19,3;77,9;490,4;172;352,7;4,7;162,3;Bom Jesus Dos Perdões;35;SP;nao metropolitana;mata atlantica;975,96;Cfb;24365;96,4;98,23;99,37
3507159;Episódico;Episódico;Se manteve;18,2;80,7;519,7;130;356;3,3;123,3;Bom Sucesso De Itararé;35;SP;nao metropolitana;mata atlantica;961,21;Cfb;3585;64,38;76,18;94,95
3507209;Episódico/Epidêmico;Episódico/Epidêmico;Se manteve;23,1;65,6;361,6;302;248;3,3;197;Borá;35;SP;nao metropolitana;mata atlantica;484,52;Cfa;877;84,93;98,74;82,01
3507308;Episódico/Epidêmico;Episódico/Epidêmico;Se manteve;22,2;68,4;353,2;276,7;290,7;5;215,3;Boracéia;35;SP;nao metropolitana;mata atlantica;476,6;Cwa;4720;93,47;99,6;90,29
3507407;Epidêmico;Epidêmico;Se manteve;23,6;64,8;312,4;316,7;242;3,3;208,3;Borborema;35;SP;nao metropolitana;mata atlantica;443,18;Aw;13366;92,56;98,91;91,95
3507456;Episódico/Epidêmico;Episódico/Epidêmico;Se manteve;21,7;69,7;369,4;260,3;295;4;202,7;Borebi;35;SP;nao metropolitana;cerrado;659,49;Cfa;2722;87,87;95,72;91,01
3507506;Epidêmico;Epidêmico;Se manteve;21,3;71,8;373,8;243,7;317,3;3;205,3;Botucatu;35;SP;nao metropolitana;cerrado;692,04;Cfa;145272;96,03;98,85;97,68
3507605;Epidêmico;Epidêmico;Se manteve;19,3;77,9;490,4;172;352,7;4,7;162,3;Bragança Paulista;35;SP;nao metropolitana;mata atlantica;858,46;Cfb;181556;87,83;98,52;99,34
3507704;Episódico/Epidêmico;Episódico/Epidêmico;Se manteve;23,8;63,5;311,6;320,3;223,7;2,7;193;Braúna;35;SP;nao metropolitana;mata atlantica;445,78;Aw;5358;88,92;96,92;90,24
3507753;Episódico/Epidêmico;Episódico/Epidêmico;Se manteve;24,2;64,6;282,4;331,7;238;2,7;213;Brejo Alegre;35;SP;nao metropolitana;mata atlantica;386,29;Aw;2561;83,6;98,89;95,32
3507803;Episódico/Epidêmico;Episódico/Epidêmico;Se manteve;22,1;66,4;371,4;289,3;257,3;2,7;207,7;Brodowski;35;SP;nao metropolitana;mata atlantica;676;Cwa;25334;98,36;99,61;97,84
3507902;Episódico/Epidêmico;Epidêmico;Piorou;22;69;353,1;267,7;294,3;3,3;211;Brotas;35;SP;nao metropolitana;cerrado;707,94;Cwa;23751;92,25;99,23;96,96
3508009;Episódico/Epidêmico;Episódico/Epidêmico;Se manteve;19,8;77,3;361,4;189;350,7;3,7;177,7;Buri;35;SP;nao metropolitana;mata atlantica;652,04;Cfa;20038;79,5;96,3;84,56
3508108;Epidêmico;Epidêmico;Se manteve;24,3;63,7;279;334,7;227,7;2;207,3;Buritama;35;SP;nao metropolitana;mata atlantica;382,38;Aw;17203;91,04;98,53;95,47
3508207;Episódico/Epidêmico;Episódico/Epidêmico;Se manteve;22,8;64,7;347,7;313,7;240,7;2;210;Buritizal;35;SP;nao metropolitana;cerrado;767,02;Cwa;4253;89,15;98,18;86,3
3508306;Episódico;Episódico/Epidêmico;Piorou;21,7;69,7;369,4;260,3;295;4;202,7;Cabrália Paulista;35;SP;nao metropolitana;cerrado;565,42;Cfa;4299;86,44;97,17;89,35
3508405;Episódico/Epidêmico;Episódico/Epidêmico;Se manteve;20,9;71,2;354,4;230,7;320,7;2,7;199;Cabreúva;35;SP;nao metropolitana;mata atlantica;807,72;Cfb;45941;90,08;98,64;98,44
3508504;Epidêmico;Epidêmico;Se manteve;19,8;77,2;515,3;192;355;4,3;185,3;Caçapava;35;SP;nao metropolitana;mata atlantica;634,38;Cfa;96530;87,27;99,45;98,93
3508603;Episódico/Epidêmico;Epidêmico;Piorou;19,7;78,6;572,9;180,3;358,7;5;175;Cachoeira Paulista;35;SP;nao metropolitana;mata atlantica;683,94;Cwa;32390;90,37;98,18;96,05
3508702;Episódico/Epidêmico;Episódico/Epidêmico;Se manteve;21,3;67,8;366,3;254;277,7;2;192;Caconde;35;SP;nao metropolitana;mata atlantica;916,66;Cwb;16947;68,4;92,27;83,74
3508801;Episódico/Epidêmico;Episódico/Epidêmico;Se manteve;23,2;64,9;313,5;307,3;244,7;3,7;202;Cafelândia;35;SP;nao metropolitana;mata atlantica;454,09;Aw;16478;89,82;95,97;90,1
3508900;Episódico/Epidêmico;Episódico;Melhorou;23,8;63,5;334,5;317;223,7;4,3;188;Caiabu;35;SP;nao metropolitana;mata atlantica;377,02;Aw;3712;74,83;98,78;84,1
3509007;Episódico/Epidêmico;Epidêmico;Piorou;19,8;76,7;432,3;188,3;349,3;5;177,3;Caieiras;35;SP;metropolitana;mata atlantica;855,95;Cfb;98600;92,33;97,67;99,76
3509106;Episódico/Epidêmico;Episódico/Epidêmico;Se manteve;24,5;64,4;313,6;330,7;233;4;208;Caiuá;35;SP;nao metropolitana;mata atlantica;336,43;Aw;5437;47,11;72,38;59,25
3509205;Episódico/Epidêmico;Epidêmico;Piorou;20,3;74;392;206,3;339;4;187,7;Cajamar;35;SP;metropolitana;mata atlantica;801,63;Cfb;101500;77,33;97,04;99,01
3509254;Episódico/Epidêmico;Episódico/Epidêmico;Se manteve;21,8;83,6;686,3;257,7;365,3;11,7;257,7;Cajati;35;SP;nao metropolitana;mata atlantica;368,7;Cfa;28834;69,8;90,63;95,95
3509304;Episódico/Epidêmico;Episódico/Epidêmico;Se manteve;23,1;64,7;350;314,7;242;4,3;207,7;Cajobi;35;SP;nao metropolitana;mata atlantica;518,34;Aw;9129;98,39;99,58;94,1
3509403;Episódico/Epidêmico;Episódico/Epidêmico;Se manteve;22,1;67,1;371,1;279,7;266;3,3;202,7;Cajuru;35;SP;nao metropolitana;cerrado;718,05;Cwa;23845;88,83;98,17;96,18
3509452;Episódico;Episódico;Se manteve;20,4;75,7;376,1;213;347,3;3,7;197,7;Campina Do Monte Alegre;35;SP;nao metropolitana;cerrado;625,59;Cfa;5992;92,37;97,57;95,85
3509502;Transmissão Persistente;Transmissão Persistente;Se manteve;20,2;74,5;437,4;203,7;339,3;5;185,7;Campinas;35;SP;metropolitana;mata atlantica;669,51;Cfa;1170247;91,85;99,44;99,55
3509601;Episódico/Epidêmico;Episódico/Epidêmico;Se manteve;19,5;78,2;459,8;178,3;354;5;168,7;Campo Limpo Paulista;35;SP;nao metropolitana;mata atlantica;837,48;Cfb;81355;77,05;99,48;99,64
3509700;Episódico/Epidêmico;Episódico/Epidêmico;Se manteve;19,6;76,2;554,5;181,7;347,7;5;169;Campos Do Jordão;35;SP;nao metropolitana;mata atlantica;1601,42;Cfb;45177;85,1;92,08;99,14
3509809;Episódico/Epidêmico;Episódico/Epidêmico;Se manteve;22,6;67,6;389,2;286;272,7;5;203,7;Campos Novos Paulista;35;SP;nao metropolitana;cerrado;527,17;Cfa;4837;78,85;97,58;79,87
3509908;Episódico/Epidêmico;Episódico;Melhorou;21,2;84,2;812,8;229,7;364,7;12;229,7;Cananéia;35;SP;nao metropolitana;mata atlantica;104,36;Cfa;13615;77,74;90,79;90,77
3509957;Episódico/Epidêmico;Episódico;Melhorou;19,7;78,6;572,9;180,3;358,7;5;175;Canas;35;SP;nao metropolitana;mata atlantica;588,78;Cwa;4954;86,39;99,09;96,34
3510005;Epidêmico;Epidêmico;Se manteve;22,8;67,3;384,1;291,7;269;4,7;205,3;Cândido Mota;35;SP;nao metropolitana;mata atlantica;433,23;Cfa;29530;93,89;99,74;95,6
3510104;Episódico/Epidêmico;Episódico;Melhorou;23,4;63,9;340,8;317,7;227,3;4,3;195,3;Cândido Rodrigues;35;SP;nao metropolitana;mata atlantica;553,17;Cwa;2907;86,41;99,66;90,55
3510153;Episódico/Epidêmico;Epidêmico;Piorou;22;70,1;379,5;265,3;298;4,7;206;Canitar;35;SP;nao metropolitana;mata atlantica;465,06;Cfa;6369;88,34;99,1;98,28
3510203;Episódico/Epidêmico;Epidêmico;Piorou;19;82,8;525,9;155,7;358;5;149,7;Capão Bonito;35;SP;nao metropolitana;mata atlantica;732,42;Cfa;46215;86,35;97,03;90,64
3510302;Episódico/Epidêmico;Epidêmico;Piorou;21,3;71;344,4;239;316,7;1,7;201,7;Capela Do Alto;35;SP;nao metropolitana;mata atlantica;586,4;Cfa;22679;63,45;98,86;97,94
3510401;Episódico/Epidêmico;Epidêmico;Piorou;21,5;69,9;375,8;251,3;301,7;4;202,7;Capivari;35;SP;nao metropolitana;mata atlantica;571,35;Cfa;50954;89,56;95,89;97,99
3510500;Epidêmico;Epidêmico;Se manteve;20,8;83,3;649,8;215;364,3;8,3;213,3;Caraguatatuba;35;SP;nao metropolitana;mata atlantica;351,26;Cfa;132558;88,59;97,83;99,26
3510609;Episódico/Epidêmico;Episódico/Epidêmico;Se manteve;19,3;80;512,8;164,3;354,7;4,3;156;Carapicuíba;35;SP;metropolitana;mata atlantica;780,11;Cfb;406221;88,03;98,35;99,48
3510708;Episódico/Epidêmico;Episódico/Epidêmico;Se manteve;24,5;62,5;300,2;341,3;207,7;3;193,7;Cardoso;35;SP;nao metropolitana;mata atlantica;425,9;Aw;11288;87,71;99,64;94,39
3510807;Episódico/Epidêmico;Episódico/Epidêmico;Se manteve;22;65,9;345,3;276;246,7;3;185;Casa Branca;35;SP;nao metropolitana;mata atlantica;658,51;Cwa;28107;91,85;99,61;91,2
3510906;Episódico;Episódico/Epidêmico;Piorou;22,1;67,1;371,1;279,7;266;3,3;202,7;Cássia Dos Coqueiros;35;SP;nao metropolitana;cerrado;939,94;Cwb;2777;66,91;96,77;81,6
3511003;Epidêmico;Epidêmico;Se manteve;24,8;64,1;289,8;337,7;232;2,3;213,7;Castilho;35;SP;nao metropolitana;mata atlantica;316,33;Aw;19902;82,24;91,19;80,23
3511102;Epidêmico;Epidêmico;Se manteve;23,3;64;344,3;318,7;230,3;3;199,7;Catanduva;35;SP;nao metropolitana;mata atlantica;533,41;Cwa;114953;99,06;99,84;99,31
3511201;Episódico/Epidêmico;Episódico;Melhorou;23,6;63,3;336,8;324,7;220,3;2,3;193,7;Catiguá;35;SP;nao metropolitana;mata atlantica;531,73;Aw;7004;90,8;99,69;94,28
3511300;Episódico/Epidêmico;Epidêmico;Piorou;23,6;63,3;336,8;324,7;220,3;2,3;193,7;Cedral;35;SP;nao metropolitana;mata atlantica;519,75;Aw;11922;95,41;94,68;91,71
3511409;Episódico/Epidêmico;Episódico/Epidêmico;Se manteve;21,3;72,9;399,9;241,7;325,7;4,7;207;Cerqueira César;35;SP;nao metropolitana;cerrado;676,49;Cfa;21440;91,32;98,84;93,96
3511508;Episódico/Epidêmico;Epidêmico;Piorou;21,7;69,7;363,7;258,7;300;4,3;207,7;Cerquilho;35;SP;nao metropolitana;mata atlantica;558,15;Cfa;44024;95,52;98,51;98,94
3511607;Episódico/Epidêmico;Epidêmico;Piorou;21,7;70,2;351,1;253,7;306,7;3;208;Cesário Lange;35;SP;nao metropolitana;mata atlantica;582;Cfa;18811;73,06;98,25;96,24
3511706;Episódico/Epidêmico;Epidêmico;Piorou;22;68,6;376,1;266;286,3;4,7;205;Charqueada;35;SP;nao metropolitana;cerrado;559,9;Cwa;15739;87,77;99,75;97,14
3511904;Episódico/Epidêmico;Episódico/Epidêmico;Se manteve;23,9;63,1;316,9;322;218;3;188,3;Clementina;35;SP;nao metropolitana;mata atlantica;424,94;Aw;7005;96,25;99,81;96,2
3512001;Episódico/Epidêmico;Epidêmico;Piorou;23,3;64,4;341,2;320,3;240;3,3;210;Colina;35;SP;nao metropolitana;cerrado;564,37;Aw;18411;94,84;99,42;94,33
3512100;Episódico/Epidêmico;Episódico/Epidêmico;Se manteve;24,2;62,9;316,9;338;222,7;3;204,3;Colômbia;35;SP;nao metropolitana;cerrado;502,08;Aw;6642;83,07;98,95;81,42
3512209;Episódico/Epidêmico;Episódico/Epidêmico;Se manteve;21,8;68,8;407,5;262,7;290;5;206,7;Conchal;35;SP;nao metropolitana;cerrado;637,99;Cwa;28184;99,09;99,74;97,28
3512308;Episódico/Epidêmico;Episódico/Epidêmico;Se manteve;21,3;71,7;368,8;239,3;320;3;204,3;Conchas;35;SP;nao metropolitana;mata atlantica;511,48;Cfa;17184;79,88;94,92;95,29
3512407;Episódico/Epidêmico;Epidêmico;Piorou;21,8;68,8;407,5;262,7;290;5;206,7;Cordeirópolis;35;SP;nao metropolitana;mata atlantica;675,39;Cwa;26585;92,37;97,84;98,32
3512506;Episódico/Epidêmico;Epidêmico;Piorou;24,1;63,2;297,8;326,3;219,3;2,3;193,3;Coroados;35;SP;nao metropolitana;mata atlantica;427,89;Aw;5395;82,5;99,82;84,5
3512605;Episódico;Episódico;Se manteve;20,2;74,1;368;205,7;337,7;3;183,7;Coronel Macedo;35;SP;nao metropolitana;mata atlantica;601,42;Cfa;4226;76,71;99,01;83,77
3512704;Episódico/Epidêmico;Episódico/Epidêmico;Se manteve;21,8;68,8;407,5;262,7;290;5;206,7;Corumbataí;35;SP;nao metropolitana;mata atlantica;681,84;Cwa;4667;66,94;95,46;80,3
3512803;Episódico/Epidêmico;Episódico/Epidêmico;Se manteve;21,7;68,5;400,5;261;286,7;5,7;201,7;Cosmópolis;35;SP;nao metropolitana;mata atlantica;576,11;Cfa;59715;94,91;99,02;99,51
3512902;Episódico/Epidêmico;Epidêmico;Piorou;23,8;62,9;340,4;332,7;215;4,7;197,7;Cosmorama;35;SP;nao metropolitana;mata atlantica;484,9;Aw;9315;74,16;98,12;79,65
3513009;Epidêmico;Epidêmico;Se manteve;19,3;78,3;471,9;165,7;348,7;3,3;154,7;Cotia;35;SP;metropolitana;mata atlantica;905,91;Cfb;289622;81,94;99,03;99,29
3513108;Episódico/Epidêmico;Episódico/Epidêmico;Se manteve;22,9;64,7;329,4;303;233,3;3,7;191,7;Cravinhos;35;SP;nao metropolitana;mata atlantica;659,25;Cwa;33252;97,79;99,71;98,18
3513207;Episódico/Epidêmico;Episódico/Epidêmico;Se manteve;21,7;67,8;386,6;276,3;272,3;3,3;207;Cristais Paulista;35;SP;nao metropolitana;mata atlantica;879,67;Cwb;9375;77,91;97,1;85,99
3513306;Episódico/Epidêmico;Episódico/Epidêmico;Se manteve;23,2;66,3;351,2;296,3;256;3,7;196;Cruzália;35;SP;nao metropolitana;mata atlantica;381,7;Cfa;2086;68,04;99,35;85,5
3513405;Epidêmico;Episódico/Epidêmico;Melhorou;19,4;76,1;564,5;174,7;349,7;5,7;164,7;Cruzeiro;35;SP;nao metropolitana;mata atlantica;766,27;Cwa;75592;96,38;98,56;98,69
3513504;Epidêmico;Epidêmico;Se manteve;20,9;83;760,7;221,7;364;12,7;219,7;Cubatão;35;SP;nao metropolitana;mata atlantica;112,93;Af;128645;63,42;87,97;99,05
3513603;Episódico;Episódico;Se manteve;19,7;79,5;549,2;179,7;358,7;7;174,3;Cunha;35;SP;nao metropolitana;mata atlantica;1083,81;Cfb;22125;53,47;85,61;66,13
3513702;Episódico/Epidêmico;Epidêmico;Piorou;21,8;67,7;383,9;268;275,7;4;201,7;Descalvado;35;SP;nao metropolitana;cerrado;699,93;Cwa;31916;93,37;98,14;92,56
3513801;Epidêmico;Epidêmico;Se manteve;20,9;83;760,7;221,7;364;12,7;219,7;Diadema;35;SP;metropolitana;mata atlantica;796,11;Cfb;404738;97,5;99,59;99,61
3513850;Episódico/Epidêmico;Episódico/Epidêmico;Se manteve;24,3;62,2;298,8;336,7;212;3,3;194;Dirce Reis;35;SP;nao metropolitana;mata atlantica;387,11;Aw;1621;79,63;100;84,21
3513900;Episódico/Epidêmico;Episódico/Epidêmico;Se manteve;20,1;71,2;442,6;213;305,3;2,3;174,3;Divinolândia;35;SP;nao metropolitana;mata atlantica;1193,66;Cwb;11137;69,91;94,53;77,39
3514007;Episódico/Epidêmico;Epidêmico;Piorou;23,2;64,2;339;310,3;233;4,3;194,7;Dobrada;35;SP;nao metropolitana;mata atlantica;605,32;Cwa;8765;98,85;99,92;98,27
3514106;Episódico/Epidêmico;Episódico/Epidêmico;Se manteve;22,2;68,4;353,2;276,7;290,7;5;215,3;Dois Córregos;35;SP;nao metropolitana;mata atlantica;636,81;Cfa;24170;95,72;98,37;95,96
3514205;Episódico/Epidêmico;Episódico/Epidêmico;Se manteve;24,7;61,9;287,2;343,7;204,3;2,3;192,3;Dolcinópolis;35;SP;nao metropolitana;mata atlantica;449,61;Aw;2511;94,11;99,72;94,65
3514304;Episódico/Epidêmico;Episódico/Epidêmico;Se manteve;22,4;66,4;339,9;286,3;268;4;207;Dourado;35;SP;nao metropolitana;mata atlantica;566,9;Cfa;8233;97,43;99,58;97
3514403;Epidêmico;Epidêmico;Se manteve;24,4;62,1;326,5;327,7;209;3,7;185;Dracena;35;SP;nao metropolitana;mata atlantica;351,17;Aw;45248;94,2;99,05;96,02
3514502;Episódico/Epidêmico;Episódico/Epidêmico;Se manteve;22,2;68,2;364,6;277,7;281,3;4,3;208,3;Duartina;35;SP;nao metropolitana;mata atlantica;561,07;Cfa;12329;94,57;99,31;92,35
3514601;Episódico/Epidêmico;Episódico/Epidêmico;Se manteve;23;64,2;329,6;309,3;228,7;2,7;191,3;Dumont;35;SP;nao metropolitana;mata atlantica;593,66;Cwa;9476;97,11;99,16;97,78
3514700;Episódico/Epidêmico;Episódico/Epidêmico;Se manteve;22,7;66,4;364;294,3;260,7;3,7;203;Echaporã;35;SP;nao metropolitana;cerrado;542,87;Cfa;6157;85,09;97,27;86,57
3514809;Episódico/Epidêmico;Episódico/Epidêmico;Se manteve;20,7;85,9;654,9;210,7;365,7;7,3;210,7;Eldorado;35;SP;nao metropolitana;mata atlantica;303,57;Cfa;13402;63,45;84,43;78,49
3514908;Episódico/Epidêmico;Episódico/Epidêmico;Se manteve;21,5;69,9;375,8;251,3;301,7;4;202,7;Elias Fausto;35;SP;nao metropolitana;mata atlantica;577;Cfa;17832;88,4;93,87;94,01
3514924;Episódico/Epidêmico;Episódico/Epidêmico;Se manteve;23,4;63,9;340,8;317,7;227,3;4,3;195,3;Elisiário;35;SP;nao metropolitana;mata atlantica;484,71;Aw;3141;100;100;97,18
3514957;Episódico/Epidêmico;Episódico/Epidêmico;Se manteve;23,1;64,7;350;314,7;242;4,3;207,7;Embaúba;35;SP;nao metropolitana;mata atlantica;518,38;Aw;2331;85,64;99,63;86,64
3515004;Episódico/Epidêmico;Epidêmico;Piorou;20,3;83,3;726,6;197,7;363;11;194,7;Embu Das Artes;35;SP;metropolitana;mata atlantica;819,4;Cfb;277249;79,63;99,47;99,32
3515103;Episódico/Epidêmico;Episódico/Epidêmico;Se manteve;19,5;83,7;689,9;169,7;361,7;8,7;166;Embu-Guaçu;35;SP;metropolitana;mata atlantica;789,01;Cfb;63129;56,98;97,2;97,88
3515129;Episódico/Epidêmico;Episódico/Epidêmico;Se manteve;24,3;62,1;322,8;326;209,3;3,3;182;Emilianópolis;35;SP;nao metropolitana;mata atlantica;347,88;Aw;3002;83,86;96,06;88
3515152;Episódico/Epidêmico;Epidêmico;Piorou;21,7;68,4;395,2;261,3;286,3;5,3;203,3;Engenheiro Coelho;35;SP;nao metropolitana;mata atlantica;638,3;Cwa;20119;87,07;91,86;95,38
3515186;Episódico/Epidêmico;Epidêmico;Piorou;20,2;69,8;453,4;219;295,3;4,7;175;Espírito Santo Do Pinhal;35;SP;nao metropolitana;mata atlantica;800,28;Cwb;39700;93,48;98,93;95,24
3515194;Episódico/Epidêmico;Episódico/Epidêmico;Se manteve;21,9;69,4;384,2;264,3;291;5,3;203,7;Espírito Santo Do Turvo;35;SP;nao metropolitana;cerrado;534,76;Cfa;4095;83,97;95,49;92,6
3515202;Epidêmico;Episódico/Epidêmico;Melhorou;24,7;61,5;283,7;342,7;199,3;2,3;186,7;Estrela D'oeste;35;SP;nao metropolitana;mata atlantica;456,51;Aw;9405;81,85;99,52;86,05
3515301;Episódico/Epidêmico;Episódico/Epidêmico;Se manteve;23,7;65,3;362,9;309;239,7;4;195;Estrela Do Norte;35;SP;nao metropolitana;mata atlantica;368,9;Cfa;2596;85,6;98,5;77,22
3515350;Episódico/Epidêmico;Epidêmico;Piorou;23,6;67,7;348;305;270;4;217,3;Euclides Da Cunha Paulista;35;SP;nao metropolitana;mata atlantica;328,64;Aw;7831;63,01;88,76;67,36
3515400;Episódico/Epidêmico;Episódico/Epidêmico;Se manteve;21,1;72,9;362,8;234,3;332,3;3,7;204;Fartura;35;SP;nao metropolitana;mata atlantica;547,93;Cfa;16782;91,23;96,36;91,1
3515509;Epidêmico;Epidêmico;Se manteve;24,4;62,2;298;339;205,7;3;190;Fernandópolis;35;SP;nao metropolitana;mata atlantica;464,74;Aw;71826;98,26;99,81;97,26
3515608;Episódico/Epidêmico;Episódico/Epidêmico;Se manteve;23,4;63,9;340,8;317,7;227,3;4,3;195,3;Fernando Prestes;35;SP;nao metropolitana;mata atlantica;543,35;Cwa;5925;85,32;99,35;87,74
3515657;Episódico;Episódico/Epidêmico;Piorou;22,3;68,2;383,3;278,7;283;4,3;210;Fernão;35;SP;nao metropolitana;mata atlantica;562,49;Cfa;1660;66,73;94,16;91,24
3515707;Episódico/Epidêmico;Episódico/Epidêmico;Se manteve;19,6;81,8;652;175,7;360;6,7;170,3;Ferraz De Vasconcelos;35;SP;metropolitana;mata atlantica;801,78;Cfb;187253;85,57;99,18;99,12
3515806;Episódico;Episódico;Se manteve;24,4;62,1;326,5;327,7;209;3,7;185;Flora Rica;35;SP;nao metropolitana;mata atlantica;341,5;Aw;1487;99,52;96,94;84,56
3515905;Episódico/Epidêmico;Episódico/Epidêmico;Se manteve;24,2;62,4;310,8;335,3;210;2,7;192,3;Floreal;35;SP;nao metropolitana;mata atlantica;457,95;Aw;2735;91,33;99,44;84,77
3516002;Episódico/Epidêmico;Episódico/Epidêmico;Se manteve;24,4;62,1;326,5;327,7;209;3,7;185;Flórida Paulista;35;SP;nao metropolitana;mata atlantica;372,57;Aw;13009;91,07;99,14;90,63
3516101;Episódico/Epidêmico;Episódico/Epidêmico;Se manteve;23,4;66,5;326,5;299,7;258,7;3,3;200,3;Florínea;35;SP;nao metropolitana;mata atlantica;370,93;Cfa;3860;91,82;96,81;92,57
3516200;Epidêmico;Epidêmico;Se manteve;22,2;65,8;372,6;294,3;250,7;3;206,7;Franca;35;SP;nao metropolitana;cerrado;909,13;Cwb;370378;98,51;99,79;99,55
3516309;Episódico/Epidêmico;Episódico/Epidêmico;Se manteve;19,8;76,7;432,3;188,3;349,3;5;177,3;Francisco Morato;35;SP;metropolitana;mata atlantica;826,79;Cfb;182265;59,14;98,81;97,89
3516408;Epidêmico;Episódico/Epidêmico;Melhorou;19,8;76,7;432,3;188,3;349,3;5;177,3;Franco Da Rocha;35;SP;metropolitana;mata atlantica;812,99;Cfb;159367;74,88;97,82;98,22
3516507;Episódico/Epidêmico;Episódico/Epidêmico;Se manteve;23,9;63,1;316,9;322;218;3;188,3;Gabriel Monteiro;35;SP;nao metropolitana;mata atlantica;426,01;Aw;2760;85,22;96,55;88,68
3516606;Episódico/Epidêmico;Episódico/Epidêmico;Se manteve;22,3;68,2;383,3;278,7;283;4,3;210;Gália;35;SP;nao metropolitana;mata atlantica;592,33;Cfa;6054;88,49;97,2;84,72
3516705;Epidêmico;Epidêmico;Se manteve;22,7;66,4;343,3;294;266,3;4,3;208,7;Garça;35;SP;nao metropolitana;mata atlantica;601,36;Cfa;41395;95,38;99,28;93,28
3516804;Episódico/Epidêmico;Episódico/Epidêmico;Se manteve;24,3;63,2;286,7;335,7;221,7;2,3;203;Gastão Vidigal;35;SP;nao metropolitana;mata atlantica;410,14;Aw;3234;94,43;99,3;90,99
3516853;Episódico/Epidêmico;Epidêmico;Piorou;23,2;64,6;319,7;309;242,7;4;201,3;Gavião Peixoto;35;SP;nao metropolitana;cerrado;546,28;Cwa;4688;87,85;99,47;93,4
3516903;Episódico/Epidêmico;Episódico/Epidêmico;Se manteve;24,2;63,2;298,7;332,7;221,3;2,7;200;General Salgado;35;SP;nao metropolitana;mata atlantica;428,91;Aw;10301;89,6;99,67;90,69
3517000;Episódico/Epidêmico;Epidêmico;Piorou;23,5;63,5;307,5;317;225;2,7;192;Getulina;35;SP;nao metropolitana;mata atlantica;446,5;Aw;10011;85,48;98,02;88,41
3517109;Episódico/Epidêmico;Episódico/Epidêmico;Se manteve;24;64,4;294,3;325,7;232,3;1,7;204,7;Glicério;35;SP;nao metropolitana;mata atlantica;400,49;Aw;4132;74,87;99,44;87,4
3517208;Episódico/Epidêmico;Epidêmico;Piorou;23,7;64,2;305,1;319,7;232,3;3,3;201;Guaiçara;35;SP;nao metropolitana;mata atlantica;431,89;Aw;11214;88,97;98,95;94,73
3517307;Episódico/Epidêmico;Episódico/Epidêmico;Se manteve;23,4;64,3;309,9;311,3;236;2,7;197;Guaimbê;35;SP;nao metropolitana;mata atlantica;476,95;Cfa;5439;96,51;98,87;90,24
3517406;Epidêmico;Epidêmico;Se manteve;24,1;62,8;316;336,7;217;2,3;200,3;Guaíra;35;SP;nao metropolitana;mata atlantica;503,94;Aw;39351;98,4;99,91;96,65
3517505;Episódico/Epidêmico;Epidêmico;Piorou;23,7;63,6;350,2;328;224,3;4,7;202;Guapiaçu;35;SP;nao metropolitana;mata atlantica;519,69;Aw;21664;88,99;93,5;93,11
3517604;Episódico/Epidêmico;Episódico/Epidêmico;Se manteve;19,3;85,2;645,9;164,7;364,3;7;163,7;Guapiara;35;SP;nao metropolitana;mata atlantica;852,75;Cfb;16579;42,49;82,07;79,26
3517703;Episódico/Epidêmico;Episódico/Epidêmico;Se manteve;22,2;65,8;372,6;294,3;250,7;3;206,7;Guará;35;SP;nao metropolitana;mata atlantica;645,07;Cwa;18607;96,76;98,95;97,38
3517802;Epidêmico;Epidêmico;Se manteve;24,6;62,4;308,9;335,3;211;4,7;192,3;Guaraçaí;35;SP;nao metropolitana;mata atlantica;371,44;Aw;7344;83,49;94,56;83,42
3517901;Episódico/Epidêmico;Episódico/Epidêmico;Se manteve;24,2;62,8;298,2;339;215;2,3;198,7;Guaraci;35;SP;nao metropolitana;cerrado;486,67;Aw;10347;94;98,74;92,55
3518008;Episódico/Epidêmico;Episódico/Epidêmico;Se manteve;24,5;62,6;303,4;341,3;211;2,3;197;Guarani D'oeste;35;SP;nao metropolitana;mata atlantica;469,81;Aw;1948;87,37;99,29;91,77
3518107;Episódico/Epidêmico;Epidêmico;Piorou;22,8;66,3;332,6;294;266,3;4,3;208,3;Guarantã;35;SP;nao metropolitana;mata atlantica;479,46;Cfa;6427;87,61;97,54;86,43
3518206;Epidêmico;Epidêmico;Se manteve;24,2;62,5;309,4;325,7;213,7;4;187,7;Guararapes;35;SP;nao metropolitana;mata atlantica;402,89;Aw;31017;94,72;99,52;94,64
3518305;Episódico/Epidêmico;Epidêmico;Piorou;20,5;82,8;663,4;205;363,3;9,7;203;Guararema;35;SP;metropolitana;mata atlantica;691,11;Cfa;32579;71,44;98,62;97,73
3518404;Epidêmico;Epidêmico;Se manteve;19,6;76,2;554,5;181,7;347,7;5;169;Guaratinguetá;35;SP;nao metropolitana;mata atlantica;850,19;Cwa;116847;91,47;99,09;98,92
3518503;Episódico/Epidêmico;Episódico/Epidêmico;Se manteve;20,5;75,3;395,2;214,3;339,7;3,7;195;Guareí;35;SP;nao metropolitana;mata atlantica;678,93;Cfa;15027;58,94;95,94;88,64
3518602;Episódico/Epidêmico;Epidêmico;Piorou;22,8;65,7;368,6;302,3;249,3;4,3;206;Guariba;35;SP;nao metropolitana;mata atlantica;599,37;Cwa;37022;98,96;99,8;99,41
3518701;Epidêmico;Epidêmico;Se manteve;22,7;82,4;523,5;310,7;362,3;7,3;309,7;Guarujá;35;SP;nao metropolitana;mata atlantica;37,79;Af;311116;83,48;93,65;99,17
3518800;Epidêmico;Epidêmico;Se manteve;19,6;81,8;652;175,7;360;6,7;170,3;Guarulhos;35;SP;metropolitana;mata atlantica;806,54;Cfb;1383272;89,38;99,15;99,64
3518859;Episódico/Epidêmico;Epidêmico;Piorou;22,6;65;341,5;296,3;233,3;3;189,3;Guatapará;35;SP;nao metropolitana;mata atlantica;577,6;Cwa;7435;80,87;94,37;87,08
3518909;Episódico/Epidêmico;Episódico/Epidêmico;Se manteve;24,6;62,2;279,7;340,7;208;2,3;192,7;Guzolândia;35;SP;nao metropolitana;mata atlantica;396,7;Aw;4238;85,34;99,68;86,06
3519006;Episódico/Epidêmico;Epidêmico;Piorou;23,4;64;324,2;312;232,7;3,7;193,3;Herculândia;35;SP;nao metropolitana;mata atlantica;467,01;Cfa;9109;87,73;99,46;92,17
3519055;Episódico/Epidêmico;Epidêmico;Piorou;20,7;71,4;425,5;226,7;320;5,3;194,3;Holambra;35;SP;nao metropolitana;mata atlantica;602,51;Cfa;16194;75,34;97,24;96,43
3519071;Epidêmico;Epidêmico;Se manteve;21,8;68,9;391;262,7;290,3;5,3;205;Hortolândia;35;SP;nao metropolitana;mata atlantica;612,4;Cfa;246449;52,36;99,69;99,65
3519105;Episódico/Epidêmico;Episódico/Epidêmico;Se manteve;22,9;66,1;326,2;300;264;3;212;Iacanga;35;SP;nao metropolitana;mata atlantica;464,04;Cwa;10104;93,14;98,71;91,59
3519204;Episódico/Epidêmico;Epidêmico;Piorou;23,9;62,8;309,2;319,7;218,7;3;187;Iacri;35;SP;nao metropolitana;mata atlantica;437,27;Aw;6144;82,65;98,99;81,6
3519253;Episódico/Epidêmico;Episódico/Epidêmico;Se manteve;21,6;70,8;395,4;253;303,7;5;200,7;Iaras;35;SP;nao metropolitana;cerrado;638,14;Cfa;8009;58,78;75,18;65,61
3519303;Episódico/Epidêmico;Epidêmico;Piorou;22;66,1;364,5;278,7;251,7;3,7;190,7;Ibaté;35;SP;nao metropolitana;cerrado;706,25;Cwa;32068;98,74;99,74;98,59
3519402;Epidêmico;Episódico/Epidêmico;Melhorou;23,8;63,7;339,9;326,3;226,7;4;199,7;Ibirá;35;SP;nao metropolitana;mata atlantica;457,04;Aw;11155;88,99;99,21;94,32
3519501;Episódico/Epidêmico;Episódico/Epidêmico;Se manteve;22,7;67,3;367,2;288,3;271;3,7;201,3;Ibirarema;35;SP;nao metropolitana;mata atlantica;459,61;Cfa;6321;88,73;99,77;92,97
3519600;Epidêmico;Epidêmico;Se manteve;23,3;65;312,2;311,3;248,7;3;208,7;Ibitinga;35;SP;nao metropolitana;mata atlantica;461,03;Cwa;59371;97,82;99,71;96,61
3519709;Episódico/Epidêmico;Episódico/Epidêmico;Se manteve;19,3;78,3;471,9;165,7;348,7;3,3;154,7;Ibiúna;35;SP;nao metropolitana;mata atlantica;839,75;Cfb;84820;49,05;95,4;83,98
3519808;Episódico/Epidêmico;Episódico/Epidêmico;Se manteve;24,2;62,8;318,3;337;215,3;3,3;198,7;Icém;35;SP;nao metropolitana;cerrado;472,92;Aw;7700;99,28;99,75;96,63
3519907;Episódico/Epidêmico;Epidêmico;Piorou;23,4;66,5;326,5;299,7;258,7;3,3;200,3;Iepê;35;SP;nao metropolitana;mata atlantica;397,52;Cfa;7596;85,95;98,24;90,55
3520004;Episódico/Epidêmico;Episódico/Epidêmico;Se manteve;21,6;70,3;375;257;304;3,7;207,7;Igaraçu Do Tietê;35;SP;nao metropolitana;mata atlantica;519,04;Cfa;22743;99,34;99,94;99,36
3520103;Episódico/Epidêmico;Episódico/Epidêmico;Se manteve;23,7;63,5;331,3;331,7;224;2,7;203;Igarapava;35;SP;nao metropolitana;mata atlantica;624,65;Aw;25926;95,52;96,54;97,02
3520202;Episódico/Epidêmico;Episódico/Epidêmico;Se manteve;19,3;78,1;531,9;172,3;354,3;4,3;165,3;Igaratá;35;SP;nao metropolitana;mata atlantica;746,36;Cfb;11703;85,05;85,26;93,06
3520301;Episódico/Epidêmico;Episódico/Epidêmico;Se manteve;22,5;82,3;543,1;289;363;8,7;288,3;Iguape;35;SP;nao metropolitana;mata atlantica;60,36;Af;30054;76,77;90,59;83,27
3520400;Epidêmico;Epidêmico;Se manteve;22,6;82,8;497;309,3;364,7;7;309,3;Ilhabela;35;SP;nao metropolitana;mata atlantica;420,9;Cfa;38239;36,34;81,91;99,27
3520426;Episódico/Epidêmico;Episódico/Epidêmico;Se manteve;22,5;82,3;543,1;289;363;8,7;288,3;Ilha Comprida;35;SP;nao metropolitana;mata atlantica;8,06;Cfa;13447;94,34;98,91;97,91
3520442;Epidêmico;Epidêmico;Se manteve;24,8;64,8;274,2;344,3;239,7;2,3;224,3;Ilha Solteira;35;SP;nao metropolitana;mata atlantica;349,82;Aw;25564;94,21;98,99;93,59
3520509;Epidêmico;Epidêmico;Se manteve;21,5;69,9;375,8;251,3;301,7;4;202,7;Indaiatuba;35;SP;nao metropolitana;mata atlantica;627,51;Cfa;266593;97,4;99,33;99,33
3520608;Episódico/Epidêmico;Episódico/Epidêmico;Se manteve;23,4;65,6;347,3;304,3;245;3,7;196,3;Indiana;35;SP;nao metropolitana;mata atlantica;426,24;Aw;5094;71,85;99,62;91,63
3520707;Episódico/Epidêmico;Epidêmico;Piorou;24,5;62,5;300,2;341,3;207,7;3;193,7;Indiaporã;35;SP;nao metropolitana;mata atlantica;428,37;Aw;4087;87,96;99,58;92,68
3520806;Episódico/Epidêmico;Episódico/Epidêmico;Se manteve;24,1;62,3;313,9;322,7;213,7;4,7;185;Inúbia Paulista;35;SP;nao metropolitana;mata atlantica;421,59;Aw;3611;95,41;92,52;91,93
3520905;Episódico/Epidêmico;Episódico/Epidêmico;Se manteve;22;70,1;379,5;265,3;298;4,7;206;Ipaussu;35;SP;nao metropolitana;mata atlantica;581,69;Cfa;14464;98,1;99,39;97,88
3521002;Epidêmico;Epidêmico;Se manteve;21;72,9;370,4;231;328;2,7;203,3;Iperó;35;SP;nao metropolitana;mata atlantica;615,23;Cfa;40132;79,3;96,55;96,57
3521101;Episódico/Epidêmico;Episódico/Epidêmico;Se manteve;21,5;69,5;426,5;255,3;293,7;5,3;202,7;Ipeúna;35;SP;nao metropolitana;mata atlantica;620,36;Cwa;7538;84,87;99,1;92,3
3521150;Episódico/Epidêmico;Epidêmico;Piorou;23,8;63,1;335;332;220,7;4;202,3;Ipiguá;35;SP;nao metropolitana;mata atlantica;505,65;Aw;6551;77,9;90,86;88,01
3521200;Episódico;Episódico;Se manteve;19,1;85,3;542,7;161;365,3;3,7;160,7;Iporanga;35;SP;nao metropolitana;mata atlantica;461,89;Cfa;4053;69,17;84,58;72,71
3521309;Episódico/Epidêmico;Episódico/Epidêmico;Se manteve;23,1;63,4;340,5;320,3;221,3;2,3;196,7;Ipuã;35;SP;nao metropolitana;mata atlantica;579,22;Aw;14463;95,87;99,17;96,48
3521408;Episódico/Epidêmico;Epidêmico;Piorou;22;68,4;394,6;270;283;5,7;205,7;Iracemápolis;35;SP;nao metropolitana;mata atlantica;598,55;Cwa;21768;97,94;99,89;99,49
3521507;Episódico/Epidêmico;Episódico/Epidêmico;Se manteve;23,9;65,5;299,3;327,7;250,3;3;222,7;Irapuã;35;SP;nao metropolitana;mata atlantica;442,81;Aw;6927;90,3;99,25;89,1
3521606;Episódico/Epidêmico;Epidêmico;Piorou;24,4;62,1;326,5;327,7;209;3,7;185;Irapuru;35;SP;nao metropolitana;mata atlantica;375,76;Aw;7065;82,02;97,34;86,67
3521705;Episódico/Epidêmico;Episódico/Epidêmico;Se manteve;20,6;72,5;347,5;219;327,7;3;188;Itaberá;35;SP;nao metropolitana;mata atlantica;654,57;Cfa;17971;72,45;91,89;79,8
3521804;Episódico/Epidêmico;Episódico/Epidêmico;Se manteve;20,4;75,5;406,6;210;345,3;4;193,7;Itaí;35;SP;nao metropolitana;cerrado;635,54;Cfa;24856;84,69;96,76;89,7
3521903;Episódico/Epidêmico;Epidêmico;Piorou;23,7;63,7;326,1;323;228,3;3,7;199,3;Itajobi;35;SP;nao metropolitana;mata atlantica;492,65;Aw;16824;89,65;98,6;85,69
3522000;Episódico/Epidêmico;Episódico/Epidêmico;Se manteve;22,8;66,1;328,3;296;263,7;4,3;210;Itaju;35;SP;nao metropolitana;mata atlantica;471,86;Cwa;3652;99,39;99,49;79,16
3522109;Epidêmico;Epidêmico;Se manteve;22,6;82,4;512,7;304,7;362,3;5,7;304;Itanhaém;35;SP;nao metropolitana;mata atlantica;201,18;Af;107927;81,7;97,7;96,76
3522158;Episódico;Episódico;Se manteve;19;85,7;614,3;154;365;7,3;154;Itaoca;35;SP;nao metropolitana;mata atlantica;379,49;Cfa;3407;35,31;82,54;88,3
3522208;Episódico/Epidêmico;Episódico/Epidêmico;Se manteve;20,3;83,3;726,6;197,7;363;11;194,7;Itapecerica Da Serra;35;SP;metropolitana;mata atlantica;839,82;Cfb;172898;52,76;98,25;98,87
3522307;Epidêmico;Epidêmico;Se manteve;20,1;77,3;377,9;199,3;350,3;2,7;188;Itapetininga;35;SP;nao metropolitana;mata atlantica;670,94;Cfa;166959;92,86;98,92;96,39
3522406;Episódico/Epidêmico;Epidêmico;Piorou;19,8;76,5;394,1;192;349,7;3;179;Itapeva;35;SP;nao metropolitana;cerrado;733,62;Cfa;95528;85;96,77;91,15
3522505;Epidêmico;Episódico/Epidêmico;Melhorou;19,3;78,3;471,9;165,7;348,7;3,3;154,7;Itapevi;35;SP;metropolitana;mata atlantica;830,08;Cfb;239084;83,48;98,66;99,22
3522604;Epidêmico;Epidêmico;Se manteve;20,3;70,7;410,5;217,7;311,7;5,3;181;Itapira;35;SP;nao metropolitana;mata atlantica;717,42;Cwa;70438;97,16;98,4;98,54
3522653;Episódico;Episódico;Se manteve;18,4;81,9;530,4;139,7;361;4;135,7;Itapirapuã Paulista;35;SP;nao metropolitana;mata atlantica;673,25;Cfa;4339;50,65;77,92;80,93
3522703;Epidêmico;Epidêmico;Se manteve;23,5;64,2;323,8;315,7;233;4;198,7;Itápolis;35;SP;nao metropolitana;mata atlantica;500,88;Cwa;39533;91,98;99,57;92,03
3522802;Episódico/Epidêmico;Episódico/Epidêmico;Se manteve;21,1;72,9;362,8;234,3;332,3;3,7;204;Itaporanga;35;SP;nao metropolitana;mata atlantica;546,43;Cfa;14058;80,62;95,68;84,24
3522901;Episódico/Epidêmico;Epidêmico;Piorou;22,8;66,1;328,3;296;263,7;4,3;210;Itapuí;35;SP;nao metropolitana;mata atlantica;491,7;Cfa;13655;98,41;93,56;96,47
3523008;Episódico/Epidêmico;Episódico/Epidêmico;Se manteve;24,7;63,8;291,3;339,7;227,3;3;211;Itapura;35;SP;nao metropolitana;mata atlantica;330,61;Aw;3945;33,85;94,59;84,66
3523107;Episódico/Epidêmico;Epidêmico;Piorou;20;82,7;690,3;187;362,7;10;184,3;Itaquaquecetuba;35;SP;metropolitana;mata atlantica;761,39;Cfb;392218;80,83;98,64;98,81
3523206;Episódico/Epidêmico;Epidêmico;Piorou;19,3;75,6;403,2;173;341,3;4;157;Itararé;35;SP;nao metropolitana;cerrado;764,07;Cfa;44490;86,65;98,46;94,88
3523305;Episódico/Epidêmico;Episódico;Melhorou;21,5;84,9;622,8;238,7;365,7;6,7;238,3;Itariri;35;SP;nao metropolitana;mata atlantica;343,04;Cfa;15225;57,75;91,88;89,22
3523404;Epidêmico;Epidêmico;Se manteve;20,2;74,5;437,4;203,7;339,3;5;185,7;Itatiba;35;SP;nao metropolitana;mata atlantica;806,14;Cfb;116275;94,13;97,42;99,48
3523503;Episódico/Epidêmico;Episódico/Epidêmico;Se manteve;20,5;74,7;414,1;217,3;335,3;3,3;194,3;Itatinga;35;SP;nao metropolitana;cerrado;713,57;Cfa;19219;91,23;98,15;94,28
3523602;Episódico/Epidêmico;Episódico/Epidêmico;Se manteve;21,4;70,1;436,7;248,7;298;4,3;198,7;Itirapina;35;SP;nao metropolitana;cerrado;800,89;Cwa;16157;86,11;95,71;95,27
3523701;Episódico/Epidêmico;Episódico;Melhorou;21,5;69,3;395;265,7;291;2,7;208;Itirapuã;35;SP;nao metropolitana;mata atlantica;899,4;Cwb;5793;89,54;96,37;86,74
3523800;Episódico/Epidêmico;Episódico/Epidêmico;Se manteve;21,3;67,8;366,3;254;277,7;2;192;Itobi;35;SP;nao metropolitana;mata atlantica;788,37;Cwa;8044;92,18;98,69;92,62
3523909;Epidêmico;Epidêmico;Se manteve;20,9;71,2;354,4;230,7;320,7;2,7;199;Itu;35;SP;nao metropolitana;mata atlantica;651,49;Cfa;176548;97,22;98,29;97,51
3524006;Episódico/Epidêmico;Episódico/Epidêmico;Se manteve;19,8;76,7;432,3;188,3;349,3;5;177,3;Itupeva;35;SP;nao metropolitana;mata atlantica;729,57;Cfa;72711;90,17;97,36;97,66
3524105;Epidêmico;Epidêmico;Se manteve;23,5;63;323,3;328;219;2,7;197,7;Ituverava;35;SP;nao metropolitana;mata atlantica;635,88;Cwa;37375;97,99;99,83;97,46
3524204;Episódico/Epidêmico;Episódico/Epidêmico;Se manteve;23,7;63,5;333,1;328;223,7;3;203;Jaborandi;35;SP;nao metropolitana;mata atlantica;519,41;Aw;6223;99,65;99,81;93,77
3524303;Epidêmico;Epidêmico;Se manteve;22,8;65,7;368,6;302,3;249,3;4,3;206;Jaboticabal;35;SP;nao metropolitana;mata atlantica;589,04;Cwa;72001;98,47;99,72;98,17
3524402;Epidêmico;Epidêmico;Se manteve;19,7;80,2;491,2;183,7;360;4,3;179,7;Jacareí;35;SP;nao metropolitana;mata atlantica;633,61;Cfa;251591;95,24;99,43;98,94
3524501;Episódico/Epidêmico;Epidêmico;Piorou;23,8;63,7;339,9;326,3;226,7;4;199,7;Jaci;35;SP;nao metropolitana;mata atlantica;477,07;Aw;7618;88,21;99,49;90,49
3524600;Episódico/Epidêmico;Episódico;Melhorou;21,8;83,6;686,3;257,7;365,3;11,7;257,7;Jacupiranga;35;SP;nao metropolitana;mata atlantica;174,17;Cfa;16850;80,84;88,75;81,02
3524709;Epidêmico;Epidêmico;Se manteve;21,2;69,4;409,3;245,3;299,7;6,3;198,3;Jaguariúna;35;SP;nao metropolitana;mata atlantica;600,19;Cfa;60816;95,2;99,57;99,27
3524808;Epidêmico;Epidêmico;Se manteve;24,7;61,5;283,7;342,7;199,3;2,3;186,7;Jales;35;SP;nao metropolitana;mata atlantica;449,62;Aw;48766;94,2;99,78;94,75
3524907;Episódico;Episódico;Se manteve;20;79,9;493,3;192;359,7;4,7;188;Jambeiro;35;SP;nao metropolitana;mata atlantica;749,87;Cfb;6421;64,62;95,69;95,15
3525003;Episódico/Epidêmico;Episódico/Epidêmico;Se manteve;19,3;78,3;471,9;165,7;348,7;3,3;154,7;Jandira;35;SP;metropolitana;mata atlantica;790,94;Cfb;127476;90,6;99,8;99,92
3525102;Epidêmico;Episódico/Epidêmico;Melhorou;23;64,2;329,6;309,3;228,7;2,7;191,3;Jardinópolis;35;SP;nao metropolitana;mata atlantica;574,77;Cwa;45328;98,26;98,17;96,98
3525201;Episódico/Epidêmico;Episódico/Epidêmico;Se manteve;20,2;74,5;437,4;203,7;339,3;5;185,7;Jarinu;35;SP;nao metropolitana;mata atlantica;817,14;Cfb;40302;53,74;97,03;96,41
3525300;Epidêmico;Epidêmico;Se manteve;22,2;68,4;353,2;276,7;290,7;5;215,3;Jaú;35;SP;nao metropolitana;mata atlantica;564,47;Cfa;132351;98,48;99,73;98,74
3525409;Episódico;Episódico/Epidêmico;Piorou;22,5;65;348,9;306;243,7;2,3;209;Jeriquara;35;SP;nao metropolitana;cerrado;868,79;Cwa;3785;99,28;97,63;92,06
3525508;Episódico/Epidêmico;Episódico/Epidêmico;Se manteve;19,3;78,1;531,9;172,3;354,3;4,3;165,3;Joanópolis;35;SP;nao metropolitana;mata atlantica;1091,14;Cfb;12820;81,55;96,64;99,15
3525607;Episódico/Epidêmico;Episódico/Epidêmico;Se manteve;23,1;65,6;361,6;302;248;3,3;197;João Ramalho;35;SP;nao metropolitana;mata atlantica;471,16;Cfa;4381;85,24;95,49;89,12
3525706;Epidêmico;Epidêmico;Se manteve;24,1;64,4;295,8;330,7;238;2,7;211,7;José Bonifácio;35;SP;nao metropolitana;mata atlantica;427,13;Aw;36502;89,86;99,74;92,96
3525805;Episódico/Epidêmico;Episódico/Epidêmico;Se manteve;22,9;65,3;330,6;301,7;251;3,3;201;Júlio Mesquita;35;SP;nao metropolitana;mata atlantica;503,05;Cfa;4254;92,2;99,49;94,83
3525854;Episódico/Epidêmico;Episódico/Epidêmico;Se manteve;21,7;70,2;351,1;253,7;306,7;3;208;Jumirim;35;SP;nao metropolitana;mata atlantica;533,74;Cfa;3052;65,93;93,09;96,13
3525904;Epidêmico;Epidêmico;Se manteve;20,2;74,5;437,4;203,7;339,3;5;185,7;Jundiaí;35;SP;nao metropolitana;mata atlantica;824,63;Cfb;459789;96,89;99,1;99,85
3526001;Epidêmico;Epidêmico;Se manteve;24,6;61,7;315,4;331,3;205,7;3,3;183,3;Junqueirópolis;35;SP;nao metropolitana;mata atlantica;351,86;Aw;20395;92,33;97,41;89,45
3526100;Episódico/Epidêmico;Episódico/Epidêmico;Se manteve;21,2;85,1;632,9;229;366;7,7;229;Juquiá;35;SP;nao metropolitana;mata atlantica;171,48;Cfa;19390;62,2;85,22;81,56
3526209;Episódico;Episódico;Se manteve;20,9;84,4;734,5;218,7;364,3;10;217,7;Juquitiba;35;SP;metropolitana;mata atlantica;739,69;Cfb;26372;46,96;96,22;86,65
3526308;Episódico/Epidêmico;Episódico/Epidêmico;Se manteve;19,9;77,6;467,1;193;356;5,3;186;Lagoinha;35;SP;nao metropolitana;mata atlantica;903,98;Cwb;5071;67,02;90,62;87,85
3526407;Episódico/Epidêmico;Epidêmico;Piorou;21,7;70,2;351,1;253,7;306,7;3;208;Laranjal Paulista;35;SP;nao metropolitana;mata atlantica;523,03;Cfa;28981;92,7;99,06;96,56
3526506;Episódico/Epidêmico;Epidêmico;Piorou;24,2;62,5;309,4;325,7;213,7;4;187,7;Lavínia;35;SP;nao metropolitana;mata atlantica;378,72;Aw;9596;86,41;99,44;86,69
3526605;Episódico/Epidêmico;Episódico/Epidêmico;Se manteve;19,4;76,1;564,5;174,7;349,7;5,7;164,7;Lavrinhas;35;SP;nao metropolitana;mata atlantica;832,44;Cwa;7258;80,26;95,21;94,94
3526704;Epidêmico;Epidêmico;Se manteve;21,8;67,7;383,9;268;275,7;4;201,7;Leme;35;SP;nao metropolitana;mata atlantica;642,63;Cwa;97516;98,42;99,64;98,59
3526803;Episódico/Epidêmico;Epidêmico;Piorou;21,6;70,1;377,7;258,7;300;4;205,3;Lençóis Paulista;35;SP;nao metropolitana;cerrado;648,42;Cfa;65696;98,24;99,71;98,61
3526902;Epidêmico;Epidêmico;Se manteve;22;68,4;394,6;270;283;5,7;205,7;Limeira;35;SP;nao metropolitana;mata atlantica;588,38;Cwa;305169;97,08;99,12;98,95
3527009;Episódico;Episódico/Epidêmico;Piorou;21,2;69,4;409,3;245,3;299,7;6,3;198,3;Lindóia;35;SP;nao metropolitana;mata atlantica;774,21;Cwa;6994;84,53;96,49;98,24
3527108;Epidêmico;Epidêmico;Se manteve;23,2;64,9;313,5;307,3;244,7;3,7;202;Lins;35;SP;nao metropolitana;mata atlantica;447,17;Aw;74068;98,49;99,78;98,83
3527207;Epidêmico;Epidêmico;Se manteve;19,7;78,6;572,9;180,3;358,7;5;175;Lorena;35;SP;nao metropolitana;mata atlantica;756,67;Cwa;84988;97,33;98,92;98,11
3527256;Episódico/Epidêmico;Episódico/Epidêmico;Se manteve;24,2;63,2;298,7;332,7;221,3;2,7;200;Lourdes;35;SP;nao metropolitana;mata atlantica;398,1;Aw;1926;81,49;94,53;93,27
3527306;Episódico/Epidêmico;Epidêmico;Piorou;20,9;71,7;395,5;229;324;5;200;Louveira;35;SP;nao metropolitana;mata atlantica;734,1;Cfa;53526;94,66;98,16;99,09
3527405;Episódico/Epidêmico;Episódico/Epidêmico;Se manteve;23,9;62,8;309,2;319,7;218,7;3;187;Lucélia;35;SP;nao metropolitana;mata atlantica;391,64;Aw;20046;95,16;99,4;95,38
3527504;Episódico/Epidêmico;Episódico/Epidêmico;Se manteve;21,9;69,4;384,2;264,3;291;5,3;203,7;Lucianópolis;35;SP;nao metropolitana;cerrado;539,23;Cfa;2361;83,81;98,59;90,42
3527603;Episódico/Epidêmico;Episódico/Epidêmico;Se manteve;22,6;65;341,5;296,3;233,3;3;189,3;Luís Antônio;35;SP;nao metropolitana;cerrado;609,58;Cwa;13680;98,19;99,68;97,6
3527702;Episódico/Epidêmico;Episódico/Epidêmico;Se manteve;23,5;63,5;307,5;317;225;2,7;192;Luiziânia;35;SP;nao metropolitana;mata atlantica;402,16;Aw;4711;92,37;99,11;92,36
3527801;Episódico/Epidêmico;Episódico/Epidêmico;Se manteve;22,1;68,8;394;272;288,3;5;205,7;Lupércio;35;SP;nao metropolitana;mata atlantica;581,19;Cfa;3935;97,21;99,47;93,6
3527900;Episódico/Epidêmico;Episódico/Epidêmico;Se manteve;23,1;65,6;361,6;302;248;3,3;197;Lutécia;35;SP;nao metropolitana;mata atlantica;502,12;Cfa;2555;85,54;98,59;81,41
3528007;Episódico/Epidêmico;Episódico/Epidêmico;Se manteve;21,6;70,1;377,7;258,7;300;4;205,3;Macatuba;35;SP;nao metropolitana;mata atlantica;545,01;Cfa;16489;97,57;99,22;98,22
3528106;Episódico/Epidêmico;Episódico/Epidêmico;Se manteve;24,2;63,2;298,7;332,7;221,3;2,7;200;Macaubal;35;SP;nao metropolitana;mata atlantica;448,6;Aw;7460;91,21;99,63;89,91
3528205;Episódico/Epidêmico;Episódico/Epidêmico;Se manteve;24,5;62,5;300,2;341,3;207,7;3;193,7;Macedônia;35;SP;nao metropolitana;mata atlantica;456,93;Aw;3961;75,22;99,37;80,8
3528304;Episódico/Epidêmico;Episódico/Epidêmico;Se manteve;24,2;62,4;310,8;335,3;210;2,7;192,3;Magda;35;SP;nao metropolitana;mata atlantica;446,2;Aw;3159;85,86;99,92;88,24
3528403;Episódico/Epidêmico;Episódico/Epidêmico;Se manteve;19,8;76;405,9;185;341,7;3;170;Mairinque;35;SP;nao metropolitana;mata atlantica;819,77;Cfb;48097;81,3;97,45;95,12
3528502;Epidêmico;Epidêmico;Se manteve;19,5;78,2;459,8;178,3;354;5;168,7;Mairiporã;35;SP;metropolitana;mata atlantica;908,1;Cfb;113573;68,55;88,23;95,57
3528601;Episódico;Episódico/Epidêmico;Piorou;21,3;72,9;399,9;241,7;325,7;4,7;207;Manduri;35;SP;nao metropolitana;mata atlantica;658,37;Cfa;9852;93,2;99,07;91,95
3528700;Episódico/Epidêmico;Episódico/Epidêmico;Se manteve;24,2;63,7;345;318,3;224,7;4,7;189;Marabá Paulista;35;SP;nao metropolitana;mata atlantica;375,42;Aw;4531;57,02;88,71;60,68
3528809;Episódico/Epidêmico;Episódico/Epidêmico;Se manteve;23,4;65,9;347,9;300,3;253;4,3;198;Maracaí;35;SP;nao metropolitana;mata atlantica;420,52;Cfa;12700;85,86;94,89;92,97
3528858;Episódico/Epidêmico;Episódico/Epidêmico;Se manteve;23,8;65,1;315,6;326;245,3;4;217;Marapoama;35;SP;nao metropolitana;mata atlantica;475,81;Aw;3295;85,6;99,33;88,97
3528908;Episódico/Epidêmico;Epidêmico;Piorou;24,2;62,3;323;324,7;210,3;4,7;183,3;Mariápolis;35;SP;nao metropolitana;mata atlantica;355,78;Aw;3450;79,49;96,84;86,28
3529005;Epidêmico;Epidêmico;Se manteve;22,9;65,3;330,6;301,7;251;3,3;201;Marília;35;SP;nao metropolitana;mata atlantica;508,45;Cfa;238605;97,04;99,37;98,35
3529104;Episódico/Epidêmico;Episódico/Epidêmico;Se manteve;24,6;62,2;279,7;340,7;208;2,3;192,7;Marinópolis;35;SP;nao metropolitana;mata atlantica;373,48;Aw;1889;85,65;99,13;81,88
3529203;Episódico/Epidêmico;Epidêmico;Piorou;23,7;63,6;327,7;315;224,7;3,3;187,7;Martinópolis;35;SP;nao metropolitana;cerrado;431,77;Cfa;24896;89,8;97,15;90,88
3529302;Epidêmico;Epidêmico;Se manteve;22,8;65,2;358,4;301,7;240;4,3;196,3;Matão;35;SP;nao metropolitana;mata atlantica;584,59;Cwa;77149;98,6;99,85;99,05
3529401;Epidêmico;Epidêmico;Se manteve;19,6;81,8;652;175,7;360;6,7;170,3;Mauá;35;SP;metropolitana;mata atlantica;809,54;Cfb;383280;91,26;99,66;99,8
3529500;Episódico/Epidêmico;Epidêmico;Piorou;23,8;65,1;315,6;326;245,3;4;217;Mendonça;35;SP;nao metropolitana;mata atlantica;424,21;Aw;6170;83,47;99,55;92,92
3529609;Episódico/Epidêmico;Epidêmico;Piorou;24,4;62,2;298;339;205,7;3;190;Meridiano;35;SP;nao metropolitana;mata atlantica;446,35;Aw;4545;86,61;99,84;81,77
3529658;Episódico/Epidêmico;Epidêmico;Piorou;24,8;62,9;295,9;345,3;218;2;204,7;Mesópolis;35;SP;nao metropolitana;mata atlantica;391,78;Aw;1930;80,4;97,69;82,1
3529708;Episódico/Epidêmico;Episódico;Melhorou;23,5;63;323,3;328;219;2,7;197,7;Miguelópolis;35;SP;nao metropolitana;mata atlantica;524,71;Aw;19119;94,06;97,2;95,5
3529807;Episódico/Epidêmico;Episódico/Epidêmico;Se manteve;22;69;353,1;267,7;294,3;3,3;211;Mineiros Do Tietê;35;SP;nao metropolitana;mata atlantica;600,1;Cfa;11233;95,81;99,51;96,02
3529906;Episódico/Epidêmico;Episódico/Epidêmico;Se manteve;21,5;84,7;577,8;237,3;365,3;6;236,7;Miracatu;35;SP;nao metropolitana;mata atlantica;326,51;Cfa;20234;60,17;80,64;75,08
3530003;Episódico/Epidêmico;Epidêmico;Piorou;24,7;63,6;301,1;343,7;226;3;210,7;Mira Estrela;35;SP;nao metropolitana;mata atlantica;412,65;Aw;3075;79,32;99,22;89,86
3530102;Epidêmico;Epidêmico;Se manteve;24,2;62,5;309,4;325,7;213,7;4;187,7;Mirandópolis;35;SP;nao metropolitana;mata atlantica;379,83;Aw;27936;85,76;97,22;90,66
3530201;Epidêmico;Epidêmico;Se manteve;23,8;65,5;366,8;310;244;4;199,3;Mirante Do Paranapanema;35;SP;nao metropolitana;mata atlantica;363,07;Aw;15482;46,21;92,11;62,09
3530300;Epidêmico;Episódico/Epidêmico;Melhorou;23,8;63,6;344,2;329,3;223;4,3;200,7;Mirassol;35;SP;nao metropolitana;mata atlantica;519,32;Aw;63555;97,72;98,8;98,08
3530409;Episódico/Epidêmico;Episódico/Epidêmico;Se manteve;23,8;62,9;340,4;332,7;215;4,7;197,7;Mirassolândia;35;SP;nao metropolitana;mata atlantica;494,59;Aw;4605;99,72;98,51;90,02
3530508;Epidêmico;Episódico/Epidêmico;Melhorou;21,3;67,8;366,3;254;277,7;2;192;Mococa;35;SP;nao metropolitana;mata atlantica;665,16;Cwa;65469;93,35;98,29;94,76
3530607;Epidêmico;Epidêmico;Se manteve;19,6;81,8;652;175,7;360;6,7;170,3;Mogi Das Cruzes;35;SP;metropolitana;mata atlantica;784,32;Cfb;471602;86,79;97,54;98,26
3530706;Epidêmico;Epidêmico;Se manteve;21,7;68,4;395,2;261,3;286,3;5,3;203,3;Mogi Guaçu;35;SP;nao metropolitana;mata atlantica;648,75;Cwa;154487;96,31;99,7;98,51
3530805;Epidêmico;Epidêmico;Se manteve;21,4;68,3;390,4;256,7;290,3;5,3;201;Mogi Mirim;35;SP;nao metropolitana;mata atlantica;658,95;Cwa;90997;95,25;98,91;96,68
3530904;Episódico/Epidêmico;Episódico/Epidêmico;Se manteve;21,5;69,9;375,8;251,3;301,7;4;202,7;Mombuca;35;SP;nao metropolitana;mata atlantica;549,77;Cfa;3724;82,15;99,26;93,41
3531001;Episódico/Epidêmico;Episódico/Epidêmico;Se manteve;24,2;63,2;298,7;332,7;221,3;2,7;200;Monções;35;SP;nao metropolitana;mata atlantica;421,81;Aw;1948;84,09;95,86;87,84
3531100;Episódico/Epidêmico;Epidêmico;Piorou;20,9;84,4;734,5;218,7;364,3;10;217,7;Mongaguá;35;SP;nao metropolitana;mata atlantica;117,97;Af;61062;86,66;98,34;99,04
3531209;Episódico/Epidêmico;Episódico;Melhorou;20,3;70,7;410,5;217,7;311,7;5,3;181;Monte Alegre Do Sul;35;SP;nao metropolitana;mata atlantica;889,19;Cfb;8057;62,38;95,9;96,98
3531308;Episódico/Epidêmico;Epidêmico;Piorou;23,1;64,5;353,7;312;232,7;4,3;196,7;Monte Alto;35;SP;nao metropolitana;mata atlantica;610,72;Cwa;47478;95,45;99,64;95,85
3531407;Epidêmico;Episódico/Epidêmico;Melhorou;24;63;311,6;332,3;218,7;3,3;197;Monte Aprazível;35;SP;nao metropolitana;mata atlantica;485,16;Aw;21470;89,28;99,82;92,31
3531506;Episódico/Epidêmico;Episódico/Epidêmico;Se manteve;23,4;64,1;339,7;321,3;234;3,7;206;Monte Azul Paulista;35;SP;nao metropolitana;mata atlantica;547,57;Aw;18152;92,8;99,66;93,15
3531605;Episódico/Epidêmico;Epidêmico;Piorou;24,8;61,8;307,4;336;204,3;3,3;185,7;Monte Castelo;35;SP;nao metropolitana;mata atlantica;325,43;Aw;4219;79,87;93,89;81,38
3531704;Episódico;Episódico;Se manteve;20;77;484,6;194,7;353,7;4;186;Monteiro Lobato;35;SP;nao metropolitana;mata atlantica;894,6;Cfb;4127;49,81;87,42;96,71
3531803;Episódico/Epidêmico;Episódico/Epidêmico;Se manteve;20,9;71,7;395,5;229;324;5;200;Monte Mor;35;SP;nao metropolitana;mata atlantica;584,67;Cfa;68781;68,43;99,17;97,91
3531902;Epidêmico;Epidêmico;Se manteve;23;63,9;336,5;314,7;227;2;195;Morro Agudo;35;SP;nao metropolitana;mata atlantica;541,44;Aw;26806;95,31;99,18;95,1
3532009;Episódico/Epidêmico;Episódico/Epidêmico;Se manteve;19,6;76,7;458,2;183,7;350;4,7;171,3;Morungaba;35;SP;nao metropolitana;mata atlantica;852,14;Cfb;14590;89,03;99,09;96,76
3532058;Episódico/Epidêmico;Episódico/Epidêmico;Se manteve;22,8;65,2;358,4;301,7;240;4,3;196,3;Motuca;35;SP;nao metropolitana;mata atlantica;593,2;Cwa;4034;72,73;97,86;89,76
3532108;Episódico/Epidêmico;Episódico/Epidêmico;Se manteve;24,4;63,4;318,4;333,3;221,3;4,7;201;Murutinga Do Sul;35;SP;nao metropolitana;mata atlantica;377,3;Aw;3675;74,84;95,83;69,91
3532157;Episódico/Epidêmico;Episódico/Epidêmico;Se manteve;23,4;67,2;345;301;262,7;3,7;206,3;Nantes;35;SP;nao metropolitana;mata atlantica;399,45;Cfa;2627;95,26;99,64;92,9
3532207;Episódico/Epidêmico;Epidêmico;Piorou;23,4;67,2;345;301;262,7;3,7;206,3;Narandiba;35;SP;nao metropolitana;mata atlantica;373,65;Cfa;5703;71,41;91,47;79,04
3532306;Episódico;Episódico;Se manteve;20;80,1;510;190,3;360,3;4,7;186,7;Natividade Da Serra;35;SP;nao metropolitana;mata atlantica;839,75;Cfb;6963;68,44;76,97;75,76
3532405;Episódico/Epidêmico;Episódico;Melhorou;19,3;77,9;490,4;172;352,7;4,7;162,3;Nazaré Paulista;35;SP;nao metropolitana;mata atlantica;908,81;Cfb;21214;62,94;80,17;84,49
3532504;Episódico/Epidêmico;Episódico/Epidêmico;Se manteve;24;63;311,6;332,3;218,7;3,3;197;Neves Paulista;35;SP;nao metropolitana;mata atlantica;498,97;Aw;9719;90,98;99,66;94,21
3532603;Episódico/Epidêmico;Episódico/Epidêmico;Se manteve;24;63;311,6;332,3;218,7;3,3;197;Nhandeara;35;SP;nao metropolitana;mata atlantica;459,78;Aw;9670;85,88;98,29;88,98
3532702;Episódico/Epidêmico;Episódico/Epidêmico;Se manteve;23,9;64,1;325,7;329;233,3;3,7;207,7;Nipoã;35;SP;nao metropolitana;mata atlantica;457,95;Aw;4756;92,58;98,35;93,37
3532801;Episódico/Epidêmico;Epidêmico;Piorou;23,9;64,1;325,7;329;233,3;3,7;207,7;Nova Aliança;35;SP;nao metropolitana;mata atlantica;449,28;Aw;6712;91,53;99,34;93,95
3532827;Episódico;Episódico;Se manteve;19,1;77;412;164,3;346,7;2,3;151,7;Nova Campina;35;SP;nao metropolitana;mata atlantica;901,51;Cfb;8445;54,39;61,94;88,45
3532843;Episódico/Epidêmico;Episódico/Epidêmico;Se manteve;24,9;62,1;276,5;345;206,3;2,3;194;Nova Canaã Paulista;35;SP;nao metropolitana;mata atlantica;381,25;Aw;2031;42,95;98,12;65,64
3532868;Episódico;Episódico/Epidêmico;Piorou;24,3;63,2;286,7;335,7;221,7;2,3;203;Nova Castilho;35;SP;nao metropolitana;mata atlantica;404,9;Aw;1059;70;99,21;73,95
3532900;Episódico/Epidêmico;Epidêmico;Piorou;23,2;64,6;319,7;309;242,7;4;201,3;Nova Europa;35;SP;nao metropolitana;mata atlantica;525,35;Cwa;9638;95,81;99,27;96,52
3533007;Episódico/Epidêmico;Epidêmico;Piorou;23,8;63,1;335;332;220,7;4;202,3;Nova Granada;35;SP;nao metropolitana;mata atlantica;501,98;Aw;19358;92,38;99,39;95,04
3533106;Episódico/Epidêmico;Epidêmico;Piorou;24,7;63,4;312,9;335;225,7;3,7;203;Nova Guataporanga;35;SP;nao metropolitana;mata atlantica;374,71;Aw;2151;86,32;95,13;88,42
3533205;Episódico/Epidêmico;Epidêmico;Piorou;24,8;62,6;301,1;336,7;215;3;196,3;Nova Independência;35;SP;nao metropolitana;mata atlantica;324,12;Aw;4619;77,45;92,38;82,46
3533254;Episódico/Epidêmico;Episódico/Epidêmico;Se manteve;23,6;63,2;329,3;326;215,7;2,7;194,3;Novais;35;SP;nao metropolitana;mata atlantica;535,6;Aw;4410;95,63;99,55;90,59
3533304;Episódico/Epidêmico;Episódico/Epidêmico;Se manteve;24,3;63,2;286,7;335,7;221,7;2,3;203;Nova Luzitânia;35;SP;nao metropolitana;mata atlantica;389,23;Aw;2837;89,34;97,58;95,52
3533403;Episódico/Epidêmico;Epidêmico;Piorou;21,8;68,9;391;262,7;290,3;5,3;205;Nova Odessa;35;SP;nao metropolitana;mata atlantica;591,95;Cfa;61935;96,23;99,8;99,56
3533502;Episódico/Epidêmico;Epidêmico;Piorou;23,7;63,7;326,1;323;228,3;3,7;199,3;Novo Horizonte;35;SP;nao metropolitana;mata atlantica;430,24;Aw;38539;94,65;99,43;93,94
3533601;Episódico/Epidêmico;Episódico/Epidêmico;Se manteve;22,2;65,8;372,6;294,3;250,7;3;206,7;Nuporanga;35;SP;nao metropolitana;mata atlantica;734,44;Cwa;7370;94,19;99,36;94,89
3533700;Episódico/Epidêmico;Episódico/Epidêmico;Se manteve;22,5;67,2;376,7;288,3;269,7;5;205,7;Ocauçu;35;SP;nao metropolitana;cerrado;547,2;Cfa;4329;89,02;96,34;84,63
3533809;Episódico;Episódico;Se manteve;21,1;73,4;372,2;232;327,7;3,7;200;Óleo;35;SP;nao metropolitana;mata atlantica;638,45;Cfa;2508;64,76;98,25;86,28
3533908;Epidêmico;Epidêmico;Se manteve;23,9;62,5;308,9;333;204,7;3;188;Olímpia;35;SP;nao metropolitana;mata atlantica;513,55;Aw;56037;96,82;96,94;94,99
3534005;Episódico/Epidêmico;Episódico/Epidêmico;Se manteve;23,8;63,1;335;332;220,7;4;202,3;Onda Verde;35;SP;nao metropolitana;mata atlantica;516,12;Aw;4770;83,53;96,32;91,64
3534104;Episódico/Epidêmico;Epidêmico;Piorou;22,5;67,2;376,7;288,3;269,7;5;205,7;Oriente;35;SP;nao metropolitana;mata atlantica;492,93;Cfa;6073;94,55;99,27;97,09
3534203;Episódico/Epidêmico;Epidêmico;Piorou;24,2;63,4;296,6;338,3;225,7;2,3;207,7;Orindiúva;35;SP;nao metropolitana;cerrado;466,47;Aw;6022;92,1;99,95;92,43
3534302;Epidêmico;Epidêmico;Se manteve;23,1;63,4;340,5;320,3;221,3;2,3;196,7;Orlândia;35;SP;nao metropolitana;mata atlantica;697,13;Cwa;37916;98,71;98,84;98,38
3534401;Epidêmico;Epidêmico;Se manteve;19,3;80;512,8;164,3;354,7;4,3;156;Osasco;35;SP;metropolitana;mata atlantica;765,32;Cfb;777048;90,18;99,2;99,29
3534500;Episódico/Epidêmico;Epidêmico;Piorou;22,9;66,2;364,7;299;256,3;4;201;Oscar Bressane;35;SP;nao metropolitana;mata atlantica;486,47;Cfa;2475;84,29;98,17;84,86
3534609;Episódico/Epidêmico;Epidêmico;Piorou;24,1;62,3;313,9;322,7;213,7;4,7;185;Osvaldo Cruz;35;SP;nao metropolitana;mata atlantica;418,83;Aw;31222;95,33;99,29;94,22
3534708;Epidêmico;Epidêmico;Se manteve;21,6;72;401,8;250;316,7;4,7;206;Ourinhos;35;SP;nao metropolitana;mata atlantica;445,4;Cfa;108678;96,89;98,76;98,98
3534757;Episódico/Epidêmico;Epidêmico;Piorou;24,7;61,9;287,2;343,7;204,3;2,3;192,3;Ouroeste;35;SP;nao metropolitana;mata atlantica;434,48;Aw;10288;88,7;99,24;92,84
3534807;Episódico/Epidêmico;Epidêmico;Piorou;24,8;61,8;307,4;336;204,3;3,3;185,7;Ouro Verde;35;SP;nao metropolitana;mata atlantica;325,97;Aw;7766;65,57;98,36;92,46
3534906;Episódico/Epidêmico;Epidêmico;Piorou;24,4;62,1;326,5;327,7;209;3,7;185;Pacaembu;35;SP;nao metropolitana;mata atlantica;368,98;Aw;12682;83,29;98,19;90,86
3535002;Episódico/Epidêmico;Epidêmico;Piorou;24,2;62,8;318,3;337;215,3;3,3;198,7;Palestina;35;SP;nao metropolitana;mata atlantica;480,1;Aw;11259;73,32;99,39;86,62
3535101;Episódico/Epidêmico;Epidêmico;Piorou;23,3;64;344,3;318,7;230,3;3;199,7;Palmares Paulista;35;SP;nao metropolitana;mata atlantica;550,03;Cwa;9475;97,7;99,52;98,55
3535200;Episódico/Epidêmico;Epidêmico;Piorou;24,6;62,2;279,7;340,7;208;2,3;192,7;Palmeira D'oeste;35;SP;nao metropolitana;mata atlantica;386,18;Aw;8904;78,1;99,18;80,2
3535309;Epidêmico;Epidêmico;Se manteve;22,9;66,9;366,7;292;266,3;3,7;201,3;Palmital;35;SP;nao metropolitana;mata atlantica;444,22;Cfa;19559;92,64;99,09;92,59
3535408;Epidêmico;Epidêmico;Se manteve;24,7;63,4;312,9;335;225,7;3,7;203;Panorama;35;SP;nao metropolitana;mata atlantica;308,07;Aw;14942;92,24;98,98;96,87
3535507;Epidêmico;Epidêmico;Se manteve;22,8;67,3;384,1;291,7;269;4,7;205,3;Paraguaçu Paulista;35;SP;nao metropolitana;cerrado;475,41;Cfa;41062;93,38;99,28;94,07
3535606;Episódico/Epidêmico;Episódico/Epidêmico;Se manteve;20;80,1;510;190,3;360,3;4,7;186,7;Paraibuna;35;SP;nao metropolitana;mata atlantica;815,52;Cfb;18107;64,19;85,57;89,13
3535705;Episódico/Epidêmico;Episódico/Epidêmico;Se manteve;23,3;64;344,3;318,7;230,3;3;199,7;Paraíso;35;SP;nao metropolitana;mata atlantica;536,13;Aw;6099;86,67;99,32;92,1
3535804;Episódico;Episódico/Epidêmico;Piorou;20,5;75;374,9;218;340;2,7;198;Paranapanema;35;SP;nao metropolitana;cerrado;626,25;Cfa;19412;80,94;96,87;89,2
3535903;Episódico/Epidêmico;Episódico/Epidêmico;Se manteve;24,7;61,9;287,2;343,7;204,3;2,3;192,3;Paranapuã;35;SP;nao metropolitana;mata atlantica;418,31;Aw;4044;88,43;99,92;89,89
3536000;Episódico/Epidêmico;Epidêmico;Piorou;23,9;62,8;309,2;319,7;218,7;3;187;Parapuã;35;SP;nao metropolitana;mata atlantica;431,09;Aw;10577;94,3;99,1;86,2
3536109;Episódico;Episódico/Epidêmico;Piorou;20,7;74;418,2;224,7;331,3;3,7;199,3;Pardinho;35;SP;nao metropolitana;mata atlantica;789,16;Cfb;7107;85,47;91,25;89,5
3536208;Epidêmico;Episódico/Epidêmico;Melhorou;22,4;82,4;619,6;280,7;364;11,7;280,7;Pariquera-Açu;35;SP;nao metropolitana;mata atlantica;52,71;Cfa;19260;74,66;96,82;80,56
3536257;Episódico/Epidêmico;Episódico/Epidêmico;Se manteve;24,3;62,2;306,2;338,7;202,7;3;188;Parisi;35;SP;nao metropolitana;mata atlantica;454,8;Aw;2895;82,7;99,29;85,79
3536307;Episódico/Epidêmico;Episódico/Epidêmico;Se manteve;21,2;68,7;434,9;255;277,7;4,3;196,3;Patrocínio Paulista;35;SP;nao metropolitana;cerrado;804,35;Cwa;14527;88,16;96,93;92,17
3536406;Episódico/Epidêmico;Epidêmico;Piorou;24,7;63,4;312,9;335;225,7;3,7;203;Paulicéia;35;SP;nao metropolitana;mata atlantica;293,76;Aw;7944;45,07;99,49;89,82
3536505;Epidêmico;Epidêmico;Se manteve;21,8;68,9;391;262,7;290,3;5,3;205;Paulínia;35;SP;nao metropolitana;mata atlantica;592,67;Cfa;115870;94,14;99,38;99,28
3536570;Episódico;Episódico;Se manteve;22,1;68,8;394;272;288,3;5;205,7;Paulistânia;35;SP;nao metropolitana;cerrado;568,2;Cfa;2098;63,26;91,04;77,77
3536604;Episódico/Epidêmico;Epidêmico;Piorou;24,4;62;315,5;343;205,3;3,3;192,3;Paulo De Faria;35;SP;nao metropolitana;cerrado;469,08;Aw;7416;90,75;98,74;90,89
3536703;Episódico/Epidêmico;Epidêmico;Piorou;22,4;68,1;354,6;280,3;284,7;4,7;213,3;Pederneiras;35;SP;nao metropolitana;cerrado;527,76;Cfa;43897;93,05;97,31;94,68
3536802;Episódico;Episódico;Se manteve;19,9;73,8;438,3;198,3;334;5,7;177,7;Pedra Bela;35;SP;nao metropolitana;mata atlantica;1113,5;Cfb;6558;45,82;80,12;96,12
3536901;Episódico/Epidêmico;Epidêmico;Piorou;24,2;61,9;316,4;338,3;202;4,3;187,3;Pedranópolis;35;SP;nao metropolitana;mata atlantica;452,73;Aw;2774;62,85;98,07;76,1
3537008;Episódico/Epidêmico;Episódico/Epidêmico;Se manteve;22,5;65;348,9;306;243,7;2,3;209;Pedregulho;35;SP;nao metropolitana;cerrado;844,95;Cwa;15580;82,36;94,5;92,48
3537107;Epidêmico;Episódico/Epidêmico;Melhorou;21,2;69,4;409,3;245,3;299,7;6,3;198,3;Pedreira;35;SP;nao metropolitana;mata atlantica;725,49;Cfa;43084;97,63;99,04;99,44
3537156;Episódico/Epidêmico;Episódico/Epidêmico;Se manteve;23,4;66,5;326,5;299,7;258,7;3,3;200,3;Pedrinhas Paulista;35;SP;nao metropolitana;mata atlantica;354,07;Cfa;2790;83,35;99,34;87,9
3537206;Episódico/Epidêmico;Episódico/Epidêmico;Se manteve;21,5;84,9;622,8;238,7;365,7;6,7;238,3;Pedro De Toledo;35;SP;nao metropolitana;mata atlantica;364,23;Cfa;11387;81,35;88,57;83,11
3537305;Epidêmico;Epidêmico;Se manteve;23,7;64,2;305,1;319,7;232,3;3,3;201;Penápolis;35;SP;nao metropolitana;mata atlantica;417,62;Aw;62093;96,91;99,73;96,58
3537404;Epidêmico;Epidêmico;Se manteve;24,5;64,7;283,4;340,3;238,3;3,3;220,7;Pereira Barreto;35;SP;nao metropolitana;mata atlantica;353,56;Aw;23871;94,78;99,24;93,26
3537503;Episódico/Epidêmico;Episódico/Epidêmico;Se manteve;21,3;71,7;368,8;239,3;320;3;204,3;Pereiras;35;SP;nao metropolitana;mata atlantica;555,56;Cfa;9520;76,66;99,03;94,37
3537602;Epidêmico;Epidêmico;Se manteve;21,7;84,2;637;250,3;365;7;250;Peruíbe;35;SP;nao metropolitana;mata atlantica;101,96;Af;69321;82,15;96,38;98,53
3537701;Episódico/Epidêmico;Episódico/Epidêmico;Se manteve;23,9;63,1;316,9;322;218;3;188,3;Piacatu;35;SP;nao metropolitana;mata atlantica;390,46;Aw;5511;91,84;99,57;93,93
3537800;Episódico/Epidêmico;Episódico/Epidêmico;Se manteve;19,8;76;405,9;185;341,7;3;170;Piedade;35;SP;nao metropolitana;mata atlantica;914,44;Cfb;51542;46,29;92,27;86,38
3537909;Episódico/Epidêmico;Episódico/Epidêmico;Se manteve;19,4;82,4;479;167,3;357,7;3;161;Pilar Do Sul;35;SP;nao metropolitana;mata atlantica;763,37;Cfb;29785;81,79;98,46;96,73
3538006;Epidêmico;Epidêmico;Se manteve;19,6;76,2;554,5;181,7;347,7;5;169;Pindamonhangaba;35;SP;nao metropolitana;mata atlantica;728,53;Cwa;164932;95,83;99,05;98,59
3538105;Episódico/Epidêmico;Epidêmico;Piorou;23,3;64;344,3;318,7;230,3;3;199,7;Pindorama;35;SP;nao metropolitana;mata atlantica;547,58;Cwa;14590;94,53;99,54;95,13
3538204;Episódico;Episódico;Se manteve;19,9;73,8;438,3;198,3;334;5,7;177,7;Pinhalzinho;35;SP;nao metropolitana;mata atlantica;966,88;Cfb;14971;67,17;92,58;96,22
3538303;Episódico/Epidêmico;Episódico/Epidêmico;Se manteve;24,4;62,7;317,6;327,7;213,3;4;186,3;Piquerobi;35;SP;nao metropolitana;mata atlantica;361,98;Aw;3267;67,89;93,43;76,71
3538501;Episódico/Epidêmico;Episódico/Epidêmico;Se manteve;18,8;76,6;645,6;143;344;8,3;132;Piquete;35;SP;nao metropolitana;mata atlantica;884,16;Cwb;12597;77,1;95,74;97,76
3538600;Episódico/Epidêmico;Episódico;Melhorou;19,3;77,9;490,4;172;352,7;4,7;162,3;Piracaia;35;SP;nao metropolitana;mata atlantica;914,36;Cfb;29876;78,26;96,09;95,51
3538709;Epidêmico;Transmissão Persistente;Piorou;22;68,4;394,6;270;283;5,7;205,7;Piracicaba;35;SP;nao metropolitana;mata atlantica;536,53;Cfa;434432;97,95;99,63;99,44
3538808;Episódico/Epidêmico;Episódico/Epidêmico;Se manteve;21,3;72,9;399,9;241,7;325,7;4,7;207;Piraju;35;SP;nao metropolitana;mata atlantica;618,62;Cfa;29027;90,71;98,68;94,25
3538907;Episódico/Epidêmico;Epidêmico;Piorou;23,3;65,1;311,7;308;252,7;4,3;208,7;Pirajuí;35;SP;nao metropolitana;mata atlantica;486,38;Cfa;22451;91,32;98,61;92,44
3539004;Episódico/Epidêmico;Epidêmico;Piorou;23,3;64;344,3;318,7;230,3;3;199,7;Pirangi;35;SP;nao metropolitana;mata atlantica;552,25;Cwa;10885;97,63;99,44;90,87
3539103;Episódico/Epidêmico;Episódico;Melhorou;19,8;76,7;432,3;188,3;349,3;5;177,3;Pirapora Do Bom Jesus;35;SP;metropolitana;mata atlantica;778,1;Cfb;20578;73,26;97,15;97,05
3539202;Episódico/Epidêmico;Epidêmico;Piorou;23,7;65,3;362,9;309;239,7;4;195;Pirapozinho;35;SP;nao metropolitana;mata atlantica;372,3;Cfa;25376;93,63;99,77;95,63
3539301;Epidêmico;Episódico/Epidêmico;Melhorou;22,1;66,5;361;276;259,7;3,3;193;Pirassununga;35;SP;nao metropolitana;cerrado;639,53;Cwa;73436;95,09;99,42;95,11
3539400;Episódico/Epidêmico;Episódico/Epidêmico;Se manteve;22,3;67,9;353,3;278,7;282;4;209,3;Piratininga;35;SP;nao metropolitana;mata atlantica;566,95;Cfa;15120;85,39;94,26;91,07
3539509;Epidêmico;Epidêmico;Se manteve;23;65,3;353,3;312,7;249,7;4;211,7;Pitangueiras;35;SP;nao metropolitana;mata atlantica;547,42;Cwa;33731;97,58;99,44;97,39
3539608;Episódico/Epidêmico;Epidêmico;Piorou;24,2;64,6;282,4;331,7;238;2,7;213;Planalto;35;SP;nao metropolitana;mata atlantica;421,93;Aw;4392;99,51;98,59;87,56
3539707;Episódico/Epidêmico;Episódico/Epidêmico;Se manteve;22,6;67,6;389,2;286;272,7;5;203,7;Platina;35;SP;nao metropolitana;cerrado;519,47;Cfa;2990;79,87;93,09;88,21
3539806;Episódico/Epidêmico;Episódico/Epidêmico;Se manteve;19,6;81,8;652;175,7;360;6,7;170,3;Poá;35;SP;metropolitana;mata atlantica;766,22;Cfb;109450;96,05;99,29;99,58
3539905;Episódico/Epidêmico;Episódico/Epidêmico;Se manteve;24;63;311,6;332,3;218,7;3,3;197;Poloni;35;SP;nao metropolitana;mata atlantica;493,71;Aw;5592;89,75;99,23;90,03
3540002;Episódico/Epidêmico;Episódico/Epidêmico;Se manteve;23,3;64,1;322,2;311,7;233,7;3;193,3;Pompéia;35;SP;nao metropolitana;mata atlantica;466,32;Cfa;20171;95,16;99,62;95,05
3540101;Episódico;Episódico/Epidêmico;Piorou;23,4;65,1;307,6;310,7;251,7;3,3;210,7;Pongaí;35;SP;nao metropolitana;mata atlantica;455,76;Aw;3395;95,13;99,67;92,73
3540200;Epidêmico;Epidêmico;Se manteve;23,2;64,1;333,3;312,7;230,7;2,7;195;Pontal;35;SP;nao metropolitana;mata atlantica;522,38;Aw;37526;99,36;99,47;99,03
3540259;Episódico/Epidêmico;Episódico/Epidêmico;Se manteve;24,3;62,2;298,8;336,7;212;3,3;194;Pontalinda;35;SP;nao metropolitana;mata atlantica;392,83;Aw;4129;83,64;99,09;86,22
3540309;Episódico/Epidêmico;Epidêmico;Piorou;24,4;62;315,5;343;205,3;3,3;192,3;Pontes Gestal;35;SP;nao metropolitana;mata atlantica;452,51;Aw;2332;99,89;99,41;87,22
3540408;Episódico/Epidêmico;Episódico/Epidêmico;Se manteve;24,5;62,6;303,4;341,3;211;2,3;197;Populina;35;SP;nao metropolitana;mata atlantica;410,52;Aw;4154;89,07;99,27;87,15
3540507;Episódico;Episódico/Epidêmico;Piorou;21;72,9;370,4;231;328;2,7;203,3;Porangaba;35;SP;nao metropolitana;mata atlantica;564,64;Cfa;9634;64,37;93,06;88,94
3540606;Epidêmico;Epidêmico;Se manteve;20,9;71,2;354,4;230,7;320,7;2,7;199;Porto Feliz;35;SP;nao metropolitana;mata atlantica;560,41;Cfa;59306;92,36;98,12;96,1
3540705;Epidêmico;Epidêmico;Se manteve;22;66,7;369,1;275,3;259;4;193,3;Porto Ferreira;35;SP;nao metropolitana;cerrado;603,06;Cwa;52551;98,91;99,23;98,45
3540754;Epidêmico;Epidêmico;Se manteve;19,6;76,2;554,5;181,7;347,7;5;169;Potim;35;SP;nao metropolitana;mata atlantica;545,73;Cwa;20342;97,69;99,46;98,99
3540804;Episódico/Epidêmico;Epidêmico;Piorou;23,9;64,1;325,7;329;233,3;3,7;207,7;Potirendaba;35;SP;nao metropolitana;mata atlantica;453,13;Aw;20227;89,64;99,39;96,42
3540853;Episódico/Epidêmico;Episódico;Melhorou;24,1;62,3;313,9;322,7;213,7;4,7;185;Pracinha;35;SP;nao metropolitana;mata atlantica;360,81;Aw;2581;87,06;99,02;95,88
3540903;Episódico/Epidêmico;Episódico/Epidêmico;Se manteve;22,8;65,3;352,4;302,3;241,7;3;199;Pradópolis;35;SP;nao metropolitana;mata atlantica;555,67;Cwa;17035;95,16;96,74;94,04
3541000;Epidêmico;Epidêmico;Se manteve;21,8;83,2;689;257,7;364;7,3;257;Praia Grande;35;SP;nao metropolitana;mata atlantica;108,83;Af;344834;93,79;98,9;99,69
3541059;Episódico/Epidêmico;Episódico/Epidêmico;Se manteve;21;72,2;389,7;236;315;3,7;197,3;Pratânia;35;SP;nao metropolitana;cerrado;744,03;Cfa;5127;82,68;98,91;90,61
3541109;Episódico/Epidêmico;Episódico;Melhorou;22,7;66,4;343,3;294;266,3;4,3;208,7;Presidente Alves;35;SP;nao metropolitana;mata atlantica;522,98;Cfa;3819;89,61;96,59;88,12
3541208;Episódico/Epidêmico;Epidêmico;Piorou;24;63,5;345,3;317,7;221,3;4,3;186;Presidente Bernardes;35;SP;nao metropolitana;mata atlantica;381,43;Aw;14371;75,84;97,95;81,35
3541307;Epidêmico;Epidêmico;Se manteve;24,5;64,4;313,6;330,7;233;4;208;Presidente Epitácio;35;SP;nao metropolitana;mata atlantica;314,51;Aw;38992;84,68;94,82;93,73
3541406;Epidêmico;Transmissão Persistente;Piorou;24;63,5;345,3;317,7;221,3;4,3;186;Presidente Prudente;35;SP;nao metropolitana;mata atlantica;390,65;Aw;226692;98,07;99,84;98,7
3541505;Episódico/Epidêmico;Epidêmico;Piorou;24,4;62,7;317,6;327,7;213,3;4;186,3;Presidente Venceslau;35;SP;nao metropolitana;mata atlantica;354,69;Aw;35039;95,81;98,68;95,43
3541604;Episódico/Epidêmico;Epidêmico;Piorou;23,7;64,2;305,1;319,7;232,3;3,3;201;Promissão;35;SP;nao metropolitana;mata atlantica;426,49;Aw;35142;88,95;99,55;86,77
3541653;Episódico;Episódico/Epidêmico;Piorou;20,6;74,7;396,6;219,3;338;3;198,7;Quadra;35;SP;nao metropolitana;mata atlantica;635,64;Cfa;3341;29,37;99,03;94,98
3541703;Episódico/Epidêmico;Epidêmico;Piorou;23,4;64;324,2;312;232,7;3,7;193,3;Quatá;35;SP;nao metropolitana;mata atlantica;476,42;Cfa;12849;94,22;99,27;94,87
3541802;Episódico/Epidêmico;Epidêmico;Piorou;23,7;63,2;305,3;318,3;219,3;2,3;187,3;Queiroz;35;SP;nao metropolitana;mata atlantica;424,22;Aw;3274;87,6;99,89;93,63
3541901;Episódico/Epidêmico;Episódico/Epidêmico;Se manteve;19,3;77,4;525,5;165,7;354,7;3,7;159;Queluz;35;SP;nao metropolitana;mata atlantica;829,7;Cwa;9387;73,21;84,72;90,83
3542008;Episódico/Epidêmico;Epidêmico;Piorou;23,3;64,1;322,2;311,7;233,7;3;193,3;Quintana;35;SP;nao metropolitana;mata atlantica;459,33;Cfa;7043;91,84;98,97;93,99
3542107;Episódico/Epidêmico;Episódico/Epidêmico;Se manteve;21,7;69,7;363,7;258,7;300;4,3;207,7;Rafard;35;SP;nao metropolitana;mata atlantica;554,74;Cfa;9333;92,13;98,45;98,29
3542206;Epidêmico;Epidêmico;Se manteve;23,6;63,7;325,9;313,3;226,3;3;188,3;Rancharia;35;SP;nao metropolitana;mata atlantica;450,07;Cfa;28569;92,58;98,24;92,37
3542305;Episódico;Episódico;Se manteve;20;80,1;510;190,3;360,3;4,7;186,7;Redenção Da Serra;35;SP;nao metropolitana;mata atlantica;829,44;Cwb;3726;44,13;84,6;75,87
3542404;Episódico/Epidêmico;Epidêmico;Piorou;23,4;65,6;347,3;304,3;245;3,7;196,3;Regente Feijó;35;SP;nao metropolitana;mata atlantica;451,02;Cfa;20151;91,77;99,73;95,03
3542503;Episódico/Epidêmico;Episódico/Epidêmico;Se manteve;23,4;65,1;307,6;310,7;251,7;3,3;210,7;Reginópolis;35;SP;nao metropolitana;mata atlantica;457,36;Cfa;7632;81,67;98,64;86,28
3542602;Episódico/Epidêmico;Episódico/Epidêmico;Se manteve;22,2;83,3;572,6;270,7;365,7;8,7;270,7;Registro;35;SP;nao metropolitana;mata atlantica;36,42;Af;63034;87,9;98,4;91,9
3542701;Episódico;Episódico/Epidêmico;Piorou;22,2;65,8;372,6;294,3;250,7;3;206,7;Restinga;35;SP;nao metropolitana;mata atlantica;784,44;Cwa;6440;86,75;98,19;90,19
3542800;Episódico;Episódico;Se manteve;18,5;84,6;584,1;139,7;364,3;6,7;139;Ribeira;35;SP;nao metropolitana;mata atlantica;499,93;Cfa;3085;34,85;62,87;86,7
3542909;Episódico/Epidêmico;Episódico/Epidêmico;Se manteve;22,4;66,4;339,9;286,3;268;4;207;Ribeirão Bonito;35;SP;nao metropolitana;cerrado;622,95;Cwa;11004;91,93;99,13;94,43
3543006;Episódico;Episódico/Epidêmico;Piorou;18,8;84,1;564,4;148,3;362,7;5,7;145,7;Ribeirão Branco;35;SP;nao metropolitana;mata atlantica;899,96;Cfb;18494;51,86;89,31;73,74
3543105;Episódico;Episódico/Epidêmico;Piorou;21,5;68;403,9;269,3;274,7;3,7;204,7;Ribeirão Corrente;35;SP;nao metropolitana;cerrado;858,57;Cwa;4638;77,39;98;89,77
3543204;Episódico/Epidêmico;Epidêmico;Piorou;22,7;67,3;367,2;288,3;271;3,7;201,3;Ribeirão Do Sul;35;SP;nao metropolitana;cerrado;517,39;Cfa;4667;68,27;89,78;86,8
3543238;Episódico/Epidêmico;Episódico/Epidêmico;Se manteve;24,3;62,1;322,8;326;209,3;3,3;182;Ribeirão Dos Índios;35;SP;nao metropolitana;mata atlantica;357,52;Aw;1999;84,45;96,92;86,06
3543253;Episódico;Episódico;Se manteve;19;82,8;525,9;155,7;358;5;149,7;Ribeirão Grande;35;SP;nao metropolitana;mata atlantica;818,75;Cfb;7348;46,25;88,96;87,67
3543303;Episódico/Epidêmico;Epidêmico;Piorou;19,6;81,8;652;175,7;360;6,7;170,3;Ribeirão Pires;35;SP;metropolitana;mata atlantica;800,9;Cfb;116174;86,59;99;99,52
3543402;Transmissão Persistente;Transmissão Persistente;Se manteve;22,5;66;344,8;292,3;248,3;3,3;196,3;Ribeirão Preto;35;SP;metropolitana;mata atlantica;607,6;Cwa;702739;98,61;99,4;99,68
3543501;Episódico;Episódico/Epidêmico;Piorou;20,4;73,6;394;212;335,7;4,7;188,3;Riversul;35;SP;nao metropolitana;mata atlantica;580,77;Cfa;5604;71,59;94,47;82,74
3543600;Episódico/Epidêmico;Episódico;Melhorou;22,8;64,7;347,7;313,7;240,7;2;210;Rifaina;35;SP;nao metropolitana;cerrado;641,17;Aw;3958;98,09;97,49;96,7
3543709;Episódico/Epidêmico;Epidêmico;Piorou;22,6;65,5;358,8;296;241,7;4;195;Rincão;35;SP;nao metropolitana;mata atlantica;570,92;Cwa;8731;98,75;99,68;94,89
3543808;Episódico/Epidêmico;Episódico/Epidêmico;Se manteve;23,9;63,1;316,9;322;218;3;188,3;Rinópolis;35;SP;nao metropolitana;mata atlantica;409,71;Aw;9251;88,67;99,02;87,88
3543907;Epidêmico;Epidêmico;Se manteve;21,9;68,4;401,1;267,7;282;5,7;204;Rio Claro;35;SP;nao metropolitana;mata atlantica;615,55;Cwa;206950;98,66;99,77;98,91
3544004;Episódico/Epidêmico;Episódico/Epidêmico;Se manteve;22,1;68,4;366,2;271;288;4,7;209,7;Rio Das Pedras;35;SP;nao metropolitana;mata atlantica;608,54;Cfa;31503;99;99,25;98,18
3544103;Episódico/Epidêmico;Episódico;Melhorou;19,6;81,8;652;175,7;360;6,7;170,3;Rio Grande Da Serra;35;SP;metropolitana;mata atlantica;791,82;Cfb;45183;78,09;99,58;98,69
3544202;Episódico/Epidêmico;Epidêmico;Piorou;24,6;61,8;308;343,3;208;2,3;194,3;Riolândia;35;SP;nao metropolitana;mata atlantica;452,78;Aw;10358;90,05;98,71;90,53
3544251;Epidêmico;Epidêmico;Se manteve;24;67,2;363,4;312;265,7;6;220,7;Rosana;35;SP;nao metropolitana;mata atlantica;307,11;Aw;17237;83,01;94,76;84,73
3544301;Episódico/Epidêmico;Episódico/Epidêmico;Se manteve;19,7;79,5;549,2;179,7;358,7;7;174,3;Roseira;35;SP;nao metropolitana;mata atlantica;750,76;Cwa;10787;91,62;98,63;96,77
3544400;Episódico/Epidêmico;Episódico/Epidêmico;Se manteve;24,2;62,5;309,4;325,7;213,7;4;187,7;Rubiácea;35;SP;nao metropolitana;mata atlantica;403,28;Aw;2680;77,48;99,66;94
3544509;Episódico/Epidêmico;Episódico/Epidêmico;Se manteve;24,9;62,1;276,5;345;206,3;2,3;194;Rubinéia;35;SP;nao metropolitana;mata atlantica;348,35;Aw;3837;71,99;98,79;91,17
3544608;Episódico/Epidêmico;Episódico/Epidêmico;Se manteve;23,7;65,9;306,3;319,3;259;4;224;Sabino;35;SP;nao metropolitana;mata atlantica;420,31;Aw;5112;87,29;98,84;90,88
3544707;Episódico/Epidêmico;Episódico/Epidêmico;Se manteve;23,9;62,8;309,2;319,7;218,7;3;187;Sagres;35;SP;nao metropolitana;mata atlantica;377,75;Aw;2467;98,45;98,57;82,82
3544806;Episódico/Epidêmico;Episódico/Epidêmico;Se manteve;23,9;65,5;299,3;327,7;250,3;3;222,7;Sales;35;SP;nao metropolitana;mata atlantica;410,39;Aw;6468;94,17;95,44;91,31
3544905;Episódico/Epidêmico;Episódico/Epidêmico;Se manteve;23;63,9;336,5;314,7;227;2;195;Sales Oliveira;35;SP;nao metropolitana;mata atlantica;655,16;Cwa;11420;94;99,38;93,6
3545001;Episódico;Episódico;Se manteve;20,5;82,8;663,4;205;363,3;9,7;203;Salesópolis;35;SP;metropolitana;mata atlantica;918,25;Cfb;15289;82,99;94,55;96,58
3545100;Episódico/Epidêmico;Episódico/Epidêmico;Se manteve;23,7;63,3;309,9;318,3;222;3;189,3;Salmourão;35;SP;nao metropolitana;mata atlantica;392,85;Aw;4758;88,65;99,04;91,17
3545159;Episódico/Epidêmico;Epidêmico;Piorou;22,2;68,1;329,1;270,7;284,3;2,7;206;Saltinho;35;SP;nao metropolitana;mata atlantica;574,5;Cfa;8353;89,51;99,22;99,21
3545209;Epidêmico;Epidêmico;Se manteve;20,3;74;392;206,3;339;4;187,7;Salto;35;SP;nao metropolitana;mata atlantica;559,4;Cfa;141988;98,06;99,2;99,15
3545308;Episódico/Epidêmico;Episódico/Epidêmico;Se manteve;19,1;82,3;543,4;156,7;356,3;3,7;149,3;Salto De Pirapora;35;SP;nao metropolitana;mata atlantica;653,96;Cfa;44921;80,93;99,04;98,94
3545407;Episódico/Epidêmico;Epidêmico;Piorou;22,5;67,9;369,1;282;277,7;4;203,3;Salto Grande;35;SP;nao metropolitana;mata atlantica;432,21;Cfa;9051;36,8;98,96;91,7
3545506;Episódico/Epidêmico;Episódico/Epidêmico;Se manteve;23,5;66,4;351,5;302,7;253;4,3;199,3;Sandovalina;35;SP;nao metropolitana;mata atlantica;358,67;Aw;3657;67;87,01;70,42
3545605;Episódico/Epidêmico;Epidêmico;Piorou;23,1;64,5;353,7;312;232,7;4,3;196,7;Santa Adélia;35;SP;nao metropolitana;mata atlantica;521,42;Cwa;14018;94,55;99,44;95,53
3545704;Episódico/Epidêmico;Episódico/Epidêmico;Se manteve;24,9;62,8;284,3;344,7;214;2,7;201,7;Santa Albertina;35;SP;nao metropolitana;mata atlantica;380,94;Aw;6388;84,39;98,91;89,88
3545803;Epidêmico;Epidêmico;Se manteve;22,1;68,4;366,2;271;288;4,7;209,7;Santa Bárbara D'oeste;35;SP;nao metropolitana;mata atlantica;584,84;Cfa;183447;98,66;99,54;99,73
3546009;Episódico/Epidêmico;Episódico;Melhorou;20;79,9;493,3;192;359,7;4,7;188;Santa Branca;35;SP;nao metropolitana;mata atlantica;766,71;Cfb;13441;76,1;96,45;97,1
3546108;Episódico/Epidêmico;Episódico/Epidêmico;Se manteve;24,8;64,3;288,4;345,3;238;1,3;223,3;Santa Clara D'oeste;35;SP;nao metropolitana;mata atlantica;372,78;Aw;2596;75,72;98,56;81,94
3546207;Episódico/Epidêmico;Episódico/Epidêmico;Se manteve;21,8;67,7;383,9;268;275,7;4;201,7;Santa Cruz Da Conceição;35;SP;nao metropolitana;cerrado;686,79;Cwa;4179;94,85;98,77;89,78
3546256;Episódico;Episódico/Epidêmico;Piorou;22,5;66;344,8;292,3;248,3;3,3;196,3;Santa Cruz Da Esperança;35;SP;nao metropolitana;cerrado;602,12;Cwa;2129;69,52;95,47;87,77
3546306;Episódico/Epidêmico;Episódico/Epidêmico;Se manteve;22,1;66,5;361;276;259,7;3,3;193;Santa Cruz Das Palmeiras;35;SP;nao metropolitana;mata atlantica;652,65;Cwa;28861;98,07;99,41;97,89
3546405;Episódico/Epidêmico;Epidêmico;Piorou;22;69,4;386,9;266;292;4,3;203,7;Santa Cruz Do Rio Pardo;35;SP;nao metropolitana;mata atlantica;544,41;Cfa;46105;89,61;99,36;92,67
3546504;Episódico/Epidêmico;Episódico/Epidêmico;Se manteve;22,8;65,7;368,6;302,3;249,3;4,3;206;Santa Ernestina;35;SP;nao metropolitana;mata atlantica;607,23;Cwa;6123;93,29;99,94;96,07
3546603;Epidêmico;Epidêmico;Se manteve;24,9;62,8;284,3;344,7;214;2,7;201,7;Santa Fé Do Sul;35;SP;nao metropolitana;mata atlantica;367,39;Aw;34762;96,74;99,66;97,44
3546702;Epidêmico;Epidêmico;Se manteve;21,9;68,4;401,1;267,7;282;5,7;204;Santa Gertrudes;35;SP;nao metropolitana;mata atlantica;633,81;Cwa;23721;99,02;99,84;98,78
3546801;Episódico/Epidêmico;Episódico/Epidêmico;Se manteve;19,5;79,6;481,2;175,7;357,3;4,7;168,7;Santa Isabel;35;SP;metropolitana;mata atlantica;728,63;Cfb;56635;77,9;96,2;96,08
3546900;Episódico/Epidêmico;Episódico/Epidêmico;Se manteve;22;66,1;364,5;278,7;251,7;3,7;190,7;Santa Lúcia;35;SP;nao metropolitana;mata atlantica;622,63;Cwa;7004;95,98;100;97,55
3547007;Episódico/Epidêmico;Episódico/Epidêmico;Se manteve;21,8;70,4;340;262,7;308,7;3,3;215,3;Santa Maria Da Serra;35;SP;nao metropolitana;cerrado;526,58;Cfa;5753;99,17;98,99;95,18
3547106;Episódico/Epidêmico;Epidêmico;Piorou;24,7;63,4;312,9;335;225,7;3,7;203;Santa Mercedes;35;SP;nao metropolitana;mata atlantica;342,55;Aw;2952;71,26;97,76;90,28
3547205;Episódico/Epidêmico;Episódico/Epidêmico;Se manteve;24,9;62,1;276,5;345;206,3;2,3;194;Santana Da Ponte Pensa;35;SP;nao metropolitana;mata atlantica;396,58;Aw;1669;73,57;99,66;75,76
3547304;Epidêmico;Epidêmico;Se manteve;19,8;76,7;432,3;188,3;349,3;5;177,3;Santana De Parnaíba;35;SP;metropolitana;mata atlantica;811,26;Cfb;163348;72,74;96,36;99,48
3547403;Episódico/Epidêmico;Epidêmico;Piorou;24,7;61,5;283,7;342,7;199,3;2,3;186,7;Santa Rita D'oeste;35;SP;nao metropolitana;mata atlantica;394,08;Aw;2736;66,92;99,23;71,54
3547502;Episódico/Epidêmico;Episódico/Epidêmico;Se manteve;22,2;66,7;350,7;279,7;261,3;2,7;198;Santa Rita Do Passa Quatro;35;SP;nao metropolitana;cerrado;674,28;Cwa;24858;93,86;98,99;93,94
3547601;Epidêmico;Episódico/Epidêmico;Melhorou;22;66,4;336,9;276,7;257;2,7;194,3;Santa Rosa De Viterbo;35;SP;nao metropolitana;cerrado;685,6;Cwa;23783;99,34;99,48;99,04
3547650;Episódico/Epidêmico;Epidêmico;Piorou;24,7;61,9;287,2;343,7;204,3;2,3;192,3;Santa Salete;35;SP;nao metropolitana;mata atlantica;410,24;Aw;1644;59,21;98,82;76,44
3547700;Episódico/Epidêmico;Episódico/Epidêmico;Se manteve;24,3;62,1;322,8;326;209,3;3,3;182;Santo Anastácio;35;SP;nao metropolitana;mata atlantica;385,02;Aw;17875;93,38;99,48;93,23
3547809;Epidêmico;Epidêmico;Se manteve;20,9;83;760,7;221,7;364;12,7;219,7;Santo André;35;SP;metropolitana;mata atlantica;774,23;Cfb;776640;96,41;98,36;99,91
3547908;Episódico/Epidêmico;Episódico/Epidêmico;Se manteve;21,8;67,5;404,4;272,3;269,7;4,3;203,3;Santo Antônio Da Alegria;35;SP;nao metropolitana;cerrado;847,63;Cwa;6775;83,42;96,47;92,12
3548005;Epidêmico;Episódico/Epidêmico;Melhorou;21,7;68,5;400,5;261;286,7;5,7;201,7;Santo Antônio De Posse;35;SP;nao metropolitana;mata atlantica;645,54;Cfa;23102;85,22;98,16;96,87
3548054;Episódico/Epidêmico;Episódico/Epidêmico;Se manteve;24,3;63,2;286,7;335,7;221,7;2,3;203;Santo Antônio Do Aracanguá;35;SP;nao metropolitana;mata atlantica;368,65;Aw;8322;88,17;96,29;85,11
3548104;Episódico/Epidêmico;Episódico;Melhorou;21,4;67,5;385,1;255,3;277;5;190,3;Santo Antônio Do Jardim;35;SP;nao metropolitana;mata atlantica;931,31;Cwb;6114;64,45;96,64;80,35
3548203;Episódico;Episódico/Epidêmico;Piorou;18,6;77,1;592,1;139,7;346;7,3;131,3;Santo Antônio Do Pinhal;35;SP;nao metropolitana;mata atlantica;1145,78;Cwb;7071;66,72;78,2;97,89
3548302;Episódico/Epidêmico;Episódico/Epidêmico;Se manteve;24,3;62,1;322,8;326;209,3;3,3;182;Santo Expedito;35;SP;nao metropolitana;mata atlantica;350,84;Aw;3004;77,54;96,37;93,58
3548401;Episódico/Epidêmico;Epidêmico;Piorou;23,7;63,2;305,3;318,3;219,3;2,3;187,3;Santópolis Do Aguapeí;35;SP;nao metropolitana;mata atlantica;388,39;Aw;3899;97,55;98,89;97,4
3548500;Epidêmico;Epidêmico;Se manteve;22,7;82,4;523,5;310,7;362,3;7,3;309,7;Santos;35;SP;nao metropolitana;mata atlantica;260,66;Af;414029;95,99;99,73;99,79
3548609;Episódico/Epidêmico;Episódico;Melhorou;18,3;76,4;580,6;121,3;341,7;4,7;110,7;São Bento Do Sapucaí;35;SP;nao metropolitana;mata atlantica;1268,52;Cwb;11427;65,17;82,3;92,12
3548708;Epidêmico;Epidêmico;Se manteve;20,9;83;760,7;221,7;364;12,7;219,7;São Bernardo Do Campo;35;SP;metropolitana;mata atlantica;755,6;Cfb;832347;92,52;99,2;99,83
3548807;Epidêmico;Epidêmico;Se manteve;19,5;80,7;561,1;170,7;357,7;5,7;164;São Caetano Do Sul;35;SP;metropolitana;mata atlantica;765,65;Cfb;166847;99,97;99,99;100
3548906;Epidêmico;Epidêmico;Se manteve;21,7;67,7;385,8;267,3;278;4;202;São Carlos;35;SP;nao metropolitana;cerrado;736,71;Cwa;256898;98,45;99,1;99,05
3549003;Episódico/Epidêmico;Episódico/Epidêmico;Se manteve;24,9;62,1;276,5;345;206,3;2,3;194;São Francisco;35;SP;nao metropolitana;mata atlantica;401,3;Aw;2602;90,46;99,9;82,99
3549102;Epidêmico;Epidêmico;Se manteve;20,2;69,8;453,4;219;295,3;4,7;175;São João Da Boa Vista;35;SP;nao metropolitana;mata atlantica;802,73;Cwa;92319;96,78;99,58;96,72
3549201;Episódico/Epidêmico;Episódico/Epidêmico;Se manteve;24,4;62,2;298;339;205,7;3;190;São João Das Duas Pontes;35;SP;nao metropolitana;mata atlantica;402,46;Aw;2569;84,74;99,65;87,67
3549250;Episódico/Epidêmico;Episódico/Epidêmico;Se manteve;24,3;62,2;298,8;336,7;212;3,3;194;São João De Iracema;35;SP;nao metropolitana;mata atlantica;407,72;Aw;1843;80,37;99,83;96,28
3549300;Episódico/Epidêmico;Epidêmico;Piorou;24,7;63,4;312,9;335;225,7;3,7;203;São João Do Pau D'alho;35;SP;nao metropolitana;mata atlantica;339,94;Aw;2226;82,71;93,14;84,64
3549409;Epidêmico;Epidêmico;Se manteve;23,1;63,4;340,5;320,3;221,3;2,3;196,7;São Joaquim Da Barra;35;SP;nao metropolitana;mata atlantica;650,32;Cwa;48058;98,67;99,79;98,19
3549508;Episódico/Epidêmico;Episódico;Melhorou;23,1;63,4;340,5;320,3;221,3;2,3;196,7;São José Da Bela Vista;35;SP;nao metropolitana;mata atlantica;746,13;Cwa;7642;90,87;98,28;92,55
3549607;Episódico;Episódico;Se manteve;20,8;81,8;689,4;217,3;362;9,3;213,3;São José Do Barreiro;35;SP;nao metropolitana;mata atlantica;1153,66;Cfb;4313;75,39;94,34;84,79
3549706;Episódico/Epidêmico;Episódico/Epidêmico;Se manteve;22;66,4;336,9;276,7;257;2,7;194,3;São José Do Rio Pardo;35;SP;nao metropolitana;mata atlantica;796;Cwa;51668;91,36;98,87;93,46
3549805;Transmissão Persistente;Transmissão Persistente;Se manteve;23,8;63,6;344,2;329,3;223;4,3;200,7;São José Do Rio Preto;35;SP;metropolitana;mata atlantica;528,77;Aw;475643;96,2;96,69;99,7
3549904;Epidêmico;Epidêmico;Se manteve;19,8;77,2;515,3;192;355;4,3;185,3;São José Dos Campos;35;SP;metropolitana;mata atlantica;737,63;Cfa;725419;94,6;99,1;99,66
3549953;Episódico;Episódico;Se manteve;19,1;83,1;622;153,3;358,7;4,3;147,3;São Lourenço Da Serra;35;SP;metropolitana;mata atlantica;802,73;Cfb;15992;75,33;93,63;94,55
3550001;Episódico/Epidêmico;Episódico;Melhorou;20,5;83,5;669,6;204;363,3;9;201,7;São Luiz Do Paraitinga;35;SP;nao metropolitana;mata atlantica;947,12;Cfb;10181;65,77;88,81;85,31
3550100;Episódico/Epidêmico;Episódico/Epidêmico;Se manteve;21,3;71,8;373,8;243,7;317,3;3;205,3;São Manuel;35;SP;nao metropolitana;cerrado;623,76;Cfa;39467;98,01;99,79;97,31
3550209;Episódico/Epidêmico;Episódico/Epidêmico;Se manteve;19,4;82,4;479;167,3;357,7;3;161;São Miguel Arcanjo;35;SP;nao metropolitana;mata atlantica;709,94;Cfa;32062;62,95;97,46;88,09
3550308;Transmissão Persistente;Transmissão Persistente;Se manteve;19,3;80;512,8;164,3;354,7;4,3;156;São Paulo;35;SP;metropolitana;mata atlantica;777,81;Cfb;12200180;93,54;99,46;99,79
3550407;Episódico/Epidêmico;Epidêmico;Piorou;22;69,7;342,9;265,7;299,7;3,7;211,7;São Pedro;35;SP;nao metropolitana;mata atlantica;590,2;Cfa;38991;86,5;98,52;97,27
3550506;Episódico/Epidêmico;Episódico/Epidêmico;Se manteve;22,1;68,8;394;272;288,3;5;205,7;São Pedro Do Turvo;35;SP;nao metropolitana;cerrado;520,87;Cfa;7155;73,06;97,6;74,64
3550605;Episódico/Epidêmico;Episódico/Epidêmico;Se manteve;19,8;76;405,9;185;341,7;3;170;São Roque;35;SP;nao metropolitana;mata atlantica;888,01;Cfb;85848;82,39;97,25;95,8
3550704;Epidêmico;Epidêmico;Se manteve;22,4;82,7;578,8;295,7;365,3;7,3;295,7;São Sebastião;35;SP;nao metropolitana;mata atlantica;303,63;Cfa;87939;83;74,21;99,66
3550803;Episódico/Epidêmico;Episódico/Epidêmico;Se manteve;19,6;71,6;505,9;192,7;306,3;4,7;159;São Sebastião Da Grama;35;SP;nao metropolitana;mata atlantica;1114,31;Cwb;10023;75,23;98,06;90,96
3550902;Episódico/Epidêmico;Episódico/Epidêmico;Se manteve;22,2;66,7;350,7;279,7;261,3;2,7;198;São Simão;35;SP;nao metropolitana;cerrado;677,01;Cwa;13374;95,1;96,86;93,29
3551009;Epidêmico;Epidêmico;Se manteve;20,9;83;760,7;221,7;364;12,7;219,7;São Vicente;35;SP;nao metropolitana;mata atlantica;202,61;Af;334632;91,79;99,32;99,66
3551108;Episódico/Epidêmico;Episódico;Melhorou;19,3;82;491,5;166,7;356;2,7;159;Sarapuí;35;SP;nao metropolitana;mata atlantica;631,52;Cfa;10334;64,03;97,63;89,83
3551207;Episódico;Episódico/Epidêmico;Piorou;21,2;74;396,5;238,3;336,3;4,7;211;Sarutaiá;35;SP;nao metropolitana;mata atlantica;777,56;Cfa;3713;93,11;96,51;95,9
3551306;Episódico/Epidêmico;Episódico/Epidêmico;Se manteve;24;62,3;318;334,7;207;3,3;190;Sebastianópolis Do Sul;35;SP;nao metropolitana;mata atlantica;467,71;Aw;3184;90,42;96,49;85,39
3551405;Episódico/Epidêmico;Epidêmico;Piorou;22,5;66;344,8;292,3;248,3;3,3;196,3;Serra Azul;35;SP;nao metropolitana;cerrado;621,81;Cwa;10429;89,59;94,87;95,92
3551504;Epidêmico;Episódico/Epidêmico;Melhorou;22,1;67,1;371,1;279,7;266;3,3;202,7;Serrana;35;SP;nao metropolitana;mata atlantica;607,68;Cwa;44495;98,95;99,74;99,77
3551603;Episódico/Epidêmico;Episódico/Epidêmico;Se manteve;21,2;69,4;409,3;245,3;299,7;6,3;198,3;Serra Negra;35;SP;nao metropolitana;mata atlantica;914,72;Cfb;29915;74,32;96,75;96,74
3551702;Epidêmico;Epidêmico;Se manteve;23;64,2;329,6;309,3;228,7;2,7;191,3;Sertãozinho;35;SP;nao metropolitana;mata atlantica;561;Cwa;127670;99,32;99,72;99,52
3551801;Episódico/Epidêmico;Episódico/Epidêmico;Se manteve;21,2;85,1;632,9;229;366;7,7;229;Sete Barras;35;SP;nao metropolitana;mata atlantica;174,84;Cfa;13694;75,67;89,17;90,31
3551900;Episódico/Epidêmico;Epidêmico;Piorou;23,6;63,2;329,3;326;215,7;2,7;194,3;Severínia;35;SP;nao metropolitana;mata atlantica;546,97;Aw;14020;96,52;99,81;96,56
3552007;Episódico/Epidêmico;Episódico;Melhorou;20;81,2;740,3;188,3;361;9,3;184;Silveiras;35;SP;nao metropolitana;mata atlantica;943,92;Cwb;6169;70,47;86,13;78,52
3552106;Episódico/Epidêmico;Episódico/Epidêmico;Se manteve;20,3;70,7;410,5;217,7;311,7;5,3;181;Socorro;35;SP;nao metropolitana;mata atlantica;943,95;Cfb;40323;65,1;93,23;93,02
3552205;Transmissão Persistente;Transmissão Persistente;Se manteve;20,9;71,2;354,4;230,7;320,7;2,7;199;Sorocaba;35;SP;metropolitana;mata atlantica;624,7;Cfa;738128;98,13;99,68;99,83
3552304;Episódico/Epidêmico;Epidêmico;Piorou;24,8;63,1;273,4;343,3;219;2,7;204,3;Sud Mennucci;35;SP;nao metropolitana;mata atlantica;365,71;Aw;6997;95,42;98,55;93,27
3552403;Epidêmico;Epidêmico;Se manteve;21,8;68,9;391;262,7;290,3;5,3;205;Sumaré;35;SP;nao metropolitana;mata atlantica;600,56;Cfa;294128;95,5;99,65;99,55
3552502;Episódico/Epidêmico;Epidêmico;Piorou;19,6;81,8;652;175,7;360;6,7;170,3;Suzano;35;SP;metropolitana;mata atlantica;791,47;Cfb;330710;90,1;98,95;98,8
3552551;Episódico/Epidêmico;Epidêmico;Piorou;24,8;63,1;273,4;343,3;219;2,7;204,3;Suzanápolis;35;SP;nao metropolitana;mata atlantica;362,31;Aw;3315;69,91;95,32;73,67
3552601;Episódico/Epidêmico;Epidêmico;Piorou;23,3;64;344,3;318,7;230,3;3;199,7;Tabapuã;35;SP;nao metropolitana;mata atlantica;523,44;Aw;11323;98,91;99,41;93,85
3552700;Episódico/Epidêmico;Episódico/Epidêmico;Se manteve;23,2;64,2;339;310,3;233;4,3;194,7;Tabatinga;35;SP;nao metropolitana;mata atlantica;527,92;Cwa;14585;89,39;98,98;91,94
3552809;Epidêmico;Episódico/Epidêmico;Melhorou;19,3;80;512,8;164,3;354,7;4,3;156;Taboão Da Serra;35;SP;metropolitana;mata atlantica;779,77;Cfb;283419;93,93;99,79;99,95
3552908;Episódico/Epidêmico;Episódico/Epidêmico;Se manteve;23,4;67,1;339;300;262,3;3,7;204;Taciba;35;SP;nao metropolitana;mata atlantica;401,67;Cfa;6243;87,16;97,67;84,73
3553005;Episódico/Epidêmico;Episódico/Epidêmico;Se manteve;21,2;73,7;380;236,7;335,3;4,7;209,7;Taguaí;35;SP;nao metropolitana;mata atlantica;583,31;Cfa;12637;88,76;97,65;95,38
3553104;Episódico/Epidêmico;Episódico/Epidêmico;Se manteve;22,8;65,7;368,6;302,3;249,3;4,3;206;Taiaçu;35;SP;nao metropolitana;mata atlantica;574,29;Cwa;5677;91,07;99,4;91,67
3553203;Episódico/Epidêmico;Episódico/Epidêmico;Se manteve;23,1;64,7;350;314,7;242;4,3;207,7;Taiúva;35;SP;nao metropolitana;cerrado;608,24;Cwa;6549;96,84;98,7;91,71
3553302;Episódico/Epidêmico;Episódico/Epidêmico;Se manteve;22;65,9;345,3;276;246,7;3;185;Tambaú;35;SP;nao metropolitana;mata atlantica;694,4;Cwa;21475;93,03;97,74;91,61
3553401;Epidêmico;Epidêmico;Se manteve;24;62,3;318;334,7;207;3,3;190;Tanabi;35;SP;nao metropolitana;mata atlantica;501,96;Aw;25370;82,81;99,13;90,47
3553500;Episódico;Episódico/Epidêmico;Piorou;20;84,9;636,2;189,3;363,3;3,7;187;Tapiraí;35;SP;nao metropolitana;mata atlantica;657,27;Cfa;7987;74,54;89,43;85
3553609;Episódico/Epidêmico;Episódico;Melhorou;20,5;71,1;465,7;228,7;303;2,3;186;Tapiratiba;35;SP;nao metropolitana;mata atlantica;853,09;Cwb;11730;87,73;93,81;93,26
3553658;Episódico/Epidêmico;Episódico/Epidêmico;Se manteve;23,1;64,7;350;314,7;242;4,3;207,7;Taquaral;35;SP;nao metropolitana;cerrado;614,34;Cwa;2620;95,4;100;95,87
3553708;Epidêmico;Epidêmico;Se manteve;22,8;65,2;358,4;301,7;240;4,3;196,3;Taquaritinga;35;SP;nao metropolitana;mata atlantica;558,56;Cwa;51833;94,65;99,7;96,02
3553807;Episódico/Epidêmico;Episódico/Epidêmico;Se manteve;21,1;72,9;362,8;234,3;332,3;3,7;204;Taquarituba;35;SP;nao metropolitana;mata atlantica;632;Cfa;24366;89,87;98,72;91,44
3553856;Episódico;Episódico/Epidêmico;Piorou;19,8;77,3;361,4;189;350,7;3,7;177,7;Taquarivaí;35;SP;nao metropolitana;cerrado;677,05;Cfa;7057;61,96;97,9;87,37
3553906;Episódico/Epidêmico;Epidêmico;Piorou;23,7;65,3;362,9;309;239,7;4;195;Tarabai;35;SP;nao metropolitana;mata atlantica;401,02;Cfa;6535;94,91;98,96;93,22
3553955;Episódico/Epidêmico;Episódico/Epidêmico;Se manteve;22,9;66,9;366,7;292;266,3;3,7;201,3;Tarumã;35;SP;nao metropolitana;mata atlantica;426,68;Cfa;14899;93,93;99,9;96,5
3554003;Epidêmico;Transmissão Persistente;Piorou;21;72,9;370,4;231;328;2,7;203,3;Tatuí;35;SP;nao metropolitana;mata atlantica;599,47;Cfa;122991;94,64;98,85;98,65
3554102;Epidêmico;Epidêmico;Se manteve;20;77;484,6;194,7;353,7;4;186;Taubaté;35;SP;nao metropolitana;mata atlantica;709,72;Cwa;311912;96,52;99,14;99,42
3554201;Episódico;Episódico;Se manteve;21,2;73,7;380;236,7;335,3;4,7;209,7;Tejupá;35;SP;nao metropolitana;mata atlantica;666,22;Cfa;4139;63,27;90,33;69,63
3554300;Episódico/Epidêmico;Epidêmico;Piorou;23,6;66,9;348,9;305;261,7;4;210;Teodoro Sampaio;35;SP;nao metropolitana;mata atlantica;359,4;Aw;22217;79,8;91,92;82,39
3554409;Episódico/Epidêmico;Episódico/Epidêmico;Se manteve;23,3;64,4;341,2;320,3;240;3,3;210;Terra Roxa;35;SP;nao metropolitana;mata atlantica;536,38;Aw;7903;95,07;99,03;97,11
3554508;Episódico/Epidêmico;Epidêmico;Piorou;21,7;70,2;351,1;253,7;306,7;3;208;Tietê;35;SP;nao metropolitana;mata atlantica;523,59;Cfa;38336;91,22;98,75;96,49
3554607;Episódico;Episódico/Epidêmico;Piorou;21,2;73,7;380;236,7;335,3;4,7;209,7;Timburi;35;SP;nao metropolitana;mata atlantica;654,01;Cfa;2434;78,68;96,46;90,77
3554656;Episódico;Episódico;Se manteve;21,3;71,7;368,8;239,3;320;3;204,3;Torre De Pedra;35;SP;nao metropolitana;cerrado;632,4;Cfa;2044;66,63;93,88;98,85
3554706;Episódico/Epidêmico;Episódico/Epidêmico;Se manteve;21,6;69,9;398;257;299,7;4,3;208;Torrinha;35;SP;nao metropolitana;mata atlantica;759,69;Cfb;9303;91,44;99,18;92,7
3554755;Episódico/Epidêmico;Episódico/Epidêmico;Se manteve;22,4;66,4;339,9;286,3;268;4;207;Trabiju;35;SP;nao metropolitana;cerrado;536,88;Cwa;1729;92,02;96,77;92,25
3554805;Epidêmico;Epidêmico;Se manteve;19,9;77,6;467,1;193;356;5,3;186;Tremembé;35;SP;nao metropolitana;mata atlantica;611,92;Cfa;51489;87,64;98,61;95,69
3554904;Episódico/Epidêmico;Episódico/Epidêmico;Se manteve;24,9;62,8;284,3;344,7;214;2,7;201,7;Três Fronteiras;35;SP;nao metropolitana;mata atlantica;376,78;Aw;6802;83,88;98,56;87,2
3554953;Episódico;Episódico;Se manteve;20,7;71,4;425,5;226,7;320;5,3;194,3;Tuiuti;35;SP;nao metropolitana;mata atlantica;842,66;Cfb;6831;38,96;94,66;95,98
3555000;Epidêmico;Epidêmico;Se manteve;23,3;64,1;322,2;311,7;233,7;3;193,3;Tupã;35;SP;nao metropolitana;mata atlantica;448,17;Cfa;63551;97,44;99,51;96,09
3555109;Episódico/Epidêmico;Epidêmico;Piorou;24,4;62,1;326,5;327,7;209;3,7;185;Tupi Paulista;35;SP;nao metropolitana;mata atlantica;358,28;Aw;15839;87,14;96,67;87,36
3555208;Episódico/Epidêmico;Episódico/Epidêmico;Se manteve;24,1;64,4;295,8;330,7;238;2,7;211,7;Turiúba;35;SP;nao metropolitana;mata atlantica;416,15;Aw;1798;83,36;99,29;88,77
3555307;Episódico/Epidêmico;Episódico/Epidêmico;Se manteve;24,7;61,9;287,2;343,7;204,3;2,3;192,3;Turmalina;35;SP;nao metropolitana;mata atlantica;453,67;Aw;1689;75,07;99,3;75,35
3555356;Episódico/Epidêmico;Episódico/Epidêmico;Se manteve;23,9;64,1;325,7;329;233,3;3,7;207,7;Ubarana;35;SP;nao metropolitana;mata atlantica;406,4;Aw;5365;89,08;99,63;94,82
3555406;Epidêmico;Epidêmico;Se manteve;23;82,5;435,8;332,7;363;6,3;331,7;Ubatuba;35;SP;nao metropolitana;mata atlantica;328,83;Cfa;97382;62,79;75,4;99,62
3555505;Episódico;Episódico;Se manteve;22,4;68;392,1;281,7;280;4,7;206,3;Ubirajara;35;SP;nao metropolitana;cerrado;535,97;Cfa;5124;72,43;95,35;81,46
3555604;Episódico/Epidêmico;Epidêmico;Piorou;23,7;62,9;328,8;328,7;212;3,7;191,3;Uchoa;35;SP;nao metropolitana;mata atlantica;519,49;Aw;10067;98,81;99,68;93,44
3555703;Episódico/Epidêmico;Episódico/Epidêmico;Se manteve;24;63;311,6;332,3;218,7;3,3;197;União Paulista;35;SP;nao metropolitana;mata atlantica;458,45;Aw;1535;79,97;97,05;81,54
3555802;Epidêmico;Epidêmico;Se manteve;24,7;61,9;287,2;343,7;204,3;2,3;192,3;Urânia;35;SP;nao metropolitana;mata atlantica;431,98;Aw;8840;89,95;99,54;86,25
3555901;Episódico;Episódico/Epidêmico;Piorou;23,3;65,1;311,7;308;252,7;4,3;208,7;Uru;35;SP;nao metropolitana;mata atlantica;455,01;Cwa;1387;91,32;98,18;93,15
3556008;Episódico/Epidêmico;Episódico/Epidêmico;Se manteve;23,7;63,7;326,1;323;228,3;3,7;199,3;Urupês;35;SP;nao metropolitana;mata atlantica;459,36;Aw;13540;91,28;99,81;92,71
3556107;Episódico/Epidêmico;Episódico/Epidêmico;Se manteve;24;62,3;318;334,7;207;3,3;190;Valentim Gentil;35;SP;nao metropolitana;mata atlantica;459,5;Aw;14132;92,65;99,81;93,87
3556206;Epidêmico;Epidêmico;Se manteve;20,7;71,4;425,5;226,7;320;5,3;194,3;Valinhos;35;SP;nao metropolitana;mata atlantica;757,51;Cfa;132846;95,04;99,15;99,47
3556305;Episódico/Epidêmico;Epidêmico;Piorou;24,1;62,7;305,8;326,3;213;3,3;188;Valparaíso;35;SP;nao metropolitana;mata atlantica;385,3;Aw;23775;93,99;99,46;95,45
3556354;Episódico;Episódico;Se manteve;18,8;75,9;507,1;153,3;341,3;5;139,7;Vargem;35;SP;nao metropolitana;mata atlantica;916,94;Cfb;9948;42,54;94,7;98,77
3556404;Episódico/Epidêmico;Episódico/Epidêmico;Se manteve;22;65,9;345,3;276;246,7;3;185;Vargem Grande Do Sul;35;SP;nao metropolitana;mata atlantica;775,5;Cwa;39539;95,05;99,35;96,43
3556453;Episódico/Epidêmico;Episódico/Epidêmico;Se manteve;19,3;78,3;471,9;165,7;348,7;3,3;154,7;Vargem Grande Paulista;35;SP;metropolitana;mata atlantica;909,02;Cfb;53777;84,38;99,54;99,47
3556503;Epidêmico;Epidêmico;Se manteve;19,5;78,2;459,8;178,3;354;5;168,7;Várzea Paulista;35;SP;nao metropolitana;mata atlantica;786,76;Cfb;125054;93,14;99,53;99,91
3556602;Episódico/Epidêmico;Epidêmico;Piorou;22,3;68,2;383,3;278,7;283;4,3;210;Vera Cruz;35;SP;nao metropolitana;mata atlantica;553,09;Cfa;10194;88,33;96,88;88,46
3556701;Epidêmico;Epidêmico;Se manteve;20,9;71,7;395,5;229;324;5;200;Vinhedo;35;SP;nao metropolitana;mata atlantica;731,8;Cfa;82029;95,32;99,44;99,5
3556800;Episódico/Epidêmico;Epidêmico;Piorou;23,3;64,4;341,2;320,3;240;3,3;210;Viradouro;35;SP;nao metropolitana;mata atlantica;551,08;Cwa;17413;97,94;99,87;97,58
3556909;Episódico/Epidêmico;Episódico/Epidêmico;Se manteve;23,1;64,7;350;314,7;242;4,3;207,7;Vista Alegre Do Alto;35;SP;nao metropolitana;mata atlantica;570,51;Cwa;8108;93,09;99,23;94,05
3556958;Episódico/Epidêmico;Episódico/Epidêmico;Se manteve;24,5;62,6;303,4;341,3;211;2,3;197;Vitória Brasil;35;SP;nao metropolitana;mata atlantica;480,3;Aw;1796;81,55;99,64;83,69
3557006;Epidêmico;Epidêmico;Se manteve;20,2;75,3;361;204,7;339,3;2,3;186,3;Votorantim;35;SP;nao metropolitana;mata atlantica;774,33;Cfb;137319;96,35;99,05;99,47
3557105;Epidêmico;Epidêmico;Se manteve;24,2;61,9;316,4;338,3;202;4,3;187,3;Votuporanga;35;SP;nao metropolitana;mata atlantica;464,51;Aw;96795;97,08;99,84;97,78
3557154;Episódico/Epidêmico;Episódico/Epidêmico;Se manteve;24,2;64,6;282,4;331,7;238;2,7;213;Zacarias;35;SP;nao metropolitana;mata atlantica;387,75;Aw;2680;83,1;98,74;83,48
3557204;Episódico/Epidêmico;Episódico/Epidêmico;Se manteve;22;70,1;379,5;265,3;298;4,7;206;Chavantes;35;SP;nao metropolitana;mata atlantica;488,56;Cfa;12090;92,15;99,27;97,38
3557303;Episódico/Epidêmico;Episódico/Epidêmico;Se manteve;21,7;68,4;395,2;261,3;286,3;5,3;203,3;Estiva Gerbi;35;SP;nao metropolitana;mata atlantica;650,85;Cwa;11394;88,8;98,14;95,77
4100103;Episódico/Epidêmico;Episódico/Epidêmico;Se manteve;21,6;71;386,7;250;301,3;4,7;194,7;Abatiá;41;PR;nao metropolitana;mata atlantica;564,89;Cfa;7321;31,2;93,73;75,43
4100202;Episódico;Episódico;Se manteve;18,7;84,5;537,3;146;364,7;3,3;145,3;Adrianópolis;41;PR;metropolitana;mata atlantica;593,09;Cfa;8556;37,64;60,74;63,68
4100301;Sem transmissão;Sem transmissão;Se manteve;18;84,7;795,3;120,7;362,3;14;119;Agudos Do Sul;41;PR;metropolitana;mata atlantica;886,33;Cfb;10092;15,12;91,16;61,31
4100400;Episódico/Epidêmico;Episódico/Epidêmico;Se manteve;17,5;83;503,4;107,7;362,3;4,3;105,3;Almirante Tamandaré;41;PR;metropolitana;mata atlantica;1004,12;Cfb;122032;65,82;98,24;98,52
4100459;Episódico/Epidêmico;Episódico/Epidêmico;Se manteve;20,4;74;493,5;218,3;316,7;9,3;177;Altamira Do Paraná;41;PR;nao metropolitana;mata atlantica;464,72;Cfa;3435;2,1;93,62;52,32
4100509;Episódico/Epidêmico;Epidêmico;Piorou;23,1;69,6;431,4;286,3;279,3;8,7;206;Altônia;41;PR;nao metropolitana;mata atlantica;285,81;Cfa;18735;18,38;89,89;77,99
4100608;Episódico/Epidêmico;Epidêmico;Piorou;22,5;68,2;413,1;280,3;266,7;6,7;195,3;Alto Paraná;41;PR;nao metropolitana;mata atlantica;447,18;Cfa;13897;59,91;95,87;84,77
4100707;Episódico/Epidêmico;Episódico/Epidêmico;Se manteve;22,7;69,2;461,6;279;274;11,7;194,7;Alto Piquiri;41;PR;nao metropolitana;mata atlantica;367,56;Cfa;9646;29,72;97,32;86,04
4100806;Epidêmico;Episódico/Epidêmico;Melhorou;22,9;68;363;293;270,3;3,7;207,3;Alvorada Do Sul;41;PR;nao metropolitana;mata atlantica;391,97;Cfa;11672;5,01;90,55;80,6
4100905;Episódico/Epidêmico;Episódico/Epidêmico;Se manteve;23,1;67,6;428,2;291,7;264,3;8;203,3;Amaporã;41;PR;nao metropolitana;mata atlantica;343,52;Cfa;4765;20,15;85,94;83,62
4101002;Episódico/Epidêmico;Epidêmico;Piorou;20,3;72,8;510,5;216,7;309,3;9,7;169;Ampére;41;PR;nao metropolitana;mata atlantica;499,9;Cfa;19506;58,62;95,24;82,06
4101051;Episódico/Epidêmico;Epidêmico;Piorou;21;72,9;490,7;239,3;309,7;10,7;192,3;Anahy;41;PR;nao metropolitana;mata atlantica;445,26;Cfa;3107;28,46;95,41;75,9
4101101;Episódico/Epidêmico;Epidêmico;Piorou;22,5;68,1;367,3;282,7;277,3;3,3;203;Andirá;41;PR;nao metropolitana;mata atlantica;423,15;Cfa;20234;58,12;99,33;95,75
4101150;Episódico/Epidêmico;Episódico/Epidêmico;Se manteve;22,6;66,9;376,6;287;254,7;5,7;191;Ângulo;41;PR;nao metropolitana;mata atlantica;446,03;Cfa;3447;1,84;94,15;88,96
4101200;Episódico/Epidêmico;Episódico/Epidêmico;Se manteve;20,2;84;819,1;195;364;13,3;195;Antonina;41;PR;nao metropolitana;mata atlantica;250,08;Cfa;17261;74,84;93,24;93,21
4101309;Episódico;Episódico;Se manteve;17,8;79,7;521,1;123;361,7;6,3;121,3;Antônio Olinto;41;PR;nao metropolitana;mata atlantica;827,04;Cfb;6520;15,97;83,78;32,81
4101408;Epidêmico;Epidêmico;Se manteve;21,4;71,6;474,8;256,7;299;8;199,7;Apucarana;41;PR;nao metropolitana;mata atlantica;682,42;Cfa;135969;42,82;98,58;96,14
4101507;Epidêmico;Epidêmico;Se manteve;21,3;71,7;470,8;250;301;7,7;195,7;Arapongas;41;PR;nao metropolitana;mata atlantica;703,81;Cfa;118573;58,74;99,08;97,41
4101606;Episódico/Epidêmico;Episódico/Epidêmico;Se manteve;17,9;80;524,6;123;351,7;4;113,7;Arapoti;41;PR;nao metropolitana;mata atlantica;770,74;Cfb;25541;39,2;97,8;84,98
4101655;Episódico/Epidêmico;Episódico/Epidêmico;Se manteve;20,4;73,5;486,3;216;320,7;8,7;178,3;Arapuã;41;PR;nao metropolitana;mata atlantica;633,43;Cfa;3537;8,65;81,84;54,59
4101705;Episódico/Epidêmico;Episódico/Epidêmico;Se manteve;20,8;73;522,4;234;310,7;11;188,7;Araruna;41;PR;nao metropolitana;mata atlantica;547,58;Cfa;14520;18,89;98,12;80,31
4101804;Episódico/Epidêmico;Episódico/Epidêmico;Se manteve;17,5;81,2;525,3;109,7;361;5,7;107;Araucária;41;PR;metropolitana;mata atlantica;907,87;Cfb;166699;83,61;99,18;98,34
4101853;Episódico;Episódico/Epidêmico;Piorou;19,1;78,3;500,1;172;355;8;163;Ariranha Do Ivaí;41;PR;nao metropolitana;mata atlantica;591,49;Cfa;2340;3,61;88,41;42,59
4101903;Epidêmico;Epidêmico;Se manteve;22;68,6;353,9;267,3;272;5;185,3;Assaí;41;PR;nao metropolitana;mata atlantica;518,23;Cfa;17628;53,02;96,62;84,53
4102000;Epidêmico;Epidêmico;Se manteve;21,1;72,7;506,5;241,3;304,3;12,3;189;Assis Chateaubriand;41;PR;nao metropolitana;mata atlantica;388,31;Cfa;36400;45,96;98,75;87,08
4102109;Episódico/Epidêmico;Epidêmico;Piorou;22,3;68;387,4;281,3;265,3;4,7;195;Astorga;41;PR;nao metropolitana;mata atlantica;551,97;Cfa;25477;61,22;97,26;92,23
4102208;Episódico/Epidêmico;Episódico/Epidêmico;Se manteve;22,2;68,7;410,9;273,3;270,7;5,7;192,3;Atalaia;41;PR;nao metropolitana;mata atlantica;454,99;Cfa;3978;1,08;90,61;92,76
4102307;Episódico;Episódico;Se manteve;17,7;79,6;517,2;120,7;360,3;7;117,7;Balsa Nova;41;PR;metropolitana;mata atlantica;956,83;Cfb;14608;79,74;97,79;93,25
4102406;Epidêmico;Epidêmico;Se manteve;22,5;68,1;367,3;282,7;277,3;3,3;203;Bandeirantes;41;PR;nao metropolitana;mata atlantica;462,06;Cfa;31309;87,22;96,07;89,78
4102505;Epidêmico;Epidêmico;Se manteve;21,2;72,3;473;240;309,3;10;191,7;Barbosa Ferraz;41;PR;nao metropolitana;mata atlantica;438,93;Cfa;10766;37,32;94,62;78,24
4102604;Episódico/Epidêmico;Episódico/Epidêmico;Se manteve;19,8;74,5;542,8;203,7;311,7;10;157;Barracão;41;PR;nao metropolitana;mata atlantica;705,08;Cfa;9886;53,69;92,29;73,08
4102703;Episódico/Epidêmico;Episódico/Epidêmico;Se manteve;22,5;68,1;367,3;282,7;277,3;3,3;203;Barra Do Jacaré;41;PR;nao metropolitana;mata atlantica;463,02;Cfa;3022;24,77;79,15;73,05
4102752;Episódico;Episódico/Epidêmico;Piorou;20,8;72;498,9;225;299;9,3;168,7;Bela Vista Da Caroba;41;PR;nao metropolitana;mata atlantica;464,27;Cfa;3416;2,17;88,84;32,04
4102802;Epidêmico;Epidêmico;Se manteve;23,2;67,9;338,9;296;272;3,7;210,3;Bela Vista Do Paraíso;41;PR;nao metropolitana;mata atlantica;483,33;Cfa;14789;43,26;98,74;95,37
4102901;Episódico;Episódico/Epidêmico;Piorou;16,2;80,8;510,2;62,7;359,7;7;61,7;Bituruna;41;PR;nao metropolitana;mata atlantica;990,12;Cfb;15443;62,88;89,48;67,53
4103008;Episódico/Epidêmico;Episódico/Epidêmico;Se manteve;20,7;72,9;527,2;232,7;306,3;9,3;183;Boa Esperança;41;PR;nao metropolitana;mata atlantica;588,17;Cfa;4552;0,66;98,49;79,53
4103024;Episódico;Episódico;Se manteve;20,6;73,9;527,4;223,3;325,7;9,3;187,7;Boa Esperança Do Iguaçu;41;PR;nao metropolitana;mata atlantica;449,18;Cfa;2411;1,2;80,02;67,83
4103040;Episódico;Episódico;Se manteve;18,2;77,6;549,4;134,7;341,7;9,7;119,7;Boa Ventura De São Roque;41;PR;nao metropolitana;mata atlantica;894,77;Cfb;6347;1,35;78,4;34,58
4103057;Episódico/Epidêmico;Episódico/Epidêmico;Se manteve;20,9;73,5;543,3;236;312,7;10,3;189,7;Boa Vista Da Aparecida;41;PR;nao metropolitana;mata atlantica;401,54;Cfa;7876;13,65;94,8;67,33
4103107;Episódico;Episódico;Se manteve;18,8;84,6;759,8;142,3;363;10,7;141;Bocaiúva Do Sul;41;PR;metropolitana;mata atlantica;875,11;Cfb;16292;60,42;83,88;77,12
4103156;Episódico;Episódico/Epidêmico;Piorou;19,2;74,2;513,3;183;315;9;143;Bom Jesus Do Sul;41;PR;nao metropolitana;mata atlantica;579,33;Cfa;3942;7,05;95,72;68,51
4103206;Episódico/Epidêmico;Epidêmico;Piorou;21,5;71,3;453,4;255,3;296,7;7,7;195,7;Bom Sucesso;41;PR;nao metropolitana;mata atlantica;483,04;Cfa;6583;22,18;94,63;90,85
4103222;Episódico;Episódico;Se manteve;19;74,3;512,9;172,7;317,7;8;136,7;Bom Sucesso Do Sul;41;PR;nao metropolitana;mata atlantica;640,18;Cfa;3540;58,48;85,87;50,88
4103305;Episódico/Epidêmico;Episódico/Epidêmico;Se manteve;20,3;74,9;474,1;211,7;333;8;184;Borrazópolis;41;PR;nao metropolitana;mata atlantica;484,18;Cfa;7706;13,11;96,44;77,65
4103354;Episódico/Epidêmico;Episódico/Epidêmico;Se manteve;20,3;74,3;524,4;217,7;320;10,7;181;Braganey;41;PR;nao metropolitana;mata atlantica;558,85;Cfa;5212;4,62;93,87;72,15
4103370;Episódico/Epidêmico;Episódico/Epidêmico;Se manteve;21,9;71;493,4;265,7;289,3;11;197,3;Brasilândia Do Sul;41;PR;nao metropolitana;mata atlantica;320,73;Cfa;3703;1,12;97,38;86,6
4103404;Episódico/Epidêmico;Epidêmico;Piorou;23,3;65,9;346,8;297,7;244,7;5,3;189,7;Cafeara;41;PR;nao metropolitana;mata atlantica;428,68;Cfa;2620;2,35;98,95;87,24
4103453;Episódico/Epidêmico;Epidêmico;Piorou;21,1;72,7;506,5;241,3;304,3;12,3;189;Cafelândia;41;PR;nao metropolitana;mata atlantica;577,63;Cfa;18262;64,78;97,74;87,79
4103479;Episódico/Epidêmico;Epidêmico;Piorou;22,4;69,5;478,2;277,3;277;11;195,3;Cafezal Do Sul;41;PR;nao metropolitana;mata atlantica;331,84;Cfa;4474;1,44;95,12;79,52
4103503;Episódico/Epidêmico;Episódico/Epidêmico;Se manteve;19,7;76,6;523,6;193;336,7;7,7;169,3;Califórnia;41;PR;nao metropolitana;mata atlantica;688,71;Cfa;9438;1,56;96,14;82,96
4103602;Episódico/Epidêmico;Epidêmico;Piorou;22,4;68,5;360,2;280;285,3;4;207;Cambará;41;PR;nao metropolitana;mata atlantica;451,11;Cfa;23956;95,03;98,67;93,35
4103701;Epidêmico;Epidêmico;Se manteve;21,3;71,7;470,8;250;301;7,7;195,7;Cambé;41;PR;nao metropolitana;mata atlantica;535,5;Cfa;107220;78,38;99,27;97,23
4103800;Episódico/Epidêmico;Episódico/Epidêmico;Se manteve;21,4;71,6;474,8;256,7;299;8;199,7;Cambira;41;PR;nao metropolitana;mata atlantica;650,07;Cfa;10482;12,67;95,4;81,09
4103909;Episódico/Epidêmico;Epidêmico;Piorou;21,1;72,2;454,3;241;302,7;8,3;186,3;Campina Da Lagoa;41;PR;nao metropolitana;mata atlantica;484,98;Cfa;15737;3,03;96,69;67,99
4103958;Episódico;Episódico;Se manteve;18;77,1;531,3;122,3;340,3;7,3;108;Campina Do Simão;41;PR;nao metropolitana;mata atlantica;1034,33;Cfb;3937;2,15;82,86;40,96
4104006;Episódico/Epidêmico;Episódico/Epidêmico;Se manteve;17,7;84,2;616,5;111,7;362,3;7,3;109,3;Campina Grande Do Sul;41;PR;metropolitana;mata atlantica;855,61;Cfb;52083;86,36;89,87;95,52
4104055;Episódico;Episódico/Epidêmico;Piorou;20;74,7;574,1;215,3;322;10,3;181;Campo Bonito;41;PR;nao metropolitana;mata atlantica;634,12;Cfa;4266;30,03;91,46;57,7
4104105;Sem transmissão;Episódico;Piorou;17,6;80,6;508,4;114,7;362;6,3;113;Campo Do Tenente;41;PR;metropolitana;mata atlantica;842,78;Cfb;7583;59,92;96,04;83,48
4104204;Episódico/Epidêmico;Episódico/Epidêmico;Se manteve;17,2;83,2;524,2;100;362,3;5;97,7;Campo Largo;41;PR;metropolitana;mata atlantica;847,91;Cfb;144165;64,85;97,44;93,51
4104253;Episódico;Episódico/Epidêmico;Piorou;17,6;81,7;518,6;114,3;362;4,7;112;Campo Magro;41;PR;metropolitana;mata atlantica;873,62;Cfb;31678;60,32;95,25;93,97
4104303;Epidêmico;Epidêmico;Se manteve;21,1;71,5;511,3;242,7;296;11,7;184,3;Campo Mourão;41;PR;nao metropolitana;mata atlantica;615,81;Cfa;99170;75,94;98,42;96,74
4104402;Episódico;Episódico/Epidêmico;Piorou;19,1;78,3;500,1;172;355;8;163;Cândido De Abreu;41;PR;nao metropolitana;mata atlantica;678,15;Cfa;16727;20,18;89,74;36,53
4104428;Episódico;Episódico;Se manteve;18,9;75,4;541,7;168,3;339;11;149,7;Candói;41;PR;nao metropolitana;mata atlantica;810,07;Cfb;14922;21,89;90,74;53,86
4104451;Episódico;Episódico/Epidêmico;Piorou;18,9;75,4;535;164,7;335;9;144,3;Cantagalo;41;PR;nao metropolitana;mata atlantica;819,54;Cfb;10589;32,14;95,63;71,48
4104501;Episódico/Epidêmico;Epidêmico;Piorou;20,8;72;498,9;225;299;9,3;168,7;Capanema;41;PR;nao metropolitana;mata atlantica;299,11;Cfa;19205;30,6;95,48;72,83
4104600;Episódico/Epidêmico;Episódico/Epidêmico;Se manteve;21;72,8;511,4;234,3;314;9,7;189,3;Capitão Leônidas Marques;41;PR;nao metropolitana;mata atlantica;331,31;Cfa;14644;5,34;87,74;91,4
4104659;Episódico;Episódico/Epidêmico;Piorou;17,9;80,4;527,6;124,7;360,7;7;121,3;Carambeí;41;PR;nao metropolitana;mata atlantica;974,04;Cfb;23386;66,98;94,3;91,22
4104709;Episódico/Epidêmico;Episódico/Epidêmico;Se manteve;21,2;74;396,5;238,3;336,3;4,7;211;Carlópolis;41;PR;nao metropolitana;mata atlantica;532,18;Cfa;16908;67;95,05;77,54
4104808;Epidêmico;Transmissão Persistente;Piorou;20,5;73,2;517,5;225,3;305,3;10,3;177,7;Cascavel;41;PR;metropolitana;mata atlantica;660,87;Cfa;350644;61,65;98,57;95,96
4104907;Episódico;Episódico/Epidêmico;Piorou;17,8;79,2;491,6;120,7;355,7;4,7;114,7;Castro;41;PR;nao metropolitana;mata atlantica;950,27;Cfb;75956;64,1;89,35;78,62
4105003;Episódico/Epidêmico;Episódico/Epidêmico;Se manteve;20;74,7;574,1;215,3;322;10,3;181;Catanduvas;41;PR;nao metropolitana;mata atlantica;631,29;Cfa;11246;6,12;85,56;62,22
4105102;Epidêmico;Epidêmico;Se manteve;23;66,7;355,3;295,3;255;4,3;196,3;Centenário Do Sul;41;PR;nao metropolitana;mata atlantica;429,79;Cfa;10836;7,2;96,04;89,29
4105201;Episódico;Episódico;Se manteve;19;74,3;512,9;172,7;317,7;8;136,7;Cerro Azul;41;PR;metropolitana;mata atlantica;655,92;Cfa;16145;50,72;73,37;46,54
4105300;Episódico/Epidêmico;Epidêmico;Piorou;21,2;73,4;545,1;244;309;11,3;191,7;Céu Azul;41;PR;nao metropolitana;mata atlantica;486,68;Cfa;11081;49,43;94,38;81,78
4105409;Episódico/Epidêmico;Episódico/Epidêmico;Se manteve;19,6;74,6;515,7;191;327,7;9;162;Chopinzinho;41;PR;nao metropolitana;mata atlantica;697,03;Cfa;21646;38,78;92,55;66,72
4105508;Epidêmico;Epidêmico;Se manteve;21,7;71,4;477,1;255;300;9,3;199,7;Cianorte;41;PR;nao metropolitana;mata atlantica;486,91;Cfa;82232;53,17;98,07;93,16
4105607;Episódico/Epidêmico;Episódico/Epidêmico;Se manteve;23;67,6;405,1;288;261,7;7,3;197;Cidade Gaúcha;41;PR;nao metropolitana;mata atlantica;359,67;Cfa;11467;66,66;98,3;91,87
4105706;Episódico;Episódico;Se manteve;17,2;76,9;598,2;98;340,7;9,7;85,3;Clevelândia;41;PR;nao metropolitana;mata atlantica;894,41;Cfb;17321;66,09;97,77;85,55
4105805;Episódico/Epidêmico;Episódico/Epidêmico;Se manteve;17,5;83;503,4;107,7;362,3;4,3;105,3;Colombo;41;PR;metropolitana;mata atlantica;970,05;Cfb;238780;81,75;98,97;99,4
4105904;Episódico/Epidêmico;Epidêmico;Piorou;23,3;66,2;354,5;298,7;250,7;5,7;196,3;Colorado;41;PR;nao metropolitana;mata atlantica;388,16;Cfa;22902;63,66;99,24;93,72
4106001;Episódico/Epidêmico;Episódico/Epidêmico;Se manteve;20,3;73,9;422,6;213,7;318;5;176,3;Congonhinhas;41;PR;nao metropolitana;mata atlantica;688,63;Cfa;8336;7,37;79,25;66,6
4106100;Episódico;Episódico/Epidêmico;Piorou;20,7;73,1;387,9;226,3;318;5;185,3;Conselheiro Mairinck;41;PR;nao metropolitana;mata atlantica;505,8;Cfa;4354;69,52;91,46;81,24
4106209;Episódico;Episódico;Se manteve;17,2;82,7;551,9;102,3;362;7;100;Contenda;41;PR;metropolitana;mata atlantica;900,88;Cfb;17435;31,55;97,6;75,44
4106308;Episódico/Epidêmico;Epidêmico;Piorou;20,5;73,2;517,5;225,3;305,3;10,3;177,7;Corbélia;41;PR;nao metropolitana;mata atlantica;567,46;Cfa;17466;47,51;97,84;87,42
4106407;Epidêmico;Epidêmico;Se manteve;22,7;67,5;362,7;286,7;267,3;5,3;198;Cornélio Procópio;41;PR;nao metropolitana;mata atlantica;516,89;Cfa;44599;90,18;99,55;95,25
4106456;Episódico;Episódico;Se manteve;16,4;79,6;566,8;63,7;353,3;10;59,7;Coronel Domingos Soares;41;PR;nao metropolitana;mata atlantica;1002,84;Cfb;7007;26,56;91,09;39,17
4106506;Episódico/Epidêmico;Episódico/Epidêmico;Se manteve;18,2;76,2;559;139,7;336;9,3;121,7;Coronel Vivida;41;PR;nao metropolitana;mata atlantica;684,04;Cfa;26413;39,95;94,33;76,03
4106555;Episódico/Epidêmico;Episódico/Epidêmico;Se manteve;21,2;72,3;473;240;309,3;10;191,7;Corumbataí Do Sul;41;PR;nao metropolitana;mata atlantica;570,85;Cfa;3752;41,3;78,47;61,53
4106571;Episódico;Episódico/Epidêmico;Piorou;21;72,8;511,4;234,3;314;9,7;189,3;Cruzeiro Do Iguaçu;41;PR;nao metropolitana;mata atlantica;438,86;Cfa;4137;3;91,87;67,23
4106605;Episódico/Epidêmico;Epidêmico;Piorou;22,4;68,5;475,7;278,3;266;11;190,7;Cruzeiro Do Oeste;41;PR;nao metropolitana;mata atlantica;403,04;Cfa;23852;50,24;96,73;87,08
4106704;Episódico/Epidêmico;Episódico/Epidêmico;Se manteve;23,3;66,2;354,5;298,7;250,7;5,7;196,3;Cruzeiro Do Sul;41;PR;nao metropolitana;mata atlantica;424,65;Cfa;4495;1,05;93,53;77,48
4106803;Episódico;Episódico;Se manteve;16,9;80,3;454,9;90;361,7;7,7;88,3;Cruz Machado;41;PR;nao metropolitana;mata atlantica;985,03;Cfb;15993;41,2;80,39;40,97
4106852;Episódico;Episódico/Epidêmico;Piorou;21,2;72;435,3;242,3;308,7;7,7;193;Cruzmaltina;41;PR;nao metropolitana;mata atlantica;571,61;Cfa;3150;39,88;79,78;61,06
4106902;Epidêmico;Epidêmico;Se manteve;17,6;84,5;635,1;107,3;363,3;7,7;106;Curitiba;41;PR;metropolitana;mata atlantica;914,7;Cfb;1871789;96,8;99,87;99,91
4107009;Episódico;Episódico;Se manteve;19,2;78,3;464,8;175,3;353,7;6,3;164;Curiúva;41;PR;nao metropolitana;mata atlantica;723,9;Cfa;13272;4,16;90,19;76,2
4107108;Episódico/Epidêmico;Epidêmico;Piorou;23,2;67,6;396,2;295;265,7;6;207;Diamante Do Norte;41;PR;nao metropolitana;mata atlantica;327,05;Aw;5151;15,01;91,94;85,97
4107124;Episódico;Episódico/Epidêmico;Piorou;19,8;75,7;582,4;202;329,3;10,7;172,7;Diamante Do Sul;41;PR;nao metropolitana;mata atlantica;590,7;Cfa;3173;2,9;88,5;39,06
4107157;Episódico/Epidêmico;Episódico/Epidêmico;Se manteve;21,4;71,2;544,5;251;285;12;177,7;Diamante D'oeste;41;PR;nao metropolitana;mata atlantica;368,79;Cfa;5106;7,8;87,95;65,82
4107207;Episódico/Epidêmico;Episódico/Epidêmico;Se manteve;19,8;74;501,8;198,7;318,3;9,7;160;Dois Vizinhos;41;PR;nao metropolitana;mata atlantica;533,45;Cfa;44828;46,87;93,67;84,35
4107256;Episódico/Epidêmico;Episódico/Epidêmico;Se manteve;22,7;68;444,1;284;261,3;9;192,7;Douradina;41;PR;nao metropolitana;mata atlantica;325,89;Cfa;9168;53,1;93,51;86,81
4107306;Episódico/Epidêmico;Episódico/Epidêmico;Se manteve;22,3;70;430,6;275,7;283,3;8;203,7;Doutor Camargo;41;PR;nao metropolitana;mata atlantica;344,78;Cfa;6290;56,48;96,43;89,43
4107405;Episódico;Episódico/Epidêmico;Piorou;20;73,8;511,9;206,7;318;9,7;166,7;Enéas Marques;41;PR;nao metropolitana;mata atlantica;644,38;Cfa;5995;3,36;84,3;72,83
4107504;Episódico/Epidêmico;Epidêmico;Piorou;21,7;71,4;477,1;255;300;9,3;199,7;Engenheiro Beltrão;41;PR;nao metropolitana;mata atlantica;390,78;Cfa;12444;20,15;91,99;90,62
4107520;Episódico/Epidêmico;Episódico/Epidêmico;Se manteve;22,8;68,7;461,2;283;271;10,7;196;Esperança Nova;41;PR;nao metropolitana;mata atlantica;335,21;Cfa;1845;10,15;87,57;70,76
4107538;Episódico/Epidêmico;Episódico/Epidêmico;Se manteve;22,6;70,2;441,7;274,3;280,3;9,3;196,3;Entre Rios Do Oeste;41;PR;nao metropolitana;mata atlantica;253,95;Cfa;4511;15,12;99,92;78,84
4107546;Episódico;Episódico/Epidêmico;Piorou;19,7;75,7;569,5;197;339,7;11;175,3;Espigão Alto Do Iguaçu;41;PR;nao metropolitana;mata atlantica;638,26;Cfa;5915;10,38;81,77;46,68
4107553;Episódico/Epidêmico;Episódico;Melhorou;21,1;71,5;511,3;242,7;296;11,7;184,3;Farol;41;PR;nao metropolitana;mata atlantica;576,57;Cfa;3052;1,64;88,32;72,81
4107603;Episódico/Epidêmico;Epidêmico;Piorou;20,3;74,9;474,1;211,7;333;8;184;Faxinal;41;PR;nao metropolitana;mata atlantica;728,28;Cfa;16338;17,92;95,2;87,86
4107652;Episódico;Episódico/Epidêmico;Piorou;17,5;84,6;714,8;107,3;361,7;11,7;104,7;Fazenda Rio Grande;41;PR;metropolitana;mata atlantica;907,45;Cfb;167315;77,99;99,26;99,32
4107702;Episódico/Epidêmico;Episódico/Epidêmico;Se manteve;22;70,8;430,9;262;293,3;8,3;198,7;Fênix;41;PR;nao metropolitana;mata atlantica;368,11;Cfa;4492;5,2;98,46;86,45
4107736;Episódico;Episódico;Se manteve;18;78,7;482,3;133,7;358,3;6;129,7;Fernandes Pinheiro;41;PR;nao metropolitana;mata atlantica;865,63;Cfb;6288;23,6;92,87;50,72
4107751;Episódico;Episódico/Epidêmico;Piorou;19,6;76,9;460,4;185,7;346;5,7;169,3;Figueira;41;PR;nao metropolitana;mata atlantica;622,43;Cfa;8064;27,39;98,22;91,07
4107801;Episódico/Epidêmico;Epidêmico;Piorou;22,7;68,3;418,2;283,3;266,7;7,3;197;Floraí;41;PR;nao metropolitana;mata atlantica;398,91;Cfa;6569;19,22;96,88;91,61
4107850;Episódico;Episódico;Se manteve;19,2;74,2;513,3;183;315;9;143;Flor Da Serra Do Sul;41;PR;nao metropolitana;mata atlantica;755,79;Cfb;4230;19,26;92,84;45,61
4107900;Episódico/Epidêmico;Epidêmico;Piorou;22,3;69,8;421,1;275,7;285;7;204,3;Floresta;41;PR;nao metropolitana;mata atlantica;351,01;Cfa;11559;19,81;97,79;94,32
4108007;Epidêmico;Epidêmico;Se manteve;23;66,7;355,3;295,3;255;4,3;196,3;Florestópolis;41;PR;nao metropolitana;mata atlantica;458,14;Cfa;11475;74,69;99,62;95,94
4108106;Episódico/Epidêmico;Episódico/Epidêmico;Se manteve;22,8;67,1;395,4;288;257;6,3;194;Flórida;41;PR;nao metropolitana;mata atlantica;432,42;Cfa;2651;2,2;93,88;93,88
4108205;Episódico/Epidêmico;Episódico/Epidêmico;Se manteve;21,9;71;493,4;265,7;289,3;11;197,3;Formosa Do Oeste;41;PR;nao metropolitana;mata atlantica;353,4;Cfa;7641;5,27;91,44;69,78
4108304;Epidêmico;Transmissão Persistente;Piorou;22,4;72,8;455,8;261,3;309,7;8,7;207;Foz Do Iguaçu;41;PR;nao metropolitana;mata atlantica;217,85;Cfa;286323;76,29;99,18;99,13
4108320;Episódico/Epidêmico;Episódico/Epidêmico;Se manteve;22,9;69,1;451,5;281;272,7;9,7;195;Francisco Alves;41;PR;nao metropolitana;mata atlantica;286,38;Cfa;8141;1,24;98,61;76,52
4108403;Epidêmico;Transmissão Persistente;Piorou;19,1;74,6;523,9;174,3;320,3;9,3;139,3;Francisco Beltrão;41;PR;nao metropolitana;mata atlantica;662,22;Cfa;96622;66,96;97,89;93,09
4108452;Episódico;Episódico;Se manteve;17,6;78,5;548;113;354;10,7;107;Foz Do Jordão;41;PR;nao metropolitana;mata atlantica;744,14;Cfb;4845;1,58;98,61;80,66
4108502;Episódico;Episódico;Se manteve;16,1;81,2;543,5;59,3;362;7,7;59,3;General Carneiro;41;PR;nao metropolitana;mata atlantica;1108,28;Cfb;11053;53,95;95,06;85,72
4108551;Episódico/Epidêmico;Episódico/Epidêmico;Se manteve;21,5;71,4;434;247,3;305;7,7;194,7;Godoy Moreira;41;PR;nao metropolitana;mata atlantica;421,61;Cfa;2977;4,01;88,06;51,35
4108601;Epidêmico;Epidêmico;Se manteve;21,4;71,3;477,4;253,7;292;9,3;188,3;Goioerê;41;PR;nao metropolitana;mata atlantica;439,12;Cfa;28470;43,9;99,4;92,03
4108650;Episódico;Episódico;Se manteve;18;77,1;531,3;122,3;340,3;7,3;108;Goioxim;41;PR;nao metropolitana;mata atlantica;904,29;Cfb;6570;8,15;85,85;30,16
4108700;Episódico/Epidêmico;Episódico/Epidêmico;Se manteve;19,7;76,8;472,2;191,3;350,3;7;177,3;Grandes Rios;41;PR;nao metropolitana;mata atlantica;542,38;Cfa;5625;29,48;91,28;67,63
4108809;Epidêmico;Epidêmico;Se manteve;22,5;73,3;457,6;273,7;316,7;6;227,3;Guaíra;41;PR;nao metropolitana;mata atlantica;269,05;Cfa;31971;52,47;96,72;91,2
4108908;Episódico/Epidêmico;Episódico/Epidêmico;Se manteve;23,2;67,6;396,2;295;265,7;6;207;Guairaçá;41;PR;nao metropolitana;mata atlantica;435,23;Cfa;6582;3,75;93,95;84,79
4108957;Episódico;Episódico/Epidêmico;Piorou;18,1;78,2;456,9;137;356;5,3;130,3;Guamiranga;41;PR;nao metropolitana;mata atlantica;826,7;Cfb;7856;1,02;89,51;69,38
4109005;Episódico;Episódico;Se manteve;21,2;71,6;345,7;234,7;309,3;3,7;186,3;Guapirama;41;PR;nao metropolitana;mata atlantica;478,32;Cfa;4627;15,79;96,39;84,14
4109104;Episódico/Epidêmico;Episódico/Epidêmico;Se manteve;23;67,6;405,1;288;261,7;7,3;197;Guaporema;41;PR;nao metropolitana;mata atlantica;329,76;Cfa;2186;1,97;89,09;79,39
4109203;Epidêmico;Epidêmico;Se manteve;23;66,7;355,3;295,3;255;4,3;196,3;Guaraci;41;PR;nao metropolitana;mata atlantica;493,94;Cfa;4751;3,8;96,67;87,03
4109302;Episódico/Epidêmico;Episódico/Epidêmico;Se manteve;20;74,7;574,1;215,3;322;10,3;181;Guaraniaçu;41;PR;nao metropolitana;mata atlantica;635,88;Cfa;14398;33,71;93,52;55,6
4109401;Episódico/Epidêmico;Episódico/Epidêmico;Se manteve;16,8;80,4;603;74,7;356,3;8,3;71,7;Guarapuava;41;PR;nao metropolitana;mata atlantica;1071,86;Cfb;190342;65,22;98,55;93,15
4109500;Episódico;Episódico/Epidêmico;Piorou;21,4;82,9;838,9;234;362,7;16;233,7;Guaraqueçaba;41;PR;nao metropolitana;mata atlantica;189,46;Cfa;7446;57,39;61,39;38,26
4109609;Episódico/Epidêmico;Epidêmico;Piorou;21,7;81,7;612,3;245;362;12,3;244;Guaratuba;41;PR;nao metropolitana;mata atlantica;294,52;Cfa;42801;86,61;95,04;98,12
4109658;Episódico;Episódico;Se manteve;18,2;76,2;559;139,7;336;9,3;121,7;Honório Serpa;41;PR;nao metropolitana;mata atlantica;851,8;Cfb;5471;4,72;90,32;49,29
4109708;Episódico/Epidêmico;Episódico/Epidêmico;Se manteve;20;75,5;416,2;198,7;340,3;5,3;177,3;Ibaiti;41;PR;nao metropolitana;mata atlantica;614,24;Cfa;30943;40,8;94,79;85,03
4109757;Episódico/Epidêmico;Episódico/Epidêmico;Se manteve;20;74,7;574,1;215,3;322;10,3;181;Ibema;41;PR;nao metropolitana;mata atlantica;726,48;Cfa;6218;1,46;96,5;82,97
4109807;Epidêmico;Epidêmico;Se manteve;21,8;69,7;403,3;260;284,7;4,7;190,7;Ibiporã;41;PR;nao metropolitana;mata atlantica;433,78;Cfa;54917;97,34;99,48;96,13
4109906;Episódico/Epidêmico;Episódico/Epidêmico;Se manteve;22,8;68;451,6;284;260,3;8,7;192;Icaraíma;41;PR;nao metropolitana;mata atlantica;317,37;Cfa;8992;2,74;87,44;75,9
4110003;Episódico/Epidêmico;Episódico/Epidêmico;Se manteve;21,6;70,4;441;262;287,7;6,3;197,3;Iguaraçu;41;PR;nao metropolitana;mata atlantica;499,42;Cfa;5478;10,56;92,93;90,71
4110052;Episódico/Epidêmico;Episódico/Epidêmico;Se manteve;20,4;74;493,5;218,3;316,7;9,3;177;Iguatu;41;PR;nao metropolitana;mata atlantica;453,42;Cfa;2142;1,09;91,91;67,49
4110078;Episódico;Episódico;Se manteve;18,6;78,7;510;151;355,3;7,7;142,3;Imbaú;41;PR;nao metropolitana;mata atlantica;804,69;Cfb;11619;13,34;83,62;78,57
4110102;Episódico/Epidêmico;Episódico/Epidêmico;Se manteve;18,2;78,2;470,4;138,3;357,7;5,7;133;Imbituva;41;PR;nao metropolitana;mata atlantica;857,26;Cfb;29893;60,13;96,5;75,57
4110201;Episódico;Sem transmissão;Melhorou;16,7;81,5;586,5;77,7;360;9;76;Inácio Martins;41;PR;nao metropolitana;mata atlantica;1121,59;Cfb;10776;27,71;87,03;60,29
4110300;Episódico/Epidêmico;Episódico/Epidêmico;Se manteve;23,2;67;371,6;296;259;5,3;203;Inajá;41;PR;nao metropolitana;mata atlantica;332,62;Cfa;2529;0,93;96,8;91,53
4110409;Episódico/Epidêmico;Episódico/Epidêmico;Se manteve;22,9;68;409,3;287;262;8,7;196,3;Indianópolis;41;PR;nao metropolitana;mata atlantica;407,6;Cfa;4223;40,51;97,15;75,62
4110508;Episódico;Episódico;Se manteve;18,3;78,6;484,6;143;357;6;136,7;Ipiranga;41;PR;nao metropolitana;mata atlantica;861,96;Cfb;14230;36,17;91,99;41,57
4110607;Episódico/Epidêmico;Epidêmico;Piorou;22,9;69,1;451,5;281;272,7;9,7;195;Iporã;41;PR;nao metropolitana;mata atlantica;301,71;Cfa;15730;23,33;98,42;82,96
4110656;Episódico/Epidêmico;Episódico/Epidêmico;Se manteve;21;72,9;490,7;239,3;309,7;10,7;192,3;Iracema Do Oeste;41;PR;nao metropolitana;mata atlantica;446,3;Cfa;2347;1,06;96,24;77,56
4110706;Episódico/Epidêmico;Episódico/Epidêmico;Se manteve;18,1;78,2;456,9;137;356;5,3;130,3;Irati;41;PR;nao metropolitana;mata atlantica;871,87;Cfb;59253;74,29;96,26;80,56
4110805;Episódico/Epidêmico;Episódico/Epidêmico;Se manteve;19,2;76,3;541,6;176,3;339,7;10,3;158;Iretama;41;PR;nao metropolitana;mata atlantica;538,4;Cfa;10681;20,12;89,75;69,92
4110904;Episódico/Epidêmico;Episódico/Epidêmico;Se manteve;23,7;66,2;349,2;306,7;252,7;4,7;203;Itaguajé;41;PR;nao metropolitana;mata atlantica;340,8;Aw;4489;1,55;94,75;81,65
4110953;Episódico/Epidêmico;Epidêmico;Piorou;22;72,1;489,4;256,7;293;10,3;188;Itaipulândia;41;PR;nao metropolitana;mata atlantica;238,61;Cfa;10909;45,92;97,01;99,51
4111001;Episódico/Epidêmico;Episódico/Epidêmico;Se manteve;22,7;67,5;362,7;286,7;267,3;5,3;198;Itambaracá;41;PR;nao metropolitana;mata atlantica;397,44;Cfa;5920;26,54;98,06;86,66
4111100;Episódico/Epidêmico;Episódico/Epidêmico;Se manteve;22,1;70,2;433,2;271;287,3;7,3;201;Itambé;41;PR;nao metropolitana;mata atlantica;350,18;Cfa;6734;81,34;96,42;94,88
4111209;Episódico/Epidêmico;Episódico/Epidêmico;Se manteve;18,9;74,5;514;166,7;320;7,7;133,7;Itapejara D'oeste;41;PR;nao metropolitana;mata atlantica;562,94;Cfa;13177;20,25;93,23;78,99
4111258;Episódico;Episódico;Se manteve;17,7;84,2;616,5;111,7;362,3;7,3;109,3;Itaperuçu;41;PR;metropolitana;mata atlantica;735,16;Cfb;31843;19,13;89,18;84,1
4111308;Episódico/Epidêmico;Episódico/Epidêmico;Se manteve;23,8;67,9;355,6;308,3;273;4,7;223,3;Itaúna Do Sul;41;PR;nao metropolitana;mata atlantica;374,37;Cfa;3566;73,06;94,29;89,3
4111407;Episódico;Episódico;Se manteve;18,4;78,4;450;147;357;6;139,7;Ivaí;41;PR;nao metropolitana;mata atlantica;761,5;Cfb;13142;27,84;92,93;46,69
4111506;Episódico/Epidêmico;Epidêmico;Piorou;21,2;72;435,3;242,3;308,7;7,7;193;Ivaiporã;41;PR;nao metropolitana;mata atlantica;649,19;Cfa;32604;22,27;96,9;87,04
4111555;Episódico/Epidêmico;Episódico/Epidêmico;Se manteve;22,7;68;444,1;284;261,3;9;192,7;Ivaté;41;PR;nao metropolitana;mata atlantica;328,17;Cfa;6771;3,64;87,07;82,74
4111605;Episódico/Epidêmico;Episódico/Epidêmico;Se manteve;22,3;70;430,6;275,7;283,3;8;203,7;Ivatuba;41;PR;nao metropolitana;mata atlantica;341,79;Cfa;2786;42,66;93,42;94,25
4111704;Episódico;Episódico;Se manteve;20,2;74,1;401,4;206;335,3;5,3;180,3;Jaboti;41;PR;nao metropolitana;mata atlantica;542,58;Cfa;5425;9,03;93,91;82,24
4111803;Epidêmico;Epidêmico;Se manteve;22;70,1;379,5;265,3;298;4,7;206;Jacarezinho;41;PR;nao metropolitana;mata atlantica;513;Cfa;40356;90,45;98,31;93,99
4111902;Epidêmico;Epidêmico;Se manteve;22,3;68;387,4;281,3;265,3;4,7;195;Jaguapitã;41;PR;nao metropolitana;mata atlantica;534,89;Cfa;15193;83,63;98,47;88,05
4112009;Episódico/Epidêmico;Episódico/Epidêmico;Se manteve;19,1;76,1;433,1;167,3;343,3;4;152;Jaguariaíva;41;PR;nao metropolitana;cerrado;986,9;Cfb;35527;54,48;95,25;86,7
4112108;Epidêmico;Epidêmico;Se manteve;22,1;70,2;433,2;271;287,3;7,3;201;Jandaia Do Sul;41;PR;nao metropolitana;mata atlantica;619,92;Cfa;23006;51,26;97,36;91,09
4112207;Episódico/Epidêmico;Episódico/Epidêmico;Se manteve;20,7;72,9;527,2;232,7;306,3;9,3;183;Janiópolis;41;PR;nao metropolitana;mata atlantica;517,2;Cfa;5862;1,51;92,73;77,48
4112306;Episódico;Episódico;Se manteve;20;75,5;416,2;198,7;340,3;5,3;177,3;Japira;41;PR;nao metropolitana;mata atlantica;608,87;Cfa;4971;22,87;86,5;84,08
4112405;Episódico/Epidêmico;Episódico/Epidêmico;Se manteve;22,3;70;430,6;275,7;283,3;8;203,7;Japurá;41;PR;nao metropolitana;mata atlantica;356,45;Cfa;9127;5,64;97,58;92,89
4112504;Episódico/Epidêmico;Episódico/Epidêmico;Se manteve;21,2;72;435,3;242,3;308,7;7,7;193;Jardim Alegre;41;PR;nao metropolitana;mata atlantica;558,41;Cfa;12070;42,08;87,34;67,57
4112603;Episódico;Episódico/Epidêmico;Piorou;23,7;66,2;349,2;306,7;252,7;4,7;203;Jardim Olinda;41;PR;nao metropolitana;mata atlantica;316,82;Aw;1280;6,8;84,81;75,51
4112702;Epidêmico;Epidêmico;Se manteve;21,8;69,7;403,3;260;284,7;4,7;190,7;Jataizinho;41;PR;nao metropolitana;mata atlantica;417,29;Cfa;11857;87,9;98,89;92,06
4112751;Episódico/Epidêmico;Episódico/Epidêmico;Se manteve;21,9;71;493,4;265,7;289,3;11;197,3;Jesuítas;41;PR;nao metropolitana;mata atlantica;424,59;Cfa;10508;19,48;94,43;72,74
4112801;Episódico/Epidêmico;Episódico/Epidêmico;Se manteve;21,5;72,3;381;243,7;319;4;200,7;Joaquim Távora;41;PR;nao metropolitana;mata atlantica;592,24;Cfa;11870;73,22;98,47;86,91
4112900;Episódico;Episódico;Se manteve;21,7;70,5;357,9;255,3;303;4;199,7;Jundiaí Do Sul;41;PR;nao metropolitana;mata atlantica;537,92;Cfa;3446;0,83;94,99;68,74
4112959;Episódico/Epidêmico;Epidêmico;Piorou;20,7;73;485,5;232;306,7;7;181;Juranda;41;PR;nao metropolitana;mata atlantica;510,44;Cfa;7773;4,77;98,65;81,67
4113007;Episódico/Epidêmico;Episódico/Epidêmico;Se manteve;22,4;69,6;442,7;277;278,7;8,7;202;Jussara;41;PR;nao metropolitana;mata atlantica;391,42;Cfa;7477;64,17;99,44;94,74
4113106;Episódico/Epidêmico;Episódico/Epidêmico;Se manteve;22;70,8;430,9;262;293,3;8,3;198,7;Kaloré;41;PR;nao metropolitana;mata atlantica;425,96;Cfa;4579;5,26;96,64;83,47
4113205;Episódico;Episódico;Se manteve;17,7;79,9;527;118,7;362;6,3;117;Lapa;41;PR;metropolitana;mata atlantica;859,99;Cfb;45620;65,29;94,14;74,34
4113254;Episódico;Episódico;Se manteve;19,9;74;475,1;203,7;319,7;7,7;167;Laranjal;41;PR;nao metropolitana;mata atlantica;568,78;Cfa;5628;2,22;92,94;39,23
4113304;Episódico/Epidêmico;Episódico/Epidêmico;Se manteve;19,2;75,9;583;181,7;334,3;10,3;158,3;Laranjeiras Do Sul;41;PR;nao metropolitana;mata atlantica;804;Cfb;31953;36,38;97,5;83,71
4113403;Episódico/Epidêmico;Episódico/Epidêmico;Se manteve;22,9;67;336,7;292,3;261,3;5;198;Leópolis;41;PR;nao metropolitana;mata atlantica;407,7;Cfa;3940;29,43;91,85;80,83
4113429;Episódico/Epidêmico;Episódico/Epidêmico;Se manteve;21,5;71,4;434;247,3;305;7,7;194,7;Lidianópolis;41;PR;nao metropolitana;mata atlantica;507,04;Cfa;3936;9,31;94,34;69,32
4113452;Episódico/Epidêmico;Episódico/Epidêmico;Se manteve;21,2;73,4;545,1;244;309;11,3;191,7;Lindoeste;41;PR;nao metropolitana;mata atlantica;491,61;Cfa;5147;2,75;87,58;51,38
4113502;Epidêmico;Epidêmico;Se manteve;23,6;67,3;407,2;300,7;263,7;7;209,7;Loanda;41;PR;nao metropolitana;mata atlantica;395,02;Cfa;23149;48,84;98,5;92,88
4113601;Episódico/Epidêmico;Episódico/Epidêmico;Se manteve;22,8;67,1;395,4;288;257;6,3;194;Lobato;41;PR;nao metropolitana;mata atlantica;401,57;Cfa;4600;91,98;97,52;93,98
4113700;Epidêmico;Transmissão Persistente;Piorou;21,3;71,7;470,8;250;301;7,7;195,7;Londrina;41;PR;metropolitana;mata atlantica;570,24;Cfa;588125;86,31;99,44;98,08
4113734;Episódico/Epidêmico;Episódico/Epidêmico;Se manteve;20,2;74,8;561,3;214,7;324,3;11,3;180,7;Luiziana;41;PR;nao metropolitana;mata atlantica;687,06;Cfa;6711;3,53;97,31;74,43
4113759;Episódico/Epidêmico;Episódico/Epidêmico;Se manteve;21,5;71,4;434;247,3;305;7,7;194,7;Lunardelli;41;PR;nao metropolitana;mata atlantica;480,52;Cfa;5027;2,42;90,28;73,15
4113809;Epidêmico;Epidêmico;Se manteve;23,3;65,9;346,8;297,7;244,7;5,3;189,7;Lupionópolis;41;PR;nao metropolitana;mata atlantica;379,32;Cfa;4812;37,81;99,42;93,16
4113908;Episódico;Episódico/Epidêmico;Piorou;17,5;80,6;497,1;118;363;6,7;117,7;Mallet;41;PR;nao metropolitana;mata atlantica;919,36;Cfb;13378;22,32;95,03;66,92
4114005;Episódico/Epidêmico;Episódico/Epidêmico;Se manteve;20,7;72,9;527,2;232,7;306,3;9,3;183;Mamborê;41;PR;nao metropolitana;mata atlantica;644,25;Cfa;13404;43,69;96,15;81,34
4114104;Episódico/Epidêmico;Epidêmico;Piorou;22,5;68,2;413,1;280,3;266,7;6,7;195,3;Mandaguaçu;41;PR;nao metropolitana;mata atlantica;488,21;Cfa;31544;69,89;96,68;93,36
4114203;Episódico/Epidêmico;Epidêmico;Piorou;22,1;70,2;433,2;271;287,3;7,3;201;Mandaguari;41;PR;nao metropolitana;mata atlantica;582,25;Cfa;36827;50,48;99,59;94,43
4114302;Episódico;Sem transmissão;Melhorou;17,2;82,7;551,9;102,3;362;7;100;Mandirituba;41;PR;metropolitana;mata atlantica;913,38;Cfb;33795;40,01;95,52;76,43
4114351;Episódico;Episódico;Se manteve;18,8;74,8;546,4;166,3;322,3;10;133,7;Manfrinópolis;41;PR;nao metropolitana;mata atlantica;628,88;Cfa;2775;2,07;89,21;27,28
4114401;Episódico;Episódico/Epidêmico;Piorou;18,3;76,9;553,9;142,3;345,7;11,3;131,3;Mangueirinha;41;PR;nao metropolitana;mata atlantica;892,07;Cfb;17287;39,25;91,68;62,54
4114500;Episódico;Episódico/Epidêmico;Piorou;19,2;76,3;541,6;176,3;339,7;10,3;158;Manoel Ribas;41;PR;nao metropolitana;mata atlantica;731,91;Cfa;13702;8,59;88,65;63,05
4114609;Episódico/Epidêmico;Epidêmico;Piorou;22,6;70,2;441,7;274,3;280,3;9,3;196,3;Marechal Cândido Rondon;41;PR;nao metropolitana;mata atlantica;313,65;Cfa;56530;32,88;99,44;87,38
4114708;Episódico/Epidêmico;Epidêmico;Piorou;22,8;68;451,6;284;260,3;8,7;192;Maria Helena;41;PR;nao metropolitana;mata atlantica;363,64;Cfa;5872;15,85;94,37;69,98
4114807;Epidêmico;Epidêmico;Se manteve;21,4;71,6;474,8;256,7;299;8;199,7;Marialva;41;PR;nao metropolitana;mata atlantica;473,1;Cfa;47028;45,39;92,34;83,8
4114906;Episódico/Epidêmico;Episódico/Epidêmico;Se manteve;19,7;76,6;523,6;193;336,7;7,7;169,3;Marilândia Do Sul;41;PR;nao metropolitana;mata atlantica;761,1;Cfa;9757;1,93;96,31;74,92
4115002;Epidêmico;Epidêmico;Se manteve;23,3;67,7;412,1;295,3;268,3;7,7;209,7;Marilena;41;PR;nao metropolitana;mata atlantica;344,02;Cfa;7220;11,64;89,4;81,08
4115101;Episódico/Epidêmico;Epidêmico;Piorou;22,4;69,5;478,2;277,3;277;11;195,3;Mariluz;41;PR;nao metropolitana;mata atlantica;375,52;Cfa;9846;48,42;97,14;82,91
4115200;Epidêmico;Transmissão Persistente;Piorou;22,2;68,7;410,9;273,3;270,7;5,7;192,3;Maringá;41;PR;metropolitana;mata atlantica;483,87;Cfa;454146;84,08;99,49;99,18
4115309;Episódico;Episódico;Se manteve;18,7;74,5;527,7;157,3;323,7;7,7;127;Mariópolis;41;PR;nao metropolitana;mata atlantica;828,13;Cfb;6356;19,16;97,23;77,16
4115358;Episódico/Epidêmico;Episódico/Epidêmico;Se manteve;21,4;71,5;507;250,3;291;11,7;185;Maripá;41;PR;nao metropolitana;mata atlantica;398,16;Cfa;6639;27,53;96,78;72,1
4115408;Episódico/Epidêmico;Episódico/Epidêmico;Se manteve;18,7;74,9;549,1;162;324,3;8,7;132;Marmeleiro;41;PR;nao metropolitana;mata atlantica;758,17;Cfb;15873;27,7;92,57;85,74
4115457;Episódico;Episódico;Se manteve;19,5;74,9;513,1;187,7;326,3;7;159;Marquinho;41;PR;nao metropolitana;mata atlantica;757,33;Cfa;4348;4,25;89,26;46,65
4115507;Episódico/Epidêmico;Epidêmico;Piorou;21,4;71,6;474,8;256,7;299;8;199,7;Marumbi;41;PR;nao metropolitana;mata atlantica;534,31;Cfa;4700;0,86;90,52;90,59
4115606;Episódico/Epidêmico;Epidêmico;Piorou;21,4;71,2;544,5;251;285;12;177,7;Matelândia;41;PR;nao metropolitana;mata atlantica;376,67;Cfa;18472;57,41;97,51;89,78
4115705;Episódico/Epidêmico;Epidêmico;Piorou;20,6;83,5;773;206,7;363,7;14;206,7;Matinhos;41;PR;nao metropolitana;mata atlantica;86,18;Cfa;39212;90,47;93,73;99,27
4115739;Episódico;Episódico/Epidêmico;Piorou;19,5;75,5;537,5;187,7;331,7;11,7;163,7;Mato Rico;41;PR;nao metropolitana;mata atlantica;702,39;Cfa;3279;4,11;89,21;28,17
4115754;Episódico/Epidêmico;Episódico/Epidêmico;Se manteve;19,7;76,6;523,6;193;336,7;7,7;169,3;Mauá Da Serra;41;PR;nao metropolitana;mata atlantica;1003,45;Cfb;8937;3,22;90,05;92,24
4115804;Epidêmico;Epidêmico;Se manteve;22;72,1;489,4;256,7;293;10,3;188;Medianeira;41;PR;nao metropolitana;mata atlantica;372,9;Cfa;54390;24,8;96,19;94,65
4115853;Episódico/Epidêmico;Epidêmico;Piorou;22,6;70,9;454,8;276,3;291,3;9;207;Mercedes;41;PR;nao metropolitana;mata atlantica;300,92;Cfa;5945;16,35;96,16;60,81
4115903;Episódico/Epidêmico;Episódico/Epidêmico;Se manteve;23;67,6;405,1;288;261,7;7,3;197;Mirador;41;PR;nao metropolitana;mata atlantica;319,71;Cfa;2240;9,99;97,21;80,83
4116000;Episódico/Epidêmico;Episódico/Epidêmico;Se manteve;22,9;68;363;293;270,3;3,7;207,3;Miraselva;41;PR;nao metropolitana;mata atlantica;549,56;Cfa;1965;12,62;92,03;86,05
4116059;Episódico/Epidêmico;Epidêmico;Piorou;22,6;72,1;452,3;273;304,7;10,3;213,3;Missal;41;PR;nao metropolitana;mata atlantica;288,84;Cfa;12951;19,82;73,77;83,71
4116109;Episódico/Epidêmico;Episódico/Epidêmico;Se manteve;22,2;69,6;481,9;273,3;276,7;10,3;191,7;Moreira Sales;41;PR;nao metropolitana;mata atlantica;436,99;Cfa;11170;3,53;96,45;84,58
4116208;Episódico/Epidêmico;Episódico/Epidêmico;Se manteve;20,7;83,3;784,5;210,7;364,3;13;210,7;Morretes;41;PR;nao metropolitana;mata atlantica;478,11;Cfa;18396;65,77;83,93;91,7
4116307;Episódico/Epidêmico;Episódico/Epidêmico;Se manteve;21,6;70,4;441;262;287,7;6,3;197,3;Munhoz De Melo;41;PR;nao metropolitana;mata atlantica;530,18;Cfa;3937;8,09;93,08;82,65
4116406;Episódico/Epidêmico;Epidêmico;Piorou;22,3;68;387,4;281,3;265,3;4,7;195;Nossa Senhora Das Graças;41;PR;nao metropolitana;mata atlantica;439,06;Cfa;3677;4,16;97,12;89,91
4116505;Episódico/Epidêmico;Episódico/Epidêmico;Se manteve;22,7;68,3;418,2;283,3;266,7;7,3;197;Nova Aliança Do Ivaí;41;PR;nao metropolitana;mata atlantica;360,38;Cfa;1315;2,27;98,41;81,63
4116604;Episódico/Epidêmico;Episódico/Epidêmico;Se manteve;22;68,6;353,9;267,3;272;5;185,3;Nova América Da Colina;41;PR;nao metropolitana;mata atlantica;549,31;Cfa;3277;25,07;97,45;81,55
4116703;Episódico/Epidêmico;Epidêmico;Piorou;21,1;72,7;506,5;241,3;304,3;12,3;189;Nova Aurora;41;PR;nao metropolitana;mata atlantica;444,98;Cfa;12848;5,35;95,14;79,38
4116802;Episódico/Epidêmico;Episódico/Epidêmico;Se manteve;19,9;74;475,1;203,7;319,7;7,7;167;Nova Cantu;41;PR;nao metropolitana;mata atlantica;523,31;Cfa;6781;13,69;87,63;56,25
4116901;Epidêmico;Epidêmico;Se manteve;22,8;67,1;395,4;288;257;6,3;194;Nova Esperança;41;PR;nao metropolitana;mata atlantica;479,05;Cfa;26616;52,55;94,71;90,48
4116950;Episódico;Episódico/Epidêmico;Piorou;19,1;74,6;523,9;174,3;320,3;9,3;139,3;Nova Esperança Do Sudoeste;41;PR;nao metropolitana;mata atlantica;620,06;Cfa;5592;4,15;81,36;59,7
4117008;Episódico/Epidêmico;Epidêmico;Piorou;20,7;73,1;387,9;226,3;318;5;185,3;Nova Fátima;41;PR;nao metropolitana;mata atlantica;596,7;Cfa;7225;2,15;98,46;89,68
4117057;Episódico/Epidêmico;Episódico/Epidêmico;Se manteve;19,5;76,2;611,5;190,7;334,7;12;166,7;Nova Laranjeiras;41;PR;nao metropolitana;mata atlantica;705,99;Cfa;14132;34,65;81,26;26,04
4117107;Epidêmico;Epidêmico;Se manteve;23,6;67,3;407,2;300,7;263,7;7;209,7;Nova Londrina;41;PR;nao metropolitana;mata atlantica;378,64;Cfa;12911;75,51;96,42;92,3
4117206;Episódico/Epidêmico;Epidêmico;Piorou;22,6;68,5;442,8;281,3;269,3;8,7;197,3;Nova Olímpia;41;PR;nao metropolitana;mata atlantica;372,71;Cfa;5834;4,06;99,06;89,4
4117214;Episódico/Epidêmico;Episódico/Epidêmico;Se manteve;20,5;72,7;408,7;223,3;307,7;5,3;177,3;Nova Santa Bárbara;41;PR;nao metropolitana;mata atlantica;698,43;Cfa;4183;36,2;94,68;88,67
4117222;Episódico/Epidêmico;Epidêmico;Piorou;22,4;69,4;478,8;273,7;273,7;12,3;189,7;Nova Santa Rosa;41;PR;nao metropolitana;mata atlantica;356,56;Cfa;8292;3,86;99,81;74,06
4117255;Episódico/Epidêmico;Episódico/Epidêmico;Se manteve;20;73,8;511,9;206,7;318;9,7;166,7;Nova Prata Do Iguaçu;41;PR;nao metropolitana;mata atlantica;390,35;Cfa;10780;31,46;95,45;62,67
4117271;Episódico;Episódico/Epidêmico;Piorou;20,4;73,5;486,3;216;320,7;8,7;178,3;Nova Tebas;41;PR;nao metropolitana;mata atlantica;607,66;Cfa;6848;6,34;88,82;54,29
4117297;Episódico/Epidêmico;Episódico/Epidêmico;Se manteve;21,5;71,3;453,4;255,3;296,7;7,7;195,7;Novo Itacolomi;41;PR;nao metropolitana;mata atlantica;509,25;Cfa;4061;2,2;78,05;55,76
4117305;Episódico;Episódico/Epidêmico;Piorou;19,3;78,6;481,4;177;355;7,3;166,7;Ortigueira;41;PR;nao metropolitana;mata atlantica;722,94;Cfa;26078;33,08;86,82;53,93
4117404;Episódico/Epidêmico;Epidêmico;Piorou;22,5;68,2;413,1;280,3;266,7;6,7;195,3;Ourizona;41;PR;nao metropolitana;mata atlantica;398,09;Cfa;3184;1,47;98,53;91,28
4117453;Episódico/Epidêmico;Episódico/Epidêmico;Se manteve;22,4;69,6;445,3;271,7;274,7;9,7;188;Ouro Verde Do Oeste;41;PR;nao metropolitana;mata atlantica;449,78;Cfa;6808;24,9;99,16;71,26
4117503;Episódico/Epidêmico;Epidêmico;Piorou;22,1;70,2;433,2;271;287,3;7,3;201;Paiçandu;41;PR;nao metropolitana;mata atlantica;421,64;Cfa;49999;64,39;99,73;97,88
4117602;Episódico/Epidêmico;Episódico/Epidêmico;Se manteve;16,4;79,6;566,8;63,7;353,3;10;59,7;Palmas;41;PR;nao metropolitana;mata atlantica;1144,11;Cfb;43769;66,52;98,52;93,66
4117701;Episódico/Epidêmico;Episódico/Epidêmico;Se manteve;17,7;79,6;517,2;120,7;360,3;7;117,7;Palmeira;41;PR;nao metropolitana;mata atlantica;888,43;Cfb;36384;74,08;96,45;69,19
4117800;Episódico;Episódico;Se manteve;19;75,6;514,4;169;332;8,3;146;Palmital;41;PR;nao metropolitana;mata atlantica;697,64;Cfa;13080;14,99;93,5;57,97
4117909;Episódico/Epidêmico;Epidêmico;Piorou;22,4;69,4;478,8;273,7;273,7;12,3;189,7;Palotina;41;PR;nao metropolitana;mata atlantica;317,19;Cfa;35063;41,69;99,53;87,6
4118006;Episódico/Epidêmico;Episódico/Epidêmico;Se manteve;22,9;68;409,3;287;262;8,7;196,3;Paraíso Do Norte;41;PR;nao metropolitana;mata atlantica;324,36;Cfa;13246;14,7;95,39;95,52
4118105;Episódico/Epidêmico;Epidêmico;Piorou;23,3;66,2;354,5;298,7;250,7;5,7;196,3;Paranacity;41;PR;nao metropolitana;mata atlantica;377,06;Cfa;9561;42,05;96,52;94,19
4118204;Epidêmico;Epidêmico;Se manteve;20,7;83,3;784,5;210,7;364,3;13;210,7;Paranaguá;41;PR;nao metropolitana;mata atlantica;66,19;Cfa;157043;81,65;98,37;98,37
4118303;Episódico/Epidêmico;Epidêmico;Piorou;23,3;65,9;346,8;297,7;244,7;5,3;189,7;Paranapoema;41;PR;nao metropolitana;mata atlantica;326,33;Aw;2406;4,65;98,67;95,13
4118402;Epidêmico;Epidêmico;Se manteve;23;67,3;420,8;290,3;259,7;8,3;199;Paranavaí;41;PR;nao metropolitana;mata atlantica;409,85;Cfa;90969;78,12;98,96;96,19
4118451;Episódico/Epidêmico;Episódico/Epidêmico;Se manteve;22,6;70,2;441,7;274,3;280,3;9,3;196,3;Pato Bragado;41;PR;nao metropolitana;mata atlantica;242,14;Cfa;5976;5,49;99,94;80,36
4118501;Episódico/Epidêmico;Epidêmico;Piorou;18,9;74,5;514;166,7;320;7,7;133,7;Pato Branco;41;PR;nao metropolitana;mata atlantica;717,82;Cfa;94239;91,87;98,97;94,68
4118600;Episódico;Episódico;Se manteve;17,2;81,2;514,9;104;363,7;6,7;103,7;Paula Freitas;41;PR;nao metropolitana;mata atlantica;795,53;Cfb;5616;33,53;95,59;62,9
4118709;Episódico;Episódico;Se manteve;17,2;81,2;514,9;104;363,7;6,7;103,7;Paulo Frontin;41;PR;nao metropolitana;mata atlantica;805,29;Cfb;6460;25,39;96,05;44,94
4118808;Epidêmico;Episódico/Epidêmico;Melhorou;21,2;72,3;473;240;309,3;10;191,7;Peabiru;41;PR;nao metropolitana;mata atlantica;488,72;Cfa;13345;25,53;98,34;83,47
4118857;Episódico/Epidêmico;Epidêmico;Piorou;22,6;68,7;479,4;282;269,7;11,3;194,7;Perobal;41;PR;nao metropolitana;mata atlantica;376,45;Cfa;7132;8,8;89,93;74,02
4118907;Episódico/Epidêmico;Epidêmico;Piorou;23,1;69,6;431,4;286,3;279,3;8,7;206;Pérola;41;PR;nao metropolitana;mata atlantica;337,38;Cfa;11885;16,04;87,93;87,03
4119004;Episódico;Episódico/Epidêmico;Piorou;21,2;72,4;509,8;238,7;298,7;10,3;180;Pérola D'oeste;41;PR;nao metropolitana;mata atlantica;409,29;Cfa;6197;38,25;95,71;59,76
4119103;Episódico;Episódico;Se manteve;17,3;81,6;520,4;107;362,7;7;106,3;Piên;41;PR;metropolitana;mata atlantica;873,37;Cfb;13552;62,75;98,7;80,72
4119152;Episódico/Epidêmico;Episódico/Epidêmico;Se manteve;17,7;84,2;616,5;111,7;362,3;7,3;109,3;Pinhais;41;PR;metropolitana;mata atlantica;893,93;Cfb;131048;94,19;99,84;99,91
4119202;Episódico;Episódico/Epidêmico;Piorou;20,3;74;382,4;205,7;332,3;3,7;177,3;Pinhalão;41;PR;nao metropolitana;mata atlantica;675,26;Cfa;6564;7,36;94,51;73,42
4119251;Episódico;Episódico/Epidêmico;Piorou;19,8;73,6;523,1;201;310;9,7;155,3;Pinhal De São Bento;41;PR;nao metropolitana;mata atlantica;510,1;Cfa;2762;17,52;78,1;83,7
4119301;Episódico/Epidêmico;Episódico/Epidêmico;Se manteve;17,3;78,4;542,9;94;349,3;10;87,7;Pinhão;41;PR;nao metropolitana;mata atlantica;1021,85;Cfb;29931;23,96;88,57;66,07
4119400;Episódico;Episódico/Epidêmico;Piorou;17,8;78,9;491,2;121,3;352,3;5;112,7;Piraí Do Sul;41;PR;nao metropolitana;mata atlantica;1041,73;Cfb;23514;52,52;86,29;75,59
4119509;Episódico;Episódico;Se manteve;19;84,4;766,4;149;363;11,7;148;Piraquara;41;PR;metropolitana;mata atlantica;941,38;Cfb;131101;84,65;99,17;99,34
4119608;Episódico/Epidêmico;Episódico/Epidêmico;Se manteve;18,2;77,6;549,4;134,7;341,7;9,7;119,7;Pitanga;41;PR;nao metropolitana;mata atlantica;844,13;Cfb;33640;36,59;89,82;63,64
4119657;Episódico/Epidêmico;Episódico/Epidêmico;Se manteve;21,3;71,7;470,8;250;301;7,7;195,7;Pitangueiras;41;PR;nao metropolitana;mata atlantica;578,78;Cfa;3016;11,25;85,81;86,28
4119707;Episódico/Epidêmico;Episódico/Epidêmico;Se manteve;23,3;67,4;420,6;293,3;262;6;201,3;Planaltina Do Paraná;41;PR;nao metropolitana;mata atlantica;350,37;Cfa;4063;8,35;83;73,57
4119806;Episódico/Epidêmico;Episódico/Epidêmico;Se manteve;20,8;72;498,9;225;299;9,3;168,7;Planalto;41;PR;nao metropolitana;mata atlantica;384,61;Cfa;14300;27,09;96,54;57,6
4119905;Episódico/Epidêmico;Epidêmico;Piorou;18,2;78,5;488,6;137;356,3;6;130,7;Ponta Grossa;41;PR;nao metropolitana;mata atlantica;879,47;Cfb;391654;82,19;98,84;98,18
4119954;Episódico/Epidêmico;Epidêmico;Piorou;21,7;82,1;684,5;246;362,3;12,3;245,3;Pontal Do Paraná;41;PR;nao metropolitana;mata atlantica;13,23;Cfa;32985;70,55;99,04;98,77
4120002;Epidêmico;Epidêmico;Se manteve;23;66,7;355,3;295,3;255;4,3;196,3;Porecatu;41;PR;nao metropolitana;mata atlantica;393,68;Cfa;11596;95,27;98,9;95,56
4120101;Episódico;Sem transmissão;Melhorou;18;78,7;489,6;131,3;359,3;6;127,7;Porto Amazonas;41;PR;nao metropolitana;mata atlantica;867,29;Cfb;5543;79,12;98,12;96,39
4120150;Episódico/Epidêmico;Episódico;Melhorou;19,7;75,7;569,5;197;339,7;11;175,3;Porto Barreiro;41;PR;nao metropolitana;mata atlantica;650,73;Cfa;3111;10,05;82,09;31,63
4120200;Episódico/Epidêmico;Epidêmico;Piorou;23,7;67,4;401,2;304;261,3;7,7;209,3;Porto Rico;41;PR;nao metropolitana;mata atlantica;316,84;Cfa;3194;4,77;94,49;79,57
4120309;Sem transmissão;Episódico;Piorou;16,9;80,9;481,5;93,3;362,7;6,7;93;Porto Vitória;41;PR;nao metropolitana;mata atlantica;891,74;Cfb;3484;41,27;89,23;66,08
4120333;Episódico/Epidêmico;Episódico/Epidêmico;Se manteve;22,3;68;387,4;281,3;265,3;4,7;195;Prado Ferreira;41;PR;nao metropolitana;mata atlantica;497,46;Cfa;3663;30,93;94,62;89,72
4120358;Episódico/Epidêmico;Episódico/Epidêmico;Se manteve;20,3;73,3;537,6;216,3;303;10,3;162,7;Pranchita;41;PR;nao metropolitana;mata atlantica;507,23;Cfa;5705;83,9;90,67;81,11
4120408;Episódico/Epidêmico;Episódico/Epidêmico;Se manteve;22,7;68,3;418,2;283,3;266,7;7,3;197;Presidente Castelo Branco;41;PR;nao metropolitana;mata atlantica;532,33;Cfa;4334;8,6;98,51;90,73
4120507;Epidêmico;Epidêmico;Se manteve;23,2;67,9;338,9;296;272;3,7;210,3;Primeiro De Maio;41;PR;nao metropolitana;mata atlantica;389,05;Cfa;10239;14,63;92,57;92
4120606;Episódico/Epidêmico;Episódico/Epidêmico;Se manteve;18,4;78,4;450;147;357;6;139,7;Prudentópolis;41;PR;nao metropolitana;mata atlantica;766,64;Cfb;49395;41,93;95,4;63,39
4120655;Episódico/Epidêmico;Episódico/Epidêmico;Se manteve;21,7;71,3;489,6;262;292,3;9,7;196,3;Quarto Centenário;41;PR;nao metropolitana;mata atlantica;379,7;Cfa;4213;2,64;92,78;78,43
4120705;Episódico/Epidêmico;Episódico/Epidêmico;Se manteve;21,2;71,6;345,7;234,7;309,3;3,7;186,3;Quatiguá;41;PR;nao metropolitana;mata atlantica;589,65;Cfa;8092;82,53;97,76;94,05
4120804;Episódico;Episódico/Epidêmico;Piorou;17,7;84,2;616,5;111,7;362,3;7,3;109,3;Quatro Barras;41;PR;metropolitana;mata atlantica;934,01;Cfb;26452;83,66;98,32;97,73
4120853;Episódico/Epidêmico;Episódico/Epidêmico;Se manteve;22,6;70,2;441,7;274,3;280,3;9,3;196,3;Quatro Pontes;41;PR;nao metropolitana;mata atlantica;411,7;Cfa;4051;23,72;98,81;67,01
4120903;Episódico/Epidêmico;Epidêmico;Piorou;19,9;75,8;606,6;206;334;11,3;179,7;Quedas Do Iguaçu;41;PR;nao metropolitana;mata atlantica;514,92;Cfa;30785;44,33;93,89;71,31
4121000;Episódico/Epidêmico;Epidêmico;Piorou;23,6;68,7;414,9;296,3;274,3;7;210,7;Querência Do Norte;41;PR;nao metropolitana;mata atlantica;280,33;Cfa;10708;10,73;90,88;68,67
4121109;Episódico/Epidêmico;Episódico/Epidêmico;Se manteve;21,7;71,4;477,1;255;300;9,3;199,7;Quinta Do Sol;41;PR;nao metropolitana;mata atlantica;380,36;Cfa;5009;2,99;96,95;79,26
4121208;Episódico;Episódico;Se manteve;17,6;80,6;508,4;114,7;362;6,3;113;Quitandinha;41;PR;metropolitana;mata atlantica;864,83;Cfb;19240;25,58;95,71;70,73
4121257;Episódico/Epidêmico;Episódico/Epidêmico;Se manteve;22,2;70,4;477,7;264;280,3;10,3;184,7;Ramilândia;41;PR;nao metropolitana;mata atlantica;445,61;Cfa;4848;39,63;94;54,05
4121307;Episódico/Epidêmico;Episódico/Epidêmico;Se manteve;22,6;68,4;369,7;285;273,7;4,7;202,3;Rancho Alegre;41;PR;nao metropolitana;mata atlantica;385,96;Cfa;3511;16,47;98,3;92,02
4121356;Episódico/Epidêmico;Episódico/Epidêmico;Se manteve;21,7;71,3;489,6;262;292,3;9,7;196,3;Rancho Alegre D'oeste;41;PR;nao metropolitana;mata atlantica;464,89;Cfa;2615;8,83;96,53;83,33
4121406;Episódico/Epidêmico;Epidêmico;Piorou;20,8;72;498,9;225;299;9,3;168,7;Realeza;41;PR;nao metropolitana;mata atlantica;375,61;Cfa;18928;24,19;87,36;82,33
4121505;Episódico;Episódico;Se manteve;17,3;80,4;522,7;103,7;360;8;101,3;Rebouças;41;PR;nao metropolitana;mata atlantica;828,53;Cfb;14524;55,71;97,1;68,36
4121604;Episódico/Epidêmico;Episódico/Epidêmico;Se manteve;19;74,3;512,9;172,7;317,7;8;136,7;Renascença;41;PR;nao metropolitana;mata atlantica;735,63;Cfb;6839;47;91,73;63,51
4121703;Episódico;Episódico/Epidêmico;Piorou;18,3;79,1;522,6;142,3;359;7,3;137,3;Reserva;41;PR;nao metropolitana;mata atlantica;799,03;Cfb;26786;37,32;92,96;67,29
4121752;Sem transmissão;Episódico;Piorou;18,3;76,9;553,9;142,3;345,7;11,3;131,3;Reserva Do Iguaçu;41;PR;nao metropolitana;mata atlantica;923,73;Cfb;7009;40,43;86,67;66,03
4121802;Episódico/Epidêmico;Episódico/Epidêmico;Se manteve;21,2;74;396,5;238,3;336,3;4,7;211;Ribeirão Claro;41;PR;nao metropolitana;mata atlantica;574,21;Cfa;12357;82,55;86,26;88,08
4121901;Episódico/Epidêmico;Episódico/Epidêmico;Se manteve;21,2;71,6;345,7;234,7;309,3;3,7;186,3;Ribeirão Do Pinhal;41;PR;nao metropolitana;mata atlantica;563,1;Cfa;13053;55,36;97,42;91,79
4122008;Episódico;Episódico;Se manteve;17,6;80,2;516,3;119,7;363;7,3;119,3;Rio Azul;41;PR;nao metropolitana;mata atlantica;894,09;Cfb;14032;49,47;93,82;67,12
4122107;Episódico/Epidêmico;Episódico/Epidêmico;Se manteve;21,5;71,3;453,4;255,3;296,7;7,7;195,7;Rio Bom;41;PR;nao metropolitana;mata atlantica;587,77;Cfa;3755;1,27;96,36;73,58
4122156;Episódico/Epidêmico;Episódico/Epidêmico;Se manteve;19,4;75,6;566,3;185,7;340,3;10,7;166;Rio Bonito Do Iguaçu;41;PR;nao metropolitana;mata atlantica;595,91;Cfa;13955;8,22;84,85;31,2
4122172;Episódico;Episódico;Se manteve;19,7;76,8;472,2;191,3;350,3;7;177,3;Rio Branco Do Ivaí;41;PR;nao metropolitana;mata atlantica;628,1;Cfa;3866;13,15;90,09;65,28
4122206;Episódico;Episódico;Se manteve;17,7;84,2;616,5;111,7;362,3;7,3;109,3;Rio Branco Do Sul;41;PR;metropolitana;mata atlantica;773,15;Cfb;32566;54,69;78,14;82,38
4122305;Episódico;Episódico/Epidêmico;Piorou;17,5;80,9;515,4;115;363;6,7;114,3;Rio Negro;41;PR;metropolitana;mata atlantica;843;Cfb;31406;81,88;97,14;90,64
4122404;Epidêmico;Epidêmico;Se manteve;21,3;71,7;470,8;250;301;7,7;195,7;Rolândia;41;PR;nao metropolitana;mata atlantica;647,69;Cfa;71344;50,75;99,27;95,16
4122503;Episódico/Epidêmico;Epidêmico;Piorou;20;74,6;534,6;208,3;323,3;10;174;Roncador;41;PR;nao metropolitana;mata atlantica;685,65;Cfa;11253;13,31;92,79;65,5
4122602;Episódico/Epidêmico;Epidêmico;Piorou;22,4;69,6;442,7;277;278,7;8,7;202;Rondon;41;PR;nao metropolitana;mata atlantica;401,79;Cfa;9093;54,12;96,8;84,33
4122651;Episódico;Episódico/Epidêmico;Piorou;19,7;76,8;472,2;191,3;350,3;7;177,3;Rosário Do Ivaí;41;PR;nao metropolitana;mata atlantica;640,19;Cfa;5697;46,31;84,41;59,39
4122701;Episódico/Epidêmico;Episódico/Epidêmico;Se manteve;21,6;70,4;441;262;287,7;6,3;197,3;Sabáudia;41;PR;nao metropolitana;mata atlantica;617,5;Cfa;8819;4,03;91,27;79,91
4122800;Episódico;Episódico;Se manteve;18,8;74,8;546,4;166,3;322,3;10;133,7;Salgado Filho;41;PR;nao metropolitana;mata atlantica;583,88;Cfa;4144;1,01;92,57;73,65
4122909;Episódico;Episódico/Epidêmico;Piorou;21;72,7;374,2;230,7;322,7;3,3;193,3;Salto Do Itararé;41;PR;nao metropolitana;mata atlantica;585,9;Cfa;5195;21,59;92,37;76,66
4123006;Episódico/Epidêmico;Episódico;Melhorou;20,3;72,8;510,5;216,7;309,3;9,7;169;Salto Do Lontra;41;PR;nao metropolitana;mata atlantica;504,34;Cfa;14006;34,59;94,74;66,54
4123105;Episódico/Epidêmico;Episódico/Epidêmico;Se manteve;21,6;70,5;393,8;253,3;293,3;6,3;191,3;Santa Amélia;41;PR;nao metropolitana;mata atlantica;500,51;Cfa;3396;6,45;92,72;81,64
4123204;Episódico/Epidêmico;Episódico/Epidêmico;Se manteve;20,5;72,7;408,7;223,3;307,7;5,3;177,3;Santa Cecília Do Pavão;41;PR;nao metropolitana;mata atlantica;633,99;Cfa;3361;3,12;97,94;85,03
4123303;Episódico/Epidêmico;Epidêmico;Piorou;23,3;67,4;420,6;293,3;262;6;201,3;Santa Cruz De Monte Castelo;41;PR;nao metropolitana;mata atlantica;311,2;Cfa;8630;4,1;85,05;80,96
4123402;Episódico/Epidêmico;Epidêmico;Piorou;22,6;66,9;376,6;287;254,7;5,7;191;Santa Fé;41;PR;nao metropolitana;mata atlantica;488,85;Cfa;11397;21,87;94,29;88,42
4123501;Epidêmico;Epidêmico;Se manteve;22,8;71,8;434,1;275,7;301,7;9,7;214;Santa Helena;41;PR;nao metropolitana;mata atlantica;260,8;Cfa;24917;41,29;95,68;86,75
4123600;Episódico/Epidêmico;Episódico/Epidêmico;Se manteve;23,6;66,1;349,6;306;250,7;4;200;Santa Inês;41;PR;nao metropolitana;mata atlantica;379,74;Cfa;1744;2,9;99,66;88,23
4123709;Epidêmico;Epidêmico;Se manteve;23,5;67,6;415;294,7;263;7,7;201,3;Santa Isabel Do Ivaí;41;PR;nao metropolitana;mata atlantica;315,95;Cfa;8897;44,87;96,46;84,88
4123808;Episódico/Epidêmico;Episódico/Epidêmico;Se manteve;20,8;72;498,9;225;299;9,3;168,7;Santa Izabel Do Oeste;41;PR;nao metropolitana;mata atlantica;493,83;Cfa;12444;28,44;95,39;88,32
4123824;Episódico/Epidêmico;Episódico/Epidêmico;Se manteve;21;72,8;511,4;234,3;314;9,7;189,3;Santa Lúcia;41;PR;nao metropolitana;mata atlantica;388,86;Cfa;3668;1,85;81,82;70,27
4123857;Episódico;Episódico;Se manteve;17,5;78,8;551,3;97,7;348,3;8;90;Santa Maria Do Oeste;41;PR;nao metropolitana;mata atlantica;930,19;Cfb;9811;11,35;86,08;36,57
4123907;Episódico/Epidêmico;Episódico/Epidêmico;Se manteve;21,6;71;386,7;250;301,3;4,7;194,7;Santa Mariana;41;PR;nao metropolitana;mata atlantica;432,31;Cfa;11111;44,08;99,42;91,44
4123956;Episódico/Epidêmico;Episódico/Epidêmico;Se manteve;23,3;67,4;420,6;293,3;262;6;201,3;Santa Mônica;41;PR;nao metropolitana;mata atlantica;311,12;Cfa;3357;2,18;89,24;79,58
4124004;Episódico;Episódico;Se manteve;20,2;74,1;401,4;206;335,3;5,3;180,3;Santana Do Itararé;41;PR;nao metropolitana;mata atlantica;567;Cfa;5514;1,84;90,71;69,12
4124020;Episódico/Epidêmico;Epidêmico;Piorou;21,4;71,2;544,5;251;285;12;177,7;Santa Tereza Do Oeste;41;PR;nao metropolitana;mata atlantica;667,09;Cfa;12928;13,7;96,27;85,49
4124053;Epidêmico;Epidêmico;Se manteve;22,4;72,5;457,2;265;305,3;9,3;206,3;Santa Terezinha De Itaipu;41;PR;nao metropolitana;mata atlantica;261,62;Cfa;23236;34,41;97,97;94,03
4124103;Epidêmico;Epidêmico;Se manteve;21,7;70,5;357,9;255,3;303;4;199,7;Santo Antônio Da Platina;41;PR;nao metropolitana;mata atlantica;521,64;Cfa;45261;81,23;93,93;88,86
4124202;Episódico/Epidêmico;Episódico/Epidêmico;Se manteve;23,3;66,2;354,5;298,7;250,7;5,7;196,3;Santo Antônio Do Caiuá;41;PR;nao metropolitana;mata atlantica;343,73;Cfa;2499;20,92;91,74;86,67
4124301;Episódico;Episódico/Epidêmico;Piorou;21,6;70,5;393,8;253,3;293,3;6,3;191,3;Santo Antônio Do Paraíso;41;PR;nao metropolitana;mata atlantica;799,96;Cfa;2122;2,77;97,34;81,94
4124400;Episódico/Epidêmico;Epidêmico;Piorou;20,3;73,3;535,1;216,3;303,3;10,3;163;Santo Antônio Do Sudoeste;41;PR;nao metropolitana;mata atlantica;544,94;Cfa;19677;74,69;96,18;83,14
4124509;Episódico/Epidêmico;Epidêmico;Piorou;23;66,7;355,3;295,3;255;4,3;196,3;Santo Inácio;41;PR;nao metropolitana;mata atlantica;372,35;Cfa;6184;36,32;93,2;88,17
4124608;Episódico/Epidêmico;Episódico/Epidêmico;Se manteve;22,9;68;409,3;287;262;8,7;196,3;São Carlos Do Ivaí;41;PR;nao metropolitana;mata atlantica;326,46;Cfa;6588;10,56;95,99;95,63
4124707;Episódico/Epidêmico;Episódico/Epidêmico;Se manteve;20,3;73,9;422,6;213,7;318;5;176,3;São Jerônimo Da Serra;41;PR;nao metropolitana;mata atlantica;795,2;Cfb;10742;13,61;87,29;60,51
4124806;Episódico;Episódico/Epidêmico;Piorou;19,8;74;501,8;198,7;318,3;9,7;160;São João;41;PR;nao metropolitana;mata atlantica;574,01;Cfa;11683;40,07;94,07;66,64
4124905;Episódico/Epidêmico;Epidêmico;Piorou;23,2;67;371,6;296;259;5,3;203;São João Do Caiuá;41;PR;nao metropolitana;mata atlantica;395,51;Cfa;5585;43,6;97,41;90,67
4125001;Episódico/Epidêmico;Episódico/Epidêmico;Se manteve;21,2;72;435,3;242,3;308,7;7,7;193;São João Do Ivaí;41;PR;nao metropolitana;mata atlantica;391,67;Cfa;10665;8,55;97,28;80,68
4125100;Episódico;Episódico;Se manteve;17,8;79,7;521,1;123;361,7;6,3;121,3;São João Do Triunfo;41;PR;nao metropolitana;mata atlantica;845,44;Cfb;13725;10,18;91,22;39,76
4125209;Episódico/Epidêmico;Episódico/Epidêmico;Se manteve;20,2;75;548,1;212;332,7;9,3;183,3;São Jorge D'oeste;41;PR;nao metropolitana;mata atlantica;490,51;Cfa;9308;38,15;94,75;70,41
4125308;Episódico/Epidêmico;Epidêmico;Piorou;22,3;69,8;421,1;275,7;285;7;204,3;São Jorge Do Ivaí;41;PR;nao metropolitana;mata atlantica;383,1;Cfa;5159;82,96;98,39;89,66
4125357;Episódico/Epidêmico;Epidêmico;Piorou;23;71,4;437,4;283,3;299;8,3;220;São Jorge Do Patrocínio;41;PR;nao metropolitana;mata atlantica;269,58;Cfa;6520;1,56;99,75;77,47
4125407;Episódico;Episódico/Epidêmico;Piorou;20,4;73,6;394;212;335,7;4,7;188,3;São José Da Boa Vista;41;PR;nao metropolitana;mata atlantica;626,28;Cfa;5968;47,11;86,54;68,99
4125456;Episódico/Epidêmico;Episódico/Epidêmico;Se manteve;22,4;69,6;445,3;271,7;274,7;9,7;188;São José Das Palmeiras;41;PR;nao metropolitana;mata atlantica;346,63;Cfa;4063;2,05;89,86;67,7
4125506;Episódico/Epidêmico;Epidêmico;Piorou;17,2;83,2;524,2;100;362,3;5;97,7;São José Dos Pinhais;41;PR;metropolitana;mata atlantica;885,31;Cfb;327746;90,44;98,85;98,13
4125555;Episódico/Epidêmico;Episódico/Epidêmico;Se manteve;22,9;68;409,3;287;262;8,7;196,3;São Manoel Do Paraná;41;PR;nao metropolitana;mata atlantica;333,95;Cfa;2132;3,4;98,67;79,91
4125605;Episódico/Epidêmico;Episódico;Melhorou;17,6;80,2;516,3;119,7;363;7,3;119,3;São Mateus Do Sul;41;PR;nao metropolitana;mata atlantica;794,75;Cfb;44313;60,23;96,23;67,09
4125704;Epidêmico;Epidêmico;Se manteve;22,4;72,5;457,2;265;305,3;9,3;206,3;São Miguel Do Iguaçu;41;PR;nao metropolitana;mata atlantica;265,22;Cfa;29285;37,25;93,63;82,84
4125753;Episódico/Epidêmico;Episódico/Epidêmico;Se manteve;20,8;72,5;554,1;238,7;298;9,7;179,7;São Pedro Do Iguaçu;41;PR;nao metropolitana;mata atlantica;484,14;Cfa;6854;1,19;97,07;70,73
4125803;Episódico/Epidêmico;Episódico/Epidêmico;Se manteve;22;70,8;430,9;262;293,3;8,3;198,7;São Pedro Do Ivaí;41;PR;nao metropolitana;mata atlantica;378,72;Cfa;8691;46,94;95,7;90,52
4125902;Episódico/Epidêmico;Episódico;Melhorou;23,7;67,4;401,2;304;261,3;7,7;209,3;São Pedro Do Paraná;41;PR;nao metropolitana;mata atlantica;328,13;Cfa;2654;0,6;90,73;68,71
4126009;Episódico/Epidêmico;Epidêmico;Piorou;20,3;73,9;422,6;213,7;318;5;176,3;São Sebastião Da Amoreira;41;PR;nao metropolitana;mata atlantica;659,93;Cfa;8070;2,64;96,05;89,05
4126108;Episódico/Epidêmico;Episódico/Epidêmico;Se manteve;22,4;69,6;442,7;277;278,7;8,7;202;São Tomé;41;PR;nao metropolitana;mata atlantica;376,43;Cfa;5385;1,89;98,47;88,47
4126207;Episódico;Episódico/Epidêmico;Piorou;19,2;77,6;457,1;172,7;349,3;6,7;158,7;Sapopema;41;PR;nao metropolitana;mata atlantica;712,4;Cfa;6444;51,23;85,68;63,76
4126256;Epidêmico;Epidêmico;Se manteve;22,2;68,7;410,9;273,3;270,7;5,7;192,3;Sarandi;41;PR;nao metropolitana;mata atlantica;516,37;Cfa;126057;8,91;96,87;99
4126272;Episódico;Episódico/Epidêmico;Piorou;19;75,6;542,7;171,7;339,7;10;153,3;Saudade Do Iguaçu;41;PR;nao metropolitana;mata atlantica;613,51;Cfa;6137;1,9;95,05;61,68
4126306;Episódico;Episódico/Epidêmico;Piorou;19,1;76,1;433,1;167,3;343,3;4;152;Sengés;41;PR;nao metropolitana;mata atlantica;901,34;Cfb;17112;45,02;88,91;85,4
4126355;Episódico/Epidêmico;Epidêmico;Piorou;21,6;73,2;502,3;250,3;305,7;10,3;195;Serranópolis Do Iguaçu;41;PR;nao metropolitana;mata atlantica;278,19;Cfa;5034;9,68;93,7;93,97
4126405;Episódico/Epidêmico;Epidêmico;Piorou;22,9;67;336,7;292,3;261,3;5;198;Sertaneja;41;PR;nao metropolitana;mata atlantica;369,02;Cfa;5761;18,65;99,24;92
4126504;Epidêmico;Epidêmico;Se manteve;22,6;68,4;369,7;285;273,7;4,7;202,3;Sertanópolis;41;PR;nao metropolitana;mata atlantica;433,45;Cfa;16694;45,58;98,82;89,04
4126603;Episódico/Epidêmico;Episódico/Epidêmico;Se manteve;20,4;73,6;394;212;335,7;4,7;188,3;Siqueira Campos;41;PR;nao metropolitana;mata atlantica;651,03;Cfa;24083;67,84;92,36;90,02
4126652;Episódico;Episódico;Se manteve;19,7;75,7;569,5;197;339,7;11;175,3;Sulina;41;PR;nao metropolitana;mata atlantica;548,43;Cfa;3440;2,34;90,81;63,24
4126678;Epidêmico;Epidêmico;Se manteve;19,5;77,2;486,4;181;344,3;6,7;163,7;Tamarana;41;PR;nao metropolitana;mata atlantica;805,85;Cfa;12115;35,86;75,05;58,43
4126702;Episódico/Epidêmico;Episódico/Epidêmico;Se manteve;22,9;67,3;411,4;288;257,7;7,7;195;Tamboara;41;PR;nao metropolitana;mata atlantica;400,92;Cfa;4879;0,97;96,38;86,95
4126801;Episódico/Epidêmico;Episódico/Epidêmico;Se manteve;21,8;70,3;486,2;263,3;284,7;10;195,3;Tapejara;41;PR;nao metropolitana;mata atlantica;440,2;Cfa;15659;87,65;95,7;92,56
4126900;Episódico/Epidêmico;Epidêmico;Piorou;23,1;67,4;408,1;288,3;258,3;7;193,3;Tapira;41;PR;nao metropolitana;mata atlantica;318;Cfa;5743;9,13;95,49;65,87
4127007;Episódico;Episódico/Epidêmico;Piorou;18,1;78,2;456,9;137;356;5,3;130,3;Teixeira Soares;41;PR;nao metropolitana;mata atlantica;847,62;Cfb;9565;21,79;93,88;69,02
4127106;Episódico/Epidêmico;Epidêmico;Piorou;19;78,1;468,3;167;352;6,3;155;Telêmaco Borba;41;PR;nao metropolitana;mata atlantica;797,08;Cfb;73331;74,28;99,43;99,49
4127205;Episódico/Epidêmico;Episódico/Epidêmico;Se manteve;21,8;70,3;486,2;263,3;284,7;10;195,3;Terra Boa;41;PR;nao metropolitana;mata atlantica;442,01;Cfa;18654;31,69;99,32;92,12
4127304;Episódico/Epidêmico;Epidêmico;Piorou;23,2;67;371,6;296;259;5,3;203;Terra Rica;41;PR;nao metropolitana;mata atlantica;360,11;Cfa;14862;32,96;90,31;87,78
4127403;Episódico/Epidêmico;Epidêmico;Piorou;22,4;69,4;478,8;273,7;273,7;12,3;189,7;Terra Roxa;41;PR;nao metropolitana;mata atlantica;311,21;Cfa;18448;42,27;97,62;83,29
4127502;Episódico;Episódico/Epidêmico;Piorou;18,6;78,7;510;151;355,3;7,7;142,3;Tibagi;41;PR;nao metropolitana;mata atlantica;882,97;Cfb;18612;51,03;92,08;80,03
4127601;Episódico;Episódico;Se manteve;17,5;84,6;714,8;107,3;361,7;11,7;104,7;Tijucas Do Sul;41;PR;metropolitana;mata atlantica;933,08;Cfb;17717;47,16;91,86;82,69
4127700;Epidêmico;Epidêmico;Se manteve;21,4;71,5;507;250,3;291;11,7;185;Toledo;41;PR;nao metropolitana;mata atlantica;503,2;Cfa;156123;58,96;99,23;92,42
4127809;Episódico/Epidêmico;Episódico/Epidêmico;Se manteve;20,3;74;382,4;205,7;332,3;3,7;177,3;Tomazina;41;PR;nao metropolitana;mata atlantica;582,93;Cfa;9659;41,98;81,14;58,85
4127858;Episódico/Epidêmico;Epidêmico;Piorou;20,4;74,5;575,2;225,7;323,7;11,7;189;Três Barras Do Paraná;41;PR;nao metropolitana;mata atlantica;441,52;Cfa;11142;18,61;91,9;58,01
4127882;Sem transmissão;Sem transmissão;Se manteve;18,4;84,8;700,5;132,3;363;8;131;Tunas Do Paraná;41;PR;metropolitana;mata atlantica;886,2;Cfb;8617;5,18;61,88;91,86
4127908;Episódico/Epidêmico;Episódico/Epidêmico;Se manteve;22,4;68,5;475,7;278,3;266;11;190,7;Tuneiras Do Oeste;41;PR;nao metropolitana;mata atlantica;466,22;Cfa;10332;6,33;94,55;77,39
4127957;Episódico/Epidêmico;Episódico/Epidêmico;Se manteve;21,4;71,5;507;250,3;291;11,7;185;Tupãssi;41;PR;nao metropolitana;mata atlantica;549,13;Cfa;8088;19,3;93,75;82,71
4127965;Episódico;Episódico;Se manteve;17,5;78,8;551,3;97,7;348,3;8;90;Turvo;41;PR;nao metropolitana;mata atlantica;993,73;Cfb;16147;16,3;78,66;53,94
4128005;Episódico/Epidêmico;Epidêmico;Piorou;21;72,9;490,7;239,3;309,7;10,7;192,3;Ubiratã;41;PR;nao metropolitana;mata atlantica;420,47;Cfa;24733;24,72;97,51;86,73
4128104;Epidêmico;Epidêmico;Se manteve;22,6;68,7;479,4;282;269,7;11,3;194,7;Umuarama;41;PR;nao metropolitana;mata atlantica;380,96;Cfa;117148;79,54;98,96;94,7
4128203;Episódico/Epidêmico;Episódico/Epidêmico;Se manteve;16,7;81,6;488,3;87,3;362,7;6;87,3;União Da Vitória;41;PR;nao metropolitana;mata atlantica;915,26;Cfb;55238;82,61;96,49;93,88
4128302;Episódico/Epidêmico;Episódico/Epidêmico;Se manteve;22,9;67,3;411,4;288;257,7;7,7;195;Uniflor;41;PR;nao metropolitana;mata atlantica;458,82;Cfa;2136;1,69;88,42;83,09
4128401;Episódico/Epidêmico;Episódico/Epidêmico;Se manteve;21,6;70,5;393,8;253,3;293,3;6,3;191,3;Uraí;41;PR;nao metropolitana;mata atlantica;459,1;Cfa;10378;56,61;96,98;86,93
4128500;Episódico;Episódico/Epidêmico;Piorou;20,2;74,1;401,4;206;335,3;5,3;180,3;Wenceslau Braz;41;PR;nao metropolitana;mata atlantica;690,05;Cfa;18894;23,94;92,72;83,43
4128534;Episódico;Episódico/Epidêmico;Piorou;19,1;76,7;443,3;170,7;347,3;5,3;155,3;Ventania;41;PR;nao metropolitana;mata atlantica;844,93;Cfb;9682;16,68;93,27;77,14
4128559;Episódico/Epidêmico;Episódico/Epidêmico;Se manteve;22,2;70,4;477,7;264;280,3;10,3;184,7;Vera Cruz Do Oeste;41;PR;nao metropolitana;mata atlantica;524,43;Cfa;9326;42,27;91,71;80,4
4128609;Episódico/Epidêmico;Episódico/Epidêmico;Se manteve;19,8;74;501,8;198,7;318,3;9,7;160;Verê;41;PR;nao metropolitana;mata atlantica;553,22;Cfa;7929;27,41;92,52;57,61
4128625;Episódico;Episódico/Epidêmico;Piorou;19;74,3;512,9;172,7;317,7;8;136,7;Alto Paraíso;41;PR;nao metropolitana;mata atlantica;297,1;Cfa;3059;8,22;81,98;72,27
4128633;Episódico;Sem transmissão;Melhorou;17,8;81,6;562,9;121;359,7;5,3;116,7;Doutor Ulysses;41;PR;metropolitana;mata atlantica;769,46;Cfb;6216;57,03;71,16;27,36
4128658;Episódico;Episódico/Epidêmico;Piorou;18,9;75,4;535;164,7;335;9;144,3;Virmond;41;PR;nao metropolitana;mata atlantica;728,28;Cfa;3813;3,59;92,49;61,93
4128708;Episódico;Episódico/Epidêmico;Piorou;18,7;74,9;549,1;162;324,3;8,7;132;Vitorino;41;PR;nao metropolitana;mata atlantica;789,24;Cfb;9942;49,97;91,18;75,01
4128807;Episódico/Epidêmico;Episódico/Epidêmico;Se manteve;22,8;68;451,6;284;260,3;8,7;192;Xambrê;41;PR;nao metropolitana;mata atlantica;361,79;Cfa;5769;13,04;79,14;73,77
4200051;Sem transmissão;Sem transmissão;Se manteve;17,1;77,6;519,6;107,3;356,7;8,3;102;Abdon Batista;42;SC;nao metropolitana;mata atlantica;808,38;Cfb;2600;44,56;91,73;42,91
4200101;Episódico;Episódico/Epidêmico;Piorou;18,3;74,6;569,9;145,3;325;9,7;117;Abelardo Luz;42;SC;nao metropolitana;mata atlantica;892,41;Cfb;17389;13,06;91,45;58,9
4200200;Episódico;Episódico;Se manteve;16,4;83,6;540,7;77,7;364;5;77,7;Agrolândia;42;SC;nao metropolitana;mata atlantica;636,59;Cfb;11010;79,91;93,11;95,14
4200309;Episódico;Episódico;Se manteve;17,2;83,5;582,8;107,3;364;7,7;107,3;Agronômica;42;SC;nao metropolitana;mata atlantica;481,68;Cfa;6055;53,38;90,27;69,67
4200408;Episódico;Episódico;Se manteve;17,3;76,8;543,9;110,3;350,3;6,7;101;Água Doce;42;SC;nao metropolitana;mata atlantica;1180,29;Cfb;6286;71,5;88,88;72,35
4200507;Episódico;Episódico/Epidêmico;Piorou;20,3;72,7;520,5;208,7;310,7;12;159;Águas De Chapecó;42;SC;nao metropolitana;mata atlantica;329,51;Cfa;5872;10,73;90,86;54,03
4200556;Episódico;Episódico;Se manteve;19,3;73,9;556,5;175,7;323;13;139,7;Águas Frias;42;SC;nao metropolitana;mata atlantica;379,36;Cfa;2802;37,29;88,68;48,9
4200606;Sem transmissão;Episódico;Piorou;19,9;82,2;567;179,3;362,7;10;179;Águas Mornas;42;SC;metropolitana;mata atlantica;590,35;Cfb;6765;68,87;58,94;93,73
4200705;Episódico;Episódico;Se manteve;16,9;84,1;633,3;93;364;9;93;Alfredo Wagner;42;SC;metropolitana;mata atlantica;828,81;Cfb;10455;55,31;66,68;55,21
4200754;Sem transmissão;Episódico/Epidêmico;Piorou;18,6;74,1;495,5;157,3;331,7;9;130;Alto Bela Vista;42;SC;nao metropolitana;mata atlantica;453,26;Cfa;1859;40,12;89,53;58,7
4200804;Episódico;Episódico/Epidêmico;Piorou;19,7;73,3;524,7;199,7;309,3;9,3;150;Anchieta;42;SC;nao metropolitana;mata atlantica;620,55;Cfa;5942;15,78;92,97;62,17
4200903;Episódico;Episódico;Se manteve;17;85,2;632,1;92,3;363,3;8;92;Angelina;42;SC;metropolitana;mata atlantica;660,52;Cfb;5497;63,4;69,37;85,49
4201000;Sem transmissão;Sem transmissão;Se manteve;17,1;77,6;519,6;107,3;356,7;8,3;102;Anita Garibaldi;42;SC;nao metropolitana;mata atlantica;827,78;Cfb;8286;58,1;84,83;79,1
4201109;Sem transmissão;Episódico;Piorou;16,9;84,1;633,3;93;364;9;93;Anitápolis;42;SC;metropolitana;mata atlantica;764,95;Cfb;3463;58,05;81,11;90,6
4201208;Episódico;Episódico/Epidêmico;Piorou;18,4;83,8;632,9;136,3;362,7;10,3;136;Antônio Carlos;42;SC;metropolitana;mata atlantica;360,19;Cfa;11295;61,54;71,49;94,37
4201257;Episódico;Episódico;Se manteve;18,1;83,5;515,1;134,7;362,7;7,7;133,7;Apiúna;42;SC;nao metropolitana;mata atlantica;469,42;Cfa;11926;79,26;78,4;93,16
4201273;Episódico;Episódico;Se manteve;18,4;75;547,6;149,3;333;9,7;124;Arabutã;42;SC;nao metropolitana;mata atlantica;563,7;Cfa;4378;72,66;78,79;66,84
4201307;Episódico;Epidêmico;Piorou;21,3;81,9;619,5;225,7;362,3;12;225;Araquari;42;SC;nao metropolitana;mata atlantica;15,76;Cfa;45462;64,37;97,22;96,95
4201406;Episódico/Epidêmico;Episódico/Epidêmico;Se manteve;19,8;80,8;497,7;181;362,3;6,3;180,7;Araranguá;42;SC;nao metropolitana;mata atlantica;12,36;Cfa;72138;77,7;97,09;94,55
4201505;Sem transmissão;Episódico;Piorou;20,3;79,8;443,6;191,7;363,7;7,3;191,3;Armazém;42;SC;nao metropolitana;mata atlantica;214,06;Cfa;8825;81;82,27;81,08
4201604;Episódico;Episódico;Se manteve;17;78;534,5;97,7;355,7;7;92,3;Arroio Trinta;42;SC;nao metropolitana;mata atlantica;916,04;Cfb;3556;67,25;85,2;90,02
4201653;Episódico;Episódico;Se manteve;19,3;73,9;556,5;175,7;323;13;139,7;Arvoredo;42;SC;nao metropolitana;mata atlantica;591,11;Cfa;2539;45,47;81,24;35,61
4201703;Episódico;Episódico;Se manteve;18,3;85,3;683,5;133;362,7;10,3;132;Ascurra;42;SC;nao metropolitana;mata atlantica;272,79;Cfa;8408;86,95;96,73;99,36
4201802;Episódico;Episódico;Se manteve;16,4;83,6;540,7;77,7;364;5;77,7;Atalanta;42;SC;nao metropolitana;mata atlantica;598,89;Cfa;3218;81,35;92,03;78,45
4201901;Episódico;Episódico/Epidêmico;Piorou;17,2;83,5;582,8;107,3;364;7,7;107,3;Aurora;42;SC;nao metropolitana;mata atlantica;579,75;Cfa;6810;62,38;72,25;62,15
4201950;Episódico;Episódico;Se manteve;19,8;80,8;497,7;181;362,3;6,3;180,7;Balneário Arroio Do Silva;42;SC;nao metropolitana;mata atlantica;7,18;Cfa;15693;97,68;99,61;99,3
4202008;Epidêmico;Epidêmico;Se manteve;20,7;82,4;607,1;202,7;362,7;10,7;202,7;Balneário Camboriú;42;SC;nao metropolitana;mata atlantica;53,68;Cfa;140036;98,98;99,03;99,96
4202057;Episódico;Episódico/Epidêmico;Piorou;21,5;81,6;573,7;231,3;360,7;11;229,7;Balneário Barra Do Sul;42;SC;nao metropolitana;mata atlantica;13,68;Cfa;14885;83,72;99,06;99,41
4202073;Episódico;Episódico/Epidêmico;Piorou;20,1;81,1;420;190,3;359;6,7;188,3;Balneário Gaivota;42;SC;nao metropolitana;mata atlantica;7,53;Cfa;15353;95,16;98,65;97,89
4202081;Episódico;Episódico;Se manteve;20,2;74,7;523,1;211,3;316,7;11,7;167,3;Bandeirante;42;SC;nao metropolitana;mata atlantica;428,23;Cfa;3144;17,24;90,43;35,15
4202099;Episódico;Episódico/Epidêmico;Piorou;19,7;73,3;524,7;199,7;309,3;9,3;150;Barra Bonita;42;SC;nao metropolitana;mata atlantica;440,04;Cfa;1608;12,65;93,93;37,61
4202107;Episódico;Episódico/Epidêmico;Piorou;21,1;82,1;605,4;214,7;361,7;13;214,3;Barra Velha;42;SC;nao metropolitana;mata atlantica;33,03;Cfa;45633;88,52;98,64;96,69
4202131;Episódico;Sem transmissão;Melhorou;17;81,3;494,4;97;362,7;5,3;96,7;Bela Vista Do Toldo;42;SC;nao metropolitana;mata atlantica;909,04;Cfb;5863;27,83;96,55;23,42
4202156;Episódico;Episódico/Epidêmico;Piorou;20,3;73,6;513,4;214;311,3;11;165,3;Belmonte;42;SC;nao metropolitana;mata atlantica;442,83;Cfa;2703;13,78;89,38;56,51
4202206;Episódico;Episódico;Se manteve;18,3;85,3;683,5;133;362,7;10,3;132;Benedito Novo;42;SC;nao metropolitana;mata atlantica;624,9;Cfb;10484;78,29;83,3;91,21
4202305;Episódico/Epidêmico;Epidêmico;Piorou;20,3;81,6;575,6;190,7;363;10;190,3;Biguaçu;42;SC;metropolitana;mata atlantica;139,6;Cfa;78623;85,33;85,83;99,08
4202404;Episódico/Epidêmico;Transmissão Persistente;Piorou;19,5;83,6;620,6;171;363,3;9,3;170,7;Blumenau;42;SC;metropolitana;mata atlantica;244,81;Cfa;363340;92,22;98,04;99,76
4202438;Sem transmissão;Sem transmissão;Se manteve;16,2;83,9;582,3;72,7;364;6,3;72,7;Bocaina Do Sul;42;SC;nao metropolitana;mata atlantica;986;Cfb;3514;31,96;70,54;40,02
4202453;Episódico/Epidêmico;Epidêmico;Piorou;21;80,8;542,1;214,7;361,7;9,7;213,7;Bombinhas;42;SC;nao metropolitana;mata atlantica;38,82;Cfa;24416;94,56;94,34;99,87
4202503;Episódico;Episódico;Se manteve;14,6;81,1;615,1;17,7;358;8,7;17,7;Bom Jardim Da Serra;42;SC;nao metropolitana;mata atlantica;1322,33;Cfb;4362;41,16;79,2;66,97
4202537;Episódico;Episódico;Se manteve;18,3;74,6;569,9;145,3;325;9,7;117;Bom Jesus;42;SC;nao metropolitana;mata atlantica;695,1;Cfb;2721;57,7;94,12;66,45
4202578;Episódico;Episódico/Epidêmico;Piorou;19,8;73,1;549,1;197,3;317;12;154,3;Bom Jesus Do Oeste;42;SC;nao metropolitana;mata atlantica;635,64;Cfa;2182;19,68;95,68;58,87
4202602;Episódico;Episódico;Se manteve;15,2;84;607,3;36,7;364;5,3;36,7;Bom Retiro;42;SC;nao metropolitana;mata atlantica;1004,32;Cfb;8698;78,8;90,46;85,62
4202701;Episódico;Episódico/Epidêmico;Piorou;18,9;83,8;626,5;151,7;362,7;10,3;150,7;Botuverá;42;SC;nao metropolitana;mata atlantica;435,49;Cfa;5368;42,19;84,26;92,91
4202800;Episódico;Episódico/Epidêmico;Piorou;17,9;80,8;701,5;124,3;363,3;11,7;124;Braço Do Norte;42;SC;nao metropolitana;mata atlantica;230,27;Cfa;34113;72,25;94,72;92,07
4202859;Episódico;Episódico;Se manteve;16,6;83,8;602,6;85,7;364,3;7,7;85,7;Braço Do Trombudo;42;SC;nao metropolitana;mata atlantica;571,02;Cfa;3954;71,31;94,91;95,18
4202875;Sem transmissão;Sem transmissão;Se manteve;16,8;78,5;508,3;96,7;358,7;5,7;93;Brunópolis;42;SC;nao metropolitana;mata atlantica;875,16;Cfb;2488;40,56;80,11;55,3
4202909;Episódico/Epidêmico;Epidêmico;Piorou;18,6;85,1;637,1;144;362,7;8,7;143,3;Brusque;42;SC;nao metropolitana;mata atlantica;184,29;Cfa;141676;89,32;96,32;99,38
4203006;Episódico/Epidêmico;Episódico/Epidêmico;Se manteve;16,5;79,6;543,1;76;359;7;73,3;Caçador;42;SC;nao metropolitana;mata atlantica;1065,99;Cfb;74105;72,75;95,84;93,64
4203105;Episódico/Epidêmico;Episódico/Epidêmico;Se manteve;20,4;72,8;507,2;212,7;308,7;11;161;Caibi;42;SC;nao metropolitana;mata atlantica;351,7;Cfa;6199;22,37;82,92;61,55
4203154;Sem transmissão;Sem transmissão;Se manteve;16,1;81,2;543,5;59,3;362;7,7;59,3;Calmon;42;SC;nao metropolitana;mata atlantica;1157,78;Cfb;3465;63,92;96,55;67,93
4203204;Episódico/Epidêmico;Epidêmico;Piorou;19,5;83,6;620,6;171;363,3;9,3;170,7;Camboriú;42;SC;nao metropolitana;mata atlantica;177,06;Cfa;112167;89,73;97,16;99,68
4203253;Sem transmissão;Sem transmissão;Se manteve;15,7;79,6;506,3;56;360;7;55,3;Capão Alto;42;SC;nao metropolitana;mata atlantica;950,22;Cfb;2892;37,07;73,37;53,13
4203303;Episódico;Episódico/Epidêmico;Piorou;18,8;84,2;785,2;146;362,3;14;145;Campo Alegre;42;SC;nao metropolitana;mata atlantica;915,21;Cfb;12318;90,09;90,44;85,67
4203402;Sem transmissão;Episódico;Piorou;16;80;517,6;66,3;362,3;7;65,3;Campo Belo Do Sul;42;SC;nao metropolitana;mata atlantica;897,98;Cfb;7345;64,93;89,38;64,46
4203501;Episódico;Episódico/Epidêmico;Piorou;19,3;73,8;564,6;184;317;10,7;144,3;Campo Erê;42;SC;nao metropolitana;mata atlantica;798,18;Cfb;9562;24,18;94,07;71,19
4203600;Episódico;Episódico;Se manteve;17,1;77,6;530,2;105,3;355,7;7,3;100;Campos Novos;42;SC;nao metropolitana;mata atlantica;852,13;Cfb;36976;71,98;96,61;85,25
4203709;Episódico;Episódico/Epidêmico;Piorou;18,9;83,8;626,5;151,7;362,7;10,3;150,7;Canelinha;42;SC;metropolitana;mata atlantica;161,56;Cfa;12759;48,49;89,2;96,01
4203808;Episódico;Episódico/Epidêmico;Piorou;17,7;80,5;499,5;121,7;363,3;7,7;121;Canoinhas;42;SC;nao metropolitana;mata atlantica;831,38;Cfb;54848;62,64;97,99;86,04
4203907;Episódico;Episódico;Se manteve;18,4;74,1;499,5;151,3;332,3;8;125,7;Capinzal;42;SC;nao metropolitana;mata atlantica;649,04;Cfb;23184;62,56;94,93;95,38
4203956;Episódico;Episódico/Epidêmico;Piorou;20,3;79,8;443,6;191,7;363,7;7,3;191,3;Capivari De Baixo;42;SC;nao metropolitana;mata atlantica;13,56;Cfa;22873;94,35;97,86;99,7
4204004;Episódico;Episódico;Se manteve;18,1;74,9;538,1;139,3;331,3;10;115;Catanduvas;42;SC;nao metropolitana;mata atlantica;910,34;Cfb;10565;69,24;96,75;88,8
4204103;Episódico;Episódico/Epidêmico;Piorou;19,9;73,1;538,6;195,3;314,3;11;150,7;Caxambu Do Sul;42;SC;nao metropolitana;mata atlantica;362,01;Cfa;4614;14,96;82,22;55,54
4204152;Sem transmissão;Sem transmissão;Se manteve;16,9;78,4;517,7;100;359,3;8,3;96,3;Celso Ramos;42;SC;nao metropolitana;mata atlantica;734,09;Cfb;2802;35,1;90,49;71,47
4204178;Sem transmissão;Sem transmissão;Se manteve;16,6;79,4;499,3;87,3;362;7,3;85,7;Cerro Negro;42;SC;nao metropolitana;mata atlantica;867,31;Cfb;3318;26,64;82,64;26,91
4204194;Sem transmissão;Episódico;Piorou;16,4;83,6;540,7;77,7;364;5;77,7;Chapadão Do Lageado;42;SC;nao metropolitana;mata atlantica;603,42;Cfb;2949;54,31;76,56;48,8
4204202;Epidêmico;Epidêmico;Se manteve;19,3;73,9;556,5;175,7;323;13;139,7;Chapecó;42;SC;metropolitana;mata atlantica;581,79;Cfa;251150;63,7;92,53;95,13
4204251;Episódico;Episódico;Se manteve;19;80,3;607,7;160,7;363,3;7,7;160,3;Cocal Do Sul;42;SC;nao metropolitana;mata atlantica;101,55;Cfa;17241;70,04;98,58;98,05
4204301;Episódico/Epidêmico;Epidêmico;Piorou;18,6;74,1;495,5;157,3;331,7;9;130;Concórdia;42;SC;nao metropolitana;mata atlantica;589,59;Cfa;81625;80,32;96,02;91,1
4204350;Episódico;Episódico/Epidêmico;Piorou;18,7;74,9;562,5;161;331,7;12;133,7;Cordilheira Alta;42;SC;nao metropolitana;mata atlantica;643,6;Cfa;4735;40,16;59,21;64,87
4204400;Episódico/Epidêmico;Epidêmico;Piorou;19,4;73,3;550,1;182,7;319,3;11,7;143;Coronel Freitas;42;SC;nao metropolitana;mata atlantica;462,49;Cfa;10303;56,66;92,84;62,29
4204459;Episódico;Episódico;Se manteve;19,3;73,8;564,6;184;317;10,7;144,3;Coronel Martins;42;SC;nao metropolitana;mata atlantica;617,25;Cfa;2069;22,9;79,27;52,03
4204509;Episódico;Episódico;Se manteve;18,8;84,2;785,2;146;362,3;14;145;Corupá;42;SC;nao metropolitana;mata atlantica;576,45;Cfb;15287;75,51;91,85;94,34
4204558;Sem transmissão;Episódico;Piorou;16,1;82;509,6;69;364,7;6;69;Correia Pinto;42;SC;nao metropolitana;mata atlantica;906,46;Cfb;15720;69,72;94,66;85,47
4204608;Episódico/Epidêmico;Episódico/Epidêmico;Se manteve;20,1;81,1;429,1;187;362,3;5,7;186,3;Criciúma;42;SC;metropolitana;mata atlantica;50,64;Cfa;231088;91,81;98,46;99,43
4204707;Episódico/Epidêmico;Episódico/Epidêmico;Se manteve;20,1;72,9;539,7;207,7;310,3;12;158,7;Cunha Porã;42;SC;nao metropolitana;mata atlantica;525,87;Cfa;10904;25,79;93,82;68,87
4204756;Episódico;Episódico;Se manteve;19,9;73,1;538,6;195,3;314,3;11;150,7;Cunhataí;42;SC;nao metropolitana;mata atlantica;462,62;Cfa;1757;25,77;93,28;47,91
4204806;Episódico;Episódico;Se manteve;16,6;79,8;474,9;86;362,3;5,7;85,3;Curitibanos;42;SC;nao metropolitana;mata atlantica;914,13;Cfb;40289;67,61;90,68;92,81
4204905;Episódico;Episódico/Epidêmico;Piorou;20,3;73,6;513,4;214;311,3;11;165,3;Descanso;42;SC;nao metropolitana;mata atlantica;441,97;Cfa;8559;13,89;89,13;60,15
4205001;Episódico;Episódico/Epidêmico;Piorou;19,8;74,5;542,8;203,7;311,7;10;157;Dionísio Cerqueira;42;SC;nao metropolitana;mata atlantica;721,99;Cfa;14989;41,36;96,32;70,5
4205100;Sem transmissão;Episódico;Piorou;17,9;84;577,3;125,7;363;9,3;124,7;Dona Emma;42;SC;nao metropolitana;mata atlantica;521,83;Cfa;4006;60,02;93,91;71,82
4205159;Episódico;Sem transmissão;Melhorou;17,9;85;767,2;119,3;363;12;118,3;Doutor Pedrinho;42;SC;nao metropolitana;mata atlantica;792,95;Cfb;3670;60,87;78,44;87,65
4205175;Episódico;Episódico/Epidêmico;Piorou;18,6;74,4;579;154,7;326;12;125;Entre Rios;42;SC;nao metropolitana;mata atlantica;499,14;Cfa;3322;8,42;82,92;26,96
4205191;Episódico;Episódico;Se manteve;18,9;81,3;618,4;155,7;362,3;8,3;155,3;Ermo;42;SC;nao metropolitana;mata atlantica;22,25;Cfa;2270;92;94,46;76,93
4205209;Episódico;Episódico;Se manteve;18,4;74,1;499,5;151,3;332,3;8;125,7;Erval Velho;42;SC;nao metropolitana;mata atlantica;758,13;Cfb;4824;58,88;90,71;77,12
4205308;Episódico;Episódico;Se manteve;18,6;74,4;579;154,7;326;12;125;Faxinal Dos Guedes;42;SC;nao metropolitana;mata atlantica;843,65;Cfb;10965;70,56;88,03;93,04
4205357;Episódico;Episódico;Se manteve;20,3;72,7;511,5;214,3;306;11,7;160,7;Flor Do Sertão;42;SC;nao metropolitana;mata atlantica;373,05;Cfa;1784;14,89;98,39;30,38
4205407;Epidêmico;Transmissão Persistente;Piorou;20;81,9;571,4;183,7;363,3;9,7;183,3;Florianópolis;42;SC;metropolitana;mata atlantica;45,05;Cfa;574200;88,66;96,7;99,82
4205431;Episódico;Episódico/Epidêmico;Piorou;19,4;73,3;550,1;182,7;319,3;11,7;143;Formosa Do Sul;42;SC;nao metropolitana;mata atlantica;592,8;Cfa;2682;64,94;83,4;86,85
4205456;Episódico;Episódico;Se manteve;19;80,3;607,7;160,7;363,3;7,7;160,3;Forquilhinha;42;SC;nao metropolitana;mata atlantica;19,09;Cfa;31692;80,83;99,1;94,45
4205506;Episódico;Episódico/Epidêmico;Piorou;17;78;534,5;97,7;355,7;7;92,3;Fraiburgo;42;SC;nao metropolitana;mata atlantica;1000,09;Cfb;33662;72,07;92,61;89,22
4205555;Sem transmissão;Sem transmissão;Se manteve;16,6;79,8;474,9;86;362,3;5,7;85,3;Frei Rogério;42;SC;nao metropolitana;mata atlantica;865,89;Cfb;2411;36,11;72,34;53,41
4205605;Episódico;Episódico;Se manteve;18,7;74,5;527,7;157,3;323,7;7,7;127;Galvão;42;SC;nao metropolitana;mata atlantica;721,49;Cfb;3219;10,55;93,2;68,52
4205704;Episódico/Epidêmico;Episódico/Epidêmico;Se manteve;20,2;81,8;516,7;188,3;364;8;188,3;Garopaba;42;SC;metropolitana;mata atlantica;85,36;Cfa;29801;47,07;90,53;98,86
4205803;Episódico;Epidêmico;Piorou;19,5;84,1;827,8;167,7;362,7;15;166,7;Garuva;42;SC;nao metropolitana;mata atlantica;360,52;Cfa;18697;58,18;85,17;97,59
4205902;Episódico/Epidêmico;Episódico/Epidêmico;Se manteve;20,1;83,2;610,6;189,3;362,7;10,7;189;Gaspar;42;SC;nao metropolitana;mata atlantica;138,03;Cfa;73053;87,4;98,38;99,17
4206009;Episódico;Episódico;Se manteve;20,3;81,6;575,6;190,7;363;10;190,3;Governador Celso Ramos;42;SC;metropolitana;mata atlantica;85,3;Cfa;17306;74,71;94,51;99,06
4206108;Episódico;Episódico;Se manteve;18,2;81,4;601,8;133;364;9,7;132,7;Grão Pará;42;SC;nao metropolitana;mata atlantica;430,58;Cfa;6149;68,45;82,91;67,3
4206207;Episódico;Episódico;Se manteve;19,6;79;522,8;174,3;363;9;173,7;Gravatal;42;SC;nao metropolitana;mata atlantica;143,79;Cfa;14022;78,16;69,56;83,47
4206306;Episódico;Episódico/Epidêmico;Piorou;18,6;85,1;637,1;144;362,7;8,7;143,3;Guabiruba;42;SC;nao metropolitana;mata atlantica;241,98;Cfa;24578;92,96;92,09;98,98
4206405;Episódico/Epidêmico;Episódico/Epidêmico;Se manteve;19,8;74,1;524,3;203;311,3;10,3;155,3;Guaraciaba;42;SC;nao metropolitana;mata atlantica;553,7;Cfa;11154;46,6;88,68;68,36
4206504;Episódico/Epidêmico;Episódico/Epidêmico;Se manteve;20,5;82,8;613,3;200;362;10,7;199;Guaramirim;42;SC;nao metropolitana;mata atlantica;59,51;Cfa;46502;78,33;96,68;98,72
4206603;Episódico;Episódico/Epidêmico;Piorou;19,7;73,3;524,7;199,7;309,3;9,3;150;Guarujá Do Sul;42;SC;nao metropolitana;mata atlantica;683,34;Cfa;4819;35,92;97,3;74,46
4206652;Episódico;Episódico/Epidêmico;Piorou;18,9;74,4;566,4;164;325,3;11,7;130,3;Guatambú;42;SC;nao metropolitana;mata atlantica;504,04;Cfa;8400;14,28;87,2;44,52
4206702;Episódico;Episódico;Se manteve;17,3;76,8;543,9;110,3;350,3;6,7;101;Herval D'oeste;42;SC;nao metropolitana;mata atlantica;787,44;Cfb;21339;89,76;95,87;91,3
4206751;Sem transmissão;Episódico;Piorou;17;78;534,5;97,7;355,7;7;92,3;Ibiam;42;SC;nao metropolitana;mata atlantica;893,99;Cfb;2003;46,56;95,36;42,08
4206801;Episódico;Episódico;Se manteve;17,3;76,8;543,9;110,3;350,3;6,7;101;Ibicaré;42;SC;nao metropolitana;mata atlantica;755,38;Cfb;3267;71,05;91,55;70,14
4206900;Episódico;Episódico/Epidêmico;Piorou;18,1;83,5;515,1;134,7;362,7;7,7;133,7;Ibirama;42;SC;nao metropolitana;mata atlantica;432,62;Cfa;21425;92,59;95,72;94,38
4207007;Episódico;Episódico/Epidêmico;Piorou;20,1;81,1;429,1;187;362,3;5,7;186,3;Içara;42;SC;nao metropolitana;mata atlantica;22,22;Cfa;64456;74,08;97,94;93,03
4207106;Episódico;Episódico/Epidêmico;Piorou;20,5;82;590;194,7;362,7;11;194,3;Ilhota;42;SC;nao metropolitana;mata atlantica;104,7;Cfa;20319;53,85;86,58;96,96
4207205;Episódico;Episódico;Se manteve;20,3;79,8;443,6;191,7;363,7;7,3;191,3;Imaruí;42;SC;nao metropolitana;mata atlantica;169,65;Cfa;12331;70,21;71,73;55,77
4207304;Episódico/Epidêmico;Episódico/Epidêmico;Se manteve;20,2;81,8;516,7;188,3;364;8;188,3;Imbituba;42;SC;nao metropolitana;mata atlantica;31,22;Cfa;54258;61,56;97,83;98,23
4207403;Episódico;Episódico;Se manteve;17,3;84,7;553,4;108;363,7;6,7;107,7;Imbuia;42;SC;nao metropolitana;mata atlantica;746,93;Cfb;5988;58,39;88,92;79,03
4207502;Episódico/Epidêmico;Epidêmico;Piorou;19,3;84,4;649,9;164,7;362,3;9,7;164;Indaial;42;SC;nao metropolitana;mata atlantica;388,68;Cfa;71369;88,46;98,66;98,48
4207577;Sem transmissão;Sem transmissão;Se manteve;17,3;76,8;543,9;110,3;350,3;6,7;101;Iomerê;42;SC;nao metropolitana;mata atlantica;861,99;Cfb;2865;41,6;97,07;97,52
4207601;Episódico;Episódico/Epidêmico;Piorou;18,3;74,3;505,3;150,7;333,7;10,7;125,3;Ipira;42;SC;nao metropolitana;mata atlantica;581,55;Cfa;4580;62,62;92,28;81,97
4207650;Episódico/Epidêmico;Episódico/Epidêmico;Se manteve;20,4;72,8;507,2;212,7;308,7;11;161;Iporã Do Oeste;42;SC;nao metropolitana;mata atlantica;432,28;Cfa;9333;33,29;94,84;71,84
4207684;Episódico;Episódico/Epidêmico;Piorou;18,3;74,6;569,9;145,3;325;9,7;117;Ipuaçu;42;SC;nao metropolitana;mata atlantica;661,77;Cfa;7726;8,95;59,42;35,68
4207700;Episódico;Episódico/Epidêmico;Piorou;18,7;74,9;562,5;161;331,7;12;133,7;Ipumirim;42;SC;nao metropolitana;mata atlantica;751,26;Cfb;7815;65;84,02;94,05
4207759;Episódico;Episódico;Se manteve;20,3;72,7;511,5;214,3;306;11,7;160,7;Iraceminha;42;SC;nao metropolitana;mata atlantica;419,49;Cfa;3987;16,25;87,63;37,09
4207809;Episódico;Episódico;Se manteve;18,4;75;547,6;149,3;333;9,7;124;Irani;42;SC;nao metropolitana;mata atlantica;886,77;Cfb;10014;46,66;91,69;78,09
4207858;Episódico;Episódico;Se manteve;19,3;73,8;564,6;184;317;10,7;144,3;Irati;42;SC;nao metropolitana;mata atlantica;547,95;Cfa;2069;1,36;97,28;62,84
4207908;Episódico;Episódico;Se manteve;17;81,3;494,4;97,3;362,7;5,3;97;Irineópolis;42;SC;nao metropolitana;mata atlantica;830;Cfb;10298;46,98;90,75;72,01
4208005;Episódico;Episódico/Epidêmico;Piorou;18,6;75,4;553,3;158;337,7;11;133,7;Itá;42;SC;nao metropolitana;mata atlantica;428,8;Cfa;7063;66,68;88,02;84,2
4208104;Episódico;Episódico;Se manteve;17,4;81,7;511,3;111,7;363,3;6,7;111,3;Itaiópolis;42;SC;nao metropolitana;mata atlantica;812,19;Cfb;22065;50,38;93,5;66,89
4208203;Epidêmico;Epidêmico;Se manteve;20,7;82,4;607,1;202,7;362,7;10,7;202,7;Itajaí;42;SC;metropolitana;mata atlantica;67,55;Cfa;291169;89,05;97,93;99,81
4208302;Episódico/Epidêmico;Epidêmico;Piorou;20,5;82;590;194,7;362,7;11;194,3;Itapema;42;SC;nao metropolitana;mata atlantica;125,12;Cfa;76247;87,79;93,66;99,81
4208401;Episódico;Episódico/Epidêmico;Piorou;20,5;73,3;509,7;214,7;311,3;11;164,7;Itapiranga;42;SC;nao metropolitana;mata atlantica;272,97;Cfa;16503;60,81;96,36;73,61
4208450;Episódico;Episódico/Epidêmico;Piorou;21;82,6;705,7;219,3;363;14;218,7;Itapoá;42;SC;nao metropolitana;mata atlantica;27,51;Cfa;30731;90,29;97,35;98,19
4208500;Episódico;Episódico/Epidêmico;Piorou;16,4;84,5;554,1;74,7;363,7;6,3;74,7;Ituporanga;42;SC;nao metropolitana;mata atlantica;554,88;Cfa;26694;81,6;90,97;72,28
4208609;Episódico;Episódico;Se manteve;17,7;75,6;546,1;125,3;338,3;8,3;107;Jaborá;42;SC;nao metropolitana;mata atlantica;785,38;Cfb;4314;44,62;74,31;56,32
4208708;Episódico;Episódico;Se manteve;19,4;81,7;531;168;362;6,7;168;Jacinto Machado;42;SC;nao metropolitana;mata atlantica;228,72;Cfa;10624;83,56;83,68;71,47
4208807;Episódico;Episódico;Se manteve;20;79,6;475,4;185,7;363;7;185,3;Jaguaruna;42;SC;nao metropolitana;mata atlantica;18,67;Cfa;19538;77,61;97,56;93,87
4208906;Episódico/Epidêmico;Epidêmico;Piorou;20,5;82,8;613,3;200;362;10,7;199;Jaraguá Do Sul;42;SC;nao metropolitana;mata atlantica;316,14;Cfa;193304;88,3;97,98;99,4
4208955;Episódico;Episódico;Se manteve;19,4;73,3;550,1;182,7;319,3;11,7;143;Jardinópolis;42;SC;nao metropolitana;mata atlantica;515,64;Cfa;1785;24,44;93,84;55,97
4209003;Episódico/Epidêmico;Episódico/Epidêmico;Se manteve;17,7;75,7;508,4;129;346,7;8;115;Joaçaba;42;SC;nao metropolitana;mata atlantica;761,95;Cfb;29976;85,45;97,25;94,59
4209102;Epidêmico;Transmissão Persistente;Piorou;20,3;83,1;711,5;196,7;362,3;13;195,7;Joinville;42;SC;metropolitana;mata atlantica;311,33;Cfa;617979;75,74;98,29;99,85
4209151;Episódico;Episódico;Se manteve;17,9;84;577,3;125,7;363;9,3;124,7;José Boiteux;42;SC;nao metropolitana;mata atlantica;609,5;Cfb;5991;79,26;89,52;78,5
4209177;Episódico;Episódico;Se manteve;18,7;74,5;527,7;157,3;323,7;7,7;127;Jupiá;42;SC;nao metropolitana;mata atlantica;765,95;Cfb;2542;1,78;94,06;47,1
4209201;Episódico;Sem transmissão;Melhorou;18,4;74,1;499,5;151,3;332,3;8;125,7;Lacerdópolis;42;SC;nao metropolitana;mata atlantica;665,42;Cfb;2256;87,28;72,11;90,31
4209300;Episódico/Epidêmico;Episódico/Epidêmico;Se manteve;15,8;81,1;516,3;62;363;5,7;61,7;Lages;42;SC;nao metropolitana;mata atlantica;986,79;Cfb;164881;85,93;98,84;98,11
4209409;Episódico/Epidêmico;Episódico/Epidêmico;Se manteve;20,7;80,6;409,7;201;360,3;6,7;199,7;Laguna;42;SC;nao metropolitana;mata atlantica;18,99;Cfa;41269;68,24;87,42;96,53
4209458;Sem transmissão;Episódico;Piorou;19,4;73,3;550,1;182,7;319,3;11,7;143;Lajeado Grande;42;SC;nao metropolitana;mata atlantica;593,94;Cfa;1682;22,4;76,47;53,39
4209508;Episódico;Episódico;Se manteve;18,1;83,5;515,1;134,7;362,7;7,7;133,7;Laurentino;42;SC;nao metropolitana;mata atlantica;480,81;Cfa;7524;78,14;94,15;89,57
4209607;Episódico;Episódico;Se manteve;17,9;80,8;701,5;124,3;363,3;11,7;124;Lauro Müller;42;SC;nao metropolitana;mata atlantica;471;Cfa;14192;73,07;92,53;92,34
4209706;Sem transmissão;Sem transmissão;Se manteve;16;81,4;579;61,3;361,3;7,7;61;Lebon Régis;42;SC;nao metropolitana;mata atlantica;1104,73;Cfb;11553;48,54;94,39;68,45
4209805;Sem transmissão;Sem transmissão;Se manteve;16,4;84,5;554,1;74,7;363,7;6,3;74,7;Leoberto Leal;42;SC;metropolitana;mata atlantica;727,44;Cfb;3334;42,4;77,35;36,11
4209854;Episódico;Episódico;Se manteve;18,4;75;547,6;149,3;333;9,7;124;Lindóia Do Sul;42;SC;nao metropolitana;mata atlantica;799,58;Cfb;4549;74,67;95,61;86,33
4209904;Episódico;Episódico/Epidêmico;Piorou;17,3;84,7;553,4;108;363,7;6,7;107,7;Lontras;42;SC;nao metropolitana;mata atlantica;531,23;Cfa;12913;75,51;94,3;94,26
4210001;Episódico;Episódico;Se manteve;20,5;82,8;613,3;200;362;10,7;199;Luiz Alves;42;SC;nao metropolitana;mata atlantica;194,49;Cfa;12249;41,9;81,57;88,31
4210035;Episódico;Episódico;Se manteve;17,3;76,8;543,9;110,3;350,3;6,7;101;Luzerna;42;SC;nao metropolitana;mata atlantica;763,13;Cfb;5760;82,36;93,43;90,55
4210050;Sem transmissão;Episódico;Piorou;16,4;79;583,4;71;355,3;8;67;Macieira;42;SC;nao metropolitana;mata atlantica;1095,43;Cfb;1778;31,4;83,12;72,96
4210100;Episódico/Epidêmico;Episódico/Epidêmico;Se manteve;17,5;80,9;515,4;115;363;6,7;114,3;Mafra;42;SC;nao metropolitana;mata atlantica;850,59;Cfb;55463;75,46;95,52;82,4
4210209;Episódico;Episódico;Se manteve;18,9;83,8;626,5;151,7;362,7;10,3;150,7;Major Gercino;42;SC;metropolitana;mata atlantica;600,54;Cfb;3887;53,16;77,37;85,06
4210308;Episódico;Sem transmissão;Melhorou;17,3;81,4;507,3;107,7;363;7;107,3;Major Vieira;42;SC;nao metropolitana;mata atlantica;861,38;Cfb;7359;36,81;95,85;58,39
4210407;Episódico;Episódico;Se manteve;18,9;81,3;618,4;155,7;362,3;8,3;155,3;Maracajá;42;SC;nao metropolitana;mata atlantica;13,28;Cfa;7825;86,68;98,19;97,64
4210506;Episódico/Epidêmico;Epidêmico;Piorou;20,3;72,7;511,5;214,3;306;11,7;160,7;Maravilha;42;SC;nao metropolitana;mata atlantica;566,84;Cfa;28045;42,16;96,6;91,2
4210555;Episódico;Episódico;Se manteve;19,8;73,1;549,1;197,3;317;12;154,3;Marema;42;SC;nao metropolitana;mata atlantica;482,24;Cfa;2177;16,72;52,43;55,85
4210605;Episódico;Episódico/Epidêmico;Piorou;19,4;83,9;709;162,3;362,3;12;161,3;Massaranduba;42;SC;nao metropolitana;mata atlantica;168,34;Cfa;18922;86,02;95,55;85,87
4210704;Sem transmissão;Sem transmissão;Se manteve;16,5;81,4;489;77;362,7;6,7;77;Matos Costa;42;SC;nao metropolitana;mata atlantica;1099,08;Cfb;2762;29,18;90,64;64,34
4210803;Sem transmissão;Episódico;Piorou;17,1;82,2;692,4;100,7;361,7;10;99,7;Meleiro;42;SC;nao metropolitana;mata atlantica;32,09;Cfa;6940;88,46;95,2;68,27
4210852;Sem transmissão;Sem transmissão;Se manteve;17,2;83,5;582,8;107,3;364;7,7;107,3;Mirim Doce;42;SC;nao metropolitana;mata atlantica;707,87;Cfb;2502;79,26;79,39;54,74
4210902;Episódico;Episódico/Epidêmico;Piorou;20,1;72,9;539,7;207,7;310,3;12;158,7;Modelo;42;SC;nao metropolitana;mata atlantica;522,33;Cfa;4085;25,37;97,8;80,28
4211009;Episódico;Epidêmico;Piorou;20,5;73,3;509,7;214,7;311,3;11;164,7;Mondaí;42;SC;nao metropolitana;mata atlantica;284,18;Cfa;9961;27,16;97,03;73,33
4211058;Sem transmissão;Sem transmissão;Se manteve;16,7;78,7;503,5;88;357,7;5,3;84,3;Monte Carlo;42;SC;nao metropolitana;mata atlantica;959,11;Cfb;9131;45,45;96,41;89,4
4211108;Episódico;Episódico;Se manteve;17,4;81,7;511,3;111,7;363,3;6,7;111,3;Monte Castelo;42;SC;nao metropolitana;mata atlantica;922,48;Cfb;7754;42,33;95,52;78,05
4211207;Episódico;Episódico;Se manteve;20;79,6;475,4;185,7;363;7;185,3;Morro Da Fumaça;42;SC;nao metropolitana;mata atlantica;42,76;Cfa;18687;54,04;91,44;96,31
4211256;Sem transmissão;Sem transmissão;Se manteve;17,1;82,2;692,4;100,7;361,7;10;99,7;Morro Grande;42;SC;nao metropolitana;mata atlantica;355,88;Cfa;2982;98,09;90,9;70,79
4211306;Episódico/Epidêmico;Epidêmico;Piorou;20,7;82,4;607,1;202,7;362,7;10,7;202,7;Navegantes;42;SC;nao metropolitana;mata atlantica;34,74;Cfa;88655;87,57;97,44;99,6
4211405;Episódico;Episódico/Epidêmico;Piorou;19,8;73,1;549,1;197,3;317;12;154,3;Nova Erechim;42;SC;nao metropolitana;mata atlantica;375,68;Cfa;5179;88,33;98,58;82,86
4211454;Episódico;Episódico/Epidêmico;Piorou;19,3;73,9;556,5;175,7;323;13;139,7;Nova Itaberaba;42;SC;nao metropolitana;mata atlantica;441,68;Cfa;4432;10,28;73,94;49,34
4211504;Episódico;Episódico/Epidêmico;Piorou;17,7;85,5;638,6;116,3;363,3;9,7;115,7;Nova Trento;42;SC;metropolitana;mata atlantica;389,08;Cfa;13645;70,56;85,07;84,06
4211603;Episódico;Episódico;Se manteve;19,8;80,8;497,7;181;362,3;6,3;180,7;Nova Veneza;42;SC;nao metropolitana;mata atlantica;170,15;Cfa;13396;72,02;96,44;91,89
4211652;Episódico;Episódico/Epidêmico;Piorou;19,1;73,5;542;174,3;316,3;9,3;136,3;Novo Horizonte;42;SC;nao metropolitana;mata atlantica;701,47;Cfa;2652;18,75;85,66;39,22
4211702;Episódico;Episódico;Se manteve;17,9;80,8;701,5;124,3;363,3;11,7;124;Orleans;42;SC;nao metropolitana;mata atlantica;413,74;Cfa;23531;73,11;90,75;79,21
4211751;Episódico;Episódico;Se manteve;16,2;83,9;582,3;72,7;364;6,3;72,7;Otacílio Costa;42;SC;nao metropolitana;mata atlantica;873,01;Cfb;17357;85,44;98,18;96,59
4211801;Episódico;Episódico;Se manteve;18,4;74,1;499,5;151,3;332,3;8;125,7;Ouro;42;SC;nao metropolitana;mata atlantica;650,78;Cfb;7025;88,4;91,78;88,19
4211850;Episódico;Episódico;Se manteve;17,7;75,7;597,1;122,7;334,7;10,7;104;Ouro Verde;42;SC;nao metropolitana;mata atlantica;822,52;Cfb;2168;18,61;90,77;60,17
4211876;Episódico;Episódico;Se manteve;18,9;74,4;566,4;164;325,3;11,7;130,3;Paial;42;SC;nao metropolitana;mata atlantica;418,93;Cfa;1931;20,8;94,35;47,45
4211892;Sem transmissão;Sem transmissão;Se manteve;14,3;82;570,5;13;360,7;6,7;13;Painel;42;SC;nao metropolitana;mata atlantica;1195,84;Cfb;2199;50,28;81,07;50,54
4211900;Episódico/Epidêmico;Epidêmico;Piorou;20;81,9;571,4;183,7;363,3;9,7;183,3;Palhoça;42;SC;metropolitana;mata atlantica;162,36;Cfa;236638;84,12;94,96;99,21
4212007;Episódico;Episódico/Epidêmico;Piorou;19,2;74,2;513,3;183;315;9;143;Palma Sola;42;SC;nao metropolitana;mata atlantica;740,21;Cfb;7601;16,11;93,94;79,42
4212056;Sem transmissão;Sem transmissão;Se manteve;16,1;82;509,6;69;364,7;6;69;Palmeira;42;SC;nao metropolitana;mata atlantica;874,39;Cfb;2627;48,44;82,76;58,75
4212106;Episódico;Epidêmico;Piorou;20,4;72,7;530,2;212,7;308,3;11,3;161;Palmitos;42;SC;nao metropolitana;mata atlantica;349,16;Cfa;15627;15,4;94,99;71,46
4212205;Episódico;Episódico/Epidêmico;Piorou;17,4;81,7;511,3;111,7;363,3;6,7;111,3;Papanduva;42;SC;nao metropolitana;mata atlantica;752,14;Cfb;19132;68,11;95,61;64,58
4212239;Episódico;Episódico;Se manteve;19,9;74,8;541,2;204;312,3;11,7;157;Paraíso;42;SC;nao metropolitana;mata atlantica;475,5;Cfa;4437;11,88;88,44;45,92
4212254;Episódico;Episódico;Se manteve;18,5;82,6;618,9;143,3;363;10,3;143;Passo De Torres;42;SC;nao metropolitana;mata atlantica;6,64;Cfa;12875;17,29;96,23;97,9
4212270;Sem transmissão;Episódico;Piorou;17,7;75,7;597,1;122,7;334,7;10,7;104;Passos Maia;42;SC;nao metropolitana;mata atlantica;1028,71;Cfb;4025;49,4;87,22;49,23
4212304;Episódico;Episódico;Se manteve;19,9;82,2;567;179,3;362,7;10;179;Paulo Lopes;42;SC;metropolitana;mata atlantica;343,36;Cfa;9326;34,72;68,07;97,16
4212403;Sem transmissão;Episódico;Piorou;19,6;79;522,8;174,3;363;9;173,7;Pedras Grandes;42;SC;nao metropolitana;mata atlantica;241,01;Cfa;4233;57,1;79,03;77,99
4212502;Episódico/Epidêmico;Epidêmico;Piorou;20,1;83,2;610,6;189,3;362,7;10,7;189;Penha;42;SC;nao metropolitana;mata atlantica;48,91;Cfa;33400;91,16;96,62;99,37
4212601;Episódico;Episódico;Se manteve;18,6;74,1;495,5;157,3;331,7;9;130;Peritiba;42;SC;nao metropolitana;mata atlantica;588,23;Cfa;2993;71,84;94,13;86,57
4212650;Episódico;Episódico/Epidêmico;Piorou;20,3;79,8;443,6;191,7;363,7;7,3;191,3;Pescaria Brava;42;SC;nao metropolitana;mata atlantica;10;Cfa;10224;0;0;0
4212700;Episódico;Episódico;Se manteve;16,2;83,9;582,3;72,7;364;6,3;72,7;Petrolândia;42;SC;nao metropolitana;mata atlantica;684,21;Cfb;6718;45,81;83,04;82,51
4212809;Episódico/Epidêmico;Epidêmico;Piorou;20,1;83,2;610,6;189,3;362,7;10,7;189;Balneário Piçarras;42;SC;nao metropolitana;mata atlantica;28,21;Cfa;28177;91,33;99,01;98,23
4212908;Episódico/Epidêmico;Episódico/Epidêmico;Se manteve;20,1;72,9;539,7;207,7;310,3;12;158,7;Pinhalzinho;42;SC;nao metropolitana;mata atlantica;462,36;Cfa;21495;95,2;96,12;90,48
4213005;Episódico;Sem transmissão;Melhorou;17,3;76,8;543,9;110,3;350,3;6,7;101;Pinheiro Preto;42;SC;nao metropolitana;mata atlantica;800,17;Cfb;3469;61,59;87,99;93,46
4213104;Episódico;Episódico;Se manteve;18,3;74,3;505,3;150,7;333,7;10,7;125,3;Piratuba;42;SC;nao metropolitana;mata atlantica;538,63;Cfa;5746;50,58;85,35;73,24
4213153;Episódico;Episódico/Epidêmico;Piorou;19,9;73,1;538,6;195,3;314,3;11;150,7;Planalto Alegre;42;SC;nao metropolitana;mata atlantica;471,96;Cfa;2946;15,92;91,42;50,24
4213203;Episódico/Epidêmico;Episódico/Epidêmico;Se manteve;19,4;83,9;709;162,3;362,3;12;161,3;Pomerode;42;SC;nao metropolitana;mata atlantica;222,09;Cfa;34699;92,66;97,54;98,2
4213302;Sem transmissão;Sem transmissão;Se manteve;16,4;82,3;526;76,7;364,3;6,7;76,7;Ponte Alta;42;SC;nao metropolitana;mata atlantica;903,84;Cfb;4437;41,29;89,32;88,07
4213351;Episódico;Sem transmissão;Melhorou;16,4;82,6;610,5;74,3;363,7;8;74,3;Ponte Alta Do Norte;42;SC;nao metropolitana;mata atlantica;1026,77;Cfb;3217;84,73;96,64;93,99
4213401;Episódico;Episódico;Se manteve;17,7;75,7;597,1;122,7;334,7;10,7;104;Ponte Serrada;42;SC;nao metropolitana;mata atlantica;1020,69;Cfb;10414;42,8;86,6;89,06
4213500;Episódico/Epidêmico;Epidêmico;Piorou;21;80,8;542,1;214,7;361,7;9,7;213,7;Porto Belo;42;SC;nao metropolitana;mata atlantica;79,53;Cfa;27726;77,53;87,2;98,47
4213609;Episódico/Epidêmico;Episódico/Epidêmico;Se manteve;16,7;81,6;488,3;87,3;362,7;6;87,3;Porto União;42;SC;nao metropolitana;mata atlantica;965,76;Cfb;32190;76,37;96,63;92,4
4213708;Episódico;Episódico/Epidêmico;Piorou;16,6;83,8;602,6;85,7;364,3;7,7;85,7;Pouso Redondo;42;SC;nao metropolitana;mata atlantica;525,06;Cfa;17143;85,15;94,26;76,22
4213807;Episódico;Episódico;Se manteve;17,8;82,5;718,1;121;361,7;11,3;120,3;Praia Grande;42;SC;nao metropolitana;mata atlantica;322,49;Cfa;8131;77,53;85,38;87,24
4213906;Sem transmissão;Episódico/Epidêmico;Piorou;18,4;74,1;499,5;151,3;332,3;8;125,7;Presidente Castello Branco;42;SC;nao metropolitana;mata atlantica;682,29;Cfb;1692;37,38;86,54;98,13
4214003;Episódico;Episódico;Se manteve;18,1;83,5;515,1;134,7;362,7;7,7;133,7;Presidente Getúlio;42;SC;nao metropolitana;mata atlantica;479,2;Cfa;21231;87,47;95,56;91,42
4214102;Sem transmissão;Episódico;Piorou;17,5;83,2;507,2;118;363,7;5,7;117,7;Presidente Nereu;42;SC;nao metropolitana;mata atlantica;567,25;Cfb;2300;59,48;85,27;87,58
4214151;Episódico;Episódico;Se manteve;19,7;73,3;524,7;199,7;309,3;9,3;150;Princesa;42;SC;nao metropolitana;mata atlantica;614,73;Cfa;2964;23,35;95,45;66,47
4214201;Episódico;Episódico/Epidêmico;Piorou;19,1;73,5;542;174,3;316,3;9,3;136,3;Quilombo;42;SC;nao metropolitana;mata atlantica;488,1;Cfa;11027;35,31;87,98;61,92
4214300;Sem transmissão;Sem transmissão;Se manteve;18,4;83,4;628,2;137,7;364;9,7;137,3;Rancho Queimado;42;SC;metropolitana;mata atlantica;883,42;Cfb;3252;53,6;74;91,94
4214409;Sem transmissão;Sem transmissão;Se manteve;16,7;78,7;503,5;88;357,7;5,3;84,3;Rio Das Antas;42;SC;nao metropolitana;mata atlantica;939,14;Cfb;6221;43,97;91,25;77,73
4214508;Sem transmissão;Episódico;Piorou;17,1;83,4;643,2;98,3;363;9;98;Rio Do Campo;42;SC;nao metropolitana;mata atlantica;732,41;Cfb;6447;74,69;92,07;82,27
4214607;Episódico;Sem transmissão;Melhorou;17,5;83,2;507,2;118;363,7;5,7;117,7;Rio Do Oeste;42;SC;nao metropolitana;mata atlantica;413,95;Cfa;7623;68,91;89,61;89,28
4214706;Episódico;Episódico;Se manteve;19,3;84,4;649,9;164,7;362,3;9,7;164;Rio Dos Cedros;42;SC;nao metropolitana;mata atlantica;669,2;Cfb;10879;82,15;84,88;96,96
4214805;Episódico/Epidêmico;Episódico/Epidêmico;Se manteve;18,1;83,5;515,1;134,7;362,7;7,7;133,7;Rio Do Sul;42;SC;nao metropolitana;mata atlantica;528,51;Cfa;70952;84,05;97,52;98,37
4214904;Episódico;Episódico/Epidêmico;Piorou;18,2;81,4;601,8;133;364;9,7;132,7;Rio Fortuna;42;SC;nao metropolitana;mata atlantica;378,52;Cfa;4885;31,02;81,86;81,17
4215000;Episódico/Epidêmico;Episódico/Epidêmico;Se manteve;17;83,3;595;95;362,3;7,7;94;Rio Negrinho;42;SC;nao metropolitana;mata atlantica;913,98;Cfb;38531;79,43;99,37;96,74
4215059;Sem transmissão;Sem transmissão;Se manteve;15;83,6;577,7;28,3;363,3;5,7;28,3;Rio Rufino;42;SC;nao metropolitana;mata atlantica;1133,89;Cfb;2432;53,43;75,89;85,34
4215075;Episódico;Episódico/Epidêmico;Piorou;20,4;72,8;507,2;212,7;308,7;11;161;Riqueza;42;SC;nao metropolitana;mata atlantica;339,18;Cfa;4769;25,73;93,58;58,73
4215109;Episódico;Episódico/Epidêmico;Piorou;18,6;85,1;637,1;144;362,7;8,7;143,3;Rodeio;42;SC;nao metropolitana;mata atlantica;273,04;Cfa;12715;87,34;88,89;92,64
4215208;Episódico;Episódico;Se manteve;20,1;72,9;539,7;207,7;310,3;12;158,7;Romelândia;42;SC;nao metropolitana;mata atlantica;470,03;Cfa;4826;8,07;93,7;48,4
4215307;Episódico;Episódico/Epidêmico;Piorou;17,9;82,8;532,3;128,7;363;8;128;Salete;42;SC;nao metropolitana;mata atlantica;620,89;Cfb;7502;59,79;88,64;78,8
4215356;Episódico;Episódico;Se manteve;19,4;73,7;565;190,7;315,3;11,3;148,7;Saltinho;42;SC;nao metropolitana;mata atlantica;669,89;Cfa;3626;32,79;94,65;44,35
4215406;Episódico;Episódico;Se manteve;16,4;79;583,4;71;355,3;8;67;Salto Veloso;42;SC;nao metropolitana;mata atlantica;983,71;Cfb;4416;83,19;88,96;92,11
4215455;Episódico;Episódico;Se manteve;20;79,6;475,4;185,7;363;7;185,3;Sangão;42;SC;nao metropolitana;mata atlantica;38,69;Cfa;12995;18,05;83,07;88,78
4215505;Episódico;Episódico;Se manteve;16,2;83,1;673,1;67,7;362,7;9,3;67,7;Santa Cecília;42;SC;nao metropolitana;mata atlantica;1100,92;Cfb;15247;76,74;94,89;91,34
4215554;Episódico;Episódico/Epidêmico;Piorou;20,4;72,8;507,2;212,7;308,7;11;161;Santa Helena;42;SC;nao metropolitana;mata atlantica;411,19;Cfa;2427;10,67;89,61;58,31
4215604;Episódico;Episódico;Se manteve;16,6;82,5;687,3;80,3;362,7;10,7;80,3;Santa Rosa De Lima;42;SC;nao metropolitana;mata atlantica;499,01;Cfa;2002;54,74;70,55;74,71
4215653;Episódico;Episódico;Se manteve;19,4;81,7;531;168;362;6,7;168;Santa Rosa Do Sul;42;SC;nao metropolitana;mata atlantica;32,77;Cfa;9308;81,92;92,46;92,57
4215679;Episódico;Sem transmissão;Melhorou;17,1;83,4;643,2;98,3;363;9;98;Santa Terezinha;42;SC;nao metropolitana;mata atlantica;632,84;Cfb;8061;41,02;88;45,1
4215687;Episódico;Episódico;Se manteve;19,7;73,3;524,7;199,7;309,3;9,3;150;Santa Terezinha Do Progresso;42;SC;nao metropolitana;mata atlantica;546,96;Cfa;2580;20,51;92,63;23,5
4215695;Episódico;Episódico/Epidêmico;Piorou;19,1;73,5;542;174,3;316,3;9,3;136,3;Santiago Do Sul;42;SC;nao metropolitana;mata atlantica;599,78;Cfa;1642;16,94;97,21;69,84
4215703;Episódico;Episódico/Epidêmico;Piorou;19,9;82,2;567;179,3;362,7;10;179;Santo Amaro Da Imperatriz;42;SC;metropolitana;mata atlantica;495,82;Cfa;28260;83,9;84,51;98,26
4215752;Episódico;Episódico;Se manteve;18,7;74,9;549,1;162;324,3;8,7;132;São Bernardino;42;SC;nao metropolitana;mata atlantica;690;Cfa;2651;3,43;82,61;34,27
4215802;Episódico/Epidêmico;Episódico/Epidêmico;Se manteve;17,2;83,4;630,2;103,3;361,3;8,7;101;São Bento Do Sul;42;SC;nao metropolitana;mata atlantica;781,59;Cfb;82760;94,86;99,28;98,27
4215901;Episódico;Episódico/Epidêmico;Piorou;18,4;83,4;628,2;137,7;364;9,7;137,3;São Bonifácio;42;SC;metropolitana;mata atlantica;614,83;Cfb;2950;61,81;69,51;89,22
4216008;Episódico;Episódico/Epidêmico;Piorou;20,3;72,7;520,5;208,7;310,7;12;159;São Carlos;42;SC;nao metropolitana;mata atlantica;372,66;Cfa;10279;21,84;94,42;76,93
4216057;Episódico;Sem transmissão;Melhorou;16,6;79,8;474,9;86;362,3;5,7;85,3;São Cristóvão Do Sul;42;SC;nao metropolitana;mata atlantica;1066,17;Cfb;6092;60,03;96,4;88,25
4216107;Episódico;Episódico;Se manteve;19,1;73,5;542;174,3;316,3;9,3;136,3;São Domingos;42;SC;nao metropolitana;mata atlantica;678,62;Cfa;8984;16,5;90,96;67,82
4216206;Episódico/Epidêmico;Epidêmico;Piorou;20,3;83,1;711,5;196,7;362,3;13;195,7;São Francisco Do Sul;42;SC;nao metropolitana;mata atlantica;38,25;Cfa;52428;76,56;96,88;99,01
4216255;Episódico;Episódico/Epidêmico;Piorou;20,5;73,3;509,7;214,7;311,3;11;164,7;São João Do Oeste;42;SC;nao metropolitana;mata atlantica;369,61;Cfa;6287;21,56;92,41;52,57
4216305;Episódico;Episódico/Epidêmico;Piorou;18,9;83,8;626,5;151,7;362,7;10,3;150,7;São João Batista;42;SC;metropolitana;mata atlantica;247,95;Cfa;32360;80,92;93,06;98,5
4216354;Episódico;Episódico;Se manteve;20,5;82,8;613,3;200;362;10,7;199;São João Do Itaperiú;42;SC;nao metropolitana;mata atlantica;51,72;Cfa;4484;56,3;96,75;95,96
4216404;Episódico;Episódico;Se manteve;19,7;81,7;478,6;175,3;359,7;7,7;174,3;São João Do Sul;42;SC;nao metropolitana;mata atlantica;10,1;Cfa;8642;57,56;79,44;89,94
4216503;Episódico;Episódico;Se manteve;15;79,5;500;31,3;358,3;7;31;São Joaquim;42;SC;nao metropolitana;mata atlantica;1165,7;Cfb;26026;73,91;92,57;76,79
4216602;Episódico/Epidêmico;Epidêmico;Piorou;18,4;83,8;632,9;136,3;362,7;10,3;136;São José;42;SC;metropolitana;mata atlantica;67,98;Cfa;287409;94,39;98,24;99,79
4216701;Episódico/Epidêmico;Episódico/Epidêmico;Se manteve;19,2;74,2;513,3;183;315;9;143;São José Do Cedro;42;SC;nao metropolitana;mata atlantica;585,36;Cfa;15100;31,52;97,81;70,76
4216800;Episódico;Sem transmissão;Melhorou;15,8;81,1;516,3;62;363;5,7;61,7;São José Do Cerrito;42;SC;nao metropolitana;mata atlantica;888,42;Cfb;8708;35,34;68,52;28,94
4216909;Episódico;Episódico/Epidêmico;Piorou;18,7;74,9;549,1;162;324,3;8,7;132;São Lourenço Do Oeste;42;SC;nao metropolitana;mata atlantica;730,17;Cfb;24774;38,25;94,35;75,39
4217006;Episódico;Episódico;Se manteve;17,9;80,8;701,5;124,3;363,3;11,7;124;São Ludgero;42;SC;nao metropolitana;mata atlantica;217,17;Cfa;13431;86,16;94,05;87,8
4217105;Episódico;Episódico;Se manteve;19,4;81,7;545,4;166;364,3;8,7;165,7;São Martinho;42;SC;nao metropolitana;mata atlantica;277,97;Cfa;3654;68,27;80,2;85
4217154;Episódico;Episódico;Se manteve;20,1;72,9;539,7;207,7;310,3;12;158,7;São Miguel Da Boa Vista;42;SC;nao metropolitana;mata atlantica;492,01;Cfa;1768;7,47;97,11;32,76
4217204;Episódico/Epidêmico;Epidêmico;Piorou;20,3;72,7;511,5;214,3;306;11,7;160,7;São Miguel Do Oeste;42;SC;nao metropolitana;mata atlantica;541,7;Cfa;43946;71,13;91,87;93,57
4217253;Episódico;Episódico/Epidêmico;Piorou;18,4;83,8;632,9;136,3;362,7;10,3;136;São Pedro De Alcântara;42;SC;metropolitana;mata atlantica;421,19;Cfa;5693;78,27;83,64;92,58
4217303;Episódico;Episódico/Epidêmico;Piorou;19,9;73,1;538,6;195,3;314,3;11;150,7;Saudades;42;SC;nao metropolitana;mata atlantica;426,89;Cfa;10272;27,96;88,67;94,1
4217402;Episódico;Episódico/Epidêmico;Piorou;20,5;82,8;613,3;200;362;10,7;199;Schroeder;42;SC;nao metropolitana;mata atlantica;246,73;Cfa;20213;62,4;92,45;99,21
4217501;Episódico/Epidêmico;Epidêmico;Piorou;18,7;75;512,3;159,3;337;9;135,3;Seara;42;SC;nao metropolitana;mata atlantica;594,01;Cfa;18623;67,92;88,3;93,21
4217550;Episódico;Episódico;Se manteve;19,8;73,1;549,1;197,3;317;12;154,3;Serra Alta;42;SC;nao metropolitana;mata atlantica;574,65;Cfa;3314;24,01;95,43;56,66
4217600;Episódico;Episódico;Se manteve;17,5;81,3;718,9;112;362,3;12;111,3;Siderópolis;42;SC;nao metropolitana;mata atlantica;354,23;Cfa;13862;85,24;85,62;96,05
4217709;Episódico;Episódico;Se manteve;17,8;82,6;673,4;121,3;362,3;10,3;120,7;Sombrio;42;SC;nao metropolitana;mata atlantica;28,32;Cfa;29503;79,1;96,69;96,15
4217758;Episódico;Episódico/Epidêmico;Piorou;19,3;73,8;564,6;184;317;10,7;144,3;Sul Brasil;42;SC;nao metropolitana;mata atlantica;496,93;Cfa;2878;19,51;94,36;38,78
4217808;Episódico;Episódico/Epidêmico;Piorou;17;83,7;658,2;96,7;363,3;9;96,3;Taió;42;SC;nao metropolitana;mata atlantica;600,21;Cfa;18282;78,58;89,79;75,38
4217907;Episódico;Episódico;Se manteve;17,3;76,8;543,9;110,3;350,3;6,7;101;Tangará;42;SC;nao metropolitana;mata atlantica;879,77;Cfb;8153;50,82;89,93;59,89
4217956;Episódico;Episódico;Se manteve;19,4;73,7;565;190,7;315,3;11,3;148,7;Tigrinhos;42;SC;nao metropolitana;mata atlantica;620,38;Cfa;2325;5,83;98,29;59,52
4218004;Episódico/Epidêmico;Epidêmico;Piorou;20,5;82;590;194,7;362,7;11;194,3;Tijucas;42;SC;metropolitana;mata atlantica;101,53;Cfa;49474;87,49;96,82;98,87
4218103;Sem transmissão;Sem transmissão;Se manteve;17,1;82,2;692,4;100,7;361,7;10;99,7;Timbé Do Sul;42;SC;nao metropolitana;mata atlantica;426,71;Cfa;5377;66,94;78,7;74,68
4218202;Episódico/Epidêmico;Episódico/Epidêmico;Se manteve;18,3;85,3;683,5;133;362,7;10,3;132;Timbó;42;SC;nao metropolitana;mata atlantica;172,13;Cfa;46144;60,26;99,02;99,55
4218251;Sem transmissão;Sem transmissão;Se manteve;16,2;81,6;522,9;63,3;362,7;7;63,3;Timbó Grande;42;SC;nao metropolitana;mata atlantica;1047,35;Cfb;7368;38,08;92,86;71,15
4218301;Episódico/Epidêmico;Episódico;Melhorou;17,7;80,5;499,5;121,7;363,3;7,7;121;Três Barras;42;SC;nao metropolitana;mata atlantica;798,87;Cfb;19782;68,42;96,04;93,11
4218350;Episódico;Sem transmissão;Melhorou;17,5;81,3;718,9;112;362,3;12;111,3;Treviso;42;SC;nao metropolitana;mata atlantica;378,61;Cfa;3783;95,16;95,42;99,09
4218400;Episódico;Episódico;Se manteve;19;80,3;607,7;160,7;363,3;7,7;160,3;Treze De Maio;42;SC;nao metropolitana;mata atlantica;160,35;Cfa;7354;66,39;77,39;71,53
4218509;Episódico;Episódico;Se manteve;17,7;75,6;546,1;125,3;338,3;8,3;107;Treze Tílias;42;SC;nao metropolitana;mata atlantica;901,84;Cfb;8803;93,96;90,21;89,73
4218608;Episódico;Episódico/Epidêmico;Piorou;17,2;83,5;582,8;107,3;364;7,7;107,3;Trombudo Central;42;SC;nao metropolitana;mata atlantica;414,01;Cfa;7074;50,31;91,75;95,71
4218707;Episódico/Epidêmico;Episódico/Epidêmico;Se manteve;20,4;80,2;423,4;194,3;361,7;7;193,7;Tubarão;42;SC;nao metropolitana;mata atlantica;89,5;Cfa;114389;91,59;93,39;99,05
4218756;Episódico;Episódico/Epidêmico;Piorou;20,3;73,6;513,4;214;311,3;11;165,3;Tunápolis;42;SC;nao metropolitana;mata atlantica;375,83;Cfa;5018;9,24;95,84;60,68
4218806;Episódico;Episódico;Se manteve;18,9;81,3;618,4;155,7;362,3;8,3;155,3;Turvo;42;SC;nao metropolitana;mata atlantica;59,99;Cfa;12993;90,68;79,94;83,4
4218855;Episódico;Episódico;Se manteve;19,8;73,1;549,1;197,3;317;12;154,3;União Do Oeste;42;SC;nao metropolitana;mata atlantica;466,48;Cfa;2782;3,63;87,3;44,56
4218905;Episódico;Episódico;Se manteve;14,9;83,1;690,2;22,7;362,7;9,7;22,7;Urubici;42;SC;nao metropolitana;mata atlantica;1292,06;Cfb;11156;79,9;82,84;92,03
4218954;Sem transmissão;Sem transmissão;Se manteve;14,9;83,1;690,2;22,7;362,7;9,7;22,7;Urupema;42;SC;nao metropolitana;mata atlantica;1259,31;Cfb;2719;38,71;78,44;91,93
4219002;Episódico;Episódico;Se manteve;19;80,3;607,7;160,7;363,3;7,7;160,3;Urussanga;42;SC;nao metropolitana;mata atlantica;238,21;Cfa;20915;84,87;92,16;94,09
4219101;Episódico;Episódico;Se manteve;18,6;74,4;579;154,7;326;12;125;Vargeão;42;SC;nao metropolitana;mata atlantica;903,44;Cfb;3585;50,14;77,39;76,25
4219150;Episódico;Episódico;Se manteve;16,8;78,5;508,3;96,7;358,7;5,7;93;Vargem;42;SC;nao metropolitana;mata atlantica;875,25;Cfb;2621;13,12;81,13;46,1
4219176;Episódico;Episódico;Se manteve;18,1;74,9;538,1;139,3;331,3;10;115;Vargem Bonita;42;SC;nao metropolitana;mata atlantica;1047,43;Cfb;4572;52,75;85,26;77,81
4219200;Episódico;Episódico/Epidêmico;Piorou;17;85,2;632,1;92,3;363,3;8;92;Vidal Ramos;42;SC;nao metropolitana;mata atlantica;659,36;Cfb;6160;25,57;80,85;58,96
4219309;Episódico/Epidêmico;Episódico/Epidêmico;Se manteve;17,3;76,8;543,9;110,3;350,3;6,7;101;Videira;42;SC;nao metropolitana;mata atlantica;875,24;Cfb;55921;86,87;98,39;94,33
4219358;Episódico;Episódico;Se manteve;18,1;83,5;515,1;134,7;362,7;7,7;133,7;Vitor Meireles;42;SC;nao metropolitana;mata atlantica;566,67;Cfa;5362;76,36;91,04;61,55
4219408;Episódico;Episódico;Se manteve;18,1;83,5;515,1;134,7;362,7;7,7;133,7;Witmarsum;42;SC;nao metropolitana;mata atlantica;533,38;Cfa;4314;76,04;89,08;86,04
4219507;Episódico/Epidêmico;Epidêmico;Piorou;19,4;73,3;550,1;182,7;319,3;11,7;143;Xanxerê;42;SC;nao metropolitana;mata atlantica;747,06;Cfb;50998;59,29;69,66;91,08
4219606;Episódico;Episódico/Epidêmico;Piorou;18,7;74,9;562,5;161;331,7;12;133,7;Xavantina;42;SC;nao metropolitana;mata atlantica;724,42;Cfb;3654;60,65;86,94;83,63
4219705;Episódico/Epidêmico;Episódico/Epidêmico;Se manteve;18,7;74,9;562,5;161;331,7;12;133,7;Xaxim;42;SC;nao metropolitana;mata atlantica;657,94;Cfa;31625;50,52;94,47;86,29
4219853;Sem transmissão;Episódico;Piorou;17,7;75,7;506,2;129;346,3;8;113,7;Zortéa;42;SC;nao metropolitana;mata atlantica;715;Cfb;3925;35,29;96,08;90,39
4220000;Episódico;Episódico;Se manteve;19,8;80,8;497,7;181;362,3;6,3;180,7;Balneário Rincão;42;SC;nao metropolitana;mata atlantica;5;Cfa;15880;0;0;0
4300034;Episódico;Episódico;Se manteve;17,8;76,7;392,2;141;347;8,3;125,3;Aceguá;43;RS;nao metropolitana;pampa;150,86;Cfa;4156;81,89;63,06;42,74
4300059;Episódico;Episódico/Epidêmico;Piorou;17,4;76,8;529,6;121,3;346;10,7;105,3;Água Santa;43;RS;nao metropolitana;mata atlantica;731,53;Cfb;4345;63,26;75,8;79,92
4300109;Episódico;Episódico/Epidêmico;Piorou;19,5;75,5;424,3;179;337;8;152,3;Agudo;43;RS;nao metropolitana;mata atlantica;222,24;Cfa;16740;69,7;88,17;68,68
4300208;Episódico;Episódico/Epidêmico;Piorou;19,6;71,4;467,1;186,7;295,3;11;126;Ajuricaba;43;RS;nao metropolitana;mata atlantica;371,48;Cfa;6707;17,71;93,24;67,47
4300307;Episódico;Episódico/Epidêmico;Piorou;20,9;70,6;478,6;222;287,7;13;149,7;Alecrim;43;RS;nao metropolitana;mata atlantica;208,51;Cfa;6169;13,07;94,9;95,71
4300406;Episódico/Epidêmico;Episódico;Melhorou;19,7;71,5;374;184,7;302;8,7;128,7;Alegrete;43;RS;nao metropolitana;pampa;113,55;Cfa;71945;78,01;96,94;89
4300455;Episódico;Episódico;Se manteve;20,5;70,3;490,1;211,7;284,7;12;140,3;Alegria;43;RS;nao metropolitana;mata atlantica;333,87;Cfa;3652;11,4;92,22;51,04
4300471;Sem transmissão;Episódico;Piorou;19;73,3;537,8;168,7;313,3;12;125;Almirante Tamandaré Do Sul;43;RS;nao metropolitana;pampa;541,09;Cfa;1967;22,53;76,78;70,46
4300505;Episódico;Episódico/Epidêmico;Piorou;20;72,5;525,1;197,7;309,3;12,3;147,3;Alpestre;43;RS;nao metropolitana;mata atlantica;381,92;Cfa;7065;17,71;89,76;32,75
4300554;Sem transmissão;Episódico;Piorou;19,1;73,9;446,4;170,3;320,3;10,3;130,7;Alto Alegre;43;RS;nao metropolitana;mata atlantica;414,55;Cfa;1800;19,58;98,55;48,15
4300570;Sem transmissão;Episódico;Piorou;18,7;80;521,5;157,7;361;9;153;Alto Feliz;43;RS;nao metropolitana;mata atlantica;406,43;Cfa;3061;74,17;93,19;92,89
4300604;Episódico/Epidêmico;Episódico/Epidêmico;Se manteve;19,7;78,5;455;179,7;362,3;8;176,3;Alvorada;43;RS;metropolitana;pampa;31,76;Cfa;185921;87,86;98,9;99,44
4300638;Sem transmissão;Sem transmissão;Se manteve;18,6;78,8;425,7;157,7;355,3;9;149,7;Amaral Ferrador;43;RS;nao metropolitana;pampa;118,8;Cfa;5268;18,91;92,21;40,88
4300646;Episódico;Episódico/Epidêmico;Piorou;20,2;72,6;523,5;199;307,7;12,7;147,3;Ametista Do Sul;43;RS;nao metropolitana;mata atlantica;369,88;Cfa;7529;28,99;88,67;59,18
4300661;Sem transmissão;Sem transmissão;Se manteve;17,2;78,2;508,2;118;355,7;7,7;110;André Da Rocha;43;RS;nao metropolitana;mata atlantica;666,82;Cfb;1129;53,18;95,53;71,53
4300703;Episódico;Episódico;Se manteve;18,1;79,1;483;146,7;354;8,3;135;Anta Gorda;43;RS;nao metropolitana;mata atlantica;451,76;Cfa;5962;51,01;95,54;74,34
4300802;Episódico;Episódico/Epidêmico;Piorou;17,2;78,2;508,2;118;355,7;7,7;110;Antônio Prado;43;RS;nao metropolitana;mata atlantica;597,74;Cfb;14292;85,89;95,35;94,92
4300851;Sem transmissão;Sem transmissão;Se manteve;19,4;78,6;390,4;169,3;356,7;7;165,7;Arambaré;43;RS;nao metropolitana;pampa;11,16;Cfa;4109;68,59;99,18;91,74
4300877;Episódico;Episódico;Se manteve;18,7;80;521,5;157,7;361;9;153;Araricá;43;RS;metropolitana;mata atlantica;50,02;Cfa;8293;75,82;91,12;99,05
4300901;Sem transmissão;Episódico/Epidêmico;Piorou;18,5;75,1;531,2;154,3;336;11;130,3;Aratiba;43;RS;nao metropolitana;mata atlantica;552,35;Cfa;6495;74,95;81,05;86,46
4301008;Episódico;Episódico/Epidêmico;Piorou;18,6;79,3;496,1;159,3;354,3;10;147,7;Arroio Do Meio;43;RS;nao metropolitana;mata atlantica;131,92;Cfa;21961;50,27;97,98;98,55
4301057;Episódico;Episódico;Se manteve;18,2;82,5;603,2;137,3;364;11,3;136,7;Arroio Do Sal;43;RS;nao metropolitana;mata atlantica;7,65;Cfa;11082;55,41;98,11;99,24
4301073;Sem transmissão;Episódico;Piorou;18,1;80;461,4;145;357;9,7;138,7;Arroio Do Padre;43;RS;nao metropolitana;pampa;169,05;Cfa;2638;58,33;81,5;45,2
4301107;Episódico;Episódico;Se manteve;19,2;77,3;423,4;170;350,3;7,3;155,7;Arroio Dos Ratos;43;RS;metropolitana;pampa;137,09;Cfa;14555;68,53;98,76;95,51
4301206;Episódico;Episódico/Epidêmico;Piorou;18,7;76,4;460,7;161;339,3;8;136,7;Arroio Do Tigre;43;RS;nao metropolitana;mata atlantica;334,75;Cfa;12022;49,83;91,25;54,28
4301305;Sem transmissão;Episódico;Piorou;18,5;78;424,8;153,3;357,3;8,3;148,3;Arroio Grande;43;RS;nao metropolitana;pampa;39,99;Cfa;17440;73;98,26;87,1
4301404;Episódico;Episódico/Epidêmico;Piorou;17,6;77,6;519,3;130,3;346;12,7;114;Arvorezinha;43;RS;nao metropolitana;mata atlantica;612,25;Cfb;10328;48,89;94,24;75,24
4301503;Episódico;Episódico;Se manteve;19,8;71,1;474,9;192,3;294,7;12,3;130,7;Augusto Pestana;43;RS;nao metropolitana;pampa;334,2;Cfa;7146;29,76;97,12;61,76
4301552;Sem transmissão;Episódico;Piorou;18,2;74,7;519,2;144,7;331;11;118;Áurea;43;RS;nao metropolitana;mata atlantica;626,34;Cfa;3401;50,57;76,85;76,6
4301602;Episódico;Episódico;Se manteve;17,9;76,2;403,5;144;342;8,7;122,7;Bagé;43;RS;nao metropolitana;pampa;241,76;Cfa;113173;86,25;99,27;96,83
4301636;Episódico;Episódico/Epidêmico;Piorou;19,7;80,2;427,4;178,7;362,7;6;177;Balneário Pinhal;43;RS;nao metropolitana;pampa;10,71;Cfa;14769;69,55;97,64;99,66
4301651;Episódico;Sem transmissão;Melhorou;18,2;79,9;530,7;147;355,7;10,7;137,3;Barão;43;RS;nao metropolitana;mata atlantica;492,46;Cfa;6476;35,53;93,67;94,53
4301701;Episódico;Episódico/Epidêmico;Piorou;18,6;74,5;556,4;160,3;325,3;12,3;126,3;Barão De Cotegipe;43;RS;nao metropolitana;mata atlantica;751,12;Cfb;7150;62,69;93,8;65,07
4301750;Sem transmissão;Sem transmissão;Se manteve;18,7;79;467,6;157,3;357,7;9,3;151;Barão Do Triunfo;43;RS;nao metropolitana;pampa;327,3;Cfa;5893;30,03;70,01;33,6
4301800;Episódico;Episódico;Se manteve;17,7;75,7;506,2;129;346,3;8;113,7;Barracão;43;RS;nao metropolitana;mata atlantica;749,09;Cfb;5115;56,94;86,77;64,12
4301859;Episódico;Episódico;Se manteve;20,5;73,3;509,7;214,7;311,3;11;164,7;Barra Do Guarita;43;RS;nao metropolitana;mata atlantica;298,6;Cfa;3161;5,18;93,82;57,23
4301875;Sem transmissão;Sem transmissão;Se manteve;19,9;69,1;313,4;186,7;275;6,7;110,7;Barra Do Quaraí;43;RS;nao metropolitana;pampa;62,05;Cfa;4053;64,43;93,49;75,08
4301909;Episódico;Episódico;Se manteve;19,4;77,9;447,7;173,7;357,7;9;168,3;Barra Do Ribeiro;43;RS;nao metropolitana;pampa;42,99;Cfa;11925;74,32;95,8;92,07
4301925;Sem transmissão;Sem transmissão;Se manteve;18,6;75,4;553,3;158;337,7;11;133,7;Barra Do Rio Azul;43;RS;nao metropolitana;mata atlantica;582,76;Cfa;1695;62,58;49,35;64,19
4301958;Episódico;Episódico;Se manteve;18,8;73,5;529,1;163;317,7;12;122,3;Barra Funda;43;RS;nao metropolitana;mata atlantica;429,78;Cfa;2497;37,89;95,96;91,51
4302006;Sem transmissão;Episódico/Epidêmico;Piorou;17,7;77,3;506,5;136;343;12,7;116;Barros Cassal;43;RS;nao metropolitana;mata atlantica;550,62;Cfa;9299;29,76;83,23;41,54
4302055;Sem transmissão;Episódico;Piorou;18,6;74,5;556,4;160,3;325,3;12,3;126,3;Benjamin Constant Do Sul;43;RS;nao metropolitana;mata atlantica;636,75;Cfb;1981;60,7;92,43;44,44
4302105;Episódico/Epidêmico;Episódico/Epidêmico;Se manteve;17,9;80,5;558,9;137,7;357,3;11,7;130,7;Bento Gonçalves;43;RS;nao metropolitana;mata atlantica;498,3;Cfa;129430;87,75;97,38;98,57
4302154;Episódico;Episódico;Se manteve;19,3;72,7;536,9;176,3;309,3;12,7;128,3;Boa Vista Das Missões;43;RS;nao metropolitana;pampa;545,49;Cfa;1899;10,67;99,44;61,74
4302204;Episódico;Episódico;Se manteve;20,1;70,8;490,3;200;286,7;12,7;132,7;Boa Vista Do Buricá;43;RS;nao metropolitana;mata atlantica;255,17;Cfa;7030;8,5;99,28;83,91
4302220;Episódico;Episódico;Se manteve;19,6;71,5;458,7;186;298,7;11,7;128,3;Boa Vista Do Cadeado;43;RS;nao metropolitana;pampa;384,33;Cfa;2222;22,34;94,94;23,21
4302238;Episódico;Sem transmissão;Melhorou;19,1;73,2;452,3;170,7;312,3;12;123;Boa Vista Do Incra;43;RS;nao metropolitana;pampa;386,77;Cfa;2267;2,96;93,69;37,2
4302253;Episódico;Episódico;Se manteve;18,6;79,3;496,1;159,3;354,3;10;147,7;Boa Vista Do Sul;43;RS;nao metropolitana;mata atlantica;459,28;Cfa;2746;2,52;93,44;85,57
4302303;Episódico;Episódico;Se manteve;15,6;80;516,8;54;362;6,3;53,7;Bom Jesus;43;RS;nao metropolitana;mata atlantica;978,88;Cfb;10725;76,04;93,99;80,48
4302352;Episódico;Episódico;Se manteve;18,7;80;521,5;157,7;361;9;153;Bom Princípio;43;RS;nao metropolitana;mata atlantica;106,77;Cfa;15619;64,79;99,02;98,47
4302378;Episódico;Episódico;Se manteve;20,3;71,3;502,7;205;288,7;11,3;138,7;Bom Progresso;43;RS;nao metropolitana;mata atlantica;416,51;Cfa;2106;23,66;78,9;86,57
4302402;Episódico;Episódico/Epidêmico;Piorou;19,2;78;476,2;172;349,3;10;156,7;Bom Retiro Do Sul;43;RS;nao metropolitana;mata atlantica;60,41;Cfa;12245;78,34;95,37;97,28
4302451;Sem transmissão;Episódico;Piorou;18;78,3;508;147,3;346,3;9,7;130,3;Boqueirão Do Leão;43;RS;nao metropolitana;mata atlantica;549,07;Cfb;6231;23,72;92,71;46,41
4302501;Episódico;Episódico;Se manteve;20,6;70,1;453,7;208,7;284,7;13;136;Bossoroca;43;RS;nao metropolitana;pampa;183,68;Cfa;5886;25,36;90,35;59,79
4302584;Episódico;Episódico/Epidêmico;Piorou;20;70,5;448,9;198;286;11,7;127,3;Bozano;43;RS;nao metropolitana;mata atlantica;375,06;Cfa;2135;47,15;92,31;38,89
4302600;Episódico;Episódico;Se manteve;20,3;71,3;502,7;205;288,7;11,3;138,7;Braga;43;RS;nao metropolitana;mata atlantica;421,43;Cfa;3264;7,6;88,53;64,16
4302659;Sem transmissão;Sem transmissão;Se manteve;19,1;78,5;492,6;168,7;356;9,7;159;Brochier;43;RS;nao metropolitana;mata atlantica;229,39;Cfa;5895;31,32;99,1;92,75
4302709;Episódico;Sem transmissão;Melhorou;19,3;76,2;405,7;174;345;7,3;154,7;Butiá;43;RS;nao metropolitana;pampa;130,44;Cfa;18711;68,38;99,05;98,03
4302808;Episódico;Episódico;Se manteve;18,1;76,8;429;148,7;341,7;10,7;127,3;Caçapava Do Sul;43;RS;nao metropolitana;pampa;201,2;Cfa;32447;52,33;92,09;81,31
4302907;Episódico;Episódico;Se manteve;19,4;73,4;396;180;316,7;10;135,3;Cacequi;43;RS;nao metropolitana;pampa;118,38;Cfa;11166;58,27;95,79;76,99
4303004;Episódico/Epidêmico;Episódico/Epidêmico;Se manteve;19,7;73,9;392,3;182;324;8,7;142,7;Cachoeira Do Sul;43;RS;nao metropolitana;pampa;90,53;Cfa;79778;37,81;96,6;91,57
4303103;Episódico/Epidêmico;Episódico/Epidêmico;Se manteve;19,7;78,5;455;179,7;362,3;8;176,3;Cachoeirinha;43;RS;metropolitana;pampa;29,34;Cfa;134545;95,74;99,21;99,43
4303202;Episódico;Episódico;Se manteve;18,2;74,7;519,2;144,7;331;11;118;Cacique Doble;43;RS;nao metropolitana;mata atlantica;683,29;Cfb;4602;45,21;84,93;66
4303301;Episódico;Episódico;Se manteve;20,9;70;468,6;218;280;12;138,7;Caibaté;43;RS;nao metropolitana;pampa;221,51;Cfa;4707;22,15;99,42;66,4
4303400;Episódico;Episódico;Se manteve;20,2;72,6;525,4;203,7;304;12,7;149,3;Caiçara;43;RS;nao metropolitana;mata atlantica;388,49;Cfa;4810;30,72;91,42;58,54
4303509;Episódico;Episódico;Se manteve;18,8;78,9;441,9;160,3;357,3;8,7;153,7;Camaquã;43;RS;nao metropolitana;pampa;62,61;Cfa;61598;83,16;97,1;87,35
4303558;Episódico;Episódico;Se manteve;18;76,4;496,2;140,7;340,7;9,7;119;Camargo;43;RS;nao metropolitana;mata atlantica;544,85;Cfa;3204;46,11;97,48;96,53
4303608;Episódico;Sem transmissão;Melhorou;15,7;81,5;562,9;56,3;360;7,7;55,3;Cambará Do Sul;43;RS;nao metropolitana;mata atlantica;982,68;Cfb;6263;73,4;74,08;96,02
4303673;Episódico;Sem transmissão;Melhorou;16,7;78,9;505,8;96,3;358,3;7,3;92;Campestre Da Serra;43;RS;nao metropolitana;mata atlantica;747,53;Cfb;3243;47,23;88,56;87,29
4303707;Episódico;Episódico;Se manteve;20,9;70;485,1;219,3;281,7;11,7;142;Campina Das Missões;43;RS;nao metropolitana;mata atlantica;194,26;Cfa;5882;39,42;99,61;78,31
4303806;Episódico;Episódico/Epidêmico;Piorou;18,1;75,1;550,8;143;329,7;12,7;115,7;Campinas Do Sul;43;RS;nao metropolitana;pampa;617,1;Cfa;5266;87,93;97,66;95,69
4303905;Episódico;Episódico/Epidêmico;Piorou;19,3;79,3;467,7;168,3;361,3;7,7;164,3;Campo Bom;43;RS;metropolitana;mata atlantica;40,59;Cfa;65380;94,73;99,23;99,85
4304002;Episódico;Episódico/Epidêmico;Piorou;19,5;72;537,3;185,7;299;13;129,3;Campo Novo;43;RS;nao metropolitana;mata atlantica;446,64;Cfa;4992;10,25;96,91;87,64
4304101;Episódico;Sem transmissão;Melhorou;18,5;75,4;454,5;155;332,7;10;125,3;Campos Borges;43;RS;nao metropolitana;mata atlantica;399,5;Cfa;3606;13,65;63,49;73,74
4304200;Episódico;Episódico/Epidêmico;Piorou;19,5;76,2;429,6;177,7;338,7;9,3;152,7;Candelária;43;RS;nao metropolitana;mata atlantica;153,81;Cfa;28249;67,47;89,39;83,45
4304309;Episódico/Epidêmico;Episódico/Epidêmico;Se manteve;20,9;70;485,1;219,3;281,7;11,7;142;Cândido Godói;43;RS;nao metropolitana;mata atlantica;268,87;Cfa;6291;16,63;98,33;50,86
4304358;Sem transmissão;Sem transmissão;Se manteve;17,9;76,4;391,4;142,7;345,7;8,7;125,7;Candiota;43;RS;nao metropolitana;pampa;205,92;Cfa;10418;81,04;89,25;74,21
4304408;Episódico;Episódico/Epidêmico;Piorou;17,1;81,1;582,8;107,7;360;9,3;105,3;Canela;43;RS;nao metropolitana;mata atlantica;675,28;Cfb;53348;87,75;98,1;99,18
4304507;Episódico;Episódico;Se manteve;17,5;80,4;455,3;130,7;356,7;9;124,3;Canguçu;43;RS;nao metropolitana;pampa;233,07;Cfa;48922;44,33;85,13;44,08
4304606;Episódico/Epidêmico;Epidêmico;Piorou;19,5;78,8;463;172,7;360,3;8;167,7;Canoas;43;RS;metropolitana;pampa;14,13;Cfa;339133;93,57;98,83;99,35
4304614;Episódico;Episódico;Se manteve;18,1;79,3;537;149;348,7;12,3;133,7;Canudos Do Vale;43;RS;nao metropolitana;mata atlantica;351,44;Cfa;1660;35,83;94,5;78,5
4304622;Sem transmissão;Episódico;Piorou;16,9;77,6;533,3;104;351,3;9,3;93,7;Capão Bonito Do Sul;43;RS;nao metropolitana;mata atlantica;824,71;Cfb;1724;12,89;69,66;43,23
4304630;Episódico;Episódico;Se manteve;19,3;81,3;486,3;167,7;364;8;167;Capão Da Canoa;43;RS;nao metropolitana;mata atlantica;6,66;Cfa;62040;64,9;97,84;99,72
4304655;Sem transmissão;Sem transmissão;Se manteve;19,3;72,6;425,4;178,3;307;9,7;127,7;Capão Do Cipó;43;RS;nao metropolitana;pampa;317,01;Cfa;3122;36,06;93,69;27,79
4304663;Episódico;Episódico/Epidêmico;Piorou;18,4;78,4;409,7;153,7;356;8,7;147;Capão Do Leão;43;RS;nao metropolitana;pampa;34,23;Cfa;27071;74,93;96,91;96,6
4304671;Episódico;Sem transmissão;Melhorou;19,9;79,4;421;180,3;363,7;6;178,7;Capivari Do Sul;43;RS;nao metropolitana;pampa;8,67;Cfa;3986;77,57;98,43;97,25
4304689;Episódico;Sem transmissão;Melhorou;19,5;78,8;463;172,7;360,3;8;167,7;Capela De Santana;43;RS;metropolitana;mata atlantica;44,72;Cfa;10970;91,47;93,86;95,47
4304697;Sem transmissão;Episódico;Piorou;18,5;79,2;513,5;158,7;352,7;10,3;145,7;Capitão;43;RS;nao metropolitana;mata atlantica;375,3;Cfa;2888;12,4;97,54;81,76
4304705;Episódico/Epidêmico;Episódico/Epidêmico;Se manteve;18,8;73,8;514,9;163,3;319,7;11;125,7;Carazinho;43;RS;nao metropolitana;pampa;541,16;Cfa;60983;51,39;97,69;97,43
4304713;Episódico;Episódico;Se manteve;19,2;79,9;472,5;164,7;362,3;7;161,7;Caraá;43;RS;nao metropolitana;mata atlantica;277,76;Cfa;8957;76,18;89,37;91,28
4304804;Episódico;Episódico;Se manteve;18,2;79,9;530,7;147;355,7;10,7;137,3;Carlos Barbosa;43;RS;nao metropolitana;mata atlantica;522,47;Cfb;29834;76,83;96,34;96,89
4304853;Sem transmissão;Sem transmissão;Se manteve;18,6;74,2;507,8;156,3;332,7;10;129,7;Carlos Gomes;43;RS;nao metropolitana;mata atlantica;551,43;Cfa;1355;48,19;85,34;32,13
4304903;Episódico;Episódico;Se manteve;17,7;76,9;500,9;133;346;8,7;115;Casca;43;RS;nao metropolitana;mata atlantica;593,22;Cfb;9464;31,71;94,66;94,67
4304952;Sem transmissão;Episódico;Piorou;17,4;76,8;529,6;121,3;346;10,7;105,3;Caseiros;43;RS;nao metropolitana;mata atlantica;814,92;Cfb;3000;36,76;91,71;79,72
4305009;Episódico/Epidêmico;Episódico/Epidêmico;Se manteve;20,3;70,4;467,6;202,7;284,7;12;130,7;Catuípe;43;RS;nao metropolitana;mata atlantica;348,66;Cfa;8679;19,34;98,4;67,98
4305108;Episódico/Epidêmico;Episódico/Epidêmico;Se manteve;16,8;80,5;550,4;100;359;10;96;Caxias Do Sul;43;RS;metropolitana;mata atlantica;710,07;Cfb;503068;92,42;98,63;98,66
4305116;Sem transmissão;Episódico;Piorou;18,2;75,1;540,3;144;333;12,7;119,3;Centenário;43;RS;nao metropolitana;mata atlantica;594,04;Cfa;2725;56,52;94,75;61,35
4305124;Sem transmissão;Sem transmissão;Se manteve;18,1;78,9;415;146,7;355,3;7,7;139;Cerrito;43;RS;nao metropolitana;pampa;100,08;Cfa;5847;51,29;92,49;53,69
4305132;Episódico;Episódico;Se manteve;18,8;77,3;462,3;165;343,7;8,7;145;Cerro Branco;43;RS;nao metropolitana;mata atlantica;350,77;Cfa;3803;70,64;91,9;81,71
4305157;Sem transmissão;Episódico;Piorou;19,7;72,7;556,5;186,7;307,3;14,3;137;Cerro Grande;43;RS;nao metropolitana;mata atlantica;389,85;Cfa;2318;26,27;97,97;41,37
4305173;Episódico;Sem transmissão;Melhorou;18,1;80,4;489,7;145,7;358,3;9,3;140;Cerro Grande Do Sul;43;RS;nao metropolitana;pampa;192,42;Cfa;9054;29,19;74,92;60,51
4305207;Episódico;Episódico/Epidêmico;Piorou;20,9;70;485,1;219,3;281,7;11,7;142;Cerro Largo;43;RS;nao metropolitana;mata atlantica;206,44;Cfa;13710;42,24;97,9;95,08
4305306;Episódico;Episódico/Epidêmico;Piorou;19;73,3;537,8;168,7;313,3;12;125;Chapada;43;RS;nao metropolitana;pampa;517,14;Cfa;9475;21,63;97,96;69
4305355;Episódico;Episódico;Se manteve;19,7;77,2;436,6;179,3;353,3;8,7;167,3;Charqueadas;43;RS;metropolitana;pampa;21,19;Cfa;34954;91,98;98,9;97,98
4305371;Episódico;Episódico;Se manteve;17,7;75,9;533,7;128,7;339,3;10,3;107,7;Charrua;43;RS;nao metropolitana;mata atlantica;601,96;Cfa;3345;55,33;61,35;53,61
4305405;Episódico;Episódico;Se manteve;20,1;70,8;490,3;200;286,7;12,7;132,7;Chiapetta;43;RS;nao metropolitana;pampa;430,26;Cfa;3901;13,24;99,41;73,74
4305439;Sem transmissão;Sem transmissão;Se manteve;17,6;79,1;339,6;136,7;362,3;6;134,3;Chuí;43;RS;nao metropolitana;pampa;13,33;Cfa;6438;84,25;98,72;95,45
4305447;Sem transmissão;Episódico;Piorou;18,4;79,3;437,8;153,7;355,7;8,7;145;Chuvisca;43;RS;nao metropolitana;pampa;156,57;Cfa;4583;20,67;82,94;21,06
4305454;Episódico;Episódico;Se manteve;19,7;80,2;427,4;178,7;362,7;6;177;Cidreira;43;RS;nao metropolitana;pampa;9,79;Cfa;16742;48,04;98,98;98,25
4305504;Sem transmissão;Sem transmissão;Se manteve;17,4;76,8;529,6;121,3;346;10,7;105,3;Ciríaco;43;RS;nao metropolitana;mata atlantica;754,87;Cfb;4142;43,08;81,48;82,74
4305587;Episódico;Episódico;Se manteve;19,1;78,5;492,6;168,7;356;9,7;159;Colinas;43;RS;nao metropolitana;mata atlantica;107,68;Cfa;2415;63,56;93,39;94,11
4305603;Episódico;Episódico/Epidêmico;Piorou;19,1;73,5;482,3;173,3;319;12,7;133,3;Colorado;43;RS;nao metropolitana;mata atlantica;455,55;Cfa;3258;3,77;96,47;79,52
4305702;Episódico;Episódico/Epidêmico;Piorou;19,2;72,9;541,4;176,3;310;13,3;130,7;Condor;43;RS;nao metropolitana;pampa;472,87;Cfa;6406;26,71;93,88;79,93
4305801;Episódico;Episódico/Epidêmico;Piorou;19,3;73,1;531,4;174,7;313;12;129;Constantina;43;RS;nao metropolitana;mata atlantica;462,65;Cfa;10383;41,09;89,77;83,44
4305835;Sem transmissão;Episódico;Piorou;18,6;79,3;496,1;159,3;354,3;10;147,7;Coqueiro Baixo;43;RS;nao metropolitana;mata atlantica;381,91;Cfa;1284;6,74;97,38;47,01
4305850;Sem transmissão;Sem transmissão;Se manteve;18,8;73,5;529,1;163;317,7;12;122,3;Coqueiros Do Sul;43;RS;nao metropolitana;pampa;577,31;Cfa;2204;22,83;95,13;57,47
4305871;Sem transmissão;Sem transmissão;Se manteve;19,6;71,5;458,7;186;298,7;11,7;128,3;Coronel Barros;43;RS;nao metropolitana;mata atlantica;287,27;Cfa;2819;67,01;97,71;50,75
4305900;Episódico;Episódico/Epidêmico;Piorou;19,8;72,2;545,8;192,7;298,3;12,7;136;Coronel Bicaco;43;RS;nao metropolitana;pampa;498,17;Cfa;6082;3,67;81,88;70,31
4305934;Sem transmissão;Episódico;Piorou;18,6;79,3;496,1;159,3;354,3;10;147,7;Coronel Pilar;43;RS;nao metropolitana;mata atlantica;453,41;Cfa;1592;5,37;97,89;57,58
4305959;Episódico;Episódico;Se manteve;17,7;77,6;490,4;131;351;8,3;118,3;Cotiporã;43;RS;nao metropolitana;mata atlantica;394,5;Cfa;3850;86,28;80,41;87,89
4305975;Episódico;Episódico;Se manteve;17,7;76,5;524,1;131,7;342,3;11,3;111,7;Coxilha;43;RS;nao metropolitana;pampa;669,48;Cfb;3172;27,7;97,65;73,37
4306007;Episódico;Episódico/Epidêmico;Piorou;20,3;71,3;502,7;205;288,7;11,3;138,7;Crissiumal;43;RS;nao metropolitana;mata atlantica;263,14;Cfa;12852;15,44;96,23;63,12
4306056;Sem transmissão;Episódico;Piorou;18,6;78,8;425,7;157,7;355,3;9;149,7;Cristal;43;RS;nao metropolitana;pampa;44,75;Cfa;7352;82,6;91,22;85,12
4306072;Sem transmissão;Episódico;Piorou;20;72,5;525,1;197,7;309,3;12,3;147,3;Cristal Do Sul;43;RS;nao metropolitana;mata atlantica;339,9;Cfa;2694;17,72;95,18;35,22
4306106;Episódico/Epidêmico;Episódico/Epidêmico;Se manteve;19,2;73,7;451,6;173;316,7;11,3;129,3;Cruz Alta;43;RS;nao metropolitana;pampa;411,53;Cfa;59057;38,3;98,19;95,52
4306130;Episódico;Episódico;Se manteve;18,6;74,5;556,4;160,3;325,3;12,3;126,3;Cruzaltense;43;RS;nao metropolitana;pampa;577,36;Cfa;1635;48,9;88,98;50,07
4306205;Episódico;Episódico/Epidêmico;Piorou;19,2;78;476,2;172;349,3;10;156,7;Cruzeiro Do Sul;43;RS;nao metropolitana;mata atlantica;48,19;Cfa;11618;41,51;80,72;93,68
4306304;Sem transmissão;Episódico;Piorou;17,5;76,8;506,5;123,7;350;8,3;111;David Canabarro;43;RS;nao metropolitana;mata atlantica;723,85;Cfb;4324;60,47;91,64;86,8
4306320;Episódico;Episódico;Se manteve;20,5;72,7;509;212;301;11,7;153,7;Derrubadas;43;RS;nao metropolitana;mata atlantica;322,82;Cfa;2749;61,23;93,93;34,12
4306353;Episódico;Sem transmissão;Melhorou;20,9;70;468,6;218;280;12;138,7;Dezesseis De Novembro;43;RS;nao metropolitana;mata atlantica;190,39;Cfa;2506;17,74;99,5;70,66
4306379;Episódico;Episódico;Se manteve;19,4;73,9;414,2;178,7;320;8,3;137,7;Dilermando De Aguiar;43;RS;nao metropolitana;pampa;111,06;Cfa;2806;80,2;84,23;41,25
4306403;Episódico;Epidêmico;Piorou;18,7;80;521,5;157,7;361;9;153;Dois Irmãos;43;RS;metropolitana;mata atlantica;189,64;Cfa;30551;94,97;99,27;99,89
4306429;Episódico;Episódico;Se manteve;19,3;73;566,4;178,7;306,7;15,3;129,3;Dois Irmãos Das Missões;43;RS;nao metropolitana;pampa;516,61;Cfa;2063;8,82;94,82;58,26
4306452;Sem transmissão;Episódico;Piorou;17,8;79,4;507,9;136,3;355,7;9;127,3;Dois Lajeados;43;RS;nao metropolitana;mata atlantica;440,3;Cfa;2965;67,96;79,34;84,93
4306502;Sem transmissão;Sem transmissão;Se manteve;18,8;78,9;441,9;160,3;357,3;8,7;153,7;Dom Feliciano;43;RS;nao metropolitana;pampa;275,97;Cfa;13059;32,48;76,21;37,18
4306551;Episódico;Sem transmissão;Melhorou;18,5;82,6;618,9;143,3;363;10,3;143;Dom Pedro De Alcântara;43;RS;nao metropolitana;mata atlantica;31,89;Cfa;2499;37,71;83,61;97,9
4306601;Episódico;Episódico/Epidêmico;Piorou;18,7;73,8;382,1;161,7;323;8,7;122,3;Dom Pedrito;43;RS;nao metropolitana;pampa;188,47;Cfa;36559;86,61;97,51;90,56
4306700;Sem transmissão;Sem transmissão;Se manteve;18,9;76,7;460,5;167,7;339,3;9;143,7;Dona Francisca;43;RS;nao metropolitana;mata atlantica;167,55;Cfa;3079;55,97;76,86;89,06
4306734;Episódico;Episódico;Se manteve;20,9;71,3;475,9;222,3;293,7;12;155,3;Doutor Maurício Cardoso;43;RS;nao metropolitana;mata atlantica;199,28;Cfa;4470;4,71;94,07;65,89
4306759;Episódico;Episódico;Se manteve;17,9;79,1;514,1;141,3;352,3;10;128,7;Doutor Ricardo;43;RS;nao metropolitana;mata atlantica;386,8;Cfa;1866;30,53;95,79;59,65
4306767;Episódico;Episódico;Se manteve;19,4;77,5;429,3;173,3;354,3;8,3;163,3;Eldorado Do Sul;43;RS;metropolitana;pampa;54,29;Cfa;39330;89,86;97,62;97,08
4306809;Episódico;Episódico/Epidêmico;Piorou;18,2;79,9;530,7;147;355,7;10,7;137,3;Encantado;43;RS;nao metropolitana;mata atlantica;228,34;Cfa;22391;87,84;96,27;96,77
4306908;Episódico;Episódico/Epidêmico;Piorou;17,9;78,2;450,1;142,3;348,7;11,3;128;Encruzilhada Do Sul;43;RS;nao metropolitana;pampa;258,95;Cfa;22276;63,89;91,19;71,15
4306924;Episódico;Episódico;Se manteve;19,3;73,1;531,4;174,7;313;12;129;Engenho Velho;43;RS;nao metropolitana;mata atlantica;532,13;Cfa;1291;24,72;98,38;63,74
4306932;Episódico;Episódico/Epidêmico;Piorou;20,5;70;467,8;209;282;13,3;133,3;Entre-Ijuís;43;RS;nao metropolitana;pampa;277,07;Cfa;9157;13,85;87,56;58,35
4306957;Sem transmissão;Episódico/Epidêmico;Piorou;19,3;73,1;531,4;174,7;313;12;129;Entre Rios Do Sul;43;RS;nao metropolitana;pampa;573,33;Cfa;2681;75,65;93,34;85,15
4306973;Episódico;Episódico;Se manteve;18,1;75,1;550,8;143;329,7;12,7;115,7;Erebango;43;RS;nao metropolitana;pampa;732,07;Cfb;3037;32,2;83,64;73,05
4307005;Episódico/Epidêmico;Epidêmico;Piorou;18,2;75,1;540,3;144;333;12,7;119,3;Erechim;43;RS;nao metropolitana;mata atlantica;700,08;Cfb;105428;90,75;98,83;97,12
4307054;Episódico;Episódico;Se manteve;18;76,4;496,2;140,7;340,7;9,7;119;Ernestina;43;RS;nao metropolitana;pampa;514,66;Cfa;3021;18,49;97,87;74,77
4307104;Sem transmissão;Episódico;Piorou;17,6;78,4;398,4;135,3;352,3;8,3;124,7;Herval;43;RS;nao metropolitana;pampa;184,47;Cfa;6380;65,54;90,76;68,06
4307203;Episódico;Episódico;Se manteve;18,3;75,4;563,1;149,7;334;11,7;125;Erval Grande;43;RS;nao metropolitana;mata atlantica;610,02;Cfa;4908;43,49;91,28;80,31
4307302;Episódico;Episódico;Se manteve;19,8;72,2;545,8;192,7;298,3;12,7;136;Erval Seco;43;RS;nao metropolitana;mata atlantica;436,31;Cfa;6748;18,43;87,17;68,43
4307401;Sem transmissão;Sem transmissão;Se manteve;16,9;77,6;533,3;104;351,3;9,3;93,7;Esmeralda;43;RS;nao metropolitana;mata atlantica;889,98;Cfb;3175;59,16;90,11;83,33
4307450;Episódico;Episódico;Se manteve;20,6;73,2;499,4;216,3;304,7;11;159,7;Esperança Do Sul;43;RS;nao metropolitana;mata atlantica;293,08;Cfa;3225;3,08;94,71;43,05
4307500;Episódico;Episódico/Epidêmico;Piorou;18;75,9;489,6;141,3;337;11,3;117;Espumoso;43;RS;nao metropolitana;mata atlantica;484,44;Cfa;15118;55,62;96,78;78,01
4307559;Episódico;Episódico/Epidêmico;Piorou;17,9;75,8;541,2;134,7;337,7;12,7;112,7;Estação;43;RS;nao metropolitana;mata atlantica;710,68;Cfb;5517;64,74;91,99;86,59
4307609;Episódico/Epidêmico;Episódico/Epidêmico;Se manteve;18,7;80;521,5;157,7;361;9;153;Estância Velha;43;RS;metropolitana;mata atlantica;64,13;Cfa;48682;92,49;99,17;99,53
4307708;Episódico;Episódico/Epidêmico;Piorou;19,6;77,9;455,8;179;357;8,7;170,3;Esteio;43;RS;metropolitana;pampa;12,13;Cfa;74653;91,43;99,51;99,6
4307807;Episódico;Episódico/Epidêmico;Piorou;19,2;78;476,2;172;349,3;10;156,7;Estrela;43;RS;nao metropolitana;mata atlantica;55,5;Cfa;31909;83,82;98,85;98,76
4307815;Sem transmissão;Episódico;Piorou;19;74,7;431,3;165,3;326;9;130;Estrela Velha;43;RS;nao metropolitana;mata atlantica;296,06;Cfa;3066;12,15;95,24;51,76
4307831;Episódico;Episódico;Se manteve;20,1;70,5;463,7;199,7;289;13,3;133;Eugênio De Castro;43;RS;nao metropolitana;pampa;306,08;Cfa;2633;10,93;97,47;57,33
4307864;Sem transmissão;Episódico;Piorou;17,7;77,6;490,4;131;351;8,3;118,3;Fagundes Varela;43;RS;nao metropolitana;mata atlantica;499,03;Cfa;2566;48,75;81,91;94,36
4307906;Episódico/Epidêmico;Episódico;Melhorou;17,5;80,9;573;125,3;358,7;11;120,3;Farroupilha;43;RS;nao metropolitana;mata atlantica;624,39;Cfb;74879;91,89;92,66;95,57
4308003;Episódico;Episódico;Se manteve;18,9;76,4;461,8;168;337;10,3;142,3;Faxinal Do Soturno;43;RS;nao metropolitana;mata atlantica;185,23;Cfa;6686;72,03;82,16;87,36
4308052;Sem transmissão;Episódico;Piorou;18,9;74,4;566,4;164;325,3;11,7;130,3;Faxinalzinho;43;RS;nao metropolitana;mata atlantica;608,65;Cfa;2521;57,32;82,3;75,27
4308078;Episódico;Episódico/Epidêmico;Piorou;19,3;77,8;464,4;173;351;10;158,7;Fazenda Vilanova;43;RS;nao metropolitana;mata atlantica;92,68;Cfa;4298;36,3;98,74;94,41
4308102;Episódico;Episódico/Epidêmico;Piorou;18,7;80;521,5;157,7;361;9;153;Feliz;43;RS;nao metropolitana;mata atlantica;146,04;Cfa;15174;66,71;98,44;98,44
4308201;Episódico;Episódico/Epidêmico;Piorou;17,3;80;535,9;119;357,7;9,7;113;Flores Da Cunha;43;RS;nao metropolitana;mata atlantica;673,52;Cfb;33430;75,15;94,16;95,31
4308250;Sem transmissão;Episódico;Piorou;18,2;75,1;540,3;144;333;12,7;119,3;Floriano Peixoto;43;RS;nao metropolitana;mata atlantica;592,54;Cfa;2038;22,52;96,33;25,11
4308300;Sem transmissão;Episódico;Piorou;17,9;79,1;514,1;141,3;352,3;10;128,7;Fontoura Xavier;43;RS;nao metropolitana;mata atlantica;592,41;Cfb;9573;2,28;85,53;44,17
4308409;Episódico;Episódico;Se manteve;19,3;74,5;396,2;174,7;329;8,7;140,7;Formigueiro;43;RS;nao metropolitana;pampa;63,48;Cfa;6439;16,77;90,68;80,11
4308433;Sem transmissão;Episódico;Piorou;19,3;77,8;464,4;173;351;10;158,7;Forquetinha;43;RS;nao metropolitana;mata atlantica;201,37;Cfa;2521;39,17;96,96;64,79
4308458;Episódico;Episódico;Se manteve;19,2;73,7;451,6;173;316,7;11,3;129,3;Fortaleza Dos Valos;43;RS;nao metropolitana;pampa;366,7;Cfa;4455;9,48;91,99;75,85
4308508;Episódico/Epidêmico;Episódico/Epidêmico;Se manteve;20,2;72,6;525,4;203,7;304;12,7;149,3;Frederico Westphalen;43;RS;nao metropolitana;mata atlantica;392,1;Cfa;32284;69,31;96,13;86,18
4308607;Episódico;Episódico/Epidêmico;Piorou;18,2;79,9;530,7;147;355,7;10,7;137,3;Garibaldi;43;RS;nao metropolitana;mata atlantica;568,73;Cfb;35219;84,68;91,62;98,47
4308656;Sem transmissão;Sem transmissão;Se manteve;21,2;71,4;439,8;225,7;291,3;11,7;154,7;Garruchos;43;RS;nao metropolitana;pampa;103,49;Cfa;2615;5,42;97,8;44,31
4308706;Episódico;Episódico/Epidêmico;Piorou;18,5;75,1;531,2;154,3;336;11;130,3;Gaurama;43;RS;nao metropolitana;mata atlantica;652,42;Cfb;5676;53,47;81,66;75,98
4308805;Episódico;Episódico/Epidêmico;Piorou;19,4;77,5;429,3;173,3;354,3;8,3;163,3;General Câmara;43;RS;nao metropolitana;pampa;34,43;Cfa;7346;65,28;95,9;61,72
4308854;Sem transmissão;Episódico;Piorou;17,6;76,9;496,5;129,7;346;7,7;112,3;Gentil;43;RS;nao metropolitana;mata atlantica;732,04;Cfb;1745;28,81;97,06;55,23
4308904;Episódico;Episódico/Epidêmico;Piorou;18,2;75,1;540,3;144;333;12,7;119,3;Getúlio Vargas;43;RS;nao metropolitana;mata atlantica;663,68;Cfb;18111;61,06;94,85;87,8
4309001;Episódico/Epidêmico;Episódico/Epidêmico;Se manteve;20,6;70;489,5;213;282,3;12;138,7;Giruá;43;RS;nao metropolitana;pampa;362,05;Cfa;15971;14,15;94,15;75,06
4309050;Episódico;Episódico;Se manteve;19,8;78,9;446,3;181,7;362,7;7;178,7;Glorinha;43;RS;metropolitana;pampa;45,09;Cfa;7653;65,19;94,81;93,93
4309100;Episódico;Episódico/Epidêmico;Piorou;17,5;80,9;573;125,3;358,7;11;120,3;Gramado;43;RS;nao metropolitana;mata atlantica;632,18;Cfb;44643;92,08;96,23;99,19
4309126;Sem transmissão;Episódico;Piorou;19,6;73;542,1;183,3;313,7;11,7;138;Gramado Dos Loureiros;43;RS;nao metropolitana;mata atlantica;571,84;Cfa;2003;66,48;95,71;74,65
4309159;Episódico;Episódico;Se manteve;18;78,3;508;147,3;346,3;9,7;130,3;Gramado Xavier;43;RS;nao metropolitana;mata atlantica;519,27;Cfa;3304;15,3;85,02;32,92
4309209;Episódico/Epidêmico;Episódico/Epidêmico;Se manteve;19,3;79,3;467,7;168,3;361,3;7,7;164,3;Gravataí;43;RS;metropolitana;pampa;68,04;Cfa;279205;83,97;98,65;99,35
4309258;Episódico;Episódico;Se manteve;17,6;76,9;496,5;129,7;346;7,7;112,3;Guabiju;43;RS;nao metropolitana;mata atlantica;732,16;Cfb;1396;72,12;97,36;96,42
4309308;Episódico/Epidêmico;Episódico/Epidêmico;Se manteve;19,7;77,3;435,3;179;356;7,7;170,3;Guaíba;43;RS;metropolitana;pampa;71,25;Cfa;91304;87,02;98,95;98,89
4309407;Episódico;Episódico/Epidêmico;Piorou;17,7;77,9;508;133,7;349,3;9,7;119,7;Guaporé;43;RS;nao metropolitana;mata atlantica;470,15;Cfa;24958;93,42;94,93;93,47
4309506;Episódico;Episódico;Se manteve;20,5;70;467,8;209;282;13,3;133,3;Guarani Das Missões;43;RS;nao metropolitana;mata atlantica;226,46;Cfa;7554;4;99,3;65,85
4309555;Episódico;Sem transmissão;Melhorou;19,1;78,5;492,6;168,7;356;9,7;159;Harmonia;43;RS;nao metropolitana;mata atlantica;85,64;Cfa;5660;42,5;98,59;98,31
4309571;Sem transmissão;Episódico;Piorou;18;78,3;508;147,3;346,3;9,7;130,3;Herveiras;43;RS;nao metropolitana;mata atlantica;483,99;Cfa;2559;7,31;89,74;31,12
4309605;Episódico/Epidêmico;Episódico/Epidêmico;Se manteve;20,5;70,3;490,1;211,7;284,7;12;140,3;Horizontina;43;RS;nao metropolitana;mata atlantica;255,33;Cfa;18852;48,6;96,26;87,47
4309654;Sem transmissão;Episódico;Piorou;17,5;77,7;410;133,7;346,7;8,7;117,7;Hulha Negra;43;RS;nao metropolitana;pampa;221,83;Cfa;5851;62,93;85,15;51,5
4309704;Episódico;Episódico/Epidêmico;Piorou;20,7;71;480,5;216;289;12,7;147;Humaitá;43;RS;nao metropolitana;mata atlantica;363,22;Cfa;4690;25,48;90,93;81,96
4309753;Sem transmissão;Episódico;Piorou;18,7;76,4;460,7;161;339,3;8;136,7;Ibarama;43;RS;nao metropolitana;mata atlantica;336,5;Cfa;3722;21,07;96,58;71,43
4309803;Episódico;Episódico;Se manteve;17,7;75,9;533,7;128,7;339,3;10,3;107,7;Ibiaçá;43;RS;nao metropolitana;mata atlantica;680,4;Cfb;4560;50,34;92,41;69,34
4309902;Sem transmissão;Episódico/Epidêmico;Piorou;17,4;76,8;529,6;121,3;346;10,7;105,3;Ibiraiaras;43;RS;nao metropolitana;mata atlantica;769,11;Cfb;6764;49,41;85,71;88,52
4309951;Sem transmissão;Episódico;Piorou;18,5;74,9;478,2;154;331,3;9,7;124;Ibirapuitã;43;RS;nao metropolitana;mata atlantica;614,02;Cfb;4159;11,77;97,42;64,42
4310009;Episódico;Episódico/Epidêmico;Piorou;18,7;74,3;457,7;160,3;325;10;125,3;Ibirubá;43;RS;nao metropolitana;mata atlantica;411,94;Cfa;21733;20,84;95,53;81,61
4310108;Episódico;Epidêmico;Piorou;18,3;80,7;538,4;146;362,3;9;142,7;Igrejinha;43;RS;metropolitana;mata atlantica;230,05;Cfa;33173;88,33;96,76;99,45
4310207;Episódico/Epidêmico;Epidêmico;Piorou;20;70,5;448,9;198;286;11,7;127,3;Ijuí;43;RS;nao metropolitana;mata atlantica;333,87;Cfa;85135;59,66;97,57;92,27
4310306;Episódico;Episódico;Se manteve;17,7;77,9;508;133,7;349,3;9,7;119,7;Ilópolis;43;RS;nao metropolitana;mata atlantica;657,97;Cfb;4094;51,06;94,68;83,87
4310330;Episódico;Episódico/Epidêmico;Piorou;19,3;81,3;486,3;167,7;364;8;167;Imbé;43;RS;nao metropolitana;pampa;3,13;Cfa;27053;82,67;99,38;99,68
4310363;Episódico;Episódico;Se manteve;18,6;79,3;496,1;159,3;354,3;10;147,7;Imigrante;43;RS;nao metropolitana;mata atlantica;275,32;Cfa;3082;29,7;96,43;96,24
4310405;Episódico;Episódico;Se manteve;20,8;70,1;491,9;217,7;284,3;14,3;145;Independência;43;RS;nao metropolitana;pampa;344,82;Cfa;6519;11,82;87,82;68,78
4310413;Sem transmissão;Episódico;Piorou;20,1;70,5;466,2;200,3;287;11,3;131,7;Inhacorá;43;RS;nao metropolitana;pampa;379,69;Cfa;2011;35,71;98,02;77,25
4310439;Sem transmissão;Episódico/Epidêmico;Piorou;17,2;78,2;508,2;118;355,7;7,7;110;Ipê;43;RS;nao metropolitana;mata atlantica;724,52;Cfb;6554;70,56;89,8;85,28
4310462;Episódico;Episódico;Se manteve;18,1;75,1;550,8;143;329,7;12,7;115,7;Ipiranga Do Sul;43;RS;nao metropolitana;pampa;656,26;Cfb;1714;70,99;73,15;42,9
4310504;Episódico;Episódico;Se manteve;20;72,5;525,1;197,7;309,3;12,3;147,3;Iraí;43;RS;nao metropolitana;mata atlantica;318,06;Cfa;7489;23,93;83,76;64,3
4310538;Episódico;Episódico;Se manteve;19;75,3;443,6;169,3;330,3;10;137,3;Itaara;43;RS;nao metropolitana;mata atlantica;400,41;Cfa;5747;55,59;94,95;95,79
4310553;Episódico;Episódico;Se manteve;20,7;69,5;412,1;208,7;279;9,3;133,3;Itacurubi;43;RS;nao metropolitana;pampa;155,24;Cfa;2995;26,51;96,06;37,08
4310579;Episódico;Episódico;Se manteve;17,6;77,6;519,3;130,3;346;12,7;114;Itapuca;43;RS;nao metropolitana;mata atlantica;668,09;Cfb;1937;5,73;93,16;33,52
4310603;Episódico;Episódico;Se manteve;20,6;69,9;342,4;205,7;284,7;8;133,3;Itaqui;43;RS;nao metropolitana;pampa;79,86;Cfa;35408;68,14;97,02;86,17
4310652;Sem transmissão;Sem transmissão;Se manteve;19,3;82,1;523,6;165;361,7;10,3;164,3;Itati;43;RS;nao metropolitana;mata atlantica;467,61;Cfa;2941;3,63;76,27;90,99
4310702;Episódico;Episódico;Se manteve;18,6;75,4;553,3;158;337,7;11;133,7;Itatiba Do Sul;43;RS;nao metropolitana;mata atlantica;553;Cfa;3206;38,17;91,79;65,98
4310751;Sem transmissão;Sem transmissão;Se manteve;18,9;76,4;461,8;168;337;10,3;142,3;Ivorá;43;RS;nao metropolitana;mata atlantica;335,78;Cfa;2012;73,43;83,22;92,85
4310801;Episódico;Episódico/Epidêmico;Piorou;18,9;79,3;517,7;164,7;358;9,3;157;Ivoti;43;RS;metropolitana;mata atlantica;141,66;Cfa;22911;72,6;95,92;99,74
4310850;Episódico;Episódico;Se manteve;19,3;72,7;536,9;176,3;309,3;12,7;128,3;Jaboticaba;43;RS;nao metropolitana;mata atlantica;464,9;Cfa;3754;27,33;82,12;42,74
4310876;Sem transmissão;Sem transmissão;Se manteve;19;74,7;431,3;165,3;326;9;130;Jacuizinho;43;RS;nao metropolitana;mata atlantica;378,43;Cfa;2028;3,31;89,83;23,04
4310900;Episódico;Episódico/Epidêmico;Piorou;18,1;75,1;550,8;143;329,7;12,7;115,7;Jacutinga;43;RS;nao metropolitana;pampa;649,05;Cfb;3198;69,65;79,57;78,43
4311007;Episódico;Episódico;Se manteve;18;77,4;362,9;145,7;349,7;7,3;133,7;Jaguarão;43;RS;nao metropolitana;pampa;44,99;Cfa;26583;63,51;98,72;93,09
4311106;Episódico;Episódico;Se manteve;19,3;73,3;449,6;179,3;311,3;11,3;131,7;Jaguari;43;RS;nao metropolitana;mata atlantica;201,99;Cfa;10527;33,87;78,5;60,35
4311122;Sem transmissão;Sem transmissão;Se manteve;16,1;82,8;681,4;71,7;361,7;8,7;70,7;Jaquirana;43;RS;nao metropolitana;mata atlantica;863,17;Cfb;3692;36,95;88,85;83,09
4311130;Sem transmissão;Sem transmissão;Se manteve;19,3;73,1;432,1;178,7;313,3;9,7;132,3;Jari;43;RS;nao metropolitana;pampa;346,83;Cfa;3349;10,32;90,26;24,94
4311155;Episódico;Episódico;Se manteve;19,1;72,8;454,4;170;308,3;13;121;Jóia;43;RS;nao metropolitana;pampa;360,22;Cfa;7123;41,62;82,67;38,56
4311205;Episódico;Episódico;Se manteve;18,7;74,5;456,8;160;320,3;11;121,3;Júlio De Castilhos;43;RS;nao metropolitana;pampa;406,89;Cfa;18121;48,44;95,73;86,99
4311239;Sem transmissão;Episódico;Piorou;18,8;77,3;462,3;165;343,7;8,7;145;Lagoa Bonita Do Sul;43;RS;nao metropolitana;mata atlantica;477,88;Cfa;2253;28,92;83,6;35,71
4311254;Sem transmissão;Episódico;Piorou;18;78,3;508;147,3;346,3;9,7;130,3;Lagoão;43;RS;nao metropolitana;mata atlantica;498,1;Cfa;5343;10,73;80,85;27,19
4311270;Episódico;Episódico/Epidêmico;Piorou;18,9;73,7;474;166,3;320,7;11;128,3;Lagoa Dos Três Cantos;43;RS;nao metropolitana;mata atlantica;439,56;Cfa;1726;20,47;98,38;97,67
4311304;Episódico;Episódico/Epidêmico;Piorou;17;77,5;526,7;104,7;353,7;9,3;95,7;Lagoa Vermelha;43;RS;nao metropolitana;mata atlantica;757,5;Cfb;27598;81,28;95,71;92,23
4311403;Episódico/Epidêmico;Epidêmico;Piorou;18,6;79,3;496,1;159,3;354,3;10;147,7;Lajeado;43;RS;nao metropolitana;mata atlantica;78,24;Cfa;97432;85;90,43;99,79
4311429;Episódico;Episódico;Se manteve;19,6;72,5;536;184;307;14;132,3;Lajeado Do Bugre;43;RS;nao metropolitana;mata atlantica;450,39;Cfa;2569;2,99;96,51;28,93
4311502;Sem transmissão;Episódico;Piorou;17,8;76,3;413,5;142,3;337,7;8;117;Lavras Do Sul;43;RS;nao metropolitana;pampa;269,61;Cfa;7458;63,7;95,67;81,76
4311601;Episódico;Episódico;Se manteve;19,6;72,5;536;184;307;14;132,3;Liberato Salzano;43;RS;nao metropolitana;mata atlantica;402,59;Cfa;4664;6,46;91,85;37,11
4311627;Episódico;Episódico;Se manteve;18,9;79,3;517,7;164,7;358;9,3;157;Lindolfo Collor;43;RS;nao metropolitana;mata atlantica;79,78;Cfa;6156;65,8;97,99;98,8
4311643;Episódico;Episódico;Se manteve;17,5;80,9;573;125,3;358,7;11;120,3;Linha Nova;43;RS;nao metropolitana;mata atlantica;296,83;Cfa;1763;47,35;96,16;89,77
4311700;Episódico;Episódico/Epidêmico;Piorou;18,6;74,2;507,8;156,3;332,7;10;129,7;Machadinho;43;RS;nao metropolitana;mata atlantica;656,04;Cfb;5729;84,74;84,32;69,95
4311718;Sem transmissão;Episódico;Piorou;20,5;70,2;371,2;203,7;289;9;135,7;Maçambará;43;RS;nao metropolitana;pampa;114,81;Cfa;4427;35,73;92,48;43,72
4311734;Sem transmissão;Sem transmissão;Se manteve;17,8;82,6;673,4;121,3;362,3;10,3;120,7;Mampituba;43;RS;nao metropolitana;mata atlantica;422,13;Cfa;2954;42,84;86,28;92,5
4311759;Sem transmissão;Episódico;Piorou;20,1;71,1;370;193,7;299,3;9;134,7;Manoel Viana;43;RS;nao metropolitana;pampa;117;Cfa;6732;15,85;91,22;77,21
4311775;Episódico;Episódico;Se manteve;18,2;82,5;603,2;137,3;364;11,3;136,7;Maquiné;43;RS;nao metropolitana;mata atlantica;310,81;Cfa;8222;69,77;85,79;93,07
4311791;Sem transmissão;Episódico;Piorou;19,1;78,5;492,6;168,7;356;9,7;159;Maratá;43;RS;nao metropolitana;mata atlantica;133,66;Cfa;2515;77,14;98,81;90,48
4311809;Episódico/Epidêmico;Episódico/Epidêmico;Se manteve;17,7;76,5;524,1;131,7;342,3;11,3;111,7;Marau;43;RS;nao metropolitana;mata atlantica;586,14;Cfa;46643;87,67;90,73;98,12
4311908;Episódico;Episódico/Epidêmico;Piorou;18,6;74,1;495,5;157,3;331,7;9;130;Marcelino Ramos;43;RS;nao metropolitana;mata atlantica;511,71;Cfa;4314;64,07;94,14;75,21
4311981;Episódico;Episódico;Se manteve;18,7;79;467,6;157,3;357,7;9,3;151;Mariana Pimentel;43;RS;nao metropolitana;pampa;153,18;Cfa;3889;56,52;77,97;79,84
4312005;Sem transmissão;Episódico/Epidêmico;Piorou;18,6;75,4;553,3;158;337,7;11;133,7;Mariano Moro;43;RS;nao metropolitana;mata atlantica;491,17;Cfa;1856;84,7;72,82;86,94
4312054;Sem transmissão;Episódico/Epidêmico;Piorou;18,5;79,2;513,5;158,7;352,7;10,3;145,7;Marques De Souza;43;RS;nao metropolitana;mata atlantica;269,34;Cfa;3928;49,34;95,81;77,77
4312104;Sem transmissão;Episódico;Piorou;19,6;73,2;414;184,7;314;9;139;Mata;43;RS;nao metropolitana;mata atlantica;186,8;Cfa;4697;46,1;81,83;57,05
4312138;Episódico;Episódico;Se manteve;18,1;75,6;509,3;146;337,3;10;121,3;Mato Castelhano;43;RS;nao metropolitana;mata atlantica;702,06;Cfb;2552;86,31;64,18;56,1
4312153;Episódico;Episódico/Epidêmico;Piorou;18,9;78,3;489,9;167;348,7;9,3;151,3;Mato Leitão;43;RS;nao metropolitana;mata atlantica;91,65;Cfa;4848;81,04;99,62;93,73
4312179;Episódico;Episódico;Se manteve;20,7;69,9;469,1;213;280,7;13;136,3;Mato Queimado;43;RS;nao metropolitana;mata atlantica;200,3;Cfa;1793;30,97;100;44,19
4312203;Episódico;Episódico;Se manteve;17,9;75,1;516,5;136,3;339;10,3;114,7;Maximiliano De Almeida;43;RS;nao metropolitana;mata atlantica;556,78;Cfa;4763;44,75;87,09;61,54
4312252;Episódico;Episódico;Se manteve;18,3;79,4;461,8;148,7;357,7;8;141,7;Minas Do Leão;43;RS;nao metropolitana;pampa;63,36;Cfa;7470;71,82;99,55;96,19
4312302;Episódico;Episódico/Epidêmico;Piorou;20,2;72,6;525,4;203,7;304;12,7;149,3;Miraguaí;43;RS;nao metropolitana;mata atlantica;404,09;Cfa;4388;35,06;93,05;52,64
4312351;Episódico;Episódico;Se manteve;17,9;77,6;479,9;138,7;349,7;9,3;124,3;Montauri;43;RS;nao metropolitana;mata atlantica;520,04;Cfa;1495;32,69;98,72;90,17
4312377;Episódico;Sem transmissão;Melhorou;15,9;79,8;473;69,7;361,3;6,3;69;Monte Alegre Dos Campos;43;RS;nao metropolitana;mata atlantica;806,15;Cfb;3610;22,06;75;42,51
4312385;Episódico;Episódico;Se manteve;17,8;79,4;507,9;136,3;355,7;9;127,3;Monte Belo Do Sul;43;RS;nao metropolitana;mata atlantica;461,38;Cfa;2584;7,99;96;96,37
4312401;Episódico/Epidêmico;Episódico/Epidêmico;Se manteve;18,9;79,3;517,7;164,7;358;9,3;157;Montenegro;43;RS;metropolitana;pampa;65,06;Cfa;66878;89,28;97,23;99,22
4312427;Episódico;Episódico;Se manteve;18,5;74,9;478,2;154;331,3;9,7;124;Mormaço;43;RS;nao metropolitana;mata atlantica;463,78;Cfa;2748;41,41;96,93;67,23
4312443;Episódico;Episódico;Se manteve;17;83;695,2;95;363,7;11;94,7;Morrinhos Do Sul;43;RS;nao metropolitana;mata atlantica;242,02;Cfa;3091;15,23;88,67;95,77
4312450;Sem transmissão;Episódico;Piorou;17,6;79,8;433,6;135;355,7;8,7;127,7;Morro Redondo;43;RS;nao metropolitana;pampa;160,57;Cfa;5568;68,55;89,27;71,55
4312476;Episódico;Episódico;Se manteve;18,7;80;521,5;157,7;361;9;153;Morro Reuter;43;RS;nao metropolitana;mata atlantica;500,62;Cfb;6124;93,41;86,41;98,96
4312500;Episódico;Episódico;Se manteve;19,4;78,6;375,7;170;355,3;7;167;Mostardas;43;RS;nao metropolitana;pampa;9,4;Cfa;13035;85,51;98,5;83,55
4312609;Episódico;Episódico/Epidêmico;Piorou;18,2;79,9;530,7;147;355,7;10,7;137,3;Muçum;43;RS;nao metropolitana;mata atlantica;234,24;Cfa;4492;55,59;99,17;95,9
4312617;Sem transmissão;Sem transmissão;Se manteve;17;77,5;526,7;104,7;353,7;9,3;95,7;Muitos Capões;43;RS;nao metropolitana;mata atlantica;802,8;Cfb;2811;25,86;93,41;63,39
4312625;Episódico;Sem transmissão;Melhorou;17,4;76,8;529,6;121,3;346;10,7;105,3;Muliterno;43;RS;nao metropolitana;mata atlantica;809,12;Cfb;1718;45,77;87,31;63,98
4312658;Episódico;Episódico/Epidêmico;Piorou;18,5;74,9;478,2;154;331,3;9,7;124;Não-Me-Toque;43;RS;nao metropolitana;mata atlantica;466,47;Cfa;17821;46,11;98,75;95,07
4312674;Episódico;Episódico;Se manteve;18,5;74,9;478,2;154;331,3;9,7;124;Nicolau Vergueiro;43;RS;nao metropolitana;mata atlantica;535,13;Cfa;1935;11,97;97,73;52,1
4312708;Episódico;Episódico/Epidêmico;Piorou;19,6;73;542,1;183,3;313,7;11,7;138;Nonoai;43;RS;nao metropolitana;mata atlantica;533,9;Cfa;13466;25,6;96,01;77,01
4312757;Episódico;Episódico;Se manteve;17,7;76,9;500,9;133;346;8,7;115;Nova Alvorada;43;RS;nao metropolitana;mata atlantica;613,16;Cfb;3169;6,12;97,45;92,77
4312807;Episódico;Episódico;Se manteve;17,5;76,8;506,5;123,7;350;8,3;111;Nova Araçá;43;RS;nao metropolitana;mata atlantica;661,1;Cfb;4968;66,28;91,66;95,45
4312906;Episódico;Episódico;Se manteve;17,5;76,8;506,5;123,7;350;8,3;111;Nova Bassano;43;RS;nao metropolitana;mata atlantica;578,2;Cfb;9582;59,15;97,58;73,82
4312955;Episódico;Episódico;Se manteve;19,1;73,1;514;170;313;11,7;125,3;Nova Boa Vista;43;RS;nao metropolitana;mata atlantica;463,07;Cfa;2040;43,03;99,55;51,57
4313003;Sem transmissão;Episódico;Piorou;18,6;79,3;496,1;159,3;354,3;10;147,7;Nova Bréscia;43;RS;nao metropolitana;mata atlantica;377,09;Cfa;3037;18,76;96,19;90
4313011;Episódico;Episódico/Epidêmico;Piorou;20,7;71;480,5;216;289;12,7;147;Nova Candelária;43;RS;nao metropolitana;mata atlantica;240,83;Cfa;3056;81,4;99,89;69,92
4313037;Episódico;Episódico/Epidêmico;Piorou;19,6;73,2;414;184,7;314;9;139;Nova Esperança Do Sul;43;RS;nao metropolitana;pampa;261,12;Cfa;4858;15,67;94,59;79,8
4313060;Episódico;Episódico/Epidêmico;Piorou;18,7;80;521,5;157,7;361;9;153;Nova Hartz;43;RS;metropolitana;mata atlantica;129,53;Cfa;19799;96,71;95,67;99,78
4313086;Episódico;Episódico;Se manteve;17,3;80;535,9;119;357,7;9,7;113;Nova Pádua;43;RS;nao metropolitana;mata atlantica;565,09;Cfb;2334;78,71;95,19;87,77
4313102;Episódico;Episódico;Se manteve;18,7;76,4;471,9;161,3;336,3;10;133,7;Nova Palma;43;RS;nao metropolitana;mata atlantica;338,76;Cfa;5328;59,47;87,64;81,81
4313201;Episódico;Episódico/Epidêmico;Piorou;17,5;80,9;573;125,3;358,7;11;120,3;Nova Petrópolis;43;RS;nao metropolitana;mata atlantica;474,21;Cfa;28579;86,96;95,35;97,58
4313300;Episódico;Episódico/Epidêmico;Piorou;17,7;77,6;490,4;131;351;8,3;118,3;Nova Prata;43;RS;nao metropolitana;mata atlantica;661,21;Cfb;25656;79,57;89,82;97,2
4313334;Episódico;Episódico;Se manteve;20,1;70,5;466,2;200,3;287;11,3;131,7;Nova Ramada;43;RS;nao metropolitana;pampa;456,72;Cfa;2157;4,36;96,71;43,35
4313359;Episódico;Sem transmissão;Melhorou;17,2;78,2;508,2;118;355,7;7,7;110;Nova Roma Do Sul;43;RS;nao metropolitana;mata atlantica;503,05;Cfb;3468;39,69;95,08;81,41
4313375;Episódico;Episódico/Epidêmico;Piorou;19,6;77,9;455,8;179;357;8,7;170,3;Nova Santa Rita;43;RS;metropolitana;pampa;16,56;Cfa;28290;65,33;96,67;97,7
4313391;Episódico;Episódico;Se manteve;18,8;77,3;462,3;165;343,7;8,7;145;Novo Cabrais;43;RS;nao metropolitana;pampa;104,22;Cfa;3550;53,86;92,44;82,27
4313409;Episódico/Epidêmico;Epidêmico;Piorou;18,7;80;521,5;157,7;361;9;153;Novo Hamburgo;43;RS;metropolitana;mata atlantica;76,95;Cfa;241306;92,65;98,6;99,63
4313425;Episódico;Episódico/Epidêmico;Piorou;21;72,2;470,1;222,7;300,7;12,3;161;Novo Machado;43;RS;nao metropolitana;mata atlantica;191,64;Cfa;3198;9,26;96,96;70,81
4313441;Episódico;Episódico;Se manteve;19,7;72,7;556,5;186,7;307,3;14,3;137;Novo Tiradentes;43;RS;nao metropolitana;mata atlantica;368,5;Cfa;2115;18,03;99,59;30,37
4313466;Episódico;Episódico/Epidêmico;Piorou;19,1;73,1;514;170;313;11,7;125,3;Novo Xingu;43;RS;nao metropolitana;mata atlantica;389,68;Cfa;1646;29,57;100;66,96
4313490;Episódico;Episódico;Se manteve;18,8;73,5;529,1;163;317,7;12;122,3;Novo Barreiro;43;RS;nao metropolitana;mata atlantica;431,58;Cfa;4233;16,43;96,8;44,72
4313508;Episódico;Episódico;Se manteve;19,7;80,2;427,4;178,7;362,7;6;177;Osório;43;RS;nao metropolitana;pampa;32,45;Cfa;50395;72,95;95,08;98,96
4313607;Episódico;Episódico;Se manteve;17,9;75,1;516,5;136,3;339;10,3;114,7;Paim Filho;43;RS;nao metropolitana;mata atlantica;626,64;Cfb;3979;38,42;95,45;70,38
4313656;Episódico;Episódico;Se manteve;19,9;79;430,2;182;364;6,7;180,7;Palmares Do Sul;43;RS;nao metropolitana;pampa;8,36;Cfa;12969;89,44;98,69;95,89
4313706;Episódico;Episódico/Epidêmico;Piorou;19;73,3;537,8;168,7;313,3;12;125;Palmeira Das Missões;43;RS;nao metropolitana;pampa;540,9;Cfa;32873;31,68;97,4;86,75
4313805;Episódico;Episódico;Se manteve;20,2;72,6;525,4;203,7;304;12,7;149,3;Palmitinho;43;RS;nao metropolitana;mata atlantica;358,95;Cfa;7830;44,87;93,24;60,97
4313904;Episódico/Epidêmico;Episódico/Epidêmico;Se manteve;19,6;71,4;467,1;186,7;295,3;11;126;Panambi;43;RS;nao metropolitana;mata atlantica;437,99;Cfa;43320;60,22;95,89;94,83
4313953;Episódico;Episódico;Se manteve;18,3;78,3;425,9;151,3;350;7,3;137,3;Pantano Grande;43;RS;nao metropolitana;pampa;99,25;Cfa;10255;83,98;98,16;92,15
4314001;Episódico;Episódico;Se manteve;17,6;76,8;525,6;129,7;345,7;8;112,3;Paraí;43;RS;nao metropolitana;mata atlantica;648,21;Cfb;7205;54,14;95,48;96,18
4314027;Sem transmissão;Episódico;Piorou;18,8;77;462,4;165,7;341;8;143;Paraíso Do Sul;43;RS;nao metropolitana;mata atlantica;195,98;Cfa;6472;39,37;90,76;81,68
4314035;Sem transmissão;Episódico;Piorou;18,9;79,3;517,7;164,7;358;9,3;157;Pareci Novo;43;RS;nao metropolitana;mata atlantica;40,94;Cfa;4072;94,39;99,49;97,88
4314050;Episódico;Epidêmico;Piorou;18,3;80,7;538,4;146;362,3;9;142,7;Parobé;43;RS;metropolitana;mata atlantica;56,85;Cfa;54095;89,43;95,64;99,02
4314068;Sem transmissão;Episódico;Piorou;18,4;76,9;467,7;154,7;341,3;8,3;133;Passa Sete;43;RS;nao metropolitana;mata atlantica;471,15;Cfa;3943;21,29;82,48;20,36
4314076;Sem transmissão;Episódico/Epidêmico;Piorou;19,6;76,5;433,9;179;347,7;9,7;162;Passo Do Sobrado;43;RS;nao metropolitana;pampa;72,9;Cfa;6006;52,45;89,51;79,55
4314100;Episódico/Epidêmico;Epidêmico;Piorou;18,5;74,4;504,8;155,7;326,7;9,7;123,7;Passo Fundo;43;RS;metropolitana;pampa;612,25;Cfb;217240;57,24;98,97;98,9
4314134;Episódico;Episódico;Se manteve;18,3;75,4;563,1;149,7;334;11,7;125;Paulo Bento;43;RS;nao metropolitana;mata atlantica;652,66;Cfb;2144;30,9;91,84;40,49
4314159;Episódico;Episódico/Epidêmico;Piorou;19,3;77,8;464,4;173;351;10;158,7;Paverama;43;RS;nao metropolitana;mata atlantica;143,25;Cfa;7933;34,37;97,08;87,07
4314175;Sem transmissão;Sem transmissão;Se manteve;17,3;79,4;431,9;129,7;354,7;9,3;120,7;Pedras Altas;43;RS;nao metropolitana;pampa;189,82;Cfa;2213;67,81;83,38;38
4314209;Sem transmissão;Episódico;Piorou;18,1;78,9;415;146,7;355,3;7,7;139;Pedro Osório;43;RS;nao metropolitana;pampa;71,97;Cfa;7652;39,52;97,39;94,82
4314308;Episódico;Episódico;Se manteve;19,6;71,4;467,1;186,7;295,3;11;126;Pejuçara;43;RS;nao metropolitana;mata atlantica;434,04;Cfa;3733;7,59;91,86;79,69
4314407;Episódico/Epidêmico;Episódico/Epidêmico;Se manteve;18,7;78,4;424,1;157;357,7;8,7;151;Pelotas;43;RS;nao metropolitana;pampa;73,84;Cfa;324026;84,45;98,18;97,06
4314423;Episódico;Episódico;Se manteve;17,5;80,9;573;125,3;358,7;11;120,3;Picada Café;43;RS;nao metropolitana;mata atlantica;289,46;Cfa;5732;86,7;94,59;98,73
4314456;Sem transmissão;Episódico;Piorou;19,7;72,7;556,5;186,7;307,3;14,3;137;Pinhal;43;RS;nao metropolitana;mata atlantica;424,92;Cfa;2895;70,42;98,04;78,6
4314464;Sem transmissão;Episódico;Piorou;16,9;78,4;517,7;100;359,3;8,3;96,3;Pinhal Da Serra;43;RS;nao metropolitana;mata atlantica;832,88;Cfb;2243;3,22;92,21;72,88
4314472;Sem transmissão;Episódico;Piorou;18,7;76,4;471,9;161,3;336,3;10;133,7;Pinhal Grande;43;RS;nao metropolitana;pampa;364,9;Cfa;4049;65,61;94,76;47,52
4314498;Episódico;Episódico;Se manteve;20,2;72,6;523,5;199;307,7;12,7;147,3;Pinheirinho Do Vale;43;RS;nao metropolitana;mata atlantica;292,19;Cfa;4539;17,32;89,31;49,31
4314506;Episódico;Episódico;Se manteve;17,5;77,7;410;133,7;346,7;8,7;117,7;Pinheiro Machado;43;RS;nao metropolitana;pampa;284,54;Cfa;11380;76,68;96,38;79,23
4314548;Sem transmissão;Sem transmissão;Se manteve;17,8;79,4;507,9;136,3;355,7;9;127,3;Pinto Bandeira;43;RS;nao metropolitana;mata atlantica;600;Cfa;2712;0;0;0
4314555;Episódico;Episódico;Se manteve;21,3;71,1;438,4;225,3;287;10,7;149,7;Pirapó;43;RS;nao metropolitana;pampa;131,94;Cfa;2250;35,24;98,65;56,86
4314605;Sem transmissão;Episódico;Piorou;17,6;79,8;433,6;135;355,7;8,7;127,7;Piratini;43;RS;nao metropolitana;pampa;235,76;Cfa;17434;60,97;86,03;60,82
4314704;Episódico;Episódico/Epidêmico;Piorou;20;72,5;525,1;197,7;309,3;12,3;147,3;Planalto;43;RS;nao metropolitana;mata atlantica;478,45;Cfa;10240;32,44;93,95;66,72
4314753;Episódico;Episódico;Se manteve;18,2;79,9;530,7;147;355,7;10,7;137,3;Poço Das Antas;43;RS;nao metropolitana;mata atlantica;314,46;Cfa;2152;98,99;99,42;97,68
4314779;Episódico;Sem transmissão;Melhorou;18,8;73,5;529,1;163;317,7;12;122,3;Pontão;43;RS;nao metropolitana;pampa;639,79;Cfb;3278;13,27;97,1;49,14
4314787;Episódico;Episódico;Se manteve;18,3;75,4;563,1;149,7;334;11,7;125;Ponte Preta;43;RS;nao metropolitana;mata atlantica;606,03;Cfa;1572;42,49;97,8;31,32
4314803;Episódico;Episódico;Se manteve;18,7;80;521,5;157,7;361;9;153;Portão;43;RS;metropolitana;mata atlantica;57,57;Cfa;36410;91,23;97,1;99,33
4314902;Epidêmico;Epidêmico;Se manteve;19,7;77,3;435,3;179;356;7,7;170,3;Porto Alegre;43;RS;metropolitana;pampa;41,34;Cfa;1404269;94,26;99,6;99,72
4315008;Episódico;Episódico;Se manteve;21,1;72,3;462,4;222,7;299;10,3;159;Porto Lucena;43;RS;nao metropolitana;mata atlantica;160,53;Cfa;4364;12,79;98,54;61,57
4315057;Episódico;Episódico;Se manteve;20,9;73,3;476,4;222;307,3;12,3;167;Porto Mauá;43;RS;nao metropolitana;mata atlantica;167,32;Cfa;2143;53,9;99,04;76,83
4315073;Episódico;Episódico;Se manteve;20,9;73,3;476,4;222;307,3;12,3;167;Porto Vera Cruz;43;RS;nao metropolitana;mata atlantica;162,08;Cfa;1560;27,38;99,41;85,07
4315107;Episódico;Episódico;Se manteve;21,1;72,3;462,4;222,7;299;10,3;159;Porto Xavier;43;RS;nao metropolitana;mata atlantica;155,67;Cfa;9821;49,27;96,14;69,91
4315131;Episódico;Episódico;Se manteve;17,9;79,1;514,1;141,3;352,3;10;128,7;Pouso Novo;43;RS;nao metropolitana;mata atlantica;378,77;Cfa;1752;21,67;92,13;53,94
4315149;Episódico;Episódico;Se manteve;18,9;79,3;517,7;164,7;358;9,3;157;Presidente Lucena;43;RS;nao metropolitana;mata atlantica;174,32;Cfa;3077;79,89;98,1;96,97
4315156;Sem transmissão;Episódico/Epidêmico;Piorou;18,5;79,2;513,5;158,7;352,7;10,3;145,7;Progresso;43;RS;nao metropolitana;mata atlantica;466,41;Cfa;5325;25,81;92,24;48,04
4315172;Episódico;Sem transmissão;Melhorou;17,7;77,6;490,4;131;351;8,3;118,3;Protásio Alves;43;RS;nao metropolitana;mata atlantica;598,44;Cfb;2025;67,15;85,96;88,84
4315206;Sem transmissão;Episódico;Piorou;17,6;78,9;539;130,3;348,3;13;115,3;Putinga;43;RS;nao metropolitana;mata atlantica;517,5;Cfa;3710;53,09;95,11;72,52
4315305;Sem transmissão;Episódico;Piorou;19,3;71;347,4;175;294;9;113,7;Quaraí;43;RS;nao metropolitana;pampa;166,31;Cfa;23475;84,65;97,04;91,52
4315313;Sem transmissão;Episódico/Epidêmico;Piorou;18,5;74,2;528,1;156,3;321,7;13;121,3;Quatro Irmãos;43;RS;nao metropolitana;pampa;676,85;Cfb;1552;70,23;83,36;52,37
4315321;Episódico;Episódico;Se manteve;19,1;73,5;430;174,3;317;9,7;131,3;Quevedos;43;RS;nao metropolitana;pampa;355,53;Cfa;2502;11,49;89,05;35,25
4315354;Episódico;Episódico/Epidêmico;Piorou;18,7;74,3;457,7;160,3;325;10;125,3;Quinze De Novembro;43;RS;nao metropolitana;mata atlantica;368,5;Cfa;3910;14,97;99,14;90,62
4315404;Episódico;Episódico/Epidêmico;Piorou;19,8;72,2;545,8;192,7;298,3;12,7;136;Redentora;43;RS;nao metropolitana;mata atlantica;454,83;Cfa;9244;10,04;84,7;34,42
4315453;Sem transmissão;Episódico;Piorou;17,9;79,1;514,1;141,3;352,3;10;128,7;Relvado;43;RS;nao metropolitana;mata atlantica;448,14;Cfa;1895;51,18;96,53;57,28
4315503;Sem transmissão;Episódico;Piorou;19,4;75,2;413,6;179,3;333;8,7;149;Restinga Sêca;43;RS;nao metropolitana;pampa;58,31;Cfa;15129;42,15;95,55;89,67
4315552;Sem transmissão;Episódico/Epidêmico;Piorou;19,6;73;542,1;183,3;313,7;11,7;138;Rio Dos Índios;43;RS;nao metropolitana;mata atlantica;447,6;Cfa;3374;3,77;84,44;23,17
4315602;Episódico/Epidêmico;Episódico/Epidêmico;Se manteve;18,7;78,8;400,5;158,7;358,3;7,3;156;Rio Grande;43;RS;nao metropolitana;pampa;6,63;Cfa;191719;88,69;98,94;98,47
4315701;Episódico;Episódico/Epidêmico;Piorou;19,3;76,2;405,7;174;345;7,3;154,7;Rio Pardo;43;RS;nao metropolitana;pampa;56,95;Cfa;34447;77,45;92;88,9
4315750;Sem transmissão;Sem transmissão;Se manteve;17,7;82;586;127,7;364;9;126,7;Riozinho;43;RS;nao metropolitana;mata atlantica;548,27;Cfb;4453;47,99;86,67;94,61
4315800;Episódico;Episódico/Epidêmico;Piorou;18,6;79,3;496,1;159,3;354,3;10;147,7;Roca Sales;43;RS;nao metropolitana;mata atlantica;234,26;Cfa;10397;91,65;90,86;88,64
4315909;Episódico;Episódico;Se manteve;20;72,5;525,1;197,7;309,3;12,3;147,3;Rodeio Bonito;43;RS;nao metropolitana;mata atlantica;330,88;Cfa;6644;24,96;93,63;77,02
4315958;Episódico;Episódico/Epidêmico;Piorou;20,9;70;468,6;218;280;12;138,7;Rolador;43;RS;nao metropolitana;mata atlantica;216,6;Cfa;2277;59,81;97,7;28,36
4316006;Episódico;Episódico/Epidêmico;Piorou;19,1;80,8;482,5;163,3;364,3;9;162,3;Rolante;43;RS;metropolitana;mata atlantica;225,14;Cfa;21288;65,93;92,95;94,22
4316105;Episódico;Episódico/Epidêmico;Piorou;19,1;73,1;514;170;313;11,7;125,3;Ronda Alta;43;RS;nao metropolitana;pampa;625,37;Cfa;9750;39,3;96,78;86,29
4316204;Episódico;Episódico;Se manteve;19,3;72,7;536,9;176,3;309,3;12,7;128,3;Rondinha;43;RS;nao metropolitana;mata atlantica;519,9;Cfa;4989;37,37;98,98;69,65
4316303;Episódico;Episódico/Epidêmico;Piorou;20,9;70;468,6;218;280;12;138,7;Roque Gonzales;43;RS;nao metropolitana;mata atlantica;139,16;Cfa;6579;25,85;99,5;62,57
4316402;Episódico;Episódico/Epidêmico;Piorou;19,1;73,4;389,8;171,7;315,7;9;126,7;Rosário Do Sul;43;RS;nao metropolitana;pampa;145,34;Cfa;36343;67,05;95,25;86,09
4316428;Sem transmissão;Episódico;Piorou;19,6;72,5;536;184;307;14;132,3;Sagrada Família;43;RS;nao metropolitana;mata atlantica;391,43;Cfa;2466;22,16;97,77;41,62
4316436;Episódico;Episódico;Se manteve;18,9;73,7;474;166,3;320,7;11;128,3;Saldanha Marinho;43;RS;nao metropolitana;mata atlantica;479,44;Cfa;2581;7,51;94,03;90,09
4316451;Episódico;Episódico/Epidêmico;Piorou;18,9;74,7;444,8;165;322,7;9,3;127;Salto Do Jacuí;43;RS;nao metropolitana;pampa;328,73;Cfa;10200;37,14;94,34;85,65
4316477;Episódico;Episódico;Se manteve;21;70,3;467,6;221;283;11,7;143,7;Salvador Das Missões;43;RS;nao metropolitana;mata atlantica;198,59;Cfa;2878;44,51;99,77;82,06
4316501;Episódico;Episódico;Se manteve;18,9;79,3;517,7;164,7;358;9,3;157;Salvador Do Sul;43;RS;nao metropolitana;mata atlantica;393,52;Cfa;7411;89,02;97,89;94,19
4316600;Episódico;Episódico/Epidêmico;Piorou;17,4;76,4;528,2;118;344,3;9,3;102;Sananduva;43;RS;nao metropolitana;mata atlantica;637,46;Cfb;17130;68,93;94,7;72,72
4316709;Episódico/Epidêmico;Episódico/Epidêmico;Se manteve;19,2;72,9;512,2;176;310,3;13,7;129,7;Santa Bárbara Do Sul;43;RS;nao metropolitana;pampa;480,81;Cfa;8083;27,42;93,95;87,02
4316733;Sem transmissão;Episódico;Piorou;17,7;75,9;533,7;128,7;339,3;10,3;107,7;Santa Cecília Do Sul;43;RS;nao metropolitana;mata atlantica;739,45;Cfb;1676;42,29;74,06;78,94
4316758;Sem transmissão;Episódico/Epidêmico;Piorou;19,3;77,8;464,4;173;351;10;158,7;Santa Clara Do Sul;43;RS;nao metropolitana;mata atlantica;180,68;Cfa;6845;54,74;99,37;88,48
4316808;Episódico/Epidêmico;Epidêmico;Piorou;18,9;78,3;489,9;167;348,7;9,3;151,3;Santa Cruz Do Sul;43;RS;nao metropolitana;mata atlantica;195,98;Cfa;133136;90,87;97,41;98,28
4316907;Episódico/Epidêmico;Epidêmico;Piorou;19,4;75,2;413,6;179,3;333;8,7;149;Santa Maria;43;RS;nao metropolitana;pampa;103,44;Cfa;296081;84,26;97,87;97,9
4316956;Sem transmissão;Episódico;Piorou;17,1;81,1;582,8;107,7;360;9,3;105,3;Santa Maria Do Herval;43;RS;nao metropolitana;mata atlantica;588,25;Cfb;6541;64,24;84,95;90,65
4316972;Sem transmissão;Sem transmissão;Se manteve;19;73,8;395,1;165,3;325,3;8,7;128;Santa Margarida Do Sul;43;RS;nao metropolitana;pampa;171,66;Cfa;2593;37,97;85,67;64,52
4317004;Episódico;Episódico/Epidêmico;Piorou;18,1;77,4;421,7;148,3;346,3;11;131,3;Santana Da Boa Vista;43;RS;nao metropolitana;pampa;206,88;Cfa;7120;36,2;81,54;53,54
4317103;Episódico;Episódico/Epidêmico;Piorou;18,2;74,8;371,5;152,7;324,3;7,7;115,7;Sant'ana Do Livramento;43;RS;nao metropolitana;pampa;200,83;Cfa;83764;80,32;97,76;90,57
4317202;Episódico/Epidêmico;Episódico/Epidêmico;Se manteve;20,9;70,6;478,6;222;287,7;13;149,7;Santa Rosa;43;RS;nao metropolitana;mata atlantica;285,87;Cfa;77519;39,08;96,54;95,57
4317251;Sem transmissão;Sem transmissão;Se manteve;17,8;79,4;507,9;136,3;355,7;9;127,3;Santa Tereza;43;RS;nao metropolitana;mata atlantica;319,55;Cfa;1668;92,08;91,55;95,25
4317301;Episódico;Episódico/Epidêmico;Piorou;17,6;79,1;339,6;136,7;362,3;6;134,3;Santa Vitória Do Palmar;43;RS;nao metropolitana;pampa;7,11;Cfa;30953;80,27;98,15;91,87
4317400;Episódico/Epidêmico;Episódico/Epidêmico;Se manteve;19,3;73,3;449,6;179,3;311,3;11,3;131,7;Santiago;43;RS;nao metropolitana;pampa;301,51;Cfa;48959;72,88;97,86;92,66
4317509;Episódico/Epidêmico;Episódico/Epidêmico;Se manteve;20,5;70;467,8;209;282;13,3;133,3;Santo Ângelo;43;RS;nao metropolitana;pampa;273,65;Cfa;76768;30,85;98,02;94,94
4317558;Sem transmissão;Sem transmissão;Se manteve;17,6;76,9;496,5;129,7;346;7,7;112,3;Santo Antônio Do Palma;43;RS;nao metropolitana;mata atlantica;688,88;Cfb;2091;19,24;96,34;95,72
4317608;Episódico;Episódico/Epidêmico;Piorou;19,2;79,9;472,5;164,7;362,3;7;161,7;Santo Antônio Da Patrulha;43;RS;metropolitana;pampa;67,58;Cfa;42904;70,89;89,1;89,97
4317707;Episódico;Episódico;Se manteve;21;69,6;432,4;217;279,7;11,3;139,3;Santo Antônio Das Missões;43;RS;nao metropolitana;pampa;118,28;Cfa;10292;11,32;97,65;58,55
4317756;Episódico;Episódico;Se manteve;18,5;74,4;504,8;155,7;326,7;9,7;123,7;Santo Antônio Do Planalto;43;RS;nao metropolitana;pampa;522,53;Cfa;2097;13,98;98,41;83,28
4317806;Episódico;Episódico;Se manteve;20,1;70,8;490,3;200;286,7;12,7;132,7;Santo Augusto;43;RS;nao metropolitana;pampa;487,94;Cfa;13641;8,6;96,66;89,23
4317905;Episódico/Epidêmico;Episódico/Epidêmico;Se manteve;21;71,5;468,2;223;292,3;10,7;153;Santo Cristo;43;RS;nao metropolitana;mata atlantica;253;Cfa;15325;36,52;96,49;76,17
4317954;Sem transmissão;Sem transmissão;Se manteve;17,9;75,1;516,5;136,3;339;10,3;114,7;Santo Expedito Do Sul;43;RS;nao metropolitana;mata atlantica;671,61;Cfb;2348;66,5;94,03;64,8
4318002;Episódico/Epidêmico;Episódico/Epidêmico;Se manteve;21;69,3;395,5;216,3;279;9,3;137,7;São Borja;43;RS;nao metropolitana;pampa;93,53;Cfa;58757;62,63;95,93;89,42
4318051;Episódico;Episódico;Se manteve;17,7;76,9;500,9;133;346;8,7;115;São Domingos Do Sul;43;RS;nao metropolitana;mata atlantica;621,4;Cfb;2755;57,44;97,36;94,83
4318101;Episódico;Episódico/Epidêmico;Piorou;19,9;71,6;374,7;191,7;301;8;134,7;São Francisco De Assis;43;RS;nao metropolitana;pampa;189,34;Cfa;17634;25,08;89,57;71,25
4318200;Sem transmissão;Episódico;Piorou;17,7;82;586;127,7;364;9;126,7;São Francisco De Paula;43;RS;nao metropolitana;mata atlantica;853,79;Cfb;23682;59,13;91,46;88,3
4318309;Episódico;Episódico/Epidêmico;Piorou;19,1;73,5;399,6;171,3;322,7;9;131,3;São Gabriel;43;RS;nao metropolitana;pampa;142,26;Cfa;58263;63,97;96,98;89,07
4318408;Episódico;Episódico;Se manteve;19,7;77,2;436,6;179,3;353,3;8,7;167,3;São Jerônimo;43;RS;metropolitana;pampa;237,42;Cfa;20909;70,63;93,59;79,67
4318424;Episódico;Episódico;Se manteve;18,2;74,7;519,2;144,7;331;11;118;São João Da Urtiga;43;RS;nao metropolitana;mata atlantica;631,25;Cfb;4433;43,5;90,01;64,57
4318432;Episódico;Episódico;Se manteve;18,9;76,4;461,8;168;337;10,3;142,3;São João Do Polêsine;43;RS;nao metropolitana;mata atlantica;147,26;Cfa;2549;6,55;68,65;95,09
4318440;Sem transmissão;Episódico;Piorou;17,2;77,1;530,8;114,7;349,3;10,3;102,3;São Jorge;43;RS;nao metropolitana;mata atlantica;713,5;Cfb;2912;55,35;95,48;96,69
4318457;Sem transmissão;Episódico;Piorou;19,3;72,7;536,9;176,3;309,3;12,7;128,3;São José Das Missões;43;RS;nao metropolitana;mata atlantica;425,24;Cfa;2345;15,06;95,79;37,87
4318465;Sem transmissão;Sem transmissão;Se manteve;17,6;78,9;539;130,3;348,3;13;115,3;São José Do Herval;43;RS;nao metropolitana;mata atlantica;526,63;Cfa;1883;4,8;83,92;77,44
4318481;Episódico;Episódico/Epidêmico;Piorou;18,9;79,3;517,7;164,7;358;9,3;157;São José Do Hortêncio;43;RS;nao metropolitana;mata atlantica;85,64;Cfa;4667;93,86;99,18;97,78
4318499;Episódico;Episódico/Epidêmico;Piorou;20,7;71;480,5;216;289;12,7;147;São José Do Inhacorá;43;RS;nao metropolitana;mata atlantica;251,08;Cfa;2596;70,4;99,73;95,87
4318507;Episódico;Episódico/Epidêmico;Piorou;18,7;78,8;400,5;158,7;358,3;7,3;156;São José Do Norte;43;RS;nao metropolitana;pampa;7,24;Cfa;25491;73,29;94,84;78,11
4318606;Episódico;Episódico;Se manteve;17,9;75,1;516,5;136,3;339;10,3;114,7;São José Do Ouro;43;RS;nao metropolitana;mata atlantica;772,66;Cfb;6847;76,55;80,61;85,04
4318614;Sem transmissão;Sem transmissão;Se manteve;19,1;78,5;492,6;168,7;356;9,7;159;São José Do Sul;43;RS;nao metropolitana;mata atlantica;117,12;Cfa;2676;80,11;96,86;93,56
4318622;Episódico;Sem transmissão;Melhorou;17,1;82,2;692,4;100,7;361,7;10;99,7;São José Dos Ausentes;43;RS;nao metropolitana;mata atlantica;1161,75;Cfb;3128;51,33;74,79;71,42
4318705;Episódico/Epidêmico;Episódico/Epidêmico;Se manteve;19,6;77,9;455,8;179;357;8,7;170,3;São Leopoldo;43;RS;metropolitana;mata atlantica;38,63;Cfa;216964;93,59;99,21;99,48
4318804;Episódico;Episódico/Epidêmico;Piorou;18,7;79;444,4;156;358,3;10,3;150,7;São Lourenço Do Sul;43;RS;nao metropolitana;pampa;88,94;Cfa;41756;60,42;91,32;65,74
4318903;Episódico/Epidêmico;Episódico/Epidêmico;Se manteve;20,9;70;468,6;218;280;12;138,7;São Luiz Gonzaga;43;RS;nao metropolitana;pampa;198,68;Cfa;34690;58,65;98,11;90,74
4319000;Episódico;Episódico;Se manteve;16,3;80,4;534,6;84,3;360;8;82;São Marcos;43;RS;nao metropolitana;mata atlantica;705,93;Cfb;21027;92;90,19;94,42
4319109;Episódico;Episódico/Epidêmico;Piorou;20,3;71,3;502,7;205;288,7;11,3;138,7;São Martinho;43;RS;nao metropolitana;mata atlantica;383,16;Cfa;5479;18,07;96,06;67,99
4319125;Episódico;Episódico/Epidêmico;Piorou;19;75,3;443,6;169,3;330,3;10;137,3;São Martinho Da Serra;43;RS;nao metropolitana;pampa;384,2;Cfa;2919;3,47;73,73;45,24
4319158;Episódico;Episódico/Epidêmico;Piorou;20,4;70,2;453,7;204,3;284,7;13;132,7;São Miguel Das Missões;43;RS;nao metropolitana;pampa;258,95;Cfa;6986;27,78;79,53;56,94
4319208;Episódico;Episódico/Epidêmico;Piorou;21;70;456,5;220,7;280,3;11,3;141;São Nicolau;43;RS;nao metropolitana;pampa;128,85;Cfa;5114;23,73;97,81;67,45
4319307;Episódico;Episódico/Epidêmico;Piorou;21,2;70,7;447,1;225;285,7;10;148;São Paulo Das Missões;43;RS;nao metropolitana;mata atlantica;191,69;Cfa;5837;14,69;98,98;52,71
4319356;Episódico;Episódico;Se manteve;18,9;79,3;517,7;164,7;358;9,3;157;São Pedro Da Serra;43;RS;nao metropolitana;mata atlantica;435,02;Cfa;3818;52,46;95,25;95,35
4319364;Sem transmissão;Sem transmissão;Se manteve;19,3;73;566,4;178,7;306,7;15,3;129,3;São Pedro Das Missões;43;RS;nao metropolitana;mata atlantica;505,78;Cfa;1753;11,94;92,48;50,57
4319372;Episódico;Episódico;Se manteve;21,2;70,7;447,1;225;285,7;10;148;São Pedro Do Butiá;43;RS;nao metropolitana;mata atlantica;188,04;Cfa;3069;31,29;99,36;88,69
4319406;Episódico;Episódico;Se manteve;19,5;73,2;408,9;184;315,3;8,7;139,3;São Pedro Do Sul;43;RS;nao metropolitana;pampa;165,77;Cfa;15535;47,32;91,43;77,99
4319505;Episódico;Episódico/Epidêmico;Piorou;18,9;79,3;517,7;164,7;358;9,3;157;São Sebastião Do Caí;43;RS;metropolitana;mata atlantica;57,76;Cfa;26300;91,54;98,62;96,71
4319604;Episódico;Episódico;Se manteve;18,9;74,9;405;162;332,7;9;132;São Sepé;43;RS;nao metropolitana;pampa;122,86;Cfa;21189;77,35;93,33;83,55
4319703;Sem transmissão;Episódico/Epidêmico;Piorou;18,6;74,5;556,4;160,3;325,3;12,3;126,3;São Valentim;43;RS;nao metropolitana;mata atlantica;689,58;Cfb;3262;31,16;86,67;73,25
4319711;Sem transmissão;Episódico;Piorou;18,1;79,1;483;146,7;354;8,3;135;São Valentim Do Sul;43;RS;nao metropolitana;mata atlantica;427,75;Cfa;2029;19,59;93,65;79,19
4319737;Sem transmissão;Episódico;Piorou;20,5;70,3;490,1;211,7;284,7;12;140,3;São Valério Do Sul;43;RS;nao metropolitana;mata atlantica;407,48;Cfa;2547;13,74;98,64;44,22
4319752;Sem transmissão;Sem transmissão;Se manteve;17,9;80,5;558,8;137,7;357,3;11,7;130,7;São Vendelino;43;RS;nao metropolitana;mata atlantica;252,29;Cfa;2259;95,91;98,59;96,39
4319802;Sem transmissão;Episódico;Piorou;19,6;73,2;414;184,7;314;9;139;São Vicente Do Sul;43;RS;nao metropolitana;pampa;107,57;Cfa;8154;65,4;89,37;77,01
4319901;Episódico/Epidêmico;Episódico;Melhorou;19,3;79,3;467,7;168,3;361,3;7,7;164,3;Sapiranga;43;RS;metropolitana;mata atlantica;183,72;Cfa;75613;91,7;99,03;99,41
4320008;Episódico/Epidêmico;Episódico/Epidêmico;Se manteve;19,6;77,9;455,8;179;357;8,7;170,3;Sapucaia Do Sul;43;RS;metropolitana;mata atlantica;54,09;Cfa;130554;90,73;98,82;99,57
4320107;Episódico;Episódico/Epidêmico;Piorou;19,1;73,1;514;170;313;11,7;125,3;Sarandi;43;RS;nao metropolitana;mata atlantica;540,57;Cfa;22693;75,4;95,47;90,58
4320206;Episódico;Episódico;Se manteve;20,2;72,6;523,5;199;307,7;12,7;147,3;Seberi;43;RS;nao metropolitana;mata atlantica;455,95;Cfa;11932;15,87;92,1;79,25
4320230;Episódico;Episódico/Epidêmico;Piorou;20,3;71,3;502,7;205;288,7;11,3;138,7;Sede Nova;43;RS;nao metropolitana;mata atlantica;399,2;Cfa;2712;13,01;95,01;63,6
4320263;Episódico;Sem transmissão;Melhorou;18,7;76,4;460,7;161;339,3;8;136,7;Segredo;43;RS;nao metropolitana;mata atlantica;438,41;Cfa;6046;8,23;88,21;32,52
4320305;Episódico/Epidêmico;Episódico/Epidêmico;Se manteve;18,9;73,7;474;166,3;320,7;11;128,3;Selbach;43;RS;nao metropolitana;mata atlantica;383,71;Cfa;5108;31,36;91,86;87,39
4320321;Episódico/Epidêmico;Episódico/Epidêmico;Se manteve;20,9;70;485,1;219,3;281,7;11,7;142;Senador Salgado Filho;43;RS;nao metropolitana;pampa;319,71;Cfa;2671;43,02;98,94;32,24
4320354;Sem transmissão;Sem transmissão;Se manteve;18,7;79,5;475,1;159,7;360,3;9;156;Sentinela Do Sul;43;RS;nao metropolitana;pampa;89,69;Cfa;5221;26,34;88,66;61,7
4320404;Episódico;Episódico;Se manteve;17,6;76,9;496,5;129,7;346;7,7;112,3;Serafina Corrêa;43;RS;nao metropolitana;mata atlantica;558,03;Cfa;16839;60,74;93,48;95,66
4320453;Sem transmissão;Episódico;Piorou;19,2;78;476,2;172;349,3;10;156,7;Sério;43;RS;nao metropolitana;mata atlantica;443,35;Cfa;1941;10,86;91,63;71,86
4320503;Episódico;Episódico;Se manteve;17,9;75,8;541,2;134,7;337,7;12,7;112,7;Sertão;43;RS;nao metropolitana;pampa;652,66;Cfb;6512;24,95;88,38;59,68
4320552;Sem transmissão;Sem transmissão;Se manteve;19,4;78,4;439,6;171;359,7;8,7;167,7;Sertão Santana;43;RS;nao metropolitana;pampa;151,93;Cfa;6062;30,42;80,42;88,07
4320578;Episódico;Sem transmissão;Melhorou;20,6;70;489,5;213;282,3;12;138,7;Sete De Setembro;43;RS;nao metropolitana;mata atlantica;284,25;Cfa;1824;21,79;97,72;59,83
4320602;Episódico;Episódico/Epidêmico;Piorou;18,6;74,2;507,8;156,3;332,7;10;129,7;Severiano De Almeida;43;RS;nao metropolitana;mata atlantica;591,08;Cfa;3827;60,65;73,71;74,11
4320651;Sem transmissão;Episódico;Piorou;19,4;75,3;413,3;179,3;332,7;8,7;148,7;Silveira Martins;43;RS;nao metropolitana;mata atlantica;375,68;Cfa;2070;43,17;86,35;91,14
4320677;Episódico;Episódico/Epidêmico;Piorou;18,7;77,9;475,5;163,7;345;10;145;Sinimbu;43;RS;nao metropolitana;mata atlantica;385,51;Cfa;8578;28,2;83,6;65,53
4320701;Episódico;Episódico/Epidêmico;Piorou;18,8;77,3;462,3;165;343,7;8,7;145;Sobradinho;43;RS;nao metropolitana;mata atlantica;450,7;Cfa;14209;74,17;96,94;86,74
4320800;Episódico;Episódico/Epidêmico;Piorou;18;75,9;489,6;141,3;337;11,3;117;Soledade;43;RS;nao metropolitana;mata atlantica;626,64;Cfb;30060;71,9;95,13;83,4
4320859;Sem transmissão;Episódico;Piorou;19,1;78,5;492,6;168,7;356;9,7;159;Tabaí;43;RS;nao metropolitana;mata atlantica;85,72;Cfa;4552;46,12;88,93;87,63
4320909;Episódico;Episódico/Epidêmico;Piorou;17,9;75,8;541,2;134,7;337,7;12,7;112,7;Tapejara;43;RS;nao metropolitana;mata atlantica;637,25;Cfb;24539;68,74;95,81;96,97
4321006;Episódico;Episódico;Se manteve;18;75,9;489,6;141,3;337;11,3;117;Tapera;43;RS;nao metropolitana;mata atlantica;398,64;Cfa;10570;48,12;97,2;91,95
4321105;Sem transmissão;Episódico;Piorou;19,4;78,4;439,6;171;359,7;8,7;167,7;Tapes;43;RS;nao metropolitana;pampa;24,06;Cfa;14547;83,22;98,48;93,31
4321204;Episódico;Episódico/Epidêmico;Piorou;19,2;79,9;472,5;164,7;362,3;7;161,7;Taquara;43;RS;metropolitana;mata atlantica;142,27;Cfa;53164;83,82;96,65;97,22
4321303;Episódico;Episódico;Se manteve;19,7;76,9;427,5;178,3;350;8,3;163,7;Taquari;43;RS;nao metropolitana;pampa;44,22;Cfa;25004;73,81;96,57;97,61
4321329;Episódico;Episódico/Epidêmico;Piorou;20,2;72,6;523,5;199;307,7;12,7;147,3;Taquaruçu Do Sul;43;RS;nao metropolitana;mata atlantica;424,24;Cfa;3087;30,31;94,75;86,22
4321352;Sem transmissão;Sem transmissão;Se manteve;19,2;79,1;367,1;166,3;354;7;163,3;Tavares;43;RS;nao metropolitana;pampa;7,84;Cfa;5554;59,1;98,47;74,28
4321402;Episódico/Epidêmico;Episódico/Epidêmico;Se manteve;20,5;72,7;509;212;301;11,7;153,7;Tenente Portela;43;RS;nao metropolitana;mata atlantica;389,57;Cfa;14494;19,29;96,21;69,75
4321436;Episódico;Episódico;Se manteve;18,2;82,5;603,2;137,3;364;11,3;136,7;Terra De Areia;43;RS;nao metropolitana;mata atlantica;87,7;Cfa;11122;21,39;95,35;97,52
4321451;Episódico/Epidêmico;Episódico/Epidêmico;Se manteve;19,1;78,5;492,6;168,7;356;9,7;159;Teutônia;43;RS;nao metropolitana;mata atlantica;133;Cfa;32776;82,22;99,08;99,16
4321469;Episódico;Episódico/Epidêmico;Piorou;18,5;74,9;478,2;154;331,3;9,7;124;Tio Hugo;43;RS;nao metropolitana;mata atlantica;477,15;Cfa;3422;13,06;93,53;71,84
4321477;Episódico;Episódico;Se manteve;20,3;71,3;502,7;205;288,7;11,3;138,7;Tiradentes Do Sul;43;RS;nao metropolitana;mata atlantica;253,17;Cfa;5132;10,78;86,95;49,89
4321493;Episódico;Episódico;Se manteve;19,1;73,5;430;174,3;317;9,7;131,3;Toropi;43;RS;nao metropolitana;mata atlantica;225,03;Cfa;2546;0,37;92,75;77,97
4321501;Episódico/Epidêmico;Episódico/Epidêmico;Se manteve;18,5;82,6;618,9;143,3;363;10,3;143;Torres;43;RS;nao metropolitana;mata atlantica;14,33;Cfa;41709;64,13;98,68;99,57
4321600;Episódico;Episódico/Epidêmico;Piorou;19,3;81,3;486,3;167,7;364;8;167;Tramandaí;43;RS;nao metropolitana;pampa;10,38;Cfa;51872;60,44;99,13;99,18
4321626;Sem transmissão;Episódico;Piorou;18,5;79,2;513,5;158,7;352,7;10,3;145,7;Travesseiro;43;RS;nao metropolitana;mata atlantica;184,9;Cfa;2123;7,76;98,19;92,24
4321634;Sem transmissão;Episódico;Piorou;18,3;75,4;563,1;149,7;334;11,7;125;Três Arroios;43;RS;nao metropolitana;mata atlantica;648,27;Cfb;2589;71,49;89,75;84,8
4321667;Episódico;Episódico;Se manteve;18,5;82,6;618,9;143,3;363;10,3;143;Três Cachoeiras;43;RS;nao metropolitana;mata atlantica;134,36;Cfa;11551;50,67;87,36;96,46
4321709;Episódico;Episódico;Se manteve;18,3;80,7;538,4;146;362,3;9;142,7;Três Coroas;43;RS;nao metropolitana;mata atlantica;346,09;Cfa;25344;88,9;89,5;98,26
4321808;Episódico/Epidêmico;Episódico/Epidêmico;Se manteve;20,8;70,1;491,9;217,7;284,3;14,3;145;Três De Maio;43;RS;nao metropolitana;mata atlantica;274,68;Cfa;25006;17,57;93,59;87,05
4321832;Episódico;Episódico;Se manteve;18,2;82,5;603,2;137,3;364;11,3;136,7;Três Forquilhas;43;RS;nao metropolitana;mata atlantica;450,07;Cfa;3139;13,06;80,81;95,45
4321857;Episódico;Episódico;Se manteve;19,3;73,1;531,4;174,7;313;12;129;Três Palmeiras;43;RS;nao metropolitana;pampa;595,03;Cfa;4707;28,49;97,82;53,75
4321907;Episódico;Episódico/Epidêmico;Piorou;20,5;72,7;509;212;301;11,7;153,7;Três Passos;43;RS;nao metropolitana;mata atlantica;362,53;Cfa;25467;43,3;93,27;94,83
4321956;Episódico;Episódico;Se manteve;19,6;72,5;536;184;307;14;132,3;Trindade Do Sul;43;RS;nao metropolitana;mata atlantica;564,42;Cfa;7065;26,4;96,63;73,44
4322004;Episódico;Episódico;Se manteve;19,7;77,2;436,6;179,3;353,3;8,7;167,3;Triunfo;43;RS;metropolitana;pampa;37,61;Cfa;32859;57,62;89,41;97,02
4322103;Episódico;Episódico/Epidêmico;Piorou;20,9;71,3;475,9;222,3;293,7;12;155,3;Tucunduva;43;RS;nao metropolitana;mata atlantica;222,19;Cfa;5512;7,14;96,6;93,48
4322152;Episódico;Episódico;Se manteve;19;74,7;431,3;165,3;326;9;130;Tunas;43;RS;nao metropolitana;mata atlantica;449,47;Cfa;3685;9,56;90,87;30
4322186;Episódico;Sem transmissão;Melhorou;16,9;77,6;533,3;104;351,3;9,3;93,7;Tupanci Do Sul;43;RS;nao metropolitana;mata atlantica;819,19;Cfb;1371;55,33;85,05;71,4
4322202;Episódico;Episódico/Epidêmico;Piorou;18,8;73,9;448,2;162,7;316;11,7;121;Tupanciretã;43;RS;nao metropolitana;pampa;411,35;Cfa;19997;44,18;94,74;80,35
4322251;Sem transmissão;Episódico;Piorou;17,9;80,5;558,8;137,7;357,3;11,7;130,7;Tupandi;43;RS;nao metropolitana;mata atlantica;184,58;Cfa;4981;92,03;98,51;98,29
4322301;Episódico/Epidêmico;Episódico/Epidêmico;Se manteve;20,9;70,6;478,6;222;287,7;13;149,7;Tuparendi;43;RS;nao metropolitana;mata atlantica;224,76;Cfa;8342;14,41;96,12;73,01
4322327;Sem transmissão;Episódico;Piorou;18,7;79;444,4;156;358,3;10,3;150,7;Turuçu;43;RS;nao metropolitana;pampa;34,13;Cfa;3410;49,26;85,38;68,35
4322343;Episódico;Episódico;Se manteve;21;70,3;467,6;221;283;11,7;143,7;Ubiretama;43;RS;nao metropolitana;mata atlantica;242,26;Cfa;1994;13,22;98,9;22,32
4322350;Episódico;Episódico;Se manteve;17,7;77,9;508;133,7;349,3;9,7;119,7;União Da Serra;43;RS;nao metropolitana;mata atlantica;485,44;Cfa;1171;76,42;87,11;35,59
4322376;Sem transmissão;Episódico;Piorou;20,4;70;405,8;201;284,3;9,3;129,7;Unistalda;43;RS;nao metropolitana;pampa;249,12;Cfa;2180;1,8;73,92;43,15
4322400;Episódico;Episódico/Epidêmico;Piorou;20,3;69,5;327,4;195;280,7;7;121,7;Uruguaiana;43;RS;nao metropolitana;pampa;94,95;Cfa;115100;82,08;98,25;95,15
4322509;Episódico;Episódico;Se manteve;16,8;77,8;503,2;97,3;357,7;8;92,7;Vacaria;43;RS;nao metropolitana;mata atlantica;887,98;Cfb;64033;88,28;98,6;96,78
4322525;Sem transmissão;Episódico;Piorou;19,6;76,3;434;177,3;342,7;9,7;155,7;Vale Verde;43;RS;nao metropolitana;pampa;56,21;Cfa;3137;50,35;69,42;68,38
4322533;Episódico;Episódico;Se manteve;18,8;77,3;462,3;165;343,7;8,7;145;Vale Do Sol;43;RS;nao metropolitana;mata atlantica;247,63;Cfa;9907;47,61;87,12;78,94
4322541;Episódico;Episódico;Se manteve;18,7;80;521,5;157,7;361;9;153;Vale Real;43;RS;nao metropolitana;mata atlantica;250;Cfa;6152;25,87;95,49;97,89
4322558;Episódico;Episódico;Se manteve;17,5;76,8;506,5;123,7;350;8,3;111;Vanini;43;RS;nao metropolitana;mata atlantica;695,58;Cfb;2004;74,8;99,69;75,12
4322608;Episódico/Epidêmico;Epidêmico;Piorou;18,9;78,3;489,9;167;348,7;9,3;151,3;Venâncio Aires;43;RS;nao metropolitana;mata atlantica;148,03;Cfa;68420;85,79;94,05;87,75
4322707;Episódico;Episódico/Epidêmico;Piorou;19,6;76,3;434;177,3;342,7;9,7;155,7;Vera Cruz;43;RS;nao metropolitana;mata atlantica;79,21;Cfa;26702;74,19;97,9;92,51
4322806;Episódico;Episódico;Se manteve;17,3;80;535,9;119;357,7;9,7;113;Veranópolis;43;RS;nao metropolitana;mata atlantica;496,6;Cfb;23878;93,14;95,37;96,27
4322855;Sem transmissão;Episódico;Piorou;18,1;79,1;483;146,7;354;8,3;135;Vespasiano Corrêa;43;RS;nao metropolitana;mata atlantica;421,09;Cfa;1821;33,92;97,43;91,48
4322905;Sem transmissão;Episódico/Epidêmico;Piorou;18,5;75,1;531,2;154,3;336;11;130,3;Viadutos;43;RS;nao metropolitana;mata atlantica;559,89;Cfa;4767;48,8;91,76;81,68
4323002;Episódico/Epidêmico;Episódico/Epidêmico;Se manteve;19,7;77,8;449,8;179,3;359;8;173;Viamão;43;RS;metropolitana;pampa;36,37;Cfa;223679;76,19;98,12;98,33
4323101;Episódico;Episódico;Se manteve;20,4;72,8;507,2;212,7;308,7;11;161;Vicente Dutra;43;RS;nao metropolitana;mata atlantica;292,17;Cfa;4660;46,56;94,52;47,44
4323200;Episódico;Episódico;Se manteve;18,9;73,7;474;166,3;320,7;11;128,3;Victor Graeff;43;RS;nao metropolitana;mata atlantica;445,04;Cfa;2685;25,07;99,33;73,58
4323309;Episódico;Episódico;Se manteve;17,7;77,6;490,4;131;351;8,3;118,3;Vila Flores;43;RS;nao metropolitana;mata atlantica;642,38;Cfb;3608;62,49;91,91;71,29
4323358;Episódico;Sem transmissão;Melhorou;18,1;75,2;534,4;142;331,3;13;116,3;Vila Lângaro;43;RS;nao metropolitana;mata atlantica;646,38;Cfb;2118;49,04;94,7;84,24
4323408;Sem transmissão;Episódico;Piorou;18;76,4;496,2;140,7;340,7;9,7;119;Vila Maria;43;RS;nao metropolitana;mata atlantica;504,98;Cfa;4425;57,78;98,66;98,89
4323457;Sem transmissão;Sem transmissão;Se manteve;19;73,8;395,1;165,3;325,3;8,7;128;Vila Nova Do Sul;43;RS;nao metropolitana;pampa;236,3;Cfa;3629;47,04;84,3;63,54
4323507;Episódico;Episódico;Se manteve;20,2;72,6;525,4;203,7;304;12,7;149,3;Vista Alegre;43;RS;nao metropolitana;mata atlantica;423,8;Cfa;2655;20,04;82,56;54,13
4323606;Episódico;Episódico;Se manteve;17,9;77,6;479,9;138,7;349,7;9,3;124,3;Vista Alegre Do Prata;43;RS;nao metropolitana;mata atlantica;477,17;Cfa;1608;35,81;96,82;41,53
4323705;Episódico;Episódico;Se manteve;20,5;72,7;509;212;301;11,7;153,7;Vista Gaúcha;43;RS;nao metropolitana;mata atlantica;346,39;Cfa;2785;26,93;92,61;42,76
4323754;Episódico;Episódico/Epidêmico;Piorou;20,7;69,9;469,1;213;280,7;13;136,3;Vitória Das Missões;43;RS;nao metropolitana;mata atlantica;240,5;Cfa;3266;25,56;99,25;22,37
4323770;Sem transmissão;Episódico;Piorou;19,1;78,5;492,6;168,7;356;9,7;159;Westfália;43;RS;nao metropolitana;mata atlantica;307,58;Cfa;3096;97;94,24;96,78
4323804;Episódico;Episódico;Se manteve;19,3;81,3;486,3;167,7;364;8;167;Xangri-Lá;43;RS;nao metropolitana;mata atlantica;4,72;Cfa;16178;14,27;98,14;99,35
5000203;Episódico/Epidêmico;Epidêmico;Piorou;24,4;63,8;296,9;330;231,7;2,7;208;Água Clara;50;MS;nao metropolitana;cerrado;473,6;Am;17072;3,46;90,59;74,12
5000252;Episódico/Epidêmico;Episódico/Epidêmico;Se manteve;25,2;64;317,6;351;227,7;2,3;218,7;Alcinópolis;50;MS;nao metropolitana;cerrado;413,27;Am;4670;0,38;94,9;67,55
5000609;Epidêmico;Epidêmico;Se manteve;22,3;70,6;451;277;286;9;205,7;Amambai;50;MS;nao metropolitana;cerrado;396,45;Cfa;38251;25,42;90,79;71,62
5000708;Episódico/Epidêmico;Episódico/Epidêmico;Se manteve;25;66,5;331,4;336,7;256;3,3;233,7;Anastácio;50;MS;nao metropolitana;cerrado;244,5;Aw;23338;45,17;96,03;78,05
5000807;Episódico;Epidêmico;Piorou;24,2;67,3;364,9;319,7;266;6,3;227,3;Anaurilândia;50;MS;nao metropolitana;cerrado;330,62;Aw;7805;1,67;84,7;62,16
5000856;Episódico/Epidêmico;Epidêmico;Piorou;23,9;67,1;374,5;311;259,7;5;214,7;Angélica;50;MS;nao metropolitana;mata atlantica;328,2;Aw;10663;2,48;93,09;76,75
5000906;Episódico/Epidêmico;Epidêmico;Piorou;22,5;70,3;455;285,3;285,3;7,3;215,7;Antônio João;50;MS;nao metropolitana;cerrado;499,81;Cfa;8796;2,43;89,52;76,38
5001003;Episódico/Epidêmico;Epidêmico;Piorou;24,8;64,3;288,4;345,3;238;1,3;223,3;Aparecida Do Taboado;50;MS;nao metropolitana;cerrado;385,58;Aw;27862;15,99;99,23;90,66
5001102;Episódico/Epidêmico;Epidêmico;Piorou;25;66,5;331,4;336,7;256;3,3;233,7;Aquidauana;50;MS;nao metropolitana;pantanal;153,57;Am;44437;29,64;93,84;79,08
5001243;Episódico/Epidêmico;Episódico/Epidêmico;Se manteve;22,5;70,2;430,8;282;284;5,3;209;Aral Moreira;50;MS;nao metropolitana;cerrado;489,29;Cfa;10670;3,03;94,35;65,25
5001508;Episódico/Epidêmico;Episódico/Epidêmico;Se manteve;23,2;67,5;350,6;314;262,3;2,3;221,7;Bandeirantes;50;MS;nao metropolitana;cerrado;560,31;Am;7925;4,44;99,1;64,03
5001904;Episódico/Epidêmico;Epidêmico;Piorou;24,5;65,6;334;329,7;247,7;3,3;220,3;Bataguassu;50;MS;nao metropolitana;cerrado;328,76;Aw;23837;49,52;93,99;85,29
5002001;Episódico/Epidêmico;Epidêmico;Piorou;24,1;66,6;354,6;315,7;254,7;5;213,3;Batayporã;50;MS;nao metropolitana;mata atlantica;288,48;Aw;11231;1,41;96,57;75,24
5002100;Episódico/Epidêmico;Epidêmico;Piorou;24,4;66,6;380,9;311;254;6;207,7;Bela Vista;50;MS;nao metropolitana;cerrado;278,3;Af;23594;24,03;94,47;76,2
5002159;Episódico/Epidêmico;Episódico/Epidêmico;Se manteve;24,4;69,2;380,9;324,7;278,3;4,7;245,7;Bodoquena;50;MS;nao metropolitana;cerrado;316,87;Am;8944;66,37;90,53;72,98
5002209;Episódico/Epidêmico;Episódico/Epidêmico;Se manteve;24,1;68,4;388,6;316;271,7;6;230;Bonito;50;MS;nao metropolitana;cerrado;348,77;Am;25185;81,62;95,54;82,25
5002308;Episódico/Epidêmico;Epidêmico;Piorou;24,5;64,6;320,3;329,7;237,3;4;210,3;Brasilândia;50;MS;nao metropolitana;cerrado;357,54;Aw;11634;53,97;95,85;73,58
5002407;Episódico/Epidêmico;Epidêmico;Piorou;22,9;70,3;407,8;286,3;285,7;5,3;214,3;Caarapó;50;MS;nao metropolitana;mata atlantica;410,17;Cfa;33471;22,35;94,55;74,6
5002605;Episódico/Epidêmico;Epidêmico;Piorou;23,7;66,1;339,5;330,3;242,3;1,3;219,7;Camapuã;50;MS;nao metropolitana;cerrado;507,93;Am;12428;48,79;97,49;78,27
5002704;Transmissão Persistente;Transmissão Persistente;Se manteve;24;65,5;369,2;331;242,3;2;217;Campo Grande;50;MS;metropolitana;cerrado;467,67;Am;942140;60,26;99,38;98,81
5002803;Episódico/Epidêmico;Episódico/Epidêmico;Se manteve;24,8;65,8;357,4;312,7;248,3;5,7;204,7;Caracol;50;MS;nao metropolitana;cerrado;251,99;Af;5281;2,1;88,98;64,88
5002902;Episódico/Epidêmico;Epidêmico;Piorou;23,6;65,4;331,8;330;247,3;1,3;222,7;Cassilândia;50;MS;nao metropolitana;cerrado;562,39;Am;20951;25,65;98,03;91,38
5002951;Epidêmico;Epidêmico;Se manteve;23,1;65,9;366,6;324;246;2;218,7;Chapadão Do Sul;50;MS;nao metropolitana;cerrado;663,43;Am;30497;46,87;96,47;87,03
5003108;Episódico;Episódico/Epidêmico;Piorou;25;64,7;319,1;344,3;238,3;1,3;224;Corguinho;50;MS;nao metropolitana;cerrado;368,92;Am;6025;63,16;91,43;57,19
5003157;Episódico/Epidêmico;Epidêmico;Piorou;22,7;70;424,8;282;282;8,7;206;Coronel Sapucaia;50;MS;nao metropolitana;cerrado;435,08;Cfa;13228;35,02;93,96;74,85
5003207;Epidêmico;Epidêmico;Se manteve;26,4;66,1;314,2;339,3;257,7;3;238;Corumbá;50;MS;nao metropolitana;pantanal;116;Aw;94874;19,84;93,36;87,44
5003256;Epidêmico;Epidêmico;Se manteve;23,9;64,7;319,7;341,3;232,3;1,7;217,3;Costa Rica;50;MS;nao metropolitana;cerrado;673,23;Am;26187;45,74;95,52;89,51
5003306;Epidêmico;Epidêmico;Se manteve;25,7;64,3;319,7;350,3;231,3;2,7;221,3;Coxim;50;MS;nao metropolitana;cerrado;277,29;Aw;32302;13,25;96,1;88,5
5003454;Episódico/Epidêmico;Epidêmico;Piorou;23,4;67,8;381,5;293,7;267;5;206;Deodápolis;50;MS;nao metropolitana;mata atlantica;345,11;Aw;13454;0,87;98,12;78,14
5003488;Episódico/Epidêmico;Epidêmico;Piorou;24,1;66,7;326,5;326,7;255;2,3;224,7;Dois Irmãos Do Buriti;50;MS;nao metropolitana;cerrado;279,58;Aw;11134;1,66;98;55,03
5003504;Episódico/Epidêmico;Episódico/Epidêmico;Se manteve;23,7;66,9;365,8;299;259;5,7;204;Douradina;50;MS;nao metropolitana;mata atlantica;312,85;Am;5800;1,77;95,13;67,07
5003702;Epidêmico;Epidêmico;Se manteve;23,3;68;383,5;292,7;269,3;4,7;207;Dourados;50;MS;nao metropolitana;cerrado;378,16;Am;261019;51,96;98,56;92,57
5003751;Episódico/Epidêmico;Episódico/Epidêmico;Se manteve;22,6;72,5;452,2;276,7;304,7;8,3;218,3;Eldorado;50;MS;nao metropolitana;mata atlantica;304,63;Cfa;12107;10,26;89,06;82,17
5003801;Episódico/Epidêmico;Episódico/Epidêmico;Se manteve;23;69,8;424,9;290,3;278,7;5,3;212,7;Fátima Do Sul;50;MS;nao metropolitana;mata atlantica;328,35;Am;20381;12,02;99,33;88,97
5003900;Episódico/Epidêmico;Episódico/Epidêmico;Se manteve;24,6;63,8;302,6;348;222;2;210;Figueirão;50;MS;nao metropolitana;cerrado;446,45;Am;3520;4,43;95,85;59,69
5004007;Episódico/Epidêmico;Episódico/Epidêmico;Se manteve;23,4;68;392;296;266;6;207;Glória De Dourados;50;MS;nao metropolitana;mata atlantica;384,95;Cfa;9998;1,6;95,24;77,61
5004106;Episódico/Epidêmico;Epidêmico;Piorou;23,6;67,5;377,7;308,7;263,7;6,7;216,3;Guia Lopes Da Laguna;50;MS;nao metropolitana;cerrado;306,86;Af;9912;7,97;98,82;80,28
5004304;Episódico/Epidêmico;Episódico/Epidêmico;Se manteve;22,6;72,5;452,2;276,7;304,7;8,3;218,3;Iguatemi;50;MS;nao metropolitana;mata atlantica;350,88;Cfa;13808;13,7;94,13;74,55
5004403;Episódico/Epidêmico;Episódico/Epidêmico;Se manteve;24;63,6;316;332,7;229,7;1,3;207;Inocência;50;MS;nao metropolitana;cerrado;468,2;Am;8424;10,51;90,85;63,51
5004502;Episódico/Epidêmico;Epidêmico;Piorou;23,3;68,1;373;293,7;271,3;5,7;209;Itaporã;50;MS;nao metropolitana;mata atlantica;366,48;Am;23818;22,78;97,73;69,79
5004601;Episódico/Epidêmico;Epidêmico;Piorou;22,9;71,7;432,8;286,7;295;7;221;Itaquiraí;50;MS;nao metropolitana;mata atlantica;312,04;Cfa;19453;1,88;80,71;50,78
5004700;Epidêmico;Epidêmico;Se manteve;23,7;67,7;390,5;302,3;264;5,3;209,7;Ivinhema;50;MS;nao metropolitana;mata atlantica;343,83;Aw;29890;9,36;91,02;76,44
5004809;Episódico/Epidêmico;Episódico/Epidêmico;Se manteve;22,6;72,5;452,2;276,7;304,7;8,3;218,3;Japorã;50;MS;nao metropolitana;mata atlantica;326,04;Cfa;7966;3,79;80,54;24,35
5004908;Episódico/Epidêmico;Episódico/Epidêmico;Se manteve;23,6;66,6;368,9;322,7;252,3;2;220,3;Jaraguari;50;MS;nao metropolitana;cerrado;537,32;Am;8819;2,81;89,12;34,76
5005004;Episódico/Epidêmico;Epidêmico;Piorou;24,4;66,9;350,1;320;259,3;5,7;222;Jardim;50;MS;nao metropolitana;cerrado;336,21;Af;26214;32,62;96,71;91,85
5005103;Episódico/Epidêmico;Episódico/Epidêmico;Se manteve;23,1;69,7;432,5;290,3;278,3;7,7;212,3;Jateí;50;MS;nao metropolitana;mata atlantica;327,48;Cfa;3315;25,38;82,77;57,31
5005152;Episódico/Epidêmico;Episódico/Epidêmico;Se manteve;22,9;70,3;407,8;286,3;285,7;5,3;214,3;Juti;50;MS;nao metropolitana;mata atlantica;373,75;Cfa;6988;11,73;91,89;64,52
5005202;Episódico/Epidêmico;Epidêmico;Piorou;26,2;67,1;332,2;339,7;264;3;244;Ladário;50;MS;nao metropolitana;pantanal;198,04;Aw;20995;11,85;94,79;87,84
5005251;Episódico/Epidêmico;Epidêmico;Piorou;22,4;70;451,8;280;283,7;7,3;207,7;Laguna Carapã;50;MS;nao metropolitana;cerrado;439,18;Cfa;7090;8,49;96,64;46,46
5005400;Episódico/Epidêmico;Epidêmico;Piorou;23;68,8;374,2;293,7;273,3;4,7;214;Maracaju;50;MS;nao metropolitana;cerrado;469,42;Am;43247;35,91;97,93;87,82
5005608;Episódico/Epidêmico;Epidêmico;Piorou;25,6;66,4;339,3;341;255;4,7;236,3;Miranda;50;MS;nao metropolitana;cerrado;163,23;Am;24553;36,69;84,87;69,37
5005681;Episódico/Epidêmico;Episódico/Epidêmico;Se manteve;22,8;71,1;447,1;280;293,7;7,7;212;Mundo Novo;50;MS;nao metropolitana;mata atlantica;268,17;Cfa;18738;1,23;92,5;89,69
5005707;Epidêmico;Epidêmico;Se manteve;22,8;71,3;417,1;285,3;291,7;6;218,3;Naviraí;50;MS;nao metropolitana;mata atlantica;308,19;Cfa;50868;25,84;98,83;93,84
5005806;Episódico/Epidêmico;Epidêmico;Piorou;23,7;66,5;351,4;313;256;5;214,7;Nioaque;50;MS;nao metropolitana;cerrado;259,57;Am;15255;26,35;93,3;48,21
5006002;Episódico/Epidêmico;Epidêmico;Piorou;23,7;66,4;371,9;310,7;254,3;5;211,3;Nova Alvorada Do Sul;50;MS;nao metropolitana;cerrado;382,41;Am;21476;4,64;96,48;73,91
5006200;Episódico/Epidêmico;Epidêmico;Piorou;24,2;67,4;352,7;317,7;265,3;5;225;Nova Andradina;50;MS;nao metropolitana;cerrado;348,79;Aw;52221;12,73;93,89;85,28
5006259;Episódico/Epidêmico;Episódico/Epidêmico;Se manteve;23,7;68,3;409,2;301,3;270,3;7,7;213;Novo Horizonte Do Sul;50;MS;nao metropolitana;mata atlantica;312,88;Aw;5278;5,64;67,61;54,88
5006275;Episódico/Epidêmico;Epidêmico;Piorou;23,4;65,5;311,1;325,3;246,3;2;218,7;Paraíso Das Águas;50;MS;nao metropolitana;cerrado;452;Aw;5360;0;0;0
5006309;Epidêmico;Epidêmico;Se manteve;24,8;63,9;292,9;345,3;229,3;2,7;216,3;Paranaíba;50;MS;nao metropolitana;cerrado;463,6;Aw;40713;42,31;99,02;86,56
5006358;Episódico/Epidêmico;Episódico/Epidêmico;Se manteve;22,7;71;449,1;279,7;288,3;9,7;206,7;Paranhos;50;MS;nao metropolitana;cerrado;382,51;Cfa;12926;1,66;70,18;57,41
5006408;Episódico/Epidêmico;Episódico/Epidêmico;Se manteve;25,8;64,9;347,3;351;238,3;3,3;228,7;Pedro Gomes;50;MS;nao metropolitana;cerrado;334,59;Aw;6842;6,77;93,53;74,76
5006606;Epidêmico;Epidêmico;Se manteve;22,8;69,8;422,1;287;279,7;6,3;211;Ponta Porã;50;MS;nao metropolitana;cerrado;541,39;Cfa;90756;23,72;95,37;78,08
5006903;Episódico/Epidêmico;Episódico/Epidêmico;Se manteve;25,9;63,1;359,6;321,7;221,3;6,3;189,7;Porto Murtinho;50;MS;nao metropolitana;pantanal;185,51;Af;12625;84,74;88,12;66,31
5007109;Episódico/Epidêmico;Epidêmico;Piorou;23,9;65,8;292,5;319,3;251,3;1,3;216;Ribas Do Rio Pardo;50;MS;nao metropolitana;cerrado;439,63;Am;23085;28,43;89,07;69,05
5007208;Episódico/Epidêmico;Epidêmico;Piorou;23,9;66,4;356,9;306,7;252,7;5;205,3;Rio Brilhante;50;MS;nao metropolitana;cerrado;337,72;Am;38362;22,08;96,95;82,06
5007307;Episódico/Epidêmico;Episódico/Epidêmico;Se manteve;24,5;66;339,9;341,3;242,7;2;225,3;Rio Negro;50;MS;nao metropolitana;cerrado;366,34;Am;4691;4,12;94,84;70,13
5007406;Episódico/Epidêmico;Episódico/Epidêmico;Se manteve;24,2;66,2;355,4;339,3;243,3;2,7;224;Rio Verde De Mato Grosso;50;MS;nao metropolitana;pantanal;275,95;Aw;19810;4,3;95,23;84,18
5007505;Episódico/Epidêmico;Episódico/Epidêmico;Se manteve;25;64,7;319,1;344,3;238,3;1,3;224;Rochedo;50;MS;nao metropolitana;cerrado;339,64;Am;5340;22,53;95,55;54,3
5007554;Episódico/Epidêmico;Epidêmico;Piorou;24,4;64;318,6;329;228;1,3;201;Santa Rita Do Pardo;50;MS;nao metropolitana;cerrado;366,02;Aw;7293;7,76;92,25;48,59
5007695;Epidêmico;Epidêmico;Se manteve;23,7;66,8;370,5;331,3;249;2,3;225,7;São Gabriel Do Oeste;50;MS;nao metropolitana;cerrado;503,87;Am;31846;46,74;98,96;86,77
5007703;Episódico/Epidêmico;Episódico/Epidêmico;Se manteve;22,1;73,2;487,2;266,7;309,7;9,7;213,7;Sete Quedas;50;MS;nao metropolitana;mata atlantica;349,06;Cfa;10994;1,73;96,44;75,32
5007802;Episódico/Epidêmico;Episódico/Epidêmico;Se manteve;24,8;64,3;285,6;340;239,3;2;221;Selvíria;50;MS;nao metropolitana;cerrado;374,64;Aw;8000;8,59;90,55;75,26
5007901;Epidêmico;Epidêmico;Se manteve;24;65,7;316,3;322,7;245,7;2,3;214;Sidrolândia;50;MS;nao metropolitana;cerrado;438,79;Am;51075;18,81;89,84;63,97
5007935;Episódico/Epidêmico;Epidêmico;Piorou;25,8;64,8;386,1;351,7;230;3;220,3;Sonora;50;MS;nao metropolitana;cerrado;478,66;Aw;14345;3,51;94,9;90,94
5007950;Episódico/Epidêmico;Episódico/Epidêmico;Se manteve;22,3;72,3;461,1;270,3;304,3;9,7;213;Tacuru;50;MS;nao metropolitana;mata atlantica;352,3;Cfa;10749;8,02;81,99;42,47
5007976;Episódico/Epidêmico;Episódico/Epidêmico;Se manteve;24;67,2;363,4;312;265,7;6;220,7;Taquarussu;50;MS;nao metropolitana;mata atlantica;251,05;Aw;3634;1,2;95,83;72,91
5008008;Episódico/Epidêmico;Episódico/Epidêmico;Se manteve;23,7;66,1;360,5;319;248;2,3;213,7;Terenos;50;MS;nao metropolitana;cerrado;306,68;Aw;17342;10,55;95,38;45,8
5008305;Epidêmico;Epidêmico;Se manteve;24,6;64,5;312,2;334,3;236,7;3;213,7;Três Lagoas;50;MS;nao metropolitana;cerrado;377,09;Aw;132651;52,74;99,16;95
5008404;Episódico/Epidêmico;Episódico/Epidêmico;Se manteve;23,4;67,8;381,5;293,7;267;5;206;Vicentina;50;MS;nao metropolitana;mata atlantica;401,06;Cfa;6264;1,84;97,82;72,47
5100102;Episódico;Episódico;Se manteve;26,4;68,4;399;354;260;2,7;250,7;Acorizal;51;MT;metropolitana;cerrado;259,29;Aw;5509;8,27;81,91;54,34
5100201;Episódico/Epidêmico;Epidêmico;Piorou;26;68;408;364;256;4,3;256;Água Boa;51;MT;nao metropolitana;cerrado;372,12;Aw;30795;14,11;96,82;81,5
5100250;Epidêmico;Epidêmico;Se manteve;26,3;74,1;559,1;366;289,3;5,7;289;Alta Floresta;51;MT;nao metropolitana;amazonia;294,85;Am;56461;18,05;98,64;84,3
5100300;Episódico/Epidêmico;Episódico/Epidêmico;Se manteve;23,2;66,8;383,4;338,7;242;1,7;226,7;Alto Araguaia;51;MT;nao metropolitana;cerrado;625,81;Aw;15358;7,62;97,55;86,05
5100359;Episódico;Episódico/Epidêmico;Piorou;26,5;70,1;476,6;366;255;2,7;255;Alto Boa Vista;51;MT;nao metropolitana;amazonia;324,53;Aw;6551;25,97;72,6;64,34
5100409;Episódico/Epidêmico;Episódico/Epidêmico;Se manteve;23,4;66,5;389,3;345,3;235,3;1,3;224,3;Alto Garças;51;MT;nao metropolitana;cerrado;686,76;Aw;11786;3,62;94,04;89,18
5100508;Episódico;Episódico/Epidêmico;Piorou;26,2;68,5;389,8;355,3;262,3;2,3;255;Alto Paraguai;51;MT;nao metropolitana;cerrado;295,81;Aw;11178;22,63;87,83;55,73
5100607;Episódico/Epidêmico;Episódico/Epidêmico;Se manteve;23,4;66,3;441,4;339,7;238;3;221,7;Alto Taquari;51;MT;nao metropolitana;cerrado;813,96;Aw;10729;1,84;99;91,02
5100805;Episódico;Episódico/Epidêmico;Piorou;25,8;78;664,4;365,3;321,3;6,7;320,3;Apiacás;51;MT;nao metropolitana;amazonia;220,66;Am;9367;5,44;91,6;69,6
5101001;Episódico/Epidêmico;Episódico/Epidêmico;Se manteve;26,3;63,8;388,3;363,7;217,3;5;217;Araguaiana;51;MT;nao metropolitana;cerrado;284,15;Aw;3689;3,03;94,3;66,61
5101209;Episódico;Episódico/Epidêmico;Piorou;24,2;65,3;348,9;352;225,3;1;217,3;Araguainha;51;MT;nao metropolitana;cerrado;592,5;Aw;998;9,56;96,12;82,69
5101258;Episódico/Epidêmico;Episódico/Epidêmico;Se manteve;26,5;68,1;367,8;351,7;262;2,3;251,3;Araputanga;51;MT;nao metropolitana;amazonia;368,55;Aw;13538;11,09;93,6;82,78
5101308;Episódico/Epidêmico;Episódico/Epidêmico;Se manteve;26,2;68,5;389,8;355,3;262,3;2,3;255;Arenápolis;51;MT;nao metropolitana;amazonia;279,7;Aw;10484;17,72;95,27;85,67
5101407;Epidêmico;Episódico/Epidêmico;Melhorou;26;77,7;582,8;365;324;4,3;323;Aripuanã;51;MT;nao metropolitana;amazonia;226,63;Am;24499;3,91;90,95;62,75
5101605;Episódico;Episódico;Se manteve;27,2;65,7;334,2;355,7;241;4;233,3;Barão De Melgaço;51;MT;metropolitana;pantanal;133,6;Aw;7247;22,86;71,55;35,47
5101704;Episódico/Epidêmico;Episódico/Epidêmico;Se manteve;26,2;71,9;434,4;353,7;282,3;3,7;273;Barra Do Bugres;51;MT;nao metropolitana;amazonia;265,24;Aw;27586;27,36;94,44;81,69
5101803;Epidêmico;Epidêmico;Se manteve;25,7;63,3;374,1;362,7;210,7;3;210,3;Barra Do Garças;51;MT;nao metropolitana;cerrado;456,78;Aw;68975;55,38;97,46;91,08
5101852;Episódico/Epidêmico;Episódico;Melhorou;26,4;69,6;505,2;365,7;252;5,3;252;Bom Jesus Do Araguaia;51;MT;nao metropolitana;amazonia;328,77;Aw;7671;2,21;87,11;61,72
5101902;Episódico/Epidêmico;Episódico/Epidêmico;Se manteve;25,7;75,1;534,5;361,7;299,7;3;297;Brasnorte;51;MT;nao metropolitana;amazonia;338,27;Am;18407;8,43;88,98;68,45
5102504;Epidêmico;Epidêmico;Se manteve;26,9;66,8;329,5;352;247,7;2,7;237;Cáceres;51;MT;nao metropolitana;pantanal;147,38;Aw;92639;60,59;95,56;80,12
5102603;Episódico/Epidêmico;Episódico/Epidêmico;Se manteve;25,6;66,9;455,5;362,7;243,3;4,7;242;Campinápolis;51;MT;nao metropolitana;cerrado;426,62;Aw;15203;12,48;82,92;52,17
5102637;Epidêmico;Epidêmico;Se manteve;24,6;71,9;446,8;354,7;279,7;2;272,3;Campo Novo Do Parecis;51;MT;nao metropolitana;cerrado;529,39;Aw;43785;22,57;98,94;93,39
5102678;Epidêmico;Epidêmico;Se manteve;24,5;69,9;555,5;352,3;266;4,3;254,7;Campo Verde;51;MT;nao metropolitana;cerrado;696,98;Aw;46741;10,59;92,63;82,8
5102686;Episódico/Epidêmico;Episódico/Epidêmico;Se manteve;23,9;73,1;479,7;352,3;295,7;4,7;287;Campos De Júlio;51;MT;nao metropolitana;cerrado;539,39;Am;9039;3,59;96,68;84,71
5102694;Episódico/Epidêmico;Episódico/Epidêmico;Se manteve;26,1;73;466,7;365,7;273,3;2,3;273,3;Canabrava Do Norte;51;MT;nao metropolitana;amazonia;244,82;Aw;4463;0,92;92,25;60,13
5102702;Epidêmico;Epidêmico;Se manteve;25,7;69,2;417,5;364,3;260;3;259,7;Canarana;51;MT;nao metropolitana;cerrado;353,73;Aw;25907;4,58;95;80,87
5102793;Episódico/Epidêmico;Episódico/Epidêmico;Se manteve;26;75,4;582,9;366;296,3;5,7;296;Carlinda;51;MT;nao metropolitana;amazonia;278,83;Am;10138;4,92;97,64;46,16
5102850;Episódico/Epidêmico;Episódico/Epidêmico;Se manteve;25,6;77;571,4;363;310,7;5,3;308,7;Castanheira;51;MT;nao metropolitana;amazonia;297,05;Am;8863;7,64;96,7;47,59
5103007;Episódico/Epidêmico;Epidêmico;Piorou;25,3;69,9;447,1;353;270,3;2,7;259,7;Chapada Dos Guimarães;51;MT;metropolitana;cerrado;462,11;Aw;19728;33,52;83,89;61,9
5103056;Episódico/Epidêmico;Epidêmico;Piorou;25,8;73,1;533,7;363,7;278,7;3,3;276,7;Cláudia;51;MT;nao metropolitana;amazonia;343,14;Am;12118;18,22;96,7;77,83
5103106;Episódico/Epidêmico;Episódico/Epidêmico;Se manteve;26,8;66,2;418,4;365;240;5,7;240;Cocalinho;51;MT;nao metropolitana;cerrado;236,86;Aw;6331;1,88;94,54;63,04
5103205;Epidêmico;Epidêmico;Se manteve;26,1;72,9;519,8;365,3;285;3,7;284,3;Colíder;51;MT;nao metropolitana;amazonia;306,55;Am;30768;18,02;98,43;79,11
5103254;Epidêmico;Epidêmico;Se manteve;26,4;78;652;365,7;333,3;6,3;332,7;Colniza;51;MT;nao metropolitana;amazonia;152,71;Am;28840;3,1;92,95;49,46
5103304;Episódico/Epidêmico;Episódico/Epidêmico;Se manteve;24;75,3;608,7;352,7;307;4,3;298;Comodoro;51;MT;nao metropolitana;cerrado;425,59;Am;20283;19,96;91,33;69,27
5103353;Episódico/Epidêmico;Epidêmico;Piorou;26,5;72,5;518,7;366,3;276,7;3;276,7;Confresa;51;MT;nao metropolitana;amazonia;281,75;Aw;35514;23,03;96,2;64,03
5103361;Episódico;Episódico/Epidêmico;Piorou;24,7;75,3;446,2;351;316,3;2,3;307;Conquista D'oeste;51;MT;nao metropolitana;amazonia;498,48;Am;3687;6,79;93,5;64,73
5103379;Episódico/Epidêmico;Episódico/Epidêmico;Se manteve;26,1;77;640,1;365;319;5,3;318;Cotriguaçu;51;MT;nao metropolitana;amazonia;235,25;Am;10735;4,65;72,14;37,45
5103403;Epidêmico;Epidêmico;Se manteve;26,7;67,7;371,6;355;257;2,7;248,7;Cuiabá;51;MT;metropolitana;cerrado;280,32;Aw;694244;80,87;97,24;96,74
5103437;Episódico;Episódico;Se manteve;26,5;68,1;367,8;351,7;262;2,3;251,3;Curvelândia;51;MT;nao metropolitana;amazonia;172,65;Aw;4880;1,05;98,34;63,12
5103452;Episódico;Sem transmissão;Melhorou;26,7;68,2;369,4;355,7;258,3;2;250,3;Denise;51;MT;nao metropolitana;amazonia;215,77;Aw;7003;6,27;99,04;86,61
5103502;Episódico/Epidêmico;Epidêmico;Piorou;25,5;70;425;354,3;265,7;2,7;257,7;Diamantino;51;MT;nao metropolitana;cerrado;475,88;Aw;22284;23,08;95,4;80,16
5103601;Episódico/Epidêmico;Epidêmico;Piorou;24,6;68,9;576,3;352,3;257,7;3,3;247;Dom Aquino;51;MT;nao metropolitana;cerrado;507,68;Aw;8515;6,07;92,73;78,06
5103700;Episódico/Epidêmico;Epidêmico;Piorou;25,8;72,3;499,9;363,3;272;4,7;269,7;Feliz Natal;51;MT;nao metropolitana;amazonia;337,95;Am;10551;6,15;96,19;76,63
5103809;Episódico;Episódico;Se manteve;25,4;70,8;398;347,3;284,3;4;270;Figueirópolis D'oeste;51;MT;nao metropolitana;amazonia;243,59;Aw;3159;1,75;95,27;56,55
5103858;Episódico/Epidêmico;Epidêmico;Piorou;25,5;71,4;458;363,7;265;4;264;Gaúcha Do Norte;51;MT;nao metropolitana;amazonia;358,96;Am;7886;10,81;93,94;53,99
5103908;Episódico/Epidêmico;Episódico/Epidêmico;Se manteve;25,9;63,6;416,7;362;214;4,7;212,7;General Carneiro;51;MT;nao metropolitana;cerrado;518,83;Aw;5200;18,28;88,04;58,3
5103957;Episódico;Episódico/Epidêmico;Piorou;26,4;68,5;349,3;350,3;267,3;2;256;Glória D'oeste;51;MT;nao metropolitana;amazonia;186,76;Aw;3247;6,3;95,74;65,57
5104104;Epidêmico;Epidêmico;Se manteve;25,9;73,2;589,3;366;280,7;5,3;280,3;Guarantã Do Norte;51;MT;nao metropolitana;amazonia;382,93;Am;36190;2,52;96,5;75,8
5104203;Episódico/Epidêmico;Episódico/Epidêmico;Se manteve;25,1;66;390,2;354,3;232;1,3;224,7;Guiratinga;51;MT;nao metropolitana;cerrado;539,34;Aw;12122;64,7;88,37;82,81
5104500;Episódico/Epidêmico;Episódico/Epidêmico;Se manteve;26,3;68,8;364,2;351;269,7;4;258,3;Indiavaí;51;MT;nao metropolitana;amazonia;304,02;Aw;1918;4,12;99,07;79,65
5104526;Episódico/Epidêmico;Episódico/Epidêmico;Se manteve;25,7;72,2;508,9;363;272;3;270,3;Ipiranga Do Norte;51;MT;nao metropolitana;amazonia;368,95;Am;7772;2,12;97,82;72,29
5104542;Episódico/Epidêmico;Episódico/Epidêmico;Se manteve;25,7;73,4;529,9;362,7;286;3;284,3;Itanhangá;51;MT;nao metropolitana;amazonia;319,2;Am;6723;2,23;95,61;74,78
5104559;Episódico/Epidêmico;Epidêmico;Piorou;25,8;74,2;571,8;365,3;289,3;3,3;288,7;Itaúba;51;MT;nao metropolitana;amazonia;344,96;Am;5273;9,21;97,05;81,35
5104609;Episódico/Epidêmico;Episódico/Epidêmico;Se manteve;24,2;66,5;358,6;349,7;237,7;1,7;226,7;Itiquira;51;MT;nao metropolitana;cerrado;449,85;Aw;11856;3,15;92,79;74,18
5104807;Episódico/Epidêmico;Epidêmico;Piorou;25,2;67,9;449,5;354;255,7;1,3;246,3;Jaciara;51;MT;nao metropolitana;cerrado;563,34;Aw;26713;35,3;96,81;91,35
5104906;Episódico;Episódico/Epidêmico;Piorou;26,4;68,1;353,5;355,3;258;2,3;250;Jangada;51;MT;metropolitana;cerrado;259,05;Aw;7237;7,89;59,35;42,36
5105002;Episódico/Epidêmico;Episódico/Epidêmico;Se manteve;25,1;72;384;346,3;290,7;3,3;275,7;Jauru;51;MT;nao metropolitana;amazonia;405,79;Aw;8323;11,42;91,59;64,95
5105101;Episódico/Epidêmico;Episódico/Epidêmico;Se manteve;26,3;72,2;476,4;364;284,3;1,7;282,7;Juara;51;MT;nao metropolitana;amazonia;314,93;Am;37369;16;96,68;79,17
5105150;Epidêmico;Epidêmico;Se manteve;25,3;75,6;562,3;362,7;302;4;299,7;Juína;51;MT;nao metropolitana;amazonia;352,33;Am;49530;7,88;97,09;80,51
5105176;Episódico;Episódico/Epidêmico;Piorou;26,1;76,4;536,2;365;320,7;3,7;319,7;Juruena;51;MT;nao metropolitana;amazonia;256,59;Am;9635;30,59;94,6;58,67
5105200;Episódico/Epidêmico;Episódico/Epidêmico;Se manteve;25;68,7;596,6;352;260,3;6;249,3;Juscimeira;51;MT;nao metropolitana;cerrado;400,81;Aw;10526;7,38;91,36;74,11
5105234;Episódico/Epidêmico;Episódico/Epidêmico;Se manteve;26;69,3;415,4;351,3;270;2,7;258,7;Lambari D'oeste;51;MT;nao metropolitana;amazonia;179,8;Aw;5860;6,27;94,9;62,82
5105259;Epidêmico;Epidêmico;Se manteve;25,7;70,2;443,2;360;261,7;3,7;258,3;Lucas Do Rio Verde;51;MT;nao metropolitana;cerrado;391,28;Aw;83770;47,38;99,61;93,78
5105309;Episódico;Sem transmissão;Melhorou;27,2;69,6;527,6;366,3;255,7;5;255,7;Luciara;51;MT;nao metropolitana;cerrado;187,09;Aw;2163;0,76;98,32;85,82
5105507;Episódico/Epidêmico;Episódico/Epidêmico;Se manteve;25,5;73,5;450,4;350;303;1,7;292,3;Vila Bela Da Santíssima Trindade;51;MT;nao metropolitana;amazonia;264,89;Am;17435;13,09;84,07;38,11
5105580;Episódico/Epidêmico;Epidêmico;Piorou;25,6;74,5;535,6;365,3;285,3;5;284,7;Marcelândia;51;MT;nao metropolitana;amazonia;343,76;Am;13412;2,17;98,32;76,57
5105606;Episódico/Epidêmico;Epidêmico;Piorou;26;74;574,4;366;289,3;6,3;289;Matupá;51;MT;nao metropolitana;amazonia;345,07;Am;21238;9,23;97,3;69,94
5105622;Episódico/Epidêmico;Epidêmico;Piorou;26,8;67,8;329,2;352,7;256,7;2,3;246,3;Mirassol D'oeste;51;MT;nao metropolitana;amazonia;226,3;Aw;28023;30,9;97,11;83,07
5105903;Episódico/Epidêmico;Episódico/Epidêmico;Se manteve;26,2;68,5;372,3;355,3;257,3;3;250;Nobres;51;MT;metropolitana;cerrado;403,48;Aw;17118;20,1;88,21;79,66
5106000;Episódico/Epidêmico;Episódico/Epidêmico;Se manteve;26,2;68,5;389,8;355,3;262,3;2,3;255;Nortelândia;51;MT;nao metropolitana;amazonia;369,17;Aw;5817;14,32;94,07;80,49
5106109;Episódico/Epidêmico;Episódico/Epidêmico;Se manteve;26,8;67,3;376,1;353,7;254;3,3;244,7;Nossa Senhora Do Livramento;51;MT;metropolitana;cerrado;255,56;Aw;12455;29,32;69,51;36,04
5106158;Episódico/Epidêmico;Episódico/Epidêmico;Se manteve;26,1;76,3;587;365;321;4,3;320;Nova Bandeirantes;51;MT;nao metropolitana;amazonia;256,56;Am;12365;24,06;97,13;50,51
5106174;Episódico;Episódico/Epidêmico;Piorou;26,9;66,7;422,8;365,3;248;4,3;248;Nova Nazaré;51;MT;nao metropolitana;cerrado;268,44;Aw;4188;8,55;95,65;48,95
5106182;Episódico/Epidêmico;Episódico/Epidêmico;Se manteve;24;75,3;525,9;347;316,7;2,7;302;Nova Lacerda;51;MT;nao metropolitana;amazonia;348,85;Am;6432;41,1;89,02;55,52
5106190;Episódico/Epidêmico;Epidêmico;Piorou;25,9;73,2;551,4;365,3;285;4,3;284,3;Nova Santa Helena;51;MT;nao metropolitana;amazonia;365,96;Am;4281;10,7;96,76;63,12
5106208;Episódico/Epidêmico;Episódico/Epidêmico;Se manteve;24,7;68,2;417,7;357;253,7;3,3;248;Nova Brasilândia;51;MT;metropolitana;cerrado;473,54;Aw;3691;20,83;83,04;69,45
5106216;Episódico/Epidêmico;Episódico/Epidêmico;Se manteve;26;73,8;553,7;365,3;290,7;5;290;Nova Canaã Do Norte;51;MT;nao metropolitana;amazonia;308,28;Am;13791;15,32;96,07;57,28
5106224;Epidêmico;Epidêmico;Se manteve;25,3;71,7;422,7;356,7;273;2;266;Nova Mutum;51;MT;nao metropolitana;cerrado;410,15;Aw;58832;31,71;98,64;84,98
5106232;Episódico/Epidêmico;Episódico/Epidêmico;Se manteve;26,4;70,4;433,1;355,3;274,3;3,7;266,3;Nova Olímpia;51;MT;nao metropolitana;amazonia;242,2;Aw;16147;6,35;95,57;90,01
5106240;Epidêmico;Epidêmico;Se manteve;25,5;71,5;464,8;362;268,3;4,3;266,7;Nova Ubiratã;51;MT;nao metropolitana;amazonia;399,15;Aw;12936;5,13;94,87;50,15
5106257;Episódico/Epidêmico;Epidêmico;Piorou;26,2;67,3;427,2;364;248,3;5;248,3;Nova Xavantina;51;MT;nao metropolitana;cerrado;353,05;Aw;26467;24,1;94,6;77,99
5106265;Episódico/Epidêmico;Episódico/Epidêmico;Se manteve;25,9;74;589,2;366;288,7;5,7;288,3;Novo Mundo;51;MT;nao metropolitana;amazonia;313,86;Am;7383;0,84;95,58;42,6
5106273;Episódico/Epidêmico;Episódico/Epidêmico;Se manteve;26;73,2;482,1;363,3;290,3;1;288,7;Novo Horizonte Do Norte;51;MT;nao metropolitana;amazonia;291,5;Am;4391;7,46;91,95;52,05
5106281;Episódico/Epidêmico;Episódico/Epidêmico;Se manteve;25,6;65,4;421,7;361,7;235,7;4,3;234;Novo São Joaquim;51;MT;nao metropolitana;cerrado;467,2;Aw;7155;25,4;90,84;66,89
5106299;Epidêmico;Epidêmico;Se manteve;26,2;75,8;621,7;366;298,3;7,7;298;Paranaíta;51;MT;nao metropolitana;amazonia;263,21;Am;13211;0,77;96,89;55,22
5106307;Episódico/Epidêmico;Epidêmico;Piorou;24,8;68,2;433,1;359;252,7;4,7;248,7;Paranatinga;51;MT;nao metropolitana;cerrado;442,69;Aw;26908;18,34;94,69;76,83
5106315;Episódico;Sem transmissão;Melhorou;26,8;69,1;488,7;365,7;254;4,7;254;Novo Santo Antônio;51;MT;nao metropolitana;cerrado;208,95;Aw;2106;12,21;85,12;61,54
5106372;Episódico/Epidêmico;Episódico/Epidêmico;Se manteve;25,6;67,2;362,7;353,7;252,7;2,3;244;Pedra Preta;51;MT;nao metropolitana;cerrado;455,86;Aw;19559;11,91;93,87;75,52
5106422;Episódico/Epidêmico;Epidêmico;Piorou;26;74;574,4;366;289,3;6,3;289;Peixoto De Azevedo;51;MT;nao metropolitana;amazonia;337,64;Am;34493;6,79;93,73;65,64
5106455;Episódico/Epidêmico;Episódico/Epidêmico;Se manteve;24,3;68,9;451,1;356;255,7;3,7;249;Planalto Da Serra;51;MT;metropolitana;cerrado;496,6;Aw;3164;6,37;94,09;72,77
5106505;Episódico/Epidêmico;Episódico/Epidêmico;Se manteve;27,2;66,1;339;353;247,7;2,7;238;Poconé;51;MT;metropolitana;pantanal;123,92;Aw;30278;3,91;91,99;68,89
5106653;Episódico/Epidêmico;Epidêmico;Piorou;25,7;63,3;374,1;362,7;210,7;3;210,3;Pontal Do Araguaia;51;MT;nao metropolitana;cerrado;408,58;Aw;7554;16,97;96,16;81,09
5106703;Episódico/Epidêmico;Episódico/Epidêmico;Se manteve;24,5;64,6;320,8;354,3;222,7;1;216,3;Ponte Branca;51;MT;nao metropolitana;cerrado;575,09;Aw;1887;1,08;95,22;85,83
5106752;Epidêmico;Epidêmico;Se manteve;25;73;377,6;347;290,3;2,7;277,3;Pontes E Lacerda;51;MT;nao metropolitana;amazonia;351,9;Aw;55050;35,68;97,5;83,19
5106778;Episódico/Epidêmico;Episódico/Epidêmico;Se manteve;26,3;73;483,9;366;283,3;3;283,3;Porto Alegre Do Norte;51;MT;nao metropolitana;amazonia;218,93;Aw;10752;4,92;93,12;69,68
5106802;Episódico/Epidêmico;Episódico/Epidêmico;Se manteve;26,2;72,6;489,7;363,3;283,7;3;282;Porto Dos Gaúchos;51;MT;nao metropolitana;amazonia;338,14;Am;6325;7,05;96,99;75,55
5106828;Episódico/Epidêmico;Episódico/Epidêmico;Se manteve;26,4;68,1;327,5;350;266;3,7;254,3;Porto Esperidião;51;MT;nao metropolitana;amazonia;274,3;Aw;10781;4,61;90,35;52,11
5106851;Episódico;Episódico/Epidêmico;Piorou;26,1;72;397,6;352,3;280;4;269,3;Porto Estrela;51;MT;nao metropolitana;cerrado;284,91;Aw;3208;34,22;90,35;51,48
5107008;Episódico/Epidêmico;Episódico/Epidêmico;Se manteve;25,3;67,1;460,6;354,7;250;1,7;242;Poxoréu;51;MT;nao metropolitana;cerrado;485,6;Aw;20970;40,35;93,67;69,46
5107040;Epidêmico;Epidêmico;Se manteve;24,9;66,7;442;354,3;241;2;233;Primavera Do Leste;51;MT;nao metropolitana;cerrado;647,44;Aw;93263;47,57;98,72;95,24
5107065;Episódico/Epidêmico;Episódico/Epidêmico;Se manteve;25,4;73,2;516,7;365;270;5,3;270;Querência;51;MT;nao metropolitana;amazonia;323,95;Am;29280;6,13;94,12;68,39
5107107;Episódico/Epidêmico;Episódico/Epidêmico;Se manteve;26,5;68,1;367,8;351,7;262;2,3;251,3;São José Dos Quatro Marcos;51;MT;nao metropolitana;amazonia;213,95;Aw;16979;19,67;98,09;76,13
5107156;Episódico/Epidêmico;Episódico/Epidêmico;Se manteve;24,7;71,7;468,4;345,7;287,3;4,3;271;Reserva Do Cabaçal;51;MT;nao metropolitana;cerrado;538,36;Aw;2046;14,75;88,75;68,2
5107180;Episódico/Epidêmico;Episódico/Epidêmico;Se manteve;26,4;68,3;453,3;365,3;249,7;5;249,7;Ribeirão Cascalheira;51;MT;nao metropolitana;cerrado;287,98;Aw;9959;36,46;89,56;68,46
5107198;Episódico/Epidêmico;Episódico;Melhorou;25,1;63,7;359,2;359;217;2,7;213,7;Ribeirãozinho;51;MT;nao metropolitana;cerrado;508,3;Aw;2484;32,3;94,21;83,31
5107206;Episódico/Epidêmico;Episódico/Epidêmico;Se manteve;25,3;71,1;467,5;349,7;284;3,3;271,3;Rio Branco;51;MT;nao metropolitana;amazonia;314,62;Aw;4721;1,37;94,55;84,53
5107248;Episódico/Epidêmico;Episódico/Epidêmico;Se manteve;25,8;72,6;517,6;363,7;274,7;2,7;272,7;Santa Carmem;51;MT;nao metropolitana;amazonia;353,73;Am;5427;9,9;95,73;80,46
5107263;Episódico/Epidêmico;Episódico/Epidêmico;Se manteve;26,5;67,9;392,7;356;258;3,3;251;Santo Afonso;51;MT;nao metropolitana;amazonia;335,72;Aw;2731;10,69;82,48;56,73
5107297;Episódico;Episódico;Se manteve;25,9;64,9;366,2;356,3;231,3;2,7;225;São José Do Povo;51;MT;nao metropolitana;cerrado;292,66;Aw;2781;6,84;88,9;43,67
5107305;Episódico/Epidêmico;Episódico/Epidêmico;Se manteve;25,4;73,4;453,7;359;290,7;2,3;286,3;São José Do Rio Claro;51;MT;nao metropolitana;amazonia;387,83;Aw;14950;3,53;92,69;79,9
5107354;Episódico/Epidêmico;Episódico/Epidêmico;Se manteve;25,7;74,6;524,8;366;280,3;3;280,3;São José Do Xingu;51;MT;nao metropolitana;amazonia;310,45;Am;7039;4,16;97,16;69,57
5107404;Episódico;Episódico;Se manteve;25;68,7;596,6;352;260,3;6;249,3;São Pedro Da Cipa;51;MT;nao metropolitana;cerrado;383,72;Aw;4122;4,09;97,07;87,01
5107578;Episódico;Episódico/Epidêmico;Piorou;25,9;77,4;669,5;363,7;321;6,7;319,3;Rondolândia;51;MT;nao metropolitana;amazonia;200,94;Am;3423;3,4;68,97;28,15
5107602;Epidêmico;Epidêmico;Se manteve;25,8;67,4;405;354;257;3,3;248,3;Rondonópolis;51;MT;nao metropolitana;cerrado;354,59;Aw;253388;48,42;97,75;96,23
5107701;Episódico/Epidêmico;Episódico/Epidêmico;Se manteve;26,4;68,4;367,9;355,3;263,7;3;256;Rosário Oeste;51;MT;metropolitana;cerrado;347,1;Aw;16127;15,72;79,03;53,75
5107743;Episódico;Episódico/Epidêmico;Piorou;25,8;74,6;496,8;366,3;285,3;3,7;285,3;Santa Cruz Do Xingu;51;MT;nao metropolitana;amazonia;299,87;Am;2340;30,74;96,53;61,66
5107750;Episódico/Epidêmico;Sem transmissão;Melhorou;25,3;71,1;467,5;349,7;284;3,3;271,3;Salto Do Céu;51;MT;nao metropolitana;amazonia;386,98;Aw;4401;4,76;82,68;55,62
5107768;Episódico/Epidêmico;Episódico/Epidêmico;Se manteve;25,3;69,7;409,4;359;262,3;3,3;258,3;Santa Rita Do Trivelato;51;MT;nao metropolitana;cerrado;462,69;Aw;3371;2,93;94,84;67,23
5107776;Episódico;Sem transmissão;Melhorou;27;70,8;543;366,3;265;7,7;265;Santa Terezinha;51;MT;nao metropolitana;amazonia;222,87;Aw;7591;45,16;92,59;48,8
5107792;Episódico/Epidêmico;Episódico/Epidêmico;Se manteve;24,8;68;455,7;359,3;250,7;4;247;Santo Antônio Do Leste;51;MT;nao metropolitana;cerrado;574,24;Aw;4340;3,14;92,47;68,89
5107800;Episódico/Epidêmico;Episódico/Epidêmico;Se manteve;27;67,2;367,6;355,7;255;4,3;247,3;Santo Antônio Do Leverger;51;MT;metropolitana;pantanal;248,29;Aw;13739;10,23;81,77;35,87
5107859;Episódico/Epidêmico;Episódico/Epidêmico;Se manteve;26,9;69,6;493,7;366,3;257,3;4;257,3;São Félix Do Araguaia;51;MT;nao metropolitana;amazonia;276,07;Aw;11384;17,62;92,2;51,16
5107875;Episódico/Epidêmico;Epidêmico;Piorou;25;72,1;491,8;357,3;284;3,3;278,7;Sapezal;51;MT;nao metropolitana;cerrado;456,78;Am;29240;40,96;98,92;86,01
5107883;Episódico;Episódico/Epidêmico;Piorou;25,8;71,3;526,7;365;259;4,7;258,7;Serra Nova Dourada;51;MT;nao metropolitana;cerrado;280,96;Aw;1792;8,66;94,3;53,53
5107909;Epidêmico;Epidêmico;Se manteve;25,8;72,4;516,7;363,3;272,3;5;270,3;Sinop;51;MT;nao metropolitana;amazonia;357,45;Am;199698;11,14;98,09;94,66
5107925;Epidêmico;Epidêmico;Se manteve;25,8;70,5;438,8;362,3;264,7;2,7;263;Sorriso;51;MT;nao metropolitana;cerrado;387,27;Aw;117605;12,35;99,23;92,37
5107941;Episódico/Epidêmico;Episódico/Epidêmico;Se manteve;25,9;73,2;517;363,3;289,7;2,3;288;Tabaporã;51;MT;nao metropolitana;amazonia;358,2;Am;11280;9,43;95,46;66,98
5107958;Epidêmico;Epidêmico;Se manteve;25,9;70,1;415,1;353;276;3;266,3;Tangará Da Serra;51;MT;nao metropolitana;cerrado;560,8;Aw;100784;39,8;97,54;91,9
5108006;Episódico/Epidêmico;Episódico/Epidêmico;Se manteve;25,6;71,8;473,4;360,3;276;2;273;Tapurah;51;MT;nao metropolitana;amazonia;340,49;Aw;15030;20,1;98,66;79,59
5108055;Episódico/Epidêmico;Episódico/Epidêmico;Se manteve;26,1;72,6;515,5;366;282;4,7;281,7;Terra Nova Do Norte;51;MT;nao metropolitana;amazonia;323,39;Am;10760;12,32;96,67;49,33
5108105;Episódico/Epidêmico;Episódico/Epidêmico;Se manteve;24,7;66,3;438,4;355;235;3,7;228;Tesouro;51;MT;nao metropolitana;cerrado;502,17;Aw;3119;8,91;91,1;62,24
5108204;Episódico/Epidêmico;Episódico/Epidêmico;Se manteve;24,9;63,7;394,2;359,7;218;3;215,3;Torixoréu;51;MT;nao metropolitana;cerrado;523,11;Aw;3926;22,06;96,41;75,17
5108303;Episódico/Epidêmico;Episódico/Epidêmico;Se manteve;25,7;73,4;500,1;365;275,3;4;274,7;União Do Sul;51;MT;nao metropolitana;amazonia;342,35;Am;3947;1,14;95,18;77,04
5108352;Episódico/Epidêmico;Episódico/Epidêmico;Se manteve;25;73;377,6;347;290,3;2,7;277,3;Vale De São Domingos;51;MT;nao metropolitana;cerrado;550,59;Aw;2754;0,31;95,21;42,14
5108402;Epidêmico;Epidêmico;Se manteve;26,7;67,7;371,6;355;257;2,7;248,7;Várzea Grande;51;MT;metropolitana;cerrado;200,51;Aw;315711;48,34;97,66;93,49
5108501;Episódico/Epidêmico;Episódico/Epidêmico;Se manteve;25,8;71,6;512,6;363,3;267;4,7;265,3;Vera;51;MT;nao metropolitana;amazonia;382,4;Aw;13876;2,83;97,06;70,9
5108600;Episódico/Epidêmico;Episódico/Epidêmico;Se manteve;25,9;74,8;463,7;366,3;284,3;1,3;284,3;Vila Rica;51;MT;nao metropolitana;amazonia;290,38;Aw;20077;39,03;96,54;70,25
5108808;Episódico/Epidêmico;Episódico/Epidêmico;Se manteve;26,2;73,9;533,7;366;290;5,7;289,7;Nova Guarita;51;MT;nao metropolitana;amazonia;276,55;Am;5027;1;99,07;49,37
5108857;Episódico/Epidêmico;Episódico/Epidêmico;Se manteve;25,8;69,2;442,9;354,7;262;4,3;254,7;Nova Marilândia;51;MT;nao metropolitana;amazonia;412,34;Aw;3624;0,76;92,41;60,09
5108907;Episódico/Epidêmico;Episódico/Epidêmico;Se manteve;25,4;74,1;480,1;359,3;296,7;3;292,3;Nova Maringá;51;MT;nao metropolitana;amazonia;347,3;Aw;5810;20,46;89,1;77,51
5108956;Episódico/Epidêmico;Episódico/Epidêmico;Se manteve;26,1;74,1;550,3;365;300;4,7;299;Nova Monte Verde;51;MT;nao metropolitana;amazonia;278,73;Am;8931;4,21;93,27;61,33
5200050;Episódico/Epidêmico;Episódico/Epidêmico;Se manteve;23,9;63,8;355,3;354,7;227,7;3;222,3;Abadia De Goiás;52;GO;metropolitana;cerrado;821,56;Aw;19141;35,41;93,06;89,36
5200100;Episódico/Epidêmico;Episódico/Epidêmico;Se manteve;22,1;65,5;460,9;326;236,3;3,7;222;Abadiânia;52;GO;metropolitana;cerrado;980,69;Aw;15498;78,95;94,5;75,27
5200134;Episódico/Epidêmico;Epidêmico;Piorou;25;61,8;311,1;356,3;210;1;205;Acreúna;52;GO;nao metropolitana;cerrado;530,51;Aw;20506;17,58;97,34;91,04
5200159;Episódico/Epidêmico;Episódico/Epidêmico;Se manteve;24,1;64,8;405,1;358,7;233,3;4,7;229,3;Adelândia;52;GO;nao metropolitana;cerrado;693,63;Aw;2393;22,99;99,41;88,15
5200175;Episódico/Epidêmico;Episódico/Epidêmico;Se manteve;22,6;64,9;371;338,3;233;4,3;225,3;Água Fria De Goiás;52;GO;metropolitana;cerrado;993,24;Aw;5546;1,19;79,92;52,19
5200209;Episódico/Epidêmico;Episódico/Epidêmico;Se manteve;24;64,3;350,4;351,7;236;3,3;229;Água Limpa;52;GO;nao metropolitana;mata atlantica;625,31;Aw;1853;6,95;97,54;72,62
5200258;Epidêmico;Epidêmico;Se manteve;22,1;65,1;439,2;327,7;234;2,7;220;Águas Lindas De Goiás;52;GO;metropolitana;cerrado;1081,34;Aw;208892;18,86;96,79;93,78
5200308;Episódico/Epidêmico;Episódico/Epidêmico;Se manteve;22,1;65,5;460,9;326;236,3;3,7;222;Alexânia;52;GO;metropolitana;cerrado;972,24;Aw;28690;18,15;97,64;84,86
5200506;Episódico/Epidêmico;Episódico/Epidêmico;Se manteve;24;62,8;305,4;351,7;215,7;2;210,3;Aloândia;52;GO;nao metropolitana;cerrado;589,22;Aw;1891;22,38;97,88;86,5
5200555;Episódico/Epidêmico;Episódico/Epidêmico;Se manteve;25,4;65,5;410,3;365,3;235,7;4;235,7;Alto Horizonte;52;GO;nao metropolitana;cerrado;353,28;Aw;6061;2;99,31;85,41
5200605;Episódico/Epidêmico;Epidêmico;Piorou;23,3;65;510,6;354,7;230,7;7;228,7;Alto Paraíso De Goiás;52;GO;nao metropolitana;cerrado;1030,23;Aw;10414;46,97;87,97;81,04
5200803;Episódico/Epidêmico;Episódico/Epidêmico;Se manteve;23,8;63,8;341,4;363;212;3,3;212;Alvorada Do Norte;52;GO;nao metropolitana;cerrado;600,42;Aw;8412;22,83;89,91;82,4
5200829;Episódico;Episódico/Epidêmico;Piorou;25,5;66,1;455,3;365,7;242,7;5,3;242,7;Amaralina;52;GO;nao metropolitana;cerrado;345,17;Aw;3796;34,28;82,13;38,59
5200852;Episódico/Epidêmico;Episódico/Epidêmico;Se manteve;24,1;64,8;405,1;358,7;233,3;4,7;229,3;Americano Do Brasil;52;GO;nao metropolitana;cerrado;842,24;Aw;4937;1,56;92,04;87,25
5200902;Episódico/Epidêmico;Episódico/Epidêmico;Se manteve;24,6;64;374,7;359,7;220,7;3,3;219;Amorinópolis;52;GO;nao metropolitana;cerrado;633,59;Aw;2982;9,57;95,88;67,96
5201108;Epidêmico;Transmissão Persistente;Piorou;22,7;64,9;451,2;347;233,7;4;228,7;Anápolis;52;GO;nao metropolitana;cerrado;1015,1;Aw;393417;59,44;99;98,21
5201207;Episódico/Epidêmico;Episódico/Epidêmico;Se manteve;23,6;63,7;306,1;340;228;1;215;Anhanguera;52;GO;nao metropolitana;cerrado;599,43;Aw;927;10,57;99,43;91,43
5201306;Episódico/Epidêmico;Episódico/Epidêmico;Se manteve;23,7;64,9;414,7;356;233,7;4,7;229,3;Anicuns;52;GO;nao metropolitana;cerrado;750,04;Aw;19762;59,18;97,47;84,33
5201405;Epidêmico;Transmissão Persistente;Piorou;23,5;64,1;358,3;350,7;230,3;3;223,7;Aparecida De Goiânia;52;GO;metropolitana;cerrado;796,47;Aw;500760;36,7;98,43;99,44
5201454;Episódico/Epidêmico;Episódico/Epidêmico;Se manteve;24;64;311,2;338,3;233;0,7;215,7;Aparecida Do Rio Doce;52;GO;nao metropolitana;cerrado;618,44;Aw;2918;67,48;95,48;88,14
5201504;Episódico/Epidêmico;Episódico/Epidêmico;Se manteve;23,6;65,5;333,9;330,3;248,3;1,3;224;Aporé;52;GO;nao metropolitana;cerrado;643,62;Am;4067;27,74;94,06;66,09
5201603;Episódico/Epidêmico;Episódico/Epidêmico;Se manteve;23,7;64,9;414,7;356;233,7;4,7;229,3;Araçu;52;GO;nao metropolitana;cerrado;708,21;Aw;3859;6,77;99,92;90,37
5201702;Episódico/Epidêmico;Episódico/Epidêmico;Se manteve;26,2;63,9;403,4;363,3;216,3;3,7;216;Aragarças;52;GO;nao metropolitana;cerrado;346,61;Aw;18096;3,98;99,12;95,55
5201801;Episódico/Epidêmico;Episódico/Epidêmico;Se manteve;23,5;64,1;358,3;350,7;230,3;3;223,7;Aragoiânia;52;GO;metropolitana;cerrado;818,96;Aw;11614;2,12;98,32;87,82
5202155;Episódico/Epidêmico;Episódico/Epidêmico;Se manteve;26,6;65;411;364,7;232,3;6,3;232,3;Araguapaz;52;GO;nao metropolitana;cerrado;357,12;Aw;6986;52,46;94,78;71,18
5202353;Episódico/Epidêmico;Episódico/Epidêmico;Se manteve;24,5;64,1;380,3;358,7;221,3;2;218,3;Arenópolis;52;GO;nao metropolitana;cerrado;485,72;Aw;2964;30;90,83;71,5
5202502;Episódico/Epidêmico;Episódico/Epidêmico;Se manteve;26,6;65;411;364,7;232,3;6,3;232,3;Aruanã;52;GO;nao metropolitana;cerrado;263,91;Aw;8139;29,99;98,79;81,08
5202601;Episódico/Epidêmico;Episódico/Epidêmico;Se manteve;24,3;64,8;367;357,7;231,3;2,7;227,7;Aurilândia;52;GO;nao metropolitana;cerrado;632,46;Aw;3390;2,43;99,05;81,64
5202809;Episódico/Epidêmico;Episódico/Epidêmico;Se manteve;23,8;64,3;354,2;355,3;230,3;3;225,7;Avelinópolis;52;GO;nao metropolitana;cerrado;702,14;Aw;2470;30,36;98,13;80,07
5203104;Episódico/Epidêmico;Episódico;Melhorou;24,9;63,7;394,2;359,7;218;3;215,3;Baliza;52;GO;nao metropolitana;cerrado;570,35;Aw;3342;17,57;58,24;29,32
5203203;Epidêmico;Epidêmico;Se manteve;24,7;64,6;420,5;364,3;228;4,7;228;Barro Alto;52;GO;nao metropolitana;cerrado;674,22;Aw;11252;6,84;92,05;82,62
5203302;Epidêmico;Episódico/Epidêmico;Melhorou;22,9;64,2;379,1;341;232,7;2,7;225;Bela Vista De Goiás;52;GO;metropolitana;cerrado;815,95;Aw;33912;38,57;94,83;86,48
5203401;Epidêmico;Episódico/Epidêmico;Melhorou;25,7;63,3;374,1;362,7;210,7;3;210,3;Bom Jardim De Goiás;52;GO;nao metropolitana;cerrado;452,22;Aw;7676;1,7;90,31;74,89
5203500;Episódico/Epidêmico;Episódico/Epidêmico;Se manteve;24,4;62;350,2;354,3;206,3;2,3;200,7;Bom Jesus De Goiás;52;GO;nao metropolitana;cerrado;547,45;Aw;22320;32,51;96,59;93,11
5203559;Episódico;Episódico;Se manteve;23;64,4;399,6;347,3;232,3;3;226,7;Bonfinópolis;52;GO;metropolitana;cerrado;896,88;Aw;10300;7,62;98,52;92,76
5203575;Episódico/Epidêmico;Episódico/Epidêmico;Se manteve;26,3;65,8;426,3;365,3;240;5;240;Bonópolis;52;GO;nao metropolitana;cerrado;276,75;Aw;3171;40,12;96,77;63,41
5203609;Episódico/Epidêmico;Episódico;Melhorou;23,2;64,8;402,4;354,7;234,3;2,7;230,3;Brazabrantes;52;GO;metropolitana;cerrado;797,58;Aw;3981;3,88;99,63;84,2
5203807;Episódico/Epidêmico;Episódico/Epidêmico;Se manteve;26,7;65,5;401,7;364,7;236,7;3,7;236,7;Britânia;52;GO;nao metropolitana;cerrado;271,74;Aw;6008;27,28;95,51;84,36
5203906;Episódico/Epidêmico;Episódico/Epidêmico;Se manteve;24,3;64,5;310,4;355,7;239;1;233;Buriti Alegre;52;GO;nao metropolitana;mata atlantica;680,57;Aw;10892;29,21;98,57;95,02
5203939;Sem transmissão;Sem transmissão;Se manteve;25,1;63,7;399,1;362,7;219,7;3;219,3;Buriti De Goiás;52;GO;nao metropolitana;cerrado;541,42;Aw;2720;2,03;95,63;82,64
5203962;Sem transmissão;Sem transmissão;Se manteve;23,8;63,8;341,4;363;212;3,3;212;Buritinópolis;52;GO;nao metropolitana;cerrado;683,92;Aw;3110;13,83;71,94;59,46
5204003;Episódico/Epidêmico;Episódico/Epidêmico;Se manteve;22,4;65,4;365,4;320;240;3;221,3;Cabeceiras;52;GO;metropolitana;cerrado;862,97;Aw;7342;21,49;93,63;78,25
5204102;Episódico/Epidêmico;Episódico/Epidêmico;Se manteve;24,5;63,7;304,6;342,3;228,3;0,7;214;Cachoeira Alta;52;GO;nao metropolitana;cerrado;567,58;Aw;12488;74,62;95,74;77,27
5204201;Episódico;Episódico/Epidêmico;Piorou;24,5;64,2;378,7;359;221,7;3;218,3;Cachoeira De Goiás;52;GO;nao metropolitana;cerrado;685,37;Aw;1384;15,18;95,14;83,19
5204250;Episódico/Epidêmico;Episódico/Epidêmico;Se manteve;24,7;60,9;306,8;355,7;194,7;2,7;189,3;Cachoeira Dourada;52;GO;nao metropolitana;cerrado;479,31;Aw;7566;43,53;95,58;88,26
5204300;Episódico/Epidêmico;Episódico/Epidêmico;Se manteve;24,2;63,8;306,4;339,3;231;1,3;214,3;Caçu;52;GO;nao metropolitana;cerrado;503,09;Aw;15049;60,33;97,4;80,23
5204409;Episódico/Epidêmico;Episódico/Epidêmico;Se manteve;23,2;65,2;374,1;345,3;234;1,7;226,7;Caiapônia;52;GO;nao metropolitana;cerrado;713,16;Aw;17108;50,68;92,35;76,46
5204508;Epidêmico;Epidêmico;Se manteve;23,4;63,5;343,4;340;226,7;1;217;Caldas Novas;52;GO;nao metropolitana;cerrado;706,76;Aw;93483;63,34;97,15;95,86
5204557;Episódico/Epidêmico;Episódico/Epidêmico;Se manteve;22,9;64,2;379,1;341;232,7;2,7;225;Caldazinha;52;GO;metropolitana;cerrado;795,78;Aw;4450;46,14;91,19;72,48
5204607;Episódico/Epidêmico;Episódico/Epidêmico;Se manteve;24,2;63,8;342,1;355,3;230,3;2;225,3;Campestre De Goiás;52;GO;nao metropolitana;cerrado;646,82;Aw;3735;1,78;99,16;70,22
5204656;Episódico;Episódico;Se manteve;25;67,3;506,8;365,7;253,7;6;253,7;Campinaçu;52;GO;nao metropolitana;cerrado;605,56;Aw;3707;7,7;79,8;59,19
5204706;Episódico/Epidêmico;Episódico/Epidêmico;Se manteve;25,5;65,3;390,4;365,3;234,7;4;234,7;Campinorte;52;GO;nao metropolitana;cerrado;595,68;Aw;13016;31,53;98,66;84,57
5204805;Episódico/Epidêmico;Episódico/Epidêmico;Se manteve;22,4;65,3;383,4;310;240,3;2,3;217,7;Campo Alegre De Goiás;52;GO;nao metropolitana;cerrado;868,11;Aw;7424;23,88;93,35;76,12
5204854;Episódico/Epidêmico;Episódico/Epidêmico;Se manteve;22,7;64,9;451,2;347;233,7;4;228,7;Campo Limpo De Goiás;52;GO;nao metropolitana;cerrado;914,26;Aw;8081;19,53;97,75;84,5
5204904;Epidêmico;Epidêmico;Se manteve;24,8;64,9;417,4;365,7;220,7;6,3;220,7;Campos Belos;52;GO;nao metropolitana;cerrado;679,62;Aw;18357;52,27;88,31;90,85
5204953;Episódico/Epidêmico;Episódico;Melhorou;26,2;65,2;391,5;365,3;238,3;5,3;238,3;Campos Verdes;52;GO;nao metropolitana;cerrado;340,6;Aw;4446;8,47;95,68;77,18
5205000;Episódico/Epidêmico;Episódico/Epidêmico;Se manteve;24,1;66,1;426,7;362,3;239,7;2,7;239,3;Carmo Do Rio Verde;52;GO;nao metropolitana;cerrado;625,73;Aw;9484;25,14;94,24;81,15
5205059;Episódico/Epidêmico;Episódico/Epidêmico;Se manteve;24,7;62,2;336,7;353;216;2,7;207,7;Castelândia;52;GO;nao metropolitana;cerrado;555,17;Aw;2978;31,92;99,66;91,6
5205109;Epidêmico;Epidêmico;Se manteve;23;65,2;364,1;328;243,3;3;226,7;Catalão;52;GO;nao metropolitana;cerrado;825,2;Aw;110612;54,33;99,07;94,66
5205208;Episódico/Epidêmico;Episódico/Epidêmico;Se manteve;23,2;64,8;402,4;354,7;234,3;2,7;230,3;Caturaí;52;GO;metropolitana;cerrado;717,68;Aw;5259;37,41;97,62;80,44
5205307;Episódico/Epidêmico;Episódico/Epidêmico;Se manteve;22,6;67,2;552,8;350,7;246;5,3;242,3;Cavalcante;52;GO;nao metropolitana;cerrado;728,29;Aw;10991;15,48;63,91;50,96
5205406;Epidêmico;Epidêmico;Se manteve;24,1;66,2;345,5;362,7;241;1,7;240,7;Ceres;52;GO;nao metropolitana;cerrado;666,13;Aw;21633;37,94;98,6;93,4
5205455;Epidêmico;Episódico/Epidêmico;Melhorou;24;63,6;359;354,3;229;3;223,7;Cezarina;52;GO;nao metropolitana;cerrado;612,33;Aw;7722;5,24;99,33;79,37
5205471;Episódico/Epidêmico;Epidêmico;Piorou;23;66,6;361,3;320,3;255;1;223;Chapadão Do Céu;52;GO;nao metropolitana;cerrado;803,51;Am;13250;70,8;98,9;87,17
5205497;Epidêmico;Epidêmico;Se manteve;22,1;65,3;410;319;239;2,7;222,3;Cidade Ocidental;52;GO;metropolitana;cerrado;928,45;Aw;84581;55,76;97,84;93,42
5205513;Epidêmico;Epidêmico;Se manteve;22,7;64,5;467,1;348;224,3;3;221;Cocalzinho De Goiás;52;GO;metropolitana;cerrado;901,49;Aw;24018;18,87;94,39;75,87
5205521;Episódico/Epidêmico;Episódico/Epidêmico;Se manteve;23,1;65,3;456,3;361;235,7;4,7;235,3;Colinas Do Sul;52;GO;nao metropolitana;cerrado;566,23;Aw;3967;6,26;80,76;68,97
5205703;Episódico/Epidêmico;Episódico/Epidêmico;Se manteve;25,1;64,2;397,4;361,7;221;5;220;Córrego Do Ouro;52;GO;nao metropolitana;cerrado;591,35;Aw;2424;15,55;86,24;62,29
5205802;Episódico/Epidêmico;Epidêmico;Piorou;22,1;65,5;460,9;326;236,3;3,7;222;Corumbá De Goiás;52;GO;metropolitana;cerrado;1039,13;Aw;9801;26,19;89,81;60,16
5205901;Epidêmico;Epidêmico;Se manteve;23,6;63,7;306,1;340;228;1;215;Corumbaíba;52;GO;nao metropolitana;cerrado;632,35;Aw;8739;34,66;96,53;84,2
5206206;Epidêmico;Epidêmico;Se manteve;22,2;65,5;403,1;312,3;245,3;3,7;222,7;Cristalina;52;GO;metropolitana;cerrado;921,53;Aw;58940;41,78;96,2;82,63
5206305;Episódico/Epidêmico;Episódico;Melhorou;22,9;64,4;395,7;336,7;234;2;223,7;Cristianópolis;52;GO;nao metropolitana;cerrado;819,3;Aw;3682;3,84;96,45;87,04
5206404;Epidêmico;Epidêmico;Se manteve;26,1;64,4;387,5;365;224;3,7;224;Crixás;52;GO;nao metropolitana;cerrado;397,37;Aw;20227;13,71;90,11;74,18
5206503;Episódico/Epidêmico;Episódico/Epidêmico;Se manteve;24,3;62,8;322,9;355,3;219,3;1,7;214,3;Cromínia;52;GO;nao metropolitana;cerrado;712;Aw;3926;50,04;96,82;78,28
5206602;Episódico/Epidêmico;Episódico/Epidêmico;Se manteve;23,6;63,7;306,1;340;228;1;215;Cumari;52;GO;nao metropolitana;cerrado;648,34;Aw;2915;52,94;96,81;83,38
5206701;Episódico;Episódico;Se manteve;23,3;64,6;311,8;351,3;223;2,7;220,7;Damianópolis;52;GO;nao metropolitana;cerrado;757,23;Aw;3790;11,3;79,89;64,75
5206800;Episódico/Epidêmico;Episódico/Epidêmico;Se manteve;23,2;64,8;402,4;354,7;234,3;2,7;230,3;Damolândia;52;GO;nao metropolitana;cerrado;864,81;Aw;2724;22,04;99,38;86,83
5206909;Episódico;Episódico;Se manteve;22,5;63,8;345,2;315,3;219;4,3;205,7;Davinópolis;52;GO;nao metropolitana;cerrado;778,87;Aw;1798;2,36;92,29;66,8
5207105;Episódico/Epidêmico;Episódico/Epidêmico;Se manteve;25,3;63,1;388,8;362,3;211,3;3,3;211,3;Diorama;52;GO;nao metropolitana;cerrado;477,18;Aw;2071;30,37;92,87;66,35
5207253;Episódico/Epidêmico;Episódico/Epidêmico;Se manteve;24,1;64,4;360,1;353,7;222;2,7;216,7;Doverlândia;52;GO;nao metropolitana;cerrado;564,52;Aw;6853;5,25;91,06;64,45
5207352;Episódico/Epidêmico;Episódico/Epidêmico;Se manteve;24,3;62,8;322,9;355,3;219,3;1,7;214,3;Edealina;52;GO;nao metropolitana;cerrado;563,24;Aw;3900;6,38;98,09;68,58
5207402;Epidêmico;Episódico/Epidêmico;Melhorou;24,8;62,7;326,9;356,7;217,7;1,7;213;Edéia;52;GO;nao metropolitana;cerrado;537,29;Aw;12666;18,23;99,21;88,2
5207501;Episódico/Epidêmico;Episódico/Epidêmico;Se manteve;25,5;66,3;484,6;365,3;239,3;6,7;239,3;Estrela Do Norte;52;GO;nao metropolitana;cerrado;405,71;Aw;3186;25,75;99,72;89,72
5207535;Episódico/Epidêmico;Episódico/Epidêmico;Se manteve;24,8;64,3;437,9;363;223;3,3;222,7;Faina;52;GO;nao metropolitana;cerrado;458,88;Aw;7054;9,95;82,06;53,32
5207600;Episódico/Epidêmico;Episódico/Epidêmico;Se manteve;25,1;64,2;397,4;361,7;221;5;220;Fazenda Nova;52;GO;nao metropolitana;cerrado;446,12;Aw;5871;34,73;97,1;63,34
5207808;Episódico/Epidêmico;Epidêmico;Piorou;24,3;64,8;367;357,7;231,3;2,7;227,7;Firminópolis;52;GO;nao metropolitana;cerrado;616,89;Aw;9904;19,65;98,62;78,41
5207907;Episódico/Epidêmico;Episódico/Epidêmico;Se manteve;25;63,5;299,5;364,7;221,7;2,7;221,7;Flores De Goiás;52;GO;nao metropolitana;cerrado;543,82;Aw;11627;20,78;56,79;32,58
5208004;Epidêmico;Epidêmico;Se manteve;22,3;65,1;361,7;322;233,3;3,3;216,3;Formosa;52;GO;metropolitana;cerrado;752,69;Aw;112542;43,68;95,15;90,25
5208103;Episódico/Epidêmico;Episódico/Epidêmico;Se manteve;25,2;66,8;488,8;365,3;244,7;5,7;244,7;Formoso;52;GO;nao metropolitana;cerrado;486,27;Aw;4658;25,6;96,28;73,02
5208152;Episódico/Epidêmico;Episódico/Epidêmico;Se manteve;22,2;65,5;439,3;323,3;239,3;4,3;223;Gameleira De Goiás;52;GO;nao metropolitana;cerrado;972,18;Aw;3450;1,88;94,71;46,65
5208301;Episódico/Epidêmico;Episódico/Epidêmico;Se manteve;24,9;63,7;357,9;365,7;212,7;3,7;212,7;Divinópolis De Goiás;52;GO;nao metropolitana;cerrado;605,41;Aw;4441;4,17;72,91;80,89
5208400;Episódico/Epidêmico;Epidêmico;Piorou;23;64,4;399,6;347,3;232,3;3;226,7;Goianápolis;52;GO;metropolitana;cerrado;916,81;Aw;14036;14,55;95,7;95,17
5208509;Episódico/Epidêmico;Episódico;Melhorou;23,2;66;332,8;335,3;255;2,7;239;Goiandira;52;GO;nao metropolitana;cerrado;716,15;Aw;5023;18,92;94,34;88,1
5208608;Epidêmico;Epidêmico;Se manteve;24,1;63,7;395,6;363,7;222,3;3;222,3;Goianésia;52;GO;nao metropolitana;cerrado;702,59;Aw;73201;55,62;98,28;94,14
5208707;Transmissão Persistente;Transmissão Persistente;Se manteve;23,3;64,1;349,4;347;232,7;2,7;225,7;Goiânia;52;GO;metropolitana;cerrado;791,76;Aw;1414483;77,77;99,52;99,81
5208806;Epidêmico;Epidêmico;Se manteve;23,2;64,8;402,4;354,7;234,3;2,7;230,3;Goianira;52;GO;metropolitana;cerrado;769,8;Aw;69511;39,24;99,33;96,97
5208905;Episódico/Epidêmico;Episódico/Epidêmico;Se manteve;24,7;63,7;411;362,7;219;3;218,7;Goiás;52;GO;nao metropolitana;cerrado;534,82;Aw;23485;49,2;89,76;76,05
5209101;Epidêmico;Epidêmico;Se manteve;24,2;62,4;346;353,3;208,3;2,3;202,7;Goiatuba;52;GO;nao metropolitana;cerrado;619,79;Aw;36936;28,97;97,63;92,01
5209150;Episódico/Epidêmico;Episódico/Epidêmico;Se manteve;25,4;61,9;291,8;355,3;211;1,3;203,3;Gouvelândia;52;GO;nao metropolitana;cerrado;443,52;Aw;5127;0,94;96,78;79,02
5209200;Episódico/Epidêmico;Episódico/Epidêmico;Se manteve;23,9;63,8;355,3;354,7;227,7;3;222,3;Guapó;52;GO;metropolitana;cerrado;689,68;Aw;17463;72,83;93,87;84,21
5209291;Episódico;Episódico/Epidêmico;Piorou;24,8;64,3;437,9;363;223;3,3;222,7;Guaraíta;52;GO;nao metropolitana;cerrado;721,21;Aw;2169;2,23;88,03;59,97
5209408;Episódico/Epidêmico;Episódico/Epidêmico;Se manteve;24;63,7;394,6;365;212;4;212;Guarani De Goiás;52;GO;nao metropolitana;cerrado;666,11;Aw;4024;0,96;66,8;42,68
5209457;Episódico/Epidêmico;Episódico/Epidêmico;Se manteve;25,3;65,3;380;364,7;234;3,7;234;Guarinos;52;GO;nao metropolitana;cerrado;490,71;Aw;2167;0,86;93,21;57,11
5209606;Episódico/Epidêmico;Episódico/Epidêmico;Se manteve;23,8;64,6;352,2;361;228,7;2,7;228,3;Heitoraí;52;GO;nao metropolitana;cerrado;696,55;Aw;3146;40,18;97,17;75,29
5209705;Epidêmico;Epidêmico;Se manteve;23,3;64,1;349,4;347;232,7;2,7;225,7;Hidrolândia;52;GO;metropolitana;cerrado;784,34;Aw;27530;14,5;97,81;75,35
5209804;Episódico/Epidêmico;Episódico;Melhorou;25;65,5;405,9;365;234;3,3;234;Hidrolina;52;GO;nao metropolitana;cerrado;618,63;Aw;4848;2,03;87,26;75,18
5209903;Episódico/Epidêmico;Episódico/Epidêmico;Se manteve;25,1;63,3;346,8;365,3;212;3,7;212;Iaciara;52;GO;nao metropolitana;cerrado;502,78;Aw;11462;11,76;84,27;73,52
5209937;Episódico/Epidêmico;Episódico/Epidêmico;Se manteve;25,2;60,5;318,6;355;197;1,7;190;Inaciolândia;52;GO;nao metropolitana;cerrado;455,21;Aw;5958;3,72;98,55;83,84
5209952;Episódico/Epidêmico;Episódico/Epidêmico;Se manteve;24,5;63,2;344;355,7;225,3;3;220;Indiara;52;GO;nao metropolitana;cerrado;583,19;Aw;16829;7,91;99,35;88,88
5210000;Epidêmico;Epidêmico;Se manteve;23,5;64,8;390,4;356;233;4,3;229;Inhumas;52;GO;metropolitana;cerrado;840,87;Aw;53315;35,45;99,3;94,41
5210109;Episódico/Epidêmico;Epidêmico;Piorou;23;63,6;342,6;333,7;224,3;2;215,3;Ipameri;52;GO;nao metropolitana;cerrado;805,13;Aw;24617;61,55;94,97;87,05
5210158;Episódico/Epidêmico;Episódico/Epidêmico;Se manteve;24,2;66,5;360,8;363;245,7;2;245,3;Ipiranga De Goiás;52;GO;nao metropolitana;cerrado;671,46;Aw;2907;0,4;91,24;62,5
5210208;Epidêmico;Epidêmico;Se manteve;24,7;63,8;374,1;360,3;218,7;3;216,7;Iporá;52;GO;nao metropolitana;cerrado;561,55;Aw;35284;24,72;97,38;88,85
5210307;Episódico/Epidêmico;Episódico/Epidêmico;Se manteve;25,3;63,1;388,8;362,3;211,3;3,3;211,3;Israelândia;52;GO;nao metropolitana;cerrado;498,67;Aw;2543;5,12;93,69;71,79
5210406;Epidêmico;Epidêmico;Se manteve;23,7;64,9;416,8;359;231;3,3;228,7;Itaberaí;52;GO;nao metropolitana;cerrado;774,11;Aw;47016;26,97;94,02;86,07
5210562;Episódico/Epidêmico;Episódico/Epidêmico;Se manteve;23,3;64,5;386,9;357,3;229,7;2,7;227,3;Itaguari;52;GO;nao metropolitana;cerrado;709,35;Aw;4939;34,13;98,35;86
5210604;Episódico/Epidêmico;Episódico/Epidêmico;Se manteve;23,9;64,9;397,7;362;230,7;3,3;230,3;Itaguaru;52;GO;nao metropolitana;cerrado;710,87;Aw;4906;17,44;97,54;83,1
5210802;Episódico/Epidêmico;Episódico/Epidêmico;Se manteve;23,7;65,8;347,8;330,3;253,3;2,3;228,7;Itajá;52;GO;nao metropolitana;cerrado;458,58;Aw;4468;85,56;95,23;78,25
5210901;Epidêmico;Episódico/Epidêmico;Melhorou;24,5;65,2;348,8;364;235,7;2;235,3;Itapaci;52;GO;nao metropolitana;cerrado;654,61;Aw;21547;14,96;93,38;88,16
5211008;Episódico/Epidêmico;Episódico/Epidêmico;Se manteve;26,1;63,1;405,9;364,3;212,3;4;212,3;Itapirapuã;52;GO;nao metropolitana;cerrado;345,59;Aw;7987;22,51;98,16;70,42
5211206;Episódico/Epidêmico;Episódico/Epidêmico;Se manteve;24,8;64,3;437,9;363;223;3,3;222,7;Itapuranga;52;GO;nao metropolitana;cerrado;687,34;Aw;28522;72,52;92,09;79,91
5211305;Episódico/Epidêmico;Episódico/Epidêmico;Se manteve;24,2;64,3;316,4;339,3;233;2;215,7;Itarumã;52;GO;nao metropolitana;cerrado;494,27;Aw;7029;65,73;92,03;73,26
5211404;Episódico/Epidêmico;Episódico/Epidêmico;Se manteve;23,2;64,8;402,4;354,7;234,3;2,7;230,3;Itauçu;52;GO;nao metropolitana;cerrado;883,83;Aw;8693;65,41;97,99;83,56
5211503;Epidêmico;Epidêmico;Se manteve;24,6;62,3;307;356,7;208;1,7;202,3;Itumbiara;52;GO;nao metropolitana;cerrado;552,69;Aw;113838;78,42;97,88;95,94
5211602;Episódico/Epidêmico;Episódico/Epidêmico;Se manteve;24,7;63,8;374,1;360,3;218,7;3;216,7;Ivolândia;52;GO;nao metropolitana;cerrado;602,86;Aw;2664;4,97;89,44;52,08
5211701;Episódico/Epidêmico;Episódico/Epidêmico;Se manteve;24,4;64,3;349,2;355,3;232,3;2,3;227,3;Jandaia;52;GO;nao metropolitana;cerrado;591,46;Aw;6273;16,51;87,7;80,18
5211800;Epidêmico;Epidêmico;Se manteve;23,9;63,9;341,8;362;225;2;224,7;Jaraguá;52;GO;nao metropolitana;cerrado;684,51;Aw;43928;15,98;96,03;83,4
5211909;Epidêmico;Epidêmico;Se manteve;22,9;66,5;338,3;327,7;250,7;0,7;227,3;Jataí;52;GO;nao metropolitana;cerrado;758,92;Aw;104656;70,84;98,93;92,83
5212006;Episódico;Episódico;Se manteve;25,8;63,4;405,8;362,7;215,3;6,3;215,3;Jaupaci;52;GO;nao metropolitana;cerrado;434,76;Aw;2934;21,43;97,72;73,91
5212055;Episódico;Episódico;Se manteve;22,9;64,6;429,3;352;227;2,7;222,7;Jesúpolis;52;GO;nao metropolitana;cerrado;739,78;Aw;2113;4,72;99,05;79,65
5212105;Episódico/Epidêmico;Episódico/Epidêmico;Se manteve;24,4;62;333;355;208,7;2;203;Joviânia;52;GO;nao metropolitana;cerrado;693,54;Aw;7164;65,78;98,05;89,58
5212204;Episódico/Epidêmico;Episódico/Epidêmico;Se manteve;26,2;63,4;410,2;363,7;215,7;4,7;215,7;Jussara;52;GO;nao metropolitana;cerrado;322,38;Aw;19582;63,75;95,76;82,29
5212253;Episódico;Episódico;Se manteve;24,2;64,8;320,7;338,3;238;2;219,7;Lagoa Santa;52;GO;nao metropolitana;cerrado;425,89;Aw;1568;25,69;97,23;66,43
5212303;Episódico/Epidêmico;Episódico/Epidêmico;Se manteve;22,6;64,7;426,6;340;235,7;3,7;228,3;Leopoldo De Bulhões;52;GO;nao metropolitana;cerrado;973,94;Aw;8777;24,77;94,61;74,61
5212501;Epidêmico;Epidêmico;Se manteve;22,4;65,1;386,4;323,3;238,3;2;222,3;Luziânia;52;GO;metropolitana;cerrado;889,79;Aw;196416;27,4;96,77;91,07
5212600;Episódico/Epidêmico;Episódico/Epidêmico;Se manteve;24,3;62,8;322,9;355,3;219,3;1,7;214,3;Mairipotaba;52;GO;nao metropolitana;cerrado;657,74;Aw;2476;3,42;89,51;75
5212709;Episódico;Episódico/Epidêmico;Piorou;22,8;64,5;335,6;335,3;220,3;2,7;213,3;Mambaí;52;GO;nao metropolitana;cerrado;795,05;Aw;8144;15,61;79,01;70,41
5212808;Episódico/Epidêmico;Episódico/Epidêmico;Se manteve;25,9;65,3;408,1;365,3;235,7;5;235,7;Mara Rosa;52;GO;nao metropolitana;cerrado;394,58;Aw;10705;43,29;98,19;75,99
5212907;Episódico/Epidêmico;Episódico/Epidêmico;Se manteve;23,5;64;339,4;342;233,3;1,3;223;Marzagão;52;GO;nao metropolitana;cerrado;660,72;Aw;2764;1,69;99,72;88,43
5212956;Episódico;Episódico;Se manteve;26,4;63,8;415,2;364,3;223,3;3,3;223,3;Matrinchã;52;GO;nao metropolitana;cerrado;328,28;Aw;4042;13,35;94,37;73,29
5213004;Episódico/Epidêmico;Episódico/Epidêmico;Se manteve;25,1;61,2;320;354,7;207,3;1,7;200,7;Maurilândia;52;GO;nao metropolitana;cerrado;511,82;Aw;9684;8,98;98,59;92,99
5213053;Episódico/Epidêmico;Episódico;Melhorou;23,7;64,2;390,6;360,3;227;4;227;Mimoso De Goiás;52;GO;metropolitana;cerrado;765,34;Aw;2572;18,46;69,32;45,79
5213087;Epidêmico;Episódico/Epidêmico;Melhorou;24,9;68,1;432;365,7;260;5;260;Minaçu;52;GO;nao metropolitana;cerrado;541,96;Aw;26994;55,44;95,88;84,94
5213103;Epidêmico;Epidêmico;Se manteve;22,9;67,3;358,1;330,7;249,7;1;228,7;Mineiros;52;GO;nao metropolitana;cerrado;747,07;Aw;71108;86,62;98,38;91,48
5213400;Episódico/Epidêmico;Episódico;Melhorou;24,7;63,8;374,1;360,3;218,7;3;216,7;Moiporá;52;GO;nao metropolitana;cerrado;579,29;Aw;1701;9,28;93,39;66,51
5213509;Episódico/Epidêmico;Episódico/Epidêmico;Se manteve;24,5;65,7;343,5;365;232,7;3,3;232,7;Monte Alegre De Goiás;52;GO;nao metropolitana;cerrado;566,75;Aw;6643;8,5;78,04;52,21
5213707;Episódico/Epidêmico;Epidêmico;Piorou;26;62,9;351,5;362,3;207,3;2,3;207;Montes Claros De Goiás;52;GO;nao metropolitana;cerrado;359,36;Aw;9530;9,96;90,11;62,97
5213756;Episódico/Epidêmico;Episódico/Epidêmico;Se manteve;23,1;65,7;388,5;339;239,7;1,3;226,7;Montividiu;52;GO;nao metropolitana;cerrado;835,13;Aw;12716;9,64;96,59;83,54
5213772;Episódico;Episódico/Epidêmico;Piorou;25,6;67,1;452,5;365,7;246;4,7;246;Montividiu Do Norte;52;GO;nao metropolitana;cerrado;389,09;Aw;3647;44,75;91,68;43,7
5213806;Epidêmico;Epidêmico;Se manteve;23,6;64;358,5;344,7;231;2,7;221,3;Morrinhos;52;GO;nao metropolitana;cerrado;715,69;Aw;49965;63,18;98,52;92,73
5213855;Episódico/Epidêmico;Episódico/Epidêmico;Se manteve;24,9;64,6;443,8;364;223,3;3,7;223;Morro Agudo De Goiás;52;GO;nao metropolitana;cerrado;720,95;Aw;2440;0,97;94,07;70,62
5213905;Episódico/Epidêmico;Episódico/Epidêmico;Se manteve;25,1;63,7;399,1;362,7;219,7;3;219,3;Mossâmedes;52;GO;nao metropolitana;cerrado;715,15;Aw;4791;9,85;97,21;69,3
5214002;Episódico/Epidêmico;Episódico/Epidêmico;Se manteve;26,3;64,2;380,8;364,7;224,7;4;224,7;Mozarlândia;52;GO;nao metropolitana;cerrado;307,13;Aw;15284;6,19;98,63;89,74
5214051;Episódico/Epidêmico;Episódico/Epidêmico;Se manteve;26,5;67,3;446,1;365,3;247;6,7;247;Mundo Novo;52;GO;nao metropolitana;cerrado;267,21;Aw;6273;39,48;95,76;53,28
5214101;Episódico/Epidêmico;Episódico/Epidêmico;Se manteve;25,5;66,3;484,6;365,3;239,3;6,7;239,3;Mutunópolis;52;GO;nao metropolitana;cerrado;375,11;Aw;3574;18,16;91,08;61,86
5214408;Episódico/Epidêmico;Episódico/Epidêmico;Se manteve;24,2;64,9;363,6;355,7;238,3;4;233,7;Nazário;52;GO;nao metropolitana;cerrado;677,26;Aw;9247;5,19;99,15;92,64
5214507;Episódico/Epidêmico;Episódico/Epidêmico;Se manteve;22,7;64,9;451,2;347;233,7;4;228,7;Nerópolis;52;GO;metropolitana;cerrado;857,58;Aw;33898;70,51;98,9;96,76
5214606;Episódico/Epidêmico;Episódico/Epidêmico;Se manteve;24,5;65,9;409,2;365;248;6;248;Niquelândia;52;GO;nao metropolitana;cerrado;664,58;Aw;35609;22,74;90,16;78,62
5214705;Episódico;Episódico;Se manteve;25,3;64,2;416,7;364;220,3;3;220,3;Nova América;52;GO;nao metropolitana;cerrado;702,78;Aw;2331;1,16;92,9;77,42
5214804;Episódico/Epidêmico;Episódico/Epidêmico;Se manteve;23,6;63,7;335,5;340,7;229,3;1,3;218;Nova Aurora;52;GO;nao metropolitana;cerrado;701,91;Aw;2103;2,18;99,18;94,13
5214838;Episódico/Epidêmico;Episódico/Epidêmico;Se manteve;26,5;66,3;425,8;365,3;241;6,7;241;Nova Crixás;52;GO;nao metropolitana;cerrado;270,09;Aw;13325;10,45;97,86;65,76
5214861;Episódico/Epidêmico;Episódico;Melhorou;24,3;64,8;344,3;363,3;232;2,7;231,7;Nova Glória;52;GO;nao metropolitana;cerrado;571,25;Aw;8307;12,37;96,63;76,07
5214879;Episódico/Epidêmico;Episódico/Epidêmico;Se manteve;25,9;65;362,8;365,3;236,3;4;236,3;Nova Iguaçu De Goiás;52;GO;nao metropolitana;cerrado;468,01;Aw;3010;61,87;91,62;71,86
5214903;Episódico/Epidêmico;Episódico/Epidêmico;Se manteve;25;62,9;330,8;365,3;209,3;3,7;209,3;Nova Roma;52;GO;nao metropolitana;cerrado;687,27;Aw;3076;10,48;88,9;41,65
5215009;Episódico/Epidêmico;Epidêmico;Piorou;23,2;64,8;402,4;354,7;234,3;2,7;230,3;Nova Veneza;52;GO;metropolitana;cerrado;840,87;Aw;9152;6,87;98,83;91,03
5215207;Episódico/Epidêmico;Episódico;Melhorou;25,8;63,4;405,8;362,7;215,3;6,3;215,3;Novo Brasil;52;GO;nao metropolitana;cerrado;440,36;Aw;3605;5,41;97,07;71,84
5215231;Epidêmico;Epidêmico;Se manteve;22,1;65,3;410;319;239;2,7;222,3;Novo Gama;52;GO;metropolitana;cerrado;938,22;Aw;97976;39,05;95,67;95,23
5215256;Episódico;Episódico/Epidêmico;Piorou;26;66,9;480,5;365,3;241;4,7;241;Novo Planalto;52;GO;nao metropolitana;cerrado;282,41;Aw;3698;11,35;89,71;62,54
5215306;Episódico/Epidêmico;Episódico/Epidêmico;Se manteve;22,9;64,4;370,7;333,7;234,7;3,7;223,7;Orizona;52;GO;nao metropolitana;cerrado;831,7;Aw;16127;9,45;89,09;76,49
5215405;Episódico/Epidêmico;Episódico/Epidêmico;Se manteve;22,9;64,6;429,3;352;227;2,7;222,7;Ouro Verde De Goiás;52;GO;nao metropolitana;cerrado;948,15;Aw;4060;1,42;95,57;67,99
5215504;Episódico/Epidêmico;Epidêmico;Piorou;22,9;65;343,1;324,7;238;3,3;222,3;Ouvidor;52;GO;nao metropolitana;cerrado;773,94;Aw;7192;5,27;97,97;90,16
5215603;Epidêmico;Episódico/Epidêmico;Melhorou;23;63,7;328,8;348,7;221,3;3;220;Padre Bernardo;52;GO;metropolitana;cerrado;769,84;Aw;34314;23,74;78,37;68,56
5215652;Episódico/Epidêmico;Epidêmico;Piorou;24;64,7;340,3;354;231;1,3;226,7;Palestina De Goiás;52;GO;nao metropolitana;cerrado;640,51;Aw;3505;5,39;92,9;64,9
5215702;Epidêmico;Epidêmico;Se manteve;24,3;64,6;345,6;355;238;2,3;233;Palmeiras De Goiás;52;GO;nao metropolitana;cerrado;629,18;Aw;32004;63,08;96,69;82,51
5215801;Episódico/Epidêmico;Episódico;Melhorou;23,2;64;353;340,7;232,7;3,3;223,3;Palmelo;52;GO;nao metropolitana;cerrado;780,89;Aw;2293;58,93;99,75;95,28
5215900;Episódico/Epidêmico;Episódico/Epidêmico;Se manteve;24,1;65;364;354,7;238,3;2,3;233,3;Palminópolis;52;GO;nao metropolitana;cerrado;617,86;Aw;3848;29,1;98,98;76,71
5216007;Episódico/Epidêmico;Episódico/Epidêmico;Se manteve;24,6;62,3;307;356,7;208;1,7;202,3;Panamá;52;GO;nao metropolitana;cerrado;625,94;Aw;2968;0,72;97,24;75,1
5216304;Episódico/Epidêmico;Episódico/Epidêmico;Se manteve;24,9;63,3;307,2;348,7;228;0,3;217,3;Paranaiguara;52;GO;nao metropolitana;mata atlantica;500,91;Aw;9497;90,32;98,56;91,81
5216403;Episódico/Epidêmico;Epidêmico;Piorou;24,1;65;364;354,7;238,3;2,3;233,3;Paraúna;52;GO;nao metropolitana;cerrado;669,61;Aw;10383;63,58;97,47;75,3
5216452;Episódico/Epidêmico;Episódico/Epidêmico;Se manteve;22,8;67;340,4;328;253,7;1;232,3;Perolândia;52;GO;nao metropolitana;cerrado;875,4;Aw;3175;20,88;94,08;63,73
5216809;Episódico/Epidêmico;Episódico/Epidêmico;Se manteve;23,3;64,5;386,9;357,3;229,7;2,7;227,3;Petrolina De Goiás;52;GO;nao metropolitana;cerrado;817,79;Aw;8854;7,44;96,59;69,25
5216908;Episódico;Episódico;Se manteve;24,6;66,1;388,2;364;241;3,3;241;Pilar De Goiás;52;GO;nao metropolitana;cerrado;537,9;Aw;2332;1,77;88,57;42,62
5217104;Episódico/Epidêmico;Epidêmico;Piorou;23,8;63,1;322,3;349,7;220,3;1,7;214,7;Piracanjuba;52;GO;nao metropolitana;cerrado;733,25;Aw;23771;31,61;93,58;82,91
5217203;Episódico/Epidêmico;Episódico/Epidêmico;Se manteve;24,6;63,6;355,7;360,3;216,3;3;214,7;Piranhas;52;GO;nao metropolitana;cerrado;486,39;Aw;11532;1,59;96,66;81,22
5217302;Epidêmico;Epidêmico;Se manteve;23,4;63,8;393,7;360,3;224;2,3;223,7;Pirenópolis;52;GO;metropolitana;cerrado;857,18;Aw;26598;33,22;91,12;83,55
5217401;Epidêmico;Episódico/Epidêmico;Melhorou;23,1;64,2;342,5;335,7;234;4;224,3;Pires Do Rio;52;GO;nao metropolitana;cerrado;783,38;Aw;33193;42,54;99,51;94,12
5217609;Epidêmico;Epidêmico;Se manteve;22,3;65,1;361,7;322;233,3;3,3;216,3;Planaltina;52;GO;metropolitana;cerrado;945,51;Aw;108846;24,98;94,78;88,52
5217708;Episódico/Epidêmico;Episódico/Epidêmico;Se manteve;24,5;61,9;306,3;355,7;209,3;1,7;204,7;Pontalina;52;GO;nao metropolitana;cerrado;630,03;Aw;18843;41,76;97,14;83,09
5218003;Epidêmico;Episódico/Epidêmico;Melhorou;25,9;66,8;450,9;365,3;244;4,3;244;Porangatu;52;GO;nao metropolitana;cerrado;349,46;Aw;44061;9,9;97,83;85,09
5218052;Episódico/Epidêmico;Episódico/Epidêmico;Se manteve;24,7;62,3;328,4;353,3;216,3;2,3;209,7;Porteirão;52;GO;nao metropolitana;cerrado;487,19;Aw;4085;4,96;97,19;87,64
5218102;Episódico/Epidêmico;Episódico/Epidêmico;Se manteve;23,2;66;364,6;342,3;232,3;1;219,7;Portelândia;52;GO;nao metropolitana;cerrado;803,67;Aw;3322;1,95;96,6;81,63
5218300;Epidêmico;Epidêmico;Se manteve;23,9;63,6;385,2;364,3;209,3;4;209,3;Posse;52;GO;nao metropolitana;cerrado;688,04;Aw;34450;49,03;82,39;72,97
5218391;Episódico/Epidêmico;Epidêmico;Piorou;23,5;63,9;347,5;347,7;229;2,7;222,3;Professor Jamil;52;GO;nao metropolitana;cerrado;674,97;Aw;3325;7,22;97,17;72,76
5218508;Episódico/Epidêmico;Epidêmico;Piorou;24,8;62,6;329,4;353,3;220,7;2,7;211,7;Quirinópolis;52;GO;nao metropolitana;cerrado;555,62;Aw;50540;81,11;96,69;89,07
5218607;Episódico/Epidêmico;Episódico/Epidêmico;Se manteve;24,1;66,2;345,5;362,7;241;1,7;240,7;Rialma;52;GO;nao metropolitana;cerrado;614,22;Aw;12054;51;97,73;91,96
5218706;Episódico/Epidêmico;Episódico/Epidêmico;Se manteve;24,2;64,2;333,1;362,7;226,3;2;226;Rianápolis;52;GO;nao metropolitana;cerrado;623,75;Aw;3972;15,59;98,82;87,79
5218789;Episódico/Epidêmico;Epidêmico;Piorou;23,6;64;358,5;344,7;231;2,7;221,3;Rio Quente;52;GO;nao metropolitana;cerrado;646,26;Aw;3967;86,23;99,27;89,37
5218805;Epidêmico;Epidêmico;Se manteve;23,1;65,6;385,3;331;243;1,3;224;Rio Verde;52;GO;nao metropolitana;cerrado;765,42;Aw;214607;61,26;99,3;92,93
5218904;Episódico/Epidêmico;Episódico/Epidêmico;Se manteve;24,1;66,2;345,5;362,7;241;1,7;240,7;Rubiataba;52;GO;nao metropolitana;cerrado;697,11;Aw;19803;4,97;96,52;84,97
5219001;Episódico/Epidêmico;Epidêmico;Piorou;24,1;64,8;405,1;358,7;233,3;4,7;229,3;Sanclerlândia;52;GO;nao metropolitana;cerrado;574;Aw;8300;8,31;96,86;85,02
5219100;Episódico/Epidêmico;Epidêmico;Piorou;24;64,6;365;354,7;234,7;4;229,3;Santa Bárbara De Goiás;52;GO;nao metropolitana;cerrado;651,44;Aw;6182;91,98;98,01;93,6
5219209;Episódico;Episódico/Epidêmico;Piorou;23,2;64;353;340,7;232,7;3,3;223,3;Santa Cruz De Goiás;52;GO;nao metropolitana;cerrado;768,61;Aw;3107;2,98;95,94;44,95
5219258;Episódico/Epidêmico;Episódico/Epidêmico;Se manteve;26,2;63,2;407,6;364;212,3;4;212,3;Santa Fé De Goiás;52;GO;nao metropolitana;cerrado;345,55;Aw;4985;4,55;98,98;78,89
5219308;Epidêmico;Epidêmico;Se manteve;24,1;63,6;356,7;349;227,7;2;218,3;Santa Helena De Goiás;52;GO;nao metropolitana;cerrado;583,86;Aw;37193;67,01;98,8;95,35
5219357;Episódico/Epidêmico;Episódico/Epidêmico;Se manteve;24,1;66,2;345,5;362,7;241;1,7;240,7;Santa Isabel;52;GO;nao metropolitana;cerrado;616,6;Aw;3510;2,18;98,28;69,78
5219407;Episódico/Epidêmico;Episódico/Epidêmico;Se manteve;23,2;66,8;383,4;338,7;241,7;1,7;226,3;Santa Rita Do Araguaia;52;GO;nao metropolitana;cerrado;685,64;Aw;7239;1,9;95,71;88,31
5219456;Episódico/Epidêmico;Episódico;Melhorou;24;63,6;383,3;363;219,7;3,7;219,7;Santa Rita Do Novo Destino;52;GO;nao metropolitana;cerrado;589,04;Aw;2948;54,87;94,72;53,1
5219506;Episódico/Epidêmico;Episódico/Epidêmico;Se manteve;23,5;64,8;391,5;357,7;231,3;2,7;229,3;Santa Rosa De Goiás;52;GO;nao metropolitana;cerrado;809,72;Aw;2810;1,3;90,86;79,21
5219605;Episódico/Epidêmico;Episódico/Epidêmico;Se manteve;25,1;66,6;527,7;365,7;241,7;6,7;241,7;Santa Tereza De Goiás;52;GO;nao metropolitana;cerrado;363,36;Aw;3322;51,63;95,15;83,61
5219704;Episódico/Epidêmico;Episódico/Epidêmico;Se manteve;25,9;65;362,8;365,3;236,3;4;236,3;Santa Terezinha De Goiás;52;GO;nao metropolitana;cerrado;354,94;Aw;10370;14,78;89,31;75,1
5219712;Episódico/Epidêmico;Episódico/Epidêmico;Se manteve;23,5;65;370,3;341;235,3;2;221,7;Santo Antônio Da Barra;52;GO;nao metropolitana;cerrado;594,91;Aw;4287;12,48;98,81;83,76
5219738;Episódico/Epidêmico;Epidêmico;Piorou;23;64,4;399,6;347,3;232,3;3;226,7;Santo Antônio De Goiás;52;GO;metropolitana;cerrado;799,04;Aw;7448;9,88;98,72;92,89
5219753;Epidêmico;Epidêmico;Se manteve;22,1;65,3;410;319;239;2,7;222,3;Santo Antônio Do Descoberto;52;GO;metropolitana;cerrado;950,56;Aw;68654;44,49;86,49;82,43
5219803;Episódico/Epidêmico;Episódico/Epidêmico;Se manteve;24,8;64,2;312,1;365;221,7;3,7;221,7;São Domingos;52;GO;nao metropolitana;cerrado;600,34;Aw;9710;6,2;68,95;56,08
5219902;Episódico/Epidêmico;Episódico/Epidêmico;Se manteve;22,9;64,6;429,3;352;227;2,7;222,7;São Francisco De Goiás;52;GO;nao metropolitana;cerrado;724,07;Aw;6379;1,68;98,67;72,93
5220009;Episódico/Epidêmico;Episódico/Epidêmico;Se manteve;23,7;64;402,3;358,7;222;6;221;São João D'aliança;52;GO;nao metropolitana;cerrado;823,6;Aw;11275;6;86,23;63,21
5220058;Episódico/Epidêmico;Epidêmico;Piorou;24;64,9;385,1;354,7;231,3;3,3;226,3;São João Da Paraúna;52;GO;nao metropolitana;cerrado;625,57;Aw;1898;84,59;95,41;77,38
5220108;Epidêmico;Epidêmico;Se manteve;24,3;64,8;367;357,7;231,3;2,7;227,7;São Luís De Montes Belos;52;GO;nao metropolitana;cerrado;568,78;Aw;33279;56,4;95,42;89,48
5220157;Episódico/Epidêmico;Episódico;Melhorou;24,7;65,5;382;364;236;3,3;236;São Luiz Do Norte;52;GO;nao metropolitana;cerrado;556,2;Aw;4947;14,93;97,67;81,88
5220207;Episódico/Epidêmico;Episódico/Epidêmico;Se manteve;26,3;69,1;469;365,3;264,3;5,7;264;São Miguel Do Araguaia;52;GO;nao metropolitana;cerrado;258,15;Aw;22738;43,84;98,1;82,87
5220264;Episódico/Epidêmico;Episódico/Epidêmico;Se manteve;23,2;64;369,5;342,3;232,7;3;224;São Miguel Do Passa Quatro;52;GO;nao metropolitana;cerrado;900,56;Aw;4234;38,93;91,28;66,56
5220280;Episódico;Episódico;Se manteve;24,1;66,1;426,7;362,3;239,7;2,7;239,3;São Patrício;52;GO;nao metropolitana;cerrado;635,34;Aw;2138;20,12;91,44;63,06
5220405;Epidêmico;Epidêmico;Se manteve;25;61,6;295,2;350;203;2,3;192,7;São Simão;52;GO;nao metropolitana;mata atlantica;432,57;Aw;17619;86,5;98,99;96,91
5220454;Epidêmico;Epidêmico;Se manteve;22,9;64,2;379,1;341;232,7;2,7;225;Senador Canedo;52;GO;metropolitana;cerrado;777,04;Aw;153522;25,25;99,11;98,55
5220504;Episódico/Epidêmico;Episódico/Epidêmico;Se manteve;23,2;66,2;312,5;326,3;253;0,7;225;Serranópolis;52;GO;nao metropolitana;cerrado;673,43;Am;8295;2,84;98,02;77,02
5220603;Episódico/Epidêmico;Episódico/Epidêmico;Se manteve;22,6;64,6;400,7;331;232,7;3;220,3;Silvânia;52;GO;nao metropolitana;cerrado;929,29;Aw;22230;39,03;89,81;66,65
5220686;Episódico/Epidêmico;Episódico;Melhorou;23,8;63,8;341,4;363;212;3,3;212;Simolândia;52;GO;nao metropolitana;cerrado;532,21;Aw;5715;1,43;86,68;81,03
5220702;Episódico;Episódico;Se manteve;22,7;65,2;333,3;332,3;226,7;3;219;Sítio D'abadia;52;GO;nao metropolitana;cerrado;814,37;Aw;2939;0,72;78,72;37,74
5221007;Episódico/Epidêmico;Episódico/Epidêmico;Se manteve;23,5;64,8;391,5;357,7;231,3;2,7;229,3;Taquaral De Goiás;52;GO;nao metropolitana;cerrado;815,2;Aw;4038;5,55;98,2;81,25
5221080;Episódico/Epidêmico;Episódico/Epidêmico;Se manteve;22,4;67;540;339,7;243;5,7;232;Teresina De Goiás;52;GO;nao metropolitana;cerrado;707,63;Aw;2695;3,32;80,42;71,8
5221197;Episódico/Epidêmico;Episódico/Epidêmico;Se manteve;22,6;64,7;426,6;340;235,7;3,7;228,3;Terezópolis De Goiás;52;GO;metropolitana;cerrado;855,5;Aw;7842;7,35;96,4;94,42
5221304;Episódico/Epidêmico;Episódico/Epidêmico;Se manteve;23,2;66;332,8;335,3;255;2,7;239;Três Ranchos;52;GO;nao metropolitana;cerrado;684,47;Aw;2906;39,83;96,61;91
5221403;Epidêmico;Epidêmico;Se manteve;23,4;64,3;365;353,3;229;3,3;224;Trindade;52;GO;metropolitana;cerrado;721;Aw;149167;49,23;99,17;96,45
5221452;Episódico/Epidêmico;Episódico/Epidêmico;Se manteve;25,2;66,8;488,8;365,3;244,7;5,7;244,7;Trombas;52;GO;nao metropolitana;cerrado;413,5;Aw;3123;1,04;88,53;61,73
5221502;Epidêmico;Epidêmico;Se manteve;24,3;64,8;367;357,7;231,3;2,7;227,7;Turvânia;52;GO;nao metropolitana;cerrado;646,15;Aw;4462;20,14;99,02;82,36
5221551;Episódico/Epidêmico;Episódico/Epidêmico;Se manteve;24,7;62,3;328,4;353,3;216,3;2,3;209,7;Turvelândia;52;GO;nao metropolitana;cerrado;503,45;Aw;4847;14,86;97,39;73,75
5221577;Episódico/Epidêmico;Episódico/Epidêmico;Se manteve;26,3;65,3;408,1;365,3;233;4,7;233;Uirapuru;52;GO;nao metropolitana;cerrado;326,57;Aw;3874;22,63;97,58;65,09
5221601;Epidêmico;Epidêmico;Se manteve;25;65,5;405,9;365;234;3,3;234;Uruaçu;52;GO;nao metropolitana;cerrado;551,39;Aw;43728;43,44;97,09;89,52
5221700;Episódico/Epidêmico;Episódico/Epidêmico;Se manteve;24,1;66,2;345,5;362,7;241;1,7;240,7;Uruana;52;GO;nao metropolitana;cerrado;627,66;Aw;13681;11,82;95,87;80,63
5221809;Episódico/Epidêmico;Episódico/Epidêmico;Se manteve;22,8;64,3;344,8;331,7;235,7;2,7;224,3;Urutaí;52;GO;nao metropolitana;cerrado;770,7;Aw;3119;2,81;91,86;73,52
5221858;Epidêmico;Epidêmico;Se manteve;22,1;65,3;410;319;239;2,7;222,3;Valparaíso De Goiás;52;GO;metropolitana;cerrado;1013,54;Aw;196967;68,94;98,17;97,82
5221908;Episódico/Epidêmico;Episódico/Epidêmico;Se manteve;24,5;63,2;344;355,7;225,3;3;220;Varjão;52;GO;nao metropolitana;cerrado;675,38;Aw;3720;1,66;91,15;79,05
5222005;Episódico/Epidêmico;Episódico/Epidêmico;Se manteve;22,6;64,6;400,7;331;232,7;3;220,3;Vianópolis;52;GO;nao metropolitana;cerrado;910,37;Aw;14046;17,67;86,9;80,3
5222054;Episódico/Epidêmico;Episódico/Epidêmico;Se manteve;24,4;62;333;355;208,7;2;203;Vicentinópolis;52;GO;nao metropolitana;cerrado;566,74;Aw;8776;3,07;98,6;87,11
5222203;Episódico/Epidêmico;Episódico/Epidêmico;Se manteve;23,7;64,4;336,6;358,7;227,3;2,7;226;Vila Boa;52;GO;metropolitana;cerrado;569,38;Aw;3686;25,66;85,25;77,83
5222302;Episódico/Epidêmico;Episódico/Epidêmico;Se manteve;24;63,6;383,3;363;219,7;3,7;219,7;Vila Propício;52;GO;nao metropolitana;cerrado;674,25;Aw;5646;6,95;77,93;51,68
5300108;Transmissão Persistente;Transmissão Persistente;Se manteve;21,9;65,2;425,6;319;237,3;3,7;219;Brasília;53;DF;metropolitana;cerrado;1034,79;Aw;2923369;88,92;98,15;97,84
