geocode;CODE_MUNI_7;CODE_MUNI;MUNI_NAME;UF_CODE;UF_ACR;UF_NAME;REGION
1;1100015;110001;Alta Floresta D'Oeste;11;RO;Rondonia;1
2;1100023;110002;Ariquemes;11;RO;Rondonia;1
3;1100031;110003;Cabixi;11;RO;Rondonia;1
4;1100049;110004;Cacoal;11;RO;Rondonia;1
5;1100056;110005;Cerejeiras;11;RO;Rondonia;1
6;1100064;110006;Colorado do Oeste;11;RO;Rondonia;1
7;1100072;110007;Corumbiara;11;RO;Rondonia;1
8;1100080;110008;Costa Marques;11;RO;Rondonia;1
9;1100098;110009;Espigão D'Oeste;11;RO;Rondonia;1
10;1100106;110010;Guajará-Mirim;11;RO;Rondonia;1
11;1100114;110011;Jaru;11;RO;Rondonia;1
12;1100122;110012;Ji-Paraná;11;RO;Rondonia;1
13;1100130;110013;Machadinho D'Oeste;11;RO;Rondonia;1
14;1100148;110014;Nova Brasilândia D'Oeste;11;RO;Rondonia;1
15;1100155;110015;Ouro Preto do Oeste;11;RO;Rondonia;1
16;1100189;110018;Pimenta Bueno;11;RO;Rondonia;1
17;1100205;110020;Porto Velho;11;RO;Rondonia;1
18;1100254;110025;Presidente Médici;11;RO;Rondonia;1
19;1100262;110026;Rio Crespo;11;RO;Rondonia;1
20;1100288;110028;Rolim de Moura;11;RO;Rondonia;1
21;1100296;110029;Santa Luzia D'Oeste;11;RO;Rondonia;1
22;1100304;110030;Vilhena;11;RO;Rondonia;1
23;1100320;110032;São Miguel do Guaporé;11;RO;Rondonia;1
24;1100338;110033;Nova Mamoré;11;RO;Rondonia;1
25;1100346;110034;Alvorada D'Oeste;11;RO;Rondonia;1
26;1100379;110037;Alto Alegre dos Parecis;11;RO;Rondonia;1
27;1100403;110040;Alto Paraíso;11;RO;Rondonia;1
28;1100452;110045;Buritis;11;RO;Rondonia;1
29;1100502;110050;Novo Horizonte do Oeste;11;RO;Rondonia;1
30;1100601;110060;Cacaulândia;11;RO;Rondonia;1
31;1100700;110070;Campo Novo de Rondônia;11;RO;Rondonia;1
32;1100809;110080;Candeias do Jamari;11;RO;Rondonia;1
33;1100908;110090;Castanheiras;11;RO;Rondonia;1
34;1100924;110092;Chupinguaia;11;RO;Rondonia;1
35;1100940;110094;Cujubim;11;RO;Rondonia;1
36;1101005;110100;Governador Jorge Teixeira;11;RO;Rondonia;1
37;1101104;110110;Itapuã do Oeste;11;RO;Rondonia;1
38;1101203;110120;Ministro Andreazza;11;RO;Rondonia;1
39;1101302;110130;Mirante da Serra;11;RO;Rondonia;1
40;1101401;110140;Monte Negro;11;RO;Rondonia;1
41;1101435;110143;Nova União;11;RO;Rondonia;1
42;1101450;110145;Parecis;11;RO;Rondonia;1
43;1101468;110146;Pimenteiras do Oeste;11;RO;Rondonia;1
44;1101476;110147;Primavera de Rondônia;11;RO;Rondonia;1
45;1101484;110148;São Felipe D'Oeste;11;RO;Rondonia;1
46;1101492;110149;São Francisco do Guaporé;11;RO;Rondonia;1
47;1101500;110150;Seringueiras;11;RO;Rondonia;1
48;1101559;110155;Teixeirópolis;11;RO;Rondonia;1
49;1101609;110160;Theobroma;11;RO;Rondonia;1
50;1101708;110170;Urupá;11;RO;Rondonia;1
51;1101757;110175;Vale do Anari;11;RO;Rondonia;1
52;1101807;110180;Vale do Paraíso;11;RO;Rondonia;1
53;1200013;120001;Acrelândia;12;AC;Acre;1
54;1200054;120005;Assis Brasil;12;AC;Acre;1
55;1200104;120010;Brasiléia;12;AC;Acre;1
56;1200138;120013;Bujari;12;AC;Acre;1
57;1200179;120017;Capixaba;12;AC;Acre;1
58;1200203;120020;Cruzeiro do Sul;12;AC;Acre;1
59;1200252;120025;Epitaciolândia;12;AC;Acre;1
60;1200302;120030;Feijó;12;AC;Acre;1
61;1200328;120032;Jordão;12;AC;Acre;1
62;1200336;120033;Mâncio Lima;12;AC;Acre;1
63;1200344;120034;Manoel Urbano;12;AC;Acre;1
64;1200351;120035;Marechal Thaumaturgo;12;AC;Acre;1
65;1200385;120038;Plácido de Castro;12;AC;Acre;1
66;1200393;120039;Porto Walter;12;AC;Acre;1
67;1200401;120040;Rio Branco;12;AC;Acre;1
68;1200427;120042;Rodrigues Alves;12;AC;Acre;1
69;1200435;120043;Santa Rosa do Purus;12;AC;Acre;1
70;1200450;120045;Senador Guiomard;12;AC;Acre;1
71;1200500;120050;Sena Madureira;12;AC;Acre;1
72;1200609;120060;Tarauacá;12;AC;Acre;1
73;1200708;120070;Xapuri;12;AC;Acre;1
74;1200807;120080;Porto Acre;12;AC;Acre;1
75;1300029;130002;Alvarães;13;AM;Amazonas;1
76;1300060;130006;Amaturá;13;AM;Amazonas;1
77;1300086;130008;Anamã;13;AM;Amazonas;1
78;1300102;130010;Anori;13;AM;Amazonas;1
79;1300144;130014;Apuí;13;AM;Amazonas;1
80;1300201;130020;Atalaia do Norte;13;AM;Amazonas;1
81;1300300;130030;Autazes;13;AM;Amazonas;1
82;1300409;130040;Barcelos;13;AM;Amazonas;1
83;1300508;130050;Barreirinha;13;AM;Amazonas;1
84;1300607;130060;Benjamin Constant;13;AM;Amazonas;1
85;1300631;130063;Beruri;13;AM;Amazonas;1
86;1300680;130068;Boa Vista do Ramos;13;AM;Amazonas;1
87;1300706;130070;Boca do Acre;13;AM;Amazonas;1
88;1300805;130080;Borba;13;AM;Amazonas;1
89;1300839;130083;Caapiranga;13;AM;Amazonas;1
90;1300904;130090;Canutama;13;AM;Amazonas;1
91;1301001;130100;Carauari;13;AM;Amazonas;1
92;1301100;130110;Careiro;13;AM;Amazonas;1
93;1301159;130115;Careiro da Várzea;13;AM;Amazonas;1
94;1301209;130120;Coari;13;AM;Amazonas;1
95;1301308;130130;Codajás;13;AM;Amazonas;1
96;1301407;130140;Eirunepé;13;AM;Amazonas;1
97;1301506;130150;Envira;13;AM;Amazonas;1
98;1301605;130160;Fonte Boa;13;AM;Amazonas;1
99;1301654;130165;Guajará;13;AM;Amazonas;1
100;1301704;130170;Humaitá;13;AM;Amazonas;1
101;1301803;130180;Ipixuna;13;AM;Amazonas;1
102;1301852;130185;Iranduba;13;AM;Amazonas;1
103;1301902;130190;Itacoatiara;13;AM;Amazonas;1
104;1301951;130195;Itamarati;13;AM;Amazonas;1
105;1302009;130200;Itapiranga;13;AM;Amazonas;1
106;1302108;130210;Japurá;13;AM;Amazonas;1
107;1302207;130220;Juruá;13;AM;Amazonas;1
108;1302306;130230;Jutaí;13;AM;Amazonas;1
109;1302405;130240;Lábrea;13;AM;Amazonas;1
110;1302504;130250;Manacapuru;13;AM;Amazonas;1
111;1302553;130255;Manaquiri;13;AM;Amazonas;1
112;1302603;130260;Manaus;13;AM;Amazonas;1
113;1302702;130270;Manicoré;13;AM;Amazonas;1
114;1302801;130280;Maraã;13;AM;Amazonas;1
115;1302900;130290;Maués;13;AM;Amazonas;1
116;1303007;130300;Nhamundá;13;AM;Amazonas;1
117;1303106;130310;Nova Olinda do Norte;13;AM;Amazonas;1
118;1303205;130320;Novo Airão;13;AM;Amazonas;1
119;1303304;130330;Novo Aripuanã;13;AM;Amazonas;1
120;1303403;130340;Parintins;13;AM;Amazonas;1
121;1303502;130350;Pauini;13;AM;Amazonas;1
122;1303536;130353;Presidente Figueiredo;13;AM;Amazonas;1
123;1303569;130356;Rio Preto da Eva;13;AM;Amazonas;1
124;1303601;130360;Santa Isabel do Rio Negro;13;AM;Amazonas;1
125;1303700;130370;Santo Antônio do Içá;13;AM;Amazonas;1
126;1303809;130380;São Gabriel da Cachoeira;13;AM;Amazonas;1
127;1303908;130390;São Paulo de Olivença;13;AM;Amazonas;1
128;1303957;130395;São Sebastião do Uatumã;13;AM;Amazonas;1
129;1304005;130400;Silves;13;AM;Amazonas;1
130;1304062;130406;Tabatinga;13;AM;Amazonas;1
131;1304104;130410;Tapauá;13;AM;Amazonas;1
132;1304203;130420;Tefé;13;AM;Amazonas;1
133;1304237;130423;Tonantins;13;AM;Amazonas;1
134;1304260;130426;Uarini;13;AM;Amazonas;1
135;1304302;130430;Urucará;13;AM;Amazonas;1
136;1304401;130440;Urucurituba;13;AM;Amazonas;1
137;1400027;140002;Amajari;14;RR;Roraima;1
138;1400050;140005;Alto Alegre;14;RR;Roraima;1
139;1400100;140010;Boa Vista;14;RR;Roraima;1
140;1400159;140015;Bonfim;14;RR;Roraima;1
141;1400175;140017;Cantá;14;RR;Roraima;1
142;1400209;140020;Caracaraí;14;RR;Roraima;1
143;1400233;140023;Caroebe;14;RR;Roraima;1
144;1400282;140028;Iracema;14;RR;Roraima;1
145;1400308;140030;Mucajaí;14;RR;Roraima;1
146;1400407;140040;Normandia;14;RR;Roraima;1
147;1400456;140045;Pacaraima;14;RR;Roraima;1
148;1400472;140047;Rorainópolis;14;RR;Roraima;1
149;1400506;140050;São João da Baliza;14;RR;Roraima;1
150;1400605;140060;São Luiz;14;RR;Roraima;1
151;1400704;140070;Uiramutã;14;RR;Roraima;1
152;1500107;150010;Abaetetuba;15;PA;Para;1
153;1500131;150013;Abel Figueiredo;15;PA;Para;1
154;1500206;150020;Acará;15;PA;Para;1
155;1500305;150030;Afuá;15;PA;Para;1
156;1500347;150034;Água Azul do Norte;15;PA;Para;1
157;1500404;150040;Alenquer;15;PA;Para;1
158;1500503;150050;Almeirim;15;PA;Para;1
159;1500602;150060;Altamira;15;PA;Para;1
160;1500701;150070;Anajás;15;PA;Para;1
161;1500800;150080;Ananindeua;15;PA;Para;1
162;1500859;150085;Anapu;15;PA;Para;1
163;1500909;150090;Augusto Corrêa;15;PA;Para;1
164;1500958;150095;Aurora do Pará;15;PA;Para;1
165;1501006;150100;Aveiro;15;PA;Para;1
166;1501105;150110;Bagre;15;PA;Para;1
167;1501204;150120;Baião;15;PA;Para;1
168;1501253;150125;Bannach;15;PA;Para;1
169;1501303;150130;Barcarena;15;PA;Para;1
170;1501402;150140;Belém;15;PA;Para;1
171;1501451;150145;Belterra;15;PA;Para;1
172;1501501;150150;Benevides;15;PA;Para;1
173;1501576;150157;Bom Jesus do Tocantins;15;PA;Para;1
174;1501600;150160;Bonito;15;PA;Para;1
175;1501709;150170;Bragança;15;PA;Para;1
176;1501725;150172;Brasil Novo;15;PA;Para;1
177;1501758;150175;Brejo Grande do Araguaia;15;PA;Para;1
178;1501782;150178;Breu Branco;15;PA;Para;1
179;1501808;150180;Breves;15;PA;Para;1
180;1501907;150190;Bujaru;15;PA;Para;1
181;1501956;150195;Cachoeira do Piriá;15;PA;Para;1
182;1502004;150200;Cachoeira do Arari;15;PA;Para;1
183;1502103;150210;Cametá;15;PA;Para;1
184;1502152;150215;Canaã dos Carajás;15;PA;Para;1
185;1502202;150220;Capanema;15;PA;Para;1
186;1502301;150230;Capitão Poço;15;PA;Para;1
187;1502400;150240;Castanhal;15;PA;Para;1
188;1502509;150250;Chaves;15;PA;Para;1
189;1502608;150260;Colares;15;PA;Para;1
190;1502707;150270;Conceição do Araguaia;15;PA;Para;1
191;1502756;150275;Concórdia do Pará;15;PA;Para;1
192;1502764;150276;Cumaru do Norte;15;PA;Para;1
193;1502772;150277;Curionópolis;15;PA;Para;1
194;1502806;150280;Curralinho;15;PA;Para;1
195;1502855;150285;Curuá;15;PA;Para;1
196;1502905;150290;Curuçá;15;PA;Para;1
197;1502939;150293;Dom Eliseu;15;PA;Para;1
198;1502954;150295;Eldorado do Carajás;15;PA;Para;1
199;1503002;150300;Faro;15;PA;Para;1
200;1503044;150304;Floresta do Araguaia;15;PA;Para;1
201;1503077;150307;Garrafão do Norte;15;PA;Para;1
202;1503093;150309;Goianésia do Pará;15;PA;Para;1
203;1503101;150310;Gurupá;15;PA;Para;1
204;1503200;150320;Igarapé-Açu;15;PA;Para;1
205;1503309;150330;Igarapé-Miri;15;PA;Para;1
206;1503408;150340;Inhangapi;15;PA;Para;1
207;1503457;150345;Ipixuna do Pará;15;PA;Para;1
208;1503507;150350;Irituia;15;PA;Para;1
209;1503606;150360;Itaituba;15;PA;Para;1
210;1503705;150370;Itupiranga;15;PA;Para;1
211;1503754;150375;Jacareacanga;15;PA;Para;1
212;1503804;150380;Jacundá;15;PA;Para;1
213;1503903;150390;Juruti;15;PA;Para;1
214;1504000;150400;Limoeiro do Ajuru;15;PA;Para;1
215;1504059;150405;Mãe do Rio;15;PA;Para;1
216;1504109;150410;Magalhães Barata;15;PA;Para;1
217;1504208;150420;Marabá;15;PA;Para;1
218;1504307;150430;Maracanã;15;PA;Para;1
219;1504406;150440;Marapanim;15;PA;Para;1
220;1504422;150442;Marituba;15;PA;Para;1
221;1504455;150445;Medicilândia;15;PA;Para;1
222;1504505;150450;Melgaço;15;PA;Para;1
223;1504604;150460;Mocajuba;15;PA;Para;1
224;1504703;150470;Moju;15;PA;Para;1
225;1504752;150475;Mojuí dos Campos;15;PA;Para;1
226;1504802;150480;Monte Alegre;15;PA;Para;1
227;1504901;150490;Muaná;15;PA;Para;1
228;1504950;150495;Nova Esperança do Piriá;15;PA;Para;1
229;1504976;150497;Nova Ipixuna;15;PA;Para;1
230;1505007;150500;Nova Timboteua;15;PA;Para;1
231;1505031;150503;Novo Progresso;15;PA;Para;1
232;1505064;150506;Novo Repartimento;15;PA;Para;1
233;1505106;150510;Óbidos;15;PA;Para;1
234;1505205;150520;Oeiras do Pará;15;PA;Para;1
235;1505304;150530;Oriximiná;15;PA;Para;1
236;1505403;150540;Ourém;15;PA;Para;1
237;1505437;150543;Ourilândia do Norte;15;PA;Para;1
238;1505486;150548;Pacajá;15;PA;Para;1
239;1505494;150549;Palestina do Pará;15;PA;Para;1
240;1505502;150550;Paragominas;15;PA;Para;1
241;1505536;150553;Parauapebas;15;PA;Para;1
242;1505551;150555;Pau D'Arco;15;PA;Para;1
243;1505601;150560;Peixe-Boi;15;PA;Para;1
244;1505635;150563;Piçarra;15;PA;Para;1
245;1505650;150565;Placas;15;PA;Para;1
246;1505700;150570;Ponta de Pedras;15;PA;Para;1
247;1505809;150580;Portel;15;PA;Para;1
248;1505908;150590;Porto de Moz;15;PA;Para;1
249;1506005;150600;Prainha;15;PA;Para;1
250;1506104;150610;Primavera;15;PA;Para;1
251;1506112;150611;Quatipuru;15;PA;Para;1
252;1506138;150613;Redenção;15;PA;Para;1
253;1506161;150616;Rio Maria;15;PA;Para;1
254;1506187;150618;Rondon do Pará;15;PA;Para;1
255;1506195;150619;Rurópolis;15;PA;Para;1
256;1506203;150620;Salinópolis;15;PA;Para;1
257;1506302;150630;Salvaterra;15;PA;Para;1
258;1506351;150635;Santa Bárbara do Pará;15;PA;Para;1
259;1506401;150640;Santa Cruz do Arari;15;PA;Para;1
260;1506500;150650;Santa Izabel do Pará;15;PA;Para;1
261;1506559;150655;Santa Luzia do Pará;15;PA;Para;1
262;1506583;150658;Santa Maria das Barreiras;15;PA;Para;1
263;1506609;150660;Santa Maria do Pará;15;PA;Para;1
264;1506708;150670;Santana do Araguaia;15;PA;Para;1
265;1506807;150680;Santarém;15;PA;Para;1
266;1506906;150690;Santarém Novo;15;PA;Para;1
267;1507003;150700;Santo Antônio do Tauá;15;PA;Para;1
268;1507102;150710;São Caetano de Odivelas;15;PA;Para;1
269;1507151;150715;São Domingos do Araguaia;15;PA;Para;1
270;1507201;150720;São Domingos do Capim;15;PA;Para;1
271;1507300;150730;São Félix do Xingu;15;PA;Para;1
272;1507409;150740;São Francisco do Pará;15;PA;Para;1
273;1507458;150745;São Geraldo do Araguaia;15;PA;Para;1
274;1507466;150746;São João da Ponta;15;PA;Para;1
275;1507474;150747;São João de Pirabas;15;PA;Para;1
276;1507508;150750;São João do Araguaia;15;PA;Para;1
277;1507607;150760;São Miguel do Guamá;15;PA;Para;1
278;1507706;150770;São Sebastião da Boa Vista;15;PA;Para;1
279;1507755;150775;Sapucaia;15;PA;Para;1
280;1507805;150780;Senador José Porfírio;15;PA;Para;1
281;1507904;150790;Soure;15;PA;Para;1
282;1507953;150795;Tailândia;15;PA;Para;1
283;1507961;150796;Terra Alta;15;PA;Para;1
284;1507979;150797;Terra Santa;15;PA;Para;1
285;1508001;150800;Tomé-Açu;15;PA;Para;1
286;1508035;150803;Tracuateua;15;PA;Para;1
287;1508050;150805;Trairão;15;PA;Para;1
288;1508084;150808;Tucumã;15;PA;Para;1
289;1508100;150810;Tucuruí;15;PA;Para;1
290;1508126;150812;Ulianópolis;15;PA;Para;1
291;1508159;150815;Uruará;15;PA;Para;1
292;1508209;150820;Vigia;15;PA;Para;1
293;1508308;150830;Viseu;15;PA;Para;1
294;1508357;150835;Vitória do Xingu;15;PA;Para;1
295;1508407;150840;Xinguara;15;PA;Para;1
296;1600055;160005;Serra do Navio;16;AP;Amapa;1
297;1600105;160010;Amapá;16;AP;Amapa;1
298;1600154;160015;Pedra Branca do Amapari;16;AP;Amapa;1
299;1600204;160020;Calçoene;16;AP;Amapa;1
300;1600212;160021;Cutias;16;AP;Amapa;1
301;1600238;160023;Ferreira Gomes;16;AP;Amapa;1
302;1600253;160025;Itaubal;16;AP;Amapa;1
303;1600279;160027;Laranjal do Jari;16;AP;Amapa;1
304;1600303;160030;Macapá;16;AP;Amapa;1
305;1600402;160040;Mazagão;16;AP;Amapa;1
306;1600501;160050;Oiapoque;16;AP;Amapa;1
307;1600535;160053;Porto Grande;16;AP;Amapa;1
308;1600550;160055;Pracuúba;16;AP;Amapa;1
309;1600600;160060;Santana;16;AP;Amapa;1
310;1600709;160070;Tartarugalzinho;16;AP;Amapa;1
311;1600808;160080;Vitória do Jari;16;AP;Amapa;1
312;1700251;170025;Abreulândia;17;TO;Tocantins;1
313;1700301;170030;Aguiarnópolis;17;TO;Tocantins;1
314;1700350;170035;Aliança do Tocantins;17;TO;Tocantins;1
315;1700400;170040;Almas;17;TO;Tocantins;1
316;1700707;170070;Alvorada;17;TO;Tocantins;1
317;1701002;170100;Ananás;17;TO;Tocantins;1
318;1701051;170105;Angico;17;TO;Tocantins;1
319;1701101;170110;Aparecida do Rio Negro;17;TO;Tocantins;1
320;1701309;170130;Aragominas;17;TO;Tocantins;1
321;1701903;170190;Araguacema;17;TO;Tocantins;1
322;1702000;170200;Araguaçu;17;TO;Tocantins;1
323;1702109;170210;Araguaína;17;TO;Tocantins;1
324;1702158;170215;Araguanã;17;TO;Tocantins;1
325;1702208;170220;Araguatins;17;TO;Tocantins;1
326;1702307;170230;Arapoema;17;TO;Tocantins;1
327;1702406;170240;Arraias;17;TO;Tocantins;1
328;1702554;170255;Augustinópolis;17;TO;Tocantins;1
329;1702703;170270;Aurora do Tocantins;17;TO;Tocantins;1
330;1702901;170290;Axixá do Tocantins;17;TO;Tocantins;1
331;1703008;170300;Babaçulândia;17;TO;Tocantins;1
332;1703057;170305;Bandeirantes do Tocantins;17;TO;Tocantins;1
333;1703073;170307;Barra do Ouro;17;TO;Tocantins;1
334;1703107;170310;Barrolândia;17;TO;Tocantins;1
335;1703206;170320;Bernardo Sayão;17;TO;Tocantins;1
336;1703305;170330;Bom Jesus do Tocantins;17;TO;Tocantins;1
337;1703602;170360;Brasilândia do Tocantins;17;TO;Tocantins;1
338;1703701;170370;Brejinho de Nazaré;17;TO;Tocantins;1
339;1703800;170380;Buriti do Tocantins;17;TO;Tocantins;1
340;1703826;170382;Cachoeirinha;17;TO;Tocantins;1
341;1703842;170384;Campos Lindos;17;TO;Tocantins;1
342;1703867;170386;Cariri do Tocantins;17;TO;Tocantins;1
343;1703883;170388;Carmolândia;17;TO;Tocantins;1
344;1703891;170389;Carrasco Bonito;17;TO;Tocantins;1
345;1703909;170390;Caseara;17;TO;Tocantins;1
346;1704105;170410;Centenário;17;TO;Tocantins;1
347;1704600;170460;Chapada de Areia;17;TO;Tocantins;1
348;1705102;170510;Chapada da Natividade;17;TO;Tocantins;1
349;1705508;170550;Colinas do Tocantins;17;TO;Tocantins;1
350;1705557;170555;Combinado;17;TO;Tocantins;1
351;1705607;170560;Conceição do Tocantins;17;TO;Tocantins;1
352;1706001;170600;Couto Magalhães;17;TO;Tocantins;1
353;1706100;170610;Cristalândia;17;TO;Tocantins;1
354;1706258;170625;Crixás do Tocantins;17;TO;Tocantins;1
355;1706506;170650;Darcinópolis;17;TO;Tocantins;1
356;1707009;170700;Dianópolis;17;TO;Tocantins;1
357;1707108;170710;Divinópolis do Tocantins;17;TO;Tocantins;1
358;1707207;170720;Dois Irmãos do Tocantins;17;TO;Tocantins;1
359;1707306;170730;Dueré;17;TO;Tocantins;1
360;1707405;170740;Esperantina;17;TO;Tocantins;1
361;1707553;170755;Fátima;17;TO;Tocantins;1
362;1707652;170765;Figueirópolis;17;TO;Tocantins;1
363;1707702;170770;Filadélfia;17;TO;Tocantins;1
364;1708205;170820;Formoso do Araguaia;17;TO;Tocantins;1
365;1708254;170825;Tabocão;17;TO;Tocantins;1
366;1708304;170830;Goianorte;17;TO;Tocantins;1
367;1709005;170900;Goiatins;17;TO;Tocantins;1
368;1709302;170930;Guaraí;17;TO;Tocantins;1
369;1709500;170950;Gurupi;17;TO;Tocantins;1
370;1709807;170980;Ipueiras;17;TO;Tocantins;1
371;1710508;171050;Itacajá;17;TO;Tocantins;1
372;1710706;171070;Itaguatins;17;TO;Tocantins;1
373;1710904;171090;Itapiratins;17;TO;Tocantins;1
374;1711100;171110;Itaporã do Tocantins;17;TO;Tocantins;1
375;1711506;171150;Jaú do Tocantins;17;TO;Tocantins;1
376;1711803;171180;Juarina;17;TO;Tocantins;1
377;1711902;171190;Lagoa da Confusão;17;TO;Tocantins;1
378;1711951;171195;Lagoa do Tocantins;17;TO;Tocantins;1
379;1712009;171200;Lajeado;17;TO;Tocantins;1
380;1712157;171215;Lavandeira;17;TO;Tocantins;1
381;1712405;171240;Lizarda;17;TO;Tocantins;1
382;1712454;171245;Luzinópolis;17;TO;Tocantins;1
383;1712504;171250;Marianópolis do Tocantins;17;TO;Tocantins;1
384;1712702;171270;Mateiros;17;TO;Tocantins;1
385;1712801;171280;Maurilândia do Tocantins;17;TO;Tocantins;1
386;1713205;171320;Miracema do Tocantins;17;TO;Tocantins;1
387;1713304;171330;Miranorte;17;TO;Tocantins;1
388;1713601;171360;Monte do Carmo;17;TO;Tocantins;1
389;1713700;171370;Monte Santo do Tocantins;17;TO;Tocantins;1
390;1713809;171380;Palmeiras do Tocantins;17;TO;Tocantins;1
391;1713957;171395;Muricilândia;17;TO;Tocantins;1
392;1714203;171420;Natividade;17;TO;Tocantins;1
393;1714302;171430;Nazaré;17;TO;Tocantins;1
394;1714880;171488;Nova Olinda;17;TO;Tocantins;1
395;1715002;171500;Nova Rosalândia;17;TO;Tocantins;1
396;1715101;171510;Novo Acordo;17;TO;Tocantins;1
397;1715150;171515;Novo Alegre;17;TO;Tocantins;1
398;1715259;171525;Novo Jardim;17;TO;Tocantins;1
399;1715507;171550;Oliveira de Fátima;17;TO;Tocantins;1
400;1715705;171570;Palmeirante;17;TO;Tocantins;1
401;1715754;171575;Palmeirópolis;17;TO;Tocantins;1
402;1716109;171610;Paraíso do Tocantins;17;TO;Tocantins;1
403;1716208;171620;Paranã;17;TO;Tocantins;1
404;1716307;171630;Pau D'Arco;17;TO;Tocantins;1
405;1716505;171650;Pedro Afonso;17;TO;Tocantins;1
406;1716604;171660;Peixe;17;TO;Tocantins;1
407;1716653;171665;Pequizeiro;17;TO;Tocantins;1
408;1716703;171670;Colméia;17;TO;Tocantins;1
409;1717008;171700;Pindorama do Tocantins;17;TO;Tocantins;1
410;1717206;171720;Piraquê;17;TO;Tocantins;1
411;1717503;171750;Pium;17;TO;Tocantins;1
412;1717800;171780;Ponte Alta do Bom Jesus;17;TO;Tocantins;1
413;1717909;171790;Ponte Alta do Tocantins;17;TO;Tocantins;1
414;1718006;171800;Porto Alegre do Tocantins;17;TO;Tocantins;1
415;1718204;171820;Porto Nacional;17;TO;Tocantins;1
416;1718303;171830;Praia Norte;17;TO;Tocantins;1
417;1718402;171840;Presidente Kennedy;17;TO;Tocantins;1
418;1718451;171845;Pugmil;17;TO;Tocantins;1
419;1718501;171850;Recursolândia;17;TO;Tocantins;1
420;1718550;171855;Riachinho;17;TO;Tocantins;1
421;1718659;171865;Rio da Conceição;17;TO;Tocantins;1
422;1718709;171870;Rio dos Bois;17;TO;Tocantins;1
423;1718758;171875;Rio Sono;17;TO;Tocantins;1
424;1718808;171880;Sampaio;17;TO;Tocantins;1
425;1718840;171884;Sandolândia;17;TO;Tocantins;1
426;1718865;171886;Santa Fé do Araguaia;17;TO;Tocantins;1
427;1718881;171888;Santa Maria do Tocantins;17;TO;Tocantins;1
428;1718899;171889;Santa Rita do Tocantins;17;TO;Tocantins;1
429;1718907;171890;Santa Rosa do Tocantins;17;TO;Tocantins;1
430;1719004;171900;Santa Tereza do Tocantins;17;TO;Tocantins;1
431;1720002;172000;Santa Terezinha do Tocantins;17;TO;Tocantins;1
432;1720101;172010;São Bento do Tocantins;17;TO;Tocantins;1
433;1720150;172015;São Félix do Tocantins;17;TO;Tocantins;1
434;1720200;172020;São Miguel do Tocantins;17;TO;Tocantins;1
435;1720259;172025;São Salvador do Tocantins;17;TO;Tocantins;1
436;1720309;172030;São Sebastião do Tocantins;17;TO;Tocantins;1
437;1720499;172049;São Valério;17;TO;Tocantins;1
438;1720655;172065;Silvanópolis;17;TO;Tocantins;1
439;1720804;172080;Sítio Novo do Tocantins;17;TO;Tocantins;1
440;1720853;172085;Sucupira;17;TO;Tocantins;1
441;1720903;172090;Taguatinga;17;TO;Tocantins;1
442;1720937;172093;Taipas do Tocantins;17;TO;Tocantins;1
443;1720978;172097;Talismã;17;TO;Tocantins;1
444;1721000;172100;Palmas;17;TO;Tocantins;1
445;1721109;172110;Tocantínia;17;TO;Tocantins;1
446;1721208;172120;Tocantinópolis;17;TO;Tocantins;1
447;1721257;172125;Tupirama;17;TO;Tocantins;1
448;1721307;172130;Tupiratins;17;TO;Tocantins;1
449;1722081;172208;Wanderlândia;17;TO;Tocantins;1
450;1722107;172210;Xambioá;17;TO;Tocantins;1
451;2100055;210005;Açailândia;21;MA;Maranhao;2
452;2100105;210010;Afonso Cunha;21;MA;Maranhao;2
453;2100154;210015;Água Doce do Maranhão;21;MA;Maranhao;2
454;2100204;210020;Alcântara;21;MA;Maranhao;2
455;2100303;210030;Aldeias Altas;21;MA;Maranhao;2
456;2100402;210040;Altamira do Maranhão;21;MA;Maranhao;2
457;2100436;210043;Alto Alegre do Maranhão;21;MA;Maranhao;2
458;2100477;210047;Alto Alegre do Pindaré;21;MA;Maranhao;2
459;2100501;210050;Alto Parnaíba;21;MA;Maranhao;2
460;2100550;210055;Amapá do Maranhão;21;MA;Maranhao;2
461;2100600;210060;Amarante do Maranhão;21;MA;Maranhao;2
462;2100709;210070;Anajatuba;21;MA;Maranhao;2
463;2100808;210080;Anapurus;21;MA;Maranhao;2
464;2100832;210083;Apicum-Açu;21;MA;Maranhao;2
465;2100873;210087;Araguanã;21;MA;Maranhao;2
466;2100907;210090;Araioses;21;MA;Maranhao;2
467;2100956;210095;Arame;21;MA;Maranhao;2
468;2101004;210100;Arari;21;MA;Maranhao;2
469;2101103;210110;Axixá;21;MA;Maranhao;2
470;2101202;210120;Bacabal;21;MA;Maranhao;2
471;2101251;210125;Bacabeira;21;MA;Maranhao;2
472;2101301;210130;Bacuri;21;MA;Maranhao;2
473;2101350;210135;Bacurituba;21;MA;Maranhao;2
474;2101400;210140;Balsas;21;MA;Maranhao;2
475;2101509;210150;Barão de Grajaú;21;MA;Maranhao;2
476;2101608;210160;Barra do Corda;21;MA;Maranhao;2
477;2101707;210170;Barreirinhas;21;MA;Maranhao;2
478;2101731;210173;Belágua;21;MA;Maranhao;2
479;2101772;210177;Bela Vista do Maranhão;21;MA;Maranhao;2
480;2101806;210180;Benedito Leite;21;MA;Maranhao;2
481;2101905;210190;Bequimão;21;MA;Maranhao;2
482;2101939;210193;Bernardo do Mearim;21;MA;Maranhao;2
483;2101970;210197;Boa Vista do Gurupi;21;MA;Maranhao;2
484;2102002;210200;Bom Jardim;21;MA;Maranhao;2
485;2102036;210203;Bom Jesus das Selvas;21;MA;Maranhao;2
486;2102077;210207;Bom Lugar;21;MA;Maranhao;2
487;2102101;210210;Brejo;21;MA;Maranhao;2
488;2102150;210215;Brejo de Areia;21;MA;Maranhao;2
489;2102200;210220;Buriti;21;MA;Maranhao;2
490;2102309;210230;Buriti Bravo;21;MA;Maranhao;2
491;2102325;210232;Buriticupu;21;MA;Maranhao;2
492;2102358;210235;Buritirana;21;MA;Maranhao;2
493;2102374;210237;Cachoeira Grande;21;MA;Maranhao;2
494;2102408;210240;Cajapió;21;MA;Maranhao;2
495;2102507;210250;Cajari;21;MA;Maranhao;2
496;2102556;210255;Campestre do Maranhão;21;MA;Maranhao;2
497;2102606;210260;Cândido Mendes;21;MA;Maranhao;2
498;2102705;210270;Cantanhede;21;MA;Maranhao;2
499;2102754;210275;Capinzal do Norte;21;MA;Maranhao;2
500;2102804;210280;Carolina;21;MA;Maranhao;2
501;2102903;210290;Carutapera;21;MA;Maranhao;2
502;2103000;210300;Caxias;21;MA;Maranhao;2
503;2103109;210310;Cedral;21;MA;Maranhao;2
504;2103125;210312;Central do Maranhão;21;MA;Maranhao;2
505;2103158;210315;Centro do Guilherme;21;MA;Maranhao;2
506;2103174;210317;Centro Novo do Maranhão;21;MA;Maranhao;2
507;2103208;210320;Chapadinha;21;MA;Maranhao;2
508;2103257;210325;Cidelândia;21;MA;Maranhao;2
509;2103307;210330;Codó;21;MA;Maranhao;2
510;2103406;210340;Coelho Neto;21;MA;Maranhao;2
511;2103505;210350;Colinas;21;MA;Maranhao;2
512;2103554;210355;Conceição do Lago-Açu;21;MA;Maranhao;2
513;2103604;210360;Coroatá;21;MA;Maranhao;2
514;2103703;210370;Cururupu;21;MA;Maranhao;2
515;2103752;210375;Davinópolis;21;MA;Maranhao;2
516;2103802;210380;Dom Pedro;21;MA;Maranhao;2
517;2103901;210390;Duque Bacelar;21;MA;Maranhao;2
518;2104008;210400;Esperantinópolis;21;MA;Maranhao;2
519;2104057;210405;Estreito;21;MA;Maranhao;2
520;2104073;210407;Feira Nova do Maranhão;21;MA;Maranhao;2
521;2104081;210408;Fernando Falcão;21;MA;Maranhao;2
522;2104099;210409;Formosa da Serra Negra;21;MA;Maranhao;2
523;2104107;210410;Fortaleza dos Nogueiras;21;MA;Maranhao;2
524;2104206;210420;Fortuna;21;MA;Maranhao;2
525;2104305;210430;Godofredo Viana;21;MA;Maranhao;2
526;2104404;210440;Gonçalves Dias;21;MA;Maranhao;2
527;2104503;210450;Governador Archer;21;MA;Maranhao;2
528;2104552;210455;Governador Edison Lobão;21;MA;Maranhao;2
529;2104602;210460;Governador Eugênio Barros;21;MA;Maranhao;2
530;2104628;210462;Governador Luiz Rocha;21;MA;Maranhao;2
531;2104651;210465;Governador Newton Bello;21;MA;Maranhao;2
532;2104677;210467;Governador Nunes Freire;21;MA;Maranhao;2
533;2104701;210470;Graça Aranha;21;MA;Maranhao;2
534;2104800;210480;Grajaú;21;MA;Maranhao;2
535;2104909;210490;Guimarães;21;MA;Maranhao;2
536;2105005;210500;Humberto de Campos;21;MA;Maranhao;2
537;2105104;210510;Icatu;21;MA;Maranhao;2
538;2105153;210515;Igarapé do Meio;21;MA;Maranhao;2
539;2105203;210520;Igarapé Grande;21;MA;Maranhao;2
540;2105302;210530;Imperatriz;21;MA;Maranhao;2
541;2105351;210535;Itaipava do Grajaú;21;MA;Maranhao;2
542;2105401;210540;Itapecuru Mirim;21;MA;Maranhao;2
543;2105427;210542;Itinga do Maranhão;21;MA;Maranhao;2
544;2105450;210545;Jatobá;21;MA;Maranhao;2
545;2105476;210547;Jenipapo dos Vieiras;21;MA;Maranhao;2
546;2105500;210550;João Lisboa;21;MA;Maranhao;2
547;2105609;210560;Joselândia;21;MA;Maranhao;2
548;2105658;210565;Junco do Maranhão;21;MA;Maranhao;2
549;2105708;210570;Lago da Pedra;21;MA;Maranhao;2
550;2105807;210580;Lago do Junco;21;MA;Maranhao;2
551;2105906;210590;Lago Verde;21;MA;Maranhao;2
552;2105922;210592;Lagoa do Mato;21;MA;Maranhao;2
553;2105948;210594;Lago dos Rodrigues;21;MA;Maranhao;2
554;2105963;210596;Lagoa Grande do Maranhão;21;MA;Maranhao;2
555;2105989;210598;Lajeado Novo;21;MA;Maranhao;2
556;2106003;210600;Lima Campos;21;MA;Maranhao;2
557;2106102;210610;Loreto;21;MA;Maranhao;2
558;2106201;210620;Luís Domingues;21;MA;Maranhao;2
559;2106300;210630;Magalhães de Almeida;21;MA;Maranhao;2
560;2106326;210632;Maracaçumé;21;MA;Maranhao;2
561;2106359;210635;Marajá do Sena;21;MA;Maranhao;2
562;2106375;210637;Maranhãozinho;21;MA;Maranhao;2
563;2106409;210640;Mata Roma;21;MA;Maranhao;2
564;2106508;210650;Matinha;21;MA;Maranhao;2
565;2106607;210660;Matões;21;MA;Maranhao;2
566;2106631;210663;Matões do Norte;21;MA;Maranhao;2
567;2106672;210667;Milagres do Maranhão;21;MA;Maranhao;2
568;2106706;210670;Mirador;21;MA;Maranhao;2
569;2106755;210675;Miranda do Norte;21;MA;Maranhao;2
570;2106805;210680;Mirinzal;21;MA;Maranhao;2
571;2106904;210690;Monção;21;MA;Maranhao;2
572;2107001;210700;Montes Altos;21;MA;Maranhao;2
573;2107100;210710;Morros;21;MA;Maranhao;2
574;2107209;210720;Nina Rodrigues;21;MA;Maranhao;2
575;2107258;210725;Nova Colinas;21;MA;Maranhao;2
576;2107308;210730;Nova Iorque;21;MA;Maranhao;2
577;2107357;210735;Nova Olinda do Maranhão;21;MA;Maranhao;2
578;2107407;210740;Olho d'Água das Cunhãs;21;MA;Maranhao;2
579;2107456;210745;Olinda Nova do Maranhão;21;MA;Maranhao;2
580;2107506;210750;Paço do Lumiar;21;MA;Maranhao;2
581;2107605;210760;Palmeirândia;21;MA;Maranhao;2
582;2107704;210770;Paraibano;21;MA;Maranhao;2
583;2107803;210780;Parnarama;21;MA;Maranhao;2
584;2107902;210790;Passagem Franca;21;MA;Maranhao;2
585;2108009;210800;Pastos Bons;21;MA;Maranhao;2
586;2108058;210805;Paulino Neves;21;MA;Maranhao;2
587;2108108;210810;Paulo Ramos;21;MA;Maranhao;2
588;2108207;210820;Pedreiras;21;MA;Maranhao;2
589;2108256;210825;Pedro do Rosário;21;MA;Maranhao;2
590;2108306;210830;Penalva;21;MA;Maranhao;2
591;2108405;210840;Peri Mirim;21;MA;Maranhao;2
592;2108454;210845;Peritoró;21;MA;Maranhao;2
593;2108504;210850;Pindaré-Mirim;21;MA;Maranhao;2
594;2108603;210860;Pinheiro;21;MA;Maranhao;2
595;2108702;210870;Pio XII;21;MA;Maranhao;2
596;2108801;210880;Pirapemas;21;MA;Maranhao;2
597;2108900;210890;Poção de Pedras;21;MA;Maranhao;2
598;2109007;210900;Porto Franco;21;MA;Maranhao;2
599;2109056;210905;Porto Rico do Maranhão;21;MA;Maranhao;2
600;2109106;210910;Presidente Dutra;21;MA;Maranhao;2
601;2109205;210920;Presidente Juscelino;21;MA;Maranhao;2
602;2109239;210923;Presidente Médici;21;MA;Maranhao;2
603;2109270;210927;Presidente Sarney;21;MA;Maranhao;2
604;2109304;210930;Presidente Vargas;21;MA;Maranhao;2
605;2109403;210940;Primeira Cruz;21;MA;Maranhao;2
606;2109452;210945;Raposa;21;MA;Maranhao;2
607;2109502;210950;Riachão;21;MA;Maranhao;2
608;2109551;210955;Ribamar Fiquene;21;MA;Maranhao;2
609;2109601;210960;Rosário;21;MA;Maranhao;2
610;2109700;210970;Sambaíba;21;MA;Maranhao;2
611;2109759;210975;Santa Filomena do Maranhão;21;MA;Maranhao;2
612;2109809;210980;Santa Helena;21;MA;Maranhao;2
613;2109908;210990;Santa Inês;21;MA;Maranhao;2
614;2110005;211000;Santa Luzia;21;MA;Maranhao;2
615;2110039;211003;Santa Luzia do Paruá;21;MA;Maranhao;2
616;2110104;211010;Santa Quitéria do Maranhão;21;MA;Maranhao;2
617;2110203;211020;Santa Rita;21;MA;Maranhao;2
618;2110237;211023;Santana do Maranhão;21;MA;Maranhao;2
619;2110278;211027;Santo Amaro do Maranhão;21;MA;Maranhao;2
620;2110302;211030;Santo Antônio dos Lopes;21;MA;Maranhao;2
621;2110401;211040;São Benedito do Rio Preto;21;MA;Maranhao;2
622;2110500;211050;São Bento;21;MA;Maranhao;2
623;2110609;211060;São Bernardo;21;MA;Maranhao;2
624;2110658;211065;São Domingos do Azeitão;21;MA;Maranhao;2
625;2110708;211070;São Domingos do Maranhão;21;MA;Maranhao;2
626;2110807;211080;São Félix de Balsas;21;MA;Maranhao;2
627;2110856;211085;São Francisco do Brejão;21;MA;Maranhao;2
628;2110906;211090;São Francisco do Maranhão;21;MA;Maranhao;2
629;2111003;211100;São João Batista;21;MA;Maranhao;2
630;2111029;211102;São João do Carú;21;MA;Maranhao;2
631;2111052;211105;São João do Paraíso;21;MA;Maranhao;2
632;2111078;211107;São João do Soter;21;MA;Maranhao;2
633;2111102;211110;São João dos Patos;21;MA;Maranhao;2
634;2111201;211120;São José de Ribamar;21;MA;Maranhao;2
635;2111250;211125;São José dos Basílios;21;MA;Maranhao;2
636;2111300;211130;São Luís;21;MA;Maranhao;2
637;2111409;211140;São Luís Gonzaga do Maranhão;21;MA;Maranhao;2
638;2111508;211150;São Mateus do Maranhão;21;MA;Maranhao;2
639;2111532;211153;São Pedro da Água Branca;21;MA;Maranhao;2
640;2111573;211157;São Pedro dos Crentes;21;MA;Maranhao;2
641;2111607;211160;São Raimundo das Mangabeiras;21;MA;Maranhao;2
642;2111631;211163;São Raimundo do Doca Bezerra;21;MA;Maranhao;2
643;2111672;211167;São Roberto;21;MA;Maranhao;2
644;2111706;211170;São Vicente Ferrer;21;MA;Maranhao;2
645;2111722;211172;Satubinha;21;MA;Maranhao;2
646;2111748;211174;Senador Alexandre Costa;21;MA;Maranhao;2
647;2111763;211176;Senador La Rocque;21;MA;Maranhao;2
648;2111789;211178;Serrano do Maranhão;21;MA;Maranhao;2
649;2111805;211180;Sítio Novo;21;MA;Maranhao;2
650;2111904;211190;Sucupira do Norte;21;MA;Maranhao;2
651;2111953;211195;Sucupira do Riachão;21;MA;Maranhao;2
652;2112001;211200;Tasso Fragoso;21;MA;Maranhao;2
653;2112100;211210;Timbiras;21;MA;Maranhao;2
654;2112209;211220;Timon;21;MA;Maranhao;2
655;2112233;211223;Trizidela do Vale;21;MA;Maranhao;2
656;2112274;211227;Tufilândia;21;MA;Maranhao;2
657;2112308;211230;Tuntum;21;MA;Maranhao;2
658;2112407;211240;Turiaçu;21;MA;Maranhao;2
659;2112456;211245;Turilândia;21;MA;Maranhao;2
660;2112506;211250;Tutóia;21;MA;Maranhao;2
661;2112605;211260;Urbano Santos;21;MA;Maranhao;2
662;2112704;211270;Vargem Grande;21;MA;Maranhao;2
663;2112803;211280;Viana;21;MA;Maranhao;2
664;2112852;211285;Vila Nova dos Martírios;21;MA;Maranhao;2
665;2112902;211290;Vitória do Mearim;21;MA;Maranhao;2
666;2113009;211300;Vitorino Freire;21;MA;Maranhao;2
667;2114007;211400;Zé Doca;21;MA;Maranhao;2
668;2200053;220005;Acauã;22;PI;Piaui;2
669;2200103;220010;Agricolândia;22;PI;Piaui;2
670;2200202;220020;Água Branca;22;PI;Piaui;2
671;2200251;220025;Alagoinha do Piauí;22;PI;Piaui;2
672;2200277;220027;Alegrete do Piauí;22;PI;Piaui;2
673;2200301;220030;Alto Longá;22;PI;Piaui;2
674;2200400;220040;Altos;22;PI;Piaui;2
675;2200459;220045;Alvorada do Gurguéia;22;PI;Piaui;2
676;2200509;220050;Amarante;22;PI;Piaui;2
677;2200608;220060;Angical do Piauí;22;PI;Piaui;2
678;2200707;220070;Anísio de Abreu;22;PI;Piaui;2
679;2200806;220080;Antônio Almeida;22;PI;Piaui;2
680;2200905;220090;Aroazes;22;PI;Piaui;2
681;2200954;220095;Aroeiras do Itaim;22;PI;Piaui;2
682;2201002;220100;Arraial;22;PI;Piaui;2
683;2201051;220105;Assunção do Piauí;22;PI;Piaui;2
684;2201101;220110;Avelino Lopes;22;PI;Piaui;2
685;2201150;220115;Baixa Grande do Ribeiro;22;PI;Piaui;2
686;2201176;220117;Barra D'Alcântara;22;PI;Piaui;2
687;2201200;220120;Barras;22;PI;Piaui;2
688;2201309;220130;Barreiras do Piauí;22;PI;Piaui;2
689;2201408;220140;Barro Duro;22;PI;Piaui;2
690;2201507;220150;Batalha;22;PI;Piaui;2
691;2201556;220155;Bela Vista do Piauí;22;PI;Piaui;2
692;2201572;220157;Belém do Piauí;22;PI;Piaui;2
693;2201606;220160;Beneditinos;22;PI;Piaui;2
694;2201705;220170;Bertolínia;22;PI;Piaui;2
695;2201739;220173;Betânia do Piauí;22;PI;Piaui;2
696;2201770;220177;Boa Hora;22;PI;Piaui;2
697;2201804;220180;Bocaina;22;PI;Piaui;2
698;2201903;220190;Bom Jesus;22;PI;Piaui;2
699;2201919;220191;Bom Princípio do Piauí;22;PI;Piaui;2
700;2201929;220192;Bonfim do Piauí;22;PI;Piaui;2
701;2201945;220194;Boqueirão do Piauí;22;PI;Piaui;2
702;2201960;220196;Brasileira;22;PI;Piaui;2
703;2201988;220198;Brejo do Piauí;22;PI;Piaui;2
704;2202000;220200;Buriti dos Lopes;22;PI;Piaui;2
705;2202026;220202;Buriti dos Montes;22;PI;Piaui;2
706;2202059;220205;Cabeceiras do Piauí;22;PI;Piaui;2
707;2202075;220207;Cajazeiras do Piauí;22;PI;Piaui;2
708;2202083;220208;Cajueiro da Praia;22;PI;Piaui;2
709;2202091;220209;Caldeirão Grande do Piauí;22;PI;Piaui;2
710;2202109;220210;Campinas do Piauí;22;PI;Piaui;2
711;2202117;220211;Campo Alegre do Fidalgo;22;PI;Piaui;2
712;2202133;220213;Campo Grande do Piauí;22;PI;Piaui;2
713;2202174;220217;Campo Largo do Piauí;22;PI;Piaui;2
714;2202208;220220;Campo Maior;22;PI;Piaui;2
715;2202251;220225;Canavieira;22;PI;Piaui;2
716;2202307;220230;Canto do Buriti;22;PI;Piaui;2
717;2202406;220240;Capitão de Campos;22;PI;Piaui;2
718;2202455;220245;Capitão Gervásio Oliveira;22;PI;Piaui;2
719;2202505;220250;Caracol;22;PI;Piaui;2
720;2202539;220253;Caraúbas do Piauí;22;PI;Piaui;2
721;2202554;220255;Caridade do Piauí;22;PI;Piaui;2
722;2202604;220260;Castelo do Piauí;22;PI;Piaui;2
723;2202653;220265;Caxingó;22;PI;Piaui;2
724;2202703;220270;Cocal;22;PI;Piaui;2
725;2202711;220271;Cocal de Telha;22;PI;Piaui;2
726;2202729;220272;Cocal dos Alves;22;PI;Piaui;2
727;2202737;220273;Coivaras;22;PI;Piaui;2
728;2202752;220275;Colônia do Gurguéia;22;PI;Piaui;2
729;2202778;220277;Colônia do Piauí;22;PI;Piaui;2
730;2202802;220280;Conceição do Canindé;22;PI;Piaui;2
731;2202851;220285;Coronel José Dias;22;PI;Piaui;2
732;2202901;220290;Corrente;22;PI;Piaui;2
733;2203008;220300;Cristalândia do Piauí;22;PI;Piaui;2
734;2203107;220310;Cristino Castro;22;PI;Piaui;2
735;2203206;220320;Curimatá;22;PI;Piaui;2
736;2203230;220323;Currais;22;PI;Piaui;2
737;2203255;220325;Curralinhos;22;PI;Piaui;2
738;2203271;220327;Curral Novo do Piauí;22;PI;Piaui;2
739;2203305;220330;Demerval Lobão;22;PI;Piaui;2
740;2203354;220335;Dirceu Arcoverde;22;PI;Piaui;2
741;2203404;220340;Dom Expedito Lopes;22;PI;Piaui;2
742;2203420;220342;Domingos Mourão;22;PI;Piaui;2
743;2203453;220345;Dom Inocêncio;22;PI;Piaui;2
744;2203503;220350;Elesbão Veloso;22;PI;Piaui;2
745;2203602;220360;Eliseu Martins;22;PI;Piaui;2
746;2203701;220370;Esperantina;22;PI;Piaui;2
747;2203750;220375;Fartura do Piauí;22;PI;Piaui;2
748;2203800;220380;Flores do Piauí;22;PI;Piaui;2
749;2203859;220385;Floresta do Piauí;22;PI;Piaui;2
750;2203909;220390;Floriano;22;PI;Piaui;2
751;2204006;220400;Francinópolis;22;PI;Piaui;2
752;2204105;220410;Francisco Ayres;22;PI;Piaui;2
753;2204154;220415;Francisco Macedo;22;PI;Piaui;2
754;2204204;220420;Francisco Santos;22;PI;Piaui;2
755;2204303;220430;Fronteiras;22;PI;Piaui;2
756;2204352;220435;Geminiano;22;PI;Piaui;2
757;2204402;220440;Gilbués;22;PI;Piaui;2
758;2204501;220450;Guadalupe;22;PI;Piaui;2
759;2204550;220455;Guaribas;22;PI;Piaui;2
760;2204600;220460;Hugo Napoleão;22;PI;Piaui;2
761;2204659;220465;Ilha Grande;22;PI;Piaui;2
762;2204709;220470;Inhuma;22;PI;Piaui;2
763;2204808;220480;Ipiranga do Piauí;22;PI;Piaui;2
764;2204907;220490;Isaías Coelho;22;PI;Piaui;2
765;2205003;220500;Itainópolis;22;PI;Piaui;2
766;2205102;220510;Itaueira;22;PI;Piaui;2
767;2205151;220515;Jacobina do Piauí;22;PI;Piaui;2
768;2205201;220520;Jaicós;22;PI;Piaui;2
769;2205250;220525;Jardim do Mulato;22;PI;Piaui;2
770;2205276;220527;Jatobá do Piauí;22;PI;Piaui;2
771;2205300;220530;Jerumenha;22;PI;Piaui;2
772;2205359;220535;João Costa;22;PI;Piaui;2
773;2205409;220540;Joaquim Pires;22;PI;Piaui;2
774;2205458;220545;Joca Marques;22;PI;Piaui;2
775;2205508;220550;José de Freitas;22;PI;Piaui;2
776;2205516;220551;Juazeiro do Piauí;22;PI;Piaui;2
777;2205524;220552;Júlio Borges;22;PI;Piaui;2
778;2205532;220553;Jurema;22;PI;Piaui;2
779;2205540;220554;Lagoinha do Piauí;22;PI;Piaui;2
780;2205557;220555;Lagoa Alegre;22;PI;Piaui;2
781;2205565;220556;Lagoa do Barro do Piauí;22;PI;Piaui;2
782;2205573;220557;Lagoa de São Francisco;22;PI;Piaui;2
783;2205581;220558;Lagoa do Piauí;22;PI;Piaui;2
784;2205599;220559;Lagoa do Sítio;22;PI;Piaui;2
785;2205607;220560;Landri Sales;22;PI;Piaui;2
786;2205706;220570;Luís Correia;22;PI;Piaui;2
787;2205805;220580;Luzilândia;22;PI;Piaui;2
788;2205854;220585;Madeiro;22;PI;Piaui;2
789;2205904;220590;Manoel Emídio;22;PI;Piaui;2
790;2205953;220595;Marcolândia;22;PI;Piaui;2
791;2206001;220600;Marcos Parente;22;PI;Piaui;2
792;2206050;220605;Massapê do Piauí;22;PI;Piaui;2
793;2206100;220610;Matias Olímpio;22;PI;Piaui;2
794;2206209;220620;Miguel Alves;22;PI;Piaui;2
795;2206308;220630;Miguel Leão;22;PI;Piaui;2
796;2206357;220635;Milton Brandão;22;PI;Piaui;2
797;2206407;220640;Monsenhor Gil;22;PI;Piaui;2
798;2206506;220650;Monsenhor Hipólito;22;PI;Piaui;2
799;2206605;220660;Monte Alegre do Piauí;22;PI;Piaui;2
800;2206654;220665;Morro Cabeça no Tempo;22;PI;Piaui;2
801;2206670;220667;Morro do Chapéu do Piauí;22;PI;Piaui;2
802;2206696;220669;Murici dos Portelas;22;PI;Piaui;2
803;2206704;220670;Nazaré do Piauí;22;PI;Piaui;2
804;2206720;220672;Nazária;22;PI;Piaui;2
805;2206753;220675;Nossa Senhora de Nazaré;22;PI;Piaui;2
806;2206803;220680;Nossa Senhora dos Remédios;22;PI;Piaui;2
807;2206902;220690;Novo Oriente do Piauí;22;PI;Piaui;2
808;2206951;220695;Novo Santo Antônio;22;PI;Piaui;2
809;2207009;220700;Oeiras;22;PI;Piaui;2
810;2207108;220710;Olho D'Água do Piauí;22;PI;Piaui;2
811;2207207;220720;Padre Marcos;22;PI;Piaui;2
812;2207306;220730;Paes Landim;22;PI;Piaui;2
813;2207355;220735;Pajeú do Piauí;22;PI;Piaui;2
814;2207405;220740;Palmeira do Piauí;22;PI;Piaui;2
815;2207504;220750;Palmeirais;22;PI;Piaui;2
816;2207553;220755;Paquetá;22;PI;Piaui;2
817;2207603;220760;Parnaguá;22;PI;Piaui;2
818;2207702;220770;Parnaíba;22;PI;Piaui;2
819;2207751;220775;Passagem Franca do Piauí;22;PI;Piaui;2
820;2207777;220777;Patos do Piauí;22;PI;Piaui;2
821;2207793;220779;Pau D'Arco do Piauí;22;PI;Piaui;2
822;2207801;220780;Paulistana;22;PI;Piaui;2
823;2207850;220785;Pavussu;22;PI;Piaui;2
824;2207900;220790;Pedro II;22;PI;Piaui;2
825;2207934;220793;Pedro Laurentino;22;PI;Piaui;2
826;2207959;220795;Nova Santa Rita;22;PI;Piaui;2
827;2208007;220800;Picos;22;PI;Piaui;2
828;2208106;220810;Pimenteiras;22;PI;Piaui;2
829;2208205;220820;Pio IX;22;PI;Piaui;2
830;2208304;220830;Piracuruca;22;PI;Piaui;2
831;2208403;220840;Piripiri;22;PI;Piaui;2
832;2208502;220850;Porto;22;PI;Piaui;2
833;2208551;220855;Porto Alegre do Piauí;22;PI;Piaui;2
834;2208601;220860;Prata do Piauí;22;PI;Piaui;2
835;2208650;220865;Queimada Nova;22;PI;Piaui;2
836;2208700;220870;Redenção do Gurguéia;22;PI;Piaui;2
837;2208809;220880;Regeneração;22;PI;Piaui;2
838;2208858;220885;Riacho Frio;22;PI;Piaui;2
839;2208874;220887;Ribeira do Piauí;22;PI;Piaui;2
840;2208908;220890;Ribeiro Gonçalves;22;PI;Piaui;2
841;2209005;220900;Rio Grande do Piauí;22;PI;Piaui;2
842;2209104;220910;Santa Cruz do Piauí;22;PI;Piaui;2
843;2209153;220915;Santa Cruz dos Milagres;22;PI;Piaui;2
844;2209203;220920;Santa Filomena;22;PI;Piaui;2
845;2209302;220930;Santa Luz;22;PI;Piaui;2
846;2209351;220935;Santana do Piauí;22;PI;Piaui;2
847;2209377;220937;Santa Rosa do Piauí;22;PI;Piaui;2
848;2209401;220940;Santo Antônio de Lisboa;22;PI;Piaui;2
849;2209450;220945;Santo Antônio dos Milagres;22;PI;Piaui;2
850;2209500;220950;Santo Inácio do Piauí;22;PI;Piaui;2
851;2209559;220955;São Braz do Piauí;22;PI;Piaui;2
852;2209609;220960;São Félix do Piauí;22;PI;Piaui;2
853;2209658;220965;São Francisco de Assis do Piauí;22;PI;Piaui;2
854;2209708;220970;São Francisco do Piauí;22;PI;Piaui;2
855;2209757;220975;São Gonçalo do Gurguéia;22;PI;Piaui;2
856;2209807;220980;São Gonçalo do Piauí;22;PI;Piaui;2
857;2209856;220985;São João da Canabrava;22;PI;Piaui;2
858;2209872;220987;São João da Fronteira;22;PI;Piaui;2
859;2209906;220990;São João da Serra;22;PI;Piaui;2
860;2209955;220995;São João da Varjota;22;PI;Piaui;2
861;2209971;220997;São João do Arraial;22;PI;Piaui;2
862;2210003;221000;São João do Piauí;22;PI;Piaui;2
863;2210052;221005;São José do Divino;22;PI;Piaui;2
864;2210102;221010;São José do Peixe;22;PI;Piaui;2
865;2210201;221020;São José do Piauí;22;PI;Piaui;2
866;2210300;221030;São Julião;22;PI;Piaui;2
867;2210359;221035;São Lourenço do Piauí;22;PI;Piaui;2
868;2210375;221037;São Luis do Piauí;22;PI;Piaui;2
869;2210383;221038;São Miguel da Baixa Grande;22;PI;Piaui;2
870;2210391;221039;São Miguel do Fidalgo;22;PI;Piaui;2
871;2210409;221040;São Miguel do Tapuio;22;PI;Piaui;2
872;2210508;221050;São Pedro do Piauí;22;PI;Piaui;2
873;2210607;221060;São Raimundo Nonato;22;PI;Piaui;2
874;2210623;221062;Sebastião Barros;22;PI;Piaui;2
875;2210631;221063;Sebastião Leal;22;PI;Piaui;2
876;2210656;221065;Sigefredo Pacheco;22;PI;Piaui;2
877;2210706;221070;Simões;22;PI;Piaui;2
878;2210805;221080;Simplício Mendes;22;PI;Piaui;2
879;2210904;221090;Socorro do Piauí;22;PI;Piaui;2
880;2210938;221093;Sussuapara;22;PI;Piaui;2
881;2210953;221095;Tamboril do Piauí;22;PI;Piaui;2
882;2210979;221097;Tanque do Piauí;22;PI;Piaui;2
883;2211001;221100;Teresina;22;PI;Piaui;2
884;2211100;221110;União;22;PI;Piaui;2
885;2211209;221120;Uruçuí;22;PI;Piaui;2
886;2211308;221130;Valença do Piauí;22;PI;Piaui;2
887;2211357;221135;Várzea Branca;22;PI;Piaui;2
888;2211407;221140;Várzea Grande;22;PI;Piaui;2
889;2211506;221150;Vera Mendes;22;PI;Piaui;2
890;2211605;221160;Vila Nova do Piauí;22;PI;Piaui;2
891;2211704;221170;Wall Ferraz;22;PI;Piaui;2
892;2300101;230010;Abaiara;23;CE;Ceara;2
893;2300150;230015;Acarape;23;CE;Ceara;2
894;2300200;230020;Acaraú;23;CE;Ceara;2
895;2300309;230030;Acopiara;23;CE;Ceara;2
896;2300408;230040;Aiuaba;23;CE;Ceara;2
897;2300507;230050;Alcântaras;23;CE;Ceara;2
898;2300606;230060;Altaneira;23;CE;Ceara;2
899;2300705;230070;Alto Santo;23;CE;Ceara;2
900;2300754;230075;Amontada;23;CE;Ceara;2
901;2300804;230080;Antonina do Norte;23;CE;Ceara;2
902;2300903;230090;Apuiarés;23;CE;Ceara;2
903;2301000;230100;Aquiraz;23;CE;Ceara;2
904;2301109;230110;Aracati;23;CE;Ceara;2
905;2301208;230120;Aracoiaba;23;CE;Ceara;2
906;2301257;230125;Ararendá;23;CE;Ceara;2
907;2301307;230130;Araripe;23;CE;Ceara;2
908;2301406;230140;Aratuba;23;CE;Ceara;2
909;2301505;230150;Arneiroz;23;CE;Ceara;2
910;2301604;230160;Assaré;23;CE;Ceara;2
911;2301703;230170;Aurora;23;CE;Ceara;2
912;2301802;230180;Baixio;23;CE;Ceara;2
913;2301851;230185;Banabuiú;23;CE;Ceara;2
914;2301901;230190;Barbalha;23;CE;Ceara;2
915;2301950;230195;Barreira;23;CE;Ceara;2
916;2302008;230200;Barro;23;CE;Ceara;2
917;2302057;230205;Barroquinha;23;CE;Ceara;2
918;2302107;230210;Baturité;23;CE;Ceara;2
919;2302206;230220;Beberibe;23;CE;Ceara;2
920;2302305;230230;Bela Cruz;23;CE;Ceara;2
921;2302404;230240;Boa Viagem;23;CE;Ceara;2
922;2302503;230250;Brejo Santo;23;CE;Ceara;2
923;2302602;230260;Camocim;23;CE;Ceara;2
924;2302701;230270;Campos Sales;23;CE;Ceara;2
925;2302800;230280;Canindé;23;CE;Ceara;2
926;2302909;230290;Capistrano;23;CE;Ceara;2
927;2303006;230300;Caridade;23;CE;Ceara;2
928;2303105;230310;Cariré;23;CE;Ceara;2
929;2303204;230320;Caririaçu;23;CE;Ceara;2
930;2303303;230330;Cariús;23;CE;Ceara;2
931;2303402;230340;Carnaubal;23;CE;Ceara;2
932;2303501;230350;Cascavel;23;CE;Ceara;2
933;2303600;230360;Catarina;23;CE;Ceara;2
934;2303659;230365;Catunda;23;CE;Ceara;2
935;2303709;230370;Caucaia;23;CE;Ceara;2
936;2303808;230380;Cedro;23;CE;Ceara;2
937;2303907;230390;Chaval;23;CE;Ceara;2
938;2303931;230393;Choró;23;CE;Ceara;2
939;2303956;230395;Chorozinho;23;CE;Ceara;2
940;2304004;230400;Coreaú;23;CE;Ceara;2
941;2304103;230410;Crateús;23;CE;Ceara;2
942;2304202;230420;Crato;23;CE;Ceara;2
943;2304236;230423;Croatá;23;CE;Ceara;2
944;2304251;230425;Cruz;23;CE;Ceara;2
945;2304269;230426;Deputado Irapuan Pinheiro;23;CE;Ceara;2
946;2304277;230427;Ereré;23;CE;Ceara;2
947;2304285;230428;Eusébio;23;CE;Ceara;2
948;2304301;230430;Farias Brito;23;CE;Ceara;2
949;2304350;230435;Forquilha;23;CE;Ceara;2
950;2304400;230440;Fortaleza;23;CE;Ceara;2
951;2304459;230445;Fortim;23;CE;Ceara;2
952;2304509;230450;Frecheirinha;23;CE;Ceara;2
953;2304608;230460;General Sampaio;23;CE;Ceara;2
954;2304657;230465;Graça;23;CE;Ceara;2
955;2304707;230470;Granja;23;CE;Ceara;2
956;2304806;230480;Granjeiro;23;CE;Ceara;2
957;2304905;230490;Groaíras;23;CE;Ceara;2
958;2304954;230495;Guaiúba;23;CE;Ceara;2
959;2305001;230500;Guaraciaba do Norte;23;CE;Ceara;2
960;2305100;230510;Guaramiranga;23;CE;Ceara;2
961;2305209;230520;Hidrolândia;23;CE;Ceara;2
962;2305233;230523;Horizonte;23;CE;Ceara;2
963;2305266;230526;Ibaretama;23;CE;Ceara;2
964;2305308;230530;Ibiapina;23;CE;Ceara;2
965;2305332;230533;Ibicuitinga;23;CE;Ceara;2
966;2305357;230535;Icapuí;23;CE;Ceara;2
967;2305407;230540;Icó;23;CE;Ceara;2
968;2305506;230550;Iguatu;23;CE;Ceara;2
969;2305605;230560;Independência;23;CE;Ceara;2
970;2305654;230565;Ipaporanga;23;CE;Ceara;2
971;2305704;230570;Ipaumirim;23;CE;Ceara;2
972;2305803;230580;Ipu;23;CE;Ceara;2
973;2305902;230590;Ipueiras;23;CE;Ceara;2
974;2306009;230600;Iracema;23;CE;Ceara;2
975;2306108;230610;Irauçuba;23;CE;Ceara;2
976;2306207;230620;Itaiçaba;23;CE;Ceara;2
977;2306256;230625;Itaitinga;23;CE;Ceara;2
978;2306306;230630;Itapajé;23;CE;Ceara;2
979;2306405;230640;Itapipoca;23;CE;Ceara;2
980;2306504;230650;Itapiúna;23;CE;Ceara;2
981;2306553;230655;Itarema;23;CE;Ceara;2
982;2306603;230660;Itatira;23;CE;Ceara;2
983;2306702;230670;Jaguaretama;23;CE;Ceara;2
984;2306801;230680;Jaguaribara;23;CE;Ceara;2
985;2306900;230690;Jaguaribe;23;CE;Ceara;2
986;2307007;230700;Jaguaruana;23;CE;Ceara;2
987;2307106;230710;Jardim;23;CE;Ceara;2
988;2307205;230720;Jati;23;CE;Ceara;2
989;2307254;230725;Jijoca de Jericoacoara;23;CE;Ceara;2
990;2307304;230730;Juazeiro do Norte;23;CE;Ceara;2
991;2307403;230740;Jucás;23;CE;Ceara;2
992;2307502;230750;Lavras da Mangabeira;23;CE;Ceara;2
993;2307601;230760;Limoeiro do Norte;23;CE;Ceara;2
994;2307635;230763;Madalena;23;CE;Ceara;2
995;2307650;230765;Maracanaú;23;CE;Ceara;2
996;2307700;230770;Maranguape;23;CE;Ceara;2
997;2307809;230780;Marco;23;CE;Ceara;2
998;2307908;230790;Martinópole;23;CE;Ceara;2
999;2308005;230800;Massapê;23;CE;Ceara;2
1000;2308104;230810;Mauriti;23;CE;Ceara;2
1001;2308203;230820;Meruoca;23;CE;Ceara;2
1002;2308302;230830;Milagres;23;CE;Ceara;2
1003;2308351;230835;Milhã;23;CE;Ceara;2
1004;2308377;230837;Miraíma;23;CE;Ceara;2
1005;2308401;230840;Missão Velha;23;CE;Ceara;2
1006;2308500;230850;Mombaça;23;CE;Ceara;2
1007;2308609;230860;Monsenhor Tabosa;23;CE;Ceara;2
1008;2308708;230870;Morada Nova;23;CE;Ceara;2
1009;2308807;230880;Moraújo;23;CE;Ceara;2
1010;2308906;230890;Morrinhos;23;CE;Ceara;2
1011;2309003;230900;Mucambo;23;CE;Ceara;2
1012;2309102;230910;Mulungu;23;CE;Ceara;2
1013;2309201;230920;Nova Olinda;23;CE;Ceara;2
1014;2309300;230930;Nova Russas;23;CE;Ceara;2
1015;2309409;230940;Novo Oriente;23;CE;Ceara;2
1016;2309458;230945;Ocara;23;CE;Ceara;2
1017;2309508;230950;Orós;23;CE;Ceara;2
1018;2309607;230960;Pacajus;23;CE;Ceara;2
1019;2309706;230970;Pacatuba;23;CE;Ceara;2
1020;2309805;230980;Pacoti;23;CE;Ceara;2
1021;2309904;230990;Pacujá;23;CE;Ceara;2
1022;2310001;231000;Palhano;23;CE;Ceara;2
1023;2310100;231010;Palmácia;23;CE;Ceara;2
1024;2310209;231020;Paracuru;23;CE;Ceara;2
1025;2310258;231025;Paraipaba;23;CE;Ceara;2
1026;2310308;231030;Parambu;23;CE;Ceara;2
1027;2310407;231040;Paramoti;23;CE;Ceara;2
1028;2310506;231050;Pedra Branca;23;CE;Ceara;2
1029;2310605;231060;Penaforte;23;CE;Ceara;2
1030;2310704;231070;Pentecoste;23;CE;Ceara;2
1031;2310803;231080;Pereiro;23;CE;Ceara;2
1032;2310852;231085;Pindoretama;23;CE;Ceara;2
1033;2310902;231090;Piquet Carneiro;23;CE;Ceara;2
1034;2310951;231095;Pires Ferreira;23;CE;Ceara;2
1035;2311009;231100;Poranga;23;CE;Ceara;2
1036;2311108;231110;Porteiras;23;CE;Ceara;2
1037;2311207;231120;Potengi;23;CE;Ceara;2
1038;2311231;231123;Potiretama;23;CE;Ceara;2
1039;2311264;231126;Quiterianópolis;23;CE;Ceara;2
1040;2311306;231130;Quixadá;23;CE;Ceara;2
1041;2311355;231135;Quixelô;23;CE;Ceara;2
1042;2311405;231140;Quixeramobim;23;CE;Ceara;2
1043;2311504;231150;Quixeré;23;CE;Ceara;2
1044;2311603;231160;Redenção;23;CE;Ceara;2
1045;2311702;231170;Reriutaba;23;CE;Ceara;2
1046;2311801;231180;Russas;23;CE;Ceara;2
1047;2311900;231190;Saboeiro;23;CE;Ceara;2
1048;2311959;231195;Salitre;23;CE;Ceara;2
1049;2312007;231200;Santana do Acaraú;23;CE;Ceara;2
1050;2312106;231210;Santana do Cariri;23;CE;Ceara;2
1051;2312205;231220;Santa Quitéria;23;CE;Ceara;2
1052;2312304;231230;São Benedito;23;CE;Ceara;2
1053;2312403;231240;São Gonçalo do Amarante;23;CE;Ceara;2
1054;2312502;231250;São João do Jaguaribe;23;CE;Ceara;2
1055;2312601;231260;São Luís do Curu;23;CE;Ceara;2
1056;2312700;231270;Senador Pompeu;23;CE;Ceara;2
1057;2312809;231280;Senador Sá;23;CE;Ceara;2
1058;2312908;231290;Sobral;23;CE;Ceara;2
1059;2313005;231300;Solonópole;23;CE;Ceara;2
1060;2313104;231310;Tabuleiro do Norte;23;CE;Ceara;2
1061;2313203;231320;Tamboril;23;CE;Ceara;2
1062;2313252;231325;Tarrafas;23;CE;Ceara;2
1063;2313302;231330;Tauá;23;CE;Ceara;2
1064;2313351;231335;Tejuçuoca;23;CE;Ceara;2
1065;2313401;231340;Tianguá;23;CE;Ceara;2
1066;2313500;231350;Trairi;23;CE;Ceara;2
1067;2313559;231355;Tururu;23;CE;Ceara;2
1068;2313609;231360;Ubajara;23;CE;Ceara;2
1069;2313708;231370;Umari;23;CE;Ceara;2
1070;2313757;231375;Umirim;23;CE;Ceara;2
1071;2313807;231380;Uruburetama;23;CE;Ceara;2
1072;2313906;231390;Uruoca;23;CE;Ceara;2
1073;2313955;231395;Varjota;23;CE;Ceara;2
1074;2314003;231400;Várzea Alegre;23;CE;Ceara;2
1075;2314102;231410;Viçosa do Ceará;23;CE;Ceara;2
1076;2400109;240010;Acari;24;RN;Rio Grande do Norte;2
1077;2400208;240020;Açu;24;RN;Rio Grande do Norte;2
1078;2400307;240030;Afonso Bezerra;24;RN;Rio Grande do Norte;2
1079;2400406;240040;Água Nova;24;RN;Rio Grande do Norte;2
1080;2400505;240050;Alexandria;24;RN;Rio Grande do Norte;2
1081;2400604;240060;Almino Afonso;24;RN;Rio Grande do Norte;2
1082;2400703;240070;Alto do Rodrigues;24;RN;Rio Grande do Norte;2
1083;2400802;240080;Angicos;24;RN;Rio Grande do Norte;2
1084;2400901;240090;Antônio Martins;24;RN;Rio Grande do Norte;2
1085;2401008;240100;Apodi;24;RN;Rio Grande do Norte;2
1086;2401107;240110;Areia Branca;24;RN;Rio Grande do Norte;2
1087;2401206;240120;Arês;24;RN;Rio Grande do Norte;2
1088;2401305;240130;Campo Grande;24;RN;Rio Grande do Norte;2
1089;2401404;240140;Baía Formosa;24;RN;Rio Grande do Norte;2
1090;2401453;240145;Baraúna;24;RN;Rio Grande do Norte;2
1091;2401503;240150;Barcelona;24;RN;Rio Grande do Norte;2
1092;2401602;240160;Bento Fernandes;24;RN;Rio Grande do Norte;2
1093;2401651;240165;Bodó;24;RN;Rio Grande do Norte;2
1094;2401701;240170;Bom Jesus;24;RN;Rio Grande do Norte;2
1095;2401800;240180;Brejinho;24;RN;Rio Grande do Norte;2
1096;2401859;240185;Caiçara do Norte;24;RN;Rio Grande do Norte;2
1097;2401909;240190;Caiçara do Rio do Vento;24;RN;Rio Grande do Norte;2
1098;2402006;240200;Caicó;24;RN;Rio Grande do Norte;2
1099;2402105;240210;Campo Redondo;24;RN;Rio Grande do Norte;2
1100;2402204;240220;Canguaretama;24;RN;Rio Grande do Norte;2
1101;2402303;240230;Caraúbas;24;RN;Rio Grande do Norte;2
1102;2402402;240240;Carnaúba dos Dantas;24;RN;Rio Grande do Norte;2
1103;2402501;240250;Carnaubais;24;RN;Rio Grande do Norte;2
1104;2402600;240260;Ceará-Mirim;24;RN;Rio Grande do Norte;2
1105;2402709;240270;Cerro Corá;24;RN;Rio Grande do Norte;2
1106;2402808;240280;Coronel Ezequiel;24;RN;Rio Grande do Norte;2
1107;2402907;240290;Coronel João Pessoa;24;RN;Rio Grande do Norte;2
1108;2403004;240300;Cruzeta;24;RN;Rio Grande do Norte;2
1109;2403103;240310;Currais Novos;24;RN;Rio Grande do Norte;2
1110;2403202;240320;Doutor Severiano;24;RN;Rio Grande do Norte;2
1111;2403251;240325;Parnamirim;24;RN;Rio Grande do Norte;2
1112;2403301;240330;Encanto;24;RN;Rio Grande do Norte;2
1113;2403400;240340;Equador;24;RN;Rio Grande do Norte;2
1114;2403509;240350;Espírito Santo;24;RN;Rio Grande do Norte;2
1115;2403608;240360;Extremoz;24;RN;Rio Grande do Norte;2
1116;2403707;240370;Felipe Guerra;24;RN;Rio Grande do Norte;2
1117;2403756;240375;Fernando Pedroza;24;RN;Rio Grande do Norte;2
1118;2403806;240380;Florânia;24;RN;Rio Grande do Norte;2
1119;2403905;240390;Francisco Dantas;24;RN;Rio Grande do Norte;2
1120;2404002;240400;Frutuoso Gomes;24;RN;Rio Grande do Norte;2
1121;2404101;240410;Galinhos;24;RN;Rio Grande do Norte;2
1122;2404200;240420;Goianinha;24;RN;Rio Grande do Norte;2
1123;2404309;240430;Governador Dix-Sept Rosado;24;RN;Rio Grande do Norte;2
1124;2404408;240440;Grossos;24;RN;Rio Grande do Norte;2
1125;2404507;240450;Guamaré;24;RN;Rio Grande do Norte;2
1126;2404606;240460;Ielmo Marinho;24;RN;Rio Grande do Norte;2
1127;2404705;240470;Ipanguaçu;24;RN;Rio Grande do Norte;2
1128;2404804;240480;Ipueira;24;RN;Rio Grande do Norte;2
1129;2404853;240485;Itajá;24;RN;Rio Grande do Norte;2
1130;2404903;240490;Itaú;24;RN;Rio Grande do Norte;2
1131;2405009;240500;Jaçanã;24;RN;Rio Grande do Norte;2
1132;2405108;240510;Jandaíra;24;RN;Rio Grande do Norte;2
1133;2405207;240520;Janduís;24;RN;Rio Grande do Norte;2
1134;2405306;240530;Januário Cicco;24;RN;Rio Grande do Norte;2
1135;2405405;240540;Japi;24;RN;Rio Grande do Norte;2
1136;2405504;240550;Jardim de Angicos;24;RN;Rio Grande do Norte;2
1137;2405603;240560;Jardim de Piranhas;24;RN;Rio Grande do Norte;2
1138;2405702;240570;Jardim do Seridó;24;RN;Rio Grande do Norte;2
1139;2405801;240580;João Câmara;24;RN;Rio Grande do Norte;2
1140;2405900;240590;João Dias;24;RN;Rio Grande do Norte;2
1141;2406007;240600;José da Penha;24;RN;Rio Grande do Norte;2
1142;2406106;240610;Jucurutu;24;RN;Rio Grande do Norte;2
1143;2406155;240615;Jundiá;24;RN;Rio Grande do Norte;2
1144;2406205;240620;Lagoa d'Anta;24;RN;Rio Grande do Norte;2
1145;2406304;240630;Lagoa de Pedras;24;RN;Rio Grande do Norte;2
1146;2406403;240640;Lagoa de Velhos;24;RN;Rio Grande do Norte;2
1147;2406502;240650;Lagoa Nova;24;RN;Rio Grande do Norte;2
1148;2406601;240660;Lagoa Salgada;24;RN;Rio Grande do Norte;2
1149;2406700;240670;Lajes;24;RN;Rio Grande do Norte;2
1150;2406809;240680;Lajes Pintadas;24;RN;Rio Grande do Norte;2
1151;2406908;240690;Lucrécia;24;RN;Rio Grande do Norte;2
1152;2407005;240700;Luís Gomes;24;RN;Rio Grande do Norte;2
1153;2407104;240710;Macaíba;24;RN;Rio Grande do Norte;2
1154;2407203;240720;Macau;24;RN;Rio Grande do Norte;2
1155;2407252;240725;Major Sales;24;RN;Rio Grande do Norte;2
1156;2407302;240730;Marcelino Vieira;24;RN;Rio Grande do Norte;2
1157;2407401;240740;Martins;24;RN;Rio Grande do Norte;2
1158;2407500;240750;Maxaranguape;24;RN;Rio Grande do Norte;2
1159;2407609;240760;Messias Targino;24;RN;Rio Grande do Norte;2
1160;2407708;240770;Montanhas;24;RN;Rio Grande do Norte;2
1161;2407807;240780;Monte Alegre;24;RN;Rio Grande do Norte;2
1162;2407906;240790;Monte das Gameleiras;24;RN;Rio Grande do Norte;2
1163;2408003;240800;Mossoró;24;RN;Rio Grande do Norte;2
1164;2408102;240810;Natal;24;RN;Rio Grande do Norte;2
1165;2408201;240820;Nísia Floresta;24;RN;Rio Grande do Norte;2
1166;2408300;240830;Nova Cruz;24;RN;Rio Grande do Norte;2
1167;2408409;240840;Olho d'Água do Borges;24;RN;Rio Grande do Norte;2
1168;2408508;240850;Ouro Branco;24;RN;Rio Grande do Norte;2
1169;2408607;240860;Paraná;24;RN;Rio Grande do Norte;2
1170;2408706;240870;Paraú;24;RN;Rio Grande do Norte;2
1171;2408805;240880;Parazinho;24;RN;Rio Grande do Norte;2
1172;2408904;240890;Parelhas;24;RN;Rio Grande do Norte;2
1173;2408953;240895;Rio do Fogo;24;RN;Rio Grande do Norte;2
1174;2409100;240910;Passa e Fica;24;RN;Rio Grande do Norte;2
1175;2409209;240920;Passagem;24;RN;Rio Grande do Norte;2
1176;2409308;240930;Patu;24;RN;Rio Grande do Norte;2
1177;2409332;240933;Santa Maria;24;RN;Rio Grande do Norte;2
1178;2409407;240940;Pau dos Ferros;24;RN;Rio Grande do Norte;2
1179;2409506;240950;Pedra Grande;24;RN;Rio Grande do Norte;2
1180;2409605;240960;Pedra Preta;24;RN;Rio Grande do Norte;2
1181;2409704;240970;Pedro Avelino;24;RN;Rio Grande do Norte;2
1182;2409803;240980;Pedro Velho;24;RN;Rio Grande do Norte;2
1183;2409902;240990;Pendências;24;RN;Rio Grande do Norte;2
1184;2410009;241000;Pilões;24;RN;Rio Grande do Norte;2
1185;2410108;241010;Poço Branco;24;RN;Rio Grande do Norte;2
1186;2410207;241020;Portalegre;24;RN;Rio Grande do Norte;2
1187;2410256;241025;Porto do Mangue;24;RN;Rio Grande do Norte;2
1188;2410306;241030;Serra Caiada;24;RN;Rio Grande do Norte;2
1189;2410405;241040;Pureza;24;RN;Rio Grande do Norte;2
1190;2410504;241050;Rafael Fernandes;24;RN;Rio Grande do Norte;2
1191;2410603;241060;Rafael Godeiro;24;RN;Rio Grande do Norte;2
1192;2410702;241070;Riacho da Cruz;24;RN;Rio Grande do Norte;2
1193;2410801;241080;Riacho de Santana;24;RN;Rio Grande do Norte;2
1194;2410900;241090;Riachuelo;24;RN;Rio Grande do Norte;2
1195;2411007;241100;Rodolfo Fernandes;24;RN;Rio Grande do Norte;2
1196;2411056;241105;Tibau;24;RN;Rio Grande do Norte;2
1197;2411106;241110;Ruy Barbosa;24;RN;Rio Grande do Norte;2
1198;2411205;241120;Santa Cruz;24;RN;Rio Grande do Norte;2
1199;2411403;241140;Santana do Matos;24;RN;Rio Grande do Norte;2
1200;2411429;241142;Santana do Seridó;24;RN;Rio Grande do Norte;2
1201;2411502;241150;Santo Antônio;24;RN;Rio Grande do Norte;2
1202;2411601;241160;São Bento do Norte;24;RN;Rio Grande do Norte;2
1203;2411700;241170;São Bento do Trairí;24;RN;Rio Grande do Norte;2
1204;2411809;241180;São Fernando;24;RN;Rio Grande do Norte;2
1205;2411908;241190;São Francisco do Oeste;24;RN;Rio Grande do Norte;2
1206;2412005;241200;São Gonçalo do Amarante;24;RN;Rio Grande do Norte;2
1207;2412104;241210;São João do Sabugi;24;RN;Rio Grande do Norte;2
1208;2412203;241220;São José de Mipibu;24;RN;Rio Grande do Norte;2
1209;2412302;241230;São José do Campestre;24;RN;Rio Grande do Norte;2
1210;2412401;241240;São José do Seridó;24;RN;Rio Grande do Norte;2
1211;2412500;241250;São Miguel;24;RN;Rio Grande do Norte;2
1212;2412559;241255;São Miguel do Gostoso;24;RN;Rio Grande do Norte;2
1213;2412609;241260;São Paulo do Potengi;24;RN;Rio Grande do Norte;2
1214;2412708;241270;São Pedro;24;RN;Rio Grande do Norte;2
1215;2412807;241280;São Rafael;24;RN;Rio Grande do Norte;2
1216;2412906;241290;São Tomé;24;RN;Rio Grande do Norte;2
1217;2413003;241300;São Vicente;24;RN;Rio Grande do Norte;2
1218;2413102;241310;Senador Elói de Souza;24;RN;Rio Grande do Norte;2
1219;2413201;241320;Senador Georgino Avelino;24;RN;Rio Grande do Norte;2
1220;2413300;241330;Serra de São Bento;24;RN;Rio Grande do Norte;2
1221;2413359;241335;Serra do Mel;24;RN;Rio Grande do Norte;2
1222;2413409;241340;Serra Negra do Norte;24;RN;Rio Grande do Norte;2
1223;2413508;241350;Serrinha;24;RN;Rio Grande do Norte;2
1224;2413557;241355;Serrinha dos Pintos;24;RN;Rio Grande do Norte;2
1225;2413607;241360;Severiano Melo;24;RN;Rio Grande do Norte;2
1226;2413706;241370;Sítio Novo;24;RN;Rio Grande do Norte;2
1227;2413805;241380;Taboleiro Grande;24;RN;Rio Grande do Norte;2
1228;2413904;241390;Taipu;24;RN;Rio Grande do Norte;2
1229;2414001;241400;Tangará;24;RN;Rio Grande do Norte;2
1230;2414100;241410;Tenente Ananias;24;RN;Rio Grande do Norte;2
1231;2414159;241415;Tenente Laurentino Cruz;24;RN;Rio Grande do Norte;2
1232;2414209;241420;Tibau do Sul;24;RN;Rio Grande do Norte;2
1233;2414308;241430;Timbaúba dos Batistas;24;RN;Rio Grande do Norte;2
1234;2414407;241440;Touros;24;RN;Rio Grande do Norte;2
1235;2414456;241445;Triunfo Potiguar;24;RN;Rio Grande do Norte;2
1236;2414506;241450;Umarizal;24;RN;Rio Grande do Norte;2
1237;2414605;241460;Upanema;24;RN;Rio Grande do Norte;2
1238;2414704;241470;Várzea;24;RN;Rio Grande do Norte;2
1239;2414753;241475;Venha-Ver;24;RN;Rio Grande do Norte;2
1240;2414803;241480;Vera Cruz;24;RN;Rio Grande do Norte;2
1241;2414902;241490;Viçosa;24;RN;Rio Grande do Norte;2
1242;2415008;241500;Vila Flor;24;RN;Rio Grande do Norte;2
1243;2500106;250010;Água Branca;25;PB;Paraiba;2
1244;2500205;250020;Aguiar;25;PB;Paraiba;2
1245;2500304;250030;Alagoa Grande;25;PB;Paraiba;2
1246;2500403;250040;Alagoa Nova;25;PB;Paraiba;2
1247;2500502;250050;Alagoinha;25;PB;Paraiba;2
1248;2500536;250053;Alcantil;25;PB;Paraiba;2
1249;2500577;250057;Algodão de Jandaíra;25;PB;Paraiba;2
1250;2500601;250060;Alhandra;25;PB;Paraiba;2
1251;2500700;250070;São João do Rio do Peixe;25;PB;Paraiba;2
1252;2500734;250073;Amparo;25;PB;Paraiba;2
1253;2500775;250077;Aparecida;25;PB;Paraiba;2
1254;2500809;250080;Araçagi;25;PB;Paraiba;2
1255;2500908;250090;Arara;25;PB;Paraiba;2
1256;2501005;250100;Araruna;25;PB;Paraiba;2
1257;2501104;250110;Areia;25;PB;Paraiba;2
1258;2501153;250115;Areia de Baraúnas;25;PB;Paraiba;2
1259;2501203;250120;Areial;25;PB;Paraiba;2
1260;2501302;250130;Aroeiras;25;PB;Paraiba;2
1261;2501351;250135;Assunção;25;PB;Paraiba;2
1262;2501401;250140;Baía da Traição;25;PB;Paraiba;2
1263;2501500;250150;Bananeiras;25;PB;Paraiba;2
1264;2501534;250153;Baraúna;25;PB;Paraiba;2
1265;2501575;250157;Barra de Santana;25;PB;Paraiba;2
1266;2501609;250160;Barra de Santa Rosa;25;PB;Paraiba;2
1267;2501708;250170;Barra de São Miguel;25;PB;Paraiba;2
1268;2501807;250180;Bayeux;25;PB;Paraiba;2
1269;2501906;250190;Belém;25;PB;Paraiba;2
1270;2502003;250200;Belém do Brejo do Cruz;25;PB;Paraiba;2
1271;2502052;250205;Bernardino Batista;25;PB;Paraiba;2
1272;2502102;250210;Boa Ventura;25;PB;Paraiba;2
1273;2502151;250215;Boa Vista;25;PB;Paraiba;2
1274;2502201;250220;Bom Jesus;25;PB;Paraiba;2
1275;2502300;250230;Bom Sucesso;25;PB;Paraiba;2
1276;2502409;250240;Bonito de Santa Fé;25;PB;Paraiba;2
1277;2502508;250250;Boqueirão;25;PB;Paraiba;2
1278;2502607;250260;Igaracy;25;PB;Paraiba;2
1279;2502706;250270;Borborema;25;PB;Paraiba;2
1280;2502805;250280;Brejo do Cruz;25;PB;Paraiba;2
1281;2502904;250290;Brejo dos Santos;25;PB;Paraiba;2
1282;2503001;250300;Caaporã;25;PB;Paraiba;2
1283;2503100;250310;Cabaceiras;25;PB;Paraiba;2
1284;2503209;250320;Cabedelo;25;PB;Paraiba;2
1285;2503308;250330;Cachoeira dos Índios;25;PB;Paraiba;2
1286;2503407;250340;Cacimba de Areia;25;PB;Paraiba;2
1287;2503506;250350;Cacimba de Dentro;25;PB;Paraiba;2
1288;2503555;250355;Cacimbas;25;PB;Paraiba;2
1289;2503605;250360;Caiçara;25;PB;Paraiba;2
1290;2503704;250370;Cajazeiras;25;PB;Paraiba;2
1291;2503753;250375;Cajazeirinhas;25;PB;Paraiba;2
1292;2503803;250380;Caldas Brandão;25;PB;Paraiba;2
1293;2503902;250390;Camalaú;25;PB;Paraiba;2
1294;2504009;250400;Campina Grande;25;PB;Paraiba;2
1295;2504033;250403;Capim;25;PB;Paraiba;2
1296;2504074;250407;Caraúbas;25;PB;Paraiba;2
1297;2504108;250410;Carrapateira;25;PB;Paraiba;2
1298;2504157;250415;Casserengue;25;PB;Paraiba;2
1299;2504207;250420;Catingueira;25;PB;Paraiba;2
1300;2504306;250430;Catolé do Rocha;25;PB;Paraiba;2
1301;2504355;250435;Caturité;25;PB;Paraiba;2
1302;2504405;250440;Conceição;25;PB;Paraiba;2
1303;2504504;250450;Condado;25;PB;Paraiba;2
1304;2504603;250460;Conde;25;PB;Paraiba;2
1305;2504702;250470;Congo;25;PB;Paraiba;2
1306;2504801;250480;Coremas;25;PB;Paraiba;2
1307;2504850;250485;Coxixola;25;PB;Paraiba;2
1308;2504900;250490;Cruz do Espírito Santo;25;PB;Paraiba;2
1309;2505006;250500;Cubati;25;PB;Paraiba;2
1310;2505105;250510;Cuité;25;PB;Paraiba;2
1311;2505204;250520;Cuitegi;25;PB;Paraiba;2
1312;2505238;250523;Cuité de Mamanguape;25;PB;Paraiba;2
1313;2505279;250527;Curral de Cima;25;PB;Paraiba;2
1314;2505303;250530;Curral Velho;25;PB;Paraiba;2
1315;2505352;250535;Damião;25;PB;Paraiba;2
1316;2505402;250540;Desterro;25;PB;Paraiba;2
1317;2505501;250550;Vista Serrana;25;PB;Paraiba;2
1318;2505600;250560;Diamante;25;PB;Paraiba;2
1319;2505709;250570;Dona Inês;25;PB;Paraiba;2
1320;2505808;250580;Duas Estradas;25;PB;Paraiba;2
1321;2505907;250590;Emas;25;PB;Paraiba;2
1322;2506004;250600;Esperança;25;PB;Paraiba;2
1323;2506103;250610;Fagundes;25;PB;Paraiba;2
1324;2506202;250620;Frei Martinho;25;PB;Paraiba;2
1325;2506251;250625;Gado Bravo;25;PB;Paraiba;2
1326;2506301;250630;Guarabira;25;PB;Paraiba;2
1327;2506400;250640;Gurinhém;25;PB;Paraiba;2
1328;2506509;250650;Gurjão;25;PB;Paraiba;2
1329;2506608;250660;Ibiara;25;PB;Paraiba;2
1330;2506707;250670;Imaculada;25;PB;Paraiba;2
1331;2506806;250680;Ingá;25;PB;Paraiba;2
1332;2506905;250690;Itabaiana;25;PB;Paraiba;2
1333;2507002;250700;Itaporanga;25;PB;Paraiba;2
1334;2507101;250710;Itapororoca;25;PB;Paraiba;2
1335;2507200;250720;Itatuba;25;PB;Paraiba;2
1336;2507309;250730;Jacaraú;25;PB;Paraiba;2
1337;2507408;250740;Jericó;25;PB;Paraiba;2
1338;2507507;250750;João Pessoa;25;PB;Paraiba;2
1339;2507606;250760;Juarez Távora;25;PB;Paraiba;2
1340;2507705;250770;Juazeirinho;25;PB;Paraiba;2
1341;2507804;250780;Junco do Seridó;25;PB;Paraiba;2
1342;2507903;250790;Juripiranga;25;PB;Paraiba;2
1343;2508000;250800;Juru;25;PB;Paraiba;2
1344;2508109;250810;Lagoa;25;PB;Paraiba;2
1345;2508208;250820;Lagoa de Dentro;25;PB;Paraiba;2
1346;2508307;250830;Lagoa Seca;25;PB;Paraiba;2
1347;2508406;250840;Lastro;25;PB;Paraiba;2
1348;2508505;250850;Livramento;25;PB;Paraiba;2
1349;2508554;250855;Logradouro;25;PB;Paraiba;2
1350;2508604;250860;Lucena;25;PB;Paraiba;2
1351;2508703;250870;Mãe d'Água;25;PB;Paraiba;2
1352;2508802;250880;Malta;25;PB;Paraiba;2
1353;2508901;250890;Mamanguape;25;PB;Paraiba;2
1354;2509008;250900;Manaíra;25;PB;Paraiba;2
1355;2509057;250905;Marcação;25;PB;Paraiba;2
1356;2509107;250910;Mari;25;PB;Paraiba;2
1357;2509156;250915;Marizópolis;25;PB;Paraiba;2
1358;2509206;250920;Massaranduba;25;PB;Paraiba;2
1359;2509305;250930;Mataraca;25;PB;Paraiba;2
1360;2509339;250933;Matinhas;25;PB;Paraiba;2
1361;2509370;250937;Mato Grosso;25;PB;Paraiba;2
1362;2509396;250939;Maturéia;25;PB;Paraiba;2
1363;2509404;250940;Mogeiro;25;PB;Paraiba;2
1364;2509503;250950;Montadas;25;PB;Paraiba;2
1365;2509602;250960;Monte Horebe;25;PB;Paraiba;2
1366;2509701;250970;Monteiro;25;PB;Paraiba;2
1367;2509800;250980;Mulungu;25;PB;Paraiba;2
1368;2509909;250990;Natuba;25;PB;Paraiba;2
1369;2510006;251000;Nazarezinho;25;PB;Paraiba;2
1370;2510105;251010;Nova Floresta;25;PB;Paraiba;2
1371;2510204;251020;Nova Olinda;25;PB;Paraiba;2
1372;2510303;251030;Nova Palmeira;25;PB;Paraiba;2
1373;2510402;251040;Olho d'Água;25;PB;Paraiba;2
1374;2510501;251050;Olivedos;25;PB;Paraiba;2
1375;2510600;251060;Ouro Velho;25;PB;Paraiba;2
1376;2510659;251065;Parari;25;PB;Paraiba;2
1377;2510709;251070;Passagem;25;PB;Paraiba;2
1378;2510808;251080;Patos;25;PB;Paraiba;2
1379;2510907;251090;Paulista;25;PB;Paraiba;2
1380;2511004;251100;Pedra Branca;25;PB;Paraiba;2
1381;2511103;251110;Pedra Lavrada;25;PB;Paraiba;2
1382;2511202;251120;Pedras de Fogo;25;PB;Paraiba;2
1383;2511301;251130;Piancó;25;PB;Paraiba;2
1384;2511400;251140;Picuí;25;PB;Paraiba;2
1385;2511509;251150;Pilar;25;PB;Paraiba;2
1386;2511608;251160;Pilões;25;PB;Paraiba;2
1387;2511707;251170;Pilõezinhos;25;PB;Paraiba;2
1388;2511806;251180;Pirpirituba;25;PB;Paraiba;2
1389;2511905;251190;Pitimbu;25;PB;Paraiba;2
1390;2512002;251200;Pocinhos;25;PB;Paraiba;2
1391;2512036;251203;Poço Dantas;25;PB;Paraiba;2
1392;2512077;251207;Poço de José de Moura;25;PB;Paraiba;2
1393;2512101;251210;Pombal;25;PB;Paraiba;2
1394;2512200;251220;Prata;25;PB;Paraiba;2
1395;2512309;251230;Princesa Isabel;25;PB;Paraiba;2
1396;2512408;251240;Puxinanã;25;PB;Paraiba;2
1397;2512507;251250;Queimadas;25;PB;Paraiba;2
1398;2512606;251260;Quixaba;25;PB;Paraiba;2
1399;2512705;251270;Remígio;25;PB;Paraiba;2
1400;2512721;251272;Pedro Régis;25;PB;Paraiba;2
1401;2512747;251274;Riachão;25;PB;Paraiba;2
1402;2512754;251275;Riachão do Bacamarte;25;PB;Paraiba;2
1403;2512762;251276;Riachão do Poço;25;PB;Paraiba;2
1404;2512788;251278;Riacho de Santo Antônio;25;PB;Paraiba;2
1405;2512804;251280;Riacho dos Cavalos;25;PB;Paraiba;2
1406;2512903;251290;Rio Tinto;25;PB;Paraiba;2
1407;2513000;251300;Salgadinho;25;PB;Paraiba;2
1408;2513109;251310;Salgado de São Félix;25;PB;Paraiba;2
1409;2513158;251315;Santa Cecília;25;PB;Paraiba;2
1410;2513208;251320;Santa Cruz;25;PB;Paraiba;2
1411;2513307;251330;Santa Helena;25;PB;Paraiba;2
1412;2513356;251335;Santa Inês;25;PB;Paraiba;2
1413;2513406;251340;Santa Luzia;25;PB;Paraiba;2
1414;2513505;251350;Santana de Mangueira;25;PB;Paraiba;2
1415;2513604;251360;Santana dos Garrotes;25;PB;Paraiba;2
1416;2513653;251365;Joca Claudino;25;PB;Paraiba;2
1417;2513703;251370;Santa Rita;25;PB;Paraiba;2
1418;2513802;251380;Santa Teresinha;25;PB;Paraiba;2
1419;2513851;251385;Santo André;25;PB;Paraiba;2
1420;2513901;251390;São Bento;25;PB;Paraiba;2
1421;2513927;251392;São Bentinho;25;PB;Paraiba;2
1422;2513943;251394;São Domingos do Cariri;25;PB;Paraiba;2
1423;2513968;251396;São Domingos;25;PB;Paraiba;2
1424;2513984;251398;São Francisco;25;PB;Paraiba;2
1425;2514008;251400;São João do Cariri;25;PB;Paraiba;2
1426;2514107;251410;São João do Tigre;25;PB;Paraiba;2
1427;2514206;251420;São José da Lagoa Tapada;25;PB;Paraiba;2
1428;2514305;251430;São José de Caiana;25;PB;Paraiba;2
1429;2514404;251440;São José de Espinharas;25;PB;Paraiba;2
1430;2514453;251445;São José dos Ramos;25;PB;Paraiba;2
1431;2514503;251450;São José de Piranhas;25;PB;Paraiba;2
1432;2514552;251455;São José de Princesa;25;PB;Paraiba;2
1433;2514602;251460;São José do Bonfim;25;PB;Paraiba;2
1434;2514651;251465;São José do Brejo do Cruz;25;PB;Paraiba;2
1435;2514701;251470;São José do Sabugi;25;PB;Paraiba;2
1436;2514800;251480;São José dos Cordeiros;25;PB;Paraiba;2
1437;2514909;251490;São Mamede;25;PB;Paraiba;2
1438;2515005;251500;São Miguel de Taipu;25;PB;Paraiba;2
1439;2515104;251510;São Sebastião de Lagoa de Roça;25;PB;Paraiba;2
1440;2515203;251520;São Sebastião do Umbuzeiro;25;PB;Paraiba;2
1441;2515302;251530;Sapé;25;PB;Paraiba;2
1442;2515401;251540;São Vicente do Seridó;25;PB;Paraiba;2
1443;2515500;251550;Serra Branca;25;PB;Paraiba;2
1444;2515609;251560;Serra da Raiz;25;PB;Paraiba;2
1445;2515708;251570;Serra Grande;25;PB;Paraiba;2
1446;2515807;251580;Serra Redonda;25;PB;Paraiba;2
1447;2515906;251590;Serraria;25;PB;Paraiba;2
1448;2515930;251593;Sertãozinho;25;PB;Paraiba;2
1449;2515971;251597;Sobrado;25;PB;Paraiba;2
1450;2516003;251600;Solânea;25;PB;Paraiba;2
1451;2516102;251610;Soledade;25;PB;Paraiba;2
1452;2516151;251615;Sossêgo;25;PB;Paraiba;2
1453;2516201;251620;Sousa;25;PB;Paraiba;2
1454;2516300;251630;Sumé;25;PB;Paraiba;2
1455;2516409;251640;Tacima;25;PB;Paraiba;2
1456;2516508;251650;Taperoá;25;PB;Paraiba;2
1457;2516607;251660;Tavares;25;PB;Paraiba;2
1458;2516706;251670;Teixeira;25;PB;Paraiba;2
1459;2516755;251675;Tenório;25;PB;Paraiba;2
1460;2516805;251680;Triunfo;25;PB;Paraiba;2
1461;2516904;251690;Uiraúna;25;PB;Paraiba;2
1462;2517001;251700;Umbuzeiro;25;PB;Paraiba;2
1463;2517100;251710;Várzea;25;PB;Paraiba;2
1464;2517209;251720;Vieirópolis;25;PB;Paraiba;2
1465;2517407;251740;Zabelê;25;PB;Paraiba;2
1466;2600054;260005;Abreu e Lima;26;PE;Pernambuco;2
1467;2600104;260010;Afogados da Ingazeira;26;PE;Pernambuco;2
1468;2600203;260020;Afrânio;26;PE;Pernambuco;2
1469;2600302;260030;Agrestina;26;PE;Pernambuco;2
1470;2600401;260040;Água Preta;26;PE;Pernambuco;2
1471;2600500;260050;Águas Belas;26;PE;Pernambuco;2
1472;2600609;260060;Alagoinha;26;PE;Pernambuco;2
1473;2600708;260070;Aliança;26;PE;Pernambuco;2
1474;2600807;260080;Altinho;26;PE;Pernambuco;2
1475;2600906;260090;Amaraji;26;PE;Pernambuco;2
1476;2601003;260100;Angelim;26;PE;Pernambuco;2
1477;2601052;260105;Araçoiaba;26;PE;Pernambuco;2
1478;2601102;260110;Araripina;26;PE;Pernambuco;2
1479;2601201;260120;Arcoverde;26;PE;Pernambuco;2
1480;2601300;260130;Barra de Guabiraba;26;PE;Pernambuco;2
1481;2601409;260140;Barreiros;26;PE;Pernambuco;2
1482;2601508;260150;Belém de Maria;26;PE;Pernambuco;2
1483;2601607;260160;Belém do São Francisco;26;PE;Pernambuco;2
1484;2601706;260170;Belo Jardim;26;PE;Pernambuco;2
1485;2601805;260180;Betânia;26;PE;Pernambuco;2
1486;2601904;260190;Bezerros;26;PE;Pernambuco;2
1487;2602001;260200;Bodocó;26;PE;Pernambuco;2
1488;2602100;260210;Bom Conselho;26;PE;Pernambuco;2
1489;2602209;260220;Bom Jardim;26;PE;Pernambuco;2
1490;2602308;260230;Bonito;26;PE;Pernambuco;2
1491;2602407;260240;Brejão;26;PE;Pernambuco;2
1492;2602506;260250;Brejinho;26;PE;Pernambuco;2
1493;2602605;260260;Brejo da Madre de Deus;26;PE;Pernambuco;2
1494;2602704;260270;Buenos Aires;26;PE;Pernambuco;2
1495;2602803;260280;Buíque;26;PE;Pernambuco;2
1496;2602902;260290;Cabo de Santo Agostinho;26;PE;Pernambuco;2
1497;2603009;260300;Cabrobó;26;PE;Pernambuco;2
1498;2603108;260310;Cachoeirinha;26;PE;Pernambuco;2
1499;2603207;260320;Caetés;26;PE;Pernambuco;2
1500;2603306;260330;Calçado;26;PE;Pernambuco;2
1501;2603405;260340;Calumbi;26;PE;Pernambuco;2
1502;2603454;260345;Camaragibe;26;PE;Pernambuco;2
1503;2603504;260350;Camocim de São Félix;26;PE;Pernambuco;2
1504;2603603;260360;Camutanga;26;PE;Pernambuco;2
1505;2603702;260370;Canhotinho;26;PE;Pernambuco;2
1506;2603801;260380;Capoeiras;26;PE;Pernambuco;2
1507;2603900;260390;Carnaíba;26;PE;Pernambuco;2
1508;2603926;260392;Carnaubeira da Penha;26;PE;Pernambuco;2
1509;2604007;260400;Carpina;26;PE;Pernambuco;2
1510;2604106;260410;Caruaru;26;PE;Pernambuco;2
1511;2604155;260415;Casinhas;26;PE;Pernambuco;2
1512;2604205;260420;Catende;26;PE;Pernambuco;2
1513;2604304;260430;Cedro;26;PE;Pernambuco;2
1514;2604403;260440;Chã de Alegria;26;PE;Pernambuco;2
1515;2604502;260450;Chã Grande;26;PE;Pernambuco;2
1516;2604601;260460;Condado;26;PE;Pernambuco;2
1517;2604700;260470;Correntes;26;PE;Pernambuco;2
1518;2604809;260480;Cortês;26;PE;Pernambuco;2
1519;2604908;260490;Cumaru;26;PE;Pernambuco;2
1520;2605004;260500;Cupira;26;PE;Pernambuco;2
1521;2605103;260510;Custódia;26;PE;Pernambuco;2
1522;2605152;260515;Dormentes;26;PE;Pernambuco;2
1523;2605202;260520;Escada;26;PE;Pernambuco;2
1524;2605301;260530;Exu;26;PE;Pernambuco;2
1525;2605400;260540;Feira Nova;26;PE;Pernambuco;2
1526;2605459;260545;Fernando de Noronha;26;PE;Pernambuco;2
1527;2605509;260550;Ferreiros;26;PE;Pernambuco;2
1528;2605608;260560;Flores;26;PE;Pernambuco;2
1529;2605707;260570;Floresta;26;PE;Pernambuco;2
1530;2605806;260580;Frei Miguelinho;26;PE;Pernambuco;2
1531;2605905;260590;Gameleira;26;PE;Pernambuco;2
1532;2606002;260600;Garanhuns;26;PE;Pernambuco;2
1533;2606101;260610;Glória do Goitá;26;PE;Pernambuco;2
1534;2606200;260620;Goiana;26;PE;Pernambuco;2
1535;2606309;260630;Granito;26;PE;Pernambuco;2
1536;2606408;260640;Gravatá;26;PE;Pernambuco;2
1537;2606507;260650;Iati;26;PE;Pernambuco;2
1538;2606606;260660;Ibimirim;26;PE;Pernambuco;2
1539;2606705;260670;Ibirajuba;26;PE;Pernambuco;2
1540;2606804;260680;Igarassu;26;PE;Pernambuco;2
1541;2606903;260690;Iguaracy;26;PE;Pernambuco;2
1542;2607000;260700;Inajá;26;PE;Pernambuco;2
1543;2607109;260710;Ingazeira;26;PE;Pernambuco;2
1544;2607208;260720;Ipojuca;26;PE;Pernambuco;2
1545;2607307;260730;Ipubi;26;PE;Pernambuco;2
1546;2607406;260740;Itacuruba;26;PE;Pernambuco;2
1547;2607505;260750;Itaíba;26;PE;Pernambuco;2
1548;2607604;260760;Ilha de Itamaracá;26;PE;Pernambuco;2
1549;2607653;260765;Itambé;26;PE;Pernambuco;2
1550;2607703;260770;Itapetim;26;PE;Pernambuco;2
1551;2607752;260775;Itapissuma;26;PE;Pernambuco;2
1552;2607802;260780;Itaquitinga;26;PE;Pernambuco;2
1553;2607901;260790;Jaboatão dos Guararapes;26;PE;Pernambuco;2
1554;2607950;260795;Jaqueira;26;PE;Pernambuco;2
1555;2608008;260800;Jataúba;26;PE;Pernambuco;2
1556;2608057;260805;Jatobá;26;PE;Pernambuco;2
1557;2608107;260810;João Alfredo;26;PE;Pernambuco;2
1558;2608206;260820;Joaquim Nabuco;26;PE;Pernambuco;2
1559;2608255;260825;Jucati;26;PE;Pernambuco;2
1560;2608305;260830;Jupi;26;PE;Pernambuco;2
1561;2608404;260840;Jurema;26;PE;Pernambuco;2
1562;2608453;260845;Lagoa do Carro;26;PE;Pernambuco;2
1563;2608503;260850;Lagoa de Itaenga;26;PE;Pernambuco;2
1564;2608602;260860;Lagoa do Ouro;26;PE;Pernambuco;2
1565;2608701;260870;Lagoa dos Gatos;26;PE;Pernambuco;2
1566;2608750;260875;Lagoa Grande;26;PE;Pernambuco;2
1567;2608800;260880;Lajedo;26;PE;Pernambuco;2
1568;2608909;260890;Limoeiro;26;PE;Pernambuco;2
1569;2609006;260900;Macaparana;26;PE;Pernambuco;2
1570;2609105;260910;Machados;26;PE;Pernambuco;2
1571;2609154;260915;Manari;26;PE;Pernambuco;2
1572;2609204;260920;Maraial;26;PE;Pernambuco;2
1573;2609303;260930;Mirandiba;26;PE;Pernambuco;2
1574;2609402;260940;Moreno;26;PE;Pernambuco;2
1575;2609501;260950;Nazaré da Mata;26;PE;Pernambuco;2
1576;2609600;260960;Olinda;26;PE;Pernambuco;2
1577;2609709;260970;Orobó;26;PE;Pernambuco;2
1578;2609808;260980;Orocó;26;PE;Pernambuco;2
1579;2609907;260990;Ouricuri;26;PE;Pernambuco;2
1580;2610004;261000;Palmares;26;PE;Pernambuco;2
1581;2610103;261010;Palmeirina;26;PE;Pernambuco;2
1582;2610202;261020;Panelas;26;PE;Pernambuco;2
1583;2610301;261030;Paranatama;26;PE;Pernambuco;2
1584;2610400;261040;Parnamirim;26;PE;Pernambuco;2
1585;2610509;261050;Passira;26;PE;Pernambuco;2
1586;2610608;261060;Paudalho;26;PE;Pernambuco;2
1587;2610707;261070;Paulista;26;PE;Pernambuco;2
1588;2610806;261080;Pedra;26;PE;Pernambuco;2
1589;2610905;261090;Pesqueira;26;PE;Pernambuco;2
1590;2611002;261100;Petrolândia;26;PE;Pernambuco;2
1591;2611101;261110;Petrolina;26;PE;Pernambuco;2
1592;2611200;261120;Poção;26;PE;Pernambuco;2
1593;2611309;261130;Pombos;26;PE;Pernambuco;2
1594;2611408;261140;Primavera;26;PE;Pernambuco;2
1595;2611507;261150;Quipapá;26;PE;Pernambuco;2
1596;2611533;261153;Quixaba;26;PE;Pernambuco;2
1597;2611606;261160;Recife;26;PE;Pernambuco;2
1598;2611705;261170;Riacho das Almas;26;PE;Pernambuco;2
1599;2611804;261180;Ribeirão;26;PE;Pernambuco;2
1600;2611903;261190;Rio Formoso;26;PE;Pernambuco;2
1601;2612000;261200;Sairé;26;PE;Pernambuco;2
1602;2612109;261210;Salgadinho;26;PE;Pernambuco;2
1603;2612208;261220;Salgueiro;26;PE;Pernambuco;2
1604;2612307;261230;Saloá;26;PE;Pernambuco;2
1605;2612406;261240;Sanharó;26;PE;Pernambuco;2
1606;2612455;261245;Santa Cruz;26;PE;Pernambuco;2
1607;2612471;261247;Santa Cruz da Baixa Verde;26;PE;Pernambuco;2
1608;2612505;261250;Santa Cruz do Capibaribe;26;PE;Pernambuco;2
1609;2612554;261255;Santa Filomena;26;PE;Pernambuco;2
1610;2612604;261260;Santa Maria da Boa Vista;26;PE;Pernambuco;2
1611;2612703;261270;Santa Maria do Cambucá;26;PE;Pernambuco;2
1612;2612802;261280;Santa Terezinha;26;PE;Pernambuco;2
1613;2612901;261290;São Benedito do Sul;26;PE;Pernambuco;2
1614;2613008;261300;São Bento do Una;26;PE;Pernambuco;2
1615;2613107;261310;São Caetano;26;PE;Pernambuco;2
1616;2613206;261320;São João;26;PE;Pernambuco;2
1617;2613305;261330;São Joaquim do Monte;26;PE;Pernambuco;2
1618;2613404;261340;São José da Coroa Grande;26;PE;Pernambuco;2
1619;2613503;261350;São José do Belmonte;26;PE;Pernambuco;2
1620;2613602;261360;São José do Egito;26;PE;Pernambuco;2
1621;2613701;261370;São Lourenço da Mata;26;PE;Pernambuco;2
1622;2613800;261380;São Vicente Férrer;26;PE;Pernambuco;2
1623;2613909;261390;Serra Talhada;26;PE;Pernambuco;2
1624;2614006;261400;Serrita;26;PE;Pernambuco;2
1625;2614105;261410;Sertânia;26;PE;Pernambuco;2
1626;2614204;261420;Sirinhaém;26;PE;Pernambuco;2
1627;2614303;261430;Moreilândia;26;PE;Pernambuco;2
1628;2614402;261440;Solidão;26;PE;Pernambuco;2
1629;2614501;261450;Surubim;26;PE;Pernambuco;2
1630;2614600;261460;Tabira;26;PE;Pernambuco;2
1631;2614709;261470;Tacaimbó;26;PE;Pernambuco;2
1632;2614808;261480;Tacaratu;26;PE;Pernambuco;2
1633;2614857;261485;Tamandaré;26;PE;Pernambuco;2
1634;2615003;261500;Taquaritinga do Norte;26;PE;Pernambuco;2
1635;2615102;261510;Terezinha;26;PE;Pernambuco;2
1636;2615201;261520;Terra Nova;26;PE;Pernambuco;2
1637;2615300;261530;Timbaúba;26;PE;Pernambuco;2
1638;2615409;261540;Toritama;26;PE;Pernambuco;2
1639;2615508;261550;Tracunhaém;26;PE;Pernambuco;2
1640;2615607;261560;Trindade;26;PE;Pernambuco;2
1641;2615706;261570;Triunfo;26;PE;Pernambuco;2
1642;2615805;261580;Tupanatinga;26;PE;Pernambuco;2
1643;2615904;261590;Tuparetama;26;PE;Pernambuco;2
1644;2616001;261600;Venturosa;26;PE;Pernambuco;2
1645;2616100;261610;Verdejante;26;PE;Pernambuco;2
1646;2616183;261618;Vertente do Lério;26;PE;Pernambuco;2
1647;2616209;261620;Vertentes;26;PE;Pernambuco;2
1648;2616308;261630;Vicência;26;PE;Pernambuco;2
1649;2616407;261640;Vitória de Santo Antão;26;PE;Pernambuco;2
1650;2616506;261650;Xexéu;26;PE;Pernambuco;2
1651;2700102;270010;Água Branca;27;AL;Alagoas;2
1652;2700201;270020;Anadia;27;AL;Alagoas;2
1653;2700300;270030;Arapiraca;27;AL;Alagoas;2
1654;2700409;270040;Atalaia;27;AL;Alagoas;2
1655;2700508;270050;Barra de Santo Antônio;27;AL;Alagoas;2
1656;2700607;270060;Barra de São Miguel;27;AL;Alagoas;2
1657;2700706;270070;Batalha;27;AL;Alagoas;2
1658;2700805;270080;Belém;27;AL;Alagoas;2
1659;2700904;270090;Belo Monte;27;AL;Alagoas;2
1660;2701001;270100;Boca da Mata;27;AL;Alagoas;2
1661;2701100;270110;Branquinha;27;AL;Alagoas;2
1662;2701209;270120;Cacimbinhas;27;AL;Alagoas;2
1663;2701308;270130;Cajueiro;27;AL;Alagoas;2
1664;2701357;270135;Campestre;27;AL;Alagoas;2
1665;2701407;270140;Campo Alegre;27;AL;Alagoas;2
1666;2701506;270150;Campo Grande;27;AL;Alagoas;2
1667;2701605;270160;Canapi;27;AL;Alagoas;2
1668;2701704;270170;Capela;27;AL;Alagoas;2
1669;2701803;270180;Carneiros;27;AL;Alagoas;2
1670;2701902;270190;Chã Preta;27;AL;Alagoas;2
1671;2702009;270200;Coité do Nóia;27;AL;Alagoas;2
1672;2702108;270210;Colônia Leopoldina;27;AL;Alagoas;2
1673;2702207;270220;Coqueiro Seco;27;AL;Alagoas;2
1674;2702306;270230;Coruripe;27;AL;Alagoas;2
1675;2702355;270235;Craíbas;27;AL;Alagoas;2
1676;2702405;270240;Delmiro Gouveia;27;AL;Alagoas;2
1677;2702504;270250;Dois Riachos;27;AL;Alagoas;2
1678;2702553;270255;Estrela de Alagoas;27;AL;Alagoas;2
1679;2702603;270260;Feira Grande;27;AL;Alagoas;2
1680;2702702;270270;Feliz Deserto;27;AL;Alagoas;2
1681;2702801;270280;Flexeiras;27;AL;Alagoas;2
1682;2702900;270290;Girau do Ponciano;27;AL;Alagoas;2
1683;2703007;270300;Ibateguara;27;AL;Alagoas;2
1684;2703106;270310;Igaci;27;AL;Alagoas;2
1685;2703205;270320;Igreja Nova;27;AL;Alagoas;2
1686;2703304;270330;Inhapi;27;AL;Alagoas;2
1687;2703403;270340;Jacaré dos Homens;27;AL;Alagoas;2
1688;2703502;270350;Jacuípe;27;AL;Alagoas;2
1689;2703601;270360;Japaratinga;27;AL;Alagoas;2
1690;2703700;270370;Jaramataia;27;AL;Alagoas;2
1691;2703759;270375;Jequiá da Praia;27;AL;Alagoas;2
1692;2703809;270380;Joaquim Gomes;27;AL;Alagoas;2
1693;2703908;270390;Jundiá;27;AL;Alagoas;2
1694;2704005;270400;Junqueiro;27;AL;Alagoas;2
1695;2704104;270410;Lagoa da Canoa;27;AL;Alagoas;2
1696;2704203;270420;Limoeiro de Anadia;27;AL;Alagoas;2
1697;2704302;270430;Maceió;27;AL;Alagoas;2
1698;2704401;270440;Major Isidoro;27;AL;Alagoas;2
1699;2704500;270450;Maragogi;27;AL;Alagoas;2
1700;2704609;270460;Maravilha;27;AL;Alagoas;2
1701;2704708;270470;Marechal Deodoro;27;AL;Alagoas;2
1702;2704807;270480;Maribondo;27;AL;Alagoas;2
1703;2704906;270490;Mar Vermelho;27;AL;Alagoas;2
1704;2705002;270500;Mata Grande;27;AL;Alagoas;2
1705;2705101;270510;Matriz de Camaragibe;27;AL;Alagoas;2
1706;2705200;270520;Messias;27;AL;Alagoas;2
1707;2705309;270530;Minador do Negrão;27;AL;Alagoas;2
1708;2705408;270540;Monteirópolis;27;AL;Alagoas;2
1709;2705507;270550;Murici;27;AL;Alagoas;2
1710;2705606;270560;Novo Lino;27;AL;Alagoas;2
1711;2705705;270570;Olho d'Água das Flores;27;AL;Alagoas;2
1712;2705804;270580;Olho d'Água do Casado;27;AL;Alagoas;2
1713;2705903;270590;Olho d'Água Grande;27;AL;Alagoas;2
1714;2706000;270600;Olivença;27;AL;Alagoas;2
1715;2706109;270610;Ouro Branco;27;AL;Alagoas;2
1716;2706208;270620;Palestina;27;AL;Alagoas;2
1717;2706307;270630;Palmeira dos Índios;27;AL;Alagoas;2
1718;2706406;270640;Pão de Açúcar;27;AL;Alagoas;2
1719;2706422;270642;Pariconha;27;AL;Alagoas;2
1720;2706448;270644;Paripueira;27;AL;Alagoas;2
1721;2706505;270650;Passo de Camaragibe;27;AL;Alagoas;2
1722;2706604;270660;Paulo Jacinto;27;AL;Alagoas;2
1723;2706703;270670;Penedo;27;AL;Alagoas;2
1724;2706802;270680;Piaçabuçu;27;AL;Alagoas;2
1725;2706901;270690;Pilar;27;AL;Alagoas;2
1726;2707008;270700;Pindoba;27;AL;Alagoas;2
1727;2707107;270710;Piranhas;27;AL;Alagoas;2
1728;2707206;270720;Poço das Trincheiras;27;AL;Alagoas;2
1729;2707305;270730;Porto Calvo;27;AL;Alagoas;2
1730;2707404;270740;Porto de Pedras;27;AL;Alagoas;2
1731;2707503;270750;Porto Real do Colégio;27;AL;Alagoas;2
1732;2707602;270760;Quebrangulo;27;AL;Alagoas;2
1733;2707701;270770;Rio Largo;27;AL;Alagoas;2
1734;2707800;270780;Roteiro;27;AL;Alagoas;2
1735;2707909;270790;Santa Luzia do Norte;27;AL;Alagoas;2
1736;2708006;270800;Santana do Ipanema;27;AL;Alagoas;2
1737;2708105;270810;Santana do Mundaú;27;AL;Alagoas;2
1738;2708204;270820;São Brás;27;AL;Alagoas;2
1739;2708303;270830;São José da Laje;27;AL;Alagoas;2
1740;2708402;270840;São José da Tapera;27;AL;Alagoas;2
1741;2708501;270850;São Luís do Quitunde;27;AL;Alagoas;2
1742;2708600;270860;São Miguel dos Campos;27;AL;Alagoas;2
1743;2708709;270870;São Miguel dos Milagres;27;AL;Alagoas;2
1744;2708808;270880;São Sebastião;27;AL;Alagoas;2
1745;2708907;270890;Satuba;27;AL;Alagoas;2
1746;2708956;270895;Senador Rui Palmeira;27;AL;Alagoas;2
1747;2709004;270900;Tanque d'Arca;27;AL;Alagoas;2
1748;2709103;270910;Taquarana;27;AL;Alagoas;2
1749;2709152;270915;Teotônio Vilela;27;AL;Alagoas;2
1750;2709202;270920;Traipu;27;AL;Alagoas;2
1751;2709301;270930;União dos Palmares;27;AL;Alagoas;2
1752;2709400;270940;Viçosa;27;AL;Alagoas;2
1753;2800100;280010;Amparo do São Francisco;28;SE;Sergipe;2
1754;2800209;280020;Aquidabã;28;SE;Sergipe;2
1755;2800308;280030;Aracaju;28;SE;Sergipe;2
1756;2800407;280040;Arauá;28;SE;Sergipe;2
1757;2800506;280050;Areia Branca;28;SE;Sergipe;2
1758;2800605;280060;Barra dos Coqueiros;28;SE;Sergipe;2
1759;2800670;280067;Boquim;28;SE;Sergipe;2
1760;2800704;280070;Brejo Grande;28;SE;Sergipe;2
1761;2801009;280100;Campo do Brito;28;SE;Sergipe;2
1762;2801108;280110;Canhoba;28;SE;Sergipe;2
1763;2801207;280120;Canindé de São Francisco;28;SE;Sergipe;2
1764;2801306;280130;Capela;28;SE;Sergipe;2
1765;2801405;280140;Carira;28;SE;Sergipe;2
1766;2801504;280150;Carmópolis;28;SE;Sergipe;2
1767;2801603;280160;Cedro de São João;28;SE;Sergipe;2
1768;2801702;280170;Cristinápolis;28;SE;Sergipe;2
1769;2801900;280190;Cumbe;28;SE;Sergipe;2
1770;2802007;280200;Divina Pastora;28;SE;Sergipe;2
1771;2802106;280210;Estância;28;SE;Sergipe;2
1772;2802205;280220;Feira Nova;28;SE;Sergipe;2
1773;2802304;280230;Frei Paulo;28;SE;Sergipe;2
1774;2802403;280240;Gararu;28;SE;Sergipe;2
1775;2802502;280250;General Maynard;28;SE;Sergipe;2
1776;2802601;280260;Gracho Cardoso;28;SE;Sergipe;2
1777;2802700;280270;Ilha das Flores;28;SE;Sergipe;2
1778;2802809;280280;Indiaroba;28;SE;Sergipe;2
1779;2802908;280290;Itabaiana;28;SE;Sergipe;2
1780;2803005;280300;Itabaianinha;28;SE;Sergipe;2
1781;2803104;280310;Itabi;28;SE;Sergipe;2
1782;2803203;280320;Itaporanga d'Ajuda;28;SE;Sergipe;2
1783;2803302;280330;Japaratuba;28;SE;Sergipe;2
1784;2803401;280340;Japoatã;28;SE;Sergipe;2
1785;2803500;280350;Lagarto;28;SE;Sergipe;2
1786;2803609;280360;Laranjeiras;28;SE;Sergipe;2
1787;2803708;280370;Macambira;28;SE;Sergipe;2
1788;2803807;280380;Malhada dos Bois;28;SE;Sergipe;2
1789;2803906;280390;Malhador;28;SE;Sergipe;2
1790;2804003;280400;Maruim;28;SE;Sergipe;2
1791;2804102;280410;Moita Bonita;28;SE;Sergipe;2
1792;2804201;280420;Monte Alegre de Sergipe;28;SE;Sergipe;2
1793;2804300;280430;Muribeca;28;SE;Sergipe;2
1794;2804409;280440;Neópolis;28;SE;Sergipe;2
1795;2804458;280445;Nossa Senhora Aparecida;28;SE;Sergipe;2
1796;2804508;280450;Nossa Senhora da Glória;28;SE;Sergipe;2
1797;2804607;280460;Nossa Senhora das Dores;28;SE;Sergipe;2
1798;2804706;280470;Nossa Senhora de Lourdes;28;SE;Sergipe;2
1799;2804805;280480;Nossa Senhora do Socorro;28;SE;Sergipe;2
1800;2804904;280490;Pacatuba;28;SE;Sergipe;2
1801;2805000;280500;Pedra Mole;28;SE;Sergipe;2
1802;2805109;280510;Pedrinhas;28;SE;Sergipe;2
1803;2805208;280520;Pinhão;28;SE;Sergipe;2
1804;2805307;280530;Pirambu;28;SE;Sergipe;2
1805;2805406;280540;Poço Redondo;28;SE;Sergipe;2
1806;2805505;280550;Poço Verde;28;SE;Sergipe;2
1807;2805604;280560;Porto da Folha;28;SE;Sergipe;2
1808;2805703;280570;Propriá;28;SE;Sergipe;2
1809;2805802;280580;Riachão do Dantas;28;SE;Sergipe;2
1810;2805901;280590;Riachuelo;28;SE;Sergipe;2
1811;2806008;280600;Ribeirópolis;28;SE;Sergipe;2
1812;2806107;280610;Rosário do Catete;28;SE;Sergipe;2
1813;2806206;280620;Salgado;28;SE;Sergipe;2
1814;2806305;280630;Santa Luzia do Itanhy;28;SE;Sergipe;2
1815;2806404;280640;Santana do São Francisco;28;SE;Sergipe;2
1816;2806503;280650;Santa Rosa de Lima;28;SE;Sergipe;2
1817;2806602;280660;Santo Amaro das Brotas;28;SE;Sergipe;2
1818;2806701;280670;São Cristóvão;28;SE;Sergipe;2
1819;2806800;280680;São Domingos;28;SE;Sergipe;2
1820;2806909;280690;São Francisco;28;SE;Sergipe;2
1821;2807006;280700;São Miguel do Aleixo;28;SE;Sergipe;2
1822;2807105;280710;Simão Dias;28;SE;Sergipe;2
1823;2807204;280720;Siriri;28;SE;Sergipe;2
1824;2807303;280730;Telha;28;SE;Sergipe;2
1825;2807402;280740;Tobias Barreto;28;SE;Sergipe;2
1826;2807501;280750;Tomar do Geru;28;SE;Sergipe;2
1827;2807600;280760;Umbaúba;28;SE;Sergipe;2
1828;2900108;290010;Abaíra;29;BA;Bahia;2
1829;2900207;290020;Abaré;29;BA;Bahia;2
1830;2900306;290030;Acajutiba;29;BA;Bahia;2
1831;2900355;290035;Adustina;29;BA;Bahia;2
1832;2900405;290040;Água Fria;29;BA;Bahia;2
1833;2900504;290050;Érico Cardoso;29;BA;Bahia;2
1834;2900603;290060;Aiquara;29;BA;Bahia;2
1835;2900702;290070;Alagoinhas;29;BA;Bahia;2
1836;2900801;290080;Alcobaça;29;BA;Bahia;2
1837;2900900;290090;Almadina;29;BA;Bahia;2
1838;2901007;290100;Amargosa;29;BA;Bahia;2
1839;2901106;290110;Amélia Rodrigues;29;BA;Bahia;2
1840;2901155;290115;América Dourada;29;BA;Bahia;2
1841;2901205;290120;Anagé;29;BA;Bahia;2
1842;2901304;290130;Andaraí;29;BA;Bahia;2
1843;2901353;290135;Andorinha;29;BA;Bahia;2
1844;2901403;290140;Angical;29;BA;Bahia;2
1845;2901502;290150;Anguera;29;BA;Bahia;2
1846;2901601;290160;Antas;29;BA;Bahia;2
1847;2901700;290170;Antônio Cardoso;29;BA;Bahia;2
1848;2901809;290180;Antônio Gonçalves;29;BA;Bahia;2
1849;2901908;290190;Aporá;29;BA;Bahia;2
1850;2901957;290195;Apuarema;29;BA;Bahia;2
1851;2902005;290200;Aracatu;29;BA;Bahia;2
1852;2902054;290205;Araçás;29;BA;Bahia;2
1853;2902104;290210;Araci;29;BA;Bahia;2
1854;2902203;290220;Aramari;29;BA;Bahia;2
1855;2902252;290225;Arataca;29;BA;Bahia;2
1856;2902302;290230;Aratuípe;29;BA;Bahia;2
1857;2902401;290240;Aurelino Leal;29;BA;Bahia;2
1858;2902500;290250;Baianópolis;29;BA;Bahia;2
1859;2902609;290260;Baixa Grande;29;BA;Bahia;2
1860;2902658;290265;Banzaê;29;BA;Bahia;2
1861;2902708;290270;Barra;29;BA;Bahia;2
1862;2902807;290280;Barra da Estiva;29;BA;Bahia;2
1863;2902906;290290;Barra do Choça;29;BA;Bahia;2
1864;2903003;290300;Barra do Mendes;29;BA;Bahia;2
1865;2903102;290310;Barra do Rocha;29;BA;Bahia;2
1866;2903201;290320;Barreiras;29;BA;Bahia;2
1867;2903235;290323;Barro Alto;29;BA;Bahia;2
1868;2903276;290327;Barrocas;29;BA;Bahia;2
1869;2903300;290330;Barro Preto;29;BA;Bahia;2
1870;2903409;290340;Belmonte;29;BA;Bahia;2
1871;2903508;290350;Belo Campo;29;BA;Bahia;2
1872;2903607;290360;Biritinga;29;BA;Bahia;2
1873;2903706;290370;Boa Nova;29;BA;Bahia;2
1874;2903805;290380;Boa Vista do Tupim;29;BA;Bahia;2
1875;2903904;290390;Bom Jesus da Lapa;29;BA;Bahia;2
1876;2903953;290395;Bom Jesus da Serra;29;BA;Bahia;2
1877;2904001;290400;Boninal;29;BA;Bahia;2
1878;2904050;290405;Bonito;29;BA;Bahia;2
1879;2904100;290410;Boquira;29;BA;Bahia;2
1880;2904209;290420;Botuporã;29;BA;Bahia;2
1881;2904308;290430;Brejões;29;BA;Bahia;2
1882;2904407;290440;Brejolândia;29;BA;Bahia;2
1883;2904506;290450;Brotas de Macaúbas;29;BA;Bahia;2
1884;2904605;290460;Brumado;29;BA;Bahia;2
1885;2904704;290470;Buerarema;29;BA;Bahia;2
1886;2904753;290475;Buritirama;29;BA;Bahia;2
1887;2904803;290480;Caatiba;29;BA;Bahia;2
1888;2904852;290485;Cabaceiras do Paraguaçu;29;BA;Bahia;2
1889;2904902;290490;Cachoeira;29;BA;Bahia;2
1890;2905008;290500;Caculé;29;BA;Bahia;2
1891;2905107;290510;Caém;29;BA;Bahia;2
1892;2905156;290515;Caetanos;29;BA;Bahia;2
1893;2905206;290520;Caetité;29;BA;Bahia;2
1894;2905305;290530;Cafarnaum;29;BA;Bahia;2
1895;2905404;290540;Cairu;29;BA;Bahia;2
1896;2905503;290550;Caldeirão Grande;29;BA;Bahia;2
1897;2905602;290560;Camacan;29;BA;Bahia;2
1898;2905701;290570;Camaçari;29;BA;Bahia;2
1899;2905800;290580;Camamu;29;BA;Bahia;2
1900;2905909;290590;Campo Alegre de Lourdes;29;BA;Bahia;2
1901;2906006;290600;Campo Formoso;29;BA;Bahia;2
1902;2906105;290610;Canápolis;29;BA;Bahia;2
1903;2906204;290620;Canarana;29;BA;Bahia;2
1904;2906303;290630;Canavieiras;29;BA;Bahia;2
1905;2906402;290640;Candeal;29;BA;Bahia;2
1906;2906501;290650;Candeias;29;BA;Bahia;2
1907;2906600;290660;Candiba;29;BA;Bahia;2
1908;2906709;290670;Cândido Sales;29;BA;Bahia;2
1909;2906808;290680;Cansanção;29;BA;Bahia;2
1910;2906824;290682;Canudos;29;BA;Bahia;2
1911;2906857;290685;Capela do Alto Alegre;29;BA;Bahia;2
1912;2906873;290687;Capim Grosso;29;BA;Bahia;2
1913;2906899;290689;Caraíbas;29;BA;Bahia;2
1914;2906907;290690;Caravelas;29;BA;Bahia;2
1915;2907004;290700;Cardeal da Silva;29;BA;Bahia;2
1916;2907103;290710;Carinhanha;29;BA;Bahia;2
1917;2907202;290720;Casa Nova;29;BA;Bahia;2
1918;2907301;290730;Castro Alves;29;BA;Bahia;2
1919;2907400;290740;Catolândia;29;BA;Bahia;2
1920;2907509;290750;Catu;29;BA;Bahia;2
1921;2907558;290755;Caturama;29;BA;Bahia;2
1922;2907608;290760;Central;29;BA;Bahia;2
1923;2907707;290770;Chorrochó;29;BA;Bahia;2
1924;2907806;290780;Cícero Dantas;29;BA;Bahia;2
1925;2907905;290790;Cipó;29;BA;Bahia;2
1926;2908002;290800;Coaraci;29;BA;Bahia;2
1927;2908101;290810;Cocos;29;BA;Bahia;2
1928;2908200;290820;Conceição da Feira;29;BA;Bahia;2
1929;2908309;290830;Conceição do Almeida;29;BA;Bahia;2
1930;2908408;290840;Conceição do Coité;29;BA;Bahia;2
1931;2908507;290850;Conceição do Jacuípe;29;BA;Bahia;2
1932;2908606;290860;Conde;29;BA;Bahia;2
1933;2908705;290870;Condeúba;29;BA;Bahia;2
1934;2908804;290880;Contendas do Sincorá;29;BA;Bahia;2
1935;2908903;290890;Coração de Maria;29;BA;Bahia;2
1936;2909000;290900;Cordeiros;29;BA;Bahia;2
1937;2909109;290910;Coribe;29;BA;Bahia;2
1938;2909208;290920;Coronel João Sá;29;BA;Bahia;2
1939;2909307;290930;Correntina;29;BA;Bahia;2
1940;2909406;290940;Cotegipe;29;BA;Bahia;2
1941;2909505;290950;Cravolândia;29;BA;Bahia;2
1942;2909604;290960;Crisópolis;29;BA;Bahia;2
1943;2909703;290970;Cristópolis;29;BA;Bahia;2
1944;2909802;290980;Cruz das Almas;29;BA;Bahia;2
1945;2909901;290990;Curaçá;29;BA;Bahia;2
1946;2910008;291000;Dário Meira;29;BA;Bahia;2
1947;2910057;291005;Dias d'Ávila;29;BA;Bahia;2
1948;2910107;291010;Dom Basílio;29;BA;Bahia;2
1949;2910206;291020;Dom Macedo Costa;29;BA;Bahia;2
1950;2910305;291030;Elísio Medrado;29;BA;Bahia;2
1951;2910404;291040;Encruzilhada;29;BA;Bahia;2
1952;2910503;291050;Entre Rios;29;BA;Bahia;2
1953;2910602;291060;Esplanada;29;BA;Bahia;2
1954;2910701;291070;Euclides da Cunha;29;BA;Bahia;2
1955;2910727;291072;Eunápolis;29;BA;Bahia;2
1956;2910750;291075;Fátima;29;BA;Bahia;2
1957;2910776;291077;Feira da Mata;29;BA;Bahia;2
1958;2910800;291080;Feira de Santana;29;BA;Bahia;2
1959;2910859;291085;Filadélfia;29;BA;Bahia;2
1960;2910909;291090;Firmino Alves;29;BA;Bahia;2
1961;2911006;291100;Floresta Azul;29;BA;Bahia;2
1962;2911105;291110;Formosa do Rio Preto;29;BA;Bahia;2
1963;2911204;291120;Gandu;29;BA;Bahia;2
1964;2911253;291125;Gavião;29;BA;Bahia;2
1965;2911303;291130;Gentio do Ouro;29;BA;Bahia;2
1966;2911402;291140;Glória;29;BA;Bahia;2
1967;2911501;291150;Gongogi;29;BA;Bahia;2
1968;2911600;291160;Governador Mangabeira;29;BA;Bahia;2
1969;2911659;291165;Guajeru;29;BA;Bahia;2
1970;2911709;291170;Guanambi;29;BA;Bahia;2
1971;2911808;291180;Guaratinga;29;BA;Bahia;2
1972;2911857;291185;Heliópolis;29;BA;Bahia;2
1973;2911907;291190;Iaçu;29;BA;Bahia;2
1974;2912004;291200;Ibiassucê;29;BA;Bahia;2
1975;2912103;291210;Ibicaraí;29;BA;Bahia;2
1976;2912202;291220;Ibicoara;29;BA;Bahia;2
1977;2912301;291230;Ibicuí;29;BA;Bahia;2
1978;2912400;291240;Ibipeba;29;BA;Bahia;2
1979;2912509;291250;Ibipitanga;29;BA;Bahia;2
1980;2912608;291260;Ibiquera;29;BA;Bahia;2
1981;2912707;291270;Ibirapitanga;29;BA;Bahia;2
1982;2912806;291280;Ibirapuã;29;BA;Bahia;2
1983;2912905;291290;Ibirataia;29;BA;Bahia;2
1984;2913002;291300;Ibitiara;29;BA;Bahia;2
1985;2913101;291310;Ibititá;29;BA;Bahia;2
1986;2913200;291320;Ibotirama;29;BA;Bahia;2
1987;2913309;291330;Ichu;29;BA;Bahia;2
1988;2913408;291340;Igaporã;29;BA;Bahia;2
1989;2913457;291345;Igrapiúna;29;BA;Bahia;2
1990;2913507;291350;Iguaí;29;BA;Bahia;2
1991;2913606;291360;Ilhéus;29;BA;Bahia;2
1992;2913705;291370;Inhambupe;29;BA;Bahia;2
1993;2913804;291380;Ipecaetá;29;BA;Bahia;2
1994;2913903;291390;Ipiaú;29;BA;Bahia;2
1995;2914000;291400;Ipirá;29;BA;Bahia;2
1996;2914109;291410;Ipupiara;29;BA;Bahia;2
1997;2914208;291420;Irajuba;29;BA;Bahia;2
1998;2914307;291430;Iramaia;29;BA;Bahia;2
1999;2914406;291440;Iraquara;29;BA;Bahia;2
2000;2914505;291450;Irará;29;BA;Bahia;2
2001;2914604;291460;Irecê;29;BA;Bahia;2
2002;2914653;291465;Itabela;29;BA;Bahia;2
2003;2914703;291470;Itaberaba;29;BA;Bahia;2
2004;2914802;291480;Itabuna;29;BA;Bahia;2
2005;2914901;291490;Itacaré;29;BA;Bahia;2
2006;2915007;291500;Itaeté;29;BA;Bahia;2
2007;2915106;291510;Itagi;29;BA;Bahia;2
2008;2915205;291520;Itagibá;29;BA;Bahia;2
2009;2915304;291530;Itagimirim;29;BA;Bahia;2
2010;2915353;291535;Itaguaçu da Bahia;29;BA;Bahia;2
2011;2915403;291540;Itaju do Colônia;29;BA;Bahia;2
2012;2915502;291550;Itajuípe;29;BA;Bahia;2
2013;2915601;291560;Itamaraju;29;BA;Bahia;2
2014;2915700;291570;Itamari;29;BA;Bahia;2
2015;2915809;291580;Itambé;29;BA;Bahia;2
2016;2915908;291590;Itanagra;29;BA;Bahia;2
2017;2916005;291600;Itanhém;29;BA;Bahia;2
2018;2916104;291610;Itaparica;29;BA;Bahia;2
2019;2916203;291620;Itapé;29;BA;Bahia;2
2020;2916302;291630;Itapebi;29;BA;Bahia;2
2021;2916401;291640;Itapetinga;29;BA;Bahia;2
2022;2916500;291650;Itapicuru;29;BA;Bahia;2
2023;2916609;291660;Itapitanga;29;BA;Bahia;2
2024;2916708;291670;Itaquara;29;BA;Bahia;2
2025;2916807;291680;Itarantim;29;BA;Bahia;2
2026;2916856;291685;Itatim;29;BA;Bahia;2
2027;2916906;291690;Itiruçu;29;BA;Bahia;2
2028;2917003;291700;Itiúba;29;BA;Bahia;2
2029;2917102;291710;Itororó;29;BA;Bahia;2
2030;2917201;291720;Ituaçu;29;BA;Bahia;2
2031;2917300;291730;Ituberá;29;BA;Bahia;2
2032;2917334;291733;Iuiu;29;BA;Bahia;2
2033;2917359;291735;Jaborandi;29;BA;Bahia;2
2034;2917409;291740;Jacaraci;29;BA;Bahia;2
2035;2917508;291750;Jacobina;29;BA;Bahia;2
2036;2917607;291760;Jaguaquara;29;BA;Bahia;2
2037;2917706;291770;Jaguarari;29;BA;Bahia;2
2038;2917805;291780;Jaguaripe;29;BA;Bahia;2
2039;2917904;291790;Jandaíra;29;BA;Bahia;2
2040;2918001;291800;Jequié;29;BA;Bahia;2
2041;2918100;291810;Jeremoabo;29;BA;Bahia;2
2042;2918209;291820;Jiquiriçá;29;BA;Bahia;2
2043;2918308;291830;Jitaúna;29;BA;Bahia;2
2044;2918357;291835;João Dourado;29;BA;Bahia;2
2045;2918407;291840;Juazeiro;29;BA;Bahia;2
2046;2918456;291845;Jucuruçu;29;BA;Bahia;2
2047;2918506;291850;Jussara;29;BA;Bahia;2
2048;2918555;291855;Jussari;29;BA;Bahia;2
2049;2918605;291860;Jussiape;29;BA;Bahia;2
2050;2918704;291870;Lafaiete Coutinho;29;BA;Bahia;2
2051;2918753;291875;Lagoa Real;29;BA;Bahia;2
2052;2918803;291880;Laje;29;BA;Bahia;2
2053;2918902;291890;Lajedão;29;BA;Bahia;2
2054;2919009;291900;Lajedinho;29;BA;Bahia;2
2055;2919058;291905;Lajedo do Tabocal;29;BA;Bahia;2
2056;2919108;291910;Lamarão;29;BA;Bahia;2
2057;2919157;291915;Lapão;29;BA;Bahia;2
2058;2919207;291920;Lauro de Freitas;29;BA;Bahia;2
2059;2919306;291930;Lençóis;29;BA;Bahia;2
2060;2919405;291940;Licínio de Almeida;29;BA;Bahia;2
2061;2919504;291950;Livramento de Nossa Senhora;29;BA;Bahia;2
2062;2919553;291955;Luís Eduardo Magalhães;29;BA;Bahia;2
2063;2919603;291960;Macajuba;29;BA;Bahia;2
2064;2919702;291970;Macarani;29;BA;Bahia;2
2065;2919801;291980;Macaúbas;29;BA;Bahia;2
2066;2919900;291990;Macururé;29;BA;Bahia;2
2067;2919926;291992;Madre de Deus;29;BA;Bahia;2
2068;2919959;291995;Maetinga;29;BA;Bahia;2
2069;2920007;292000;Maiquinique;29;BA;Bahia;2
2070;2920106;292010;Mairi;29;BA;Bahia;2
2071;2920205;292020;Malhada;29;BA;Bahia;2
2072;2920304;292030;Malhada de Pedras;29;BA;Bahia;2
2073;2920403;292040;Manoel Vitorino;29;BA;Bahia;2
2074;2920452;292045;Mansidão;29;BA;Bahia;2
2075;2920502;292050;Maracás;29;BA;Bahia;2
2076;2920601;292060;Maragogipe;29;BA;Bahia;2
2077;2920700;292070;Maraú;29;BA;Bahia;2
2078;2920809;292080;Marcionílio Souza;29;BA;Bahia;2
2079;2920908;292090;Mascote;29;BA;Bahia;2
2080;2921005;292100;Mata de São João;29;BA;Bahia;2
2081;2921054;292105;Matina;29;BA;Bahia;2
2082;2921104;292110;Medeiros Neto;29;BA;Bahia;2
2083;2921203;292120;Miguel Calmon;29;BA;Bahia;2
2084;2921302;292130;Milagres;29;BA;Bahia;2
2085;2921401;292140;Mirangaba;29;BA;Bahia;2
2086;2921450;292145;Mirante;29;BA;Bahia;2
2087;2921500;292150;Monte Santo;29;BA;Bahia;2
2088;2921609;292160;Morpará;29;BA;Bahia;2
2089;2921708;292170;Morro do Chapéu;29;BA;Bahia;2
2090;2921807;292180;Mortugaba;29;BA;Bahia;2
2091;2921906;292190;Mucugê;29;BA;Bahia;2
2092;2922003;292200;Mucuri;29;BA;Bahia;2
2093;2922052;292205;Mulungu do Morro;29;BA;Bahia;2
2094;2922102;292210;Mundo Novo;29;BA;Bahia;2
2095;2922201;292220;Muniz Ferreira;29;BA;Bahia;2
2096;2922250;292225;Muquém do São Francisco;29;BA;Bahia;2
2097;2922300;292230;Muritiba;29;BA;Bahia;2
2098;2922409;292240;Mutuípe;29;BA;Bahia;2
2099;2922508;292250;Nazaré;29;BA;Bahia;2
2100;2922607;292260;Nilo Peçanha;29;BA;Bahia;2
2101;2922656;292265;Nordestina;29;BA;Bahia;2
2102;2922706;292270;Nova Canaã;29;BA;Bahia;2
2103;2922730;292273;Nova Fátima;29;BA;Bahia;2
2104;2922755;292275;Nova Ibiá;29;BA;Bahia;2
2105;2922805;292280;Nova Itarana;29;BA;Bahia;2
2106;2922854;292285;Nova Redenção;29;BA;Bahia;2
2107;2922904;292290;Nova Soure;29;BA;Bahia;2
2108;2923001;292300;Nova Viçosa;29;BA;Bahia;2
2109;2923035;292303;Novo Horizonte;29;BA;Bahia;2
2110;2923050;292305;Novo Triunfo;29;BA;Bahia;2
2111;2923100;292310;Olindina;29;BA;Bahia;2
2112;2923209;292320;Oliveira dos Brejinhos;29;BA;Bahia;2
2113;2923308;292330;Ouriçangas;29;BA;Bahia;2
2114;2923357;292335;Ourolândia;29;BA;Bahia;2
2115;2923407;292340;Palmas de Monte Alto;29;BA;Bahia;2
2116;2923506;292350;Palmeiras;29;BA;Bahia;2
2117;2923605;292360;Paramirim;29;BA;Bahia;2
2118;2923704;292370;Paratinga;29;BA;Bahia;2
2119;2923803;292380;Paripiranga;29;BA;Bahia;2
2120;2923902;292390;Pau Brasil;29;BA;Bahia;2
2121;2924009;292400;Paulo Afonso;29;BA;Bahia;2
2122;2924058;292405;Pé de Serra;29;BA;Bahia;2
2123;2924108;292410;Pedrão;29;BA;Bahia;2
2124;2924207;292420;Pedro Alexandre;29;BA;Bahia;2
2125;2924306;292430;Piatã;29;BA;Bahia;2
2126;2924405;292440;Pilão Arcado;29;BA;Bahia;2
2127;2924504;292450;Pindaí;29;BA;Bahia;2
2128;2924603;292460;Pindobaçu;29;BA;Bahia;2
2129;2924652;292465;Pintadas;29;BA;Bahia;2
2130;2924678;292467;Piraí do Norte;29;BA;Bahia;2
2131;2924702;292470;Piripá;29;BA;Bahia;2
2132;2924801;292480;Piritiba;29;BA;Bahia;2
2133;2924900;292490;Planaltino;29;BA;Bahia;2
2134;2925006;292500;Planalto;29;BA;Bahia;2
2135;2925105;292510;Poções;29;BA;Bahia;2
2136;2925204;292520;Pojuca;29;BA;Bahia;2
2137;2925253;292525;Ponto Novo;29;BA;Bahia;2
2138;2925303;292530;Porto Seguro;29;BA;Bahia;2
2139;2925402;292540;Potiraguá;29;BA;Bahia;2
2140;2925501;292550;Prado;29;BA;Bahia;2
2141;2925600;292560;Presidente Dutra;29;BA;Bahia;2
2142;2925709;292570;Presidente Jânio Quadros;29;BA;Bahia;2
2143;2925758;292575;Presidente Tancredo Neves;29;BA;Bahia;2
2144;2925808;292580;Queimadas;29;BA;Bahia;2
2145;2925907;292590;Quijingue;29;BA;Bahia;2
2146;2925931;292593;Quixabeira;29;BA;Bahia;2
2147;2925956;292595;Rafael Jambeiro;29;BA;Bahia;2
2148;2926004;292600;Remanso;29;BA;Bahia;2
2149;2926103;292610;Retirolândia;29;BA;Bahia;2
2150;2926202;292620;Riachão das Neves;29;BA;Bahia;2
2151;2926301;292630;Riachão do Jacuípe;29;BA;Bahia;2
2152;2926400;292640;Riacho de Santana;29;BA;Bahia;2
2153;2926509;292650;Ribeira do Amparo;29;BA;Bahia;2
2154;2926608;292660;Ribeira do Pombal;29;BA;Bahia;2
2155;2926657;292665;Ribeirão do Largo;29;BA;Bahia;2
2156;2926707;292670;Rio de Contas;29;BA;Bahia;2
2157;2926806;292680;Rio do Antônio;29;BA;Bahia;2
2158;2926905;292690;Rio do Pires;29;BA;Bahia;2
2159;2927002;292700;Rio Real;29;BA;Bahia;2
2160;2927101;292710;Rodelas;29;BA;Bahia;2
2161;2927200;292720;Ruy Barbosa;29;BA;Bahia;2
2162;2927309;292730;Salinas da Margarida;29;BA;Bahia;2
2163;2927408;292740;Salvador;29;BA;Bahia;2
2164;2927507;292750;Santa Bárbara;29;BA;Bahia;2
2165;2927606;292760;Santa Brígida;29;BA;Bahia;2
2166;2927705;292770;Santa Cruz Cabrália;29;BA;Bahia;2
2167;2927804;292780;Santa Cruz da Vitória;29;BA;Bahia;2
2168;2927903;292790;Santa Inês;29;BA;Bahia;2
2169;2928000;292800;Santaluz;29;BA;Bahia;2
2170;2928059;292805;Santa Luzia;29;BA;Bahia;2
2171;2928109;292810;Santa Maria da Vitória;29;BA;Bahia;2
2172;2928208;292820;Santana;29;BA;Bahia;2
2173;2928307;292830;Santanópolis;29;BA;Bahia;2
2174;2928406;292840;Santa Rita de Cássia;29;BA;Bahia;2
2175;2928505;292850;Santa Terezinha;29;BA;Bahia;2
2176;2928604;292860;Santo Amaro;29;BA;Bahia;2
2177;2928703;292870;Santo Antônio de Jesus;29;BA;Bahia;2
2178;2928802;292880;Santo Estêvão;29;BA;Bahia;2
2179;2928901;292890;São Desidério;29;BA;Bahia;2
2180;2928950;292895;São Domingos;29;BA;Bahia;2
2181;2929008;292900;São Félix;29;BA;Bahia;2
2182;2929057;292905;São Félix do Coribe;29;BA;Bahia;2
2183;2929107;292910;São Felipe;29;BA;Bahia;2
2184;2929206;292920;São Francisco do Conde;29;BA;Bahia;2
2185;2929255;292925;São Gabriel;29;BA;Bahia;2
2186;2929305;292930;São Gonçalo dos Campos;29;BA;Bahia;2
2187;2929354;292935;São José da Vitória;29;BA;Bahia;2
2188;2929370;292937;São José do Jacuípe;29;BA;Bahia;2
2189;2929404;292940;São Miguel das Matas;29;BA;Bahia;2
2190;2929503;292950;São Sebastião do Passé;29;BA;Bahia;2
2191;2929602;292960;Sapeaçu;29;BA;Bahia;2
2192;2929701;292970;Sátiro Dias;29;BA;Bahia;2
2193;2929750;292975;Saubara;29;BA;Bahia;2
2194;2929800;292980;Saúde;29;BA;Bahia;2
2195;2929909;292990;Seabra;29;BA;Bahia;2
2196;2930006;293000;Sebastião Laranjeiras;29;BA;Bahia;2
2197;2930105;293010;Senhor do Bonfim;29;BA;Bahia;2
2198;2930154;293015;Serra do Ramalho;29;BA;Bahia;2
2199;2930204;293020;Sento Sé;29;BA;Bahia;2
2200;2930303;293030;Serra Dourada;29;BA;Bahia;2
2201;2930402;293040;Serra Preta;29;BA;Bahia;2
2202;2930501;293050;Serrinha;29;BA;Bahia;2
2203;2930600;293060;Serrolândia;29;BA;Bahia;2
2204;2930709;293070;Simões Filho;29;BA;Bahia;2
2205;2930758;293075;Sítio do Mato;29;BA;Bahia;2
2206;2930766;293076;Sítio do Quinto;29;BA;Bahia;2
2207;2930774;293077;Sobradinho;29;BA;Bahia;2
2208;2930808;293080;Souto Soares;29;BA;Bahia;2
2209;2930907;293090;Tabocas do Brejo Velho;29;BA;Bahia;2
2210;2931004;293100;Tanhaçu;29;BA;Bahia;2
2211;2931053;293105;Tanque Novo;29;BA;Bahia;2
2212;2931103;293110;Tanquinho;29;BA;Bahia;2
2213;2931202;293120;Taperoá;29;BA;Bahia;2
2214;2931301;293130;Tapiramutá;29;BA;Bahia;2
2215;2931350;293135;Teixeira de Freitas;29;BA;Bahia;2
2216;2931400;293140;Teodoro Sampaio;29;BA;Bahia;2
2217;2931509;293150;Teofilândia;29;BA;Bahia;2
2218;2931608;293160;Teolândia;29;BA;Bahia;2
2219;2931707;293170;Terra Nova;29;BA;Bahia;2
2220;2931806;293180;Tremedal;29;BA;Bahia;2
2221;2931905;293190;Tucano;29;BA;Bahia;2
2222;2932002;293200;Uauá;29;BA;Bahia;2
2223;2932101;293210;Ubaíra;29;BA;Bahia;2
2224;2932200;293220;Ubaitaba;29;BA;Bahia;2
2225;2932309;293230;Ubatã;29;BA;Bahia;2
2226;2932408;293240;Uibaí;29;BA;Bahia;2
2227;2932457;293245;Umburanas;29;BA;Bahia;2
2228;2932507;293250;Una;29;BA;Bahia;2
2229;2932606;293260;Urandi;29;BA;Bahia;2
2230;2932705;293270;Uruçuca;29;BA;Bahia;2
2231;2932804;293280;Utinga;29;BA;Bahia;2
2232;2932903;293290;Valença;29;BA;Bahia;2
2233;2933000;293300;Valente;29;BA;Bahia;2
2234;2933059;293305;Várzea da Roça;29;BA;Bahia;2
2235;2933109;293310;Várzea do Poço;29;BA;Bahia;2
2236;2933158;293315;Várzea Nova;29;BA;Bahia;2
2237;2933174;293317;Varzedo;29;BA;Bahia;2
2238;2933208;293320;Vera Cruz;29;BA;Bahia;2
2239;2933257;293325;Vereda;29;BA;Bahia;2
2240;2933307;293330;Vitória da Conquista;29;BA;Bahia;2
2241;2933406;293340;Wagner;29;BA;Bahia;2
2242;2933455;293345;Wanderley;29;BA;Bahia;2
2243;2933505;293350;Wenceslau Guimarães;29;BA;Bahia;2
2244;2933604;293360;Xique-Xique;29;BA;Bahia;2
2245;3100104;310010;Abadia dos Dourados;31;MG;Minas Gerais;3
2246;3100203;310020;Abaeté;31;MG;Minas Gerais;3
2247;3100302;310030;Abre Campo;31;MG;Minas Gerais;3
2248;3100401;310040;Acaiaca;31;MG;Minas Gerais;3
2249;3100500;310050;Açucena;31;MG;Minas Gerais;3
2250;3100609;310060;Água Boa;31;MG;Minas Gerais;3
2251;3100708;310070;Água Comprida;31;MG;Minas Gerais;3
2252;3100807;310080;Aguanil;31;MG;Minas Gerais;3
2253;3100906;310090;Águas Formosas;31;MG;Minas Gerais;3
2254;3101003;310100;Águas Vermelhas;31;MG;Minas Gerais;3
2255;3101102;310110;Aimorés;31;MG;Minas Gerais;3
2256;3101201;310120;Aiuruoca;31;MG;Minas Gerais;3
2257;3101300;310130;Alagoa;31;MG;Minas Gerais;3
2258;3101409;310140;Albertina;31;MG;Minas Gerais;3
2259;3101508;310150;Além Paraíba;31;MG;Minas Gerais;3
2260;3101607;310160;Alfenas;31;MG;Minas Gerais;3
2261;3101631;310163;Alfredo Vasconcelos;31;MG;Minas Gerais;3
2262;3101706;310170;Almenara;31;MG;Minas Gerais;3
2263;3101805;310180;Alpercata;31;MG;Minas Gerais;3
2264;3101904;310190;Alpinópolis;31;MG;Minas Gerais;3
2265;3102001;310200;Alterosa;31;MG;Minas Gerais;3
2266;3102050;310205;Alto Caparaó;31;MG;Minas Gerais;3
2267;3102100;310210;Alto Rio Doce;31;MG;Minas Gerais;3
2268;3102209;310220;Alvarenga;31;MG;Minas Gerais;3
2269;3102308;310230;Alvinópolis;31;MG;Minas Gerais;3
2270;3102407;310240;Alvorada de Minas;31;MG;Minas Gerais;3
2271;3102506;310250;Amparo do Serra;31;MG;Minas Gerais;3
2272;3102605;310260;Andradas;31;MG;Minas Gerais;3
2273;3102704;310270;Cachoeira de Pajeú;31;MG;Minas Gerais;3
2274;3102803;310280;Andrelândia;31;MG;Minas Gerais;3
2275;3102852;310285;Angelândia;31;MG;Minas Gerais;3
2276;3102902;310290;Antônio Carlos;31;MG;Minas Gerais;3
2277;3103009;310300;Antônio Dias;31;MG;Minas Gerais;3
2278;3103108;310310;Antônio Prado de Minas;31;MG;Minas Gerais;3
2279;3103207;310320;Araçaí;31;MG;Minas Gerais;3
2280;3103306;310330;Aracitaba;31;MG;Minas Gerais;3
2281;3103405;310340;Araçuaí;31;MG;Minas Gerais;3
2282;3103504;310350;Araguari;31;MG;Minas Gerais;3
2283;3103603;310360;Arantina;31;MG;Minas Gerais;3
2284;3103702;310370;Araponga;31;MG;Minas Gerais;3
2285;3103751;310375;Araporã;31;MG;Minas Gerais;3
2286;3103801;310380;Arapuá;31;MG;Minas Gerais;3
2287;3103900;310390;Araújos;31;MG;Minas Gerais;3
2288;3104007;310400;Araxá;31;MG;Minas Gerais;3
2289;3104106;310410;Arceburgo;31;MG;Minas Gerais;3
2290;3104205;310420;Arcos;31;MG;Minas Gerais;3
2291;3104304;310430;Areado;31;MG;Minas Gerais;3
2292;3104403;310440;Argirita;31;MG;Minas Gerais;3
2293;3104452;310445;Aricanduva;31;MG;Minas Gerais;3
2294;3104502;310450;Arinos;31;MG;Minas Gerais;3
2295;3104601;310460;Astolfo Dutra;31;MG;Minas Gerais;3
2296;3104700;310470;Ataléia;31;MG;Minas Gerais;3
2297;3104809;310480;Augusto de Lima;31;MG;Minas Gerais;3
2298;3104908;310490;Baependi;31;MG;Minas Gerais;3
2299;3105004;310500;Baldim;31;MG;Minas Gerais;3
2300;3105103;310510;Bambuí;31;MG;Minas Gerais;3
2301;3105202;310520;Bandeira;31;MG;Minas Gerais;3
2302;3105301;310530;Bandeira do Sul;31;MG;Minas Gerais;3
2303;3105400;310540;Barão de Cocais;31;MG;Minas Gerais;3
2304;3105509;310550;Barão de Monte Alto;31;MG;Minas Gerais;3
2305;3105608;310560;Barbacena;31;MG;Minas Gerais;3
2306;3105707;310570;Barra Longa;31;MG;Minas Gerais;3
2307;3105905;310590;Barroso;31;MG;Minas Gerais;3
2308;3106002;310600;Bela Vista de Minas;31;MG;Minas Gerais;3
2309;3106101;310610;Belmiro Braga;31;MG;Minas Gerais;3
2310;3106200;310620;Belo Horizonte;31;MG;Minas Gerais;3
2311;3106309;310630;Belo Oriente;31;MG;Minas Gerais;3
2312;3106408;310640;Belo Vale;31;MG;Minas Gerais;3
2313;3106507;310650;Berilo;31;MG;Minas Gerais;3
2314;3106606;310660;Bertópolis;31;MG;Minas Gerais;3
2315;3106655;310665;Berizal;31;MG;Minas Gerais;3
2316;3106705;310670;Betim;31;MG;Minas Gerais;3
2317;3106804;310680;Bias Fortes;31;MG;Minas Gerais;3
2318;3106903;310690;Bicas;31;MG;Minas Gerais;3
2319;3107000;310700;Biquinhas;31;MG;Minas Gerais;3
2320;3107109;310710;Boa Esperança;31;MG;Minas Gerais;3
2321;3107208;310720;Bocaina de Minas;31;MG;Minas Gerais;3
2322;3107307;310730;Bocaiúva;31;MG;Minas Gerais;3
2323;3107406;310740;Bom Despacho;31;MG;Minas Gerais;3
2324;3107505;310750;Bom Jardim de Minas;31;MG;Minas Gerais;3
2325;3107604;310760;Bom Jesus da Penha;31;MG;Minas Gerais;3
2326;3107703;310770;Bom Jesus do Amparo;31;MG;Minas Gerais;3
2327;3107802;310780;Bom Jesus do Galho;31;MG;Minas Gerais;3
2328;3107901;310790;Bom Repouso;31;MG;Minas Gerais;3
2329;3108008;310800;Bom Sucesso;31;MG;Minas Gerais;3
2330;3108107;310810;Bonfim;31;MG;Minas Gerais;3
2331;3108206;310820;Bonfinópolis de Minas;31;MG;Minas Gerais;3
2332;3108255;310825;Bonito de Minas;31;MG;Minas Gerais;3
2333;3108305;310830;Borda da Mata;31;MG;Minas Gerais;3
2334;3108404;310840;Botelhos;31;MG;Minas Gerais;3
2335;3108503;310850;Botumirim;31;MG;Minas Gerais;3
2336;3108552;310855;Brasilândia de Minas;31;MG;Minas Gerais;3
2337;3108602;310860;Brasília de Minas;31;MG;Minas Gerais;3
2338;3108701;310870;Brás Pires;31;MG;Minas Gerais;3
2339;3108800;310880;Braúnas;31;MG;Minas Gerais;3
2340;3108909;310890;Brazópolis;31;MG;Minas Gerais;3
2341;3109006;310900;Brumadinho;31;MG;Minas Gerais;3
2342;3109105;310910;Bueno Brandão;31;MG;Minas Gerais;3
2343;3109204;310920;Buenópolis;31;MG;Minas Gerais;3
2344;3109253;310925;Bugre;31;MG;Minas Gerais;3
2345;3109303;310930;Buritis;31;MG;Minas Gerais;3
2346;3109402;310940;Buritizeiro;31;MG;Minas Gerais;3
2347;3109451;310945;Cabeceira Grande;31;MG;Minas Gerais;3
2348;3109501;310950;Cabo Verde;31;MG;Minas Gerais;3
2349;3109600;310960;Cachoeira da Prata;31;MG;Minas Gerais;3
2350;3109709;310970;Cachoeira de Minas;31;MG;Minas Gerais;3
2351;3109808;310980;Cachoeira Dourada;31;MG;Minas Gerais;3
2352;3109907;310990;Caetanópolis;31;MG;Minas Gerais;3
2353;3110004;311000;Caeté;31;MG;Minas Gerais;3
2354;3110103;311010;Caiana;31;MG;Minas Gerais;3
2355;3110202;311020;Cajuri;31;MG;Minas Gerais;3
2356;3110301;311030;Caldas;31;MG;Minas Gerais;3
2357;3110400;311040;Camacho;31;MG;Minas Gerais;3
2358;3110509;311050;Camanducaia;31;MG;Minas Gerais;3
2359;3110608;311060;Cambuí;31;MG;Minas Gerais;3
2360;3110707;311070;Cambuquira;31;MG;Minas Gerais;3
2361;3110806;311080;Campanário;31;MG;Minas Gerais;3
2362;3110905;311090;Campanha;31;MG;Minas Gerais;3
2363;3111002;311100;Campestre;31;MG;Minas Gerais;3
2364;3111101;311110;Campina Verde;31;MG;Minas Gerais;3
2365;3111150;311115;Campo Azul;31;MG;Minas Gerais;3
2366;3111200;311120;Campo Belo;31;MG;Minas Gerais;3
2367;3111309;311130;Campo do Meio;31;MG;Minas Gerais;3
2368;3111408;311140;Campo Florido;31;MG;Minas Gerais;3
2369;3111507;311150;Campos Altos;31;MG;Minas Gerais;3
2370;3111606;311160;Campos Gerais;31;MG;Minas Gerais;3
2371;3111705;311170;Canaã;31;MG;Minas Gerais;3
2372;3111804;311180;Canápolis;31;MG;Minas Gerais;3
2373;3111903;311190;Cana Verde;31;MG;Minas Gerais;3
2374;3112000;311200;Candeias;31;MG;Minas Gerais;3
2375;3112059;311205;Cantagalo;31;MG;Minas Gerais;3
2376;3112109;311210;Caparaó;31;MG;Minas Gerais;3
2377;3112208;311220;Capela Nova;31;MG;Minas Gerais;3
2378;3112307;311230;Capelinha;31;MG;Minas Gerais;3
2379;3112406;311240;Capetinga;31;MG;Minas Gerais;3
2380;3112505;311250;Capim Branco;31;MG;Minas Gerais;3
2381;3112604;311260;Capinópolis;31;MG;Minas Gerais;3
2382;3112653;311265;Capitão Andrade;31;MG;Minas Gerais;3
2383;3112703;311270;Capitão Enéas;31;MG;Minas Gerais;3
2384;3112802;311280;Capitólio;31;MG;Minas Gerais;3
2385;3112901;311290;Caputira;31;MG;Minas Gerais;3
2386;3113008;311300;Caraí;31;MG;Minas Gerais;3
2387;3113107;311310;Caranaíba;31;MG;Minas Gerais;3
2388;3113206;311320;Carandaí;31;MG;Minas Gerais;3
2389;3113305;311330;Carangola;31;MG;Minas Gerais;3
2390;3113404;311340;Caratinga;31;MG;Minas Gerais;3
2391;3113503;311350;Carbonita;31;MG;Minas Gerais;3
2392;3113602;311360;Careaçu;31;MG;Minas Gerais;3
2393;3113701;311370;Carlos Chagas;31;MG;Minas Gerais;3
2394;3113800;311380;Carmésia;31;MG;Minas Gerais;3
2395;3113909;311390;Carmo da Cachoeira;31;MG;Minas Gerais;3
2396;3114006;311400;Carmo da Mata;31;MG;Minas Gerais;3
2397;3114105;311410;Carmo de Minas;31;MG;Minas Gerais;3
2398;3114204;311420;Carmo do Cajuru;31;MG;Minas Gerais;3
2399;3114303;311430;Carmo do Paranaíba;31;MG;Minas Gerais;3
2400;3114402;311440;Carmo do Rio Claro;31;MG;Minas Gerais;3
2401;3114501;311450;Carmópolis de Minas;31;MG;Minas Gerais;3
2402;3114550;311455;Carneirinho;31;MG;Minas Gerais;3
2403;3114600;311460;Carrancas;31;MG;Minas Gerais;3
2404;3114709;311470;Carvalhópolis;31;MG;Minas Gerais;3
2405;3114808;311480;Carvalhos;31;MG;Minas Gerais;3
2406;3114907;311490;Casa Grande;31;MG;Minas Gerais;3
2407;3115003;311500;Cascalho Rico;31;MG;Minas Gerais;3
2408;3115102;311510;Cássia;31;MG;Minas Gerais;3
2409;3115201;311520;Conceição da Barra de Minas;31;MG;Minas Gerais;3
2410;3115300;311530;Cataguases;31;MG;Minas Gerais;3
2411;3115359;311535;Catas Altas;31;MG;Minas Gerais;3
2412;3115409;311540;Catas Altas da Noruega;31;MG;Minas Gerais;3
2413;3115458;311545;Catuji;31;MG;Minas Gerais;3
2414;3115474;311547;Catuti;31;MG;Minas Gerais;3
2415;3115508;311550;Caxambu;31;MG;Minas Gerais;3
2416;3115607;311560;Cedro do Abaeté;31;MG;Minas Gerais;3
2417;3115706;311570;Central de Minas;31;MG;Minas Gerais;3
2418;3115805;311580;Centralina;31;MG;Minas Gerais;3
2419;3115904;311590;Chácara;31;MG;Minas Gerais;3
2420;3116001;311600;Chalé;31;MG;Minas Gerais;3
2421;3116100;311610;Chapada do Norte;31;MG;Minas Gerais;3
2422;3116159;311615;Chapada Gaúcha;31;MG;Minas Gerais;3
2423;3116209;311620;Chiador;31;MG;Minas Gerais;3
2424;3116308;311630;Cipotânea;31;MG;Minas Gerais;3
2425;3116407;311640;Claraval;31;MG;Minas Gerais;3
2426;3116506;311650;Claro dos Poções;31;MG;Minas Gerais;3
2427;3116605;311660;Cláudio;31;MG;Minas Gerais;3
2428;3116704;311670;Coimbra;31;MG;Minas Gerais;3
2429;3116803;311680;Coluna;31;MG;Minas Gerais;3
2430;3116902;311690;Comendador Gomes;31;MG;Minas Gerais;3
2431;3117009;311700;Comercinho;31;MG;Minas Gerais;3
2432;3117108;311710;Conceição da Aparecida;31;MG;Minas Gerais;3
2433;3117207;311720;Conceição das Pedras;31;MG;Minas Gerais;3
2434;3117306;311730;Conceição das Alagoas;31;MG;Minas Gerais;3
2435;3117405;311740;Conceição de Ipanema;31;MG;Minas Gerais;3
2436;3117504;311750;Conceição do Mato Dentro;31;MG;Minas Gerais;3
2437;3117603;311760;Conceição do Pará;31;MG;Minas Gerais;3
2438;3117702;311770;Conceição do Rio Verde;31;MG;Minas Gerais;3
2439;3117801;311780;Conceição dos Ouros;31;MG;Minas Gerais;3
2440;3117836;311783;Cônego Marinho;31;MG;Minas Gerais;3
2441;3117876;311787;Confins;31;MG;Minas Gerais;3
2442;3117900;311790;Congonhal;31;MG;Minas Gerais;3
2443;3118007;311800;Congonhas;31;MG;Minas Gerais;3
2444;3118106;311810;Congonhas do Norte;31;MG;Minas Gerais;3
2445;3118205;311820;Conquista;31;MG;Minas Gerais;3
2446;3118304;311830;Conselheiro Lafaiete;31;MG;Minas Gerais;3
2447;3118403;311840;Conselheiro Pena;31;MG;Minas Gerais;3
2448;3118502;311850;Consolação;31;MG;Minas Gerais;3
2449;3118601;311860;Contagem;31;MG;Minas Gerais;3
2450;3118700;311870;Coqueiral;31;MG;Minas Gerais;3
2451;3118809;311880;Coração de Jesus;31;MG;Minas Gerais;3
2452;3118908;311890;Cordisburgo;31;MG;Minas Gerais;3
2453;3119005;311900;Cordislândia;31;MG;Minas Gerais;3
2454;3119104;311910;Corinto;31;MG;Minas Gerais;3
2455;3119203;311920;Coroaci;31;MG;Minas Gerais;3
2456;3119302;311930;Coromandel;31;MG;Minas Gerais;3
2457;3119401;311940;Coronel Fabriciano;31;MG;Minas Gerais;3
2458;3119500;311950;Coronel Murta;31;MG;Minas Gerais;3
2459;3119609;311960;Coronel Pacheco;31;MG;Minas Gerais;3
2460;3119708;311970;Coronel Xavier Chaves;31;MG;Minas Gerais;3
2461;3119807;311980;Córrego Danta;31;MG;Minas Gerais;3
2462;3119906;311990;Córrego do Bom Jesus;31;MG;Minas Gerais;3
2463;3119955;311995;Córrego Fundo;31;MG;Minas Gerais;3
2464;3120003;312000;Córrego Novo;31;MG;Minas Gerais;3
2465;3120102;312010;Couto de Magalhães de Minas;31;MG;Minas Gerais;3
2466;3120151;312015;Crisólita;31;MG;Minas Gerais;3
2467;3120201;312020;Cristais;31;MG;Minas Gerais;3
2468;3120300;312030;Cristália;31;MG;Minas Gerais;3
2469;3120409;312040;Cristiano Otoni;31;MG;Minas Gerais;3
2470;3120508;312050;Cristina;31;MG;Minas Gerais;3
2471;3120607;312060;Crucilândia;31;MG;Minas Gerais;3
2472;3120706;312070;Cruzeiro da Fortaleza;31;MG;Minas Gerais;3
2473;3120805;312080;Cruzília;31;MG;Minas Gerais;3
2474;3120839;312083;Cuparaque;31;MG;Minas Gerais;3
2475;3120870;312087;Curral de Dentro;31;MG;Minas Gerais;3
2476;3120904;312090;Curvelo;31;MG;Minas Gerais;3
2477;3121001;312100;Datas;31;MG;Minas Gerais;3
2478;3121100;312110;Delfim Moreira;31;MG;Minas Gerais;3
2479;3121209;312120;Delfinópolis;31;MG;Minas Gerais;3
2480;3121258;312125;Delta;31;MG;Minas Gerais;3
2481;3121308;312130;Descoberto;31;MG;Minas Gerais;3
2482;3121407;312140;Desterro de Entre Rios;31;MG;Minas Gerais;3
2483;3121506;312150;Desterro do Melo;31;MG;Minas Gerais;3
2484;3121605;312160;Diamantina;31;MG;Minas Gerais;3
2485;3121704;312170;Diogo de Vasconcelos;31;MG;Minas Gerais;3
2486;3121803;312180;Dionísio;31;MG;Minas Gerais;3
2487;3121902;312190;Divinésia;31;MG;Minas Gerais;3
2488;3122009;312200;Divino;31;MG;Minas Gerais;3
2489;3122108;312210;Divino das Laranjeiras;31;MG;Minas Gerais;3
2490;3122207;312220;Divinolândia de Minas;31;MG;Minas Gerais;3
2491;3122306;312230;Divinópolis;31;MG;Minas Gerais;3
2492;3122355;312235;Divisa Alegre;31;MG;Minas Gerais;3
2493;3122405;312240;Divisa Nova;31;MG;Minas Gerais;3
2494;3122454;312245;Divisópolis;31;MG;Minas Gerais;3
2495;3122470;312247;Dom Bosco;31;MG;Minas Gerais;3
2496;3122504;312250;Dom Cavati;31;MG;Minas Gerais;3
2497;3122603;312260;Dom Joaquim;31;MG;Minas Gerais;3
2498;3122702;312270;Dom Silvério;31;MG;Minas Gerais;3
2499;3122801;312280;Dom Viçoso;31;MG;Minas Gerais;3
2500;3122900;312290;Dona Euzébia;31;MG;Minas Gerais;3
2501;3123007;312300;Dores de Campos;31;MG;Minas Gerais;3
2502;3123106;312310;Dores de Guanhães;31;MG;Minas Gerais;3
2503;3123205;312320;Dores do Indaiá;31;MG;Minas Gerais;3
2504;3123304;312330;Dores do Turvo;31;MG;Minas Gerais;3
2505;3123403;312340;Doresópolis;31;MG;Minas Gerais;3
2506;3123502;312350;Douradoquara;31;MG;Minas Gerais;3
2507;3123528;312352;Durandé;31;MG;Minas Gerais;3
2508;3123601;312360;Elói Mendes;31;MG;Minas Gerais;3
2509;3123700;312370;Engenheiro Caldas;31;MG;Minas Gerais;3
2510;3123809;312380;Engenheiro Navarro;31;MG;Minas Gerais;3
2511;3123858;312385;Entre Folhas;31;MG;Minas Gerais;3
2512;3123908;312390;Entre Rios de Minas;31;MG;Minas Gerais;3
2513;3124005;312400;Ervália;31;MG;Minas Gerais;3
2514;3124104;312410;Esmeraldas;31;MG;Minas Gerais;3
2515;3124203;312420;Espera Feliz;31;MG;Minas Gerais;3
2516;3124302;312430;Espinosa;31;MG;Minas Gerais;3
2517;3124401;312440;Espírito Santo do Dourado;31;MG;Minas Gerais;3
2518;3124500;312450;Estiva;31;MG;Minas Gerais;3
2519;3124609;312460;Estrela Dalva;31;MG;Minas Gerais;3
2520;3124708;312470;Estrela do Indaiá;31;MG;Minas Gerais;3
2521;3124807;312480;Estrela do Sul;31;MG;Minas Gerais;3
2522;3124906;312490;Eugenópolis;31;MG;Minas Gerais;3
2523;3125002;312500;Ewbank da Câmara;31;MG;Minas Gerais;3
2524;3125101;312510;Extrema;31;MG;Minas Gerais;3
2525;3125200;312520;Fama;31;MG;Minas Gerais;3
2526;3125309;312530;Faria Lemos;31;MG;Minas Gerais;3
2527;3125408;312540;Felício dos Santos;31;MG;Minas Gerais;3
2528;3125507;312550;São Gonçalo do Rio Preto;31;MG;Minas Gerais;3
2529;3125606;312560;Felisburgo;31;MG;Minas Gerais;3
2530;3125705;312570;Felixlândia;31;MG;Minas Gerais;3
2531;3125804;312580;Fernandes Tourinho;31;MG;Minas Gerais;3
2532;3125903;312590;Ferros;31;MG;Minas Gerais;3
2533;3125952;312595;Fervedouro;31;MG;Minas Gerais;3
2534;3126000;312600;Florestal;31;MG;Minas Gerais;3
2535;3126109;312610;Formiga;31;MG;Minas Gerais;3
2536;3126208;312620;Formoso;31;MG;Minas Gerais;3
2537;3126307;312630;Fortaleza de Minas;31;MG;Minas Gerais;3
2538;3126406;312640;Fortuna de Minas;31;MG;Minas Gerais;3
2539;3126505;312650;Francisco Badaró;31;MG;Minas Gerais;3
2540;3126604;312660;Francisco Dumont;31;MG;Minas Gerais;3
2541;3126703;312670;Francisco Sá;31;MG;Minas Gerais;3
2542;3126752;312675;Franciscópolis;31;MG;Minas Gerais;3
2543;3126802;312680;Frei Gaspar;31;MG;Minas Gerais;3
2544;3126901;312690;Frei Inocêncio;31;MG;Minas Gerais;3
2545;3126950;312695;Frei Lagonegro;31;MG;Minas Gerais;3
2546;3127008;312700;Fronteira;31;MG;Minas Gerais;3
2547;3127057;312705;Fronteira dos Vales;31;MG;Minas Gerais;3
2548;3127073;312707;Fruta de Leite;31;MG;Minas Gerais;3
2549;3127107;312710;Frutal;31;MG;Minas Gerais;3
2550;3127206;312720;Funilândia;31;MG;Minas Gerais;3
2551;3127305;312730;Galiléia;31;MG;Minas Gerais;3
2552;3127339;312733;Gameleiras;31;MG;Minas Gerais;3
2553;3127354;312735;Glaucilândia;31;MG;Minas Gerais;3
2554;3127370;312737;Goiabeira;31;MG;Minas Gerais;3
2555;3127388;312738;Goianá;31;MG;Minas Gerais;3
2556;3127404;312740;Gonçalves;31;MG;Minas Gerais;3
2557;3127503;312750;Gonzaga;31;MG;Minas Gerais;3
2558;3127602;312760;Gouveia;31;MG;Minas Gerais;3
2559;3127701;312770;Governador Valadares;31;MG;Minas Gerais;3
2560;3127800;312780;Grão Mogol;31;MG;Minas Gerais;3
2561;3127909;312790;Grupiara;31;MG;Minas Gerais;3
2562;3128006;312800;Guanhães;31;MG;Minas Gerais;3
2563;3128105;312810;Guapé;31;MG;Minas Gerais;3
2564;3128204;312820;Guaraciaba;31;MG;Minas Gerais;3
2565;3128253;312825;Guaraciama;31;MG;Minas Gerais;3
2566;3128303;312830;Guaranésia;31;MG;Minas Gerais;3
2567;3128402;312840;Guarani;31;MG;Minas Gerais;3
2568;3128501;312850;Guarará;31;MG;Minas Gerais;3
2569;3128600;312860;Guarda-Mor;31;MG;Minas Gerais;3
2570;3128709;312870;Guaxupé;31;MG;Minas Gerais;3
2571;3128808;312880;Guidoval;31;MG;Minas Gerais;3
2572;3128907;312890;Guimarânia;31;MG;Minas Gerais;3
2573;3129004;312900;Guiricema;31;MG;Minas Gerais;3
2574;3129103;312910;Gurinhatã;31;MG;Minas Gerais;3
2575;3129202;312920;Heliodora;31;MG;Minas Gerais;3
2576;3129301;312930;Iapu;31;MG;Minas Gerais;3
2577;3129400;312940;Ibertioga;31;MG;Minas Gerais;3
2578;3129509;312950;Ibiá;31;MG;Minas Gerais;3
2579;3129608;312960;Ibiaí;31;MG;Minas Gerais;3
2580;3129657;312965;Ibiracatu;31;MG;Minas Gerais;3
2581;3129707;312970;Ibiraci;31;MG;Minas Gerais;3
2582;3129806;312980;Ibirité;31;MG;Minas Gerais;3
2583;3129905;312990;Ibitiúra de Minas;31;MG;Minas Gerais;3
2584;3130002;313000;Ibituruna;31;MG;Minas Gerais;3
2585;3130051;313005;Icaraí de Minas;31;MG;Minas Gerais;3
2586;3130101;313010;Igarapé;31;MG;Minas Gerais;3
2587;3130200;313020;Igaratinga;31;MG;Minas Gerais;3
2588;3130309;313030;Iguatama;31;MG;Minas Gerais;3
2589;3130408;313040;Ijaci;31;MG;Minas Gerais;3
2590;3130507;313050;Ilicínea;31;MG;Minas Gerais;3
2591;3130556;313055;Imbé de Minas;31;MG;Minas Gerais;3
2592;3130606;313060;Inconfidentes;31;MG;Minas Gerais;3
2593;3130655;313065;Indaiabira;31;MG;Minas Gerais;3
2594;3130705;313070;Indianópolis;31;MG;Minas Gerais;3
2595;3130804;313080;Ingaí;31;MG;Minas Gerais;3
2596;3130903;313090;Inhapim;31;MG;Minas Gerais;3
2597;3131000;313100;Inhaúma;31;MG;Minas Gerais;3
2598;3131109;313110;Inimutaba;31;MG;Minas Gerais;3
2599;3131158;313115;Ipaba;31;MG;Minas Gerais;3
2600;3131208;313120;Ipanema;31;MG;Minas Gerais;3
2601;3131307;313130;Ipatinga;31;MG;Minas Gerais;3
2602;3131406;313140;Ipiaçu;31;MG;Minas Gerais;3
2603;3131505;313150;Ipuiúna;31;MG;Minas Gerais;3
2604;3131604;313160;Iraí de Minas;31;MG;Minas Gerais;3
2605;3131703;313170;Itabira;31;MG;Minas Gerais;3
2606;3131802;313180;Itabirinha;31;MG;Minas Gerais;3
2607;3131901;313190;Itabirito;31;MG;Minas Gerais;3
2608;3132008;313200;Itacambira;31;MG;Minas Gerais;3
2609;3132107;313210;Itacarambi;31;MG;Minas Gerais;3
2610;3132206;313220;Itaguara;31;MG;Minas Gerais;3
2611;3132305;313230;Itaipé;31;MG;Minas Gerais;3
2612;3132404;313240;Itajubá;31;MG;Minas Gerais;3
2613;3132503;313250;Itamarandiba;31;MG;Minas Gerais;3
2614;3132602;313260;Itamarati de Minas;31;MG;Minas Gerais;3
2615;3132701;313270;Itambacuri;31;MG;Minas Gerais;3
2616;3132800;313280;Itambé do Mato Dentro;31;MG;Minas Gerais;3
2617;3132909;313290;Itamogi;31;MG;Minas Gerais;3
2618;3133006;313300;Itamonte;31;MG;Minas Gerais;3
2619;3133105;313310;Itanhandu;31;MG;Minas Gerais;3
2620;3133204;313320;Itanhomi;31;MG;Minas Gerais;3
2621;3133303;313330;Itaobim;31;MG;Minas Gerais;3
2622;3133402;313340;Itapagipe;31;MG;Minas Gerais;3
2623;3133501;313350;Itapecerica;31;MG;Minas Gerais;3
2624;3133600;313360;Itapeva;31;MG;Minas Gerais;3
2625;3133709;313370;Itatiaiuçu;31;MG;Minas Gerais;3
2626;3133758;313375;Itaú de Minas;31;MG;Minas Gerais;3
2627;3133808;313380;Itaúna;31;MG;Minas Gerais;3
2628;3133907;313390;Itaverava;31;MG;Minas Gerais;3
2629;3134004;313400;Itinga;31;MG;Minas Gerais;3
2630;3134103;313410;Itueta;31;MG;Minas Gerais;3
2631;3134202;313420;Ituiutaba;31;MG;Minas Gerais;3
2632;3134301;313430;Itumirim;31;MG;Minas Gerais;3
2633;3134400;313440;Iturama;31;MG;Minas Gerais;3
2634;3134509;313450;Itutinga;31;MG;Minas Gerais;3
2635;3134608;313460;Jaboticatubas;31;MG;Minas Gerais;3
2636;3134707;313470;Jacinto;31;MG;Minas Gerais;3
2637;3134806;313480;Jacuí;31;MG;Minas Gerais;3
2638;3134905;313490;Jacutinga;31;MG;Minas Gerais;3
2639;3135001;313500;Jaguaraçu;31;MG;Minas Gerais;3
2640;3135050;313505;Jaíba;31;MG;Minas Gerais;3
2641;3135076;313507;Jampruca;31;MG;Minas Gerais;3
2642;3135100;313510;Janaúba;31;MG;Minas Gerais;3
2643;3135209;313520;Januária;31;MG;Minas Gerais;3
2644;3135308;313530;Japaraíba;31;MG;Minas Gerais;3
2645;3135357;313535;Japonvar;31;MG;Minas Gerais;3
2646;3135407;313540;Jeceaba;31;MG;Minas Gerais;3
2647;3135456;313545;Jenipapo de Minas;31;MG;Minas Gerais;3
2648;3135506;313550;Jequeri;31;MG;Minas Gerais;3
2649;3135605;313560;Jequitaí;31;MG;Minas Gerais;3
2650;3135704;313570;Jequitibá;31;MG;Minas Gerais;3
2651;3135803;313580;Jequitinhonha;31;MG;Minas Gerais;3
2652;3135902;313590;Jesuânia;31;MG;Minas Gerais;3
2653;3136009;313600;Joaíma;31;MG;Minas Gerais;3
2654;3136108;313610;Joanésia;31;MG;Minas Gerais;3
2655;3136207;313620;João Monlevade;31;MG;Minas Gerais;3
2656;3136306;313630;João Pinheiro;31;MG;Minas Gerais;3
2657;3136405;313640;Joaquim Felício;31;MG;Minas Gerais;3
2658;3136504;313650;Jordânia;31;MG;Minas Gerais;3
2659;3136520;313652;José Gonçalves de Minas;31;MG;Minas Gerais;3
2660;3136553;313655;José Raydan;31;MG;Minas Gerais;3
2661;3136579;313657;Josenópolis;31;MG;Minas Gerais;3
2662;3136603;313660;Nova União;31;MG;Minas Gerais;3
2663;3136652;313665;Juatuba;31;MG;Minas Gerais;3
2664;3136702;313670;Juiz de Fora;31;MG;Minas Gerais;3
2665;3136801;313680;Juramento;31;MG;Minas Gerais;3
2666;3136900;313690;Juruaia;31;MG;Minas Gerais;3
2667;3136959;313695;Juvenília;31;MG;Minas Gerais;3
2668;3137007;313700;Ladainha;31;MG;Minas Gerais;3
2669;3137106;313710;Lagamar;31;MG;Minas Gerais;3
2670;3137205;313720;Lagoa da Prata;31;MG;Minas Gerais;3
2671;3137304;313730;Lagoa dos Patos;31;MG;Minas Gerais;3
2672;3137403;313740;Lagoa Dourada;31;MG;Minas Gerais;3
2673;3137502;313750;Lagoa Formosa;31;MG;Minas Gerais;3
2674;3137536;313753;Lagoa Grande;31;MG;Minas Gerais;3
2675;3137601;313760;Lagoa Santa;31;MG;Minas Gerais;3
2676;3137700;313770;Lajinha;31;MG;Minas Gerais;3
2677;3137809;313780;Lambari;31;MG;Minas Gerais;3
2678;3137908;313790;Lamim;31;MG;Minas Gerais;3
2679;3138005;313800;Laranjal;31;MG;Minas Gerais;3
2680;3138104;313810;Lassance;31;MG;Minas Gerais;3
2681;3138203;313820;Lavras;31;MG;Minas Gerais;3
2682;3138302;313830;Leandro Ferreira;31;MG;Minas Gerais;3
2683;3138351;313835;Leme do Prado;31;MG;Minas Gerais;3
2684;3138401;313840;Leopoldina;31;MG;Minas Gerais;3
2685;3138500;313850;Liberdade;31;MG;Minas Gerais;3
2686;3138609;313860;Lima Duarte;31;MG;Minas Gerais;3
2687;3138625;313862;Limeira do Oeste;31;MG;Minas Gerais;3
2688;3138658;313865;Lontra;31;MG;Minas Gerais;3
2689;3138674;313867;Luisburgo;31;MG;Minas Gerais;3
2690;3138682;313868;Luislândia;31;MG;Minas Gerais;3
2691;3138708;313870;Luminárias;31;MG;Minas Gerais;3
2692;3138807;313880;Luz;31;MG;Minas Gerais;3
2693;3138906;313890;Machacalis;31;MG;Minas Gerais;3
2694;3139003;313900;Machado;31;MG;Minas Gerais;3
2695;3139102;313910;Madre de Deus de Minas;31;MG;Minas Gerais;3
2696;3139201;313920;Malacacheta;31;MG;Minas Gerais;3
2697;3139250;313925;Mamonas;31;MG;Minas Gerais;3
2698;3139300;313930;Manga;31;MG;Minas Gerais;3
2699;3139409;313940;Manhuaçu;31;MG;Minas Gerais;3
2700;3139508;313950;Manhumirim;31;MG;Minas Gerais;3
2701;3139607;313960;Mantena;31;MG;Minas Gerais;3
2702;3139706;313970;Maravilhas;31;MG;Minas Gerais;3
2703;3139805;313980;Mar de Espanha;31;MG;Minas Gerais;3
2704;3139904;313990;Maria da Fé;31;MG;Minas Gerais;3
2705;3140001;314000;Mariana;31;MG;Minas Gerais;3
2706;3140100;314010;Marilac;31;MG;Minas Gerais;3
2707;3140159;314015;Mário Campos;31;MG;Minas Gerais;3
2708;3140209;314020;Maripá de Minas;31;MG;Minas Gerais;3
2709;3140308;314030;Marliéria;31;MG;Minas Gerais;3
2710;3140407;314040;Marmelópolis;31;MG;Minas Gerais;3
2711;3140506;314050;Martinho Campos;31;MG;Minas Gerais;3
2712;3140530;314053;Martins Soares;31;MG;Minas Gerais;3
2713;3140555;314055;Mata Verde;31;MG;Minas Gerais;3
2714;3140605;314060;Materlândia;31;MG;Minas Gerais;3
2715;3140704;314070;Mateus Leme;31;MG;Minas Gerais;3
2716;3140803;314080;Matias Barbosa;31;MG;Minas Gerais;3
2717;3140852;314085;Matias Cardoso;31;MG;Minas Gerais;3
2718;3140902;314090;Matipó;31;MG;Minas Gerais;3
2719;3141009;314100;Mato Verde;31;MG;Minas Gerais;3
2720;3141108;314110;Matozinhos;31;MG;Minas Gerais;3
2721;3141207;314120;Matutina;31;MG;Minas Gerais;3
2722;3141306;314130;Medeiros;31;MG;Minas Gerais;3
2723;3141405;314140;Medina;31;MG;Minas Gerais;3
2724;3141504;314150;Mendes Pimentel;31;MG;Minas Gerais;3
2725;3141603;314160;Mercês;31;MG;Minas Gerais;3
2726;3141702;314170;Mesquita;31;MG;Minas Gerais;3
2727;3141801;314180;Minas Novas;31;MG;Minas Gerais;3
2728;3141900;314190;Minduri;31;MG;Minas Gerais;3
2729;3142007;314200;Mirabela;31;MG;Minas Gerais;3
2730;3142106;314210;Miradouro;31;MG;Minas Gerais;3
2731;3142205;314220;Miraí;31;MG;Minas Gerais;3
2732;3142254;314225;Miravânia;31;MG;Minas Gerais;3
2733;3142304;314230;Moeda;31;MG;Minas Gerais;3
2734;3142403;314240;Moema;31;MG;Minas Gerais;3
2735;3142502;314250;Monjolos;31;MG;Minas Gerais;3
2736;3142601;314260;Monsenhor Paulo;31;MG;Minas Gerais;3
2737;3142700;314270;Montalvânia;31;MG;Minas Gerais;3
2738;3142809;314280;Monte Alegre de Minas;31;MG;Minas Gerais;3
2739;3142908;314290;Monte Azul;31;MG;Minas Gerais;3
2740;3143005;314300;Monte Belo;31;MG;Minas Gerais;3
2741;3143104;314310;Monte Carmelo;31;MG;Minas Gerais;3
2742;3143153;314315;Monte Formoso;31;MG;Minas Gerais;3
2743;3143203;314320;Monte Santo de Minas;31;MG;Minas Gerais;3
2744;3143302;314330;Montes Claros;31;MG;Minas Gerais;3
2745;3143401;314340;Monte Sião;31;MG;Minas Gerais;3
2746;3143450;314345;Montezuma;31;MG;Minas Gerais;3
2747;3143500;314350;Morada Nova de Minas;31;MG;Minas Gerais;3
2748;3143609;314360;Morro da Garça;31;MG;Minas Gerais;3
2749;3143708;314370;Morro do Pilar;31;MG;Minas Gerais;3
2750;3143807;314380;Munhoz;31;MG;Minas Gerais;3
2751;3143906;314390;Muriaé;31;MG;Minas Gerais;3
2752;3144003;314400;Mutum;31;MG;Minas Gerais;3
2753;3144102;314410;Muzambinho;31;MG;Minas Gerais;3
2754;3144201;314420;Nacip Raydan;31;MG;Minas Gerais;3
2755;3144300;314430;Nanuque;31;MG;Minas Gerais;3
2756;3144359;314435;Naque;31;MG;Minas Gerais;3
2757;3144375;314437;Natalândia;31;MG;Minas Gerais;3
2758;3144409;314440;Natércia;31;MG;Minas Gerais;3
2759;3144508;314450;Nazareno;31;MG;Minas Gerais;3
2760;3144607;314460;Nepomuceno;31;MG;Minas Gerais;3
2761;3144656;314465;Ninheira;31;MG;Minas Gerais;3
2762;3144672;314467;Nova Belém;31;MG;Minas Gerais;3
2763;3144706;314470;Nova Era;31;MG;Minas Gerais;3
2764;3144805;314480;Nova Lima;31;MG;Minas Gerais;3
2765;3144904;314490;Nova Módica;31;MG;Minas Gerais;3
2766;3145000;314500;Nova Ponte;31;MG;Minas Gerais;3
2767;3145059;314505;Nova Porteirinha;31;MG;Minas Gerais;3
2768;3145109;314510;Nova Resende;31;MG;Minas Gerais;3
2769;3145208;314520;Nova Serrana;31;MG;Minas Gerais;3
2770;3145307;314530;Novo Cruzeiro;31;MG;Minas Gerais;3
2771;3145356;314535;Novo Oriente de Minas;31;MG;Minas Gerais;3
2772;3145372;314537;Novorizonte;31;MG;Minas Gerais;3
2773;3145406;314540;Olaria;31;MG;Minas Gerais;3
2774;3145455;314545;Olhos-d'Água;31;MG;Minas Gerais;3
2775;3145505;314550;Olímpio Noronha;31;MG;Minas Gerais;3
2776;3145604;314560;Oliveira;31;MG;Minas Gerais;3
2777;3145703;314570;Oliveira Fortes;31;MG;Minas Gerais;3
2778;3145802;314580;Onça de Pitangui;31;MG;Minas Gerais;3
2779;3145851;314585;Oratórios;31;MG;Minas Gerais;3
2780;3145877;314587;Orizânia;31;MG;Minas Gerais;3
2781;3145901;314590;Ouro Branco;31;MG;Minas Gerais;3
2782;3146008;314600;Ouro Fino;31;MG;Minas Gerais;3
2783;3146107;314610;Ouro Preto;31;MG;Minas Gerais;3
2784;3146206;314620;Ouro Verde de Minas;31;MG;Minas Gerais;3
2785;3146255;314625;Padre Carvalho;31;MG;Minas Gerais;3
2786;3146305;314630;Padre Paraíso;31;MG;Minas Gerais;3
2787;3146404;314640;Paineiras;31;MG;Minas Gerais;3
2788;3146503;314650;Pains;31;MG;Minas Gerais;3
2789;3146552;314655;Pai Pedro;31;MG;Minas Gerais;3
2790;3146602;314660;Paiva;31;MG;Minas Gerais;3
2791;3146701;314670;Palma;31;MG;Minas Gerais;3
2792;3146750;314675;Palmópolis;31;MG;Minas Gerais;3
2793;3146909;314690;Papagaios;31;MG;Minas Gerais;3
2794;3147006;314700;Paracatu;31;MG;Minas Gerais;3
2795;3147105;314710;Pará de Minas;31;MG;Minas Gerais;3
2796;3147204;314720;Paraguaçu;31;MG;Minas Gerais;3
2797;3147303;314730;Paraisópolis;31;MG;Minas Gerais;3
2798;3147402;314740;Paraopeba;31;MG;Minas Gerais;3
2799;3147501;314750;Passabém;31;MG;Minas Gerais;3
2800;3147600;314760;Passa Quatro;31;MG;Minas Gerais;3
2801;3147709;314770;Passa Tempo;31;MG;Minas Gerais;3
2802;3147808;314780;Passa Vinte;31;MG;Minas Gerais;3
2803;3147907;314790;Passos;31;MG;Minas Gerais;3
2804;3147956;314795;Patis;31;MG;Minas Gerais;3
2805;3148004;314800;Patos de Minas;31;MG;Minas Gerais;3
2806;3148103;314810;Patrocínio;31;MG;Minas Gerais;3
2807;3148202;314820;Patrocínio do Muriaé;31;MG;Minas Gerais;3
2808;3148301;314830;Paula Cândido;31;MG;Minas Gerais;3
2809;3148400;314840;Paulistas;31;MG;Minas Gerais;3
2810;3148509;314850;Pavão;31;MG;Minas Gerais;3
2811;3148608;314860;Peçanha;31;MG;Minas Gerais;3
2812;3148707;314870;Pedra Azul;31;MG;Minas Gerais;3
2813;3148756;314875;Pedra Bonita;31;MG;Minas Gerais;3
2814;3148806;314880;Pedra do Anta;31;MG;Minas Gerais;3
2815;3148905;314890;Pedra do Indaiá;31;MG;Minas Gerais;3
2816;3149002;314900;Pedra Dourada;31;MG;Minas Gerais;3
2817;3149101;314910;Pedralva;31;MG;Minas Gerais;3
2818;3149150;314915;Pedras de Maria da Cruz;31;MG;Minas Gerais;3
2819;3149200;314920;Pedrinópolis;31;MG;Minas Gerais;3
2820;3149309;314930;Pedro Leopoldo;31;MG;Minas Gerais;3
2821;3149408;314940;Pedro Teixeira;31;MG;Minas Gerais;3
2822;3149507;314950;Pequeri;31;MG;Minas Gerais;3
2823;3149606;314960;Pequi;31;MG;Minas Gerais;3
2824;3149705;314970;Perdigão;31;MG;Minas Gerais;3
2825;3149804;314980;Perdizes;31;MG;Minas Gerais;3
2826;3149903;314990;Perdões;31;MG;Minas Gerais;3
2827;3149952;314995;Periquito;31;MG;Minas Gerais;3
2828;3150000;315000;Pescador;31;MG;Minas Gerais;3
2829;3150109;315010;Piau;31;MG;Minas Gerais;3
2830;3150158;315015;Piedade de Caratinga;31;MG;Minas Gerais;3
2831;3150208;315020;Piedade de Ponte Nova;31;MG;Minas Gerais;3
2832;3150307;315030;Piedade do Rio Grande;31;MG;Minas Gerais;3
2833;3150406;315040;Piedade dos Gerais;31;MG;Minas Gerais;3
2834;3150505;315050;Pimenta;31;MG;Minas Gerais;3
2835;3150539;315053;Pingo-d'Água;31;MG;Minas Gerais;3
2836;3150570;315057;Pintópolis;31;MG;Minas Gerais;3
2837;3150604;315060;Piracema;31;MG;Minas Gerais;3
2838;3150703;315070;Pirajuba;31;MG;Minas Gerais;3
2839;3150802;315080;Piranga;31;MG;Minas Gerais;3
2840;3150901;315090;Piranguçu;31;MG;Minas Gerais;3
2841;3151008;315100;Piranguinho;31;MG;Minas Gerais;3
2842;3151107;315110;Pirapetinga;31;MG;Minas Gerais;3
2843;3151206;315120;Pirapora;31;MG;Minas Gerais;3
2844;3151305;315130;Piraúba;31;MG;Minas Gerais;3
2845;3151404;315140;Pitangui;31;MG;Minas Gerais;3
2846;3151503;315150;Piumhi;31;MG;Minas Gerais;3
2847;3151602;315160;Planura;31;MG;Minas Gerais;3
2848;3151701;315170;Poço Fundo;31;MG;Minas Gerais;3
2849;3151800;315180;Poços de Caldas;31;MG;Minas Gerais;3
2850;3151909;315190;Pocrane;31;MG;Minas Gerais;3
2851;3152006;315200;Pompéu;31;MG;Minas Gerais;3
2852;3152105;315210;Ponte Nova;31;MG;Minas Gerais;3
2853;3152131;315213;Ponto Chique;31;MG;Minas Gerais;3
2854;3152170;315217;Ponto dos Volantes;31;MG;Minas Gerais;3
2855;3152204;315220;Porteirinha;31;MG;Minas Gerais;3
2856;3152303;315230;Porto Firme;31;MG;Minas Gerais;3
2857;3152402;315240;Poté;31;MG;Minas Gerais;3
2858;3152501;315250;Pouso Alegre;31;MG;Minas Gerais;3
2859;3152600;315260;Pouso Alto;31;MG;Minas Gerais;3
2860;3152709;315270;Prados;31;MG;Minas Gerais;3
2861;3152808;315280;Prata;31;MG;Minas Gerais;3
2862;3152907;315290;Pratápolis;31;MG;Minas Gerais;3
2863;3153004;315300;Pratinha;31;MG;Minas Gerais;3
2864;3153103;315310;Presidente Bernardes;31;MG;Minas Gerais;3
2865;3153202;315320;Presidente Juscelino;31;MG;Minas Gerais;3
2866;3153301;315330;Presidente Kubitschek;31;MG;Minas Gerais;3
2867;3153400;315340;Presidente Olegário;31;MG;Minas Gerais;3
2868;3153509;315350;Alto Jequitibá;31;MG;Minas Gerais;3
2869;3153608;315360;Prudente de Morais;31;MG;Minas Gerais;3
2870;3153707;315370;Quartel Geral;31;MG;Minas Gerais;3
2871;3153806;315380;Queluzito;31;MG;Minas Gerais;3
2872;3153905;315390;Raposos;31;MG;Minas Gerais;3
2873;3154002;315400;Raul Soares;31;MG;Minas Gerais;3
2874;3154101;315410;Recreio;31;MG;Minas Gerais;3
2875;3154150;315415;Reduto;31;MG;Minas Gerais;3
2876;3154200;315420;Resende Costa;31;MG;Minas Gerais;3
2877;3154309;315430;Resplendor;31;MG;Minas Gerais;3
2878;3154408;315440;Ressaquinha;31;MG;Minas Gerais;3
2879;3154457;315445;Riachinho;31;MG;Minas Gerais;3
2880;3154507;315450;Riacho dos Machados;31;MG;Minas Gerais;3
2881;3154606;315460;Ribeirão das Neves;31;MG;Minas Gerais;3
2882;3154705;315470;Ribeirão Vermelho;31;MG;Minas Gerais;3
2883;3154804;315480;Rio Acima;31;MG;Minas Gerais;3
2884;3154903;315490;Rio Casca;31;MG;Minas Gerais;3
2885;3155009;315500;Rio Doce;31;MG;Minas Gerais;3
2886;3155108;315510;Rio do Prado;31;MG;Minas Gerais;3
2887;3155207;315520;Rio Espera;31;MG;Minas Gerais;3
2888;3155306;315530;Rio Manso;31;MG;Minas Gerais;3
2889;3155405;315540;Rio Novo;31;MG;Minas Gerais;3
2890;3155504;315550;Rio Paranaíba;31;MG;Minas Gerais;3
2891;3155603;315560;Rio Pardo de Minas;31;MG;Minas Gerais;3
2892;3155702;315570;Rio Piracicaba;31;MG;Minas Gerais;3
2893;3155801;315580;Rio Pomba;31;MG;Minas Gerais;3
2894;3155900;315590;Rio Preto;31;MG;Minas Gerais;3
2895;3156007;315600;Rio Vermelho;31;MG;Minas Gerais;3
2896;3156106;315610;Ritápolis;31;MG;Minas Gerais;3
2897;3156205;315620;Rochedo de Minas;31;MG;Minas Gerais;3
2898;3156304;315630;Rodeiro;31;MG;Minas Gerais;3
2899;3156403;315640;Romaria;31;MG;Minas Gerais;3
2900;3156452;315645;Rosário da Limeira;31;MG;Minas Gerais;3
2901;3156502;315650;Rubelita;31;MG;Minas Gerais;3
2902;3156601;315660;Rubim;31;MG;Minas Gerais;3
2903;3156700;315670;Sabará;31;MG;Minas Gerais;3
2904;3156809;315680;Sabinópolis;31;MG;Minas Gerais;3
2905;3156908;315690;Sacramento;31;MG;Minas Gerais;3
2906;3157005;315700;Salinas;31;MG;Minas Gerais;3
2907;3157104;315710;Salto da Divisa;31;MG;Minas Gerais;3
2908;3157203;315720;Santa Bárbara;31;MG;Minas Gerais;3
2909;3157252;315725;Santa Bárbara do Leste;31;MG;Minas Gerais;3
2910;3157278;315727;Santa Bárbara do Monte Verde;31;MG;Minas Gerais;3
2911;3157302;315730;Santa Bárbara do Tugúrio;31;MG;Minas Gerais;3
2912;3157336;315733;Santa Cruz de Minas;31;MG;Minas Gerais;3
2913;3157377;315737;Santa Cruz de Salinas;31;MG;Minas Gerais;3
2914;3157401;315740;Santa Cruz do Escalvado;31;MG;Minas Gerais;3
2915;3157500;315750;Santa Efigênia de Minas;31;MG;Minas Gerais;3
2916;3157609;315760;Santa Fé de Minas;31;MG;Minas Gerais;3
2917;3157658;315765;Santa Helena de Minas;31;MG;Minas Gerais;3
2918;3157708;315770;Santa Juliana;31;MG;Minas Gerais;3
2919;3157807;315780;Santa Luzia;31;MG;Minas Gerais;3
2920;3157906;315790;Santa Margarida;31;MG;Minas Gerais;3
2921;3158003;315800;Santa Maria de Itabira;31;MG;Minas Gerais;3
2922;3158102;315810;Santa Maria do Salto;31;MG;Minas Gerais;3
2923;3158201;315820;Santa Maria do Suaçuí;31;MG;Minas Gerais;3
2924;3158300;315830;Santana da Vargem;31;MG;Minas Gerais;3
2925;3158409;315840;Santana de Cataguases;31;MG;Minas Gerais;3
2926;3158508;315850;Santana de Pirapama;31;MG;Minas Gerais;3
2927;3158607;315860;Santana do Deserto;31;MG;Minas Gerais;3
2928;3158706;315870;Santana do Garambéu;31;MG;Minas Gerais;3
2929;3158805;315880;Santana do Jacaré;31;MG;Minas Gerais;3
2930;3158904;315890;Santana do Manhuaçu;31;MG;Minas Gerais;3
2931;3158953;315895;Santana do Paraíso;31;MG;Minas Gerais;3
2932;3159001;315900;Santana do Riacho;31;MG;Minas Gerais;3
2933;3159100;315910;Santana dos Montes;31;MG;Minas Gerais;3
2934;3159209;315920;Santa Rita de Caldas;31;MG;Minas Gerais;3
2935;3159308;315930;Santa Rita de Jacutinga;31;MG;Minas Gerais;3
2936;3159357;315935;Santa Rita de Minas;31;MG;Minas Gerais;3
2937;3159407;315940;Santa Rita de Ibitipoca;31;MG;Minas Gerais;3
2938;3159506;315950;Santa Rita do Itueto;31;MG;Minas Gerais;3
2939;3159605;315960;Santa Rita do Sapucaí;31;MG;Minas Gerais;3
2940;3159704;315970;Santa Rosa da Serra;31;MG;Minas Gerais;3
2941;3159803;315980;Santa Vitória;31;MG;Minas Gerais;3
2942;3159902;315990;Santo Antônio do Amparo;31;MG;Minas Gerais;3
2943;3160009;316000;Santo Antônio do Aventureiro;31;MG;Minas Gerais;3
2944;3160108;316010;Santo Antônio do Grama;31;MG;Minas Gerais;3
2945;3160207;316020;Santo Antônio do Itambé;31;MG;Minas Gerais;3
2946;3160306;316030;Santo Antônio do Jacinto;31;MG;Minas Gerais;3
2947;3160405;316040;Santo Antônio do Monte;31;MG;Minas Gerais;3
2948;3160454;316045;Santo Antônio do Retiro;31;MG;Minas Gerais;3
2949;3160504;316050;Santo Antônio do Rio Abaixo;31;MG;Minas Gerais;3
2950;3160603;316060;Santo Hipólito;31;MG;Minas Gerais;3
2951;3160702;316070;Santos Dumont;31;MG;Minas Gerais;3
2952;3160801;316080;São Bento Abade;31;MG;Minas Gerais;3
2953;3160900;316090;São Brás do Suaçuí;31;MG;Minas Gerais;3
2954;3160959;316095;São Domingos das Dores;31;MG;Minas Gerais;3
2955;3161007;316100;São Domingos do Prata;31;MG;Minas Gerais;3
2956;3161056;316105;São Félix de Minas;31;MG;Minas Gerais;3
2957;3161106;316110;São Francisco;31;MG;Minas Gerais;3
2958;3161205;316120;São Francisco de Paula;31;MG;Minas Gerais;3
2959;3161304;316130;São Francisco de Sales;31;MG;Minas Gerais;3
2960;3161403;316140;São Francisco do Glória;31;MG;Minas Gerais;3
2961;3161502;316150;São Geraldo;31;MG;Minas Gerais;3
2962;3161601;316160;São Geraldo da Piedade;31;MG;Minas Gerais;3
2963;3161650;316165;São Geraldo do Baixio;31;MG;Minas Gerais;3
2964;3161700;316170;São Gonçalo do Abaeté;31;MG;Minas Gerais;3
2965;3161809;316180;São Gonçalo do Pará;31;MG;Minas Gerais;3
2966;3161908;316190;São Gonçalo do Rio Abaixo;31;MG;Minas Gerais;3
2967;3162005;316200;São Gonçalo do Sapucaí;31;MG;Minas Gerais;3
2968;3162104;316210;São Gotardo;31;MG;Minas Gerais;3
2969;3162203;316220;São João Batista do Glória;31;MG;Minas Gerais;3
2970;3162252;316225;São João da Lagoa;31;MG;Minas Gerais;3
2971;3162302;316230;São João da Mata;31;MG;Minas Gerais;3
2972;3162401;316240;São João da Ponte;31;MG;Minas Gerais;3
2973;3162450;316245;São João das Missões;31;MG;Minas Gerais;3
2974;3162500;316250;São João del Rei;31;MG;Minas Gerais;3
2975;3162559;316255;São João do Manhuaçu;31;MG;Minas Gerais;3
2976;3162575;316257;São João do Manteninha;31;MG;Minas Gerais;3
2977;3162609;316260;São João do Oriente;31;MG;Minas Gerais;3
2978;3162658;316265;São João do Pacuí;31;MG;Minas Gerais;3
2979;3162708;316270;São João do Paraíso;31;MG;Minas Gerais;3
2980;3162807;316280;São João Evangelista;31;MG;Minas Gerais;3
2981;3162906;316290;São João Nepomuceno;31;MG;Minas Gerais;3
2982;3162922;316292;São Joaquim de Bicas;31;MG;Minas Gerais;3
2983;3162948;316294;São José da Barra;31;MG;Minas Gerais;3
2984;3162955;316295;São José da Lapa;31;MG;Minas Gerais;3
2985;3163003;316300;São José da Safira;31;MG;Minas Gerais;3
2986;3163102;316310;São José da Varginha;31;MG;Minas Gerais;3
2987;3163201;316320;São José do Alegre;31;MG;Minas Gerais;3
2988;3163300;316330;São José do Divino;31;MG;Minas Gerais;3
2989;3163409;316340;São José do Goiabal;31;MG;Minas Gerais;3
2990;3163508;316350;São José do Jacuri;31;MG;Minas Gerais;3
2991;3163607;316360;São José do Mantimento;31;MG;Minas Gerais;3
2992;3163706;316370;São Lourenço;31;MG;Minas Gerais;3
2993;3163805;316380;São Miguel do Anta;31;MG;Minas Gerais;3
2994;3163904;316390;São Pedro da União;31;MG;Minas Gerais;3
2995;3164001;316400;São Pedro dos Ferros;31;MG;Minas Gerais;3
2996;3164100;316410;São Pedro do Suaçuí;31;MG;Minas Gerais;3
2997;3164209;316420;São Romão;31;MG;Minas Gerais;3
2998;3164308;316430;São Roque de Minas;31;MG;Minas Gerais;3
2999;3164407;316440;São Sebastião da Bela Vista;31;MG;Minas Gerais;3
3000;3164431;316443;São Sebastião da Vargem Alegre;31;MG;Minas Gerais;3
3001;3164472;316447;São Sebastião do Anta;31;MG;Minas Gerais;3
3002;3164506;316450;São Sebastião do Maranhão;31;MG;Minas Gerais;3
3003;3164605;316460;São Sebastião do Oeste;31;MG;Minas Gerais;3
3004;3164704;316470;São Sebastião do Paraíso;31;MG;Minas Gerais;3
3005;3164803;316480;São Sebastião do Rio Preto;31;MG;Minas Gerais;3
3006;3164902;316490;São Sebastião do Rio Verde;31;MG;Minas Gerais;3
3007;3165008;316500;São Tiago;31;MG;Minas Gerais;3
3008;3165107;316510;São Tomás de Aquino;31;MG;Minas Gerais;3
3009;3165206;316520;São Tomé das Letras;31;MG;Minas Gerais;3
3010;3165305;316530;São Vicente de Minas;31;MG;Minas Gerais;3
3011;3165404;316540;Sapucaí-Mirim;31;MG;Minas Gerais;3
3012;3165503;316550;Sardoá;31;MG;Minas Gerais;3
3013;3165537;316553;Sarzedo;31;MG;Minas Gerais;3
3014;3165552;316555;Setubinha;31;MG;Minas Gerais;3
3015;3165560;316556;Sem-Peixe;31;MG;Minas Gerais;3
3016;3165578;316557;Senador Amaral;31;MG;Minas Gerais;3
3017;3165602;316560;Senador Cortes;31;MG;Minas Gerais;3
3018;3165701;316570;Senador Firmino;31;MG;Minas Gerais;3
3019;3165800;316580;Senador José Bento;31;MG;Minas Gerais;3
3020;3165909;316590;Senador Modestino Gonçalves;31;MG;Minas Gerais;3
3021;3166006;316600;Senhora de Oliveira;31;MG;Minas Gerais;3
3022;3166105;316610;Senhora do Porto;31;MG;Minas Gerais;3
3023;3166204;316620;Senhora dos Remédios;31;MG;Minas Gerais;3
3024;3166303;316630;Sericita;31;MG;Minas Gerais;3
3025;3166402;316640;Seritinga;31;MG;Minas Gerais;3
3026;3166501;316650;Serra Azul de Minas;31;MG;Minas Gerais;3
3027;3166600;316660;Serra da Saudade;31;MG;Minas Gerais;3
3028;3166709;316670;Serra dos Aimorés;31;MG;Minas Gerais;3
3029;3166808;316680;Serra do Salitre;31;MG;Minas Gerais;3
3030;3166907;316690;Serrania;31;MG;Minas Gerais;3
3031;3166956;316695;Serranópolis de Minas;31;MG;Minas Gerais;3
3032;3167004;316700;Serranos;31;MG;Minas Gerais;3
3033;3167103;316710;Serro;31;MG;Minas Gerais;3
3034;3167202;316720;Sete Lagoas;31;MG;Minas Gerais;3
3035;3167301;316730;Silveirânia;31;MG;Minas Gerais;3
3036;3167400;316740;Silvianópolis;31;MG;Minas Gerais;3
3037;3167509;316750;Simão Pereira;31;MG;Minas Gerais;3
3038;3167608;316760;Simonésia;31;MG;Minas Gerais;3
3039;3167707;316770;Sobrália;31;MG;Minas Gerais;3
3040;3167806;316780;Soledade de Minas;31;MG;Minas Gerais;3
3041;3167905;316790;Tabuleiro;31;MG;Minas Gerais;3
3042;3168002;316800;Taiobeiras;31;MG;Minas Gerais;3
3043;3168051;316805;Taparuba;31;MG;Minas Gerais;3
3044;3168101;316810;Tapira;31;MG;Minas Gerais;3
3045;3168200;316820;Tapiraí;31;MG;Minas Gerais;3
3046;3168309;316830;Taquaraçu de Minas;31;MG;Minas Gerais;3
3047;3168408;316840;Tarumirim;31;MG;Minas Gerais;3
3048;3168507;316850;Teixeiras;31;MG;Minas Gerais;3
3049;3168606;316860;Teófilo Otoni;31;MG;Minas Gerais;3
3050;3168705;316870;Timóteo;31;MG;Minas Gerais;3
3051;3168804;316880;Tiradentes;31;MG;Minas Gerais;3
3052;3168903;316890;Tiros;31;MG;Minas Gerais;3
3053;3169000;316900;Tocantins;31;MG;Minas Gerais;3
3054;3169059;316905;Tocos do Moji;31;MG;Minas Gerais;3
3055;3169109;316910;Toledo;31;MG;Minas Gerais;3
3056;3169208;316920;Tombos;31;MG;Minas Gerais;3
3057;3169307;316930;Três Corações;31;MG;Minas Gerais;3
3058;3169356;316935;Três Marias;31;MG;Minas Gerais;3
3059;3169406;316940;Três Pontas;31;MG;Minas Gerais;3
3060;3169505;316950;Tumiritinga;31;MG;Minas Gerais;3
3061;3169604;316960;Tupaciguara;31;MG;Minas Gerais;3
3062;3169703;316970;Turmalina;31;MG;Minas Gerais;3
3063;3169802;316980;Turvolândia;31;MG;Minas Gerais;3
3064;3169901;316990;Ubá;31;MG;Minas Gerais;3
3065;3170008;317000;Ubaí;31;MG;Minas Gerais;3
3066;3170057;317005;Ubaporanga;31;MG;Minas Gerais;3
3067;3170107;317010;Uberaba;31;MG;Minas Gerais;3
3068;3170206;317020;Uberlândia;31;MG;Minas Gerais;3
3069;3170305;317030;Umburatiba;31;MG;Minas Gerais;3
3070;3170404;317040;Unaí;31;MG;Minas Gerais;3
3071;3170438;317043;União de Minas;31;MG;Minas Gerais;3
3072;3170479;317047;Uruana de Minas;31;MG;Minas Gerais;3
3073;3170503;317050;Urucânia;31;MG;Minas Gerais;3
3074;3170529;317052;Urucuia;31;MG;Minas Gerais;3
3075;3170578;317057;Vargem Alegre;31;MG;Minas Gerais;3
3076;3170602;317060;Vargem Bonita;31;MG;Minas Gerais;3
3077;3170651;317065;Vargem Grande do Rio Pardo;31;MG;Minas Gerais;3
3078;3170701;317070;Varginha;31;MG;Minas Gerais;3
3079;3170750;317075;Varjão de Minas;31;MG;Minas Gerais;3
3080;3170800;317080;Várzea da Palma;31;MG;Minas Gerais;3
3081;3170909;317090;Varzelândia;31;MG;Minas Gerais;3
3082;3171006;317100;Vazante;31;MG;Minas Gerais;3
3083;3171030;317103;Verdelândia;31;MG;Minas Gerais;3
3084;3171071;317107;Veredinha;31;MG;Minas Gerais;3
3085;3171105;317110;Veríssimo;31;MG;Minas Gerais;3
3086;3171154;317115;Vermelho Novo;31;MG;Minas Gerais;3
3087;3171204;317120;Vespasiano;31;MG;Minas Gerais;3
3088;3171303;317130;Viçosa;31;MG;Minas Gerais;3
3089;3171402;317140;Vieiras;31;MG;Minas Gerais;3
3090;3171501;317150;Mathias Lobato;31;MG;Minas Gerais;3
3091;3171600;317160;Virgem da Lapa;31;MG;Minas Gerais;3
3092;3171709;317170;Virgínia;31;MG;Minas Gerais;3
3093;3171808;317180;Virginópolis;31;MG;Minas Gerais;3
3094;3171907;317190;Virgolândia;31;MG;Minas Gerais;3
3095;3172004;317200;Visconde do Rio Branco;31;MG;Minas Gerais;3
3096;3172103;317210;Volta Grande;31;MG;Minas Gerais;3
3097;3172202;317220;Wenceslau Braz;31;MG;Minas Gerais;3
3098;3200102;320010;Afonso Cláudio;32;ES;Espirito Santo;3
3099;3200136;320013;Águia Branca;32;ES;Espirito Santo;3
3100;3200169;320016;Água Doce do Norte;32;ES;Espirito Santo;3
3101;3200201;320020;Alegre;32;ES;Espirito Santo;3
3102;3200300;320030;Alfredo Chaves;32;ES;Espirito Santo;3
3103;3200359;320035;Alto Rio Novo;32;ES;Espirito Santo;3
3104;3200409;320040;Anchieta;32;ES;Espirito Santo;3
3105;3200508;320050;Apiacá;32;ES;Espirito Santo;3
3106;3200607;320060;Aracruz;32;ES;Espirito Santo;3
3107;3200706;320070;Atílio Vivácqua;32;ES;Espirito Santo;3
3108;3200805;320080;Baixo Guandu;32;ES;Espirito Santo;3
3109;3200904;320090;Barra de São Francisco;32;ES;Espirito Santo;3
3110;3201001;320100;Boa Esperança;32;ES;Espirito Santo;3
3111;3201100;320110;Bom Jesus do Norte;32;ES;Espirito Santo;3
3112;3201159;320115;Brejetuba;32;ES;Espirito Santo;3
3113;3201209;320120;Cachoeiro de Itapemirim;32;ES;Espirito Santo;3
3114;3201308;320130;Cariacica;32;ES;Espirito Santo;3
3115;3201407;320140;Castelo;32;ES;Espirito Santo;3
3116;3201506;320150;Colatina;32;ES;Espirito Santo;3
3117;3201605;320160;Conceição da Barra;32;ES;Espirito Santo;3
3118;3201704;320170;Conceição do Castelo;32;ES;Espirito Santo;3
3119;3201803;320180;Divino de São Lourenço;32;ES;Espirito Santo;3
3120;3201902;320190;Domingos Martins;32;ES;Espirito Santo;3
3121;3202009;320200;Dores do Rio Preto;32;ES;Espirito Santo;3
3122;3202108;320210;Ecoporanga;32;ES;Espirito Santo;3
3123;3202207;320220;Fundão;32;ES;Espirito Santo;3
3124;3202256;320225;Governador Lindenberg;32;ES;Espirito Santo;3
3125;3202306;320230;Guaçuí;32;ES;Espirito Santo;3
3126;3202405;320240;Guarapari;32;ES;Espirito Santo;3
3127;3202454;320245;Ibatiba;32;ES;Espirito Santo;3
3128;3202504;320250;Ibiraçu;32;ES;Espirito Santo;3
3129;3202553;320255;Ibitirama;32;ES;Espirito Santo;3
3130;3202603;320260;Iconha;32;ES;Espirito Santo;3
3131;3202652;320265;Irupi;32;ES;Espirito Santo;3
3132;3202702;320270;Itaguaçu;32;ES;Espirito Santo;3
3133;3202801;320280;Itapemirim;32;ES;Espirito Santo;3
3134;3202900;320290;Itarana;32;ES;Espirito Santo;3
3135;3203007;320300;Iúna;32;ES;Espirito Santo;3
3136;3203056;320305;Jaguaré;32;ES;Espirito Santo;3
3137;3203106;320310;Jerônimo Monteiro;32;ES;Espirito Santo;3
3138;3203130;320313;João Neiva;32;ES;Espirito Santo;3
3139;3203163;320316;Laranja da Terra;32;ES;Espirito Santo;3
3140;3203205;320320;Linhares;32;ES;Espirito Santo;3
3141;3203304;320330;Mantenópolis;32;ES;Espirito Santo;3
3142;3203320;320332;Marataízes;32;ES;Espirito Santo;3
3143;3203346;320334;Marechal Floriano;32;ES;Espirito Santo;3
3144;3203353;320335;Marilândia;32;ES;Espirito Santo;3
3145;3203403;320340;Mimoso do Sul;32;ES;Espirito Santo;3
3146;3203502;320350;Montanha;32;ES;Espirito Santo;3
3147;3203601;320360;Mucurici;32;ES;Espirito Santo;3
3148;3203700;320370;Muniz Freire;32;ES;Espirito Santo;3
3149;3203809;320380;Muqui;32;ES;Espirito Santo;3
3150;3203908;320390;Nova Venécia;32;ES;Espirito Santo;3
3151;3204005;320400;Pancas;32;ES;Espirito Santo;3
3152;3204054;320405;Pedro Canário;32;ES;Espirito Santo;3
3153;3204104;320410;Pinheiros;32;ES;Espirito Santo;3
3154;3204203;320420;Piúma;32;ES;Espirito Santo;3
3155;3204252;320425;Ponto Belo;32;ES;Espirito Santo;3
3156;3204302;320430;Presidente Kennedy;32;ES;Espirito Santo;3
3157;3204351;320435;Rio Bananal;32;ES;Espirito Santo;3
3158;3204401;320440;Rio Novo do Sul;32;ES;Espirito Santo;3
3159;3204500;320450;Santa Leopoldina;32;ES;Espirito Santo;3
3160;3204559;320455;Santa Maria de Jetibá;32;ES;Espirito Santo;3
3161;3204609;320460;Santa Teresa;32;ES;Espirito Santo;3
3162;3204658;320465;São Domingos do Norte;32;ES;Espirito Santo;3
3163;3204708;320470;São Gabriel da Palha;32;ES;Espirito Santo;3
3164;3204807;320480;São José do Calçado;32;ES;Espirito Santo;3
3165;3204906;320490;São Mateus;32;ES;Espirito Santo;3
3166;3204955;320495;São Roque do Canaã;32;ES;Espirito Santo;3
3167;3205002;320500;Serra;32;ES;Espirito Santo;3
3168;3205010;320501;Sooretama;32;ES;Espirito Santo;3
3169;3205036;320503;Vargem Alta;32;ES;Espirito Santo;3
3170;3205069;320506;Venda Nova do Imigrante;32;ES;Espirito Santo;3
3171;3205101;320510;Viana;32;ES;Espirito Santo;3
3172;3205150;320515;Vila Pavão;32;ES;Espirito Santo;3
3173;3205176;320517;Vila Valério;32;ES;Espirito Santo;3
3174;3205200;320520;Vila Velha;32;ES;Espirito Santo;3
3175;3205309;320530;Vitória;32;ES;Espirito Santo;3
3176;3300100;330010;Angra dos Reis;33;RJ;Rio de Janeiro;3
3177;3300159;330015;Aperibé;33;RJ;Rio de Janeiro;3
3178;3300209;330020;Araruama;33;RJ;Rio de Janeiro;3
3179;3300225;330022;Areal;33;RJ;Rio de Janeiro;3
3180;3300233;330023;Armação dos Búzios;33;RJ;Rio de Janeiro;3
3181;3300258;330025;Arraial do Cabo;33;RJ;Rio de Janeiro;3
3182;3300308;330030;Barra do Piraí;33;RJ;Rio de Janeiro;3
3183;3300407;330040;Barra Mansa;33;RJ;Rio de Janeiro;3
3184;3300456;330045;Belford Roxo;33;RJ;Rio de Janeiro;3
3185;3300506;330050;Bom Jardim;33;RJ;Rio de Janeiro;3
3186;3300605;330060;Bom Jesus do Itabapoana;33;RJ;Rio de Janeiro;3
3187;3300704;330070;Cabo Frio;33;RJ;Rio de Janeiro;3
3188;3300803;330080;Cachoeiras de Macacu;33;RJ;Rio de Janeiro;3
3189;3300902;330090;Cambuci;33;RJ;Rio de Janeiro;3
3190;3300936;330093;Carapebus;33;RJ;Rio de Janeiro;3
3191;3300951;330095;Comendador Levy Gasparian;33;RJ;Rio de Janeiro;3
3192;3301009;330100;Campos dos Goytacazes;33;RJ;Rio de Janeiro;3
3193;3301108;330110;Cantagalo;33;RJ;Rio de Janeiro;3
3194;3301157;330115;Cardoso Moreira;33;RJ;Rio de Janeiro;3
3195;3301207;330120;Carmo;33;RJ;Rio de Janeiro;3
3196;3301306;330130;Casimiro de Abreu;33;RJ;Rio de Janeiro;3
3197;3301405;330140;Conceição de Macabu;33;RJ;Rio de Janeiro;3
3198;3301504;330150;Cordeiro;33;RJ;Rio de Janeiro;3
3199;3301603;330160;Duas Barras;33;RJ;Rio de Janeiro;3
3200;3301702;330170;Duque de Caxias;33;RJ;Rio de Janeiro;3
3201;3301801;330180;Engenheiro Paulo de Frontin;33;RJ;Rio de Janeiro;3
3202;3301850;330185;Guapimirim;33;RJ;Rio de Janeiro;3
3203;3301876;330187;Iguaba Grande;33;RJ;Rio de Janeiro;3
3204;3301900;330190;Itaboraí;33;RJ;Rio de Janeiro;3
3205;3302007;330200;Itaguaí;33;RJ;Rio de Janeiro;3
3206;3302056;330205;Italva;33;RJ;Rio de Janeiro;3
3207;3302106;330210;Itaocara;33;RJ;Rio de Janeiro;3
3208;3302205;330220;Itaperuna;33;RJ;Rio de Janeiro;3
3209;3302254;330225;Itatiaia;33;RJ;Rio de Janeiro;3
3210;3302270;330227;Japeri;33;RJ;Rio de Janeiro;3
3211;3302304;330230;Laje do Muriaé;33;RJ;Rio de Janeiro;3
3212;3302403;330240;Macaé;33;RJ;Rio de Janeiro;3
3213;3302452;330245;Macuco;33;RJ;Rio de Janeiro;3
3214;3302502;330250;Magé;33;RJ;Rio de Janeiro;3
3215;3302601;330260;Mangaratiba;33;RJ;Rio de Janeiro;3
3216;3302700;330270;Maricá;33;RJ;Rio de Janeiro;3
3217;3302809;330280;Mendes;33;RJ;Rio de Janeiro;3
3218;3302858;330285;Mesquita;33;RJ;Rio de Janeiro;3
3219;3302908;330290;Miguel Pereira;33;RJ;Rio de Janeiro;3
3220;3303005;330300;Miracema;33;RJ;Rio de Janeiro;3
3221;3303104;330310;Natividade;33;RJ;Rio de Janeiro;3
3222;3303203;330320;Nilópolis;33;RJ;Rio de Janeiro;3
3223;3303302;330330;Niterói;33;RJ;Rio de Janeiro;3
3224;3303401;330340;Nova Friburgo;33;RJ;Rio de Janeiro;3
3225;3303500;330350;Nova Iguaçu;33;RJ;Rio de Janeiro;3
3226;3303609;330360;Paracambi;33;RJ;Rio de Janeiro;3
3227;3303708;330370;Paraíba do Sul;33;RJ;Rio de Janeiro;3
3228;3303807;330380;Paraty;33;RJ;Rio de Janeiro;3
3229;3303856;330385;Paty do Alferes;33;RJ;Rio de Janeiro;3
3230;3303906;330390;Petrópolis;33;RJ;Rio de Janeiro;3
3231;3303955;330395;Pinheiral;33;RJ;Rio de Janeiro;3
3232;3304003;330400;Piraí;33;RJ;Rio de Janeiro;3
3233;3304102;330410;Porciúncula;33;RJ;Rio de Janeiro;3
3234;3304110;330411;Porto Real;33;RJ;Rio de Janeiro;3
3235;3304128;330412;Quatis;33;RJ;Rio de Janeiro;3
3236;3304144;330414;Queimados;33;RJ;Rio de Janeiro;3
3237;3304151;330415;Quissamã;33;RJ;Rio de Janeiro;3
3238;3304201;330420;Resende;33;RJ;Rio de Janeiro;3
3239;3304300;330430;Rio Bonito;33;RJ;Rio de Janeiro;3
3240;3304409;330440;Rio Claro;33;RJ;Rio de Janeiro;3
3241;3304508;330450;Rio das Flores;33;RJ;Rio de Janeiro;3
3242;3304524;330452;Rio das Ostras;33;RJ;Rio de Janeiro;3
3243;3304557;330455;Rio de Janeiro;33;RJ;Rio de Janeiro;3
3244;3304607;330460;Santa Maria Madalena;33;RJ;Rio de Janeiro;3
3245;3304706;330470;Santo Antônio de Pádua;33;RJ;Rio de Janeiro;3
3246;3304755;330475;São Francisco de Itabapoana;33;RJ;Rio de Janeiro;3
3247;3304805;330480;São Fidélis;33;RJ;Rio de Janeiro;3
3248;3304904;330490;São Gonçalo;33;RJ;Rio de Janeiro;3
3249;3305000;330500;São João da Barra;33;RJ;Rio de Janeiro;3
3250;3305109;330510;São João de Meriti;33;RJ;Rio de Janeiro;3
3251;3305133;330513;São José de Ubá;33;RJ;Rio de Janeiro;3
3252;3305158;330515;São José do Vale do Rio Preto;33;RJ;Rio de Janeiro;3
3253;3305208;330520;São Pedro da Aldeia;33;RJ;Rio de Janeiro;3
3254;3305307;330530;São Sebastião do Alto;33;RJ;Rio de Janeiro;3
3255;3305406;330540;Sapucaia;33;RJ;Rio de Janeiro;3
3256;3305505;330550;Saquarema;33;RJ;Rio de Janeiro;3
3257;3305554;330555;Seropédica;33;RJ;Rio de Janeiro;3
3258;3305604;330560;Silva Jardim;33;RJ;Rio de Janeiro;3
3259;3305703;330570;Sumidouro;33;RJ;Rio de Janeiro;3
3260;3305752;330575;Tanguá;33;RJ;Rio de Janeiro;3
3261;3305802;330580;Teresópolis;33;RJ;Rio de Janeiro;3
3262;3305901;330590;Trajano de Moraes;33;RJ;Rio de Janeiro;3
3263;3306008;330600;Três Rios;33;RJ;Rio de Janeiro;3
3264;3306107;330610;Valença;33;RJ;Rio de Janeiro;3
3265;3306156;330615;Varre-Sai;33;RJ;Rio de Janeiro;3
3266;3306206;330620;Vassouras;33;RJ;Rio de Janeiro;3
3267;3306305;330630;Volta Redonda;33;RJ;Rio de Janeiro;3
3268;3500105;350010;Adamantina;35;SP;Sao Paulo;3
3269;3500204;350020;Adolfo;35;SP;Sao Paulo;3
3270;3500303;350030;Aguaí;35;SP;Sao Paulo;3
3271;3500402;350040;Águas da Prata;35;SP;Sao Paulo;3
3272;3500501;350050;Águas de Lindóia;35;SP;Sao Paulo;3
3273;3500550;350055;Águas de Santa Bárbara;35;SP;Sao Paulo;3
3274;3500600;350060;Águas de São Pedro;35;SP;Sao Paulo;3
3275;3500709;350070;Agudos;35;SP;Sao Paulo;3
3276;3500758;350075;Alambari;35;SP;Sao Paulo;3
3277;3500808;350080;Alfredo Marcondes;35;SP;Sao Paulo;3
3278;3500907;350090;Altair;35;SP;Sao Paulo;3
3279;3501004;350100;Altinópolis;35;SP;Sao Paulo;3
3280;3501103;350110;Alto Alegre;35;SP;Sao Paulo;3
3281;3501152;350115;Alumínio;35;SP;Sao Paulo;3
3282;3501202;350120;Álvares Florence;35;SP;Sao Paulo;3
3283;3501301;350130;Álvares Machado;35;SP;Sao Paulo;3
3284;3501400;350140;Álvaro de Carvalho;35;SP;Sao Paulo;3
3285;3501509;350150;Alvinlândia;35;SP;Sao Paulo;3
3286;3501608;350160;Americana;35;SP;Sao Paulo;3
3287;3501707;350170;Américo Brasiliense;35;SP;Sao Paulo;3
3288;3501806;350180;Américo de Campos;35;SP;Sao Paulo;3
3289;3501905;350190;Amparo;35;SP;Sao Paulo;3
3290;3502002;350200;Analândia;35;SP;Sao Paulo;3
3291;3502101;350210;Andradina;35;SP;Sao Paulo;3
3292;3502200;350220;Angatuba;35;SP;Sao Paulo;3
3293;3502309;350230;Anhembi;35;SP;Sao Paulo;3
3294;3502408;350240;Anhumas;35;SP;Sao Paulo;3
3295;3502507;350250;Aparecida;35;SP;Sao Paulo;3
3296;3502606;350260;Aparecida d'Oeste;35;SP;Sao Paulo;3
3297;3502705;350270;Apiaí;35;SP;Sao Paulo;3
3298;3502754;350275;Araçariguama;35;SP;Sao Paulo;3
3299;3502804;350280;Araçatuba;35;SP;Sao Paulo;3
3300;3502903;350290;Araçoiaba da Serra;35;SP;Sao Paulo;3
3301;3503000;350300;Aramina;35;SP;Sao Paulo;3
3302;3503109;350310;Arandu;35;SP;Sao Paulo;3
3303;3503158;350315;Arapeí;35;SP;Sao Paulo;3
3304;3503208;350320;Araraquara;35;SP;Sao Paulo;3
3305;3503307;350330;Araras;35;SP;Sao Paulo;3
3306;3503356;350335;Arco-Íris;35;SP;Sao Paulo;3
3307;3503406;350340;Arealva;35;SP;Sao Paulo;3
3308;3503505;350350;Areias;35;SP;Sao Paulo;3
3309;3503604;350360;Areiópolis;35;SP;Sao Paulo;3
3310;3503703;350370;Ariranha;35;SP;Sao Paulo;3
3311;3503802;350380;Artur Nogueira;35;SP;Sao Paulo;3
3312;3503901;350390;Arujá;35;SP;Sao Paulo;3
3313;3503950;350395;Aspásia;35;SP;Sao Paulo;3
3314;3504008;350400;Assis;35;SP;Sao Paulo;3
3315;3504107;350410;Atibaia;35;SP;Sao Paulo;3
3316;3504206;350420;Auriflama;35;SP;Sao Paulo;3
3317;3504305;350430;Avaí;35;SP;Sao Paulo;3
3318;3504404;350440;Avanhandava;35;SP;Sao Paulo;3
3319;3504503;350450;Avaré;35;SP;Sao Paulo;3
3320;3504602;350460;Bady Bassitt;35;SP;Sao Paulo;3
3321;3504701;350470;Balbinos;35;SP;Sao Paulo;3
3322;3504800;350480;Bálsamo;35;SP;Sao Paulo;3
3323;3504909;350490;Bananal;35;SP;Sao Paulo;3
3324;3505005;350500;Barão de Antonina;35;SP;Sao Paulo;3
3325;3505104;350510;Barbosa;35;SP;Sao Paulo;3
3326;3505203;350520;Bariri;35;SP;Sao Paulo;3
3327;3505302;350530;Barra Bonita;35;SP;Sao Paulo;3
3328;3505351;350535;Barra do Chapéu;35;SP;Sao Paulo;3
3329;3505401;350540;Barra do Turvo;35;SP;Sao Paulo;3
3330;3505500;350550;Barretos;35;SP;Sao Paulo;3
3331;3505609;350560;Barrinha;35;SP;Sao Paulo;3
3332;3505708;350570;Barueri;35;SP;Sao Paulo;3
3333;3505807;350580;Bastos;35;SP;Sao Paulo;3
3334;3505906;350590;Batatais;35;SP;Sao Paulo;3
3335;3506003;350600;Bauru;35;SP;Sao Paulo;3
3336;3506102;350610;Bebedouro;35;SP;Sao Paulo;3
3337;3506201;350620;Bento de Abreu;35;SP;Sao Paulo;3
3338;3506300;350630;Bernardino de Campos;35;SP;Sao Paulo;3
3339;3506359;350635;Bertioga;35;SP;Sao Paulo;3
3340;3506409;350640;Bilac;35;SP;Sao Paulo;3
3341;3506508;350650;Birigui;35;SP;Sao Paulo;3
3342;3506607;350660;Biritiba Mirim;35;SP;Sao Paulo;3
3343;3506706;350670;Boa Esperança do Sul;35;SP;Sao Paulo;3
3344;3506805;350680;Bocaina;35;SP;Sao Paulo;3
3345;3506904;350690;Bofete;35;SP;Sao Paulo;3
3346;3507001;350700;Boituva;35;SP;Sao Paulo;3
3347;3507100;350710;Bom Jesus dos Perdões;35;SP;Sao Paulo;3
3348;3507159;350715;Bom Sucesso de Itararé;35;SP;Sao Paulo;3
3349;3507209;350720;Borá;35;SP;Sao Paulo;3
3350;3507308;350730;Boracéia;35;SP;Sao Paulo;3
3351;3507407;350740;Borborema;35;SP;Sao Paulo;3
3352;3507456;350745;Borebi;35;SP;Sao Paulo;3
3353;3507506;350750;Botucatu;35;SP;Sao Paulo;3
3354;3507605;350760;Bragança Paulista;35;SP;Sao Paulo;3
3355;3507704;350770;Braúna;35;SP;Sao Paulo;3
3356;3507753;350775;Brejo Alegre;35;SP;Sao Paulo;3
3357;3507803;350780;Brodowski;35;SP;Sao Paulo;3
3358;3507902;350790;Brotas;35;SP;Sao Paulo;3
3359;3508009;350800;Buri;35;SP;Sao Paulo;3
3360;3508108;350810;Buritama;35;SP;Sao Paulo;3
3361;3508207;350820;Buritizal;35;SP;Sao Paulo;3
3362;3508306;350830;Cabrália Paulista;35;SP;Sao Paulo;3
3363;3508405;350840;Cabreúva;35;SP;Sao Paulo;3
3364;3508504;350850;Caçapava;35;SP;Sao Paulo;3
3365;3508603;350860;Cachoeira Paulista;35;SP;Sao Paulo;3
3366;3508702;350870;Caconde;35;SP;Sao Paulo;3
3367;3508801;350880;Cafelândia;35;SP;Sao Paulo;3
3368;3508900;350890;Caiabu;35;SP;Sao Paulo;3
3369;3509007;350900;Caieiras;35;SP;Sao Paulo;3
3370;3509106;350910;Caiuá;35;SP;Sao Paulo;3
3371;3509205;350920;Cajamar;35;SP;Sao Paulo;3
3372;3509254;350925;Cajati;35;SP;Sao Paulo;3
3373;3509304;350930;Cajobi;35;SP;Sao Paulo;3
3374;3509403;350940;Cajuru;35;SP;Sao Paulo;3
3375;3509452;350945;Campina do Monte Alegre;35;SP;Sao Paulo;3
3376;3509502;350950;Campinas;35;SP;Sao Paulo;3
3377;3509601;350960;Campo Limpo Paulista;35;SP;Sao Paulo;3
3378;3509700;350970;Campos do Jordão;35;SP;Sao Paulo;3
3379;3509809;350980;Campos Novos Paulista;35;SP;Sao Paulo;3
3380;3509908;350990;Cananéia;35;SP;Sao Paulo;3
3381;3509957;350995;Canas;35;SP;Sao Paulo;3
3382;3510005;351000;Cândido Mota;35;SP;Sao Paulo;3
3383;3510104;351010;Cândido Rodrigues;35;SP;Sao Paulo;3
3384;3510153;351015;Canitar;35;SP;Sao Paulo;3
3385;3510203;351020;Capão Bonito;35;SP;Sao Paulo;3
3386;3510302;351030;Capela do Alto;35;SP;Sao Paulo;3
3387;3510401;351040;Capivari;35;SP;Sao Paulo;3
3388;3510500;351050;Caraguatatuba;35;SP;Sao Paulo;3
3389;3510609;351060;Carapicuíba;35;SP;Sao Paulo;3
3390;3510708;351070;Cardoso;35;SP;Sao Paulo;3
3391;3510807;351080;Casa Branca;35;SP;Sao Paulo;3
3392;3510906;351090;Cássia dos Coqueiros;35;SP;Sao Paulo;3
3393;3511003;351100;Castilho;35;SP;Sao Paulo;3
3394;3511102;351110;Catanduva;35;SP;Sao Paulo;3
3395;3511201;351120;Catiguá;35;SP;Sao Paulo;3
3396;3511300;351130;Cedral;35;SP;Sao Paulo;3
3397;3511409;351140;Cerqueira César;35;SP;Sao Paulo;3
3398;3511508;351150;Cerquilho;35;SP;Sao Paulo;3
3399;3511607;351160;Cesário Lange;35;SP;Sao Paulo;3
3400;3511706;351170;Charqueada;35;SP;Sao Paulo;3
3401;3511904;351190;Clementina;35;SP;Sao Paulo;3
3402;3512001;351200;Colina;35;SP;Sao Paulo;3
3403;3512100;351210;Colômbia;35;SP;Sao Paulo;3
3404;3512209;351220;Conchal;35;SP;Sao Paulo;3
3405;3512308;351230;Conchas;35;SP;Sao Paulo;3
3406;3512407;351240;Cordeirópolis;35;SP;Sao Paulo;3
3407;3512506;351250;Coroados;35;SP;Sao Paulo;3
3408;3512605;351260;Coronel Macedo;35;SP;Sao Paulo;3
3409;3512704;351270;Corumbataí;35;SP;Sao Paulo;3
3410;3512803;351280;Cosmópolis;35;SP;Sao Paulo;3
3411;3512902;351290;Cosmorama;35;SP;Sao Paulo;3
3412;3513009;351300;Cotia;35;SP;Sao Paulo;3
3413;3513108;351310;Cravinhos;35;SP;Sao Paulo;3
3414;3513207;351320;Cristais Paulista;35;SP;Sao Paulo;3
3415;3513306;351330;Cruzália;35;SP;Sao Paulo;3
3416;3513405;351340;Cruzeiro;35;SP;Sao Paulo;3
3417;3513504;351350;Cubatão;35;SP;Sao Paulo;3
3418;3513603;351360;Cunha;35;SP;Sao Paulo;3
3419;3513702;351370;Descalvado;35;SP;Sao Paulo;3
3420;3513801;351380;Diadema;35;SP;Sao Paulo;3
3421;3513850;351385;Dirce Reis;35;SP;Sao Paulo;3
3422;3513900;351390;Divinolândia;35;SP;Sao Paulo;3
3423;3514007;351400;Dobrada;35;SP;Sao Paulo;3
3424;3514106;351410;Dois Córregos;35;SP;Sao Paulo;3
3425;3514205;351420;Dolcinópolis;35;SP;Sao Paulo;3
3426;3514304;351430;Dourado;35;SP;Sao Paulo;3
3427;3514403;351440;Dracena;35;SP;Sao Paulo;3
3428;3514502;351450;Duartina;35;SP;Sao Paulo;3
3429;3514601;351460;Dumont;35;SP;Sao Paulo;3
3430;3514700;351470;Echaporã;35;SP;Sao Paulo;3
3431;3514809;351480;Eldorado;35;SP;Sao Paulo;3
3432;3514908;351490;Elias Fausto;35;SP;Sao Paulo;3
3433;3514924;351492;Elisiário;35;SP;Sao Paulo;3
3434;3514957;351495;Embaúba;35;SP;Sao Paulo;3
3435;3515004;351500;Embu das Artes;35;SP;Sao Paulo;3
3436;3515103;351510;Embu-Guaçu;35;SP;Sao Paulo;3
3437;3515129;351512;Emilianópolis;35;SP;Sao Paulo;3
3438;3515152;351515;Engenheiro Coelho;35;SP;Sao Paulo;3
3439;3515186;351518;Espírito Santo do Pinhal;35;SP;Sao Paulo;3
3440;3515194;351519;Espírito Santo do Turvo;35;SP;Sao Paulo;3
3441;3515202;351520;Estrela d'Oeste;35;SP;Sao Paulo;3
3442;3515301;351530;Estrela do Norte;35;SP;Sao Paulo;3
3443;3515350;351535;Euclides da Cunha Paulista;35;SP;Sao Paulo;3
3444;3515400;351540;Fartura;35;SP;Sao Paulo;3
3445;3515509;351550;Fernandópolis;35;SP;Sao Paulo;3
3446;3515608;351560;Fernando Prestes;35;SP;Sao Paulo;3
3447;3515657;351565;Fernão;35;SP;Sao Paulo;3
3448;3515707;351570;Ferraz de Vasconcelos;35;SP;Sao Paulo;3
3449;3515806;351580;Flora Rica;35;SP;Sao Paulo;3
3450;3515905;351590;Floreal;35;SP;Sao Paulo;3
3451;3516002;351600;Flórida Paulista;35;SP;Sao Paulo;3
3452;3516101;351610;Florínea;35;SP;Sao Paulo;3
3453;3516200;351620;Franca;35;SP;Sao Paulo;3
3454;3516309;351630;Francisco Morato;35;SP;Sao Paulo;3
3455;3516408;351640;Franco da Rocha;35;SP;Sao Paulo;3
3456;3516507;351650;Gabriel Monteiro;35;SP;Sao Paulo;3
3457;3516606;351660;Gália;35;SP;Sao Paulo;3
3458;3516705;351670;Garça;35;SP;Sao Paulo;3
3459;3516804;351680;Gastão Vidigal;35;SP;Sao Paulo;3
3460;3516853;351685;Gavião Peixoto;35;SP;Sao Paulo;3
3461;3516903;351690;General Salgado;35;SP;Sao Paulo;3
3462;3517000;351700;Getulina;35;SP;Sao Paulo;3
3463;3517109;351710;Glicério;35;SP;Sao Paulo;3
3464;3517208;351720;Guaiçara;35;SP;Sao Paulo;3
3465;3517307;351730;Guaimbê;35;SP;Sao Paulo;3
3466;3517406;351740;Guaíra;35;SP;Sao Paulo;3
3467;3517505;351750;Guapiaçu;35;SP;Sao Paulo;3
3468;3517604;351760;Guapiara;35;SP;Sao Paulo;3
3469;3517703;351770;Guará;35;SP;Sao Paulo;3
3470;3517802;351780;Guaraçaí;35;SP;Sao Paulo;3
3471;3517901;351790;Guaraci;35;SP;Sao Paulo;3
3472;3518008;351800;Guarani d'Oeste;35;SP;Sao Paulo;3
3473;3518107;351810;Guarantã;35;SP;Sao Paulo;3
3474;3518206;351820;Guararapes;35;SP;Sao Paulo;3
3475;3518305;351830;Guararema;35;SP;Sao Paulo;3
3476;3518404;351840;Guaratinguetá;35;SP;Sao Paulo;3
3477;3518503;351850;Guareí;35;SP;Sao Paulo;3
3478;3518602;351860;Guariba;35;SP;Sao Paulo;3
3479;3518701;351870;Guarujá;35;SP;Sao Paulo;3
3480;3518800;351880;Guarulhos;35;SP;Sao Paulo;3
3481;3518859;351885;Guatapará;35;SP;Sao Paulo;3
3482;3518909;351890;Guzolândia;35;SP;Sao Paulo;3
3483;3519006;351900;Herculândia;35;SP;Sao Paulo;3
3484;3519055;351905;Holambra;35;SP;Sao Paulo;3
3485;3519071;351907;Hortolândia;35;SP;Sao Paulo;3
3486;3519105;351910;Iacanga;35;SP;Sao Paulo;3
3487;3519204;351920;Iacri;35;SP;Sao Paulo;3
3488;3519253;351925;Iaras;35;SP;Sao Paulo;3
3489;3519303;351930;Ibaté;35;SP;Sao Paulo;3
3490;3519402;351940;Ibirá;35;SP;Sao Paulo;3
3491;3519501;351950;Ibirarema;35;SP;Sao Paulo;3
3492;3519600;351960;Ibitinga;35;SP;Sao Paulo;3
3493;3519709;351970;Ibiúna;35;SP;Sao Paulo;3
3494;3519808;351980;Icém;35;SP;Sao Paulo;3
3495;3519907;351990;Iepê;35;SP;Sao Paulo;3
3496;3520004;352000;Igaraçu do Tietê;35;SP;Sao Paulo;3
3497;3520103;352010;Igarapava;35;SP;Sao Paulo;3
3498;3520202;352020;Igaratá;35;SP;Sao Paulo;3
3499;3520301;352030;Iguape;35;SP;Sao Paulo;3
3500;3520400;352040;Ilhabela;35;SP;Sao Paulo;3
3501;3520426;352042;Ilha Comprida;35;SP;Sao Paulo;3
3502;3520442;352044;Ilha Solteira;35;SP;Sao Paulo;3
3503;3520509;352050;Indaiatuba;35;SP;Sao Paulo;3
3504;3520608;352060;Indiana;35;SP;Sao Paulo;3
3505;3520707;352070;Indiaporã;35;SP;Sao Paulo;3
3506;3520806;352080;Inúbia Paulista;35;SP;Sao Paulo;3
3507;3520905;352090;Ipaussu;35;SP;Sao Paulo;3
3508;3521002;352100;Iperó;35;SP;Sao Paulo;3
3509;3521101;352110;Ipeúna;35;SP;Sao Paulo;3
3510;3521150;352115;Ipiguá;35;SP;Sao Paulo;3
3511;3521200;352120;Iporanga;35;SP;Sao Paulo;3
3512;3521309;352130;Ipuã;35;SP;Sao Paulo;3
3513;3521408;352140;Iracemápolis;35;SP;Sao Paulo;3
3514;3521507;352150;Irapuã;35;SP;Sao Paulo;3
3515;3521606;352160;Irapuru;35;SP;Sao Paulo;3
3516;3521705;352170;Itaberá;35;SP;Sao Paulo;3
3517;3521804;352180;Itaí;35;SP;Sao Paulo;3
3518;3521903;352190;Itajobi;35;SP;Sao Paulo;3
3519;3522000;352200;Itaju;35;SP;Sao Paulo;3
3520;3522109;352210;Itanhaém;35;SP;Sao Paulo;3
3521;3522158;352215;Itaoca;35;SP;Sao Paulo;3
3522;3522208;352220;Itapecerica da Serra;35;SP;Sao Paulo;3
3523;3522307;352230;Itapetininga;35;SP;Sao Paulo;3
3524;3522406;352240;Itapeva;35;SP;Sao Paulo;3
3525;3522505;352250;Itapevi;35;SP;Sao Paulo;3
3526;3522604;352260;Itapira;35;SP;Sao Paulo;3
3527;3522653;352265;Itapirapuã Paulista;35;SP;Sao Paulo;3
3528;3522703;352270;Itápolis;35;SP;Sao Paulo;3
3529;3522802;352280;Itaporanga;35;SP;Sao Paulo;3
3530;3522901;352290;Itapuí;35;SP;Sao Paulo;3
3531;3523008;352300;Itapura;35;SP;Sao Paulo;3
3532;3523107;352310;Itaquaquecetuba;35;SP;Sao Paulo;3
3533;3523206;352320;Itararé;35;SP;Sao Paulo;3
3534;3523305;352330;Itariri;35;SP;Sao Paulo;3
3535;3523404;352340;Itatiba;35;SP;Sao Paulo;3
3536;3523503;352350;Itatinga;35;SP;Sao Paulo;3
3537;3523602;352360;Itirapina;35;SP;Sao Paulo;3
3538;3523701;352370;Itirapuã;35;SP;Sao Paulo;3
3539;3523800;352380;Itobi;35;SP;Sao Paulo;3
3540;3523909;352390;Itu;35;SP;Sao Paulo;3
3541;3524006;352400;Itupeva;35;SP;Sao Paulo;3
3542;3524105;352410;Ituverava;35;SP;Sao Paulo;3
3543;3524204;352420;Jaborandi;35;SP;Sao Paulo;3
3544;3524303;352430;Jaboticabal;35;SP;Sao Paulo;3
3545;3524402;352440;Jacareí;35;SP;Sao Paulo;3
3546;3524501;352450;Jaci;35;SP;Sao Paulo;3
3547;3524600;352460;Jacupiranga;35;SP;Sao Paulo;3
3548;3524709;352470;Jaguariúna;35;SP;Sao Paulo;3
3549;3524808;352480;Jales;35;SP;Sao Paulo;3
3550;3524907;352490;Jambeiro;35;SP;Sao Paulo;3
3551;3525003;352500;Jandira;35;SP;Sao Paulo;3
3552;3525102;352510;Jardinópolis;35;SP;Sao Paulo;3
3553;3525201;352520;Jarinu;35;SP;Sao Paulo;3
3554;3525300;352530;Jaú;35;SP;Sao Paulo;3
3555;3525409;352540;Jeriquara;35;SP;Sao Paulo;3
3556;3525508;352550;Joanópolis;35;SP;Sao Paulo;3
3557;3525607;352560;João Ramalho;35;SP;Sao Paulo;3
3558;3525706;352570;José Bonifácio;35;SP;Sao Paulo;3
3559;3525805;352580;Júlio Mesquita;35;SP;Sao Paulo;3
3560;3525854;352585;Jumirim;35;SP;Sao Paulo;3
3561;3525904;352590;Jundiaí;35;SP;Sao Paulo;3
3562;3526001;352600;Junqueirópolis;35;SP;Sao Paulo;3
3563;3526100;352610;Juquiá;35;SP;Sao Paulo;3
3564;3526209;352620;Juquitiba;35;SP;Sao Paulo;3
3565;3526308;352630;Lagoinha;35;SP;Sao Paulo;3
3566;3526407;352640;Laranjal Paulista;35;SP;Sao Paulo;3
3567;3526506;352650;Lavínia;35;SP;Sao Paulo;3
3568;3526605;352660;Lavrinhas;35;SP;Sao Paulo;3
3569;3526704;352670;Leme;35;SP;Sao Paulo;3
3570;3526803;352680;Lençóis Paulista;35;SP;Sao Paulo;3
3571;3526902;352690;Limeira;35;SP;Sao Paulo;3
3572;3527009;352700;Lindóia;35;SP;Sao Paulo;3
3573;3527108;352710;Lins;35;SP;Sao Paulo;3
3574;3527207;352720;Lorena;35;SP;Sao Paulo;3
3575;3527256;352725;Lourdes;35;SP;Sao Paulo;3
3576;3527306;352730;Louveira;35;SP;Sao Paulo;3
3577;3527405;352740;Lucélia;35;SP;Sao Paulo;3
3578;3527504;352750;Lucianópolis;35;SP;Sao Paulo;3
3579;3527603;352760;Luís Antônio;35;SP;Sao Paulo;3
3580;3527702;352770;Luiziânia;35;SP;Sao Paulo;3
3581;3527801;352780;Lupércio;35;SP;Sao Paulo;3
3582;3527900;352790;Lutécia;35;SP;Sao Paulo;3
3583;3528007;352800;Macatuba;35;SP;Sao Paulo;3
3584;3528106;352810;Macaubal;35;SP;Sao Paulo;3
3585;3528205;352820;Macedônia;35;SP;Sao Paulo;3
3586;3528304;352830;Magda;35;SP;Sao Paulo;3
3587;3528403;352840;Mairinque;35;SP;Sao Paulo;3
3588;3528502;352850;Mairiporã;35;SP;Sao Paulo;3
3589;3528601;352860;Manduri;35;SP;Sao Paulo;3
3590;3528700;352870;Marabá Paulista;35;SP;Sao Paulo;3
3591;3528809;352880;Maracaí;35;SP;Sao Paulo;3
3592;3528858;352885;Marapoama;35;SP;Sao Paulo;3
3593;3528908;352890;Mariápolis;35;SP;Sao Paulo;3
3594;3529005;352900;Marília;35;SP;Sao Paulo;3
3595;3529104;352910;Marinópolis;35;SP;Sao Paulo;3
3596;3529203;352920;Martinópolis;35;SP;Sao Paulo;3
3597;3529302;352930;Matão;35;SP;Sao Paulo;3
3598;3529401;352940;Mauá;35;SP;Sao Paulo;3
3599;3529500;352950;Mendonça;35;SP;Sao Paulo;3
3600;3529609;352960;Meridiano;35;SP;Sao Paulo;3
3601;3529658;352965;Mesópolis;35;SP;Sao Paulo;3
3602;3529708;352970;Miguelópolis;35;SP;Sao Paulo;3
3603;3529807;352980;Mineiros do Tietê;35;SP;Sao Paulo;3
3604;3529906;352990;Miracatu;35;SP;Sao Paulo;3
3605;3530003;353000;Mira Estrela;35;SP;Sao Paulo;3
3606;3530102;353010;Mirandópolis;35;SP;Sao Paulo;3
3607;3530201;353020;Mirante do Paranapanema;35;SP;Sao Paulo;3
3608;3530300;353030;Mirassol;35;SP;Sao Paulo;3
3609;3530409;353040;Mirassolândia;35;SP;Sao Paulo;3
3610;3530508;353050;Mococa;35;SP;Sao Paulo;3
3611;3530607;353060;Mogi das Cruzes;35;SP;Sao Paulo;3
3612;3530706;353070;Mogi Guaçu;35;SP;Sao Paulo;3
3613;3530805;353080;Mogi Mirim;35;SP;Sao Paulo;3
3614;3530904;353090;Mombuca;35;SP;Sao Paulo;3
3615;3531001;353100;Monções;35;SP;Sao Paulo;3
3616;3531100;353110;Mongaguá;35;SP;Sao Paulo;3
3617;3531209;353120;Monte Alegre do Sul;35;SP;Sao Paulo;3
3618;3531308;353130;Monte Alto;35;SP;Sao Paulo;3
3619;3531407;353140;Monte Aprazível;35;SP;Sao Paulo;3
3620;3531506;353150;Monte Azul Paulista;35;SP;Sao Paulo;3
3621;3531605;353160;Monte Castelo;35;SP;Sao Paulo;3
3622;3531704;353170;Monteiro Lobato;35;SP;Sao Paulo;3
3623;3531803;353180;Monte Mor;35;SP;Sao Paulo;3
3624;3531902;353190;Morro Agudo;35;SP;Sao Paulo;3
3625;3532009;353200;Morungaba;35;SP;Sao Paulo;3
3626;3532058;353205;Motuca;35;SP;Sao Paulo;3
3627;3532108;353210;Murutinga do Sul;35;SP;Sao Paulo;3
3628;3532157;353215;Nantes;35;SP;Sao Paulo;3
3629;3532207;353220;Narandiba;35;SP;Sao Paulo;3
3630;3532306;353230;Natividade da Serra;35;SP;Sao Paulo;3
3631;3532405;353240;Nazaré Paulista;35;SP;Sao Paulo;3
3632;3532504;353250;Neves Paulista;35;SP;Sao Paulo;3
3633;3532603;353260;Nhandeara;35;SP;Sao Paulo;3
3634;3532702;353270;Nipoã;35;SP;Sao Paulo;3
3635;3532801;353280;Nova Aliança;35;SP;Sao Paulo;3
3636;3532827;353282;Nova Campina;35;SP;Sao Paulo;3
3637;3532843;353284;Nova Canaã Paulista;35;SP;Sao Paulo;3
3638;3532868;353286;Nova Castilho;35;SP;Sao Paulo;3
3639;3532900;353290;Nova Europa;35;SP;Sao Paulo;3
3640;3533007;353300;Nova Granada;35;SP;Sao Paulo;3
3641;3533106;353310;Nova Guataporanga;35;SP;Sao Paulo;3
3642;3533205;353320;Nova Independência;35;SP;Sao Paulo;3
3643;3533254;353325;Novais;35;SP;Sao Paulo;3
3644;3533304;353330;Nova Luzitânia;35;SP;Sao Paulo;3
3645;3533403;353340;Nova Odessa;35;SP;Sao Paulo;3
3646;3533502;353350;Novo Horizonte;35;SP;Sao Paulo;3
3647;3533601;353360;Nuporanga;35;SP;Sao Paulo;3
3648;3533700;353370;Ocauçu;35;SP;Sao Paulo;3
3649;3533809;353380;Óleo;35;SP;Sao Paulo;3
3650;3533908;353390;Olímpia;35;SP;Sao Paulo;3
3651;3534005;353400;Onda Verde;35;SP;Sao Paulo;3
3652;3534104;353410;Oriente;35;SP;Sao Paulo;3
3653;3534203;353420;Orindiúva;35;SP;Sao Paulo;3
3654;3534302;353430;Orlândia;35;SP;Sao Paulo;3
3655;3534401;353440;Osasco;35;SP;Sao Paulo;3
3656;3534500;353450;Oscar Bressane;35;SP;Sao Paulo;3
3657;3534609;353460;Osvaldo Cruz;35;SP;Sao Paulo;3
3658;3534708;353470;Ourinhos;35;SP;Sao Paulo;3
3659;3534757;353475;Ouroeste;35;SP;Sao Paulo;3
3660;3534807;353480;Ouro Verde;35;SP;Sao Paulo;3
3661;3534906;353490;Pacaembu;35;SP;Sao Paulo;3
3662;3535002;353500;Palestina;35;SP;Sao Paulo;3
3663;3535101;353510;Palmares Paulista;35;SP;Sao Paulo;3
3664;3535200;353520;Palmeira d'Oeste;35;SP;Sao Paulo;3
3665;3535309;353530;Palmital;35;SP;Sao Paulo;3
3666;3535408;353540;Panorama;35;SP;Sao Paulo;3
3667;3535507;353550;Paraguaçu Paulista;35;SP;Sao Paulo;3
3668;3535606;353560;Paraibuna;35;SP;Sao Paulo;3
3669;3535705;353570;Paraíso;35;SP;Sao Paulo;3
3670;3535804;353580;Paranapanema;35;SP;Sao Paulo;3
3671;3535903;353590;Paranapuã;35;SP;Sao Paulo;3
3672;3536000;353600;Parapuã;35;SP;Sao Paulo;3
3673;3536109;353610;Pardinho;35;SP;Sao Paulo;3
3674;3536208;353620;Pariquera-Açu;35;SP;Sao Paulo;3
3675;3536257;353625;Parisi;35;SP;Sao Paulo;3
3676;3536307;353630;Patrocínio Paulista;35;SP;Sao Paulo;3
3677;3536406;353640;Paulicéia;35;SP;Sao Paulo;3
3678;3536505;353650;Paulínia;35;SP;Sao Paulo;3
3679;3536570;353657;Paulistânia;35;SP;Sao Paulo;3
3680;3536604;353660;Paulo de Faria;35;SP;Sao Paulo;3
3681;3536703;353670;Pederneiras;35;SP;Sao Paulo;3
3682;3536802;353680;Pedra Bela;35;SP;Sao Paulo;3
3683;3536901;353690;Pedranópolis;35;SP;Sao Paulo;3
3684;3537008;353700;Pedregulho;35;SP;Sao Paulo;3
3685;3537107;353710;Pedreira;35;SP;Sao Paulo;3
3686;3537156;353715;Pedrinhas Paulista;35;SP;Sao Paulo;3
3687;3537206;353720;Pedro de Toledo;35;SP;Sao Paulo;3
3688;3537305;353730;Penápolis;35;SP;Sao Paulo;3
3689;3537404;353740;Pereira Barreto;35;SP;Sao Paulo;3
3690;3537503;353750;Pereiras;35;SP;Sao Paulo;3
3691;3537602;353760;Peruíbe;35;SP;Sao Paulo;3
3692;3537701;353770;Piacatu;35;SP;Sao Paulo;3
3693;3537800;353780;Piedade;35;SP;Sao Paulo;3
3694;3537909;353790;Pilar do Sul;35;SP;Sao Paulo;3
3695;3538006;353800;Pindamonhangaba;35;SP;Sao Paulo;3
3696;3538105;353810;Pindorama;35;SP;Sao Paulo;3
3697;3538204;353820;Pinhalzinho;35;SP;Sao Paulo;3
3698;3538303;353830;Piquerobi;35;SP;Sao Paulo;3
3699;3538501;353850;Piquete;35;SP;Sao Paulo;3
3700;3538600;353860;Piracaia;35;SP;Sao Paulo;3
3701;3538709;353870;Piracicaba;35;SP;Sao Paulo;3
3702;3538808;353880;Piraju;35;SP;Sao Paulo;3
3703;3538907;353890;Pirajuí;35;SP;Sao Paulo;3
3704;3539004;353900;Pirangi;35;SP;Sao Paulo;3
3705;3539103;353910;Pirapora do Bom Jesus;35;SP;Sao Paulo;3
3706;3539202;353920;Pirapozinho;35;SP;Sao Paulo;3
3707;3539301;353930;Pirassununga;35;SP;Sao Paulo;3
3708;3539400;353940;Piratininga;35;SP;Sao Paulo;3
3709;3539509;353950;Pitangueiras;35;SP;Sao Paulo;3
3710;3539608;353960;Planalto;35;SP;Sao Paulo;3
3711;3539707;353970;Platina;35;SP;Sao Paulo;3
3712;3539806;353980;Poá;35;SP;Sao Paulo;3
3713;3539905;353990;Poloni;35;SP;Sao Paulo;3
3714;3540002;354000;Pompéia;35;SP;Sao Paulo;3
3715;3540101;354010;Pongaí;35;SP;Sao Paulo;3
3716;3540200;354020;Pontal;35;SP;Sao Paulo;3
3717;3540259;354025;Pontalinda;35;SP;Sao Paulo;3
3718;3540309;354030;Pontes Gestal;35;SP;Sao Paulo;3
3719;3540408;354040;Populina;35;SP;Sao Paulo;3
3720;3540507;354050;Porangaba;35;SP;Sao Paulo;3
3721;3540606;354060;Porto Feliz;35;SP;Sao Paulo;3
3722;3540705;354070;Porto Ferreira;35;SP;Sao Paulo;3
3723;3540754;354075;Potim;35;SP;Sao Paulo;3
3724;3540804;354080;Potirendaba;35;SP;Sao Paulo;3
3725;3540853;354085;Pracinha;35;SP;Sao Paulo;3
3726;3540903;354090;Pradópolis;35;SP;Sao Paulo;3
3727;3541000;354100;Praia Grande;35;SP;Sao Paulo;3
3728;3541059;354105;Pratânia;35;SP;Sao Paulo;3
3729;3541109;354110;Presidente Alves;35;SP;Sao Paulo;3
3730;3541208;354120;Presidente Bernardes;35;SP;Sao Paulo;3
3731;3541307;354130;Presidente Epitácio;35;SP;Sao Paulo;3
3732;3541406;354140;Presidente Prudente;35;SP;Sao Paulo;3
3733;3541505;354150;Presidente Venceslau;35;SP;Sao Paulo;3
3734;3541604;354160;Promissão;35;SP;Sao Paulo;3
3735;3541653;354165;Quadra;35;SP;Sao Paulo;3
3736;3541703;354170;Quatá;35;SP;Sao Paulo;3
3737;3541802;354180;Queiroz;35;SP;Sao Paulo;3
3738;3541901;354190;Queluz;35;SP;Sao Paulo;3
3739;3542008;354200;Quintana;35;SP;Sao Paulo;3
3740;3542107;354210;Rafard;35;SP;Sao Paulo;3
3741;3542206;354220;Rancharia;35;SP;Sao Paulo;3
3742;3542305;354230;Redenção da Serra;35;SP;Sao Paulo;3
3743;3542404;354240;Regente Feijó;35;SP;Sao Paulo;3
3744;3542503;354250;Reginópolis;35;SP;Sao Paulo;3
3745;3542602;354260;Registro;35;SP;Sao Paulo;3
3746;3542701;354270;Restinga;35;SP;Sao Paulo;3
3747;3542800;354280;Ribeira;35;SP;Sao Paulo;3
3748;3542909;354290;Ribeirão Bonito;35;SP;Sao Paulo;3
3749;3543006;354300;Ribeirão Branco;35;SP;Sao Paulo;3
3750;3543105;354310;Ribeirão Corrente;35;SP;Sao Paulo;3
3751;3543204;354320;Ribeirão do Sul;35;SP;Sao Paulo;3
3752;3543238;354323;Ribeirão dos Índios;35;SP;Sao Paulo;3
3753;3543253;354325;Ribeirão Grande;35;SP;Sao Paulo;3
3754;3543303;354330;Ribeirão Pires;35;SP;Sao Paulo;3
3755;3543402;354340;Ribeirão Preto;35;SP;Sao Paulo;3
3756;3543501;354350;Riversul;35;SP;Sao Paulo;3
3757;3543600;354360;Rifaina;35;SP;Sao Paulo;3
3758;3543709;354370;Rincão;35;SP;Sao Paulo;3
3759;3543808;354380;Rinópolis;35;SP;Sao Paulo;3
3760;3543907;354390;Rio Claro;35;SP;Sao Paulo;3
3761;3544004;354400;Rio das Pedras;35;SP;Sao Paulo;3
3762;3544103;354410;Rio Grande da Serra;35;SP;Sao Paulo;3
3763;3544202;354420;Riolândia;35;SP;Sao Paulo;3
3764;3544251;354425;Rosana;35;SP;Sao Paulo;3
3765;3544301;354430;Roseira;35;SP;Sao Paulo;3
3766;3544400;354440;Rubiácea;35;SP;Sao Paulo;3
3767;3544509;354450;Rubinéia;35;SP;Sao Paulo;3
3768;3544608;354460;Sabino;35;SP;Sao Paulo;3
3769;3544707;354470;Sagres;35;SP;Sao Paulo;3
3770;3544806;354480;Sales;35;SP;Sao Paulo;3
3771;3544905;354490;Sales Oliveira;35;SP;Sao Paulo;3
3772;3545001;354500;Salesópolis;35;SP;Sao Paulo;3
3773;3545100;354510;Salmourão;35;SP;Sao Paulo;3
3774;3545159;354515;Saltinho;35;SP;Sao Paulo;3
3775;3545209;354520;Salto;35;SP;Sao Paulo;3
3776;3545308;354530;Salto de Pirapora;35;SP;Sao Paulo;3
3777;3545407;354540;Salto Grande;35;SP;Sao Paulo;3
3778;3545506;354550;Sandovalina;35;SP;Sao Paulo;3
3779;3545605;354560;Santa Adélia;35;SP;Sao Paulo;3
3780;3545704;354570;Santa Albertina;35;SP;Sao Paulo;3
3781;3545803;354580;Santa Bárbara d'Oeste;35;SP;Sao Paulo;3
3782;3546009;354600;Santa Branca;35;SP;Sao Paulo;3
3783;3546108;354610;Santa Clara d'Oeste;35;SP;Sao Paulo;3
3784;3546207;354620;Santa Cruz da Conceição;35;SP;Sao Paulo;3
3785;3546256;354625;Santa Cruz da Esperança;35;SP;Sao Paulo;3
3786;3546306;354630;Santa Cruz das Palmeiras;35;SP;Sao Paulo;3
3787;3546405;354640;Santa Cruz do Rio Pardo;35;SP;Sao Paulo;3
3788;3546504;354650;Santa Ernestina;35;SP;Sao Paulo;3
3789;3546603;354660;Santa Fé do Sul;35;SP;Sao Paulo;3
3790;3546702;354670;Santa Gertrudes;35;SP;Sao Paulo;3
3791;3546801;354680;Santa Isabel;35;SP;Sao Paulo;3
3792;3546900;354690;Santa Lúcia;35;SP;Sao Paulo;3
3793;3547007;354700;Santa Maria da Serra;35;SP;Sao Paulo;3
3794;3547106;354710;Santa Mercedes;35;SP;Sao Paulo;3
3795;3547205;354720;Santana da Ponte Pensa;35;SP;Sao Paulo;3
3796;3547304;354730;Santana de Parnaíba;35;SP;Sao Paulo;3
3797;3547403;354740;Santa Rita d'Oeste;35;SP;Sao Paulo;3
3798;3547502;354750;Santa Rita do Passa Quatro;35;SP;Sao Paulo;3
3799;3547601;354760;Santa Rosa de Viterbo;35;SP;Sao Paulo;3
3800;3547650;354765;Santa Salete;35;SP;Sao Paulo;3
3801;3547700;354770;Santo Anastácio;35;SP;Sao Paulo;3
3802;3547809;354780;Santo André;35;SP;Sao Paulo;3
3803;3547908;354790;Santo Antônio da Alegria;35;SP;Sao Paulo;3
3804;3548005;354800;Santo Antônio de Posse;35;SP;Sao Paulo;3
3805;3548054;354805;Santo Antônio do Aracanguá;35;SP;Sao Paulo;3
3806;3548104;354810;Santo Antônio do Jardim;35;SP;Sao Paulo;3
3807;3548203;354820;Santo Antônio do Pinhal;35;SP;Sao Paulo;3
3808;3548302;354830;Santo Expedito;35;SP;Sao Paulo;3
3809;3548401;354840;Santópolis do Aguapeí;35;SP;Sao Paulo;3
3810;3548500;354850;Santos;35;SP;Sao Paulo;3
3811;3548609;354860;São Bento do Sapucaí;35;SP;Sao Paulo;3
3812;3548708;354870;São Bernardo do Campo;35;SP;Sao Paulo;3
3813;3548807;354880;São Caetano do Sul;35;SP;Sao Paulo;3
3814;3548906;354890;São Carlos;35;SP;Sao Paulo;3
3815;3549003;354900;São Francisco;35;SP;Sao Paulo;3
3816;3549102;354910;São João da Boa Vista;35;SP;Sao Paulo;3
3817;3549201;354920;São João das Duas Pontes;35;SP;Sao Paulo;3
3818;3549250;354925;São João de Iracema;35;SP;Sao Paulo;3
3819;3549300;354930;São João do Pau d'Alho;35;SP;Sao Paulo;3
3820;3549409;354940;São Joaquim da Barra;35;SP;Sao Paulo;3
3821;3549508;354950;São José da Bela Vista;35;SP;Sao Paulo;3
3822;3549607;354960;São José do Barreiro;35;SP;Sao Paulo;3
3823;3549706;354970;São José do Rio Pardo;35;SP;Sao Paulo;3
3824;3549805;354980;São José do Rio Preto;35;SP;Sao Paulo;3
3825;3549904;354990;São José dos Campos;35;SP;Sao Paulo;3
3826;3549953;354995;São Lourenço da Serra;35;SP;Sao Paulo;3
3827;3550001;355000;São Luiz do Paraitinga;35;SP;Sao Paulo;3
3828;3550100;355010;São Manuel;35;SP;Sao Paulo;3
3829;3550209;355020;São Miguel Arcanjo;35;SP;Sao Paulo;3
3830;3550308;355030;São Paulo;35;SP;Sao Paulo;3
3831;3550407;355040;São Pedro;35;SP;Sao Paulo;3
3832;3550506;355050;São Pedro do Turvo;35;SP;Sao Paulo;3
3833;3550605;355060;São Roque;35;SP;Sao Paulo;3
3834;3550704;355070;São Sebastião;35;SP;Sao Paulo;3
3835;3550803;355080;São Sebastião da Grama;35;SP;Sao Paulo;3
3836;3550902;355090;São Simão;35;SP;Sao Paulo;3
3837;3551009;355100;São Vicente;35;SP;Sao Paulo;3
3838;3551108;355110;Sarapuí;35;SP;Sao Paulo;3
3839;3551207;355120;Sarutaiá;35;SP;Sao Paulo;3
3840;3551306;355130;Sebastianópolis do Sul;35;SP;Sao Paulo;3
3841;3551405;355140;Serra Azul;35;SP;Sao Paulo;3
3842;3551504;355150;Serrana;35;SP;Sao Paulo;3
3843;3551603;355160;Serra Negra;35;SP;Sao Paulo;3
3844;3551702;355170;Sertãozinho;35;SP;Sao Paulo;3
3845;3551801;355180;Sete Barras;35;SP;Sao Paulo;3
3846;3551900;355190;Severínia;35;SP;Sao Paulo;3
3847;3552007;355200;Silveiras;35;SP;Sao Paulo;3
3848;3552106;355210;Socorro;35;SP;Sao Paulo;3
3849;3552205;355220;Sorocaba;35;SP;Sao Paulo;3
3850;3552304;355230;Sud Mennucci;35;SP;Sao Paulo;3
3851;3552403;355240;Sumaré;35;SP;Sao Paulo;3
3852;3552502;355250;Suzano;35;SP;Sao Paulo;3
3853;3552551;355255;Suzanápolis;35;SP;Sao Paulo;3
3854;3552601;355260;Tabapuã;35;SP;Sao Paulo;3
3855;3552700;355270;Tabatinga;35;SP;Sao Paulo;3
3856;3552809;355280;Taboão da Serra;35;SP;Sao Paulo;3
3857;3552908;355290;Taciba;35;SP;Sao Paulo;3
3858;3553005;355300;Taguaí;35;SP;Sao Paulo;3
3859;3553104;355310;Taiaçu;35;SP;Sao Paulo;3
3860;3553203;355320;Taiúva;35;SP;Sao Paulo;3
3861;3553302;355330;Tambaú;35;SP;Sao Paulo;3
3862;3553401;355340;Tanabi;35;SP;Sao Paulo;3
3863;3553500;355350;Tapiraí;35;SP;Sao Paulo;3
3864;3553609;355360;Tapiratiba;35;SP;Sao Paulo;3
3865;3553658;355365;Taquaral;35;SP;Sao Paulo;3
3866;3553708;355370;Taquaritinga;35;SP;Sao Paulo;3
3867;3553807;355380;Taquarituba;35;SP;Sao Paulo;3
3868;3553856;355385;Taquarivaí;35;SP;Sao Paulo;3
3869;3553906;355390;Tarabai;35;SP;Sao Paulo;3
3870;3553955;355395;Tarumã;35;SP;Sao Paulo;3
3871;3554003;355400;Tatuí;35;SP;Sao Paulo;3
3872;3554102;355410;Taubaté;35;SP;Sao Paulo;3
3873;3554201;355420;Tejupá;35;SP;Sao Paulo;3
3874;3554300;355430;Teodoro Sampaio;35;SP;Sao Paulo;3
3875;3554409;355440;Terra Roxa;35;SP;Sao Paulo;3
3876;3554508;355450;Tietê;35;SP;Sao Paulo;3
3877;3554607;355460;Timburi;35;SP;Sao Paulo;3
3878;3554656;355465;Torre de Pedra;35;SP;Sao Paulo;3
3879;3554706;355470;Torrinha;35;SP;Sao Paulo;3
3880;3554755;355475;Trabiju;35;SP;Sao Paulo;3
3881;3554805;355480;Tremembé;35;SP;Sao Paulo;3
3882;3554904;355490;Três Fronteiras;35;SP;Sao Paulo;3
3883;3554953;355495;Tuiuti;35;SP;Sao Paulo;3
3884;3555000;355500;Tupã;35;SP;Sao Paulo;3
3885;3555109;355510;Tupi Paulista;35;SP;Sao Paulo;3
3886;3555208;355520;Turiúba;35;SP;Sao Paulo;3
3887;3555307;355530;Turmalina;35;SP;Sao Paulo;3
3888;3555356;355535;Ubarana;35;SP;Sao Paulo;3
3889;3555406;355540;Ubatuba;35;SP;Sao Paulo;3
3890;3555505;355550;Ubirajara;35;SP;Sao Paulo;3
3891;3555604;355560;Uchoa;35;SP;Sao Paulo;3
3892;3555703;355570;União Paulista;35;SP;Sao Paulo;3
3893;3555802;355580;Urânia;35;SP;Sao Paulo;3
3894;3555901;355590;Uru;35;SP;Sao Paulo;3
3895;3556008;355600;Urupês;35;SP;Sao Paulo;3
3896;3556107;355610;Valentim Gentil;35;SP;Sao Paulo;3
3897;3556206;355620;Valinhos;35;SP;Sao Paulo;3
3898;3556305;355630;Valparaíso;35;SP;Sao Paulo;3
3899;3556354;355635;Vargem;35;SP;Sao Paulo;3
3900;3556404;355640;Vargem Grande do Sul;35;SP;Sao Paulo;3
3901;3556453;355645;Vargem Grande Paulista;35;SP;Sao Paulo;3
3902;3556503;355650;Várzea Paulista;35;SP;Sao Paulo;3
3903;3556602;355660;Vera Cruz;35;SP;Sao Paulo;3
3904;3556701;355670;Vinhedo;35;SP;Sao Paulo;3
3905;3556800;355680;Viradouro;35;SP;Sao Paulo;3
3906;3556909;355690;Vista Alegre do Alto;35;SP;Sao Paulo;3
3907;3556958;355695;Vitória Brasil;35;SP;Sao Paulo;3
3908;3557006;355700;Votorantim;35;SP;Sao Paulo;3
3909;3557105;355710;Votuporanga;35;SP;Sao Paulo;3
3910;3557154;355715;Zacarias;35;SP;Sao Paulo;3
3911;3557204;355720;Chavantes;35;SP;Sao Paulo;3
3912;3557303;355730;Estiva Gerbi;35;SP;Sao Paulo;3
3913;4100103;410010;Abatiá;41;PR;Parana;4
3914;4100202;410020;Adrianópolis;41;PR;Parana;4
3915;4100301;410030;Agudos do Sul;41;PR;Parana;4
3916;4100400;410040;Almirante Tamandaré;41;PR;Parana;4
3917;4100459;410045;Altamira do Paraná;41;PR;Parana;4
3918;4100509;410050;Altônia;41;PR;Parana;4
3919;4100608;410060;Alto Paraná;41;PR;Parana;4
3920;4100707;410070;Alto Piquiri;41;PR;Parana;4
3921;4100806;410080;Alvorada do Sul;41;PR;Parana;4
3922;4100905;410090;Amaporã;41;PR;Parana;4
3923;4101002;410100;Ampére;41;PR;Parana;4
3924;4101051;410105;Anahy;41;PR;Parana;4
3925;4101101;410110;Andirá;41;PR;Parana;4
3926;4101150;410115;Ângulo;41;PR;Parana;4
3927;4101200;410120;Antonina;41;PR;Parana;4
3928;4101309;410130;Antônio Olinto;41;PR;Parana;4
3929;4101408;410140;Apucarana;41;PR;Parana;4
3930;4101507;410150;Arapongas;41;PR;Parana;4
3931;4101606;410160;Arapoti;41;PR;Parana;4
3932;4101655;410165;Arapuã;41;PR;Parana;4
3933;4101705;410170;Araruna;41;PR;Parana;4
3934;4101804;410180;Araucária;41;PR;Parana;4
3935;4101853;410185;Ariranha do Ivaí;41;PR;Parana;4
3936;4101903;410190;Assaí;41;PR;Parana;4
3937;4102000;410200;Assis Chateaubriand;41;PR;Parana;4
3938;4102109;410210;Astorga;41;PR;Parana;4
3939;4102208;410220;Atalaia;41;PR;Parana;4
3940;4102307;410230;Balsa Nova;41;PR;Parana;4
3941;4102406;410240;Bandeirantes;41;PR;Parana;4
3942;4102505;410250;Barbosa Ferraz;41;PR;Parana;4
3943;4102604;410260;Barracão;41;PR;Parana;4
3944;4102703;410270;Barra do Jacaré;41;PR;Parana;4
3945;4102752;410275;Bela Vista da Caroba;41;PR;Parana;4
3946;4102802;410280;Bela Vista do Paraíso;41;PR;Parana;4
3947;4102901;410290;Bituruna;41;PR;Parana;4
3948;4103008;410300;Boa Esperança;41;PR;Parana;4
3949;4103024;410302;Boa Esperança do Iguaçu;41;PR;Parana;4
3950;4103040;410304;Boa Ventura de São Roque;41;PR;Parana;4
3951;4103057;410305;Boa Vista da Aparecida;41;PR;Parana;4
3952;4103107;410310;Bocaiúva do Sul;41;PR;Parana;4
3953;4103156;410315;Bom Jesus do Sul;41;PR;Parana;4
3954;4103206;410320;Bom Sucesso;41;PR;Parana;4
3955;4103222;410322;Bom Sucesso do Sul;41;PR;Parana;4
3956;4103305;410330;Borrazópolis;41;PR;Parana;4
3957;4103354;410335;Braganey;41;PR;Parana;4
3958;4103370;410337;Brasilândia do Sul;41;PR;Parana;4
3959;4103404;410340;Cafeara;41;PR;Parana;4
3960;4103453;410345;Cafelândia;41;PR;Parana;4
3961;4103479;410347;Cafezal do Sul;41;PR;Parana;4
3962;4103503;410350;Califórnia;41;PR;Parana;4
3963;4103602;410360;Cambará;41;PR;Parana;4
3964;4103701;410370;Cambé;41;PR;Parana;4
3965;4103800;410380;Cambira;41;PR;Parana;4
3966;4103909;410390;Campina da Lagoa;41;PR;Parana;4
3967;4103958;410395;Campina do Simão;41;PR;Parana;4
3968;4104006;410400;Campina Grande do Sul;41;PR;Parana;4
3969;4104055;410405;Campo Bonito;41;PR;Parana;4
3970;4104105;410410;Campo do Tenente;41;PR;Parana;4
3971;4104204;410420;Campo Largo;41;PR;Parana;4
3972;4104253;410425;Campo Magro;41;PR;Parana;4
3973;4104303;410430;Campo Mourão;41;PR;Parana;4
3974;4104402;410440;Cândido de Abreu;41;PR;Parana;4
3975;4104428;410442;Candói;41;PR;Parana;4
3976;4104451;410445;Cantagalo;41;PR;Parana;4
3977;4104501;410450;Capanema;41;PR;Parana;4
3978;4104600;410460;Capitão Leônidas Marques;41;PR;Parana;4
3979;4104659;410465;Carambeí;41;PR;Parana;4
3980;4104709;410470;Carlópolis;41;PR;Parana;4
3981;4104808;410480;Cascavel;41;PR;Parana;4
3982;4104907;410490;Castro;41;PR;Parana;4
3983;4105003;410500;Catanduvas;41;PR;Parana;4
3984;4105102;410510;Centenário do Sul;41;PR;Parana;4
3985;4105201;410520;Cerro Azul;41;PR;Parana;4
3986;4105300;410530;Céu Azul;41;PR;Parana;4
3987;4105409;410540;Chopinzinho;41;PR;Parana;4
3988;4105508;410550;Cianorte;41;PR;Parana;4
3989;4105607;410560;Cidade Gaúcha;41;PR;Parana;4
3990;4105706;410570;Clevelândia;41;PR;Parana;4
3991;4105805;410580;Colombo;41;PR;Parana;4
3992;4105904;410590;Colorado;41;PR;Parana;4
3993;4106001;410600;Congonhinhas;41;PR;Parana;4
3994;4106100;410610;Conselheiro Mairinck;41;PR;Parana;4
3995;4106209;410620;Contenda;41;PR;Parana;4
3996;4106308;410630;Corbélia;41;PR;Parana;4
3997;4106407;410640;Cornélio Procópio;41;PR;Parana;4
3998;4106456;410645;Coronel Domingos Soares;41;PR;Parana;4
3999;4106506;410650;Coronel Vivida;41;PR;Parana;4
4000;4106555;410655;Corumbataí do Sul;41;PR;Parana;4
4001;4106571;410657;Cruzeiro do Iguaçu;41;PR;Parana;4
4002;4106605;410660;Cruzeiro do Oeste;41;PR;Parana;4
4003;4106704;410670;Cruzeiro do Sul;41;PR;Parana;4
4004;4106803;410680;Cruz Machado;41;PR;Parana;4
4005;4106852;410685;Cruzmaltina;41;PR;Parana;4
4006;4106902;410690;Curitiba;41;PR;Parana;4
4007;4107009;410700;Curiúva;41;PR;Parana;4
4008;4107108;410710;Diamante do Norte;41;PR;Parana;4
4009;4107124;410712;Diamante do Sul;41;PR;Parana;4
4010;4107157;410715;Diamante D'Oeste;41;PR;Parana;4
4011;4107207;410720;Dois Vizinhos;41;PR;Parana;4
4012;4107256;410725;Douradina;41;PR;Parana;4
4013;4107306;410730;Doutor Camargo;41;PR;Parana;4
4014;4107405;410740;Enéas Marques;41;PR;Parana;4
4015;4107504;410750;Engenheiro Beltrão;41;PR;Parana;4
4016;4107520;410752;Esperança Nova;41;PR;Parana;4
4017;4107538;410753;Entre Rios do Oeste;41;PR;Parana;4
4018;4107546;410754;Espigão Alto do Iguaçu;41;PR;Parana;4
4019;4107553;410755;Farol;41;PR;Parana;4
4020;4107603;410760;Faxinal;41;PR;Parana;4
4021;4107652;410765;Fazenda Rio Grande;41;PR;Parana;4
4022;4107702;410770;Fênix;41;PR;Parana;4
4023;4107736;410773;Fernandes Pinheiro;41;PR;Parana;4
4024;4107751;410775;Figueira;41;PR;Parana;4
4025;4107801;410780;Floraí;41;PR;Parana;4
4026;4107850;410785;Flor da Serra do Sul;41;PR;Parana;4
4027;4107900;410790;Floresta;41;PR;Parana;4
4028;4108007;410800;Florestópolis;41;PR;Parana;4
4029;4108106;410810;Flórida;41;PR;Parana;4
4030;4108205;410820;Formosa do Oeste;41;PR;Parana;4
4031;4108304;410830;Foz do Iguaçu;41;PR;Parana;4
4032;4108320;410832;Francisco Alves;41;PR;Parana;4
4033;4108403;410840;Francisco Beltrão;41;PR;Parana;4
4034;4108452;410845;Foz do Jordão;41;PR;Parana;4
4035;4108502;410850;General Carneiro;41;PR;Parana;4
4036;4108551;410855;Godoy Moreira;41;PR;Parana;4
4037;4108601;410860;Goioerê;41;PR;Parana;4
4038;4108650;410865;Goioxim;41;PR;Parana;4
4039;4108700;410870;Grandes Rios;41;PR;Parana;4
4040;4108809;410880;Guaíra;41;PR;Parana;4
4041;4108908;410890;Guairaçá;41;PR;Parana;4
4042;4108957;410895;Guamiranga;41;PR;Parana;4
4043;4109005;410900;Guapirama;41;PR;Parana;4
4044;4109104;410910;Guaporema;41;PR;Parana;4
4045;4109203;410920;Guaraci;41;PR;Parana;4
4046;4109302;410930;Guaraniaçu;41;PR;Parana;4
4047;4109401;410940;Guarapuava;41;PR;Parana;4
4048;4109500;410950;Guaraqueçaba;41;PR;Parana;4
4049;4109609;410960;Guaratuba;41;PR;Parana;4
4050;4109658;410965;Honório Serpa;41;PR;Parana;4
4051;4109708;410970;Ibaiti;41;PR;Parana;4
4052;4109757;410975;Ibema;41;PR;Parana;4
4053;4109807;410980;Ibiporã;41;PR;Parana;4
4054;4109906;410990;Icaraíma;41;PR;Parana;4
4055;4110003;411000;Iguaraçu;41;PR;Parana;4
4056;4110052;411005;Iguatu;41;PR;Parana;4
4057;4110078;411007;Imbaú;41;PR;Parana;4
4058;4110102;411010;Imbituva;41;PR;Parana;4
4059;4110201;411020;Inácio Martins;41;PR;Parana;4
4060;4110300;411030;Inajá;41;PR;Parana;4
4061;4110409;411040;Indianópolis;41;PR;Parana;4
4062;4110508;411050;Ipiranga;41;PR;Parana;4
4063;4110607;411060;Iporã;41;PR;Parana;4
4064;4110656;411065;Iracema do Oeste;41;PR;Parana;4
4065;4110706;411070;Irati;41;PR;Parana;4
4066;4110805;411080;Iretama;41;PR;Parana;4
4067;4110904;411090;Itaguajé;41;PR;Parana;4
4068;4110953;411095;Itaipulândia;41;PR;Parana;4
4069;4111001;411100;Itambaracá;41;PR;Parana;4
4070;4111100;411110;Itambé;41;PR;Parana;4
4071;4111209;411120;Itapejara d'Oeste;41;PR;Parana;4
4072;4111258;411125;Itaperuçu;41;PR;Parana;4
4073;4111308;411130;Itaúna do Sul;41;PR;Parana;4
4074;4111407;411140;Ivaí;41;PR;Parana;4
4075;4111506;411150;Ivaiporã;41;PR;Parana;4
4076;4111555;411155;Ivaté;41;PR;Parana;4
4077;4111605;411160;Ivatuba;41;PR;Parana;4
4078;4111704;411170;Jaboti;41;PR;Parana;4
4079;4111803;411180;Jacarezinho;41;PR;Parana;4
4080;4111902;411190;Jaguapitã;41;PR;Parana;4
4081;4112009;411200;Jaguariaíva;41;PR;Parana;4
4082;4112108;411210;Jandaia do Sul;41;PR;Parana;4
4083;4112207;411220;Janiópolis;41;PR;Parana;4
4084;4112306;411230;Japira;41;PR;Parana;4
4085;4112405;411240;Japurá;41;PR;Parana;4
4086;4112504;411250;Jardim Alegre;41;PR;Parana;4
4087;4112603;411260;Jardim Olinda;41;PR;Parana;4
4088;4112702;411270;Jataizinho;41;PR;Parana;4
4089;4112751;411275;Jesuítas;41;PR;Parana;4
4090;4112801;411280;Joaquim Távora;41;PR;Parana;4
4091;4112900;411290;Jundiaí do Sul;41;PR;Parana;4
4092;4112959;411295;Juranda;41;PR;Parana;4
4093;4113007;411300;Jussara;41;PR;Parana;4
4094;4113106;411310;Kaloré;41;PR;Parana;4
4095;4113205;411320;Lapa;41;PR;Parana;4
4096;4113254;411325;Laranjal;41;PR;Parana;4
4097;4113304;411330;Laranjeiras do Sul;41;PR;Parana;4
4098;4113403;411340;Leópolis;41;PR;Parana;4
4099;4113429;411342;Lidianópolis;41;PR;Parana;4
4100;4113452;411345;Lindoeste;41;PR;Parana;4
4101;4113502;411350;Loanda;41;PR;Parana;4
4102;4113601;411360;Lobato;41;PR;Parana;4
4103;4113700;411370;Londrina;41;PR;Parana;4
4104;4113734;411373;Luiziana;41;PR;Parana;4
4105;4113759;411375;Lunardelli;41;PR;Parana;4
4106;4113809;411380;Lupionópolis;41;PR;Parana;4
4107;4113908;411390;Mallet;41;PR;Parana;4
4108;4114005;411400;Mamborê;41;PR;Parana;4
4109;4114104;411410;Mandaguaçu;41;PR;Parana;4
4110;4114203;411420;Mandaguari;41;PR;Parana;4
4111;4114302;411430;Mandirituba;41;PR;Parana;4
4112;4114351;411435;Manfrinópolis;41;PR;Parana;4
4113;4114401;411440;Mangueirinha;41;PR;Parana;4
4114;4114500;411450;Manoel Ribas;41;PR;Parana;4
4115;4114609;411460;Marechal Cândido Rondon;41;PR;Parana;4
4116;4114708;411470;Maria Helena;41;PR;Parana;4
4117;4114807;411480;Marialva;41;PR;Parana;4
4118;4114906;411490;Marilândia do Sul;41;PR;Parana;4
4119;4115002;411500;Marilena;41;PR;Parana;4
4120;4115101;411510;Mariluz;41;PR;Parana;4
4121;4115200;411520;Maringá;41;PR;Parana;4
4122;4115309;411530;Mariópolis;41;PR;Parana;4
4123;4115358;411535;Maripá;41;PR;Parana;4
4124;4115408;411540;Marmeleiro;41;PR;Parana;4
4125;4115457;411545;Marquinho;41;PR;Parana;4
4126;4115507;411550;Marumbi;41;PR;Parana;4
4127;4115606;411560;Matelândia;41;PR;Parana;4
4128;4115705;411570;Matinhos;41;PR;Parana;4
4129;4115739;411573;Mato Rico;41;PR;Parana;4
4130;4115754;411575;Mauá da Serra;41;PR;Parana;4
4131;4115804;411580;Medianeira;41;PR;Parana;4
4132;4115853;411585;Mercedes;41;PR;Parana;4
4133;4115903;411590;Mirador;41;PR;Parana;4
4134;4116000;411600;Miraselva;41;PR;Parana;4
4135;4116059;411605;Missal;41;PR;Parana;4
4136;4116109;411610;Moreira Sales;41;PR;Parana;4
4137;4116208;411620;Morretes;41;PR;Parana;4
4138;4116307;411630;Munhoz de Melo;41;PR;Parana;4
4139;4116406;411640;Nossa Senhora das Graças;41;PR;Parana;4
4140;4116505;411650;Nova Aliança do Ivaí;41;PR;Parana;4
4141;4116604;411660;Nova América da Colina;41;PR;Parana;4
4142;4116703;411670;Nova Aurora;41;PR;Parana;4
4143;4116802;411680;Nova Cantu;41;PR;Parana;4
4144;4116901;411690;Nova Esperança;41;PR;Parana;4
4145;4116950;411695;Nova Esperança do Sudoeste;41;PR;Parana;4
4146;4117008;411700;Nova Fátima;41;PR;Parana;4
4147;4117057;411705;Nova Laranjeiras;41;PR;Parana;4
4148;4117107;411710;Nova Londrina;41;PR;Parana;4
4149;4117206;411720;Nova Olímpia;41;PR;Parana;4
4150;4117214;411721;Nova Santa Bárbara;41;PR;Parana;4
4151;4117222;411722;Nova Santa Rosa;41;PR;Parana;4
4152;4117255;411725;Nova Prata do Iguaçu;41;PR;Parana;4
4153;4117271;411727;Nova Tebas;41;PR;Parana;4
4154;4117297;411729;Novo Itacolomi;41;PR;Parana;4
4155;4117305;411730;Ortigueira;41;PR;Parana;4
4156;4117404;411740;Ourizona;41;PR;Parana;4
4157;4117453;411745;Ouro Verde do Oeste;41;PR;Parana;4
4158;4117503;411750;Paiçandu;41;PR;Parana;4
4159;4117602;411760;Palmas;41;PR;Parana;4
4160;4117701;411770;Palmeira;41;PR;Parana;4
4161;4117800;411780;Palmital;41;PR;Parana;4
4162;4117909;411790;Palotina;41;PR;Parana;4
4163;4118006;411800;Paraíso do Norte;41;PR;Parana;4
4164;4118105;411810;Paranacity;41;PR;Parana;4
4165;4118204;411820;Paranaguá;41;PR;Parana;4
4166;4118303;411830;Paranapoema;41;PR;Parana;4
4167;4118402;411840;Paranavaí;41;PR;Parana;4
4168;4118451;411845;Pato Bragado;41;PR;Parana;4
4169;4118501;411850;Pato Branco;41;PR;Parana;4
4170;4118600;411860;Paula Freitas;41;PR;Parana;4
4171;4118709;411870;Paulo Frontin;41;PR;Parana;4
4172;4118808;411880;Peabiru;41;PR;Parana;4
4173;4118857;411885;Perobal;41;PR;Parana;4
4174;4118907;411890;Pérola;41;PR;Parana;4
4175;4119004;411900;Pérola d'Oeste;41;PR;Parana;4
4176;4119103;411910;Piên;41;PR;Parana;4
4177;4119152;411915;Pinhais;41;PR;Parana;4
4178;4119202;411920;Pinhalão;41;PR;Parana;4
4179;4119251;411925;Pinhal de São Bento;41;PR;Parana;4
4180;4119301;411930;Pinhão;41;PR;Parana;4
4181;4119400;411940;Piraí do Sul;41;PR;Parana;4
4182;4119509;411950;Piraquara;41;PR;Parana;4
4183;4119608;411960;Pitanga;41;PR;Parana;4
4184;4119657;411965;Pitangueiras;41;PR;Parana;4
4185;4119707;411970;Planaltina do Paraná;41;PR;Parana;4
4186;4119806;411980;Planalto;41;PR;Parana;4
4187;4119905;411990;Ponta Grossa;41;PR;Parana;4
4188;4119954;411995;Pontal do Paraná;41;PR;Parana;4
4189;4120002;412000;Porecatu;41;PR;Parana;4
4190;4120101;412010;Porto Amazonas;41;PR;Parana;4
4191;4120150;412015;Porto Barreiro;41;PR;Parana;4
4192;4120200;412020;Porto Rico;41;PR;Parana;4
4193;4120309;412030;Porto Vitória;41;PR;Parana;4
4194;4120333;412033;Prado Ferreira;41;PR;Parana;4
4195;4120358;412035;Pranchita;41;PR;Parana;4
4196;4120408;412040;Presidente Castelo Branco;41;PR;Parana;4
4197;4120507;412050;Primeiro de Maio;41;PR;Parana;4
4198;4120606;412060;Prudentópolis;41;PR;Parana;4
4199;4120655;412065;Quarto Centenário;41;PR;Parana;4
4200;4120705;412070;Quatiguá;41;PR;Parana;4
4201;4120804;412080;Quatro Barras;41;PR;Parana;4
4202;4120853;412085;Quatro Pontes;41;PR;Parana;4
4203;4120903;412090;Quedas do Iguaçu;41;PR;Parana;4
4204;4121000;412100;Querência do Norte;41;PR;Parana;4
4205;4121109;412110;Quinta do Sol;41;PR;Parana;4
4206;4121208;412120;Quitandinha;41;PR;Parana;4
4207;4121257;412125;Ramilândia;41;PR;Parana;4
4208;4121307;412130;Rancho Alegre;41;PR;Parana;4
4209;4121356;412135;Rancho Alegre D'Oeste;41;PR;Parana;4
4210;4121406;412140;Realeza;41;PR;Parana;4
4211;4121505;412150;Rebouças;41;PR;Parana;4
4212;4121604;412160;Renascença;41;PR;Parana;4
4213;4121703;412170;Reserva;41;PR;Parana;4
4214;4121752;412175;Reserva do Iguaçu;41;PR;Parana;4
4215;4121802;412180;Ribeirão Claro;41;PR;Parana;4
4216;4121901;412190;Ribeirão do Pinhal;41;PR;Parana;4
4217;4122008;412200;Rio Azul;41;PR;Parana;4
4218;4122107;412210;Rio Bom;41;PR;Parana;4
4219;4122156;412215;Rio Bonito do Iguaçu;41;PR;Parana;4
4220;4122172;412217;Rio Branco do Ivaí;41;PR;Parana;4
4221;4122206;412220;Rio Branco do Sul;41;PR;Parana;4
4222;4122305;412230;Rio Negro;41;PR;Parana;4
4223;4122404;412240;Rolândia;41;PR;Parana;4
4224;4122503;412250;Roncador;41;PR;Parana;4
4225;4122602;412260;Rondon;41;PR;Parana;4
4226;4122651;412265;Rosário do Ivaí;41;PR;Parana;4
4227;4122701;412270;Sabáudia;41;PR;Parana;4
4228;4122800;412280;Salgado Filho;41;PR;Parana;4
4229;4122909;412290;Salto do Itararé;41;PR;Parana;4
4230;4123006;412300;Salto do Lontra;41;PR;Parana;4
4231;4123105;412310;Santa Amélia;41;PR;Parana;4
4232;4123204;412320;Santa Cecília do Pavão;41;PR;Parana;4
4233;4123303;412330;Santa Cruz de Monte Castelo;41;PR;Parana;4
4234;4123402;412340;Santa Fé;41;PR;Parana;4
4235;4123501;412350;Santa Helena;41;PR;Parana;4
4236;4123600;412360;Santa Inês;41;PR;Parana;4
4237;4123709;412370;Santa Isabel do Ivaí;41;PR;Parana;4
4238;4123808;412380;Santa Izabel do Oeste;41;PR;Parana;4
4239;4123824;412382;Santa Lúcia;41;PR;Parana;4
4240;4123857;412385;Santa Maria do Oeste;41;PR;Parana;4
4241;4123907;412390;Santa Mariana;41;PR;Parana;4
4242;4123956;412395;Santa Mônica;41;PR;Parana;4
4243;4124004;412400;Santana do Itararé;41;PR;Parana;4
4244;4124020;412402;Santa Tereza do Oeste;41;PR;Parana;4
4245;4124053;412405;Santa Terezinha de Itaipu;41;PR;Parana;4
4246;4124103;412410;Santo Antônio da Platina;41;PR;Parana;4
4247;4124202;412420;Santo Antônio do Caiuá;41;PR;Parana;4
4248;4124301;412430;Santo Antônio do Paraíso;41;PR;Parana;4
4249;4124400;412440;Santo Antônio do Sudoeste;41;PR;Parana;4
4250;4124509;412450;Santo Inácio;41;PR;Parana;4
4251;4124608;412460;São Carlos do Ivaí;41;PR;Parana;4
4252;4124707;412470;São Jerônimo da Serra;41;PR;Parana;4
4253;4124806;412480;São João;41;PR;Parana;4
4254;4124905;412490;São João do Caiuá;41;PR;Parana;4
4255;4125001;412500;São João do Ivaí;41;PR;Parana;4
4256;4125100;412510;São João do Triunfo;41;PR;Parana;4
4257;4125209;412520;São Jorge d'Oeste;41;PR;Parana;4
4258;4125308;412530;São Jorge do Ivaí;41;PR;Parana;4
4259;4125357;412535;São Jorge do Patrocínio;41;PR;Parana;4
4260;4125407;412540;São José da Boa Vista;41;PR;Parana;4
4261;4125456;412545;São José das Palmeiras;41;PR;Parana;4
4262;4125506;412550;São José dos Pinhais;41;PR;Parana;4
4263;4125555;412555;São Manoel do Paraná;41;PR;Parana;4
4264;4125605;412560;São Mateus do Sul;41;PR;Parana;4
4265;4125704;412570;São Miguel do Iguaçu;41;PR;Parana;4
4266;4125753;412575;São Pedro do Iguaçu;41;PR;Parana;4
4267;4125803;412580;São Pedro do Ivaí;41;PR;Parana;4
4268;4125902;412590;São Pedro do Paraná;41;PR;Parana;4
4269;4126009;412600;São Sebastião da Amoreira;41;PR;Parana;4
4270;4126108;412610;São Tomé;41;PR;Parana;4
4271;4126207;412620;Sapopema;41;PR;Parana;4
4272;4126256;412625;Sarandi;41;PR;Parana;4
4273;4126272;412627;Saudade do Iguaçu;41;PR;Parana;4
4274;4126306;412630;Sengés;41;PR;Parana;4
4275;4126355;412635;Serranópolis do Iguaçu;41;PR;Parana;4
4276;4126405;412640;Sertaneja;41;PR;Parana;4
4277;4126504;412650;Sertanópolis;41;PR;Parana;4
4278;4126603;412660;Siqueira Campos;41;PR;Parana;4
4279;4126652;412665;Sulina;41;PR;Parana;4
4280;4126678;412667;Tamarana;41;PR;Parana;4
4281;4126702;412670;Tamboara;41;PR;Parana;4
4282;4126801;412680;Tapejara;41;PR;Parana;4
4283;4126900;412690;Tapira;41;PR;Parana;4
4284;4127007;412700;Teixeira Soares;41;PR;Parana;4
4285;4127106;412710;Telêmaco Borba;41;PR;Parana;4
4286;4127205;412720;Terra Boa;41;PR;Parana;4
4287;4127304;412730;Terra Rica;41;PR;Parana;4
4288;4127403;412740;Terra Roxa;41;PR;Parana;4
4289;4127502;412750;Tibagi;41;PR;Parana;4
4290;4127601;412760;Tijucas do Sul;41;PR;Parana;4
4291;4127700;412770;Toledo;41;PR;Parana;4
4292;4127809;412780;Tomazina;41;PR;Parana;4
4293;4127858;412785;Três Barras do Paraná;41;PR;Parana;4
4294;4127882;412788;Tunas do Paraná;41;PR;Parana;4
4295;4127908;412790;Tuneiras do Oeste;41;PR;Parana;4
4296;4127957;412795;Tupãssi;41;PR;Parana;4
4297;4127965;412796;Turvo;41;PR;Parana;4
4298;4128005;412800;Ubiratã;41;PR;Parana;4
4299;4128104;412810;Umuarama;41;PR;Parana;4
4300;4128203;412820;União da Vitória;41;PR;Parana;4
4301;4128302;412830;Uniflor;41;PR;Parana;4
4302;4128401;412840;Uraí;41;PR;Parana;4
4303;4128500;412850;Wenceslau Braz;41;PR;Parana;4
4304;4128534;412853;Ventania;41;PR;Parana;4
4305;4128559;412855;Vera Cruz do Oeste;41;PR;Parana;4
4306;4128609;412860;Verê;41;PR;Parana;4
4307;4128625;412862;Alto Paraíso;41;PR;Parana;4
4308;4128633;412863;Doutor Ulysses;41;PR;Parana;4
4309;4128658;412865;Virmond;41;PR;Parana;4
4310;4128708;412870;Vitorino;41;PR;Parana;4
4311;4128807;412880;Xambrê;41;PR;Parana;4
4312;4200051;420005;Abdon Batista;42;SC;Santa Catarina;4
4313;4200101;420010;Abelardo Luz;42;SC;Santa Catarina;4
4314;4200200;420020;Agrolândia;42;SC;Santa Catarina;4
4315;4200309;420030;Agronômica;42;SC;Santa Catarina;4
4316;4200408;420040;Água Doce;42;SC;Santa Catarina;4
4317;4200507;420050;Águas de Chapecó;42;SC;Santa Catarina;4
4318;4200556;420055;Águas Frias;42;SC;Santa Catarina;4
4319;4200606;420060;Águas Mornas;42;SC;Santa Catarina;4
4320;4200705;420070;Alfredo Wagner;42;SC;Santa Catarina;4
4321;4200754;420075;Alto Bela Vista;42;SC;Santa Catarina;4
4322;4200804;420080;Anchieta;42;SC;Santa Catarina;4
4323;4200903;420090;Angelina;42;SC;Santa Catarina;4
4324;4201000;420100;Anita Garibaldi;42;SC;Santa Catarina;4
4325;4201109;420110;Anitápolis;42;SC;Santa Catarina;4
4326;4201208;420120;Antônio Carlos;42;SC;Santa Catarina;4
4327;4201257;420125;Apiúna;42;SC;Santa Catarina;4
4328;4201273;420127;Arabutã;42;SC;Santa Catarina;4
4329;4201307;420130;Araquari;42;SC;Santa Catarina;4
4330;4201406;420140;Araranguá;42;SC;Santa Catarina;4
4331;4201505;420150;Armazém;42;SC;Santa Catarina;4
4332;4201604;420160;Arroio Trinta;42;SC;Santa Catarina;4
4333;4201653;420165;Arvoredo;42;SC;Santa Catarina;4
4334;4201703;420170;Ascurra;42;SC;Santa Catarina;4
4335;4201802;420180;Atalanta;42;SC;Santa Catarina;4
4336;4201901;420190;Aurora;42;SC;Santa Catarina;4
4337;4201950;420195;Balneário Arroio do Silva;42;SC;Santa Catarina;4
4338;4202008;420200;Balneário Camboriú;42;SC;Santa Catarina;4
4339;4202057;420205;Balneário Barra do Sul;42;SC;Santa Catarina;4
4340;4202073;420207;Balneário Gaivota;42;SC;Santa Catarina;4
4341;4202081;420208;Bandeirante;42;SC;Santa Catarina;4
4342;4202099;420209;Barra Bonita;42;SC;Santa Catarina;4
4343;4202107;420210;Barra Velha;42;SC;Santa Catarina;4
4344;4202131;420213;Bela Vista do Toldo;42;SC;Santa Catarina;4
4345;4202156;420215;Belmonte;42;SC;Santa Catarina;4
4346;4202206;420220;Benedito Novo;42;SC;Santa Catarina;4
4347;4202305;420230;Biguaçu;42;SC;Santa Catarina;4
4348;4202404;420240;Blumenau;42;SC;Santa Catarina;4
4349;4202438;420243;Bocaina do Sul;42;SC;Santa Catarina;4
4350;4202453;420245;Bombinhas;42;SC;Santa Catarina;4
4351;4202503;420250;Bom Jardim da Serra;42;SC;Santa Catarina;4
4352;4202537;420253;Bom Jesus;42;SC;Santa Catarina;4
4353;4202578;420257;Bom Jesus do Oeste;42;SC;Santa Catarina;4
4354;4202602;420260;Bom Retiro;42;SC;Santa Catarina;4
4355;4202701;420270;Botuverá;42;SC;Santa Catarina;4
4356;4202800;420280;Braço do Norte;42;SC;Santa Catarina;4
4357;4202859;420285;Braço do Trombudo;42;SC;Santa Catarina;4
4358;4202875;420287;Brunópolis;42;SC;Santa Catarina;4
4359;4202909;420290;Brusque;42;SC;Santa Catarina;4
4360;4203006;420300;Caçador;42;SC;Santa Catarina;4
4361;4203105;420310;Caibi;42;SC;Santa Catarina;4
4362;4203154;420315;Calmon;42;SC;Santa Catarina;4
4363;4203204;420320;Camboriú;42;SC;Santa Catarina;4
4364;4203253;420325;Capão Alto;42;SC;Santa Catarina;4
4365;4203303;420330;Campo Alegre;42;SC;Santa Catarina;4
4366;4203402;420340;Campo Belo do Sul;42;SC;Santa Catarina;4
4367;4203501;420350;Campo Erê;42;SC;Santa Catarina;4
4368;4203600;420360;Campos Novos;42;SC;Santa Catarina;4
4369;4203709;420370;Canelinha;42;SC;Santa Catarina;4
4370;4203808;420380;Canoinhas;42;SC;Santa Catarina;4
4371;4203907;420390;Capinzal;42;SC;Santa Catarina;4
4372;4203956;420395;Capivari de Baixo;42;SC;Santa Catarina;4
4373;4204004;420400;Catanduvas;42;SC;Santa Catarina;4
4374;4204103;420410;Caxambu do Sul;42;SC;Santa Catarina;4
4375;4204152;420415;Celso Ramos;42;SC;Santa Catarina;4
4376;4204178;420417;Cerro Negro;42;SC;Santa Catarina;4
4377;4204194;420419;Chapadão do Lageado;42;SC;Santa Catarina;4
4378;4204202;420420;Chapecó;42;SC;Santa Catarina;4
4379;4204251;420425;Cocal do Sul;42;SC;Santa Catarina;4
4380;4204301;420430;Concórdia;42;SC;Santa Catarina;4
4381;4204350;420435;Cordilheira Alta;42;SC;Santa Catarina;4
4382;4204400;420440;Coronel Freitas;42;SC;Santa Catarina;4
4383;4204459;420445;Coronel Martins;42;SC;Santa Catarina;4
4384;4204509;420450;Corupá;42;SC;Santa Catarina;4
4385;4204558;420455;Correia Pinto;42;SC;Santa Catarina;4
4386;4204608;420460;Criciúma;42;SC;Santa Catarina;4
4387;4204707;420470;Cunha Porã;42;SC;Santa Catarina;4
4388;4204756;420475;Cunhataí;42;SC;Santa Catarina;4
4389;4204806;420480;Curitibanos;42;SC;Santa Catarina;4
4390;4204905;420490;Descanso;42;SC;Santa Catarina;4
4391;4205001;420500;Dionísio Cerqueira;42;SC;Santa Catarina;4
4392;4205100;420510;Dona Emma;42;SC;Santa Catarina;4
4393;4205159;420515;Doutor Pedrinho;42;SC;Santa Catarina;4
4394;4205175;420517;Entre Rios;42;SC;Santa Catarina;4
4395;4205191;420519;Ermo;42;SC;Santa Catarina;4
4396;4205209;420520;Erval Velho;42;SC;Santa Catarina;4
4397;4205308;420530;Faxinal dos Guedes;42;SC;Santa Catarina;4
4398;4205357;420535;Flor do Sertão;42;SC;Santa Catarina;4
4399;4205407;420540;Florianópolis;42;SC;Santa Catarina;4
4400;4205431;420543;Formosa do Sul;42;SC;Santa Catarina;4
4401;4205456;420545;Forquilhinha;42;SC;Santa Catarina;4
4402;4205506;420550;Fraiburgo;42;SC;Santa Catarina;4
4403;4205555;420555;Frei Rogério;42;SC;Santa Catarina;4
4404;4205605;420560;Galvão;42;SC;Santa Catarina;4
4405;4205704;420570;Garopaba;42;SC;Santa Catarina;4
4406;4205803;420580;Garuva;42;SC;Santa Catarina;4
4407;4205902;420590;Gaspar;42;SC;Santa Catarina;4
4408;4206009;420600;Governador Celso Ramos;42;SC;Santa Catarina;4
4409;4206108;420610;Grão-Pará;42;SC;Santa Catarina;4
4410;4206207;420620;Gravatal;42;SC;Santa Catarina;4
4411;4206306;420630;Guabiruba;42;SC;Santa Catarina;4
4412;4206405;420640;Guaraciaba;42;SC;Santa Catarina;4
4413;4206504;420650;Guaramirim;42;SC;Santa Catarina;4
4414;4206603;420660;Guarujá do Sul;42;SC;Santa Catarina;4
4415;4206652;420665;Guatambú;42;SC;Santa Catarina;4
4416;4206702;420670;Herval d'Oeste;42;SC;Santa Catarina;4
4417;4206751;420675;Ibiam;42;SC;Santa Catarina;4
4418;4206801;420680;Ibicaré;42;SC;Santa Catarina;4
4419;4206900;420690;Ibirama;42;SC;Santa Catarina;4
4420;4207007;420700;Içara;42;SC;Santa Catarina;4
4421;4207106;420710;Ilhota;42;SC;Santa Catarina;4
4422;4207205;420720;Imaruí;42;SC;Santa Catarina;4
4423;4207304;420730;Imbituba;42;SC;Santa Catarina;4
4424;4207403;420740;Imbuia;42;SC;Santa Catarina;4
4425;4207502;420750;Indaial;42;SC;Santa Catarina;4
4426;4207577;420757;Iomerê;42;SC;Santa Catarina;4
4427;4207601;420760;Ipira;42;SC;Santa Catarina;4
4428;4207650;420765;Iporã do Oeste;42;SC;Santa Catarina;4
4429;4207684;420768;Ipuaçu;42;SC;Santa Catarina;4
4430;4207700;420770;Ipumirim;42;SC;Santa Catarina;4
4431;4207759;420775;Iraceminha;42;SC;Santa Catarina;4
4432;4207809;420780;Irani;42;SC;Santa Catarina;4
4433;4207858;420785;Irati;42;SC;Santa Catarina;4
4434;4207908;420790;Irineópolis;42;SC;Santa Catarina;4
4435;4208005;420800;Itá;42;SC;Santa Catarina;4
4436;4208104;420810;Itaiópolis;42;SC;Santa Catarina;4
4437;4208203;420820;Itajaí;42;SC;Santa Catarina;4
4438;4208302;420830;Itapema;42;SC;Santa Catarina;4
4439;4208401;420840;Itapiranga;42;SC;Santa Catarina;4
4440;4208450;420845;Itapoá;42;SC;Santa Catarina;4
4441;4208500;420850;Ituporanga;42;SC;Santa Catarina;4
4442;4208609;420860;Jaborá;42;SC;Santa Catarina;4
4443;4208708;420870;Jacinto Machado;42;SC;Santa Catarina;4
4444;4208807;420880;Jaguaruna;42;SC;Santa Catarina;4
4445;4208906;420890;Jaraguá do Sul;42;SC;Santa Catarina;4
4446;4208955;420895;Jardinópolis;42;SC;Santa Catarina;4
4447;4209003;420900;Joaçaba;42;SC;Santa Catarina;4
4448;4209102;420910;Joinville;42;SC;Santa Catarina;4
4449;4209151;420915;José Boiteux;42;SC;Santa Catarina;4
4450;4209177;420917;Jupiá;42;SC;Santa Catarina;4
4451;4209201;420920;Lacerdópolis;42;SC;Santa Catarina;4
4452;4209300;420930;Lages;42;SC;Santa Catarina;4
4453;4209409;420940;Laguna;42;SC;Santa Catarina;4
4454;4209458;420945;Lajeado Grande;42;SC;Santa Catarina;4
4455;4209508;420950;Laurentino;42;SC;Santa Catarina;4
4456;4209607;420960;Lauro Müller;42;SC;Santa Catarina;4
4457;4209706;420970;Lebon Régis;42;SC;Santa Catarina;4
4458;4209805;420980;Leoberto Leal;42;SC;Santa Catarina;4
4459;4209854;420985;Lindóia do Sul;42;SC;Santa Catarina;4
4460;4209904;420990;Lontras;42;SC;Santa Catarina;4
4461;4210001;421000;Luiz Alves;42;SC;Santa Catarina;4
4462;4210035;421003;Luzerna;42;SC;Santa Catarina;4
4463;4210050;421005;Macieira;42;SC;Santa Catarina;4
4464;4210100;421010;Mafra;42;SC;Santa Catarina;4
4465;4210209;421020;Major Gercino;42;SC;Santa Catarina;4
4466;4210308;421030;Major Vieira;42;SC;Santa Catarina;4
4467;4210407;421040;Maracajá;42;SC;Santa Catarina;4
4468;4210506;421050;Maravilha;42;SC;Santa Catarina;4
4469;4210555;421055;Marema;42;SC;Santa Catarina;4
4470;4210605;421060;Massaranduba;42;SC;Santa Catarina;4
4471;4210704;421070;Matos Costa;42;SC;Santa Catarina;4
4472;4210803;421080;Meleiro;42;SC;Santa Catarina;4
4473;4210852;421085;Mirim Doce;42;SC;Santa Catarina;4
4474;4210902;421090;Modelo;42;SC;Santa Catarina;4
4475;4211009;421100;Mondaí;42;SC;Santa Catarina;4
4476;4211058;421105;Monte Carlo;42;SC;Santa Catarina;4
4477;4211108;421110;Monte Castelo;42;SC;Santa Catarina;4
4478;4211207;421120;Morro da Fumaça;42;SC;Santa Catarina;4
4479;4211256;421125;Morro Grande;42;SC;Santa Catarina;4
4480;4211306;421130;Navegantes;42;SC;Santa Catarina;4
4481;4211405;421140;Nova Erechim;42;SC;Santa Catarina;4
4482;4211454;421145;Nova Itaberaba;42;SC;Santa Catarina;4
4483;4211504;421150;Nova Trento;42;SC;Santa Catarina;4
4484;4211603;421160;Nova Veneza;42;SC;Santa Catarina;4
4485;4211652;421165;Novo Horizonte;42;SC;Santa Catarina;4
4486;4211702;421170;Orleans;42;SC;Santa Catarina;4
4487;4211751;421175;Otacílio Costa;42;SC;Santa Catarina;4
4488;4211801;421180;Ouro;42;SC;Santa Catarina;4
4489;4211850;421185;Ouro Verde;42;SC;Santa Catarina;4
4490;4211876;421187;Paial;42;SC;Santa Catarina;4
4491;4211892;421189;Painel;42;SC;Santa Catarina;4
4492;4211900;421190;Palhoça;42;SC;Santa Catarina;4
4493;4212007;421200;Palma Sola;42;SC;Santa Catarina;4
4494;4212056;421205;Palmeira;42;SC;Santa Catarina;4
4495;4212106;421210;Palmitos;42;SC;Santa Catarina;4
4496;4212205;421220;Papanduva;42;SC;Santa Catarina;4
4497;4212239;421223;Paraíso;42;SC;Santa Catarina;4
4498;4212254;421225;Passo de Torres;42;SC;Santa Catarina;4
4499;4212270;421227;Passos Maia;42;SC;Santa Catarina;4
4500;4212304;421230;Paulo Lopes;42;SC;Santa Catarina;4
4501;4212403;421240;Pedras Grandes;42;SC;Santa Catarina;4
4502;4212502;421250;Penha;42;SC;Santa Catarina;4
4503;4212601;421260;Peritiba;42;SC;Santa Catarina;4
4504;4212650;421265;Pescaria Brava;42;SC;Santa Catarina;4
4505;4212700;421270;Petrolândia;42;SC;Santa Catarina;4
4506;4212809;421280;Balneário Piçarras;42;SC;Santa Catarina;4
4507;4212908;421290;Pinhalzinho;42;SC;Santa Catarina;4
4508;4213005;421300;Pinheiro Preto;42;SC;Santa Catarina;4
4509;4213104;421310;Piratuba;42;SC;Santa Catarina;4
4510;4213153;421315;Planalto Alegre;42;SC;Santa Catarina;4
4511;4213203;421320;Pomerode;42;SC;Santa Catarina;4
4512;4213302;421330;Ponte Alta;42;SC;Santa Catarina;4
4513;4213351;421335;Ponte Alta do Norte;42;SC;Santa Catarina;4
4514;4213401;421340;Ponte Serrada;42;SC;Santa Catarina;4
4515;4213500;421350;Porto Belo;42;SC;Santa Catarina;4
4516;4213609;421360;Porto União;42;SC;Santa Catarina;4
4517;4213708;421370;Pouso Redondo;42;SC;Santa Catarina;4
4518;4213807;421380;Praia Grande;42;SC;Santa Catarina;4
4519;4213906;421390;Presidente Castello Branco;42;SC;Santa Catarina;4
4520;4214003;421400;Presidente Getúlio;42;SC;Santa Catarina;4
4521;4214102;421410;Presidente Nereu;42;SC;Santa Catarina;4
4522;4214151;421415;Princesa;42;SC;Santa Catarina;4
4523;4214201;421420;Quilombo;42;SC;Santa Catarina;4
4524;4214300;421430;Rancho Queimado;42;SC;Santa Catarina;4
4525;4214409;421440;Rio das Antas;42;SC;Santa Catarina;4
4526;4214508;421450;Rio do Campo;42;SC;Santa Catarina;4
4527;4214607;421460;Rio do Oeste;42;SC;Santa Catarina;4
4528;4214706;421470;Rio dos Cedros;42;SC;Santa Catarina;4
4529;4214805;421480;Rio do Sul;42;SC;Santa Catarina;4
4530;4214904;421490;Rio Fortuna;42;SC;Santa Catarina;4
4531;4215000;421500;Rio Negrinho;42;SC;Santa Catarina;4
4532;4215059;421505;Rio Rufino;42;SC;Santa Catarina;4
4533;4215075;421507;Riqueza;42;SC;Santa Catarina;4
4534;4215109;421510;Rodeio;42;SC;Santa Catarina;4
4535;4215208;421520;Romelândia;42;SC;Santa Catarina;4
4536;4215307;421530;Salete;42;SC;Santa Catarina;4
4537;4215356;421535;Saltinho;42;SC;Santa Catarina;4
4538;4215406;421540;Salto Veloso;42;SC;Santa Catarina;4
4539;4215455;421545;Sangão;42;SC;Santa Catarina;4
4540;4215505;421550;Santa Cecília;42;SC;Santa Catarina;4
4541;4215554;421555;Santa Helena;42;SC;Santa Catarina;4
4542;4215604;421560;Santa Rosa de Lima;42;SC;Santa Catarina;4
4543;4215653;421565;Santa Rosa do Sul;42;SC;Santa Catarina;4
4544;4215679;421567;Santa Terezinha;42;SC;Santa Catarina;4
4545;4215687;421568;Santa Terezinha do Progresso;42;SC;Santa Catarina;4
4546;4215695;421569;Santiago do Sul;42;SC;Santa Catarina;4
4547;4215703;421570;Santo Amaro da Imperatriz;42;SC;Santa Catarina;4
4548;4215752;421575;São Bernardino;42;SC;Santa Catarina;4
4549;4215802;421580;São Bento do Sul;42;SC;Santa Catarina;4
4550;4215901;421590;São Bonifácio;42;SC;Santa Catarina;4
4551;4216008;421600;São Carlos;42;SC;Santa Catarina;4
4552;4216057;421605;São Cristóvão do Sul;42;SC;Santa Catarina;4
4553;4216107;421610;São Domingos;42;SC;Santa Catarina;4
4554;4216206;421620;São Francisco do Sul;42;SC;Santa Catarina;4
4555;4216255;421625;São João do Oeste;42;SC;Santa Catarina;4
4556;4216305;421630;São João Batista;42;SC;Santa Catarina;4
4557;4216354;421635;São João do Itaperiú;42;SC;Santa Catarina;4
4558;4216404;421640;São João do Sul;42;SC;Santa Catarina;4
4559;4216503;421650;São Joaquim;42;SC;Santa Catarina;4
4560;4216602;421660;São José;42;SC;Santa Catarina;4
4561;4216701;421670;São José do Cedro;42;SC;Santa Catarina;4
4562;4216800;421680;São José do Cerrito;42;SC;Santa Catarina;4
4563;4216909;421690;São Lourenço do Oeste;42;SC;Santa Catarina;4
4564;4217006;421700;São Ludgero;42;SC;Santa Catarina;4
4565;4217105;421710;São Martinho;42;SC;Santa Catarina;4
4566;4217154;421715;São Miguel da Boa Vista;42;SC;Santa Catarina;4
4567;4217204;421720;São Miguel do Oeste;42;SC;Santa Catarina;4
4568;4217253;421725;São Pedro de Alcântara;42;SC;Santa Catarina;4
4569;4217303;421730;Saudades;42;SC;Santa Catarina;4
4570;4217402;421740;Schroeder;42;SC;Santa Catarina;4
4571;4217501;421750;Seara;42;SC;Santa Catarina;4
4572;4217550;421755;Serra Alta;42;SC;Santa Catarina;4
4573;4217600;421760;Siderópolis;42;SC;Santa Catarina;4
4574;4217709;421770;Sombrio;42;SC;Santa Catarina;4
4575;4217758;421775;Sul Brasil;42;SC;Santa Catarina;4
4576;4217808;421780;Taió;42;SC;Santa Catarina;4
4577;4217907;421790;Tangará;42;SC;Santa Catarina;4
4578;4217956;421795;Tigrinhos;42;SC;Santa Catarina;4
4579;4218004;421800;Tijucas;42;SC;Santa Catarina;4
4580;4218103;421810;Timbé do Sul;42;SC;Santa Catarina;4
4581;4218202;421820;Timbó;42;SC;Santa Catarina;4
4582;4218251;421825;Timbó Grande;42;SC;Santa Catarina;4
4583;4218301;421830;Três Barras;42;SC;Santa Catarina;4
4584;4218350;421835;Treviso;42;SC;Santa Catarina;4
4585;4218400;421840;Treze de Maio;42;SC;Santa Catarina;4
4586;4218509;421850;Treze Tílias;42;SC;Santa Catarina;4
4587;4218608;421860;Trombudo Central;42;SC;Santa Catarina;4
4588;4218707;421870;Tubarão;42;SC;Santa Catarina;4
4589;4218756;421875;Tunápolis;42;SC;Santa Catarina;4
4590;4218806;421880;Turvo;42;SC;Santa Catarina;4
4591;4218855;421885;União do Oeste;42;SC;Santa Catarina;4
4592;4218905;421890;Urubici;42;SC;Santa Catarina;4
4593;4218954;421895;Urupema;42;SC;Santa Catarina;4
4594;4219002;421900;Urussanga;42;SC;Santa Catarina;4
4595;4219101;421910;Vargeão;42;SC;Santa Catarina;4
4596;4219150;421915;Vargem;42;SC;Santa Catarina;4
4597;4219176;421917;Vargem Bonita;42;SC;Santa Catarina;4
4598;4219200;421920;Vidal Ramos;42;SC;Santa Catarina;4
4599;4219309;421930;Videira;42;SC;Santa Catarina;4
4600;4219358;421935;Vitor Meireles;42;SC;Santa Catarina;4
4601;4219408;421940;Witmarsum;42;SC;Santa Catarina;4
4602;4219507;421950;Xanxerê;42;SC;Santa Catarina;4
4603;4219606;421960;Xavantina;42;SC;Santa Catarina;4
4604;4219705;421970;Xaxim;42;SC;Santa Catarina;4
4605;4219853;421985;Zortéa;42;SC;Santa Catarina;4
4606;4220000;422000;Balneário Rincão;42;SC;Santa Catarina;4
4607;4300034;430003;Aceguá;43;RS;Rio Grande do Sul;4
4608;4300059;430005;Água Santa;43;RS;Rio Grande do Sul;4
4609;4300109;430010;Agudo;43;RS;Rio Grande do Sul;4
4610;4300208;430020;Ajuricaba;43;RS;Rio Grande do Sul;4
4611;4300307;430030;Alecrim;43;RS;Rio Grande do Sul;4
4612;4300406;430040;Alegrete;43;RS;Rio Grande do Sul;4
4613;4300455;430045;Alegria;43;RS;Rio Grande do Sul;4
4614;4300471;430047;Almirante Tamandaré do Sul;43;RS;Rio Grande do Sul;4
4615;4300505;430050;Alpestre;43;RS;Rio Grande do Sul;4
4616;4300554;430055;Alto Alegre;43;RS;Rio Grande do Sul;4
4617;4300570;430057;Alto Feliz;43;RS;Rio Grande do Sul;4
4618;4300604;430060;Alvorada;43;RS;Rio Grande do Sul;4
4619;4300638;430063;Amaral Ferrador;43;RS;Rio Grande do Sul;4
4620;4300646;430064;Ametista do Sul;43;RS;Rio Grande do Sul;4
4621;4300661;430066;André da Rocha;43;RS;Rio Grande do Sul;4
4622;4300703;430070;Anta Gorda;43;RS;Rio Grande do Sul;4
4623;4300802;430080;Antônio Prado;43;RS;Rio Grande do Sul;4
4624;4300851;430085;Arambaré;43;RS;Rio Grande do Sul;4
4625;4300877;430087;Araricá;43;RS;Rio Grande do Sul;4
4626;4300901;430090;Aratiba;43;RS;Rio Grande do Sul;4
4627;4301008;430100;Arroio do Meio;43;RS;Rio Grande do Sul;4
4628;4301057;430105;Arroio do Sal;43;RS;Rio Grande do Sul;4
4629;4301073;430107;Arroio do Padre;43;RS;Rio Grande do Sul;4
4630;4301107;430110;Arroio dos Ratos;43;RS;Rio Grande do Sul;4
4631;4301206;430120;Arroio do Tigre;43;RS;Rio Grande do Sul;4
4632;4301305;430130;Arroio Grande;43;RS;Rio Grande do Sul;4
4633;4301404;430140;Arvorezinha;43;RS;Rio Grande do Sul;4
4634;4301503;430150;Augusto Pestana;43;RS;Rio Grande do Sul;4
4635;4301552;430155;Áurea;43;RS;Rio Grande do Sul;4
4636;4301602;430160;Bagé;43;RS;Rio Grande do Sul;4
4637;4301636;430163;Balneário Pinhal;43;RS;Rio Grande do Sul;4
4638;4301651;430165;Barão;43;RS;Rio Grande do Sul;4
4639;4301701;430170;Barão de Cotegipe;43;RS;Rio Grande do Sul;4
4640;4301750;430175;Barão do Triunfo;43;RS;Rio Grande do Sul;4
4641;4301800;430180;Barracão;43;RS;Rio Grande do Sul;4
4642;4301859;430185;Barra do Guarita;43;RS;Rio Grande do Sul;4
4643;4301875;430187;Barra do Quaraí;43;RS;Rio Grande do Sul;4
4644;4301909;430190;Barra do Ribeiro;43;RS;Rio Grande do Sul;4
4645;4301925;430192;Barra do Rio Azul;43;RS;Rio Grande do Sul;4
4646;4301958;430195;Barra Funda;43;RS;Rio Grande do Sul;4
4647;4302006;430200;Barros Cassal;43;RS;Rio Grande do Sul;4
4648;4302055;430205;Benjamin Constant do Sul;43;RS;Rio Grande do Sul;4
4649;4302105;430210;Bento Gonçalves;43;RS;Rio Grande do Sul;4
4650;4302154;430215;Boa Vista das Missões;43;RS;Rio Grande do Sul;4
4651;4302204;430220;Boa Vista do Buricá;43;RS;Rio Grande do Sul;4
4652;4302220;430222;Boa Vista do Cadeado;43;RS;Rio Grande do Sul;4
4653;4302238;430223;Boa Vista do Incra;43;RS;Rio Grande do Sul;4
4654;4302253;430225;Boa Vista do Sul;43;RS;Rio Grande do Sul;4
4655;4302303;430230;Bom Jesus;43;RS;Rio Grande do Sul;4
4656;4302352;430235;Bom Princípio;43;RS;Rio Grande do Sul;4
4657;4302378;430237;Bom Progresso;43;RS;Rio Grande do Sul;4
4658;4302402;430240;Bom Retiro do Sul;43;RS;Rio Grande do Sul;4
4659;4302451;430245;Boqueirão do Leão;43;RS;Rio Grande do Sul;4
4660;4302501;430250;Bossoroca;43;RS;Rio Grande do Sul;4
4661;4302584;430258;Bozano;43;RS;Rio Grande do Sul;4
4662;4302600;430260;Braga;43;RS;Rio Grande do Sul;4
4663;4302659;430265;Brochier;43;RS;Rio Grande do Sul;4
4664;4302709;430270;Butiá;43;RS;Rio Grande do Sul;4
4665;4302808;430280;Caçapava do Sul;43;RS;Rio Grande do Sul;4
4666;4302907;430290;Cacequi;43;RS;Rio Grande do Sul;4
4667;4303004;430300;Cachoeira do Sul;43;RS;Rio Grande do Sul;4
4668;4303103;430310;Cachoeirinha;43;RS;Rio Grande do Sul;4
4669;4303202;430320;Cacique Doble;43;RS;Rio Grande do Sul;4
4670;4303301;430330;Caibaté;43;RS;Rio Grande do Sul;4
4671;4303400;430340;Caiçara;43;RS;Rio Grande do Sul;4
4672;4303509;430350;Camaquã;43;RS;Rio Grande do Sul;4
4673;4303558;430355;Camargo;43;RS;Rio Grande do Sul;4
4674;4303608;430360;Cambará do Sul;43;RS;Rio Grande do Sul;4
4675;4303673;430367;Campestre da Serra;43;RS;Rio Grande do Sul;4
4676;4303707;430370;Campina das Missões;43;RS;Rio Grande do Sul;4
4677;4303806;430380;Campinas do Sul;43;RS;Rio Grande do Sul;4
4678;4303905;430390;Campo Bom;43;RS;Rio Grande do Sul;4
4679;4304002;430400;Campo Novo;43;RS;Rio Grande do Sul;4
4680;4304101;430410;Campos Borges;43;RS;Rio Grande do Sul;4
4681;4304200;430420;Candelária;43;RS;Rio Grande do Sul;4
4682;4304309;430430;Cândido Godói;43;RS;Rio Grande do Sul;4
4683;4304358;430435;Candiota;43;RS;Rio Grande do Sul;4
4684;4304408;430440;Canela;43;RS;Rio Grande do Sul;4
4685;4304507;430450;Canguçu;43;RS;Rio Grande do Sul;4
4686;4304606;430460;Canoas;43;RS;Rio Grande do Sul;4
4687;4304614;430461;Canudos do Vale;43;RS;Rio Grande do Sul;4
4688;4304622;430462;Capão Bonito do Sul;43;RS;Rio Grande do Sul;4
4689;4304630;430463;Capão da Canoa;43;RS;Rio Grande do Sul;4
4690;4304655;430465;Capão do Cipó;43;RS;Rio Grande do Sul;4
4691;4304663;430466;Capão do Leão;43;RS;Rio Grande do Sul;4
4692;4304671;430467;Capivari do Sul;43;RS;Rio Grande do Sul;4
4693;4304689;430468;Capela de Santana;43;RS;Rio Grande do Sul;4
4694;4304697;430469;Capitão;43;RS;Rio Grande do Sul;4
4695;4304705;430470;Carazinho;43;RS;Rio Grande do Sul;4
4696;4304713;430471;Caraá;43;RS;Rio Grande do Sul;4
4697;4304804;430480;Carlos Barbosa;43;RS;Rio Grande do Sul;4
4698;4304853;430485;Carlos Gomes;43;RS;Rio Grande do Sul;4
4699;4304903;430490;Casca;43;RS;Rio Grande do Sul;4
4700;4304952;430495;Caseiros;43;RS;Rio Grande do Sul;4
4701;4305009;430500;Catuípe;43;RS;Rio Grande do Sul;4
4702;4305108;430510;Caxias do Sul;43;RS;Rio Grande do Sul;4
4703;4305116;430511;Centenário;43;RS;Rio Grande do Sul;4
4704;4305124;430512;Cerrito;43;RS;Rio Grande do Sul;4
4705;4305132;430513;Cerro Branco;43;RS;Rio Grande do Sul;4
4706;4305157;430515;Cerro Grande;43;RS;Rio Grande do Sul;4
4707;4305173;430517;Cerro Grande do Sul;43;RS;Rio Grande do Sul;4
4708;4305207;430520;Cerro Largo;43;RS;Rio Grande do Sul;4
4709;4305306;430530;Chapada;43;RS;Rio Grande do Sul;4
4710;4305355;430535;Charqueadas;43;RS;Rio Grande do Sul;4
4711;4305371;430537;Charrua;43;RS;Rio Grande do Sul;4
4712;4305405;430540;Chiapetta;43;RS;Rio Grande do Sul;4
4713;4305439;430543;Chuí;43;RS;Rio Grande do Sul;4
4714;4305447;430544;Chuvisca;43;RS;Rio Grande do Sul;4
4715;4305454;430545;Cidreira;43;RS;Rio Grande do Sul;4
4716;4305504;430550;Ciríaco;43;RS;Rio Grande do Sul;4
4717;4305587;430558;Colinas;43;RS;Rio Grande do Sul;4
4718;4305603;430560;Colorado;43;RS;Rio Grande do Sul;4
4719;4305702;430570;Condor;43;RS;Rio Grande do Sul;4
4720;4305801;430580;Constantina;43;RS;Rio Grande do Sul;4
4721;4305835;430583;Coqueiro Baixo;43;RS;Rio Grande do Sul;4
4722;4305850;430585;Coqueiros do Sul;43;RS;Rio Grande do Sul;4
4723;4305871;430587;Coronel Barros;43;RS;Rio Grande do Sul;4
4724;4305900;430590;Coronel Bicaco;43;RS;Rio Grande do Sul;4
4725;4305934;430593;Coronel Pilar;43;RS;Rio Grande do Sul;4
4726;4305959;430595;Cotiporã;43;RS;Rio Grande do Sul;4
4727;4305975;430597;Coxilha;43;RS;Rio Grande do Sul;4
4728;4306007;430600;Crissiumal;43;RS;Rio Grande do Sul;4
4729;4306056;430605;Cristal;43;RS;Rio Grande do Sul;4
4730;4306072;430607;Cristal do Sul;43;RS;Rio Grande do Sul;4
4731;4306106;430610;Cruz Alta;43;RS;Rio Grande do Sul;4
4732;4306130;430613;Cruzaltense;43;RS;Rio Grande do Sul;4
4733;4306205;430620;Cruzeiro do Sul;43;RS;Rio Grande do Sul;4
4734;4306304;430630;David Canabarro;43;RS;Rio Grande do Sul;4
4735;4306320;430632;Derrubadas;43;RS;Rio Grande do Sul;4
4736;4306353;430635;Dezesseis de Novembro;43;RS;Rio Grande do Sul;4
4737;4306379;430637;Dilermando de Aguiar;43;RS;Rio Grande do Sul;4
4738;4306403;430640;Dois Irmãos;43;RS;Rio Grande do Sul;4
4739;4306429;430642;Dois Irmãos das Missões;43;RS;Rio Grande do Sul;4
4740;4306452;430645;Dois Lajeados;43;RS;Rio Grande do Sul;4
4741;4306502;430650;Dom Feliciano;43;RS;Rio Grande do Sul;4
4742;4306551;430655;Dom Pedro de Alcântara;43;RS;Rio Grande do Sul;4
4743;4306601;430660;Dom Pedrito;43;RS;Rio Grande do Sul;4
4744;4306700;430670;Dona Francisca;43;RS;Rio Grande do Sul;4
4745;4306734;430673;Doutor Maurício Cardoso;43;RS;Rio Grande do Sul;4
4746;4306759;430675;Doutor Ricardo;43;RS;Rio Grande do Sul;4
4747;4306767;430676;Eldorado do Sul;43;RS;Rio Grande do Sul;4
4748;4306809;430680;Encantado;43;RS;Rio Grande do Sul;4
4749;4306908;430690;Encruzilhada do Sul;43;RS;Rio Grande do Sul;4
4750;4306924;430692;Engenho Velho;43;RS;Rio Grande do Sul;4
4751;4306932;430693;Entre-Ijuís;43;RS;Rio Grande do Sul;4
4752;4306957;430695;Entre Rios do Sul;43;RS;Rio Grande do Sul;4
4753;4306973;430697;Erebango;43;RS;Rio Grande do Sul;4
4754;4307005;430700;Erechim;43;RS;Rio Grande do Sul;4
4755;4307054;430705;Ernestina;43;RS;Rio Grande do Sul;4
4756;4307104;430710;Herval;43;RS;Rio Grande do Sul;4
4757;4307203;430720;Erval Grande;43;RS;Rio Grande do Sul;4
4758;4307302;430730;Erval Seco;43;RS;Rio Grande do Sul;4
4759;4307401;430740;Esmeralda;43;RS;Rio Grande do Sul;4
4760;4307450;430745;Esperança do Sul;43;RS;Rio Grande do Sul;4
4761;4307500;430750;Espumoso;43;RS;Rio Grande do Sul;4
4762;4307559;430755;Estação;43;RS;Rio Grande do Sul;4
4763;4307609;430760;Estância Velha;43;RS;Rio Grande do Sul;4
4764;4307708;430770;Esteio;43;RS;Rio Grande do Sul;4
4765;4307807;430780;Estrela;43;RS;Rio Grande do Sul;4
4766;4307815;430781;Estrela Velha;43;RS;Rio Grande do Sul;4
4767;4307831;430783;Eugênio de Castro;43;RS;Rio Grande do Sul;4
4768;4307864;430786;Fagundes Varela;43;RS;Rio Grande do Sul;4
4769;4307906;430790;Farroupilha;43;RS;Rio Grande do Sul;4
4770;4308003;430800;Faxinal do Soturno;43;RS;Rio Grande do Sul;4
4771;4308052;430805;Faxinalzinho;43;RS;Rio Grande do Sul;4
4772;4308078;430807;Fazenda Vilanova;43;RS;Rio Grande do Sul;4
4773;4308102;430810;Feliz;43;RS;Rio Grande do Sul;4
4774;4308201;430820;Flores da Cunha;43;RS;Rio Grande do Sul;4
4775;4308250;430825;Floriano Peixoto;43;RS;Rio Grande do Sul;4
4776;4308300;430830;Fontoura Xavier;43;RS;Rio Grande do Sul;4
4777;4308409;430840;Formigueiro;43;RS;Rio Grande do Sul;4
4778;4308433;430843;Forquetinha;43;RS;Rio Grande do Sul;4
4779;4308458;430845;Fortaleza dos Valos;43;RS;Rio Grande do Sul;4
4780;4308508;430850;Frederico Westphalen;43;RS;Rio Grande do Sul;4
4781;4308607;430860;Garibaldi;43;RS;Rio Grande do Sul;4
4782;4308656;430865;Garruchos;43;RS;Rio Grande do Sul;4
4783;4308706;430870;Gaurama;43;RS;Rio Grande do Sul;4
4784;4308805;430880;General Câmara;43;RS;Rio Grande do Sul;4
4785;4308854;430885;Gentil;43;RS;Rio Grande do Sul;4
4786;4308904;430890;Getúlio Vargas;43;RS;Rio Grande do Sul;4
4787;4309001;430900;Giruá;43;RS;Rio Grande do Sul;4
4788;4309050;430905;Glorinha;43;RS;Rio Grande do Sul;4
4789;4309100;430910;Gramado;43;RS;Rio Grande do Sul;4
4790;4309126;430912;Gramado dos Loureiros;43;RS;Rio Grande do Sul;4
4791;4309159;430915;Gramado Xavier;43;RS;Rio Grande do Sul;4
4792;4309209;430920;Gravataí;43;RS;Rio Grande do Sul;4
4793;4309258;430925;Guabiju;43;RS;Rio Grande do Sul;4
4794;4309308;430930;Guaíba;43;RS;Rio Grande do Sul;4
4795;4309407;430940;Guaporé;43;RS;Rio Grande do Sul;4
4796;4309506;430950;Guarani das Missões;43;RS;Rio Grande do Sul;4
4797;4309555;430955;Harmonia;43;RS;Rio Grande do Sul;4
4798;4309571;430957;Herveiras;43;RS;Rio Grande do Sul;4
4799;4309605;430960;Horizontina;43;RS;Rio Grande do Sul;4
4800;4309654;430965;Hulha Negra;43;RS;Rio Grande do Sul;4
4801;4309704;430970;Humaitá;43;RS;Rio Grande do Sul;4
4802;4309753;430975;Ibarama;43;RS;Rio Grande do Sul;4
4803;4309803;430980;Ibiaçá;43;RS;Rio Grande do Sul;4
4804;4309902;430990;Ibiraiaras;43;RS;Rio Grande do Sul;4
4805;4309951;430995;Ibirapuitã;43;RS;Rio Grande do Sul;4
4806;4310009;431000;Ibirubá;43;RS;Rio Grande do Sul;4
4807;4310108;431010;Igrejinha;43;RS;Rio Grande do Sul;4
4808;4310207;431020;Ijuí;43;RS;Rio Grande do Sul;4
4809;4310306;431030;Ilópolis;43;RS;Rio Grande do Sul;4
4810;4310330;431033;Imbé;43;RS;Rio Grande do Sul;4
4811;4310363;431036;Imigrante;43;RS;Rio Grande do Sul;4
4812;4310405;431040;Independência;43;RS;Rio Grande do Sul;4
4813;4310413;431041;Inhacorá;43;RS;Rio Grande do Sul;4
4814;4310439;431043;Ipê;43;RS;Rio Grande do Sul;4
4815;4310462;431046;Ipiranga do Sul;43;RS;Rio Grande do Sul;4
4816;4310504;431050;Iraí;43;RS;Rio Grande do Sul;4
4817;4310538;431053;Itaara;43;RS;Rio Grande do Sul;4
4818;4310553;431055;Itacurubi;43;RS;Rio Grande do Sul;4
4819;4310579;431057;Itapuca;43;RS;Rio Grande do Sul;4
4820;4310603;431060;Itaqui;43;RS;Rio Grande do Sul;4
4821;4310652;431065;Itati;43;RS;Rio Grande do Sul;4
4822;4310702;431070;Itatiba do Sul;43;RS;Rio Grande do Sul;4
4823;4310751;431075;Ivorá;43;RS;Rio Grande do Sul;4
4824;4310801;431080;Ivoti;43;RS;Rio Grande do Sul;4
4825;4310850;431085;Jaboticaba;43;RS;Rio Grande do Sul;4
4826;4310876;431087;Jacuizinho;43;RS;Rio Grande do Sul;4
4827;4310900;431090;Jacutinga;43;RS;Rio Grande do Sul;4
4828;4311007;431100;Jaguarão;43;RS;Rio Grande do Sul;4
4829;4311106;431110;Jaguari;43;RS;Rio Grande do Sul;4
4830;4311122;431112;Jaquirana;43;RS;Rio Grande do Sul;4
4831;4311130;431113;Jari;43;RS;Rio Grande do Sul;4
4832;4311155;431115;Jóia;43;RS;Rio Grande do Sul;4
4833;4311205;431120;Júlio de Castilhos;43;RS;Rio Grande do Sul;4
4834;4311239;431123;Lagoa Bonita do Sul;43;RS;Rio Grande do Sul;4
4835;4311254;431125;Lagoão;43;RS;Rio Grande do Sul;4
4836;4311270;431127;Lagoa dos Três Cantos;43;RS;Rio Grande do Sul;4
4837;4311304;431130;Lagoa Vermelha;43;RS;Rio Grande do Sul;4
4838;4311403;431140;Lajeado;43;RS;Rio Grande do Sul;4
4839;4311429;431142;Lajeado do Bugre;43;RS;Rio Grande do Sul;4
4840;4311502;431150;Lavras do Sul;43;RS;Rio Grande do Sul;4
4841;4311601;431160;Liberato Salzano;43;RS;Rio Grande do Sul;4
4842;4311627;431162;Lindolfo Collor;43;RS;Rio Grande do Sul;4
4843;4311643;431164;Linha Nova;43;RS;Rio Grande do Sul;4
4844;4311700;431170;Machadinho;43;RS;Rio Grande do Sul;4
4845;4311718;431171;Maçambará;43;RS;Rio Grande do Sul;4
4846;4311734;431173;Mampituba;43;RS;Rio Grande do Sul;4
4847;4311759;431175;Manoel Viana;43;RS;Rio Grande do Sul;4
4848;4311775;431177;Maquiné;43;RS;Rio Grande do Sul;4
4849;4311791;431179;Maratá;43;RS;Rio Grande do Sul;4
4850;4311809;431180;Marau;43;RS;Rio Grande do Sul;4
4851;4311908;431190;Marcelino Ramos;43;RS;Rio Grande do Sul;4
4852;4311981;431198;Mariana Pimentel;43;RS;Rio Grande do Sul;4
4853;4312005;431200;Mariano Moro;43;RS;Rio Grande do Sul;4
4854;4312054;431205;Marques de Souza;43;RS;Rio Grande do Sul;4
4855;4312104;431210;Mata;43;RS;Rio Grande do Sul;4
4856;4312138;431213;Mato Castelhano;43;RS;Rio Grande do Sul;4
4857;4312153;431215;Mato Leitão;43;RS;Rio Grande do Sul;4
4858;4312179;431217;Mato Queimado;43;RS;Rio Grande do Sul;4
4859;4312203;431220;Maximiliano de Almeida;43;RS;Rio Grande do Sul;4
4860;4312252;431225;Minas do Leão;43;RS;Rio Grande do Sul;4
4861;4312302;431230;Miraguaí;43;RS;Rio Grande do Sul;4
4862;4312351;431235;Montauri;43;RS;Rio Grande do Sul;4
4863;4312377;431237;Monte Alegre dos Campos;43;RS;Rio Grande do Sul;4
4864;4312385;431238;Monte Belo do Sul;43;RS;Rio Grande do Sul;4
4865;4312401;431240;Montenegro;43;RS;Rio Grande do Sul;4
4866;4312427;431242;Mormaço;43;RS;Rio Grande do Sul;4
4867;4312443;431244;Morrinhos do Sul;43;RS;Rio Grande do Sul;4
4868;4312450;431245;Morro Redondo;43;RS;Rio Grande do Sul;4
4869;4312476;431247;Morro Reuter;43;RS;Rio Grande do Sul;4
4870;4312500;431250;Mostardas;43;RS;Rio Grande do Sul;4
4871;4312609;431260;Muçum;43;RS;Rio Grande do Sul;4
4872;4312617;431261;Muitos Capões;43;RS;Rio Grande do Sul;4
4873;4312625;431262;Muliterno;43;RS;Rio Grande do Sul;4
4874;4312658;431265;Não-Me-Toque;43;RS;Rio Grande do Sul;4
4875;4312674;431267;Nicolau Vergueiro;43;RS;Rio Grande do Sul;4
4876;4312708;431270;Nonoai;43;RS;Rio Grande do Sul;4
4877;4312757;431275;Nova Alvorada;43;RS;Rio Grande do Sul;4
4878;4312807;431280;Nova Araçá;43;RS;Rio Grande do Sul;4
4879;4312906;431290;Nova Bassano;43;RS;Rio Grande do Sul;4
4880;4312955;431295;Nova Boa Vista;43;RS;Rio Grande do Sul;4
4881;4313003;431300;Nova Bréscia;43;RS;Rio Grande do Sul;4
4882;4313011;431301;Nova Candelária;43;RS;Rio Grande do Sul;4
4883;4313037;431303;Nova Esperança do Sul;43;RS;Rio Grande do Sul;4
4884;4313060;431306;Nova Hartz;43;RS;Rio Grande do Sul;4
4885;4313086;431308;Nova Pádua;43;RS;Rio Grande do Sul;4
4886;4313102;431310;Nova Palma;43;RS;Rio Grande do Sul;4
4887;4313201;431320;Nova Petrópolis;43;RS;Rio Grande do Sul;4
4888;4313300;431330;Nova Prata;43;RS;Rio Grande do Sul;4
4889;4313334;431333;Nova Ramada;43;RS;Rio Grande do Sul;4
4890;4313359;431335;Nova Roma do Sul;43;RS;Rio Grande do Sul;4
4891;4313375;431337;Nova Santa Rita;43;RS;Rio Grande do Sul;4
4892;4313391;431339;Novo Cabrais;43;RS;Rio Grande do Sul;4
4893;4313409;431340;Novo Hamburgo;43;RS;Rio Grande do Sul;4
4894;4313425;431342;Novo Machado;43;RS;Rio Grande do Sul;4
4895;4313441;431344;Novo Tiradentes;43;RS;Rio Grande do Sul;4
4896;4313466;431346;Novo Xingu;43;RS;Rio Grande do Sul;4
4897;4313490;431349;Novo Barreiro;43;RS;Rio Grande do Sul;4
4898;4313508;431350;Osório;43;RS;Rio Grande do Sul;4
4899;4313607;431360;Paim Filho;43;RS;Rio Grande do Sul;4
4900;4313656;431365;Palmares do Sul;43;RS;Rio Grande do Sul;4
4901;4313706;431370;Palmeira das Missões;43;RS;Rio Grande do Sul;4
4902;4313805;431380;Palmitinho;43;RS;Rio Grande do Sul;4
4903;4313904;431390;Panambi;43;RS;Rio Grande do Sul;4
4904;4313953;431395;Pantano Grande;43;RS;Rio Grande do Sul;4
4905;4314001;431400;Paraí;43;RS;Rio Grande do Sul;4
4906;4314027;431402;Paraíso do Sul;43;RS;Rio Grande do Sul;4
4907;4314035;431403;Pareci Novo;43;RS;Rio Grande do Sul;4
4908;4314050;431405;Parobé;43;RS;Rio Grande do Sul;4
4909;4314068;431406;Passa Sete;43;RS;Rio Grande do Sul;4
4910;4314076;431407;Passo do Sobrado;43;RS;Rio Grande do Sul;4
4911;4314100;431410;Passo Fundo;43;RS;Rio Grande do Sul;4
4912;4314134;431413;Paulo Bento;43;RS;Rio Grande do Sul;4
4913;4314159;431415;Paverama;43;RS;Rio Grande do Sul;4
4914;4314175;431417;Pedras Altas;43;RS;Rio Grande do Sul;4
4915;4314209;431420;Pedro Osório;43;RS;Rio Grande do Sul;4
4916;4314308;431430;Pejuçara;43;RS;Rio Grande do Sul;4
4917;4314407;431440;Pelotas;43;RS;Rio Grande do Sul;4
4918;4314423;431442;Picada Café;43;RS;Rio Grande do Sul;4
4919;4314456;431445;Pinhal;43;RS;Rio Grande do Sul;4
4920;4314464;431446;Pinhal da Serra;43;RS;Rio Grande do Sul;4
4921;4314472;431447;Pinhal Grande;43;RS;Rio Grande do Sul;4
4922;4314498;431449;Pinheirinho do Vale;43;RS;Rio Grande do Sul;4
4923;4314506;431450;Pinheiro Machado;43;RS;Rio Grande do Sul;4
4924;4314548;431454;Pinto Bandeira;43;RS;Rio Grande do Sul;4
4925;4314555;431455;Pirapó;43;RS;Rio Grande do Sul;4
4926;4314605;431460;Piratini;43;RS;Rio Grande do Sul;4
4927;4314704;431470;Planalto;43;RS;Rio Grande do Sul;4
4928;4314753;431475;Poço das Antas;43;RS;Rio Grande do Sul;4
4929;4314779;431477;Pontão;43;RS;Rio Grande do Sul;4
4930;4314787;431478;Ponte Preta;43;RS;Rio Grande do Sul;4
4931;4314803;431480;Portão;43;RS;Rio Grande do Sul;4
4932;4314902;431490;Porto Alegre;43;RS;Rio Grande do Sul;4
4933;4315008;431500;Porto Lucena;43;RS;Rio Grande do Sul;4
4934;4315057;431505;Porto Mauá;43;RS;Rio Grande do Sul;4
4935;4315073;431507;Porto Vera Cruz;43;RS;Rio Grande do Sul;4
4936;4315107;431510;Porto Xavier;43;RS;Rio Grande do Sul;4
4937;4315131;431513;Pouso Novo;43;RS;Rio Grande do Sul;4
4938;4315149;431514;Presidente Lucena;43;RS;Rio Grande do Sul;4
4939;4315156;431515;Progresso;43;RS;Rio Grande do Sul;4
4940;4315172;431517;Protásio Alves;43;RS;Rio Grande do Sul;4
4941;4315206;431520;Putinga;43;RS;Rio Grande do Sul;4
4942;4315305;431530;Quaraí;43;RS;Rio Grande do Sul;4
4943;4315313;431531;Quatro Irmãos;43;RS;Rio Grande do Sul;4
4944;4315321;431532;Quevedos;43;RS;Rio Grande do Sul;4
4945;4315354;431535;Quinze de Novembro;43;RS;Rio Grande do Sul;4
4946;4315404;431540;Redentora;43;RS;Rio Grande do Sul;4
4947;4315453;431545;Relvado;43;RS;Rio Grande do Sul;4
4948;4315503;431550;Restinga Sêca;43;RS;Rio Grande do Sul;4
4949;4315552;431555;Rio dos Índios;43;RS;Rio Grande do Sul;4
4950;4315602;431560;Rio Grande;43;RS;Rio Grande do Sul;4
4951;4315701;431570;Rio Pardo;43;RS;Rio Grande do Sul;4
4952;4315750;431575;Riozinho;43;RS;Rio Grande do Sul;4
4953;4315800;431580;Roca Sales;43;RS;Rio Grande do Sul;4
4954;4315909;431590;Rodeio Bonito;43;RS;Rio Grande do Sul;4
4955;4315958;431595;Rolador;43;RS;Rio Grande do Sul;4
4956;4316006;431600;Rolante;43;RS;Rio Grande do Sul;4
4957;4316105;431610;Ronda Alta;43;RS;Rio Grande do Sul;4
4958;4316204;431620;Rondinha;43;RS;Rio Grande do Sul;4
4959;4316303;431630;Roque Gonzales;43;RS;Rio Grande do Sul;4
4960;4316402;431640;Rosário do Sul;43;RS;Rio Grande do Sul;4
4961;4316428;431642;Sagrada Família;43;RS;Rio Grande do Sul;4
4962;4316436;431643;Saldanha Marinho;43;RS;Rio Grande do Sul;4
4963;4316451;431645;Salto do Jacuí;43;RS;Rio Grande do Sul;4
4964;4316477;431647;Salvador das Missões;43;RS;Rio Grande do Sul;4
4965;4316501;431650;Salvador do Sul;43;RS;Rio Grande do Sul;4
4966;4316600;431660;Sananduva;43;RS;Rio Grande do Sul;4
4967;4316709;431670;Santa Bárbara do Sul;43;RS;Rio Grande do Sul;4
4968;4316733;431673;Santa Cecília do Sul;43;RS;Rio Grande do Sul;4
4969;4316758;431675;Santa Clara do Sul;43;RS;Rio Grande do Sul;4
4970;4316808;431680;Santa Cruz do Sul;43;RS;Rio Grande do Sul;4
4971;4316907;431690;Santa Maria;43;RS;Rio Grande do Sul;4
4972;4316956;431695;Santa Maria do Herval;43;RS;Rio Grande do Sul;4
4973;4316972;431697;Santa Margarida do Sul;43;RS;Rio Grande do Sul;4
4974;4317004;431700;Santana da Boa Vista;43;RS;Rio Grande do Sul;4
4975;4317103;431710;Sant'Ana do Livramento;43;RS;Rio Grande do Sul;4
4976;4317202;431720;Santa Rosa;43;RS;Rio Grande do Sul;4
4977;4317251;431725;Santa Tereza;43;RS;Rio Grande do Sul;4
4978;4317301;431730;Santa Vitória do Palmar;43;RS;Rio Grande do Sul;4
4979;4317400;431740;Santiago;43;RS;Rio Grande do Sul;4
4980;4317509;431750;Santo Ângelo;43;RS;Rio Grande do Sul;4
4981;4317558;431755;Santo Antônio do Palma;43;RS;Rio Grande do Sul;4
4982;4317608;431760;Santo Antônio da Patrulha;43;RS;Rio Grande do Sul;4
4983;4317707;431770;Santo Antônio das Missões;43;RS;Rio Grande do Sul;4
4984;4317756;431775;Santo Antônio do Planalto;43;RS;Rio Grande do Sul;4
4985;4317806;431780;Santo Augusto;43;RS;Rio Grande do Sul;4
4986;4317905;431790;Santo Cristo;43;RS;Rio Grande do Sul;4
4987;4317954;431795;Santo Expedito do Sul;43;RS;Rio Grande do Sul;4
4988;4318002;431800;São Borja;43;RS;Rio Grande do Sul;4
4989;4318051;431805;São Domingos do Sul;43;RS;Rio Grande do Sul;4
4990;4318101;431810;São Francisco de Assis;43;RS;Rio Grande do Sul;4
4991;4318200;431820;São Francisco de Paula;43;RS;Rio Grande do Sul;4
4992;4318309;431830;São Gabriel;43;RS;Rio Grande do Sul;4
4993;4318408;431840;São Jerônimo;43;RS;Rio Grande do Sul;4
4994;4318424;431842;São João da Urtiga;43;RS;Rio Grande do Sul;4
4995;4318432;431843;São João do Polêsine;43;RS;Rio Grande do Sul;4
4996;4318440;431844;São Jorge;43;RS;Rio Grande do Sul;4
4997;4318457;431845;São José das Missões;43;RS;Rio Grande do Sul;4
4998;4318465;431846;São José do Herval;43;RS;Rio Grande do Sul;4
4999;4318481;431848;São José do Hortêncio;43;RS;Rio Grande do Sul;4
5000;4318499;431849;São José do Inhacorá;43;RS;Rio Grande do Sul;4
5001;4318507;431850;São José do Norte;43;RS;Rio Grande do Sul;4
5002;4318606;431860;São José do Ouro;43;RS;Rio Grande do Sul;4
5003;4318614;431861;São José do Sul;43;RS;Rio Grande do Sul;4
5004;4318622;431862;São José dos Ausentes;43;RS;Rio Grande do Sul;4
5005;4318705;431870;São Leopoldo;43;RS;Rio Grande do Sul;4
5006;4318804;431880;São Lourenço do Sul;43;RS;Rio Grande do Sul;4
5007;4318903;431890;São Luiz Gonzaga;43;RS;Rio Grande do Sul;4
5008;4319000;431900;São Marcos;43;RS;Rio Grande do Sul;4
5009;4319109;431910;São Martinho;43;RS;Rio Grande do Sul;4
5010;4319125;431912;São Martinho da Serra;43;RS;Rio Grande do Sul;4
5011;4319158;431915;São Miguel das Missões;43;RS;Rio Grande do Sul;4
5012;4319208;431920;São Nicolau;43;RS;Rio Grande do Sul;4
5013;4319307;431930;São Paulo das Missões;43;RS;Rio Grande do Sul;4
5014;4319356;431935;São Pedro da Serra;43;RS;Rio Grande do Sul;4
5015;4319364;431936;São Pedro das Missões;43;RS;Rio Grande do Sul;4
5016;4319372;431937;São Pedro do Butiá;43;RS;Rio Grande do Sul;4
5017;4319406;431940;São Pedro do Sul;43;RS;Rio Grande do Sul;4
5018;4319505;431950;São Sebastião do Caí;43;RS;Rio Grande do Sul;4
5019;4319604;431960;São Sepé;43;RS;Rio Grande do Sul;4
5020;4319703;431970;São Valentim;43;RS;Rio Grande do Sul;4
5021;4319711;431971;São Valentim do Sul;43;RS;Rio Grande do Sul;4
5022;4319737;431973;São Valério do Sul;43;RS;Rio Grande do Sul;4
5023;4319752;431975;São Vendelino;43;RS;Rio Grande do Sul;4
5024;4319802;431980;São Vicente do Sul;43;RS;Rio Grande do Sul;4
5025;4319901;431990;Sapiranga;43;RS;Rio Grande do Sul;4
5026;4320008;432000;Sapucaia do Sul;43;RS;Rio Grande do Sul;4
5027;4320107;432010;Sarandi;43;RS;Rio Grande do Sul;4
5028;4320206;432020;Seberi;43;RS;Rio Grande do Sul;4
5029;4320230;432023;Sede Nova;43;RS;Rio Grande do Sul;4
5030;4320263;432026;Segredo;43;RS;Rio Grande do Sul;4
5031;4320305;432030;Selbach;43;RS;Rio Grande do Sul;4
5032;4320321;432032;Senador Salgado Filho;43;RS;Rio Grande do Sul;4
5033;4320354;432035;Sentinela do Sul;43;RS;Rio Grande do Sul;4
5034;4320404;432040;Serafina Corrêa;43;RS;Rio Grande do Sul;4
5035;4320453;432045;Sério;43;RS;Rio Grande do Sul;4
5036;4320503;432050;Sertão;43;RS;Rio Grande do Sul;4
5037;4320552;432055;Sertão Santana;43;RS;Rio Grande do Sul;4
5038;4320578;432057;Sete de Setembro;43;RS;Rio Grande do Sul;4
5039;4320602;432060;Severiano de Almeida;43;RS;Rio Grande do Sul;4
5040;4320651;432065;Silveira Martins;43;RS;Rio Grande do Sul;4
5041;4320677;432067;Sinimbu;43;RS;Rio Grande do Sul;4
5042;4320701;432070;Sobradinho;43;RS;Rio Grande do Sul;4
5043;4320800;432080;Soledade;43;RS;Rio Grande do Sul;4
5044;4320859;432085;Tabaí;43;RS;Rio Grande do Sul;4
5045;4320909;432090;Tapejara;43;RS;Rio Grande do Sul;4
5046;4321006;432100;Tapera;43;RS;Rio Grande do Sul;4
5047;4321105;432110;Tapes;43;RS;Rio Grande do Sul;4
5048;4321204;432120;Taquara;43;RS;Rio Grande do Sul;4
5049;4321303;432130;Taquari;43;RS;Rio Grande do Sul;4
5050;4321329;432132;Taquaruçu do Sul;43;RS;Rio Grande do Sul;4
5051;4321352;432135;Tavares;43;RS;Rio Grande do Sul;4
5052;4321402;432140;Tenente Portela;43;RS;Rio Grande do Sul;4
5053;4321436;432143;Terra de Areia;43;RS;Rio Grande do Sul;4
5054;4321451;432145;Teutônia;43;RS;Rio Grande do Sul;4
5055;4321469;432146;Tio Hugo;43;RS;Rio Grande do Sul;4
5056;4321477;432147;Tiradentes do Sul;43;RS;Rio Grande do Sul;4
5057;4321493;432149;Toropi;43;RS;Rio Grande do Sul;4
5058;4321501;432150;Torres;43;RS;Rio Grande do Sul;4
5059;4321600;432160;Tramandaí;43;RS;Rio Grande do Sul;4
5060;4321626;432162;Travesseiro;43;RS;Rio Grande do Sul;4
5061;4321634;432163;Três Arroios;43;RS;Rio Grande do Sul;4
5062;4321667;432166;Três Cachoeiras;43;RS;Rio Grande do Sul;4
5063;4321709;432170;Três Coroas;43;RS;Rio Grande do Sul;4
5064;4321808;432180;Três de Maio;43;RS;Rio Grande do Sul;4
5065;4321832;432183;Três Forquilhas;43;RS;Rio Grande do Sul;4
5066;4321857;432185;Três Palmeiras;43;RS;Rio Grande do Sul;4
5067;4321907;432190;Três Passos;43;RS;Rio Grande do Sul;4
5068;4321956;432195;Trindade do Sul;43;RS;Rio Grande do Sul;4
5069;4322004;432200;Triunfo;43;RS;Rio Grande do Sul;4
5070;4322103;432210;Tucunduva;43;RS;Rio Grande do Sul;4
5071;4322152;432215;Tunas;43;RS;Rio Grande do Sul;4
5072;4322186;432218;Tupanci do Sul;43;RS;Rio Grande do Sul;4
5073;4322202;432220;Tupanciretã;43;RS;Rio Grande do Sul;4
5074;4322251;432225;Tupandi;43;RS;Rio Grande do Sul;4
5075;4322301;432230;Tuparendi;43;RS;Rio Grande do Sul;4
5076;4322327;432232;Turuçu;43;RS;Rio Grande do Sul;4
5077;4322343;432234;Ubiretama;43;RS;Rio Grande do Sul;4
5078;4322350;432235;União da Serra;43;RS;Rio Grande do Sul;4
5079;4322376;432237;Unistalda;43;RS;Rio Grande do Sul;4
5080;4322400;432240;Uruguaiana;43;RS;Rio Grande do Sul;4
5081;4322509;432250;Vacaria;43;RS;Rio Grande do Sul;4
5082;4322525;432252;Vale Verde;43;RS;Rio Grande do Sul;4
5083;4322533;432253;Vale do Sol;43;RS;Rio Grande do Sul;4
5084;4322541;432254;Vale Real;43;RS;Rio Grande do Sul;4
5085;4322558;432255;Vanini;43;RS;Rio Grande do Sul;4
5086;4322608;432260;Venâncio Aires;43;RS;Rio Grande do Sul;4
5087;4322707;432270;Vera Cruz;43;RS;Rio Grande do Sul;4
5088;4322806;432280;Veranópolis;43;RS;Rio Grande do Sul;4
5089;4322855;432285;Vespasiano Corrêa;43;RS;Rio Grande do Sul;4
5090;4322905;432290;Viadutos;43;RS;Rio Grande do Sul;4
5091;4323002;432300;Viamão;43;RS;Rio Grande do Sul;4
5092;4323101;432310;Vicente Dutra;43;RS;Rio Grande do Sul;4
5093;4323200;432320;Victor Graeff;43;RS;Rio Grande do Sul;4
5094;4323309;432330;Vila Flores;43;RS;Rio Grande do Sul;4
5095;4323358;432335;Vila Lângaro;43;RS;Rio Grande do Sul;4
5096;4323408;432340;Vila Maria;43;RS;Rio Grande do Sul;4
5097;4323457;432345;Vila Nova do Sul;43;RS;Rio Grande do Sul;4
5098;4323507;432350;Vista Alegre;43;RS;Rio Grande do Sul;4
5099;4323606;432360;Vista Alegre do Prata;43;RS;Rio Grande do Sul;4
5100;4323705;432370;Vista Gaúcha;43;RS;Rio Grande do Sul;4
5101;4323754;432375;Vitória das Missões;43;RS;Rio Grande do Sul;4
5102;4323770;432377;Westfália;43;RS;Rio Grande do Sul;4
5103;4323804;432380;Xangri-lá;43;RS;Rio Grande do Sul;4
5104;5000203;500020;Água Clara;50;MS;Mato Grosso do Sul;5
5105;5000252;500025;Alcinópolis;50;MS;Mato Grosso do Sul;5
5106;5000609;500060;Amambai;50;MS;Mato Grosso do Sul;5
5107;5000708;500070;Anastácio;50;MS;Mato Grosso do Sul;5
5108;5000807;500080;Anaurilândia;50;MS;Mato Grosso do Sul;5
5109;5000856;500085;Angélica;50;MS;Mato Grosso do Sul;5
5110;5000906;500090;Antônio João;50;MS;Mato Grosso do Sul;5
5111;5001003;500100;Aparecida do Taboado;50;MS;Mato Grosso do Sul;5
5112;5001102;500110;Aquidauana;50;MS;Mato Grosso do Sul;5
5113;5001243;500124;Aral Moreira;50;MS;Mato Grosso do Sul;5
5114;5001508;500150;Bandeirantes;50;MS;Mato Grosso do Sul;5
5115;5001904;500190;Bataguassu;50;MS;Mato Grosso do Sul;5
5116;5002001;500200;Batayporã;50;MS;Mato Grosso do Sul;5
5117;5002100;500210;Bela Vista;50;MS;Mato Grosso do Sul;5
5118;5002159;500215;Bodoquena;50;MS;Mato Grosso do Sul;5
5119;5002209;500220;Bonito;50;MS;Mato Grosso do Sul;5
5120;5002308;500230;Brasilândia;50;MS;Mato Grosso do Sul;5
5121;5002407;500240;Caarapó;50;MS;Mato Grosso do Sul;5
5122;5002605;500260;Camapuã;50;MS;Mato Grosso do Sul;5
5123;5002704;500270;Campo Grande;50;MS;Mato Grosso do Sul;5
5124;5002803;500280;Caracol;50;MS;Mato Grosso do Sul;5
5125;5002902;500290;Cassilândia;50;MS;Mato Grosso do Sul;5
5126;5002951;500295;Chapadão do Sul;50;MS;Mato Grosso do Sul;5
5127;5003108;500310;Corguinho;50;MS;Mato Grosso do Sul;5
5128;5003157;500315;Coronel Sapucaia;50;MS;Mato Grosso do Sul;5
5129;5003207;500320;Corumbá;50;MS;Mato Grosso do Sul;5
5130;5003256;500325;Costa Rica;50;MS;Mato Grosso do Sul;5
5131;5003306;500330;Coxim;50;MS;Mato Grosso do Sul;5
5132;5003454;500345;Deodápolis;50;MS;Mato Grosso do Sul;5
5133;5003488;500348;Dois Irmãos do Buriti;50;MS;Mato Grosso do Sul;5
5134;5003504;500350;Douradina;50;MS;Mato Grosso do Sul;5
5135;5003702;500370;Dourados;50;MS;Mato Grosso do Sul;5
5136;5003751;500375;Eldorado;50;MS;Mato Grosso do Sul;5
5137;5003801;500380;Fátima do Sul;50;MS;Mato Grosso do Sul;5
5138;5003900;500390;Figueirão;50;MS;Mato Grosso do Sul;5
5139;5004007;500400;Glória de Dourados;50;MS;Mato Grosso do Sul;5
5140;5004106;500410;Guia Lopes da Laguna;50;MS;Mato Grosso do Sul;5
5141;5004304;500430;Iguatemi;50;MS;Mato Grosso do Sul;5
5142;5004403;500440;Inocência;50;MS;Mato Grosso do Sul;5
5143;5004502;500450;Itaporã;50;MS;Mato Grosso do Sul;5
5144;5004601;500460;Itaquiraí;50;MS;Mato Grosso do Sul;5
5145;5004700;500470;Ivinhema;50;MS;Mato Grosso do Sul;5
5146;5004809;500480;Japorã;50;MS;Mato Grosso do Sul;5
5147;5004908;500490;Jaraguari;50;MS;Mato Grosso do Sul;5
5148;5005004;500500;Jardim;50;MS;Mato Grosso do Sul;5
5149;5005103;500510;Jateí;50;MS;Mato Grosso do Sul;5
5150;5005152;500515;Juti;50;MS;Mato Grosso do Sul;5
5151;5005202;500520;Ladário;50;MS;Mato Grosso do Sul;5
5152;5005251;500525;Laguna Carapã;50;MS;Mato Grosso do Sul;5
5153;5005400;500540;Maracaju;50;MS;Mato Grosso do Sul;5
5154;5005608;500560;Miranda;50;MS;Mato Grosso do Sul;5
5155;5005681;500568;Mundo Novo;50;MS;Mato Grosso do Sul;5
5156;5005707;500570;Naviraí;50;MS;Mato Grosso do Sul;5
5157;5005806;500580;Nioaque;50;MS;Mato Grosso do Sul;5
5158;5006002;500600;Nova Alvorada do Sul;50;MS;Mato Grosso do Sul;5
5159;5006200;500620;Nova Andradina;50;MS;Mato Grosso do Sul;5
5160;5006259;500625;Novo Horizonte do Sul;50;MS;Mato Grosso do Sul;5
5161;5006275;500627;Paraíso das Águas;50;MS;Mato Grosso do Sul;5
5162;5006309;500630;Paranaíba;50;MS;Mato Grosso do Sul;5
5163;5006358;500635;Paranhos;50;MS;Mato Grosso do Sul;5
5164;5006408;500640;Pedro Gomes;50;MS;Mato Grosso do Sul;5
5165;5006606;500660;Ponta Porã;50;MS;Mato Grosso do Sul;5
5166;5006903;500690;Porto Murtinho;50;MS;Mato Grosso do Sul;5
5167;5007109;500710;Ribas do Rio Pardo;50;MS;Mato Grosso do Sul;5
5168;5007208;500720;Rio Brilhante;50;MS;Mato Grosso do Sul;5
5169;5007307;500730;Rio Negro;50;MS;Mato Grosso do Sul;5
5170;5007406;500740;Rio Verde de Mato Grosso;50;MS;Mato Grosso do Sul;5
5171;5007505;500750;Rochedo;50;MS;Mato Grosso do Sul;5
5172;5007554;500755;Santa Rita do Pardo;50;MS;Mato Grosso do Sul;5
5173;5007695;500769;São Gabriel do Oeste;50;MS;Mato Grosso do Sul;5
5174;5007703;500770;Sete Quedas;50;MS;Mato Grosso do Sul;5
5175;5007802;500780;Selvíria;50;MS;Mato Grosso do Sul;5
5176;5007901;500790;Sidrolândia;50;MS;Mato Grosso do Sul;5
5177;5007935;500793;Sonora;50;MS;Mato Grosso do Sul;5
5178;5007950;500795;Tacuru;50;MS;Mato Grosso do Sul;5
5179;5007976;500797;Taquarussu;50;MS;Mato Grosso do Sul;5
5180;5008008;500800;Terenos;50;MS;Mato Grosso do Sul;5
5181;5008305;500830;Três Lagoas;50;MS;Mato Grosso do Sul;5
5182;5008404;500840;Vicentina;50;MS;Mato Grosso do Sul;5
5183;5100102;510010;Acorizal;51;MT;Mato Grosso;5
5184;5100201;510020;Água Boa;51;MT;Mato Grosso;5
5185;5100250;510025;Alta Floresta;51;MT;Mato Grosso;5
5186;5100300;510030;Alto Araguaia;51;MT;Mato Grosso;5
5187;5100359;510035;Alto Boa Vista;51;MT;Mato Grosso;5
5188;5100409;510040;Alto Garças;51;MT;Mato Grosso;5
5189;5100508;510050;Alto Paraguai;51;MT;Mato Grosso;5
5190;5100607;510060;Alto Taquari;51;MT;Mato Grosso;5
5191;5100805;510080;Apiacás;51;MT;Mato Grosso;5
5192;5101001;510100;Araguaiana;51;MT;Mato Grosso;5
5193;5101209;510120;Araguainha;51;MT;Mato Grosso;5
5194;5101258;510125;Araputanga;51;MT;Mato Grosso;5
5195;5101308;510130;Arenápolis;51;MT;Mato Grosso;5
5196;5101407;510140;Aripuanã;51;MT;Mato Grosso;5
5197;5101605;510160;Barão de Melgaço;51;MT;Mato Grosso;5
5198;5101704;510170;Barra do Bugres;51;MT;Mato Grosso;5
5199;5101803;510180;Barra do Garças;51;MT;Mato Grosso;5
5200;5101852;510185;Bom Jesus do Araguaia;51;MT;Mato Grosso;5
5201;5101902;510190;Brasnorte;51;MT;Mato Grosso;5
5202;5102504;510250;Cáceres;51;MT;Mato Grosso;5
5203;5102603;510260;Campinápolis;51;MT;Mato Grosso;5
5204;5102637;510263;Campo Novo do Parecis;51;MT;Mato Grosso;5
5205;5102678;510267;Campo Verde;51;MT;Mato Grosso;5
5206;5102686;510268;Campos de Júlio;51;MT;Mato Grosso;5
5207;5102694;510269;Canabrava do Norte;51;MT;Mato Grosso;5
5208;5102702;510270;Canarana;51;MT;Mato Grosso;5
5209;5102793;510279;Carlinda;51;MT;Mato Grosso;5
5210;5102850;510285;Castanheira;51;MT;Mato Grosso;5
5211;5103007;510300;Chapada dos Guimarães;51;MT;Mato Grosso;5
5212;5103056;510305;Cláudia;51;MT;Mato Grosso;5
5213;5103106;510310;Cocalinho;51;MT;Mato Grosso;5
5214;5103205;510320;Colíder;51;MT;Mato Grosso;5
5215;5103254;510325;Colniza;51;MT;Mato Grosso;5
5216;5103304;510330;Comodoro;51;MT;Mato Grosso;5
5217;5103353;510335;Confresa;51;MT;Mato Grosso;5
5218;5103361;510336;Conquista D'Oeste;51;MT;Mato Grosso;5
5219;5103379;510337;Cotriguaçu;51;MT;Mato Grosso;5
5220;5103403;510340;Cuiabá;51;MT;Mato Grosso;5
5221;5103437;510343;Curvelândia;51;MT;Mato Grosso;5
5222;5103452;510345;Denise;51;MT;Mato Grosso;5
5223;5103502;510350;Diamantino;51;MT;Mato Grosso;5
5224;5103601;510360;Dom Aquino;51;MT;Mato Grosso;5
5225;5103700;510370;Feliz Natal;51;MT;Mato Grosso;5
5226;5103809;510380;Figueirópolis D'Oeste;51;MT;Mato Grosso;5
5227;5103858;510385;Gaúcha do Norte;51;MT;Mato Grosso;5
5228;5103908;510390;General Carneiro;51;MT;Mato Grosso;5
5229;5103957;510395;Glória D'Oeste;51;MT;Mato Grosso;5
5230;5104104;510410;Guarantã do Norte;51;MT;Mato Grosso;5
5231;5104203;510420;Guiratinga;51;MT;Mato Grosso;5
5232;5104500;510450;Indiavaí;51;MT;Mato Grosso;5
5233;5104526;510452;Ipiranga do Norte;51;MT;Mato Grosso;5
5234;5104542;510454;Itanhangá;51;MT;Mato Grosso;5
5235;5104559;510455;Itaúba;51;MT;Mato Grosso;5
5236;5104609;510460;Itiquira;51;MT;Mato Grosso;5
5237;5104807;510480;Jaciara;51;MT;Mato Grosso;5
5238;5104906;510490;Jangada;51;MT;Mato Grosso;5
5239;5105002;510500;Jauru;51;MT;Mato Grosso;5
5240;5105101;510510;Juara;51;MT;Mato Grosso;5
5241;5105150;510515;Juína;51;MT;Mato Grosso;5
5242;5105176;510517;Juruena;51;MT;Mato Grosso;5
5243;5105200;510520;Juscimeira;51;MT;Mato Grosso;5
5244;5105234;510523;Lambari D'Oeste;51;MT;Mato Grosso;5
5245;5105259;510525;Lucas do Rio Verde;51;MT;Mato Grosso;5
5246;5105309;510530;Luciara;51;MT;Mato Grosso;5
5247;5105507;510550;Vila Bela da Santíssima Trindade;51;MT;Mato Grosso;5
5248;5105580;510558;Marcelândia;51;MT;Mato Grosso;5
5249;5105606;510560;Matupá;51;MT;Mato Grosso;5
5250;5105622;510562;Mirassol d'Oeste;51;MT;Mato Grosso;5
5251;5105903;510590;Nobres;51;MT;Mato Grosso;5
5252;5106000;510600;Nortelândia;51;MT;Mato Grosso;5
5253;5106109;510610;Nossa Senhora do Livramento;51;MT;Mato Grosso;5
5254;5106158;510615;Nova Bandeirantes;51;MT;Mato Grosso;5
5255;5106174;510617;Nova Nazaré;51;MT;Mato Grosso;5
5256;5106182;510618;Nova Lacerda;51;MT;Mato Grosso;5
5257;5106190;510619;Nova Santa Helena;51;MT;Mato Grosso;5
5258;5106208;510620;Nova Brasilândia;51;MT;Mato Grosso;5
5259;5106216;510621;Nova Canaã do Norte;51;MT;Mato Grosso;5
5260;5106224;510622;Nova Mutum;51;MT;Mato Grosso;5
5261;5106232;510623;Nova Olímpia;51;MT;Mato Grosso;5
5262;5106240;510624;Nova Ubiratã;51;MT;Mato Grosso;5
5263;5106257;510625;Nova Xavantina;51;MT;Mato Grosso;5
5264;5106265;510626;Novo Mundo;51;MT;Mato Grosso;5
5265;5106273;510627;Novo Horizonte do Norte;51;MT;Mato Grosso;5
5266;5106281;510628;Novo São Joaquim;51;MT;Mato Grosso;5
5267;5106299;510629;Paranaíta;51;MT;Mato Grosso;5
5268;5106307;510630;Paranatinga;51;MT;Mato Grosso;5
5269;5106315;510631;Novo Santo Antônio;51;MT;Mato Grosso;5
5270;5106372;510637;Pedra Preta;51;MT;Mato Grosso;5
5271;5106422;510642;Peixoto de Azevedo;51;MT;Mato Grosso;5
5272;5106455;510645;Planalto da Serra;51;MT;Mato Grosso;5
5273;5106505;510650;Poconé;51;MT;Mato Grosso;5
5274;5106653;510665;Pontal do Araguaia;51;MT;Mato Grosso;5
5275;5106703;510670;Ponte Branca;51;MT;Mato Grosso;5
5276;5106752;510675;Pontes e Lacerda;51;MT;Mato Grosso;5
5277;5106778;510677;Porto Alegre do Norte;51;MT;Mato Grosso;5
5278;5106802;510680;Porto dos Gaúchos;51;MT;Mato Grosso;5
5279;5106828;510682;Porto Esperidião;51;MT;Mato Grosso;5
5280;5106851;510685;Porto Estrela;51;MT;Mato Grosso;5
5281;5107008;510700;Poxoréu;51;MT;Mato Grosso;5
5282;5107040;510704;Primavera do Leste;51;MT;Mato Grosso;5
5283;5107065;510706;Querência;51;MT;Mato Grosso;5
5284;5107107;510710;São José dos Quatro Marcos;51;MT;Mato Grosso;5
5285;5107156;510715;Reserva do Cabaçal;51;MT;Mato Grosso;5
5286;5107180;510718;Ribeirão Cascalheira;51;MT;Mato Grosso;5
5287;5107198;510719;Ribeirãozinho;51;MT;Mato Grosso;5
5288;5107206;510720;Rio Branco;51;MT;Mato Grosso;5
5289;5107248;510724;Santa Carmem;51;MT;Mato Grosso;5
5290;5107263;510726;Santo Afonso;51;MT;Mato Grosso;5
5291;5107297;510729;São José do Povo;51;MT;Mato Grosso;5
5292;5107305;510730;São José do Rio Claro;51;MT;Mato Grosso;5
5293;5107354;510735;São José do Xingu;51;MT;Mato Grosso;5
5294;5107404;510740;São Pedro da Cipa;51;MT;Mato Grosso;5
5295;5107578;510757;Rondolândia;51;MT;Mato Grosso;5
5296;5107602;510760;Rondonópolis;51;MT;Mato Grosso;5
5297;5107701;510770;Rosário Oeste;51;MT;Mato Grosso;5
5298;5107743;510774;Santa Cruz do Xingu;51;MT;Mato Grosso;5
5299;5107750;510775;Salto do Céu;51;MT;Mato Grosso;5
5300;5107768;510776;Santa Rita do Trivelato;51;MT;Mato Grosso;5
5301;5107776;510777;Santa Terezinha;51;MT;Mato Grosso;5
5302;5107792;510779;Santo Antônio do Leste;51;MT;Mato Grosso;5
5303;5107800;510780;Santo Antônio do Leverger;51;MT;Mato Grosso;5
5304;5107859;510785;São Félix do Araguaia;51;MT;Mato Grosso;5
5305;5107875;510787;Sapezal;51;MT;Mato Grosso;5
5306;5107883;510788;Serra Nova Dourada;51;MT;Mato Grosso;5
5307;5107909;510790;Sinop;51;MT;Mato Grosso;5
5308;5107925;510792;Sorriso;51;MT;Mato Grosso;5
5309;5107941;510794;Tabaporã;51;MT;Mato Grosso;5
5310;5107958;510795;Tangará da Serra;51;MT;Mato Grosso;5
5311;5108006;510800;Tapurah;51;MT;Mato Grosso;5
5312;5108055;510805;Terra Nova do Norte;51;MT;Mato Grosso;5
5313;5108105;510810;Tesouro;51;MT;Mato Grosso;5
5314;5108204;510820;Torixoréu;51;MT;Mato Grosso;5
5315;5108303;510830;União do Sul;51;MT;Mato Grosso;5
5316;5108352;510835;Vale de São Domingos;51;MT;Mato Grosso;5
5317;5108402;510840;Várzea Grande;51;MT;Mato Grosso;5
5318;5108501;510850;Vera;51;MT;Mato Grosso;5
5319;5108600;510860;Vila Rica;51;MT;Mato Grosso;5
5320;5108808;510880;Nova Guarita;51;MT;Mato Grosso;5
5321;5108857;510885;Nova Marilândia;51;MT;Mato Grosso;5
5322;5108907;510890;Nova Maringá;51;MT;Mato Grosso;5
5323;5108956;510895;Nova Monte Verde;51;MT;Mato Grosso;5
5324;5200050;520005;Abadia de Goiás;52;GO;Goias;5
5325;5200100;520010;Abadiânia;52;GO;Goias;5
5326;5200134;520013;Acreúna;52;GO;Goias;5
5327;5200159;520015;Adelândia;52;GO;Goias;5
5328;5200175;520017;Água Fria de Goiás;52;GO;Goias;5
5329;5200209;520020;Água Limpa;52;GO;Goias;5
5330;5200258;520025;Águas Lindas de Goiás;52;GO;Goias;5
5331;5200308;520030;Alexânia;52;GO;Goias;5
5332;5200506;520050;Aloândia;52;GO;Goias;5
5333;5200555;520055;Alto Horizonte;52;GO;Goias;5
5334;5200605;520060;Alto Paraíso de Goiás;52;GO;Goias;5
5335;5200803;520080;Alvorada do Norte;52;GO;Goias;5
5336;5200829;520082;Amaralina;52;GO;Goias;5
5337;5200852;520085;Americano do Brasil;52;GO;Goias;5
5338;5200902;520090;Amorinópolis;52;GO;Goias;5
5339;5201108;520110;Anápolis;52;GO;Goias;5
5340;5201207;520120;Anhanguera;52;GO;Goias;5
5341;5201306;520130;Anicuns;52;GO;Goias;5
5342;5201405;520140;Aparecida de Goiânia;52;GO;Goias;5
5343;5201454;520145;Aparecida do Rio Doce;52;GO;Goias;5
5344;5201504;520150;Aporé;52;GO;Goias;5
5345;5201603;520160;Araçu;52;GO;Goias;5
5346;5201702;520170;Aragarças;52;GO;Goias;5
5347;5201801;520180;Aragoiânia;52;GO;Goias;5
5348;5202155;520215;Araguapaz;52;GO;Goias;5
5349;5202353;520235;Arenópolis;52;GO;Goias;5
5350;5202502;520250;Aruanã;52;GO;Goias;5
5351;5202601;520260;Aurilândia;52;GO;Goias;5
5352;5202809;520280;Avelinópolis;52;GO;Goias;5
5353;5203104;520310;Baliza;52;GO;Goias;5
5354;5203203;520320;Barro Alto;52;GO;Goias;5
5355;5203302;520330;Bela Vista de Goiás;52;GO;Goias;5
5356;5203401;520340;Bom Jardim de Goiás;52;GO;Goias;5
5357;5203500;520350;Bom Jesus de Goiás;52;GO;Goias;5
5358;5203559;520355;Bonfinópolis;52;GO;Goias;5
5359;5203575;520357;Bonópolis;52;GO;Goias;5
5360;5203609;520360;Brazabrantes;52;GO;Goias;5
5361;5203807;520380;Britânia;52;GO;Goias;5
5362;5203906;520390;Buriti Alegre;52;GO;Goias;5
5363;5203939;520393;Buriti de Goiás;52;GO;Goias;5
5364;5203962;520396;Buritinópolis;52;GO;Goias;5
5365;5204003;520400;Cabeceiras;52;GO;Goias;5
5366;5204102;520410;Cachoeira Alta;52;GO;Goias;5
5367;5204201;520420;Cachoeira de Goiás;52;GO;Goias;5
5368;5204250;520425;Cachoeira Dourada;52;GO;Goias;5
5369;5204300;520430;Caçu;52;GO;Goias;5
5370;5204409;520440;Caiapônia;52;GO;Goias;5
5371;5204508;520450;Caldas Novas;52;GO;Goias;5
5372;5204557;520455;Caldazinha;52;GO;Goias;5
5373;5204607;520460;Campestre de Goiás;52;GO;Goias;5
5374;5204656;520465;Campinaçu;52;GO;Goias;5
5375;5204706;520470;Campinorte;52;GO;Goias;5
5376;5204805;520480;Campo Alegre de Goiás;52;GO;Goias;5
5377;5204854;520485;Campo Limpo de Goiás;52;GO;Goias;5
5378;5204904;520490;Campos Belos;52;GO;Goias;5
5379;5204953;520495;Campos Verdes;52;GO;Goias;5
5380;5205000;520500;Carmo do Rio Verde;52;GO;Goias;5
5381;5205059;520505;Castelândia;52;GO;Goias;5
5382;5205109;520510;Catalão;52;GO;Goias;5
5383;5205208;520520;Caturaí;52;GO;Goias;5
5384;5205307;520530;Cavalcante;52;GO;Goias;5
5385;5205406;520540;Ceres;52;GO;Goias;5
5386;5205455;520545;Cezarina;52;GO;Goias;5
5387;5205471;520547;Chapadão do Céu;52;GO;Goias;5
5388;5205497;520549;Cidade Ocidental;52;GO;Goias;5
5389;5205513;520551;Cocalzinho de Goiás;52;GO;Goias;5
5390;5205521;520552;Colinas do Sul;52;GO;Goias;5
5391;5205703;520570;Córrego do Ouro;52;GO;Goias;5
5392;5205802;520580;Corumbá de Goiás;52;GO;Goias;5
5393;5205901;520590;Corumbaíba;52;GO;Goias;5
5394;5206206;520620;Cristalina;52;GO;Goias;5
5395;5206305;520630;Cristianópolis;52;GO;Goias;5
5396;5206404;520640;Crixás;52;GO;Goias;5
5397;5206503;520650;Cromínia;52;GO;Goias;5
5398;5206602;520660;Cumari;52;GO;Goias;5
5399;5206701;520670;Damianópolis;52;GO;Goias;5
5400;5206800;520680;Damolândia;52;GO;Goias;5
5401;5206909;520690;Davinópolis;52;GO;Goias;5
5402;5207105;520710;Diorama;52;GO;Goias;5
5403;5207253;520725;Doverlândia;52;GO;Goias;5
5404;5207352;520735;Edealina;52;GO;Goias;5
5405;5207402;520740;Edéia;52;GO;Goias;5
5406;5207501;520750;Estrela do Norte;52;GO;Goias;5
5407;5207535;520753;Faina;52;GO;Goias;5
5408;5207600;520760;Fazenda Nova;52;GO;Goias;5
5409;5207808;520780;Firminópolis;52;GO;Goias;5
5410;5207907;520790;Flores de Goiás;52;GO;Goias;5
5411;5208004;520800;Formosa;52;GO;Goias;5
5412;5208103;520810;Formoso;52;GO;Goias;5
5413;5208152;520815;Gameleira de Goiás;52;GO;Goias;5
5414;5208301;520830;Divinópolis de Goiás;52;GO;Goias;5
5415;5208400;520840;Goianápolis;52;GO;Goias;5
5416;5208509;520850;Goiandira;52;GO;Goias;5
5417;5208608;520860;Goianésia;52;GO;Goias;5
5418;5208707;520870;Goiânia;52;GO;Goias;5
5419;5208806;520880;Goianira;52;GO;Goias;5
5420;5208905;520890;Goiás;52;GO;Goias;5
5421;5209101;520910;Goiatuba;52;GO;Goias;5
5422;5209150;520915;Gouvelândia;52;GO;Goias;5
5423;5209200;520920;Guapó;52;GO;Goias;5
5424;5209291;520929;Guaraíta;52;GO;Goias;5
5425;5209408;520940;Guarani de Goiás;52;GO;Goias;5
5426;5209457;520945;Guarinos;52;GO;Goias;5
5427;5209606;520960;Heitoraí;52;GO;Goias;5
5428;5209705;520970;Hidrolândia;52;GO;Goias;5
5429;5209804;520980;Hidrolina;52;GO;Goias;5
5430;5209903;520990;Iaciara;52;GO;Goias;5
5431;5209937;520993;Inaciolândia;52;GO;Goias;5
5432;5209952;520995;Indiara;52;GO;Goias;5
5433;5210000;521000;Inhumas;52;GO;Goias;5
5434;5210109;521010;Ipameri;52;GO;Goias;5
5435;5210158;521015;Ipiranga de Goiás;52;GO;Goias;5
5436;5210208;521020;Iporá;52;GO;Goias;5
5437;5210307;521030;Israelândia;52;GO;Goias;5
5438;5210406;521040;Itaberaí;52;GO;Goias;5
5439;5210562;521056;Itaguari;52;GO;Goias;5
5440;5210604;521060;Itaguaru;52;GO;Goias;5
5441;5210802;521080;Itajá;52;GO;Goias;5
5442;5210901;521090;Itapaci;52;GO;Goias;5
5443;5211008;521100;Itapirapuã;52;GO;Goias;5
5444;5211206;521120;Itapuranga;52;GO;Goias;5
5445;5211305;521130;Itarumã;52;GO;Goias;5
5446;5211404;521140;Itauçu;52;GO;Goias;5
5447;5211503;521150;Itumbiara;52;GO;Goias;5
5448;5211602;521160;Ivolândia;52;GO;Goias;5
5449;5211701;521170;Jandaia;52;GO;Goias;5
5450;5211800;521180;Jaraguá;52;GO;Goias;5
5451;5211909;521190;Jataí;52;GO;Goias;5
5452;5212006;521200;Jaupaci;52;GO;Goias;5
5453;5212055;521205;Jesúpolis;52;GO;Goias;5
5454;5212105;521210;Joviânia;52;GO;Goias;5
5455;5212204;521220;Jussara;52;GO;Goias;5
5456;5212253;521225;Lagoa Santa;52;GO;Goias;5
5457;5212303;521230;Leopoldo de Bulhões;52;GO;Goias;5
5458;5212501;521250;Luziânia;52;GO;Goias;5
5459;5212600;521260;Mairipotaba;52;GO;Goias;5
5460;5212709;521270;Mambaí;52;GO;Goias;5
5461;5212808;521280;Mara Rosa;52;GO;Goias;5
5462;5212907;521290;Marzagão;52;GO;Goias;5
5463;5212956;521295;Matrinchã;52;GO;Goias;5
5464;5213004;521300;Maurilândia;52;GO;Goias;5
5465;5213053;521305;Mimoso de Goiás;52;GO;Goias;5
5466;5213087;521308;Minaçu;52;GO;Goias;5
5467;5213103;521310;Mineiros;52;GO;Goias;5
5468;5213400;521340;Moiporá;52;GO;Goias;5
5469;5213509;521350;Monte Alegre de Goiás;52;GO;Goias;5
5470;5213707;521370;Montes Claros de Goiás;52;GO;Goias;5
5471;5213756;521375;Montividiu;52;GO;Goias;5
5472;5213772;521377;Montividiu do Norte;52;GO;Goias;5
5473;5213806;521380;Morrinhos;52;GO;Goias;5
5474;5213855;521385;Morro Agudo de Goiás;52;GO;Goias;5
5475;5213905;521390;Mossâmedes;52;GO;Goias;5
5476;5214002;521400;Mozarlândia;52;GO;Goias;5
5477;5214051;521405;Mundo Novo;52;GO;Goias;5
5478;5214101;521410;Mutunópolis;52;GO;Goias;5
5479;5214408;521440;Nazário;52;GO;Goias;5
5480;5214507;521450;Nerópolis;52;GO;Goias;5
5481;5214606;521460;Niquelândia;52;GO;Goias;5
5482;5214705;521470;Nova América;52;GO;Goias;5
5483;5214804;521480;Nova Aurora;52;GO;Goias;5
5484;5214838;521483;Nova Crixás;52;GO;Goias;5
5485;5214861;521486;Nova Glória;52;GO;Goias;5
5486;5214879;521487;Nova Iguaçu de Goiás;52;GO;Goias;5
5487;5214903;521490;Nova Roma;52;GO;Goias;5
5488;5215009;521500;Nova Veneza;52;GO;Goias;5
5489;5215207;521520;Novo Brasil;52;GO;Goias;5
5490;5215231;521523;Novo Gama;52;GO;Goias;5
5491;5215256;521525;Novo Planalto;52;GO;Goias;5
5492;5215306;521530;Orizona;52;GO;Goias;5
5493;5215405;521540;Ouro Verde de Goiás;52;GO;Goias;5
5494;5215504;521550;Ouvidor;52;GO;Goias;5
5495;5215603;521560;Padre Bernardo;52;GO;Goias;5
5496;5215652;521565;Palestina de Goiás;52;GO;Goias;5
5497;5215702;521570;Palmeiras de Goiás;52;GO;Goias;5
5498;5215801;521580;Palmelo;52;GO;Goias;5
5499;5215900;521590;Palminópolis;52;GO;Goias;5
5500;5216007;521600;Panamá;52;GO;Goias;5
5501;5216304;521630;Paranaiguara;52;GO;Goias;5
5502;5216403;521640;Paraúna;52;GO;Goias;5
5503;5216452;521645;Perolândia;52;GO;Goias;5
5504;5216809;521680;Petrolina de Goiás;52;GO;Goias;5
5505;5216908;521690;Pilar de Goiás;52;GO;Goias;5
5506;5217104;521710;Piracanjuba;52;GO;Goias;5
5507;5217203;521720;Piranhas;52;GO;Goias;5
5508;5217302;521730;Pirenópolis;52;GO;Goias;5
5509;5217401;521740;Pires do Rio;52;GO;Goias;5
5510;5217609;521760;Planaltina;52;GO;Goias;5
5511;5217708;521770;Pontalina;52;GO;Goias;5
5512;5218003;521800;Porangatu;52;GO;Goias;5
5513;5218052;521805;Porteirão;52;GO;Goias;5
5514;5218102;521810;Portelândia;52;GO;Goias;5
5515;5218300;521830;Posse;52;GO;Goias;5
5516;5218391;521839;Professor Jamil;52;GO;Goias;5
5517;5218508;521850;Quirinópolis;52;GO;Goias;5
5518;5218607;521860;Rialma;52;GO;Goias;5
5519;5218706;521870;Rianápolis;52;GO;Goias;5
5520;5218789;521878;Rio Quente;52;GO;Goias;5
5521;5218805;521880;Rio Verde;52;GO;Goias;5
5522;5218904;521890;Rubiataba;52;GO;Goias;5
5523;5219001;521900;Sanclerlândia;52;GO;Goias;5
5524;5219100;521910;Santa Bárbara de Goiás;52;GO;Goias;5
5525;5219209;521920;Santa Cruz de Goiás;52;GO;Goias;5
5526;5219258;521925;Santa Fé de Goiás;52;GO;Goias;5
5527;5219308;521930;Santa Helena de Goiás;52;GO;Goias;5
5528;5219357;521935;Santa Isabel;52;GO;Goias;5
5529;5219407;521940;Santa Rita do Araguaia;52;GO;Goias;5
5530;5219456;521945;Santa Rita do Novo Destino;52;GO;Goias;5
5531;5219506;521950;Santa Rosa de Goiás;52;GO;Goias;5
5532;5219605;521960;Santa Tereza de Goiás;52;GO;Goias;5
5533;5219704;521970;Santa Terezinha de Goiás;52;GO;Goias;5
5534;5219712;521971;Santo Antônio da Barra;52;GO;Goias;5
5535;5219738;521973;Santo Antônio de Goiás;52;GO;Goias;5
5536;5219753;521975;Santo Antônio do Descoberto;52;GO;Goias;5
5537;5219803;521980;São Domingos;52;GO;Goias;5
5538;5219902;521990;São Francisco de Goiás;52;GO;Goias;5
5539;5220009;522000;São João d'Aliança;52;GO;Goias;5
5540;5220058;522005;São João da Paraúna;52;GO;Goias;5
5541;5220108;522010;São Luís de Montes Belos;52;GO;Goias;5
5542;5220157;522015;São Luiz do Norte;52;GO;Goias;5
5543;5220207;522020;São Miguel do Araguaia;52;GO;Goias;5
5544;5220264;522026;São Miguel do Passa Quatro;52;GO;Goias;5
5545;5220280;522028;São Patrício;52;GO;Goias;5
5546;5220405;522040;São Simão;52;GO;Goias;5
5547;5220454;522045;Senador Canedo;52;GO;Goias;5
5548;5220504;522050;Serranópolis;52;GO;Goias;5
5549;5220603;522060;Silvânia;52;GO;Goias;5
5550;5220686;522068;Simolândia;52;GO;Goias;5
5551;5220702;522070;Sítio d'Abadia;52;GO;Goias;5
5552;5221007;522100;Taquaral de Goiás;52;GO;Goias;5
5553;5221080;522108;Teresina de Goiás;52;GO;Goias;5
5554;5221197;522119;Terezópolis de Goiás;52;GO;Goias;5
5555;5221304;522130;Três Ranchos;52;GO;Goias;5
5556;5221403;522140;Trindade;52;GO;Goias;5
5557;5221452;522145;Trombas;52;GO;Goias;5
5558;5221502;522150;Turvânia;52;GO;Goias;5
5559;5221551;522155;Turvelândia;52;GO;Goias;5
5560;5221577;522157;Uirapuru;52;GO;Goias;5
5561;5221601;522160;Uruaçu;52;GO;Goias;5
5562;5221700;522170;Uruana;52;GO;Goias;5
5563;5221809;522180;Urutaí;52;GO;Goias;5
5564;5221858;522185;Valparaíso de Goiás;52;GO;Goias;5
5565;5221908;522190;Varjão;52;GO;Goias;5
5566;5222005;522200;Vianópolis;52;GO;Goias;5
5567;5222203;522220;Vila Boa;52;GO;Goias;5
5568;5222054;522205;Vicentinópolis;52;GO;Goias;5
5569;5222302;522230;Vila Propício;52;GO;Goias;5
5570;5300108;530010;Brasilia;53;DF;Distrito Federal;5
